Delivery Start (CET);Delivery End (CET);FI Volume (MW);NO3 Volume (MW);NO4 Volume (MW);SE1 Volume (MW)
01.01.2022 00:00:00;01.01.2022 01:00:00;10018;3487;2412;1238
01.01.2022 01:00:00;01.01.2022 02:00:00;9773;3463;2422;1286
01.01.2022 02:00:00;01.01.2022 03:00:00;9648;3388;2360;1267
01.01.2022 03:00:00;01.01.2022 04:00:00;9585;3387;2400;1222
01.01.2022 04:00:00;01.01.2022 05:00:00;9680;3376;2361;1192
01.01.2022 05:00:00;01.01.2022 06:00:00;9859;3427;2374;1242
01.01.2022 06:00:00;01.01.2022 07:00:00;9954;3439;2356;1236
01.01.2022 07:00:00;01.01.2022 08:00:00;10209;3499;2337;1242
01.01.2022 08:00:00;01.01.2022 09:00:00;10314;3480;2437;1360
01.01.2022 09:00:00;01.01.2022 10:00:00;10501;3478;2453;1329
01.01.2022 10:00:00;01.01.2022 11:00:00;10637;3556;2441;1321
01.01.2022 11:00:00;01.01.2022 12:00:00;10765;3681;2486;1292
01.01.2022 12:00:00;01.01.2022 13:00:00;10776;3681;2505;1236
01.01.2022 13:00:00;01.01.2022 14:00:00;10857;3704;2550;1239
01.01.2022 14:00:00;01.01.2022 15:00:00;11159;3768;2574;1296
01.01.2022 15:00:00;01.01.2022 16:00:00;11577;3775;2571;1365
01.01.2022 16:00:00;01.01.2022 17:00:00;11757;3763;2566;1438
01.01.2022 17:00:00;01.01.2022 18:00:00;11866;3750;2566;1485
01.01.2022 18:00:00;01.01.2022 19:00:00;11839;3721;2550;1603
01.01.2022 19:00:00;01.01.2022 20:00:00;11635;3650;2578;1601
01.01.2022 20:00:00;01.01.2022 21:00:00;11343;3548;2568;1614
01.01.2022 21:00:00;01.01.2022 22:00:00;11561;3545;2527;1481
01.01.2022 22:00:00;01.01.2022 23:00:00;11497;3315;2540;1287
01.01.2022 23:00:00;02.01.2022 00:00:00;11075;3228;2400;1173
02.01.2022 00:00:00;02.01.2022 01:00:00;10724;3360;2410;1237
02.01.2022 01:00:00;02.01.2022 02:00:00;10473;3273;2437;1193
02.01.2022 02:00:00;02.01.2022 03:00:00;10328;3222;2394;1189
02.01.2022 03:00:00;02.01.2022 04:00:00;10352;3175;2430;1247
02.01.2022 04:00:00;02.01.2022 05:00:00;10496;3185;2495;1276
02.01.2022 05:00:00;02.01.2022 06:00:00;10630;3154;2467;1216
02.01.2022 06:00:00;02.01.2022 07:00:00;10600;3130;2482;1190
02.01.2022 07:00:00;02.01.2022 08:00:00;10851;3068;2527;1119
02.01.2022 08:00:00;02.01.2022 09:00:00;10909;3196;2600;1277
02.01.2022 09:00:00;02.01.2022 10:00:00;11028;3342;2687;1243
02.01.2022 10:00:00;02.01.2022 11:00:00;11170;3376;2748;1354
02.01.2022 11:00:00;02.01.2022 12:00:00;11160;3473;2808;1457
02.01.2022 12:00:00;02.01.2022 13:00:00;11085;3611;2778;1498
02.01.2022 13:00:00;02.01.2022 14:00:00;11146;3619;2754;1688
02.01.2022 14:00:00;02.01.2022 15:00:00;11302;3593;2826;1573
02.01.2022 15:00:00;02.01.2022 16:00:00;11511;3630;2854;1471
02.01.2022 16:00:00;02.01.2022 17:00:00;11593;3565;2819;1282
02.01.2022 17:00:00;02.01.2022 18:00:00;11599;3551;2777;1455
02.01.2022 18:00:00;02.01.2022 19:00:00;11546;3496;2758;1554
02.01.2022 19:00:00;02.01.2022 20:00:00;11302;3464;2702;1598
02.01.2022 20:00:00;02.01.2022 21:00:00;10932;3361;2660;1429
02.01.2022 21:00:00;02.01.2022 22:00:00;11172;3285;2672;1319
02.01.2022 22:00:00;02.01.2022 23:00:00;11011;3259;2678;1417
02.01.2022 23:00:00;03.01.2022 00:00:00;10664;3182;2645;1345
03.01.2022 00:00:00;03.01.2022 01:00:00;10299;3163;2496;1413
03.01.2022 01:00:00;03.01.2022 02:00:00;10144;3104;2446;1394
03.01.2022 02:00:00;03.01.2022 03:00:00;10064;3148;2427;1309
03.01.2022 03:00:00;03.01.2022 04:00:00;10165;3182;2446;1363
03.01.2022 04:00:00;03.01.2022 05:00:00;10484;3054;2563;1495
03.01.2022 05:00:00;03.01.2022 06:00:00;11190;2986;2595;1494
03.01.2022 06:00:00;03.01.2022 07:00:00;11528;3309;2572;1587
03.01.2022 07:00:00;03.01.2022 08:00:00;11857;3563;2662;1594
03.01.2022 08:00:00;03.01.2022 09:00:00;11875;3751;2757;1672
03.01.2022 09:00:00;03.01.2022 10:00:00;11842;3720;2796;1636
03.01.2022 10:00:00;03.01.2022 11:00:00;11907;3655;2815;1614
03.01.2022 11:00:00;03.01.2022 12:00:00;11945;3727;2820;1598
03.01.2022 12:00:00;03.01.2022 13:00:00;11909;3796;2815;1601
03.01.2022 13:00:00;03.01.2022 14:00:00;11874;3718;2833;1640
03.01.2022 14:00:00;03.01.2022 15:00:00;11979;3781;2836;1576
03.01.2022 15:00:00;03.01.2022 16:00:00;12083;3881;2860;1587
03.01.2022 16:00:00;03.01.2022 17:00:00;12026;4020;2835;1485
03.01.2022 17:00:00;03.01.2022 18:00:00;11905;4111;2832;1639
03.01.2022 18:00:00;03.01.2022 19:00:00;11878;3976;2810;1579
03.01.2022 19:00:00;03.01.2022 20:00:00;11667;3873;2770;1664
03.01.2022 20:00:00;03.01.2022 21:00:00;11264;3841;2759;1504
03.01.2022 21:00:00;03.01.2022 22:00:00;11356;3773;2730;1596
03.01.2022 22:00:00;03.01.2022 23:00:00;11145;3780;2685;1548
03.01.2022 23:00:00;04.01.2022 00:00:00;10706;3693;2637;1296
04.01.2022 00:00:00;04.01.2022 01:00:00;10387;3630;2569;1353
04.01.2022 01:00:00;04.01.2022 02:00:00;10182;3458;2565;1448
04.01.2022 02:00:00;04.01.2022 03:00:00;10107;3340;2551;1541
04.01.2022 03:00:00;04.01.2022 04:00:00;10169;3425;2533;1374
04.01.2022 04:00:00;04.01.2022 05:00:00;10444;3399;2511;1345
04.01.2022 05:00:00;04.01.2022 06:00:00;11148;3516;2551;1681
04.01.2022 06:00:00;04.01.2022 07:00:00;11469;3720;2628;1481
04.01.2022 07:00:00;04.01.2022 08:00:00;11669;3955;2732;1522
04.01.2022 08:00:00;04.01.2022 09:00:00;11617;4013;2754;1515
04.01.2022 09:00:00;04.01.2022 10:00:00;11597;4098;2819;1347
04.01.2022 10:00:00;04.01.2022 11:00:00;11631;4165;2760;1302
04.01.2022 11:00:00;04.01.2022 12:00:00;11615;4138;2786;1389
04.01.2022 12:00:00;04.01.2022 13:00:00;11505;4084;2784;1739
04.01.2022 13:00:00;04.01.2022 14:00:00;11449;4165;2837;1440
04.01.2022 14:00:00;04.01.2022 15:00:00;11625;4155;2882;1186
04.01.2022 15:00:00;04.01.2022 16:00:00;11776;4144;2917;1511
04.01.2022 16:00:00;04.01.2022 17:00:00;11863;4185;2884;1509
04.01.2022 17:00:00;04.01.2022 18:00:00;11787;4143;2799;1570
04.01.2022 18:00:00;04.01.2022 19:00:00;11809;3990;2772;1538
04.01.2022 19:00:00;04.01.2022 20:00:00;11549;4001;2762;1526
04.01.2022 20:00:00;04.01.2022 21:00:00;10967;4099;2763;1535
04.01.2022 21:00:00;04.01.2022 22:00:00;11003;3959;2698;1487
04.01.2022 22:00:00;04.01.2022 23:00:00;10776;3938;2650;1524
04.01.2022 23:00:00;05.01.2022 00:00:00;10374;3845;2612;1478
05.01.2022 00:00:00;05.01.2022 01:00:00;10005;3784;2566;1506
05.01.2022 01:00:00;05.01.2022 02:00:00;9852;3608;2526;1397
05.01.2022 02:00:00;05.01.2022 03:00:00;9752;3461;2480;1416
05.01.2022 03:00:00;05.01.2022 04:00:00;9810;3487;2495;1458
05.01.2022 04:00:00;05.01.2022 05:00:00;10134;3615;2478;1411
05.01.2022 05:00:00;05.01.2022 06:00:00;10805;3649;2440;1427
05.01.2022 06:00:00;05.01.2022 07:00:00;11112;3789;2585;1471
05.01.2022 07:00:00;05.01.2022 08:00:00;11375;4018;2724;1553
05.01.2022 08:00:00;05.01.2022 09:00:00;11367;3946;2763;1540
05.01.2022 09:00:00;05.01.2022 10:00:00;11300;3897;2818;1456
05.01.2022 10:00:00;05.01.2022 11:00:00;11372;4079;2956;1573
05.01.2022 11:00:00;05.01.2022 12:00:00;11353;4344;2905;1566
05.01.2022 12:00:00;05.01.2022 13:00:00;11167;4240;2812;1549
05.01.2022 13:00:00;05.01.2022 14:00:00;11200;4341;2891;1488
05.01.2022 14:00:00;05.01.2022 15:00:00;11309;4223;2987;1187
05.01.2022 15:00:00;05.01.2022 16:00:00;11496;4260;2982;1465
05.01.2022 16:00:00;05.01.2022 17:00:00;11520;4156;2937;1367
05.01.2022 17:00:00;05.01.2022 18:00:00;11510;4186;2801;1443
05.01.2022 18:00:00;05.01.2022 19:00:00;11613;4238;2777;1450
05.01.2022 19:00:00;05.01.2022 20:00:00;11390;4088;2817;1515
05.01.2022 20:00:00;05.01.2022 21:00:00;10873;3917;2777;1451
05.01.2022 21:00:00;05.01.2022 22:00:00;10945;3969;2771;1396
05.01.2022 22:00:00;05.01.2022 23:00:00;10725;3862;2724;1313
05.01.2022 23:00:00;06.01.2022 00:00:00;10329;3775;2703;1291
06.01.2022 00:00:00;06.01.2022 01:00:00;9956;3566;2584;1367
06.01.2022 01:00:00;06.01.2022 02:00:00;9864;3620;2512;1319
06.01.2022 02:00:00;06.01.2022 03:00:00;9853;3596;2542;1315
06.01.2022 03:00:00;06.01.2022 04:00:00;9961;3687;2527;1229
06.01.2022 04:00:00;06.01.2022 05:00:00;10188;3612;2525;1240
06.01.2022 05:00:00;06.01.2022 06:00:00;10608;3739;2570;1233
06.01.2022 06:00:00;06.01.2022 07:00:00;10817;3818;2661;1137
06.01.2022 07:00:00;06.01.2022 08:00:00;11110;4032;2736;1048
06.01.2022 08:00:00;06.01.2022 09:00:00;11197;4115;2716;1329
06.01.2022 09:00:00;06.01.2022 10:00:00;11344;4057;2823;1431
06.01.2022 10:00:00;06.01.2022 11:00:00;11526;4132;2848;1430
06.01.2022 11:00:00;06.01.2022 12:00:00;11573;4052;2870;1349
06.01.2022 12:00:00;06.01.2022 13:00:00;11477;3988;2854;1391
06.01.2022 13:00:00;06.01.2022 14:00:00;11465;3973;2812;1327
06.01.2022 14:00:00;06.01.2022 15:00:00;11607;4014;2855;1393
06.01.2022 15:00:00;06.01.2022 16:00:00;11942;4087;2906;1484
06.01.2022 16:00:00;06.01.2022 17:00:00;12014;4061;2901;1476
06.01.2022 17:00:00;06.01.2022 18:00:00;11993;4092;2838;1495
06.01.2022 18:00:00;06.01.2022 19:00:00;12010;4083;2824;1352
06.01.2022 19:00:00;06.01.2022 20:00:00;11776;4071;2773;1285
06.01.2022 20:00:00;06.01.2022 21:00:00;11402;4029;2731;1264
06.01.2022 21:00:00;06.01.2022 22:00:00;11506;3959;2706;1174
06.01.2022 22:00:00;06.01.2022 23:00:00;11357;3824;2681;1273
06.01.2022 23:00:00;07.01.2022 00:00:00;10990;3691;2626;1332
07.01.2022 00:00:00;07.01.2022 01:00:00;10658;3668;2609;1203
07.01.2022 01:00:00;07.01.2022 02:00:00;10515;3779;2580;1355
07.01.2022 02:00:00;07.01.2022 03:00:00;10510;3728;2681;1269
07.01.2022 03:00:00;07.01.2022 04:00:00;10616;3814;2682;1264
07.01.2022 04:00:00;07.01.2022 05:00:00;10890;3723;2674;1387
07.01.2022 05:00:00;07.01.2022 06:00:00;11405;3696;2687;1246
07.01.2022 06:00:00;07.01.2022 07:00:00;11703;3898;2687;1538
07.01.2022 07:00:00;07.01.2022 08:00:00;11981;4103;2809;1569
07.01.2022 08:00:00;07.01.2022 09:00:00;12013;4205;2940;1499
07.01.2022 09:00:00;07.01.2022 10:00:00;12019;4248;2950;1446
07.01.2022 10:00:00;07.01.2022 11:00:00;12048;4259;2977;1560
07.01.2022 11:00:00;07.01.2022 12:00:00;11995;4203;2942;1642
07.01.2022 12:00:00;07.01.2022 13:00:00;12016;4176;2916;1623
07.01.2022 13:00:00;07.01.2022 14:00:00;11967;4227;2939;1704
07.01.2022 14:00:00;07.01.2022 15:00:00;12095;4250;2938;1695
07.01.2022 15:00:00;07.01.2022 16:00:00;12295;4215;2910;1676
07.01.2022 16:00:00;07.01.2022 17:00:00;12321;4176;2912;1661
07.01.2022 17:00:00;07.01.2022 18:00:00;12314;4123;2844;1738
07.01.2022 18:00:00;07.01.2022 19:00:00;12304;4108;2847;1681
07.01.2022 19:00:00;07.01.2022 20:00:00;12057;4124;2793;1611
07.01.2022 20:00:00;07.01.2022 21:00:00;11656;4067;2812;1621
07.01.2022 21:00:00;07.01.2022 22:00:00;11785;3914;2777;1552
07.01.2022 22:00:00;07.01.2022 23:00:00;11600;3797;2715;1517
07.01.2022 23:00:00;08.01.2022 00:00:00;11293;3720;2661;1476
08.01.2022 00:00:00;08.01.2022 01:00:00;11036;3628;2577;1420
08.01.2022 01:00:00;08.01.2022 02:00:00;10865;3555;2608;1307
08.01.2022 02:00:00;08.01.2022 03:00:00;10813;3540;2556;1316
08.01.2022 03:00:00;08.01.2022 04:00:00;10891;3588;2479;1483
08.01.2022 04:00:00;08.01.2022 05:00:00;11045;3649;2533;1551
08.01.2022 05:00:00;08.01.2022 06:00:00;11291;3653;2573;1491
08.01.2022 06:00:00;08.01.2022 07:00:00;11435;3609;2607;1479
08.01.2022 07:00:00;08.01.2022 08:00:00;11711;3643;2649;1638
08.01.2022 08:00:00;08.01.2022 09:00:00;11888;3764;2616;1822
08.01.2022 09:00:00;08.01.2022 10:00:00;12010;3860;2656;1684
08.01.2022 10:00:00;08.01.2022 11:00:00;12108;3915;2733;1643
08.01.2022 11:00:00;08.01.2022 12:00:00;12067;3999;2764;1707
08.01.2022 12:00:00;08.01.2022 13:00:00;12059;4112;2749;1818
08.01.2022 13:00:00;08.01.2022 14:00:00;12007;4017;2755;1786
08.01.2022 14:00:00;08.01.2022 15:00:00;12167;3983;2759;1759
08.01.2022 15:00:00;08.01.2022 16:00:00;12543;4002;2767;1743
08.01.2022 16:00:00;08.01.2022 17:00:00;12645;4033;2752;1685
08.01.2022 17:00:00;08.01.2022 18:00:00;12713;4080;2726;1711
08.01.2022 18:00:00;08.01.2022 19:00:00;12569;4037;2729;1837
08.01.2022 19:00:00;08.01.2022 20:00:00;12220;3971;2692;1868
08.01.2022 20:00:00;08.01.2022 21:00:00;11682;3824;2668;1769
08.01.2022 21:00:00;08.01.2022 22:00:00;11825;3785;2612;1618
08.01.2022 22:00:00;08.01.2022 23:00:00;11642;3829;2598;1582
08.01.2022 23:00:00;09.01.2022 00:00:00;11239;3805;2545;1612
09.01.2022 00:00:00;09.01.2022 01:00:00;10888;3720;2494;1520
09.01.2022 01:00:00;09.01.2022 02:00:00;10699;3692;2469;1660
09.01.2022 02:00:00;09.01.2022 03:00:00;10616;3594;2456;1653
09.01.2022 03:00:00;09.01.2022 04:00:00;10590;3570;2463;1617
09.01.2022 04:00:00;09.01.2022 05:00:00;10651;3621;2472;1608
09.01.2022 05:00:00;09.01.2022 06:00:00;10810;3693;2456;1592
09.01.2022 06:00:00;09.01.2022 07:00:00;10862;3774;2462;1545
09.01.2022 07:00:00;09.01.2022 08:00:00;11143;3812;2526;1605
09.01.2022 08:00:00;09.01.2022 09:00:00;11243;3811;2562;1632
09.01.2022 09:00:00;09.01.2022 10:00:00;11430;3871;2569;1596
09.01.2022 10:00:00;09.01.2022 11:00:00;11606;3864;2587;1719
09.01.2022 11:00:00;09.01.2022 12:00:00;11647;3841;2637;1739
09.01.2022 12:00:00;09.01.2022 13:00:00;11605;3826;2642;1623
09.01.2022 13:00:00;09.01.2022 14:00:00;11582;3851;2684;1691
09.01.2022 14:00:00;09.01.2022 15:00:00;11690;3901;2744;1714
09.01.2022 15:00:00;09.01.2022 16:00:00;11968;4018;2787;1766
09.01.2022 16:00:00;09.01.2022 17:00:00;12031;4055;2794;1809
09.01.2022 17:00:00;09.01.2022 18:00:00;12070;4034;2794;1808
09.01.2022 18:00:00;09.01.2022 19:00:00;12076;3999;2815;1789
09.01.2022 19:00:00;09.01.2022 20:00:00;11926;3959;2799;1749
09.01.2022 20:00:00;09.01.2022 21:00:00;11533;3984;2806;1683
09.01.2022 21:00:00;09.01.2022 22:00:00;11735;3929;2739;1656
09.01.2022 22:00:00;09.01.2022 23:00:00;11647;3818;2731;1568
09.01.2022 23:00:00;10.01.2022 00:00:00;11383;3772;2688;1535
10.01.2022 00:00:00;10.01.2022 01:00:00;11135;3667;2647;1512
10.01.2022 01:00:00;10.01.2022 02:00:00;11019;3592;2636;1474
10.01.2022 02:00:00;10.01.2022 03:00:00;10974;3660;2617;1330
10.01.2022 03:00:00;10.01.2022 04:00:00;11156;3722;2576;1356
10.01.2022 04:00:00;10.01.2022 05:00:00;11598;3757;2599;1480
10.01.2022 05:00:00;10.01.2022 06:00:00;12375;3722;2638;1553
10.01.2022 06:00:00;10.01.2022 07:00:00;12895;3861;2755;1732
10.01.2022 07:00:00;10.01.2022 08:00:00;13262;4080;2917;1778
10.01.2022 08:00:00;10.01.2022 09:00:00;13172;4239;2973;1751
10.01.2022 09:00:00;10.01.2022 10:00:00;13241;4358;2976;1528
10.01.2022 10:00:00;10.01.2022 11:00:00;13247;4221;2939;1307
10.01.2022 11:00:00;10.01.2022 12:00:00;13185;4012;2847;1555
10.01.2022 12:00:00;10.01.2022 13:00:00;13025;3963;2823;1832
10.01.2022 13:00:00;10.01.2022 14:00:00;12979;3960;2903;1819
10.01.2022 14:00:00;10.01.2022 15:00:00;13094;3979;2951;1727
10.01.2022 15:00:00;10.01.2022 16:00:00;13318;3977;2911;1565
10.01.2022 16:00:00;10.01.2022 17:00:00;13415;4087;2821;1581
10.01.2022 17:00:00;10.01.2022 18:00:00;13363;3979;2887;1669
10.01.2022 18:00:00;10.01.2022 19:00:00;13379;4021;2891;1747
10.01.2022 19:00:00;10.01.2022 20:00:00;13136;4032;2819;1930
10.01.2022 20:00:00;10.01.2022 21:00:00;12784;3915;2778;1932
10.01.2022 21:00:00;10.01.2022 22:00:00;12917;3786;2780;1679
10.01.2022 22:00:00;10.01.2022 23:00:00;12763;3689;2776;1506
10.01.2022 23:00:00;11.01.2022 00:00:00;12382;3545;2659;1528
11.01.2022 00:00:00;11.01.2022 01:00:00;12090;3609;2630;1672
11.01.2022 01:00:00;11.01.2022 02:00:00;11937;3665;2566;1729
11.01.2022 02:00:00;11.01.2022 03:00:00;11926;3602;2509;1628
11.01.2022 03:00:00;11.01.2022 04:00:00;12032;3278;2501;1605
11.01.2022 04:00:00;11.01.2022 05:00:00;12370;3518;2526;1645
11.01.2022 05:00:00;11.01.2022 06:00:00;13247;3515;2606;1748
11.01.2022 06:00:00;11.01.2022 07:00:00;13597;3627;2713;1817
11.01.2022 07:00:00;11.01.2022 08:00:00;13767;3810;2795;1588
11.01.2022 08:00:00;11.01.2022 09:00:00;13594;3885;2798;1375
11.01.2022 09:00:00;11.01.2022 10:00:00;13467;3971;2829;1490
11.01.2022 10:00:00;11.01.2022 11:00:00;13471;3882;2814;1519
11.01.2022 11:00:00;11.01.2022 12:00:00;13313;3813;2783;1389
11.01.2022 12:00:00;11.01.2022 13:00:00;13148;3699;2727;1426
11.01.2022 13:00:00;11.01.2022 14:00:00;12992;3784;2732;1503
11.01.2022 14:00:00;11.01.2022 15:00:00;12941;3800;3024;1523
11.01.2022 15:00:00;11.01.2022 16:00:00;13082;3777;3354;1486
11.01.2022 16:00:00;11.01.2022 17:00:00;13090;3903;3315;1467
11.01.2022 17:00:00;11.01.2022 18:00:00;12981;3969;3292;1434
11.01.2022 18:00:00;11.01.2022 19:00:00;12889;3827;3309;1402
11.01.2022 19:00:00;11.01.2022 20:00:00;12533;3684;3330;1452
11.01.2022 20:00:00;11.01.2022 21:00:00;11980;3624;3249;1452
11.01.2022 21:00:00;11.01.2022 22:00:00;11963;3658;3233;1441
11.01.2022 22:00:00;11.01.2022 23:00:00;11657;3592;3226;1450
11.01.2022 23:00:00;12.01.2022 00:00:00;11157;3571;3116;1346
12.01.2022 00:00:00;12.01.2022 01:00:00;10847;3461;2461;1299
12.01.2022 01:00:00;12.01.2022 02:00:00;10609;3305;2402;1329
12.01.2022 02:00:00;12.01.2022 03:00:00;10541;3203;2421;1293
12.01.2022 03:00:00;12.01.2022 04:00:00;10533;3232;2490;1282
12.01.2022 04:00:00;12.01.2022 05:00:00;10763;3083;2382;1343
12.01.2022 05:00:00;12.01.2022 06:00:00;11490;3173;2406;1369
12.01.2022 06:00:00;12.01.2022 07:00:00;11833;3360;2553;1325
12.01.2022 07:00:00;12.01.2022 08:00:00;12039;3649;2616;1451
12.01.2022 08:00:00;12.01.2022 09:00:00;11877;3728;2693;1635
12.01.2022 09:00:00;12.01.2022 10:00:00;11792;3550;2702;1634
12.01.2022 10:00:00;12.01.2022 11:00:00;11766;3609;2697;1575
12.01.2022 11:00:00;12.01.2022 12:00:00;11802;3675;2720;1609
12.01.2022 12:00:00;12.01.2022 13:00:00;12259;3649;2705;1376
12.01.2022 13:00:00;12.01.2022 14:00:00;12351;3561;2787;1381
12.01.2022 14:00:00;12.01.2022 15:00:00;11590;3478;2934;1406
12.01.2022 15:00:00;12.01.2022 16:00:00;11743;3463;2792;1415
12.01.2022 16:00:00;12.01.2022 17:00:00;11784;3593;2654;1444
12.01.2022 17:00:00;12.01.2022 18:00:00;11746;3729;2666;1347
12.01.2022 18:00:00;12.01.2022 19:00:00;11714;3553;2615;1371
12.01.2022 19:00:00;12.01.2022 20:00:00;11453;3369;2672;1399
12.01.2022 20:00:00;12.01.2022 21:00:00;10840;3454;2578;1409
12.01.2022 21:00:00;12.01.2022 22:00:00;10848;3452;2474;1416
12.01.2022 22:00:00;12.01.2022 23:00:00;10608;3317;2411;1325
12.01.2022 23:00:00;13.01.2022 00:00:00;10138;3167;2445;1214
13.01.2022 00:00:00;13.01.2022 01:00:00;9806;3175;2398;1016
13.01.2022 01:00:00;13.01.2022 02:00:00;9560;3180;2379;1029
13.01.2022 02:00:00;13.01.2022 03:00:00;9522;3051;2319;1115
13.01.2022 03:00:00;13.01.2022 04:00:00;9546;2995;2318;1229
13.01.2022 04:00:00;13.01.2022 05:00:00;9805;3043;2453;1221
13.01.2022 05:00:00;13.01.2022 06:00:00;10594;3112;2411;1316
13.01.2022 06:00:00;13.01.2022 07:00:00;10997;3245;2541;1410
13.01.2022 07:00:00;13.01.2022 08:00:00;11226;3414;2617;1328
13.01.2022 08:00:00;13.01.2022 09:00:00;11096;3667;2658;1363
13.01.2022 09:00:00;13.01.2022 10:00:00;11025;3618;2686;1466
13.01.2022 10:00:00;13.01.2022 11:00:00;11059;3482;2674;1489
13.01.2022 11:00:00;13.01.2022 12:00:00;11008;3521;2652;1391
13.01.2022 12:00:00;13.01.2022 13:00:00;10884;3521;2659;1356
13.01.2022 13:00:00;13.01.2022 14:00:00;10855;3436;2641;1448
13.01.2022 14:00:00;13.01.2022 15:00:00;10892;3489;2639;1397
13.01.2022 15:00:00;13.01.2022 16:00:00;11079;3563;2656;1323
13.01.2022 16:00:00;13.01.2022 17:00:00;11165;3663;2671;1438
13.01.2022 17:00:00;13.01.2022 18:00:00;11156;3679;2691;1524
13.01.2022 18:00:00;13.01.2022 19:00:00;11133;3638;2620;1452
13.01.2022 19:00:00;13.01.2022 20:00:00;10836;3557;2604;1381
13.01.2022 20:00:00;13.01.2022 21:00:00;10346;3456;2547;1409
13.01.2022 21:00:00;13.01.2022 22:00:00;10409;3463;2537;1387
13.01.2022 22:00:00;13.01.2022 23:00:00;10231;3420;2486;1357
13.01.2022 23:00:00;14.01.2022 00:00:00;9748;3413;2479;1317
14.01.2022 00:00:00;14.01.2022 01:00:00;9423;3492;2514;1333
14.01.2022 01:00:00;14.01.2022 02:00:00;9258;3372;2440;1300
14.01.2022 02:00:00;14.01.2022 03:00:00;9234;3411;2261;1212
14.01.2022 03:00:00;14.01.2022 04:00:00;9404;3395;2363;1261
14.01.2022 04:00:00;14.01.2022 05:00:00;9754;3454;2334;1274
14.01.2022 05:00:00;14.01.2022 06:00:00;10518;3413;2303;1355
14.01.2022 06:00:00;14.01.2022 07:00:00;11082;3644;2441;1378
14.01.2022 07:00:00;14.01.2022 08:00:00;11440;3823;2712;1429
14.01.2022 08:00:00;14.01.2022 09:00:00;11410;3838;2686;1521
14.01.2022 09:00:00;14.01.2022 10:00:00;11269;3883;2654;1513
14.01.2022 10:00:00;14.01.2022 11:00:00;11259;3867;2642;1469
14.01.2022 11:00:00;14.01.2022 12:00:00;11212;3832;2645;1419
14.01.2022 12:00:00;14.01.2022 13:00:00;11123;3811;2556;1379
14.01.2022 13:00:00;14.01.2022 14:00:00;11040;3899;2591;1381
14.01.2022 14:00:00;14.01.2022 15:00:00;11079;3914;2666;1499
14.01.2022 15:00:00;14.01.2022 16:00:00;11366;3905;2558;1481
14.01.2022 16:00:00;14.01.2022 17:00:00;11472;3906;2586;1422
14.01.2022 17:00:00;14.01.2022 18:00:00;11441;3898;2555;1377
14.01.2022 18:00:00;14.01.2022 19:00:00;11429;3859;2562;1325
14.01.2022 19:00:00;14.01.2022 20:00:00;11120;3771;2560;1292
14.01.2022 20:00:00;14.01.2022 21:00:00;10575;3743;2505;1266
14.01.2022 21:00:00;14.01.2022 22:00:00;10653;3666;2434;1269
14.01.2022 22:00:00;14.01.2022 23:00:00;10397;3678;2401;1249
14.01.2022 23:00:00;15.01.2022 00:00:00;9973;3566;2370;1253
15.01.2022 00:00:00;15.01.2022 01:00:00;9595;3383;2353;1134
15.01.2022 01:00:00;15.01.2022 02:00:00;9390;3190;2343;1120
15.01.2022 02:00:00;15.01.2022 03:00:00;9334;3192;2312;1185
15.01.2022 03:00:00;15.01.2022 04:00:00;9308;3224;2307;1303
15.01.2022 04:00:00;15.01.2022 05:00:00;9442;3311;2320;1299
15.01.2022 05:00:00;15.01.2022 06:00:00;9737;3296;2301;1390
15.01.2022 06:00:00;15.01.2022 07:00:00;9854;3295;2353;1245
15.01.2022 07:00:00;15.01.2022 08:00:00;10159;3348;2360;1278
15.01.2022 08:00:00;15.01.2022 09:00:00;10220;3603;2425;1295
15.01.2022 09:00:00;15.01.2022 10:00:00;10340;3761;2539;1278
15.01.2022 10:00:00;15.01.2022 11:00:00;10375;3745;2611;1164
15.01.2022 11:00:00;15.01.2022 12:00:00;10386;3735;2600;1464
15.01.2022 12:00:00;15.01.2022 13:00:00;10312;3785;2640;1278
15.01.2022 13:00:00;15.01.2022 14:00:00;10314;3578;2644;1251
15.01.2022 14:00:00;15.01.2022 15:00:00;10476;3674;2605;1316
15.01.2022 15:00:00;15.01.2022 16:00:00;10903;3624;2501;1311
15.01.2022 16:00:00;15.01.2022 17:00:00;11263;3641;2474;1475
15.01.2022 17:00:00;15.01.2022 18:00:00;11421;3674;2501;1353
15.01.2022 18:00:00;15.01.2022 19:00:00;11343;3602;2563;1176
15.01.2022 19:00:00;15.01.2022 20:00:00;10968;3524;2616;1165
15.01.2022 20:00:00;15.01.2022 21:00:00;10477;3419;2604;1335
15.01.2022 21:00:00;15.01.2022 22:00:00;10561;3437;2548;1396
15.01.2022 22:00:00;15.01.2022 23:00:00;10443;3386;2532;1429
15.01.2022 23:00:00;16.01.2022 00:00:00;10137;3324;2427;1395
16.01.2022 00:00:00;16.01.2022 01:00:00;9849;3242;2402;1332
16.01.2022 01:00:00;16.01.2022 02:00:00;9604;3245;2447;1376
16.01.2022 02:00:00;16.01.2022 03:00:00;9489;3193;2290;1401
16.01.2022 03:00:00;16.01.2022 04:00:00;9417;3114;2327;1391
16.01.2022 04:00:00;16.01.2022 05:00:00;9478;3122;2329;1319
16.01.2022 05:00:00;16.01.2022 06:00:00;9637;3181;2319;1224
16.01.2022 06:00:00;16.01.2022 07:00:00;9727;3371;2314;1318
16.01.2022 07:00:00;16.01.2022 08:00:00;10021;3467;2325;1382
16.01.2022 08:00:00;16.01.2022 09:00:00;10073;3306;2405;1400
16.01.2022 09:00:00;16.01.2022 10:00:00;10219;3381;2386;1431
16.01.2022 10:00:00;16.01.2022 11:00:00;10385;3543;2468;1377
16.01.2022 11:00:00;16.01.2022 12:00:00;10391;3581;2410;1498
16.01.2022 12:00:00;16.01.2022 13:00:00;10374;3543;2505;1445
16.01.2022 13:00:00;16.01.2022 14:00:00;10305;3678;2530;1549
16.01.2022 14:00:00;16.01.2022 15:00:00;10367;3737;2547;1583
16.01.2022 15:00:00;16.01.2022 16:00:00;10602;3891;2672;1691
16.01.2022 16:00:00;16.01.2022 17:00:00;10714;3946;2573;1537
16.01.2022 17:00:00;16.01.2022 18:00:00;10822;3641;2564;1297
16.01.2022 18:00:00;16.01.2022 19:00:00;10750;3436;2638;1227
16.01.2022 19:00:00;16.01.2022 20:00:00;10535;3731;2572;1306
16.01.2022 20:00:00;16.01.2022 21:00:00;10114;3588;2609;1481
16.01.2022 21:00:00;16.01.2022 22:00:00;10398;3639;2617;1447
16.01.2022 22:00:00;16.01.2022 23:00:00;10340;3756;2604;1435
16.01.2022 23:00:00;17.01.2022 00:00:00;9950;3702;2480;1446
17.01.2022 00:00:00;17.01.2022 01:00:00;9626;3581;2293;1399
17.01.2022 01:00:00;17.01.2022 02:00:00;9482;3539;2294;1453
17.01.2022 02:00:00;17.01.2022 03:00:00;9453;3556;2345;1431
17.01.2022 03:00:00;17.01.2022 04:00:00;9551;3600;2311;1440
17.01.2022 04:00:00;17.01.2022 05:00:00;9867;3698;2280;1408
17.01.2022 05:00:00;17.01.2022 06:00:00;10657;3774;2435;1477
17.01.2022 06:00:00;17.01.2022 07:00:00;11225;3820;2482;1476
17.01.2022 07:00:00;17.01.2022 08:00:00;11589;3852;2660;1538
17.01.2022 08:00:00;17.01.2022 09:00:00;11576;4069;2650;1494
17.01.2022 09:00:00;17.01.2022 10:00:00;11490;4005;2526;1487
17.01.2022 10:00:00;17.01.2022 11:00:00;11520;4103;2639;1577
17.01.2022 11:00:00;17.01.2022 12:00:00;11503;4010;2832;1525
17.01.2022 12:00:00;17.01.2022 13:00:00;11391;3882;2744;1452
17.01.2022 13:00:00;17.01.2022 14:00:00;11393;3875;2759;1449
17.01.2022 14:00:00;17.01.2022 15:00:00;11409;3969;2800;1537
17.01.2022 15:00:00;17.01.2022 16:00:00;11585;3997;2767;1558
17.01.2022 16:00:00;17.01.2022 17:00:00;11756;3964;2706;1512
17.01.2022 17:00:00;17.01.2022 18:00:00;11746;3953;2655;1415
17.01.2022 18:00:00;17.01.2022 19:00:00;11704;3933;2619;1391
17.01.2022 19:00:00;17.01.2022 20:00:00;11528;4009;2681;1374
17.01.2022 20:00:00;17.01.2022 21:00:00;11224;3959;2671;1394
17.01.2022 21:00:00;17.01.2022 22:00:00;11284;3901;2567;1301
17.01.2022 22:00:00;17.01.2022 23:00:00;11235;3919;2588;1407
17.01.2022 23:00:00;18.01.2022 00:00:00;10833;3823;2448;1315
18.01.2022 00:00:00;18.01.2022 01:00:00;10532;3149;2563;1295
18.01.2022 01:00:00;18.01.2022 02:00:00;10379;3106;2550;1343
18.01.2022 02:00:00;18.01.2022 03:00:00;10359;3236;2487;1284
18.01.2022 03:00:00;18.01.2022 04:00:00;10361;3274;2414;1277
18.01.2022 04:00:00;18.01.2022 05:00:00;10760;3266;2399;1365
18.01.2022 05:00:00;18.01.2022 06:00:00;11457;3341;2401;1460
18.01.2022 06:00:00;18.01.2022 07:00:00;11945;3437;2508;1406
18.01.2022 07:00:00;18.01.2022 08:00:00;12216;3648;2631;1238
18.01.2022 08:00:00;18.01.2022 09:00:00;12076;3744;2668;1262
18.01.2022 09:00:00;18.01.2022 10:00:00;11955;3778;2717;1176
18.01.2022 10:00:00;18.01.2022 11:00:00;11943;3725;2676;1447
18.01.2022 11:00:00;18.01.2022 12:00:00;11939;3671;2709;1476
18.01.2022 12:00:00;18.01.2022 13:00:00;11761;3638;2762;1434
18.01.2022 13:00:00;18.01.2022 14:00:00;11658;3476;2767;1526
18.01.2022 14:00:00;18.01.2022 15:00:00;11659;3466;2717;1446
18.01.2022 15:00:00;18.01.2022 16:00:00;11974;3439;2630;1489
18.01.2022 16:00:00;18.01.2022 17:00:00;11926;3686;2551;1405
18.01.2022 17:00:00;18.01.2022 18:00:00;11792;3648;2517;1528
18.01.2022 18:00:00;18.01.2022 19:00:00;11773;3607;2599;1589
18.01.2022 19:00:00;18.01.2022 20:00:00;11513;3569;2613;1528
18.01.2022 20:00:00;18.01.2022 21:00:00;11049;3541;2564;1476
18.01.2022 21:00:00;18.01.2022 22:00:00;11135;3549;2528;1289
18.01.2022 22:00:00;18.01.2022 23:00:00;11021;3411;2502;1275
18.01.2022 23:00:00;19.01.2022 00:00:00;10722;3298;2492;1395
19.01.2022 00:00:00;19.01.2022 01:00:00;10436;3194;2002;1068
19.01.2022 01:00:00;19.01.2022 02:00:00;10407;2937;1882;1094
19.01.2022 02:00:00;19.01.2022 03:00:00;10339;2906;1998;1387
19.01.2022 03:00:00;19.01.2022 04:00:00;10402;2914;2067;1373
19.01.2022 04:00:00;19.01.2022 05:00:00;10554;2971;2034;1314
19.01.2022 05:00:00;19.01.2022 06:00:00;11178;2961;2272;1342
19.01.2022 06:00:00;19.01.2022 07:00:00;11495;3061;2310;1382
19.01.2022 07:00:00;19.01.2022 08:00:00;11660;3245;2355;1469
19.01.2022 08:00:00;19.01.2022 09:00:00;11544;3652;2370;1480
19.01.2022 09:00:00;19.01.2022 10:00:00;11436;3606;2472;1317
19.01.2022 10:00:00;19.01.2022 11:00:00;11402;3531;2433;1281
19.01.2022 11:00:00;19.01.2022 12:00:00;11372;3714;2485;1371
19.01.2022 12:00:00;19.01.2022 13:00:00;11232;3834;2522;1434
19.01.2022 13:00:00;19.01.2022 14:00:00;11132;3858;2644;1453
19.01.2022 14:00:00;19.01.2022 15:00:00;11144;3901;2530;1508
19.01.2022 15:00:00;19.01.2022 16:00:00;11316;3955;2646;1458
19.01.2022 16:00:00;19.01.2022 17:00:00;11351;4019;2697;1558
19.01.2022 17:00:00;19.01.2022 18:00:00;11305;4051;2599;1555
19.01.2022 18:00:00;19.01.2022 19:00:00;11264;4131;2605;1224
19.01.2022 19:00:00;19.01.2022 20:00:00;11143;4119;2595;1166
19.01.2022 20:00:00;19.01.2022 21:00:00;10714;4264;2566;1347
19.01.2022 21:00:00;19.01.2022 22:00:00;10820;4430;2568;1303
19.01.2022 22:00:00;19.01.2022 23:00:00;10635;3953;2436;1197
19.01.2022 23:00:00;20.01.2022 00:00:00;10246;3681;2411;1190
20.01.2022 00:00:00;20.01.2022 01:00:00;9984;3756;2330;1192
20.01.2022 01:00:00;20.01.2022 02:00:00;9875;3836;2335;1231
20.01.2022 02:00:00;20.01.2022 03:00:00;9838;3803;2352;1276
20.01.2022 03:00:00;20.01.2022 04:00:00;10001;3776;2327;1288
20.01.2022 04:00:00;20.01.2022 05:00:00;10310;3811;2352;1237
20.01.2022 05:00:00;20.01.2022 06:00:00;10857;3833;2367;1280
20.01.2022 06:00:00;20.01.2022 07:00:00;11300;3978;2481;1377
20.01.2022 07:00:00;20.01.2022 08:00:00;11507;4081;2655;1460
20.01.2022 08:00:00;20.01.2022 09:00:00;11408;4150;2724;1345
20.01.2022 09:00:00;20.01.2022 10:00:00;11430;4160;2731;1487
20.01.2022 10:00:00;20.01.2022 11:00:00;11400;4189;2730;1462
20.01.2022 11:00:00;20.01.2022 12:00:00;11393;4067;2738;1266
20.01.2022 12:00:00;20.01.2022 13:00:00;11292;4068;2706;1285
20.01.2022 13:00:00;20.01.2022 14:00:00;11188;4092;2690;1386
20.01.2022 14:00:00;20.01.2022 15:00:00;11243;4084;2704;1410
20.01.2022 15:00:00;20.01.2022 16:00:00;11460;4115;2695;1443
20.01.2022 16:00:00;20.01.2022 17:00:00;11560;4159;2681;1552
20.01.2022 17:00:00;20.01.2022 18:00:00;11588;4130;2651;1448
20.01.2022 18:00:00;20.01.2022 19:00:00;11612;4069;2542;1340
20.01.2022 19:00:00;20.01.2022 20:00:00;11441;4022;2474;1425
20.01.2022 20:00:00;20.01.2022 21:00:00;11016;4014;2509;1398
20.01.2022 21:00:00;20.01.2022 22:00:00;11129;3867;2508;1355
20.01.2022 22:00:00;20.01.2022 23:00:00;10931;3761;2517;1320
20.01.2022 23:00:00;21.01.2022 00:00:00;10552;3733;2463;1308
21.01.2022 00:00:00;21.01.2022 01:00:00;10180;3615;2441;1250
21.01.2022 01:00:00;21.01.2022 02:00:00;9979;3690;2344;1240
21.01.2022 02:00:00;21.01.2022 03:00:00;9906;3649;2337;1189
21.01.2022 03:00:00;21.01.2022 04:00:00;9980;3343;2337;1221
21.01.2022 04:00:00;21.01.2022 05:00:00;10314;3310;2380;1259
21.01.2022 05:00:00;21.01.2022 06:00:00;11098;3515;2434;1259
21.01.2022 06:00:00;21.01.2022 07:00:00;11582;3705;2513;1280
21.01.2022 07:00:00;21.01.2022 08:00:00;11840;4089;2600;1313
21.01.2022 08:00:00;21.01.2022 09:00:00;11723;4224;2717;1361
21.01.2022 09:00:00;21.01.2022 10:00:00;11654;3979;2715;1292
21.01.2022 10:00:00;21.01.2022 11:00:00;11667;3982;2667;1438
21.01.2022 11:00:00;21.01.2022 12:00:00;11724;3996;2690;1520
21.01.2022 12:00:00;21.01.2022 13:00:00;11582;4001;2715;1402
21.01.2022 13:00:00;21.01.2022 14:00:00;11529;3956;2740;1403
21.01.2022 14:00:00;21.01.2022 15:00:00;11448;3956;2741;1407
21.01.2022 15:00:00;21.01.2022 16:00:00;11746;3975;2732;1593
21.01.2022 16:00:00;21.01.2022 17:00:00;11938;3982;2734;1661
21.01.2022 17:00:00;21.01.2022 18:00:00;11948;3908;2672;1583
21.01.2022 18:00:00;21.01.2022 19:00:00;11954;3867;2626;1554
21.01.2022 19:00:00;21.01.2022 20:00:00;11643;3852;2594;1535
21.01.2022 20:00:00;21.01.2022 21:00:00;11138;3772;2557;1551
21.01.2022 21:00:00;21.01.2022 22:00:00;11266;3685;2527;1405
21.01.2022 22:00:00;21.01.2022 23:00:00;11061;3525;2496;1440
21.01.2022 23:00:00;22.01.2022 00:00:00;10632;3445;2522;1407
22.01.2022 00:00:00;22.01.2022 01:00:00;10305;3432;2489;1255
22.01.2022 01:00:00;22.01.2022 02:00:00;10144;3379;2444;1144
22.01.2022 02:00:00;22.01.2022 03:00:00;10021;3419;2407;1242
22.01.2022 03:00:00;22.01.2022 04:00:00;10086;3421;2316;1348
22.01.2022 04:00:00;22.01.2022 05:00:00;10239;3341;2371;1321
22.01.2022 05:00:00;22.01.2022 06:00:00;10559;3330;2437;1324
22.01.2022 06:00:00;22.01.2022 07:00:00;10731;3389;2489;1179
22.01.2022 07:00:00;22.01.2022 08:00:00;10970;3483;2534;1348
22.01.2022 08:00:00;22.01.2022 09:00:00;11047;3493;2563;1413
22.01.2022 09:00:00;22.01.2022 10:00:00;11247;3476;2626;1324
22.01.2022 10:00:00;22.01.2022 11:00:00;11342;3567;2613;1308
22.01.2022 11:00:00;22.01.2022 12:00:00;11364;3568;2606;1274
22.01.2022 12:00:00;22.01.2022 13:00:00;11222;3543;2582;1272
22.01.2022 13:00:00;22.01.2022 14:00:00;11177;3530;2559;1320
22.01.2022 14:00:00;22.01.2022 15:00:00;11251;3496;2563;1277
22.01.2022 15:00:00;22.01.2022 16:00:00;11625;3541;2507;1278
22.01.2022 16:00:00;22.01.2022 17:00:00;12037;3634;2485;1313
22.01.2022 17:00:00;22.01.2022 18:00:00;12181;3600;2512;1355
22.01.2022 18:00:00;22.01.2022 19:00:00;12120;3526;2530;1269
22.01.2022 19:00:00;22.01.2022 20:00:00;11719;3502;2543;1424
22.01.2022 20:00:00;22.01.2022 21:00:00;11176;3445;2443;1358
22.01.2022 21:00:00;22.01.2022 22:00:00;11303;3390;2383;1241
22.01.2022 22:00:00;22.01.2022 23:00:00;11162;3314;2369;1270
22.01.2022 23:00:00;23.01.2022 00:00:00;10729;3283;2299;1283
23.01.2022 00:00:00;23.01.2022 01:00:00;10409;3184;2217;1287
23.01.2022 01:00:00;23.01.2022 02:00:00;10264;3128;2181;1260
23.01.2022 02:00:00;23.01.2022 03:00:00;10128;3124;2144;1180
23.01.2022 03:00:00;23.01.2022 04:00:00;10054;3124;2137;1168
23.01.2022 04:00:00;23.01.2022 05:00:00;10102;3176;2176;1094
23.01.2022 05:00:00;23.01.2022 06:00:00;10191;3092;2113;1069
23.01.2022 06:00:00;23.01.2022 07:00:00;10192;3072;2192;1343
23.01.2022 07:00:00;23.01.2022 08:00:00;10439;3236;2268;1512
23.01.2022 08:00:00;23.01.2022 09:00:00;10466;3305;2332;1265
23.01.2022 09:00:00;23.01.2022 10:00:00;10621;3281;2361;1113
23.01.2022 10:00:00;23.01.2022 11:00:00;10666;3354;2418;1225
23.01.2022 11:00:00;23.01.2022 12:00:00;10674;3456;2394;1380
23.01.2022 12:00:00;23.01.2022 13:00:00;10594;3402;2396;1382
23.01.2022 13:00:00;23.01.2022 14:00:00;10596;3396;2359;1392
23.01.2022 14:00:00;23.01.2022 15:00:00;10564;3439;2364;1351
23.01.2022 15:00:00;23.01.2022 16:00:00;10766;3401;2378;1346
23.01.2022 16:00:00;23.01.2022 17:00:00;11015;3558;2391;1336
23.01.2022 17:00:00;23.01.2022 18:00:00;11017;3533;2420;1421
23.01.2022 18:00:00;23.01.2022 19:00:00;10952;3445;2384;1320
23.01.2022 19:00:00;23.01.2022 20:00:00;10642;3446;2390;1272
23.01.2022 20:00:00;23.01.2022 21:00:00;10292;3502;2428;1300
23.01.2022 21:00:00;23.01.2022 22:00:00;10510;3415;2381;1224
23.01.2022 22:00:00;23.01.2022 23:00:00;10434;3309;2391;1298
23.01.2022 23:00:00;24.01.2022 00:00:00;10029;3139;2253;1278
24.01.2022 00:00:00;24.01.2022 01:00:00;9686;3088;2193;1322
24.01.2022 01:00:00;24.01.2022 02:00:00;9522;3112;2196;1317
24.01.2022 02:00:00;24.01.2022 03:00:00;9463;3038;2239;1197
24.01.2022 03:00:00;24.01.2022 04:00:00;9577;3181;2141;1102
24.01.2022 04:00:00;24.01.2022 05:00:00;9937;3244;2256;1203
24.01.2022 05:00:00;24.01.2022 06:00:00;10730;3278;2332;1153
24.01.2022 06:00:00;24.01.2022 07:00:00;11201;3575;2391;1242
24.01.2022 07:00:00;24.01.2022 08:00:00;11449;3804;2539;1321
24.01.2022 08:00:00;24.01.2022 09:00:00;11355;3773;2584;1276
24.01.2022 09:00:00;24.01.2022 10:00:00;11335;3701;2600;1287
24.01.2022 10:00:00;24.01.2022 11:00:00;11326;3685;2552;1372
24.01.2022 11:00:00;24.01.2022 12:00:00;11290;3722;2594;1419
24.01.2022 12:00:00;24.01.2022 13:00:00;11146;3703;2584;1405
24.01.2022 13:00:00;24.01.2022 14:00:00;11059;3682;2663;1383
24.01.2022 14:00:00;24.01.2022 15:00:00;10971;3748;2635;1384
24.01.2022 15:00:00;24.01.2022 16:00:00;10949;3943;2625;1320
24.01.2022 16:00:00;24.01.2022 17:00:00;11056;3939;2642;1278
24.01.2022 17:00:00;24.01.2022 18:00:00;11001;3861;2529;1376
24.01.2022 18:00:00;24.01.2022 19:00:00;10962;3799;2591;1381
24.01.2022 19:00:00;24.01.2022 20:00:00;10780;3754;2562;1396
24.01.2022 20:00:00;24.01.2022 21:00:00;10388;3705;2544;1299
24.01.2022 21:00:00;24.01.2022 22:00:00;10582;3544;2515;1347
24.01.2022 22:00:00;24.01.2022 23:00:00;10393;3473;2474;1364
24.01.2022 23:00:00;25.01.2022 00:00:00;9961;3369;2408;1354
25.01.2022 00:00:00;25.01.2022 01:00:00;9634;3397;2420;1250
25.01.2022 01:00:00;25.01.2022 02:00:00;9492;3345;2387;1254
25.01.2022 02:00:00;25.01.2022 03:00:00;9444;3405;2371;1253
25.01.2022 03:00:00;25.01.2022 04:00:00;9598;3471;2387;1272
25.01.2022 04:00:00;25.01.2022 05:00:00;9973;3312;2410;1289
25.01.2022 05:00:00;25.01.2022 06:00:00;10676;3496;2393;1271
25.01.2022 06:00:00;25.01.2022 07:00:00;11214;3886;2498;1294
25.01.2022 07:00:00;25.01.2022 08:00:00;11367;3980;2625;1372
25.01.2022 08:00:00;25.01.2022 09:00:00;11295;3932;2588;1363
25.01.2022 09:00:00;25.01.2022 10:00:00;11287;3855;2676;1300
25.01.2022 10:00:00;25.01.2022 11:00:00;11318;3676;2709;1389
25.01.2022 11:00:00;25.01.2022 12:00:00;11210;3768;2984;1349
25.01.2022 12:00:00;25.01.2022 13:00:00;11056;3378;2866;1448
25.01.2022 13:00:00;25.01.2022 14:00:00;11022;3788;2939;1398
25.01.2022 14:00:00;25.01.2022 15:00:00;11068;3916;2746;1257
25.01.2022 15:00:00;25.01.2022 16:00:00;11285;4006;2754;1453
25.01.2022 16:00:00;25.01.2022 17:00:00;11656;3946;2689;1534
25.01.2022 17:00:00;25.01.2022 18:00:00;11706;3743;2638;1481
25.01.2022 18:00:00;25.01.2022 19:00:00;11712;3757;2647;1433
25.01.2022 19:00:00;25.01.2022 20:00:00;11542;3816;2571;1491
25.01.2022 20:00:00;25.01.2022 21:00:00;11051;3766;2592;1392
25.01.2022 21:00:00;25.01.2022 22:00:00;11181;3728;2573;1252
25.01.2022 22:00:00;25.01.2022 23:00:00;10981;3473;2562;1281
25.01.2022 23:00:00;26.01.2022 00:00:00;10499;3463;2427;1476
26.01.2022 00:00:00;26.01.2022 01:00:00;10358;3409;2365;1457
26.01.2022 01:00:00;26.01.2022 02:00:00;10238;3454;2372;1185
26.01.2022 02:00:00;26.01.2022 03:00:00;10163;3425;2340;1192
26.01.2022 03:00:00;26.01.2022 04:00:00;10244;3335;2302;1076
26.01.2022 04:00:00;26.01.2022 05:00:00;10589;3364;2307;1160
26.01.2022 05:00:00;26.01.2022 06:00:00;11355;3517;2362;1264
26.01.2022 06:00:00;26.01.2022 07:00:00;11829;3483;2453;1435
26.01.2022 07:00:00;26.01.2022 08:00:00;11941;3706;2559;1591
26.01.2022 08:00:00;26.01.2022 09:00:00;11804;3711;2590;1483
26.01.2022 09:00:00;26.01.2022 10:00:00;11717;3851;2644;1155
26.01.2022 10:00:00;26.01.2022 11:00:00;11720;3902;2583;1137
26.01.2022 11:00:00;26.01.2022 12:00:00;11662;3914;2578;1230
26.01.2022 12:00:00;26.01.2022 13:00:00;11592;3916;2677;1530
26.01.2022 13:00:00;26.01.2022 14:00:00;11564;3743;2736;1555
26.01.2022 14:00:00;26.01.2022 15:00:00;11471;3755;2931;1470
26.01.2022 15:00:00;26.01.2022 16:00:00;11617;3859;2730;1432
26.01.2022 16:00:00;26.01.2022 17:00:00;11750;3955;2719;1413
26.01.2022 17:00:00;26.01.2022 18:00:00;11705;3911;2694;1357
26.01.2022 18:00:00;26.01.2022 19:00:00;11714;3801;2646;1321
26.01.2022 19:00:00;26.01.2022 20:00:00;11425;3732;2640;1384
26.01.2022 20:00:00;26.01.2022 21:00:00;10895;3711;2612;1355
26.01.2022 21:00:00;26.01.2022 22:00:00;11033;3689;2578;1406
26.01.2022 22:00:00;26.01.2022 23:00:00;10774;3570;2551;1371
26.01.2022 23:00:00;27.01.2022 00:00:00;10298;3499;2511;1229
27.01.2022 00:00:00;27.01.2022 01:00:00;9963;3347;2503;1228
27.01.2022 01:00:00;27.01.2022 02:00:00;9748;3376;2429;1268
27.01.2022 02:00:00;27.01.2022 03:00:00;9655;3353;2381;1290
27.01.2022 03:00:00;27.01.2022 04:00:00;9772;3320;2369;1254
27.01.2022 04:00:00;27.01.2022 05:00:00;10068;3335;2355;1268
27.01.2022 05:00:00;27.01.2022 06:00:00;10757;3338;2415;1200
27.01.2022 06:00:00;27.01.2022 07:00:00;11166;3567;2527;1211
27.01.2022 07:00:00;27.01.2022 08:00:00;11213;3785;2690;1652
27.01.2022 08:00:00;27.01.2022 09:00:00;11040;3800;2692;1429
27.01.2022 09:00:00;27.01.2022 10:00:00;11024;3849;2674;1456
27.01.2022 10:00:00;27.01.2022 11:00:00;11087;3885;2708;1476
27.01.2022 11:00:00;27.01.2022 12:00:00;11062;3911;2691;1501
27.01.2022 12:00:00;27.01.2022 13:00:00;10942;3897;2709;1446
27.01.2022 13:00:00;27.01.2022 14:00:00;10893;3853;2609;1334
27.01.2022 14:00:00;27.01.2022 15:00:00;10854;3752;2657;1401
27.01.2022 15:00:00;27.01.2022 16:00:00;11061;3817;2768;1421
27.01.2022 16:00:00;27.01.2022 17:00:00;11304;3963;2791;1464
27.01.2022 17:00:00;27.01.2022 18:00:00;11301;3942;2823;1476
27.01.2022 18:00:00;27.01.2022 19:00:00;11302;3812;2725;1408
27.01.2022 19:00:00;27.01.2022 20:00:00;11042;3778;2751;1365
27.01.2022 20:00:00;27.01.2022 21:00:00;10614;3782;2716;1340
27.01.2022 21:00:00;27.01.2022 22:00:00;10653;3785;2712;1338
27.01.2022 22:00:00;27.01.2022 23:00:00;10495;3654;2638;1312
27.01.2022 23:00:00;28.01.2022 00:00:00;10108;3566;2552;1356
28.01.2022 00:00:00;28.01.2022 01:00:00;9759;3544;2425;1311
28.01.2022 01:00:00;28.01.2022 02:00:00;9575;3497;2341;1262
28.01.2022 02:00:00;28.01.2022 03:00:00;9470;3397;2414;1120
28.01.2022 03:00:00;28.01.2022 04:00:00;9563;3394;2434;1087
28.01.2022 04:00:00;28.01.2022 05:00:00;9907;3384;2310;1035
28.01.2022 05:00:00;28.01.2022 06:00:00;10708;3387;2420;1056
28.01.2022 06:00:00;28.01.2022 07:00:00;11191;3692;2546;1351
28.01.2022 07:00:00;28.01.2022 08:00:00;11390;3890;2735;1395
28.01.2022 08:00:00;28.01.2022 09:00:00;11369;3728;2711;1299
28.01.2022 09:00:00;28.01.2022 10:00:00;11381;3800;2719;1302
28.01.2022 10:00:00;28.01.2022 11:00:00;11433;3838;2712;1305
28.01.2022 11:00:00;28.01.2022 12:00:00;11394;3991;2698;1475
28.01.2022 12:00:00;28.01.2022 13:00:00;11322;3807;2638;1489
28.01.2022 13:00:00;28.01.2022 14:00:00;11190;3751;2676;1597
28.01.2022 14:00:00;28.01.2022 15:00:00;11152;3812;2723;1577
28.01.2022 15:00:00;28.01.2022 16:00:00;11303;3913;2823;1344
28.01.2022 16:00:00;28.01.2022 17:00:00;11675;3946;2717;1289
28.01.2022 17:00:00;28.01.2022 18:00:00;11712;3879;2723;1393
28.01.2022 18:00:00;28.01.2022 19:00:00;11714;3927;2709;1298
28.01.2022 19:00:00;28.01.2022 20:00:00;11459;4019;2626;1338
28.01.2022 20:00:00;28.01.2022 21:00:00;10981;3847;2588;1297
28.01.2022 21:00:00;28.01.2022 22:00:00;10950;3562;2489;1435
28.01.2022 22:00:00;28.01.2022 23:00:00;10829;3510;2430;1268
28.01.2022 23:00:00;29.01.2022 00:00:00;10465;3585;2407;1148
29.01.2022 00:00:00;29.01.2022 01:00:00;10149;3465;2524;1474
29.01.2022 01:00:00;29.01.2022 02:00:00;9975;3474;2503;1559
29.01.2022 02:00:00;29.01.2022 03:00:00;9914;3413;2444;1356
29.01.2022 03:00:00;29.01.2022 04:00:00;9937;3285;2446;1318
29.01.2022 04:00:00;29.01.2022 05:00:00;10065;3356;2455;1350
29.01.2022 05:00:00;29.01.2022 06:00:00;10338;3341;2418;1310
29.01.2022 06:00:00;29.01.2022 07:00:00;10460;3412;2461;1343
29.01.2022 07:00:00;29.01.2022 08:00:00;10617;3301;2457;1374
29.01.2022 08:00:00;29.01.2022 09:00:00;10689;3230;2501;1413
29.01.2022 09:00:00;29.01.2022 10:00:00;10841;3437;2624;1537
29.01.2022 10:00:00;29.01.2022 11:00:00;10880;3599;2681;1544
29.01.2022 11:00:00;29.01.2022 12:00:00;10884;3719;2614;1502
29.01.2022 12:00:00;29.01.2022 13:00:00;10842;3616;2628;1546
29.01.2022 13:00:00;29.01.2022 14:00:00;10811;3579;2700;1402
29.01.2022 14:00:00;29.01.2022 15:00:00;10898;3699;2682;1422
29.01.2022 15:00:00;29.01.2022 16:00:00;11107;3694;2678;1422
29.01.2022 16:00:00;29.01.2022 17:00:00;11443;3804;2663;1615
29.01.2022 17:00:00;29.01.2022 18:00:00;11595;3758;2763;1748
29.01.2022 18:00:00;29.01.2022 19:00:00;11520;3722;2722;1674
29.01.2022 19:00:00;29.01.2022 20:00:00;11127;3593;2683;1831
29.01.2022 20:00:00;29.01.2022 21:00:00;10640;3486;2641;1688
29.01.2022 21:00:00;29.01.2022 22:00:00;10737;3710;2541;1636
29.01.2022 22:00:00;29.01.2022 23:00:00;10570;3908;2458;1646
29.01.2022 23:00:00;30.01.2022 00:00:00;10097;3639;2427;1604
30.01.2022 00:00:00;30.01.2022 01:00:00;9820;3346;2420;1683
30.01.2022 01:00:00;30.01.2022 02:00:00;9602;3361;2379;1608
30.01.2022 02:00:00;30.01.2022 03:00:00;9437;3304;2296;1553
30.01.2022 03:00:00;30.01.2022 04:00:00;9483;3319;2322;1544
30.01.2022 04:00:00;30.01.2022 05:00:00;9541;3529;2341;1603
30.01.2022 05:00:00;30.01.2022 06:00:00;9754;3570;2379;1588
30.01.2022 06:00:00;30.01.2022 07:00:00;9857;3638;2426;1609
30.01.2022 07:00:00;30.01.2022 08:00:00;10033;3579;2425;1600
30.01.2022 08:00:00;30.01.2022 09:00:00;10088;3585;2483;1559
30.01.2022 09:00:00;30.01.2022 10:00:00;10302;3630;2509;1535
30.01.2022 10:00:00;30.01.2022 11:00:00;10499;3792;2507;1545
30.01.2022 11:00:00;30.01.2022 12:00:00;10563;3823;2493;1438
30.01.2022 12:00:00;30.01.2022 13:00:00;10596;3776;2591;1507
30.01.2022 13:00:00;30.01.2022 14:00:00;10613;3769;2537;1558
30.01.2022 14:00:00;30.01.2022 15:00:00;10601;3664;2518;1470
30.01.2022 15:00:00;30.01.2022 16:00:00;10799;3799;2610;1521
30.01.2022 16:00:00;30.01.2022 17:00:00;11170;3882;2634;1635
30.01.2022 17:00:00;30.01.2022 18:00:00;11250;3745;2636;1556
30.01.2022 18:00:00;30.01.2022 19:00:00;11283;3935;2631;1537
30.01.2022 19:00:00;30.01.2022 20:00:00;11052;3916;2719;1544
30.01.2022 20:00:00;30.01.2022 21:00:00;10630;3877;2653;1465
30.01.2022 21:00:00;30.01.2022 22:00:00;10838;3836;2600;1384
30.01.2022 22:00:00;30.01.2022 23:00:00;10751;3759;2544;1304
30.01.2022 23:00:00;31.01.2022 00:00:00;10490;3710;2516;1352
31.01.2022 00:00:00;31.01.2022 01:00:00;10210;3655;2563;1328
31.01.2022 01:00:00;31.01.2022 02:00:00;10021;3587;2454;1270
31.01.2022 02:00:00;31.01.2022 03:00:00;9961;3595;2465;1388
31.01.2022 03:00:00;31.01.2022 04:00:00;10107;3614;2450;1548
31.01.2022 04:00:00;31.01.2022 05:00:00;10477;3640;2543;1494
31.01.2022 05:00:00;31.01.2022 06:00:00;11270;3733;2548;1435
31.01.2022 06:00:00;31.01.2022 07:00:00;11810;3965;2589;1572
31.01.2022 07:00:00;31.01.2022 08:00:00;11974;4089;2763;1669
31.01.2022 08:00:00;31.01.2022 09:00:00;11912;4043;2877;1624
31.01.2022 09:00:00;31.01.2022 10:00:00;11946;4121;2829;1565
31.01.2022 10:00:00;31.01.2022 11:00:00;11966;4162;2797;1548
31.01.2022 11:00:00;31.01.2022 12:00:00;11911;4129;2769;1559
31.01.2022 12:00:00;31.01.2022 13:00:00;11797;3946;2804;1534
31.01.2022 13:00:00;31.01.2022 14:00:00;11685;4065;2786;1483
31.01.2022 14:00:00;31.01.2022 15:00:00;11618;4086;2851;1541
31.01.2022 15:00:00;31.01.2022 16:00:00;11669;4050;2950;1605
31.01.2022 16:00:00;31.01.2022 17:00:00;12074;4130;2943;1644
31.01.2022 17:00:00;31.01.2022 18:00:00;12086;4197;2928;1673
31.01.2022 18:00:00;31.01.2022 19:00:00;12077;4130;2817;1645
31.01.2022 19:00:00;31.01.2022 20:00:00;11884;4105;2705;1634
31.01.2022 20:00:00;31.01.2022 21:00:00;11488;3946;2723;1595
31.01.2022 21:00:00;31.01.2022 22:00:00;11626;3968;2747;1590
31.01.2022 22:00:00;31.01.2022 23:00:00;11428;3853;2788;1492
31.01.2022 23:00:00;01.02.2022 00:00:00;10994;3801;2698;1462
01.02.2022 00:00:00;01.02.2022 01:00:00;10713;3620;2616;1450
01.02.2022 01:00:00;01.02.2022 02:00:00;10574;3656;2494;1455
01.02.2022 02:00:00;01.02.2022 03:00:00;10534;3757;2497;1393
01.02.2022 03:00:00;01.02.2022 04:00:00;10654;3634;2549;1488
01.02.2022 04:00:00;01.02.2022 05:00:00;11017;3565;2547;1567
01.02.2022 05:00:00;01.02.2022 06:00:00;11764;3384;2545;1567
01.02.2022 06:00:00;01.02.2022 07:00:00;12226;3601;2619;1644
01.02.2022 07:00:00;01.02.2022 08:00:00;12364;3987;2810;1665
01.02.2022 08:00:00;01.02.2022 09:00:00;12373;4100;2814;1620
01.02.2022 09:00:00;01.02.2022 10:00:00;12403;4039;2791;1666
01.02.2022 10:00:00;01.02.2022 11:00:00;12399;4093;2780;1759
01.02.2022 11:00:00;01.02.2022 12:00:00;12327;4176;2731;1746
01.02.2022 12:00:00;01.02.2022 13:00:00;12299;4245;2835;1744
01.02.2022 13:00:00;01.02.2022 14:00:00;12160;4114;2831;1696
01.02.2022 14:00:00;01.02.2022 15:00:00;12081;4052;2839;1702
01.02.2022 15:00:00;01.02.2022 16:00:00;12131;4195;2851;1838
01.02.2022 16:00:00;01.02.2022 17:00:00;12451;4300;2891;1800
01.02.2022 17:00:00;01.02.2022 18:00:00;12494;4298;2898;1715
01.02.2022 18:00:00;01.02.2022 19:00:00;12453;4127;2999;1577
01.02.2022 19:00:00;01.02.2022 20:00:00;12265;4058;3042;1456
01.02.2022 20:00:00;01.02.2022 21:00:00;11842;4065;2724;1619
01.02.2022 21:00:00;01.02.2022 22:00:00;11951;4108;2834;1487
01.02.2022 22:00:00;01.02.2022 23:00:00;11777;4046;2856;1648
01.02.2022 23:00:00;02.02.2022 00:00:00;11362;3931;2721;1768
02.02.2022 00:00:00;02.02.2022 01:00:00;11082;3846;2699;1503
02.02.2022 01:00:00;02.02.2022 02:00:00;10883;3758;2604;1499
02.02.2022 02:00:00;02.02.2022 03:00:00;10800;3793;2599;1522
02.02.2022 03:00:00;02.02.2022 04:00:00;10865;3733;2585;1612
02.02.2022 04:00:00;02.02.2022 05:00:00;11184;3714;2651;1670
02.02.2022 05:00:00;02.02.2022 06:00:00;11902;3758;2650;1653
02.02.2022 06:00:00;02.02.2022 07:00:00;12306;3989;2744;1666
02.02.2022 07:00:00;02.02.2022 08:00:00;12399;4148;2919;1706
02.02.2022 08:00:00;02.02.2022 09:00:00;12311;4073;2859;1620
02.02.2022 09:00:00;02.02.2022 10:00:00;12243;3914;2854;1723
02.02.2022 10:00:00;02.02.2022 11:00:00;12250;3862;2867;1779
02.02.2022 11:00:00;02.02.2022 12:00:00;12254;3970;2872;1630
02.02.2022 12:00:00;02.02.2022 13:00:00;12088;3982;2826;1666
02.02.2022 13:00:00;02.02.2022 14:00:00;11995;3959;2800;1756
02.02.2022 14:00:00;02.02.2022 15:00:00;11940;4044;2863;1743
02.02.2022 15:00:00;02.02.2022 16:00:00;11996;3984;2899;1737
02.02.2022 16:00:00;02.02.2022 17:00:00;12381;3972;2954;1603
02.02.2022 17:00:00;02.02.2022 18:00:00;12402;4029;2920;1652
02.02.2022 18:00:00;02.02.2022 19:00:00;12434;3997;2987;1733
02.02.2022 19:00:00;02.02.2022 20:00:00;12267;3994;2950;1641
02.02.2022 20:00:00;02.02.2022 21:00:00;11754;4004;2906;1598
02.02.2022 21:00:00;02.02.2022 22:00:00;11864;4131;2886;1593
02.02.2022 22:00:00;02.02.2022 23:00:00;11690;3920;2785;1567
02.02.2022 23:00:00;03.02.2022 00:00:00;11342;3749;2657;1454
03.02.2022 00:00:00;03.02.2022 01:00:00;11035;3678;2630;1497
03.02.2022 01:00:00;03.02.2022 02:00:00;10896;3565;2519;1505
03.02.2022 02:00:00;03.02.2022 03:00:00;10847;3506;2555;1543
03.02.2022 03:00:00;03.02.2022 04:00:00;10961;3586;2581;1536
03.02.2022 04:00:00;03.02.2022 05:00:00;11381;3583;2587;1600
03.02.2022 05:00:00;03.02.2022 06:00:00;12219;3611;2628;1564
03.02.2022 06:00:00;03.02.2022 07:00:00;12721;3812;2736;1679
03.02.2022 07:00:00;03.02.2022 08:00:00;12831;4062;2888;1759
03.02.2022 08:00:00;03.02.2022 09:00:00;12829;4157;2926;1800
03.02.2022 09:00:00;03.02.2022 10:00:00;12791;4015;2948;1759
03.02.2022 10:00:00;03.02.2022 11:00:00;12849;3958;2890;1726
03.02.2022 11:00:00;03.02.2022 12:00:00;12689;4028;2892;1702
03.02.2022 12:00:00;03.02.2022 13:00:00;12490;4053;2894;1726
03.02.2022 13:00:00;03.02.2022 14:00:00;12371;4039;2963;1724
03.02.2022 14:00:00;03.02.2022 15:00:00;12306;4072;3011;1731
03.02.2022 15:00:00;03.02.2022 16:00:00;12365;4109;3034;1739
03.02.2022 16:00:00;03.02.2022 17:00:00;12831;4079;2912;1713
03.02.2022 17:00:00;03.02.2022 18:00:00;12872;4023;2867;1703
03.02.2022 18:00:00;03.02.2022 19:00:00;12920;4001;2987;1667
03.02.2022 19:00:00;03.02.2022 20:00:00;12697;3957;2972;1723
03.02.2022 20:00:00;03.02.2022 21:00:00;12201;3871;2876;1734
03.02.2022 21:00:00;03.02.2022 22:00:00;12202;3807;2828;1761
03.02.2022 22:00:00;03.02.2022 23:00:00;12081;3726;2824;1728
03.02.2022 23:00:00;04.02.2022 00:00:00;11641;3625;2759;1651
04.02.2022 00:00:00;04.02.2022 01:00:00;11336;3587;2800;1592
04.02.2022 01:00:00;04.02.2022 02:00:00;11187;3510;2752;1620
04.02.2022 02:00:00;04.02.2022 03:00:00;11142;3487;2785;1572
04.02.2022 03:00:00;04.02.2022 04:00:00;11222;3531;2819;1420
04.02.2022 04:00:00;04.02.2022 05:00:00;11566;3627;2875;1382
04.02.2022 05:00:00;04.02.2022 06:00:00;12250;3776;2933;1470
04.02.2022 06:00:00;04.02.2022 07:00:00;12554;3875;3012;1581
04.02.2022 07:00:00;04.02.2022 08:00:00;12638;4025;3109;1615
04.02.2022 08:00:00;04.02.2022 09:00:00;12747;4043;3170;1607
04.02.2022 09:00:00;04.02.2022 10:00:00;12616;4064;3185;1663
04.02.2022 10:00:00;04.02.2022 11:00:00;12523;3811;3166;1495
04.02.2022 11:00:00;04.02.2022 12:00:00;12433;3878;3075;1588
04.02.2022 12:00:00;04.02.2022 13:00:00;12296;3975;3022;1544
04.02.2022 13:00:00;04.02.2022 14:00:00;12189;3860;3051;1516
04.02.2022 14:00:00;04.02.2022 15:00:00;12018;3908;3079;1435
04.02.2022 15:00:00;04.02.2022 16:00:00;12036;3907;3016;1577
04.02.2022 16:00:00;04.02.2022 17:00:00;12326;3957;2892;1635
04.02.2022 17:00:00;04.02.2022 18:00:00;12303;3936;3026;1617
04.02.2022 18:00:00;04.02.2022 19:00:00;12211;3973;2943;1552
04.02.2022 19:00:00;04.02.2022 20:00:00;11845;3879;2900;1561
04.02.2022 20:00:00;04.02.2022 21:00:00;11383;3744;2815;1550
04.02.2022 21:00:00;04.02.2022 22:00:00;11404;3682;2809;1653
04.02.2022 22:00:00;04.02.2022 23:00:00;11077;3644;2707;1527
04.02.2022 23:00:00;05.02.2022 00:00:00;10632;3636;2705;1551
05.02.2022 00:00:00;05.02.2022 01:00:00;10269;3602;2691;1589
05.02.2022 01:00:00;05.02.2022 02:00:00;10068;3535;2569;1483
05.02.2022 02:00:00;05.02.2022 03:00:00;9893;3495;2496;1360
05.02.2022 03:00:00;05.02.2022 04:00:00;9838;3452;2501;1349
05.02.2022 04:00:00;05.02.2022 05:00:00;9901;3410;2612;1345
05.02.2022 05:00:00;05.02.2022 06:00:00;10120;3460;2589;1329
05.02.2022 06:00:00;05.02.2022 07:00:00;10187;3578;2666;1302
05.02.2022 07:00:00;05.02.2022 08:00:00;10305;3688;2718;1429
05.02.2022 08:00:00;05.02.2022 09:00:00;10471;3842;2670;1410
05.02.2022 09:00:00;05.02.2022 10:00:00;10656;3855;2711;1372
05.02.2022 10:00:00;05.02.2022 11:00:00;10735;3849;2756;1556
05.02.2022 11:00:00;05.02.2022 12:00:00;10726;4053;2791;1700
05.02.2022 12:00:00;05.02.2022 13:00:00;10668;4028;2726;1564
05.02.2022 13:00:00;05.02.2022 14:00:00;10640;3724;2735;1529
05.02.2022 14:00:00;05.02.2022 15:00:00;10671;3773;2754;1443
05.02.2022 15:00:00;05.02.2022 16:00:00;10804;3843;2762;1342
05.02.2022 16:00:00;05.02.2022 17:00:00;11321;3877;2739;1302
05.02.2022 17:00:00;05.02.2022 18:00:00;11520;3992;2736;1400
05.02.2022 18:00:00;05.02.2022 19:00:00;11394;3982;2676;1444
05.02.2022 19:00:00;05.02.2022 20:00:00;11057;3858;2671;1444
05.02.2022 20:00:00;05.02.2022 21:00:00;10555;3728;2550;1369
05.02.2022 21:00:00;05.02.2022 22:00:00;10629;3514;2470;1243
05.02.2022 22:00:00;05.02.2022 23:00:00;10473;3595;2465;1129
05.02.2022 23:00:00;06.02.2022 00:00:00;9993;3626;2398;1155
06.02.2022 00:00:00;06.02.2022 01:00:00;9675;3620;2354;1414
06.02.2022 01:00:00;06.02.2022 02:00:00;9592;3570;2341;1333
06.02.2022 02:00:00;06.02.2022 03:00:00;9465;3415;2287;1300
06.02.2022 03:00:00;06.02.2022 04:00:00;9444;3415;2297;1345
06.02.2022 04:00:00;06.02.2022 05:00:00;9545;3466;2303;1248
06.02.2022 05:00:00;06.02.2022 06:00:00;9661;3530;2246;1175
06.02.2022 06:00:00;06.02.2022 07:00:00;9755;3435;2288;1389
06.02.2022 07:00:00;06.02.2022 08:00:00;9816;3302;2387;1566
06.02.2022 08:00:00;06.02.2022 09:00:00;10012;3518;2467;1697
06.02.2022 09:00:00;06.02.2022 10:00:00;10180;3779;2518;1490
06.02.2022 10:00:00;06.02.2022 11:00:00;10342;3766;2558;1333
06.02.2022 11:00:00;06.02.2022 12:00:00;10322;3631;2552;1358
06.02.2022 12:00:00;06.02.2022 13:00:00;10252;3607;2432;1534
06.02.2022 13:00:00;06.02.2022 14:00:00;10146;3697;2490;1653
06.02.2022 14:00:00;06.02.2022 15:00:00;10123;3736;2533;1637
06.02.2022 15:00:00;06.02.2022 16:00:00;10165;3848;2570;1691
06.02.2022 16:00:00;06.02.2022 17:00:00;10529;3847;2603;1656
06.02.2022 17:00:00;06.02.2022 18:00:00;10680;3852;2675;1611
06.02.2022 18:00:00;06.02.2022 19:00:00;10658;3827;2683;1559
06.02.2022 19:00:00;06.02.2022 20:00:00;10443;3901;2654;1559
06.02.2022 20:00:00;06.02.2022 21:00:00;10042;3819;2582;1632
06.02.2022 21:00:00;06.02.2022 22:00:00;10270;3702;2569;1612
06.02.2022 22:00:00;06.02.2022 23:00:00;10150;3564;2542;1574
06.02.2022 23:00:00;07.02.2022 00:00:00;9784;3524;2528;1471
07.02.2022 00:00:00;07.02.2022 01:00:00;9508;3585;2444;1401
07.02.2022 01:00:00;07.02.2022 02:00:00;9285;3595;2398;1455
07.02.2022 02:00:00;07.02.2022 03:00:00;9222;3439;2456;1332
07.02.2022 03:00:00;07.02.2022 04:00:00;9336;3620;2269;1251
07.02.2022 04:00:00;07.02.2022 05:00:00;9627;3556;2471;1136
07.02.2022 05:00:00;07.02.2022 06:00:00;10380;3367;2490;1311
07.02.2022 06:00:00;07.02.2022 07:00:00;10843;3679;2612;1454
07.02.2022 07:00:00;07.02.2022 08:00:00;10925;4063;2761;1547
07.02.2022 08:00:00;07.02.2022 09:00:00;11008;3881;2773;1604
07.02.2022 09:00:00;07.02.2022 10:00:00;10979;4049;2755;1592
07.02.2022 10:00:00;07.02.2022 11:00:00;10940;4129;2783;1570
07.02.2022 11:00:00;07.02.2022 12:00:00;10899;3854;2752;1442
07.02.2022 12:00:00;07.02.2022 13:00:00;10766;3788;2729;1466
07.02.2022 13:00:00;07.02.2022 14:00:00;10644;3623;2752;1535
07.02.2022 14:00:00;07.02.2022 15:00:00;10582;3672;2751;1464
07.02.2022 15:00:00;07.02.2022 16:00:00;10532;3664;2719;1453
07.02.2022 16:00:00;07.02.2022 17:00:00;10881;3855;2753;1582
07.02.2022 17:00:00;07.02.2022 18:00:00;10934;3934;2758;1580
07.02.2022 18:00:00;07.02.2022 19:00:00;10947;3891;2787;1478
07.02.2022 19:00:00;07.02.2022 20:00:00;10767;3875;2749;1505
07.02.2022 20:00:00;07.02.2022 21:00:00;10362;3866;2772;1503
07.02.2022 21:00:00;07.02.2022 22:00:00;10442;3772;2760;1543
07.02.2022 22:00:00;07.02.2022 23:00:00;10237;3651;2671;1389
07.02.2022 23:00:00;08.02.2022 00:00:00;9803;3544;2578;1322
08.02.2022 00:00:00;08.02.2022 01:00:00;9494;3478;2401;1247
08.02.2022 01:00:00;08.02.2022 02:00:00;9328;3421;2319;1253
08.02.2022 02:00:00;08.02.2022 03:00:00;9263;3424;2312;1375
08.02.2022 03:00:00;08.02.2022 04:00:00;9353;3417;2240;1412
08.02.2022 04:00:00;08.02.2022 05:00:00;9740;3498;2215;1408
08.02.2022 05:00:00;08.02.2022 06:00:00;10552;3542;2244;1419
08.02.2022 06:00:00;08.02.2022 07:00:00;11014;3665;2463;1397
08.02.2022 07:00:00;08.02.2022 08:00:00;11061;3859;2496;1299
08.02.2022 08:00:00;08.02.2022 09:00:00;11039;3954;2635;1400
08.02.2022 09:00:00;08.02.2022 10:00:00;11028;3931;2641;1399
08.02.2022 10:00:00;08.02.2022 11:00:00;11082;3987;2667;1539
08.02.2022 11:00:00;08.02.2022 12:00:00;11000;3991;2660;1412
08.02.2022 12:00:00;08.02.2022 13:00:00;10867;3951;2611;1460
08.02.2022 13:00:00;08.02.2022 14:00:00;10660;3884;2654;1530
08.02.2022 14:00:00;08.02.2022 15:00:00;10679;3927;2661;1529
08.02.2022 15:00:00;08.02.2022 16:00:00;10642;3978;2650;1549
08.02.2022 16:00:00;08.02.2022 17:00:00;11017;4015;2667;1490
08.02.2022 17:00:00;08.02.2022 18:00:00;11094;4053;2679;1361
08.02.2022 18:00:00;08.02.2022 19:00:00;11139;4060;2649;1350
08.02.2022 19:00:00;08.02.2022 20:00:00;10940;3933;2623;1593
08.02.2022 20:00:00;08.02.2022 21:00:00;10471;3773;2580;1454
08.02.2022 21:00:00;08.02.2022 22:00:00;10546;3811;2650;1208
08.02.2022 22:00:00;08.02.2022 23:00:00;10285;3706;2596;1157
08.02.2022 23:00:00;09.02.2022 00:00:00;9855;3687;2476;1222
09.02.2022 00:00:00;09.02.2022 01:00:00;9555;3622;2386;1306
09.02.2022 01:00:00;09.02.2022 02:00:00;9393;3486;2379;1337
09.02.2022 02:00:00;09.02.2022 03:00:00;9362;3467;2383;1281
09.02.2022 03:00:00;09.02.2022 04:00:00;9456;3525;2375;1269
09.02.2022 04:00:00;09.02.2022 05:00:00;9744;3643;2399;1327
09.02.2022 05:00:00;09.02.2022 06:00:00;10527;3704;2366;1331
09.02.2022 06:00:00;09.02.2022 07:00:00;10932;3764;2453;1333
09.02.2022 07:00:00;09.02.2022 08:00:00;10919;3899;2588;1421
09.02.2022 08:00:00;09.02.2022 09:00:00;10944;3877;2606;1343
09.02.2022 09:00:00;09.02.2022 10:00:00;10868;3967;2622;1410
09.02.2022 10:00:00;09.02.2022 11:00:00;10790;3953;2574;1511
09.02.2022 11:00:00;09.02.2022 12:00:00;10822;3907;2559;1415
09.02.2022 12:00:00;09.02.2022 13:00:00;10685;3926;2662;1351
09.02.2022 13:00:00;09.02.2022 14:00:00;10623;4020;2636;1375
09.02.2022 14:00:00;09.02.2022 15:00:00;10558;3998;2675;1455
09.02.2022 15:00:00;09.02.2022 16:00:00;10640;3988;2655;1383
09.02.2022 16:00:00;09.02.2022 17:00:00;11036;4068;2652;1348
09.02.2022 17:00:00;09.02.2022 18:00:00;11127;4031;2635;1439
09.02.2022 18:00:00;09.02.2022 19:00:00;11118;3990;2628;1469
09.02.2022 19:00:00;09.02.2022 20:00:00;10823;4046;2679;1313
09.02.2022 20:00:00;09.02.2022 21:00:00;10351;3977;2660;1355
09.02.2022 21:00:00;09.02.2022 22:00:00;10321;4058;2642;1228
09.02.2022 22:00:00;09.02.2022 23:00:00;10104;3919;2575;1278
09.02.2022 23:00:00;10.02.2022 00:00:00;9699;3609;2478;1327
10.02.2022 00:00:00;10.02.2022 01:00:00;9388;3611;2365;1139
10.02.2022 01:00:00;10.02.2022 02:00:00;9241;3583;2319;1133
10.02.2022 02:00:00;10.02.2022 03:00:00;9178;3515;2248;1172
10.02.2022 03:00:00;10.02.2022 04:00:00;9302;3553;2260;1237
10.02.2022 04:00:00;10.02.2022 05:00:00;9637;3453;2333;1253
10.02.2022 05:00:00;10.02.2022 06:00:00;10499;3630;2287;1266
10.02.2022 06:00:00;10.02.2022 07:00:00;10963;3805;2460;1348
10.02.2022 07:00:00;10.02.2022 08:00:00;10938;3916;2664;1359
10.02.2022 08:00:00;10.02.2022 09:00:00;10869;4013;2688;1431
10.02.2022 09:00:00;10.02.2022 10:00:00;10719;3908;2687;1409
10.02.2022 10:00:00;10.02.2022 11:00:00;10697;3986;2682;1455
10.02.2022 11:00:00;10.02.2022 12:00:00;10731;4019;2693;1465
10.02.2022 12:00:00;10.02.2022 13:00:00;10616;4029;2702;1431
10.02.2022 13:00:00;10.02.2022 14:00:00;10531;4019;2715;1402
10.02.2022 14:00:00;10.02.2022 15:00:00;10476;4026;2703;1385
10.02.2022 15:00:00;10.02.2022 16:00:00;10446;3943;2609;1426
10.02.2022 16:00:00;10.02.2022 17:00:00;10819;3984;2641;1514
10.02.2022 17:00:00;10.02.2022 18:00:00;10947;4089;2664;1396
10.02.2022 18:00:00;10.02.2022 19:00:00;10989;3997;2591;1321
10.02.2022 19:00:00;10.02.2022 20:00:00;10781;3743;2647;1398
10.02.2022 20:00:00;10.02.2022 21:00:00;10397;3916;2681;1394
10.02.2022 21:00:00;10.02.2022 22:00:00;10476;4042;2596;3021
10.02.2022 22:00:00;10.02.2022 23:00:00;10289;3815;2610;2943
10.02.2022 23:00:00;11.02.2022 00:00:00;9926;3676;2507;2915
11.02.2022 00:00:00;11.02.2022 01:00:00;9627;3464;2421;1275
11.02.2022 01:00:00;11.02.2022 02:00:00;9458;3670;2442;1319
11.02.2022 02:00:00;11.02.2022 03:00:00;9479;3650;2439;1308
11.02.2022 03:00:00;11.02.2022 04:00:00;9668;3429;2393;1267
11.02.2022 04:00:00;11.02.2022 05:00:00;10002;3550;2449;1285
11.02.2022 05:00:00;11.02.2022 06:00:00;10835;3801;2463;1334
11.02.2022 06:00:00;11.02.2022 07:00:00;11333;3797;2577;1326
11.02.2022 07:00:00;11.02.2022 08:00:00;11390;4083;2668;1317
11.02.2022 08:00:00;11.02.2022 09:00:00;11396;4072;2656;1342
11.02.2022 09:00:00;11.02.2022 10:00:00;11293;4034;2696;1399
11.02.2022 10:00:00;11.02.2022 11:00:00;11270;4193;2620;1461
11.02.2022 11:00:00;11.02.2022 12:00:00;11197;4088;2851;1574
11.02.2022 12:00:00;11.02.2022 13:00:00;10961;3926;2591;1649
11.02.2022 13:00:00;11.02.2022 14:00:00;10828;4049;2631;1539
11.02.2022 14:00:00;11.02.2022 15:00:00;10779;3840;2596;1450
11.02.2022 15:00:00;11.02.2022 16:00:00;10787;3885;2663;1446
11.02.2022 16:00:00;11.02.2022 17:00:00;11195;4049;2808;1430
11.02.2022 17:00:00;11.02.2022 18:00:00;11426;4038;2802;1357
11.02.2022 18:00:00;11.02.2022 19:00:00;11407;3960;2766;1351
11.02.2022 19:00:00;11.02.2022 20:00:00;11200;3893;2780;1159
11.02.2022 20:00:00;11.02.2022 21:00:00;10748;3881;2690;1141
11.02.2022 21:00:00;11.02.2022 22:00:00;10829;3823;2628;1449
11.02.2022 22:00:00;11.02.2022 23:00:00;10600;3722;2547;1292
11.02.2022 23:00:00;12.02.2022 00:00:00;10318;3632;2418;1326
12.02.2022 00:00:00;12.02.2022 01:00:00;10049;3546;2551;1358
12.02.2022 01:00:00;12.02.2022 02:00:00;9828;3464;2494;1166
12.02.2022 02:00:00;12.02.2022 03:00:00;9764;3472;2461;1389
12.02.2022 03:00:00;12.02.2022 04:00:00;9793;3459;2456;1443
12.02.2022 04:00:00;12.02.2022 05:00:00;9971;3421;2427;1331
12.02.2022 05:00:00;12.02.2022 06:00:00;10241;3435;2475;1373
12.02.2022 06:00:00;12.02.2022 07:00:00;10354;3475;2532;1473
12.02.2022 07:00:00;12.02.2022 08:00:00;10422;3477;2586;1546
12.02.2022 08:00:00;12.02.2022 09:00:00;10602;3640;2616;1317
12.02.2022 09:00:00;12.02.2022 10:00:00;10651;3901;2584;1287
12.02.2022 10:00:00;12.02.2022 11:00:00;10674;3857;2654;1383
12.02.2022 11:00:00;12.02.2022 12:00:00;10520;3836;2659;1390
12.02.2022 12:00:00;12.02.2022 13:00:00;10346;3782;2618;1537
12.02.2022 13:00:00;12.02.2022 14:00:00;10358;3691;2622;1526
12.02.2022 14:00:00;12.02.2022 15:00:00;10373;3675;2577;1385
12.02.2022 15:00:00;12.02.2022 16:00:00;10541;3752;2620;1410
12.02.2022 16:00:00;12.02.2022 17:00:00;11094;3732;2670;1335
12.02.2022 17:00:00;12.02.2022 18:00:00;11364;3736;2705;1428
12.02.2022 18:00:00;12.02.2022 19:00:00;11321;3671;2686;1498
12.02.2022 19:00:00;12.02.2022 20:00:00;10910;3785;2670;1515
12.02.2022 20:00:00;12.02.2022 21:00:00;10494;3749;2567;1568
12.02.2022 21:00:00;12.02.2022 22:00:00;10633;3614;2484;1584
12.02.2022 22:00:00;12.02.2022 23:00:00;10460;3562;2435;1582
12.02.2022 23:00:00;13.02.2022 00:00:00;10182;3513;2356;1533
13.02.2022 00:00:00;13.02.2022 01:00:00;9877;3421;2375;1490
13.02.2022 01:00:00;13.02.2022 02:00:00;9709;3229;2368;1382
13.02.2022 02:00:00;13.02.2022 03:00:00;9564;3151;2320;1176
13.02.2022 03:00:00;13.02.2022 04:00:00;9497;3204;2307;1111
13.02.2022 04:00:00;13.02.2022 05:00:00;9521;3260;2342;1156
13.02.2022 05:00:00;13.02.2022 06:00:00;9668;3279;2342;1193
13.02.2022 06:00:00;13.02.2022 07:00:00;9714;3236;2388;1339
13.02.2022 07:00:00;13.02.2022 08:00:00;9848;3266;2416;1456
13.02.2022 08:00:00;13.02.2022 09:00:00;10062;3299;2473;1565
13.02.2022 09:00:00;13.02.2022 10:00:00;10235;3307;2501;1538
13.02.2022 10:00:00;13.02.2022 11:00:00;10358;3446;2535;1538
13.02.2022 11:00:00;13.02.2022 12:00:00;10431;3437;2567;1467
13.02.2022 12:00:00;13.02.2022 13:00:00;10365;3370;2616;1526
13.02.2022 13:00:00;13.02.2022 14:00:00;10304;3257;2636;1463
13.02.2022 14:00:00;13.02.2022 15:00:00;10211;3518;2738;1387
13.02.2022 15:00:00;13.02.2022 16:00:00;10209;3640;2669;1361
13.02.2022 16:00:00;13.02.2022 17:00:00;10633;3566;2536;1297
13.02.2022 17:00:00;13.02.2022 18:00:00;10811;3596;2766;1331
13.02.2022 18:00:00;13.02.2022 19:00:00;10765;3567;2727;1458
13.02.2022 19:00:00;13.02.2022 20:00:00;10512;3550;2665;1340
13.02.2022 20:00:00;13.02.2022 21:00:00;10067;3492;2622;1619
13.02.2022 21:00:00;13.02.2022 22:00:00;10226;3473;2640;1342
13.02.2022 22:00:00;13.02.2022 23:00:00;10080;3351;2604;1088
13.02.2022 23:00:00;14.02.2022 00:00:00;9689;3501;2514;1334
14.02.2022 00:00:00;14.02.2022 01:00:00;9365;3530;2473;1435
14.02.2022 01:00:00;14.02.2022 02:00:00;9229;3473;2455;1454
14.02.2022 02:00:00;14.02.2022 03:00:00;9225;3525;2427;1299
14.02.2022 03:00:00;14.02.2022 04:00:00;9299;3535;2496;1425
14.02.2022 04:00:00;14.02.2022 05:00:00;9663;3444;2534;1418
14.02.2022 05:00:00;14.02.2022 06:00:00;10482;3547;2623;1213
14.02.2022 06:00:00;14.02.2022 07:00:00;11000;3667;2597;1213
14.02.2022 07:00:00;14.02.2022 08:00:00;11016;3814;2831;1341
14.02.2022 08:00:00;14.02.2022 09:00:00;11086;3976;2808;1660
14.02.2022 09:00:00;14.02.2022 10:00:00;11133;3867;2810;1832
14.02.2022 10:00:00;14.02.2022 11:00:00;11024;3891;2827;1690
14.02.2022 11:00:00;14.02.2022 12:00:00;11011;3807;2780;1566
14.02.2022 12:00:00;14.02.2022 13:00:00;10912;3758;2784;1563
14.02.2022 13:00:00;14.02.2022 14:00:00;10826;3757;2832;1509
14.02.2022 14:00:00;14.02.2022 15:00:00;10759;3760;2756;1567
14.02.2022 15:00:00;14.02.2022 16:00:00;10707;3786;2764;1643
14.02.2022 16:00:00;14.02.2022 17:00:00;11025;3889;2838;1641
14.02.2022 17:00:00;14.02.2022 18:00:00;11096;3916;2820;1625
14.02.2022 18:00:00;14.02.2022 19:00:00;11130;3782;2749;1492
14.02.2022 19:00:00;14.02.2022 20:00:00;10920;3809;2886;1451
14.02.2022 20:00:00;14.02.2022 21:00:00;10546;3866;2827;1440
14.02.2022 21:00:00;14.02.2022 22:00:00;10718;3839;2769;1493
14.02.2022 22:00:00;14.02.2022 23:00:00;10486;3632;2737;1494
14.02.2022 23:00:00;15.02.2022 00:00:00;10090;3431;2686;1438
15.02.2022 00:00:00;15.02.2022 01:00:00;9800;3285;2591;1384
15.02.2022 01:00:00;15.02.2022 02:00:00;9583;3421;2519;1353
15.02.2022 02:00:00;15.02.2022 03:00:00;9537;3423;2476;1295
15.02.2022 03:00:00;15.02.2022 04:00:00;9626;3460;2484;1261
15.02.2022 04:00:00;15.02.2022 05:00:00;9961;3475;2295;1259
15.02.2022 05:00:00;15.02.2022 06:00:00;10708;3440;2132;1373
15.02.2022 06:00:00;15.02.2022 07:00:00;11128;3572;2679;1299
15.02.2022 07:00:00;15.02.2022 08:00:00;11171;3826;2819;1408
15.02.2022 08:00:00;15.02.2022 09:00:00;11197;3965;2839;1466
15.02.2022 09:00:00;15.02.2022 10:00:00;11206;3971;2879;1536
15.02.2022 10:00:00;15.02.2022 11:00:00;11251;3981;2814;1654
15.02.2022 11:00:00;15.02.2022 12:00:00;11252;4060;2770;1621
15.02.2022 12:00:00;15.02.2022 13:00:00;11106;4005;2729;1534
15.02.2022 13:00:00;15.02.2022 14:00:00;10939;4086;2793;1601
15.02.2022 14:00:00;15.02.2022 15:00:00;10932;4065;2811;1644
15.02.2022 15:00:00;15.02.2022 16:00:00;10932;4005;2829;1579
15.02.2022 16:00:00;15.02.2022 17:00:00;11196;3983;2830;1562
15.02.2022 17:00:00;15.02.2022 18:00:00;11333;4018;2832;1531
15.02.2022 18:00:00;15.02.2022 19:00:00;11299;4009;2849;1575
15.02.2022 19:00:00;15.02.2022 20:00:00;11050;3961;2834;1673
15.02.2022 20:00:00;15.02.2022 21:00:00;10572;3989;2815;1584
15.02.2022 21:00:00;15.02.2022 22:00:00;10654;3994;2761;1569
15.02.2022 22:00:00;15.02.2022 23:00:00;10386;3887;2711;1543
15.02.2022 23:00:00;16.02.2022 00:00:00;9925;3721;2621;1477
16.02.2022 00:00:00;16.02.2022 01:00:00;9559;3634;2605;1314
16.02.2022 01:00:00;16.02.2022 02:00:00;9422;3542;2545;1280
16.02.2022 02:00:00;16.02.2022 03:00:00;9359;3439;2573;1140
16.02.2022 03:00:00;16.02.2022 04:00:00;9385;3465;2571;1042
16.02.2022 04:00:00;16.02.2022 05:00:00;9694;3560;2577;1359
16.02.2022 05:00:00;16.02.2022 06:00:00;10343;3614;2630;1357
16.02.2022 06:00:00;16.02.2022 07:00:00;10721;3761;2690;1503
16.02.2022 07:00:00;16.02.2022 08:00:00;10716;3940;2878;1504
16.02.2022 08:00:00;16.02.2022 09:00:00;10735;4044;2818;1516
16.02.2022 09:00:00;16.02.2022 10:00:00;10713;4097;2817;1595
16.02.2022 10:00:00;16.02.2022 11:00:00;10750;4041;2823;1614
16.02.2022 11:00:00;16.02.2022 12:00:00;10725;4058;2812;1641
16.02.2022 12:00:00;16.02.2022 13:00:00;10627;3940;2801;1706
16.02.2022 13:00:00;16.02.2022 14:00:00;10604;3836;2771;1674
16.02.2022 14:00:00;16.02.2022 15:00:00;10600;3844;2773;1698
16.02.2022 15:00:00;16.02.2022 16:00:00;10608;3926;2845;1785
16.02.2022 16:00:00;16.02.2022 17:00:00;10880;3931;2847;1760
16.02.2022 17:00:00;16.02.2022 18:00:00;11079;3943;2834;1758
16.02.2022 18:00:00;16.02.2022 19:00:00;11113;3986;2844;1712
16.02.2022 19:00:00;16.02.2022 20:00:00;10818;3958;2807;1639
16.02.2022 20:00:00;16.02.2022 21:00:00;10376;3923;2846;1596
16.02.2022 21:00:00;16.02.2022 22:00:00;10471;3912;2811;1595
16.02.2022 22:00:00;16.02.2022 23:00:00;10219;3872;2777;1634
16.02.2022 23:00:00;17.02.2022 00:00:00;9830;3742;2706;1467
17.02.2022 00:00:00;17.02.2022 01:00:00;9551;3680;2608;1469
17.02.2022 01:00:00;17.02.2022 02:00:00;9392;3590;2549;1470
17.02.2022 02:00:00;17.02.2022 03:00:00;9314;3655;2486;1441
17.02.2022 03:00:00;17.02.2022 04:00:00;9402;3582;2547;1435
17.02.2022 04:00:00;17.02.2022 05:00:00;9699;3597;2553;1444
17.02.2022 05:00:00;17.02.2022 06:00:00;10390;3803;2563;1368
17.02.2022 06:00:00;17.02.2022 07:00:00;10715;3950;2646;1443
17.02.2022 07:00:00;17.02.2022 08:00:00;10768;4119;2788;1452
17.02.2022 08:00:00;17.02.2022 09:00:00;10811;4214;2853;1412
17.02.2022 09:00:00;17.02.2022 10:00:00;10855;4170;2847;1534
17.02.2022 10:00:00;17.02.2022 11:00:00;10914;4138;2858;1548
17.02.2022 11:00:00;17.02.2022 12:00:00;10890;4116;2822;1559
17.02.2022 12:00:00;17.02.2022 13:00:00;10839;4069;2810;1531
17.02.2022 13:00:00;17.02.2022 14:00:00;10774;3927;2648;1559
17.02.2022 14:00:00;17.02.2022 15:00:00;10673;3896;2636;1550
17.02.2022 15:00:00;17.02.2022 16:00:00;10601;3834;2761;1577
17.02.2022 16:00:00;17.02.2022 17:00:00;10848;3922;2793;1613
17.02.2022 17:00:00;17.02.2022 18:00:00;11065;3973;2787;1517
17.02.2022 18:00:00;17.02.2022 19:00:00;11067;3971;2769;1487
17.02.2022 19:00:00;17.02.2022 20:00:00;10887;3816;2724;1582
17.02.2022 20:00:00;17.02.2022 21:00:00;10494;3876;2725;1543
17.02.2022 21:00:00;17.02.2022 22:00:00;10620;3896;2729;1368
17.02.2022 22:00:00;17.02.2022 23:00:00;10372;3914;2697;1281
17.02.2022 23:00:00;18.02.2022 00:00:00;9939;3852;2584;1372
18.02.2022 00:00:00;18.02.2022 01:00:00;9686;3709;2546;1262
18.02.2022 01:00:00;18.02.2022 02:00:00;9506;3618;2515;1077
18.02.2022 02:00:00;18.02.2022 03:00:00;9489;3641;2516;1364
18.02.2022 03:00:00;18.02.2022 04:00:00;9636;3602;2471;1194
18.02.2022 04:00:00;18.02.2022 05:00:00;9986;3499;2540;1329
18.02.2022 05:00:00;18.02.2022 06:00:00;10748;3546;2554;1362
18.02.2022 06:00:00;18.02.2022 07:00:00;11109;3781;2695;1378
18.02.2022 07:00:00;18.02.2022 08:00:00;11083;4087;2823;1340
18.02.2022 08:00:00;18.02.2022 09:00:00;11271;4191;2891;1413
18.02.2022 09:00:00;18.02.2022 10:00:00;11309;4135;2808;1438
18.02.2022 10:00:00;18.02.2022 11:00:00;11335;4093;2741;1377
18.02.2022 11:00:00;18.02.2022 12:00:00;11179;4068;2788;1361
18.02.2022 12:00:00;18.02.2022 13:00:00;11106;4043;2796;1373
18.02.2022 13:00:00;18.02.2022 14:00:00;10967;3832;2764;1396
18.02.2022 14:00:00;18.02.2022 15:00:00;10929;3810;2804;1396
18.02.2022 15:00:00;18.02.2022 16:00:00;10833;3718;2823;1299
18.02.2022 16:00:00;18.02.2022 17:00:00;11078;3728;2809;1300
18.02.2022 17:00:00;18.02.2022 18:00:00;11435;3703;2731;1300
18.02.2022 18:00:00;18.02.2022 19:00:00;11381;3716;2756;1308
18.02.2022 19:00:00;18.02.2022 20:00:00;11125;3749;2751;1298
18.02.2022 20:00:00;18.02.2022 21:00:00;10653;3669;2659;1280
18.02.2022 21:00:00;18.02.2022 22:00:00;10747;3595;2573;1268
18.02.2022 22:00:00;18.02.2022 23:00:00;10532;3503;2539;1172
18.02.2022 23:00:00;19.02.2022 00:00:00;10121;3499;2513;1208
19.02.2022 00:00:00;19.02.2022 01:00:00;9822;3371;2475;1136
19.02.2022 01:00:00;19.02.2022 02:00:00;9642;3373;2378;1130
19.02.2022 02:00:00;19.02.2022 03:00:00;9555;3395;2387;1096
19.02.2022 03:00:00;19.02.2022 04:00:00;9510;3562;2372;1064
19.02.2022 04:00:00;19.02.2022 05:00:00;9683;3649;2444;1128
19.02.2022 05:00:00;19.02.2022 06:00:00;9914;3612;2447;1109
19.02.2022 06:00:00;19.02.2022 07:00:00;9993;3736;2446;1179
19.02.2022 07:00:00;19.02.2022 08:00:00;10095;3796;2485;1125
19.02.2022 08:00:00;19.02.2022 09:00:00;10313;3761;2550;1147
19.02.2022 09:00:00;19.02.2022 10:00:00;10464;3749;2593;1253
19.02.2022 10:00:00;19.02.2022 11:00:00;10463;3824;2612;1386
19.02.2022 11:00:00;19.02.2022 12:00:00;10364;3788;2596;1340
19.02.2022 12:00:00;19.02.2022 13:00:00;10307;3573;2560;1271
19.02.2022 13:00:00;19.02.2022 14:00:00;10232;3613;2550;1251
19.02.2022 14:00:00;19.02.2022 15:00:00;10302;3703;2531;1198
19.02.2022 15:00:00;19.02.2022 16:00:00;10363;3623;2576;1247
19.02.2022 16:00:00;19.02.2022 17:00:00;10796;3768;2593;1327
19.02.2022 17:00:00;19.02.2022 18:00:00;11273;3812;2619;1322
19.02.2022 18:00:00;19.02.2022 19:00:00;11247;3827;2623;1311
19.02.2022 19:00:00;19.02.2022 20:00:00;10816;3697;2612;1304
19.02.2022 20:00:00;19.02.2022 21:00:00;10333;3719;2576;1363
19.02.2022 21:00:00;19.02.2022 22:00:00;10524;3672;2542;1342
19.02.2022 22:00:00;19.02.2022 23:00:00;10380;3735;2501;1266
19.02.2022 23:00:00;20.02.2022 00:00:00;10048;3731;2478;1349
20.02.2022 00:00:00;20.02.2022 01:00:00;9668;3672;2443;1319
20.02.2022 01:00:00;20.02.2022 02:00:00;9555;3599;2404;1375
20.02.2022 02:00:00;20.02.2022 03:00:00;9384;3620;2407;1376
20.02.2022 03:00:00;20.02.2022 04:00:00;9437;3590;2412;1308
20.02.2022 04:00:00;20.02.2022 05:00:00;9486;3573;2421;1398
20.02.2022 05:00:00;20.02.2022 06:00:00;9778;3475;2531;1530
20.02.2022 06:00:00;20.02.2022 07:00:00;9766;3604;2473;1506
20.02.2022 07:00:00;20.02.2022 08:00:00;9775;3971;2487;1393
20.02.2022 08:00:00;20.02.2022 09:00:00;10054;3865;2543;1412
20.02.2022 09:00:00;20.02.2022 10:00:00;10233;3808;2582;1427
20.02.2022 10:00:00;20.02.2022 11:00:00;10196;3746;2611;1491
20.02.2022 11:00:00;20.02.2022 12:00:00;10096;3575;2597;1482
20.02.2022 12:00:00;20.02.2022 13:00:00;9932;3460;2547;1434
20.02.2022 13:00:00;20.02.2022 14:00:00;9863;3622;2569;1412
20.02.2022 14:00:00;20.02.2022 15:00:00;9862;3763;2596;1387
20.02.2022 15:00:00;20.02.2022 16:00:00;9884;3724;2653;1477
20.02.2022 16:00:00;20.02.2022 17:00:00;10242;3679;2665;1444
20.02.2022 17:00:00;20.02.2022 18:00:00;10699;3669;2713;1513
20.02.2022 18:00:00;20.02.2022 19:00:00;10749;3700;2704;1598
20.02.2022 19:00:00;20.02.2022 20:00:00;10581;3711;2697;1586
20.02.2022 20:00:00;20.02.2022 21:00:00;10195;3717;2715;1630
20.02.2022 21:00:00;20.02.2022 22:00:00;10470;3726;2655;1616
20.02.2022 22:00:00;20.02.2022 23:00:00;10347;3701;2590;1590
20.02.2022 23:00:00;21.02.2022 00:00:00;10069;3661;2514;1575
21.02.2022 00:00:00;21.02.2022 01:00:00;9821;3630;2496;1510
21.02.2022 01:00:00;21.02.2022 02:00:00;9708;3634;2494;1526
21.02.2022 02:00:00;21.02.2022 03:00:00;9670;3587;2470;1486
21.02.2022 03:00:00;21.02.2022 04:00:00;9817;3531;2493;1506
21.02.2022 04:00:00;21.02.2022 05:00:00;10162;3536;2511;1549
21.02.2022 05:00:00;21.02.2022 06:00:00;10887;3592;2545;1686
21.02.2022 06:00:00;21.02.2022 07:00:00;11206;3673;2658;1693
21.02.2022 07:00:00;21.02.2022 08:00:00;11251;3900;2743;1687
21.02.2022 08:00:00;21.02.2022 09:00:00;11394;4001;2809;1715
21.02.2022 09:00:00;21.02.2022 10:00:00;11388;3976;2831;1731
21.02.2022 10:00:00;21.02.2022 11:00:00;11422;3932;2822;1546
21.02.2022 11:00:00;21.02.2022 12:00:00;11334;3919;2802;1485
21.02.2022 12:00:00;21.02.2022 13:00:00;11252;3954;2779;1506
21.02.2022 13:00:00;21.02.2022 14:00:00;11099;3954;2791;1495
21.02.2022 14:00:00;21.02.2022 15:00:00;10994;4058;2813;1465
21.02.2022 15:00:00;21.02.2022 16:00:00;10883;4081;2899;1164
21.02.2022 16:00:00;21.02.2022 17:00:00;11156;4023;2874;1466
21.02.2022 17:00:00;21.02.2022 18:00:00;11421;4079;2846;1491
21.02.2022 18:00:00;21.02.2022 19:00:00;11361;4083;2861;1467
21.02.2022 19:00:00;21.02.2022 20:00:00;11137;4117;2859;1469
21.02.2022 20:00:00;21.02.2022 21:00:00;10711;4010;2829;1461
21.02.2022 21:00:00;21.02.2022 22:00:00;10842;3987;2837;1504
21.02.2022 22:00:00;21.02.2022 23:00:00;10712;3936;2795;1513
21.02.2022 23:00:00;22.02.2022 00:00:00;10329;3872;2736;1469
22.02.2022 00:00:00;22.02.2022 01:00:00;10092;3744;2676;1477
22.02.2022 01:00:00;22.02.2022 02:00:00;9894;3604;2635;1527
22.02.2022 02:00:00;22.02.2022 03:00:00;9880;3641;2651;1450
22.02.2022 03:00:00;22.02.2022 04:00:00;9888;3605;2601;1495
22.02.2022 04:00:00;22.02.2022 05:00:00;10218;3475;2637;1484
22.02.2022 05:00:00;22.02.2022 06:00:00;10975;3633;2682;1455
22.02.2022 06:00:00;22.02.2022 07:00:00;11273;3785;2812;1753
22.02.2022 07:00:00;22.02.2022 08:00:00;11436;3946;2940;1739
22.02.2022 08:00:00;22.02.2022 09:00:00;11491;4026;2910;1733
22.02.2022 09:00:00;22.02.2022 10:00:00;11483;4065;2899;1518
22.02.2022 10:00:00;22.02.2022 11:00:00;11402;4046;2896;1643
22.02.2022 11:00:00;22.02.2022 12:00:00;11387;3968;2875;1614
22.02.2022 12:00:00;22.02.2022 13:00:00;11249;3980;2827;1583
22.02.2022 13:00:00;22.02.2022 14:00:00;11175;3928;2962;1613
22.02.2022 14:00:00;22.02.2022 15:00:00;11117;3805;2945;1611
22.02.2022 15:00:00;22.02.2022 16:00:00;11019;3899;2923;1652
22.02.2022 16:00:00;22.02.2022 17:00:00;11332;3858;2897;1678
22.02.2022 17:00:00;22.02.2022 18:00:00;11790;3901;2916;1722
22.02.2022 18:00:00;22.02.2022 19:00:00;11968;4044;2869;1757
22.02.2022 19:00:00;22.02.2022 20:00:00;11742;4123;2913;1703
22.02.2022 20:00:00;22.02.2022 21:00:00;11377;4004;2911;1757
22.02.2022 21:00:00;22.02.2022 22:00:00;11551;4049;2864;1663
22.02.2022 22:00:00;22.02.2022 23:00:00;11389;3815;2758;1630
22.02.2022 23:00:00;23.02.2022 00:00:00;11042;3577;2678;1544
23.02.2022 00:00:00;23.02.2022 01:00:00;10810;3512;2615;1571
23.02.2022 01:00:00;23.02.2022 02:00:00;10723;3492;2644;1590
23.02.2022 02:00:00;23.02.2022 03:00:00;10797;3589;2625;1541
23.02.2022 03:00:00;23.02.2022 04:00:00;10924;3563;2635;1510
23.02.2022 04:00:00;23.02.2022 05:00:00;11333;3430;2638;1609
23.02.2022 05:00:00;23.02.2022 06:00:00;12128;3582;2654;1650
23.02.2022 06:00:00;23.02.2022 07:00:00;12237;3716;2853;1774
23.02.2022 07:00:00;23.02.2022 08:00:00;12425;3801;2984;1820
23.02.2022 08:00:00;23.02.2022 09:00:00;12447;3917;2892;1801
23.02.2022 09:00:00;23.02.2022 10:00:00;12401;3948;2912;1838
23.02.2022 10:00:00;23.02.2022 11:00:00;12281;3916;2844;1533
23.02.2022 11:00:00;23.02.2022 12:00:00;12119;3803;2835;1511
23.02.2022 12:00:00;23.02.2022 13:00:00;11886;3686;2847;1496
23.02.2022 13:00:00;23.02.2022 14:00:00;11770;3705;2821;1473
23.02.2022 14:00:00;23.02.2022 15:00:00;11578;3781;2910;1588
23.02.2022 15:00:00;23.02.2022 16:00:00;11564;3956;2883;1654
23.02.2022 16:00:00;23.02.2022 17:00:00;11699;3927;2876;1670
23.02.2022 17:00:00;23.02.2022 18:00:00;12089;3794;2904;1763
23.02.2022 18:00:00;23.02.2022 19:00:00;12179;3845;2921;1604
23.02.2022 19:00:00;23.02.2022 20:00:00;11922;3740;2901;1367
23.02.2022 20:00:00;23.02.2022 21:00:00;11392;3817;2864;1477
23.02.2022 21:00:00;23.02.2022 22:00:00;11439;3788;2823;1528
23.02.2022 22:00:00;23.02.2022 23:00:00;11261;3679;2794;1509
23.02.2022 23:00:00;24.02.2022 00:00:00;10754;3589;2694;1363
24.02.2022 00:00:00;24.02.2022 01:00:00;10481;3489;2636;1501
24.02.2022 01:00:00;24.02.2022 02:00:00;10207;3467;2622;1437
24.02.2022 02:00:00;24.02.2022 03:00:00;10067;3530;2610;1331
24.02.2022 03:00:00;24.02.2022 04:00:00;9974;3458;2562;1278
24.02.2022 04:00:00;24.02.2022 05:00:00;10231;3475;2563;1109
24.02.2022 05:00:00;24.02.2022 06:00:00;10928;3607;2621;1334
24.02.2022 06:00:00;24.02.2022 07:00:00;11168;3705;2726;1575
24.02.2022 07:00:00;24.02.2022 08:00:00;11084;3869;2896;1564
24.02.2022 08:00:00;24.02.2022 09:00:00;11200;3868;3008;1610
24.02.2022 09:00:00;24.02.2022 10:00:00;11205;3897;2973;1631
24.02.2022 10:00:00;24.02.2022 11:00:00;11237;3910;2896;1505
24.02.2022 11:00:00;24.02.2022 12:00:00;11229;3885;2761;1536
24.02.2022 12:00:00;24.02.2022 13:00:00;11063;3822;2663;1293
24.02.2022 13:00:00;24.02.2022 14:00:00;10971;3751;2704;980
24.02.2022 14:00:00;24.02.2022 15:00:00;10812;3851;2639;1240
24.02.2022 15:00:00;24.02.2022 16:00:00;10662;3931;2672;1254
24.02.2022 16:00:00;24.02.2022 17:00:00;10866;4002;2715;1329
24.02.2022 17:00:00;24.02.2022 18:00:00;11145;4140;2671;1398
24.02.2022 18:00:00;24.02.2022 19:00:00;11174;4306;2701;1318
24.02.2022 19:00:00;24.02.2022 20:00:00;10898;4244;2715;1326
24.02.2022 20:00:00;24.02.2022 21:00:00;10434;4121;2645;1302
24.02.2022 21:00:00;24.02.2022 22:00:00;10467;3659;2641;1312
24.02.2022 22:00:00;24.02.2022 23:00:00;10302;3719;2626;1261
24.02.2022 23:00:00;25.02.2022 00:00:00;9933;3600;2566;1239
25.02.2022 00:00:00;25.02.2022 01:00:00;9575;3607;2550;1212
25.02.2022 01:00:00;25.02.2022 02:00:00;9385;3481;2394;1284
25.02.2022 02:00:00;25.02.2022 03:00:00;9392;3366;2378;1188
25.02.2022 03:00:00;25.02.2022 04:00:00;9441;3290;2348;1116
25.02.2022 04:00:00;25.02.2022 05:00:00;9769;3405;2540;1210
25.02.2022 05:00:00;25.02.2022 06:00:00;10428;3459;2561;1292
25.02.2022 06:00:00;25.02.2022 07:00:00;10660;3675;2509;1347
25.02.2022 07:00:00;25.02.2022 08:00:00;10715;4106;2601;1319
25.02.2022 08:00:00;25.02.2022 09:00:00;10863;3819;2721;1386
25.02.2022 09:00:00;25.02.2022 10:00:00;10913;3777;2727;1259
25.02.2022 10:00:00;25.02.2022 11:00:00;10987;3993;2771;1370
25.02.2022 11:00:00;25.02.2022 12:00:00;10972;3919;2714;1511
25.02.2022 12:00:00;25.02.2022 13:00:00;10789;3863;2690;1568
25.02.2022 13:00:00;25.02.2022 14:00:00;10658;3791;2706;1436
25.02.2022 14:00:00;25.02.2022 15:00:00;10633;3782;2655;1411
25.02.2022 15:00:00;25.02.2022 16:00:00;10545;3756;2624;1566
25.02.2022 16:00:00;25.02.2022 17:00:00;10668;3783;2672;1499
25.02.2022 17:00:00;25.02.2022 18:00:00;11044;3904;2728;1228
25.02.2022 18:00:00;25.02.2022 19:00:00;11042;3860;2958;1146
25.02.2022 19:00:00;25.02.2022 20:00:00;10823;3977;2727;1167
25.02.2022 20:00:00;25.02.2022 21:00:00;10489;3887;2761;1211
25.02.2022 21:00:00;25.02.2022 22:00:00;10544;3863;2703;1215
25.02.2022 22:00:00;25.02.2022 23:00:00;10303;3452;2619;1288
25.02.2022 23:00:00;26.02.2022 00:00:00;9906;3347;2554;1265
26.02.2022 00:00:00;26.02.2022 01:00:00;9543;3350;2533;1194
26.02.2022 01:00:00;26.02.2022 02:00:00;9367;3499;2442;1183
26.02.2022 02:00:00;26.02.2022 03:00:00;9335;3551;2394;1166
26.02.2022 03:00:00;26.02.2022 04:00:00;9386;3511;2322;1175
26.02.2022 04:00:00;26.02.2022 05:00:00;9518;3570;2370;1386
26.02.2022 05:00:00;26.02.2022 06:00:00;9790;3573;2386;1410
26.02.2022 06:00:00;26.02.2022 07:00:00;9774;3502;2517;1524
26.02.2022 07:00:00;26.02.2022 08:00:00;10000;3379;2602;1614
26.02.2022 08:00:00;26.02.2022 09:00:00;10173;3623;2636;1541
26.02.2022 09:00:00;26.02.2022 10:00:00;10165;3863;2704;1489
26.02.2022 10:00:00;26.02.2022 11:00:00;9994;3872;2698;1344
26.02.2022 11:00:00;26.02.2022 12:00:00;10005;3734;2675;1372
26.02.2022 12:00:00;26.02.2022 13:00:00;9888;3676;2665;1270
26.02.2022 13:00:00;26.02.2022 14:00:00;9832;3702;2597;1290
26.02.2022 14:00:00;26.02.2022 15:00:00;9861;3705;2645;1282
26.02.2022 15:00:00;26.02.2022 16:00:00;9977;3676;2615;1125
26.02.2022 16:00:00;26.02.2022 17:00:00;10345;3551;2666;1039
26.02.2022 17:00:00;26.02.2022 18:00:00;11044;3618;2755;1208
26.02.2022 18:00:00;26.02.2022 19:00:00;11108;3853;2806;1301
26.02.2022 19:00:00;26.02.2022 20:00:00;10869;3964;2773;1368
26.02.2022 20:00:00;26.02.2022 21:00:00;10455;3798;2655;1397
26.02.2022 21:00:00;26.02.2022 22:00:00;10570;3713;2625;1334
26.02.2022 22:00:00;26.02.2022 23:00:00;10604;3668;2587;1315
26.02.2022 23:00:00;27.02.2022 00:00:00;10280;3595;2567;1276
27.02.2022 00:00:00;27.02.2022 01:00:00;9949;3483;2516;1391
27.02.2022 01:00:00;27.02.2022 02:00:00;9767;3445;2503;1422
27.02.2022 02:00:00;27.02.2022 03:00:00;9636;3417;2476;1389
27.02.2022 03:00:00;27.02.2022 04:00:00;9613;3421;2373;1408
27.02.2022 04:00:00;27.02.2022 05:00:00;9665;3349;2319;1412
27.02.2022 05:00:00;27.02.2022 06:00:00;9802;3296;2319;1445
27.02.2022 06:00:00;27.02.2022 07:00:00;9605;3248;2328;1257
27.02.2022 07:00:00;27.02.2022 08:00:00;9820;3148;2336;1229
27.02.2022 08:00:00;27.02.2022 09:00:00;9999;3195;2283;1376
27.02.2022 09:00:00;27.02.2022 10:00:00;10013;3225;2343;1284
27.02.2022 10:00:00;27.02.2022 11:00:00;9999;3355;2387;1311
27.02.2022 11:00:00;27.02.2022 12:00:00;9916;3461;2390;1336
27.02.2022 12:00:00;27.02.2022 13:00:00;9736;3594;2371;1288
27.02.2022 13:00:00;27.02.2022 14:00:00;9598;3543;2438;1163
27.02.2022 14:00:00;27.02.2022 15:00:00;9482;3399;2499;1117
27.02.2022 15:00:00;27.02.2022 16:00:00;9448;3271;2539;1375
27.02.2022 16:00:00;27.02.2022 17:00:00;9755;3407;2559;1475
27.02.2022 17:00:00;27.02.2022 18:00:00;10363;3441;2445;1477
27.02.2022 18:00:00;27.02.2022 19:00:00;10416;3678;2652;1508
27.02.2022 19:00:00;27.02.2022 20:00:00;10218;3722;2671;1549
27.02.2022 20:00:00;27.02.2022 21:00:00;9854;3826;2460;1542
27.02.2022 21:00:00;27.02.2022 22:00:00;10055;3769;2542;1354
27.02.2022 22:00:00;27.02.2022 23:00:00;9976;3673;2553;1136
27.02.2022 23:00:00;28.02.2022 00:00:00;9624;3581;2441;1105
28.02.2022 00:00:00;28.02.2022 01:00:00;9330;3473;2303;1042
28.02.2022 01:00:00;28.02.2022 02:00:00;9234;3311;2209;1121
28.02.2022 02:00:00;28.02.2022 03:00:00;9178;3210;2307;1247
28.02.2022 03:00:00;28.02.2022 04:00:00;9289;3414;2300;1162
28.02.2022 04:00:00;28.02.2022 05:00:00;9670;3581;2332;1170
28.02.2022 05:00:00;28.02.2022 06:00:00;10399;3642;2292;1280
28.02.2022 06:00:00;28.02.2022 07:00:00;10649;3773;2436;1361
28.02.2022 07:00:00;28.02.2022 08:00:00;10836;3905;2609;1636
28.02.2022 08:00:00;28.02.2022 09:00:00;10838;3926;2632;1609
28.02.2022 09:00:00;28.02.2022 10:00:00;10684;3858;2518;1300
28.02.2022 10:00:00;28.02.2022 11:00:00;10552;3822;2384;1398
28.02.2022 11:00:00;28.02.2022 12:00:00;10345;3833;2522;1334
28.02.2022 12:00:00;28.02.2022 13:00:00;10119;3780;2448;1289
28.02.2022 13:00:00;28.02.2022 14:00:00;9976;3514;2464;1300
28.02.2022 14:00:00;28.02.2022 15:00:00;9930;3405;2479;1318
28.02.2022 15:00:00;28.02.2022 16:00:00;9875;3574;2530;1395
28.02.2022 16:00:00;28.02.2022 17:00:00;9979;3781;2526;1351
28.02.2022 17:00:00;28.02.2022 18:00:00;10426;3795;2505;1304
28.02.2022 18:00:00;28.02.2022 19:00:00;10617;3757;2532;1075
28.02.2022 19:00:00;28.02.2022 20:00:00;10506;3575;2419;842
28.02.2022 20:00:00;28.02.2022 21:00:00;10099;3435;2431;947
28.02.2022 21:00:00;28.02.2022 22:00:00;10206;3599;2471;1341
28.02.2022 22:00:00;28.02.2022 23:00:00;10090;3681;2407;1393
28.02.2022 23:00:00;01.03.2022 00:00:00;9666;3496;2256;1302
01.03.2022 00:00:00;01.03.2022 01:00:00;9360;3451;2274;1360
01.03.2022 01:00:00;01.03.2022 02:00:00;9198;3370;2231;1235
01.03.2022 02:00:00;01.03.2022 03:00:00;9140;3311;2179;1243
01.03.2022 03:00:00;01.03.2022 04:00:00;9282;3297;2230;1352
01.03.2022 04:00:00;01.03.2022 05:00:00;9645;3199;2213;1296
01.03.2022 05:00:00;01.03.2022 06:00:00;10363;3048;2188;1230
01.03.2022 06:00:00;01.03.2022 07:00:00;10480;3253;2284;845
01.03.2022 07:00:00;01.03.2022 08:00:00;10672;3548;2440;1050
01.03.2022 08:00:00;01.03.2022 09:00:00;10691;3714;2449;1406
01.03.2022 09:00:00;01.03.2022 10:00:00;10533;3703;2507;1321
01.03.2022 10:00:00;01.03.2022 11:00:00;10413;3589;2513;1495
01.03.2022 11:00:00;01.03.2022 12:00:00;10280;3584;2608;1417
01.03.2022 12:00:00;01.03.2022 13:00:00;10087;3528;2580;1415
01.03.2022 13:00:00;01.03.2022 14:00:00;9992;3546;2569;1233
01.03.2022 14:00:00;01.03.2022 15:00:00;9963;3653;2491;1350
01.03.2022 15:00:00;01.03.2022 16:00:00;9930;3646;2500;1405
01.03.2022 16:00:00;01.03.2022 17:00:00;10086;3650;2458;1307
01.03.2022 17:00:00;01.03.2022 18:00:00;10556;3791;2559;1342
01.03.2022 18:00:00;01.03.2022 19:00:00;10663;3679;2577;1378
01.03.2022 19:00:00;01.03.2022 20:00:00;10544;3692;2537;1436
01.03.2022 20:00:00;01.03.2022 21:00:00;10088;3705;2562;1362
01.03.2022 21:00:00;01.03.2022 22:00:00;10144;3690;2522;1359
01.03.2022 22:00:00;01.03.2022 23:00:00;9921;3437;2488;1315
01.03.2022 23:00:00;02.03.2022 00:00:00;9446;3380;2416;1296
02.03.2022 00:00:00;02.03.2022 01:00:00;9223;3347;2426;1248
02.03.2022 01:00:00;02.03.2022 02:00:00;9004;3274;2378;1251
02.03.2022 02:00:00;02.03.2022 03:00:00;8864;3263;2401;1174
02.03.2022 03:00:00;02.03.2022 04:00:00;8952;3252;2376;1240
02.03.2022 04:00:00;02.03.2022 05:00:00;9213;3296;2385;1277
02.03.2022 05:00:00;02.03.2022 06:00:00;9977;3382;2451;1255
02.03.2022 06:00:00;02.03.2022 07:00:00;10161;3429;2630;1309
02.03.2022 07:00:00;02.03.2022 08:00:00;10374;3631;2701;1293
02.03.2022 08:00:00;02.03.2022 09:00:00;10476;3673;2733;1351
02.03.2022 09:00:00;02.03.2022 10:00:00;10405;3629;2582;1407
02.03.2022 10:00:00;02.03.2022 11:00:00;10296;3679;2457;1361
02.03.2022 11:00:00;02.03.2022 12:00:00;10189;3598;2472;1341
02.03.2022 12:00:00;02.03.2022 13:00:00;10073;3569;2481;1325
02.03.2022 13:00:00;02.03.2022 14:00:00;10004;3575;2556;1373
02.03.2022 14:00:00;02.03.2022 15:00:00;9932;3546;2596;1404
02.03.2022 15:00:00;02.03.2022 16:00:00;9932;3585;2551;1429
02.03.2022 16:00:00;02.03.2022 17:00:00;10101;3613;2558;1354
02.03.2022 17:00:00;02.03.2022 18:00:00;10581;3581;2572;1405
02.03.2022 18:00:00;02.03.2022 19:00:00;10688;3619;2588;1457
02.03.2022 19:00:00;02.03.2022 20:00:00;10563;3697;2583;1443
02.03.2022 20:00:00;02.03.2022 21:00:00;10122;3802;2610;1445
02.03.2022 21:00:00;02.03.2022 22:00:00;10113;3621;2619;1419
02.03.2022 22:00:00;02.03.2022 23:00:00;9909;3585;2536;1396
02.03.2022 23:00:00;03.03.2022 00:00:00;9510;3461;2403;1301
03.03.2022 00:00:00;03.03.2022 01:00:00;9282;3438;2425;1187
03.03.2022 01:00:00;03.03.2022 02:00:00;9160;3390;2388;1232
03.03.2022 02:00:00;03.03.2022 03:00:00;9160;3327;2357;1126
03.03.2022 03:00:00;03.03.2022 04:00:00;9262;3324;2250;1171
03.03.2022 04:00:00;03.03.2022 05:00:00;9581;3371;2358;1299
03.03.2022 05:00:00;03.03.2022 06:00:00;10297;3461;2399;1229
03.03.2022 06:00:00;03.03.2022 07:00:00;10482;3657;2530;1246
03.03.2022 07:00:00;03.03.2022 08:00:00;10673;3862;2639;1379
03.03.2022 08:00:00;03.03.2022 09:00:00;10678;3868;2634;1693
03.03.2022 09:00:00;03.03.2022 10:00:00;10529;3792;2616;1776
03.03.2022 10:00:00;03.03.2022 11:00:00;10342;3763;2480;1553
03.03.2022 11:00:00;03.03.2022 12:00:00;10298;3811;2576;1433
03.03.2022 12:00:00;03.03.2022 13:00:00;10109;3738;2575;1500
03.03.2022 13:00:00;03.03.2022 14:00:00;10007;3711;2600;1443
03.03.2022 14:00:00;03.03.2022 15:00:00;9970;3643;2544;1387
03.03.2022 15:00:00;03.03.2022 16:00:00;9931;3553;2584;1445
03.03.2022 16:00:00;03.03.2022 17:00:00;10081;3456;2609;1331
03.03.2022 17:00:00;03.03.2022 18:00:00;10516;3587;2639;1457
03.03.2022 18:00:00;03.03.2022 19:00:00;10734;3752;2635;1337
03.03.2022 19:00:00;03.03.2022 20:00:00;10680;3807;2608;1217
03.03.2022 20:00:00;03.03.2022 21:00:00;10282;3742;2641;1238
03.03.2022 21:00:00;03.03.2022 22:00:00;10428;3687;2529;1293
03.03.2022 22:00:00;03.03.2022 23:00:00;10240;3684;2498;1330
03.03.2022 23:00:00;04.03.2022 00:00:00;9859;3556;2474;1311
04.03.2022 00:00:00;04.03.2022 01:00:00;9703;3536;2437;1358
04.03.2022 01:00:00;04.03.2022 02:00:00;9558;3485;2411;1356
04.03.2022 02:00:00;04.03.2022 03:00:00;9602;3486;2403;1395
04.03.2022 03:00:00;04.03.2022 04:00:00;9768;3523;2454;1399
04.03.2022 04:00:00;04.03.2022 05:00:00;10181;3547;2453;1443
04.03.2022 05:00:00;04.03.2022 06:00:00;11001;3568;2497;1420
04.03.2022 06:00:00;04.03.2022 07:00:00;11234;3739;2586;1520
04.03.2022 07:00:00;04.03.2022 08:00:00;11340;3910;2708;1498
04.03.2022 08:00:00;04.03.2022 09:00:00;11324;4063;2754;1469
04.03.2022 09:00:00;04.03.2022 10:00:00;11083;4115;2715;1435
04.03.2022 10:00:00;04.03.2022 11:00:00;10989;4045;2653;1452
04.03.2022 11:00:00;04.03.2022 12:00:00;10811;3941;2662;1440
04.03.2022 12:00:00;04.03.2022 13:00:00;10581;3857;2637;1470
04.03.2022 13:00:00;04.03.2022 14:00:00;10394;3820;2591;1388
04.03.2022 14:00:00;04.03.2022 15:00:00;10365;3826;2534;1375
04.03.2022 15:00:00;04.03.2022 16:00:00;10350;3806;2588;1335
04.03.2022 16:00:00;04.03.2022 17:00:00;10517;3869;2641;1505
04.03.2022 17:00:00;04.03.2022 18:00:00;11089;3841;2665;1399
04.03.2022 18:00:00;04.03.2022 19:00:00;11287;3794;2627;1339
04.03.2022 19:00:00;04.03.2022 20:00:00;11056;3762;2577;1210
04.03.2022 20:00:00;04.03.2022 21:00:00;10712;3756;2543;1173
04.03.2022 21:00:00;04.03.2022 22:00:00;10810;3703;2481;1056
04.03.2022 22:00:00;04.03.2022 23:00:00;10627;3813;2505;1129
04.03.2022 23:00:00;05.03.2022 00:00:00;10188;3746;2434;1179
05.03.2022 00:00:00;05.03.2022 01:00:00;9895;3646;2458;989
05.03.2022 01:00:00;05.03.2022 02:00:00;9758;3570;2475;991
05.03.2022 02:00:00;05.03.2022 03:00:00;9735;3555;2445;1023
05.03.2022 03:00:00;05.03.2022 04:00:00;9788;3524;2343;1052
05.03.2022 04:00:00;05.03.2022 05:00:00;9960;3462;2368;1063
05.03.2022 05:00:00;05.03.2022 06:00:00;10272;3489;2392;988
05.03.2022 06:00:00;05.03.2022 07:00:00;10186;3492;2410;1042
05.03.2022 07:00:00;05.03.2022 08:00:00;10403;3449;2450;1189
05.03.2022 08:00:00;05.03.2022 09:00:00;10513;3542;2520;1351
05.03.2022 09:00:00;05.03.2022 10:00:00;10494;3753;2535;1474
05.03.2022 10:00:00;05.03.2022 11:00:00;10362;3789;2482;1657
05.03.2022 11:00:00;05.03.2022 12:00:00;10193;3857;2540;1798
05.03.2022 12:00:00;05.03.2022 13:00:00;10004;3720;2496;1556
05.03.2022 13:00:00;05.03.2022 14:00:00;9885;3593;2445;1370
05.03.2022 14:00:00;05.03.2022 15:00:00;9867;3581;2404;1300
05.03.2022 15:00:00;05.03.2022 16:00:00;9959;3554;2454;1313
05.03.2022 16:00:00;05.03.2022 17:00:00;10175;3636;2491;1365
05.03.2022 17:00:00;05.03.2022 18:00:00;10800;3654;2538;1137
05.03.2022 18:00:00;05.03.2022 19:00:00;10974;3845;2533;1203
05.03.2022 19:00:00;05.03.2022 20:00:00;10623;3764;2493;1296
05.03.2022 20:00:00;05.03.2022 21:00:00;10232;3531;2434;1378
05.03.2022 21:00:00;05.03.2022 22:00:00;10355;3484;2442;1332
05.03.2022 22:00:00;05.03.2022 23:00:00;10192;3542;2425;1128
05.03.2022 23:00:00;06.03.2022 00:00:00;9833;3418;2403;1083
06.03.2022 00:00:00;06.03.2022 01:00:00;9446;3442;2336;1104
06.03.2022 01:00:00;06.03.2022 02:00:00;9231;3406;2295;1181
06.03.2022 02:00:00;06.03.2022 03:00:00;9144;3390;2298;1148
06.03.2022 03:00:00;06.03.2022 04:00:00;9128;3382;2279;1206
06.03.2022 04:00:00;06.03.2022 05:00:00;9297;3369;2273;1234
06.03.2022 05:00:00;06.03.2022 06:00:00;9451;3334;2305;1191
06.03.2022 06:00:00;06.03.2022 07:00:00;9351;3354;2303;1220
06.03.2022 07:00:00;06.03.2022 08:00:00;9561;3429;2342;1181
06.03.2022 08:00:00;06.03.2022 09:00:00;9724;3487;2358;1249
06.03.2022 09:00:00;06.03.2022 10:00:00;9732;3539;2402;1192
06.03.2022 10:00:00;06.03.2022 11:00:00;9694;3594;2408;1282
06.03.2022 11:00:00;06.03.2022 12:00:00;9609;3568;2374;1321
06.03.2022 12:00:00;06.03.2022 13:00:00;9457;3561;2367;985
06.03.2022 13:00:00;06.03.2022 14:00:00;9376;3503;2321;1144
06.03.2022 14:00:00;06.03.2022 15:00:00;9424;3462;2349;1399
06.03.2022 15:00:00;06.03.2022 16:00:00;9529;3480;2390;1285
06.03.2022 16:00:00;06.03.2022 17:00:00;9683;3492;2394;1337
06.03.2022 17:00:00;06.03.2022 18:00:00;10174;3511;2455;1368
06.03.2022 18:00:00;06.03.2022 19:00:00;10367;3519;2526;1262
06.03.2022 19:00:00;06.03.2022 20:00:00;10092;3490;2503;1292
06.03.2022 20:00:00;06.03.2022 21:00:00;9662;3461;2464;1343
06.03.2022 21:00:00;06.03.2022 22:00:00;9963;3430;2419;1482
06.03.2022 22:00:00;06.03.2022 23:00:00;9914;3359;2406;1440
06.03.2022 23:00:00;07.03.2022 00:00:00;9663;3261;2381;1341
07.03.2022 00:00:00;07.03.2022 01:00:00;9377;3243;2346;1226
07.03.2022 01:00:00;07.03.2022 02:00:00;9232;3209;2330;1318
07.03.2022 02:00:00;07.03.2022 03:00:00;9296;3198;2334;1363
07.03.2022 03:00:00;07.03.2022 04:00:00;9401;3220;2330;1412
07.03.2022 04:00:00;07.03.2022 05:00:00;9740;3254;2330;1380
07.03.2022 05:00:00;07.03.2022 06:00:00;10486;3360;2397;1307
07.03.2022 06:00:00;07.03.2022 07:00:00;10744;3535;2507;1387
07.03.2022 07:00:00;07.03.2022 08:00:00;10915;3728;2675;1435
07.03.2022 08:00:00;07.03.2022 09:00:00;11035;3748;2745;1384
07.03.2022 09:00:00;07.03.2022 10:00:00;11071;3722;2726;1296
07.03.2022 10:00:00;07.03.2022 11:00:00;11012;3756;2653;1367
07.03.2022 11:00:00;07.03.2022 12:00:00;10938;3742;2678;1537
07.03.2022 12:00:00;07.03.2022 13:00:00;10791;3701;2707;1509
07.03.2022 13:00:00;07.03.2022 14:00:00;10623;3680;2522;1399
07.03.2022 14:00:00;07.03.2022 15:00:00;10568;3681;2538;1283
07.03.2022 15:00:00;07.03.2022 16:00:00;10457;3641;2595;1102
07.03.2022 16:00:00;07.03.2022 17:00:00;10528;3648;2486;1166
07.03.2022 17:00:00;07.03.2022 18:00:00;10877;3669;2625;1415
07.03.2022 18:00:00;07.03.2022 19:00:00;11052;3704;2619;1530
07.03.2022 19:00:00;07.03.2022 20:00:00;10913;3698;2643;1409
07.03.2022 20:00:00;07.03.2022 21:00:00;10585;3582;2609;1341
07.03.2022 21:00:00;07.03.2022 22:00:00;10601;3565;2618;1364
07.03.2022 22:00:00;07.03.2022 23:00:00;10434;3528;2507;1401
07.03.2022 23:00:00;08.03.2022 00:00:00;10033;3429;2465;1296
08.03.2022 00:00:00;08.03.2022 01:00:00;9820;3307;2454;1310
08.03.2022 01:00:00;08.03.2022 02:00:00;9703;3277;2464;1431
08.03.2022 02:00:00;08.03.2022 03:00:00;9598;3260;2444;1414
08.03.2022 03:00:00;08.03.2022 04:00:00;9797;3255;2469;1333
08.03.2022 04:00:00;08.03.2022 05:00:00;10145;3276;2474;1348
08.03.2022 05:00:00;08.03.2022 06:00:00;10817;3305;2458;1393
08.03.2022 06:00:00;08.03.2022 07:00:00;11046;3397;2540;1477
08.03.2022 07:00:00;08.03.2022 08:00:00;11266;3632;2567;1492
08.03.2022 08:00:00;08.03.2022 09:00:00;11328;3797;2644;1488
08.03.2022 09:00:00;08.03.2022 10:00:00;11237;3805;2596;1530
08.03.2022 10:00:00;08.03.2022 11:00:00;11223;3762;2623;1503
08.03.2022 11:00:00;08.03.2022 12:00:00;11140;3660;2595;1499
08.03.2022 12:00:00;08.03.2022 13:00:00;10967;3472;2602;1535
08.03.2022 13:00:00;08.03.2022 14:00:00;10908;3423;2569;1514
08.03.2022 14:00:00;08.03.2022 15:00:00;10845;3411;2530;1472
08.03.2022 15:00:00;08.03.2022 16:00:00;10772;3452;2559;1466
08.03.2022 16:00:00;08.03.2022 17:00:00;10852;3482;2577;1523
08.03.2022 17:00:00;08.03.2022 18:00:00;11171;3516;2571;1603
08.03.2022 18:00:00;08.03.2022 19:00:00;11240;3585;2605;1546
08.03.2022 19:00:00;08.03.2022 20:00:00;11142;3646;2557;1673
08.03.2022 20:00:00;08.03.2022 21:00:00;10722;3608;2546;1507
08.03.2022 21:00:00;08.03.2022 22:00:00;10759;3543;2523;1518
08.03.2022 22:00:00;08.03.2022 23:00:00;10454;3507;2434;1526
08.03.2022 23:00:00;09.03.2022 00:00:00;10100;3390;2363;1455
09.03.2022 00:00:00;09.03.2022 01:00:00;9841;3348;2336;1471
09.03.2022 01:00:00;09.03.2022 02:00:00;9646;3278;2396;1450
09.03.2022 02:00:00;09.03.2022 03:00:00;9616;3216;2541;1353
09.03.2022 03:00:00;09.03.2022 04:00:00;9649;3311;2332;1374
09.03.2022 04:00:00;09.03.2022 05:00:00;10022;3375;2358;1447
09.03.2022 05:00:00;09.03.2022 06:00:00;10644;3357;2374;1485
09.03.2022 06:00:00;09.03.2022 07:00:00;10785;3558;2456;1567
09.03.2022 07:00:00;09.03.2022 08:00:00;10949;3505;2582;1604
09.03.2022 08:00:00;09.03.2022 09:00:00;11024;3554;2567;1461
09.03.2022 09:00:00;09.03.2022 10:00:00;11030;3691;2432;1496
09.03.2022 10:00:00;09.03.2022 11:00:00;11052;3594;2631;1512
09.03.2022 11:00:00;09.03.2022 12:00:00;11007;3356;2490;1517
09.03.2022 12:00:00;09.03.2022 13:00:00;10852;3372;2404;1496
09.03.2022 13:00:00;09.03.2022 14:00:00;10658;3327;2231;1541
09.03.2022 14:00:00;09.03.2022 15:00:00;10633;3268;2400;1441
09.03.2022 15:00:00;09.03.2022 16:00:00;10676;3330;2451;1365
09.03.2022 16:00:00;09.03.2022 17:00:00;10846;3319;2494;1229
09.03.2022 17:00:00;09.03.2022 18:00:00;11201;3351;2517;1278
09.03.2022 18:00:00;09.03.2022 19:00:00;11423;3407;2537;1453
09.03.2022 19:00:00;09.03.2022 20:00:00;11208;3542;2508;1666
09.03.2022 20:00:00;09.03.2022 21:00:00;10777;3520;2504;1770
09.03.2022 21:00:00;09.03.2022 22:00:00;10834;3515;2507;1694
09.03.2022 22:00:00;09.03.2022 23:00:00;10639;3467;2481;1549
09.03.2022 23:00:00;10.03.2022 00:00:00;10311;3205;2397;1427
10.03.2022 00:00:00;10.03.2022 01:00:00;10052;3124;2296;1464
10.03.2022 01:00:00;10.03.2022 02:00:00;9897;3063;2273;1459
10.03.2022 02:00:00;10.03.2022 03:00:00;9875;3133;2242;1271
10.03.2022 03:00:00;10.03.2022 04:00:00;9943;3107;2271;1228
10.03.2022 04:00:00;10.03.2022 05:00:00;10210;3077;2308;1218
10.03.2022 05:00:00;10.03.2022 06:00:00;10790;3150;2376;1310
10.03.2022 06:00:00;10.03.2022 07:00:00;10962;3304;2414;1449
10.03.2022 07:00:00;10.03.2022 08:00:00;11126;3459;2556;1505
10.03.2022 08:00:00;10.03.2022 09:00:00;11146;3596;2533;1379
10.03.2022 09:00:00;10.03.2022 10:00:00;11066;3674;2517;1406
10.03.2022 10:00:00;10.03.2022 11:00:00;10971;3622;2419;1320
10.03.2022 11:00:00;10.03.2022 12:00:00;10879;3571;2407;1180
10.03.2022 12:00:00;10.03.2022 13:00:00;10742;3654;2455;1137
10.03.2022 13:00:00;10.03.2022 14:00:00;10591;3645;2582;1213
10.03.2022 14:00:00;10.03.2022 15:00:00;10557;3641;2589;1230
10.03.2022 15:00:00;10.03.2022 16:00:00;10512;3564;2500;1370
10.03.2022 16:00:00;10.03.2022 17:00:00;10521;3579;2533;1357
10.03.2022 17:00:00;10.03.2022 18:00:00;10803;3591;2547;1384
10.03.2022 18:00:00;10.03.2022 19:00:00;11019;3605;2514;1349
10.03.2022 19:00:00;10.03.2022 20:00:00;10879;3506;2491;1298
10.03.2022 20:00:00;10.03.2022 21:00:00;10373;3535;2502;1208
10.03.2022 21:00:00;10.03.2022 22:00:00;10440;3405;2462;1185
10.03.2022 22:00:00;10.03.2022 23:00:00;10183;3394;2347;1119
10.03.2022 23:00:00;11.03.2022 00:00:00;9764;3368;2295;1172
11.03.2022 00:00:00;11.03.2022 01:00:00;9470;3345;2271;1209
11.03.2022 01:00:00;11.03.2022 02:00:00;9238;3173;2267;1131
11.03.2022 02:00:00;11.03.2022 03:00:00;9241;3143;2267;1144
11.03.2022 03:00:00;11.03.2022 04:00:00;9307;3196;2237;1215
11.03.2022 04:00:00;11.03.2022 05:00:00;9604;3285;2322;1028
11.03.2022 05:00:00;11.03.2022 06:00:00;10255;3191;2230;873
11.03.2022 06:00:00;11.03.2022 07:00:00;10518;3280;2275;1014
11.03.2022 07:00:00;11.03.2022 08:00:00;10722;3488;2413;1227
11.03.2022 08:00:00;11.03.2022 09:00:00;10698;3626;2484;1248
11.03.2022 09:00:00;11.03.2022 10:00:00;10749;3562;2491;1407
11.03.2022 10:00:00;11.03.2022 11:00:00;10661;3460;2532;1450
11.03.2022 11:00:00;11.03.2022 12:00:00;10536;3447;2504;1306
11.03.2022 12:00:00;11.03.2022 13:00:00;10354;3360;2383;1302
11.03.2022 13:00:00;11.03.2022 14:00:00;10158;3447;2397;1157
11.03.2022 14:00:00;11.03.2022 15:00:00;10138;3324;2395;1228
11.03.2022 15:00:00;11.03.2022 16:00:00;10175;3256;2416;1397
11.03.2022 16:00:00;11.03.2022 17:00:00;10265;3275;2425;1498
11.03.2022 17:00:00;11.03.2022 18:00:00;10548;3316;2402;1474
11.03.2022 18:00:00;11.03.2022 19:00:00;10796;3373;2442;1431
11.03.2022 19:00:00;11.03.2022 20:00:00;10523;3390;2420;1394
11.03.2022 20:00:00;11.03.2022 21:00:00;10123;3324;2346;1225
11.03.2022 21:00:00;11.03.2022 22:00:00;10158;3328;2305;1123
11.03.2022 22:00:00;11.03.2022 23:00:00;9957;3300;2307;966
11.03.2022 23:00:00;12.03.2022 00:00:00;9583;3222;2243;918
12.03.2022 00:00:00;12.03.2022 01:00:00;9293;3168;2148;1171
12.03.2022 01:00:00;12.03.2022 02:00:00;9178;3177;2200;1337
12.03.2022 02:00:00;12.03.2022 03:00:00;9107;3214;2262;1352
12.03.2022 03:00:00;12.03.2022 04:00:00;9213;3190;2250;1315
12.03.2022 04:00:00;12.03.2022 05:00:00;9388;3240;2216;1285
12.03.2022 05:00:00;12.03.2022 06:00:00;9530;3348;2190;1254
12.03.2022 06:00:00;12.03.2022 07:00:00;9535;3284;2240;1268
12.03.2022 07:00:00;12.03.2022 08:00:00;9754;3285;2252;1276
12.03.2022 08:00:00;12.03.2022 09:00:00;9779;3392;2238;1229
12.03.2022 09:00:00;12.03.2022 10:00:00;9733;3394;2255;1210
12.03.2022 10:00:00;12.03.2022 11:00:00;9596;3372;2264;1172
12.03.2022 11:00:00;12.03.2022 12:00:00;9378;3273;2232;1186
12.03.2022 12:00:00;12.03.2022 13:00:00;9172;3171;2197;1192
12.03.2022 13:00:00;12.03.2022 14:00:00;9067;3151;2173;1103
12.03.2022 14:00:00;12.03.2022 15:00:00;9067;3083;2185;1181
12.03.2022 15:00:00;12.03.2022 16:00:00;9249;3161;2177;1243
12.03.2022 16:00:00;12.03.2022 17:00:00;9509;3160;2234;1273
12.03.2022 17:00:00;12.03.2022 18:00:00;10025;3285;2250;1325
12.03.2022 18:00:00;12.03.2022 19:00:00;10408;3305;2330;1315
12.03.2022 19:00:00;12.03.2022 20:00:00;10215;3362;2326;1242
12.03.2022 20:00:00;12.03.2022 21:00:00;9835;3274;2323;1258
12.03.2022 21:00:00;12.03.2022 22:00:00;9998;3251;2256;1251
12.03.2022 22:00:00;12.03.2022 23:00:00;9892;3156;2248;1256
12.03.2022 23:00:00;13.03.2022 00:00:00;9622;3112;2251;1246
13.03.2022 00:00:00;13.03.2022 01:00:00;9365;3008;2161;1223
13.03.2022 01:00:00;13.03.2022 02:00:00;9236;2861;2216;1221
13.03.2022 02:00:00;13.03.2022 03:00:00;9181;2824;2232;1225
13.03.2022 03:00:00;13.03.2022 04:00:00;9253;2945;2214;1165
13.03.2022 04:00:00;13.03.2022 05:00:00;9363;2965;2158;1224
13.03.2022 05:00:00;13.03.2022 06:00:00;9413;3008;2178;1298
13.03.2022 06:00:00;13.03.2022 07:00:00;9473;3197;2195;1327
13.03.2022 07:00:00;13.03.2022 08:00:00;9693;3280;2237;1289
13.03.2022 08:00:00;13.03.2022 09:00:00;9630;3266;2271;1227
13.03.2022 09:00:00;13.03.2022 10:00:00;9611;3268;2301;1175
13.03.2022 10:00:00;13.03.2022 11:00:00;9476;3263;2293;1143
13.03.2022 11:00:00;13.03.2022 12:00:00;9291;3163;2283;1198
13.03.2022 12:00:00;13.03.2022 13:00:00;9139;3037;2228;1244
13.03.2022 13:00:00;13.03.2022 14:00:00;9018;3087;2163;1267
13.03.2022 14:00:00;13.03.2022 15:00:00;8995;3149;2191;1352
13.03.2022 15:00:00;13.03.2022 16:00:00;9071;3137;2184;1408
13.03.2022 16:00:00;13.03.2022 17:00:00;9189;3206;2188;1340
13.03.2022 17:00:00;13.03.2022 18:00:00;9626;3308;2248;1264
13.03.2022 18:00:00;13.03.2022 19:00:00;10060;3318;2315;1249
13.03.2022 19:00:00;13.03.2022 20:00:00;9894;3285;2374;1388
13.03.2022 20:00:00;13.03.2022 21:00:00;9560;3263;2406;1407
13.03.2022 21:00:00;13.03.2022 22:00:00;9828;3206;2399;1360
13.03.2022 22:00:00;13.03.2022 23:00:00;9724;3196;2370;1323
13.03.2022 23:00:00;14.03.2022 00:00:00;9486;3171;2317;1313
14.03.2022 00:00:00;14.03.2022 01:00:00;9306;3152;2238;1268
14.03.2022 01:00:00;14.03.2022 02:00:00;9187;3149;2189;1255
14.03.2022 02:00:00;14.03.2022 03:00:00;9228;3093;2153;1239
14.03.2022 03:00:00;14.03.2022 04:00:00;9398;3064;2200;1324
14.03.2022 04:00:00;14.03.2022 05:00:00;9827;3023;2272;1323
14.03.2022 05:00:00;14.03.2022 06:00:00;10487;3081;2306;1350
14.03.2022 06:00:00;14.03.2022 07:00:00;10854;3240;2389;1456
14.03.2022 07:00:00;14.03.2022 08:00:00;10977;3362;2480;1518
14.03.2022 08:00:00;14.03.2022 09:00:00;10767;3390;2521;1450
14.03.2022 09:00:00;14.03.2022 10:00:00;10527;3363;2483;1444
14.03.2022 10:00:00;14.03.2022 11:00:00;10412;3453;2417;1492
14.03.2022 11:00:00;14.03.2022 12:00:00;10231;3402;2405;1415
14.03.2022 12:00:00;14.03.2022 13:00:00;9972;3435;2334;1319
14.03.2022 13:00:00;14.03.2022 14:00:00;9799;3389;2326;1322
14.03.2022 14:00:00;14.03.2022 15:00:00;9684;3347;2336;1446
14.03.2022 15:00:00;14.03.2022 16:00:00;9603;3299;2345;1359
14.03.2022 16:00:00;14.03.2022 17:00:00;9681;3333;2367;1294
14.03.2022 17:00:00;14.03.2022 18:00:00;9932;3298;2394;1275
14.03.2022 18:00:00;14.03.2022 19:00:00;10389;3337;2452;1132
14.03.2022 19:00:00;14.03.2022 20:00:00;10200;3364;2475;1245
14.03.2022 20:00:00;14.03.2022 21:00:00;9854;3426;2351;1111
14.03.2022 21:00:00;14.03.2022 22:00:00;9988;3445;2254;1190
14.03.2022 22:00:00;14.03.2022 23:00:00;9838;3327;2274;1338
14.03.2022 23:00:00;15.03.2022 00:00:00;9510;3047;2270;1230
15.03.2022 00:00:00;15.03.2022 01:00:00;9260;2954;2226;1307
15.03.2022 01:00:00;15.03.2022 02:00:00;9182;3007;2193;1364
15.03.2022 02:00:00;15.03.2022 03:00:00;9207;3148;2213;1475
15.03.2022 03:00:00;15.03.2022 04:00:00;9387;3333;2216;1317
15.03.2022 04:00:00;15.03.2022 05:00:00;9804;3430;2207;1354
15.03.2022 05:00:00;15.03.2022 06:00:00;10528;3374;2226;1453
15.03.2022 06:00:00;15.03.2022 07:00:00;10829;3472;2309;1522
15.03.2022 07:00:00;15.03.2022 08:00:00;10874;3673;2387;1555
15.03.2022 08:00:00;15.03.2022 09:00:00;10767;3669;2440;1525
15.03.2022 09:00:00;15.03.2022 10:00:00;10562;3570;2400;1505
15.03.2022 10:00:00;15.03.2022 11:00:00;10337;3501;2355;1387
15.03.2022 11:00:00;15.03.2022 12:00:00;10124;3380;2293;1370
15.03.2022 12:00:00;15.03.2022 13:00:00;9888;3361;2238;1438
15.03.2022 13:00:00;15.03.2022 14:00:00;9760;3275;2255;1356
15.03.2022 14:00:00;15.03.2022 15:00:00;9696;3269;2172;1311
15.03.2022 15:00:00;15.03.2022 16:00:00;9656;3377;2210;1435
15.03.2022 16:00:00;15.03.2022 17:00:00;9715;3360;2216;1325
15.03.2022 17:00:00;15.03.2022 18:00:00;10015;3303;2210;1211
15.03.2022 18:00:00;15.03.2022 19:00:00;10560;3375;2231;1169
15.03.2022 19:00:00;15.03.2022 20:00:00;10459;3467;2267;1005
15.03.2022 20:00:00;15.03.2022 21:00:00;10089;3460;2299;1015
15.03.2022 21:00:00;15.03.2022 22:00:00;10216;3464;2306;1197
15.03.2022 22:00:00;15.03.2022 23:00:00;10029;3413;2317;1230
15.03.2022 23:00:00;16.03.2022 00:00:00;9697;3339;2315;1113
16.03.2022 00:00:00;16.03.2022 01:00:00;9361;3250;2249;1061
16.03.2022 01:00:00;16.03.2022 02:00:00;9244;3184;2207;1092
16.03.2022 02:00:00;16.03.2022 03:00:00;9225;3098;2141;1263
16.03.2022 03:00:00;16.03.2022 04:00:00;9395;3006;2155;1318
16.03.2022 04:00:00;16.03.2022 05:00:00;9822;2973;2197;1388
16.03.2022 05:00:00;16.03.2022 06:00:00;10438;3123;2317;1275
16.03.2022 06:00:00;16.03.2022 07:00:00;10640;3350;2355;983
16.03.2022 07:00:00;16.03.2022 08:00:00;10609;3650;2468;900
16.03.2022 08:00:00;16.03.2022 09:00:00;10512;3605;2445;1005
16.03.2022 09:00:00;16.03.2022 10:00:00;10307;3343;2443;1209
16.03.2022 10:00:00;16.03.2022 11:00:00;10126;3304;2413;1284
16.03.2022 11:00:00;16.03.2022 12:00:00;9963;3362;2337;1311
16.03.2022 12:00:00;16.03.2022 13:00:00;9831;3416;2246;1104
16.03.2022 13:00:00;16.03.2022 14:00:00;9679;3306;2293;1111
16.03.2022 14:00:00;16.03.2022 15:00:00;9636;3187;2271;1205
16.03.2022 15:00:00;16.03.2022 16:00:00;9581;3168;2283;1385
16.03.2022 16:00:00;16.03.2022 17:00:00;9588;3175;2334;1318
16.03.2022 17:00:00;16.03.2022 18:00:00;9942;3213;2352;1199
16.03.2022 18:00:00;16.03.2022 19:00:00;10503;3297;2471;1019
16.03.2022 19:00:00;16.03.2022 20:00:00;10378;3208;2537;1005
16.03.2022 20:00:00;16.03.2022 21:00:00;9893;3137;2254;1101
16.03.2022 21:00:00;16.03.2022 22:00:00;9920;3254;2411;1202
16.03.2022 22:00:00;16.03.2022 23:00:00;9735;3013;2274;1034
16.03.2022 23:00:00;17.03.2022 00:00:00;9351;2804;2248;927
17.03.2022 00:00:00;17.03.2022 01:00:00;9050;2958;2200;1105
17.03.2022 01:00:00;17.03.2022 02:00:00;9044;2901;2262;1072
17.03.2022 02:00:00;17.03.2022 03:00:00;9043;2992;2161;955
17.03.2022 03:00:00;17.03.2022 04:00:00;9133;2788;2166;908
17.03.2022 04:00:00;17.03.2022 05:00:00;9518;2824;2155;1026
17.03.2022 05:00:00;17.03.2022 06:00:00;10104;2902;2153;997
17.03.2022 06:00:00;17.03.2022 07:00:00;10477;3096;2298;992
17.03.2022 07:00:00;17.03.2022 08:00:00;10596;3363;2391;960
17.03.2022 08:00:00;17.03.2022 09:00:00;10479;3239;2453;1163
17.03.2022 09:00:00;17.03.2022 10:00:00;10232;3220;2453;1404
17.03.2022 10:00:00;17.03.2022 11:00:00;9990;3302;2395;1442
17.03.2022 11:00:00;17.03.2022 12:00:00;9788;3375;2383;1185
17.03.2022 12:00:00;17.03.2022 13:00:00;9521;3333;2311;1140
17.03.2022 13:00:00;17.03.2022 14:00:00;9416;3270;2297;1065
17.03.2022 14:00:00;17.03.2022 15:00:00;9291;3250;2270;1003
17.03.2022 15:00:00;17.03.2022 16:00:00;9293;3353;2242;1145
17.03.2022 16:00:00;17.03.2022 17:00:00;9421;3479;2278;1084
17.03.2022 17:00:00;17.03.2022 18:00:00;9658;3526;2386;1122
17.03.2022 18:00:00;17.03.2022 19:00:00;10230;3467;2334;1222
17.03.2022 19:00:00;17.03.2022 20:00:00;10131;3445;2289;1179
17.03.2022 20:00:00;17.03.2022 21:00:00;9761;3541;2248;1146
17.03.2022 21:00:00;17.03.2022 22:00:00;9867;3581;2270;1208
17.03.2022 22:00:00;17.03.2022 23:00:00;9632;3645;2239;1168
17.03.2022 23:00:00;18.03.2022 00:00:00;9204;3502;2161;1071
18.03.2022 00:00:00;18.03.2022 01:00:00;8922;3184;2136;1027
18.03.2022 01:00:00;18.03.2022 02:00:00;8824;2883;2024;1035
18.03.2022 02:00:00;18.03.2022 03:00:00;8843;2724;2040;1077
18.03.2022 03:00:00;18.03.2022 04:00:00;8945;2995;2066;1143
18.03.2022 04:00:00;18.03.2022 05:00:00;9368;3093;2123;1000
18.03.2022 05:00:00;18.03.2022 06:00:00;9919;3078;2199;989
18.03.2022 06:00:00;18.03.2022 07:00:00;10265;3343;2336;1301
18.03.2022 07:00:00;18.03.2022 08:00:00;10456;3632;2505;1496
18.03.2022 08:00:00;18.03.2022 09:00:00;10450;3643;2505;1280
18.03.2022 09:00:00;18.03.2022 10:00:00;10340;3629;2468;1088
18.03.2022 10:00:00;18.03.2022 11:00:00;10360;3789;2482;1080
18.03.2022 11:00:00;18.03.2022 12:00:00;10349;3544;2461;1175
18.03.2022 12:00:00;18.03.2022 13:00:00;10283;3474;2368;1105
18.03.2022 13:00:00;18.03.2022 14:00:00;10132;3326;2359;1199
18.03.2022 14:00:00;18.03.2022 15:00:00;10065;3390;2466;929
18.03.2022 15:00:00;18.03.2022 16:00:00;10066;3333;2416;1095
18.03.2022 16:00:00;18.03.2022 17:00:00;10045;3288;2393;1099
18.03.2022 17:00:00;18.03.2022 18:00:00;10139;3441;2580;1327
18.03.2022 18:00:00;18.03.2022 19:00:00;10456;3514;2498;1545
18.03.2022 19:00:00;18.03.2022 20:00:00;10216;3406;2491;1063
18.03.2022 20:00:00;18.03.2022 21:00:00;9774;3440;2452;827
18.03.2022 21:00:00;18.03.2022 22:00:00;9806;3475;2364;935
18.03.2022 22:00:00;18.03.2022 23:00:00;9536;3439;2331;1028
18.03.2022 23:00:00;19.03.2022 00:00:00;9118;3327;2278;1075
19.03.2022 00:00:00;19.03.2022 01:00:00;8823;3100;2272;1111
19.03.2022 01:00:00;19.03.2022 02:00:00;8629;3035;2256;1142
19.03.2022 02:00:00;19.03.2022 03:00:00;8546;3042;2202;1105
19.03.2022 03:00:00;19.03.2022 04:00:00;8640;2970;2249;1033
19.03.2022 04:00:00;19.03.2022 05:00:00;8788;3042;2251;1010
19.03.2022 05:00:00;19.03.2022 06:00:00;8919;3107;2279;977
19.03.2022 06:00:00;19.03.2022 07:00:00;9033;3118;2337;970
19.03.2022 07:00:00;19.03.2022 08:00:00;9211;3173;2509;1136
19.03.2022 08:00:00;19.03.2022 09:00:00;9330;3231;2606;1286
19.03.2022 09:00:00;19.03.2022 10:00:00;9238;3239;2590;1260
19.03.2022 10:00:00;19.03.2022 11:00:00;9108;3246;2577;1309
19.03.2022 11:00:00;19.03.2022 12:00:00;8998;3160;2568;1097
19.03.2022 12:00:00;19.03.2022 13:00:00;8837;3146;2515;991
19.03.2022 13:00:00;19.03.2022 14:00:00;8835;3069;2508;1068
19.03.2022 14:00:00;19.03.2022 15:00:00;8831;3117;2361;1147
19.03.2022 15:00:00;19.03.2022 16:00:00;9049;3046;2374;1140
19.03.2022 16:00:00;19.03.2022 17:00:00;9240;3108;2323;1137
19.03.2022 17:00:00;19.03.2022 18:00:00;9668;3050;2381;1076
19.03.2022 18:00:00;19.03.2022 19:00:00;10059;3110;2386;1125
19.03.2022 19:00:00;19.03.2022 20:00:00;9858;3276;2404;1140
19.03.2022 20:00:00;19.03.2022 21:00:00;9424;3167;2382;1193
19.03.2022 21:00:00;19.03.2022 22:00:00;9487;3103;2347;1100
19.03.2022 22:00:00;19.03.2022 23:00:00;9291;3188;2327;1052
19.03.2022 23:00:00;20.03.2022 00:00:00;8876;3238;2260;1009
20.03.2022 00:00:00;20.03.2022 01:00:00;8600;3241;2204;932
20.03.2022 01:00:00;20.03.2022 02:00:00;8461;3145;2186;1169
20.03.2022 02:00:00;20.03.2022 03:00:00;8355;3112;2159;1076
20.03.2022 03:00:00;20.03.2022 04:00:00;8411;3055;2134;1088
20.03.2022 04:00:00;20.03.2022 05:00:00;8521;3009;1948;919
20.03.2022 05:00:00;20.03.2022 06:00:00;8483;3180;1928;1009
20.03.2022 06:00:00;20.03.2022 07:00:00;8534;3242;2003;980
20.03.2022 07:00:00;20.03.2022 08:00:00;8670;3275;2079;944
20.03.2022 08:00:00;20.03.2022 09:00:00;8646;3143;2115;1084
20.03.2022 09:00:00;20.03.2022 10:00:00;8605;3130;2069;1105
20.03.2022 10:00:00;20.03.2022 11:00:00;8554;3123;2091;1204
20.03.2022 11:00:00;20.03.2022 12:00:00;8520;3077;2120;1150
20.03.2022 12:00:00;20.03.2022 13:00:00;8363;3136;2097;887
20.03.2022 13:00:00;20.03.2022 14:00:00;8305;3068;2112;1128
20.03.2022 14:00:00;20.03.2022 15:00:00;8269;3061;2133;1227
20.03.2022 15:00:00;20.03.2022 16:00:00;8407;3103;2114;1299
20.03.2022 16:00:00;20.03.2022 17:00:00;8513;3116;2118;1135
20.03.2022 17:00:00;20.03.2022 18:00:00;8783;3075;2147;1196
20.03.2022 18:00:00;20.03.2022 19:00:00;9300;3113;2211;1215
20.03.2022 19:00:00;20.03.2022 20:00:00;9225;3112;2273;1120
20.03.2022 20:00:00;20.03.2022 21:00:00;8889;3136;2308;1128
20.03.2022 21:00:00;20.03.2022 22:00:00;9097;3172;2272;1233
20.03.2022 22:00:00;20.03.2022 23:00:00;9069;3048;2238;1124
20.03.2022 23:00:00;21.03.2022 00:00:00;8723;2949;2191;1245
21.03.2022 00:00:00;21.03.2022 01:00:00;8479;3016;2045;990
21.03.2022 01:00:00;21.03.2022 02:00:00;8353;3009;1985;931
21.03.2022 02:00:00;21.03.2022 03:00:00;8380;3053;2056;963
21.03.2022 03:00:00;21.03.2022 04:00:00;8548;3088;2110;975
21.03.2022 04:00:00;21.03.2022 05:00:00;8944;3070;2141;978
21.03.2022 05:00:00;21.03.2022 06:00:00;9570;3198;2139;1002
21.03.2022 06:00:00;21.03.2022 07:00:00;10054;3410;2200;1055
21.03.2022 07:00:00;21.03.2022 08:00:00;10163;3588;2305;1175
21.03.2022 08:00:00;21.03.2022 09:00:00;10007;3569;2386;1558
21.03.2022 09:00:00;21.03.2022 10:00:00;9732;3542;2499;1251
21.03.2022 10:00:00;21.03.2022 11:00:00;9580;3474;2481;1017
21.03.2022 11:00:00;21.03.2022 12:00:00;9398;3400;2458;1087
21.03.2022 12:00:00;21.03.2022 13:00:00;9333;3320;2435;1076
21.03.2022 13:00:00;21.03.2022 14:00:00;9230;3346;2420;1058
21.03.2022 14:00:00;21.03.2022 15:00:00;9152;3391;2430;1199
21.03.2022 15:00:00;21.03.2022 16:00:00;9160;3378;2447;1183
21.03.2022 16:00:00;21.03.2022 17:00:00;9251;3344;2414;1150
21.03.2022 17:00:00;21.03.2022 18:00:00;9400;3360;2407;1040
21.03.2022 18:00:00;21.03.2022 19:00:00;9819;3425;2350;1106
21.03.2022 19:00:00;21.03.2022 20:00:00;9787;3486;2319;1044
21.03.2022 20:00:00;21.03.2022 21:00:00;9374;3527;2301;881
21.03.2022 21:00:00;21.03.2022 22:00:00;9453;3465;2309;1003
21.03.2022 22:00:00;21.03.2022 23:00:00;9316;3412;2286;924
21.03.2022 23:00:00;22.03.2022 00:00:00;8958;3386;2299;1178
22.03.2022 00:00:00;22.03.2022 01:00:00;8735;3315;2190;1140
22.03.2022 01:00:00;22.03.2022 02:00:00;8580;3224;2225;1316
22.03.2022 02:00:00;22.03.2022 03:00:00;8636;3197;2276;1278
22.03.2022 03:00:00;22.03.2022 04:00:00;8819;3233;2307;1245
22.03.2022 04:00:00;22.03.2022 05:00:00;9079;3238;2307;1130
22.03.2022 05:00:00;22.03.2022 06:00:00;9661;3252;2256;1159
22.03.2022 06:00:00;22.03.2022 07:00:00;10056;3416;2282;1200
22.03.2022 07:00:00;22.03.2022 08:00:00;10116;3589;2444;1199
22.03.2022 08:00:00;22.03.2022 09:00:00;10034;3641;2497;1157
22.03.2022 09:00:00;22.03.2022 10:00:00;9743;3604;2555;1015
22.03.2022 10:00:00;22.03.2022 11:00:00;9643;3571;2487;1160
22.03.2022 11:00:00;22.03.2022 12:00:00;9503;3481;2409;1182
22.03.2022 12:00:00;22.03.2022 13:00:00;9277;3432;2328;1267
22.03.2022 13:00:00;22.03.2022 14:00:00;9246;3401;2456;1308
22.03.2022 14:00:00;22.03.2022 15:00:00;9203;3346;2437;1246
22.03.2022 15:00:00;22.03.2022 16:00:00;9163;3364;2413;1104
22.03.2022 16:00:00;22.03.2022 17:00:00;9255;3385;2430;1155
22.03.2022 17:00:00;22.03.2022 18:00:00;9350;3314;2440;1274
22.03.2022 18:00:00;22.03.2022 19:00:00;9823;3285;2428;972
22.03.2022 19:00:00;22.03.2022 20:00:00;9866;3383;2472;1179
22.03.2022 20:00:00;22.03.2022 21:00:00;9444;3373;2418;1152
22.03.2022 21:00:00;22.03.2022 22:00:00;9456;3406;2432;1071
22.03.2022 22:00:00;22.03.2022 23:00:00;9267;3360;2293;1075
22.03.2022 23:00:00;23.03.2022 00:00:00;8862;3171;2272;1029
23.03.2022 00:00:00;23.03.2022 01:00:00;8634;2977;2236;982
23.03.2022 01:00:00;23.03.2022 02:00:00;8516;2949;2277;883
23.03.2022 02:00:00;23.03.2022 03:00:00;8574;3075;2222;1083
23.03.2022 03:00:00;23.03.2022 04:00:00;8703;3101;2245;1013
23.03.2022 04:00:00;23.03.2022 05:00:00;8945;3026;2162;845
23.03.2022 05:00:00;23.03.2022 06:00:00;9450;3098;2198;804
23.03.2022 06:00:00;23.03.2022 07:00:00;9776;3294;2337;1000
23.03.2022 07:00:00;23.03.2022 08:00:00;9843;3513;2586;1074
23.03.2022 08:00:00;23.03.2022 09:00:00;9775;3460;2334;1075
23.03.2022 09:00:00;23.03.2022 10:00:00;9684;3374;2492;1000
23.03.2022 10:00:00;23.03.2022 11:00:00;9674;3313;2461;1036
23.03.2022 11:00:00;23.03.2022 12:00:00;9482;3346;2554;992
23.03.2022 12:00:00;23.03.2022 13:00:00;9378;3380;2521;1008
23.03.2022 13:00:00;23.03.2022 14:00:00;9204;3367;2474;1234
23.03.2022 14:00:00;23.03.2022 15:00:00;9147;3337;2544;1077
23.03.2022 15:00:00;23.03.2022 16:00:00;9190;3394;2576;1104
23.03.2022 16:00:00;23.03.2022 17:00:00;9287;3364;2548;1124
23.03.2022 17:00:00;23.03.2022 18:00:00;9499;3392;2566;1147
23.03.2022 18:00:00;23.03.2022 19:00:00;10033;3484;2502;1138
23.03.2022 19:00:00;23.03.2022 20:00:00;9963;3382;2495;1177
23.03.2022 20:00:00;23.03.2022 21:00:00;9444;3330;2519;1166
23.03.2022 21:00:00;23.03.2022 22:00:00;9439;3313;2409;1123
23.03.2022 22:00:00;23.03.2022 23:00:00;9201;3244;2313;1047
23.03.2022 23:00:00;24.03.2022 00:00:00;8855;3084;2238;1045
24.03.2022 00:00:00;24.03.2022 01:00:00;8529;2978;2059;1009
24.03.2022 01:00:00;24.03.2022 02:00:00;8380;3023;2055;1106
24.03.2022 02:00:00;24.03.2022 03:00:00;8339;2958;2104;1177
24.03.2022 03:00:00;24.03.2022 04:00:00;8543;2963;2183;1181
24.03.2022 04:00:00;24.03.2022 05:00:00;8887;3045;2301;1255
24.03.2022 05:00:00;24.03.2022 06:00:00;9362;3104;2259;1288
24.03.2022 06:00:00;24.03.2022 07:00:00;9795;3191;2327;1225
24.03.2022 07:00:00;24.03.2022 08:00:00;9997;3336;2450;1182
24.03.2022 08:00:00;24.03.2022 09:00:00;10010;3408;2483;1193
24.03.2022 09:00:00;24.03.2022 10:00:00;9993;3552;2481;1229
24.03.2022 10:00:00;24.03.2022 11:00:00;9997;3575;2349;1187
24.03.2022 11:00:00;24.03.2022 12:00:00;9982;3490;2469;1184
24.03.2022 12:00:00;24.03.2022 13:00:00;9752;3520;2467;1185
24.03.2022 13:00:00;24.03.2022 14:00:00;9383;3517;2388;1134
24.03.2022 14:00:00;24.03.2022 15:00:00;9303;3342;2402;1106
24.03.2022 15:00:00;24.03.2022 16:00:00;9378;3418;2422;1151
24.03.2022 16:00:00;24.03.2022 17:00:00;9363;3327;2459;1118
24.03.2022 17:00:00;24.03.2022 18:00:00;9445;3192;2471;1176
24.03.2022 18:00:00;24.03.2022 19:00:00;9977;3279;2488;1253
24.03.2022 19:00:00;24.03.2022 20:00:00;9849;3460;2528;1256
24.03.2022 20:00:00;24.03.2022 21:00:00;9450;3390;2519;1271
24.03.2022 21:00:00;24.03.2022 22:00:00;9424;3319;2481;1210
24.03.2022 22:00:00;24.03.2022 23:00:00;9186;3316;2405;1095
24.03.2022 23:00:00;25.03.2022 00:00:00;8795;3160;2328;1049
25.03.2022 00:00:00;25.03.2022 01:00:00;8518;3148;2053;1003
25.03.2022 01:00:00;25.03.2022 02:00:00;8379;3071;2211;1097
25.03.2022 02:00:00;25.03.2022 03:00:00;8359;2962;2265;1138
25.03.2022 03:00:00;25.03.2022 04:00:00;8526;2953;2313;945
25.03.2022 04:00:00;25.03.2022 05:00:00;8817;2972;2293;980
25.03.2022 05:00:00;25.03.2022 06:00:00;9372;3050;2284;1057
25.03.2022 06:00:00;25.03.2022 07:00:00;9765;3172;2331;1134
25.03.2022 07:00:00;25.03.2022 08:00:00;10001;3357;2455;1193
25.03.2022 08:00:00;25.03.2022 09:00:00;10100;3417;2410;1185
25.03.2022 09:00:00;25.03.2022 10:00:00;10129;3469;2385;1135
25.03.2022 10:00:00;25.03.2022 11:00:00;10154;3497;2404;1224
25.03.2022 11:00:00;25.03.2022 12:00:00;10111;3482;2432;1215
25.03.2022 12:00:00;25.03.2022 13:00:00;9952;3523;2417;1244
25.03.2022 13:00:00;25.03.2022 14:00:00;9770;3459;2469;1217
25.03.2022 14:00:00;25.03.2022 15:00:00;9632;3441;2530;1257
25.03.2022 15:00:00;25.03.2022 16:00:00;9593;3491;2540;1003
25.03.2022 16:00:00;25.03.2022 17:00:00;9586;3479;2629;1140
25.03.2022 17:00:00;25.03.2022 18:00:00;9781;3560;2815;1291
25.03.2022 18:00:00;25.03.2022 19:00:00;10107;3365;2759;1112
25.03.2022 19:00:00;25.03.2022 20:00:00;10017;3309;2745;798
25.03.2022 20:00:00;25.03.2022 21:00:00;9549;3450;2589;901
25.03.2022 21:00:00;25.03.2022 22:00:00;9545;3400;2505;1548
25.03.2022 22:00:00;25.03.2022 23:00:00;9335;3278;2479;1533
25.03.2022 23:00:00;26.03.2022 00:00:00;8913;3142;2418;1266
26.03.2022 00:00:00;26.03.2022 01:00:00;8638;3032;2476;1036
26.03.2022 01:00:00;26.03.2022 02:00:00;8444;3057;2503;1013
26.03.2022 02:00:00;26.03.2022 03:00:00;8336;3004;2423;968
26.03.2022 03:00:00;26.03.2022 04:00:00;8475;3057;2277;1099
26.03.2022 04:00:00;26.03.2022 05:00:00;8637;3123;2284;1136
26.03.2022 05:00:00;26.03.2022 06:00:00;8709;3067;2280;1149
26.03.2022 06:00:00;26.03.2022 07:00:00;8869;3018;2319;1253
26.03.2022 07:00:00;26.03.2022 08:00:00;9185;3204;2276;1253
26.03.2022 08:00:00;26.03.2022 09:00:00;9498;3319;2310;1251
26.03.2022 09:00:00;26.03.2022 10:00:00;9673;3537;2562;1279
26.03.2022 10:00:00;26.03.2022 11:00:00;9766;3608;2662;1276
26.03.2022 11:00:00;26.03.2022 12:00:00;9744;3490;2589;1229
26.03.2022 12:00:00;26.03.2022 13:00:00;9654;3295;2415;1187
26.03.2022 13:00:00;26.03.2022 14:00:00;9658;3219;2330;1228
26.03.2022 14:00:00;26.03.2022 15:00:00;9722;3274;2394;1142
26.03.2022 15:00:00;26.03.2022 16:00:00;9781;3324;2499;1138
26.03.2022 16:00:00;26.03.2022 17:00:00;10036;3284;2500;1157
26.03.2022 17:00:00;26.03.2022 18:00:00;10320;3319;2532;1173
26.03.2022 18:00:00;26.03.2022 19:00:00;10630;3320;2583;1283
26.03.2022 19:00:00;26.03.2022 20:00:00;10451;3403;2624;1439
26.03.2022 20:00:00;26.03.2022 21:00:00;10015;3432;2601;1408
26.03.2022 21:00:00;26.03.2022 22:00:00;10111;3402;2532;1087
26.03.2022 22:00:00;26.03.2022 23:00:00;9951;3373;2520;1292
26.03.2022 23:00:00;27.03.2022 00:00:00;9562;3328;2478;1461
27.03.2022 00:00:00;27.03.2022 01:00:00;9247;3324;2405;1383
27.03.2022 01:00:00;27.03.2022 03:00:00;9140;3129;2398;1336
27.03.2022 03:00:00;27.03.2022 04:00:00;9103;3002;2320;1299
27.03.2022 04:00:00;27.03.2022 05:00:00;9265;3036;2234;1270
27.03.2022 05:00:00;27.03.2022 06:00:00;9395;3022;2229;1278
27.03.2022 06:00:00;27.03.2022 07:00:00;9266;3097;2231;1221
27.03.2022 07:00:00;27.03.2022 08:00:00;9377;3126;2202;1237
27.03.2022 08:00:00;27.03.2022 09:00:00;9487;3264;2168;1272
27.03.2022 09:00:00;27.03.2022 10:00:00;9504;3313;2262;1374
27.03.2022 10:00:00;27.03.2022 11:00:00;9500;3415;2244;1249
27.03.2022 11:00:00;27.03.2022 12:00:00;9499;3551;2196;1199
27.03.2022 12:00:00;27.03.2022 13:00:00;9445;3482;2181;1178
27.03.2022 13:00:00;27.03.2022 14:00:00;9440;3333;2211;1173
27.03.2022 14:00:00;27.03.2022 15:00:00;9442;3297;2244;1032
27.03.2022 15:00:00;27.03.2022 16:00:00;9572;3273;2285;1020
27.03.2022 16:00:00;27.03.2022 17:00:00;9663;3317;2369;1254
27.03.2022 17:00:00;27.03.2022 18:00:00;9853;3318;2452;1427
27.03.2022 18:00:00;27.03.2022 19:00:00;10052;3328;2559;1376
27.03.2022 19:00:00;27.03.2022 20:00:00;10255;3367;2681;1265
27.03.2022 20:00:00;27.03.2022 21:00:00;10011;3395;2614;1307
27.03.2022 21:00:00;27.03.2022 22:00:00;10164;3283;2678;1363
27.03.2022 22:00:00;27.03.2022 23:00:00;9982;3223;2578;1322
27.03.2022 23:00:00;28.03.2022 00:00:00;9581;3125;2530;1149
28.03.2022 00:00:00;28.03.2022 01:00:00;9223;3099;2512;1001
28.03.2022 01:00:00;28.03.2022 02:00:00;9045;3093;2451;1072
28.03.2022 02:00:00;28.03.2022 03:00:00;8974;3051;2341;1230
28.03.2022 03:00:00;28.03.2022 04:00:00;9040;3052;2382;1237
28.03.2022 04:00:00;28.03.2022 05:00:00;9355;3158;2346;1326
28.03.2022 05:00:00;28.03.2022 06:00:00;10008;3234;2376;1268
28.03.2022 06:00:00;28.03.2022 07:00:00;10281;3344;2549;1363
28.03.2022 07:00:00;28.03.2022 08:00:00;10505;3518;2691;1424
28.03.2022 08:00:00;28.03.2022 09:00:00;10581;3497;2716;1285
28.03.2022 09:00:00;28.03.2022 10:00:00;10548;3551;2688;1406
28.03.2022 10:00:00;28.03.2022 11:00:00;10426;3590;2706;1342
28.03.2022 11:00:00;28.03.2022 12:00:00;10364;3621;2734;1299
28.03.2022 12:00:00;28.03.2022 13:00:00;10209;3650;2654;1110
28.03.2022 13:00:00;28.03.2022 14:00:00;10015;3617;2489;1272
28.03.2022 14:00:00;28.03.2022 15:00:00;9887;3634;2493;1308
28.03.2022 15:00:00;28.03.2022 16:00:00;9861;3604;2497;1220
28.03.2022 16:00:00;28.03.2022 17:00:00;9959;3618;2481;1304
28.03.2022 17:00:00;28.03.2022 18:00:00;10005;3521;2454;1318
28.03.2022 18:00:00;28.03.2022 19:00:00;10107;3602;2495;1370
28.03.2022 19:00:00;28.03.2022 20:00:00;10380;3637;2559;1224
28.03.2022 20:00:00;28.03.2022 21:00:00;10147;3653;2611;1031
28.03.2022 21:00:00;28.03.2022 22:00:00;10227;3710;2605;1116
28.03.2022 22:00:00;28.03.2022 23:00:00;10068;3715;2555;1205
28.03.2022 23:00:00;29.03.2022 00:00:00;9695;3543;2511;1325
29.03.2022 00:00:00;29.03.2022 01:00:00;9397;3333;2487;1180
29.03.2022 01:00:00;29.03.2022 02:00:00;9300;3341;2403;1127
29.03.2022 02:00:00;29.03.2022 03:00:00;9302;3226;2392;1023
29.03.2022 03:00:00;29.03.2022 04:00:00;9426;3246;2431;1036
29.03.2022 04:00:00;29.03.2022 05:00:00;9846;3268;2427;1125
29.03.2022 05:00:00;29.03.2022 06:00:00;10507;3159;2416;1117
29.03.2022 06:00:00;29.03.2022 07:00:00;10837;3360;2502;1298
29.03.2022 07:00:00;29.03.2022 08:00:00;10945;3698;2610;1383
29.03.2022 08:00:00;29.03.2022 09:00:00;10911;3666;2633;1418
29.03.2022 09:00:00;29.03.2022 10:00:00;10743;3577;2605;1507
29.03.2022 10:00:00;29.03.2022 11:00:00;10613;3500;2574;1375
29.03.2022 11:00:00;29.03.2022 12:00:00;10516;3463;2573;1431
29.03.2022 12:00:00;29.03.2022 13:00:00;10310;3565;2547;1415
29.03.2022 13:00:00;29.03.2022 14:00:00;10147;3501;2631;1272
29.03.2022 14:00:00;29.03.2022 15:00:00;10036;3415;2568;1203
29.03.2022 15:00:00;29.03.2022 16:00:00;10034;3420;2533;1269
29.03.2022 16:00:00;29.03.2022 17:00:00;10123;3453;2520;1169
29.03.2022 17:00:00;29.03.2022 18:00:00;10219;3380;2498;1349
29.03.2022 18:00:00;29.03.2022 19:00:00;10462;3374;2527;1391
29.03.2022 19:00:00;29.03.2022 20:00:00;10655;3510;2564;1508
29.03.2022 20:00:00;29.03.2022 21:00:00;10367;3494;2525;1442
29.03.2022 21:00:00;29.03.2022 22:00:00;10333;3550;2517;1320
29.03.2022 22:00:00;29.03.2022 23:00:00;10105;3533;2479;1254
29.03.2022 23:00:00;30.03.2022 00:00:00;9698;3423;2407;1223
30.03.2022 00:00:00;30.03.2022 01:00:00;9428;3282;2331;1114
30.03.2022 01:00:00;30.03.2022 02:00:00;9281;3302;2297;1098
30.03.2022 02:00:00;30.03.2022 03:00:00;9198;3245;2285;1105
30.03.2022 03:00:00;30.03.2022 04:00:00;9417;3206;2266;1074
30.03.2022 04:00:00;30.03.2022 05:00:00;9726;3234;2325;1028
30.03.2022 05:00:00;30.03.2022 06:00:00;10413;3333;2343;1121
30.03.2022 06:00:00;30.03.2022 07:00:00;10663;3474;2467;1137
30.03.2022 07:00:00;30.03.2022 08:00:00;10850;3673;2563;1161
30.03.2022 08:00:00;30.03.2022 09:00:00;10810;3772;2558;1175
30.03.2022 09:00:00;30.03.2022 10:00:00;10661;3704;2562;1408
30.03.2022 10:00:00;30.03.2022 11:00:00;10609;3708;2571;1449
30.03.2022 11:00:00;30.03.2022 12:00:00;10507;3619;2534;1318
30.03.2022 12:00:00;30.03.2022 13:00:00;10381;3516;2544;1224
30.03.2022 13:00:00;30.03.2022 14:00:00;10251;3524;2540;1240
30.03.2022 14:00:00;30.03.2022 15:00:00;10192;3653;2607;1233
30.03.2022 15:00:00;30.03.2022 16:00:00;10148;3577;2560;1291
30.03.2022 16:00:00;30.03.2022 17:00:00;10208;3641;2433;1381
30.03.2022 17:00:00;30.03.2022 18:00:00;10225;3463;2428;1333
30.03.2022 18:00:00;30.03.2022 19:00:00;10327;3405;2444;1238
30.03.2022 19:00:00;30.03.2022 20:00:00;10546;3437;2474;1425
30.03.2022 20:00:00;30.03.2022 21:00:00;10326;3523;2533;1414
30.03.2022 21:00:00;30.03.2022 22:00:00;10267;3479;2549;1203
30.03.2022 22:00:00;30.03.2022 23:00:00;10117;3463;2425;1117
30.03.2022 23:00:00;31.03.2022 00:00:00;9766;3445;2387;1167
31.03.2022 00:00:00;31.03.2022 01:00:00;9435;3284;2406;1215
31.03.2022 01:00:00;31.03.2022 02:00:00;9322;3257;2429;1106
31.03.2022 02:00:00;31.03.2022 03:00:00;9378;3233;2353;1008
31.03.2022 03:00:00;31.03.2022 04:00:00;9555;3303;2345;1123
31.03.2022 04:00:00;31.03.2022 05:00:00;9908;3315;2399;1127
31.03.2022 05:00:00;31.03.2022 06:00:00;10619;3381;2415;976
31.03.2022 06:00:00;31.03.2022 07:00:00;10871;3575;2545;1065
31.03.2022 07:00:00;31.03.2022 08:00:00;11021;3735;2686;1256
31.03.2022 08:00:00;31.03.2022 09:00:00;10837;3787;2772;1546
31.03.2022 09:00:00;31.03.2022 10:00:00;10682;3768;2648;1566
31.03.2022 10:00:00;31.03.2022 11:00:00;10542;3679;2623;1328
31.03.2022 11:00:00;31.03.2022 12:00:00;10504;3564;2571;1183
31.03.2022 12:00:00;31.03.2022 13:00:00;10398;3487;2487;1227
31.03.2022 13:00:00;31.03.2022 14:00:00;10287;3461;2488;1264
31.03.2022 14:00:00;31.03.2022 15:00:00;10122;3480;2506;1268
31.03.2022 15:00:00;31.03.2022 16:00:00;10105;3496;2498;1303
31.03.2022 16:00:00;31.03.2022 17:00:00;10093;3545;2480;1163
31.03.2022 17:00:00;31.03.2022 18:00:00;10056;3531;2497;1266
31.03.2022 18:00:00;31.03.2022 19:00:00;10130;3514;2483;1249
31.03.2022 19:00:00;31.03.2022 20:00:00;10421;3523;2533;1555
31.03.2022 20:00:00;31.03.2022 21:00:00;10324;3594;2591;1389
31.03.2022 21:00:00;31.03.2022 22:00:00;10385;3604;2612;1374
31.03.2022 22:00:00;31.03.2022 23:00:00;10327;3558;2539;1382
31.03.2022 23:00:00;01.04.2022 00:00:00;9986;3534;2503;1349
01.04.2022 00:00:00;01.04.2022 01:00:00;9695;3474;2485;1351
01.04.2022 01:00:00;01.04.2022 02:00:00;9606;3440;2396;1282
01.04.2022 02:00:00;01.04.2022 03:00:00;9624;3425;2380;1301
01.04.2022 03:00:00;01.04.2022 04:00:00;9863;3434;2440;1407
01.04.2022 04:00:00;01.04.2022 05:00:00;10245;3430;2414;1353
01.04.2022 05:00:00;01.04.2022 06:00:00;10939;3495;2461;1449
01.04.2022 06:00:00;01.04.2022 07:00:00;11185;3647;2525;1530
01.04.2022 07:00:00;01.04.2022 08:00:00;11248;3792;2640;1449
01.04.2022 08:00:00;01.04.2022 09:00:00;11083;3861;2704;1409
01.04.2022 09:00:00;01.04.2022 10:00:00;10846;3802;2584;1376
01.04.2022 10:00:00;01.04.2022 11:00:00;10620;3691;2536;1329
01.04.2022 11:00:00;01.04.2022 12:00:00;10371;3614;2540;1305
01.04.2022 12:00:00;01.04.2022 13:00:00;10263;3539;2457;1283
01.04.2022 13:00:00;01.04.2022 14:00:00;10145;3526;2396;1300
01.04.2022 14:00:00;01.04.2022 15:00:00;10077;3541;2411;1227
01.04.2022 15:00:00;01.04.2022 16:00:00;10028;3574;2464;1189
01.04.2022 16:00:00;01.04.2022 17:00:00;10034;3587;2538;1160
01.04.2022 17:00:00;01.04.2022 18:00:00;10117;3553;2541;1163
01.04.2022 18:00:00;01.04.2022 19:00:00;10262;3459;2599;1311
01.04.2022 19:00:00;01.04.2022 20:00:00;10383;3471;2572;1429
01.04.2022 20:00:00;01.04.2022 21:00:00;10209;3514;2588;1274
01.04.2022 21:00:00;01.04.2022 22:00:00;10283;3498;2510;1280
01.04.2022 22:00:00;01.04.2022 23:00:00;10200;3530;2399;1359
01.04.2022 23:00:00;02.04.2022 00:00:00;9858;3475;2425;1339
02.04.2022 00:00:00;02.04.2022 01:00:00;9630;3330;2353;1209
02.04.2022 01:00:00;02.04.2022 02:00:00;9615;3337;2330;882
02.04.2022 02:00:00;02.04.2022 03:00:00;9624;3294;2355;981
02.04.2022 03:00:00;02.04.2022 04:00:00;9693;3200;2410;1091
02.04.2022 04:00:00;02.04.2022 05:00:00;9922;3159;2390;1013
02.04.2022 05:00:00;02.04.2022 06:00:00;10065;3171;2282;1012
02.04.2022 06:00:00;02.04.2022 07:00:00;10080;3224;2269;1037
02.04.2022 07:00:00;02.04.2022 08:00:00;10218;3270;2347;977
02.04.2022 08:00:00;02.04.2022 09:00:00;10091;3632;2514;1218
02.04.2022 09:00:00;02.04.2022 10:00:00;10096;3728;2712;1273
02.04.2022 10:00:00;02.04.2022 11:00:00;9875;3582;2608;1358
02.04.2022 11:00:00;02.04.2022 12:00:00;9774;3578;2554;1461
02.04.2022 12:00:00;02.04.2022 13:00:00;9693;3540;2434;1136
02.04.2022 13:00:00;02.04.2022 14:00:00;9645;3760;2376;956
02.04.2022 14:00:00;02.04.2022 15:00:00;9700;3696;2413;1180
02.04.2022 15:00:00;02.04.2022 16:00:00;9777;3587;2491;1182
02.04.2022 16:00:00;02.04.2022 17:00:00;9939;3534;2433;1193
02.04.2022 17:00:00;02.04.2022 18:00:00;10037;3545;2443;1311
02.04.2022 18:00:00;02.04.2022 19:00:00;10068;3490;2475;1399
02.04.2022 19:00:00;02.04.2022 20:00:00;10150;3708;2429;1406
02.04.2022 20:00:00;02.04.2022 21:00:00;10063;3645;2535;1297
02.04.2022 21:00:00;02.04.2022 22:00:00;10099;3656;2502;1280
02.04.2022 22:00:00;02.04.2022 23:00:00;10039;3656;2524;1234
02.04.2022 23:00:00;03.04.2022 00:00:00;9703;3538;2508;1197
03.04.2022 00:00:00;03.04.2022 01:00:00;9419;3382;2444;1141
03.04.2022 01:00:00;03.04.2022 02:00:00;9277;3430;2456;1104
03.04.2022 02:00:00;03.04.2022 03:00:00;9217;3358;2481;1182
03.04.2022 03:00:00;03.04.2022 04:00:00;9270;3357;2433;1263
03.04.2022 04:00:00;03.04.2022 05:00:00;9408;3295;2355;1201
03.04.2022 05:00:00;03.04.2022 06:00:00;9409;3353;2338;1099
03.04.2022 06:00:00;03.04.2022 07:00:00;9373;3380;2360;1110
03.04.2022 07:00:00;03.04.2022 08:00:00;9464;3423;2342;1263
03.04.2022 08:00:00;03.04.2022 09:00:00;9431;3514;2347;1390
03.04.2022 09:00:00;03.04.2022 10:00:00;9406;3597;2375;1452
03.04.2022 10:00:00;03.04.2022 11:00:00;9334;3678;2363;1347
03.04.2022 11:00:00;03.04.2022 12:00:00;9260;3695;2334;1311
03.04.2022 12:00:00;03.04.2022 13:00:00;9190;3651;2249;1241
03.04.2022 13:00:00;03.04.2022 14:00:00;9198;3572;2236;1182
03.04.2022 14:00:00;03.04.2022 15:00:00;9177;3529;2281;1188
03.04.2022 15:00:00;03.04.2022 16:00:00;9184;3525;2243;1197
03.04.2022 16:00:00;03.04.2022 17:00:00;9345;3502;2266;1212
03.04.2022 17:00:00;03.04.2022 18:00:00;9514;3581;2274;1214
03.04.2022 18:00:00;03.04.2022 19:00:00;9651;3521;2381;1223
03.04.2022 19:00:00;03.04.2022 20:00:00;9687;3604;2402;1303
03.04.2022 20:00:00;03.04.2022 21:00:00;9678;3685;2469;1333
03.04.2022 21:00:00;03.04.2022 22:00:00;9881;3653;2506;1296
03.04.2022 22:00:00;03.04.2022 23:00:00;9839;3583;2487;1301
03.04.2022 23:00:00;04.04.2022 00:00:00;9532;3518;2476;1282
04.04.2022 00:00:00;04.04.2022 01:00:00;9236;3423;2408;1317
04.04.2022 01:00:00;04.04.2022 02:00:00;9110;3336;2287;1283
04.04.2022 02:00:00;04.04.2022 03:00:00;9068;3363;2382;1174
04.04.2022 03:00:00;04.04.2022 04:00:00;9247;3398;2391;1251
04.04.2022 04:00:00;04.04.2022 05:00:00;9600;3354;2403;1296
04.04.2022 05:00:00;04.04.2022 06:00:00;10164;3357;2591;1237
04.04.2022 06:00:00;04.04.2022 07:00:00;10324;3595;2590;1330
04.04.2022 07:00:00;04.04.2022 08:00:00;10581;3785;2704;1388
04.04.2022 08:00:00;04.04.2022 09:00:00;10638;3866;2742;1452
04.04.2022 09:00:00;04.04.2022 10:00:00;10598;3879;2678;1408
04.04.2022 10:00:00;04.04.2022 11:00:00;10600;3819;2647;1429
04.04.2022 11:00:00;04.04.2022 12:00:00;10537;3727;2603;1332
04.04.2022 12:00:00;04.04.2022 13:00:00;10383;3685;2562;1366
04.04.2022 13:00:00;04.04.2022 14:00:00;10290;3664;2545;1377
04.04.2022 14:00:00;04.04.2022 15:00:00;10197;3615;2501;1469
04.04.2022 15:00:00;04.04.2022 16:00:00;10204;3580;2449;1385
04.04.2022 16:00:00;04.04.2022 17:00:00;10294;3640;2461;1446
04.04.2022 17:00:00;04.04.2022 18:00:00;10272;3658;2462;1342
04.04.2022 18:00:00;04.04.2022 19:00:00;10358;3742;2455;1405
04.04.2022 19:00:00;04.04.2022 20:00:00;10389;3725;2504;1276
04.04.2022 20:00:00;04.04.2022 21:00:00;10183;3733;2552;914
04.04.2022 21:00:00;04.04.2022 22:00:00;10159;3803;2498;905
04.04.2022 22:00:00;04.04.2022 23:00:00;9913;3715;2515;893
04.04.2022 23:00:00;05.04.2022 00:00:00;9514;3627;2480;999
05.04.2022 00:00:00;05.04.2022 01:00:00;9208;3539;2424;986
05.04.2022 01:00:00;05.04.2022 02:00:00;9035;3547;2439;1108
05.04.2022 02:00:00;05.04.2022 03:00:00;9022;3506;2403;1124
05.04.2022 03:00:00;05.04.2022 04:00:00;9100;3497;2436;1103
05.04.2022 04:00:00;05.04.2022 05:00:00;9381;3500;2458;1038
05.04.2022 05:00:00;05.04.2022 06:00:00;10029;3476;2485;1268
05.04.2022 06:00:00;05.04.2022 07:00:00;10412;3557;2564;1351
05.04.2022 07:00:00;05.04.2022 08:00:00;10627;3679;2674;1396
05.04.2022 08:00:00;05.04.2022 09:00:00;10774;3903;2696;1452
05.04.2022 09:00:00;05.04.2022 10:00:00;10812;4029;2644;1572
05.04.2022 10:00:00;05.04.2022 11:00:00;10790;4024;2629;1522
05.04.2022 11:00:00;05.04.2022 12:00:00;10714;3818;2514;1498
05.04.2022 12:00:00;05.04.2022 13:00:00;10707;3738;2472;1391
05.04.2022 13:00:00;05.04.2022 14:00:00;10773;3725;2544;1447
05.04.2022 14:00:00;05.04.2022 15:00:00;10715;3648;2611;1427
05.04.2022 15:00:00;05.04.2022 16:00:00;10595;3728;2696;1537
05.04.2022 16:00:00;05.04.2022 17:00:00;10633;3671;2793;1479
05.04.2022 17:00:00;05.04.2022 18:00:00;10656;3556;2780;1366
05.04.2022 18:00:00;05.04.2022 19:00:00;10712;3625;2747;1426
05.04.2022 19:00:00;05.04.2022 20:00:00;10820;3645;2683;1490
05.04.2022 20:00:00;05.04.2022 21:00:00;10653;3616;2609;1370
05.04.2022 21:00:00;05.04.2022 22:00:00;10557;3756;2562;1333
05.04.2022 22:00:00;05.04.2022 23:00:00;10286;3700;2504;1379
05.04.2022 23:00:00;06.04.2022 00:00:00;9876;3526;2425;1395
06.04.2022 00:00:00;06.04.2022 01:00:00;9584;3425;2364;1349
06.04.2022 01:00:00;06.04.2022 02:00:00;9393;3360;2277;1191
06.04.2022 02:00:00;06.04.2022 03:00:00;9364;3299;2276;1240
06.04.2022 03:00:00;06.04.2022 04:00:00;9477;3198;2289;1315
06.04.2022 04:00:00;06.04.2022 05:00:00;9823;3131;2291;1392
06.04.2022 05:00:00;06.04.2022 06:00:00;10452;3288;2284;1325
06.04.2022 06:00:00;06.04.2022 07:00:00;10785;3430;2242;1273
06.04.2022 07:00:00;06.04.2022 08:00:00;10926;3638;2443;1465
06.04.2022 08:00:00;06.04.2022 09:00:00;11026;3852;2510;1482
06.04.2022 09:00:00;06.04.2022 10:00:00;10956;3807;2510;1358
06.04.2022 10:00:00;06.04.2022 11:00:00;10908;3822;2498;1392
06.04.2022 11:00:00;06.04.2022 12:00:00;10837;3750;2542;1648
06.04.2022 12:00:00;06.04.2022 13:00:00;10697;3651;2483;1597
06.04.2022 13:00:00;06.04.2022 14:00:00;10552;3520;2433;1338
06.04.2022 14:00:00;06.04.2022 15:00:00;10440;3569;2397;1057
06.04.2022 15:00:00;06.04.2022 16:00:00;10408;3636;2423;1234
06.04.2022 16:00:00;06.04.2022 17:00:00;10430;3495;2422;1491
06.04.2022 17:00:00;06.04.2022 18:00:00;10392;3420;2398;1594
06.04.2022 18:00:00;06.04.2022 19:00:00;10439;3440;2422;1384
06.04.2022 19:00:00;06.04.2022 20:00:00;10469;3544;2402;1326
06.04.2022 20:00:00;06.04.2022 21:00:00;10330;3620;2481;1414
06.04.2022 21:00:00;06.04.2022 22:00:00;10293;3693;2514;1455
06.04.2022 22:00:00;06.04.2022 23:00:00;10121;3679;2469;1462
06.04.2022 23:00:00;07.04.2022 00:00:00;9704;3590;2437;1473
07.04.2022 00:00:00;07.04.2022 01:00:00;9380;3500;2345;1512
07.04.2022 01:00:00;07.04.2022 02:00:00;9191;3458;2289;1458
07.04.2022 02:00:00;07.04.2022 03:00:00;9200;3432;2297;1413
07.04.2022 03:00:00;07.04.2022 04:00:00;9325;3404;2284;1404
07.04.2022 04:00:00;07.04.2022 05:00:00;9687;3489;2297;1352
07.04.2022 05:00:00;07.04.2022 06:00:00;10278;3499;2318;1468
07.04.2022 06:00:00;07.04.2022 07:00:00;10591;3714;2397;1415
07.04.2022 07:00:00;07.04.2022 08:00:00;10773;3924;2525;1431
07.04.2022 08:00:00;07.04.2022 09:00:00;10662;3879;2588;1405
07.04.2022 09:00:00;07.04.2022 10:00:00;10556;3826;2530;1520
07.04.2022 10:00:00;07.04.2022 11:00:00;10492;3833;2426;1396
07.04.2022 11:00:00;07.04.2022 12:00:00;10366;3730;2430;1345
07.04.2022 12:00:00;07.04.2022 13:00:00;10273;3670;2342;1431
07.04.2022 13:00:00;07.04.2022 14:00:00;10122;3663;2371;1442
07.04.2022 14:00:00;07.04.2022 15:00:00;10027;3618;2382;1439
07.04.2022 15:00:00;07.04.2022 16:00:00;10061;3620;2314;1487
07.04.2022 16:00:00;07.04.2022 17:00:00;9995;3612;2340;1443
07.04.2022 17:00:00;07.04.2022 18:00:00;10000;3504;2308;1286
07.04.2022 18:00:00;07.04.2022 19:00:00;10181;3484;2362;1429
07.04.2022 19:00:00;07.04.2022 20:00:00;10240;3505;2377;1523
07.04.2022 20:00:00;07.04.2022 21:00:00;10093;3588;2424;1542
07.04.2022 21:00:00;07.04.2022 22:00:00;10021;3618;2486;1665
07.04.2022 22:00:00;07.04.2022 23:00:00;9778;3642;2444;1335
07.04.2022 23:00:00;08.04.2022 00:00:00;9365;3511;2265;1324
08.04.2022 00:00:00;08.04.2022 01:00:00;9018;3481;2503;1245
08.04.2022 01:00:00;08.04.2022 02:00:00;8842;3527;2287;1342
08.04.2022 02:00:00;08.04.2022 03:00:00;8815;3454;2296;1392
08.04.2022 03:00:00;08.04.2022 04:00:00;8868;3411;2320;1539
08.04.2022 04:00:00;08.04.2022 05:00:00;9215;3467;2265;1674
08.04.2022 05:00:00;08.04.2022 06:00:00;9857;3500;2126;1524
08.04.2022 06:00:00;08.04.2022 07:00:00;10256;3647;2467;1439
08.04.2022 07:00:00;08.04.2022 08:00:00;10537;3881;2508;1413
08.04.2022 08:00:00;08.04.2022 09:00:00;10608;3855;2505;1214
08.04.2022 09:00:00;08.04.2022 10:00:00;10628;3861;2445;1213
08.04.2022 10:00:00;08.04.2022 11:00:00;10634;3867;2358;1335
08.04.2022 11:00:00;08.04.2022 12:00:00;10530;3824;2309;1444
08.04.2022 12:00:00;08.04.2022 13:00:00;10280;3786;2279;1439
08.04.2022 13:00:00;08.04.2022 14:00:00;10145;3700;2320;1383
08.04.2022 14:00:00;08.04.2022 15:00:00;10005;3695;2377;1352
08.04.2022 15:00:00;08.04.2022 16:00:00;9958;3696;2354;1517
08.04.2022 16:00:00;08.04.2022 17:00:00;9927;3592;2333;1676
08.04.2022 17:00:00;08.04.2022 18:00:00;10009;3448;2284;1659
08.04.2022 18:00:00;08.04.2022 19:00:00;10066;3465;2318;1560
08.04.2022 19:00:00;08.04.2022 20:00:00;10070;3578;2227;1489
08.04.2022 20:00:00;08.04.2022 21:00:00;9913;3445;2219;1474
08.04.2022 21:00:00;08.04.2022 22:00:00;9849;3510;2206;1286
08.04.2022 22:00:00;08.04.2022 23:00:00;9601;3608;2230;1355
08.04.2022 23:00:00;09.04.2022 00:00:00;9155;3544;2187;1297
09.04.2022 00:00:00;09.04.2022 01:00:00;8783;3299;2123;1208
09.04.2022 01:00:00;09.04.2022 02:00:00;8582;3368;2104;1379
09.04.2022 02:00:00;09.04.2022 03:00:00;8602;3310;2107;1254
09.04.2022 03:00:00;09.04.2022 04:00:00;8628;3361;2178;1380
09.04.2022 04:00:00;09.04.2022 05:00:00;8759;3323;2232;1342
09.04.2022 05:00:00;09.04.2022 06:00:00;8817;3395;2152;1305
09.04.2022 06:00:00;09.04.2022 07:00:00;8950;3267;2127;1349
09.04.2022 07:00:00;09.04.2022 08:00:00;9215;3249;2190;1356
09.04.2022 08:00:00;09.04.2022 09:00:00;9374;3505;2258;1308
09.04.2022 09:00:00;09.04.2022 10:00:00;9447;3679;2345;1296
09.04.2022 10:00:00;09.04.2022 11:00:00;9424;3612;2319;1116
09.04.2022 11:00:00;09.04.2022 12:00:00;9345;3601;2259;1258
09.04.2022 12:00:00;09.04.2022 13:00:00;9297;3523;2210;1302
09.04.2022 13:00:00;09.04.2022 14:00:00;9262;3531;2207;1296
09.04.2022 14:00:00;09.04.2022 15:00:00;9235;3520;2239;1279
09.04.2022 15:00:00;09.04.2022 16:00:00;9396;3501;2251;1262
09.04.2022 16:00:00;09.04.2022 17:00:00;9564;3484;2226;1257
09.04.2022 17:00:00;09.04.2022 18:00:00;9706;3489;2225;1278
09.04.2022 18:00:00;09.04.2022 19:00:00;9777;3553;2255;1323
09.04.2022 19:00:00;09.04.2022 20:00:00;9699;3578;2269;1308
09.04.2022 20:00:00;09.04.2022 21:00:00;9589;3538;2209;1316
09.04.2022 21:00:00;09.04.2022 22:00:00;9581;3474;2175;1131
09.04.2022 22:00:00;09.04.2022 23:00:00;9468;3412;2134;1275
09.04.2022 23:00:00;10.04.2022 00:00:00;9105;3325;2065;1242
10.04.2022 00:00:00;10.04.2022 01:00:00;8675;3290;2074;1335
10.04.2022 01:00:00;10.04.2022 02:00:00;8465;3244;2085;1417
10.04.2022 02:00:00;10.04.2022 03:00:00;8401;3180;2051;1288
10.04.2022 03:00:00;10.04.2022 04:00:00;8448;3155;2027;1215
10.04.2022 04:00:00;10.04.2022 05:00:00;8476;3212;2024;1251
10.04.2022 05:00:00;10.04.2022 06:00:00;8471;3096;1985;1200
10.04.2022 06:00:00;10.04.2022 07:00:00;8489;3167;2012;1237
10.04.2022 07:00:00;10.04.2022 08:00:00;8769;3109;2068;1320
10.04.2022 08:00:00;10.04.2022 09:00:00;8959;3317;2045;1193
10.04.2022 09:00:00;10.04.2022 10:00:00;9075;3480;2177;1245
10.04.2022 10:00:00;10.04.2022 11:00:00;9093;3475;2171;1361
10.04.2022 11:00:00;10.04.2022 12:00:00;9067;3430;2192;1207
10.04.2022 12:00:00;10.04.2022 13:00:00;8988;3450;2184;1163
10.04.2022 13:00:00;10.04.2022 14:00:00;8956;3390;2205;1240
10.04.2022 14:00:00;10.04.2022 15:00:00;8923;3423;2175;1282
10.04.2022 15:00:00;10.04.2022 16:00:00;8938;3430;2160;1231
10.04.2022 16:00:00;10.04.2022 17:00:00;9023;3430;2153;1311
10.04.2022 17:00:00;10.04.2022 18:00:00;9131;3436;2177;1231
10.04.2022 18:00:00;10.04.2022 19:00:00;9299;3412;2188;1231
10.04.2022 19:00:00;10.04.2022 20:00:00;9407;3442;2270;1285
10.04.2022 20:00:00;10.04.2022 21:00:00;9337;3448;2317;1285
10.04.2022 21:00:00;10.04.2022 22:00:00;9522;3451;2364;1274
10.04.2022 22:00:00;10.04.2022 23:00:00;9355;3400;2343;1265
10.04.2022 23:00:00;11.04.2022 00:00:00;9001;3460;2292;1280
11.04.2022 00:00:00;11.04.2022 01:00:00;8709;3281;2244;1241
11.04.2022 01:00:00;11.04.2022 02:00:00;8595;3300;2178;1360
11.04.2022 02:00:00;11.04.2022 03:00:00;8530;3350;2199;1407
11.04.2022 03:00:00;11.04.2022 04:00:00;8674;3370;2187;1277
11.04.2022 04:00:00;11.04.2022 05:00:00;8985;3373;2237;1226
11.04.2022 05:00:00;11.04.2022 06:00:00;9521;3383;2233;1267
11.04.2022 06:00:00;11.04.2022 07:00:00;9884;3494;2337;1153
11.04.2022 07:00:00;11.04.2022 08:00:00;10052;3642;2424;1341
11.04.2022 08:00:00;11.04.2022 09:00:00;10081;3715;2488;1470
11.04.2022 09:00:00;11.04.2022 10:00:00;9935;3755;2497;1407
11.04.2022 10:00:00;11.04.2022 11:00:00;9902;3677;2393;1265
11.04.2022 11:00:00;11.04.2022 12:00:00;9677;3645;2394;1193
11.04.2022 12:00:00;11.04.2022 13:00:00;9652;3624;2351;1304
11.04.2022 13:00:00;11.04.2022 14:00:00;9482;3629;2261;1383
11.04.2022 14:00:00;11.04.2022 15:00:00;9404;3645;2231;1417
11.04.2022 15:00:00;11.04.2022 16:00:00;9348;3678;2282;1329
11.04.2022 16:00:00;11.04.2022 17:00:00;9378;3659;2238;1359
11.04.2022 17:00:00;11.04.2022 18:00:00;9410;3587;2248;1374
11.04.2022 18:00:00;11.04.2022 19:00:00;9377;3557;2281;1455
11.04.2022 19:00:00;11.04.2022 20:00:00;9384;3606;2354;1470
11.04.2022 20:00:00;11.04.2022 21:00:00;9389;3754;2381;1447
11.04.2022 21:00:00;11.04.2022 22:00:00;9526;3641;2405;1418
11.04.2022 22:00:00;11.04.2022 23:00:00;9338;3519;2337;1338
11.04.2022 23:00:00;12.04.2022 00:00:00;8954;3495;2312;1131
12.04.2022 00:00:00;12.04.2022 01:00:00;8626;3416;2264;1087
12.04.2022 01:00:00;12.04.2022 02:00:00;8518;3357;2265;1237
12.04.2022 02:00:00;12.04.2022 03:00:00;8468;3250;2269;1375
12.04.2022 03:00:00;12.04.2022 04:00:00;8624;3326;2222;1391
12.04.2022 04:00:00;12.04.2022 05:00:00;8918;3367;2245;1323
12.04.2022 05:00:00;12.04.2022 06:00:00;9434;3266;2276;1273
12.04.2022 06:00:00;12.04.2022 07:00:00;9794;3372;2305;1259
12.04.2022 07:00:00;12.04.2022 08:00:00;9900;3513;2379;1382
12.04.2022 08:00:00;12.04.2022 09:00:00;9856;3710;2411;1459
12.04.2022 09:00:00;12.04.2022 10:00:00;9716;3692;2464;1447
12.04.2022 10:00:00;12.04.2022 11:00:00;9600;3548;2443;1349
12.04.2022 11:00:00;12.04.2022 12:00:00;9523;3546;2422;1298
12.04.2022 12:00:00;12.04.2022 13:00:00;9390;3488;2403;1319
12.04.2022 13:00:00;12.04.2022 14:00:00;9265;3425;2384;1216
12.04.2022 14:00:00;12.04.2022 15:00:00;9118;3359;2352;1296
12.04.2022 15:00:00;12.04.2022 16:00:00;9072;3368;2348;1210
12.04.2022 16:00:00;12.04.2022 17:00:00;9154;3395;2332;1231
12.04.2022 17:00:00;12.04.2022 18:00:00;9153;3382;2305;1366
12.04.2022 18:00:00;12.04.2022 19:00:00;9184;3367;2285;1358
12.04.2022 19:00:00;12.04.2022 20:00:00;9220;3395;2293;1397
12.04.2022 20:00:00;12.04.2022 21:00:00;9194;3437;2293;1412
12.04.2022 21:00:00;12.04.2022 22:00:00;9329;3451;2338;1424
12.04.2022 22:00:00;12.04.2022 23:00:00;9123;3392;2320;1334
12.04.2022 23:00:00;13.04.2022 00:00:00;8771;3292;2276;1325
13.04.2022 00:00:00;13.04.2022 01:00:00;8516;3282;2296;1279
13.04.2022 01:00:00;13.04.2022 02:00:00;8396;3281;2219;1412
13.04.2022 02:00:00;13.04.2022 03:00:00;8420;3262;2104;1302
13.04.2022 03:00:00;13.04.2022 04:00:00;8592;3267;2127;1269
13.04.2022 04:00:00;13.04.2022 05:00:00;8863;3281;2137;1349
13.04.2022 05:00:00;13.04.2022 06:00:00;9388;3328;2200;1324
13.04.2022 06:00:00;13.04.2022 07:00:00;9678;3365;2274;1342
13.04.2022 07:00:00;13.04.2022 08:00:00;9683;3469;2359;1347
13.04.2022 08:00:00;13.04.2022 09:00:00;9548;3475;2362;1470
13.04.2022 09:00:00;13.04.2022 10:00:00;9343;3499;2371;1447
13.04.2022 10:00:00;13.04.2022 11:00:00;9331;3501;2341;1487
13.04.2022 11:00:00;13.04.2022 12:00:00;9224;3432;2354;1519
13.04.2022 12:00:00;13.04.2022 13:00:00;9139;3379;2260;1180
13.04.2022 13:00:00;13.04.2022 14:00:00;9057;3318;2260;1179
13.04.2022 14:00:00;13.04.2022 15:00:00;8956;3310;2252;1158
13.04.2022 15:00:00;13.04.2022 16:00:00;9029;3273;2279;1240
13.04.2022 16:00:00;13.04.2022 17:00:00;9092;3252;2297;1301
13.04.2022 17:00:00;13.04.2022 18:00:00;9154;3232;2219;1275
13.04.2022 18:00:00;13.04.2022 19:00:00;9306;3252;2296;1333
13.04.2022 19:00:00;13.04.2022 20:00:00;9318;3299;2305;1371
13.04.2022 20:00:00;13.04.2022 21:00:00;9276;3281;2311;1374
13.04.2022 21:00:00;13.04.2022 22:00:00;9281;3328;2336;1403
13.04.2022 22:00:00;13.04.2022 23:00:00;9062;3315;2312;1345
13.04.2022 23:00:00;14.04.2022 00:00:00;8615;3268;2261;1360
14.04.2022 00:00:00;14.04.2022 01:00:00;8360;3194;2248;1278
14.04.2022 01:00:00;14.04.2022 02:00:00;8166;3159;2179;1382
14.04.2022 02:00:00;14.04.2022 03:00:00;8125;3140;2214;1396
14.04.2022 03:00:00;14.04.2022 04:00:00;8278;3097;2231;1362
14.04.2022 04:00:00;14.04.2022 05:00:00;8535;3159;2246;1353
14.04.2022 05:00:00;14.04.2022 06:00:00;9039;3189;2259;1357
14.04.2022 06:00:00;14.04.2022 07:00:00;9505;3210;2276;1415
14.04.2022 07:00:00;14.04.2022 08:00:00;9878;3278;2313;1433
14.04.2022 08:00:00;14.04.2022 09:00:00;9938;3315;2326;1501
14.04.2022 09:00:00;14.04.2022 10:00:00;9920;3368;2291;1502
14.04.2022 10:00:00;14.04.2022 11:00:00;9904;3325;2291;1456
14.04.2022 11:00:00;14.04.2022 12:00:00;9910;3274;2282;1297
14.04.2022 12:00:00;14.04.2022 13:00:00;9815;3238;2231;1299
14.04.2022 13:00:00;14.04.2022 14:00:00;9662;3172;2208;1273
14.04.2022 14:00:00;14.04.2022 15:00:00;9533;3161;2160;1238
14.04.2022 15:00:00;14.04.2022 16:00:00;9463;3146;2122;1070
14.04.2022 16:00:00;14.04.2022 17:00:00;9483;3129;2159;1168
14.04.2022 17:00:00;14.04.2022 18:00:00;9549;3131;2139;1330
14.04.2022 18:00:00;14.04.2022 19:00:00;9597;3158;2192;1392
14.04.2022 19:00:00;14.04.2022 20:00:00;9564;3188;2170;1437
14.04.2022 20:00:00;14.04.2022 21:00:00;9495;3186;2216;1381
14.04.2022 21:00:00;14.04.2022 22:00:00;9515;3188;2247;1394
14.04.2022 22:00:00;14.04.2022 23:00:00;9287;3139;2223;1045
14.04.2022 23:00:00;15.04.2022 00:00:00;8837;3071;2243;1188
15.04.2022 00:00:00;15.04.2022 01:00:00;8504;3131;2253;1120
15.04.2022 01:00:00;15.04.2022 02:00:00;8330;3117;2249;1154
15.04.2022 02:00:00;15.04.2022 03:00:00;8289;3161;2215;1270
15.04.2022 03:00:00;15.04.2022 04:00:00;8348;3192;2199;1204
15.04.2022 04:00:00;15.04.2022 05:00:00;8371;3209;2233;1174
15.04.2022 05:00:00;15.04.2022 06:00:00;8525;3177;2262;1094
15.04.2022 06:00:00;15.04.2022 07:00:00;8657;3244;2294;1137
15.04.2022 07:00:00;15.04.2022 08:00:00;8877;3316;2283;1130
15.04.2022 08:00:00;15.04.2022 09:00:00;8942;3319;2303;1190
15.04.2022 09:00:00;15.04.2022 10:00:00;8939;3227;2323;1129
15.04.2022 10:00:00;15.04.2022 11:00:00;8927;3198;2318;1094
15.04.2022 11:00:00;15.04.2022 12:00:00;8882;3191;2281;1146
15.04.2022 12:00:00;15.04.2022 13:00:00;8796;3103;2254;1171
15.04.2022 13:00:00;15.04.2022 14:00:00;8694;3073;2193;1140
15.04.2022 14:00:00;15.04.2022 15:00:00;8656;3006;2111;1113
15.04.2022 15:00:00;15.04.2022 16:00:00;8685;3045;2106;1097
15.04.2022 16:00:00;15.04.2022 17:00:00;8730;3052;2105;1118
15.04.2022 17:00:00;15.04.2022 18:00:00;8816;3055;2072;1176
15.04.2022 18:00:00;15.04.2022 19:00:00;8942;3079;2086;1219
15.04.2022 19:00:00;15.04.2022 20:00:00;8933;3114;2118;1232
15.04.2022 20:00:00;15.04.2022 21:00:00;8949;3155;2167;1245
15.04.2022 21:00:00;15.04.2022 22:00:00;9209;3124;2192;1280
15.04.2022 22:00:00;15.04.2022 23:00:00;9075;2999;2175;1194
15.04.2022 23:00:00;16.04.2022 00:00:00;8769;2940;2096;1110
16.04.2022 00:00:00;16.04.2022 01:00:00;8417;3048;2057;1172
16.04.2022 01:00:00;16.04.2022 02:00:00;8275;2967;1992;1109
16.04.2022 02:00:00;16.04.2022 03:00:00;8220;2755;1929;1101
16.04.2022 03:00:00;16.04.2022 04:00:00;8312;2816;1933;1138
16.04.2022 04:00:00;16.04.2022 05:00:00;8400;2831;1968;1159
16.04.2022 05:00:00;16.04.2022 06:00:00;8454;2782;1983;1135
16.04.2022 06:00:00;16.04.2022 07:00:00;8544;2904;2000;1132
16.04.2022 07:00:00;16.04.2022 08:00:00;8650;2955;2096;1244
16.04.2022 08:00:00;16.04.2022 09:00:00;8712;3077;2123;1361
16.04.2022 09:00:00;16.04.2022 10:00:00;8682;3133;2155;1243
16.04.2022 10:00:00;16.04.2022 11:00:00;8589;3144;2132;1279
16.04.2022 11:00:00;16.04.2022 12:00:00;8548;3042;2186;1298
16.04.2022 12:00:00;16.04.2022 13:00:00;8500;3045;2259;1142
16.04.2022 13:00:00;16.04.2022 14:00:00;8421;2988;2217;1063
16.04.2022 14:00:00;16.04.2022 15:00:00;8443;2896;2106;972
16.04.2022 15:00:00;16.04.2022 16:00:00;8487;2978;2101;1246
16.04.2022 16:00:00;16.04.2022 17:00:00;8663;3094;2164;1312
16.04.2022 17:00:00;16.04.2022 18:00:00;8883;3016;2168;1302
16.04.2022 18:00:00;16.04.2022 19:00:00;8940;3111;2187;1248
16.04.2022 19:00:00;16.04.2022 20:00:00;8829;3080;2202;1389
16.04.2022 20:00:00;16.04.2022 21:00:00;8874;3110;2182;1336
16.04.2022 21:00:00;16.04.2022 22:00:00;9047;3091;2193;1275
16.04.2022 22:00:00;16.04.2022 23:00:00;8876;3041;2192;1188
16.04.2022 23:00:00;17.04.2022 00:00:00;8576;3035;2083;1137
17.04.2022 00:00:00;17.04.2022 01:00:00;8334;2992;2065;1096
17.04.2022 01:00:00;17.04.2022 02:00:00;8192;2942;2032;1052
17.04.2022 02:00:00;17.04.2022 03:00:00;8218;2839;1981;1075
17.04.2022 03:00:00;17.04.2022 04:00:00;8290;2903;2018;1071
17.04.2022 04:00:00;17.04.2022 05:00:00;8320;2945;2075;1091
17.04.2022 05:00:00;17.04.2022 06:00:00;8309;2983;2051;1023
17.04.2022 06:00:00;17.04.2022 07:00:00;8319;3022;2070;979
17.04.2022 07:00:00;17.04.2022 08:00:00;8395;3107;2116;1203
17.04.2022 08:00:00;17.04.2022 09:00:00;8342;2969;2133;1250
17.04.2022 09:00:00;17.04.2022 10:00:00;8366;2975;2126;1246
17.04.2022 10:00:00;17.04.2022 11:00:00;8356;2974;2123;1222
17.04.2022 11:00:00;17.04.2022 12:00:00;8285;2874;2089;1236
17.04.2022 12:00:00;17.04.2022 13:00:00;8221;2869;2093;1094
17.04.2022 13:00:00;17.04.2022 14:00:00;8203;2948;2085;1012
17.04.2022 14:00:00;17.04.2022 15:00:00;8149;2908;2053;1082
17.04.2022 15:00:00;17.04.2022 16:00:00;8079;2924;2051;1147
17.04.2022 16:00:00;17.04.2022 17:00:00;8160;2905;2034;1242
17.04.2022 17:00:00;17.04.2022 18:00:00;8227;3064;2100;1140
17.04.2022 18:00:00;17.04.2022 19:00:00;8316;3032;2085;1159
17.04.2022 19:00:00;17.04.2022 20:00:00;8331;3003;2029;1273
17.04.2022 20:00:00;17.04.2022 21:00:00;8428;2995;2073;1199
17.04.2022 21:00:00;17.04.2022 22:00:00;8723;2976;2104;1308
17.04.2022 22:00:00;17.04.2022 23:00:00;8628;2950;2088;1189
17.04.2022 23:00:00;18.04.2022 00:00:00;8297;2966;2098;1192
18.04.2022 00:00:00;18.04.2022 01:00:00;8043;2875;2009;1218
18.04.2022 01:00:00;18.04.2022 02:00:00;7884;2854;1968;1187
18.04.2022 02:00:00;18.04.2022 03:00:00;7882;2895;1933;1183
18.04.2022 03:00:00;18.04.2022 04:00:00;7969;2933;1979;1180
18.04.2022 04:00:00;18.04.2022 05:00:00;8027;2935;1995;1267
18.04.2022 05:00:00;18.04.2022 06:00:00;8090;2966;2016;1185
18.04.2022 06:00:00;18.04.2022 07:00:00;8172;3006;2040;1163
18.04.2022 07:00:00;18.04.2022 08:00:00;8334;3037;2055;1172
18.04.2022 08:00:00;18.04.2022 09:00:00;8385;3026;2080;1142
18.04.2022 09:00:00;18.04.2022 10:00:00;8388;2964;2162;1289
18.04.2022 10:00:00;18.04.2022 11:00:00;8405;2903;2183;1145
18.04.2022 11:00:00;18.04.2022 12:00:00;8304;2936;2181;1145
18.04.2022 12:00:00;18.04.2022 13:00:00;8233;2888;2149;1053
18.04.2022 13:00:00;18.04.2022 14:00:00;8117;2867;2126;1140
18.04.2022 14:00:00;18.04.2022 15:00:00;8083;2894;2093;1152
18.04.2022 15:00:00;18.04.2022 16:00:00;8129;2919;2108;1225
18.04.2022 16:00:00;18.04.2022 17:00:00;8242;2934;2075;1108
18.04.2022 17:00:00;18.04.2022 18:00:00;8335;2964;2091;1191
18.04.2022 18:00:00;18.04.2022 19:00:00;8483;2969;2123;1156
18.04.2022 19:00:00;18.04.2022 20:00:00;8451;2939;2146;1202
18.04.2022 20:00:00;18.04.2022 21:00:00;8402;2946;2151;1189
18.04.2022 21:00:00;18.04.2022 22:00:00;8660;2970;2174;1159
18.04.2022 22:00:00;18.04.2022 23:00:00;8592;3054;2191;1101
18.04.2022 23:00:00;19.04.2022 00:00:00;8254;3005;2160;1094
19.04.2022 00:00:00;19.04.2022 01:00:00;8003;2885;2084;1158
19.04.2022 01:00:00;19.04.2022 02:00:00;7916;2827;2034;1125
19.04.2022 02:00:00;19.04.2022 03:00:00;7907;2762;2014;1159
19.04.2022 03:00:00;19.04.2022 04:00:00;8053;2863;1997;1203
19.04.2022 04:00:00;19.04.2022 05:00:00;8251;2900;2034;1160
19.04.2022 05:00:00;19.04.2022 06:00:00;8844;2859;2018;1202
19.04.2022 06:00:00;19.04.2022 07:00:00;9290;3074;2078;1162
19.04.2022 07:00:00;19.04.2022 08:00:00;9368;3279;2156;1168
19.04.2022 08:00:00;19.04.2022 09:00:00;9321;3210;2178;1178
19.04.2022 09:00:00;19.04.2022 10:00:00;9213;3196;2138;1197
19.04.2022 10:00:00;19.04.2022 11:00:00;9122;3232;2160;1220
19.04.2022 11:00:00;19.04.2022 12:00:00;9033;3162;2125;1278
19.04.2022 12:00:00;19.04.2022 13:00:00;8899;3147;2099;1130
19.04.2022 13:00:00;19.04.2022 14:00:00;8767;3128;2086;1118
19.04.2022 14:00:00;19.04.2022 15:00:00;8746;3086;1997;1110
19.04.2022 15:00:00;19.04.2022 16:00:00;8665;3071;1982;1157
19.04.2022 16:00:00;19.04.2022 17:00:00;8682;2998;2001;1194
19.04.2022 17:00:00;19.04.2022 18:00:00;8636;2960;1985;1150
19.04.2022 18:00:00;19.04.2022 19:00:00;8727;2936;1966;1189
19.04.2022 19:00:00;19.04.2022 20:00:00;8667;2989;2001;1191
19.04.2022 20:00:00;19.04.2022 21:00:00;8575;2932;2050;1152
19.04.2022 21:00:00;19.04.2022 22:00:00;8735;3043;2101;1042
19.04.2022 22:00:00;19.04.2022 23:00:00;8514;3030;2098;954
19.04.2022 23:00:00;20.04.2022 00:00:00;8131;2921;2085;942
20.04.2022 00:00:00;20.04.2022 01:00:00;7826;2830;2082;937
20.04.2022 01:00:00;20.04.2022 02:00:00;7767;2834;2055;1031
20.04.2022 02:00:00;20.04.2022 03:00:00;7755;2815;2020;1144
20.04.2022 03:00:00;20.04.2022 04:00:00;7945;2795;2008;1120
20.04.2022 04:00:00;20.04.2022 05:00:00;8126;2814;1981;1132
20.04.2022 05:00:00;20.04.2022 06:00:00;8705;2865;2016;1042
20.04.2022 06:00:00;20.04.2022 07:00:00;9144;3006;2081;1097
20.04.2022 07:00:00;20.04.2022 08:00:00;9249;3170;2182;1133
20.04.2022 08:00:00;20.04.2022 09:00:00;9166;3176;2178;1108
20.04.2022 09:00:00;20.04.2022 10:00:00;9019;3207;2149;1090
20.04.2022 10:00:00;20.04.2022 11:00:00;8997;3152;2148;1083
20.04.2022 11:00:00;20.04.2022 12:00:00;8891;3100;2102;1074
20.04.2022 12:00:00;20.04.2022 13:00:00;8757;3071;2052;1066
20.04.2022 13:00:00;20.04.2022 14:00:00;8641;3045;2070;950
20.04.2022 14:00:00;20.04.2022 15:00:00;8511;2999;2034;966
20.04.2022 15:00:00;20.04.2022 16:00:00;8537;2989;2075;1021
20.04.2022 16:00:00;20.04.2022 17:00:00;8599;2968;2079;1026
20.04.2022 17:00:00;20.04.2022 18:00:00;8595;2871;2046;1088
20.04.2022 18:00:00;20.04.2022 19:00:00;8724;2851;2036;1095
20.04.2022 19:00:00;20.04.2022 20:00:00;8656;2883;2027;1110
20.04.2022 20:00:00;20.04.2022 21:00:00;8516;2954;2051;1054
20.04.2022 21:00:00;20.04.2022 22:00:00;8639;2994;2094;922
20.04.2022 22:00:00;20.04.2022 23:00:00;8356;2965;2053;942
20.04.2022 23:00:00;21.04.2022 00:00:00;8002;2903;2017;878
21.04.2022 00:00:00;21.04.2022 01:00:00;7745;2836;2005;891
21.04.2022 01:00:00;21.04.2022 02:00:00;7608;2810;1994;941
21.04.2022 02:00:00;21.04.2022 03:00:00;7638;2752;1998;970
21.04.2022 03:00:00;21.04.2022 04:00:00;7795;2764;1978;989
21.04.2022 04:00:00;21.04.2022 05:00:00;7937;2794;1972;1107
21.04.2022 05:00:00;21.04.2022 06:00:00;8544;2866;1985;1065
21.04.2022 06:00:00;21.04.2022 07:00:00;8963;2997;2077;1073
21.04.2022 07:00:00;21.04.2022 08:00:00;9052;3168;2168;1133
21.04.2022 08:00:00;21.04.2022 09:00:00;9013;3214;2179;1139
21.04.2022 09:00:00;21.04.2022 10:00:00;8934;3151;2151;1024
21.04.2022 10:00:00;21.04.2022 11:00:00;8915;3093;2155;1067
21.04.2022 11:00:00;21.04.2022 12:00:00;8897;3048;2139;1038
21.04.2022 12:00:00;21.04.2022 13:00:00;8716;3054;2124;1059
21.04.2022 13:00:00;21.04.2022 14:00:00;8538;3001;2085;1044
21.04.2022 14:00:00;21.04.2022 15:00:00;8539;2982;2110;1043
21.04.2022 15:00:00;21.04.2022 16:00:00;8515;2949;2212;1019
21.04.2022 16:00:00;21.04.2022 17:00:00;8492;2957;2250;1069
21.04.2022 17:00:00;21.04.2022 18:00:00;8477;2895;2226;1118
21.04.2022 18:00:00;21.04.2022 19:00:00;8560;2927;2146;1127
21.04.2022 19:00:00;21.04.2022 20:00:00;8546;2954;2142;1091
21.04.2022 20:00:00;21.04.2022 21:00:00;8452;2956;2163;1009
21.04.2022 21:00:00;21.04.2022 22:00:00;8669;2963;2136;1003
21.04.2022 22:00:00;21.04.2022 23:00:00;8437;2828;2106;855
21.04.2022 23:00:00;22.04.2022 00:00:00;8026;2744;1996;937
22.04.2022 00:00:00;22.04.2022 01:00:00;7704;2734;2023;1041
22.04.2022 01:00:00;22.04.2022 02:00:00;7691;2805;1983;1070
22.04.2022 02:00:00;22.04.2022 03:00:00;7694;2760;1941;941
22.04.2022 03:00:00;22.04.2022 04:00:00;7893;2711;1977;877
22.04.2022 04:00:00;22.04.2022 05:00:00;8093;2753;1997;932
22.04.2022 05:00:00;22.04.2022 06:00:00;8688;2906;1975;1043
22.04.2022 06:00:00;22.04.2022 07:00:00;9130;3088;2149;1091
22.04.2022 07:00:00;22.04.2022 08:00:00;9255;3221;2303;1055
22.04.2022 08:00:00;22.04.2022 09:00:00;9195;3268;2318;966
22.04.2022 09:00:00;22.04.2022 10:00:00;9085;3203;2305;956
22.04.2022 10:00:00;22.04.2022 11:00:00;9091;3229;2300;953
22.04.2022 11:00:00;22.04.2022 12:00:00;8986;3216;2323;960
22.04.2022 12:00:00;22.04.2022 13:00:00;8878;3128;2258;1129
22.04.2022 13:00:00;22.04.2022 14:00:00;8755;3091;2216;1027
22.04.2022 14:00:00;22.04.2022 15:00:00;8697;3080;2170;950
22.04.2022 15:00:00;22.04.2022 16:00:00;8643;3029;2184;1026
22.04.2022 16:00:00;22.04.2022 17:00:00;8674;3061;2202;903
22.04.2022 17:00:00;22.04.2022 18:00:00;8653;3068;2199;993
22.04.2022 18:00:00;22.04.2022 19:00:00;8723;3034;2201;1106
22.04.2022 19:00:00;22.04.2022 20:00:00;8607;2997;2191;1111
22.04.2022 20:00:00;22.04.2022 21:00:00;8504;2979;2218;1132
22.04.2022 21:00:00;22.04.2022 22:00:00;8644;3024;2172;1120
22.04.2022 22:00:00;22.04.2022 23:00:00;8434;3003;2154;1082
22.04.2022 23:00:00;23.04.2022 00:00:00;8006;2937;2107;1021
23.04.2022 00:00:00;23.04.2022 01:00:00;7736;2914;2104;1014
23.04.2022 01:00:00;23.04.2022 02:00:00;7579;2881;2069;963
23.04.2022 02:00:00;23.04.2022 03:00:00;7519;2824;2013;1009
23.04.2022 03:00:00;23.04.2022 04:00:00;7598;2746;1956;1031
23.04.2022 04:00:00;23.04.2022 05:00:00;7589;2801;1941;1000
23.04.2022 05:00:00;23.04.2022 06:00:00;7705;2862;1957;965
23.04.2022 06:00:00;23.04.2022 07:00:00;7894;2853;1981;979
23.04.2022 07:00:00;23.04.2022 08:00:00;8154;2906;2057;1158
23.04.2022 08:00:00;23.04.2022 09:00:00;8273;2938;2075;1167
23.04.2022 09:00:00;23.04.2022 10:00:00;8344;3018;2109;1115
23.04.2022 10:00:00;23.04.2022 11:00:00;8391;3053;2113;1036
23.04.2022 11:00:00;23.04.2022 12:00:00;8406;3024;2071;980
23.04.2022 12:00:00;23.04.2022 13:00:00;8377;2923;2066;998
23.04.2022 13:00:00;23.04.2022 14:00:00;8350;2928;2063;1085
23.04.2022 14:00:00;23.04.2022 15:00:00;8309;2785;2025;1065
23.04.2022 15:00:00;23.04.2022 16:00:00;8410;2804;1904;1062
23.04.2022 16:00:00;23.04.2022 17:00:00;8583;2835;2032;1020
23.04.2022 17:00:00;23.04.2022 18:00:00;8721;2897;2199;1152
23.04.2022 18:00:00;23.04.2022 19:00:00;8752;2924;2184;1140
23.04.2022 19:00:00;23.04.2022 20:00:00;8616;2977;2053;1141
23.04.2022 20:00:00;23.04.2022 21:00:00;8518;2920;1998;1119
23.04.2022 21:00:00;23.04.2022 22:00:00;8728;2862;1977;1142
23.04.2022 22:00:00;23.04.2022 23:00:00;8565;2856;1972;1129
23.04.2022 23:00:00;24.04.2022 00:00:00;8145;2835;1943;1060
24.04.2022 00:00:00;24.04.2022 01:00:00;7852;2773;1920;1076
24.04.2022 01:00:00;24.04.2022 02:00:00;7687;2693;1910;1050
24.04.2022 02:00:00;24.04.2022 03:00:00;7600;2782;1891;1046
24.04.2022 03:00:00;24.04.2022 04:00:00;7702;2852;1903;1082
24.04.2022 04:00:00;24.04.2022 05:00:00;7609;2882;1929;1067
24.04.2022 05:00:00;24.04.2022 06:00:00;7736;2984;1892;1072
24.04.2022 06:00:00;24.04.2022 07:00:00;7828;2971;1921;1104
24.04.2022 07:00:00;24.04.2022 08:00:00;7999;2985;1937;1058
24.04.2022 08:00:00;24.04.2022 09:00:00;8113;2916;1972;1158
24.04.2022 09:00:00;24.04.2022 10:00:00;8072;2952;2033;1084
24.04.2022 10:00:00;24.04.2022 11:00:00;8141;2913;2039;1149
24.04.2022 11:00:00;24.04.2022 12:00:00;8102;2908;2062;1147
24.04.2022 12:00:00;24.04.2022 13:00:00;7973;2854;2028;1071
24.04.2022 13:00:00;24.04.2022 14:00:00;7908;2857;1992;1141
24.04.2022 14:00:00;24.04.2022 15:00:00;7843;2854;2014;1126
24.04.2022 15:00:00;24.04.2022 16:00:00;7865;2861;2024;1242
24.04.2022 16:00:00;24.04.2022 17:00:00;7940;2853;2189;1105
24.04.2022 17:00:00;24.04.2022 18:00:00;8059;2827;2038;1151
24.04.2022 18:00:00;24.04.2022 19:00:00;8212;2829;2081;1107
24.04.2022 19:00:00;24.04.2022 20:00:00;8270;2882;2095;1242
24.04.2022 20:00:00;24.04.2022 21:00:00;8168;2913;2122;1326
24.04.2022 21:00:00;24.04.2022 22:00:00;8540;2957;2129;1282
24.04.2022 22:00:00;24.04.2022 23:00:00;8443;2962;2118;1312
24.04.2022 23:00:00;25.04.2022 00:00:00;8161;2889;2069;1296
25.04.2022 00:00:00;25.04.2022 01:00:00;7917;2836;2029;1284
25.04.2022 01:00:00;25.04.2022 02:00:00;7814;2835;2037;1218
25.04.2022 02:00:00;25.04.2022 03:00:00;7765;2757;2041;1173
25.04.2022 03:00:00;25.04.2022 04:00:00;7913;2734;2038;1162
25.04.2022 04:00:00;25.04.2022 05:00:00;8099;2764;2048;1182
25.04.2022 05:00:00;25.04.2022 06:00:00;8730;2769;2017;1142
25.04.2022 06:00:00;25.04.2022 07:00:00;9192;2943;2068;1095
25.04.2022 07:00:00;25.04.2022 08:00:00;9362;3306;2220;1247
25.04.2022 08:00:00;25.04.2022 09:00:00;9356;3298;2277;1289
25.04.2022 09:00:00;25.04.2022 10:00:00;9228;3303;2347;1202
25.04.2022 10:00:00;25.04.2022 11:00:00;9202;3293;2343;1188
25.04.2022 11:00:00;25.04.2022 12:00:00;9165;3331;2307;1134
25.04.2022 12:00:00;25.04.2022 13:00:00;9040;3293;2225;1141
25.04.2022 13:00:00;25.04.2022 14:00:00;8931;3271;2033;1074
25.04.2022 14:00:00;25.04.2022 15:00:00;8814;3212;2313;1123
25.04.2022 15:00:00;25.04.2022 16:00:00;8722;3277;2297;1274
25.04.2022 16:00:00;25.04.2022 17:00:00;8747;3323;2176;1117
25.04.2022 17:00:00;25.04.2022 18:00:00;8730;3215;2107;768
25.04.2022 18:00:00;25.04.2022 19:00:00;8827;3116;2111;835
25.04.2022 19:00:00;25.04.2022 20:00:00;8752;3108;2167;1274
25.04.2022 20:00:00;25.04.2022 21:00:00;8621;3085;2123;1556
25.04.2022 21:00:00;25.04.2022 22:00:00;8892;3127;2278;1257
25.04.2022 22:00:00;25.04.2022 23:00:00;8710;3126;2183;894
25.04.2022 23:00:00;26.04.2022 00:00:00;8264;3037;2124;922
26.04.2022 00:00:00;26.04.2022 01:00:00;7922;2976;2109;1124
26.04.2022 01:00:00;26.04.2022 02:00:00;7741;2942;2090;1180
26.04.2022 02:00:00;26.04.2022 03:00:00;7739;2932;1986;1283
26.04.2022 03:00:00;26.04.2022 04:00:00;7851;2908;2018;1217
26.04.2022 04:00:00;26.04.2022 05:00:00;7959;3017;2101;1249
26.04.2022 05:00:00;26.04.2022 06:00:00;8681;3011;2036;1193
26.04.2022 06:00:00;26.04.2022 07:00:00;9106;3175;2175;1341
26.04.2022 07:00:00;26.04.2022 08:00:00;9180;3402;2382;1337
26.04.2022 08:00:00;26.04.2022 09:00:00;9267;3448;2370;1237
26.04.2022 09:00:00;26.04.2022 10:00:00;9264;3374;2429;1194
26.04.2022 10:00:00;26.04.2022 11:00:00;9255;3349;2390;1335
26.04.2022 11:00:00;26.04.2022 12:00:00;9171;3226;2375;1415
26.04.2022 12:00:00;26.04.2022 13:00:00;9055;3250;2305;1320
26.04.2022 13:00:00;26.04.2022 14:00:00;8962;3227;2282;1254
26.04.2022 14:00:00;26.04.2022 15:00:00;8884;3231;2346;1180
26.04.2022 15:00:00;26.04.2022 16:00:00;8832;3330;2422;1254
26.04.2022 16:00:00;26.04.2022 17:00:00;8807;3338;2473;1371
26.04.2022 17:00:00;26.04.2022 18:00:00;8817;3233;2408;1332
26.04.2022 18:00:00;26.04.2022 19:00:00;8984;3219;2338;1284
26.04.2022 19:00:00;26.04.2022 20:00:00;8980;3253;2241;1338
26.04.2022 20:00:00;26.04.2022 21:00:00;8798;3266;2291;1366
26.04.2022 21:00:00;26.04.2022 22:00:00;9083;3318;2289;1219
26.04.2022 22:00:00;26.04.2022 23:00:00;9031;3330;2342;1098
26.04.2022 23:00:00;27.04.2022 00:00:00;8862;3228;2409;1174
27.04.2022 00:00:00;27.04.2022 01:00:00;8621;3119;2389;1202
27.04.2022 01:00:00;27.04.2022 02:00:00;8524;3021;2271;1127
27.04.2022 02:00:00;27.04.2022 03:00:00;8515;2985;2223;1126
27.04.2022 03:00:00;27.04.2022 04:00:00;8665;3042;2319;1145
27.04.2022 04:00:00;27.04.2022 05:00:00;8814;3130;2320;1159
27.04.2022 05:00:00;27.04.2022 06:00:00;9295;3118;2312;1182
27.04.2022 06:00:00;27.04.2022 07:00:00;9563;3230;2475;1212
27.04.2022 07:00:00;27.04.2022 08:00:00;9597;3466;2534;1286
27.04.2022 08:00:00;27.04.2022 09:00:00;9548;3482;2565;1222
27.04.2022 09:00:00;27.04.2022 10:00:00;9472;3423;2474;1177
27.04.2022 10:00:00;27.04.2022 11:00:00;9368;3377;2382;1036
27.04.2022 11:00:00;27.04.2022 12:00:00;9458;3432;2419;977
27.04.2022 12:00:00;27.04.2022 13:00:00;9383;3396;2480;974
27.04.2022 13:00:00;27.04.2022 14:00:00;9370;3304;2428;954
27.04.2022 14:00:00;27.04.2022 15:00:00;9258;3227;2510;1071
27.04.2022 15:00:00;27.04.2022 16:00:00;9202;3168;2391;1092
27.04.2022 16:00:00;27.04.2022 17:00:00;9211;3241;2253;1169
27.04.2022 17:00:00;27.04.2022 18:00:00;9313;3253;2175;1131
27.04.2022 18:00:00;27.04.2022 19:00:00;9441;3340;2254;1092
27.04.2022 19:00:00;27.04.2022 20:00:00;9321;3286;2409;1236
27.04.2022 20:00:00;27.04.2022 21:00:00;9201;3233;2461;1430
27.04.2022 21:00:00;27.04.2022 22:00:00;9445;3280;2336;1394
27.04.2022 22:00:00;27.04.2022 23:00:00;9283;3410;2338;1183
27.04.2022 23:00:00;28.04.2022 00:00:00;8890;3231;2301;1037
28.04.2022 00:00:00;28.04.2022 01:00:00;8754;3068;2287;992
28.04.2022 01:00:00;28.04.2022 02:00:00;8630;3018;2238;1007
28.04.2022 02:00:00;28.04.2022 03:00:00;8576;2998;2192;1033
28.04.2022 03:00:00;28.04.2022 04:00:00;8719;3017;2232;955
28.04.2022 04:00:00;28.04.2022 05:00:00;8828;2924;2237;1099
28.04.2022 05:00:00;28.04.2022 06:00:00;9440;2951;2090;953
28.04.2022 06:00:00;28.04.2022 07:00:00;9744;3181;2153;965
28.04.2022 07:00:00;28.04.2022 08:00:00;9837;3604;2358;1266
28.04.2022 08:00:00;28.04.2022 09:00:00;9844;3617;2459;1120
28.04.2022 09:00:00;28.04.2022 10:00:00;9681;3499;2570;982
28.04.2022 10:00:00;28.04.2022 11:00:00;9647;3419;2518;1045
28.04.2022 11:00:00;28.04.2022 12:00:00;9626;3415;2392;1255
28.04.2022 12:00:00;28.04.2022 13:00:00;9633;3416;2401;1336
28.04.2022 13:00:00;28.04.2022 14:00:00;9600;3497;2467;1319
28.04.2022 14:00:00;28.04.2022 15:00:00;9519;3360;2337;897
28.04.2022 15:00:00;28.04.2022 16:00:00;9432;3438;2367;938
28.04.2022 16:00:00;28.04.2022 17:00:00;9462;3532;2388;893
28.04.2022 17:00:00;28.04.2022 18:00:00;9450;3495;2414;1037
28.04.2022 18:00:00;28.04.2022 19:00:00;9542;3423;2360;1228
28.04.2022 19:00:00;28.04.2022 20:00:00;9533;3393;2343;1231
28.04.2022 20:00:00;28.04.2022 21:00:00;9360;3365;2296;1247
28.04.2022 21:00:00;28.04.2022 22:00:00;9553;3257;2343;1507
28.04.2022 22:00:00;28.04.2022 23:00:00;9444;3285;2386;1373
28.04.2022 23:00:00;29.04.2022 00:00:00;9069;3291;2299;1266
29.04.2022 00:00:00;29.04.2022 01:00:00;8833;3200;2287;1189
29.04.2022 01:00:00;29.04.2022 02:00:00;8663;3085;2259;1060
29.04.2022 02:00:00;29.04.2022 03:00:00;8603;3000;2237;1169
29.04.2022 03:00:00;29.04.2022 04:00:00;8753;3043;2246;1198
29.04.2022 04:00:00;29.04.2022 05:00:00;8892;3103;2150;1191
29.04.2022 05:00:00;29.04.2022 06:00:00;9470;3113;2110;1173
29.04.2022 06:00:00;29.04.2022 07:00:00;9771;3298;2248;1350
29.04.2022 07:00:00;29.04.2022 08:00:00;9879;3511;2451;1323
29.04.2022 08:00:00;29.04.2022 09:00:00;9731;3635;2574;1298
29.04.2022 09:00:00;29.04.2022 10:00:00;9612;3567;2551;1387
29.04.2022 10:00:00;29.04.2022 11:00:00;9602;3499;2451;1289
29.04.2022 11:00:00;29.04.2022 12:00:00;9583;3510;2372;1215
29.04.2022 12:00:00;29.04.2022 13:00:00;9461;3560;2394;1130
29.04.2022 13:00:00;29.04.2022 14:00:00;9340;3502;2399;1107
29.04.2022 14:00:00;29.04.2022 15:00:00;9291;3477;2387;779
29.04.2022 15:00:00;29.04.2022 16:00:00;9240;3408;2364;945
29.04.2022 16:00:00;29.04.2022 17:00:00;9248;3383;2331;1430
29.04.2022 17:00:00;29.04.2022 18:00:00;9283;3461;2365;1493
29.04.2022 18:00:00;29.04.2022 19:00:00;9332;3377;2378;1255
29.04.2022 19:00:00;29.04.2022 20:00:00;9214;3299;2387;1285
29.04.2022 20:00:00;29.04.2022 21:00:00;9040;3348;2411;1327
29.04.2022 21:00:00;29.04.2022 22:00:00;9448;3308;2388;1303
29.04.2022 22:00:00;29.04.2022 23:00:00;9325;3286;2369;1080
29.04.2022 23:00:00;30.04.2022 00:00:00;8974;3187;2353;853
30.04.2022 00:00:00;30.04.2022 01:00:00;8670;3178;2344;1096
30.04.2022 01:00:00;30.04.2022 02:00:00;8524;3199;2275;1207
30.04.2022 02:00:00;30.04.2022 03:00:00;8489;3083;2415;1139
30.04.2022 03:00:00;30.04.2022 04:00:00;8548;2907;2307;1188
30.04.2022 04:00:00;30.04.2022 05:00:00;8477;2888;2201;1108
30.04.2022 05:00:00;30.04.2022 06:00:00;8598;2905;2117;1114
30.04.2022 06:00:00;30.04.2022 07:00:00;8645;2922;2170;1033
30.04.2022 07:00:00;30.04.2022 08:00:00;8707;3042;2289;1078
30.04.2022 08:00:00;30.04.2022 09:00:00;8731;3225;2351;1005
30.04.2022 09:00:00;30.04.2022 10:00:00;8795;3282;2353;1101
30.04.2022 10:00:00;30.04.2022 11:00:00;8800;3269;2363;1152
30.04.2022 11:00:00;30.04.2022 12:00:00;8832;3292;2300;1215
30.04.2022 12:00:00;30.04.2022 13:00:00;8771;3254;2309;1212
30.04.2022 13:00:00;30.04.2022 14:00:00;8747;3247;2290;1192
30.04.2022 14:00:00;30.04.2022 15:00:00;8712;3191;2212;1179
30.04.2022 15:00:00;30.04.2022 16:00:00;8772;3230;2197;1152
30.04.2022 16:00:00;30.04.2022 17:00:00;8826;3106;2139;1185
30.04.2022 17:00:00;30.04.2022 18:00:00;8927;3160;2211;1166
30.04.2022 18:00:00;30.04.2022 19:00:00;8908;3087;2281;1154
30.04.2022 19:00:00;30.04.2022 20:00:00;8700;3094;2358;1138
30.04.2022 20:00:00;30.04.2022 21:00:00;8525;3096;2303;1121
30.04.2022 21:00:00;30.04.2022 22:00:00;8846;3161;2242;1254
30.04.2022 22:00:00;30.04.2022 23:00:00;8773;3103;2150;1206
30.04.2022 23:00:00;01.05.2022 00:00:00;8442;2980;2127;1097
01.05.2022 00:00:00;01.05.2022 01:00:00;8079;2908;2214;954
01.05.2022 01:00:00;01.05.2022 02:00:00;7955;2749;2188;911
01.05.2022 02:00:00;01.05.2022 03:00:00;7875;2711;2126;921
01.05.2022 03:00:00;01.05.2022 04:00:00;7919;2747;2063;976
01.05.2022 04:00:00;01.05.2022 05:00:00;7814;2926;2043;996
01.05.2022 05:00:00;01.05.2022 06:00:00;7896;2992;2058;843
01.05.2022 06:00:00;01.05.2022 07:00:00;8022;2885;2015;880
01.05.2022 07:00:00;01.05.2022 08:00:00;8155;3041;2011;1053
01.05.2022 08:00:00;01.05.2022 09:00:00;8226;3231;2016;1101
01.05.2022 09:00:00;01.05.2022 10:00:00;8318;3269;2067;1052
01.05.2022 10:00:00;01.05.2022 11:00:00;8353;3219;2131;1044
01.05.2022 11:00:00;01.05.2022 12:00:00;8339;3155;2095;1025
01.05.2022 12:00:00;01.05.2022 13:00:00;8306;3018;2059;1059
01.05.2022 13:00:00;01.05.2022 14:00:00;8245;3059;2058;905
01.05.2022 14:00:00;01.05.2022 15:00:00;8253;2997;2104;1003
01.05.2022 15:00:00;01.05.2022 16:00:00;8212;2927;2118;968
01.05.2022 16:00:00;01.05.2022 17:00:00;8307;2963;2121;879
01.05.2022 17:00:00;01.05.2022 18:00:00;8416;2971;2152;1061
01.05.2022 18:00:00;01.05.2022 19:00:00;8534;3023;2155;1147
01.05.2022 19:00:00;01.05.2022 20:00:00;8529;3055;2170;975
01.05.2022 20:00:00;01.05.2022 21:00:00;8466;3079;2202;789
01.05.2022 21:00:00;01.05.2022 22:00:00;8914;3045;2199;969
01.05.2022 22:00:00;01.05.2022 23:00:00;8853;3013;2199;866
01.05.2022 23:00:00;02.05.2022 00:00:00;8633;3020;2226;860
02.05.2022 00:00:00;02.05.2022 01:00:00;8545;2884;2182;917
02.05.2022 01:00:00;02.05.2022 02:00:00;8564;2900;2182;900
02.05.2022 02:00:00;02.05.2022 03:00:00;8586;2903;2229;906
02.05.2022 03:00:00;02.05.2022 04:00:00;8643;2893;2226;960
02.05.2022 04:00:00;02.05.2022 05:00:00;8757;2897;2172;1002
02.05.2022 05:00:00;02.05.2022 06:00:00;9237;3004;2188;899
02.05.2022 06:00:00;02.05.2022 07:00:00;9370;3153;2242;941
02.05.2022 07:00:00;02.05.2022 08:00:00;9488;3263;2387;987
02.05.2022 08:00:00;02.05.2022 09:00:00;9548;3309;2391;1009
02.05.2022 09:00:00;02.05.2022 10:00:00;9554;3405;2357;1230
02.05.2022 10:00:00;02.05.2022 11:00:00;9672;3474;2406;1107
02.05.2022 11:00:00;02.05.2022 12:00:00;9735;3407;2406;1095
02.05.2022 12:00:00;02.05.2022 13:00:00;9659;3341;2357;974
02.05.2022 13:00:00;02.05.2022 14:00:00;9604;3350;2324;1011
02.05.2022 14:00:00;02.05.2022 15:00:00;9441;3426;2326;952
02.05.2022 15:00:00;02.05.2022 16:00:00;9409;3444;2348;876
02.05.2022 16:00:00;02.05.2022 17:00:00;9423;3375;2336;977
02.05.2022 17:00:00;02.05.2022 18:00:00;9438;3331;2330;1062
02.05.2022 18:00:00;02.05.2022 19:00:00;9350;3279;2358;1025
02.05.2022 19:00:00;02.05.2022 20:00:00;9005;3291;2346;738
02.05.2022 20:00:00;02.05.2022 21:00:00;8715;3375;2335;669
02.05.2022 21:00:00;02.05.2022 22:00:00;9000;3352;2276;754
02.05.2022 22:00:00;02.05.2022 23:00:00;8872;3091;2296;711
02.05.2022 23:00:00;03.05.2022 00:00:00;8470;2988;2215;632
03.05.2022 00:00:00;03.05.2022 01:00:00;8163;3116;2262;989
03.05.2022 01:00:00;03.05.2022 02:00:00;8108;3160;2216;940
03.05.2022 02:00:00;03.05.2022 03:00:00;8030;3329;2182;955
03.05.2022 03:00:00;03.05.2022 04:00:00;8045;3220;2280;1038
03.05.2022 04:00:00;03.05.2022 05:00:00;8165;3109;2251;1009
03.05.2022 05:00:00;03.05.2022 06:00:00;8811;3148;2242;1095
03.05.2022 06:00:00;03.05.2022 07:00:00;9211;3450;2269;1158
03.05.2022 07:00:00;03.05.2022 08:00:00;9450;3459;2412;1052
03.05.2022 08:00:00;03.05.2022 09:00:00;9563;3647;2333;1004
03.05.2022 09:00:00;03.05.2022 10:00:00;9588;3604;2339;1100
03.05.2022 10:00:00;03.05.2022 11:00:00;9604;3480;2310;1280
03.05.2022 11:00:00;03.05.2022 12:00:00;9618;3460;2420;1181
03.05.2022 12:00:00;03.05.2022 13:00:00;9539;3405;2364;1110
03.05.2022 13:00:00;03.05.2022 14:00:00;9418;3489;2389;1198
03.05.2022 14:00:00;03.05.2022 15:00:00;9352;3425;2299;1274
03.05.2022 15:00:00;03.05.2022 16:00:00;9335;3498;2264;1158
03.05.2022 16:00:00;03.05.2022 17:00:00;9326;3435;2281;1143
03.05.2022 17:00:00;03.05.2022 18:00:00;9365;3390;2227;1095
03.05.2022 18:00:00;03.05.2022 19:00:00;9457;3335;2348;1056
03.05.2022 19:00:00;03.05.2022 20:00:00;9461;3365;2275;1266
03.05.2022 20:00:00;03.05.2022 21:00:00;9158;3347;2283;1361
03.05.2022 21:00:00;03.05.2022 22:00:00;9297;3339;2309;1403
03.05.2022 22:00:00;03.05.2022 23:00:00;9181;3326;2311;1135
03.05.2022 23:00:00;04.05.2022 00:00:00;8769;3274;2275;991
04.05.2022 00:00:00;04.05.2022 01:00:00;8529;3225;2219;1076
04.05.2022 01:00:00;04.05.2022 02:00:00;8449;3174;2204;1205
04.05.2022 02:00:00;04.05.2022 03:00:00;8463;3140;2198;1200
04.05.2022 03:00:00;04.05.2022 04:00:00;8640;3096;2246;1160
04.05.2022 04:00:00;04.05.2022 05:00:00;8726;3122;2238;1021
04.05.2022 05:00:00;04.05.2022 06:00:00;9334;3081;2251;1156
04.05.2022 06:00:00;04.05.2022 07:00:00;9608;3190;2319;1299
04.05.2022 07:00:00;04.05.2022 08:00:00;9663;3302;2409;1224
04.05.2022 08:00:00;04.05.2022 09:00:00;9606;3529;2428;1266
04.05.2022 09:00:00;04.05.2022 10:00:00;9501;3550;2587;1109
04.05.2022 10:00:00;04.05.2022 11:00:00;9525;3456;2407;1103
04.05.2022 11:00:00;04.05.2022 12:00:00;9512;3318;2339;1218
04.05.2022 12:00:00;04.05.2022 13:00:00;9409;3313;2291;1149
04.05.2022 13:00:00;04.05.2022 14:00:00;9183;3380;2348;757
04.05.2022 14:00:00;04.05.2022 15:00:00;8997;3378;2323;1087
04.05.2022 15:00:00;04.05.2022 16:00:00;8931;3361;2274;1132
04.05.2022 16:00:00;04.05.2022 17:00:00;8922;3338;2316;1175
04.05.2022 17:00:00;04.05.2022 18:00:00;8961;3262;2242;1158
04.05.2022 18:00:00;04.05.2022 19:00:00;9053;3230;2227;1207
04.05.2022 19:00:00;04.05.2022 20:00:00;9006;3241;2295;1218
04.05.2022 20:00:00;04.05.2022 21:00:00;8769;3114;2332;1161
04.05.2022 21:00:00;04.05.2022 22:00:00;9090;3162;2301;1152
04.05.2022 22:00:00;04.05.2022 23:00:00;8886;3180;2268;1091
04.05.2022 23:00:00;05.05.2022 00:00:00;8496;3135;2221;1092
05.05.2022 00:00:00;05.05.2022 01:00:00;8288;3061;2175;1148
05.05.2022 01:00:00;05.05.2022 02:00:00;8116;2937;2127;1249
05.05.2022 02:00:00;05.05.2022 03:00:00;8070;3045;2101;1151
05.05.2022 03:00:00;05.05.2022 04:00:00;8152;3125;2066;978
05.05.2022 04:00:00;05.05.2022 05:00:00;8166;3001;2083;1041
05.05.2022 05:00:00;05.05.2022 06:00:00;8732;2916;2051;1124
05.05.2022 06:00:00;05.05.2022 07:00:00;9125;3005;2067;1164
05.05.2022 07:00:00;05.05.2022 08:00:00;9317;3275;2210;1063
05.05.2022 08:00:00;05.05.2022 09:00:00;9335;3352;2276;1008
05.05.2022 09:00:00;05.05.2022 10:00:00;9228;3359;2246;1049
05.05.2022 10:00:00;05.05.2022 11:00:00;9229;3289;2278;1217
05.05.2022 11:00:00;05.05.2022 12:00:00;9245;3246;2202;1323
05.05.2022 12:00:00;05.05.2022 13:00:00;9166;3245;2189;1353
05.05.2022 13:00:00;05.05.2022 14:00:00;9088;3190;1998;1372
05.05.2022 14:00:00;05.05.2022 15:00:00;8927;3167;2157;1185
05.05.2022 15:00:00;05.05.2022 16:00:00;8874;3193;2163;1288
05.05.2022 16:00:00;05.05.2022 17:00:00;8865;3130;2134;1274
05.05.2022 17:00:00;05.05.2022 18:00:00;8887;3071;2107;1305
05.05.2022 18:00:00;05.05.2022 19:00:00;8986;3129;2120;1327
05.05.2022 19:00:00;05.05.2022 20:00:00;8942;3005;2121;1121
05.05.2022 20:00:00;05.05.2022 21:00:00;8651;2849;2138;1064
05.05.2022 21:00:00;05.05.2022 22:00:00;8963;2910;2051;1204
05.05.2022 22:00:00;05.05.2022 23:00:00;8838;2941;2006;1198
05.05.2022 23:00:00;06.05.2022 00:00:00;8402;2919;1967;1170
06.05.2022 00:00:00;06.05.2022 01:00:00;8068;2956;2132;1014
06.05.2022 01:00:00;06.05.2022 02:00:00;7891;2824;2122;1042
06.05.2022 02:00:00;06.05.2022 03:00:00;7819;2759;2097;1167
06.05.2022 03:00:00;06.05.2022 04:00:00;7944;2772;2005;1222
06.05.2022 04:00:00;06.05.2022 05:00:00;8015;2851;2053;1306
06.05.2022 05:00:00;06.05.2022 06:00:00;8564;2846;2133;1205
06.05.2022 06:00:00;06.05.2022 07:00:00;8920;2940;2197;1241
06.05.2022 07:00:00;06.05.2022 08:00:00;9116;3160;2264;1055
06.05.2022 08:00:00;06.05.2022 09:00:00;9190;3053;2273;1045
06.05.2022 09:00:00;06.05.2022 10:00:00;9105;3066;2222;1064
06.05.2022 10:00:00;06.05.2022 11:00:00;9116;3134;2180;1190
06.05.2022 11:00:00;06.05.2022 12:00:00;9028;3059;2163;1101
06.05.2022 12:00:00;06.05.2022 13:00:00;8948;3008;2101;969
06.05.2022 13:00:00;06.05.2022 14:00:00;8827;3114;2143;1187
06.05.2022 14:00:00;06.05.2022 15:00:00;8783;3291;2188;1308
06.05.2022 15:00:00;06.05.2022 16:00:00;8738;3146;2169;1192
06.05.2022 16:00:00;06.05.2022 17:00:00;8745;3067;2131;1084
06.05.2022 17:00:00;06.05.2022 18:00:00;8686;2928;2115;1144
06.05.2022 18:00:00;06.05.2022 19:00:00;8747;2895;2104;1162
06.05.2022 19:00:00;06.05.2022 20:00:00;8679;3138;2128;938
06.05.2022 20:00:00;06.05.2022 21:00:00;8451;3134;2096;797
06.05.2022 21:00:00;06.05.2022 22:00:00;8671;2935;2047;924
06.05.2022 22:00:00;06.05.2022 23:00:00;8469;2830;2023;1173
06.05.2022 23:00:00;07.05.2022 00:00:00;8073;2826;1938;1078
07.05.2022 00:00:00;07.05.2022 01:00:00;7749;2904;1968;759
07.05.2022 01:00:00;07.05.2022 02:00:00;7585;2887;1950;887
07.05.2022 02:00:00;07.05.2022 03:00:00;7517;2844;1913;1136
07.05.2022 03:00:00;07.05.2022 04:00:00;7471;2802;1908;1005
07.05.2022 04:00:00;07.05.2022 05:00:00;7399;2802;1935;883
07.05.2022 05:00:00;07.05.2022 06:00:00;7570;2852;1926;817
07.05.2022 06:00:00;07.05.2022 07:00:00;7748;2977;2071;770
07.05.2022 07:00:00;07.05.2022 08:00:00;7950;3007;2052;863
07.05.2022 08:00:00;07.05.2022 09:00:00;8172;3104;2091;873
07.05.2022 09:00:00;07.05.2022 10:00:00;8328;3168;2134;940
07.05.2022 10:00:00;07.05.2022 11:00:00;8425;3077;2301;871
07.05.2022 11:00:00;07.05.2022 12:00:00;8427;3148;2171;900
07.05.2022 12:00:00;07.05.2022 13:00:00;8480;3186;2206;1003
07.05.2022 13:00:00;07.05.2022 14:00:00;8454;3130;2211;1108
07.05.2022 14:00:00;07.05.2022 15:00:00;8527;3116;2199;1014
07.05.2022 15:00:00;07.05.2022 16:00:00;8563;3180;2141;998
07.05.2022 16:00:00;07.05.2022 17:00:00;8742;3183;2152;970
07.05.2022 17:00:00;07.05.2022 18:00:00;8934;3149;2139;968
07.05.2022 18:00:00;07.05.2022 19:00:00;8971;3223;2153;938
07.05.2022 19:00:00;07.05.2022 20:00:00;8798;3149;2156;1074
07.05.2022 20:00:00;07.05.2022 21:00:00;8479;3058;2177;1005
07.05.2022 21:00:00;07.05.2022 22:00:00;8767;3012;2146;754
07.05.2022 22:00:00;07.05.2022 23:00:00;8747;3198;2178;873
07.05.2022 23:00:00;08.05.2022 00:00:00;8397;3250;2142;1188
08.05.2022 00:00:00;08.05.2022 01:00:00;8051;3198;2151;1088
08.05.2022 01:00:00;08.05.2022 02:00:00;7927;2988;2085;902
08.05.2022 02:00:00;08.05.2022 03:00:00;7895;2895;2083;713
08.05.2022 03:00:00;08.05.2022 04:00:00;7824;2942;2056;916
08.05.2022 04:00:00;08.05.2022 05:00:00;7719;2858;2000;907
08.05.2022 05:00:00;08.05.2022 06:00:00;7830;2872;2033;921
08.05.2022 06:00:00;08.05.2022 07:00:00;7815;3001;2030;989
08.05.2022 07:00:00;08.05.2022 08:00:00;7940;3124;2100;1121
08.05.2022 08:00:00;08.05.2022 09:00:00;8096;3097;2178;976
08.05.2022 09:00:00;08.05.2022 10:00:00;8219;3181;2362;810
08.05.2022 10:00:00;08.05.2022 11:00:00;8261;3257;2158;909
08.05.2022 11:00:00;08.05.2022 12:00:00;8221;3244;2232;863
08.05.2022 12:00:00;08.05.2022 13:00:00;8219;3057;2265;922
08.05.2022 13:00:00;08.05.2022 14:00:00;8085;2984;2194;971
08.05.2022 14:00:00;08.05.2022 15:00:00;8060;3076;2079;992
08.05.2022 15:00:00;08.05.2022 16:00:00;8030;2788;2136;1027
08.05.2022 16:00:00;08.05.2022 17:00:00;8117;3010;2073;1001
08.05.2022 17:00:00;08.05.2022 18:00:00;8219;3183;2051;929
08.05.2022 18:00:00;08.05.2022 19:00:00;8354;3132;2129;952
08.05.2022 19:00:00;08.05.2022 20:00:00;8436;3063;2235;1056
08.05.2022 20:00:00;08.05.2022 21:00:00;8228;3081;2361;1323
08.05.2022 21:00:00;08.05.2022 22:00:00;8624;3026;2275;1265
08.05.2022 22:00:00;08.05.2022 23:00:00;8628;3029;2298;1054
08.05.2022 23:00:00;09.05.2022 00:00:00;8361;3060;2236;1039
09.05.2022 00:00:00;09.05.2022 01:00:00;8131;2947;2207;925
09.05.2022 01:00:00;09.05.2022 02:00:00;8077;2873;2158;853
09.05.2022 02:00:00;09.05.2022 03:00:00;8044;2805;2128;746
09.05.2022 03:00:00;09.05.2022 04:00:00;8050;2840;2070;501
09.05.2022 04:00:00;09.05.2022 05:00:00;8176;2789;2116;537
09.05.2022 05:00:00;09.05.2022 06:00:00;8772;2684;2146;796
09.05.2022 06:00:00;09.05.2022 07:00:00;9151;2809;2195;1141
09.05.2022 07:00:00;09.05.2022 08:00:00;9289;3145;2266;1117
09.05.2022 08:00:00;09.05.2022 09:00:00;9241;3302;2319;1362
09.05.2022 09:00:00;09.05.2022 10:00:00;9188;3297;2289;1171
09.05.2022 10:00:00;09.05.2022 11:00:00;9220;3299;2388;1188
09.05.2022 11:00:00;09.05.2022 12:00:00;9149;3234;2315;1134
09.05.2022 12:00:00;09.05.2022 13:00:00;9122;3252;2340;1215
09.05.2022 13:00:00;09.05.2022 14:00:00;8972;3233;2261;1136
09.05.2022 14:00:00;09.05.2022 15:00:00;8904;3246;2250;893
09.05.2022 15:00:00;09.05.2022 16:00:00;8850;3225;2319;804
09.05.2022 16:00:00;09.05.2022 17:00:00;8830;3218;2210;1182
09.05.2022 17:00:00;09.05.2022 18:00:00;8760;3171;2202;1121
09.05.2022 18:00:00;09.05.2022 19:00:00;8797;3046;2175;959
09.05.2022 19:00:00;09.05.2022 20:00:00;8784;3046;2182;911
09.05.2022 20:00:00;09.05.2022 21:00:00;8572;3069;2177;939
09.05.2022 21:00:00;09.05.2022 22:00:00;8761;2979;2177;889
09.05.2022 22:00:00;09.05.2022 23:00:00;8668;2962;2171;900
09.05.2022 23:00:00;10.05.2022 00:00:00;8230;2925;2121;1076
10.05.2022 00:00:00;10.05.2022 01:00:00;7913;2779;2043;989
10.05.2022 01:00:00;10.05.2022 02:00:00;7810;2806;1992;800
10.05.2022 02:00:00;10.05.2022 03:00:00;7798;2859;1949;846
10.05.2022 03:00:00;10.05.2022 04:00:00;7764;2884;1956;1037
10.05.2022 04:00:00;10.05.2022 05:00:00;7950;2940;1983;1142
10.05.2022 05:00:00;10.05.2022 06:00:00;8642;2954;1983;1055
10.05.2022 06:00:00;10.05.2022 07:00:00;9099;3057;2070;909
10.05.2022 07:00:00;10.05.2022 08:00:00;9179;3135;2178;1060
10.05.2022 08:00:00;10.05.2022 09:00:00;9163;3338;2214;1080
10.05.2022 09:00:00;10.05.2022 10:00:00;9052;3340;2232;1182
10.05.2022 10:00:00;10.05.2022 11:00:00;9067;3205;2206;1240
10.05.2022 11:00:00;10.05.2022 12:00:00;9090;3025;2196;1226
10.05.2022 12:00:00;10.05.2022 13:00:00;9020;3006;2181;1123
10.05.2022 13:00:00;10.05.2022 14:00:00;8857;3129;2105;1037
10.05.2022 14:00:00;10.05.2022 15:00:00;8747;3165;2128;1025
10.05.2022 15:00:00;10.05.2022 16:00:00;8775;3154;2143;1175
10.05.2022 16:00:00;10.05.2022 17:00:00;8822;3053;2130;1099
10.05.2022 17:00:00;10.05.2022 18:00:00;8796;3060;2130;936
10.05.2022 18:00:00;10.05.2022 19:00:00;8850;3044;2124;914
10.05.2022 19:00:00;10.05.2022 20:00:00;8815;3018;2136;925
10.05.2022 20:00:00;10.05.2022 21:00:00;8459;3055;2113;880
10.05.2022 21:00:00;10.05.2022 22:00:00;8568;2970;2096;1068
10.05.2022 22:00:00;10.05.2022 23:00:00;8388;2864;2110;982
10.05.2022 23:00:00;11.05.2022 00:00:00;7885;2755;2043;859
11.05.2022 00:00:00;11.05.2022 01:00:00;7519;2642;1964;736
11.05.2022 01:00:00;11.05.2022 02:00:00;7334;2583;1945;917
11.05.2022 02:00:00;11.05.2022 03:00:00;7342;2551;1935;1019
11.05.2022 03:00:00;11.05.2022 04:00:00;7287;2599;1928;1072
11.05.2022 04:00:00;11.05.2022 05:00:00;7442;2654;1891;971
11.05.2022 05:00:00;11.05.2022 06:00:00;8144;2605;2009;915
11.05.2022 06:00:00;11.05.2022 07:00:00;8677;2800;2050;988
11.05.2022 07:00:00;11.05.2022 08:00:00;8952;2985;2181;995
11.05.2022 08:00:00;11.05.2022 09:00:00;9106;3065;2147;1092
11.05.2022 09:00:00;11.05.2022 10:00:00;9140;3013;2116;1091
11.05.2022 10:00:00;11.05.2022 11:00:00;9253;3104;2141;957
11.05.2022 11:00:00;11.05.2022 12:00:00;9167;3067;2150;1046
11.05.2022 12:00:00;11.05.2022 13:00:00;9080;3006;2228;1043
11.05.2022 13:00:00;11.05.2022 14:00:00;9016;2986;2242;930
11.05.2022 14:00:00;11.05.2022 15:00:00;8968;2926;2017;995
11.05.2022 15:00:00;11.05.2022 16:00:00;8961;2927;2168;1073
11.05.2022 16:00:00;11.05.2022 17:00:00;8896;2953;2169;977
11.05.2022 17:00:00;11.05.2022 18:00:00;8803;2960;2217;1043
11.05.2022 18:00:00;11.05.2022 19:00:00;8849;2832;2183;1106
11.05.2022 19:00:00;11.05.2022 20:00:00;8734;2765;2180;1161
11.05.2022 20:00:00;11.05.2022 21:00:00;8364;2828;2122;1117
11.05.2022 21:00:00;11.05.2022 22:00:00;8524;2956;2081;1149
11.05.2022 22:00:00;11.05.2022 23:00:00;8423;2931;2092;1073
11.05.2022 23:00:00;12.05.2022 00:00:00;7938;2912;2000;1007
12.05.2022 00:00:00;12.05.2022 01:00:00;7661;2880;1973;973
12.05.2022 01:00:00;12.05.2022 02:00:00;7514;2829;2049;1120
12.05.2022 02:00:00;12.05.2022 03:00:00;7458;2633;2084;1013
12.05.2022 03:00:00;12.05.2022 04:00:00;7441;2575;2007;1008
12.05.2022 04:00:00;12.05.2022 05:00:00;7545;2633;1978;964
12.05.2022 05:00:00;12.05.2022 06:00:00;8172;2726;2021;915
12.05.2022 06:00:00;12.05.2022 07:00:00;8706;2978;2082;1000
12.05.2022 07:00:00;12.05.2022 08:00:00;8909;3050;2175;1093
12.05.2022 08:00:00;12.05.2022 09:00:00;9067;3221;2194;1095
12.05.2022 09:00:00;12.05.2022 10:00:00;9005;3442;2145;1070
12.05.2022 10:00:00;12.05.2022 11:00:00;9120;3419;2136;819
12.05.2022 11:00:00;12.05.2022 12:00:00;9043;3259;2121;899
12.05.2022 12:00:00;12.05.2022 13:00:00;8944;3247;2070;961
12.05.2022 13:00:00;12.05.2022 14:00:00;8812;3144;2132;984
12.05.2022 14:00:00;12.05.2022 15:00:00;8731;3109;2091;918
12.05.2022 15:00:00;12.05.2022 16:00:00;8678;3144;2064;959
12.05.2022 16:00:00;12.05.2022 17:00:00;8686;3243;2068;887
12.05.2022 17:00:00;12.05.2022 18:00:00;8671;3147;2005;936
12.05.2022 18:00:00;12.05.2022 19:00:00;8703;3053;2003;912
12.05.2022 19:00:00;12.05.2022 20:00:00;8684;3038;2054;810
12.05.2022 20:00:00;12.05.2022 21:00:00;8384;3105;1978;967
12.05.2022 21:00:00;12.05.2022 22:00:00;8435;3079;2024;1014
12.05.2022 22:00:00;12.05.2022 23:00:00;8298;3014;1972;871
12.05.2022 23:00:00;13.05.2022 00:00:00;7895;2827;1982;911
13.05.2022 00:00:00;13.05.2022 01:00:00;7576;2886;1939;941
13.05.2022 01:00:00;13.05.2022 02:00:00;7440;2906;1936;1016
13.05.2022 02:00:00;13.05.2022 03:00:00;7392;2815;1960;858
13.05.2022 03:00:00;13.05.2022 04:00:00;7378;2991;1946;871
13.05.2022 04:00:00;13.05.2022 05:00:00;7596;2947;1954;891
13.05.2022 05:00:00;13.05.2022 06:00:00;8233;2931;2021;1179
13.05.2022 06:00:00;13.05.2022 07:00:00;8627;3024;2078;1250
13.05.2022 07:00:00;13.05.2022 08:00:00;8803;3246;2271;1161
13.05.2022 08:00:00;13.05.2022 09:00:00;8826;3129;2184;1034
13.05.2022 09:00:00;13.05.2022 10:00:00;8740;3154;2220;1049
13.05.2022 10:00:00;13.05.2022 11:00:00;8697;3247;2222;1028
13.05.2022 11:00:00;13.05.2022 12:00:00;8615;3304;2187;1076
13.05.2022 12:00:00;13.05.2022 13:00:00;8614;3239;2187;1083
13.05.2022 13:00:00;13.05.2022 14:00:00;8466;3187;2190;1096
13.05.2022 14:00:00;13.05.2022 15:00:00;8385;3257;2168;996
13.05.2022 15:00:00;13.05.2022 16:00:00;8277;3265;2168;1025
13.05.2022 16:00:00;13.05.2022 17:00:00;8274;3443;2092;1110
13.05.2022 17:00:00;13.05.2022 18:00:00;8306;3351;2107;1088
13.05.2022 18:00:00;13.05.2022 19:00:00;8360;3030;2164;1045
13.05.2022 19:00:00;13.05.2022 20:00:00;8206;2897;2149;1026
13.05.2022 20:00:00;13.05.2022 21:00:00;7872;3025;2063;1050
13.05.2022 21:00:00;13.05.2022 22:00:00;8074;3253;2099;1002
13.05.2022 22:00:00;13.05.2022 23:00:00;8085;2991;2085;1027
13.05.2022 23:00:00;14.05.2022 00:00:00;7708;2937;2067;942
14.05.2022 00:00:00;14.05.2022 01:00:00;7369;2796;2088;874
14.05.2022 01:00:00;14.05.2022 02:00:00;7290;2788;2045;814
14.05.2022 02:00:00;14.05.2022 03:00:00;7187;2789;2072;815
14.05.2022 03:00:00;14.05.2022 04:00:00;7094;2805;2072;765
14.05.2022 04:00:00;14.05.2022 05:00:00;7052;2729;2021;880
14.05.2022 05:00:00;14.05.2022 06:00:00;7242;2779;2016;912
14.05.2022 06:00:00;14.05.2022 07:00:00;7409;2806;1999;856
14.05.2022 07:00:00;14.05.2022 08:00:00;7632;2893;1990;883
14.05.2022 08:00:00;14.05.2022 09:00:00;7720;3010;2048;960
14.05.2022 09:00:00;14.05.2022 10:00:00;7855;3041;2161;841
14.05.2022 10:00:00;14.05.2022 11:00:00;7790;3064;2197;928
14.05.2022 11:00:00;14.05.2022 12:00:00;7889;3080;2183;930
14.05.2022 12:00:00;14.05.2022 13:00:00;7848;3050;2105;946
14.05.2022 13:00:00;14.05.2022 14:00:00;7833;2970;2076;802
14.05.2022 14:00:00;14.05.2022 15:00:00;7907;2990;2005;886
14.05.2022 15:00:00;14.05.2022 16:00:00;7979;3108;1985;963
14.05.2022 16:00:00;14.05.2022 17:00:00;8084;2926;1964;1008
14.05.2022 17:00:00;14.05.2022 18:00:00;8205;2750;1989;1236
14.05.2022 18:00:00;14.05.2022 19:00:00;8209;2996;2026;1220
14.05.2022 19:00:00;14.05.2022 20:00:00;8053;3109;2047;1209
14.05.2022 20:00:00;14.05.2022 21:00:00;7718;3043;2034;1088
14.05.2022 21:00:00;14.05.2022 22:00:00;7933;2951;2009;1013
14.05.2022 22:00:00;14.05.2022 23:00:00;7957;2893;1994;840
14.05.2022 23:00:00;15.05.2022 00:00:00;7685;2852;1961;827
15.05.2022 00:00:00;15.05.2022 01:00:00;7356;2895;1920;865
15.05.2022 01:00:00;15.05.2022 02:00:00;7323;2908;1943;956
15.05.2022 02:00:00;15.05.2022 03:00:00;7226;2833;1921;883
15.05.2022 03:00:00;15.05.2022 04:00:00;7137;2763;1905;728
15.05.2022 04:00:00;15.05.2022 05:00:00;7054;2774;1918;816
15.05.2022 05:00:00;15.05.2022 06:00:00;7225;2863;2004;1008
15.05.2022 06:00:00;15.05.2022 07:00:00;7294;3057;2001;1192
15.05.2022 07:00:00;15.05.2022 08:00:00;7317;3027;1994;1030
15.05.2022 08:00:00;15.05.2022 09:00:00;7495;2970;2023;907
15.05.2022 09:00:00;15.05.2022 10:00:00;7622;3014;2044;841
15.05.2022 10:00:00;15.05.2022 11:00:00;7685;3024;2075;814
15.05.2022 11:00:00;15.05.2022 12:00:00;7813;3094;2065;916
15.05.2022 12:00:00;15.05.2022 13:00:00;7805;3042;2050;906
15.05.2022 13:00:00;15.05.2022 14:00:00;7796;3093;2049;994
15.05.2022 14:00:00;15.05.2022 15:00:00;7800;2934;2009;890
15.05.2022 15:00:00;15.05.2022 16:00:00;7831;2939;2070;849
15.05.2022 16:00:00;15.05.2022 17:00:00;7917;2897;2024;850
15.05.2022 17:00:00;15.05.2022 18:00:00;7949;3069;2070;896
15.05.2022 18:00:00;15.05.2022 19:00:00;7942;3091;2103;933
15.05.2022 19:00:00;15.05.2022 20:00:00;7938;3078;2153;952
15.05.2022 20:00:00;15.05.2022 21:00:00;7626;3077;2077;968
15.05.2022 21:00:00;15.05.2022 22:00:00;7919;3032;2124;1061
15.05.2022 22:00:00;15.05.2022 23:00:00;7939;3016;2115;983
15.05.2022 23:00:00;16.05.2022 00:00:00;7636;2902;2117;936
16.05.2022 00:00:00;16.05.2022 01:00:00;7426;2917;2083;812
16.05.2022 01:00:00;16.05.2022 02:00:00;7334;2905;2064;848
16.05.2022 02:00:00;16.05.2022 03:00:00;7286;2865;2069;771
16.05.2022 03:00:00;16.05.2022 04:00:00;7248;2889;2056;850
16.05.2022 04:00:00;16.05.2022 05:00:00;7450;2880;2010;944
16.05.2022 05:00:00;16.05.2022 06:00:00;8159;2891;2108;1033
16.05.2022 06:00:00;16.05.2022 07:00:00;8340;2980;2076;1062
16.05.2022 07:00:00;16.05.2022 08:00:00;8602;3213;2225;1027
16.05.2022 08:00:00;16.05.2022 09:00:00;8657;3265;2336;1008
16.05.2022 09:00:00;16.05.2022 10:00:00;8596;3322;2325;1068
16.05.2022 10:00:00;16.05.2022 11:00:00;8728;3262;2384;1107
16.05.2022 11:00:00;16.05.2022 12:00:00;8811;3219;2396;1071
16.05.2022 12:00:00;16.05.2022 13:00:00;8746;3119;2315;1132
16.05.2022 13:00:00;16.05.2022 14:00:00;8718;3070;2299;1117
16.05.2022 14:00:00;16.05.2022 15:00:00;8606;3095;2328;1373
16.05.2022 15:00:00;16.05.2022 16:00:00;8565;3039;2334;1186
16.05.2022 16:00:00;16.05.2022 17:00:00;8575;3010;2327;1098
16.05.2022 17:00:00;16.05.2022 18:00:00;8559;3037;2292;1085
16.05.2022 18:00:00;16.05.2022 19:00:00;8568;3061;2293;1277
16.05.2022 19:00:00;16.05.2022 20:00:00;8472;3095;2300;1324
16.05.2022 20:00:00;16.05.2022 21:00:00;8130;3088;2282;1236
16.05.2022 21:00:00;16.05.2022 22:00:00;8278;3070;2293;1230
16.05.2022 22:00:00;16.05.2022 23:00:00;8188;3033;2255;1162
16.05.2022 23:00:00;17.05.2022 00:00:00;7841;2988;2176;1035
17.05.2022 00:00:00;17.05.2022 01:00:00;7618;2874;2186;1035
17.05.2022 01:00:00;17.05.2022 02:00:00;7491;2846;2147;1054
17.05.2022 02:00:00;17.05.2022 03:00:00;7431;2845;2117;969
17.05.2022 03:00:00;17.05.2022 04:00:00;7402;2887;2102;878
17.05.2022 04:00:00;17.05.2022 05:00:00;7603;2836;2083;919
17.05.2022 05:00:00;17.05.2022 06:00:00;8354;2898;2098;1026
17.05.2022 06:00:00;17.05.2022 07:00:00;8847;2919;2132;1016
17.05.2022 07:00:00;17.05.2022 08:00:00;9097;2997;2219;1008
17.05.2022 08:00:00;17.05.2022 09:00:00;9159;3066;2255;1170
17.05.2022 09:00:00;17.05.2022 10:00:00;9110;3128;2242;1202
17.05.2022 10:00:00;17.05.2022 11:00:00;9012;3086;2261;1203
17.05.2022 11:00:00;17.05.2022 12:00:00;9014;3010;2239;1189
17.05.2022 12:00:00;17.05.2022 13:00:00;8818;2945;2199;1113
17.05.2022 13:00:00;17.05.2022 14:00:00;8702;2904;2188;1097
17.05.2022 14:00:00;17.05.2022 15:00:00;8597;2830;2203;1045
17.05.2022 15:00:00;17.05.2022 16:00:00;8559;2794;2205;972
17.05.2022 16:00:00;17.05.2022 17:00:00;8590;2760;2229;1093
17.05.2022 17:00:00;17.05.2022 18:00:00;8588;2723;2257;1034
17.05.2022 18:00:00;17.05.2022 19:00:00;8654;2746;2227;1068
17.05.2022 19:00:00;17.05.2022 20:00:00;8530;2780;2211;1133
17.05.2022 20:00:00;17.05.2022 21:00:00;8114;2793;2105;1073
17.05.2022 21:00:00;17.05.2022 22:00:00;8269;2772;2099;983
17.05.2022 22:00:00;17.05.2022 23:00:00;8224;2754;2082;1165
17.05.2022 23:00:00;18.05.2022 00:00:00;7938;2730;2021;1142
18.05.2022 00:00:00;18.05.2022 01:00:00;7745;2655;2111;1018
18.05.2022 01:00:00;18.05.2022 02:00:00;7564;2663;2177;1029
18.05.2022 02:00:00;18.05.2022 03:00:00;7527;2600;2198;897
18.05.2022 03:00:00;18.05.2022 04:00:00;7410;2515;2174;996
18.05.2022 04:00:00;18.05.2022 05:00:00;7589;2555;2139;988
18.05.2022 05:00:00;18.05.2022 06:00:00;8206;2666;2209;1097
18.05.2022 06:00:00;18.05.2022 07:00:00;8492;2809;2298;1233
18.05.2022 07:00:00;18.05.2022 08:00:00;8689;3004;2328;1146
18.05.2022 08:00:00;18.05.2022 09:00:00;8726;3066;2394;1140
18.05.2022 09:00:00;18.05.2022 10:00:00;8629;3051;2383;1138
18.05.2022 10:00:00;18.05.2022 11:00:00;8662;3022;2406;1202
18.05.2022 11:00:00;18.05.2022 12:00:00;8598;3021;2380;1233
18.05.2022 12:00:00;18.05.2022 13:00:00;8526;3001;2335;1231
18.05.2022 13:00:00;18.05.2022 14:00:00;8442;2999;2343;1169
18.05.2022 14:00:00;18.05.2022 15:00:00;8428;2993;2318;1049
18.05.2022 15:00:00;18.05.2022 16:00:00;8438;2972;2369;1107
18.05.2022 16:00:00;18.05.2022 17:00:00;8428;2935;2313;1077
18.05.2022 17:00:00;18.05.2022 18:00:00;8427;2870;2272;1006
18.05.2022 18:00:00;18.05.2022 19:00:00;8480;2838;2248;1040
18.05.2022 19:00:00;18.05.2022 20:00:00;8329;2842;2199;1243
18.05.2022 20:00:00;18.05.2022 21:00:00;8051;2927;2198;1236
18.05.2022 21:00:00;18.05.2022 22:00:00;8110;2860;2195;1235
18.05.2022 22:00:00;18.05.2022 23:00:00;7976;2828;2180;1156
18.05.2022 23:00:00;19.05.2022 00:00:00;7574;2826;2189;1026
19.05.2022 00:00:00;19.05.2022 01:00:00;7305;2689;2134;983
19.05.2022 01:00:00;19.05.2022 02:00:00;7185;2685;2058;970
19.05.2022 02:00:00;19.05.2022 03:00:00;7136;2624;2082;997
19.05.2022 03:00:00;19.05.2022 04:00:00;7123;2579;2094;1017
19.05.2022 04:00:00;19.05.2022 05:00:00;7290;2559;2063;1051
19.05.2022 05:00:00;19.05.2022 06:00:00;7959;2607;2092;1088
19.05.2022 06:00:00;19.05.2022 07:00:00;8352;2795;2114;1068
19.05.2022 07:00:00;19.05.2022 08:00:00;8619;2972;2233;1066
19.05.2022 08:00:00;19.05.2022 09:00:00;8625;2932;2280;1081
19.05.2022 09:00:00;19.05.2022 10:00:00;8573;2899;2250;1117
19.05.2022 10:00:00;19.05.2022 11:00:00;8603;2887;2276;1105
19.05.2022 11:00:00;19.05.2022 12:00:00;8599;2839;2275;1110
19.05.2022 12:00:00;19.05.2022 13:00:00;8430;2791;2222;1194
19.05.2022 13:00:00;19.05.2022 14:00:00;8270;2912;2171;1189
19.05.2022 14:00:00;19.05.2022 15:00:00;8262;3036;2244;1094
19.05.2022 15:00:00;19.05.2022 16:00:00;8253;2957;2191;1066
19.05.2022 16:00:00;19.05.2022 17:00:00;8220;2984;2147;1032
19.05.2022 17:00:00;19.05.2022 18:00:00;8183;2880;2087;1106
19.05.2022 18:00:00;19.05.2022 19:00:00;8068;2923;2111;962
19.05.2022 19:00:00;19.05.2022 20:00:00;8100;2870;2108;1091
19.05.2022 20:00:00;19.05.2022 21:00:00;8161;2834;2092;1090
19.05.2022 21:00:00;19.05.2022 22:00:00;8229;2871;2106;1085
19.05.2022 22:00:00;19.05.2022 23:00:00;8144;2815;2094;1059
19.05.2022 23:00:00;20.05.2022 00:00:00;7630;2581;2073;975
20.05.2022 00:00:00;20.05.2022 01:00:00;7371;2631;1979;927
20.05.2022 01:00:00;20.05.2022 02:00:00;7281;2706;1966;982
20.05.2022 02:00:00;20.05.2022 03:00:00;7120;2676;1979;1048
20.05.2022 03:00:00;20.05.2022 04:00:00;7122;2744;1997;1015
20.05.2022 04:00:00;20.05.2022 05:00:00;7278;2739;2026;1003
20.05.2022 05:00:00;20.05.2022 06:00:00;7918;2749;2014;950
20.05.2022 06:00:00;20.05.2022 07:00:00;8309;2854;2060;1031
20.05.2022 07:00:00;20.05.2022 08:00:00;8478;3036;2130;1140
20.05.2022 08:00:00;20.05.2022 09:00:00;8537;3070;2237;1238
20.05.2022 09:00:00;20.05.2022 10:00:00;8488;3050;2161;1294
20.05.2022 10:00:00;20.05.2022 11:00:00;8578;3037;2158;1234
20.05.2022 11:00:00;20.05.2022 12:00:00;8542;2992;2207;1215
20.05.2022 12:00:00;20.05.2022 13:00:00;8407;2907;2154;1180
20.05.2022 13:00:00;20.05.2022 14:00:00;8313;2864;2111;1147
20.05.2022 14:00:00;20.05.2022 15:00:00;8274;2865;2084;1032
20.05.2022 15:00:00;20.05.2022 16:00:00;8134;2853;2114;1116
20.05.2022 16:00:00;20.05.2022 17:00:00;8128;2854;2078;1083
20.05.2022 17:00:00;20.05.2022 18:00:00;8028;2822;2076;1205
20.05.2022 18:00:00;20.05.2022 19:00:00;8019;2834;2063;1097
20.05.2022 19:00:00;20.05.2022 20:00:00;7988;2836;2015;1167
20.05.2022 20:00:00;20.05.2022 21:00:00;7708;2806;2053;1234
20.05.2022 21:00:00;20.05.2022 22:00:00;7633;2785;2055;1025
20.05.2022 22:00:00;20.05.2022 23:00:00;7747;2741;2035;1055
20.05.2022 23:00:00;21.05.2022 00:00:00;7601;2587;2038;1132
21.05.2022 00:00:00;21.05.2022 01:00:00;7103;2644;1933;1030
21.05.2022 01:00:00;21.05.2022 02:00:00;6996;2618;1931;982
21.05.2022 02:00:00;21.05.2022 03:00:00;6956;2503;1907;1019
21.05.2022 03:00:00;21.05.2022 04:00:00;6842;2468;1882;1177
21.05.2022 04:00:00;21.05.2022 05:00:00;6834;2619;1871;1194
21.05.2022 05:00:00;21.05.2022 06:00:00;7076;2692;1874;1088
21.05.2022 06:00:00;21.05.2022 07:00:00;7145;2550;1850;1064
21.05.2022 07:00:00;21.05.2022 08:00:00;7348;2459;1864;1346
21.05.2022 08:00:00;21.05.2022 09:00:00;7505;2570;1911;1039
21.05.2022 09:00:00;21.05.2022 10:00:00;7576;2706;1958;1016
21.05.2022 10:00:00;21.05.2022 11:00:00;7425;2728;1984;1040
21.05.2022 11:00:00;21.05.2022 12:00:00;7425;2893;2006;984
21.05.2022 12:00:00;21.05.2022 13:00:00;7432;2871;1991;1127
21.05.2022 13:00:00;21.05.2022 14:00:00;7400;2840;1956;921
21.05.2022 14:00:00;21.05.2022 15:00:00;7487;2898;1903;930
21.05.2022 15:00:00;21.05.2022 16:00:00;7578;2874;1896;758
21.05.2022 16:00:00;21.05.2022 17:00:00;7845;2762;1849;920
21.05.2022 17:00:00;21.05.2022 18:00:00;7961;2773;1872;1067
21.05.2022 18:00:00;21.05.2022 19:00:00;7974;2817;1889;1057
21.05.2022 19:00:00;21.05.2022 20:00:00;7837;2837;1896;1052
21.05.2022 20:00:00;21.05.2022 21:00:00;7524;2806;1904;996
21.05.2022 21:00:00;21.05.2022 22:00:00;7562;2799;1898;882
21.05.2022 22:00:00;21.05.2022 23:00:00;7625;2784;1886;921
21.05.2022 23:00:00;22.05.2022 00:00:00;7351;2756;1857;956
22.05.2022 00:00:00;22.05.2022 01:00:00;7154;2723;1807;960
22.05.2022 01:00:00;22.05.2022 02:00:00;7010;2634;1789;1009
22.05.2022 02:00:00;22.05.2022 03:00:00;6921;2623;1768;983
22.05.2022 03:00:00;22.05.2022 04:00:00;6836;2629;1745;1048
22.05.2022 04:00:00;22.05.2022 05:00:00;6847;2620;1755;1102
22.05.2022 05:00:00;22.05.2022 06:00:00;6915;2620;1734;1123
22.05.2022 06:00:00;22.05.2022 07:00:00;6982;2644;1747;1119
22.05.2022 07:00:00;22.05.2022 08:00:00;7141;2655;1768;1126
22.05.2022 08:00:00;22.05.2022 09:00:00;7328;2664;1822;1020
22.05.2022 09:00:00;22.05.2022 10:00:00;7332;2663;1843;961
22.05.2022 10:00:00;22.05.2022 11:00:00;7174;2708;1869;991
22.05.2022 11:00:00;22.05.2022 12:00:00;7185;2739;1854;979
22.05.2022 12:00:00;22.05.2022 13:00:00;7185;2749;1846;910
22.05.2022 13:00:00;22.05.2022 14:00:00;7404;2745;1845;1168
22.05.2022 14:00:00;22.05.2022 15:00:00;7407;2755;1837;1173
22.05.2022 15:00:00;22.05.2022 16:00:00;7383;2771;1822;1197
22.05.2022 16:00:00;22.05.2022 17:00:00;7354;2693;1828;1168
22.05.2022 17:00:00;22.05.2022 18:00:00;7472;2705;1870;1195
22.05.2022 18:00:00;22.05.2022 19:00:00;7736;2693;1896;959
22.05.2022 19:00:00;22.05.2022 20:00:00;7715;2710;1901;931
22.05.2022 20:00:00;22.05.2022 21:00:00;7506;2680;1877;844
22.05.2022 21:00:00;22.05.2022 22:00:00;7741;2745;1846;811
22.05.2022 22:00:00;22.05.2022 23:00:00;7647;2729;1860;981
22.05.2022 23:00:00;23.05.2022 00:00:00;7441;2596;1880;1031
23.05.2022 00:00:00;23.05.2022 01:00:00;7199;2555;1838;963
23.05.2022 01:00:00;23.05.2022 02:00:00;7178;2575;1774;1065
23.05.2022 02:00:00;23.05.2022 03:00:00;7108;2577;1773;1013
23.05.2022 03:00:00;23.05.2022 04:00:00;7112;2640;1768;931
23.05.2022 04:00:00;23.05.2022 05:00:00;7243;2692;1769;963
23.05.2022 05:00:00;23.05.2022 06:00:00;7544;2608;1771;992
23.05.2022 06:00:00;23.05.2022 07:00:00;8376;2632;1825;987
23.05.2022 07:00:00;23.05.2022 08:00:00;8529;2894;1900;1050
23.05.2022 08:00:00;23.05.2022 09:00:00;8602;2928;1940;969
23.05.2022 09:00:00;23.05.2022 10:00:00;8528;2759;1862;1049
23.05.2022 10:00:00;23.05.2022 11:00:00;8541;2742;1883;1058
23.05.2022 11:00:00;23.05.2022 12:00:00;8569;2686;1863;1070
23.05.2022 12:00:00;23.05.2022 13:00:00;8493;2640;1934;991
23.05.2022 13:00:00;23.05.2022 14:00:00;8456;2669;1978;1001
23.05.2022 14:00:00;23.05.2022 15:00:00;8397;2700;1878;1102
23.05.2022 15:00:00;23.05.2022 16:00:00;8405;2552;1836;845
23.05.2022 16:00:00;23.05.2022 17:00:00;8391;2453;1862;824
23.05.2022 17:00:00;23.05.2022 18:00:00;8411;2480;1823;919
23.05.2022 18:00:00;23.05.2022 19:00:00;8402;2656;1809;929
23.05.2022 19:00:00;23.05.2022 20:00:00;8111;2660;1773;960
23.05.2022 20:00:00;23.05.2022 21:00:00;7852;2625;1744;867
23.05.2022 21:00:00;23.05.2022 22:00:00;7701;2661;1767;831
23.05.2022 22:00:00;23.05.2022 23:00:00;7615;2558;1762;738
23.05.2022 23:00:00;24.05.2022 00:00:00;7394;2646;1736;685
24.05.2022 00:00:00;24.05.2022 01:00:00;7417;2716;1907;902
24.05.2022 01:00:00;24.05.2022 02:00:00;7468;2671;1864;1047
24.05.2022 02:00:00;24.05.2022 03:00:00;7401;2576;1812;992
24.05.2022 03:00:00;24.05.2022 04:00:00;7332;2384;1805;1074
24.05.2022 04:00:00;24.05.2022 05:00:00;7434;2410;1884;1082
24.05.2022 05:00:00;24.05.2022 06:00:00;7666;2370;1889;816
24.05.2022 06:00:00;24.05.2022 07:00:00;7813;2572;1945;653
24.05.2022 07:00:00;24.05.2022 08:00:00;7938;3025;1963;962
24.05.2022 08:00:00;24.05.2022 09:00:00;8265;3082;1949;929
24.05.2022 09:00:00;24.05.2022 10:00:00;8283;2842;1894;1013
24.05.2022 10:00:00;24.05.2022 11:00:00;8317;2642;1897;927
24.05.2022 11:00:00;24.05.2022 12:00:00;8333;2703;1920;925
24.05.2022 12:00:00;24.05.2022 13:00:00;8369;2758;1906;899
24.05.2022 13:00:00;24.05.2022 14:00:00;8291;2740;1889;1024
24.05.2022 14:00:00;24.05.2022 15:00:00;8175;2746;1941;1011
24.05.2022 15:00:00;24.05.2022 16:00:00;8230;2675;1931;914
24.05.2022 16:00:00;24.05.2022 17:00:00;8185;2812;1929;971
24.05.2022 17:00:00;24.05.2022 18:00:00;8138;2962;1932;975
24.05.2022 18:00:00;24.05.2022 19:00:00;8165;2862;1899;657
24.05.2022 19:00:00;24.05.2022 20:00:00;8089;2908;1980;980
24.05.2022 20:00:00;24.05.2022 21:00:00;7728;2934;1974;1233
24.05.2022 21:00:00;24.05.2022 22:00:00;7776;2877;1933;1313
24.05.2022 22:00:00;24.05.2022 23:00:00;7698;2933;1832;952
24.05.2022 23:00:00;25.05.2022 00:00:00;7393;2892;1778;656
25.05.2022 00:00:00;25.05.2022 01:00:00;7097;2830;1735;717
25.05.2022 01:00:00;25.05.2022 02:00:00;6980;2689;1777;996
25.05.2022 02:00:00;25.05.2022 03:00:00;6971;2633;1793;826
25.05.2022 03:00:00;25.05.2022 04:00:00;6933;2678;1818;560
25.05.2022 04:00:00;25.05.2022 05:00:00;7076;2675;1855;816
25.05.2022 05:00:00;25.05.2022 06:00:00;7721;2622;1814;901
25.05.2022 06:00:00;25.05.2022 07:00:00;8144;2624;1866;966
25.05.2022 07:00:00;25.05.2022 08:00:00;8296;2798;1922;859
25.05.2022 08:00:00;25.05.2022 09:00:00;8423;2727;1944;1108
25.05.2022 09:00:00;25.05.2022 10:00:00;8401;2664;1993;922
25.05.2022 10:00:00;25.05.2022 11:00:00;8426;2815;2060;917
25.05.2022 11:00:00;25.05.2022 12:00:00;8674;2750;2007;986
25.05.2022 12:00:00;25.05.2022 13:00:00;8641;2982;2003;976
25.05.2022 13:00:00;25.05.2022 14:00:00;8495;3135;1949;790
25.05.2022 14:00:00;25.05.2022 15:00:00;8481;3158;1992;893
25.05.2022 15:00:00;25.05.2022 16:00:00;8462;3164;1930;1215
25.05.2022 16:00:00;25.05.2022 17:00:00;8376;3017;1878;1087
25.05.2022 17:00:00;25.05.2022 18:00:00;8165;3015;1917;1118
25.05.2022 18:00:00;25.05.2022 19:00:00;8204;2898;1952;1076
25.05.2022 19:00:00;25.05.2022 20:00:00;8185;2829;1946;1243
25.05.2022 20:00:00;25.05.2022 21:00:00;7837;2949;1995;1189
25.05.2022 21:00:00;25.05.2022 22:00:00;7920;2980;2008;1056
25.05.2022 22:00:00;25.05.2022 23:00:00;7809;2803;1942;1124
25.05.2022 23:00:00;26.05.2022 00:00:00;7478;2706;1797;1078
26.05.2022 00:00:00;26.05.2022 01:00:00;7151;2644;1824;976
26.05.2022 01:00:00;26.05.2022 02:00:00;6964;2734;1753;1000
26.05.2022 02:00:00;26.05.2022 03:00:00;6907;2646;1711;1041
26.05.2022 03:00:00;26.05.2022 04:00:00;6847;2594;1806;939
26.05.2022 04:00:00;26.05.2022 05:00:00;6913;2663;1784;899
26.05.2022 05:00:00;26.05.2022 06:00:00;7264;2786;1819;923
26.05.2022 06:00:00;26.05.2022 07:00:00;7438;2860;1910;1002
26.05.2022 07:00:00;26.05.2022 08:00:00;7681;2823;1785;1167
26.05.2022 08:00:00;26.05.2022 09:00:00;7895;2845;1724;1097
26.05.2022 09:00:00;26.05.2022 10:00:00;8042;2773;1750;1102
26.05.2022 10:00:00;26.05.2022 11:00:00;8160;2809;1717;1099
26.05.2022 11:00:00;26.05.2022 12:00:00;8186;2963;1924;1156
26.05.2022 12:00:00;26.05.2022 13:00:00;8122;2790;1884;1102
26.05.2022 13:00:00;26.05.2022 14:00:00;8004;2659;1902;1094
26.05.2022 14:00:00;26.05.2022 15:00:00;8067;2709;1929;1225
26.05.2022 15:00:00;26.05.2022 16:00:00;8013;2660;1926;1155
26.05.2022 16:00:00;26.05.2022 17:00:00;8034;2768;1973;1163
26.05.2022 17:00:00;26.05.2022 18:00:00;8152;2747;1835;1265
26.05.2022 18:00:00;26.05.2022 19:00:00;8156;2910;1866;1091
26.05.2022 19:00:00;26.05.2022 20:00:00;8006;2950;1729;1174
26.05.2022 20:00:00;26.05.2022 21:00:00;7638;2942;1789;1059
26.05.2022 21:00:00;26.05.2022 22:00:00;7786;2920;1836;1040
26.05.2022 22:00:00;26.05.2022 23:00:00;7688;2905;1837;1084
26.05.2022 23:00:00;27.05.2022 00:00:00;7329;2930;1831;885
27.05.2022 00:00:00;27.05.2022 01:00:00;7064;2915;1784;1013
27.05.2022 01:00:00;27.05.2022 02:00:00;6939;2833;1785;1033
27.05.2022 02:00:00;27.05.2022 03:00:00;6862;2720;1740;749
27.05.2022 03:00:00;27.05.2022 04:00:00;6790;2730;1731;1019
27.05.2022 04:00:00;27.05.2022 05:00:00;6934;2659;1580;995
27.05.2022 05:00:00;27.05.2022 06:00:00;7428;2703;1676;943
27.05.2022 06:00:00;27.05.2022 07:00:00;7820;2863;1789;908
27.05.2022 07:00:00;27.05.2022 08:00:00;8143;2995;1871;1020
27.05.2022 08:00:00;27.05.2022 09:00:00;8292;3034;1877;1029
27.05.2022 09:00:00;27.05.2022 10:00:00;8281;3076;1925;1035
27.05.2022 10:00:00;27.05.2022 11:00:00;8397;3080;1938;1138
27.05.2022 11:00:00;27.05.2022 12:00:00;8391;3038;1921;807
27.05.2022 12:00:00;27.05.2022 13:00:00;8303;3070;1894;747
27.05.2022 13:00:00;27.05.2022 14:00:00;8352;2947;1843;928
27.05.2022 14:00:00;27.05.2022 15:00:00;8235;2998;1857;818
27.05.2022 15:00:00;27.05.2022 16:00:00;8248;3056;1866;778
27.05.2022 16:00:00;27.05.2022 17:00:00;8298;3077;1917;841
27.05.2022 17:00:00;27.05.2022 18:00:00;8242;2888;1981;1002
27.05.2022 18:00:00;27.05.2022 19:00:00;8242;2923;2097;1109
27.05.2022 19:00:00;27.05.2022 20:00:00;8218;2940;2040;1157
27.05.2022 20:00:00;27.05.2022 21:00:00;7927;2964;1956;1098
27.05.2022 21:00:00;27.05.2022 22:00:00;7836;2945;1857;856
27.05.2022 22:00:00;27.05.2022 23:00:00;7672;2861;1750;841
27.05.2022 23:00:00;28.05.2022 00:00:00;7484;2820;1775;988
28.05.2022 00:00:00;28.05.2022 01:00:00;7206;2847;1895;985
28.05.2022 01:00:00;28.05.2022 02:00:00;7014;2734;1905;901
28.05.2022 02:00:00;28.05.2022 03:00:00;6889;2483;1869;880
28.05.2022 03:00:00;28.05.2022 04:00:00;6800;2630;1786;1076
28.05.2022 04:00:00;28.05.2022 05:00:00;6871;2616;1825;1092
28.05.2022 05:00:00;28.05.2022 06:00:00;7047;2633;1738;1027
28.05.2022 06:00:00;28.05.2022 07:00:00;7266;2713;1813;1071
28.05.2022 07:00:00;28.05.2022 08:00:00;7545;2788;1793;1122
28.05.2022 08:00:00;28.05.2022 09:00:00;7726;2828;1840;1062
28.05.2022 09:00:00;28.05.2022 10:00:00;7814;2927;2025;1034
28.05.2022 10:00:00;28.05.2022 11:00:00;7873;3050;1988;1071
28.05.2022 11:00:00;28.05.2022 12:00:00;7901;3041;1926;1128
28.05.2022 12:00:00;28.05.2022 13:00:00;7945;3012;1879;1168
28.05.2022 13:00:00;28.05.2022 14:00:00;7922;3030;1892;1179
28.05.2022 14:00:00;28.05.2022 15:00:00;7858;3001;1852;1158
28.05.2022 15:00:00;28.05.2022 16:00:00;7876;2954;1862;1151
28.05.2022 16:00:00;28.05.2022 17:00:00;8024;2911;1988;1142
28.05.2022 17:00:00;28.05.2022 18:00:00;8060;3030;2056;1158
28.05.2022 18:00:00;28.05.2022 19:00:00;8038;3074;1937;1194
28.05.2022 19:00:00;28.05.2022 20:00:00;7947;3018;1944;1193
28.05.2022 20:00:00;28.05.2022 21:00:00;7624;3078;1961;1141
28.05.2022 21:00:00;28.05.2022 22:00:00;7693;2985;1953;1113
28.05.2022 22:00:00;28.05.2022 23:00:00;7705;2848;1909;1149
28.05.2022 23:00:00;29.05.2022 00:00:00;7476;2890;1839;1147
29.05.2022 00:00:00;29.05.2022 01:00:00;7174;2810;1760;1176
29.05.2022 01:00:00;29.05.2022 02:00:00;7045;2857;1762;1107
29.05.2022 02:00:00;29.05.2022 03:00:00;6902;2811;1799;1118
29.05.2022 03:00:00;29.05.2022 04:00:00;6826;2858;1772;1075
29.05.2022 04:00:00;29.05.2022 05:00:00;6809;2716;1781;1028
29.05.2022 05:00:00;29.05.2022 06:00:00;6814;2714;1709;1087
29.05.2022 06:00:00;29.05.2022 07:00:00;6955;2708;1764;1141
29.05.2022 07:00:00;29.05.2022 08:00:00;7133;2674;1856;1128
29.05.2022 08:00:00;29.05.2022 09:00:00;7346;2756;1813;981
29.05.2022 09:00:00;29.05.2022 10:00:00;7487;2998;1749;1056
29.05.2022 10:00:00;29.05.2022 11:00:00;7542;3046;1814;1031
29.05.2022 11:00:00;29.05.2022 12:00:00;7553;3056;1810;1090
29.05.2022 12:00:00;29.05.2022 13:00:00;7618;2965;1829;1115
29.05.2022 13:00:00;29.05.2022 14:00:00;7599;2970;1849;1105
29.05.2022 14:00:00;29.05.2022 15:00:00;7621;3029;1896;933
29.05.2022 15:00:00;29.05.2022 16:00:00;7564;3066;1847;959
29.05.2022 16:00:00;29.05.2022 17:00:00;7569;3048;1808;1044
29.05.2022 17:00:00;29.05.2022 18:00:00;7660;2969;1888;1027
29.05.2022 18:00:00;29.05.2022 19:00:00;7783;2868;1879;1132
29.05.2022 19:00:00;29.05.2022 20:00:00;7616;2901;1881;1143
29.05.2022 20:00:00;29.05.2022 21:00:00;7352;2965;1905;1177
29.05.2022 21:00:00;29.05.2022 22:00:00;7567;2916;1902;1103
29.05.2022 22:00:00;29.05.2022 23:00:00;7700;2868;1882;932
29.05.2022 23:00:00;30.05.2022 00:00:00;7390;2952;1901;832
30.05.2022 00:00:00;30.05.2022 01:00:00;7130;2773;1850;839
30.05.2022 01:00:00;30.05.2022 02:00:00;6922;2756;1826;809
30.05.2022 02:00:00;30.05.2022 03:00:00;6822;2706;1789;713
30.05.2022 03:00:00;30.05.2022 04:00:00;6809;2713;1711;925
30.05.2022 04:00:00;30.05.2022 05:00:00;6995;2738;1677;969
30.05.2022 05:00:00;30.05.2022 06:00:00;7709;2874;1677;1055
30.05.2022 06:00:00;30.05.2022 07:00:00;8155;3047;1744;1099
30.05.2022 07:00:00;30.05.2022 08:00:00;8464;3270;1820;1069
30.05.2022 08:00:00;30.05.2022 09:00:00;8563;3191;1951;1077
30.05.2022 09:00:00;30.05.2022 10:00:00;8470;3085;2015;1178
30.05.2022 10:00:00;30.05.2022 11:00:00;8509;3034;2046;1168
30.05.2022 11:00:00;30.05.2022 12:00:00;8471;2990;2050;1143
30.05.2022 12:00:00;30.05.2022 13:00:00;8313;2899;1988;1136
30.05.2022 13:00:00;30.05.2022 14:00:00;8330;2940;1991;1140
30.05.2022 14:00:00;30.05.2022 15:00:00;8309;2861;1981;1004
30.05.2022 15:00:00;30.05.2022 16:00:00;8248;2914;1970;1052
30.05.2022 16:00:00;30.05.2022 17:00:00;8212;3027;1892;1112
30.05.2022 17:00:00;30.05.2022 18:00:00;8096;2968;1895;1080
30.05.2022 18:00:00;30.05.2022 19:00:00;8081;2884;1809;993
30.05.2022 19:00:00;30.05.2022 20:00:00;8027;2874;1802;1032
30.05.2022 20:00:00;30.05.2022 21:00:00;7713;2976;1858;1012
30.05.2022 21:00:00;30.05.2022 22:00:00;7695;2898;1872;842
30.05.2022 22:00:00;30.05.2022 23:00:00;7561;2812;1806;963
30.05.2022 23:00:00;31.05.2022 00:00:00;7170;2677;1821;813
31.05.2022 00:00:00;31.05.2022 01:00:00;6906;2470;1665;906
31.05.2022 01:00:00;31.05.2022 02:00:00;6780;2566;1663;855
31.05.2022 02:00:00;31.05.2022 03:00:00;6662;2590;1649;820
31.05.2022 03:00:00;31.05.2022 04:00:00;6583;2567;1658;871
31.05.2022 04:00:00;31.05.2022 05:00:00;6781;2577;1686;829
31.05.2022 05:00:00;31.05.2022 06:00:00;7549;2623;1636;972
31.05.2022 06:00:00;31.05.2022 07:00:00;7885;2731;1705;1030
31.05.2022 07:00:00;31.05.2022 08:00:00;8211;2947;1832;1127
31.05.2022 08:00:00;31.05.2022 09:00:00;8424;3015;1871;1195
31.05.2022 09:00:00;31.05.2022 10:00:00;8514;3005;1939;1121
31.05.2022 10:00:00;31.05.2022 11:00:00;8546;2950;1931;1134
31.05.2022 11:00:00;31.05.2022 12:00:00;8639;2862;1858;1076
31.05.2022 12:00:00;31.05.2022 13:00:00;8549;2822;1747;1147
31.05.2022 13:00:00;31.05.2022 14:00:00;8473;2835;1717;1121
31.05.2022 14:00:00;31.05.2022 15:00:00;8454;2827;1847;1166
31.05.2022 15:00:00;31.05.2022 16:00:00;8403;2850;1844;1106
31.05.2022 16:00:00;31.05.2022 17:00:00;8443;2841;1861;1018
31.05.2022 17:00:00;31.05.2022 18:00:00;8403;2732;1849;1152
31.05.2022 18:00:00;31.05.2022 19:00:00;8565;2577;1886;1094
31.05.2022 19:00:00;31.05.2022 20:00:00;8457;2695;1949;1203
31.05.2022 20:00:00;31.05.2022 21:00:00;8087;2698;1959;1211
31.05.2022 21:00:00;31.05.2022 22:00:00;8105;2679;1923;967
31.05.2022 22:00:00;31.05.2022 23:00:00;7931;2699;1910;1063
31.05.2022 23:00:00;01.06.2022 00:00:00;7479;2632;1858;1060
01.06.2022 00:00:00;01.06.2022 01:00:00;7176;2607;1859;817
01.06.2022 01:00:00;01.06.2022 02:00:00;7014;2555;1826;704
01.06.2022 02:00:00;01.06.2022 03:00:00;6854;2455;1792;727
01.06.2022 03:00:00;01.06.2022 04:00:00;6759;2443;1784;783
01.06.2022 04:00:00;01.06.2022 05:00:00;6987;2488;1877;996
01.06.2022 05:00:00;01.06.2022 06:00:00;7787;2532;1828;974
01.06.2022 06:00:00;01.06.2022 07:00:00;8230;2639;1851;911
01.06.2022 07:00:00;01.06.2022 08:00:00;8359;2845;1945;795
01.06.2022 08:00:00;01.06.2022 09:00:00;8546;2944;1930;1078
01.06.2022 09:00:00;01.06.2022 10:00:00;8509;2976;1867;1316
01.06.2022 10:00:00;01.06.2022 11:00:00;8527;3068;1853;1294
01.06.2022 11:00:00;01.06.2022 12:00:00;8468;3105;1992;1100
01.06.2022 12:00:00;01.06.2022 13:00:00;8339;3065;2000;1086
01.06.2022 13:00:00;01.06.2022 14:00:00;8310;3050;2076;1058
01.06.2022 14:00:00;01.06.2022 15:00:00;8212;3003;2026;1081
01.06.2022 15:00:00;01.06.2022 16:00:00;8228;2963;2031;1096
01.06.2022 16:00:00;01.06.2022 17:00:00;8189;2958;2103;1156
01.06.2022 17:00:00;01.06.2022 18:00:00;8187;2953;1989;1118
01.06.2022 18:00:00;01.06.2022 19:00:00;8272;2930;1827;1084
01.06.2022 19:00:00;01.06.2022 20:00:00;8226;2898;1846;951
01.06.2022 20:00:00;01.06.2022 21:00:00;7859;2908;1801;988
01.06.2022 21:00:00;01.06.2022 22:00:00;7798;2894;1805;1091
01.06.2022 22:00:00;01.06.2022 23:00:00;7628;2795;1839;1008
01.06.2022 23:00:00;02.06.2022 00:00:00;7175;2694;1862;1024
02.06.2022 00:00:00;02.06.2022 01:00:00;6837;2672;1801;860
02.06.2022 01:00:00;02.06.2022 02:00:00;6799;2646;1790;929
02.06.2022 02:00:00;02.06.2022 03:00:00;6651;2424;1724;976
02.06.2022 03:00:00;02.06.2022 04:00:00;6621;2499;1706;977
02.06.2022 04:00:00;02.06.2022 05:00:00;6863;2468;1822;858
02.06.2022 05:00:00;02.06.2022 06:00:00;7627;2523;1823;739
02.06.2022 06:00:00;02.06.2022 07:00:00;8130;2669;1922;950
02.06.2022 07:00:00;02.06.2022 08:00:00;8285;2881;2025;976
02.06.2022 08:00:00;02.06.2022 09:00:00;8388;3057;2118;1014
02.06.2022 09:00:00;02.06.2022 10:00:00;8490;2978;2023;1071
02.06.2022 10:00:00;02.06.2022 11:00:00;8685;2951;2029;1106
02.06.2022 11:00:00;02.06.2022 12:00:00;8779;2932;1982;1045
02.06.2022 12:00:00;02.06.2022 13:00:00;8685;2932;1945;1006
02.06.2022 13:00:00;02.06.2022 14:00:00;8584;2972;1995;1119
02.06.2022 14:00:00;02.06.2022 15:00:00;8549;2988;2019;1181
02.06.2022 15:00:00;02.06.2022 16:00:00;8546;2958;2034;1005
02.06.2022 16:00:00;02.06.2022 17:00:00;8483;2900;2064;963
02.06.2022 17:00:00;02.06.2022 18:00:00;8524;2871;1987;1027
02.06.2022 18:00:00;02.06.2022 19:00:00;8567;2888;1974;1055
02.06.2022 19:00:00;02.06.2022 20:00:00;8339;2807;1957;1296
02.06.2022 20:00:00;02.06.2022 21:00:00;8003;2868;1962;974
02.06.2022 21:00:00;02.06.2022 22:00:00;7925;2780;1936;707
02.06.2022 22:00:00;02.06.2022 23:00:00;7779;2750;1978;1270
02.06.2022 23:00:00;03.06.2022 00:00:00;7455;2756;1950;1709
03.06.2022 00:00:00;03.06.2022 01:00:00;7148;2679;1881;1536
03.06.2022 01:00:00;03.06.2022 02:00:00;6976;2563;1807;1115
03.06.2022 02:00:00;03.06.2022 03:00:00;6949;2479;1746;977
03.06.2022 03:00:00;03.06.2022 04:00:00;6910;2425;1740;995
03.06.2022 04:00:00;03.06.2022 05:00:00;7147;2421;1719;849
03.06.2022 05:00:00;03.06.2022 06:00:00;7859;2462;1712;931
03.06.2022 06:00:00;03.06.2022 07:00:00;8360;2625;1762;1041
03.06.2022 07:00:00;03.06.2022 08:00:00;8684;2816;1841;1087
03.06.2022 08:00:00;03.06.2022 09:00:00;8733;2894;1872;1195
03.06.2022 09:00:00;03.06.2022 10:00:00;8646;2986;1933;1122
03.06.2022 10:00:00;03.06.2022 11:00:00;8753;3055;1955;1108
03.06.2022 11:00:00;03.06.2022 12:00:00;8711;3011;2107;1064
03.06.2022 12:00:00;03.06.2022 13:00:00;8529;3019;2167;1091
03.06.2022 13:00:00;03.06.2022 14:00:00;8523;2985;2096;1153
03.06.2022 14:00:00;03.06.2022 15:00:00;8358;2982;2176;1154
03.06.2022 15:00:00;03.06.2022 16:00:00;8206;2934;1933;1106
03.06.2022 16:00:00;03.06.2022 17:00:00;8187;2815;1903;1028
03.06.2022 17:00:00;03.06.2022 18:00:00;8151;2750;1871;1052
03.06.2022 18:00:00;03.06.2022 19:00:00;8249;2765;1888;1072
03.06.2022 19:00:00;03.06.2022 20:00:00;8109;2925;1850;1110
03.06.2022 20:00:00;03.06.2022 21:00:00;7781;2924;1884;1081
03.06.2022 21:00:00;03.06.2022 22:00:00;7751;2664;1892;1102
03.06.2022 22:00:00;03.06.2022 23:00:00;7683;2649;1838;1044
03.06.2022 23:00:00;04.06.2022 00:00:00;7378;2688;1763;1010
04.06.2022 00:00:00;04.06.2022 01:00:00;7057;2649;1720;971
04.06.2022 01:00:00;04.06.2022 02:00:00;6827;2574;1696;919
04.06.2022 02:00:00;04.06.2022 03:00:00;6695;2562;1646;955
04.06.2022 03:00:00;04.06.2022 04:00:00;6574;2344;1605;1018
04.06.2022 04:00:00;04.06.2022 05:00:00;6654;2347;1602;972
04.06.2022 05:00:00;04.06.2022 06:00:00;6946;2574;1663;1019
04.06.2022 06:00:00;04.06.2022 07:00:00;7146;2612;1745;1030
04.06.2022 07:00:00;04.06.2022 08:00:00;7422;2577;1805;963
04.06.2022 08:00:00;04.06.2022 09:00:00;7517;2584;1842;966
04.06.2022 09:00:00;04.06.2022 10:00:00;7634;2704;1927;989
04.06.2022 10:00:00;04.06.2022 11:00:00;7704;2855;1973;1105
04.06.2022 11:00:00;04.06.2022 12:00:00;7684;2837;1993;1051
04.06.2022 12:00:00;04.06.2022 13:00:00;7562;2686;1856;755
04.06.2022 13:00:00;04.06.2022 14:00:00;7474;2724;1913;748
04.06.2022 14:00:00;04.06.2022 15:00:00;7463;2617;1953;782
04.06.2022 15:00:00;04.06.2022 16:00:00;7483;2675;2132;876
04.06.2022 16:00:00;04.06.2022 17:00:00;7516;2779;2020;928
04.06.2022 17:00:00;04.06.2022 18:00:00;7603;2810;2024;856
04.06.2022 18:00:00;04.06.2022 19:00:00;7639;2812;2030;986
04.06.2022 19:00:00;04.06.2022 20:00:00;7515;2776;2016;1157
04.06.2022 20:00:00;04.06.2022 21:00:00;7196;2704;2051;1202
04.06.2022 21:00:00;04.06.2022 22:00:00;7328;2649;2000;964
04.06.2022 22:00:00;04.06.2022 23:00:00;7328;2785;1909;834
04.06.2022 23:00:00;05.06.2022 00:00:00;6996;2773;1873;840
05.06.2022 00:00:00;05.06.2022 01:00:00;6667;2487;1824;952
05.06.2022 01:00:00;05.06.2022 02:00:00;6517;2583;1852;971
05.06.2022 02:00:00;05.06.2022 03:00:00;6364;2360;1817;882
05.06.2022 03:00:00;05.06.2022 04:00:00;6283;2353;1715;880
05.06.2022 04:00:00;05.06.2022 05:00:00;6317;2507;1713;987
05.06.2022 05:00:00;05.06.2022 06:00:00;6414;2573;1731;1009
05.06.2022 06:00:00;05.06.2022 07:00:00;6614;2576;1706;902
05.06.2022 07:00:00;05.06.2022 08:00:00;6835;2640;1840;837
05.06.2022 08:00:00;05.06.2022 09:00:00;7055;2733;1872;915
05.06.2022 09:00:00;05.06.2022 10:00:00;7172;2656;1921;932
05.06.2022 10:00:00;05.06.2022 11:00:00;7334;2682;1922;1000
05.06.2022 11:00:00;05.06.2022 12:00:00;7396;2728;1922;965
05.06.2022 12:00:00;05.06.2022 13:00:00;7435;2727;1937;1033
05.06.2022 13:00:00;05.06.2022 14:00:00;7393;2712;1926;1173
05.06.2022 14:00:00;05.06.2022 15:00:00;7303;2715;1959;1273
05.06.2022 15:00:00;05.06.2022 16:00:00;7299;2652;1948;1182
05.06.2022 16:00:00;05.06.2022 17:00:00;7459;2592;2004;1221
05.06.2022 17:00:00;05.06.2022 18:00:00;7542;2723;2008;1204
05.06.2022 18:00:00;05.06.2022 19:00:00;7602;2712;2021;1094
05.06.2022 19:00:00;05.06.2022 20:00:00;7600;2705;2005;1186
05.06.2022 20:00:00;05.06.2022 21:00:00;7342;2699;1982;1040
05.06.2022 21:00:00;05.06.2022 22:00:00;7450;2668;1980;1107
05.06.2022 22:00:00;05.06.2022 23:00:00;7433;2643;1962;1003
05.06.2022 23:00:00;06.06.2022 00:00:00;7207;2652;1920;927
06.06.2022 00:00:00;06.06.2022 01:00:00;6932;2608;1896;996
06.06.2022 01:00:00;06.06.2022 02:00:00;6726;2586;1895;991
06.06.2022 02:00:00;06.06.2022 03:00:00;6587;2518;1910;824
06.06.2022 03:00:00;06.06.2022 04:00:00;6720;2578;1876;1003
06.06.2022 04:00:00;06.06.2022 05:00:00;6996;2671;1839;1081
06.06.2022 05:00:00;06.06.2022 06:00:00;7580;2710;1876;1190
06.06.2022 06:00:00;06.06.2022 07:00:00;7958;2589;1862;1096
06.06.2022 07:00:00;06.06.2022 08:00:00;8208;2626;1817;1026
06.06.2022 08:00:00;06.06.2022 09:00:00;8341;2757;1870;1106
06.06.2022 09:00:00;06.06.2022 10:00:00;8331;2690;1938;1084
06.06.2022 10:00:00;06.06.2022 11:00:00;8282;2742;1944;1023
06.06.2022 11:00:00;06.06.2022 12:00:00;8294;2747;1956;939
06.06.2022 12:00:00;06.06.2022 13:00:00;8194;2691;1894;975
06.06.2022 13:00:00;06.06.2022 14:00:00;8163;2660;1843;1088
06.06.2022 14:00:00;06.06.2022 15:00:00;8078;2618;1851;997
06.06.2022 15:00:00;06.06.2022 16:00:00;8033;2640;1956;1049
06.06.2022 16:00:00;06.06.2022 17:00:00;7955;2794;1994;1083
06.06.2022 17:00:00;06.06.2022 18:00:00;7876;2755;1963;1037
06.06.2022 18:00:00;06.06.2022 19:00:00;7925;2761;1991;1168
06.06.2022 19:00:00;06.06.2022 20:00:00;7846;2674;1993;1054
06.06.2022 20:00:00;06.06.2022 21:00:00;7572;2741;1996;1202
06.06.2022 21:00:00;06.06.2022 22:00:00;7633;2790;1981;1348
06.06.2022 22:00:00;06.06.2022 23:00:00;7556;2741;1979;1281
06.06.2022 23:00:00;07.06.2022 00:00:00;7264;2623;2030;929
07.06.2022 00:00:00;07.06.2022 01:00:00;7049;2499;2039;816
07.06.2022 01:00:00;07.06.2022 02:00:00;6924;2481;1869;860
07.06.2022 02:00:00;07.06.2022 03:00:00;6806;2455;1866;933
07.06.2022 03:00:00;07.06.2022 04:00:00;6769;2437;1877;1172
07.06.2022 04:00:00;07.06.2022 05:00:00;7026;2451;1963;1264
07.06.2022 05:00:00;07.06.2022 06:00:00;7687;2513;1990;1133
07.06.2022 06:00:00;07.06.2022 07:00:00;8012;2649;2056;1098
07.06.2022 07:00:00;07.06.2022 08:00:00;8269;2828;2087;967
07.06.2022 08:00:00;07.06.2022 09:00:00;8406;2881;2178;1103
07.06.2022 09:00:00;07.06.2022 10:00:00;8384;2896;2176;1076
07.06.2022 10:00:00;07.06.2022 11:00:00;8439;2898;2198;995
07.06.2022 11:00:00;07.06.2022 12:00:00;8464;2872;2189;1059
07.06.2022 12:00:00;07.06.2022 13:00:00;8371;2819;2133;1117
07.06.2022 13:00:00;07.06.2022 14:00:00;8311;2830;2147;1083
07.06.2022 14:00:00;07.06.2022 15:00:00;8203;2844;2049;974
07.06.2022 15:00:00;07.06.2022 16:00:00;8151;2858;2081;1015
07.06.2022 16:00:00;07.06.2022 17:00:00;8113;2904;2054;1009
07.06.2022 17:00:00;07.06.2022 18:00:00;8059;2846;2104;1071
07.06.2022 18:00:00;07.06.2022 19:00:00;8127;2794;2159;1100
07.06.2022 19:00:00;07.06.2022 20:00:00;8044;2835;2139;1093
07.06.2022 20:00:00;07.06.2022 21:00:00;7673;2881;2077;1226
07.06.2022 21:00:00;07.06.2022 22:00:00;7564;2899;2035;1302
07.06.2022 22:00:00;07.06.2022 23:00:00;7361;2865;2012;992
07.06.2022 23:00:00;08.06.2022 00:00:00;7121;2749;1992;1137
08.06.2022 00:00:00;08.06.2022 01:00:00;6866;2652;1958;924
08.06.2022 01:00:00;08.06.2022 02:00:00;6792;2640;1977;866
08.06.2022 02:00:00;08.06.2022 03:00:00;6661;2611;1941;990
08.06.2022 03:00:00;08.06.2022 04:00:00;6644;2562;1853;972
08.06.2022 04:00:00;08.06.2022 05:00:00;6798;2516;1839;847
08.06.2022 05:00:00;08.06.2022 06:00:00;7427;2519;1935;794
08.06.2022 06:00:00;08.06.2022 07:00:00;7878;2657;1999;1097
08.06.2022 07:00:00;08.06.2022 08:00:00;8100;2846;2084;1124
08.06.2022 08:00:00;08.06.2022 09:00:00;8282;2872;2057;1139
08.06.2022 09:00:00;08.06.2022 10:00:00;8335;2902;1986;1158
08.06.2022 10:00:00;08.06.2022 11:00:00;8403;2938;2092;1146
08.06.2022 11:00:00;08.06.2022 12:00:00;8507;2927;2117;1136
08.06.2022 12:00:00;08.06.2022 13:00:00;8437;2914;2025;1201
08.06.2022 13:00:00;08.06.2022 14:00:00;8322;2921;2162;1191
08.06.2022 14:00:00;08.06.2022 15:00:00;8318;2920;2147;1007
08.06.2022 15:00:00;08.06.2022 16:00:00;8316;2868;2182;1108
08.06.2022 16:00:00;08.06.2022 17:00:00;8294;2821;2152;1156
08.06.2022 17:00:00;08.06.2022 18:00:00;8200;2796;2086;1112
08.06.2022 18:00:00;08.06.2022 19:00:00;8206;2785;2047;1043
08.06.2022 19:00:00;08.06.2022 20:00:00;8149;2804;2053;1111
08.06.2022 20:00:00;08.06.2022 21:00:00;7804;2774;2085;1137
08.06.2022 21:00:00;08.06.2022 22:00:00;7686;2786;2020;1149
08.06.2022 22:00:00;08.06.2022 23:00:00;7559;2749;2004;1049
08.06.2022 23:00:00;09.06.2022 00:00:00;7163;2735;2003;952
09.06.2022 00:00:00;09.06.2022 01:00:00;6833;2716;1933;920
09.06.2022 01:00:00;09.06.2022 02:00:00;6725;2680;1877;945
09.06.2022 02:00:00;09.06.2022 03:00:00;6620;2663;1911;920
09.06.2022 03:00:00;09.06.2022 04:00:00;6593;2634;1916;795
09.06.2022 04:00:00;09.06.2022 05:00:00;6795;2473;1911;717
09.06.2022 05:00:00;09.06.2022 06:00:00;7438;2513;1948;882
09.06.2022 06:00:00;09.06.2022 07:00:00;7869;2671;1982;852
09.06.2022 07:00:00;09.06.2022 08:00:00;8177;2854;2116;962
09.06.2022 08:00:00;09.06.2022 09:00:00;8329;2874;2071;1195
09.06.2022 09:00:00;09.06.2022 10:00:00;8266;2843;2113;1244
09.06.2022 10:00:00;09.06.2022 11:00:00;8406;2801;2087;1230
09.06.2022 11:00:00;09.06.2022 12:00:00;8427;2781;2060;1262
09.06.2022 12:00:00;09.06.2022 13:00:00;8363;2767;2085;1244
09.06.2022 13:00:00;09.06.2022 14:00:00;8295;2753;2033;1246
09.06.2022 14:00:00;09.06.2022 15:00:00;8261;2753;1973;1147
09.06.2022 15:00:00;09.06.2022 16:00:00;8188;2817;2010;1246
09.06.2022 16:00:00;09.06.2022 17:00:00;8175;2815;2083;1199
09.06.2022 17:00:00;09.06.2022 18:00:00;8239;2717;2001;1154
09.06.2022 18:00:00;09.06.2022 19:00:00;8310;2684;1983;1166
09.06.2022 19:00:00;09.06.2022 20:00:00;8194;2728;2010;1055
09.06.2022 20:00:00;09.06.2022 21:00:00;7871;2745;2029;1148
09.06.2022 21:00:00;09.06.2022 22:00:00;7837;2761;1989;1161
09.06.2022 22:00:00;09.06.2022 23:00:00;7650;2750;1958;1170
09.06.2022 23:00:00;10.06.2022 00:00:00;7265;2700;1953;1001
10.06.2022 00:00:00;10.06.2022 01:00:00;6978;2620;1923;565
10.06.2022 01:00:00;10.06.2022 02:00:00;6893;2620;1876;812
10.06.2022 02:00:00;10.06.2022 03:00:00;6766;2545;1897;945
10.06.2022 03:00:00;10.06.2022 04:00:00;6720;2589;1844;1209
10.06.2022 04:00:00;10.06.2022 05:00:00;6939;2576;1872;1045
10.06.2022 05:00:00;10.06.2022 06:00:00;7599;2587;1912;1093
10.06.2022 06:00:00;10.06.2022 07:00:00;8065;2660;1936;1184
10.06.2022 07:00:00;10.06.2022 08:00:00;8402;2799;2038;1191
10.06.2022 08:00:00;10.06.2022 09:00:00;8347;2971;2093;1215
10.06.2022 09:00:00;10.06.2022 10:00:00;8449;2973;2100;1103
10.06.2022 10:00:00;10.06.2022 11:00:00;8548;2904;2073;1124
10.06.2022 11:00:00;10.06.2022 12:00:00;8607;2913;2006;1103
10.06.2022 12:00:00;10.06.2022 13:00:00;8564;2866;2024;1042
10.06.2022 13:00:00;10.06.2022 14:00:00;8438;2844;1955;1004
10.06.2022 14:00:00;10.06.2022 15:00:00;8338;2815;1956;1001
10.06.2022 15:00:00;10.06.2022 16:00:00;8365;2812;1998;979
10.06.2022 16:00:00;10.06.2022 17:00:00;8349;2809;1977;930
10.06.2022 17:00:00;10.06.2022 18:00:00;8238;2757;1993;845
10.06.2022 18:00:00;10.06.2022 19:00:00;8175;2834;1944;959
10.06.2022 19:00:00;10.06.2022 20:00:00;8114;2740;1894;1023
10.06.2022 20:00:00;10.06.2022 21:00:00;7720;2662;1921;1111
10.06.2022 21:00:00;10.06.2022 22:00:00;7720;2577;1904;1141
10.06.2022 22:00:00;10.06.2022 23:00:00;7523;2595;1860;1124
10.06.2022 23:00:00;11.06.2022 00:00:00;7229;2605;1838;1082
11.06.2022 00:00:00;11.06.2022 01:00:00;6980;2619;1822;1052
11.06.2022 01:00:00;11.06.2022 02:00:00;6860;2547;1846;934
11.06.2022 02:00:00;11.06.2022 03:00:00;6696;2434;1854;973
11.06.2022 03:00:00;11.06.2022 04:00:00;6624;2497;1820;901
11.06.2022 04:00:00;11.06.2022 05:00:00;6663;2525;1796;887
11.06.2022 05:00:00;11.06.2022 06:00:00;6935;2487;1833;952
11.06.2022 06:00:00;11.06.2022 07:00:00;7136;2465;1813;937
11.06.2022 07:00:00;11.06.2022 08:00:00;7402;2292;1828;918
11.06.2022 08:00:00;11.06.2022 09:00:00;7625;2482;1864;1020
11.06.2022 09:00:00;11.06.2022 10:00:00;7757;2736;1932;961
11.06.2022 10:00:00;11.06.2022 11:00:00;7887;2813;1969;939
11.06.2022 11:00:00;11.06.2022 12:00:00;7926;2786;1989;1011
11.06.2022 12:00:00;11.06.2022 13:00:00;7928;2747;1924;1116
11.06.2022 13:00:00;11.06.2022 14:00:00;7869;2692;1898;1140
11.06.2022 14:00:00;11.06.2022 15:00:00;7881;2631;1860;1100
11.06.2022 15:00:00;11.06.2022 16:00:00;7907;2741;1909;1052
11.06.2022 16:00:00;11.06.2022 17:00:00;7965;2713;1981;852
11.06.2022 17:00:00;11.06.2022 18:00:00;8014;2695;2011;1095
11.06.2022 18:00:00;11.06.2022 19:00:00;7970;2697;1939;1146
11.06.2022 19:00:00;11.06.2022 20:00:00;7858;2692;1883;1254
11.06.2022 20:00:00;11.06.2022 21:00:00;7557;2640;1817;1121
11.06.2022 21:00:00;11.06.2022 22:00:00;7573;2545;1834;1066
11.06.2022 22:00:00;11.06.2022 23:00:00;7477;2517;1854;1128
11.06.2022 23:00:00;12.06.2022 00:00:00;7132;2493;1844;1098
12.06.2022 00:00:00;12.06.2022 01:00:00;6807;2613;1782;1021
12.06.2022 01:00:00;12.06.2022 02:00:00;6704;2548;1729;932
12.06.2022 02:00:00;12.06.2022 03:00:00;6620;2425;1785;872
12.06.2022 03:00:00;12.06.2022 04:00:00;6628;2373;1784;1017
12.06.2022 04:00:00;12.06.2022 05:00:00;6713;2353;1749;984
12.06.2022 05:00:00;12.06.2022 06:00:00;7220;2325;1716;891
12.06.2022 06:00:00;12.06.2022 07:00:00;7462;2361;1718;1031
12.06.2022 07:00:00;12.06.2022 08:00:00;7544;2350;1741;1117
12.06.2022 08:00:00;12.06.2022 09:00:00;7390;2417;1803;1113
12.06.2022 09:00:00;12.06.2022 10:00:00;7511;2539;1819;1011
12.06.2022 10:00:00;12.06.2022 11:00:00;7668;2519;1906;999
12.06.2022 11:00:00;12.06.2022 12:00:00;7737;2564;1933;1015
12.06.2022 12:00:00;12.06.2022 13:00:00;7717;2451;1921;851
12.06.2022 13:00:00;12.06.2022 14:00:00;7711;2600;1907;927
12.06.2022 14:00:00;12.06.2022 15:00:00;7660;2623;1857;916
12.06.2022 15:00:00;12.06.2022 16:00:00;7681;2600;1870;972
12.06.2022 16:00:00;12.06.2022 17:00:00;7733;2713;1910;876
12.06.2022 17:00:00;12.06.2022 18:00:00;7782;2669;1895;715
12.06.2022 18:00:00;12.06.2022 19:00:00;7837;2700;1879;884
12.06.2022 19:00:00;12.06.2022 20:00:00;7706;2696;1942;895
12.06.2022 20:00:00;12.06.2022 21:00:00;7529;2747;1947;1040
12.06.2022 21:00:00;12.06.2022 22:00:00;7639;2702;1997;1030
12.06.2022 22:00:00;12.06.2022 23:00:00;7545;2607;1930;1106
12.06.2022 23:00:00;13.06.2022 00:00:00;7267;2629;1877;1195
13.06.2022 00:00:00;13.06.2022 01:00:00;7023;2478;1873;902
13.06.2022 01:00:00;13.06.2022 02:00:00;6857;2483;1849;924
13.06.2022 02:00:00;13.06.2022 03:00:00;6748;2440;1852;942
13.06.2022 03:00:00;13.06.2022 04:00:00;6718;2375;1843;972
13.06.2022 04:00:00;13.06.2022 05:00:00;6996;2379;1802;944
13.06.2022 05:00:00;13.06.2022 06:00:00;7660;2497;1830;906
13.06.2022 06:00:00;13.06.2022 07:00:00;8161;2732;1865;1060
13.06.2022 07:00:00;13.06.2022 08:00:00;8444;2950;2005;1067
13.06.2022 08:00:00;13.06.2022 09:00:00;8597;2991;2074;1092
13.06.2022 09:00:00;13.06.2022 10:00:00;8644;2964;2067;1077
13.06.2022 10:00:00;13.06.2022 11:00:00;8705;2985;2092;1024
13.06.2022 11:00:00;13.06.2022 12:00:00;8790;2880;2088;1040
13.06.2022 12:00:00;13.06.2022 13:00:00;8741;2834;2065;1080
13.06.2022 13:00:00;13.06.2022 14:00:00;8640;2876;2022;1106
13.06.2022 14:00:00;13.06.2022 15:00:00;8584;2880;2066;1097
13.06.2022 15:00:00;13.06.2022 16:00:00;8550;2892;2066;1099
13.06.2022 16:00:00;13.06.2022 17:00:00;8418;2981;2092;1054
13.06.2022 17:00:00;13.06.2022 18:00:00;8379;2990;2054;1079
13.06.2022 18:00:00;13.06.2022 19:00:00;8337;2972;2106;1099
13.06.2022 19:00:00;13.06.2022 20:00:00;8189;2873;2031;1043
13.06.2022 20:00:00;13.06.2022 21:00:00;7968;2888;1929;1103
13.06.2022 21:00:00;13.06.2022 22:00:00;7973;2840;2014;1127
13.06.2022 22:00:00;13.06.2022 23:00:00;7801;2802;1983;1141
13.06.2022 23:00:00;14.06.2022 00:00:00;7448;2765;1960;1007
14.06.2022 00:00:00;14.06.2022 01:00:00;7202;2787;1934;1161
14.06.2022 01:00:00;14.06.2022 02:00:00;7009;2638;1904;1104
14.06.2022 02:00:00;14.06.2022 03:00:00;6894;2519;1854;992
14.06.2022 03:00:00;14.06.2022 04:00:00;6930;2590;1874;970
14.06.2022 04:00:00;14.06.2022 05:00:00;7034;2570;1886;1059
14.06.2022 05:00:00;14.06.2022 06:00:00;7690;2657;1899;1175
14.06.2022 06:00:00;14.06.2022 07:00:00;8127;2793;1952;1189
14.06.2022 07:00:00;14.06.2022 08:00:00;8378;2939;2047;1095
14.06.2022 08:00:00;14.06.2022 09:00:00;8478;3002;2075;1020
14.06.2022 09:00:00;14.06.2022 10:00:00;8504;3105;2054;1028
14.06.2022 10:00:00;14.06.2022 11:00:00;8585;3031;2041;1069
14.06.2022 11:00:00;14.06.2022 12:00:00;8582;3003;2168;1042
14.06.2022 12:00:00;14.06.2022 13:00:00;8524;3035;1989;959
14.06.2022 13:00:00;14.06.2022 14:00:00;8461;3028;1994;1039
14.06.2022 14:00:00;14.06.2022 15:00:00;8370;3036;1973;1027
14.06.2022 15:00:00;14.06.2022 16:00:00;8346;2945;1949;967
14.06.2022 16:00:00;14.06.2022 17:00:00;8342;2905;1948;1089
14.06.2022 17:00:00;14.06.2022 18:00:00;8304;2856;1938;964
14.06.2022 18:00:00;14.06.2022 19:00:00;8309;2894;1988;808
14.06.2022 19:00:00;14.06.2022 20:00:00;8194;2647;1962;758
14.06.2022 20:00:00;14.06.2022 21:00:00;7942;2631;1961;787
14.06.2022 21:00:00;14.06.2022 22:00:00;7937;2939;2028;916
14.06.2022 22:00:00;14.06.2022 23:00:00;7759;2899;2003;991
14.06.2022 23:00:00;15.06.2022 00:00:00;7472;2851;1970;891
15.06.2022 00:00:00;15.06.2022 01:00:00;7239;2707;1911;842
15.06.2022 01:00:00;15.06.2022 02:00:00;7064;2626;1860;844
15.06.2022 02:00:00;15.06.2022 03:00:00;6903;2486;1811;822
15.06.2022 03:00:00;15.06.2022 04:00:00;6898;2482;1811;801
15.06.2022 04:00:00;15.06.2022 05:00:00;7124;2437;1831;855
15.06.2022 05:00:00;15.06.2022 06:00:00;7802;2442;1906;1093
15.06.2022 06:00:00;15.06.2022 07:00:00;8317;2691;1983;1076
15.06.2022 07:00:00;15.06.2022 08:00:00;8573;2991;2086;1143
15.06.2022 08:00:00;15.06.2022 09:00:00;8653;2979;2199;1013
15.06.2022 09:00:00;15.06.2022 10:00:00;8639;2946;2164;984
15.06.2022 10:00:00;15.06.2022 11:00:00;8783;2990;2097;868
15.06.2022 11:00:00;15.06.2022 12:00:00;8819;2918;2070;948
15.06.2022 12:00:00;15.06.2022 13:00:00;8773;2926;2030;1103
15.06.2022 13:00:00;15.06.2022 14:00:00;8730;2913;2051;1136
15.06.2022 14:00:00;15.06.2022 15:00:00;8658;2899;2046;1136
15.06.2022 15:00:00;15.06.2022 16:00:00;8643;2952;2061;1079
15.06.2022 16:00:00;15.06.2022 17:00:00;8654;2894;2058;1121
15.06.2022 17:00:00;15.06.2022 18:00:00;8569;2873;2057;1281
15.06.2022 18:00:00;15.06.2022 19:00:00;8518;2797;2022;1245
15.06.2022 19:00:00;15.06.2022 20:00:00;8511;2849;2048;1276
15.06.2022 20:00:00;15.06.2022 21:00:00;8138;2904;2040;1249
15.06.2022 21:00:00;15.06.2022 22:00:00;8168;2906;2019;1186
15.06.2022 22:00:00;15.06.2022 23:00:00;7998;2828;1989;968
15.06.2022 23:00:00;16.06.2022 00:00:00;7647;2749;1913;895
16.06.2022 00:00:00;16.06.2022 01:00:00;7308;2659;1961;1006
16.06.2022 01:00:00;16.06.2022 02:00:00;7120;2616;1931;814
16.06.2022 02:00:00;16.06.2022 03:00:00;7001;2579;1917;785
16.06.2022 03:00:00;16.06.2022 04:00:00;6950;2565;1908;844
16.06.2022 04:00:00;16.06.2022 05:00:00;7175;2566;1894;949
16.06.2022 05:00:00;16.06.2022 06:00:00;7972;2579;1915;1215
16.06.2022 06:00:00;16.06.2022 07:00:00;8341;2713;1953;1239
16.06.2022 07:00:00;16.06.2022 08:00:00;8682;2896;2069;1163
16.06.2022 08:00:00;16.06.2022 09:00:00;8783;2940;2066;1025
16.06.2022 09:00:00;16.06.2022 10:00:00;8905;2993;2020;982
16.06.2022 10:00:00;16.06.2022 11:00:00;8868;3018;2027;1060
16.06.2022 11:00:00;16.06.2022 12:00:00;8961;2970;1999;1121
16.06.2022 12:00:00;16.06.2022 13:00:00;8927;2921;2006;1180
16.06.2022 13:00:00;16.06.2022 14:00:00;8894;2898;2009;1090
16.06.2022 14:00:00;16.06.2022 15:00:00;8858;2942;2051;1192
16.06.2022 15:00:00;16.06.2022 16:00:00;8813;2927;2051;1310
16.06.2022 16:00:00;16.06.2022 17:00:00;8742;2893;2067;1325
16.06.2022 17:00:00;16.06.2022 18:00:00;8600;2835;2057;1447
16.06.2022 18:00:00;16.06.2022 19:00:00;8617;2813;1997;1459
16.06.2022 19:00:00;16.06.2022 20:00:00;8535;2878;2003;1546
16.06.2022 20:00:00;16.06.2022 21:00:00;8264;2845;2034;1348
16.06.2022 21:00:00;16.06.2022 22:00:00;8258;2796;2054;1391
16.06.2022 22:00:00;16.06.2022 23:00:00;8068;2805;2017;1290
16.06.2022 23:00:00;17.06.2022 00:00:00;7718;2768;1988;1152
17.06.2022 00:00:00;17.06.2022 01:00:00;7409;2661;1950;1002
17.06.2022 01:00:00;17.06.2022 02:00:00;7241;2542;1911;1061
17.06.2022 02:00:00;17.06.2022 03:00:00;7094;2519;1893;995
17.06.2022 03:00:00;17.06.2022 04:00:00;7096;2533;1894;1046
17.06.2022 04:00:00;17.06.2022 05:00:00;7340;2521;1903;1030
17.06.2022 05:00:00;17.06.2022 06:00:00;7974;2537;1918;933
17.06.2022 06:00:00;17.06.2022 07:00:00;8439;2686;1995;1115
17.06.2022 07:00:00;17.06.2022 08:00:00;8640;2868;2114;1105
17.06.2022 08:00:00;17.06.2022 09:00:00;8642;2903;2158;1146
17.06.2022 09:00:00;17.06.2022 10:00:00;8779;2940;2172;1138
17.06.2022 10:00:00;17.06.2022 11:00:00;8833;2913;2157;1141
17.06.2022 11:00:00;17.06.2022 12:00:00;8918;2920;2141;1155
17.06.2022 12:00:00;17.06.2022 13:00:00;8840;2901;2101;1151
17.06.2022 13:00:00;17.06.2022 14:00:00;8689;2885;2094;1153
17.06.2022 14:00:00;17.06.2022 15:00:00;8636;2842;2088;1086
17.06.2022 15:00:00;17.06.2022 16:00:00;8594;2771;2091;1095
17.06.2022 16:00:00;17.06.2022 17:00:00;8534;2714;2079;1049
17.06.2022 17:00:00;17.06.2022 18:00:00;8411;2596;2034;1014
17.06.2022 18:00:00;17.06.2022 19:00:00;8371;2624;2038;1043
17.06.2022 19:00:00;17.06.2022 20:00:00;8287;2628;2007;1036
17.06.2022 20:00:00;17.06.2022 21:00:00;8018;2506;1939;1106
17.06.2022 21:00:00;17.06.2022 22:00:00;8025;2635;1921;1059
17.06.2022 22:00:00;17.06.2022 23:00:00;7849;2713;1878;1088
17.06.2022 23:00:00;18.06.2022 00:00:00;7525;2670;1863;990
18.06.2022 00:00:00;18.06.2022 01:00:00;7240;2562;1821;984
18.06.2022 01:00:00;18.06.2022 02:00:00;7078;2403;1751;1028
18.06.2022 02:00:00;18.06.2022 03:00:00;6891;2356;1704;1053
18.06.2022 03:00:00;18.06.2022 04:00:00;6864;2466;1680;977
18.06.2022 04:00:00;18.06.2022 05:00:00;6858;2555;1749;946
18.06.2022 05:00:00;18.06.2022 06:00:00;7131;2603;1782;988
18.06.2022 06:00:00;18.06.2022 07:00:00;7361;2563;1756;936
18.06.2022 07:00:00;18.06.2022 08:00:00;7666;2685;1750;1049
18.06.2022 08:00:00;18.06.2022 09:00:00;7796;2782;1875;1102
18.06.2022 09:00:00;18.06.2022 10:00:00;7972;2858;1898;1031
18.06.2022 10:00:00;18.06.2022 11:00:00;8235;2863;1913;1036
18.06.2022 11:00:00;18.06.2022 12:00:00;8293;2805;1901;1128
18.06.2022 12:00:00;18.06.2022 13:00:00;8260;2835;1901;1151
18.06.2022 13:00:00;18.06.2022 14:00:00;8261;2743;2017;1246
18.06.2022 14:00:00;18.06.2022 15:00:00;8257;2709;1971;1215
18.06.2022 15:00:00;18.06.2022 16:00:00;8340;2644;1895;1140
18.06.2022 16:00:00;18.06.2022 17:00:00;8497;2663;1903;1130
18.06.2022 17:00:00;18.06.2022 18:00:00;8556;2651;1928;1075
18.06.2022 18:00:00;18.06.2022 19:00:00;8570;2602;1939;1059
18.06.2022 19:00:00;18.06.2022 20:00:00;8570;2620;1820;1066
18.06.2022 20:00:00;18.06.2022 21:00:00;8570;2521;1951;1072
18.06.2022 21:00:00;18.06.2022 22:00:00;8570;2564;1877;1111
18.06.2022 22:00:00;18.06.2022 23:00:00;8570;2602;1896;1107
18.06.2022 23:00:00;19.06.2022 00:00:00;8570;2560;1889;1077
19.06.2022 00:00:00;19.06.2022 01:00:00;8570;2488;1658;914
19.06.2022 01:00:00;19.06.2022 02:00:00;8570;2511;1738;933
19.06.2022 02:00:00;19.06.2022 03:00:00;8570;2453;1727;962
19.06.2022 03:00:00;19.06.2022 04:00:00;8570;2408;1710;1058
19.06.2022 04:00:00;19.06.2022 05:00:00;8570;2506;1708;1080
19.06.2022 05:00:00;19.06.2022 06:00:00;8570;2513;1723;1045
19.06.2022 06:00:00;19.06.2022 07:00:00;8570;2516;1708;986
19.06.2022 07:00:00;19.06.2022 08:00:00;8570;2583;1812;1044
19.06.2022 08:00:00;19.06.2022 09:00:00;8570;2581;1812;1044
19.06.2022 09:00:00;19.06.2022 10:00:00;8570;2647;1901;1015
19.06.2022 10:00:00;19.06.2022 11:00:00;8570;2694;1960;1031
19.06.2022 11:00:00;19.06.2022 12:00:00;8570;2732;1993;1066
19.06.2022 12:00:00;19.06.2022 13:00:00;8570;2717;2028;1097
19.06.2022 13:00:00;19.06.2022 14:00:00;8570;2672;1963;1142
19.06.2022 14:00:00;19.06.2022 15:00:00;8570;2632;1971;1230
19.06.2022 15:00:00;19.06.2022 16:00:00;8570;2631;1995;1092
19.06.2022 16:00:00;19.06.2022 17:00:00;8570;2603;1987;1203
19.06.2022 17:00:00;19.06.2022 18:00:00;8570;2629;1963;1044
19.06.2022 18:00:00;19.06.2022 19:00:00;8361;2678;1988;839
19.06.2022 19:00:00;19.06.2022 20:00:00;8201;2663;2044;1129
19.06.2022 20:00:00;19.06.2022 21:00:00;7959;2692;2058;1124
19.06.2022 21:00:00;19.06.2022 22:00:00;8089;2742;2032;999
19.06.2022 22:00:00;19.06.2022 23:00:00;8011;2746;1981;904
19.06.2022 23:00:00;20.06.2022 00:00:00;7753;2698;1966;916
20.06.2022 00:00:00;20.06.2022 01:00:00;7460;2632;1908;939
20.06.2022 01:00:00;20.06.2022 02:00:00;7291;2601;1866;897
20.06.2022 02:00:00;20.06.2022 03:00:00;7170;2576;1832;941
20.06.2022 03:00:00;20.06.2022 04:00:00;7220;2557;1808;908
20.06.2022 04:00:00;20.06.2022 05:00:00;7370;2558;1816;1466
20.06.2022 05:00:00;20.06.2022 06:00:00;7995;2608;1844;1356
20.06.2022 06:00:00;20.06.2022 07:00:00;8378;2702;1682;1137
20.06.2022 07:00:00;20.06.2022 08:00:00;8651;2915;1742;1087
20.06.2022 08:00:00;20.06.2022 09:00:00;8748;2983;2136;1105
20.06.2022 09:00:00;20.06.2022 10:00:00;8828;2967;2176;1092
20.06.2022 10:00:00;20.06.2022 11:00:00;8921;2941;2161;1012
20.06.2022 11:00:00;20.06.2022 12:00:00;9008;2894;2149;1020
20.06.2022 12:00:00;20.06.2022 13:00:00;8977;2914;2066;1117
20.06.2022 13:00:00;20.06.2022 14:00:00;8834;2875;2086;1081
20.06.2022 14:00:00;20.06.2022 15:00:00;8655;2783;2126;995
20.06.2022 15:00:00;20.06.2022 16:00:00;8583;2764;2034;1095
20.06.2022 16:00:00;20.06.2022 17:00:00;8468;2766;2067;1087
20.06.2022 17:00:00;20.06.2022 18:00:00;8419;2666;2000;1104
20.06.2022 18:00:00;20.06.2022 19:00:00;8382;2653;2052;1059
20.06.2022 19:00:00;20.06.2022 20:00:00;8347;2730;2030;1053
20.06.2022 20:00:00;20.06.2022 21:00:00;8036;2703;2033;1027
20.06.2022 21:00:00;20.06.2022 22:00:00;8043;2671;1982;995
20.06.2022 22:00:00;20.06.2022 23:00:00;7886;2661;1876;900
20.06.2022 23:00:00;21.06.2022 00:00:00;7599;2592;1744;959
21.06.2022 00:00:00;21.06.2022 01:00:00;7284;2495;1777;1160
21.06.2022 01:00:00;21.06.2022 02:00:00;7167;2471;1771;1195
21.06.2022 02:00:00;21.06.2022 03:00:00;7012;2374;1722;1239
21.06.2022 03:00:00;21.06.2022 04:00:00;6997;2458;1753;1209
21.06.2022 04:00:00;21.06.2022 05:00:00;7180;2542;1839;1051
21.06.2022 05:00:00;21.06.2022 06:00:00;7671;2417;1812;1055
21.06.2022 06:00:00;21.06.2022 07:00:00;8047;2466;1890;1029
21.06.2022 07:00:00;21.06.2022 08:00:00;8311;2816;1928;1163
21.06.2022 08:00:00;21.06.2022 09:00:00;8403;2821;1977;1009
21.06.2022 09:00:00;21.06.2022 10:00:00;8466;2702;2050;1045
21.06.2022 10:00:00;21.06.2022 11:00:00;8559;2958;2109;1120
21.06.2022 11:00:00;21.06.2022 12:00:00;8633;3021;2112;1168
21.06.2022 12:00:00;21.06.2022 13:00:00;8585;2810;2168;1120
21.06.2022 13:00:00;21.06.2022 14:00:00;8506;2853;2158;1051
21.06.2022 14:00:00;21.06.2022 15:00:00;8438;2941;2207;1028
21.06.2022 15:00:00;21.06.2022 16:00:00;8399;2905;2203;1042
21.06.2022 16:00:00;21.06.2022 17:00:00;8349;2759;2158;1086
21.06.2022 17:00:00;21.06.2022 18:00:00;8265;2667;2152;951
21.06.2022 18:00:00;21.06.2022 19:00:00;8296;2809;2120;1020
21.06.2022 19:00:00;21.06.2022 20:00:00;8265;2780;2115;1053
21.06.2022 20:00:00;21.06.2022 21:00:00;7962;2805;2170;1263
21.06.2022 21:00:00;21.06.2022 22:00:00;7980;2824;2212;1141
21.06.2022 22:00:00;21.06.2022 23:00:00;7824;2783;2187;1081
21.06.2022 23:00:00;22.06.2022 00:00:00;7417;2738;2132;1005
22.06.2022 00:00:00;22.06.2022 01:00:00;7052;2668;2080;968
22.06.2022 01:00:00;22.06.2022 02:00:00;6842;2624;2015;1037
22.06.2022 02:00:00;22.06.2022 03:00:00;6715;2588;1989;960
22.06.2022 03:00:00;22.06.2022 04:00:00;6686;2535;2009;806
22.06.2022 04:00:00;22.06.2022 05:00:00;6904;2486;2022;915
22.06.2022 05:00:00;22.06.2022 06:00:00;7466;2488;2035;1157
22.06.2022 06:00:00;22.06.2022 07:00:00;7914;2598;2061;1200
22.06.2022 07:00:00;22.06.2022 08:00:00;8163;2838;2118;1189
22.06.2022 08:00:00;22.06.2022 09:00:00;8282;2731;2172;1134
22.06.2022 09:00:00;22.06.2022 10:00:00;8439;2668;2175;1104
22.06.2022 10:00:00;22.06.2022 11:00:00;8567;2827;2140;1104
22.06.2022 11:00:00;22.06.2022 12:00:00;8643;2823;2123;1087
22.06.2022 12:00:00;22.06.2022 13:00:00;8507;2775;2096;1076
22.06.2022 13:00:00;22.06.2022 14:00:00;8385;2771;2115;1101
22.06.2022 14:00:00;22.06.2022 15:00:00;8255;2851;2122;1072
22.06.2022 15:00:00;22.06.2022 16:00:00;8258;2835;2116;949
22.06.2022 16:00:00;22.06.2022 17:00:00;8305;2724;2041;929
22.06.2022 17:00:00;22.06.2022 18:00:00;8300;2664;2030;1141
22.06.2022 18:00:00;22.06.2022 19:00:00;8316;2802;2060;1255
22.06.2022 19:00:00;22.06.2022 20:00:00;8228;2832;1997;1342
22.06.2022 20:00:00;22.06.2022 21:00:00;7993;2854;1991;1259
22.06.2022 21:00:00;22.06.2022 22:00:00;7937;2686;1979;1037
22.06.2022 22:00:00;22.06.2022 23:00:00;7751;2584;2008;1059
22.06.2022 23:00:00;23.06.2022 00:00:00;7432;2703;1934;941
23.06.2022 00:00:00;23.06.2022 01:00:00;7162;2752;1834;844
23.06.2022 01:00:00;23.06.2022 02:00:00;7010;2649;1744;909
23.06.2022 02:00:00;23.06.2022 03:00:00;6861;2659;1734;982
23.06.2022 03:00:00;23.06.2022 04:00:00;6881;2596;1788;949
23.06.2022 04:00:00;23.06.2022 05:00:00;7102;2518;1777;914
23.06.2022 05:00:00;23.06.2022 06:00:00;7661;2471;1734;1083
23.06.2022 06:00:00;23.06.2022 07:00:00;8159;2536;1906;1219
23.06.2022 07:00:00;23.06.2022 08:00:00;8385;2705;2075;1091
23.06.2022 08:00:00;23.06.2022 09:00:00;8566;2771;2169;923
23.06.2022 09:00:00;23.06.2022 10:00:00;8639;2780;2139;1039
23.06.2022 10:00:00;23.06.2022 11:00:00;8738;2846;2043;905
23.06.2022 11:00:00;23.06.2022 12:00:00;8756;2958;2031;1083
23.06.2022 12:00:00;23.06.2022 13:00:00;8675;2857;2122;1101
23.06.2022 13:00:00;23.06.2022 14:00:00;8516;2838;2105;1027
23.06.2022 14:00:00;23.06.2022 15:00:00;8360;3045;2035;943
23.06.2022 15:00:00;23.06.2022 16:00:00;8277;2923;2088;1088
23.06.2022 16:00:00;23.06.2022 17:00:00;8237;2730;2033;1032
23.06.2022 17:00:00;23.06.2022 18:00:00;8143;2482;1967;1029
23.06.2022 18:00:00;23.06.2022 19:00:00;8067;2322;1999;1019
23.06.2022 19:00:00;23.06.2022 20:00:00;7963;2406;1919;1013
23.06.2022 20:00:00;23.06.2022 21:00:00;7659;2530;1918;1195
23.06.2022 21:00:00;23.06.2022 22:00:00;7679;2526;1874;1204
23.06.2022 22:00:00;23.06.2022 23:00:00;7514;2525;1906;994
23.06.2022 23:00:00;24.06.2022 00:00:00;7181;2625;1823;956
24.06.2022 00:00:00;24.06.2022 01:00:00;6857;2703;1899;1005
24.06.2022 01:00:00;24.06.2022 02:00:00;6686;2564;1907;902
24.06.2022 02:00:00;24.06.2022 03:00:00;6483;2443;1940;870
24.06.2022 03:00:00;24.06.2022 04:00:00;6485;2383;1973;1005
24.06.2022 04:00:00;24.06.2022 05:00:00;6591;2393;1936;1154
24.06.2022 05:00:00;24.06.2022 06:00:00;6837;2405;1950;1036
24.06.2022 06:00:00;24.06.2022 07:00:00;6965;2537;1929;972
24.06.2022 07:00:00;24.06.2022 08:00:00;7211;2699;2045;1100
24.06.2022 08:00:00;24.06.2022 09:00:00;7385;2792;2065;1043
24.06.2022 09:00:00;24.06.2022 10:00:00;7508;2743;2105;1139
24.06.2022 10:00:00;24.06.2022 11:00:00;7596;2780;2116;1162
24.06.2022 11:00:00;24.06.2022 12:00:00;7625;2796;2129;1099
24.06.2022 12:00:00;24.06.2022 13:00:00;7616;2810;2124;1065
24.06.2022 13:00:00;24.06.2022 14:00:00;7562;2729;2057;1073
24.06.2022 14:00:00;24.06.2022 15:00:00;7516;2773;2113;988
24.06.2022 15:00:00;24.06.2022 16:00:00;7617;2730;2085;1066
24.06.2022 16:00:00;24.06.2022 17:00:00;7684;2697;2032;1066
24.06.2022 17:00:00;24.06.2022 18:00:00;7611;2664;2029;1017
24.06.2022 18:00:00;24.06.2022 19:00:00;7549;2634;2061;844
24.06.2022 19:00:00;24.06.2022 20:00:00;7444;2623;2046;1013
24.06.2022 20:00:00;24.06.2022 21:00:00;7228;2646;2088;1116
24.06.2022 21:00:00;24.06.2022 22:00:00;7309;2387;2047;1147
24.06.2022 22:00:00;24.06.2022 23:00:00;7181;2340;2015;1021
24.06.2022 23:00:00;25.06.2022 00:00:00;6959;2329;1980;907
25.06.2022 00:00:00;25.06.2022 01:00:00;6652;2436;1942;1034
25.06.2022 01:00:00;25.06.2022 02:00:00;6455;2378;1915;1059
25.06.2022 02:00:00;25.06.2022 03:00:00;6290;2335;1888;955
25.06.2022 03:00:00;25.06.2022 04:00:00;6229;2256;1861;1050
25.06.2022 04:00:00;25.06.2022 05:00:00;6282;2221;1852;918
25.06.2022 05:00:00;25.06.2022 06:00:00;6478;2372;1834;898
25.06.2022 06:00:00;25.06.2022 07:00:00;6657;2403;1817;954
25.06.2022 07:00:00;25.06.2022 08:00:00;6839;2337;1817;941
25.06.2022 08:00:00;25.06.2022 09:00:00;7002;2408;1807;984
25.06.2022 09:00:00;25.06.2022 10:00:00;7203;2394;1859;1036
25.06.2022 10:00:00;25.06.2022 11:00:00;7340;2468;1888;1037
25.06.2022 11:00:00;25.06.2022 12:00:00;7397;2661;1880;1008
25.06.2022 12:00:00;25.06.2022 13:00:00;7398;2629;1874;935
25.06.2022 13:00:00;25.06.2022 14:00:00;7432;2472;1916;934
25.06.2022 14:00:00;25.06.2022 15:00:00;7449;2457;1924;923
25.06.2022 15:00:00;25.06.2022 16:00:00;7502;2521;1878;1059
25.06.2022 16:00:00;25.06.2022 17:00:00;7506;2469;1858;1050
25.06.2022 17:00:00;25.06.2022 18:00:00;7445;2455;1886;984
25.06.2022 18:00:00;25.06.2022 19:00:00;7418;2376;1890;983
25.06.2022 19:00:00;25.06.2022 20:00:00;7364;2363;1890;989
25.06.2022 20:00:00;25.06.2022 21:00:00;7192;2361;1910;973
25.06.2022 21:00:00;25.06.2022 22:00:00;7318;2344;1897;928
25.06.2022 22:00:00;25.06.2022 23:00:00;7156;2331;1875;1057
25.06.2022 23:00:00;26.06.2022 00:00:00;6961;2286;1821;960
26.06.2022 00:00:00;26.06.2022 01:00:00;6730;2380;1790;846
26.06.2022 01:00:00;26.06.2022 02:00:00;6467;2346;1763;925
26.06.2022 02:00:00;26.06.2022 03:00:00;6269;2298;1739;864
26.06.2022 03:00:00;26.06.2022 04:00:00;6203;2273;1720;920
26.06.2022 04:00:00;26.06.2022 05:00:00;6254;2211;1693;1004
26.06.2022 05:00:00;26.06.2022 06:00:00;6314;2240;1687;1098
26.06.2022 06:00:00;26.06.2022 07:00:00;6525;2241;1680;1032
26.06.2022 07:00:00;26.06.2022 08:00:00;6768;2350;1691;1085
26.06.2022 08:00:00;26.06.2022 09:00:00;7073;2409;1685;1002
26.06.2022 09:00:00;26.06.2022 10:00:00;7323;2431;1723;1047
26.06.2022 10:00:00;26.06.2022 11:00:00;7476;2399;1775;1122
26.06.2022 11:00:00;26.06.2022 12:00:00;7586;2421;1808;1025
26.06.2022 12:00:00;26.06.2022 13:00:00;7515;2528;1820;1035
26.06.2022 13:00:00;26.06.2022 14:00:00;7594;2527;1800;1080
26.06.2022 14:00:00;26.06.2022 15:00:00;7581;2365;1797;940
26.06.2022 15:00:00;26.06.2022 16:00:00;7553;2344;1800;962
26.06.2022 16:00:00;26.06.2022 17:00:00;7693;2528;1794;975
26.06.2022 17:00:00;26.06.2022 18:00:00;7677;2087;1801;1163
26.06.2022 18:00:00;26.06.2022 19:00:00;7720;2280;1840;1021
26.06.2022 19:00:00;26.06.2022 20:00:00;7639;2547;1885;1040
26.06.2022 20:00:00;26.06.2022 21:00:00;7412;2444;1855;1075
26.06.2022 21:00:00;26.06.2022 22:00:00;7581;2498;1905;1074
26.06.2022 22:00:00;26.06.2022 23:00:00;7444;2389;1854;1086
26.06.2022 23:00:00;27.06.2022 00:00:00;7210;2473;1815;1071
27.06.2022 00:00:00;27.06.2022 01:00:00;6977;2554;1834;1113
27.06.2022 01:00:00;27.06.2022 02:00:00;6772;2599;1750;1104
27.06.2022 02:00:00;27.06.2022 03:00:00;6660;2654;1784;1095
27.06.2022 03:00:00;27.06.2022 04:00:00;6630;2541;1744;862
27.06.2022 04:00:00;27.06.2022 05:00:00;6830;2407;1801;947
27.06.2022 05:00:00;27.06.2022 06:00:00;7478;2370;1831;978
27.06.2022 06:00:00;27.06.2022 07:00:00;7954;2472;1861;1002
27.06.2022 07:00:00;27.06.2022 08:00:00;8252;2627;1943;1111
27.06.2022 08:00:00;27.06.2022 09:00:00;8534;2681;1981;1158
27.06.2022 09:00:00;27.06.2022 10:00:00;8661;2838;1993;1174
27.06.2022 10:00:00;27.06.2022 11:00:00;8731;2870;2023;1228
27.06.2022 11:00:00;27.06.2022 12:00:00;8850;2747;2066;1160
27.06.2022 12:00:00;27.06.2022 13:00:00;8878;2747;2075;1119
27.06.2022 13:00:00;27.06.2022 14:00:00;8836;2747;2056;1134
27.06.2022 14:00:00;27.06.2022 15:00:00;8719;2728;2006;1132
27.06.2022 15:00:00;27.06.2022 16:00:00;8681;2705;2014;990
27.06.2022 16:00:00;27.06.2022 17:00:00;8631;2637;1860;1027
27.06.2022 17:00:00;27.06.2022 18:00:00;8527;2604;1924;1083
27.06.2022 18:00:00;27.06.2022 19:00:00;8475;2595;1891;1131
27.06.2022 19:00:00;27.06.2022 20:00:00;8408;2604;1896;1123
27.06.2022 20:00:00;27.06.2022 21:00:00;8128;2654;1878;1082
27.06.2022 21:00:00;27.06.2022 22:00:00;8105;2643;1811;1211
27.06.2022 22:00:00;27.06.2022 23:00:00;7870;2657;1795;1169
27.06.2022 23:00:00;28.06.2022 00:00:00;7510;2507;1806;1067
28.06.2022 00:00:00;28.06.2022 01:00:00;7158;2487;1834;970
28.06.2022 01:00:00;28.06.2022 02:00:00;6961;2363;1725;922
28.06.2022 02:00:00;28.06.2022 03:00:00;6783;2220;1667;905
28.06.2022 03:00:00;28.06.2022 04:00:00;6693;2339;1657;932
28.06.2022 04:00:00;28.06.2022 05:00:00;6893;2302;1590;1072
28.06.2022 05:00:00;28.06.2022 06:00:00;7521;2336;1589;1093
28.06.2022 06:00:00;28.06.2022 07:00:00;8008;2625;1580;1267
28.06.2022 07:00:00;28.06.2022 08:00:00;8364;2781;1636;1169
28.06.2022 08:00:00;28.06.2022 09:00:00;8620;2790;1809;1041
28.06.2022 09:00:00;28.06.2022 10:00:00;8763;2749;1819;1118
28.06.2022 10:00:00;28.06.2022 11:00:00;8850;2861;1868;1059
28.06.2022 11:00:00;28.06.2022 12:00:00;9013;2836;1830;1062
28.06.2022 12:00:00;28.06.2022 13:00:00;8914;2800;1777;1119
28.06.2022 13:00:00;28.06.2022 14:00:00;8816;2773;1843;1096
28.06.2022 14:00:00;28.06.2022 15:00:00;8708;2810;1851;1160
28.06.2022 15:00:00;28.06.2022 16:00:00;8758;2778;1862;1178
28.06.2022 16:00:00;28.06.2022 17:00:00;8743;2728;1886;1090
28.06.2022 17:00:00;28.06.2022 18:00:00;8552;2786;1919;1176
28.06.2022 18:00:00;28.06.2022 19:00:00;8492;2910;1892;1244
28.06.2022 19:00:00;28.06.2022 20:00:00;8386;2897;1765;1305
28.06.2022 20:00:00;28.06.2022 21:00:00;8122;2694;1857;1249
28.06.2022 21:00:00;28.06.2022 22:00:00;8086;2614;1936;1217
28.06.2022 22:00:00;28.06.2022 23:00:00;7895;2548;1884;1139
28.06.2022 23:00:00;29.06.2022 00:00:00;7535;2483;1839;924
29.06.2022 00:00:00;29.06.2022 01:00:00;7156;2486;1742;963
29.06.2022 01:00:00;29.06.2022 02:00:00;6955;2380;1727;1067
29.06.2022 02:00:00;29.06.2022 03:00:00;6819;2306;1643;1068
29.06.2022 03:00:00;29.06.2022 04:00:00;6755;2298;1592;991
29.06.2022 04:00:00;29.06.2022 05:00:00;6964;2290;1581;1111
29.06.2022 05:00:00;29.06.2022 06:00:00;7625;2340;1580;1161
29.06.2022 06:00:00;29.06.2022 07:00:00;8033;2438;1707;1134
29.06.2022 07:00:00;29.06.2022 08:00:00;8309;2601;1754;1223
29.06.2022 08:00:00;29.06.2022 09:00:00;8524;2684;1768;1257
29.06.2022 09:00:00;29.06.2022 10:00:00;8629;2669;1839;1265
29.06.2022 10:00:00;29.06.2022 11:00:00;8773;2722;1858;1200
29.06.2022 11:00:00;29.06.2022 12:00:00;8812;2699;1897;1180
29.06.2022 12:00:00;29.06.2022 13:00:00;8860;2715;1952;1146
29.06.2022 13:00:00;29.06.2022 14:00:00;8784;2727;1918;999
29.06.2022 14:00:00;29.06.2022 15:00:00;8760;2675;1937;1197
29.06.2022 15:00:00;29.06.2022 16:00:00;8725;2738;1957;1231
29.06.2022 16:00:00;29.06.2022 17:00:00;8681;2700;1928;1451
29.06.2022 17:00:00;29.06.2022 18:00:00;8557;2719;2002;1229
29.06.2022 18:00:00;29.06.2022 19:00:00;8485;2592;2131;1208
29.06.2022 19:00:00;29.06.2022 20:00:00;8337;2584;1976;1185
29.06.2022 20:00:00;29.06.2022 21:00:00;8060;2667;1963;1181
29.06.2022 21:00:00;29.06.2022 22:00:00;8057;2653;1955;1198
29.06.2022 22:00:00;29.06.2022 23:00:00;7851;2616;1914;1129
29.06.2022 23:00:00;30.06.2022 00:00:00;7432;2560;1835;1201
30.06.2022 00:00:00;30.06.2022 01:00:00;7100;2513;1826;1069
30.06.2022 01:00:00;30.06.2022 02:00:00;6972;2505;1788;1082
30.06.2022 02:00:00;30.06.2022 03:00:00;6761;2485;1723;1054
30.06.2022 03:00:00;30.06.2022 04:00:00;6730;2380;1740;1045
30.06.2022 04:00:00;30.06.2022 05:00:00;6916;2378;1742;1046
30.06.2022 05:00:00;30.06.2022 06:00:00;7554;2376;1754;1081
30.06.2022 06:00:00;30.06.2022 07:00:00;8071;2446;1824;1151
30.06.2022 07:00:00;30.06.2022 08:00:00;8311;2551;1891;1133
30.06.2022 08:00:00;30.06.2022 09:00:00;8525;2625;1914;1132
30.06.2022 09:00:00;30.06.2022 10:00:00;8687;2702;1962;1185
30.06.2022 10:00:00;30.06.2022 11:00:00;8810;2664;1969;1194
30.06.2022 11:00:00;30.06.2022 12:00:00;8872;2670;1961;1151
30.06.2022 12:00:00;30.06.2022 13:00:00;8762;2714;1862;1178
30.06.2022 13:00:00;30.06.2022 14:00:00;8678;2708;1868;972
30.06.2022 14:00:00;30.06.2022 15:00:00;8630;2691;1899;1175
30.06.2022 15:00:00;30.06.2022 16:00:00;8544;2637;1928;1468
30.06.2022 16:00:00;30.06.2022 17:00:00;8531;2641;1896;1237
30.06.2022 17:00:00;30.06.2022 18:00:00;8422;2629;1929;1088
30.06.2022 18:00:00;30.06.2022 19:00:00;8377;2594;1863;1162
30.06.2022 19:00:00;30.06.2022 20:00:00;8274;2549;1892;1345
30.06.2022 20:00:00;30.06.2022 21:00:00;8029;2525;1915;1343
30.06.2022 21:00:00;30.06.2022 22:00:00;8038;2560;1934;1044
30.06.2022 22:00:00;30.06.2022 23:00:00;7781;2592;1871;1254
30.06.2022 23:00:00;01.07.2022 00:00:00;7394;2555;1809;1172
01.07.2022 00:00:00;01.07.2022 01:00:00;7123;2435;1739;1119
01.07.2022 01:00:00;01.07.2022 02:00:00;6964;2348;1718;1090
01.07.2022 02:00:00;01.07.2022 03:00:00;6812;2227;1717;995
01.07.2022 03:00:00;01.07.2022 04:00:00;6836;2318;1712;878
01.07.2022 04:00:00;01.07.2022 05:00:00;7049;2368;1725;894
01.07.2022 05:00:00;01.07.2022 06:00:00;7649;2351;1726;969
01.07.2022 06:00:00;01.07.2022 07:00:00;8054;2411;1746;1061
01.07.2022 07:00:00;01.07.2022 08:00:00;8315;2558;1756;1141
01.07.2022 08:00:00;01.07.2022 09:00:00;8485;2639;1787;1181
01.07.2022 09:00:00;01.07.2022 10:00:00;8642;2693;1814;1203
01.07.2022 10:00:00;01.07.2022 11:00:00;8745;2731;1868;1191
01.07.2022 11:00:00;01.07.2022 12:00:00;8823;2679;1835;1080
01.07.2022 12:00:00;01.07.2022 13:00:00;8782;2588;1902;1116
01.07.2022 13:00:00;01.07.2022 14:00:00;8590;2782;1935;1038
01.07.2022 14:00:00;01.07.2022 15:00:00;8573;2814;1902;1084
01.07.2022 15:00:00;01.07.2022 16:00:00;8523;2517;1924;929
01.07.2022 16:00:00;01.07.2022 17:00:00;8479;2683;1911;1080
01.07.2022 17:00:00;01.07.2022 18:00:00;8372;2715;1902;1144
01.07.2022 18:00:00;01.07.2022 19:00:00;8297;2565;1889;1036
01.07.2022 19:00:00;01.07.2022 20:00:00;8122;2552;1861;1165
01.07.2022 20:00:00;01.07.2022 21:00:00;7850;2562;1814;1092
01.07.2022 21:00:00;01.07.2022 22:00:00;7855;2544;1790;1054
01.07.2022 22:00:00;01.07.2022 23:00:00;7701;2504;1799;909
01.07.2022 23:00:00;02.07.2022 00:00:00;7393;2447;1805;974
02.07.2022 00:00:00;02.07.2022 01:00:00;7141;2322;1855;888
02.07.2022 01:00:00;02.07.2022 02:00:00;6971;2439;1719;902
02.07.2022 02:00:00;02.07.2022 03:00:00;6751;2293;1672;881
02.07.2022 03:00:00;02.07.2022 04:00:00;6692;2286;1667;875
02.07.2022 04:00:00;02.07.2022 05:00:00;6692;2420;1629;999
02.07.2022 05:00:00;02.07.2022 06:00:00;6893;2475;1642;1056
02.07.2022 06:00:00;02.07.2022 07:00:00;7146;2336;1693;1164
02.07.2022 07:00:00;02.07.2022 08:00:00;7426;2471;1720;1224
02.07.2022 08:00:00;02.07.2022 09:00:00;7677;2544;1708;1144
02.07.2022 09:00:00;02.07.2022 10:00:00;7801;2615;1731;1187
02.07.2022 10:00:00;02.07.2022 11:00:00;8023;2667;1771;1007
02.07.2022 11:00:00;02.07.2022 12:00:00;8098;2621;1810;1088
02.07.2022 12:00:00;02.07.2022 13:00:00;8104;2614;1796;1112
02.07.2022 13:00:00;02.07.2022 14:00:00;8042;2622;1769;1120
02.07.2022 14:00:00;02.07.2022 15:00:00;7981;2667;1808;1132
02.07.2022 15:00:00;02.07.2022 16:00:00;8034;2663;1822;1141
02.07.2022 16:00:00;02.07.2022 17:00:00;8112;2676;1786;1373
02.07.2022 17:00:00;02.07.2022 18:00:00;8107;2627;1821;1375
02.07.2022 18:00:00;02.07.2022 19:00:00;8040;2690;1859;1162
02.07.2022 19:00:00;02.07.2022 20:00:00;7963;2717;1778;1138
02.07.2022 20:00:00;02.07.2022 21:00:00;7689;2713;1704;1031
02.07.2022 21:00:00;02.07.2022 22:00:00;7863;2609;1736;1015
02.07.2022 22:00:00;02.07.2022 23:00:00;7777;2507;1722;1007
02.07.2022 23:00:00;03.07.2022 00:00:00;7408;2421;1700;1101
03.07.2022 00:00:00;03.07.2022 01:00:00;7102;2318;1671;884
03.07.2022 01:00:00;03.07.2022 02:00:00;6971;2402;1703;1026
03.07.2022 02:00:00;03.07.2022 03:00:00;6806;2449;1640;1120
03.07.2022 03:00:00;03.07.2022 04:00:00;6708;2397;1662;1188
03.07.2022 04:00:00;03.07.2022 05:00:00;6646;2386;1708;1142
03.07.2022 05:00:00;03.07.2022 06:00:00;6828;2258;1813;924
03.07.2022 06:00:00;03.07.2022 07:00:00;7024;2228;1569;809
03.07.2022 07:00:00;03.07.2022 08:00:00;7227;2397;1736;892
03.07.2022 08:00:00;03.07.2022 09:00:00;7436;2445;1773;864
03.07.2022 09:00:00;03.07.2022 10:00:00;7663;2495;1764;934
03.07.2022 10:00:00;03.07.2022 11:00:00;7860;2440;1776;1052
03.07.2022 11:00:00;03.07.2022 12:00:00;7900;2390;1792;1094
03.07.2022 12:00:00;03.07.2022 13:00:00;7916;2491;1834;1041
03.07.2022 13:00:00;03.07.2022 14:00:00;7889;2480;1783;1045
03.07.2022 14:00:00;03.07.2022 15:00:00;7860;2513;1756;1222
03.07.2022 15:00:00;03.07.2022 16:00:00;7936;2571;1815;1170
03.07.2022 16:00:00;03.07.2022 17:00:00;7965;2592;1793;1250
03.07.2022 17:00:00;03.07.2022 18:00:00;7880;2570;1840;1252
03.07.2022 18:00:00;03.07.2022 19:00:00;7841;2544;1884;1172
03.07.2022 19:00:00;03.07.2022 20:00:00;7771;2551;1849;1147
03.07.2022 20:00:00;03.07.2022 21:00:00;7575;2584;1827;1116
03.07.2022 21:00:00;03.07.2022 22:00:00;7766;2591;1893;1089
03.07.2022 22:00:00;03.07.2022 23:00:00;7649;2549;1878;1098
03.07.2022 23:00:00;04.07.2022 00:00:00;7368;2522;1888;1072
04.07.2022 00:00:00;04.07.2022 01:00:00;7076;2528;1832;893
04.07.2022 01:00:00;04.07.2022 02:00:00;6909;2489;1789;913
04.07.2022 02:00:00;04.07.2022 03:00:00;6713;2445;1752;866
04.07.2022 03:00:00;04.07.2022 04:00:00;6715;2371;1795;872
04.07.2022 04:00:00;04.07.2022 05:00:00;6886;2364;1801;1110
04.07.2022 05:00:00;04.07.2022 06:00:00;7482;2344;1821;1118
04.07.2022 06:00:00;04.07.2022 07:00:00;7907;2519;1877;1142
04.07.2022 07:00:00;04.07.2022 08:00:00;8204;2733;1898;1184
04.07.2022 08:00:00;04.07.2022 09:00:00;8413;2891;1963;1145
04.07.2022 09:00:00;04.07.2022 10:00:00;8512;2894;1999;1101
04.07.2022 10:00:00;04.07.2022 11:00:00;8558;2740;1955;1091
04.07.2022 11:00:00;04.07.2022 12:00:00;8557;2764;1974;1130
04.07.2022 12:00:00;04.07.2022 13:00:00;8606;2759;1982;1214
04.07.2022 13:00:00;04.07.2022 14:00:00;8620;2874;1948;1218
04.07.2022 14:00:00;04.07.2022 15:00:00;8549;2909;1996;1161
04.07.2022 15:00:00;04.07.2022 16:00:00;8459;2840;1940;1158
04.07.2022 16:00:00;04.07.2022 17:00:00;8367;2725;1936;1134
04.07.2022 17:00:00;04.07.2022 18:00:00;8274;2715;1936;1118
04.07.2022 18:00:00;04.07.2022 19:00:00;8253;2712;1875;1153
04.07.2022 19:00:00;04.07.2022 20:00:00;8142;2761;1903;1099
04.07.2022 20:00:00;04.07.2022 21:00:00;7856;2815;1893;879
04.07.2022 21:00:00;04.07.2022 22:00:00;7857;2741;1881;1107
04.07.2022 22:00:00;04.07.2022 23:00:00;7663;2699;1882;988
04.07.2022 23:00:00;05.07.2022 00:00:00;7381;2549;1770;1008
05.07.2022 00:00:00;05.07.2022 01:00:00;7027;2621;1706;884
05.07.2022 01:00:00;05.07.2022 02:00:00;6912;2697;1671;818
05.07.2022 02:00:00;05.07.2022 03:00:00;6802;2490;1591;904
05.07.2022 03:00:00;05.07.2022 04:00:00;6754;2512;1694;1138
05.07.2022 04:00:00;05.07.2022 05:00:00;6950;2484;1751;1175
05.07.2022 05:00:00;05.07.2022 06:00:00;7416;2423;1733;1252
05.07.2022 06:00:00;05.07.2022 07:00:00;7828;2650;1835;1310
05.07.2022 07:00:00;05.07.2022 08:00:00;8096;2820;1868;1139
05.07.2022 08:00:00;05.07.2022 09:00:00;8272;2860;1886;1204
05.07.2022 09:00:00;05.07.2022 10:00:00;8394;2902;1872;1264
05.07.2022 10:00:00;05.07.2022 11:00:00;8521;2858;1895;1290
05.07.2022 11:00:00;05.07.2022 12:00:00;8573;2941;1867;1385
05.07.2022 12:00:00;05.07.2022 13:00:00;8539;2945;1840;1135
05.07.2022 13:00:00;05.07.2022 14:00:00;8474;2799;1874;1068
05.07.2022 14:00:00;05.07.2022 15:00:00;8417;2788;1919;1456
05.07.2022 15:00:00;05.07.2022 16:00:00;8341;2792;1929;1412
05.07.2022 16:00:00;05.07.2022 17:00:00;8266;2893;1928;1056
05.07.2022 17:00:00;05.07.2022 18:00:00;8174;2787;1862;1036
05.07.2022 18:00:00;05.07.2022 19:00:00;8090;2866;1823;1318
05.07.2022 19:00:00;05.07.2022 20:00:00;8003;2894;1839;1055
05.07.2022 20:00:00;05.07.2022 21:00:00;7688;2793;1853;965
05.07.2022 21:00:00;05.07.2022 22:00:00;7772;2694;1731;1030
05.07.2022 22:00:00;05.07.2022 23:00:00;7579;2852;1794;1039
05.07.2022 23:00:00;06.07.2022 00:00:00;7206;2691;1875;960
06.07.2022 00:00:00;06.07.2022 01:00:00;6867;2721;1800;791
06.07.2022 01:00:00;06.07.2022 02:00:00;6697;2729;1806;887
06.07.2022 02:00:00;06.07.2022 03:00:00;6633;2534;1679;831
06.07.2022 03:00:00;06.07.2022 04:00:00;6618;2353;1822;837
06.07.2022 04:00:00;06.07.2022 05:00:00;6721;2362;1825;1057
06.07.2022 05:00:00;06.07.2022 06:00:00;7338;2478;1900;1163
06.07.2022 06:00:00;06.07.2022 07:00:00;7663;2663;1968;1303
06.07.2022 07:00:00;06.07.2022 08:00:00;7874;2931;1938;1167
06.07.2022 08:00:00;06.07.2022 09:00:00;8023;2884;1907;1082
06.07.2022 09:00:00;06.07.2022 10:00:00;8163;3004;1929;1115
06.07.2022 10:00:00;06.07.2022 11:00:00;8282;3078;2022;1095
06.07.2022 11:00:00;06.07.2022 12:00:00;8323;3028;2022;1123
06.07.2022 12:00:00;06.07.2022 13:00:00;8353;3000;2120;1165
06.07.2022 13:00:00;06.07.2022 14:00:00;8263;2943;2097;1088
06.07.2022 14:00:00;06.07.2022 15:00:00;8167;2800;1884;1352
06.07.2022 15:00:00;06.07.2022 16:00:00;8086;2984;1775;1064
06.07.2022 16:00:00;06.07.2022 17:00:00;8116;2987;2040;1041
06.07.2022 17:00:00;06.07.2022 18:00:00;8088;2991;2016;1135
06.07.2022 18:00:00;06.07.2022 19:00:00;8085;2914;1958;935
06.07.2022 19:00:00;06.07.2022 20:00:00;8007;2793;1955;1165
06.07.2022 20:00:00;06.07.2022 21:00:00;7726;2725;1943;1103
06.07.2022 21:00:00;06.07.2022 22:00:00;7697;2620;1924;1176
06.07.2022 22:00:00;06.07.2022 23:00:00;7535;2597;1832;1216
06.07.2022 23:00:00;07.07.2022 00:00:00;7221;2475;1849;1184
07.07.2022 00:00:00;07.07.2022 01:00:00;6883;2550;1857;1192
07.07.2022 01:00:00;07.07.2022 02:00:00;6719;2559;1812;1032
07.07.2022 02:00:00;07.07.2022 03:00:00;6660;2522;1745;1030
07.07.2022 03:00:00;07.07.2022 04:00:00;6628;2555;1737;1055
07.07.2022 04:00:00;07.07.2022 05:00:00;6767;2542;1726;862
07.07.2022 05:00:00;07.07.2022 06:00:00;7278;2573;1782;945
07.07.2022 06:00:00;07.07.2022 07:00:00;7642;2635;1813;1042
07.07.2022 07:00:00;07.07.2022 08:00:00;7963;2656;1903;1124
07.07.2022 08:00:00;07.07.2022 09:00:00;8075;2879;1952;1208
07.07.2022 09:00:00;07.07.2022 10:00:00;8127;2878;2045;1141
07.07.2022 10:00:00;07.07.2022 11:00:00;8241;2912;2057;1146
07.07.2022 11:00:00;07.07.2022 12:00:00;8261;3031;2035;1118
07.07.2022 12:00:00;07.07.2022 13:00:00;8301;3039;2056;1048
07.07.2022 13:00:00;07.07.2022 14:00:00;8221;3015;2079;996
07.07.2022 14:00:00;07.07.2022 15:00:00;8199;2998;2042;1047
07.07.2022 15:00:00;07.07.2022 16:00:00;8177;2935;2011;1003
07.07.2022 16:00:00;07.07.2022 17:00:00;8124;2907;1984;989
07.07.2022 17:00:00;07.07.2022 18:00:00;8077;2873;1940;790
07.07.2022 18:00:00;07.07.2022 19:00:00;8143;2878;1894;868
07.07.2022 19:00:00;07.07.2022 20:00:00;8096;2862;1929;1029
07.07.2022 20:00:00;07.07.2022 21:00:00;7830;2807;1971;1137
07.07.2022 21:00:00;07.07.2022 22:00:00;7818;2781;1907;1050
07.07.2022 22:00:00;07.07.2022 23:00:00;7684;2755;1900;988
07.07.2022 23:00:00;08.07.2022 00:00:00;7370;2707;1897;994
08.07.2022 00:00:00;08.07.2022 01:00:00;7129;2626;1772;995
08.07.2022 01:00:00;08.07.2022 02:00:00;6957;2778;1781;1023
08.07.2022 02:00:00;08.07.2022 03:00:00;6876;2827;1770;942
08.07.2022 03:00:00;08.07.2022 04:00:00;6847;2791;1684;883
08.07.2022 04:00:00;08.07.2022 05:00:00;7047;2672;1655;937
08.07.2022 05:00:00;08.07.2022 06:00:00;7589;2578;1691;933
08.07.2022 06:00:00;08.07.2022 07:00:00;7823;2685;1777;1184
08.07.2022 07:00:00;08.07.2022 08:00:00;8070;2730;1943;975
08.07.2022 08:00:00;08.07.2022 09:00:00;8207;2917;1976;800
08.07.2022 09:00:00;08.07.2022 10:00:00;8310;3045;2027;948
08.07.2022 10:00:00;08.07.2022 11:00:00;8384;2994;2035;916
08.07.2022 11:00:00;08.07.2022 12:00:00;8416;3035;2005;887
08.07.2022 12:00:00;08.07.2022 13:00:00;8396;2925;1970;1002
08.07.2022 13:00:00;08.07.2022 14:00:00;8273;2923;1950;1309
08.07.2022 14:00:00;08.07.2022 15:00:00;8260;2992;1983;1196
08.07.2022 15:00:00;08.07.2022 16:00:00;8290;2975;1983;1234
08.07.2022 16:00:00;08.07.2022 17:00:00;8260;3080;1940;1265
08.07.2022 17:00:00;08.07.2022 18:00:00;8188;3134;1910;1171
08.07.2022 18:00:00;08.07.2022 19:00:00;8072;2955;1857;1039
08.07.2022 19:00:00;08.07.2022 20:00:00;7969;2907;1880;1228
08.07.2022 20:00:00;08.07.2022 21:00:00;7655;2865;1955;1070
08.07.2022 21:00:00;08.07.2022 22:00:00;7621;2836;1947;1036
08.07.2022 22:00:00;08.07.2022 23:00:00;7573;2710;1921;950
08.07.2022 23:00:00;09.07.2022 00:00:00;7299;2720;1914;931
09.07.2022 00:00:00;09.07.2022 01:00:00;7031;2677;1877;988
09.07.2022 01:00:00;09.07.2022 02:00:00;6933;2623;1866;1022
09.07.2022 02:00:00;09.07.2022 03:00:00;6853;2603;1871;1140
09.07.2022 03:00:00;09.07.2022 04:00:00;6739;2589;1854;1165
09.07.2022 04:00:00;09.07.2022 05:00:00;6720;2625;1840;1167
09.07.2022 05:00:00;09.07.2022 06:00:00;6888;2695;1832;1082
09.07.2022 06:00:00;09.07.2022 07:00:00;6971;2506;1833;1055
09.07.2022 07:00:00;09.07.2022 08:00:00;7155;2597;1858;1056
09.07.2022 08:00:00;09.07.2022 09:00:00;7406;2823;1931;1075
09.07.2022 09:00:00;09.07.2022 10:00:00;7586;2760;1943;1090
09.07.2022 10:00:00;09.07.2022 11:00:00;7721;2805;1947;1139
09.07.2022 11:00:00;09.07.2022 12:00:00;7786;2981;1959;1095
09.07.2022 12:00:00;09.07.2022 13:00:00;7851;2928;1951;1133
09.07.2022 13:00:00;09.07.2022 14:00:00;7806;2851;1900;958
09.07.2022 14:00:00;09.07.2022 15:00:00;7783;2898;1895;1004
09.07.2022 15:00:00;09.07.2022 16:00:00;7781;2905;1854;1013
09.07.2022 16:00:00;09.07.2022 17:00:00;7882;2850;1830;988
09.07.2022 17:00:00;09.07.2022 18:00:00;7955;2839;1837;1075
09.07.2022 18:00:00;09.07.2022 19:00:00;7918;2763;1826;1094
09.07.2022 19:00:00;09.07.2022 20:00:00;7744;2757;1855;1121
09.07.2022 20:00:00;09.07.2022 21:00:00;7440;2717;1837;1038
09.07.2022 21:00:00;09.07.2022 22:00:00;7522;2730;1821;1081
09.07.2022 22:00:00;09.07.2022 23:00:00;7397;2707;1812;1032
09.07.2022 23:00:00;10.07.2022 00:00:00;7176;2670;1818;933
10.07.2022 00:00:00;10.07.2022 01:00:00;6916;2617;1830;867
10.07.2022 01:00:00;10.07.2022 02:00:00;6796;2581;1829;803
10.07.2022 02:00:00;10.07.2022 03:00:00;6680;2635;1734;786
10.07.2022 03:00:00;10.07.2022 04:00:00;6540;2636;1759;780
10.07.2022 04:00:00;10.07.2022 05:00:00;6559;2578;1739;831
10.07.2022 05:00:00;10.07.2022 06:00:00;6628;2467;1500;1009
10.07.2022 06:00:00;10.07.2022 07:00:00;6847;2561;1501;982
10.07.2022 07:00:00;10.07.2022 08:00:00;6989;2677;1706;1002
10.07.2022 08:00:00;10.07.2022 09:00:00;7185;2726;1857;1109
10.07.2022 09:00:00;10.07.2022 10:00:00;7373;2771;1887;1045
10.07.2022 10:00:00;10.07.2022 11:00:00;7474;2763;1939;1116
10.07.2022 11:00:00;10.07.2022 12:00:00;7546;2754;1979;1048
10.07.2022 12:00:00;10.07.2022 13:00:00;7569;2793;1941;1307
10.07.2022 13:00:00;10.07.2022 14:00:00;7528;2774;1907;1137
10.07.2022 14:00:00;10.07.2022 15:00:00;7546;2808;1891;985
10.07.2022 15:00:00;10.07.2022 16:00:00;7551;2802;1900;1030
10.07.2022 16:00:00;10.07.2022 17:00:00;7570;2780;1875;1084
10.07.2022 17:00:00;10.07.2022 18:00:00;7583;2792;1891;1165
10.07.2022 18:00:00;10.07.2022 19:00:00;7609;2790;1883;1055
10.07.2022 19:00:00;10.07.2022 20:00:00;7595;2795;1893;1044
10.07.2022 20:00:00;10.07.2022 21:00:00;7376;2690;1906;923
10.07.2022 21:00:00;10.07.2022 22:00:00;7516;2771;1906;962
10.07.2022 22:00:00;10.07.2022 23:00:00;7430;2762;1918;930
10.07.2022 23:00:00;11.07.2022 00:00:00;7102;2724;1894;919
11.07.2022 00:00:00;11.07.2022 01:00:00;6861;2620;1823;927
11.07.2022 01:00:00;11.07.2022 02:00:00;6732;2650;1792;1037
11.07.2022 02:00:00;11.07.2022 03:00:00;6606;2625;1779;971
11.07.2022 03:00:00;11.07.2022 04:00:00;6579;2618;1763;1015
11.07.2022 04:00:00;11.07.2022 05:00:00;6711;2596;1759;1028
11.07.2022 05:00:00;11.07.2022 06:00:00;7301;2584;1767;1014
11.07.2022 06:00:00;11.07.2022 07:00:00;7604;2679;1784;969
11.07.2022 07:00:00;11.07.2022 08:00:00;7946;2819;1853;969
11.07.2022 08:00:00;11.07.2022 09:00:00;8070;2915;1895;1037
11.07.2022 09:00:00;11.07.2022 10:00:00;8202;2903;1940;1093
11.07.2022 10:00:00;11.07.2022 11:00:00;8348;2791;1950;1100
11.07.2022 11:00:00;11.07.2022 12:00:00;8423;2663;1981;1103
11.07.2022 12:00:00;11.07.2022 13:00:00;8369;2695;1951;1083
11.07.2022 13:00:00;11.07.2022 14:00:00;8232;2715;2010;1074
11.07.2022 14:00:00;11.07.2022 15:00:00;8144;2632;1990;1070
11.07.2022 15:00:00;11.07.2022 16:00:00;8116;2615;1965;1053
11.07.2022 16:00:00;11.07.2022 17:00:00;8062;2724;1945;1037
11.07.2022 17:00:00;11.07.2022 18:00:00;7961;2692;1848;1082
11.07.2022 18:00:00;11.07.2022 19:00:00;7937;2681;1925;1056
11.07.2022 19:00:00;11.07.2022 20:00:00;7860;2667;1905;971
11.07.2022 20:00:00;11.07.2022 21:00:00;7532;2607;1893;1054
11.07.2022 21:00:00;11.07.2022 22:00:00;7597;2627;1850;1133
11.07.2022 22:00:00;11.07.2022 23:00:00;7422;2594;1792;1032
11.07.2022 23:00:00;12.07.2022 00:00:00;7055;2458;1702;995
12.07.2022 00:00:00;12.07.2022 01:00:00;6827;2372;1628;1055
12.07.2022 01:00:00;12.07.2022 02:00:00;6647;2289;1647;1092
12.07.2022 02:00:00;12.07.2022 03:00:00;6574;2177;1654;1158
12.07.2022 03:00:00;12.07.2022 04:00:00;6566;2334;1649;1074
12.07.2022 04:00:00;12.07.2022 05:00:00;6705;2388;1641;1032
12.07.2022 05:00:00;12.07.2022 06:00:00;7127;2362;1701;1025
12.07.2022 06:00:00;12.07.2022 07:00:00;7520;2475;1750;1044
12.07.2022 07:00:00;12.07.2022 08:00:00;7857;2567;1792;1044
12.07.2022 08:00:00;12.07.2022 09:00:00;8047;2556;1795;1035
12.07.2022 09:00:00;12.07.2022 10:00:00;8179;2539;1761;1043
12.07.2022 10:00:00;12.07.2022 11:00:00;8238;2615;1825;1055
12.07.2022 11:00:00;12.07.2022 12:00:00;8396;2749;1818;1079
12.07.2022 12:00:00;12.07.2022 13:00:00;8359;2672;1738;1109
12.07.2022 13:00:00;12.07.2022 14:00:00;8294;2513;1782;1126
12.07.2022 14:00:00;12.07.2022 15:00:00;8247;2479;1814;1070
12.07.2022 15:00:00;12.07.2022 16:00:00;8234;2674;1807;1060
12.07.2022 16:00:00;12.07.2022 17:00:00;8239;2626;1874;958
12.07.2022 17:00:00;12.07.2022 18:00:00;8180;2669;1855;1153
12.07.2022 18:00:00;12.07.2022 19:00:00;8112;2536;1788;1121
12.07.2022 19:00:00;12.07.2022 20:00:00;7985;2569;1815;1121
12.07.2022 20:00:00;12.07.2022 21:00:00;7478;2508;1831;1121
12.07.2022 21:00:00;12.07.2022 22:00:00;7489;2439;1780;1191
12.07.2022 22:00:00;12.07.2022 23:00:00;7461;2463;1735;1027
12.07.2022 23:00:00;13.07.2022 00:00:00;7134;2400;1686;890
13.07.2022 00:00:00;13.07.2022 01:00:00;6829;2408;1680;814
13.07.2022 01:00:00;13.07.2022 02:00:00;6720;2342;1731;824
13.07.2022 02:00:00;13.07.2022 03:00:00;6658;2302;1690;930
13.07.2022 03:00:00;13.07.2022 04:00:00;6637;2320;1663;929
13.07.2022 04:00:00;13.07.2022 05:00:00;6693;2300;1708;914
13.07.2022 05:00:00;13.07.2022 06:00:00;7175;2332;1635;996
13.07.2022 06:00:00;13.07.2022 07:00:00;7535;2453;1668;1106
13.07.2022 07:00:00;13.07.2022 08:00:00;7849;2555;1793;1208
13.07.2022 08:00:00;13.07.2022 09:00:00;8115;2617;1821;1058
13.07.2022 09:00:00;13.07.2022 10:00:00;8211;2667;1885;1053
13.07.2022 10:00:00;13.07.2022 11:00:00;8380;2677;1911;1057
13.07.2022 11:00:00;13.07.2022 12:00:00;8341;2747;1922;1063
13.07.2022 12:00:00;13.07.2022 13:00:00;8303;2749;1909;1103
13.07.2022 13:00:00;13.07.2022 14:00:00;8183;2683;1941;1048
13.07.2022 14:00:00;13.07.2022 15:00:00;8152;2648;1940;1103
13.07.2022 15:00:00;13.07.2022 16:00:00;8124;2641;1943;1124
13.07.2022 16:00:00;13.07.2022 17:00:00;8173;2580;1930;1111
13.07.2022 17:00:00;13.07.2022 18:00:00;8107;2479;1862;1206
13.07.2022 18:00:00;13.07.2022 19:00:00;8057;2495;1859;998
13.07.2022 19:00:00;13.07.2022 20:00:00;8004;2553;1852;1006
13.07.2022 20:00:00;13.07.2022 21:00:00;7792;2523;1871;1132
13.07.2022 21:00:00;13.07.2022 22:00:00;7822;2545;1831;1059
13.07.2022 22:00:00;13.07.2022 23:00:00;7690;2657;1798;1060
13.07.2022 23:00:00;14.07.2022 00:00:00;7287;2529;1742;1063
14.07.2022 00:00:00;14.07.2022 01:00:00;6913;2506;1679;1030
14.07.2022 01:00:00;14.07.2022 02:00:00;6829;2446;1680;1040
14.07.2022 02:00:00;14.07.2022 03:00:00;6716;2512;1682;1009
14.07.2022 03:00:00;14.07.2022 04:00:00;6648;2444;1697;962
14.07.2022 04:00:00;14.07.2022 05:00:00;6775;2320;1688;996
14.07.2022 05:00:00;14.07.2022 06:00:00;7242;2430;1707;1065
14.07.2022 06:00:00;14.07.2022 07:00:00;7620;2507;1756;1001
14.07.2022 07:00:00;14.07.2022 08:00:00;7844;2535;1858;979
14.07.2022 08:00:00;14.07.2022 09:00:00;7937;2813;1871;968
14.07.2022 09:00:00;14.07.2022 10:00:00;8012;2826;1889;989
14.07.2022 10:00:00;14.07.2022 11:00:00;8133;2913;1962;1086
14.07.2022 11:00:00;14.07.2022 12:00:00;8165;2770;1930;990
14.07.2022 12:00:00;14.07.2022 13:00:00;8280;2880;1931;986
14.07.2022 13:00:00;14.07.2022 14:00:00;8187;2932;1931;1030
14.07.2022 14:00:00;14.07.2022 15:00:00;8112;2899;1898;1075
14.07.2022 15:00:00;14.07.2022 16:00:00;8175;2768;1905;1079
14.07.2022 16:00:00;14.07.2022 17:00:00;8192;2725;1877;1087
14.07.2022 17:00:00;14.07.2022 18:00:00;8060;2711;1825;1090
14.07.2022 18:00:00;14.07.2022 19:00:00;8040;2781;1847;1043
14.07.2022 19:00:00;14.07.2022 20:00:00;8019;2903;1855;989
14.07.2022 20:00:00;14.07.2022 21:00:00;7709;2923;1793;1017
14.07.2022 21:00:00;14.07.2022 22:00:00;7815;2982;1785;1005
14.07.2022 22:00:00;14.07.2022 23:00:00;7704;2841;1774;1039
14.07.2022 23:00:00;15.07.2022 00:00:00;7278;2845;1705;1096
15.07.2022 00:00:00;15.07.2022 01:00:00;7031;2514;1677;983
15.07.2022 01:00:00;15.07.2022 02:00:00;6957;2682;1647;998
15.07.2022 02:00:00;15.07.2022 03:00:00;6830;2725;1585;1033
15.07.2022 03:00:00;15.07.2022 04:00:00;6783;2599;1564;1003
15.07.2022 04:00:00;15.07.2022 05:00:00;6886;2572;1537;958
15.07.2022 05:00:00;15.07.2022 06:00:00;7330;2601;1552;971
15.07.2022 06:00:00;15.07.2022 07:00:00;7727;2651;1637;1258
15.07.2022 07:00:00;15.07.2022 08:00:00;7953;2796;1674;1294
15.07.2022 08:00:00;15.07.2022 09:00:00;8021;2907;1700;1323
15.07.2022 09:00:00;15.07.2022 10:00:00;8224;3020;1722;875
15.07.2022 10:00:00;15.07.2022 11:00:00;8359;3015;1828;1124
15.07.2022 11:00:00;15.07.2022 12:00:00;8349;3051;1932;1136
15.07.2022 12:00:00;15.07.2022 13:00:00;8311;2863;2013;1142
15.07.2022 13:00:00;15.07.2022 14:00:00;8234;2828;2046;1102
15.07.2022 14:00:00;15.07.2022 15:00:00;8121;2907;2032;1018
15.07.2022 15:00:00;15.07.2022 16:00:00;8074;2959;1983;1033
15.07.2022 16:00:00;15.07.2022 17:00:00;8082;3043;1964;1059
15.07.2022 17:00:00;15.07.2022 18:00:00;8052;2975;1850;1209
15.07.2022 18:00:00;15.07.2022 19:00:00;7946;2955;1900;1187
15.07.2022 19:00:00;15.07.2022 20:00:00;7923;2851;1889;1019
15.07.2022 20:00:00;15.07.2022 21:00:00;7603;2752;1822;1029
15.07.2022 21:00:00;15.07.2022 22:00:00;7687;2668;1817;1116
15.07.2022 22:00:00;15.07.2022 23:00:00;7599;2662;1874;1044
15.07.2022 23:00:00;16.07.2022 00:00:00;7243;2666;1830;1012
16.07.2022 00:00:00;16.07.2022 01:00:00;6859;2580;1831;1097
16.07.2022 01:00:00;16.07.2022 02:00:00;6750;2655;1765;1085
16.07.2022 02:00:00;16.07.2022 03:00:00;6696;2545;1760;990
16.07.2022 03:00:00;16.07.2022 04:00:00;6650;2508;1729;942
16.07.2022 04:00:00;16.07.2022 05:00:00;6701;2543;1745;970
16.07.2022 05:00:00;16.07.2022 06:00:00;6876;2515;1752;982
16.07.2022 06:00:00;16.07.2022 07:00:00;7066;2624;1794;1010
16.07.2022 07:00:00;16.07.2022 08:00:00;7273;2696;1767;1000
16.07.2022 08:00:00;16.07.2022 09:00:00;7417;2766;1814;978
16.07.2022 09:00:00;16.07.2022 10:00:00;7610;2847;1897;780
16.07.2022 10:00:00;16.07.2022 11:00:00;7740;2860;1979;967
16.07.2022 11:00:00;16.07.2022 12:00:00;7820;2832;1933;1060
16.07.2022 12:00:00;16.07.2022 13:00:00;7800;2669;1774;1134
16.07.2022 13:00:00;16.07.2022 14:00:00;7655;2719;1784;1240
16.07.2022 14:00:00;16.07.2022 15:00:00;7668;2582;1816;1163
16.07.2022 15:00:00;16.07.2022 16:00:00;7781;2576;1813;1246
16.07.2022 16:00:00;16.07.2022 17:00:00;7827;2691;1908;1209
16.07.2022 17:00:00;16.07.2022 18:00:00;7823;2791;1911;1037
16.07.2022 18:00:00;16.07.2022 19:00:00;7860;2709;1912;1067
16.07.2022 19:00:00;16.07.2022 20:00:00;7674;2725;1866;997
16.07.2022 20:00:00;16.07.2022 21:00:00;7401;2828;1863;951
16.07.2022 21:00:00;16.07.2022 22:00:00;7497;2757;1865;952
16.07.2022 22:00:00;16.07.2022 23:00:00;7474;2716;1832;1046
16.07.2022 23:00:00;17.07.2022 00:00:00;7236;2658;1810;1045
17.07.2022 00:00:00;17.07.2022 01:00:00;6877;2645;1757;999
17.07.2022 01:00:00;17.07.2022 02:00:00;6862;2679;1720;981
17.07.2022 02:00:00;17.07.2022 03:00:00;6794;2710;1664;954
17.07.2022 03:00:00;17.07.2022 04:00:00;6769;2657;1671;917
17.07.2022 04:00:00;17.07.2022 05:00:00;6719;2688;1688;963
17.07.2022 05:00:00;17.07.2022 06:00:00;6819;2675;1666;950
17.07.2022 06:00:00;17.07.2022 07:00:00;6995;2659;1794;950
17.07.2022 07:00:00;17.07.2022 08:00:00;7178;2691;1916;1038
17.07.2022 08:00:00;17.07.2022 09:00:00;7394;2662;1990;1120
17.07.2022 09:00:00;17.07.2022 10:00:00;7633;2708;1972;1132
17.07.2022 10:00:00;17.07.2022 11:00:00;7769;2769;1954;1230
17.07.2022 11:00:00;17.07.2022 12:00:00;7829;2787;1879;1191
17.07.2022 12:00:00;17.07.2022 13:00:00;7892;2769;1858;1258
17.07.2022 13:00:00;17.07.2022 14:00:00;7770;2688;1870;1145
17.07.2022 14:00:00;17.07.2022 15:00:00;7763;2598;1915;1040
17.07.2022 15:00:00;17.07.2022 16:00:00;7787;2784;1977;1086
17.07.2022 16:00:00;17.07.2022 17:00:00;7804;2626;1962;1091
17.07.2022 17:00:00;17.07.2022 18:00:00;7807;2898;1936;1165
17.07.2022 18:00:00;17.07.2022 19:00:00;7804;2941;1973;1215
17.07.2022 19:00:00;17.07.2022 20:00:00;7751;2780;1887;1166
17.07.2022 20:00:00;17.07.2022 21:00:00;7490;2710;1821;1125
17.07.2022 21:00:00;17.07.2022 22:00:00;7721;2621;1772;1090
17.07.2022 22:00:00;17.07.2022 23:00:00;7752;2565;1775;1091
17.07.2022 23:00:00;18.07.2022 00:00:00;7448;2608;1755;1087
18.07.2022 00:00:00;18.07.2022 01:00:00;7179;2602;1769;1069
18.07.2022 01:00:00;18.07.2022 02:00:00;7013;2591;1730;1096
18.07.2022 02:00:00;18.07.2022 03:00:00;6927;2665;1749;1064
18.07.2022 03:00:00;18.07.2022 04:00:00;6901;2767;1798;1050
18.07.2022 04:00:00;18.07.2022 05:00:00;6992;2731;1824;1065
18.07.2022 05:00:00;18.07.2022 06:00:00;7402;2732;1807;1027
18.07.2022 06:00:00;18.07.2022 07:00:00;7748;2838;1815;1048
18.07.2022 07:00:00;18.07.2022 08:00:00;7987;2900;1976;1121
18.07.2022 08:00:00;18.07.2022 09:00:00;8102;2815;1881;1134
18.07.2022 09:00:00;18.07.2022 10:00:00;8203;2844;1913;1122
18.07.2022 10:00:00;18.07.2022 11:00:00;8329;2900;1971;1101
18.07.2022 11:00:00;18.07.2022 12:00:00;8366;2889;2022;1092
18.07.2022 12:00:00;18.07.2022 13:00:00;8345;2892;1951;1094
18.07.2022 13:00:00;18.07.2022 14:00:00;8281;2893;2026;1123
18.07.2022 14:00:00;18.07.2022 15:00:00;8140;2914;1992;1001
18.07.2022 15:00:00;18.07.2022 16:00:00;8118;2905;1918;965
18.07.2022 16:00:00;18.07.2022 17:00:00;8149;2937;1890;1066
18.07.2022 17:00:00;18.07.2022 18:00:00;8060;2993;1831;1137
18.07.2022 18:00:00;18.07.2022 19:00:00;8064;3047;1842;1053
18.07.2022 19:00:00;18.07.2022 20:00:00;7997;2970;1848;1052
18.07.2022 20:00:00;18.07.2022 21:00:00;7735;2863;1906;1060
18.07.2022 21:00:00;18.07.2022 22:00:00;7752;2813;1886;1107
18.07.2022 22:00:00;18.07.2022 23:00:00;7578;2753;1877;1168
18.07.2022 23:00:00;19.07.2022 00:00:00;7396;2722;1818;1111
19.07.2022 00:00:00;19.07.2022 01:00:00;7030;2653;1820;1070
19.07.2022 01:00:00;19.07.2022 02:00:00;6967;2659;1810;1023
19.07.2022 02:00:00;19.07.2022 03:00:00;6848;2667;1782;1066
19.07.2022 03:00:00;19.07.2022 04:00:00;6857;2651;1758;1088
19.07.2022 04:00:00;19.07.2022 05:00:00;6966;2589;1738;1122
19.07.2022 05:00:00;19.07.2022 06:00:00;7397;2784;1737;995
19.07.2022 06:00:00;19.07.2022 07:00:00;7629;2793;1801;1092
19.07.2022 07:00:00;19.07.2022 08:00:00;7865;2882;1825;1110
19.07.2022 08:00:00;19.07.2022 09:00:00;8057;2844;1841;1129
19.07.2022 09:00:00;19.07.2022 10:00:00;8185;2857;1866;1157
19.07.2022 10:00:00;19.07.2022 11:00:00;8275;2788;1876;1145
19.07.2022 11:00:00;19.07.2022 12:00:00;8317;2793;1901;1102
19.07.2022 12:00:00;19.07.2022 13:00:00;8398;2833;1885;1070
19.07.2022 13:00:00;19.07.2022 14:00:00;8195;2812;1996;1043
19.07.2022 14:00:00;19.07.2022 15:00:00;8089;2794;2070;884
19.07.2022 15:00:00;19.07.2022 16:00:00;8039;2808;2049;950
19.07.2022 16:00:00;19.07.2022 17:00:00;8024;2834;2016;1255
19.07.2022 17:00:00;19.07.2022 18:00:00;7922;2813;1974;1195
19.07.2022 18:00:00;19.07.2022 19:00:00;7916;2830;1956;1021
19.07.2022 19:00:00;19.07.2022 20:00:00;7892;2730;1943;979
19.07.2022 20:00:00;19.07.2022 21:00:00;7628;2696;1913;1025
19.07.2022 21:00:00;19.07.2022 22:00:00;7732;2735;1892;994
19.07.2022 22:00:00;19.07.2022 23:00:00;7627;2821;1875;1078
19.07.2022 23:00:00;20.07.2022 00:00:00;7255;2708;1852;1066
20.07.2022 00:00:00;20.07.2022 01:00:00;6931;2707;1780;1002
20.07.2022 01:00:00;20.07.2022 02:00:00;6789;2625;1735;1129
20.07.2022 02:00:00;20.07.2022 03:00:00;6667;2670;1742;1118
20.07.2022 03:00:00;20.07.2022 04:00:00;6578;2352;1732;1105
20.07.2022 04:00:00;20.07.2022 05:00:00;6707;2410;1727;1089
20.07.2022 05:00:00;20.07.2022 06:00:00;7173;2533;1749;1088
20.07.2022 06:00:00;20.07.2022 07:00:00;7500;2508;1784;1115
20.07.2022 07:00:00;20.07.2022 08:00:00;7755;2279;1818;1036
20.07.2022 08:00:00;20.07.2022 09:00:00;7888;2583;1809;1051
20.07.2022 09:00:00;20.07.2022 10:00:00;7977;2773;1834;1032
20.07.2022 10:00:00;20.07.2022 11:00:00;8064;2800;1859;1154
20.07.2022 11:00:00;20.07.2022 12:00:00;8102;2925;1917;931
20.07.2022 12:00:00;20.07.2022 13:00:00;8110;2770;2013;985
20.07.2022 13:00:00;20.07.2022 14:00:00;8010;2546;1918;993
20.07.2022 14:00:00;20.07.2022 15:00:00;7982;2535;1920;951
20.07.2022 15:00:00;20.07.2022 16:00:00;8002;2709;1884;945
20.07.2022 16:00:00;20.07.2022 17:00:00;8027;2730;1858;990
20.07.2022 17:00:00;20.07.2022 18:00:00;7995;2730;1774;1003
20.07.2022 18:00:00;20.07.2022 19:00:00;7994;2837;1798;956
20.07.2022 19:00:00;20.07.2022 20:00:00;7902;2831;1845;969
20.07.2022 20:00:00;20.07.2022 21:00:00;7521;2777;1839;1053
20.07.2022 21:00:00;20.07.2022 22:00:00;7699;2734;1859;1112
20.07.2022 22:00:00;20.07.2022 23:00:00;7643;2677;1854;1045
20.07.2022 23:00:00;21.07.2022 00:00:00;7293;2622;1785;951
21.07.2022 00:00:00;21.07.2022 01:00:00;6976;2583;1811;1055
21.07.2022 01:00:00;21.07.2022 02:00:00;6860;2475;1774;963
21.07.2022 02:00:00;21.07.2022 03:00:00;6816;2399;1703;959
21.07.2022 03:00:00;21.07.2022 04:00:00;6773;2429;1674;954
21.07.2022 04:00:00;21.07.2022 05:00:00;6891;2429;1649;877
21.07.2022 05:00:00;21.07.2022 06:00:00;7314;2428;1605;886
21.07.2022 06:00:00;21.07.2022 07:00:00;7702;2469;1641;865
21.07.2022 07:00:00;21.07.2022 08:00:00;7974;2522;1720;992
21.07.2022 08:00:00;21.07.2022 09:00:00;8129;2642;1853;1002
21.07.2022 09:00:00;21.07.2022 10:00:00;8272;2671;1878;1145
21.07.2022 10:00:00;21.07.2022 11:00:00;8358;2803;1889;1138
21.07.2022 11:00:00;21.07.2022 12:00:00;8300;2826;1919;1223
21.07.2022 12:00:00;21.07.2022 13:00:00;8342;2875;1844;1277
21.07.2022 13:00:00;21.07.2022 14:00:00;8312;2902;1814;1327
21.07.2022 14:00:00;21.07.2022 15:00:00;8335;2805;1877;1128
21.07.2022 15:00:00;21.07.2022 16:00:00;8288;2669;1933;1092
21.07.2022 16:00:00;21.07.2022 17:00:00;8167;2694;1950;1156
21.07.2022 17:00:00;21.07.2022 18:00:00;8014;2669;1926;1166
21.07.2022 18:00:00;21.07.2022 19:00:00;7980;2701;1964;1119
21.07.2022 19:00:00;21.07.2022 20:00:00;7867;2857;1926;1150
21.07.2022 20:00:00;21.07.2022 21:00:00;7693;2919;1849;1147
21.07.2022 21:00:00;21.07.2022 22:00:00;7854;2837;1784;1222
21.07.2022 22:00:00;21.07.2022 23:00:00;7844;2787;1640;1175
21.07.2022 23:00:00;22.07.2022 00:00:00;7587;2750;1714;1160
22.07.2022 00:00:00;22.07.2022 01:00:00;7367;2692;1734;1041
22.07.2022 01:00:00;22.07.2022 02:00:00;7233;2664;1626;1017
22.07.2022 02:00:00;22.07.2022 03:00:00;7159;2679;1576;974
22.07.2022 03:00:00;22.07.2022 04:00:00;7012;2686;1550;866
22.07.2022 04:00:00;22.07.2022 05:00:00;7070;2606;1606;819
22.07.2022 05:00:00;22.07.2022 06:00:00;7272;2572;1685;878
22.07.2022 06:00:00;22.07.2022 07:00:00;7439;2672;1727;1013
22.07.2022 07:00:00;22.07.2022 08:00:00;7805;2831;1793;871
22.07.2022 08:00:00;22.07.2022 09:00:00;7977;2945;1857;969
22.07.2022 09:00:00;22.07.2022 10:00:00;8206;2924;1916;994
22.07.2022 10:00:00;22.07.2022 11:00:00;8347;2933;1960;983
22.07.2022 11:00:00;22.07.2022 12:00:00;8491;2864;1979;942
22.07.2022 12:00:00;22.07.2022 13:00:00;8500;2885;1873;966
22.07.2022 13:00:00;22.07.2022 14:00:00;8452;2886;1868;1114
22.07.2022 14:00:00;22.07.2022 15:00:00;8412;2846;1915;1154
22.07.2022 15:00:00;22.07.2022 16:00:00;8366;2957;1911;959
22.07.2022 16:00:00;22.07.2022 17:00:00;8323;3017;1828;944
22.07.2022 17:00:00;22.07.2022 18:00:00;8301;2861;1862;1023
22.07.2022 18:00:00;22.07.2022 19:00:00;8235;2835;1871;1207
22.07.2022 19:00:00;22.07.2022 20:00:00;7998;2846;1896;1069
22.07.2022 20:00:00;22.07.2022 21:00:00;7764;2825;1947;975
22.07.2022 21:00:00;22.07.2022 22:00:00;7750;2775;1902;997
22.07.2022 22:00:00;22.07.2022 23:00:00;7678;2764;1826;893
22.07.2022 23:00:00;23.07.2022 00:00:00;7370;2753;1748;737
23.07.2022 00:00:00;23.07.2022 01:00:00;7059;2629;1723;632
23.07.2022 01:00:00;23.07.2022 02:00:00;6857;2621;1750;719
23.07.2022 02:00:00;23.07.2022 03:00:00;6794;2677;1884;941
23.07.2022 03:00:00;23.07.2022 04:00:00;6729;2647;1863;979
23.07.2022 04:00:00;23.07.2022 05:00:00;6705;2639;1799;908
23.07.2022 05:00:00;23.07.2022 06:00:00;6895;2600;1784;877
23.07.2022 06:00:00;23.07.2022 07:00:00;7068;2625;1788;942
23.07.2022 07:00:00;23.07.2022 08:00:00;7283;2643;1816;1007
23.07.2022 08:00:00;23.07.2022 09:00:00;7509;2684;1900;1125
23.07.2022 09:00:00;23.07.2022 10:00:00;7743;2713;1933;1082
23.07.2022 10:00:00;23.07.2022 11:00:00;7826;2709;1982;961
23.07.2022 11:00:00;23.07.2022 12:00:00;7865;2710;1924;817
23.07.2022 12:00:00;23.07.2022 13:00:00;7855;2654;1864;899
23.07.2022 13:00:00;23.07.2022 14:00:00;7748;2638;1880;989
23.07.2022 14:00:00;23.07.2022 15:00:00;7701;2697;1910;1022
23.07.2022 15:00:00;23.07.2022 16:00:00;7759;2685;1937;1035
23.07.2022 16:00:00;23.07.2022 17:00:00;7842;2656;1907;1114
23.07.2022 17:00:00;23.07.2022 18:00:00;7816;2552;1909;1176
23.07.2022 18:00:00;23.07.2022 19:00:00;7823;2578;1890;1122
23.07.2022 19:00:00;23.07.2022 20:00:00;7723;2584;1871;1014
23.07.2022 20:00:00;23.07.2022 21:00:00;7450;2648;1878;1061
23.07.2022 21:00:00;23.07.2022 22:00:00;7655;2636;1845;1007
23.07.2022 22:00:00;23.07.2022 23:00:00;7610;2592;1842;1032
23.07.2022 23:00:00;24.07.2022 00:00:00;7218;2608;1870;1022
24.07.2022 00:00:00;24.07.2022 01:00:00;6959;2600;1853;1001
24.07.2022 01:00:00;24.07.2022 02:00:00;6777;2605;1806;970
24.07.2022 02:00:00;24.07.2022 03:00:00;6690;2526;1820;1005
24.07.2022 03:00:00;24.07.2022 04:00:00;6648;2516;1838;1048
24.07.2022 04:00:00;24.07.2022 05:00:00;6560;2525;1834;1022
24.07.2022 05:00:00;24.07.2022 06:00:00;6660;2508;1821;994
24.07.2022 06:00:00;24.07.2022 07:00:00;6797;2488;1823;973
24.07.2022 07:00:00;24.07.2022 08:00:00;6987;2471;1858;1006
24.07.2022 08:00:00;24.07.2022 09:00:00;7203;2502;1817;1065
24.07.2022 09:00:00;24.07.2022 10:00:00;7410;2599;1893;1097
24.07.2022 10:00:00;24.07.2022 11:00:00;7535;2644;1892;1116
24.07.2022 11:00:00;24.07.2022 12:00:00;7684;2633;1919;1096
24.07.2022 12:00:00;24.07.2022 13:00:00;7698;2606;1965;1044
24.07.2022 13:00:00;24.07.2022 14:00:00;7639;2527;1950;1047
24.07.2022 14:00:00;24.07.2022 15:00:00;7617;2473;1914;1086
24.07.2022 15:00:00;24.07.2022 16:00:00;7556;2519;1928;977
24.07.2022 16:00:00;24.07.2022 17:00:00;7621;2537;1924;929
24.07.2022 17:00:00;24.07.2022 18:00:00;7586;2544;1911;884
24.07.2022 18:00:00;24.07.2022 19:00:00;7674;2656;1892;934
24.07.2022 19:00:00;24.07.2022 20:00:00;7609;2546;1897;1033
24.07.2022 20:00:00;24.07.2022 21:00:00;7441;2506;1893;1067
24.07.2022 21:00:00;24.07.2022 22:00:00;7567;2608;1871;1029
24.07.2022 22:00:00;24.07.2022 23:00:00;7435;2621;1845;960
24.07.2022 23:00:00;25.07.2022 00:00:00;7195;2453;1767;993
25.07.2022 00:00:00;25.07.2022 01:00:00;6826;2448;1797;1100
25.07.2022 01:00:00;25.07.2022 02:00:00;6759;2323;1763;1104
25.07.2022 02:00:00;25.07.2022 03:00:00;6753;2308;1760;1046
25.07.2022 03:00:00;25.07.2022 04:00:00;6691;2165;1748;947
25.07.2022 04:00:00;25.07.2022 05:00:00;6830;2233;1726;951
25.07.2022 05:00:00;25.07.2022 06:00:00;7275;2191;1690;959
25.07.2022 06:00:00;25.07.2022 07:00:00;7622;2315;1733;1101
25.07.2022 07:00:00;25.07.2022 08:00:00;7949;2409;1821;1126
25.07.2022 08:00:00;25.07.2022 09:00:00;8098;2644;1904;1175
25.07.2022 09:00:00;25.07.2022 10:00:00;8182;2779;1947;1123
25.07.2022 10:00:00;25.07.2022 11:00:00;8254;2811;1952;1201
25.07.2022 11:00:00;25.07.2022 12:00:00;8322;2723;1965;1224
25.07.2022 12:00:00;25.07.2022 13:00:00;8353;2618;1946;1268
25.07.2022 13:00:00;25.07.2022 14:00:00;8277;2551;1825;1225
25.07.2022 14:00:00;25.07.2022 15:00:00;8255;2607;1817;1098
25.07.2022 15:00:00;25.07.2022 16:00:00;8166;2630;1818;1163
25.07.2022 16:00:00;25.07.2022 17:00:00;8106;2704;1896;1141
25.07.2022 17:00:00;25.07.2022 18:00:00;8030;2686;1902;1072
25.07.2022 18:00:00;25.07.2022 19:00:00;8108;2625;1932;1127
25.07.2022 19:00:00;25.07.2022 20:00:00;8034;2526;1918;1070
25.07.2022 20:00:00;25.07.2022 21:00:00;7719;2477;1892;1159
25.07.2022 21:00:00;25.07.2022 22:00:00;7809;2614;1861;1179
25.07.2022 22:00:00;25.07.2022 23:00:00;7660;2655;1866;1192
25.07.2022 23:00:00;26.07.2022 00:00:00;7286;2621;1864;1136
26.07.2022 00:00:00;26.07.2022 01:00:00;6955;2516;1790;1107
26.07.2022 01:00:00;26.07.2022 02:00:00;6753;2529;1755;1078
26.07.2022 02:00:00;26.07.2022 03:00:00;6674;2613;1711;1116
26.07.2022 03:00:00;26.07.2022 04:00:00;6734;2575;1680;1131
26.07.2022 04:00:00;26.07.2022 05:00:00;6817;2422;1679;1039
26.07.2022 05:00:00;26.07.2022 06:00:00;7300;2182;1721;959
26.07.2022 06:00:00;26.07.2022 07:00:00;7734;2354;1767;915
26.07.2022 07:00:00;26.07.2022 08:00:00;7982;2513;1801;1123
26.07.2022 08:00:00;26.07.2022 09:00:00;8120;2465;1844;1197
26.07.2022 09:00:00;26.07.2022 10:00:00;8354;2578;1888;1217
26.07.2022 10:00:00;26.07.2022 11:00:00;8444;2616;1924;1238
26.07.2022 11:00:00;26.07.2022 12:00:00;8533;2786;1920;1093
26.07.2022 12:00:00;26.07.2022 13:00:00;8582;2807;1899;1122
26.07.2022 13:00:00;26.07.2022 14:00:00;8489;2745;1938;1216
26.07.2022 14:00:00;26.07.2022 15:00:00;8419;2758;1887;1212
26.07.2022 15:00:00;26.07.2022 16:00:00;8431;2686;1896;1262
26.07.2022 16:00:00;26.07.2022 17:00:00;8372;2743;1905;1160
26.07.2022 17:00:00;26.07.2022 18:00:00;8211;2698;1901;1131
26.07.2022 18:00:00;26.07.2022 19:00:00;8191;2708;1865;1212
26.07.2022 19:00:00;26.07.2022 20:00:00;8115;2734;1858;1250
26.07.2022 20:00:00;26.07.2022 21:00:00;7830;2718;1780;1138
26.07.2022 21:00:00;26.07.2022 22:00:00;7905;2697;1730;1131
26.07.2022 22:00:00;26.07.2022 23:00:00;7777;2671;1711;1098
26.07.2022 23:00:00;27.07.2022 00:00:00;7298;2654;1713;1152
27.07.2022 00:00:00;27.07.2022 01:00:00;6974;2592;1809;1110
27.07.2022 01:00:00;27.07.2022 02:00:00;6795;2583;1702;1147
27.07.2022 02:00:00;27.07.2022 03:00:00;6755;2549;1640;1157
27.07.2022 03:00:00;27.07.2022 04:00:00;6679;2503;1586;1063
27.07.2022 04:00:00;27.07.2022 05:00:00;6752;2504;1656;1072
27.07.2022 05:00:00;27.07.2022 06:00:00;7246;2522;1715;1044
27.07.2022 06:00:00;27.07.2022 07:00:00;7614;2591;1759;1055
27.07.2022 07:00:00;27.07.2022 08:00:00;7898;2655;1826;991
27.07.2022 08:00:00;27.07.2022 09:00:00;8047;2750;1799;1006
27.07.2022 09:00:00;27.07.2022 10:00:00;8131;2804;1929;1023
27.07.2022 10:00:00;27.07.2022 11:00:00;8340;2920;1921;1209
27.07.2022 11:00:00;27.07.2022 12:00:00;8371;2895;1923;1193
27.07.2022 12:00:00;27.07.2022 13:00:00;8348;2906;1841;1217
27.07.2022 13:00:00;27.07.2022 14:00:00;8269;2894;1846;1259
27.07.2022 14:00:00;27.07.2022 15:00:00;8195;2833;1892;1272
27.07.2022 15:00:00;27.07.2022 16:00:00;8173;2669;1858;1346
27.07.2022 16:00:00;27.07.2022 17:00:00;8116;2684;1873;1279
27.07.2022 17:00:00;27.07.2022 18:00:00;8126;2762;1881;1183
27.07.2022 18:00:00;27.07.2022 19:00:00;8140;2818;1816;1130
27.07.2022 19:00:00;27.07.2022 20:00:00;8039;2789;1797;1166
27.07.2022 20:00:00;27.07.2022 21:00:00;7719;2830;1807;1196
27.07.2022 21:00:00;27.07.2022 22:00:00;7767;2923;1877;1187
27.07.2022 22:00:00;27.07.2022 23:00:00;7641;2941;1826;1082
27.07.2022 23:00:00;28.07.2022 00:00:00;7277;2906;1746;1003
28.07.2022 00:00:00;28.07.2022 01:00:00;6990;2665;1780;1048
28.07.2022 01:00:00;28.07.2022 02:00:00;6827;2664;1760;1164
28.07.2022 02:00:00;28.07.2022 03:00:00;6744;2619;1762;1097
28.07.2022 03:00:00;28.07.2022 04:00:00;6745;2643;1769;1027
28.07.2022 04:00:00;28.07.2022 05:00:00;6854;2662;1816;982
28.07.2022 05:00:00;28.07.2022 06:00:00;7267;2660;1834;1074
28.07.2022 06:00:00;28.07.2022 07:00:00;7643;2789;1832;1108
28.07.2022 07:00:00;28.07.2022 08:00:00;7818;2906;1932;1004
28.07.2022 08:00:00;28.07.2022 09:00:00;7991;2974;1925;967
28.07.2022 09:00:00;28.07.2022 10:00:00;8104;2974;1969;1097
28.07.2022 10:00:00;28.07.2022 11:00:00;8281;2936;2016;1106
28.07.2022 11:00:00;28.07.2022 12:00:00;8258;2821;2036;1137
28.07.2022 12:00:00;28.07.2022 13:00:00;8274;2898;1966;1076
28.07.2022 13:00:00;28.07.2022 14:00:00;8174;2879;2019;1144
28.07.2022 14:00:00;28.07.2022 15:00:00;8058;2840;2005;1158
28.07.2022 15:00:00;28.07.2022 16:00:00;8083;2850;2007;1174
28.07.2022 16:00:00;28.07.2022 17:00:00;8011;2894;1992;1133
28.07.2022 17:00:00;28.07.2022 18:00:00;8030;2871;1969;1098
28.07.2022 18:00:00;28.07.2022 19:00:00;8022;2824;1983;1027
28.07.2022 19:00:00;28.07.2022 20:00:00;7896;2874;1974;1020
28.07.2022 20:00:00;28.07.2022 21:00:00;7719;2857;1973;1026
28.07.2022 21:00:00;28.07.2022 22:00:00;7855;2841;1984;975
28.07.2022 22:00:00;28.07.2022 23:00:00;7678;2837;1986;922
28.07.2022 23:00:00;29.07.2022 00:00:00;7312;2809;1954;1023
29.07.2022 00:00:00;29.07.2022 01:00:00;7041;2722;1954;1124
29.07.2022 01:00:00;29.07.2022 02:00:00;6954;2622;1936;1144
29.07.2022 02:00:00;29.07.2022 03:00:00;6911;2596;1892;1063
29.07.2022 03:00:00;29.07.2022 04:00:00;6925;2568;1866;1057
29.07.2022 04:00:00;29.07.2022 05:00:00;7010;2568;1855;1089
29.07.2022 05:00:00;29.07.2022 06:00:00;7454;2570;1866;1137
29.07.2022 06:00:00;29.07.2022 07:00:00;7813;2650;1946;1046
29.07.2022 07:00:00;29.07.2022 08:00:00;8005;2702;2041;1082
29.07.2022 08:00:00;29.07.2022 09:00:00;8125;2750;2064;1072
29.07.2022 09:00:00;29.07.2022 10:00:00;8224;2789;2062;1059
29.07.2022 10:00:00;29.07.2022 11:00:00;8294;2852;2071;1094
29.07.2022 11:00:00;29.07.2022 12:00:00;8331;2851;2075;1074
29.07.2022 12:00:00;29.07.2022 13:00:00;8326;2829;2061;1090
29.07.2022 13:00:00;29.07.2022 14:00:00;8215;2841;2048;1062
29.07.2022 14:00:00;29.07.2022 15:00:00;8127;2780;2041;1074
29.07.2022 15:00:00;29.07.2022 16:00:00;8108;2755;2005;1111
29.07.2022 16:00:00;29.07.2022 17:00:00;8102;2740;2001;1137
29.07.2022 17:00:00;29.07.2022 18:00:00;8063;2699;1967;1170
29.07.2022 18:00:00;29.07.2022 19:00:00;8029;2688;1978;1142
29.07.2022 19:00:00;29.07.2022 20:00:00;7956;2689;1979;1112
29.07.2022 20:00:00;29.07.2022 21:00:00;7717;2725;1951;1066
29.07.2022 21:00:00;29.07.2022 22:00:00;7873;2661;1964;1078
29.07.2022 22:00:00;29.07.2022 23:00:00;7698;2677;1958;1081
29.07.2022 23:00:00;30.07.2022 00:00:00;7373;2649;1959;1107
30.07.2022 00:00:00;30.07.2022 01:00:00;7124;2535;1985;1091
30.07.2022 01:00:00;30.07.2022 02:00:00;6972;2533;1857;1074
30.07.2022 02:00:00;30.07.2022 03:00:00;6904;2509;1791;1095
30.07.2022 03:00:00;30.07.2022 04:00:00;6850;2460;1777;1060
30.07.2022 04:00:00;30.07.2022 05:00:00;6816;2400;1723;1068
30.07.2022 05:00:00;30.07.2022 06:00:00;6942;2377;1733;1057
30.07.2022 06:00:00;30.07.2022 07:00:00;7063;2400;1772;1056
30.07.2022 07:00:00;30.07.2022 08:00:00;7270;2414;1880;989
30.07.2022 08:00:00;30.07.2022 09:00:00;7438;2476;1877;1113
30.07.2022 09:00:00;30.07.2022 10:00:00;7557;2566;1889;1121
30.07.2022 10:00:00;30.07.2022 11:00:00;7731;2713;1910;1089
30.07.2022 11:00:00;30.07.2022 12:00:00;7828;2729;1917;1101
30.07.2022 12:00:00;30.07.2022 13:00:00;7835;2715;1889;1107
30.07.2022 13:00:00;30.07.2022 14:00:00;7713;2676;1891;1107
30.07.2022 14:00:00;30.07.2022 15:00:00;7633;2643;1899;1065
30.07.2022 15:00:00;30.07.2022 16:00:00;7636;2661;1886;1077
30.07.2022 16:00:00;30.07.2022 17:00:00;7740;2617;1881;1103
30.07.2022 17:00:00;30.07.2022 18:00:00;7798;2663;1863;1086
30.07.2022 18:00:00;30.07.2022 19:00:00;7765;2675;1890;1083
30.07.2022 19:00:00;30.07.2022 20:00:00;7672;2631;1868;1091
30.07.2022 20:00:00;30.07.2022 21:00:00;7409;2612;1862;1057
30.07.2022 21:00:00;30.07.2022 22:00:00;7611;2597;1851;1051
30.07.2022 22:00:00;30.07.2022 23:00:00;7462;2581;1830;1077
30.07.2022 23:00:00;31.07.2022 00:00:00;7092;2552;1784;1133
31.07.2022 00:00:00;31.07.2022 01:00:00;6845;2510;1728;1073
31.07.2022 01:00:00;31.07.2022 02:00:00;6756;2490;1695;1056
31.07.2022 02:00:00;31.07.2022 03:00:00;6707;2432;1660;1020
31.07.2022 03:00:00;31.07.2022 04:00:00;6645;2423;1635;1004
31.07.2022 04:00:00;31.07.2022 05:00:00;6518;2422;1632;996
31.07.2022 05:00:00;31.07.2022 06:00:00;6626;2433;1657;1020
31.07.2022 06:00:00;31.07.2022 07:00:00;6765;2410;1665;1010
31.07.2022 07:00:00;31.07.2022 08:00:00;6916;2422;1714;1063
31.07.2022 08:00:00;31.07.2022 09:00:00;6970;2558;1758;1093
31.07.2022 09:00:00;31.07.2022 10:00:00;7186;2539;1784;1172
31.07.2022 10:00:00;31.07.2022 11:00:00;7354;2619;1776;1122
31.07.2022 11:00:00;31.07.2022 12:00:00;7435;2626;1793;1051
31.07.2022 12:00:00;31.07.2022 13:00:00;7431;2625;1804;1079
31.07.2022 13:00:00;31.07.2022 14:00:00;7398;2556;1786;1012
31.07.2022 14:00:00;31.07.2022 15:00:00;7415;2556;1824;1020
31.07.2022 15:00:00;31.07.2022 16:00:00;7453;2584;1831;1020
31.07.2022 16:00:00;31.07.2022 17:00:00;7495;2654;1836;1022
31.07.2022 17:00:00;31.07.2022 18:00:00;7540;2667;1846;1032
31.07.2022 18:00:00;31.07.2022 19:00:00;7660;2708;1842;1073
31.07.2022 19:00:00;31.07.2022 20:00:00;7625;2744;1866;987
31.07.2022 20:00:00;31.07.2022 21:00:00;7351;2727;1855;1000
31.07.2022 21:00:00;31.07.2022 22:00:00;7567;2726;1852;1117
31.07.2022 22:00:00;31.07.2022 23:00:00;7540;2683;1879;1138
31.07.2022 23:00:00;01.08.2022 00:00:00;7135;2664;1891;1163
01.08.2022 00:00:00;01.08.2022 01:00:00;6886;2634;1866;1058
01.08.2022 01:00:00;01.08.2022 02:00:00;6793;2557;1872;1037
01.08.2022 02:00:00;01.08.2022 03:00:00;6789;2503;1789;1076
01.08.2022 03:00:00;01.08.2022 04:00:00;6792;2485;1803;1151
01.08.2022 04:00:00;01.08.2022 05:00:00;6907;2523;1824;1145
01.08.2022 05:00:00;01.08.2022 06:00:00;7391;2512;1792;1010
01.08.2022 06:00:00;01.08.2022 07:00:00;7783;2628;1935;1057
01.08.2022 07:00:00;01.08.2022 08:00:00;8014;2796;1960;1097
01.08.2022 08:00:00;01.08.2022 09:00:00;8156;2922;1983;1052
01.08.2022 09:00:00;01.08.2022 10:00:00;8225;2948;2036;1087
01.08.2022 10:00:00;01.08.2022 11:00:00;8276;2958;2045;1155
01.08.2022 11:00:00;01.08.2022 12:00:00;8376;2948;2048;1121
01.08.2022 12:00:00;01.08.2022 13:00:00;8341;2905;2041;1115
01.08.2022 13:00:00;01.08.2022 14:00:00;8285;2899;1920;1049
01.08.2022 14:00:00;01.08.2022 15:00:00;8167;2868;1896;1058
01.08.2022 15:00:00;01.08.2022 16:00:00;8112;2806;1897;1199
01.08.2022 16:00:00;01.08.2022 17:00:00;8036;2797;1910;1208
01.08.2022 17:00:00;01.08.2022 18:00:00;8009;2822;1893;1136
01.08.2022 18:00:00;01.08.2022 19:00:00;8019;2866;1878;1128
01.08.2022 19:00:00;01.08.2022 20:00:00;7962;2835;1854;1025
01.08.2022 20:00:00;01.08.2022 21:00:00;7668;2849;1872;1093
01.08.2022 21:00:00;01.08.2022 22:00:00;7829;2840;1881;1157
01.08.2022 22:00:00;01.08.2022 23:00:00;7609;2835;1868;1273
01.08.2022 23:00:00;02.08.2022 00:00:00;7144;2808;1846;1217
02.08.2022 00:00:00;02.08.2022 01:00:00;6813;2691;1823;1180
02.08.2022 01:00:00;02.08.2022 02:00:00;6621;2585;1890;1071
02.08.2022 02:00:00;02.08.2022 03:00:00;6472;2591;1893;875
02.08.2022 03:00:00;02.08.2022 04:00:00;6588;2608;1865;596
02.08.2022 04:00:00;02.08.2022 05:00:00;6671;2613;1832;599
02.08.2022 05:00:00;02.08.2022 06:00:00;7235;2624;1858;1032
02.08.2022 06:00:00;02.08.2022 07:00:00;7665;2716;1924;1311
02.08.2022 07:00:00;02.08.2022 08:00:00;7899;2841;1947;1209
02.08.2022 08:00:00;02.08.2022 09:00:00;8038;2919;1904;1238
02.08.2022 09:00:00;02.08.2022 10:00:00;8197;2913;1927;1261
02.08.2022 10:00:00;02.08.2022 11:00:00;8285;2826;1945;1228
02.08.2022 11:00:00;02.08.2022 12:00:00;8399;2759;1991;1141
02.08.2022 12:00:00;02.08.2022 13:00:00;8334;2764;1994;1148
02.08.2022 13:00:00;02.08.2022 14:00:00;8221;2836;2018;1005
02.08.2022 14:00:00;02.08.2022 15:00:00;8126;2706;1937;1016
02.08.2022 15:00:00;02.08.2022 16:00:00;7996;2752;1897;1173
02.08.2022 16:00:00;02.08.2022 17:00:00;7966;2858;1850;1188
02.08.2022 17:00:00;02.08.2022 18:00:00;7920;2633;1865;1315
02.08.2022 18:00:00;02.08.2022 19:00:00;8034;2689;1863;1225
02.08.2022 19:00:00;02.08.2022 20:00:00;8030;2811;1920;1068
02.08.2022 20:00:00;02.08.2022 21:00:00;7714;2845;1901;1000
02.08.2022 21:00:00;02.08.2022 22:00:00;7809;2823;1890;1047
02.08.2022 22:00:00;02.08.2022 23:00:00;7667;2812;1878;1035
02.08.2022 23:00:00;03.08.2022 00:00:00;7286;2774;1830;901
03.08.2022 00:00:00;03.08.2022 01:00:00;7010;2470;1875;1033
03.08.2022 01:00:00;03.08.2022 02:00:00;6853;2555;1823;1070
03.08.2022 02:00:00;03.08.2022 03:00:00;6870;2519;1792;958
03.08.2022 03:00:00;03.08.2022 04:00:00;6779;2519;1801;682
03.08.2022 04:00:00;03.08.2022 05:00:00;6837;2432;1829;923
03.08.2022 05:00:00;03.08.2022 06:00:00;7411;2291;1834;1056
03.08.2022 06:00:00;03.08.2022 07:00:00;7880;2327;1932;1098
03.08.2022 07:00:00;03.08.2022 08:00:00;8057;2515;1952;1068
03.08.2022 08:00:00;03.08.2022 09:00:00;8215;2863;1945;928
03.08.2022 09:00:00;03.08.2022 10:00:00;8305;2972;1937;989
03.08.2022 10:00:00;03.08.2022 11:00:00;8384;2847;2052;1098
03.08.2022 11:00:00;03.08.2022 12:00:00;8465;2673;1756;1050
03.08.2022 12:00:00;03.08.2022 13:00:00;8463;2491;1760;1070
03.08.2022 13:00:00;03.08.2022 14:00:00;8459;2345;1926;1047
03.08.2022 14:00:00;03.08.2022 15:00:00;8483;2805;1876;1099
03.08.2022 15:00:00;03.08.2022 16:00:00;8439;3178;1894;1050
03.08.2022 16:00:00;03.08.2022 17:00:00;8467;2800;1927;1168
03.08.2022 17:00:00;03.08.2022 18:00:00;8407;2675;1894;1170
03.08.2022 18:00:00;03.08.2022 19:00:00;8423;2760;1827;1074
03.08.2022 19:00:00;03.08.2022 20:00:00;8347;2853;1917;1066
03.08.2022 20:00:00;03.08.2022 21:00:00;8062;2790;1983;869
03.08.2022 21:00:00;03.08.2022 22:00:00;8201;2678;1972;865
03.08.2022 22:00:00;03.08.2022 23:00:00;7871;2653;1903;791
03.08.2022 23:00:00;04.08.2022 00:00:00;7358;2512;1861;706
04.08.2022 00:00:00;04.08.2022 01:00:00;7104;2493;1849;872
04.08.2022 01:00:00;04.08.2022 02:00:00;6917;2572;1778;905
04.08.2022 02:00:00;04.08.2022 03:00:00;6887;2552;1784;1010
04.08.2022 03:00:00;04.08.2022 04:00:00;6869;2603;1780;1175
04.08.2022 04:00:00;04.08.2022 05:00:00;6950;2579;1847;1096
04.08.2022 05:00:00;04.08.2022 06:00:00;7553;2517;1574;979
04.08.2022 06:00:00;04.08.2022 07:00:00;8048;2545;1608;1006
04.08.2022 07:00:00;04.08.2022 08:00:00;8263;2706;1792;1086
04.08.2022 08:00:00;04.08.2022 09:00:00;8457;2798;1820;1149
04.08.2022 09:00:00;04.08.2022 10:00:00;8538;2842;1886;1289
04.08.2022 10:00:00;04.08.2022 11:00:00;8641;2798;1945;1189
04.08.2022 11:00:00;04.08.2022 12:00:00;8649;2775;1866;1119
04.08.2022 12:00:00;04.08.2022 13:00:00;8625;2792;1904;1092
04.08.2022 13:00:00;04.08.2022 14:00:00;8569;2878;1890;1031
04.08.2022 14:00:00;04.08.2022 15:00:00;8500;2930;1929;1003
04.08.2022 15:00:00;04.08.2022 16:00:00;8455;2924;1988;894
04.08.2022 16:00:00;04.08.2022 17:00:00;8394;2941;1987;1018
04.08.2022 17:00:00;04.08.2022 18:00:00;8327;2867;1974;1091
04.08.2022 18:00:00;04.08.2022 19:00:00;8292;2806;1998;1115
04.08.2022 19:00:00;04.08.2022 20:00:00;8189;2851;1976;1138
04.08.2022 20:00:00;04.08.2022 21:00:00;7885;2832;1967;1188
04.08.2022 21:00:00;04.08.2022 22:00:00;8053;2742;1910;1112
04.08.2022 22:00:00;04.08.2022 23:00:00;7838;2756;1842;1021
04.08.2022 23:00:00;05.08.2022 00:00:00;7377;2745;1716;923
05.08.2022 00:00:00;05.08.2022 01:00:00;7086;2647;1842;855
05.08.2022 01:00:00;05.08.2022 02:00:00;7014;2586;1849;1053
05.08.2022 02:00:00;05.08.2022 03:00:00;6994;2554;1896;1163
05.08.2022 03:00:00;05.08.2022 04:00:00;6967;2623;1907;1013
05.08.2022 04:00:00;05.08.2022 05:00:00;7032;2569;1845;949
05.08.2022 05:00:00;05.08.2022 06:00:00;7590;2635;1666;844
05.08.2022 06:00:00;05.08.2022 07:00:00;8046;2734;1699;1200
05.08.2022 07:00:00;05.08.2022 08:00:00;8302;2773;1865;1182
05.08.2022 08:00:00;05.08.2022 09:00:00;8455;2845;1905;1154
05.08.2022 09:00:00;05.08.2022 10:00:00;8628;2922;1990;1149
05.08.2022 10:00:00;05.08.2022 11:00:00;8743;2903;2110;1194
05.08.2022 11:00:00;05.08.2022 12:00:00;8764;2906;2100;1083
05.08.2022 12:00:00;05.08.2022 13:00:00;8803;2883;2000;1020
05.08.2022 13:00:00;05.08.2022 14:00:00;8612;2896;1995;1148
05.08.2022 14:00:00;05.08.2022 15:00:00;8599;2944;1956;1264
05.08.2022 15:00:00;05.08.2022 16:00:00;8592;2995;1984;1165
05.08.2022 16:00:00;05.08.2022 17:00:00;8518;2917;1944;1069
05.08.2022 17:00:00;05.08.2022 18:00:00;8411;2790;1816;1140
05.08.2022 18:00:00;05.08.2022 19:00:00;8348;2755;1783;1122
05.08.2022 19:00:00;05.08.2022 20:00:00;8191;2720;1862;1065
05.08.2022 20:00:00;05.08.2022 21:00:00;7941;2799;1890;1054
05.08.2022 21:00:00;05.08.2022 22:00:00;8055;2833;1895;1052
05.08.2022 22:00:00;05.08.2022 23:00:00;7788;2861;1910;1011
05.08.2022 23:00:00;06.08.2022 00:00:00;7405;2643;1914;949
06.08.2022 00:00:00;06.08.2022 01:00:00;7132;2656;1815;1043
06.08.2022 01:00:00;06.08.2022 02:00:00;7072;2527;1810;1110
06.08.2022 02:00:00;06.08.2022 03:00:00;7016;2537;1789;1085
06.08.2022 03:00:00;06.08.2022 04:00:00;6962;2482;1775;986
06.08.2022 04:00:00;06.08.2022 05:00:00;6903;2588;1736;841
06.08.2022 05:00:00;06.08.2022 06:00:00;7072;2718;1699;833
06.08.2022 06:00:00;06.08.2022 07:00:00;7243;2654;1747;836
06.08.2022 07:00:00;06.08.2022 08:00:00;7438;2739;1833;779
06.08.2022 08:00:00;06.08.2022 09:00:00;7749;2777;1878;788
06.08.2022 09:00:00;06.08.2022 10:00:00;7937;2632;1857;866
06.08.2022 10:00:00;06.08.2022 11:00:00;8020;2573;1931;977
06.08.2022 11:00:00;06.08.2022 12:00:00;7990;2767;1972;925
06.08.2022 12:00:00;06.08.2022 13:00:00;7938;2792;2041;931
06.08.2022 13:00:00;06.08.2022 14:00:00;7820;2515;1941;1054
06.08.2022 14:00:00;06.08.2022 15:00:00;7750;2577;1901;974
06.08.2022 15:00:00;06.08.2022 16:00:00;7832;2714;1853;1036
06.08.2022 16:00:00;06.08.2022 17:00:00;7905;2658;1878;845
06.08.2022 17:00:00;06.08.2022 18:00:00;7936;2660;1884;766
06.08.2022 18:00:00;06.08.2022 19:00:00;7934;2691;1902;1104
06.08.2022 19:00:00;06.08.2022 20:00:00;7838;2658;1852;1333
06.08.2022 20:00:00;06.08.2022 21:00:00;7593;2641;1764;1099
06.08.2022 21:00:00;06.08.2022 22:00:00;7864;2556;1735;724
06.08.2022 22:00:00;06.08.2022 23:00:00;7729;2673;1713;335
06.08.2022 23:00:00;07.08.2022 00:00:00;7360;2629;1751;557
07.08.2022 00:00:00;07.08.2022 01:00:00;7097;2775;1684;866
07.08.2022 01:00:00;07.08.2022 02:00:00;6905;2758;1726;985
07.08.2022 02:00:00;07.08.2022 03:00:00;6839;2773;1690;1072
07.08.2022 03:00:00;07.08.2022 04:00:00;6849;2672;1659;1042
07.08.2022 04:00:00;07.08.2022 05:00:00;6704;2678;1632;966
07.08.2022 05:00:00;07.08.2022 06:00:00;6759;2646;1660;1016
07.08.2022 06:00:00;07.08.2022 07:00:00;6996;2683;1684;1199
07.08.2022 07:00:00;07.08.2022 08:00:00;7253;2722;1731;1264
07.08.2022 08:00:00;07.08.2022 09:00:00;7481;2807;1780;1009
07.08.2022 09:00:00;07.08.2022 10:00:00;7691;2755;1770;768
07.08.2022 10:00:00;07.08.2022 11:00:00;7765;2760;1804;1051
07.08.2022 11:00:00;07.08.2022 12:00:00;7816;2789;1798;1135
07.08.2022 12:00:00;07.08.2022 13:00:00;7790;2748;1866;947
07.08.2022 13:00:00;07.08.2022 14:00:00;7811;2750;1883;890
07.08.2022 14:00:00;07.08.2022 15:00:00;7809;2735;1868;993
07.08.2022 15:00:00;07.08.2022 16:00:00;7829;2719;1886;941
07.08.2022 16:00:00;07.08.2022 17:00:00;7866;2733;1856;836
07.08.2022 17:00:00;07.08.2022 18:00:00;7898;2808;1840;930
07.08.2022 18:00:00;07.08.2022 19:00:00;7829;2803;1846;873
07.08.2022 19:00:00;07.08.2022 20:00:00;7850;2818;1798;1078
07.08.2022 20:00:00;07.08.2022 21:00:00;7605;2772;1806;1150
07.08.2022 21:00:00;07.08.2022 22:00:00;7850;2737;1856;1124
07.08.2022 22:00:00;07.08.2022 23:00:00;7731;2756;1949;956
07.08.2022 23:00:00;08.08.2022 00:00:00;7391;2657;1997;900
08.08.2022 00:00:00;08.08.2022 01:00:00;7147;2615;1970;892
08.08.2022 01:00:00;08.08.2022 02:00:00;7070;2594;1913;912
08.08.2022 02:00:00;08.08.2022 03:00:00;7067;2592;1846;956
08.08.2022 03:00:00;08.08.2022 04:00:00;7082;2704;1846;971
08.08.2022 04:00:00;08.08.2022 05:00:00;7138;2666;1880;1031
08.08.2022 05:00:00;08.08.2022 06:00:00;7579;2656;1850;969
08.08.2022 06:00:00;08.08.2022 07:00:00;7871;2721;1879;1062
08.08.2022 07:00:00;08.08.2022 08:00:00;7989;2844;2007;1134
08.08.2022 08:00:00;08.08.2022 09:00:00;8152;3010;2060;1126
08.08.2022 09:00:00;08.08.2022 10:00:00;8193;3067;2104;1110
08.08.2022 10:00:00;08.08.2022 11:00:00;8378;3025;2090;1154
08.08.2022 11:00:00;08.08.2022 12:00:00;8362;2993;2047;1172
08.08.2022 12:00:00;08.08.2022 13:00:00;8299;2914;2017;1114
08.08.2022 13:00:00;08.08.2022 14:00:00;8206;2952;1936;1168
08.08.2022 14:00:00;08.08.2022 15:00:00;8184;3001;1962;1148
08.08.2022 15:00:00;08.08.2022 16:00:00;8167;2905;2031;1132
08.08.2022 16:00:00;08.08.2022 17:00:00;8178;2994;2024;1130
08.08.2022 17:00:00;08.08.2022 18:00:00;8080;2881;1973;1137
08.08.2022 18:00:00;08.08.2022 19:00:00;8042;2907;1795;1109
08.08.2022 19:00:00;08.08.2022 20:00:00;7923;2874;1988;1040
08.08.2022 20:00:00;08.08.2022 21:00:00;7768;2834;2014;963
08.08.2022 21:00:00;08.08.2022 22:00:00;7963;2837;1905;1015
08.08.2022 22:00:00;08.08.2022 23:00:00;7697;2803;1819;1057
08.08.2022 23:00:00;09.08.2022 00:00:00;7327;2793;1876;1156
09.08.2022 00:00:00;09.08.2022 01:00:00;7057;2611;1942;959
09.08.2022 01:00:00;09.08.2022 02:00:00;7071;2487;1900;926
09.08.2022 02:00:00;09.08.2022 03:00:00;7102;2442;1811;895
09.08.2022 03:00:00;09.08.2022 04:00:00;7106;2479;1816;993
09.08.2022 04:00:00;09.08.2022 05:00:00;7163;2430;1753;1024
09.08.2022 05:00:00;09.08.2022 06:00:00;7736;2424;1762;956
09.08.2022 06:00:00;09.08.2022 07:00:00;8001;2561;1803;1198
09.08.2022 07:00:00;09.08.2022 08:00:00;8233;2764;1845;1049
09.08.2022 08:00:00;09.08.2022 09:00:00;8307;2924;1919;1150
09.08.2022 09:00:00;09.08.2022 10:00:00;8325;3032;1934;1003
09.08.2022 10:00:00;09.08.2022 11:00:00;8407;3188;1892;936
09.08.2022 11:00:00;09.08.2022 12:00:00;8506;3138;1924;914
09.08.2022 12:00:00;09.08.2022 13:00:00;8462;3032;1974;887
09.08.2022 13:00:00;09.08.2022 14:00:00;8414;3023;2022;1066
09.08.2022 14:00:00;09.08.2022 15:00:00;8435;2968;2043;993
09.08.2022 15:00:00;09.08.2022 16:00:00;8389;2752;2045;1182
09.08.2022 16:00:00;09.08.2022 17:00:00;8372;2998;2095;1092
09.08.2022 17:00:00;09.08.2022 18:00:00;8125;2993;2080;1128
09.08.2022 18:00:00;09.08.2022 19:00:00;8163;2888;2043;1201
09.08.2022 19:00:00;09.08.2022 20:00:00;8138;2876;2020;1390
09.08.2022 20:00:00;09.08.2022 21:00:00;7867;2795;2067;1239
09.08.2022 21:00:00;09.08.2022 22:00:00;8119;2795;2033;1072
09.08.2022 22:00:00;09.08.2022 23:00:00;7864;2576;1964;884
09.08.2022 23:00:00;10.08.2022 00:00:00;7427;2439;1909;1057
10.08.2022 00:00:00;10.08.2022 01:00:00;7074;2386;1887;1156
10.08.2022 01:00:00;10.08.2022 02:00:00;6967;2329;1796;1059
10.08.2022 02:00:00;10.08.2022 03:00:00;6945;2356;1730;858
10.08.2022 03:00:00;10.08.2022 04:00:00;6955;2265;1722;847
10.08.2022 04:00:00;10.08.2022 05:00:00;7023;2310;1691;822
10.08.2022 05:00:00;10.08.2022 06:00:00;7696;2472;1686;834
10.08.2022 06:00:00;10.08.2022 07:00:00;8189;2457;1776;929
10.08.2022 07:00:00;10.08.2022 08:00:00;8391;2584;1821;1014
10.08.2022 08:00:00;10.08.2022 09:00:00;8413;2536;1908;1001
10.08.2022 09:00:00;10.08.2022 10:00:00;8491;2635;1994;1123
10.08.2022 10:00:00;10.08.2022 11:00:00;8567;2851;2020;1114
10.08.2022 11:00:00;10.08.2022 12:00:00;8592;2895;2059;940
10.08.2022 12:00:00;10.08.2022 13:00:00;8559;2800;1948;858
10.08.2022 13:00:00;10.08.2022 14:00:00;8482;2569;2053;975
10.08.2022 14:00:00;10.08.2022 15:00:00;8482;2667;2049;1120
10.08.2022 15:00:00;10.08.2022 16:00:00;8533;2703;2067;1183
10.08.2022 16:00:00;10.08.2022 17:00:00;8619;3028;2027;1232
10.08.2022 17:00:00;10.08.2022 18:00:00;8607;2825;1979;1167
10.08.2022 18:00:00;10.08.2022 19:00:00;8625;2639;2064;1158
10.08.2022 19:00:00;10.08.2022 20:00:00;8540;2778;2099;1238
10.08.2022 20:00:00;10.08.2022 21:00:00;8321;2646;2057;1155
10.08.2022 21:00:00;10.08.2022 22:00:00;8409;2892;2088;1111
10.08.2022 22:00:00;10.08.2022 23:00:00;8066;2837;2072;1139
10.08.2022 23:00:00;11.08.2022 00:00:00;7551;2464;2067;953
11.08.2022 00:00:00;11.08.2022 01:00:00;7229;2660;1917;858
11.08.2022 01:00:00;11.08.2022 02:00:00;7109;2606;1924;987
11.08.2022 02:00:00;11.08.2022 03:00:00;7116;2625;2098;916
11.08.2022 03:00:00;11.08.2022 04:00:00;7106;2660;2119;1019
11.08.2022 04:00:00;11.08.2022 05:00:00;7188;2622;1927;1026
11.08.2022 05:00:00;11.08.2022 06:00:00;7888;2435;2021;965
11.08.2022 06:00:00;11.08.2022 07:00:00;8450;2483;2115;1106
11.08.2022 07:00:00;11.08.2022 08:00:00;8675;2543;2108;1138
11.08.2022 08:00:00;11.08.2022 09:00:00;8684;2621;2195;1055
11.08.2022 09:00:00;11.08.2022 10:00:00;8721;2692;2247;1318
11.08.2022 10:00:00;11.08.2022 11:00:00;8791;2853;2168;1172
11.08.2022 11:00:00;11.08.2022 12:00:00;8802;2878;2117;1167
11.08.2022 12:00:00;11.08.2022 13:00:00;8782;2972;2211;1186
11.08.2022 13:00:00;11.08.2022 14:00:00;8698;2751;2222;1189
11.08.2022 14:00:00;11.08.2022 15:00:00;8746;2721;2124;1114
11.08.2022 15:00:00;11.08.2022 16:00:00;8790;2743;2167;1106
11.08.2022 16:00:00;11.08.2022 17:00:00;8767;2812;2194;989
11.08.2022 17:00:00;11.08.2022 18:00:00;8618;2839;2187;1096
11.08.2022 18:00:00;11.08.2022 19:00:00;8600;2989;2275;1110
11.08.2022 19:00:00;11.08.2022 20:00:00;8399;2807;2204;1178
11.08.2022 20:00:00;11.08.2022 21:00:00;8072;2816;2110;1374
11.08.2022 21:00:00;11.08.2022 22:00:00;8377;2747;1995;1117
11.08.2022 22:00:00;11.08.2022 23:00:00;8182;2728;1989;986
11.08.2022 23:00:00;12.08.2022 00:00:00;7741;2726;1959;1104
12.08.2022 00:00:00;12.08.2022 01:00:00;7470;2631;1979;1142
12.08.2022 01:00:00;12.08.2022 02:00:00;7320;2491;1883;1071
12.08.2022 02:00:00;12.08.2022 03:00:00;7256;2483;1885;1035
12.08.2022 03:00:00;12.08.2022 04:00:00;7296;2521;1928;967
12.08.2022 04:00:00;12.08.2022 05:00:00;7325;2533;1908;917
12.08.2022 05:00:00;12.08.2022 06:00:00;7941;2494;1865;931
12.08.2022 06:00:00;12.08.2022 07:00:00;8477;2650;1825;1080
12.08.2022 07:00:00;12.08.2022 08:00:00;8711;2775;1960;1184
12.08.2022 08:00:00;12.08.2022 09:00:00;8802;2880;2053;1239
12.08.2022 09:00:00;12.08.2022 10:00:00;8822;2893;2085;1099
12.08.2022 10:00:00;12.08.2022 11:00:00;8881;2900;2153;1021
12.08.2022 11:00:00;12.08.2022 12:00:00;8911;2865;2156;1079
12.08.2022 12:00:00;12.08.2022 13:00:00;8855;2766;2159;1272
12.08.2022 13:00:00;12.08.2022 14:00:00;8781;2736;2112;1308
12.08.2022 14:00:00;12.08.2022 15:00:00;8815;2821;2036;1271
12.08.2022 15:00:00;12.08.2022 16:00:00;8710;2812;2092;1312
12.08.2022 16:00:00;12.08.2022 17:00:00;8681;2766;2158;1383
12.08.2022 17:00:00;12.08.2022 18:00:00;8561;2736;2194;1462
12.08.2022 18:00:00;12.08.2022 19:00:00;8431;2768;2255;1359
12.08.2022 19:00:00;12.08.2022 20:00:00;8330;2758;2187;1291
12.08.2022 20:00:00;12.08.2022 21:00:00;8113;2710;2103;1337
12.08.2022 21:00:00;12.08.2022 22:00:00;8309;2687;2037;1363
12.08.2022 22:00:00;12.08.2022 23:00:00;7972;2679;2051;1249
12.08.2022 23:00:00;13.08.2022 00:00:00;7538;2594;2065;1112
13.08.2022 00:00:00;13.08.2022 01:00:00;7323;2519;2007;1213
13.08.2022 01:00:00;13.08.2022 02:00:00;7165;2552;2053;1116
13.08.2022 02:00:00;13.08.2022 03:00:00;7026;2502;2021;1127
13.08.2022 03:00:00;13.08.2022 04:00:00;6965;2548;2015;1215
13.08.2022 04:00:00;13.08.2022 05:00:00;6829;2529;2013;1215
13.08.2022 05:00:00;13.08.2022 06:00:00;6963;2513;1975;1065
13.08.2022 06:00:00;13.08.2022 07:00:00;7219;2480;1978;1121
13.08.2022 07:00:00;13.08.2022 08:00:00;7488;2503;2010;1149
13.08.2022 08:00:00;13.08.2022 09:00:00;7701;2583;2077;1192
13.08.2022 09:00:00;13.08.2022 10:00:00;7818;2672;2128;1325
13.08.2022 10:00:00;13.08.2022 11:00:00;7925;2740;2108;953
13.08.2022 11:00:00;13.08.2022 12:00:00;7984;2758;2153;1137
13.08.2022 12:00:00;13.08.2022 13:00:00;7986;2730;2174;1206
13.08.2022 13:00:00;13.08.2022 14:00:00;7946;2694;2087;1362
13.08.2022 14:00:00;13.08.2022 15:00:00;7953;2654;2128;1265
13.08.2022 15:00:00;13.08.2022 16:00:00;8018;2649;2036;1163
13.08.2022 16:00:00;13.08.2022 17:00:00;8105;2624;2008;1135
13.08.2022 17:00:00;13.08.2022 18:00:00;8094;2666;1986;1256
13.08.2022 18:00:00;13.08.2022 19:00:00;8093;2690;2000;1192
13.08.2022 19:00:00;13.08.2022 20:00:00;7945;2656;1961;1231
13.08.2022 20:00:00;13.08.2022 21:00:00;7775;2641;1973;1214
13.08.2022 21:00:00;13.08.2022 22:00:00;8035;2646;1970;1151
13.08.2022 22:00:00;13.08.2022 23:00:00;7816;2631;1977;1149
13.08.2022 23:00:00;14.08.2022 00:00:00;7528;2610;2035;1205
14.08.2022 00:00:00;14.08.2022 01:00:00;7212;2626;1975;1290
14.08.2022 01:00:00;14.08.2022 02:00:00;7021;2615;1942;1442
14.08.2022 02:00:00;14.08.2022 03:00:00;6910;2561;1976;1488
14.08.2022 03:00:00;14.08.2022 04:00:00;6923;2565;2064;1331
14.08.2022 04:00:00;14.08.2022 05:00:00;6806;2555;2040;1326
14.08.2022 05:00:00;14.08.2022 06:00:00;6906;2601;2060;1035
14.08.2022 06:00:00;14.08.2022 07:00:00;7027;2602;1943;1040
14.08.2022 07:00:00;14.08.2022 08:00:00;7191;2607;1911;1109
14.08.2022 08:00:00;14.08.2022 09:00:00;7386;2718;2014;1117
14.08.2022 09:00:00;14.08.2022 10:00:00;7621;2762;2006;1136
14.08.2022 10:00:00;14.08.2022 11:00:00;7779;2728;2022;1120
14.08.2022 11:00:00;14.08.2022 12:00:00;7814;2739;2071;1117
14.08.2022 12:00:00;14.08.2022 13:00:00;7892;2757;1945;1135
14.08.2022 13:00:00;14.08.2022 14:00:00;7860;2760;2097;1162
14.08.2022 14:00:00;14.08.2022 15:00:00;7899;2722;2068;1164
14.08.2022 15:00:00;14.08.2022 16:00:00;7951;2662;2087;1173
14.08.2022 16:00:00;14.08.2022 17:00:00;7962;2660;2032;1294
14.08.2022 17:00:00;14.08.2022 18:00:00;7982;2674;2067;1233
14.08.2022 18:00:00;14.08.2022 19:00:00;7996;2695;2077;1269
14.08.2022 19:00:00;14.08.2022 20:00:00;7956;2720;2042;1270
14.08.2022 20:00:00;14.08.2022 21:00:00;7716;2792;2005;1183
14.08.2022 21:00:00;14.08.2022 22:00:00;8030;2802;2042;1109
14.08.2022 22:00:00;14.08.2022 23:00:00;7750;2782;2076;1036
14.08.2022 23:00:00;15.08.2022 00:00:00;7437;2759;2060;1034
15.08.2022 00:00:00;15.08.2022 01:00:00;7348;2654;1961;1099
15.08.2022 01:00:00;15.08.2022 02:00:00;7093;2567;1912;1113
15.08.2022 02:00:00;15.08.2022 03:00:00;7138;2560;1869;1194
15.08.2022 03:00:00;15.08.2022 04:00:00;7191;2466;1852;1078
15.08.2022 04:00:00;15.08.2022 05:00:00;7251;2381;1836;1059
15.08.2022 05:00:00;15.08.2022 06:00:00;7771;2450;1791;1060
15.08.2022 06:00:00;15.08.2022 07:00:00;8218;2750;1888;1064
15.08.2022 07:00:00;15.08.2022 08:00:00;8486;2841;1985;1076
15.08.2022 08:00:00;15.08.2022 09:00:00;8671;2805;1961;1205
15.08.2022 09:00:00;15.08.2022 10:00:00;8746;2898;2003;1287
15.08.2022 10:00:00;15.08.2022 11:00:00;8836;2936;2014;1194
15.08.2022 11:00:00;15.08.2022 12:00:00;9009;2853;1990;1221
15.08.2022 12:00:00;15.08.2022 13:00:00;9029;2810;1939;1166
15.08.2022 13:00:00;15.08.2022 14:00:00;8922;2874;1858;1210
15.08.2022 14:00:00;15.08.2022 15:00:00;8787;2881;1997;1207
15.08.2022 15:00:00;15.08.2022 16:00:00;8725;2846;1979;1277
15.08.2022 16:00:00;15.08.2022 17:00:00;8666;2802;1988;1131
15.08.2022 17:00:00;15.08.2022 18:00:00;8602;2939;1963;1159
15.08.2022 18:00:00;15.08.2022 19:00:00;8511;2981;1916;1208
15.08.2022 19:00:00;15.08.2022 20:00:00;8428;2920;1901;1260
15.08.2022 20:00:00;15.08.2022 21:00:00;8285;2854;1927;1125
15.08.2022 21:00:00;15.08.2022 22:00:00;8393;2815;1919;1021
15.08.2022 22:00:00;15.08.2022 23:00:00;8100;2755;1998;1045
15.08.2022 23:00:00;16.08.2022 00:00:00;7680;2587;1925;1150
16.08.2022 00:00:00;16.08.2022 01:00:00;7347;2424;1803;1120
16.08.2022 01:00:00;16.08.2022 02:00:00;7231;2461;1794;1140
16.08.2022 02:00:00;16.08.2022 03:00:00;7164;2361;1759;918
16.08.2022 03:00:00;16.08.2022 04:00:00;7222;2183;1717;1072
16.08.2022 04:00:00;16.08.2022 05:00:00;7322;2299;1704;1163
16.08.2022 05:00:00;16.08.2022 06:00:00;7811;2346;1644;1065
16.08.2022 06:00:00;16.08.2022 07:00:00;8322;2596;1671;980
16.08.2022 07:00:00;16.08.2022 08:00:00;8620;2771;1864;1107
16.08.2022 08:00:00;16.08.2022 09:00:00;8607;2859;1878;1227
16.08.2022 09:00:00;16.08.2022 10:00:00;8611;2713;1899;1071
16.08.2022 10:00:00;16.08.2022 11:00:00;8845;2709;1938;1081
16.08.2022 11:00:00;16.08.2022 12:00:00;8897;2732;1936;1133
16.08.2022 12:00:00;16.08.2022 13:00:00;9002;2738;1882;1233
16.08.2022 13:00:00;16.08.2022 14:00:00;8973;2714;1894;1286
16.08.2022 14:00:00;16.08.2022 15:00:00;8995;2740;1953;1439
16.08.2022 15:00:00;16.08.2022 16:00:00;8952;2743;2035;1257
16.08.2022 16:00:00;16.08.2022 17:00:00;8912;2811;1943;1303
16.08.2022 17:00:00;16.08.2022 18:00:00;8771;2824;1939;1368
16.08.2022 18:00:00;16.08.2022 19:00:00;8668;2786;1983;1283
16.08.2022 19:00:00;16.08.2022 20:00:00;8576;2816;1910;1202
16.08.2022 20:00:00;16.08.2022 21:00:00;8363;2734;1931;1267
16.08.2022 21:00:00;16.08.2022 22:00:00;8488;2723;1878;1079
16.08.2022 22:00:00;16.08.2022 23:00:00;8167;2621;1882;1059
16.08.2022 23:00:00;17.08.2022 00:00:00;7648;2496;1807;1046
17.08.2022 00:00:00;17.08.2022 01:00:00;7295;2380;1648;1014
17.08.2022 01:00:00;17.08.2022 02:00:00;7148;2270;1542;1073
17.08.2022 02:00:00;17.08.2022 03:00:00;7057;2265;1579;1115
17.08.2022 03:00:00;17.08.2022 04:00:00;7135;2210;1530;1159
17.08.2022 04:00:00;17.08.2022 05:00:00;7247;2335;1596;1143
17.08.2022 05:00:00;17.08.2022 06:00:00;7913;2296;1606;1164
17.08.2022 06:00:00;17.08.2022 07:00:00;8492;2324;1711;1115
17.08.2022 07:00:00;17.08.2022 08:00:00;8727;2526;1908;954
17.08.2022 08:00:00;17.08.2022 09:00:00;8868;2827;1873;1365
17.08.2022 09:00:00;17.08.2022 10:00:00;8896;2712;1887;1474
17.08.2022 10:00:00;17.08.2022 11:00:00;9050;2822;1892;1245
17.08.2022 11:00:00;17.08.2022 12:00:00;9101;2868;1945;1464
17.08.2022 12:00:00;17.08.2022 13:00:00;9098;2840;1930;1254
17.08.2022 13:00:00;17.08.2022 14:00:00;9030;2782;1954;1206
17.08.2022 14:00:00;17.08.2022 15:00:00;8949;2790;2014;1064
17.08.2022 15:00:00;17.08.2022 16:00:00;8946;2849;2097;1026
17.08.2022 16:00:00;17.08.2022 17:00:00;8934;2865;2077;1107
17.08.2022 17:00:00;17.08.2022 18:00:00;8837;2770;1941;1404
17.08.2022 18:00:00;17.08.2022 19:00:00;8815;2782;1946;1596
17.08.2022 19:00:00;17.08.2022 20:00:00;8697;2750;1992;1390
17.08.2022 20:00:00;17.08.2022 21:00:00;8361;2758;1930;1228
17.08.2022 21:00:00;17.08.2022 22:00:00;8351;2790;1929;1080
17.08.2022 22:00:00;17.08.2022 23:00:00;8081;2742;1905;986
17.08.2022 23:00:00;18.08.2022 00:00:00;7723;2664;1831;973
18.08.2022 00:00:00;18.08.2022 01:00:00;7441;2526;1845;1043
18.08.2022 01:00:00;18.08.2022 02:00:00;7261;2493;1838;1145
18.08.2022 02:00:00;18.08.2022 03:00:00;7057;2476;1764;1130
18.08.2022 03:00:00;18.08.2022 04:00:00;7217;2348;1816;1265
18.08.2022 04:00:00;18.08.2022 05:00:00;7236;2357;1809;1259
18.08.2022 05:00:00;18.08.2022 06:00:00;7688;2407;1832;1124
18.08.2022 06:00:00;18.08.2022 07:00:00;8144;2473;1890;1184
18.08.2022 07:00:00;18.08.2022 08:00:00;8571;2561;1925;1235
18.08.2022 08:00:00;18.08.2022 09:00:00;8651;2706;1898;1263
18.08.2022 09:00:00;18.08.2022 10:00:00;8695;2803;1861;1248
18.08.2022 10:00:00;18.08.2022 11:00:00;8837;2786;1876;1278
18.08.2022 11:00:00;18.08.2022 12:00:00;8729;2703;1926;1286
18.08.2022 12:00:00;18.08.2022 13:00:00;8678;2736;1870;1275
18.08.2022 13:00:00;18.08.2022 14:00:00;8673;2756;1863;1292
18.08.2022 14:00:00;18.08.2022 15:00:00;8661;2840;1894;1263
18.08.2022 15:00:00;18.08.2022 16:00:00;8612;2834;1827;1302
18.08.2022 16:00:00;18.08.2022 17:00:00;8658;2790;1854;1291
18.08.2022 17:00:00;18.08.2022 18:00:00;8534;2634;1845;1282
18.08.2022 18:00:00;18.08.2022 19:00:00;8552;2495;1813;1243
18.08.2022 19:00:00;18.08.2022 20:00:00;8505;2572;1806;1160
18.08.2022 20:00:00;18.08.2022 21:00:00;8400;2704;1835;1214
18.08.2022 21:00:00;18.08.2022 22:00:00;8518;2555;1778;1225
18.08.2022 22:00:00;18.08.2022 23:00:00;8107;2422;1799;1165
18.08.2022 23:00:00;19.08.2022 00:00:00;7662;2291;1783;1231
19.08.2022 00:00:00;19.08.2022 01:00:00;7419;2378;1812;1224
19.08.2022 01:00:00;19.08.2022 02:00:00;7271;2457;1800;1175
19.08.2022 02:00:00;19.08.2022 03:00:00;7218;2513;1782;1168
19.08.2022 03:00:00;19.08.2022 04:00:00;7289;2557;1780;1175
19.08.2022 04:00:00;19.08.2022 05:00:00;7367;2545;1719;1178
19.08.2022 05:00:00;19.08.2022 06:00:00;7880;2470;1690;1149
19.08.2022 06:00:00;19.08.2022 07:00:00;8321;2629;1734;1216
19.08.2022 07:00:00;19.08.2022 08:00:00;8776;2788;1841;1278
19.08.2022 08:00:00;19.08.2022 09:00:00;8851;2850;1843;1239
19.08.2022 09:00:00;19.08.2022 10:00:00;8953;2889;1809;1322
19.08.2022 10:00:00;19.08.2022 11:00:00;9033;2747;1881;1388
19.08.2022 11:00:00;19.08.2022 12:00:00;8988;2646;1894;1361
19.08.2022 12:00:00;19.08.2022 13:00:00;8891;2639;1938;1405
19.08.2022 13:00:00;19.08.2022 14:00:00;8957;2706;1971;1486
19.08.2022 14:00:00;19.08.2022 15:00:00;8882;2804;1971;1441
19.08.2022 15:00:00;19.08.2022 16:00:00;8828;2613;1903;1416
19.08.2022 16:00:00;19.08.2022 17:00:00;8746;2659;1780;1536
19.08.2022 17:00:00;19.08.2022 18:00:00;8488;2753;1713;1500
19.08.2022 18:00:00;19.08.2022 19:00:00;8531;2708;1642;1358
19.08.2022 19:00:00;19.08.2022 20:00:00;8434;2580;1759;1285
19.08.2022 20:00:00;19.08.2022 21:00:00;8237;2833;1866;1215
19.08.2022 21:00:00;19.08.2022 22:00:00;8278;2770;1870;1361
19.08.2022 22:00:00;19.08.2022 23:00:00;7915;2742;1791;1312
19.08.2022 23:00:00;20.08.2022 00:00:00;7544;2562;1777;1286
20.08.2022 00:00:00;20.08.2022 01:00:00;7273;2493;1800;1200
20.08.2022 01:00:00;20.08.2022 02:00:00;7148;2507;1736;1357
20.08.2022 02:00:00;20.08.2022 03:00:00;7138;2502;1717;1273
20.08.2022 03:00:00;20.08.2022 04:00:00;7171;2515;1693;1172
20.08.2022 04:00:00;20.08.2022 05:00:00;7065;2451;1631;1114
20.08.2022 05:00:00;20.08.2022 06:00:00;7156;2389;1641;1209
20.08.2022 06:00:00;20.08.2022 07:00:00;7328;2400;1639;1152
20.08.2022 07:00:00;20.08.2022 08:00:00;7617;2476;1671;1196
20.08.2022 08:00:00;20.08.2022 09:00:00;7867;2610;1743;1119
20.08.2022 09:00:00;20.08.2022 10:00:00;7955;2692;1819;1077
20.08.2022 10:00:00;20.08.2022 11:00:00;8114;2689;1790;1360
20.08.2022 11:00:00;20.08.2022 12:00:00;8178;2682;1774;1575
20.08.2022 12:00:00;20.08.2022 13:00:00;8193;2770;1751;1412
20.08.2022 13:00:00;20.08.2022 14:00:00;8100;2630;1731;1205
20.08.2022 14:00:00;20.08.2022 15:00:00;8190;2635;1673;1180
20.08.2022 15:00:00;20.08.2022 16:00:00;8286;2628;1652;1323
20.08.2022 16:00:00;20.08.2022 17:00:00;8381;2615;1695;1405
20.08.2022 17:00:00;20.08.2022 18:00:00;8372;2628;1761;1284
20.08.2022 18:00:00;20.08.2022 19:00:00;8331;2634;1755;1142
20.08.2022 19:00:00;20.08.2022 20:00:00;8223;2620;1736;915
20.08.2022 20:00:00;20.08.2022 21:00:00;7894;2547;1761;780
20.08.2022 21:00:00;20.08.2022 22:00:00;8067;2530;1810;861
20.08.2022 22:00:00;20.08.2022 23:00:00;7833;2525;1798;1013
20.08.2022 23:00:00;21.08.2022 00:00:00;7404;2427;1773;831
21.08.2022 00:00:00;21.08.2022 01:00:00;7061;2437;1718;1038
21.08.2022 01:00:00;21.08.2022 02:00:00;6917;2403;1702;1008
21.08.2022 02:00:00;21.08.2022 03:00:00;6803;2357;1686;966
21.08.2022 03:00:00;21.08.2022 04:00:00;6792;2370;1687;1107
21.08.2022 04:00:00;21.08.2022 05:00:00;6726;2346;1666;1220
21.08.2022 05:00:00;21.08.2022 06:00:00;6739;2332;1653;1286
21.08.2022 06:00:00;21.08.2022 07:00:00;7072;2311;1651;1319
21.08.2022 07:00:00;21.08.2022 08:00:00;7318;2312;1642;1419
21.08.2022 08:00:00;21.08.2022 09:00:00;7545;2346;1693;1484
21.08.2022 09:00:00;21.08.2022 10:00:00;7806;2397;1781;1527
21.08.2022 10:00:00;21.08.2022 11:00:00;8020;2536;1773;1302
21.08.2022 11:00:00;21.08.2022 12:00:00;8166;2487;1761;1192
21.08.2022 12:00:00;21.08.2022 13:00:00;8199;2482;1747;1123
21.08.2022 13:00:00;21.08.2022 14:00:00;8192;2609;1761;1159
21.08.2022 14:00:00;21.08.2022 15:00:00;8184;2579;1803;1320
21.08.2022 15:00:00;21.08.2022 16:00:00;8237;2593;1761;1317
21.08.2022 16:00:00;21.08.2022 17:00:00;8292;2542;1772;1185
21.08.2022 17:00:00;21.08.2022 18:00:00;8246;2562;1762;1175
21.08.2022 18:00:00;21.08.2022 19:00:00;8239;2710;1737;1088
21.08.2022 19:00:00;21.08.2022 20:00:00;8200;2685;1726;932
21.08.2022 20:00:00;21.08.2022 21:00:00;8104;2630;1785;1029
21.08.2022 21:00:00;21.08.2022 22:00:00;8146;2573;1749;1265
21.08.2022 22:00:00;21.08.2022 23:00:00;7856;2472;1630;1543
21.08.2022 23:00:00;22.08.2022 00:00:00;7496;2323;1668;1212
22.08.2022 00:00:00;22.08.2022 01:00:00;7239;2366;1663;1263
22.08.2022 01:00:00;22.08.2022 02:00:00;7080;2284;1642;1225
22.08.2022 02:00:00;22.08.2022 03:00:00;7072;2212;1604;1220
22.08.2022 03:00:00;22.08.2022 04:00:00;7183;2362;1495;1115
22.08.2022 04:00:00;22.08.2022 05:00:00;7373;2489;1460;1070
22.08.2022 05:00:00;22.08.2022 06:00:00;7756;2610;1442;1080
22.08.2022 06:00:00;22.08.2022 07:00:00;8253;2550;1512;1109
22.08.2022 07:00:00;22.08.2022 08:00:00;8631;2580;1502;1332
22.08.2022 08:00:00;22.08.2022 09:00:00;8751;2756;1558;1208
22.08.2022 09:00:00;22.08.2022 10:00:00;8790;2838;1722;1092
22.08.2022 10:00:00;22.08.2022 11:00:00;8901;2977;1813;855
22.08.2022 11:00:00;22.08.2022 12:00:00;8854;2915;1840;1055
22.08.2022 12:00:00;22.08.2022 13:00:00;8731;2776;1895;1171
22.08.2022 13:00:00;22.08.2022 14:00:00;8614;2705;1898;1162
22.08.2022 14:00:00;22.08.2022 15:00:00;8581;2824;1897;1058
22.08.2022 15:00:00;22.08.2022 16:00:00;8500;2848;1902;1201
22.08.2022 16:00:00;22.08.2022 17:00:00;8426;2810;1878;1138
22.08.2022 17:00:00;22.08.2022 18:00:00;8428;2815;1906;1384
22.08.2022 18:00:00;22.08.2022 19:00:00;8483;2885;1887;1391
22.08.2022 19:00:00;22.08.2022 20:00:00;8416;2906;1892;1417
22.08.2022 20:00:00;22.08.2022 21:00:00;8298;2861;1887;1354
22.08.2022 21:00:00;22.08.2022 22:00:00;8306;2904;1989;1201
22.08.2022 22:00:00;22.08.2022 23:00:00;7865;2775;1911;1170
22.08.2022 23:00:00;23.08.2022 00:00:00;7491;2673;1788;1242
23.08.2022 00:00:00;23.08.2022 01:00:00;7366;2599;1739;1236
23.08.2022 01:00:00;23.08.2022 02:00:00;7234;2536;1692;1146
23.08.2022 02:00:00;23.08.2022 03:00:00;7236;2490;1650;1068
23.08.2022 03:00:00;23.08.2022 04:00:00;7328;2451;1653;983
23.08.2022 04:00:00;23.08.2022 05:00:00;7388;2467;1649;907
23.08.2022 05:00:00;23.08.2022 06:00:00;7922;2480;1697;974
23.08.2022 06:00:00;23.08.2022 07:00:00;8428;2602;1842;1343
23.08.2022 07:00:00;23.08.2022 08:00:00;8704;2778;1948;1418
23.08.2022 08:00:00;23.08.2022 09:00:00;8810;2871;2007;1263
23.08.2022 09:00:00;23.08.2022 10:00:00;8873;2859;2017;1241
23.08.2022 10:00:00;23.08.2022 11:00:00;8976;2787;2039;1235
23.08.2022 11:00:00;23.08.2022 12:00:00;9029;2750;2082;1196
23.08.2022 12:00:00;23.08.2022 13:00:00;9007;2708;1936;1089
23.08.2022 13:00:00;23.08.2022 14:00:00;8832;2764;1908;1032
23.08.2022 14:00:00;23.08.2022 15:00:00;8753;2914;1929;1235
23.08.2022 15:00:00;23.08.2022 16:00:00;8687;2879;2077;1319
23.08.2022 16:00:00;23.08.2022 17:00:00;8630;2869;2090;1293
23.08.2022 17:00:00;23.08.2022 18:00:00;8533;2845;2013;1265
23.08.2022 18:00:00;23.08.2022 19:00:00;8551;2838;1995;1259
23.08.2022 19:00:00;23.08.2022 20:00:00;8475;2900;2101;1279
23.08.2022 20:00:00;23.08.2022 21:00:00;8307;2863;2181;1169
23.08.2022 21:00:00;23.08.2022 22:00:00;8253;2849;2187;1192
23.08.2022 22:00:00;23.08.2022 23:00:00;7985;2807;1995;1151
23.08.2022 23:00:00;24.08.2022 00:00:00;7573;2720;1934;1137
24.08.2022 00:00:00;24.08.2022 01:00:00;7393;2601;1900;1120
24.08.2022 01:00:00;24.08.2022 02:00:00;7264;2542;1851;1084
24.08.2022 02:00:00;24.08.2022 03:00:00;7190;2580;1836;1097
24.08.2022 03:00:00;24.08.2022 04:00:00;7265;2446;1825;1080
24.08.2022 04:00:00;24.08.2022 05:00:00;7396;2417;1814;982
24.08.2022 05:00:00;24.08.2022 06:00:00;7838;2359;1829;1063
24.08.2022 06:00:00;24.08.2022 07:00:00;8292;2435;1856;1171
24.08.2022 07:00:00;24.08.2022 08:00:00;8595;2711;1893;1200
24.08.2022 08:00:00;24.08.2022 09:00:00;8724;2842;2010;1137
24.08.2022 09:00:00;24.08.2022 10:00:00;8656;2854;1931;1250
24.08.2022 10:00:00;24.08.2022 11:00:00;8663;2842;1891;1310
24.08.2022 11:00:00;24.08.2022 12:00:00;8709;2878;1869;1245
24.08.2022 12:00:00;24.08.2022 13:00:00;8661;2730;1876;1261
24.08.2022 13:00:00;24.08.2022 14:00:00;8524;2717;1874;1230
24.08.2022 14:00:00;24.08.2022 15:00:00;8484;2755;1895;1221
24.08.2022 15:00:00;24.08.2022 16:00:00;8449;2759;1864;1089
24.08.2022 16:00:00;24.08.2022 17:00:00;8434;2740;1841;1117
24.08.2022 17:00:00;24.08.2022 18:00:00;8348;2679;1830;1100
24.08.2022 18:00:00;24.08.2022 19:00:00;8337;2682;2051;1088
24.08.2022 19:00:00;24.08.2022 20:00:00;8207;2651;1899;1152
24.08.2022 20:00:00;24.08.2022 21:00:00;8025;2659;1874;1149
24.08.2022 21:00:00;24.08.2022 22:00:00;7847;2741;1798;1088
24.08.2022 22:00:00;24.08.2022 23:00:00;7544;2622;1851;1081
24.08.2022 23:00:00;25.08.2022 00:00:00;7149;2429;1826;984
25.08.2022 00:00:00;25.08.2022 01:00:00;6918;2360;1743;1011
25.08.2022 01:00:00;25.08.2022 02:00:00;6833;2234;1725;1089
25.08.2022 02:00:00;25.08.2022 03:00:00;6737;2181;1783;1099
25.08.2022 03:00:00;25.08.2022 04:00:00;6826;2258;1815;1006
25.08.2022 04:00:00;25.08.2022 05:00:00;6970;2363;1820;1153
25.08.2022 05:00:00;25.08.2022 06:00:00;7506;2503;1860;1293
25.08.2022 06:00:00;25.08.2022 07:00:00;8028;2601;1882;1240
25.08.2022 07:00:00;25.08.2022 08:00:00;8203;2677;1931;1271
25.08.2022 08:00:00;25.08.2022 09:00:00;8311;2715;1927;1149
25.08.2022 09:00:00;25.08.2022 10:00:00;8383;2704;1959;1252
25.08.2022 10:00:00;25.08.2022 11:00:00;8412;2722;1988;1165
25.08.2022 11:00:00;25.08.2022 12:00:00;8380;2743;1962;1041
25.08.2022 12:00:00;25.08.2022 13:00:00;8317;2807;1889;1058
25.08.2022 13:00:00;25.08.2022 14:00:00;8223;2815;1870;1125
25.08.2022 14:00:00;25.08.2022 15:00:00;8205;2790;1911;1123
25.08.2022 15:00:00;25.08.2022 16:00:00;8188;2632;1987;1142
25.08.2022 16:00:00;25.08.2022 17:00:00;8119;2710;1989;1200
25.08.2022 17:00:00;25.08.2022 18:00:00;8061;2627;1995;1096
25.08.2022 18:00:00;25.08.2022 19:00:00;8107;2588;1902;1149
25.08.2022 19:00:00;25.08.2022 20:00:00;8093;2613;1968;1202
25.08.2022 20:00:00;25.08.2022 21:00:00;8078;2609;1830;1147
25.08.2022 21:00:00;25.08.2022 22:00:00;7954;2440;1834;1189
25.08.2022 22:00:00;25.08.2022 23:00:00;7514;2500;1813;1324
25.08.2022 23:00:00;26.08.2022 00:00:00;7261;2668;1768;1116
26.08.2022 00:00:00;26.08.2022 01:00:00;7119;2618;1816;1092
26.08.2022 01:00:00;26.08.2022 02:00:00;7109;2445;1717;1140
26.08.2022 02:00:00;26.08.2022 03:00:00;7177;2126;1672;1100
26.08.2022 03:00:00;26.08.2022 04:00:00;7319;2184;1564;1034
26.08.2022 04:00:00;26.08.2022 05:00:00;7471;2434;1576;1057
26.08.2022 05:00:00;26.08.2022 06:00:00;7727;2436;1601;1009
26.08.2022 06:00:00;26.08.2022 07:00:00;8160;2523;1653;878
26.08.2022 07:00:00;26.08.2022 08:00:00;8448;2813;1764;884
26.08.2022 08:00:00;26.08.2022 09:00:00;8514;2571;1823;1052
26.08.2022 09:00:00;26.08.2022 10:00:00;8595;2748;1872;1417
26.08.2022 10:00:00;26.08.2022 11:00:00;8580;3071;1891;1409
26.08.2022 11:00:00;26.08.2022 12:00:00;8529;3095;1909;1112
26.08.2022 12:00:00;26.08.2022 13:00:00;8421;3037;1859;1093
26.08.2022 13:00:00;26.08.2022 14:00:00;8308;2945;2017;1092
26.08.2022 14:00:00;26.08.2022 15:00:00;8353;2973;2020;1088
26.08.2022 15:00:00;26.08.2022 16:00:00;8304;2900;1994;1251
26.08.2022 16:00:00;26.08.2022 17:00:00;8265;2916;2029;1434
26.08.2022 17:00:00;26.08.2022 18:00:00;8213;2914;1993;1526
26.08.2022 18:00:00;26.08.2022 19:00:00;8181;2920;1972;1361
26.08.2022 19:00:00;26.08.2022 20:00:00;8082;2891;1937;1239
26.08.2022 20:00:00;26.08.2022 21:00:00;8000;2856;1953;1165
26.08.2022 21:00:00;26.08.2022 22:00:00;7952;2821;1924;1033
26.08.2022 22:00:00;26.08.2022 23:00:00;7665;2777;1895;1014
26.08.2022 23:00:00;27.08.2022 00:00:00;7322;2657;1902;960
27.08.2022 00:00:00;27.08.2022 01:00:00;7015;2536;1894;980
27.08.2022 01:00:00;27.08.2022 02:00:00;6868;2491;1908;966
27.08.2022 02:00:00;27.08.2022 03:00:00;6837;2435;1901;853
27.08.2022 03:00:00;27.08.2022 04:00:00;6880;2458;1863;1003
27.08.2022 04:00:00;27.08.2022 05:00:00;6893;2441;1833;1186
27.08.2022 05:00:00;27.08.2022 06:00:00;6960;2492;1773;1044
27.08.2022 06:00:00;27.08.2022 07:00:00;7097;2545;1807;916
27.08.2022 07:00:00;27.08.2022 08:00:00;7358;2691;1841;967
27.08.2022 08:00:00;27.08.2022 09:00:00;7559;2798;1910;1114
27.08.2022 09:00:00;27.08.2022 10:00:00;7744;2807;1942;1338
27.08.2022 10:00:00;27.08.2022 11:00:00;7726;2767;1961;1390
27.08.2022 11:00:00;27.08.2022 12:00:00;7789;2787;1907;1388
27.08.2022 12:00:00;27.08.2022 13:00:00;7767;2830;1883;1449
27.08.2022 13:00:00;27.08.2022 14:00:00;7746;2908;1984;1525
27.08.2022 14:00:00;27.08.2022 15:00:00;7791;2818;2020;1320
27.08.2022 15:00:00;27.08.2022 16:00:00;7920;2818;2024;1376
27.08.2022 16:00:00;27.08.2022 17:00:00;7961;2924;1931;1384
27.08.2022 17:00:00;27.08.2022 18:00:00;7927;2879;1867;1410
27.08.2022 18:00:00;27.08.2022 19:00:00;7930;2771;1953;1251
27.08.2022 19:00:00;27.08.2022 20:00:00;7863;2785;2016;1266
27.08.2022 20:00:00;27.08.2022 21:00:00;7778;2917;2003;1026
27.08.2022 21:00:00;27.08.2022 22:00:00;7803;2962;1834;1200
27.08.2022 22:00:00;27.08.2022 23:00:00;7522;2771;1916;1333
27.08.2022 23:00:00;28.08.2022 00:00:00;7133;2665;1872;1059
28.08.2022 00:00:00;28.08.2022 01:00:00;6841;2564;1869;1197
28.08.2022 01:00:00;28.08.2022 02:00:00;6760;2467;1878;1377
28.08.2022 02:00:00;28.08.2022 03:00:00;6765;2483;1882;1058
28.08.2022 03:00:00;28.08.2022 04:00:00;6775;2567;1851;924
28.08.2022 04:00:00;28.08.2022 05:00:00;6764;2520;1845;925
28.08.2022 05:00:00;28.08.2022 06:00:00;6763;2581;1831;1024
28.08.2022 06:00:00;28.08.2022 07:00:00;6824;2527;1879;1102
28.08.2022 07:00:00;28.08.2022 08:00:00;6961;2551;1921;1382
28.08.2022 08:00:00;28.08.2022 09:00:00;7210;2633;1986;1375
28.08.2022 09:00:00;28.08.2022 10:00:00;7439;2749;2042;1255
28.08.2022 10:00:00;28.08.2022 11:00:00;7545;2771;2010;1128
28.08.2022 11:00:00;28.08.2022 12:00:00;7634;2767;1979;1116
28.08.2022 12:00:00;28.08.2022 13:00:00;7655;2748;2065;1165
28.08.2022 13:00:00;28.08.2022 14:00:00;7640;2782;2048;1208
28.08.2022 14:00:00;28.08.2022 15:00:00;7721;2800;1960;1209
28.08.2022 15:00:00;28.08.2022 16:00:00;7754;2848;1862;1192
28.08.2022 16:00:00;28.08.2022 17:00:00;7870;2815;1874;1166
28.08.2022 17:00:00;28.08.2022 18:00:00;7869;2893;1981;1192
28.08.2022 18:00:00;28.08.2022 19:00:00;7906;2858;1975;1096
28.08.2022 19:00:00;28.08.2022 20:00:00;7869;2860;1974;1089
28.08.2022 20:00:00;28.08.2022 21:00:00;7785;2898;1927;1034
28.08.2022 21:00:00;28.08.2022 22:00:00;7863;2892;1913;1013
28.08.2022 22:00:00;28.08.2022 23:00:00;7681;2801;1852;1028
28.08.2022 23:00:00;29.08.2022 00:00:00;7306;2752;1923;1288
29.08.2022 00:00:00;29.08.2022 01:00:00;7048;2716;1949;1044
29.08.2022 01:00:00;29.08.2022 02:00:00;6945;2634;1902;931
29.08.2022 02:00:00;29.08.2022 03:00:00;6872;2578;1926;914
29.08.2022 03:00:00;29.08.2022 04:00:00;6979;2600;1845;946
29.08.2022 04:00:00;29.08.2022 05:00:00;7198;2622;1888;1119
29.08.2022 05:00:00;29.08.2022 06:00:00;7640;2661;1916;926
29.08.2022 06:00:00;29.08.2022 07:00:00;8071;2787;1986;1036
29.08.2022 07:00:00;29.08.2022 08:00:00;8422;3062;2115;1455
29.08.2022 08:00:00;29.08.2022 09:00:00;8543;3172;2061;1388
29.08.2022 09:00:00;29.08.2022 10:00:00;8468;3072;2169;1398
29.08.2022 10:00:00;29.08.2022 11:00:00;8504;3092;2226;1275
29.08.2022 11:00:00;29.08.2022 12:00:00;8457;3064;2222;1246
29.08.2022 12:00:00;29.08.2022 13:00:00;8440;3034;2176;1268
29.08.2022 13:00:00;29.08.2022 14:00:00;8341;3038;2165;1296
29.08.2022 14:00:00;29.08.2022 15:00:00;8253;3024;2159;1242
29.08.2022 15:00:00;29.08.2022 16:00:00;8204;3010;2161;1241
29.08.2022 16:00:00;29.08.2022 17:00:00;8195;3013;2142;1195
29.08.2022 17:00:00;29.08.2022 18:00:00;8049;3024;2099;1182
29.08.2022 18:00:00;29.08.2022 19:00:00;7989;2965;2068;1205
29.08.2022 19:00:00;29.08.2022 20:00:00;7993;3009;2102;1289
29.08.2022 20:00:00;29.08.2022 21:00:00;7912;2991;2131;1213
29.08.2022 21:00:00;29.08.2022 22:00:00;7965;3018;2180;1163
29.08.2022 22:00:00;29.08.2022 23:00:00;7724;2974;2101;1120
29.08.2022 23:00:00;30.08.2022 00:00:00;7314;2821;2067;974
30.08.2022 00:00:00;30.08.2022 01:00:00;7081;2654;2011;933
30.08.2022 01:00:00;30.08.2022 02:00:00;6995;2677;2040;1056
30.08.2022 02:00:00;30.08.2022 03:00:00;6991;2656;1997;1071
30.08.2022 03:00:00;30.08.2022 04:00:00;7103;2666;1978;1047
30.08.2022 04:00:00;30.08.2022 05:00:00;7308;2659;1964;1104
30.08.2022 05:00:00;30.08.2022 06:00:00;7725;2720;1978;1021
30.08.2022 06:00:00;30.08.2022 07:00:00;8050;2829;2055;1198
30.08.2022 07:00:00;30.08.2022 08:00:00;8248;3012;2162;1266
30.08.2022 08:00:00;30.08.2022 09:00:00;8263;3045;2177;1248
30.08.2022 09:00:00;30.08.2022 10:00:00;8274;3024;2204;1230
30.08.2022 10:00:00;30.08.2022 11:00:00;8365;3044;2159;1215
30.08.2022 11:00:00;30.08.2022 12:00:00;8327;3019;2161;1180
30.08.2022 12:00:00;30.08.2022 13:00:00;8378;2972;2125;1182
30.08.2022 13:00:00;30.08.2022 14:00:00;8340;2995;2199;1212
30.08.2022 14:00:00;30.08.2022 15:00:00;8316;3007;2197;1208
30.08.2022 15:00:00;30.08.2022 16:00:00;8286;2998;2202;1226
30.08.2022 16:00:00;30.08.2022 17:00:00;8307;2989;2284;1241
30.08.2022 17:00:00;30.08.2022 18:00:00;8303;2907;2220;1264
30.08.2022 18:00:00;30.08.2022 19:00:00;8333;2928;2106;1172
30.08.2022 19:00:00;30.08.2022 20:00:00;8329;2970;2031;1243
30.08.2022 20:00:00;30.08.2022 21:00:00;8237;2962;2067;1050
30.08.2022 21:00:00;30.08.2022 22:00:00;8189;2962;2184;1197
30.08.2022 22:00:00;30.08.2022 23:00:00;7865;2939;2234;1141
30.08.2022 23:00:00;31.08.2022 00:00:00;7444;2832;2090;1114
31.08.2022 00:00:00;31.08.2022 01:00:00;7264;2680;2022;1041
31.08.2022 01:00:00;31.08.2022 02:00:00;7210;2743;2030;1134
31.08.2022 02:00:00;31.08.2022 03:00:00;7134;2702;2012;1100
31.08.2022 03:00:00;31.08.2022 04:00:00;7167;2664;2039;1149
31.08.2022 04:00:00;31.08.2022 05:00:00;7322;2697;2004;1008
31.08.2022 05:00:00;31.08.2022 06:00:00;7634;2776;2020;1072
31.08.2022 06:00:00;31.08.2022 07:00:00;8048;2864;2041;1031
31.08.2022 07:00:00;31.08.2022 08:00:00;8345;2995;2163;1096
31.08.2022 08:00:00;31.08.2022 09:00:00;8461;3011;2168;1190
31.08.2022 09:00:00;31.08.2022 10:00:00;8500;3033;2186;1181
31.08.2022 10:00:00;31.08.2022 11:00:00;8523;3010;2201;1244
31.08.2022 11:00:00;31.08.2022 12:00:00;8502;2992;2207;1301
31.08.2022 12:00:00;31.08.2022 13:00:00;8442;2973;2165;1215
31.08.2022 13:00:00;31.08.2022 14:00:00;8438;2957;2175;1184
31.08.2022 14:00:00;31.08.2022 15:00:00;8366;2960;2203;1331
31.08.2022 15:00:00;31.08.2022 16:00:00;8391;3015;2193;1311
31.08.2022 16:00:00;31.08.2022 17:00:00;8412;2966;2163;1235
31.08.2022 17:00:00;31.08.2022 18:00:00;8555;2971;2136;1319
31.08.2022 18:00:00;31.08.2022 19:00:00;8587;2989;2117;1350
31.08.2022 19:00:00;31.08.2022 20:00:00;8642;2982;2113;1335
31.08.2022 20:00:00;31.08.2022 21:00:00;8542;3037;2141;1281
31.08.2022 21:00:00;31.08.2022 22:00:00;8427;3044;2164;1109
31.08.2022 22:00:00;31.08.2022 23:00:00;8146;2990;2102;1140
31.08.2022 23:00:00;01.09.2022 00:00:00;7702;2872;2026;990
01.09.2022 00:00:00;01.09.2022 01:00:00;7478;2764;1988;1106
01.09.2022 01:00:00;01.09.2022 02:00:00;7361;2707;1943;1140
01.09.2022 02:00:00;01.09.2022 03:00:00;7387;2688;2015;1214
01.09.2022 03:00:00;01.09.2022 04:00:00;7481;2693;2040;1277
01.09.2022 04:00:00;01.09.2022 05:00:00;7686;2689;2012;1159
01.09.2022 05:00:00;01.09.2022 06:00:00;8183;2689;2023;1018
01.09.2022 06:00:00;01.09.2022 07:00:00;8607;2770;2065;1226
01.09.2022 07:00:00;01.09.2022 08:00:00;8759;2983;2206;1323
01.09.2022 08:00:00;01.09.2022 09:00:00;8806;3004;2188;1379
01.09.2022 09:00:00;01.09.2022 10:00:00;8629;2992;2153;1469
01.09.2022 10:00:00;01.09.2022 11:00:00;8634;3011;2189;1616
01.09.2022 11:00:00;01.09.2022 12:00:00;8718;3023;2176;1446
01.09.2022 12:00:00;01.09.2022 13:00:00;8700;3055;2119;1415
01.09.2022 13:00:00;01.09.2022 14:00:00;8625;3055;2146;1333
01.09.2022 14:00:00;01.09.2022 15:00:00;8636;3021;2130;1073
01.09.2022 15:00:00;01.09.2022 16:00:00;8644;2966;2149;1004
01.09.2022 16:00:00;01.09.2022 17:00:00;8587;3010;2154;983
01.09.2022 17:00:00;01.09.2022 18:00:00;8501;3000;2095;1198
01.09.2022 18:00:00;01.09.2022 19:00:00;8467;2990;2163;1219
01.09.2022 19:00:00;01.09.2022 20:00:00;8472;2991;2128;1083
01.09.2022 20:00:00;01.09.2022 21:00:00;8563;2975;2098;1004
01.09.2022 21:00:00;01.09.2022 22:00:00;8573;2953;2151;926
01.09.2022 22:00:00;01.09.2022 23:00:00;8155;2918;2158;1033
01.09.2022 23:00:00;02.09.2022 00:00:00;7697;2793;2116;1259
02.09.2022 00:00:00;02.09.2022 01:00:00;7618;2751;2037;1294
02.09.2022 01:00:00;02.09.2022 02:00:00;7627;2741;1994;1299
02.09.2022 02:00:00;02.09.2022 03:00:00;7562;2667;1943;1289
02.09.2022 03:00:00;02.09.2022 04:00:00;7658;2690;1940;1260
02.09.2022 04:00:00;02.09.2022 05:00:00;7905;2703;1988;1141
02.09.2022 05:00:00;02.09.2022 06:00:00;8240;2766;1989;1070
02.09.2022 06:00:00;02.09.2022 07:00:00;8702;2922;2015;1018
02.09.2022 07:00:00;02.09.2022 08:00:00;8843;3071;2133;1218
02.09.2022 08:00:00;02.09.2022 09:00:00;8802;3112;2151;1232
02.09.2022 09:00:00;02.09.2022 10:00:00;8791;3091;2166;1275
02.09.2022 10:00:00;02.09.2022 11:00:00;8802;3074;2131;1211
02.09.2022 11:00:00;02.09.2022 12:00:00;8830;3140;2118;1313
02.09.2022 12:00:00;02.09.2022 13:00:00;8788;3167;2108;1293
02.09.2022 13:00:00;02.09.2022 14:00:00;8717;3126;2123;1151
02.09.2022 14:00:00;02.09.2022 15:00:00;8661;3106;2137;1077
02.09.2022 15:00:00;02.09.2022 16:00:00;8637;3059;2124;1183
02.09.2022 16:00:00;02.09.2022 17:00:00;8679;3025;2044;1145
02.09.2022 17:00:00;02.09.2022 18:00:00;8604;2966;2065;1308
02.09.2022 18:00:00;02.09.2022 19:00:00;8535;2982;2039;1224
02.09.2022 19:00:00;02.09.2022 20:00:00;8585;2991;2047;1146
02.09.2022 20:00:00;02.09.2022 21:00:00;8498;2971;2046;1141
02.09.2022 21:00:00;02.09.2022 22:00:00;8434;2962;2063;961
02.09.2022 22:00:00;02.09.2022 23:00:00;8248;2981;2021;1268
02.09.2022 23:00:00;03.09.2022 00:00:00;7868;2860;2029;1314
03.09.2022 00:00:00;03.09.2022 01:00:00;7641;2908;1972;1168
03.09.2022 01:00:00;03.09.2022 02:00:00;7466;2884;1974;1217
03.09.2022 02:00:00;03.09.2022 03:00:00;7450;2784;1951;1421
03.09.2022 03:00:00;03.09.2022 04:00:00;7482;2785;1957;1278
03.09.2022 04:00:00;03.09.2022 05:00:00;7556;2734;1946;1159
03.09.2022 05:00:00;03.09.2022 06:00:00;7532;2744;1974;1212
03.09.2022 06:00:00;03.09.2022 07:00:00;7633;2739;2007;1196
03.09.2022 07:00:00;03.09.2022 08:00:00;7808;2809;2036;1122
03.09.2022 08:00:00;03.09.2022 09:00:00;7899;2882;2063;1116
03.09.2022 09:00:00;03.09.2022 10:00:00;8004;2924;2121;1251
03.09.2022 10:00:00;03.09.2022 11:00:00;8046;2937;2118;1303
03.09.2022 11:00:00;03.09.2022 12:00:00;8138;2923;2070;1270
03.09.2022 12:00:00;03.09.2022 13:00:00;8080;2901;2056;1214
03.09.2022 13:00:00;03.09.2022 14:00:00;8099;2875;2038;1179
03.09.2022 14:00:00;03.09.2022 15:00:00;8097;2850;2025;1156
03.09.2022 15:00:00;03.09.2022 16:00:00;8134;2836;2041;1195
03.09.2022 16:00:00;03.09.2022 17:00:00;8170;2817;2082;1283
03.09.2022 17:00:00;03.09.2022 18:00:00;8282;2809;2061;1262
03.09.2022 18:00:00;03.09.2022 19:00:00;8231;2848;2061;1328
03.09.2022 19:00:00;03.09.2022 20:00:00;8178;2867;2078;1309
03.09.2022 20:00:00;03.09.2022 21:00:00;8210;2869;2075;1288
03.09.2022 21:00:00;03.09.2022 22:00:00;8305;2866;2075;1295
03.09.2022 22:00:00;03.09.2022 23:00:00;8056;2698;2066;1216
03.09.2022 23:00:00;04.09.2022 00:00:00;7661;2698;2075;1089
04.09.2022 00:00:00;04.09.2022 01:00:00;7369;2826;2053;1033
04.09.2022 01:00:00;04.09.2022 02:00:00;7251;2756;2032;1214
04.09.2022 02:00:00;04.09.2022 03:00:00;7188;2713;2027;1139
04.09.2022 03:00:00;04.09.2022 04:00:00;7208;2663;1998;1100
04.09.2022 04:00:00;04.09.2022 05:00:00;7268;2647;1999;1111
04.09.2022 05:00:00;04.09.2022 06:00:00;7244;2660;2007;981
04.09.2022 06:00:00;04.09.2022 07:00:00;7305;2660;2063;947
04.09.2022 07:00:00;04.09.2022 08:00:00;7478;2683;2069;1160
04.09.2022 08:00:00;04.09.2022 09:00:00;7695;2731;2082;1042
04.09.2022 09:00:00;04.09.2022 10:00:00;7761;2851;2122;1162
04.09.2022 10:00:00;04.09.2022 11:00:00;7943;2832;2116;1008
04.09.2022 11:00:00;04.09.2022 12:00:00;7972;2854;2089;982
04.09.2022 12:00:00;04.09.2022 13:00:00;7927;2776;2086;1114
04.09.2022 13:00:00;04.09.2022 14:00:00;7876;2785;2074;1197
04.09.2022 14:00:00;04.09.2022 15:00:00;7843;2785;2046;1208
04.09.2022 15:00:00;04.09.2022 16:00:00;7929;2819;2061;1214
04.09.2022 16:00:00;04.09.2022 17:00:00;7974;2821;2020;1226
04.09.2022 17:00:00;04.09.2022 18:00:00;7933;2736;2040;1220
04.09.2022 18:00:00;04.09.2022 19:00:00;8042;2772;2042;1228
04.09.2022 19:00:00;04.09.2022 20:00:00;8043;2796;2092;1273
04.09.2022 20:00:00;04.09.2022 21:00:00;7913;2815;2123;1240
04.09.2022 21:00:00;04.09.2022 22:00:00;8059;2801;2150;1189
04.09.2022 22:00:00;04.09.2022 23:00:00;7898;2733;2117;1193
04.09.2022 23:00:00;05.09.2022 00:00:00;7524;2714;2077;1184
05.09.2022 00:00:00;05.09.2022 01:00:00;7307;2662;2033;1135
05.09.2022 01:00:00;05.09.2022 02:00:00;7209;2623;1998;1150
05.09.2022 02:00:00;05.09.2022 03:00:00;7143;2624;2008;1128
05.09.2022 03:00:00;05.09.2022 04:00:00;7191;2641;2086;1182
05.09.2022 04:00:00;05.09.2022 05:00:00;7418;2669;2009;1224
05.09.2022 05:00:00;05.09.2022 06:00:00;7890;2643;2051;1186
05.09.2022 06:00:00;05.09.2022 07:00:00;8403;2739;2079;1322
05.09.2022 07:00:00;05.09.2022 08:00:00;8674;2874;2218;1307
05.09.2022 08:00:00;05.09.2022 09:00:00;8681;2965;2256;1312
05.09.2022 09:00:00;05.09.2022 10:00:00;8676;2941;2220;1219
05.09.2022 10:00:00;05.09.2022 11:00:00;8713;3002;2239;1252
05.09.2022 11:00:00;05.09.2022 12:00:00;8621;3011;2210;1293
05.09.2022 12:00:00;05.09.2022 13:00:00;8412;3004;2267;1386
05.09.2022 13:00:00;05.09.2022 14:00:00;8417;3024;2422;1840
05.09.2022 14:00:00;05.09.2022 15:00:00;8401;2995;2220;1500
05.09.2022 15:00:00;05.09.2022 16:00:00;8328;3026;2145;1294
05.09.2022 16:00:00;05.09.2022 17:00:00;8265;3019;2170;1133
05.09.2022 17:00:00;05.09.2022 18:00:00;8280;2985;2131;1324
05.09.2022 18:00:00;05.09.2022 19:00:00;8359;2963;2125;1293
05.09.2022 19:00:00;05.09.2022 20:00:00;8504;2958;2206;1325
05.09.2022 20:00:00;05.09.2022 21:00:00;8362;3012;2212;1249
05.09.2022 21:00:00;05.09.2022 22:00:00;8354;3021;2167;1388
05.09.2022 22:00:00;05.09.2022 23:00:00;8218;2973;2115;1162
05.09.2022 23:00:00;06.09.2022 00:00:00;7788;2882;2077;1020
06.09.2022 00:00:00;06.09.2022 01:00:00;7571;2684;2115;1265
06.09.2022 01:00:00;06.09.2022 02:00:00;7463;2687;2016;1260
06.09.2022 02:00:00;06.09.2022 03:00:00;7458;2685;1991;1219
06.09.2022 03:00:00;06.09.2022 04:00:00;7561;2692;1998;1137
06.09.2022 04:00:00;06.09.2022 05:00:00;7824;2669;1939;1162
06.09.2022 05:00:00;06.09.2022 06:00:00;8182;2726;1998;1244
06.09.2022 06:00:00;06.09.2022 07:00:00;8554;2851;2085;1304
06.09.2022 07:00:00;06.09.2022 08:00:00;8734;3038;2165;1214
06.09.2022 08:00:00;06.09.2022 09:00:00;8764;3031;2217;1137
06.09.2022 09:00:00;06.09.2022 10:00:00;8692;3031;2222;1100
06.09.2022 10:00:00;06.09.2022 11:00:00;8649;3002;2196;1221
06.09.2022 11:00:00;06.09.2022 12:00:00;8618;3031;2149;1409
06.09.2022 12:00:00;06.09.2022 13:00:00;8501;3014;2130;1350
06.09.2022 13:00:00;06.09.2022 14:00:00;8457;2967;2169;1226
06.09.2022 14:00:00;06.09.2022 15:00:00;8417;2961;2212;1390
06.09.2022 15:00:00;06.09.2022 16:00:00;8395;2968;2245;1179
06.09.2022 16:00:00;06.09.2022 17:00:00;8408;2958;2181;1239
06.09.2022 17:00:00;06.09.2022 18:00:00;8383;2898;2155;1307
06.09.2022 18:00:00;06.09.2022 19:00:00;8466;2890;2148;1328
06.09.2022 19:00:00;06.09.2022 20:00:00;8600;2895;2218;1243
06.09.2022 20:00:00;06.09.2022 21:00:00;8306;2908;2225;1206
06.09.2022 21:00:00;06.09.2022 22:00:00;8240;2914;2163;1173
06.09.2022 22:00:00;06.09.2022 23:00:00;8001;2888;2152;1175
06.09.2022 23:00:00;07.09.2022 00:00:00;7629;2788;2101;1180
07.09.2022 00:00:00;07.09.2022 01:00:00;7252;2508;2132;1101
07.09.2022 01:00:00;07.09.2022 02:00:00;7071;2445;2064;1158
07.09.2022 02:00:00;07.09.2022 03:00:00;7114;2432;2027;1159
07.09.2022 03:00:00;07.09.2022 04:00:00;7093;2478;2035;1132
07.09.2022 04:00:00;07.09.2022 05:00:00;7362;2499;2003;1095
07.09.2022 05:00:00;07.09.2022 06:00:00;7904;2543;1970;1168
07.09.2022 06:00:00;07.09.2022 07:00:00;8294;2789;2145;1157
07.09.2022 07:00:00;07.09.2022 08:00:00;8469;2888;2216;1164
07.09.2022 08:00:00;07.09.2022 09:00:00;8508;2932;2236;1211
07.09.2022 09:00:00;07.09.2022 10:00:00;8439;2941;2167;1265
07.09.2022 10:00:00;07.09.2022 11:00:00;8442;2882;2138;1258
07.09.2022 11:00:00;07.09.2022 12:00:00;8423;2864;2160;1273
07.09.2022 12:00:00;07.09.2022 13:00:00;8330;2809;2123;1172
07.09.2022 13:00:00;07.09.2022 14:00:00;8263;2802;2101;1223
07.09.2022 14:00:00;07.09.2022 15:00:00;8298;2775;2081;1165
07.09.2022 15:00:00;07.09.2022 16:00:00;8300;2751;2102;1195
07.09.2022 16:00:00;07.09.2022 17:00:00;8399;2778;2122;1225
07.09.2022 17:00:00;07.09.2022 18:00:00;8329;2899;2078;1179
07.09.2022 18:00:00;07.09.2022 19:00:00;8441;2893;2083;1229
07.09.2022 19:00:00;07.09.2022 20:00:00;8515;2878;2115;1309
07.09.2022 20:00:00;07.09.2022 21:00:00;8402;2861;2156;1255
07.09.2022 21:00:00;07.09.2022 22:00:00;8371;2904;2167;1195
07.09.2022 22:00:00;07.09.2022 23:00:00;8088;2898;2138;1173
07.09.2022 23:00:00;08.09.2022 00:00:00;7727;2846;2051;1172
08.09.2022 00:00:00;08.09.2022 01:00:00;7497;2713;2004;1135
08.09.2022 01:00:00;08.09.2022 02:00:00;7319;2638;1982;1072
08.09.2022 02:00:00;08.09.2022 03:00:00;7361;2577;1983;1038
08.09.2022 03:00:00;08.09.2022 04:00:00;7500;2576;1986;1160
08.09.2022 04:00:00;08.09.2022 05:00:00;7695;2536;1999;1192
08.09.2022 05:00:00;08.09.2022 06:00:00;8111;2571;2041;1107
08.09.2022 06:00:00;08.09.2022 07:00:00;8495;2734;2116;1179
08.09.2022 07:00:00;08.09.2022 08:00:00;8559;2994;2219;1204
08.09.2022 08:00:00;08.09.2022 09:00:00;8529;3074;2198;1110
08.09.2022 09:00:00;08.09.2022 10:00:00;8405;2981;2180;1137
08.09.2022 10:00:00;08.09.2022 11:00:00;8471;2938;2147;1135
08.09.2022 11:00:00;08.09.2022 12:00:00;8555;2950;2144;942
08.09.2022 12:00:00;08.09.2022 13:00:00;8457;2973;2132;1129
08.09.2022 13:00:00;08.09.2022 14:00:00;8406;2978;2131;1162
08.09.2022 14:00:00;08.09.2022 15:00:00;8329;2961;2135;1176
08.09.2022 15:00:00;08.09.2022 16:00:00;8318;2909;2123;1204
08.09.2022 16:00:00;08.09.2022 17:00:00;8264;2881;2075;1213
08.09.2022 17:00:00;08.09.2022 18:00:00;8228;2864;2028;1227
08.09.2022 18:00:00;08.09.2022 19:00:00;8264;2860;2132;1320
08.09.2022 19:00:00;08.09.2022 20:00:00;8453;2896;2180;1290
08.09.2022 20:00:00;08.09.2022 21:00:00;8416;2927;2226;1214
08.09.2022 21:00:00;08.09.2022 22:00:00;8429;2919;2183;1171
08.09.2022 22:00:00;08.09.2022 23:00:00;8183;2824;2136;1183
08.09.2022 23:00:00;09.09.2022 00:00:00;7830;2732;2148;1240
09.09.2022 00:00:00;09.09.2022 01:00:00;7513;2657;2019;1271
09.09.2022 01:00:00;09.09.2022 02:00:00;7440;2678;2047;1332
09.09.2022 02:00:00;09.09.2022 03:00:00;7466;2579;2051;1279
09.09.2022 03:00:00;09.09.2022 04:00:00;7531;2578;2034;1292
09.09.2022 04:00:00;09.09.2022 05:00:00;7785;2582;2024;1191
09.09.2022 05:00:00;09.09.2022 06:00:00;8238;2590;1999;1178
09.09.2022 06:00:00;09.09.2022 07:00:00;8622;2650;2098;1275
09.09.2022 07:00:00;09.09.2022 08:00:00;8799;2919;2187;1251
09.09.2022 08:00:00;09.09.2022 09:00:00;8773;3041;2217;1420
09.09.2022 09:00:00;09.09.2022 10:00:00;8690;3001;2207;1393
09.09.2022 10:00:00;09.09.2022 11:00:00;8629;2921;2147;1342
09.09.2022 11:00:00;09.09.2022 12:00:00;8622;2879;2178;1245
09.09.2022 12:00:00;09.09.2022 13:00:00;8545;2840;2189;1259
09.09.2022 13:00:00;09.09.2022 14:00:00;8520;2798;2203;1224
09.09.2022 14:00:00;09.09.2022 15:00:00;8449;2824;2196;1261
09.09.2022 15:00:00;09.09.2022 16:00:00;8368;2844;2190;1215
09.09.2022 16:00:00;09.09.2022 17:00:00;8362;2898;2189;1180
09.09.2022 17:00:00;09.09.2022 18:00:00;8277;2850;2204;1173
09.09.2022 18:00:00;09.09.2022 19:00:00;8332;2849;2183;1180
09.09.2022 19:00:00;09.09.2022 20:00:00;8466;2859;2159;1219
09.09.2022 20:00:00;09.09.2022 21:00:00;8274;2835;2159;1189
09.09.2022 21:00:00;09.09.2022 22:00:00;8237;2886;2155;1089
09.09.2022 22:00:00;09.09.2022 23:00:00;8026;2854;2020;1178
09.09.2022 23:00:00;10.09.2022 00:00:00;7723;2685;1968;1260
10.09.2022 00:00:00;10.09.2022 01:00:00;7459;2656;1973;1247
10.09.2022 01:00:00;10.09.2022 02:00:00;7422;2571;1957;1070
10.09.2022 02:00:00;10.09.2022 03:00:00;7380;2580;1955;1013
10.09.2022 03:00:00;10.09.2022 04:00:00;7413;2599;1916;1303
10.09.2022 04:00:00;10.09.2022 05:00:00;7511;2637;1980;1446
10.09.2022 05:00:00;10.09.2022 06:00:00;7621;2650;1976;1412
10.09.2022 06:00:00;10.09.2022 07:00:00;7614;2654;1964;1357
10.09.2022 07:00:00;10.09.2022 08:00:00;7828;2743;1964;1319
10.09.2022 08:00:00;10.09.2022 09:00:00;7890;2821;2085;1304
10.09.2022 09:00:00;10.09.2022 10:00:00;7868;2892;2162;1258
10.09.2022 10:00:00;10.09.2022 11:00:00;7782;2919;2205;1217
10.09.2022 11:00:00;10.09.2022 12:00:00;7830;2839;2193;1124
10.09.2022 12:00:00;10.09.2022 13:00:00;7797;2805;2195;1144
10.09.2022 13:00:00;10.09.2022 14:00:00;7733;2774;2174;1125
10.09.2022 14:00:00;10.09.2022 15:00:00;7751;2764;2131;1131
10.09.2022 15:00:00;10.09.2022 16:00:00;7811;2735;2142;1167
10.09.2022 16:00:00;10.09.2022 17:00:00;7951;2720;2146;1204
10.09.2022 17:00:00;10.09.2022 18:00:00;8045;2736;2119;1221
10.09.2022 18:00:00;10.09.2022 19:00:00;8057;2769;2168;1196
10.09.2022 19:00:00;10.09.2022 20:00:00;8257;2771;2171;1151
10.09.2022 20:00:00;10.09.2022 21:00:00;8010;2774;2180;1102
10.09.2022 21:00:00;10.09.2022 22:00:00;8025;2735;2156;1070
10.09.2022 22:00:00;10.09.2022 23:00:00;7814;2700;2129;1163
10.09.2022 23:00:00;11.09.2022 00:00:00;7467;2662;2082;1221
11.09.2022 00:00:00;11.09.2022 01:00:00;7184;2645;2056;1191
11.09.2022 01:00:00;11.09.2022 02:00:00;7011;2629;2053;1242
11.09.2022 02:00:00;11.09.2022 03:00:00;6958;2635;1995;1234
11.09.2022 03:00:00;11.09.2022 04:00:00;6925;2623;1985;1196
11.09.2022 04:00:00;11.09.2022 05:00:00;7050;2660;2007;1255
11.09.2022 05:00:00;11.09.2022 06:00:00;7069;2660;2014;1282
11.09.2022 06:00:00;11.09.2022 07:00:00;7085;2655;2010;1189
11.09.2022 07:00:00;11.09.2022 08:00:00;7313;2674;2029;1119
11.09.2022 08:00:00;11.09.2022 09:00:00;7408;2714;2040;1210
11.09.2022 09:00:00;11.09.2022 10:00:00;7514;2802;2071;1237
11.09.2022 10:00:00;11.09.2022 11:00:00;7631;2774;2090;1164
11.09.2022 11:00:00;11.09.2022 12:00:00;7573;2760;2127;1065
11.09.2022 12:00:00;11.09.2022 13:00:00;7479;2771;2104;1058
11.09.2022 13:00:00;11.09.2022 14:00:00;7438;2817;2104;1122
11.09.2022 14:00:00;11.09.2022 15:00:00;7443;2793;2141;1163
11.09.2022 15:00:00;11.09.2022 16:00:00;7470;2827;2128;1146
11.09.2022 16:00:00;11.09.2022 17:00:00;7499;2832;2110;1071
11.09.2022 17:00:00;11.09.2022 18:00:00;7646;2840;2082;1155
11.09.2022 18:00:00;11.09.2022 19:00:00;7726;2859;2043;1173
11.09.2022 19:00:00;11.09.2022 20:00:00;7918;2873;2006;1256
11.09.2022 20:00:00;11.09.2022 21:00:00;7743;2903;2091;1259
11.09.2022 21:00:00;11.09.2022 22:00:00;7860;2902;2112;1298
11.09.2022 22:00:00;11.09.2022 23:00:00;7733;2898;2118;1220
11.09.2022 23:00:00;12.09.2022 00:00:00;7345;2779;2077;1186
12.09.2022 00:00:00;12.09.2022 01:00:00;7061;2718;2043;1149
12.09.2022 01:00:00;12.09.2022 02:00:00;6929;2703;2016;1170
12.09.2022 02:00:00;12.09.2022 03:00:00;6949;2686;1975;1098
12.09.2022 03:00:00;12.09.2022 04:00:00;7072;2657;1923;1096
12.09.2022 04:00:00;12.09.2022 05:00:00;7359;2710;1916;1173
12.09.2022 05:00:00;12.09.2022 06:00:00;7938;2791;1951;1209
12.09.2022 06:00:00;12.09.2022 07:00:00;8451;2812;1958;1210
12.09.2022 07:00:00;12.09.2022 08:00:00;8693;2956;2055;1208
12.09.2022 08:00:00;12.09.2022 09:00:00;8661;3084;2071;1226
12.09.2022 09:00:00;12.09.2022 10:00:00;8568;3061;2085;1269
12.09.2022 10:00:00;12.09.2022 11:00:00;8526;3032;2031;1139
12.09.2022 11:00:00;12.09.2022 12:00:00;8432;3023;1998;1258
12.09.2022 12:00:00;12.09.2022 13:00:00;8338;3054;1859;1291
12.09.2022 13:00:00;12.09.2022 14:00:00;8299;3061;1962;1220
12.09.2022 14:00:00;12.09.2022 15:00:00;8131;3166;1973;1155
12.09.2022 15:00:00;12.09.2022 16:00:00;8132;2969;1953;1173
12.09.2022 16:00:00;12.09.2022 17:00:00;8117;2898;1978;1279
12.09.2022 17:00:00;12.09.2022 18:00:00;8041;3007;1940;1176
12.09.2022 18:00:00;12.09.2022 19:00:00;8152;2955;1987;1297
12.09.2022 19:00:00;12.09.2022 20:00:00;8364;2905;2018;1239
12.09.2022 20:00:00;12.09.2022 21:00:00;8102;2934;2032;1013
12.09.2022 21:00:00;12.09.2022 22:00:00;8010;2923;1934;1044
12.09.2022 22:00:00;12.09.2022 23:00:00;7779;2931;1960;909
12.09.2022 23:00:00;13.09.2022 00:00:00;7352;2906;1929;957
13.09.2022 00:00:00;13.09.2022 01:00:00;7108;2909;1912;719
13.09.2022 01:00:00;13.09.2022 02:00:00;6996;2838;1929;1040
13.09.2022 02:00:00;13.09.2022 03:00:00;6990;2790;1925;1049
13.09.2022 03:00:00;13.09.2022 04:00:00;7014;2738;1821;1059
13.09.2022 04:00:00;13.09.2022 05:00:00;7256;2631;1789;1087
13.09.2022 05:00:00;13.09.2022 06:00:00;7789;2749;1813;1030
13.09.2022 06:00:00;13.09.2022 07:00:00;8156;2723;1921;1187
13.09.2022 07:00:00;13.09.2022 08:00:00;8373;2932;2134;1150
13.09.2022 08:00:00;13.09.2022 09:00:00;8503;3030;2050;1328
13.09.2022 09:00:00;13.09.2022 10:00:00;8421;3008;1990;1234
13.09.2022 10:00:00;13.09.2022 11:00:00;8498;3002;1959;1218
13.09.2022 11:00:00;13.09.2022 12:00:00;8461;2923;1929;1073
13.09.2022 12:00:00;13.09.2022 13:00:00;8459;2938;1844;1125
13.09.2022 13:00:00;13.09.2022 14:00:00;8418;2989;1992;1060
13.09.2022 14:00:00;13.09.2022 15:00:00;8400;2991;2069;1062
13.09.2022 15:00:00;13.09.2022 16:00:00;8363;2964;2078;1100
13.09.2022 16:00:00;13.09.2022 17:00:00;8326;2921;2123;1157
13.09.2022 17:00:00;13.09.2022 18:00:00;8291;2930;2106;1157
13.09.2022 18:00:00;13.09.2022 19:00:00;8380;2886;2129;1034
13.09.2022 19:00:00;13.09.2022 20:00:00;8591;2817;2144;1133
13.09.2022 20:00:00;13.09.2022 21:00:00;8204;2832;2124;1071
13.09.2022 21:00:00;13.09.2022 22:00:00;8123;2869;2147;1032
13.09.2022 22:00:00;13.09.2022 23:00:00;7778;2776;2037;1019
13.09.2022 23:00:00;14.09.2022 00:00:00;7351;2678;2007;941
14.09.2022 00:00:00;14.09.2022 01:00:00;7134;2664;1956;985
14.09.2022 01:00:00;14.09.2022 02:00:00;7015;2478;1903;951
14.09.2022 02:00:00;14.09.2022 03:00:00;6964;2407;1894;1097
14.09.2022 03:00:00;14.09.2022 04:00:00;7004;2563;1907;1066
14.09.2022 04:00:00;14.09.2022 05:00:00;7219;2547;1927;1188
14.09.2022 05:00:00;14.09.2022 06:00:00;7825;2554;1943;1160
14.09.2022 06:00:00;14.09.2022 07:00:00;8230;2797;2024;1190
14.09.2022 07:00:00;14.09.2022 08:00:00;8418;3015;2099;1166
14.09.2022 08:00:00;14.09.2022 09:00:00;8551;2872;2080;1141
14.09.2022 09:00:00;14.09.2022 10:00:00;8611;2965;2094;1138
14.09.2022 10:00:00;14.09.2022 11:00:00;8661;3171;2085;1174
14.09.2022 11:00:00;14.09.2022 12:00:00;8657;3236;2090;1256
14.09.2022 12:00:00;14.09.2022 13:00:00;8561;3098;2105;1186
14.09.2022 13:00:00;14.09.2022 14:00:00;8508;3117;2156;1180
14.09.2022 14:00:00;14.09.2022 15:00:00;8493;3123;2115;1338
14.09.2022 15:00:00;14.09.2022 16:00:00;8413;3177;2128;1308
14.09.2022 16:00:00;14.09.2022 17:00:00;8379;2980;2165;1199
14.09.2022 17:00:00;14.09.2022 18:00:00;8351;3041;2063;1070
14.09.2022 18:00:00;14.09.2022 19:00:00;8501;2999;2098;1075
14.09.2022 19:00:00;14.09.2022 20:00:00;8618;3059;2214;1147
14.09.2022 20:00:00;14.09.2022 21:00:00;8176;3086;2136;1226
14.09.2022 21:00:00;14.09.2022 22:00:00;8040;3212;2103;1160
14.09.2022 22:00:00;14.09.2022 23:00:00;7698;2968;2048;1174
14.09.2022 23:00:00;15.09.2022 00:00:00;7261;2961;2039;1305
15.09.2022 00:00:00;15.09.2022 01:00:00;7005;2705;1967;1291
15.09.2022 01:00:00;15.09.2022 02:00:00;6874;2692;1939;1151
15.09.2022 02:00:00;15.09.2022 03:00:00;6803;2680;1947;1012
15.09.2022 03:00:00;15.09.2022 04:00:00;6868;2642;1948;1194
15.09.2022 04:00:00;15.09.2022 05:00:00;7126;2643;1892;1117
15.09.2022 05:00:00;15.09.2022 06:00:00;7782;2777;1964;1083
15.09.2022 06:00:00;15.09.2022 07:00:00;8088;2996;2054;1254
15.09.2022 07:00:00;15.09.2022 08:00:00;8308;3180;2209;1326
15.09.2022 08:00:00;15.09.2022 09:00:00;8445;3143;2218;1149
15.09.2022 09:00:00;15.09.2022 10:00:00;8479;3185;2186;1234
15.09.2022 10:00:00;15.09.2022 11:00:00;8471;3234;2154;1276
15.09.2022 11:00:00;15.09.2022 12:00:00;8488;3153;2121;1317
15.09.2022 12:00:00;15.09.2022 13:00:00;8385;3082;2130;1314
15.09.2022 13:00:00;15.09.2022 14:00:00;8339;3024;2114;1246
15.09.2022 14:00:00;15.09.2022 15:00:00;8296;3097;2141;1128
15.09.2022 15:00:00;15.09.2022 16:00:00;8272;3129;2159;1109
15.09.2022 16:00:00;15.09.2022 17:00:00;8280;3061;2161;1211
15.09.2022 17:00:00;15.09.2022 18:00:00;8185;2982;2103;1214
15.09.2022 18:00:00;15.09.2022 19:00:00;8287;2912;2100;1192
15.09.2022 19:00:00;15.09.2022 20:00:00;8459;2882;2218;1264
15.09.2022 20:00:00;15.09.2022 21:00:00;8146;2896;2164;1274
15.09.2022 21:00:00;15.09.2022 22:00:00;8107;2865;2179;1274
15.09.2022 22:00:00;15.09.2022 23:00:00;7810;2690;2059;1254
15.09.2022 23:00:00;16.09.2022 00:00:00;7464;2605;1988;1276
16.09.2022 00:00:00;16.09.2022 01:00:00;7196;2626;1930;1164
16.09.2022 01:00:00;16.09.2022 02:00:00;7092;2548;1871;1170
16.09.2022 02:00:00;16.09.2022 03:00:00;7046;2605;1852;1163
16.09.2022 03:00:00;16.09.2022 04:00:00;7116;2623;1870;1121
16.09.2022 04:00:00;16.09.2022 05:00:00;7365;2601;1901;1079
16.09.2022 05:00:00;16.09.2022 06:00:00;7940;2700;1913;1110
16.09.2022 06:00:00;16.09.2022 07:00:00;8259;2908;2049;1260
16.09.2022 07:00:00;16.09.2022 08:00:00;8491;2973;2161;1156
16.09.2022 08:00:00;16.09.2022 09:00:00;8585;2916;2206;1102
16.09.2022 09:00:00;16.09.2022 10:00:00;8592;2977;2162;1228
16.09.2022 10:00:00;16.09.2022 11:00:00;8663;3128;2216;1331
16.09.2022 11:00:00;16.09.2022 12:00:00;8665;3233;2206;1237
16.09.2022 12:00:00;16.09.2022 13:00:00;8533;3160;2173;1271
16.09.2022 13:00:00;16.09.2022 14:00:00;8429;3071;2087;1225
16.09.2022 14:00:00;16.09.2022 15:00:00;8391;2934;2076;1081
16.09.2022 15:00:00;16.09.2022 16:00:00;8325;2782;2082;1046
16.09.2022 16:00:00;16.09.2022 17:00:00;8352;2797;2047;1079
16.09.2022 17:00:00;16.09.2022 18:00:00;8324;2949;2108;1069
16.09.2022 18:00:00;16.09.2022 19:00:00;8379;2926;2138;1127
16.09.2022 19:00:00;16.09.2022 20:00:00;8493;2915;2133;1076
16.09.2022 20:00:00;16.09.2022 21:00:00;8143;2920;2182;1090
16.09.2022 21:00:00;16.09.2022 22:00:00;8134;2948;2159;1015
16.09.2022 22:00:00;16.09.2022 23:00:00;7865;3032;2109;1093
16.09.2022 23:00:00;17.09.2022 00:00:00;7451;2968;1973;1084
17.09.2022 00:00:00;17.09.2022 01:00:00;7169;2825;1987;1267
17.09.2022 01:00:00;17.09.2022 02:00:00;7004;2810;1936;1224
17.09.2022 02:00:00;17.09.2022 03:00:00;6925;2811;1884;1187
17.09.2022 03:00:00;17.09.2022 04:00:00;6950;2643;1896;1013
17.09.2022 04:00:00;17.09.2022 05:00:00;7038;2603;1885;915
17.09.2022 05:00:00;17.09.2022 06:00:00;7196;2676;1874;1045
17.09.2022 06:00:00;17.09.2022 07:00:00;7183;2810;1883;1039
17.09.2022 07:00:00;17.09.2022 08:00:00;7394;2911;1887;1017
17.09.2022 08:00:00;17.09.2022 09:00:00;7568;2924;1985;1046
17.09.2022 09:00:00;17.09.2022 10:00:00;7653;3001;1974;1056
17.09.2022 10:00:00;17.09.2022 11:00:00;7669;3113;2053;1014
17.09.2022 11:00:00;17.09.2022 12:00:00;7675;3051;2043;1027
17.09.2022 12:00:00;17.09.2022 13:00:00;7612;3022;2040;1165
17.09.2022 13:00:00;17.09.2022 14:00:00;7628;3049;2029;1172
17.09.2022 14:00:00;17.09.2022 15:00:00;7644;2909;2043;1049
17.09.2022 15:00:00;17.09.2022 16:00:00;7733;2856;2028;1072
17.09.2022 16:00:00;17.09.2022 17:00:00;7864;2879;2176;948
17.09.2022 17:00:00;17.09.2022 18:00:00;8003;2925;2163;1037
17.09.2022 18:00:00;17.09.2022 19:00:00;8037;2921;2091;1273
17.09.2022 19:00:00;17.09.2022 20:00:00;8137;2955;2114;1332
17.09.2022 20:00:00;17.09.2022 21:00:00;7803;2876;2105;1186
17.09.2022 21:00:00;17.09.2022 22:00:00;7824;2876;2054;1313
17.09.2022 22:00:00;17.09.2022 23:00:00;7621;2838;2085;1299
17.09.2022 23:00:00;18.09.2022 00:00:00;7214;2787;1998;1212
18.09.2022 00:00:00;18.09.2022 01:00:00;6984;2803;1989;1129
18.09.2022 01:00:00;18.09.2022 02:00:00;6794;2746;1956;1114
18.09.2022 02:00:00;18.09.2022 03:00:00;6753;2841;1973;987
18.09.2022 03:00:00;18.09.2022 04:00:00;6758;2858;1937;982
18.09.2022 04:00:00;18.09.2022 05:00:00;6773;2827;2009;1116
18.09.2022 05:00:00;18.09.2022 06:00:00;6921;2577;1968;1055
18.09.2022 06:00:00;18.09.2022 07:00:00;6879;2597;1936;940
18.09.2022 07:00:00;18.09.2022 08:00:00;7028;2759;1941;1152
18.09.2022 08:00:00;18.09.2022 09:00:00;7262;2821;1972;1366
18.09.2022 09:00:00;18.09.2022 10:00:00;7470;2800;2038;1364
18.09.2022 10:00:00;18.09.2022 11:00:00;7580;2850;2061;1282
18.09.2022 11:00:00;18.09.2022 12:00:00;7598;2930;2082;1090
18.09.2022 12:00:00;18.09.2022 13:00:00;7536;3023;2060;1108
18.09.2022 13:00:00;18.09.2022 14:00:00;7520;2874;2096;1071
18.09.2022 14:00:00;18.09.2022 15:00:00;7518;2800;2067;1022
18.09.2022 15:00:00;18.09.2022 16:00:00;7604;2842;2058;1018
18.09.2022 16:00:00;18.09.2022 17:00:00;7654;2843;2050;1104
18.09.2022 17:00:00;18.09.2022 18:00:00;7679;2860;2026;991
18.09.2022 18:00:00;18.09.2022 19:00:00;7796;2853;2070;997
18.09.2022 19:00:00;18.09.2022 20:00:00;7933;2978;2088;1056
18.09.2022 20:00:00;18.09.2022 21:00:00;7620;2962;2132;1104
18.09.2022 21:00:00;18.09.2022 22:00:00;7779;2926;2142;1093
18.09.2022 22:00:00;18.09.2022 23:00:00;7569;2949;2152;1109
18.09.2022 23:00:00;19.09.2022 00:00:00;7207;2854;2089;1240
19.09.2022 00:00:00;19.09.2022 01:00:00;7037;2798;2053;1128
19.09.2022 01:00:00;19.09.2022 02:00:00;6886;2682;2015;1056
19.09.2022 02:00:00;19.09.2022 03:00:00;6841;2619;1985;957
19.09.2022 03:00:00;19.09.2022 04:00:00;6898;2697;1966;955
19.09.2022 04:00:00;19.09.2022 05:00:00;7150;2717;1987;1026
19.09.2022 05:00:00;19.09.2022 06:00:00;7861;2776;2025;1115
19.09.2022 06:00:00;19.09.2022 07:00:00;8176;2910;2031;1162
19.09.2022 07:00:00;19.09.2022 08:00:00;8354;3147;2098;1091
19.09.2022 08:00:00;19.09.2022 09:00:00;8540;3201;2165;1096
19.09.2022 09:00:00;19.09.2022 10:00:00;8532;3121;2201;1226
19.09.2022 10:00:00;19.09.2022 11:00:00;8523;3112;2203;1215
19.09.2022 11:00:00;19.09.2022 12:00:00;8487;3159;2206;1186
19.09.2022 12:00:00;19.09.2022 13:00:00;8400;3046;2277;1236
19.09.2022 13:00:00;19.09.2022 14:00:00;8318;2939;2169;1196
19.09.2022 14:00:00;19.09.2022 15:00:00;8281;3066;2247;1241
19.09.2022 15:00:00;19.09.2022 16:00:00;8261;2995;2239;1331
19.09.2022 16:00:00;19.09.2022 17:00:00;8280;2960;2249;1153
19.09.2022 17:00:00;19.09.2022 18:00:00;8278;3000;2180;1273
19.09.2022 18:00:00;19.09.2022 19:00:00;8426;2915;2133;1125
19.09.2022 19:00:00;19.09.2022 20:00:00;8553;2956;2150;1206
19.09.2022 20:00:00;19.09.2022 21:00:00;8171;3085;2156;981
19.09.2022 21:00:00;19.09.2022 22:00:00;8088;3046;2119;851
19.09.2022 22:00:00;19.09.2022 23:00:00;7742;3044;2160;949
19.09.2022 23:00:00;20.09.2022 00:00:00;7321;2925;2032;836
20.09.2022 00:00:00;20.09.2022 01:00:00;7025;2810;1990;894
20.09.2022 01:00:00;20.09.2022 02:00:00;6929;2774;1991;896
20.09.2022 02:00:00;20.09.2022 03:00:00;6923;2814;1996;874
20.09.2022 03:00:00;20.09.2022 04:00:00;6979;2765;2013;872
20.09.2022 04:00:00;20.09.2022 05:00:00;7260;2795;1989;921
20.09.2022 05:00:00;20.09.2022 06:00:00;8008;2880;2041;881
20.09.2022 06:00:00;20.09.2022 07:00:00;8363;3008;2139;1062
20.09.2022 07:00:00;20.09.2022 08:00:00;8627;3153;2240;1071
20.09.2022 08:00:00;20.09.2022 09:00:00;8740;3190;2322;1030
20.09.2022 09:00:00;20.09.2022 10:00:00;8736;3183;2337;1211
20.09.2022 10:00:00;20.09.2022 11:00:00;8811;3149;2339;1024
20.09.2022 11:00:00;20.09.2022 12:00:00;8785;3093;2262;976
20.09.2022 12:00:00;20.09.2022 13:00:00;8616;3088;2226;1119
20.09.2022 13:00:00;20.09.2022 14:00:00;8551;3079;2254;1224
20.09.2022 14:00:00;20.09.2022 15:00:00;8540;3097;2288;1259
20.09.2022 15:00:00;20.09.2022 16:00:00;8484;3045;2196;1341
20.09.2022 16:00:00;20.09.2022 17:00:00;8513;3001;2288;1350
20.09.2022 17:00:00;20.09.2022 18:00:00;8418;2966;2218;1353
20.09.2022 18:00:00;20.09.2022 19:00:00;8572;2971;2199;1267
20.09.2022 19:00:00;20.09.2022 20:00:00;8617;3029;2204;1401
20.09.2022 20:00:00;20.09.2022 21:00:00;8207;3107;2235;1424
20.09.2022 21:00:00;20.09.2022 22:00:00;8118;3102;2257;1280
20.09.2022 22:00:00;20.09.2022 23:00:00;7929;2970;2213;1251
20.09.2022 23:00:00;21.09.2022 00:00:00;7526;2944;2115;1227
21.09.2022 00:00:00;21.09.2022 01:00:00;7250;2803;2115;1122
21.09.2022 01:00:00;21.09.2022 02:00:00;7130;2752;2089;1091
21.09.2022 02:00:00;21.09.2022 03:00:00;7103;2825;2063;1085
21.09.2022 03:00:00;21.09.2022 04:00:00;7201;2796;2012;1083
21.09.2022 04:00:00;21.09.2022 05:00:00;7503;2897;2041;1062
21.09.2022 05:00:00;21.09.2022 06:00:00;8220;2952;2100;1138
21.09.2022 06:00:00;21.09.2022 07:00:00;8533;3014;2171;1201
21.09.2022 07:00:00;21.09.2022 08:00:00;8762;3145;2158;1266
21.09.2022 08:00:00;21.09.2022 09:00:00;8763;3203;2185;1291
21.09.2022 09:00:00;21.09.2022 10:00:00;8663;3258;2232;1444
21.09.2022 10:00:00;21.09.2022 11:00:00;8591;3278;2290;1453
21.09.2022 11:00:00;21.09.2022 12:00:00;8555;3227;2302;1153
21.09.2022 12:00:00;21.09.2022 13:00:00;8465;3182;2284;1195
21.09.2022 13:00:00;21.09.2022 14:00:00;8383;3306;2288;1063
21.09.2022 14:00:00;21.09.2022 15:00:00;8317;3191;2281;1200
21.09.2022 15:00:00;21.09.2022 16:00:00;8282;3242;2279;1265
21.09.2022 16:00:00;21.09.2022 17:00:00;8345;3195;2268;1351
21.09.2022 17:00:00;21.09.2022 18:00:00;8386;3141;2191;1281
21.09.2022 18:00:00;21.09.2022 19:00:00;8580;3113;2191;1086
21.09.2022 19:00:00;21.09.2022 20:00:00;8727;3094;2188;909
21.09.2022 20:00:00;21.09.2022 21:00:00;8336;3096;2162;964
21.09.2022 21:00:00;21.09.2022 22:00:00;8259;3088;2139;1136
21.09.2022 22:00:00;21.09.2022 23:00:00;8006;3007;2179;999
21.09.2022 23:00:00;22.09.2022 00:00:00;7703;2865;2164;1076
22.09.2022 00:00:00;22.09.2022 01:00:00;7511;2748;2114;1299
22.09.2022 01:00:00;22.09.2022 02:00:00;7474;2781;2076;1018
22.09.2022 02:00:00;22.09.2022 03:00:00;7485;2838;2079;975
22.09.2022 03:00:00;22.09.2022 04:00:00;7736;2808;2024;1098
22.09.2022 04:00:00;22.09.2022 05:00:00;8287;2841;2032;1299
22.09.2022 05:00:00;22.09.2022 06:00:00;8394;2816;2081;1359
22.09.2022 06:00:00;22.09.2022 07:00:00;8603;2883;2134;1245
22.09.2022 07:00:00;22.09.2022 08:00:00;8746;3089;2114;1455
22.09.2022 08:00:00;22.09.2022 09:00:00;8550;3152;1973;1363
22.09.2022 09:00:00;22.09.2022 10:00:00;8486;3119;2134;1262
22.09.2022 10:00:00;22.09.2022 11:00:00;8623;3091;2218;1398
22.09.2022 11:00:00;22.09.2022 12:00:00;8614;3265;2146;1249
22.09.2022 12:00:00;22.09.2022 13:00:00;8377;3174;2202;1343
22.09.2022 13:00:00;22.09.2022 14:00:00;8293;3138;2193;1236
22.09.2022 14:00:00;22.09.2022 15:00:00;8273;3104;2180;1214
22.09.2022 15:00:00;22.09.2022 16:00:00;8341;3045;2169;1291
22.09.2022 16:00:00;22.09.2022 17:00:00;8257;3007;2183;1119
22.09.2022 17:00:00;22.09.2022 18:00:00;8298;2911;2179;1084
22.09.2022 18:00:00;22.09.2022 19:00:00;8584;3075;2140;1198
22.09.2022 19:00:00;22.09.2022 20:00:00;8686;3209;2201;1088
22.09.2022 20:00:00;22.09.2022 21:00:00;8286;3253;2188;959
22.09.2022 21:00:00;22.09.2022 22:00:00;8300;3151;2111;1165
22.09.2022 22:00:00;22.09.2022 23:00:00;8022;3060;2070;1122
22.09.2022 23:00:00;23.09.2022 00:00:00;7703;2913;2025;1081
23.09.2022 00:00:00;23.09.2022 01:00:00;7499;2717;1959;1237
23.09.2022 01:00:00;23.09.2022 02:00:00;7432;2647;1877;1353
23.09.2022 02:00:00;23.09.2022 03:00:00;7418;2737;1932;1344
23.09.2022 03:00:00;23.09.2022 04:00:00;7469;2709;1997;1304
23.09.2022 04:00:00;23.09.2022 05:00:00;7770;2696;2063;1229
23.09.2022 05:00:00;23.09.2022 06:00:00;8399;2795;2060;1282
23.09.2022 06:00:00;23.09.2022 07:00:00;8514;2923;2047;1230
23.09.2022 07:00:00;23.09.2022 08:00:00;8690;3107;2128;1183
23.09.2022 08:00:00;23.09.2022 09:00:00;8659;3230;2125;1190
23.09.2022 09:00:00;23.09.2022 10:00:00;8584;3194;2111;1469
23.09.2022 10:00:00;23.09.2022 11:00:00;8554;3244;2135;1344
23.09.2022 11:00:00;23.09.2022 12:00:00;8423;3206;2180;1125
23.09.2022 12:00:00;23.09.2022 13:00:00;8306;3165;2173;1406
23.09.2022 13:00:00;23.09.2022 14:00:00;8243;3227;2154;1201
23.09.2022 14:00:00;23.09.2022 15:00:00;8194;3226;2164;1179
23.09.2022 15:00:00;23.09.2022 16:00:00;8227;3100;2206;1223
23.09.2022 16:00:00;23.09.2022 17:00:00;8271;3093;2143;1232
23.09.2022 17:00:00;23.09.2022 18:00:00;8291;3083;2113;1187
23.09.2022 18:00:00;23.09.2022 19:00:00;8504;3027;2119;1206
23.09.2022 19:00:00;23.09.2022 20:00:00;8573;3063;2144;1133
23.09.2022 20:00:00;23.09.2022 21:00:00;8247;3024;2071;1026
23.09.2022 21:00:00;23.09.2022 22:00:00;8242;2947;2070;1034
23.09.2022 22:00:00;23.09.2022 23:00:00;8029;2924;2075;1153
23.09.2022 23:00:00;24.09.2022 00:00:00;7612;2852;2036;1230
24.09.2022 00:00:00;24.09.2022 01:00:00;7330;2878;1997;1239
24.09.2022 01:00:00;24.09.2022 02:00:00;7176;2788;1967;1270
24.09.2022 02:00:00;24.09.2022 03:00:00;7121;2719;2029;1202
24.09.2022 03:00:00;24.09.2022 04:00:00;7113;2725;1998;1085
24.09.2022 04:00:00;24.09.2022 05:00:00;7174;2775;2022;1029
24.09.2022 05:00:00;24.09.2022 06:00:00;7387;2779;2019;1089
24.09.2022 06:00:00;24.09.2022 07:00:00;7349;2830;2036;1163
24.09.2022 07:00:00;24.09.2022 08:00:00;7545;2860;2055;1193
24.09.2022 08:00:00;24.09.2022 09:00:00;7559;2995;2122;1191
24.09.2022 09:00:00;24.09.2022 10:00:00;7598;3020;2157;1209
24.09.2022 10:00:00;24.09.2022 11:00:00;7624;2995;2218;1213
24.09.2022 11:00:00;24.09.2022 12:00:00;7592;3010;2201;1162
24.09.2022 12:00:00;24.09.2022 13:00:00;7593;2969;2178;1105
24.09.2022 13:00:00;24.09.2022 14:00:00;7573;2964;2218;1172
24.09.2022 14:00:00;24.09.2022 15:00:00;7620;2919;2170;1239
24.09.2022 15:00:00;24.09.2022 16:00:00;7728;2952;2110;1183
24.09.2022 16:00:00;24.09.2022 17:00:00;7854;2997;2173;1186
24.09.2022 17:00:00;24.09.2022 18:00:00;7913;3072;2184;1181
24.09.2022 18:00:00;24.09.2022 19:00:00;8133;3064;2172;1196
24.09.2022 19:00:00;24.09.2022 20:00:00;8120;3071;2228;1196
24.09.2022 20:00:00;24.09.2022 21:00:00;7652;3075;2168;1218
24.09.2022 21:00:00;24.09.2022 22:00:00;7484;3018;2172;1232
24.09.2022 22:00:00;24.09.2022 23:00:00;7461;3008;2148;1210
24.09.2022 23:00:00;25.09.2022 00:00:00;7185;2989;2131;1109
25.09.2022 00:00:00;25.09.2022 01:00:00;7066;2923;2071;1152
25.09.2022 01:00:00;25.09.2022 02:00:00;6929;2881;2020;1204
25.09.2022 02:00:00;25.09.2022 03:00:00;6878;2874;2022;1209
25.09.2022 03:00:00;25.09.2022 04:00:00;6870;2852;2047;1157
25.09.2022 04:00:00;25.09.2022 05:00:00;6973;2798;2071;1162
25.09.2022 05:00:00;25.09.2022 06:00:00;7149;2773;2055;1155
25.09.2022 06:00:00;25.09.2022 07:00:00;7043;2846;2007;1135
25.09.2022 07:00:00;25.09.2022 08:00:00;7202;2803;2014;1129
25.09.2022 08:00:00;25.09.2022 09:00:00;7422;2884;2081;1177
25.09.2022 09:00:00;25.09.2022 10:00:00;7555;3149;2073;1246
25.09.2022 10:00:00;25.09.2022 11:00:00;7574;3159;2034;1300
25.09.2022 11:00:00;25.09.2022 12:00:00;7567;3071;1947;1097
25.09.2022 12:00:00;25.09.2022 13:00:00;7513;2909;1863;1136
25.09.2022 13:00:00;25.09.2022 14:00:00;7496;2774;1872;1261
25.09.2022 14:00:00;25.09.2022 15:00:00;7543;2732;1836;1344
25.09.2022 15:00:00;25.09.2022 16:00:00;7668;2918;1892;1393
25.09.2022 16:00:00;25.09.2022 17:00:00;7805;3138;1973;1175
25.09.2022 17:00:00;25.09.2022 18:00:00;7888;3198;2009;1118
25.09.2022 18:00:00;25.09.2022 19:00:00;8107;3067;1986;1020
25.09.2022 19:00:00;25.09.2022 20:00:00;8172;3211;2000;1075
25.09.2022 20:00:00;25.09.2022 21:00:00;7890;3124;2062;1176
25.09.2022 21:00:00;25.09.2022 22:00:00;8020;3113;2051;1189
25.09.2022 22:00:00;25.09.2022 23:00:00;7844;3228;2015;1042
25.09.2022 23:00:00;26.09.2022 00:00:00;7585;3231;1971;1035
26.09.2022 00:00:00;26.09.2022 01:00:00;7364;2839;1949;976
26.09.2022 01:00:00;26.09.2022 02:00:00;7260;2649;1946;980
26.09.2022 02:00:00;26.09.2022 03:00:00;7241;2677;1937;958
26.09.2022 03:00:00;26.09.2022 04:00:00;7276;2759;1929;1074
26.09.2022 04:00:00;26.09.2022 05:00:00;7514;2809;1953;1096
26.09.2022 05:00:00;26.09.2022 06:00:00;8193;2838;1980;1090
26.09.2022 06:00:00;26.09.2022 07:00:00;8464;3000;2056;1094
26.09.2022 07:00:00;26.09.2022 08:00:00;8665;3176;2051;1179
26.09.2022 08:00:00;26.09.2022 09:00:00;8774;3185;2149;1285
26.09.2022 09:00:00;26.09.2022 10:00:00;8806;2930;2132;1327
26.09.2022 10:00:00;26.09.2022 11:00:00;8809;2936;2187;1335
26.09.2022 11:00:00;26.09.2022 12:00:00;8787;2846;2164;1331
26.09.2022 12:00:00;26.09.2022 13:00:00;8713;3062;2165;1336
26.09.2022 13:00:00;26.09.2022 14:00:00;8634;3052;2135;1321
26.09.2022 14:00:00;26.09.2022 15:00:00;8562;3078;2138;1102
26.09.2022 15:00:00;26.09.2022 16:00:00;8510;3086;2116;1238
26.09.2022 16:00:00;26.09.2022 17:00:00;8405;3058;2173;1148
26.09.2022 17:00:00;26.09.2022 18:00:00;8417;3118;2166;1096
26.09.2022 18:00:00;26.09.2022 19:00:00;8654;3162;2186;1180
26.09.2022 19:00:00;26.09.2022 20:00:00;8693;3208;2245;1194
26.09.2022 20:00:00;26.09.2022 21:00:00;8369;3167;2177;1206
26.09.2022 21:00:00;26.09.2022 22:00:00;8340;3135;2086;1124
26.09.2022 22:00:00;26.09.2022 23:00:00;8056;3071;2072;1034
26.09.2022 23:00:00;27.09.2022 00:00:00;7632;2937;2027;1170
27.09.2022 00:00:00;27.09.2022 01:00:00;7444;2879;2018;1204
27.09.2022 01:00:00;27.09.2022 02:00:00;7309;2882;2114;1206
27.09.2022 02:00:00;27.09.2022 03:00:00;7285;2824;1995;1206
27.09.2022 03:00:00;27.09.2022 04:00:00;7264;2750;1965;1179
27.09.2022 04:00:00;27.09.2022 05:00:00;7457;2723;2002;1167
27.09.2022 05:00:00;27.09.2022 06:00:00;8176;2800;1964;1201
27.09.2022 06:00:00;27.09.2022 07:00:00;8393;2878;2025;1278
27.09.2022 07:00:00;27.09.2022 08:00:00;8637;3082;2102;1297
27.09.2022 08:00:00;27.09.2022 09:00:00;8703;3143;2082;1321
27.09.2022 09:00:00;27.09.2022 10:00:00;8691;3117;2058;1269
27.09.2022 10:00:00;27.09.2022 11:00:00;8738;3196;2066;1196
27.09.2022 11:00:00;27.09.2022 12:00:00;8703;3132;2028;1267
27.09.2022 12:00:00;27.09.2022 13:00:00;8526;3199;2000;1340
27.09.2022 13:00:00;27.09.2022 14:00:00;8478;3130;2032;1268
27.09.2022 14:00:00;27.09.2022 15:00:00;8369;2988;2050;1206
27.09.2022 15:00:00;27.09.2022 16:00:00;8374;3023;2061;1297
27.09.2022 16:00:00;27.09.2022 17:00:00;8476;3058;2046;1224
27.09.2022 17:00:00;27.09.2022 18:00:00;8486;3045;2034;1208
27.09.2022 18:00:00;27.09.2022 19:00:00;8823;3038;2086;1295
27.09.2022 19:00:00;27.09.2022 20:00:00;8843;3066;2129;1286
27.09.2022 20:00:00;27.09.2022 21:00:00;8464;3141;2087;1241
27.09.2022 21:00:00;27.09.2022 22:00:00;8371;3158;2106;1213
27.09.2022 22:00:00;27.09.2022 23:00:00;8131;3172;2063;1144
27.09.2022 23:00:00;28.09.2022 00:00:00;7752;2972;1998;1151
28.09.2022 00:00:00;28.09.2022 01:00:00;7550;2814;1819;1263
28.09.2022 01:00:00;28.09.2022 02:00:00;7390;2878;1793;1151
28.09.2022 02:00:00;28.09.2022 03:00:00;7360;2734;1786;1126
28.09.2022 03:00:00;28.09.2022 04:00:00;7405;2604;1945;1080
28.09.2022 04:00:00;28.09.2022 05:00:00;7661;2700;1998;1043
28.09.2022 05:00:00;28.09.2022 06:00:00;8309;2781;2042;1097
28.09.2022 06:00:00;28.09.2022 07:00:00;8638;2900;2157;1255
28.09.2022 07:00:00;28.09.2022 08:00:00;8819;3051;2251;1361
28.09.2022 08:00:00;28.09.2022 09:00:00;8892;3084;2177;1272
28.09.2022 09:00:00;28.09.2022 10:00:00;8864;3065;2111;1283
28.09.2022 10:00:00;28.09.2022 11:00:00;8883;3018;2094;1254
28.09.2022 11:00:00;28.09.2022 12:00:00;8815;2995;2109;1297
28.09.2022 12:00:00;28.09.2022 13:00:00;8715;2927;2116;1319
28.09.2022 13:00:00;28.09.2022 14:00:00;8757;2892;2185;1319
28.09.2022 14:00:00;28.09.2022 15:00:00;8759;2952;2196;1286
28.09.2022 15:00:00;28.09.2022 16:00:00;8708;2976;2175;1341
28.09.2022 16:00:00;28.09.2022 17:00:00;8715;3028;2180;1317
28.09.2022 17:00:00;28.09.2022 18:00:00;8756;3026;2143;1358
28.09.2022 18:00:00;28.09.2022 19:00:00;9015;2999;2154;1323
28.09.2022 19:00:00;28.09.2022 20:00:00;9022;3030;2192;1276
28.09.2022 20:00:00;28.09.2022 21:00:00;8569;3090;2191;1228
28.09.2022 21:00:00;28.09.2022 22:00:00;8475;3097;2144;1155
28.09.2022 22:00:00;28.09.2022 23:00:00;8258;3084;2110;1209
28.09.2022 23:00:00;29.09.2022 00:00:00;7887;3032;2127;1126
29.09.2022 00:00:00;29.09.2022 01:00:00;7624;2797;2078;1091
29.09.2022 01:00:00;29.09.2022 02:00:00;7550;2849;2072;1130
29.09.2022 02:00:00;29.09.2022 03:00:00;7503;2826;2049;1165
29.09.2022 03:00:00;29.09.2022 04:00:00;7586;2786;2034;1206
29.09.2022 04:00:00;29.09.2022 05:00:00;7804;2797;2047;1183
29.09.2022 05:00:00;29.09.2022 06:00:00;8448;2895;2054;1109
29.09.2022 06:00:00;29.09.2022 07:00:00;8840;3153;2098;1198
29.09.2022 07:00:00;29.09.2022 08:00:00;8991;3267;2184;1155
29.09.2022 08:00:00;29.09.2022 09:00:00;9171;3270;2185;1114
29.09.2022 09:00:00;29.09.2022 10:00:00;9183;3370;2180;1132
29.09.2022 10:00:00;29.09.2022 11:00:00;9242;3217;2218;1283
29.09.2022 11:00:00;29.09.2022 12:00:00;9216;3192;2167;1272
29.09.2022 12:00:00;29.09.2022 13:00:00;8950;3214;2221;1275
29.09.2022 13:00:00;29.09.2022 14:00:00;8957;3222;2212;1278
29.09.2022 14:00:00;29.09.2022 15:00:00;8971;3074;2202;1256
29.09.2022 15:00:00;29.09.2022 16:00:00;8902;3094;2145;1119
29.09.2022 16:00:00;29.09.2022 17:00:00;8915;3075;2216;1076
29.09.2022 17:00:00;29.09.2022 18:00:00;8945;3041;2184;1136
29.09.2022 18:00:00;29.09.2022 19:00:00;9207;3037;2167;1073
29.09.2022 19:00:00;29.09.2022 20:00:00;9168;3117;2195;1148
29.09.2022 20:00:00;29.09.2022 21:00:00;8730;3129;2181;1213
29.09.2022 21:00:00;29.09.2022 22:00:00;8749;3128;2105;1222
29.09.2022 22:00:00;29.09.2022 23:00:00;8488;2986;2044;1307
29.09.2022 23:00:00;30.09.2022 00:00:00;7990;2886;1978;1302
30.09.2022 00:00:00;30.09.2022 01:00:00;7719;2816;1990;1155
30.09.2022 01:00:00;30.09.2022 02:00:00;7595;2803;2003;1108
30.09.2022 02:00:00;30.09.2022 03:00:00;7519;2784;2041;1148
30.09.2022 03:00:00;30.09.2022 04:00:00;7595;2783;1967;1144
30.09.2022 04:00:00;30.09.2022 05:00:00;7908;2830;1980;1163
30.09.2022 05:00:00;30.09.2022 06:00:00;8583;2881;2004;1225
30.09.2022 06:00:00;30.09.2022 07:00:00;8892;2978;2126;1213
30.09.2022 07:00:00;30.09.2022 08:00:00;9013;3189;2176;1292
30.09.2022 08:00:00;30.09.2022 09:00:00;9016;3260;2193;1328
30.09.2022 09:00:00;30.09.2022 10:00:00;9050;3161;2197;1365
30.09.2022 10:00:00;30.09.2022 11:00:00;9093;3097;2221;1376
30.09.2022 11:00:00;30.09.2022 12:00:00;9032;3078;2245;1270
30.09.2022 12:00:00;30.09.2022 13:00:00;8965;3066;2221;1266
30.09.2022 13:00:00;30.09.2022 14:00:00;8904;3034;2185;1309
30.09.2022 14:00:00;30.09.2022 15:00:00;8791;3004;2160;1250
30.09.2022 15:00:00;30.09.2022 16:00:00;8749;3049;2165;1254
30.09.2022 16:00:00;30.09.2022 17:00:00;8746;3048;2185;1241
30.09.2022 17:00:00;30.09.2022 18:00:00;8796;3021;2202;1303
30.09.2022 18:00:00;30.09.2022 19:00:00;9142;3022;2215;1311
30.09.2022 19:00:00;30.09.2022 20:00:00;8965;3166;2237;1198
30.09.2022 20:00:00;30.09.2022 21:00:00;8550;3110;2258;1289
30.09.2022 21:00:00;30.09.2022 22:00:00;8580;3074;2192;1270
30.09.2022 22:00:00;30.09.2022 23:00:00;8373;2918;2137;1250
30.09.2022 23:00:00;01.10.2022 00:00:00;8006;2981;2092;1082
01.10.2022 00:00:00;01.10.2022 01:00:00;7705;2977;2134;1142
01.10.2022 01:00:00;01.10.2022 02:00:00;7590;2917;2091;1112
01.10.2022 02:00:00;01.10.2022 03:00:00;7563;2893;2083;988
01.10.2022 03:00:00;01.10.2022 04:00:00;7568;2825;2078;1069
01.10.2022 04:00:00;01.10.2022 05:00:00;7677;2739;2108;1102
01.10.2022 05:00:00;01.10.2022 06:00:00;7858;2664;2155;1052
01.10.2022 06:00:00;01.10.2022 07:00:00;7826;2721;2220;1037
01.10.2022 07:00:00;01.10.2022 08:00:00;7985;2808;2178;1136
01.10.2022 08:00:00;01.10.2022 09:00:00;8157;2872;2211;1125
01.10.2022 09:00:00;01.10.2022 10:00:00;8261;2985;2166;1087
01.10.2022 10:00:00;01.10.2022 11:00:00;8197;3034;2160;1083
01.10.2022 11:00:00;01.10.2022 12:00:00;8155;3109;2201;1184
01.10.2022 12:00:00;01.10.2022 13:00:00;8025;3140;2236;1308
01.10.2022 13:00:00;01.10.2022 14:00:00;8006;3154;2212;1079
01.10.2022 14:00:00;01.10.2022 15:00:00;8044;3038;2171;1099
01.10.2022 15:00:00;01.10.2022 16:00:00;8113;3028;2198;1184
01.10.2022 16:00:00;01.10.2022 17:00:00;8211;3140;2199;1181
01.10.2022 17:00:00;01.10.2022 18:00:00;8353;3120;2229;1126
01.10.2022 18:00:00;01.10.2022 19:00:00;8701;3075;2258;1079
01.10.2022 19:00:00;01.10.2022 20:00:00;8528;3085;2281;999
01.10.2022 20:00:00;01.10.2022 21:00:00;8172;3038;2244;974
01.10.2022 21:00:00;01.10.2022 22:00:00;8253;3010;2213;1083
01.10.2022 22:00:00;01.10.2022 23:00:00;8063;2902;2266;1101
01.10.2022 23:00:00;02.10.2022 00:00:00;7754;2852;2272;1083
02.10.2022 00:00:00;02.10.2022 01:00:00;7466;2803;2324;1032
02.10.2022 01:00:00;02.10.2022 02:00:00;7329;2780;2320;1086
02.10.2022 02:00:00;02.10.2022 03:00:00;7229;2775;2187;1163
02.10.2022 03:00:00;02.10.2022 04:00:00;7199;2727;2162;1208
02.10.2022 04:00:00;02.10.2022 05:00:00;7288;2728;2242;1110
02.10.2022 05:00:00;02.10.2022 06:00:00;7456;2729;2223;1153
02.10.2022 06:00:00;02.10.2022 07:00:00;7413;2738;2258;1136
02.10.2022 07:00:00;02.10.2022 08:00:00;7508;2798;2248;1102
02.10.2022 08:00:00;02.10.2022 09:00:00;7647;2859;2263;1174
02.10.2022 09:00:00;02.10.2022 10:00:00;7741;2928;2279;1239
02.10.2022 10:00:00;02.10.2022 11:00:00;7788;2932;2309;1227
02.10.2022 11:00:00;02.10.2022 12:00:00;7791;2977;2293;1018
02.10.2022 12:00:00;02.10.2022 13:00:00;7759;2963;2274;1095
02.10.2022 13:00:00;02.10.2022 14:00:00;7720;2973;2246;1055
02.10.2022 14:00:00;02.10.2022 15:00:00;7716;3002;2228;1053
02.10.2022 15:00:00;02.10.2022 16:00:00;7770;3034;2235;1082
02.10.2022 16:00:00;02.10.2022 17:00:00;7801;2972;2257;1232
02.10.2022 17:00:00;02.10.2022 18:00:00;7892;2946;2270;1251
02.10.2022 18:00:00;02.10.2022 19:00:00;8278;2963;2339;1148
02.10.2022 19:00:00;02.10.2022 20:00:00;8199;3013;2378;1236
02.10.2022 20:00:00;02.10.2022 21:00:00;7913;2992;2363;1264
02.10.2022 21:00:00;02.10.2022 22:00:00;8129;2923;2328;1260
02.10.2022 22:00:00;02.10.2022 23:00:00;8065;2995;2257;1175
02.10.2022 23:00:00;03.10.2022 00:00:00;7743;2852;2218;1289
03.10.2022 00:00:00;03.10.2022 01:00:00;7544;2902;2204;1145
03.10.2022 01:00:00;03.10.2022 02:00:00;7472;2871;2183;1297
03.10.2022 02:00:00;03.10.2022 03:00:00;7405;2704;2171;1161
03.10.2022 03:00:00;03.10.2022 04:00:00;7458;2771;2161;1225
03.10.2022 04:00:00;03.10.2022 05:00:00;7750;2912;2139;1242
03.10.2022 05:00:00;03.10.2022 06:00:00;8384;2945;2180;1187
03.10.2022 06:00:00;03.10.2022 07:00:00;8794;3115;2239;1164
03.10.2022 07:00:00;03.10.2022 08:00:00;8905;3200;2351;1228
03.10.2022 08:00:00;03.10.2022 09:00:00;9026;3218;2338;1292
03.10.2022 09:00:00;03.10.2022 10:00:00;8920;3266;2345;1301
03.10.2022 10:00:00;03.10.2022 11:00:00;8971;3368;2387;1285
03.10.2022 11:00:00;03.10.2022 12:00:00;8906;3296;2369;1208
03.10.2022 12:00:00;03.10.2022 13:00:00;8808;3279;2276;1176
03.10.2022 13:00:00;03.10.2022 14:00:00;8694;3132;2191;1350
03.10.2022 14:00:00;03.10.2022 15:00:00;8692;3042;2301;1397
03.10.2022 15:00:00;03.10.2022 16:00:00;8758;3302;2290;1261
03.10.2022 16:00:00;03.10.2022 17:00:00;8702;3291;2291;1264
03.10.2022 17:00:00;03.10.2022 18:00:00;8664;3186;2285;1305
03.10.2022 18:00:00;03.10.2022 19:00:00;8913;3037;2351;1308
03.10.2022 19:00:00;03.10.2022 20:00:00;8927;2967;2346;1307
03.10.2022 20:00:00;03.10.2022 21:00:00;8524;3065;2333;1277
03.10.2022 21:00:00;03.10.2022 22:00:00;8601;3037;2293;1225
03.10.2022 22:00:00;03.10.2022 23:00:00;8307;2917;2204;1177
03.10.2022 23:00:00;04.10.2022 00:00:00;7943;2979;2161;1187
04.10.2022 00:00:00;04.10.2022 01:00:00;7774;2966;2110;1191
04.10.2022 01:00:00;04.10.2022 02:00:00;7722;2923;2199;1144
04.10.2022 02:00:00;04.10.2022 03:00:00;7644;2879;2146;1135
04.10.2022 03:00:00;04.10.2022 04:00:00;7731;2789;2071;1122
04.10.2022 04:00:00;04.10.2022 05:00:00;7969;2728;2040;1134
04.10.2022 05:00:00;04.10.2022 06:00:00;8567;2706;2097;1167
04.10.2022 06:00:00;04.10.2022 07:00:00;8972;2804;2244;1225
04.10.2022 07:00:00;04.10.2022 08:00:00;9017;3000;2328;1258
04.10.2022 08:00:00;04.10.2022 09:00:00;9136;3153;2330;1228
04.10.2022 09:00:00;04.10.2022 10:00:00;9089;2999;2305;1268
04.10.2022 10:00:00;04.10.2022 11:00:00;9103;3008;2191;1277
04.10.2022 11:00:00;04.10.2022 12:00:00;8993;2945;2148;1351
04.10.2022 12:00:00;04.10.2022 13:00:00;8908;2965;2183;1248
04.10.2022 13:00:00;04.10.2022 14:00:00;8770;3182;2177;1171
04.10.2022 14:00:00;04.10.2022 15:00:00;8733;3301;2163;1160
04.10.2022 15:00:00;04.10.2022 16:00:00;8707;3263;2241;1212
04.10.2022 16:00:00;04.10.2022 17:00:00;8733;3143;2214;1190
04.10.2022 17:00:00;04.10.2022 18:00:00;8753;3155;2215;1136
04.10.2022 18:00:00;04.10.2022 19:00:00;9091;3159;2215;1195
04.10.2022 19:00:00;04.10.2022 20:00:00;8989;3078;2243;1256
04.10.2022 20:00:00;04.10.2022 21:00:00;8596;3025;2290;1169
04.10.2022 21:00:00;04.10.2022 22:00:00;8626;3188;2188;1054
04.10.2022 22:00:00;04.10.2022 23:00:00;8484;3043;2188;902
04.10.2022 23:00:00;05.10.2022 00:00:00;8131;2796;2183;1136
05.10.2022 00:00:00;05.10.2022 01:00:00;7922;2429;2146;1046
05.10.2022 01:00:00;05.10.2022 02:00:00;7804;2307;2109;1164
05.10.2022 02:00:00;05.10.2022 03:00:00;7764;2454;2033;1126
05.10.2022 03:00:00;05.10.2022 04:00:00;7798;2589;1875;1102
05.10.2022 04:00:00;05.10.2022 05:00:00;8014;2571;1883;933
05.10.2022 05:00:00;05.10.2022 06:00:00;8661;2637;2004;1000
05.10.2022 06:00:00;05.10.2022 07:00:00;9059;2673;2107;1662
05.10.2022 07:00:00;05.10.2022 08:00:00;9173;2901;2301;1448
05.10.2022 08:00:00;05.10.2022 09:00:00;9278;3123;2259;1169
05.10.2022 09:00:00;05.10.2022 10:00:00;9266;3042;2355;1135
05.10.2022 10:00:00;05.10.2022 11:00:00;9250;3035;2284;1308
05.10.2022 11:00:00;05.10.2022 12:00:00;9316;2979;2353;1393
05.10.2022 12:00:00;05.10.2022 13:00:00;9215;2987;2325;1330
05.10.2022 13:00:00;05.10.2022 14:00:00;9116;2945;2297;1294
05.10.2022 14:00:00;05.10.2022 15:00:00;8949;2946;2233;1225
05.10.2022 15:00:00;05.10.2022 16:00:00;8884;2963;2208;1274
05.10.2022 16:00:00;05.10.2022 17:00:00;8841;3178;2109;1325
05.10.2022 17:00:00;05.10.2022 18:00:00;8923;3147;2129;1245
05.10.2022 18:00:00;05.10.2022 19:00:00;9201;3047;2135;1262
05.10.2022 19:00:00;05.10.2022 20:00:00;9000;2986;2231;1249
05.10.2022 20:00:00;05.10.2022 21:00:00;8484;2952;2180;1248
05.10.2022 21:00:00;05.10.2022 22:00:00;8441;3002;2231;1198
05.10.2022 22:00:00;05.10.2022 23:00:00;8189;2968;2252;1123
05.10.2022 23:00:00;06.10.2022 00:00:00;7741;2937;2199;1146
06.10.2022 00:00:00;06.10.2022 01:00:00;7353;2872;2154;1032
06.10.2022 01:00:00;06.10.2022 02:00:00;7073;2784;2123;1017
06.10.2022 02:00:00;06.10.2022 03:00:00;6987;2580;1983;1121
06.10.2022 03:00:00;06.10.2022 04:00:00;7016;2707;1937;1253
06.10.2022 04:00:00;06.10.2022 05:00:00;7208;2857;1903;1143
06.10.2022 05:00:00;06.10.2022 06:00:00;7823;2770;1936;682
06.10.2022 06:00:00;06.10.2022 07:00:00;8252;2936;2112;1045
06.10.2022 07:00:00;06.10.2022 08:00:00;8395;3005;2328;1281
06.10.2022 08:00:00;06.10.2022 09:00:00;8578;3140;2325;1026
06.10.2022 09:00:00;06.10.2022 10:00:00;8820;3142;2374;1088
06.10.2022 10:00:00;06.10.2022 11:00:00;9125;3255;2428;986
06.10.2022 11:00:00;06.10.2022 12:00:00;9140;3338;2379;912
06.10.2022 12:00:00;06.10.2022 13:00:00;9005;3364;2354;946
06.10.2022 13:00:00;06.10.2022 14:00:00;8825;3135;2323;935
06.10.2022 14:00:00;06.10.2022 15:00:00;8732;3179;2335;1028
06.10.2022 15:00:00;06.10.2022 16:00:00;8742;3176;2335;1155
06.10.2022 16:00:00;06.10.2022 17:00:00;8590;3069;2331;1341
06.10.2022 17:00:00;06.10.2022 18:00:00;8347;3173;2356;1255
06.10.2022 18:00:00;06.10.2022 19:00:00;8580;2919;2356;1176
06.10.2022 19:00:00;06.10.2022 20:00:00;8590;3223;2335;1172
06.10.2022 20:00:00;06.10.2022 21:00:00;8148;3190;2224;1042
06.10.2022 21:00:00;06.10.2022 22:00:00;8111;3134;2122;1126
06.10.2022 22:00:00;06.10.2022 23:00:00;7996;3065;2159;923
06.10.2022 23:00:00;07.10.2022 00:00:00;7842;3011;2100;910
07.10.2022 00:00:00;07.10.2022 01:00:00;7582;2925;1909;971
07.10.2022 01:00:00;07.10.2022 02:00:00;7485;2934;1908;940
07.10.2022 02:00:00;07.10.2022 03:00:00;7420;2865;1834;957
07.10.2022 03:00:00;07.10.2022 04:00:00;7435;2884;1879;853
07.10.2022 04:00:00;07.10.2022 05:00:00;7676;2871;1850;824
07.10.2022 05:00:00;07.10.2022 06:00:00;8194;2939;1937;938
07.10.2022 06:00:00;07.10.2022 07:00:00;8550;3102;2192;1239
07.10.2022 07:00:00;07.10.2022 08:00:00;8774;3180;2287;1165
07.10.2022 08:00:00;07.10.2022 09:00:00;9003;3216;2367;1076
07.10.2022 09:00:00;07.10.2022 10:00:00;8961;3456;2370;1187
07.10.2022 10:00:00;07.10.2022 11:00:00;8851;3582;2333;1465
07.10.2022 11:00:00;07.10.2022 12:00:00;8680;3641;2255;1244
07.10.2022 12:00:00;07.10.2022 13:00:00;8556;3617;2188;1109
07.10.2022 13:00:00;07.10.2022 14:00:00;8474;3270;2217;1056
07.10.2022 14:00:00;07.10.2022 15:00:00;8511;3097;2251;1129
07.10.2022 15:00:00;07.10.2022 16:00:00;8646;2944;2275;1320
07.10.2022 16:00:00;07.10.2022 17:00:00;8645;2962;2280;1342
07.10.2022 17:00:00;07.10.2022 18:00:00;8774;3183;2262;1156
07.10.2022 18:00:00;07.10.2022 19:00:00;8905;3200;2129;1098
07.10.2022 19:00:00;07.10.2022 20:00:00;8793;3034;2213;1249
07.10.2022 20:00:00;07.10.2022 21:00:00;8309;2723;2102;1151
07.10.2022 21:00:00;07.10.2022 22:00:00;8235;3007;1959;1144
07.10.2022 22:00:00;07.10.2022 23:00:00;8040;3058;2006;1044
07.10.2022 23:00:00;08.10.2022 00:00:00;7531;2900;2003;957
08.10.2022 00:00:00;08.10.2022 01:00:00;7387;2908;2023;1253
08.10.2022 01:00:00;08.10.2022 02:00:00;7257;2878;2045;922
08.10.2022 02:00:00;08.10.2022 03:00:00;7171;2788;2089;716
08.10.2022 03:00:00;08.10.2022 04:00:00;7174;2792;2036;935
08.10.2022 04:00:00;08.10.2022 05:00:00;7267;2795;1996;888
08.10.2022 05:00:00;08.10.2022 06:00:00;7460;2913;2115;1199
08.10.2022 06:00:00;08.10.2022 07:00:00;7615;2698;2095;1307
08.10.2022 07:00:00;08.10.2022 08:00:00;7703;2683;2185;1430
08.10.2022 08:00:00;08.10.2022 09:00:00;7887;2718;2276;1385
08.10.2022 09:00:00;08.10.2022 10:00:00;8136;3068;2364;1260
08.10.2022 10:00:00;08.10.2022 11:00:00;8220;3172;2351;1234
08.10.2022 11:00:00;08.10.2022 12:00:00;8278;3163;2263;1192
08.10.2022 12:00:00;08.10.2022 13:00:00;8180;3165;2193;941
08.10.2022 13:00:00;08.10.2022 14:00:00;8026;3076;2224;951
08.10.2022 14:00:00;08.10.2022 15:00:00;8026;3100;2226;1202
08.10.2022 15:00:00;08.10.2022 16:00:00;8077;3072;2257;1311
08.10.2022 16:00:00;08.10.2022 17:00:00;8240;3021;2158;1277
08.10.2022 17:00:00;08.10.2022 18:00:00;8387;3078;2271;1291
08.10.2022 18:00:00;08.10.2022 19:00:00;8528;3209;2247;1224
08.10.2022 19:00:00;08.10.2022 20:00:00;8346;3239;2303;1165
08.10.2022 20:00:00;08.10.2022 21:00:00;8039;3098;2266;1238
08.10.2022 21:00:00;08.10.2022 22:00:00;8170;3094;2253;1151
08.10.2022 22:00:00;08.10.2022 23:00:00;8049;3025;2220;1199
08.10.2022 23:00:00;09.10.2022 00:00:00;7748;2893;2177;1146
09.10.2022 00:00:00;09.10.2022 01:00:00;7531;2889;2132;1185
09.10.2022 01:00:00;09.10.2022 02:00:00;7386;2869;2129;1163
09.10.2022 02:00:00;09.10.2022 03:00:00;7383;2903;2173;1179
09.10.2022 03:00:00;09.10.2022 04:00:00;7382;2918;2143;1245
09.10.2022 04:00:00;09.10.2022 05:00:00;7390;2882;2074;1211
09.10.2022 05:00:00;09.10.2022 06:00:00;7578;2937;1928;1184
09.10.2022 06:00:00;09.10.2022 07:00:00;7647;3031;1878;1203
09.10.2022 07:00:00;09.10.2022 08:00:00;7798;3094;2017;1177
09.10.2022 08:00:00;09.10.2022 09:00:00;7971;2954;2216;1261
09.10.2022 09:00:00;09.10.2022 10:00:00;8032;3175;2454;1375
09.10.2022 10:00:00;09.10.2022 11:00:00;8065;3167;2302;1327
09.10.2022 11:00:00;09.10.2022 12:00:00;8031;3092;2303;1252
09.10.2022 12:00:00;09.10.2022 13:00:00;7953;3137;2263;1225
09.10.2022 13:00:00;09.10.2022 14:00:00;7895;3220;2291;1187
09.10.2022 14:00:00;09.10.2022 15:00:00;7909;3242;2125;1170
09.10.2022 15:00:00;09.10.2022 16:00:00;7950;3189;2089;1089
09.10.2022 16:00:00;09.10.2022 17:00:00;8099;3152;2128;1239
09.10.2022 17:00:00;09.10.2022 18:00:00;8413;3136;2246;1289
09.10.2022 18:00:00;09.10.2022 19:00:00;8761;3282;2120;1454
09.10.2022 19:00:00;09.10.2022 20:00:00;8507;3267;2077;1137
09.10.2022 20:00:00;09.10.2022 21:00:00;8090;3145;2111;851
09.10.2022 21:00:00;09.10.2022 22:00:00;8440;3092;2250;954
09.10.2022 22:00:00;09.10.2022 23:00:00;8295;3062;2177;1219
09.10.2022 23:00:00;10.10.2022 00:00:00;7958;3101;2171;1197
10.10.2022 00:00:00;10.10.2022 01:00:00;7716;2829;2144;1171
10.10.2022 01:00:00;10.10.2022 02:00:00;7572;2818;2202;1095
10.10.2022 02:00:00;10.10.2022 03:00:00;7479;2774;2162;1315
10.10.2022 03:00:00;10.10.2022 04:00:00;7578;2794;2144;1487
10.10.2022 04:00:00;10.10.2022 05:00:00;7918;2748;2129;1443
10.10.2022 05:00:00;10.10.2022 06:00:00;8702;2789;2134;1217
10.10.2022 06:00:00;10.10.2022 07:00:00;9147;2923;2200;1327
10.10.2022 07:00:00;10.10.2022 08:00:00;9292;3160;2229;1315
10.10.2022 08:00:00;10.10.2022 09:00:00;9386;3160;2256;1344
10.10.2022 09:00:00;10.10.2022 10:00:00;9333;3237;2245;1335
10.10.2022 10:00:00;10.10.2022 11:00:00;9214;3340;2271;1325
10.10.2022 11:00:00;10.10.2022 12:00:00;9049;3517;2248;1304
10.10.2022 12:00:00;10.10.2022 13:00:00;8937;3540;2371;1347
10.10.2022 13:00:00;10.10.2022 14:00:00;8877;3375;2353;1339
10.10.2022 14:00:00;10.10.2022 15:00:00;8782;3320;2298;1244
10.10.2022 15:00:00;10.10.2022 16:00:00;8748;3225;2174;1313
10.10.2022 16:00:00;10.10.2022 17:00:00;8720;3178;2187;1420
10.10.2022 17:00:00;10.10.2022 18:00:00;8784;3329;2188;1262
10.10.2022 18:00:00;10.10.2022 19:00:00;8943;3164;2167;1053
10.10.2022 19:00:00;10.10.2022 20:00:00;8694;2905;2156;1107
10.10.2022 20:00:00;10.10.2022 21:00:00;8325;3079;2266;1227
10.10.2022 21:00:00;10.10.2022 22:00:00;8482;3126;2284;1227
10.10.2022 22:00:00;10.10.2022 23:00:00;8262;3114;2186;1274
10.10.2022 23:00:00;11.10.2022 00:00:00;7723;3062;2073;1203
11.10.2022 00:00:00;11.10.2022 01:00:00;7390;2906;2083;1055
11.10.2022 01:00:00;11.10.2022 02:00:00;7224;2781;2092;1047
11.10.2022 02:00:00;11.10.2022 03:00:00;7085;2881;2092;1011
11.10.2022 03:00:00;11.10.2022 04:00:00;7180;2938;2107;1166
11.10.2022 04:00:00;11.10.2022 05:00:00;7434;3097;2038;1149
11.10.2022 05:00:00;11.10.2022 06:00:00;8146;3000;2099;1176
11.10.2022 06:00:00;11.10.2022 07:00:00;8724;3158;2277;1394
11.10.2022 07:00:00;11.10.2022 08:00:00;8842;3284;2233;1246
11.10.2022 08:00:00;11.10.2022 09:00:00;8854;3400;2187;1365
11.10.2022 09:00:00;11.10.2022 10:00:00;8939;3445;2246;1313
11.10.2022 10:00:00;11.10.2022 11:00:00;9070;3467;2266;1202
11.10.2022 11:00:00;11.10.2022 12:00:00;9161;3433;2290;1222
11.10.2022 12:00:00;11.10.2022 13:00:00;9063;3432;2343;1213
11.10.2022 13:00:00;11.10.2022 14:00:00;8868;3419;2377;1181
11.10.2022 14:00:00;11.10.2022 15:00:00;8793;3367;2337;1057
11.10.2022 15:00:00;11.10.2022 16:00:00;8800;3334;2326;1246
11.10.2022 16:00:00;11.10.2022 17:00:00;8926;3349;2306;1232
11.10.2022 17:00:00;11.10.2022 18:00:00;9068;3358;2268;1125
11.10.2022 18:00:00;11.10.2022 19:00:00;9286;3395;2216;942
11.10.2022 19:00:00;11.10.2022 20:00:00;9161;3390;2248;1148
11.10.2022 20:00:00;11.10.2022 21:00:00;8694;3307;2263;1158
11.10.2022 21:00:00;11.10.2022 22:00:00;8650;3246;2290;1222
11.10.2022 22:00:00;11.10.2022 23:00:00;8320;3201;2193;1191
11.10.2022 23:00:00;12.10.2022 00:00:00;7864;3045;2158;1141
12.10.2022 00:00:00;12.10.2022 01:00:00;7528;3095;2159;1090
12.10.2022 01:00:00;12.10.2022 02:00:00;7458;2977;2210;1227
12.10.2022 02:00:00;12.10.2022 03:00:00;7376;2980;2065;1126
12.10.2022 03:00:00;12.10.2022 04:00:00;7417;3010;1983;1165
12.10.2022 04:00:00;12.10.2022 05:00:00;7734;3174;2037;1186
12.10.2022 05:00:00;12.10.2022 06:00:00;8528;3087;2101;1262
12.10.2022 06:00:00;12.10.2022 07:00:00;8981;3082;2208;1287
12.10.2022 07:00:00;12.10.2022 08:00:00;9055;3253;2331;1237
12.10.2022 08:00:00;12.10.2022 09:00:00;9059;3330;2378;1151
12.10.2022 09:00:00;12.10.2022 10:00:00;8887;3406;2448;1162
12.10.2022 10:00:00;12.10.2022 11:00:00;8613;3361;2426;1298
12.10.2022 11:00:00;12.10.2022 12:00:00;8328;3365;2446;1412
12.10.2022 12:00:00;12.10.2022 13:00:00;8368;3304;2478;1446
12.10.2022 13:00:00;12.10.2022 14:00:00;8382;3281;2580;1266
12.10.2022 14:00:00;12.10.2022 15:00:00;8308;3226;2510;1243
12.10.2022 15:00:00;12.10.2022 16:00:00;8425;3236;2507;1279
12.10.2022 16:00:00;12.10.2022 17:00:00;8533;3189;2485;1235
12.10.2022 17:00:00;12.10.2022 18:00:00;8806;3341;2386;1110
12.10.2022 18:00:00;12.10.2022 19:00:00;9148;3239;2269;1219
12.10.2022 19:00:00;12.10.2022 20:00:00;9038;3268;2264;1253
12.10.2022 20:00:00;12.10.2022 21:00:00;8754;3377;2147;1241
12.10.2022 21:00:00;12.10.2022 22:00:00;8834;3340;2049;1003
12.10.2022 22:00:00;12.10.2022 23:00:00;8746;3157;2114;857
12.10.2022 23:00:00;13.10.2022 00:00:00;8411;2951;2057;1021
13.10.2022 00:00:00;13.10.2022 01:00:00;8187;2737;2075;782
13.10.2022 01:00:00;13.10.2022 02:00:00;8066;2863;2036;979
13.10.2022 02:00:00;13.10.2022 03:00:00;8101;3078;2015;1175
13.10.2022 03:00:00;13.10.2022 04:00:00;8105;2953;2001;1295
13.10.2022 04:00:00;13.10.2022 05:00:00;8282;2947;2032;1450
13.10.2022 05:00:00;13.10.2022 06:00:00;9010;3084;2117;1125
13.10.2022 06:00:00;13.10.2022 07:00:00;9384;3259;2184;1259
13.10.2022 07:00:00;13.10.2022 08:00:00;9361;3379;2333;1367
13.10.2022 08:00:00;13.10.2022 09:00:00;9583;3442;2312;1402
13.10.2022 09:00:00;13.10.2022 10:00:00;9439;3330;2451;1370
13.10.2022 10:00:00;13.10.2022 11:00:00;9388;3340;2419;1329
13.10.2022 11:00:00;13.10.2022 12:00:00;9295;3189;2328;1388
13.10.2022 12:00:00;13.10.2022 13:00:00;9218;3154;2309;1415
13.10.2022 13:00:00;13.10.2022 14:00:00;9094;3127;2412;1341
13.10.2022 14:00:00;13.10.2022 15:00:00;8984;3085;2436;1270
13.10.2022 15:00:00;13.10.2022 16:00:00;9007;3167;2400;1319
13.10.2022 16:00:00;13.10.2022 17:00:00;8937;3131;2380;1253
13.10.2022 17:00:00;13.10.2022 18:00:00;9053;3151;2391;1215
13.10.2022 18:00:00;13.10.2022 19:00:00;9212;3222;2388;1247
13.10.2022 19:00:00;13.10.2022 20:00:00;9084;3212;2403;1191
13.10.2022 20:00:00;13.10.2022 21:00:00;8753;3177;2392;1261
13.10.2022 21:00:00;13.10.2022 22:00:00;8679;3125;2412;1347
13.10.2022 22:00:00;13.10.2022 23:00:00;8497;3081;2367;1260
13.10.2022 23:00:00;14.10.2022 00:00:00;8044;3043;2315;1230
14.10.2022 00:00:00;14.10.2022 01:00:00;7781;2968;2324;1312
14.10.2022 01:00:00;14.10.2022 02:00:00;7616;2914;2327;1278
14.10.2022 02:00:00;14.10.2022 03:00:00;7585;2972;2297;1175
14.10.2022 03:00:00;14.10.2022 04:00:00;7631;2982;2261;1197
14.10.2022 04:00:00;14.10.2022 05:00:00;7863;3046;2230;1177
14.10.2022 05:00:00;14.10.2022 06:00:00;8442;3106;2276;1259
14.10.2022 06:00:00;14.10.2022 07:00:00;8906;3245;2321;1341
14.10.2022 07:00:00;14.10.2022 08:00:00;8985;3371;2412;1400
14.10.2022 08:00:00;14.10.2022 09:00:00;8926;3354;2446;1347
14.10.2022 09:00:00;14.10.2022 10:00:00;8933;3414;2423;1324
14.10.2022 10:00:00;14.10.2022 11:00:00;9062;3426;2378;1317
14.10.2022 11:00:00;14.10.2022 12:00:00;9070;3357;2326;1313
14.10.2022 12:00:00;14.10.2022 13:00:00;8930;3390;2338;1294
14.10.2022 13:00:00;14.10.2022 14:00:00;8817;3282;2311;1284
14.10.2022 14:00:00;14.10.2022 15:00:00;8769;3157;2318;1271
14.10.2022 15:00:00;14.10.2022 16:00:00;8795;3271;2304;1326
14.10.2022 16:00:00;14.10.2022 17:00:00;8844;3168;2370;1272
14.10.2022 17:00:00;14.10.2022 18:00:00;9032;3177;2404;1315
14.10.2022 18:00:00;14.10.2022 19:00:00;9113;3331;2413;1279
14.10.2022 19:00:00;14.10.2022 20:00:00;8903;3331;2369;1281
14.10.2022 20:00:00;14.10.2022 21:00:00;8518;3328;2301;1265
14.10.2022 21:00:00;14.10.2022 22:00:00;8541;3212;2346;1134
14.10.2022 22:00:00;14.10.2022 23:00:00;8326;3110;2329;1162
14.10.2022 23:00:00;15.10.2022 00:00:00;7908;2953;2303;1199
15.10.2022 00:00:00;15.10.2022 01:00:00;7719;2915;2278;1151
15.10.2022 01:00:00;15.10.2022 02:00:00;7599;3004;2255;1088
15.10.2022 02:00:00;15.10.2022 03:00:00;7509;3093;2262;1144
15.10.2022 03:00:00;15.10.2022 04:00:00;7492;2864;2338;1151
15.10.2022 04:00:00;15.10.2022 05:00:00;7561;2921;2296;1143
15.10.2022 05:00:00;15.10.2022 06:00:00;7781;3045;2215;1075
15.10.2022 06:00:00;15.10.2022 07:00:00;7956;2865;2178;1108
15.10.2022 07:00:00;15.10.2022 08:00:00;7992;2768;2229;1180
15.10.2022 08:00:00;15.10.2022 09:00:00;8202;2981;2323;1064
15.10.2022 09:00:00;15.10.2022 10:00:00;8379;3243;2317;991
15.10.2022 10:00:00;15.10.2022 11:00:00;8449;3074;2331;1017
15.10.2022 11:00:00;15.10.2022 12:00:00;8442;3070;2346;1038
15.10.2022 12:00:00;15.10.2022 13:00:00;8403;3004;2302;1234
15.10.2022 13:00:00;15.10.2022 14:00:00;8325;2917;2352;1342
15.10.2022 14:00:00;15.10.2022 15:00:00;8340;2937;2448;1293
15.10.2022 15:00:00;15.10.2022 16:00:00;8450;3073;2493;1356
15.10.2022 16:00:00;15.10.2022 17:00:00;8634;3013;2450;1229
15.10.2022 17:00:00;15.10.2022 18:00:00;8885;3170;2320;1111
15.10.2022 18:00:00;15.10.2022 19:00:00;8911;3277;2251;1170
15.10.2022 19:00:00;15.10.2022 20:00:00;8537;3189;2359;1166
15.10.2022 20:00:00;15.10.2022 21:00:00;8045;3068;2344;1026
15.10.2022 21:00:00;15.10.2022 22:00:00;8037;3078;2249;1077
15.10.2022 22:00:00;15.10.2022 23:00:00;7810;2958;2204;1185
15.10.2022 23:00:00;16.10.2022 00:00:00;7444;3062;2183;1308
16.10.2022 00:00:00;16.10.2022 01:00:00;7086;3077;2274;1214
16.10.2022 01:00:00;16.10.2022 02:00:00;7069;3099;2322;956
16.10.2022 02:00:00;16.10.2022 03:00:00;7156;3090;2315;926
16.10.2022 03:00:00;16.10.2022 04:00:00;7168;2991;2268;810
16.10.2022 04:00:00;16.10.2022 05:00:00;7232;2933;2147;784
16.10.2022 05:00:00;16.10.2022 06:00:00;7419;2975;2078;1209
16.10.2022 06:00:00;16.10.2022 07:00:00;7554;3027;2058;1499
16.10.2022 07:00:00;16.10.2022 08:00:00;7635;3148;2158;1289
16.10.2022 08:00:00;16.10.2022 09:00:00;7808;3242;2279;1182
16.10.2022 09:00:00;16.10.2022 10:00:00;7999;3229;2286;1206
16.10.2022 10:00:00;16.10.2022 11:00:00;8147;3156;2275;1260
16.10.2022 11:00:00;16.10.2022 12:00:00;8229;3199;2238;1230
16.10.2022 12:00:00;16.10.2022 13:00:00;8248;3153;2082;1226
16.10.2022 13:00:00;16.10.2022 14:00:00;8180;3073;2141;1312
16.10.2022 14:00:00;16.10.2022 15:00:00;8159;3006;2242;1240
16.10.2022 15:00:00;16.10.2022 16:00:00;8271;3174;2440;1085
16.10.2022 16:00:00;16.10.2022 17:00:00;8331;3200;2300;1019
16.10.2022 17:00:00;16.10.2022 18:00:00;8584;3206;2400;1211
16.10.2022 18:00:00;16.10.2022 19:00:00;8540;3245;2448;1287
16.10.2022 19:00:00;16.10.2022 20:00:00;8339;3315;2459;1420
16.10.2022 20:00:00;16.10.2022 21:00:00;8060;3334;2440;1296
16.10.2022 21:00:00;16.10.2022 22:00:00;8223;3154;2438;1306
16.10.2022 22:00:00;16.10.2022 23:00:00;8067;2970;2392;1332
16.10.2022 23:00:00;17.10.2022 00:00:00;7826;2897;2387;1343
17.10.2022 00:00:00;17.10.2022 01:00:00;7597;2854;2244;1234
17.10.2022 01:00:00;17.10.2022 02:00:00;7458;2798;2220;1164
17.10.2022 02:00:00;17.10.2022 03:00:00;7466;2910;2240;976
17.10.2022 03:00:00;17.10.2022 04:00:00;7484;2941;2198;970
17.10.2022 04:00:00;17.10.2022 05:00:00;7700;2855;2204;1010
17.10.2022 05:00:00;17.10.2022 06:00:00;8298;2933;2265;1031
17.10.2022 06:00:00;17.10.2022 07:00:00;8803;3055;2332;1228
17.10.2022 07:00:00;17.10.2022 08:00:00;8890;3426;2430;1439
17.10.2022 08:00:00;17.10.2022 09:00:00;8921;3488;2368;1335
17.10.2022 09:00:00;17.10.2022 10:00:00;8909;3591;2299;1380
17.10.2022 10:00:00;17.10.2022 11:00:00;8989;3453;2418;1296
17.10.2022 11:00:00;17.10.2022 12:00:00;9076;3289;2376;881
17.10.2022 12:00:00;17.10.2022 13:00:00;9025;3281;2393;983
17.10.2022 13:00:00;17.10.2022 14:00:00;8909;3377;2478;926
17.10.2022 14:00:00;17.10.2022 15:00:00;8743;3358;2462;1119
17.10.2022 15:00:00;17.10.2022 16:00:00;8682;3274;2474;1214
17.10.2022 16:00:00;17.10.2022 17:00:00;8676;3264;2479;891
17.10.2022 17:00:00;17.10.2022 18:00:00;8900;3214;2455;1060
17.10.2022 18:00:00;17.10.2022 19:00:00;9027;3294;2425;1076
17.10.2022 19:00:00;17.10.2022 20:00:00;8965;3316;2457;1244
17.10.2022 20:00:00;17.10.2022 21:00:00;8742;3321;2402;1197
17.10.2022 21:00:00;17.10.2022 22:00:00;8802;3318;2377;1268
17.10.2022 22:00:00;17.10.2022 23:00:00;8478;3201;2401;1196
17.10.2022 23:00:00;18.10.2022 00:00:00;8134;3050;2318;1157
18.10.2022 00:00:00;18.10.2022 01:00:00;7944;2961;2308;1317
18.10.2022 01:00:00;18.10.2022 02:00:00;7746;2944;2282;1150
18.10.2022 02:00:00;18.10.2022 03:00:00;7671;2896;2310;1028
18.10.2022 03:00:00;18.10.2022 04:00:00;7683;2878;2266;884
18.10.2022 04:00:00;18.10.2022 05:00:00;7929;2871;2228;928
18.10.2022 05:00:00;18.10.2022 06:00:00;8534;2847;2295;1091
18.10.2022 06:00:00;18.10.2022 07:00:00;8884;3068;2344;1127
18.10.2022 07:00:00;18.10.2022 08:00:00;8954;3350;2452;1284
18.10.2022 08:00:00;18.10.2022 09:00:00;9033;3343;2567;1323
18.10.2022 09:00:00;18.10.2022 10:00:00;9024;3282;2587;1170
18.10.2022 10:00:00;18.10.2022 11:00:00;9078;3067;2515;1131
18.10.2022 11:00:00;18.10.2022 12:00:00;9000;3257;2537;1315
18.10.2022 12:00:00;18.10.2022 13:00:00;8916;3313;2507;1403
18.10.2022 13:00:00;18.10.2022 14:00:00;8915;3303;2480;1267
18.10.2022 14:00:00;18.10.2022 15:00:00;8825;3291;2454;1282
18.10.2022 15:00:00;18.10.2022 16:00:00;8849;3247;2458;1168
18.10.2022 16:00:00;18.10.2022 17:00:00;8969;3204;2464;1347
18.10.2022 17:00:00;18.10.2022 18:00:00;9138;3333;2441;1386
18.10.2022 18:00:00;18.10.2022 19:00:00;9254;3301;2468;1048
18.10.2022 19:00:00;18.10.2022 20:00:00;9109;3307;2511;1077
18.10.2022 20:00:00;18.10.2022 21:00:00;8892;3338;2457;1313
18.10.2022 21:00:00;18.10.2022 22:00:00;8981;3312;2476;1301
18.10.2022 22:00:00;18.10.2022 23:00:00;8833;3231;2425;1151
18.10.2022 23:00:00;19.10.2022 00:00:00;8507;3131;2369;1092
19.10.2022 00:00:00;19.10.2022 01:00:00;8282;2948;2243;1196
19.10.2022 01:00:00;19.10.2022 02:00:00;8152;2865;2142;1238
19.10.2022 02:00:00;19.10.2022 03:00:00;8075;2967;2070;1303
19.10.2022 03:00:00;19.10.2022 04:00:00;8119;2825;2140;1266
19.10.2022 04:00:00;19.10.2022 05:00:00;8392;2829;2136;1072
19.10.2022 05:00:00;19.10.2022 06:00:00;8981;2963;2254;1112
19.10.2022 06:00:00;19.10.2022 07:00:00;9413;3144;2379;1155
19.10.2022 07:00:00;19.10.2022 08:00:00;9427;3382;2527;1034
19.10.2022 08:00:00;19.10.2022 09:00:00;9407;3412;2494;1018
19.10.2022 09:00:00;19.10.2022 10:00:00;9377;3461;2534;1159
19.10.2022 10:00:00;19.10.2022 11:00:00;9263;3478;2524;1123
19.10.2022 11:00:00;19.10.2022 12:00:00;9242;3410;2415;1124
19.10.2022 12:00:00;19.10.2022 13:00:00;9064;3321;2205;1220
19.10.2022 13:00:00;19.10.2022 14:00:00;9124;3250;2311;1179
19.10.2022 14:00:00;19.10.2022 15:00:00;9024;3307;2285;1119
19.10.2022 15:00:00;19.10.2022 16:00:00;9047;3365;2309;1172
19.10.2022 16:00:00;19.10.2022 17:00:00;9132;3311;2272;1138
19.10.2022 17:00:00;19.10.2022 18:00:00;9475;3346;2245;1301
19.10.2022 18:00:00;19.10.2022 19:00:00;9716;3398;2272;1327
19.10.2022 19:00:00;19.10.2022 20:00:00;9545;3331;2245;1238
19.10.2022 20:00:00;19.10.2022 21:00:00;9071;3257;2254;1206
19.10.2022 21:00:00;19.10.2022 22:00:00;9030;3190;2223;1212
19.10.2022 22:00:00;19.10.2022 23:00:00;8927;3177;2218;1172
19.10.2022 23:00:00;20.10.2022 00:00:00;8576;3089;2265;1107
20.10.2022 00:00:00;20.10.2022 01:00:00;8343;2989;2208;1061
20.10.2022 01:00:00;20.10.2022 02:00:00;8136;2939;2129;1113
20.10.2022 02:00:00;20.10.2022 03:00:00;8090;2926;2123;1326
20.10.2022 03:00:00;20.10.2022 04:00:00;8171;2931;2196;1121
20.10.2022 04:00:00;20.10.2022 05:00:00;8368;2949;2200;1226
20.10.2022 05:00:00;20.10.2022 06:00:00;8908;3032;2240;1326
20.10.2022 06:00:00;20.10.2022 07:00:00;9411;3216;2304;1402
20.10.2022 07:00:00;20.10.2022 08:00:00;9371;3430;2378;1384
20.10.2022 08:00:00;20.10.2022 09:00:00;9262;3428;2387;1420
20.10.2022 09:00:00;20.10.2022 10:00:00;9132;3469;2391;1532
20.10.2022 10:00:00;20.10.2022 11:00:00;9088;3442;2344;1504
20.10.2022 11:00:00;20.10.2022 12:00:00;9045;3366;2366;1328
20.10.2022 12:00:00;20.10.2022 13:00:00;8902;3373;2395;1312
20.10.2022 13:00:00;20.10.2022 14:00:00;8868;3373;2364;1278
20.10.2022 14:00:00;20.10.2022 15:00:00;8831;3342;2388;1221
20.10.2022 15:00:00;20.10.2022 16:00:00;8818;3338;2404;1195
20.10.2022 16:00:00;20.10.2022 17:00:00;8922;3362;2420;1228
20.10.2022 17:00:00;20.10.2022 18:00:00;9244;3356;2408;1238
20.10.2022 18:00:00;20.10.2022 19:00:00;9355;3392;2477;1337
20.10.2022 19:00:00;20.10.2022 20:00:00;9269;3411;2485;1346
20.10.2022 20:00:00;20.10.2022 21:00:00;8959;3402;2520;1301
20.10.2022 21:00:00;20.10.2022 22:00:00;8896;3376;2493;1245
20.10.2022 22:00:00;20.10.2022 23:00:00;8684;3337;2436;1315
20.10.2022 23:00:00;21.10.2022 00:00:00;8295;3273;2395;1327
21.10.2022 00:00:00;21.10.2022 01:00:00;8022;3205;2385;1143
21.10.2022 01:00:00;21.10.2022 02:00:00;7906;3106;2268;1162
21.10.2022 02:00:00;21.10.2022 03:00:00;7827;3054;2279;1225
21.10.2022 03:00:00;21.10.2022 04:00:00;7864;3091;2305;1148
21.10.2022 04:00:00;21.10.2022 05:00:00;8075;3073;2230;1185
21.10.2022 05:00:00;21.10.2022 06:00:00;8807;3074;2223;1141
21.10.2022 06:00:00;21.10.2022 07:00:00;9211;3254;2317;1219
21.10.2022 07:00:00;21.10.2022 08:00:00;9232;3564;2513;1232
21.10.2022 08:00:00;21.10.2022 09:00:00;9239;3557;2590;1242
21.10.2022 09:00:00;21.10.2022 10:00:00;9267;3591;2623;1228
21.10.2022 10:00:00;21.10.2022 11:00:00;9145;3609;2616;1228
21.10.2022 11:00:00;21.10.2022 12:00:00;9034;3597;2567;1260
21.10.2022 12:00:00;21.10.2022 13:00:00;8919;3539;2557;1287
21.10.2022 13:00:00;21.10.2022 14:00:00;8845;3410;2476;1213
21.10.2022 14:00:00;21.10.2022 15:00:00;8823;3310;2519;1253
21.10.2022 15:00:00;21.10.2022 16:00:00;8811;3300;2497;1275
21.10.2022 16:00:00;21.10.2022 17:00:00;8952;3163;2504;1263
21.10.2022 17:00:00;21.10.2022 18:00:00;9320;3221;2472;1260
21.10.2022 18:00:00;21.10.2022 19:00:00;9324;3281;2487;1292
21.10.2022 19:00:00;21.10.2022 20:00:00;9148;3228;2504;1307
21.10.2022 20:00:00;21.10.2022 21:00:00;8723;3284;2568;1282
21.10.2022 21:00:00;21.10.2022 22:00:00;8737;3289;2611;1301
21.10.2022 22:00:00;21.10.2022 23:00:00;8524;3190;2574;1287
21.10.2022 23:00:00;22.10.2022 00:00:00;8241;3182;2490;1062
22.10.2022 00:00:00;22.10.2022 01:00:00;7925;3036;2416;1064
22.10.2022 01:00:00;22.10.2022 02:00:00;7808;3057;2387;1088
22.10.2022 02:00:00;22.10.2022 03:00:00;7773;2993;2298;1006
22.10.2022 03:00:00;22.10.2022 04:00:00;7755;2922;2360;863
22.10.2022 04:00:00;22.10.2022 05:00:00;7878;2833;2382;1046
22.10.2022 05:00:00;22.10.2022 06:00:00;8086;2836;2325;1222
22.10.2022 06:00:00;22.10.2022 07:00:00;8187;2917;2300;1275
22.10.2022 07:00:00;22.10.2022 08:00:00;8226;3008;2313;1285
22.10.2022 08:00:00;22.10.2022 09:00:00;8313;3137;2378;1210
22.10.2022 09:00:00;22.10.2022 10:00:00;8441;3232;2390;1251
22.10.2022 10:00:00;22.10.2022 11:00:00;8556;3251;2429;1348
22.10.2022 11:00:00;22.10.2022 12:00:00;8542;3345;2417;1390
22.10.2022 12:00:00;22.10.2022 13:00:00;8539;3331;2459;1127
22.10.2022 13:00:00;22.10.2022 14:00:00;8505;3283;2427;1229
22.10.2022 14:00:00;22.10.2022 15:00:00;8429;3272;2320;1317
22.10.2022 15:00:00;22.10.2022 16:00:00;8529;3191;2343;1217
22.10.2022 16:00:00;22.10.2022 17:00:00;8706;3121;2323;1109
22.10.2022 17:00:00;22.10.2022 18:00:00;9110;3152;2376;1066
22.10.2022 18:00:00;22.10.2022 19:00:00;9068;3219;2500;1101
22.10.2022 19:00:00;22.10.2022 20:00:00;8796;3219;2527;1100
22.10.2022 20:00:00;22.10.2022 21:00:00;8657;3144;2595;1112
22.10.2022 21:00:00;22.10.2022 22:00:00;8787;3066;2647;1180
22.10.2022 22:00:00;22.10.2022 23:00:00;8551;3037;2633;1164
22.10.2022 23:00:00;23.10.2022 00:00:00;8245;3065;2618;1053
23.10.2022 00:00:00;23.10.2022 01:00:00;7881;3016;2543;1052
23.10.2022 01:00:00;23.10.2022 02:00:00;7762;2989;2495;1177
23.10.2022 02:00:00;23.10.2022 03:00:00;7706;2873;2455;1150
23.10.2022 03:00:00;23.10.2022 04:00:00;7652;2871;2418;1101
23.10.2022 04:00:00;23.10.2022 05:00:00;7700;2864;2397;1044
23.10.2022 05:00:00;23.10.2022 06:00:00;7894;2850;2501;981
23.10.2022 06:00:00;23.10.2022 07:00:00;8076;2833;2449;1007
23.10.2022 07:00:00;23.10.2022 08:00:00;8129;2896;2464;1036
23.10.2022 08:00:00;23.10.2022 09:00:00;8282;3014;2445;1072
23.10.2022 09:00:00;23.10.2022 10:00:00;8351;3094;2509;1191
23.10.2022 10:00:00;23.10.2022 11:00:00;8441;3207;2480;1169
23.10.2022 11:00:00;23.10.2022 12:00:00;8376;3235;2500;1112
23.10.2022 12:00:00;23.10.2022 13:00:00;8258;3231;2478;1133
23.10.2022 13:00:00;23.10.2022 14:00:00;8284;3152;2535;1091
23.10.2022 14:00:00;23.10.2022 15:00:00;8318;3153;2540;1230
23.10.2022 15:00:00;23.10.2022 16:00:00;8429;3131;2547;1362
23.10.2022 16:00:00;23.10.2022 17:00:00;8566;3106;2584;1359
23.10.2022 17:00:00;23.10.2022 18:00:00;9010;3169;2595;1255
23.10.2022 18:00:00;23.10.2022 19:00:00;9088;3211;2686;1235
23.10.2022 19:00:00;23.10.2022 20:00:00;8949;3148;2703;1168
23.10.2022 20:00:00;23.10.2022 21:00:00;8726;3172;2589;1205
23.10.2022 21:00:00;23.10.2022 22:00:00;8929;3141;2595;1139
23.10.2022 22:00:00;23.10.2022 23:00:00;8935;3140;2633;1149
23.10.2022 23:00:00;24.10.2022 00:00:00;8656;3114;2605;1133
24.10.2022 00:00:00;24.10.2022 01:00:00;8441;3064;2522;1037
24.10.2022 01:00:00;24.10.2022 02:00:00;8336;3014;2470;1158
24.10.2022 02:00:00;24.10.2022 03:00:00;8280;2949;2424;1277
24.10.2022 03:00:00;24.10.2022 04:00:00;8418;2991;2444;1270
24.10.2022 04:00:00;24.10.2022 05:00:00;8708;2989;2480;1314
24.10.2022 05:00:00;24.10.2022 06:00:00;9266;3037;2430;1375
24.10.2022 06:00:00;24.10.2022 07:00:00;9811;3332;2631;1329
24.10.2022 07:00:00;24.10.2022 08:00:00;9880;3531;2740;1413
24.10.2022 08:00:00;24.10.2022 09:00:00;9891;3468;2727;1394
24.10.2022 09:00:00;24.10.2022 10:00:00;9866;3462;2707;1427
24.10.2022 10:00:00;24.10.2022 11:00:00;9685;3363;2710;1480
24.10.2022 11:00:00;24.10.2022 12:00:00;9526;3345;2638;1377
24.10.2022 12:00:00;24.10.2022 13:00:00;9366;3230;2646;1372
24.10.2022 13:00:00;24.10.2022 14:00:00;9209;3165;2569;1308
24.10.2022 14:00:00;24.10.2022 15:00:00;9053;3146;2698;1281
24.10.2022 15:00:00;24.10.2022 16:00:00;9149;3152;2624;1270
24.10.2022 16:00:00;24.10.2022 17:00:00;9274;3170;2613;1411
24.10.2022 17:00:00;24.10.2022 18:00:00;9642;3252;2632;1501
24.10.2022 18:00:00;24.10.2022 19:00:00;9824;3369;2619;1481
24.10.2022 19:00:00;24.10.2022 20:00:00;9630;3366;2548;1276
24.10.2022 20:00:00;24.10.2022 21:00:00;9348;3361;2517;1320
24.10.2022 21:00:00;24.10.2022 22:00:00;9386;3323;2461;1284
24.10.2022 22:00:00;24.10.2022 23:00:00;9241;3217;2400;1146
24.10.2022 23:00:00;25.10.2022 00:00:00;8925;3073;2366;1168
25.10.2022 00:00:00;25.10.2022 01:00:00;8722;2940;2309;1191
25.10.2022 01:00:00;25.10.2022 02:00:00;8659;2899;2285;1252
25.10.2022 02:00:00;25.10.2022 03:00:00;8602;2828;2352;1112
25.10.2022 03:00:00;25.10.2022 04:00:00;8608;2781;2286;1206
25.10.2022 04:00:00;25.10.2022 05:00:00;8861;2819;1975;1203
25.10.2022 05:00:00;25.10.2022 06:00:00;9512;2946;1983;1259
25.10.2022 06:00:00;25.10.2022 07:00:00;9929;3149;2137;1308
25.10.2022 07:00:00;25.10.2022 08:00:00;9958;3358;2614;1288
25.10.2022 08:00:00;25.10.2022 09:00:00;9916;3305;2618;1331
25.10.2022 09:00:00;25.10.2022 10:00:00;9844;3306;2614;1305
25.10.2022 10:00:00;25.10.2022 11:00:00;9806;3254;2583;1274
25.10.2022 11:00:00;25.10.2022 12:00:00;9754;3273;2506;1304
25.10.2022 12:00:00;25.10.2022 13:00:00;9677;3367;2493;1377
25.10.2022 13:00:00;25.10.2022 14:00:00;9537;3292;2545;1356
25.10.2022 14:00:00;25.10.2022 15:00:00;9518;3193;2613;1419
25.10.2022 15:00:00;25.10.2022 16:00:00;9552;3225;2660;1382
25.10.2022 16:00:00;25.10.2022 17:00:00;9757;3218;2738;1303
25.10.2022 17:00:00;25.10.2022 18:00:00;9893;3163;2730;1197
25.10.2022 18:00:00;25.10.2022 19:00:00;9820;3128;2701;1300
25.10.2022 19:00:00;25.10.2022 20:00:00;9639;3117;2685;1363
25.10.2022 20:00:00;25.10.2022 21:00:00;9312;3229;2670;1400
25.10.2022 21:00:00;25.10.2022 22:00:00;9372;3210;2673;1430
25.10.2022 22:00:00;25.10.2022 23:00:00;9073;3057;2632;1165
25.10.2022 23:00:00;26.10.2022 00:00:00;8650;2913;2567;1035
26.10.2022 00:00:00;26.10.2022 01:00:00;8279;2894;2512;1041
26.10.2022 01:00:00;26.10.2022 02:00:00;8118;2802;2402;1041
26.10.2022 02:00:00;26.10.2022 03:00:00;7981;2707;2360;1051
26.10.2022 03:00:00;26.10.2022 04:00:00;7961;2650;2335;1082
26.10.2022 04:00:00;26.10.2022 05:00:00;8196;2599;2325;1091
26.10.2022 05:00:00;26.10.2022 06:00:00;8839;2666;2406;1179
26.10.2022 06:00:00;26.10.2022 07:00:00;9242;2924;2447;1316
26.10.2022 07:00:00;26.10.2022 08:00:00;9360;3133;2575;1355
26.10.2022 08:00:00;26.10.2022 09:00:00;9294;3146;2599;1421
26.10.2022 09:00:00;26.10.2022 10:00:00;9266;3025;2562;1398
26.10.2022 10:00:00;26.10.2022 11:00:00;9312;3026;2585;1263
26.10.2022 11:00:00;26.10.2022 12:00:00;9251;2917;2584;1163
26.10.2022 12:00:00;26.10.2022 13:00:00;9187;2733;2496;1112
26.10.2022 13:00:00;26.10.2022 14:00:00;9071;2704;2575;1211
26.10.2022 14:00:00;26.10.2022 15:00:00;8954;2757;2569;1225
26.10.2022 15:00:00;26.10.2022 16:00:00;8909;2793;2623;1205
26.10.2022 16:00:00;26.10.2022 17:00:00;9027;2867;2615;1212
26.10.2022 17:00:00;26.10.2022 18:00:00;9246;3047;2629;1250
26.10.2022 18:00:00;26.10.2022 19:00:00;9297;3127;2606;1249
26.10.2022 19:00:00;26.10.2022 20:00:00;9112;3188;2552;1298
26.10.2022 20:00:00;26.10.2022 21:00:00;8775;3114;2564;1344
26.10.2022 21:00:00;26.10.2022 22:00:00;8800;3017;2587;1314
26.10.2022 22:00:00;26.10.2022 23:00:00;8557;2927;2528;1237
26.10.2022 23:00:00;27.10.2022 00:00:00;8191;2856;2450;1157
27.10.2022 00:00:00;27.10.2022 01:00:00;7898;2833;2359;1171
27.10.2022 01:00:00;27.10.2022 02:00:00;7863;2827;2298;1134
27.10.2022 02:00:00;27.10.2022 03:00:00;7899;2779;2257;1111
27.10.2022 03:00:00;27.10.2022 04:00:00;7948;2647;2281;1091
27.10.2022 04:00:00;27.10.2022 05:00:00;8064;2465;2293;1099
27.10.2022 05:00:00;27.10.2022 06:00:00;8680;2463;2330;1048
27.10.2022 06:00:00;27.10.2022 07:00:00;9190;2689;2427;1145
27.10.2022 07:00:00;27.10.2022 08:00:00;9365;2842;2548;1181
27.10.2022 08:00:00;27.10.2022 09:00:00;9333;2886;2603;1106
27.10.2022 09:00:00;27.10.2022 10:00:00;9362;2914;2645;1079
27.10.2022 10:00:00;27.10.2022 11:00:00;9434;2948;2633;1103
27.10.2022 11:00:00;27.10.2022 12:00:00;9389;3058;2640;1137
27.10.2022 12:00:00;27.10.2022 13:00:00;9370;3199;2587;1128
27.10.2022 13:00:00;27.10.2022 14:00:00;9370;3237;2599;1154
27.10.2022 14:00:00;27.10.2022 15:00:00;9285;3124;2531;1190
27.10.2022 15:00:00;27.10.2022 16:00:00;9201;3255;2413;1223
27.10.2022 16:00:00;27.10.2022 17:00:00;9381;3130;2312;1265
27.10.2022 17:00:00;27.10.2022 18:00:00;9544;3422;2293;1257
27.10.2022 18:00:00;27.10.2022 19:00:00;9583;3372;2344;1221
27.10.2022 19:00:00;27.10.2022 20:00:00;9192;3299;2393;1275
27.10.2022 20:00:00;27.10.2022 21:00:00;8961;3159;2433;965
27.10.2022 21:00:00;27.10.2022 22:00:00;8887;2865;2474;843
27.10.2022 22:00:00;27.10.2022 23:00:00;8631;2935;2426;944
27.10.2022 23:00:00;28.10.2022 00:00:00;8369;2639;2348;728
28.10.2022 00:00:00;28.10.2022 01:00:00;8183;2834;2328;830
28.10.2022 01:00:00;28.10.2022 02:00:00;8017;2965;2344;1171
28.10.2022 02:00:00;28.10.2022 03:00:00;7947;2817;2382;1363
28.10.2022 03:00:00;28.10.2022 04:00:00;7988;2774;2222;930
28.10.2022 04:00:00;28.10.2022 05:00:00;8237;2821;2239;705
28.10.2022 05:00:00;28.10.2022 06:00:00;8710;2767;2407;1001
28.10.2022 06:00:00;28.10.2022 07:00:00;9174;2895;2468;1151
28.10.2022 07:00:00;28.10.2022 08:00:00;9290;3130;2469;915
28.10.2022 08:00:00;28.10.2022 09:00:00;9356;3076;2500;1021
28.10.2022 09:00:00;28.10.2022 10:00:00;9375;3074;2459;1302
28.10.2022 10:00:00;28.10.2022 11:00:00;9492;3080;2444;1159
28.10.2022 11:00:00;28.10.2022 12:00:00;9368;2992;2415;998
28.10.2022 12:00:00;28.10.2022 13:00:00;9297;2925;2400;1142
28.10.2022 13:00:00;28.10.2022 14:00:00;9262;3021;2380;1245
28.10.2022 14:00:00;28.10.2022 15:00:00;9210;3098;2392;1269
28.10.2022 15:00:00;28.10.2022 16:00:00;9157;3134;2342;1200
28.10.2022 16:00:00;28.10.2022 17:00:00;9292;3115;2435;1194
28.10.2022 17:00:00;28.10.2022 18:00:00;9306;3047;2456;1193
28.10.2022 18:00:00;28.10.2022 19:00:00;9203;3153;2431;1193
28.10.2022 19:00:00;28.10.2022 20:00:00;9004;3116;2368;1215
28.10.2022 20:00:00;28.10.2022 21:00:00;8643;3037;2401;1115
28.10.2022 21:00:00;28.10.2022 22:00:00;8636;3001;2310;1101
28.10.2022 22:00:00;28.10.2022 23:00:00;8472;2867;2257;952
28.10.2022 23:00:00;29.10.2022 00:00:00;8137;2772;2229;1099
29.10.2022 00:00:00;29.10.2022 01:00:00;7848;2494;2218;1296
29.10.2022 01:00:00;29.10.2022 02:00:00;7721;2307;2144;1370
29.10.2022 02:00:00;29.10.2022 03:00:00;7669;2495;2255;1332
29.10.2022 03:00:00;29.10.2022 04:00:00;7641;2353;2162;967
29.10.2022 04:00:00;29.10.2022 05:00:00;7718;2540;2125;895
29.10.2022 05:00:00;29.10.2022 06:00:00;7940;3010;2241;1114
29.10.2022 06:00:00;29.10.2022 07:00:00;8135;2922;2209;1052
29.10.2022 07:00:00;29.10.2022 08:00:00;8245;2615;2223;1187
29.10.2022 08:00:00;29.10.2022 09:00:00;8277;2659;2241;1243
29.10.2022 09:00:00;29.10.2022 10:00:00;8272;2781;2368;1371
29.10.2022 10:00:00;29.10.2022 11:00:00;8327;2907;2378;1396
29.10.2022 11:00:00;29.10.2022 12:00:00;8393;2929;2086;1401
29.10.2022 12:00:00;29.10.2022 13:00:00;8415;2849;2179;1071
29.10.2022 13:00:00;29.10.2022 14:00:00;8400;2819;2398;1149
29.10.2022 14:00:00;29.10.2022 15:00:00;8419;2965;2414;1194
29.10.2022 15:00:00;29.10.2022 16:00:00;8411;2858;2461;1150
29.10.2022 16:00:00;29.10.2022 17:00:00;8536;2856;2454;1263
29.10.2022 17:00:00;29.10.2022 18:00:00;8738;2723;2479;1297
29.10.2022 18:00:00;29.10.2022 19:00:00;8686;2676;2541;1351
29.10.2022 19:00:00;29.10.2022 20:00:00;8345;2777;2443;1215
29.10.2022 20:00:00;29.10.2022 21:00:00;7970;2819;2498;1232
29.10.2022 21:00:00;29.10.2022 22:00:00;8160;2702;2521;1226
29.10.2022 22:00:00;29.10.2022 23:00:00;8021;2719;2486;1181
29.10.2022 23:00:00;30.10.2022 00:00:00;7757;2796;2416;1251
30.10.2022 00:00:00;30.10.2022 01:00:00;7552;2783;2389;1385
30.10.2022 01:00:00;30.10.2022 02:00:00;7412;2841;2453;1261
30.10.2022 02:00:00;30.10.2022 02:00:00;7332;2766;2429;1163
30.10.2022 02:00:00;30.10.2022 03:00:00;7301;2768;2334;1061
30.10.2022 03:00:00;30.10.2022 04:00:00;7366;2768;2334;1114
30.10.2022 04:00:00;30.10.2022 05:00:00;7586;2682;2251;1271
30.10.2022 05:00:00;30.10.2022 06:00:00;7935;2659;2270;1028
30.10.2022 06:00:00;30.10.2022 07:00:00;7979;2687;2294;826
30.10.2022 07:00:00;30.10.2022 08:00:00;8196;2781;2352;885
30.10.2022 08:00:00;30.10.2022 09:00:00;8401;2852;2410;1071
30.10.2022 09:00:00;30.10.2022 10:00:00;8664;3033;2420;1186
30.10.2022 10:00:00;30.10.2022 11:00:00;8810;3137;2505;1159
30.10.2022 11:00:00;30.10.2022 12:00:00;8853;3150;2584;1284
30.10.2022 12:00:00;30.10.2022 13:00:00;8754;3019;2618;1281
30.10.2022 13:00:00;30.10.2022 14:00:00;8711;2997;2559;1296
30.10.2022 14:00:00;30.10.2022 15:00:00;8758;3048;2486;1292
30.10.2022 15:00:00;30.10.2022 16:00:00;8837;3174;2513;1235
30.10.2022 16:00:00;30.10.2022 17:00:00;9293;3141;2624;1131
30.10.2022 17:00:00;30.10.2022 18:00:00;9324;3200;2650;1165
30.10.2022 18:00:00;30.10.2022 19:00:00;9220;3166;2689;1265
30.10.2022 19:00:00;30.10.2022 20:00:00;9015;3196;2739;1385
30.10.2022 20:00:00;30.10.2022 21:00:00;8697;3101;2667;1456
30.10.2022 21:00:00;30.10.2022 22:00:00;8985;3105;2579;1367
30.10.2022 22:00:00;30.10.2022 23:00:00;8931;3136;2561;1361
30.10.2022 23:00:00;31.10.2022 00:00:00;8742;3129;2528;1236
31.10.2022 00:00:00;31.10.2022 01:00:00;8418;2941;2436;1171
31.10.2022 01:00:00;31.10.2022 02:00:00;8337;2896;2419;1194
31.10.2022 02:00:00;31.10.2022 03:00:00;8359;2816;2414;1146
31.10.2022 03:00:00;31.10.2022 04:00:00;8483;2747;2359;1069
31.10.2022 04:00:00;31.10.2022 05:00:00;8765;2722;2371;1019
31.10.2022 05:00:00;31.10.2022 06:00:00;9422;2841;2437;1001
31.10.2022 06:00:00;31.10.2022 07:00:00;9670;3041;2516;1173
31.10.2022 07:00:00;31.10.2022 08:00:00;9813;3133;2602;963
31.10.2022 08:00:00;31.10.2022 09:00:00;9863;3203;2593;1135
31.10.2022 09:00:00;31.10.2022 10:00:00;9700;3238;2640;1530
31.10.2022 10:00:00;31.10.2022 11:00:00;9655;3179;2615;1362
31.10.2022 11:00:00;31.10.2022 12:00:00;9510;3188;2671;1265
31.10.2022 12:00:00;31.10.2022 13:00:00;9464;3132;2626;1242
31.10.2022 13:00:00;31.10.2022 14:00:00;9401;3047;2613;1300
31.10.2022 14:00:00;31.10.2022 15:00:00;9290;3169;2597;1264
31.10.2022 15:00:00;31.10.2022 16:00:00;9457;3195;2586;1284
31.10.2022 16:00:00;31.10.2022 17:00:00;9638;3172;2605;1118
31.10.2022 17:00:00;31.10.2022 18:00:00;9585;3076;2497;990
31.10.2022 18:00:00;31.10.2022 19:00:00;9520;3013;2510;1300
31.10.2022 19:00:00;31.10.2022 20:00:00;9314;3125;2496;1412
31.10.2022 20:00:00;31.10.2022 21:00:00;8927;3097;2514;1261
31.10.2022 21:00:00;31.10.2022 22:00:00;9039;3071;2507;1132
31.10.2022 22:00:00;31.10.2022 23:00:00;8774;2951;2416;1012
31.10.2022 23:00:00;01.11.2022 00:00:00;8483;2855;2314;1087
01.11.2022 00:00:00;01.11.2022 01:00:00;8284;2887;2273;1232
01.11.2022 01:00:00;01.11.2022 02:00:00;8116;2871;2145;1317
01.11.2022 02:00:00;01.11.2022 03:00:00;8038;2939;2155;1131
01.11.2022 03:00:00;01.11.2022 04:00:00;8027;2963;2174;1177
01.11.2022 04:00:00;01.11.2022 05:00:00;8252;3015;2225;1243
01.11.2022 05:00:00;01.11.2022 06:00:00;8880;3012;2296;1329
01.11.2022 06:00:00;01.11.2022 07:00:00;9163;3073;2411;1346
01.11.2022 07:00:00;01.11.2022 08:00:00;9191;3466;2566;1493
01.11.2022 08:00:00;01.11.2022 09:00:00;9204;3510;2553;1368
01.11.2022 09:00:00;01.11.2022 10:00:00;9193;3366;2508;1322
01.11.2022 10:00:00;01.11.2022 11:00:00;9169;3371;2468;1341
01.11.2022 11:00:00;01.11.2022 12:00:00;9093;3314;2409;1270
01.11.2022 12:00:00;01.11.2022 13:00:00;9046;2997;2238;1207
01.11.2022 13:00:00;01.11.2022 14:00:00;8997;3163;2275;1225
01.11.2022 14:00:00;01.11.2022 15:00:00;9048;3133;2326;1273
01.11.2022 15:00:00;01.11.2022 16:00:00;9240;3123;2273;1296
01.11.2022 16:00:00;01.11.2022 17:00:00;9478;3233;2272;1317
01.11.2022 17:00:00;01.11.2022 18:00:00;9444;3237;2263;1344
01.11.2022 18:00:00;01.11.2022 19:00:00;9418;3222;2299;1453
01.11.2022 19:00:00;01.11.2022 20:00:00;9216;3202;2348;1479
01.11.2022 20:00:00;01.11.2022 21:00:00;8891;3172;2325;1413
01.11.2022 21:00:00;01.11.2022 22:00:00;8959;3114;2296;1285
01.11.2022 22:00:00;01.11.2022 23:00:00;8719;3060;2282;1095
01.11.2022 23:00:00;02.11.2022 00:00:00;8438;2854;2246;1043
02.11.2022 00:00:00;02.11.2022 01:00:00;8210;2731;2164;1041
02.11.2022 01:00:00;02.11.2022 02:00:00;8050;2757;2059;1038
02.11.2022 02:00:00;02.11.2022 03:00:00;8007;2719;2090;1166
02.11.2022 03:00:00;02.11.2022 04:00:00;8067;2686;2123;986
02.11.2022 04:00:00;02.11.2022 05:00:00;8320;2978;2265;1017
02.11.2022 05:00:00;02.11.2022 06:00:00;8866;3062;2387;1194
02.11.2022 06:00:00;02.11.2022 07:00:00;9243;3229;2482;1143
02.11.2022 07:00:00;02.11.2022 08:00:00;9230;3237;2553;1072
02.11.2022 08:00:00;02.11.2022 09:00:00;9274;3009;2517;1146
02.11.2022 09:00:00;02.11.2022 10:00:00;9160;2809;2478;1218
02.11.2022 10:00:00;02.11.2022 11:00:00;9304;2885;2378;1193
02.11.2022 11:00:00;02.11.2022 12:00:00;9389;2864;2369;1196
02.11.2022 12:00:00;02.11.2022 13:00:00;9345;2771;2316;1302
02.11.2022 13:00:00;02.11.2022 14:00:00;9322;2929;2380;1321
02.11.2022 14:00:00;02.11.2022 15:00:00;9368;3027;2439;1241
02.11.2022 15:00:00;02.11.2022 16:00:00;9532;3052;2476;1331
02.11.2022 16:00:00;02.11.2022 17:00:00;9709;3072;2479;1341
02.11.2022 17:00:00;02.11.2022 18:00:00;9656;3103;2463;1365
02.11.2022 18:00:00;02.11.2022 19:00:00;9628;3121;2466;1336
02.11.2022 19:00:00;02.11.2022 20:00:00;9404;3159;2444;1270
02.11.2022 20:00:00;02.11.2022 21:00:00;9039;3142;2513;1237
02.11.2022 21:00:00;02.11.2022 22:00:00;9106;3069;2467;1217
02.11.2022 22:00:00;02.11.2022 23:00:00;8799;3029;2358;1135
02.11.2022 23:00:00;03.11.2022 00:00:00;8401;2956;2368;1145
03.11.2022 00:00:00;03.11.2022 01:00:00;8213;2843;2339;1134
03.11.2022 01:00:00;03.11.2022 02:00:00;8050;2773;2404;1115
03.11.2022 02:00:00;03.11.2022 03:00:00;7927;2753;2387;1140
03.11.2022 03:00:00;03.11.2022 04:00:00;7973;2740;2384;1198
03.11.2022 04:00:00;03.11.2022 05:00:00;8216;2774;2442;1153
03.11.2022 05:00:00;03.11.2022 06:00:00;8849;2824;2309;1186
03.11.2022 06:00:00;03.11.2022 07:00:00;9229;2957;2386;1263
03.11.2022 07:00:00;03.11.2022 08:00:00;9288;3140;2508;1242
03.11.2022 08:00:00;03.11.2022 09:00:00;9339;3172;2420;1220
03.11.2022 09:00:00;03.11.2022 10:00:00;9378;3207;2495;1325
03.11.2022 10:00:00;03.11.2022 11:00:00;9467;3201;2568;1391
03.11.2022 11:00:00;03.11.2022 12:00:00;9465;3129;2491;1476
03.11.2022 12:00:00;03.11.2022 13:00:00;9383;3057;2438;1358
03.11.2022 13:00:00;03.11.2022 14:00:00;9360;3187;2369;1243
03.11.2022 14:00:00;03.11.2022 15:00:00;9427;3215;2408;1094
03.11.2022 15:00:00;03.11.2022 16:00:00;9647;3313;2486;1133
03.11.2022 16:00:00;03.11.2022 17:00:00;9707;3288;2502;1264
03.11.2022 17:00:00;03.11.2022 18:00:00;9606;3349;2522;1186
03.11.2022 18:00:00;03.11.2022 19:00:00;9570;3272;2537;1105
03.11.2022 19:00:00;03.11.2022 20:00:00;9368;3330;2525;1077
03.11.2022 20:00:00;03.11.2022 21:00:00;8997;3292;2462;999
03.11.2022 21:00:00;03.11.2022 22:00:00;9058;3108;2483;1065
03.11.2022 22:00:00;03.11.2022 23:00:00;8826;3036;2448;970
03.11.2022 23:00:00;04.11.2022 00:00:00;8407;2896;2266;916
04.11.2022 00:00:00;04.11.2022 01:00:00;8211;2884;2153;1071
04.11.2022 01:00:00;04.11.2022 02:00:00;7992;2941;2224;1232
04.11.2022 02:00:00;04.11.2022 03:00:00;8062;2832;2223;1236
04.11.2022 03:00:00;04.11.2022 04:00:00;8203;2772;2156;1216
04.11.2022 04:00:00;04.11.2022 05:00:00;8473;2812;2145;1222
04.11.2022 05:00:00;04.11.2022 06:00:00;9124;2828;2226;1244
04.11.2022 06:00:00;04.11.2022 07:00:00;9542;2874;2368;1180
04.11.2022 07:00:00;04.11.2022 08:00:00;9620;3039;2494;1196
04.11.2022 08:00:00;04.11.2022 09:00:00;9792;3103;2558;1189
04.11.2022 09:00:00;04.11.2022 10:00:00;9788;3042;2512;1284
04.11.2022 10:00:00;04.11.2022 11:00:00;9676;3099;2449;1291
04.11.2022 11:00:00;04.11.2022 12:00:00;9670;3043;2418;1219
04.11.2022 12:00:00;04.11.2022 13:00:00;9566;3015;2408;1180
04.11.2022 13:00:00;04.11.2022 14:00:00;9515;3069;2517;1151
04.11.2022 14:00:00;04.11.2022 15:00:00;9525;3009;2521;1066
04.11.2022 15:00:00;04.11.2022 16:00:00;9756;3121;2530;1030
04.11.2022 16:00:00;04.11.2022 17:00:00;9804;3145;2528;1162
04.11.2022 17:00:00;04.11.2022 18:00:00;9775;3188;2614;1178
04.11.2022 18:00:00;04.11.2022 19:00:00;9701;3272;2629;1044
04.11.2022 19:00:00;04.11.2022 20:00:00;9425;3197;2444;1013
04.11.2022 20:00:00;04.11.2022 21:00:00;9081;3053;2355;1055
04.11.2022 21:00:00;04.11.2022 22:00:00;9110;2942;2324;885
04.11.2022 22:00:00;04.11.2022 23:00:00;8918;2931;2296;812
04.11.2022 23:00:00;05.11.2022 00:00:00;8541;2906;2287;1009
05.11.2022 00:00:00;05.11.2022 01:00:00;8269;2894;2274;1129
05.11.2022 01:00:00;05.11.2022 02:00:00;8231;2893;2167;1021
05.11.2022 02:00:00;05.11.2022 03:00:00;8178;2930;2116;882
05.11.2022 03:00:00;05.11.2022 04:00:00;8215;2873;2058;717
05.11.2022 04:00:00;05.11.2022 05:00:00;8280;2875;2100;704
05.11.2022 05:00:00;05.11.2022 06:00:00;8436;2862;2108;913
05.11.2022 06:00:00;05.11.2022 07:00:00;8591;2853;2151;976
05.11.2022 07:00:00;05.11.2022 08:00:00;8687;2917;2281;1021
05.11.2022 08:00:00;05.11.2022 09:00:00;8881;3003;2273;1219
05.11.2022 09:00:00;05.11.2022 10:00:00;9069;3073;2264;1231
05.11.2022 10:00:00;05.11.2022 11:00:00;9095;3130;2304;1223
05.11.2022 11:00:00;05.11.2022 12:00:00;9102;3066;2313;1234
05.11.2022 12:00:00;05.11.2022 13:00:00;9139;3077;2351;1279
05.11.2022 13:00:00;05.11.2022 14:00:00;9134;3086;2391;1281
05.11.2022 14:00:00;05.11.2022 15:00:00;9230;3033;2410;1164
05.11.2022 15:00:00;05.11.2022 16:00:00;9573;3196;2409;1240
05.11.2022 16:00:00;05.11.2022 17:00:00;9812;3294;2393;1307
05.11.2022 17:00:00;05.11.2022 18:00:00;9736;3266;2421;1298
05.11.2022 18:00:00;05.11.2022 19:00:00;9726;3209;2420;1262
05.11.2022 19:00:00;05.11.2022 20:00:00;9517;3170;2324;1246
05.11.2022 20:00:00;05.11.2022 21:00:00;9170;3126;2238;1238
05.11.2022 21:00:00;05.11.2022 22:00:00;9379;3047;2372;1217
05.11.2022 22:00:00;05.11.2022 23:00:00;9242;3019;2316;1060
05.11.2022 23:00:00;06.11.2022 00:00:00;8838;2961;2294;1007
06.11.2022 00:00:00;06.11.2022 01:00:00;8581;2955;2265;984
06.11.2022 01:00:00;06.11.2022 02:00:00;8443;2915;2238;1007
06.11.2022 02:00:00;06.11.2022 03:00:00;8275;2930;2205;1171
06.11.2022 03:00:00;06.11.2022 04:00:00;8255;2902;2182;1189
06.11.2022 04:00:00;06.11.2022 05:00:00;8250;2895;2127;1124
06.11.2022 05:00:00;06.11.2022 06:00:00;8369;2842;2192;1172
06.11.2022 06:00:00;06.11.2022 07:00:00;8390;2935;2179;1246
06.11.2022 07:00:00;06.11.2022 08:00:00;8395;3035;2191;1203
06.11.2022 08:00:00;06.11.2022 09:00:00;8524;3130;2271;1185
06.11.2022 09:00:00;06.11.2022 10:00:00;8704;3174;2312;1195
06.11.2022 10:00:00;06.11.2022 11:00:00;8868;3173;2396;1177
06.11.2022 11:00:00;06.11.2022 12:00:00;8866;3187;2414;1172
06.11.2022 12:00:00;06.11.2022 13:00:00;8877;3164;2461;1185
06.11.2022 13:00:00;06.11.2022 14:00:00;8862;3126;2454;1191
06.11.2022 14:00:00;06.11.2022 15:00:00;8874;3155;2460;1187
06.11.2022 15:00:00;06.11.2022 16:00:00;9125;3164;2499;1211
06.11.2022 16:00:00;06.11.2022 17:00:00;9316;3259;2566;1241
06.11.2022 17:00:00;06.11.2022 18:00:00;9301;3309;2495;1322
06.11.2022 18:00:00;06.11.2022 19:00:00;9270;3280;2456;1283
06.11.2022 19:00:00;06.11.2022 20:00:00;9033;3289;2457;1218
06.11.2022 20:00:00;06.11.2022 21:00:00;8738;3274;2461;1181
06.11.2022 21:00:00;06.11.2022 22:00:00;8903;3254;2386;1183
06.11.2022 22:00:00;06.11.2022 23:00:00;8744;3243;2329;1121
06.11.2022 23:00:00;07.11.2022 00:00:00;8426;3174;2325;1161
07.11.2022 00:00:00;07.11.2022 01:00:00;8098;3107;2248;1199
07.11.2022 01:00:00;07.11.2022 02:00:00;7926;3080;2282;1121
07.11.2022 02:00:00;07.11.2022 03:00:00;7847;3046;2243;1185
07.11.2022 03:00:00;07.11.2022 04:00:00;7918;3036;2203;1251
07.11.2022 04:00:00;07.11.2022 05:00:00;8193;3028;2175;1267
07.11.2022 05:00:00;07.11.2022 06:00:00;8682;3140;2312;1189
07.11.2022 06:00:00;07.11.2022 07:00:00;9080;3374;2248;1332
07.11.2022 07:00:00;07.11.2022 08:00:00;9170;3584;2405;1415
07.11.2022 08:00:00;07.11.2022 09:00:00;9209;3612;2445;1231
07.11.2022 09:00:00;07.11.2022 10:00:00;9206;3600;2461;1275
07.11.2022 10:00:00;07.11.2022 11:00:00;9290;3605;2392;1403
07.11.2022 11:00:00;07.11.2022 12:00:00;9178;3704;2372;1328
07.11.2022 12:00:00;07.11.2022 13:00:00;9065;3595;2411;1314
07.11.2022 13:00:00;07.11.2022 14:00:00;9017;3548;2414;1306
07.11.2022 14:00:00;07.11.2022 15:00:00;9064;3591;2439;1324
07.11.2022 15:00:00;07.11.2022 16:00:00;9257;3679;2394;1423
07.11.2022 16:00:00;07.11.2022 17:00:00;9306;3726;2381;1417
07.11.2022 17:00:00;07.11.2022 18:00:00;9343;3670;2471;1465
07.11.2022 18:00:00;07.11.2022 19:00:00;9271;3569;2482;1444
07.11.2022 19:00:00;07.11.2022 20:00:00;9084;3529;2450;1349
07.11.2022 20:00:00;07.11.2022 21:00:00;8783;3456;2432;1308
07.11.2022 21:00:00;07.11.2022 22:00:00;8834;3436;2440;1319
07.11.2022 22:00:00;07.11.2022 23:00:00;8682;3378;2402;1355
07.11.2022 23:00:00;08.11.2022 00:00:00;8368;3228;2388;1303
08.11.2022 00:00:00;08.11.2022 01:00:00;8038;3156;2366;1307
08.11.2022 01:00:00;08.11.2022 02:00:00;7878;3196;2364;1358
08.11.2022 02:00:00;08.11.2022 03:00:00;7832;3163;2366;1310
08.11.2022 03:00:00;08.11.2022 04:00:00;7799;3157;2370;1267
08.11.2022 04:00:00;08.11.2022 05:00:00;8065;3138;2401;1287
08.11.2022 05:00:00;08.11.2022 06:00:00;8663;3191;2411;1471
08.11.2022 06:00:00;08.11.2022 07:00:00;9153;3283;2474;1400
08.11.2022 07:00:00;08.11.2022 08:00:00;9230;3466;2620;1198
08.11.2022 08:00:00;08.11.2022 09:00:00;9265;3502;2520;1310
08.11.2022 09:00:00;08.11.2022 10:00:00;9181;3399;2531;1470
08.11.2022 10:00:00;08.11.2022 11:00:00;9249;3427;2459;1372
08.11.2022 11:00:00;08.11.2022 12:00:00;9270;3515;2427;1371
08.11.2022 12:00:00;08.11.2022 13:00:00;9215;3381;2344;1311
08.11.2022 13:00:00;08.11.2022 14:00:00;9219;3537;2369;1288
08.11.2022 14:00:00;08.11.2022 15:00:00;9295;3544;2432;1252
08.11.2022 15:00:00;08.11.2022 16:00:00;9545;3550;2509;1321
08.11.2022 16:00:00;08.11.2022 17:00:00;9628;3654;2537;1414
08.11.2022 17:00:00;08.11.2022 18:00:00;9478;3621;2560;1335
08.11.2022 18:00:00;08.11.2022 19:00:00;9557;3548;2524;1266
08.11.2022 19:00:00;08.11.2022 20:00:00;9405;3538;2549;1343
08.11.2022 20:00:00;08.11.2022 21:00:00;9067;3425;2580;1356
08.11.2022 21:00:00;08.11.2022 22:00:00;9124;3347;2455;1304
08.11.2022 22:00:00;08.11.2022 23:00:00;8901;3303;2362;1329
08.11.2022 23:00:00;09.11.2022 00:00:00;8607;3205;2298;1346
09.11.2022 00:00:00;09.11.2022 01:00:00;8256;3158;2289;1305
09.11.2022 01:00:00;09.11.2022 02:00:00;8142;3038;2243;1235
09.11.2022 02:00:00;09.11.2022 03:00:00;8094;3088;2220;1229
09.11.2022 03:00:00;09.11.2022 04:00:00;8172;3136;2243;1253
09.11.2022 04:00:00;09.11.2022 05:00:00;8499;3099;2313;1320
09.11.2022 05:00:00;09.11.2022 06:00:00;9202;3081;2309;1340
09.11.2022 06:00:00;09.11.2022 07:00:00;9702;3193;2376;1430
09.11.2022 07:00:00;09.11.2022 08:00:00;9751;3415;2502;1482
09.11.2022 08:00:00;09.11.2022 09:00:00;9805;3424;2506;1499
09.11.2022 09:00:00;09.11.2022 10:00:00;9831;3318;2532;1421
09.11.2022 10:00:00;09.11.2022 11:00:00;9780;3391;2459;1481
09.11.2022 11:00:00;09.11.2022 12:00:00;9663;3449;2336;1442
09.11.2022 12:00:00;09.11.2022 13:00:00;9570;3465;2405;1426
09.11.2022 13:00:00;09.11.2022 14:00:00;9543;3434;2406;1467
09.11.2022 14:00:00;09.11.2022 15:00:00;9562;3498;2473;1487
09.11.2022 15:00:00;09.11.2022 16:00:00;9779;3573;2552;1616
09.11.2022 16:00:00;09.11.2022 17:00:00;9872;3610;2495;1582
09.11.2022 17:00:00;09.11.2022 18:00:00;9790;3610;2496;1507
09.11.2022 18:00:00;09.11.2022 19:00:00;9798;3570;2525;1531
09.11.2022 19:00:00;09.11.2022 20:00:00;9606;3496;2509;1460
09.11.2022 20:00:00;09.11.2022 21:00:00;9124;3443;2489;1424
09.11.2022 21:00:00;09.11.2022 22:00:00;9205;3361;2420;1387
09.11.2022 22:00:00;09.11.2022 23:00:00;8934;3194;2386;1327
09.11.2022 23:00:00;10.11.2022 00:00:00;8587;3101;2391;1392
10.11.2022 00:00:00;10.11.2022 01:00:00;8367;3091;2341;1355
10.11.2022 01:00:00;10.11.2022 02:00:00;8179;3013;2257;1288
10.11.2022 02:00:00;10.11.2022 03:00:00;8064;2927;2225;1326
10.11.2022 03:00:00;10.11.2022 04:00:00;8057;2864;2222;1246
10.11.2022 04:00:00;10.11.2022 05:00:00;8212;2894;2324;1223
10.11.2022 05:00:00;10.11.2022 06:00:00;8689;2921;2410;1190
10.11.2022 06:00:00;10.11.2022 07:00:00;9235;3085;2575;1467
10.11.2022 07:00:00;10.11.2022 08:00:00;9310;3377;2720;1413
10.11.2022 08:00:00;10.11.2022 09:00:00;9368;3354;2769;1338
10.11.2022 09:00:00;10.11.2022 10:00:00;9337;3439;2746;1401
10.11.2022 10:00:00;10.11.2022 11:00:00;9370;3422;2756;1422
10.11.2022 11:00:00;10.11.2022 12:00:00;9353;3368;2818;1432
10.11.2022 12:00:00;10.11.2022 13:00:00;9242;3340;2792;1329
10.11.2022 13:00:00;10.11.2022 14:00:00;9195;3363;2731;1198
10.11.2022 14:00:00;10.11.2022 15:00:00;9199;3199;2773;1378
10.11.2022 15:00:00;10.11.2022 16:00:00;9450;3411;2772;1478
10.11.2022 16:00:00;10.11.2022 17:00:00;9431;3468;2654;1433
10.11.2022 17:00:00;10.11.2022 18:00:00;9371;3312;2598;1481
10.11.2022 18:00:00;10.11.2022 19:00:00;9364;3421;2563;1399
10.11.2022 19:00:00;10.11.2022 20:00:00;9210;3468;2552;1514
10.11.2022 20:00:00;10.11.2022 21:00:00;8930;3276;2520;1530
10.11.2022 21:00:00;10.11.2022 22:00:00;8993;3213;2613;1482
10.11.2022 22:00:00;10.11.2022 23:00:00;8755;3249;2587;1471
10.11.2022 23:00:00;11.11.2022 00:00:00;8324;3121;2638;1657
11.11.2022 00:00:00;11.11.2022 01:00:00;8201;3099;2524;1631
11.11.2022 01:00:00;11.11.2022 02:00:00;8098;3048;2395;1445
11.11.2022 02:00:00;11.11.2022 03:00:00;8075;2973;2331;1323
11.11.2022 03:00:00;11.11.2022 04:00:00;8071;2904;2540;1237
11.11.2022 04:00:00;11.11.2022 05:00:00;8393;2899;2571;1133
11.11.2022 05:00:00;11.11.2022 06:00:00;9083;2876;2441;1098
11.11.2022 06:00:00;11.11.2022 07:00:00;9547;3229;2525;1215
11.11.2022 07:00:00;11.11.2022 08:00:00;9732;3278;2658;1265
11.11.2022 08:00:00;11.11.2022 09:00:00;9746;3127;2729;1150
11.11.2022 09:00:00;11.11.2022 10:00:00;9732;3317;2679;1066
11.11.2022 10:00:00;11.11.2022 11:00:00;9724;3335;2705;1105
11.11.2022 11:00:00;11.11.2022 12:00:00;9678;3357;2598;1119
11.11.2022 12:00:00;11.11.2022 13:00:00;9610;3262;2602;1187
11.11.2022 13:00:00;11.11.2022 14:00:00;9545;3167;2571;1270
11.11.2022 14:00:00;11.11.2022 15:00:00;9569;3175;2553;1225
11.11.2022 15:00:00;11.11.2022 16:00:00;9781;3212;2595;1197
11.11.2022 16:00:00;11.11.2022 17:00:00;9821;3439;2592;1245
11.11.2022 17:00:00;11.11.2022 18:00:00;9745;3393;2552;1322
11.11.2022 18:00:00;11.11.2022 19:00:00;9663;3535;2556;1365
11.11.2022 19:00:00;11.11.2022 20:00:00;9394;3441;2548;1189
11.11.2022 20:00:00;11.11.2022 21:00:00;8994;3438;2442;1146
11.11.2022 21:00:00;11.11.2022 22:00:00;9057;3314;2375;1180
11.11.2022 22:00:00;11.11.2022 23:00:00;8780;3067;2279;1033
11.11.2022 23:00:00;12.11.2022 00:00:00;8332;2930;2273;958
12.11.2022 00:00:00;12.11.2022 01:00:00;8123;3009;2372;958
12.11.2022 01:00:00;12.11.2022 02:00:00;7885;2817;2370;963
12.11.2022 02:00:00;12.11.2022 03:00:00;7782;2755;2413;1084
12.11.2022 03:00:00;12.11.2022 04:00:00;7802;2795;2424;996
12.11.2022 04:00:00;12.11.2022 05:00:00;7825;2714;2417;986
12.11.2022 05:00:00;12.11.2022 06:00:00;8018;2720;2266;837
12.11.2022 06:00:00;12.11.2022 07:00:00;8219;2745;2234;810
12.11.2022 07:00:00;12.11.2022 08:00:00;8293;2982;2330;895
12.11.2022 08:00:00;12.11.2022 09:00:00;8411;2951;2314;1027
12.11.2022 09:00:00;12.11.2022 10:00:00;8484;3070;2362;1018
12.11.2022 10:00:00;12.11.2022 11:00:00;8579;3096;2364;1144
12.11.2022 11:00:00;12.11.2022 12:00:00;8585;3160;2339;1041
12.11.2022 12:00:00;12.11.2022 13:00:00;8553;3182;2326;961
12.11.2022 13:00:00;12.11.2022 14:00:00;8564;3124;2353;981
12.11.2022 14:00:00;12.11.2022 15:00:00;8739;3104;2347;1130
12.11.2022 15:00:00;12.11.2022 16:00:00;9163;3045;2325;1170
12.11.2022 16:00:00;12.11.2022 17:00:00;9478;3157;2366;1271
12.11.2022 17:00:00;12.11.2022 18:00:00;9548;3229;2353;1268
12.11.2022 18:00:00;12.11.2022 19:00:00;9483;3208;2334;1203
12.11.2022 19:00:00;12.11.2022 20:00:00;9175;3263;2286;1245
12.11.2022 20:00:00;12.11.2022 21:00:00;8726;3268;2243;1188
12.11.2022 21:00:00;12.11.2022 22:00:00;8865;3005;2177;1266
12.11.2022 22:00:00;12.11.2022 23:00:00;8653;2832;2185;1133
12.11.2022 23:00:00;13.11.2022 00:00:00;8264;2841;2152;1143
13.11.2022 00:00:00;13.11.2022 01:00:00;8082;2880;2162;1445
13.11.2022 01:00:00;13.11.2022 02:00:00;7908;2878;2198;1411
13.11.2022 02:00:00;13.11.2022 03:00:00;7835;2839;2232;1340
13.11.2022 03:00:00;13.11.2022 04:00:00;7843;2803;2174;1299
13.11.2022 04:00:00;13.11.2022 05:00:00;7883;2807;2324;1162
13.11.2022 05:00:00;13.11.2022 06:00:00;8068;2855;2333;1192
13.11.2022 06:00:00;13.11.2022 07:00:00;8188;2847;2243;1092
13.11.2022 07:00:00;13.11.2022 08:00:00;8212;2886;2290;1042
13.11.2022 08:00:00;13.11.2022 09:00:00;8376;2916;2302;976
13.11.2022 09:00:00;13.11.2022 10:00:00;8440;2970;2399;1238
13.11.2022 10:00:00;13.11.2022 11:00:00;8481;3095;2412;1442
13.11.2022 11:00:00;13.11.2022 12:00:00;8455;3114;2482;1383
13.11.2022 12:00:00;13.11.2022 13:00:00;8417;3062;2509;1262
13.11.2022 13:00:00;13.11.2022 14:00:00;8346;3067;2511;1213
13.11.2022 14:00:00;13.11.2022 15:00:00;8502;3102;2531;1354
13.11.2022 15:00:00;13.11.2022 16:00:00;8885;3148;2546;1394
13.11.2022 16:00:00;13.11.2022 17:00:00;9031;3223;2561;1464
13.11.2022 17:00:00;13.11.2022 18:00:00;9119;3149;2526;1524
13.11.2022 18:00:00;13.11.2022 19:00:00;9119;3131;2464;1541
13.11.2022 19:00:00;13.11.2022 20:00:00;9033;3114;2490;1384
13.11.2022 20:00:00;13.11.2022 21:00:00;8746;3127;2466;1292
13.11.2022 21:00:00;13.11.2022 22:00:00;8982;3184;2482;1344
13.11.2022 22:00:00;13.11.2022 23:00:00;8878;3092;2416;1219
13.11.2022 23:00:00;14.11.2022 00:00:00;8707;3027;2419;1092
14.11.2022 00:00:00;14.11.2022 01:00:00;8451;2955;2434;1140
14.11.2022 01:00:00;14.11.2022 02:00:00;8302;2906;2379;1270
14.11.2022 02:00:00;14.11.2022 03:00:00;8268;2845;2381;1249
14.11.2022 03:00:00;14.11.2022 04:00:00;8352;2819;2385;1247
14.11.2022 04:00:00;14.11.2022 05:00:00;8566;2850;2403;1267
14.11.2022 05:00:00;14.11.2022 06:00:00;9209;2940;2421;1320
14.11.2022 06:00:00;14.11.2022 07:00:00;9733;3101;2536;1303
14.11.2022 07:00:00;14.11.2022 08:00:00;9841;3312;2604;1396
14.11.2022 08:00:00;14.11.2022 09:00:00;9886;3460;2670;1360
14.11.2022 09:00:00;14.11.2022 10:00:00;9878;3425;2630;1361
14.11.2022 10:00:00;14.11.2022 11:00:00;9848;3379;2626;1331
14.11.2022 11:00:00;14.11.2022 12:00:00;9785;3299;2627;1170
14.11.2022 12:00:00;14.11.2022 13:00:00;9663;3267;2625;1310
14.11.2022 13:00:00;14.11.2022 14:00:00;9619;3209;2626;1312
14.11.2022 14:00:00;14.11.2022 15:00:00;9614;3181;2642;1359
14.11.2022 15:00:00;14.11.2022 16:00:00;9820;3234;2650;1412
14.11.2022 16:00:00;14.11.2022 17:00:00;9811;3368;2637;1445
14.11.2022 17:00:00;14.11.2022 18:00:00;9682;3352;2630;1238
14.11.2022 18:00:00;14.11.2022 19:00:00;9625;3291;2555;1178
14.11.2022 19:00:00;14.11.2022 20:00:00;9427;3171;2598;1171
14.11.2022 20:00:00;14.11.2022 21:00:00;9107;3111;2555;1256
14.11.2022 21:00:00;14.11.2022 22:00:00;9226;3226;2563;1306
14.11.2022 22:00:00;14.11.2022 23:00:00;8976;3174;2421;1224
14.11.2022 23:00:00;15.11.2022 00:00:00;8690;3055;2292;1133
15.11.2022 00:00:00;15.11.2022 01:00:00;8555;2930;2250;1507
15.11.2022 01:00:00;15.11.2022 02:00:00;8452;2871;2182;1162
15.11.2022 02:00:00;15.11.2022 03:00:00;8410;2888;2158;1066
15.11.2022 03:00:00;15.11.2022 04:00:00;8403;2898;2220;1120
15.11.2022 04:00:00;15.11.2022 05:00:00;8638;2959;2175;1047
15.11.2022 05:00:00;15.11.2022 06:00:00;9162;3029;2216;1159
15.11.2022 06:00:00;15.11.2022 07:00:00;9659;3235;2392;1324
15.11.2022 07:00:00;15.11.2022 08:00:00;9835;3385;2491;1372
15.11.2022 08:00:00;15.11.2022 09:00:00;9848;3322;2530;1352
15.11.2022 09:00:00;15.11.2022 10:00:00;9825;3353;2558;1305
15.11.2022 10:00:00;15.11.2022 11:00:00;9862;3488;2563;1306
15.11.2022 11:00:00;15.11.2022 12:00:00;9912;3497;2570;1393
15.11.2022 12:00:00;15.11.2022 13:00:00;9868;3394;2618;1434
15.11.2022 13:00:00;15.11.2022 14:00:00;9824;3274;2474;1507
15.11.2022 14:00:00;15.11.2022 15:00:00;9861;3382;2670;1667
15.11.2022 15:00:00;15.11.2022 16:00:00;10069;3408;2732;1570
15.11.2022 16:00:00;15.11.2022 17:00:00;10102;3449;2690;1617
15.11.2022 17:00:00;15.11.2022 18:00:00;10016;3477;2639;1877
15.11.2022 18:00:00;15.11.2022 19:00:00;10010;3479;2645;1786
15.11.2022 19:00:00;15.11.2022 20:00:00;9873;3455;2622;1484
15.11.2022 20:00:00;15.11.2022 21:00:00;9508;3369;2615;1584
15.11.2022 21:00:00;15.11.2022 22:00:00;9698;3389;2589;1435
15.11.2022 22:00:00;15.11.2022 23:00:00;9522;3398;2499;1335
15.11.2022 23:00:00;16.11.2022 00:00:00;9142;3235;2443;1252
16.11.2022 00:00:00;16.11.2022 01:00:00;8830;3126;2373;1196
16.11.2022 01:00:00;16.11.2022 02:00:00;8699;3105;2340;1300
16.11.2022 02:00:00;16.11.2022 03:00:00;8757;2998;2243;1408
16.11.2022 03:00:00;16.11.2022 04:00:00;8842;3012;2318;1380
16.11.2022 04:00:00;16.11.2022 05:00:00;9054;3046;2288;1307
16.11.2022 05:00:00;16.11.2022 06:00:00;9730;3113;2336;1292
16.11.2022 06:00:00;16.11.2022 07:00:00;10247;3360;2424;1430
16.11.2022 07:00:00;16.11.2022 08:00:00;10215;3582;2524;1372
16.11.2022 08:00:00;16.11.2022 09:00:00;10280;3484;2583;1382
16.11.2022 09:00:00;16.11.2022 10:00:00;10273;3574;2613;1547
16.11.2022 10:00:00;16.11.2022 11:00:00;10226;3601;2637;1452
16.11.2022 11:00:00;16.11.2022 12:00:00;10277;3504;2564;1381
16.11.2022 12:00:00;16.11.2022 13:00:00;10172;3478;2566;1433
16.11.2022 13:00:00;16.11.2022 14:00:00;10058;3424;2574;1446
16.11.2022 14:00:00;16.11.2022 15:00:00;10029;3501;2572;1438
16.11.2022 15:00:00;16.11.2022 16:00:00;10398;3570;2573;1456
16.11.2022 16:00:00;16.11.2022 17:00:00;10497;3674;2625;1535
16.11.2022 17:00:00;16.11.2022 18:00:00;10408;3648;2652;1566
16.11.2022 18:00:00;16.11.2022 19:00:00;10397;3715;2619;1472
16.11.2022 19:00:00;16.11.2022 20:00:00;10149;3646;2612;1310
16.11.2022 20:00:00;16.11.2022 21:00:00;9808;3515;2589;1402
16.11.2022 21:00:00;16.11.2022 22:00:00;9870;3417;2614;1410
16.11.2022 22:00:00;16.11.2022 23:00:00;9592;3342;2573;1384
16.11.2022 23:00:00;17.11.2022 00:00:00;9339;3295;2505;1518
17.11.2022 00:00:00;17.11.2022 01:00:00;9092;3160;2465;1506
17.11.2022 01:00:00;17.11.2022 02:00:00;8931;3074;2457;1339
17.11.2022 02:00:00;17.11.2022 03:00:00;8897;3110;2422;1421
17.11.2022 03:00:00;17.11.2022 04:00:00;8963;3230;2430;1261
17.11.2022 04:00:00;17.11.2022 05:00:00;9245;3235;2472;1283
17.11.2022 05:00:00;17.11.2022 06:00:00;9911;3297;2520;1412
17.11.2022 06:00:00;17.11.2022 07:00:00;10396;3529;2613;1482
17.11.2022 07:00:00;17.11.2022 08:00:00;10395;3827;2713;1544
17.11.2022 08:00:00;17.11.2022 09:00:00;10382;3803;2821;1459
17.11.2022 09:00:00;17.11.2022 10:00:00;10362;3768;2802;1485
17.11.2022 10:00:00;17.11.2022 11:00:00;10278;3684;2796;1393
17.11.2022 11:00:00;17.11.2022 12:00:00;10319;3638;2778;1581
17.11.2022 12:00:00;17.11.2022 13:00:00;10270;3523;2696;1587
17.11.2022 13:00:00;17.11.2022 14:00:00;10213;3489;2667;1503
17.11.2022 14:00:00;17.11.2022 15:00:00;10247;3640;2677;1537
17.11.2022 15:00:00;17.11.2022 16:00:00;10469;3626;2677;1583
17.11.2022 16:00:00;17.11.2022 17:00:00;10488;3708;2678;1569
17.11.2022 17:00:00;17.11.2022 18:00:00;10458;3729;2642;1547
17.11.2022 18:00:00;17.11.2022 19:00:00;10411;3728;2573;1514
17.11.2022 19:00:00;17.11.2022 20:00:00;10247;3737;2561;1563
17.11.2022 20:00:00;17.11.2022 21:00:00;9963;3694;2549;1499
17.11.2022 21:00:00;17.11.2022 22:00:00;10028;3651;2632;1468
17.11.2022 22:00:00;17.11.2022 23:00:00;9772;3548;2623;1422
17.11.2022 23:00:00;18.11.2022 00:00:00;9482;3499;2529;1359
18.11.2022 00:00:00;18.11.2022 01:00:00;9175;3352;2450;1419
18.11.2022 01:00:00;18.11.2022 02:00:00;9066;3304;2451;1376
18.11.2022 02:00:00;18.11.2022 03:00:00;9048;3322;2415;1301
18.11.2022 03:00:00;18.11.2022 04:00:00;9092;3363;2415;1346
18.11.2022 04:00:00;18.11.2022 05:00:00;9382;3365;2449;1417
18.11.2022 05:00:00;18.11.2022 06:00:00;10021;3368;2513;1398
18.11.2022 06:00:00;18.11.2022 07:00:00;10456;3585;2650;1506
18.11.2022 07:00:00;18.11.2022 08:00:00;10582;3854;2838;1550
18.11.2022 08:00:00;18.11.2022 09:00:00;10545;3761;2860;1391
18.11.2022 09:00:00;18.11.2022 10:00:00;10511;3605;2852;1434
18.11.2022 10:00:00;18.11.2022 11:00:00;10538;3709;2806;1545
18.11.2022 11:00:00;18.11.2022 12:00:00;10588;3725;2736;1565
18.11.2022 12:00:00;18.11.2022 13:00:00;10508;3696;2693;1580
18.11.2022 13:00:00;18.11.2022 14:00:00;10513;3570;2648;1572
18.11.2022 14:00:00;18.11.2022 15:00:00;10593;3680;2663;1559
18.11.2022 15:00:00;18.11.2022 16:00:00;10785;3752;2760;1574
18.11.2022 16:00:00;18.11.2022 17:00:00;10736;3829;2758;1596
18.11.2022 17:00:00;18.11.2022 18:00:00;10699;3785;2745;1573
18.11.2022 18:00:00;18.11.2022 19:00:00;10621;3815;2760;1522
18.11.2022 19:00:00;18.11.2022 20:00:00;10424;3833;2765;1572
18.11.2022 20:00:00;18.11.2022 21:00:00;10081;3772;2718;1478
18.11.2022 21:00:00;18.11.2022 22:00:00;10165;3647;2621;1498
18.11.2022 22:00:00;18.11.2022 23:00:00;9968;3600;2611;1512
18.11.2022 23:00:00;19.11.2022 00:00:00;9686;3550;2558;1475
19.11.2022 00:00:00;19.11.2022 01:00:00;9406;3443;2565;1400
19.11.2022 01:00:00;19.11.2022 02:00:00;9330;3472;2514;1365
19.11.2022 02:00:00;19.11.2022 03:00:00;9214;3307;2521;1390
19.11.2022 03:00:00;19.11.2022 04:00:00;9220;3300;2460;1378
19.11.2022 04:00:00;19.11.2022 05:00:00;9294;3352;2459;1354
19.11.2022 05:00:00;19.11.2022 06:00:00;9497;3237;2444;1386
19.11.2022 06:00:00;19.11.2022 07:00:00;9630;3209;2520;1388
19.11.2022 07:00:00;19.11.2022 08:00:00;9825;3362;2559;1411
19.11.2022 08:00:00;19.11.2022 09:00:00;9913;3548;2577;1386
19.11.2022 09:00:00;19.11.2022 10:00:00;10026;3665;2675;1392
19.11.2022 10:00:00;19.11.2022 11:00:00;10088;3720;2703;1421
19.11.2022 11:00:00;19.11.2022 12:00:00;10048;3592;2719;1413
19.11.2022 12:00:00;19.11.2022 13:00:00;10039;3666;2763;1425
19.11.2022 13:00:00;19.11.2022 14:00:00;10063;3631;2718;1443
19.11.2022 14:00:00;19.11.2022 15:00:00;10236;3555;2625;1398
19.11.2022 15:00:00;19.11.2022 16:00:00;10438;3632;2750;1384
19.11.2022 16:00:00;19.11.2022 17:00:00;10466;3753;2734;1477
19.11.2022 17:00:00;19.11.2022 18:00:00;10461;3755;2675;1443
19.11.2022 18:00:00;19.11.2022 19:00:00;10401;3638;2683;1393
19.11.2022 19:00:00;19.11.2022 20:00:00;10107;3654;2645;1378
19.11.2022 20:00:00;19.11.2022 21:00:00;9770;3711;2666;1468
19.11.2022 21:00:00;19.11.2022 22:00:00;9971;3684;2634;1371
19.11.2022 22:00:00;19.11.2022 23:00:00;9848;3707;2588;1355
19.11.2022 23:00:00;20.11.2022 00:00:00;9560;3616;2541;1355
20.11.2022 00:00:00;20.11.2022 01:00:00;9227;3442;2512;1346
20.11.2022 01:00:00;20.11.2022 02:00:00;9105;3498;2392;1333
20.11.2022 02:00:00;20.11.2022 03:00:00;8967;3451;2428;1343
20.11.2022 03:00:00;20.11.2022 04:00:00;8953;3392;2479;1349
20.11.2022 04:00:00;20.11.2022 05:00:00;9030;3451;2510;1343
20.11.2022 05:00:00;20.11.2022 06:00:00;9192;3582;2514;1298
20.11.2022 06:00:00;20.11.2022 07:00:00;9267;3623;2567;1341
20.11.2022 07:00:00;20.11.2022 08:00:00;9459;3572;2628;1316
20.11.2022 08:00:00;20.11.2022 09:00:00;9557;3654;2612;1354
20.11.2022 09:00:00;20.11.2022 10:00:00;9786;3883;2668;1371
20.11.2022 10:00:00;20.11.2022 11:00:00;9914;3806;2700;1403
20.11.2022 11:00:00;20.11.2022 12:00:00;9903;3765;2653;1438
20.11.2022 12:00:00;20.11.2022 13:00:00;9907;3838;2629;1432
20.11.2022 13:00:00;20.11.2022 14:00:00;9890;3677;2646;1408
20.11.2022 14:00:00;20.11.2022 15:00:00;10007;3702;2609;1446
20.11.2022 15:00:00;20.11.2022 16:00:00;10222;3819;2695;1506
20.11.2022 16:00:00;20.11.2022 17:00:00;10219;3966;2685;1513
20.11.2022 17:00:00;20.11.2022 18:00:00;10209;4077;2632;1505
20.11.2022 18:00:00;20.11.2022 19:00:00;10186;4080;2649;1486
20.11.2022 19:00:00;20.11.2022 20:00:00;9965;3966;2725;1479
20.11.2022 20:00:00;20.11.2022 21:00:00;9772;3956;2721;1494
20.11.2022 21:00:00;20.11.2022 22:00:00;10050;3920;2725;1452
20.11.2022 22:00:00;20.11.2022 23:00:00;9915;3913;2705;1390
20.11.2022 23:00:00;21.11.2022 00:00:00;9641;3836;2617;1392
21.11.2022 00:00:00;21.11.2022 01:00:00;9388;3655;2536;1401
21.11.2022 01:00:00;21.11.2022 02:00:00;9224;3666;2495;1370
21.11.2022 02:00:00;21.11.2022 03:00:00;9174;3546;2453;1362
21.11.2022 03:00:00;21.11.2022 04:00:00;9225;3549;2466;1350
21.11.2022 04:00:00;21.11.2022 05:00:00;9459;3648;2466;1321
21.11.2022 05:00:00;21.11.2022 06:00:00;10122;3611;2507;1280
21.11.2022 06:00:00;21.11.2022 07:00:00;10623;3739;2618;1436
21.11.2022 07:00:00;21.11.2022 08:00:00;10799;4059;2710;1477
21.11.2022 08:00:00;21.11.2022 09:00:00;10766;4004;2820;1485
21.11.2022 09:00:00;21.11.2022 10:00:00;10802;4078;2869;1464
21.11.2022 10:00:00;21.11.2022 11:00:00;10909;3968;2877;1468
21.11.2022 11:00:00;21.11.2022 12:00:00;10885;3908;2794;1427
21.11.2022 12:00:00;21.11.2022 13:00:00;10797;3913;2758;1420
21.11.2022 13:00:00;21.11.2022 14:00:00;10787;3875;2717;1442
21.11.2022 14:00:00;21.11.2022 15:00:00;10817;3949;2774;1455
21.11.2022 15:00:00;21.11.2022 16:00:00;10926;4017;2813;1449
21.11.2022 16:00:00;21.11.2022 17:00:00;10843;4146;2773;1441
21.11.2022 17:00:00;21.11.2022 18:00:00;10748;4020;2804;1458
21.11.2022 18:00:00;21.11.2022 19:00:00;10693;3831;2771;1472
21.11.2022 19:00:00;21.11.2022 20:00:00;10534;3894;2705;1456
21.11.2022 20:00:00;21.11.2022 21:00:00;10100;3914;2654;1371
21.11.2022 21:00:00;21.11.2022 22:00:00;10324;3782;2624;1361
21.11.2022 22:00:00;21.11.2022 23:00:00;10121;3818;2607;1367
21.11.2022 23:00:00;22.11.2022 00:00:00;9810;3742;2534;1397
22.11.2022 00:00:00;22.11.2022 01:00:00;9503;3584;2543;1427
22.11.2022 01:00:00;22.11.2022 02:00:00;9383;3553;2498;1434
22.11.2022 02:00:00;22.11.2022 03:00:00;9289;3583;2516;1444
22.11.2022 03:00:00;22.11.2022 04:00:00;9327;3593;2598;1459
22.11.2022 04:00:00;22.11.2022 05:00:00;9587;3534;2593;1441
22.11.2022 05:00:00;22.11.2022 06:00:00;10262;3465;2595;1455
22.11.2022 06:00:00;22.11.2022 07:00:00;10633;3724;2697;1496
22.11.2022 07:00:00;22.11.2022 08:00:00;10748;3977;2817;1489
22.11.2022 08:00:00;22.11.2022 09:00:00;10754;3980;2791;1510
22.11.2022 09:00:00;22.11.2022 10:00:00;10784;3966;2769;1495
22.11.2022 10:00:00;22.11.2022 11:00:00;10802;3760;2747;1542
22.11.2022 11:00:00;22.11.2022 12:00:00;10798;3925;2720;1513
22.11.2022 12:00:00;22.11.2022 13:00:00;10759;3965;2706;1561
22.11.2022 13:00:00;22.11.2022 14:00:00;10654;4030;2744;1541
22.11.2022 14:00:00;22.11.2022 15:00:00;10802;4025;2859;1466
22.11.2022 15:00:00;22.11.2022 16:00:00;11038;4033;2881;1562
22.11.2022 16:00:00;22.11.2022 17:00:00;11076;4060;2865;1601
22.11.2022 17:00:00;22.11.2022 18:00:00;10899;4022;2862;1582
22.11.2022 18:00:00;22.11.2022 19:00:00;10917;4040;2830;1526
22.11.2022 19:00:00;22.11.2022 20:00:00;10737;4026;2774;1493
22.11.2022 20:00:00;22.11.2022 21:00:00;10337;3925;2740;1495
22.11.2022 21:00:00;22.11.2022 22:00:00;10465;3932;2644;1488
22.11.2022 22:00:00;22.11.2022 23:00:00;10266;3932;2597;1403
22.11.2022 23:00:00;23.11.2022 00:00:00;9931;3759;2549;1454
23.11.2022 00:00:00;23.11.2022 01:00:00;9604;3580;2567;1375
23.11.2022 01:00:00;23.11.2022 02:00:00;9462;3490;2640;1373
23.11.2022 02:00:00;23.11.2022 03:00:00;9333;3504;2644;1410
23.11.2022 03:00:00;23.11.2022 04:00:00;9390;3455;2636;1460
23.11.2022 04:00:00;23.11.2022 05:00:00;9629;3453;2635;1538
23.11.2022 05:00:00;23.11.2022 06:00:00;10280;3480;2721;1489
23.11.2022 06:00:00;23.11.2022 07:00:00;10695;3625;2741;1547
23.11.2022 07:00:00;23.11.2022 08:00:00;10693;3805;2875;1621
23.11.2022 08:00:00;23.11.2022 09:00:00;10738;3807;2902;1623
23.11.2022 09:00:00;23.11.2022 10:00:00;10741;3828;2789;1691
23.11.2022 10:00:00;23.11.2022 11:00:00;10712;3790;2889;1615
23.11.2022 11:00:00;23.11.2022 12:00:00;10730;3731;2988;1601
23.11.2022 12:00:00;23.11.2022 13:00:00;10598;3749;2674;1607
23.11.2022 13:00:00;23.11.2022 14:00:00;10611;3808;2782;1582
23.11.2022 14:00:00;23.11.2022 15:00:00;10673;3861;2735;1592
23.11.2022 15:00:00;23.11.2022 16:00:00;10859;3869;2874;1617
23.11.2022 16:00:00;23.11.2022 17:00:00;10902;3852;2831;1521
23.11.2022 17:00:00;23.11.2022 18:00:00;10864;3830;2771;1555
23.11.2022 18:00:00;23.11.2022 19:00:00;10875;3851;2834;1499
23.11.2022 19:00:00;23.11.2022 20:00:00;10698;3886;2847;1486
23.11.2022 20:00:00;23.11.2022 21:00:00;10368;3853;2817;1410
23.11.2022 21:00:00;23.11.2022 22:00:00;10439;3754;2733;1454
23.11.2022 22:00:00;23.11.2022 23:00:00;10231;3682;2719;1480
23.11.2022 23:00:00;24.11.2022 00:00:00;9957;3615;2763;1490
24.11.2022 00:00:00;24.11.2022 01:00:00;9633;3492;2729;1407
24.11.2022 01:00:00;24.11.2022 02:00:00;9468;3422;2711;1374
24.11.2022 02:00:00;24.11.2022 03:00:00;9408;3401;2656;1406
24.11.2022 03:00:00;24.11.2022 04:00:00;9467;3361;2695;1402
24.11.2022 04:00:00;24.11.2022 05:00:00;9766;3379;2687;1407
24.11.2022 05:00:00;24.11.2022 06:00:00;10359;3457;2725;1476
24.11.2022 06:00:00;24.11.2022 07:00:00;10789;3530;2797;1505
24.11.2022 07:00:00;24.11.2022 08:00:00;10970;3733;2951;1540
24.11.2022 08:00:00;24.11.2022 09:00:00;10855;3760;2985;1516
24.11.2022 09:00:00;24.11.2022 10:00:00;10840;3742;2969;1580
24.11.2022 10:00:00;24.11.2022 11:00:00;10890;3783;2893;1542
24.11.2022 11:00:00;24.11.2022 12:00:00;10858;3775;2863;1542
24.11.2022 12:00:00;24.11.2022 13:00:00;10743;3759;2816;1533
24.11.2022 13:00:00;24.11.2022 14:00:00;10735;3767;2818;1526
24.11.2022 14:00:00;24.11.2022 15:00:00;10808;3774;2893;1572
24.11.2022 15:00:00;24.11.2022 16:00:00;10991;3841;2855;1582
24.11.2022 16:00:00;24.11.2022 17:00:00;10955;3785;2827;1591
24.11.2022 17:00:00;24.11.2022 18:00:00;10866;3762;2767;1556
24.11.2022 18:00:00;24.11.2022 19:00:00;10847;3699;2729;1536
24.11.2022 19:00:00;24.11.2022 20:00:00;10679;3722;2703;1556
24.11.2022 20:00:00;24.11.2022 21:00:00;10409;3727;2728;1446
24.11.2022 21:00:00;24.11.2022 22:00:00;10458;3571;2706;1353
24.11.2022 22:00:00;24.11.2022 23:00:00;10259;3481;2694;1330
24.11.2022 23:00:00;25.11.2022 00:00:00;9878;3323;2617;1309
25.11.2022 00:00:00;25.11.2022 01:00:00;9584;3258;2595;1342
25.11.2022 01:00:00;25.11.2022 02:00:00;9487;3234;2505;1256
25.11.2022 02:00:00;25.11.2022 03:00:00;9426;3170;2440;1222
25.11.2022 03:00:00;25.11.2022 04:00:00;9510;3230;2433;1213
25.11.2022 04:00:00;25.11.2022 05:00:00;9695;3278;2424;1364
25.11.2022 05:00:00;25.11.2022 06:00:00;10303;3345;2485;1372
25.11.2022 06:00:00;25.11.2022 07:00:00;10740;3476;2545;1405
25.11.2022 07:00:00;25.11.2022 08:00:00;10934;3627;2617;1433
25.11.2022 08:00:00;25.11.2022 09:00:00;10890;3704;2700;1415
25.11.2022 09:00:00;25.11.2022 10:00:00;10882;3696;2685;1414
25.11.2022 10:00:00;25.11.2022 11:00:00;10941;3719;2694;1395
25.11.2022 11:00:00;25.11.2022 12:00:00;10932;3710;2690;1423
25.11.2022 12:00:00;25.11.2022 13:00:00;10900;3764;2633;1376
25.11.2022 13:00:00;25.11.2022 14:00:00;10829;3757;2686;1363
25.11.2022 14:00:00;25.11.2022 15:00:00;10975;3741;2718;1381
25.11.2022 15:00:00;25.11.2022 16:00:00;11086;3664;2711;1422
25.11.2022 16:00:00;25.11.2022 17:00:00;11011;3681;2674;1307
25.11.2022 17:00:00;25.11.2022 18:00:00;10886;3683;2636;1405
25.11.2022 18:00:00;25.11.2022 19:00:00;10800;3580;2629;1389
25.11.2022 19:00:00;25.11.2022 20:00:00;10566;3586;2555;1395
25.11.2022 20:00:00;25.11.2022 21:00:00;10250;3595;2543;1369
25.11.2022 21:00:00;25.11.2022 22:00:00;10349;3445;2441;1337
25.11.2022 22:00:00;25.11.2022 23:00:00;10168;3325;2409;1337
25.11.2022 23:00:00;26.11.2022 00:00:00;9818;3197;2428;1233
26.11.2022 00:00:00;26.11.2022 01:00:00;9492;3109;2392;1245
26.11.2022 01:00:00;26.11.2022 02:00:00;9346;3127;2425;1220
26.11.2022 02:00:00;26.11.2022 03:00:00;9282;3184;2420;1260
26.11.2022 03:00:00;26.11.2022 04:00:00;9246;3177;2414;1202
26.11.2022 04:00:00;26.11.2022 05:00:00;9368;3226;2338;1137
26.11.2022 05:00:00;26.11.2022 06:00:00;9543;3269;2262;1159
26.11.2022 06:00:00;26.11.2022 07:00:00;9628;3228;2390;1112
26.11.2022 07:00:00;26.11.2022 08:00:00;9822;3209;2472;1110
26.11.2022 08:00:00;26.11.2022 09:00:00;9836;3341;2458;1153
26.11.2022 09:00:00;26.11.2022 10:00:00;10039;3478;2511;1121
26.11.2022 10:00:00;26.11.2022 11:00:00;10128;3475;2606;1091
26.11.2022 11:00:00;26.11.2022 12:00:00;10136;3622;2669;1183
26.11.2022 12:00:00;26.11.2022 13:00:00;10141;3651;2676;1336
26.11.2022 13:00:00;26.11.2022 14:00:00;10114;3512;2746;1297
26.11.2022 14:00:00;26.11.2022 15:00:00;10235;3383;2673;1312
26.11.2022 15:00:00;26.11.2022 16:00:00;10519;3469;2681;1343
26.11.2022 16:00:00;26.11.2022 17:00:00;10587;3521;2721;1332
26.11.2022 17:00:00;26.11.2022 18:00:00;10596;3539;2709;1261
26.11.2022 18:00:00;26.11.2022 19:00:00;10521;3503;2658;1311
26.11.2022 19:00:00;26.11.2022 20:00:00;10272;3499;2584;1358
26.11.2022 20:00:00;26.11.2022 21:00:00;9913;3437;2606;1348
26.11.2022 21:00:00;26.11.2022 22:00:00;10034;3315;2591;1326
26.11.2022 22:00:00;26.11.2022 23:00:00;9978;3238;2577;1357
26.11.2022 23:00:00;27.11.2022 00:00:00;9731;3286;2535;1338
27.11.2022 00:00:00;27.11.2022 01:00:00;9436;3243;2514;1264
27.11.2022 01:00:00;27.11.2022 02:00:00;9238;3170;2449;1068
27.11.2022 02:00:00;27.11.2022 03:00:00;9173;3152;2362;1103
27.11.2022 03:00:00;27.11.2022 04:00:00;9164;3181;2320;1031
27.11.2022 04:00:00;27.11.2022 05:00:00;9211;3104;2329;1116
27.11.2022 05:00:00;27.11.2022 06:00:00;9309;3080;2252;1061
27.11.2022 06:00:00;27.11.2022 07:00:00;9404;3152;2264;998
27.11.2022 07:00:00;27.11.2022 08:00:00;9582;3201;2213;1082
27.11.2022 08:00:00;27.11.2022 09:00:00;9628;3298;2255;1231
27.11.2022 09:00:00;27.11.2022 10:00:00;9772;3333;2356;1067
27.11.2022 10:00:00;27.11.2022 11:00:00;9894;3366;2377;1113
27.11.2022 11:00:00;27.11.2022 12:00:00;9980;3332;2364;1194
27.11.2022 12:00:00;27.11.2022 13:00:00;9989;3274;2390;1227
27.11.2022 13:00:00;27.11.2022 14:00:00;9958;3290;2455;1373
27.11.2022 14:00:00;27.11.2022 15:00:00;10056;3377;2575;1360
27.11.2022 15:00:00;27.11.2022 16:00:00;10209;3476;2651;1321
27.11.2022 16:00:00;27.11.2022 17:00:00;10249;3515;2643;1316
27.11.2022 17:00:00;27.11.2022 18:00:00;10183;3461;2642;1366
27.11.2022 18:00:00;27.11.2022 19:00:00;10225;3443;2580;1386
27.11.2022 19:00:00;27.11.2022 20:00:00;10059;3480;2553;1259
27.11.2022 20:00:00;27.11.2022 21:00:00;9679;3485;2539;1303
27.11.2022 21:00:00;27.11.2022 22:00:00;9925;3402;2496;1391
27.11.2022 22:00:00;27.11.2022 23:00:00;9861;3295;2476;1312
27.11.2022 23:00:00;28.11.2022 00:00:00;9613;3218;2442;1292
28.11.2022 00:00:00;28.11.2022 01:00:00;9430;3266;2494;1329
28.11.2022 01:00:00;28.11.2022 02:00:00;9235;3146;2531;1357
28.11.2022 02:00:00;28.11.2022 03:00:00;9102;3150;2438;1339
28.11.2022 03:00:00;28.11.2022 04:00:00;9200;3203;2421;1386
28.11.2022 04:00:00;28.11.2022 05:00:00;9479;3181;2442;1379
28.11.2022 05:00:00;28.11.2022 06:00:00;10089;3206;2493;1445
28.11.2022 06:00:00;28.11.2022 07:00:00;10431;3306;2655;1490
28.11.2022 07:00:00;28.11.2022 08:00:00;10682;3491;2750;1420
28.11.2022 08:00:00;28.11.2022 09:00:00;10630;3490;2639;1388
28.11.2022 09:00:00;28.11.2022 10:00:00;10633;3776;2644;1373
28.11.2022 10:00:00;28.11.2022 11:00:00;10658;3633;2534;1509
28.11.2022 11:00:00;28.11.2022 12:00:00;10635;3448;2496;1563
28.11.2022 12:00:00;28.11.2022 13:00:00;10561;3503;2489;1574
28.11.2022 13:00:00;28.11.2022 14:00:00;10480;3504;2406;1488
28.11.2022 14:00:00;28.11.2022 15:00:00;10659;3568;2486;1455
28.11.2022 15:00:00;28.11.2022 16:00:00;10650;3681;2512;1398
28.11.2022 16:00:00;28.11.2022 17:00:00;10569;3649;2544;1362
28.11.2022 17:00:00;28.11.2022 18:00:00;10535;3641;2503;1436
28.11.2022 18:00:00;28.11.2022 19:00:00;10469;3627;2515;1397
28.11.2022 19:00:00;28.11.2022 20:00:00;10311;3556;2455;1504
28.11.2022 20:00:00;28.11.2022 21:00:00;9976;3458;2460;1434
28.11.2022 21:00:00;28.11.2022 22:00:00;10066;3499;2456;1399
28.11.2022 22:00:00;28.11.2022 23:00:00;9783;3362;2434;1386
28.11.2022 23:00:00;29.11.2022 00:00:00;9471;3292;2398;1329
29.11.2022 00:00:00;29.11.2022 01:00:00;9167;3232;2387;1468
29.11.2022 01:00:00;29.11.2022 02:00:00;8992;3227;2323;1288
29.11.2022 02:00:00;29.11.2022 03:00:00;8937;3160;2332;1211
29.11.2022 03:00:00;29.11.2022 04:00:00;8997;3109;2380;1232
29.11.2022 04:00:00;29.11.2022 05:00:00;9213;3105;2419;1267
29.11.2022 05:00:00;29.11.2022 06:00:00;9833;3097;2471;1260
29.11.2022 06:00:00;29.11.2022 07:00:00;10244;3242;2527;1353
29.11.2022 07:00:00;29.11.2022 08:00:00;10403;3543;2667;1285
29.11.2022 08:00:00;29.11.2022 09:00:00;10290;3630;2609;1379
29.11.2022 09:00:00;29.11.2022 10:00:00;10146;3568;2544;1392
29.11.2022 10:00:00;29.11.2022 11:00:00;10189;3392;2509;1511
29.11.2022 11:00:00;29.11.2022 12:00:00;10211;3432;2488;1458
29.11.2022 12:00:00;29.11.2022 13:00:00;10229;3457;2620;1443
29.11.2022 13:00:00;29.11.2022 14:00:00;10182;3453;2650;1478
29.11.2022 14:00:00;29.11.2022 15:00:00;10275;3534;2618;1455
29.11.2022 15:00:00;29.11.2022 16:00:00;10369;3481;2608;1501
29.11.2022 16:00:00;29.11.2022 17:00:00;10312;3537;2649;1510
29.11.2022 17:00:00;29.11.2022 18:00:00;10225;3464;2639;1498
29.11.2022 18:00:00;29.11.2022 19:00:00;10148;3504;2599;1504
29.11.2022 19:00:00;29.11.2022 20:00:00;9964;3441;2605;1546
29.11.2022 20:00:00;29.11.2022 21:00:00;9713;3296;2574;1544
29.11.2022 21:00:00;29.11.2022 22:00:00;9821;3310;2614;1455
29.11.2022 22:00:00;29.11.2022 23:00:00;9638;3330;2573;1461
29.11.2022 23:00:00;30.11.2022 00:00:00;9234;3210;2507;1405
30.11.2022 00:00:00;30.11.2022 01:00:00;8920;3083;2474;1389
30.11.2022 01:00:00;30.11.2022 02:00:00;8776;3055;2393;1320
30.11.2022 02:00:00;30.11.2022 03:00:00;8729;3038;2346;1288
30.11.2022 03:00:00;30.11.2022 04:00:00;8762;3082;2285;1241
30.11.2022 04:00:00;30.11.2022 05:00:00;9023;3144;2289;1295
30.11.2022 05:00:00;30.11.2022 06:00:00;9722;3206;2483;1299
30.11.2022 06:00:00;30.11.2022 07:00:00;10111;3291;2614;1341
30.11.2022 07:00:00;30.11.2022 08:00:00;10223;3468;2650;1338
30.11.2022 08:00:00;30.11.2022 09:00:00;10045;3580;2537;1373
30.11.2022 09:00:00;30.11.2022 10:00:00;10052;3580;2545;1355
30.11.2022 10:00:00;30.11.2022 11:00:00;10023;3575;2555;1302
30.11.2022 11:00:00;30.11.2022 12:00:00;9994;3569;2608;1218
30.11.2022 12:00:00;30.11.2022 13:00:00;9931;3535;2637;1322
30.11.2022 13:00:00;30.11.2022 14:00:00;9939;3644;2637;1386
30.11.2022 14:00:00;30.11.2022 15:00:00;9999;3594;2657;1437
30.11.2022 15:00:00;30.11.2022 16:00:00;10338;3561;2678;1552
30.11.2022 16:00:00;30.11.2022 17:00:00;10334;3580;2667;1380
30.11.2022 17:00:00;30.11.2022 18:00:00;10251;3540;2625;1364
30.11.2022 18:00:00;30.11.2022 19:00:00;10211;3479;2578;1349
30.11.2022 19:00:00;30.11.2022 20:00:00;10145;3458;2552;1376
30.11.2022 20:00:00;30.11.2022 21:00:00;9780;3454;2531;1333
30.11.2022 21:00:00;30.11.2022 22:00:00;9887;3478;2558;1312
30.11.2022 22:00:00;30.11.2022 23:00:00;9633;3403;2521;1283
30.11.2022 23:00:00;01.12.2022 00:00:00;9282;3329;2491;1303
01.12.2022 00:00:00;01.12.2022 01:00:00;8975;3289;2449;1221
01.12.2022 01:00:00;01.12.2022 02:00:00;8807;3238;2483;1213
01.12.2022 02:00:00;01.12.2022 03:00:00;8727;3187;2470;1204
01.12.2022 03:00:00;01.12.2022 04:00:00;8747;3196;2459;1165
01.12.2022 04:00:00;01.12.2022 05:00:00;9118;3184;2429;1178
01.12.2022 05:00:00;01.12.2022 06:00:00;9808;3252;2465;1266
01.12.2022 06:00:00;01.12.2022 07:00:00;10159;3414;2552;1289
01.12.2022 07:00:00;01.12.2022 08:00:00;10313;3577;2662;1352
01.12.2022 08:00:00;01.12.2022 09:00:00;10236;3645;2740;1400
01.12.2022 09:00:00;01.12.2022 10:00:00;10173;3607;2721;1413
01.12.2022 10:00:00;01.12.2022 11:00:00;10173;3606;2715;1405
01.12.2022 11:00:00;01.12.2022 12:00:00;10127;3606;2676;1375
01.12.2022 12:00:00;01.12.2022 13:00:00;10097;3639;2685;1398
01.12.2022 13:00:00;01.12.2022 14:00:00;10040;3614;2708;1441
01.12.2022 14:00:00;01.12.2022 15:00:00;10206;3581;2694;1378
01.12.2022 15:00:00;01.12.2022 16:00:00;10330;3623;2713;1432
01.12.2022 16:00:00;01.12.2022 17:00:00;10262;3649;2638;1414
01.12.2022 17:00:00;01.12.2022 18:00:00;10182;3567;2706;1382
01.12.2022 18:00:00;01.12.2022 19:00:00;10134;3565;2659;1348
01.12.2022 19:00:00;01.12.2022 20:00:00;9974;3610;2666;1307
01.12.2022 20:00:00;01.12.2022 21:00:00;9673;3504;2651;1327
01.12.2022 21:00:00;01.12.2022 22:00:00;9842;3460;2618;1303
01.12.2022 22:00:00;01.12.2022 23:00:00;9704;3470;2559;1282
01.12.2022 23:00:00;02.12.2022 00:00:00;9382;3460;2511;1269
02.12.2022 00:00:00;02.12.2022 01:00:00;9065;3359;2499;1261
02.12.2022 01:00:00;02.12.2022 02:00:00;8954;3303;2410;1251
02.12.2022 02:00:00;02.12.2022 03:00:00;8890;3287;2442;1278
02.12.2022 03:00:00;02.12.2022 04:00:00;8981;3382;2412;1245
02.12.2022 04:00:00;02.12.2022 05:00:00;9222;3430;2444;1219
02.12.2022 05:00:00;02.12.2022 06:00:00;9937;3337;2499;1210
02.12.2022 06:00:00;02.12.2022 07:00:00;10288;3587;2584;1316
02.12.2022 07:00:00;02.12.2022 08:00:00;10382;3753;2676;1396
02.12.2022 08:00:00;02.12.2022 09:00:00;10344;3846;2689;1400
02.12.2022 09:00:00;02.12.2022 10:00:00;10302;4013;2655;1410
02.12.2022 10:00:00;02.12.2022 11:00:00;10325;3845;2693;1409
02.12.2022 11:00:00;02.12.2022 12:00:00;10281;3797;2726;1338
02.12.2022 12:00:00;02.12.2022 13:00:00;10246;3691;2676;1395
02.12.2022 13:00:00;02.12.2022 14:00:00;10230;3722;2658;1378
02.12.2022 14:00:00;02.12.2022 15:00:00;10496;3775;2646;1402
02.12.2022 15:00:00;02.12.2022 16:00:00;10672;3842;2677;1356
02.12.2022 16:00:00;02.12.2022 17:00:00;10663;3905;2694;1470
02.12.2022 17:00:00;02.12.2022 18:00:00;10615;3793;2674;1473
02.12.2022 18:00:00;02.12.2022 19:00:00;10527;3737;2633;1385
02.12.2022 19:00:00;02.12.2022 20:00:00;10234;3690;2592;1409
02.12.2022 20:00:00;02.12.2022 21:00:00;10110;3662;2564;1214
02.12.2022 21:00:00;02.12.2022 22:00:00;10179;3534;2547;1273
02.12.2022 22:00:00;02.12.2022 23:00:00;9951;3445;2549;1251
02.12.2022 23:00:00;03.12.2022 00:00:00;9624;3366;2501;1221
03.12.2022 00:00:00;03.12.2022 01:00:00;9298;3398;2511;1201
03.12.2022 01:00:00;03.12.2022 02:00:00;9114;3374;2519;1290
03.12.2022 02:00:00;03.12.2022 03:00:00;9077;3364;2487;1274
03.12.2022 03:00:00;03.12.2022 04:00:00;9055;3368;2475;1231
03.12.2022 04:00:00;03.12.2022 05:00:00;9140;3361;2429;1204
03.12.2022 05:00:00;03.12.2022 06:00:00;9355;3365;2474;1213
03.12.2022 06:00:00;03.12.2022 07:00:00;9487;3447;2531;1252
03.12.2022 07:00:00;03.12.2022 08:00:00;9760;3531;2589;1281
03.12.2022 08:00:00;03.12.2022 09:00:00;9767;3661;2619;1300
03.12.2022 09:00:00;03.12.2022 10:00:00;9855;3723;2613;1328
03.12.2022 10:00:00;03.12.2022 11:00:00;9847;3756;2630;1344
03.12.2022 11:00:00;03.12.2022 12:00:00;9864;3700;2666;1374
03.12.2022 12:00:00;03.12.2022 13:00:00;9881;3667;2642;1382
03.12.2022 13:00:00;03.12.2022 14:00:00;9844;3626;2611;1366
03.12.2022 14:00:00;03.12.2022 15:00:00;10048;3669;2678;1400
03.12.2022 15:00:00;03.12.2022 16:00:00;10325;3736;2872;1413
03.12.2022 16:00:00;03.12.2022 17:00:00;10405;3798;2856;1408
03.12.2022 17:00:00;03.12.2022 18:00:00;10464;3783;2785;1417
03.12.2022 18:00:00;03.12.2022 19:00:00;10413;3724;2737;1405
03.12.2022 19:00:00;03.12.2022 20:00:00;10094;3721;2705;1307
03.12.2022 20:00:00;03.12.2022 21:00:00;9819;3671;2690;1349
03.12.2022 21:00:00;03.12.2022 22:00:00;9953;3567;2684;1303
03.12.2022 22:00:00;03.12.2022 23:00:00;9906;3545;2665;1297
03.12.2022 23:00:00;04.12.2022 00:00:00;9633;3511;2627;1275
04.12.2022 00:00:00;04.12.2022 01:00:00;9409;3432;2601;1249
04.12.2022 01:00:00;04.12.2022 02:00:00;9197;3435;2597;1225
04.12.2022 02:00:00;04.12.2022 03:00:00;9093;3400;2589;1220
04.12.2022 03:00:00;04.12.2022 04:00:00;9108;3412;2648;1172
04.12.2022 04:00:00;04.12.2022 05:00:00;9168;3433;2668;1210
04.12.2022 05:00:00;04.12.2022 06:00:00;9229;3453;2668;1210
04.12.2022 06:00:00;04.12.2022 07:00:00;9328;3498;2662;1223
04.12.2022 07:00:00;04.12.2022 08:00:00;9589;3547;2686;1227
04.12.2022 08:00:00;04.12.2022 09:00:00;9537;3625;2723;1246
04.12.2022 09:00:00;04.12.2022 10:00:00;9594;3694;2779;1297
04.12.2022 10:00:00;04.12.2022 11:00:00;9759;3754;2793;1250
04.12.2022 11:00:00;04.12.2022 12:00:00;9807;3736;2795;1244
04.12.2022 12:00:00;04.12.2022 13:00:00;9867;3746;2802;1351
04.12.2022 13:00:00;04.12.2022 14:00:00;9888;3721;2883;1336
04.12.2022 14:00:00;04.12.2022 15:00:00;10064;3746;2878;1350
04.12.2022 15:00:00;04.12.2022 16:00:00;10186;3791;2828;1283
04.12.2022 16:00:00;04.12.2022 17:00:00;10109;3826;2828;1359
04.12.2022 17:00:00;04.12.2022 18:00:00;10073;3803;2862;1334
04.12.2022 18:00:00;04.12.2022 19:00:00;10082;3800;2850;1297
04.12.2022 19:00:00;04.12.2022 20:00:00;10034;3794;2833;1255
04.12.2022 20:00:00;04.12.2022 21:00:00;9801;3803;2793;1190
04.12.2022 21:00:00;04.12.2022 22:00:00;10022;3785;2806;1119
04.12.2022 22:00:00;04.12.2022 23:00:00;9848;3739;2814;1177
04.12.2022 23:00:00;05.12.2022 00:00:00;9642;3661;2760;1261
05.12.2022 00:00:00;05.12.2022 01:00:00;9443;3624;2632;1165
05.12.2022 01:00:00;05.12.2022 02:00:00;9281;3619;2527;1122
05.12.2022 02:00:00;05.12.2022 03:00:00;9184;3595;2438;991
05.12.2022 03:00:00;05.12.2022 04:00:00;9253;3580;2419;946
05.12.2022 04:00:00;05.12.2022 05:00:00;9444;3642;2481;1011
05.12.2022 05:00:00;05.12.2022 06:00:00;9923;3667;2419;998
05.12.2022 06:00:00;05.12.2022 07:00:00;10243;3791;2511;1001
05.12.2022 07:00:00;05.12.2022 08:00:00;10624;3871;2631;1024
05.12.2022 08:00:00;05.12.2022 09:00:00;10564;3894;2874;1068
05.12.2022 09:00:00;05.12.2022 10:00:00;10562;4068;2981;1080
05.12.2022 10:00:00;05.12.2022 11:00:00;10639;4163;2898;1117
05.12.2022 11:00:00;05.12.2022 12:00:00;10681;3801;2784;1176
05.12.2022 12:00:00;05.12.2022 13:00:00;10645;3775;2564;1219
05.12.2022 13:00:00;05.12.2022 14:00:00;10616;3958;2566;1188
05.12.2022 14:00:00;05.12.2022 15:00:00;10738;3925;2680;1209
05.12.2022 15:00:00;05.12.2022 16:00:00;10816;3826;2768;1387
05.12.2022 16:00:00;05.12.2022 17:00:00;10749;3810;2748;1479
05.12.2022 17:00:00;05.12.2022 18:00:00;10651;3864;2821;1519
05.12.2022 18:00:00;05.12.2022 19:00:00;10599;3806;2860;1498
05.12.2022 19:00:00;05.12.2022 20:00:00;10446;3716;2808;1508
05.12.2022 20:00:00;05.12.2022 21:00:00;10181;3796;2759;1430
05.12.2022 21:00:00;05.12.2022 22:00:00;10294;3620;2748;1334
05.12.2022 22:00:00;05.12.2022 23:00:00;10082;3707;2783;1390
05.12.2022 23:00:00;06.12.2022 00:00:00;9698;3590;2553;1378
06.12.2022 00:00:00;06.12.2022 01:00:00;9438;3433;2512;1150
06.12.2022 01:00:00;06.12.2022 02:00:00;9221;3418;2604;1169
06.12.2022 02:00:00;06.12.2022 03:00:00;9122;3452;2614;1149
06.12.2022 03:00:00;06.12.2022 04:00:00;9089;3412;2548;1201
06.12.2022 04:00:00;06.12.2022 05:00:00;9159;3460;2418;1242
06.12.2022 05:00:00;06.12.2022 06:00:00;9353;3555;2482;1267
06.12.2022 06:00:00;06.12.2022 07:00:00;9499;3658;2600;1238
06.12.2022 07:00:00;06.12.2022 08:00:00;9780;3769;2749;1431
06.12.2022 08:00:00;06.12.2022 09:00:00;9749;3817;2867;1445
06.12.2022 09:00:00;06.12.2022 10:00:00;9865;3929;2801;1536
06.12.2022 10:00:00;06.12.2022 11:00:00;9983;3731;2767;1390
06.12.2022 11:00:00;06.12.2022 12:00:00;9929;3888;2699;1490
06.12.2022 12:00:00;06.12.2022 13:00:00;9835;3970;2634;1469
06.12.2022 13:00:00;06.12.2022 14:00:00;9809;3893;2719;1454
06.12.2022 14:00:00;06.12.2022 15:00:00;9950;4046;2817;1391
06.12.2022 15:00:00;06.12.2022 16:00:00;10067;3881;3022;1391
06.12.2022 16:00:00;06.12.2022 17:00:00;10082;3946;2923;1480
06.12.2022 17:00:00;06.12.2022 18:00:00;9959;3996;2835;1570
06.12.2022 18:00:00;06.12.2022 19:00:00;9804;3858;2792;1404
06.12.2022 19:00:00;06.12.2022 20:00:00;9734;3856;2791;1383
06.12.2022 20:00:00;06.12.2022 21:00:00;9577;3843;2752;1326
06.12.2022 21:00:00;06.12.2022 22:00:00;9823;3937;2745;1294
06.12.2022 22:00:00;06.12.2022 23:00:00;9743;3752;2753;1252
06.12.2022 23:00:00;07.12.2022 00:00:00;9404;3594;2648;1280
07.12.2022 00:00:00;07.12.2022 01:00:00;9111;3468;2655;1332
07.12.2022 01:00:00;07.12.2022 02:00:00;8948;3397;2628;1316
07.12.2022 02:00:00;07.12.2022 03:00:00;8957;3244;2671;1318
07.12.2022 03:00:00;07.12.2022 04:00:00;8993;3474;2652;1285
07.12.2022 04:00:00;07.12.2022 05:00:00;9255;3551;2617;1243
07.12.2022 05:00:00;07.12.2022 06:00:00;10025;3141;2681;1166
07.12.2022 06:00:00;07.12.2022 07:00:00;10442;3347;2819;1176
07.12.2022 07:00:00;07.12.2022 08:00:00;10591;3836;2869;1264
07.12.2022 08:00:00;07.12.2022 09:00:00;10374;3916;2875;1381
07.12.2022 09:00:00;07.12.2022 10:00:00;10375;3878;2861;1382
07.12.2022 10:00:00;07.12.2022 11:00:00;10208;3858;2865;1357
07.12.2022 11:00:00;07.12.2022 12:00:00;10263;3877;2762;1386
07.12.2022 12:00:00;07.12.2022 13:00:00;10247;3893;2833;1396
07.12.2022 13:00:00;07.12.2022 14:00:00;10269;3889;2796;1371
07.12.2022 14:00:00;07.12.2022 15:00:00;10440;3981;2829;1396
07.12.2022 15:00:00;07.12.2022 16:00:00;10578;4011;2869;1403
07.12.2022 16:00:00;07.12.2022 17:00:00;10590;4014;2820;1376
07.12.2022 17:00:00;07.12.2022 18:00:00;10507;4097;2805;1412
07.12.2022 18:00:00;07.12.2022 19:00:00;10524;3957;2687;1358
07.12.2022 19:00:00;07.12.2022 20:00:00;10378;4038;2726;1367
07.12.2022 20:00:00;07.12.2022 21:00:00;9974;4024;2730;1372
07.12.2022 21:00:00;07.12.2022 22:00:00;10201;3906;2727;1350
07.12.2022 22:00:00;07.12.2022 23:00:00;9941;3736;2688;1327
07.12.2022 23:00:00;08.12.2022 00:00:00;9635;3557;2582;1308
08.12.2022 00:00:00;08.12.2022 01:00:00;9339;3539;2570;1353
08.12.2022 01:00:00;08.12.2022 02:00:00;9224;3482;2499;1282
08.12.2022 02:00:00;08.12.2022 03:00:00;9161;3412;2533;1221
08.12.2022 03:00:00;08.12.2022 04:00:00;9241;3404;2519;1282
08.12.2022 04:00:00;08.12.2022 05:00:00;9540;3346;2552;1376
08.12.2022 05:00:00;08.12.2022 06:00:00;10274;3359;2674;1418
08.12.2022 06:00:00;08.12.2022 07:00:00;10617;3417;2737;1627
08.12.2022 07:00:00;08.12.2022 08:00:00;10812;3699;2809;1713
08.12.2022 08:00:00;08.12.2022 09:00:00;10711;3821;2825;1458
08.12.2022 09:00:00;08.12.2022 10:00:00;10581;3893;2839;1335
08.12.2022 10:00:00;08.12.2022 11:00:00;10603;3925;2862;1381
08.12.2022 11:00:00;08.12.2022 12:00:00;10655;3970;2953;1405
08.12.2022 12:00:00;08.12.2022 13:00:00;10639;3971;2943;1401
08.12.2022 13:00:00;08.12.2022 14:00:00;10643;3965;2929;1373
08.12.2022 14:00:00;08.12.2022 15:00:00;10818;3932;2925;1354
08.12.2022 15:00:00;08.12.2022 16:00:00;10918;4068;2902;1384
08.12.2022 16:00:00;08.12.2022 17:00:00;10908;4199;2802;1400
08.12.2022 17:00:00;08.12.2022 18:00:00;10819;4258;2749;1406
08.12.2022 18:00:00;08.12.2022 19:00:00;10759;4187;2758;1411
08.12.2022 19:00:00;08.12.2022 20:00:00;10598;4063;2773;1439
08.12.2022 20:00:00;08.12.2022 21:00:00;10304;3878;2672;1369
08.12.2022 21:00:00;08.12.2022 22:00:00;10385;3848;2614;1325
08.12.2022 22:00:00;08.12.2022 23:00:00;10217;3777;2557;1158
08.12.2022 23:00:00;09.12.2022 00:00:00;9892;3695;2601;1061
09.12.2022 00:00:00;09.12.2022 01:00:00;9612;3618;2487;1263
09.12.2022 01:00:00;09.12.2022 02:00:00;9558;3558;2464;1270
09.12.2022 02:00:00;09.12.2022 03:00:00;9590;3576;2489;1159
09.12.2022 03:00:00;09.12.2022 04:00:00;9681;3546;2488;1209
09.12.2022 04:00:00;09.12.2022 05:00:00;9984;3589;2478;1244
09.12.2022 05:00:00;09.12.2022 06:00:00;10693;3591;2553;1363
09.12.2022 06:00:00;09.12.2022 07:00:00;11056;3787;2587;1363
09.12.2022 07:00:00;09.12.2022 08:00:00;11171;4118;2720;1345
09.12.2022 08:00:00;09.12.2022 09:00:00;11135;4150;2611;1363
09.12.2022 09:00:00;09.12.2022 10:00:00;11099;4079;2726;1410
09.12.2022 10:00:00;09.12.2022 11:00:00;11053;4103;2761;1401
09.12.2022 11:00:00;09.12.2022 12:00:00;11047;4058;2822;1302
09.12.2022 12:00:00;09.12.2022 13:00:00;10980;4073;2858;1346
09.12.2022 13:00:00;09.12.2022 14:00:00;10945;4052;2880;1422
09.12.2022 14:00:00;09.12.2022 15:00:00;11066;4143;2877;1394
09.12.2022 15:00:00;09.12.2022 16:00:00;11204;4126;2874;1362
09.12.2022 16:00:00;09.12.2022 17:00:00;11133;3896;2805;1308
09.12.2022 17:00:00;09.12.2022 18:00:00;11020;3822;2718;1286
09.12.2022 18:00:00;09.12.2022 19:00:00;11006;3775;2695;1251
09.12.2022 19:00:00;09.12.2022 20:00:00;10854;3916;2763;1217
09.12.2022 20:00:00;09.12.2022 21:00:00;10533;3850;2698;1245
09.12.2022 21:00:00;09.12.2022 22:00:00;10631;3861;2714;1274
09.12.2022 22:00:00;09.12.2022 23:00:00;10518;3826;2693;1242
09.12.2022 23:00:00;10.12.2022 00:00:00;10287;3702;2705;1122
10.12.2022 00:00:00;10.12.2022 01:00:00;9940;3731;2643;1020
10.12.2022 01:00:00;10.12.2022 02:00:00;9697;3762;2571;1155
10.12.2022 02:00:00;10.12.2022 03:00:00;9556;3784;2545;1268
10.12.2022 03:00:00;10.12.2022 04:00:00;9595;3818;2502;1212
10.12.2022 04:00:00;10.12.2022 05:00:00;9708;3762;2526;1204
10.12.2022 05:00:00;10.12.2022 06:00:00;9827;3779;2535;1294
10.12.2022 06:00:00;10.12.2022 07:00:00;9877;3873;2587;1455
10.12.2022 07:00:00;10.12.2022 08:00:00;9921;3990;2617;1436
10.12.2022 08:00:00;10.12.2022 09:00:00;9991;4037;2712;1359
10.12.2022 09:00:00;10.12.2022 10:00:00;10145;4134;2781;1362
10.12.2022 10:00:00;10.12.2022 11:00:00;10240;4123;2692;1522
10.12.2022 11:00:00;10.12.2022 12:00:00;10238;4146;2660;1458
10.12.2022 12:00:00;10.12.2022 13:00:00;10121;4107;2728;1438
10.12.2022 13:00:00;10.12.2022 14:00:00;10155;4101;2765;1430
10.12.2022 14:00:00;10.12.2022 15:00:00;10381;4015;2827;1401
10.12.2022 15:00:00;10.12.2022 16:00:00;10658;4029;2885;1449
10.12.2022 16:00:00;10.12.2022 17:00:00;10675;4058;2815;1404
10.12.2022 17:00:00;10.12.2022 18:00:00;10728;3942;2801;1375
10.12.2022 18:00:00;10.12.2022 19:00:00;10635;3911;2879;1315
10.12.2022 19:00:00;10.12.2022 20:00:00;10505;4039;2833;1356
10.12.2022 20:00:00;10.12.2022 21:00:00;10138;3989;2779;1324
10.12.2022 21:00:00;10.12.2022 22:00:00;10293;3965;2719;1315
10.12.2022 22:00:00;10.12.2022 23:00:00;10100;4018;2728;1280
10.12.2022 23:00:00;11.12.2022 00:00:00;9769;3937;2712;1329
11.12.2022 00:00:00;11.12.2022 01:00:00;9445;3884;2643;1343
11.12.2022 01:00:00;11.12.2022 02:00:00;9324;3880;2601;1281
11.12.2022 02:00:00;11.12.2022 03:00:00;9235;4005;2747;1210
11.12.2022 03:00:00;11.12.2022 04:00:00;9272;3944;2678;1158
11.12.2022 04:00:00;11.12.2022 05:00:00;9299;3820;2719;1219
11.12.2022 05:00:00;11.12.2022 06:00:00;9406;3816;2709;1322
11.12.2022 06:00:00;11.12.2022 07:00:00;9437;3854;2696;1416
11.12.2022 07:00:00;11.12.2022 08:00:00;9713;3940;2640;1297
11.12.2022 08:00:00;11.12.2022 09:00:00;9704;4046;2557;1307
11.12.2022 09:00:00;11.12.2022 10:00:00;9800;4105;2646;1393
11.12.2022 10:00:00;11.12.2022 11:00:00;9915;4111;2731;1353
11.12.2022 11:00:00;11.12.2022 12:00:00;10033;4200;2752;1248
11.12.2022 12:00:00;11.12.2022 13:00:00;9927;4190;2792;1322
11.12.2022 13:00:00;11.12.2022 14:00:00;10058;4093;2807;1398
11.12.2022 14:00:00;11.12.2022 15:00:00;10317;4139;2806;1300
11.12.2022 15:00:00;11.12.2022 16:00:00;10426;4159;2808;1419
11.12.2022 16:00:00;11.12.2022 17:00:00;10466;4152;2841;1442
11.12.2022 17:00:00;11.12.2022 18:00:00;10402;4098;2838;1450
11.12.2022 18:00:00;11.12.2022 19:00:00;10344;4056;2807;1485
11.12.2022 19:00:00;11.12.2022 20:00:00;10155;4076;2786;1432
11.12.2022 20:00:00;11.12.2022 21:00:00;9912;4148;2765;1463
11.12.2022 21:00:00;11.12.2022 22:00:00;10199;4133;2811;1486
11.12.2022 22:00:00;11.12.2022 23:00:00;10210;3971;2833;1395
11.12.2022 23:00:00;12.12.2022 00:00:00;9942;3746;2787;1305
12.12.2022 00:00:00;12.12.2022 01:00:00;9786;3700;2743;1285
12.12.2022 01:00:00;12.12.2022 02:00:00;9756;3760;2683;1302
12.12.2022 02:00:00;12.12.2022 03:00:00;9725;3764;2699;1301
12.12.2022 03:00:00;12.12.2022 04:00:00;9899;3691;2672;1332
12.12.2022 04:00:00;12.12.2022 05:00:00;10246;3745;2647;1289
12.12.2022 05:00:00;12.12.2022 06:00:00;10900;3837;2665;1241
12.12.2022 06:00:00;12.12.2022 07:00:00;11247;3958;2721;1278
12.12.2022 07:00:00;12.12.2022 08:00:00;11579;4215;2842;1548
12.12.2022 08:00:00;12.12.2022 09:00:00;11572;4277;2919;1543
12.12.2022 09:00:00;12.12.2022 10:00:00;11533;4186;2968;1579
12.12.2022 10:00:00;12.12.2022 11:00:00;11528;4240;3013;1580
12.12.2022 11:00:00;12.12.2022 12:00:00;11624;4213;2885;1542
12.12.2022 12:00:00;12.12.2022 13:00:00;11668;4217;3088;1546
12.12.2022 13:00:00;12.12.2022 14:00:00;11732;4211;3147;1623
12.12.2022 14:00:00;12.12.2022 15:00:00;11939;4311;3171;1736
12.12.2022 15:00:00;12.12.2022 16:00:00;12018;4324;2997;1804
12.12.2022 16:00:00;12.12.2022 17:00:00;11935;4368;2949;1765
12.12.2022 17:00:00;12.12.2022 18:00:00;11761;4273;2906;1810
12.12.2022 18:00:00;12.12.2022 19:00:00;11706;4210;2973;1723
12.12.2022 19:00:00;12.12.2022 20:00:00;11476;4257;2949;1640
12.12.2022 20:00:00;12.12.2022 21:00:00;11195;4241;2928;1598
12.12.2022 21:00:00;12.12.2022 22:00:00;11389;4070;2894;1585
12.12.2022 22:00:00;12.12.2022 23:00:00;11304;3982;2853;1447
12.12.2022 23:00:00;13.12.2022 00:00:00;10937;3870;2796;1279
13.12.2022 00:00:00;13.12.2022 01:00:00;10532;3877;2790;1498
13.12.2022 01:00:00;13.12.2022 02:00:00;10387;4018;2730;1418
13.12.2022 02:00:00;13.12.2022 03:00:00;10315;3947;2749;1428
13.12.2022 03:00:00;13.12.2022 04:00:00;10352;3933;2714;1555
13.12.2022 04:00:00;13.12.2022 05:00:00;10567;3946;2690;1665
13.12.2022 05:00:00;13.12.2022 06:00:00;11180;4003;2718;1697
13.12.2022 06:00:00;13.12.2022 07:00:00;11511;4168;2814;1639
13.12.2022 07:00:00;13.12.2022 08:00:00;11617;4277;2900;1636
13.12.2022 08:00:00;13.12.2022 09:00:00;11499;4321;2935;1521
13.12.2022 09:00:00;13.12.2022 10:00:00;11377;4292;2907;1386
13.12.2022 10:00:00;13.12.2022 11:00:00;11445;4216;2905;1678
13.12.2022 11:00:00;13.12.2022 12:00:00;11471;4223;2832;1677
13.12.2022 12:00:00;13.12.2022 13:00:00;11421;4293;2852;1592
13.12.2022 13:00:00;13.12.2022 14:00:00;11322;4262;2891;1623
13.12.2022 14:00:00;13.12.2022 15:00:00;11310;4304;2930;1464
13.12.2022 15:00:00;13.12.2022 16:00:00;11431;4353;2932;1565
13.12.2022 16:00:00;13.12.2022 17:00:00;11380;4285;2875;1599
13.12.2022 17:00:00;13.12.2022 18:00:00;11271;4432;2787;1618
13.12.2022 18:00:00;13.12.2022 19:00:00;11253;4416;2810;1507
13.12.2022 19:00:00;13.12.2022 20:00:00;11163;4391;2856;1584
13.12.2022 20:00:00;13.12.2022 21:00:00;10899;4238;2875;1497
13.12.2022 21:00:00;13.12.2022 22:00:00;11098;4194;2854;1409
13.12.2022 22:00:00;13.12.2022 23:00:00;10993;4132;2799;1327
13.12.2022 23:00:00;14.12.2022 00:00:00;10597;4005;2730;1330
14.12.2022 00:00:00;14.12.2022 01:00:00;10433;3908;2677;1416
14.12.2022 01:00:00;14.12.2022 02:00:00;10336;3933;2612;1414
14.12.2022 02:00:00;14.12.2022 03:00:00;10296;3822;2590;1358
14.12.2022 03:00:00;14.12.2022 04:00:00;10307;3791;2564;1298
14.12.2022 04:00:00;14.12.2022 05:00:00;10607;3858;2665;1362
14.12.2022 05:00:00;14.12.2022 06:00:00;11133;3955;2739;1336
14.12.2022 06:00:00;14.12.2022 07:00:00;11429;4133;2797;1463
14.12.2022 07:00:00;14.12.2022 08:00:00;11590;4309;2870;1504
14.12.2022 08:00:00;14.12.2022 09:00:00;11427;4297;2848;1474
14.12.2022 09:00:00;14.12.2022 10:00:00;11330;4297;2866;1537
14.12.2022 10:00:00;14.12.2022 11:00:00;11280;4308;2846;1462
14.12.2022 11:00:00;14.12.2022 12:00:00;11294;4190;2843;1396
14.12.2022 12:00:00;14.12.2022 13:00:00;11224;4190;2752;1400
14.12.2022 13:00:00;14.12.2022 14:00:00;11251;4231;2778;1390
14.12.2022 14:00:00;14.12.2022 15:00:00;11565;4298;2820;1382
14.12.2022 15:00:00;14.12.2022 16:00:00;11698;4235;2823;1557
14.12.2022 16:00:00;14.12.2022 17:00:00;11607;4238;2835;1479
14.12.2022 17:00:00;14.12.2022 18:00:00;11469;4258;2776;1514
14.12.2022 18:00:00;14.12.2022 19:00:00;11528;4093;2749;1395
14.12.2022 19:00:00;14.12.2022 20:00:00;11422;3990;2749;1372
14.12.2022 20:00:00;14.12.2022 21:00:00;11113;3896;2653;1398
14.12.2022 21:00:00;14.12.2022 22:00:00;11209;3884;2659;1548
14.12.2022 22:00:00;14.12.2022 23:00:00;11019;3859;2662;1528
14.12.2022 23:00:00;15.12.2022 00:00:00;10708;3796;2633;1558
15.12.2022 00:00:00;15.12.2022 01:00:00;10482;3759;2650;1544
15.12.2022 01:00:00;15.12.2022 02:00:00;10280;3657;2547;1459
15.12.2022 02:00:00;15.12.2022 03:00:00;10275;3585;2568;1359
15.12.2022 03:00:00;15.12.2022 04:00:00;10320;3663;2722;1486
15.12.2022 04:00:00;15.12.2022 05:00:00;10603;3468;2694;1577
15.12.2022 05:00:00;15.12.2022 06:00:00;11184;3179;2635;1492
15.12.2022 06:00:00;15.12.2022 07:00:00;11532;3453;2589;1344
15.12.2022 07:00:00;15.12.2022 08:00:00;11719;3986;2664;1258
15.12.2022 08:00:00;15.12.2022 09:00:00;11614;4031;2665;1217
15.12.2022 09:00:00;15.12.2022 10:00:00;11639;3959;2759;1338
15.12.2022 10:00:00;15.12.2022 11:00:00;11562;4041;2811;1346
15.12.2022 11:00:00;15.12.2022 12:00:00;11499;4117;2855;1383
15.12.2022 12:00:00;15.12.2022 13:00:00;11449;3939;2998;1270
15.12.2022 13:00:00;15.12.2022 14:00:00;11425;4077;2886;1241
15.12.2022 14:00:00;15.12.2022 15:00:00;11535;4061;2927;1313
15.12.2022 15:00:00;15.12.2022 16:00:00;11602;3879;2914;1390
15.12.2022 16:00:00;15.12.2022 17:00:00;11572;3879;2919;1512
15.12.2022 17:00:00;15.12.2022 18:00:00;11435;4140;2912;1509
15.12.2022 18:00:00;15.12.2022 19:00:00;11430;4029;2734;1282
15.12.2022 19:00:00;15.12.2022 20:00:00;11313;4084;2717;1427
15.12.2022 20:00:00;15.12.2022 21:00:00;11154;4001;2613;1670
15.12.2022 21:00:00;15.12.2022 22:00:00;11321;3946;2609;1665
15.12.2022 22:00:00;15.12.2022 23:00:00;11068;3827;2554;956
15.12.2022 23:00:00;16.12.2022 00:00:00;10692;3626;2568;1101
16.12.2022 00:00:00;16.12.2022 01:00:00;10605;3556;2539;1347
16.12.2022 01:00:00;16.12.2022 02:00:00;10497;3421;2560;1171
16.12.2022 02:00:00;16.12.2022 03:00:00;10500;3584;2441;1147
16.12.2022 03:00:00;16.12.2022 04:00:00;10550;3651;2424;1210
16.12.2022 04:00:00;16.12.2022 05:00:00;10849;3801;2370;1304
16.12.2022 05:00:00;16.12.2022 06:00:00;11502;3786;2411;1513
16.12.2022 06:00:00;16.12.2022 07:00:00;11733;3866;2508;1413
16.12.2022 07:00:00;16.12.2022 08:00:00;11847;4127;2620;1341
16.12.2022 08:00:00;16.12.2022 09:00:00;11705;4252;2703;1528
16.12.2022 09:00:00;16.12.2022 10:00:00;11578;4257;2795;1527
16.12.2022 10:00:00;16.12.2022 11:00:00;11573;4059;2963;1381
16.12.2022 11:00:00;16.12.2022 12:00:00;11427;4073;2846;1349
16.12.2022 12:00:00;16.12.2022 13:00:00;11319;4105;2863;1344
16.12.2022 13:00:00;16.12.2022 14:00:00;11230;3980;2920;1500
16.12.2022 14:00:00;16.12.2022 15:00:00;11475;4035;2927;1558
16.12.2022 15:00:00;16.12.2022 16:00:00;11624;4101;2928;1510
16.12.2022 16:00:00;16.12.2022 17:00:00;11587;4285;2819;1488
16.12.2022 17:00:00;16.12.2022 18:00:00;11471;4185;2773;1584
16.12.2022 18:00:00;16.12.2022 19:00:00;11374;4047;2747;1485
16.12.2022 19:00:00;16.12.2022 20:00:00;11142;4011;2703;1461
16.12.2022 20:00:00;16.12.2022 21:00:00;10780;4072;2750;1420
16.12.2022 21:00:00;16.12.2022 22:00:00;10950;3927;2656;1435
16.12.2022 22:00:00;16.12.2022 23:00:00;10864;3932;2606;1402
16.12.2022 23:00:00;17.12.2022 00:00:00;10630;3921;2514;1284
17.12.2022 00:00:00;17.12.2022 01:00:00;10266;3789;2448;1232
17.12.2022 01:00:00;17.12.2022 02:00:00;10141;3713;2462;1241
17.12.2022 02:00:00;17.12.2022 03:00:00;10096;3730;2397;1237
17.12.2022 03:00:00;17.12.2022 04:00:00;10095;3827;2383;1252
17.12.2022 04:00:00;17.12.2022 05:00:00;10194;3640;2368;1296
17.12.2022 05:00:00;17.12.2022 06:00:00;10365;3605;2265;1264
17.12.2022 06:00:00;17.12.2022 07:00:00;10490;3685;2297;1310
17.12.2022 07:00:00;17.12.2022 08:00:00;10778;3824;2476;1350
17.12.2022 08:00:00;17.12.2022 09:00:00;10917;3880;2557;1432
17.12.2022 09:00:00;17.12.2022 10:00:00;10982;3866;2945;1527
17.12.2022 10:00:00;17.12.2022 11:00:00;11046;3893;2620;1777
17.12.2022 11:00:00;17.12.2022 12:00:00;11031;3985;2616;1832
17.12.2022 12:00:00;17.12.2022 13:00:00;10839;3993;2631;1658
17.12.2022 13:00:00;17.12.2022 14:00:00;10738;4059;2758;1618
17.12.2022 14:00:00;17.12.2022 15:00:00;10975;4128;2716;1616
17.12.2022 15:00:00;17.12.2022 16:00:00;11158;4074;2780;1553
17.12.2022 16:00:00;17.12.2022 17:00:00;11227;3916;2773;1544
17.12.2022 17:00:00;17.12.2022 18:00:00;11192;3963;2803;1502
17.12.2022 18:00:00;17.12.2022 19:00:00;11118;3894;2873;1420
17.12.2022 19:00:00;17.12.2022 20:00:00;10810;3983;2849;1452
17.12.2022 20:00:00;17.12.2022 21:00:00;10398;4003;2824;1521
17.12.2022 21:00:00;17.12.2022 22:00:00;10609;3966;2677;1377
17.12.2022 22:00:00;17.12.2022 23:00:00;10518;3998;2485;1312
17.12.2022 23:00:00;18.12.2022 00:00:00;10212;3962;2480;1251
18.12.2022 00:00:00;18.12.2022 01:00:00;9969;3919;2541;1400
18.12.2022 01:00:00;18.12.2022 02:00:00;9769;3847;2508;1596
18.12.2022 02:00:00;18.12.2022 03:00:00;9633;3725;2498;1556
18.12.2022 03:00:00;18.12.2022 04:00:00;9585;3737;2428;1512
18.12.2022 04:00:00;18.12.2022 05:00:00;9594;3732;2414;1577
18.12.2022 05:00:00;18.12.2022 06:00:00;9718;3732;2399;1482
18.12.2022 06:00:00;18.12.2022 07:00:00;9804;3758;2479;1469
18.12.2022 07:00:00;18.12.2022 08:00:00;10023;3688;2442;1138
18.12.2022 08:00:00;18.12.2022 09:00:00;10063;3643;2462;1272
18.12.2022 09:00:00;18.12.2022 10:00:00;10128;3581;2654;1653
18.12.2022 10:00:00;18.12.2022 11:00:00;10204;3844;2672;1996
18.12.2022 11:00:00;18.12.2022 12:00:00;10248;3965;2722;1925
18.12.2022 12:00:00;18.12.2022 13:00:00;10198;3928;2834;1758
18.12.2022 13:00:00;18.12.2022 14:00:00;10139;3993;2817;1676
18.12.2022 14:00:00;18.12.2022 15:00:00;10360;3941;2761;1680
18.12.2022 15:00:00;18.12.2022 16:00:00;10611;3951;2741;1614
18.12.2022 16:00:00;18.12.2022 17:00:00;10562;3981;2811;1566
18.12.2022 17:00:00;18.12.2022 18:00:00;10475;3954;2917;1662
18.12.2022 18:00:00;18.12.2022 19:00:00;10332;3919;2878;1519
18.12.2022 19:00:00;18.12.2022 20:00:00;10252;3927;2803;1390
18.12.2022 20:00:00;18.12.2022 21:00:00;10094;3950;2826;1496
18.12.2022 21:00:00;18.12.2022 22:00:00;10320;3824;2845;1536
18.12.2022 22:00:00;18.12.2022 23:00:00;10161;3818;2808;1538
18.12.2022 23:00:00;19.12.2022 00:00:00;9814;3911;2782;1301
19.12.2022 00:00:00;19.12.2022 01:00:00;9631;3789;2734;1226
19.12.2022 01:00:00;19.12.2022 02:00:00;9346;3741;2682;1278
19.12.2022 02:00:00;19.12.2022 03:00:00;9296;3586;2614;1307
19.12.2022 03:00:00;19.12.2022 04:00:00;9305;3560;2558;1235
19.12.2022 04:00:00;19.12.2022 05:00:00;9598;3664;2525;1259
19.12.2022 05:00:00;19.12.2022 06:00:00;10332;3705;2525;1318
19.12.2022 06:00:00;19.12.2022 07:00:00;10806;3775;2630;1389
19.12.2022 07:00:00;19.12.2022 08:00:00;11145;3971;2763;1423
19.12.2022 08:00:00;19.12.2022 09:00:00;11093;3995;2836;1416
19.12.2022 09:00:00;19.12.2022 10:00:00;11013;3963;2856;1445
19.12.2022 10:00:00;19.12.2022 11:00:00;11095;3901;2822;1423
19.12.2022 11:00:00;19.12.2022 12:00:00;11078;3998;2776;1433
19.12.2022 12:00:00;19.12.2022 13:00:00;11066;4059;2829;1440
19.12.2022 13:00:00;19.12.2022 14:00:00;11066;3999;2797;1271
19.12.2022 14:00:00;19.12.2022 15:00:00;11157;4095;2813;1372
19.12.2022 15:00:00;19.12.2022 16:00:00;11108;4100;2838;1503
19.12.2022 16:00:00;19.12.2022 17:00:00;11112;4073;2743;1650
19.12.2022 17:00:00;19.12.2022 18:00:00;11029;4016;2686;1658
19.12.2022 18:00:00;19.12.2022 19:00:00;11031;3993;2559;1741
19.12.2022 19:00:00;19.12.2022 20:00:00;10844;3981;2567;1747
19.12.2022 20:00:00;19.12.2022 21:00:00;10525;3976;2505;1614
19.12.2022 21:00:00;19.12.2022 22:00:00;10608;3957;2479;1518
19.12.2022 22:00:00;19.12.2022 23:00:00;10464;3847;2453;1490
19.12.2022 23:00:00;20.12.2022 00:00:00;10127;3723;2455;1570
20.12.2022 00:00:00;20.12.2022 01:00:00;9871;3679;2463;1407
20.12.2022 01:00:00;20.12.2022 02:00:00;9686;3607;2491;1404
20.12.2022 02:00:00;20.12.2022 03:00:00;9586;3648;2478;1453
20.12.2022 03:00:00;20.12.2022 04:00:00;9623;3518;2496;1386
20.12.2022 04:00:00;20.12.2022 05:00:00;9793;3362;2488;1394
20.12.2022 05:00:00;20.12.2022 06:00:00;10465;3492;2530;1370
20.12.2022 06:00:00;20.12.2022 07:00:00;10923;3677;2614;1395
20.12.2022 07:00:00;20.12.2022 08:00:00;11196;3792;2626;1324
20.12.2022 08:00:00;20.12.2022 09:00:00;11143;3855;2664;1350
20.12.2022 09:00:00;20.12.2022 10:00:00;11022;3910;2637;1388
20.12.2022 10:00:00;20.12.2022 11:00:00;11036;3768;2678;1418
20.12.2022 11:00:00;20.12.2022 12:00:00;10971;3717;2708;1405
20.12.2022 12:00:00;20.12.2022 13:00:00;10889;3677;2770;1416
20.12.2022 13:00:00;20.12.2022 14:00:00;10903;3678;2807;1469
20.12.2022 14:00:00;20.12.2022 15:00:00;10991;3666;2777;1562
20.12.2022 15:00:00;20.12.2022 16:00:00;10955;3835;2745;1654
20.12.2022 16:00:00;20.12.2022 17:00:00;10896;3971;2762;1670
20.12.2022 17:00:00;20.12.2022 18:00:00;10748;3705;2763;1549
20.12.2022 18:00:00;20.12.2022 19:00:00;10745;3581;2713;1536
20.12.2022 19:00:00;20.12.2022 20:00:00;10650;3549;2623;1635
20.12.2022 20:00:00;20.12.2022 21:00:00;10244;3608;2546;1577
20.12.2022 21:00:00;20.12.2022 22:00:00;10296;3618;2465;1504
20.12.2022 22:00:00;20.12.2022 23:00:00;10091;3480;2442;1530
20.12.2022 23:00:00;21.12.2022 00:00:00;9648;3383;2403;1516
21.12.2022 00:00:00;21.12.2022 01:00:00;9265;3488;2441;1354
21.12.2022 01:00:00;21.12.2022 02:00:00;9060;3479;2462;1340
21.12.2022 02:00:00;21.12.2022 03:00:00;8938;3478;2409;1338
21.12.2022 03:00:00;21.12.2022 04:00:00;8994;3555;2256;1327
21.12.2022 04:00:00;21.12.2022 05:00:00;9220;3524;2207;1336
21.12.2022 05:00:00;21.12.2022 06:00:00;9860;3457;2237;1363
21.12.2022 06:00:00;21.12.2022 07:00:00;10210;3501;2364;1474
21.12.2022 07:00:00;21.12.2022 08:00:00;10444;3706;2517;1487
21.12.2022 08:00:00;21.12.2022 09:00:00;10477;3824;2640;1547
21.12.2022 09:00:00;21.12.2022 10:00:00;10371;3872;2668;1507
21.12.2022 10:00:00;21.12.2022 11:00:00;10370;3902;2799;1565
21.12.2022 11:00:00;21.12.2022 12:00:00;10097;3903;2919;1454
21.12.2022 12:00:00;21.12.2022 13:00:00;9957;3882;2866;1427
21.12.2022 13:00:00;21.12.2022 14:00:00;10020;3874;2777;1438
21.12.2022 14:00:00;21.12.2022 15:00:00;10271;3947;2776;1363
21.12.2022 15:00:00;21.12.2022 16:00:00;10345;3918;2837;1465
21.12.2022 16:00:00;21.12.2022 17:00:00;10351;3997;2831;1439
21.12.2022 17:00:00;21.12.2022 18:00:00;10278;3867;2826;1437
21.12.2022 18:00:00;21.12.2022 19:00:00;10272;3917;2789;1418
21.12.2022 19:00:00;21.12.2022 20:00:00;10143;3930;2762;1412
21.12.2022 20:00:00;21.12.2022 21:00:00;9816;3795;2772;1392
21.12.2022 21:00:00;21.12.2022 22:00:00;9903;3718;2734;1302
21.12.2022 22:00:00;21.12.2022 23:00:00;9643;3769;2666;1209
21.12.2022 23:00:00;22.12.2022 00:00:00;9298;3721;2624;1231
22.12.2022 00:00:00;22.12.2022 01:00:00;8975;3600;2552;1104
22.12.2022 01:00:00;22.12.2022 02:00:00;8742;3549;2489;1086
22.12.2022 02:00:00;22.12.2022 03:00:00;8632;3502;2410;1043
22.12.2022 03:00:00;22.12.2022 04:00:00;8681;3486;2378;952
22.12.2022 04:00:00;22.12.2022 05:00:00;8909;3423;2344;1061
22.12.2022 05:00:00;22.12.2022 06:00:00;9462;3508;2340;1230
22.12.2022 06:00:00;22.12.2022 07:00:00;9883;3745;2478;1312
22.12.2022 07:00:00;22.12.2022 08:00:00;10178;3727;2629;1346
22.12.2022 08:00:00;22.12.2022 09:00:00;10117;3770;2648;1502
22.12.2022 09:00:00;22.12.2022 10:00:00;10015;3882;2754;1574
22.12.2022 10:00:00;22.12.2022 11:00:00;9988;3895;2718;1557
22.12.2022 11:00:00;22.12.2022 12:00:00;10035;3838;2654;1470
22.12.2022 12:00:00;22.12.2022 13:00:00;10018;3834;2675;1500
22.12.2022 13:00:00;22.12.2022 14:00:00;10001;3836;2733;1298
22.12.2022 14:00:00;22.12.2022 15:00:00;10148;3861;2734;1218
22.12.2022 15:00:00;22.12.2022 16:00:00;10225;3950;2784;1315
22.12.2022 16:00:00;22.12.2022 17:00:00;10105;4050;2813;1153
22.12.2022 17:00:00;22.12.2022 18:00:00;10025;4012;2737;1180
22.12.2022 18:00:00;22.12.2022 19:00:00;10029;3926;2682;1306
22.12.2022 19:00:00;22.12.2022 20:00:00;9811;3881;2696;1385
22.12.2022 20:00:00;22.12.2022 21:00:00;9478;3913;2707;1638
22.12.2022 21:00:00;22.12.2022 22:00:00;9594;3855;2635;1613
22.12.2022 22:00:00;22.12.2022 23:00:00;9351;3778;2604;1541
22.12.2022 23:00:00;23.12.2022 00:00:00;8966;3718;2609;1411
23.12.2022 00:00:00;23.12.2022 01:00:00;8669;3596;2532;1118
23.12.2022 01:00:00;23.12.2022 02:00:00;8443;3571;2518;950
23.12.2022 02:00:00;23.12.2022 03:00:00;8321;3493;2513;1068
23.12.2022 03:00:00;23.12.2022 04:00:00;8382;3477;2499;1169
23.12.2022 04:00:00;23.12.2022 05:00:00;8594;3472;2531;1323
23.12.2022 05:00:00;23.12.2022 06:00:00;9093;3584;2568;1263
23.12.2022 06:00:00;23.12.2022 07:00:00;9419;3735;2650;1264
23.12.2022 07:00:00;23.12.2022 08:00:00;9706;3940;2570;1308
23.12.2022 08:00:00;23.12.2022 09:00:00;9725;3905;2567;1509
23.12.2022 09:00:00;23.12.2022 10:00:00;9764;3920;2548;1412
23.12.2022 10:00:00;23.12.2022 11:00:00;9858;3985;2604;1402
23.12.2022 11:00:00;23.12.2022 12:00:00;9872;4049;2630;1441
23.12.2022 12:00:00;23.12.2022 13:00:00;9818;4104;2759;1487
23.12.2022 13:00:00;23.12.2022 14:00:00;9794;4200;2785;1383
23.12.2022 14:00:00;23.12.2022 15:00:00;10066;4016;2658;1494
23.12.2022 15:00:00;23.12.2022 16:00:00;10185;4002;2638;1809
23.12.2022 16:00:00;23.12.2022 17:00:00;10196;3825;2594;1630
23.12.2022 17:00:00;23.12.2022 18:00:00;10212;3680;2572;1422
23.12.2022 18:00:00;23.12.2022 19:00:00;10226;3660;2488;1300
23.12.2022 19:00:00;23.12.2022 20:00:00;10117;3791;2494;1203
23.12.2022 20:00:00;23.12.2022 21:00:00;9780;3775;2501;1368
23.12.2022 21:00:00;23.12.2022 22:00:00;9953;3777;2541;1350
23.12.2022 22:00:00;23.12.2022 23:00:00;9768;3682;2526;1288
23.12.2022 23:00:00;24.12.2022 00:00:00;9376;3725;2430;1235
24.12.2022 00:00:00;24.12.2022 01:00:00;9014;3685;2364;1302
24.12.2022 01:00:00;24.12.2022 02:00:00;8823;3597;2329;1261
24.12.2022 02:00:00;24.12.2022 03:00:00;8660;3517;2306;1206
24.12.2022 03:00:00;24.12.2022 04:00:00;8713;3527;2541;1179
24.12.2022 04:00:00;24.12.2022 05:00:00;8762;3410;2676;1172
24.12.2022 05:00:00;24.12.2022 06:00:00;8923;3500;2583;1205
24.12.2022 06:00:00;24.12.2022 07:00:00;9076;3456;2455;1155
24.12.2022 07:00:00;24.12.2022 08:00:00;9438;3568;2300;1241
24.12.2022 08:00:00;24.12.2022 09:00:00;9534;3586;2334;1244
24.12.2022 09:00:00;24.12.2022 10:00:00;9673;3732;2397;1272
24.12.2022 10:00:00;24.12.2022 11:00:00;9678;3894;2484;1277
24.12.2022 11:00:00;24.12.2022 12:00:00;9598;3835;2438;1327
24.12.2022 12:00:00;24.12.2022 13:00:00;9542;3839;2528;1399
24.12.2022 13:00:00;24.12.2022 14:00:00;9536;3795;2618;1149
24.12.2022 14:00:00;24.12.2022 15:00:00;9704;3822;2578;1440
24.12.2022 15:00:00;24.12.2022 16:00:00;9781;3950;2618;1432
24.12.2022 16:00:00;24.12.2022 17:00:00;9650;4037;2615;1399
24.12.2022 17:00:00;24.12.2022 18:00:00;9488;3928;2596;1424
24.12.2022 18:00:00;24.12.2022 19:00:00;9393;3875;2491;1366
24.12.2022 19:00:00;24.12.2022 20:00:00;9273;3782;2452;1340
24.12.2022 20:00:00;24.12.2022 21:00:00;9108;3709;2517;1295
24.12.2022 21:00:00;24.12.2022 22:00:00;9394;3631;2483;1355
24.12.2022 22:00:00;24.12.2022 23:00:00;9348;3669;2412;1387
24.12.2022 23:00:00;25.12.2022 00:00:00;9105;3725;2460;1278
25.12.2022 00:00:00;25.12.2022 01:00:00;8815;3596;2365;1228
25.12.2022 01:00:00;25.12.2022 02:00:00;8626;3518;2285;1227
25.12.2022 02:00:00;25.12.2022 03:00:00;8498;3491;2502;1246
25.12.2022 03:00:00;25.12.2022 04:00:00;8494;3434;2326;1286
25.12.2022 04:00:00;25.12.2022 05:00:00;8581;3382;2224;1272
25.12.2022 05:00:00;25.12.2022 06:00:00;8831;3372;2312;1196
25.12.2022 06:00:00;25.12.2022 07:00:00;8907;3426;2385;1309
25.12.2022 07:00:00;25.12.2022 08:00:00;9174;3521;2383;1462
25.12.2022 08:00:00;25.12.2022 09:00:00;9242;3648;2353;1672
25.12.2022 09:00:00;25.12.2022 10:00:00;9383;3758;2353;1855
25.12.2022 10:00:00;25.12.2022 11:00:00;9523;3837;2467;1820
25.12.2022 11:00:00;25.12.2022 12:00:00;9562;3765;2499;1785
25.12.2022 12:00:00;25.12.2022 13:00:00;9590;3724;2503;1878
25.12.2022 13:00:00;25.12.2022 14:00:00;9597;3762;2542;1857
25.12.2022 14:00:00;25.12.2022 15:00:00;9812;3775;2587;1857
25.12.2022 15:00:00;25.12.2022 16:00:00;10007;3792;2590;1591
25.12.2022 16:00:00;25.12.2022 17:00:00;10101;3785;2576;1482
25.12.2022 17:00:00;25.12.2022 18:00:00;10102;3629;2537;1441
25.12.2022 18:00:00;25.12.2022 19:00:00;10091;3550;2523;1398
25.12.2022 19:00:00;25.12.2022 20:00:00;10008;3571;2527;1476
25.12.2022 20:00:00;25.12.2022 21:00:00;9842;3602;2464;1163
25.12.2022 21:00:00;25.12.2022 22:00:00;10091;3509;2438;1005
25.12.2022 22:00:00;25.12.2022 23:00:00;9955;3474;2446;1127
25.12.2022 23:00:00;26.12.2022 00:00:00;9683;3389;2161;1239
26.12.2022 00:00:00;26.12.2022 01:00:00;9369;3322;2282;1148
26.12.2022 01:00:00;26.12.2022 02:00:00;9100;3304;2256;1133
26.12.2022 02:00:00;26.12.2022 03:00:00;9005;3333;2328;1034
26.12.2022 03:00:00;26.12.2022 04:00:00;8930;3259;2391;923
26.12.2022 04:00:00;26.12.2022 05:00:00;9018;3175;2459;884
26.12.2022 05:00:00;26.12.2022 06:00:00;9200;3102;2552;1018
26.12.2022 06:00:00;26.12.2022 07:00:00;9237;3114;2612;920
26.12.2022 07:00:00;26.12.2022 08:00:00;9436;3182;2616;1071
26.12.2022 08:00:00;26.12.2022 09:00:00;9503;3252;2600;1182
26.12.2022 09:00:00;26.12.2022 10:00:00;9615;3403;2539;1166
26.12.2022 10:00:00;26.12.2022 11:00:00;9726;3499;2536;1207
26.12.2022 11:00:00;26.12.2022 12:00:00;9773;3512;2595;1342
26.12.2022 12:00:00;26.12.2022 13:00:00;9795;3537;2680;1419
26.12.2022 13:00:00;26.12.2022 14:00:00;9822;3592;2700;1348
26.12.2022 14:00:00;26.12.2022 15:00:00;10063;3686;2686;1230
26.12.2022 15:00:00;26.12.2022 16:00:00;10167;3799;2651;1240
26.12.2022 16:00:00;26.12.2022 17:00:00;10187;3961;2686;1403
26.12.2022 17:00:00;26.12.2022 18:00:00;10218;3848;2645;1509
26.12.2022 18:00:00;26.12.2022 19:00:00;10157;3673;2624;1443
26.12.2022 19:00:00;26.12.2022 20:00:00;9999;3557;2517;1358
26.12.2022 20:00:00;26.12.2022 21:00:00;9755;3533;2587;1359
26.12.2022 21:00:00;26.12.2022 22:00:00;9982;3468;2503;1280
26.12.2022 22:00:00;26.12.2022 23:00:00;9858;3353;2384;1237
26.12.2022 23:00:00;27.12.2022 00:00:00;9563;3256;2349;1257
27.12.2022 00:00:00;27.12.2022 01:00:00;9318;3254;2419;1440
27.12.2022 01:00:00;27.12.2022 02:00:00;9135;3191;2520;1438
27.12.2022 02:00:00;27.12.2022 03:00:00;9041;3230;2492;1571
27.12.2022 03:00:00;27.12.2022 04:00:00;9069;3345;2325;1625
27.12.2022 04:00:00;27.12.2022 05:00:00;9332;3520;2346;1759
27.12.2022 05:00:00;27.12.2022 06:00:00;9828;3315;2400;1759
27.12.2022 06:00:00;27.12.2022 07:00:00;10102;3316;2618;1722
27.12.2022 07:00:00;27.12.2022 08:00:00;10370;3576;2704;1661
27.12.2022 08:00:00;27.12.2022 09:00:00;10421;3676;2630;1641
27.12.2022 09:00:00;27.12.2022 10:00:00;10412;3754;2771;1654
27.12.2022 10:00:00;27.12.2022 11:00:00;10498;3833;2781;1651
27.12.2022 11:00:00;27.12.2022 12:00:00;10541;3846;2683;1660
27.12.2022 12:00:00;27.12.2022 13:00:00;10465;3869;2701;1656
27.12.2022 13:00:00;27.12.2022 14:00:00;10388;3940;2736;1674
27.12.2022 14:00:00;27.12.2022 15:00:00;10485;3900;2742;1664
27.12.2022 15:00:00;27.12.2022 16:00:00;10589;3919;2790;1647
27.12.2022 16:00:00;27.12.2022 17:00:00;10585;4032;2801;1607
27.12.2022 17:00:00;27.12.2022 18:00:00;10495;3997;2770;1581
27.12.2022 18:00:00;27.12.2022 19:00:00;10423;3789;2721;1490
27.12.2022 19:00:00;27.12.2022 20:00:00;10274;3695;2760;1495
27.12.2022 20:00:00;27.12.2022 21:00:00;9956;3727;2776;1512
27.12.2022 21:00:00;27.12.2022 22:00:00;10109;3680;2709;1455
27.12.2022 22:00:00;27.12.2022 23:00:00;9884;3635;2766;1421
27.12.2022 23:00:00;28.12.2022 00:00:00;9522;3584;2712;1506
28.12.2022 00:00:00;28.12.2022 01:00:00;9336;3492;2643;1385
28.12.2022 01:00:00;28.12.2022 02:00:00;9146;3410;2676;1427
28.12.2022 02:00:00;28.12.2022 03:00:00;9016;3508;2669;1395
28.12.2022 03:00:00;28.12.2022 04:00:00;9107;3587;2680;1425
28.12.2022 04:00:00;28.12.2022 05:00:00;9299;3513;2728;1472
28.12.2022 05:00:00;28.12.2022 06:00:00;9773;3502;2655;1556
28.12.2022 06:00:00;28.12.2022 07:00:00;10070;3498;2749;1745
28.12.2022 07:00:00;28.12.2022 08:00:00;10381;3480;2754;1801
28.12.2022 08:00:00;28.12.2022 09:00:00;10489;3510;2661;1694
28.12.2022 09:00:00;28.12.2022 10:00:00;10584;3528;2691;1781
28.12.2022 10:00:00;28.12.2022 11:00:00;10671;3680;2791;1796
28.12.2022 11:00:00;28.12.2022 12:00:00;10696;3863;2816;1622
28.12.2022 12:00:00;28.12.2022 13:00:00;10707;3888;2833;1602
28.12.2022 13:00:00;28.12.2022 14:00:00;10601;3992;2808;1539
28.12.2022 14:00:00;28.12.2022 15:00:00;10544;3973;2711;1698
28.12.2022 15:00:00;28.12.2022 16:00:00;10826;4088;2663;1670
28.12.2022 16:00:00;28.12.2022 17:00:00;10798;4103;2619;1576
28.12.2022 17:00:00;28.12.2022 18:00:00;10823;4047;2655;1538
28.12.2022 18:00:00;28.12.2022 19:00:00;10834;3951;2710;1563
28.12.2022 19:00:00;28.12.2022 20:00:00;10689;3890;2769;1554
28.12.2022 20:00:00;28.12.2022 21:00:00;10372;3934;2786;1480
28.12.2022 21:00:00;28.12.2022 22:00:00;10533;3788;2716;1452
28.12.2022 22:00:00;28.12.2022 23:00:00;10307;3709;2622;1487
28.12.2022 23:00:00;29.12.2022 00:00:00;9881;3727;2540;1400
29.12.2022 00:00:00;29.12.2022 01:00:00;9632;3621;2460;1391
29.12.2022 01:00:00;29.12.2022 02:00:00;9502;3571;2389;1366
29.12.2022 02:00:00;29.12.2022 03:00:00;9525;3520;2311;1428
29.12.2022 03:00:00;29.12.2022 04:00:00;9610;3527;2292;1562
29.12.2022 04:00:00;29.12.2022 05:00:00;9791;3564;2255;1667
29.12.2022 05:00:00;29.12.2022 06:00:00;10186;3571;2354;1751
29.12.2022 06:00:00;29.12.2022 07:00:00;10494;3571;2456;1683
29.12.2022 07:00:00;29.12.2022 08:00:00;10706;3641;2650;1519
29.12.2022 08:00:00;29.12.2022 09:00:00;10730;3797;2773;1527
29.12.2022 09:00:00;29.12.2022 10:00:00;10714;3864;2772;1373
29.12.2022 10:00:00;29.12.2022 11:00:00;10749;3899;2783;1203
29.12.2022 11:00:00;29.12.2022 12:00:00;10877;3880;2633;1615
29.12.2022 12:00:00;29.12.2022 13:00:00;10885;3835;2589;1699
29.12.2022 13:00:00;29.12.2022 14:00:00;10860;3805;2733;1623
29.12.2022 14:00:00;29.12.2022 15:00:00;11013;3818;2869;1686
29.12.2022 15:00:00;29.12.2022 16:00:00;11130;3821;2952;1777
29.12.2022 16:00:00;29.12.2022 17:00:00;11102;3778;2947;1740
29.12.2022 17:00:00;29.12.2022 18:00:00;10992;3769;2947;1689
29.12.2022 18:00:00;29.12.2022 19:00:00;11013;3813;2927;1835
29.12.2022 19:00:00;29.12.2022 20:00:00;10834;3740;2904;1744
29.12.2022 20:00:00;29.12.2022 21:00:00;10491;3560;2897;1577
29.12.2022 21:00:00;29.12.2022 22:00:00;10362;3502;2803;1545
29.12.2022 22:00:00;29.12.2022 23:00:00;9935;3493;2744;1476
29.12.2022 23:00:00;30.12.2022 00:00:00;9641;3678;2714;1493
30.12.2022 00:00:00;30.12.2022 01:00:00;9418;3594;2736;1440
30.12.2022 01:00:00;30.12.2022 02:00:00;9309;3334;2617;1404
30.12.2022 02:00:00;30.12.2022 03:00:00;9200;3171;2667;1316
30.12.2022 03:00:00;30.12.2022 04:00:00;9297;3243;2514;1340
30.12.2022 04:00:00;30.12.2022 05:00:00;9455;3207;2518;1327
30.12.2022 05:00:00;30.12.2022 06:00:00;9962;3171;2548;1208
30.12.2022 06:00:00;30.12.2022 07:00:00;10233;3278;2682;1428
30.12.2022 07:00:00;30.12.2022 08:00:00;10470;3555;2696;1455
30.12.2022 08:00:00;30.12.2022 09:00:00;10480;3607;2695;1542
30.12.2022 09:00:00;30.12.2022 10:00:00;10368;3546;2720;1638
30.12.2022 10:00:00;30.12.2022 11:00:00;10441;3364;2649;1638
30.12.2022 11:00:00;30.12.2022 12:00:00;10439;3441;2611;1595
30.12.2022 12:00:00;30.12.2022 13:00:00;10381;3747;2572;1452
30.12.2022 13:00:00;30.12.2022 14:00:00;10325;3918;2661;1498
30.12.2022 14:00:00;30.12.2022 15:00:00;10536;3908;2676;1563
30.12.2022 15:00:00;30.12.2022 16:00:00;10690;3648;2664;1481
30.12.2022 16:00:00;30.12.2022 17:00:00;10625;3489;2712;1576
30.12.2022 17:00:00;30.12.2022 18:00:00;10577;3647;2621;1403
30.12.2022 18:00:00;30.12.2022 19:00:00;10499;3603;2524;1442
30.12.2022 19:00:00;30.12.2022 20:00:00;10337;3544;2531;1399
30.12.2022 20:00:00;30.12.2022 21:00:00;10029;3501;2510;1435
30.12.2022 21:00:00;30.12.2022 22:00:00;10217;3418;2498;1430
30.12.2022 22:00:00;30.12.2022 23:00:00;9968;3412;2476;1353
30.12.2022 23:00:00;31.12.2022 00:00:00;9582;3267;2495;1342
31.12.2022 00:00:00;31.12.2022 01:00:00;9281;3490;2443;1430
31.12.2022 01:00:00;31.12.2022 02:00:00;9006;3292;2502;1554
31.12.2022 02:00:00;31.12.2022 03:00:00;8956;3071;2445;1591
31.12.2022 03:00:00;31.12.2022 04:00:00;8927;3070;2389;1662
31.12.2022 04:00:00;31.12.2022 05:00:00;9001;3121;2380;1971
31.12.2022 05:00:00;31.12.2022 06:00:00;9133;3101;2385;1823
31.12.2022 06:00:00;31.12.2022 07:00:00;9162;3031;2315;1513
31.12.2022 07:00:00;31.12.2022 08:00:00;9423;3103;2470;1403
31.12.2022 08:00:00;31.12.2022 09:00:00;9527;3292;2538;1478
31.12.2022 09:00:00;31.12.2022 10:00:00;9618;3223;2536;1603
31.12.2022 10:00:00;31.12.2022 11:00:00;9748;3420;2597;1474
31.12.2022 11:00:00;31.12.2022 12:00:00;9851;3296;2669;1422
31.12.2022 12:00:00;31.12.2022 13:00:00;9865;3404;2596;1436
31.12.2022 13:00:00;31.12.2022 14:00:00;9890;3547;2531;1623
31.12.2022 14:00:00;31.12.2022 15:00:00;10050;3688;2568;1666
31.12.2022 15:00:00;31.12.2022 16:00:00;10247;3755;2689;1621
31.12.2022 16:00:00;31.12.2022 17:00:00;10297;3878;2649;1610
31.12.2022 17:00:00;31.12.2022 18:00:00;10154;3730;2582;1427
31.12.2022 18:00:00;31.12.2022 19:00:00;9938;3689;2552;1503
31.12.2022 19:00:00;31.12.2022 20:00:00;9676;3709;2530;1418
31.12.2022 20:00:00;31.12.2022 21:00:00;9408;3613;2464;1354
31.12.2022 21:00:00;31.12.2022 22:00:00;9665;3605;2404;1408
31.12.2022 22:00:00;31.12.2022 23:00:00;9583;3479;2491;1267
31.12.2022 23:00:00;01.01.2023 00:00:00;9242;3415;2514;1163