Delivery Start (CET);Delivery End (CET);NO4 NO4->FI Export (MW);NO4 FI->NO4 Import (MW);NO4 NO4->NO3 Export (MW);NO4 NO3->NO4 Import (MW);NO4 NO4->SE1 Export (MW);NO4 SE1->NO4 Import (MW);NO4 NO4->SE2 Export (MW);NO4 SE2->NO4 Import (MW);NO4 Total Export (MW);NO4 Total Import (MW);NO4 Total Net Position (MW)
01.01.2021 00:00:00;01.01.2021 01:00:00;0;0;1000;0;650;0;150;0;1800;0;-1800
01.01.2021 01:00:00;01.01.2021 02:00:00;0;0;1000;0;650;0;150;0;1800;0;-1800
01.01.2021 02:00:00;01.01.2021 03:00:00;0;0;1000;0;650;0;150;0;1800;0;-1800
01.01.2021 03:00:00;01.01.2021 04:00:00;0;0;1000;0;650;0;150;0;1800;0;-1800
01.01.2021 04:00:00;01.01.2021 05:00:00;0;0;1000;0;650;0;150;0;1800;0;-1800
01.01.2021 05:00:00;01.01.2021 06:00:00;0;0;1000;0;650;0;150;0;1800;0;-1800
01.01.2021 06:00:00;01.01.2021 07:00:00;0;0;1000;0;650;0;150;0;1800;0;-1800
01.01.2021 07:00:00;01.01.2021 08:00:00;0;0;1000;0;650;0;150;0;1800;0;-1800
01.01.2021 08:00:00;01.01.2021 09:00:00;0;0;1000;0;650;0;150;0;1800;0;-1800
01.01.2021 09:00:00;01.01.2021 10:00:00;0;0;1000;0;650;0;150;0;1800;0;-1800
01.01.2021 10:00:00;01.01.2021 11:00:00;0;0;1000;0;650;0;150;0;1800;0;-1800
01.01.2021 11:00:00;01.01.2021 12:00:00;0;0;1000;0;650;0;150;0;1800;0;-1800
01.01.2021 12:00:00;01.01.2021 13:00:00;0;0;1000;0;650;0;150;0;1800;0;-1800
01.01.2021 13:00:00;01.01.2021 14:00:00;0;0;980.4;0;650;0;150;0;1780.4;0;-1780.4
01.01.2021 14:00:00;01.01.2021 15:00:00;0;0;986.9;0;606.6;0;150;0;1743.5;0;-1743.5
01.01.2021 15:00:00;01.01.2021 16:00:00;0;0;1000;0;581.9;0;150;0;1731.9;0;-1731.9
01.01.2021 16:00:00;01.01.2021 17:00:00;0;0;1000;0;596.3;0;150;0;1746.3;0;-1746.3
01.01.2021 17:00:00;01.01.2021 18:00:00;0;0;1000;0;614.6;0;150;0;1764.6;0;-1764.6
01.01.2021 18:00:00;01.01.2021 19:00:00;0;0;1000;0;590.7;0;150;0;1740.7;0;-1740.7
01.01.2021 19:00:00;01.01.2021 20:00:00;0;0;957.3;0;624.9;0;150;0;1732.2;0;-1732.2
01.01.2021 20:00:00;01.01.2021 21:00:00;0;0;945.9;0;650;0;150;0;1745.9;0;-1745.9
01.01.2021 21:00:00;01.01.2021 22:00:00;0;0;957.2;0;650;0;150;0;1757.2;0;-1757.2
01.01.2021 22:00:00;01.01.2021 23:00:00;0;0;963.3;0;650;0;150;0;1763.3;0;-1763.3
01.01.2021 23:00:00;02.01.2021 00:00:00;0;0;972.5;0;650;0;150;0;1772.5;0;-1772.5
02.01.2021 00:00:00;02.01.2021 01:00:00;0;0;1000;0;650;0;150;0;1800;0;-1800
02.01.2021 01:00:00;02.01.2021 02:00:00;0;0;1000;0;650;0;150;0;1800;0;-1800
02.01.2021 02:00:00;02.01.2021 03:00:00;0;0;1000;0;650;0;150;0;1800;0;-1800
02.01.2021 03:00:00;02.01.2021 04:00:00;0;0;1000;0;650;0;150;0;1800;0;-1800
02.01.2021 04:00:00;02.01.2021 05:00:00;0;0;1000;0;650;0;150;0;1800;0;-1800
02.01.2021 05:00:00;02.01.2021 06:00:00;0;0;1000;0;650;0;150;0;1800;0;-1800
02.01.2021 06:00:00;02.01.2021 07:00:00;0;0;1000;0;650;0;150;0;1800;0;-1800
02.01.2021 07:00:00;02.01.2021 08:00:00;0;0;1000;0;650;0;150;0;1800;0;-1800
02.01.2021 08:00:00;02.01.2021 09:00:00;0;0;1000;0;650;0;150;0;1800;0;-1800
02.01.2021 09:00:00;02.01.2021 10:00:00;0;0;1000;0;650;0;150;0;1800;0;-1800
02.01.2021 10:00:00;02.01.2021 11:00:00;0;0;1000;0;650;0;150;0;1800;0;-1800
02.01.2021 11:00:00;02.01.2021 12:00:00;0;0;1000;0;612.7;0;150;0;1762.7;0;-1762.7
02.01.2021 12:00:00;02.01.2021 13:00:00;0;0;1000;0;636.9;0;150;0;1786.9;0;-1786.9
02.01.2021 13:00:00;02.01.2021 14:00:00;0;0;1000;0;631;0;150;0;1781;0;-1781
02.01.2021 14:00:00;02.01.2021 15:00:00;0;0;1000;0;623.1;0;150;0;1773.1;0;-1773.1
02.01.2021 15:00:00;02.01.2021 16:00:00;0;0;1000;0;650;0;150;0;1800;0;-1800
02.01.2021 16:00:00;02.01.2021 17:00:00;0;0;1000;0;650;0;150;0;1800;0;-1800
02.01.2021 17:00:00;02.01.2021 18:00:00;0;0;1000;0;650;0;150;0;1800;0;-1800
02.01.2021 18:00:00;02.01.2021 19:00:00;0;0;1000;0;650;0;150;0;1800;0;-1800
02.01.2021 19:00:00;02.01.2021 20:00:00;0;0;1000;0;650;0;150;0;1800;0;-1800
02.01.2021 20:00:00;02.01.2021 21:00:00;0;0;1000;0;650;0;150;0;1800;0;-1800
02.01.2021 21:00:00;02.01.2021 22:00:00;0;0;1000;0;650;0;150;0;1800;0;-1800
02.01.2021 22:00:00;02.01.2021 23:00:00;0;0;1000;0;650;0;150;0;1800;0;-1800
02.01.2021 23:00:00;03.01.2021 00:00:00;0;0;1000;0;650;0;150;0;1800;0;-1800
03.01.2021 00:00:00;03.01.2021 01:00:00;0;0;1000;0;650;0;150;0;1800;0;-1800
03.01.2021 01:00:00;03.01.2021 02:00:00;0;0;1000;0;650;0;150;0;1800;0;-1800
03.01.2021 02:00:00;03.01.2021 03:00:00;0;0;1000;0;650;0;150;0;1800;0;-1800
03.01.2021 03:00:00;03.01.2021 04:00:00;0;0;1000;0;650;0;150;0;1800;0;-1800
03.01.2021 04:00:00;03.01.2021 05:00:00;0;0;1000;0;650;0;150;0;1800;0;-1800
03.01.2021 05:00:00;03.01.2021 06:00:00;0;0;1000;0;650;0;150;0;1800;0;-1800
03.01.2021 06:00:00;03.01.2021 07:00:00;0;0;1000;0;650;0;150;0;1800;0;-1800
03.01.2021 07:00:00;03.01.2021 08:00:00;0;0;1000;0;650;0;150;0;1800;0;-1800
03.01.2021 08:00:00;03.01.2021 09:00:00;0;0;1000;0;650;0;150;0;1800;0;-1800
03.01.2021 09:00:00;03.01.2021 10:00:00;0;0;1000;0;650;0;150;0;1800;0;-1800
03.01.2021 10:00:00;03.01.2021 11:00:00;0;0;1000;0;650;0;150;0;1800;0;-1800
03.01.2021 11:00:00;03.01.2021 12:00:00;0;0;1000;0;650;0;150;0;1800;0;-1800
03.01.2021 12:00:00;03.01.2021 13:00:00;0;0;1000;0;650;0;150;0;1800;0;-1800
03.01.2021 13:00:00;03.01.2021 14:00:00;0;0;1000;0;650;0;150;0;1800;0;-1800
03.01.2021 14:00:00;03.01.2021 15:00:00;0;0;1000;0;650;0;150;0;1800;0;-1800
03.01.2021 15:00:00;03.01.2021 16:00:00;0;0;1000;0;650;0;150;0;1800;0;-1800
03.01.2021 16:00:00;03.01.2021 17:00:00;0;0;1000;0;650;0;150;0;1800;0;-1800
03.01.2021 17:00:00;03.01.2021 18:00:00;0;0;1000;0;650;0;150;0;1800;0;-1800
03.01.2021 18:00:00;03.01.2021 19:00:00;0;0;1000;0;650;0;150;0;1800;0;-1800
03.01.2021 19:00:00;03.01.2021 20:00:00;0;0;1000;0;650;0;150;0;1800;0;-1800
03.01.2021 20:00:00;03.01.2021 21:00:00;0;0;1000;0;650;0;150;0;1800;0;-1800
03.01.2021 21:00:00;03.01.2021 22:00:00;0;0;1000;0;650;0;150;0;1800;0;-1800
03.01.2021 22:00:00;03.01.2021 23:00:00;0;0;1000;0;650;0;150;0;1800;0;-1800
03.01.2021 23:00:00;04.01.2021 00:00:00;0;0;1000;0;650;0;150;0;1800;0;-1800
04.01.2021 00:00:00;04.01.2021 01:00:00;0;0;1000;0;650;0;150;0;1800;0;-1800
04.01.2021 01:00:00;04.01.2021 02:00:00;0;0;1000;0;650;0;150;0;1800;0;-1800
04.01.2021 02:00:00;04.01.2021 03:00:00;0;0;1000;0;650;0;150;0;1800;0;-1800
04.01.2021 03:00:00;04.01.2021 04:00:00;0;0;1000;0;650;0;150;0;1800;0;-1800
04.01.2021 04:00:00;04.01.2021 05:00:00;0;0;1000;0;650;0;150;0;1800;0;-1800
04.01.2021 05:00:00;04.01.2021 06:00:00;0;0;1000;0;650;0;150;0;1800;0;-1800
04.01.2021 06:00:00;04.01.2021 07:00:00;0;0;1000;0;650;0;150;0;1800;0;-1800
04.01.2021 07:00:00;04.01.2021 08:00:00;0;0;1000;0;650;0;150;0;1800;0;-1800
04.01.2021 08:00:00;04.01.2021 09:00:00;0;0;1000;0;650;0;150;0;1800;0;-1800
04.01.2021 09:00:00;04.01.2021 10:00:00;0;0;1000;0;650;0;150;0;1800;0;-1800
04.01.2021 10:00:00;04.01.2021 11:00:00;0;0;1000;0;650;0;150;0;1800;0;-1800
04.01.2021 11:00:00;04.01.2021 12:00:00;0;0;1000;0;650;0;150;0;1800;0;-1800
04.01.2021 12:00:00;04.01.2021 13:00:00;0;0;1000;0;650;0;150;0;1800;0;-1800
04.01.2021 13:00:00;04.01.2021 14:00:00;0;0;1000;0;650;0;150;0;1800;0;-1800
04.01.2021 14:00:00;04.01.2021 15:00:00;0;0;1000;0;650;0;150;0;1800;0;-1800
04.01.2021 15:00:00;04.01.2021 16:00:00;0;0;1000;0;650;0;150;0;1800;0;-1800
04.01.2021 16:00:00;04.01.2021 17:00:00;0;0;1000;0;650;0;150;0;1800;0;-1800
04.01.2021 17:00:00;04.01.2021 18:00:00;0;0;1000;0;650;0;150;0;1800;0;-1800
04.01.2021 18:00:00;04.01.2021 19:00:00;0;0;1000;0;650;0;150;0;1800;0;-1800
04.01.2021 19:00:00;04.01.2021 20:00:00;0;0;1000;0;650;0;150;0;1800;0;-1800
04.01.2021 20:00:00;04.01.2021 21:00:00;0;0;1000;0;650;0;150;0;1800;0;-1800
04.01.2021 21:00:00;04.01.2021 22:00:00;0;0;1000;0;650;0;150;0;1800;0;-1800
04.01.2021 22:00:00;04.01.2021 23:00:00;0;0;1000;0;650;0;150;0;1800;0;-1800
04.01.2021 23:00:00;05.01.2021 00:00:00;0;0;1000;0;650;0;150;0;1800;0;-1800
05.01.2021 00:00:00;05.01.2021 01:00:00;0;0;1000;0;650;0;150;0;1800;0;-1800
05.01.2021 01:00:00;05.01.2021 02:00:00;0;0;1000;0;650;0;150;0;1800;0;-1800
05.01.2021 02:00:00;05.01.2021 03:00:00;0;0;1000;0;650;0;150;0;1800;0;-1800
05.01.2021 03:00:00;05.01.2021 04:00:00;0;0;1000;0;650;0;150;0;1800;0;-1800
05.01.2021 04:00:00;05.01.2021 05:00:00;0;0;1000;0;650;0;150;0;1800;0;-1800
05.01.2021 05:00:00;05.01.2021 06:00:00;0;0;1000;0;650;0;150;0;1800;0;-1800
05.01.2021 06:00:00;05.01.2021 07:00:00;0;0;1000;0;650;0;150;0;1800;0;-1800
05.01.2021 07:00:00;05.01.2021 08:00:00;0;0;1000;0;650;0;150;0;1800;0;-1800
05.01.2021 08:00:00;05.01.2021 09:00:00;0;0;1000;0;650;0;150;0;1800;0;-1800
05.01.2021 09:00:00;05.01.2021 10:00:00;0;0;1000;0;650;0;150;0;1800;0;-1800
05.01.2021 10:00:00;05.01.2021 11:00:00;0;0;1000;0;650;0;150;0;1800;0;-1800
05.01.2021 11:00:00;05.01.2021 12:00:00;0;0;1000;0;650;0;150;0;1800;0;-1800
05.01.2021 12:00:00;05.01.2021 13:00:00;0;0;1000;0;650;0;150;0;1800;0;-1800
05.01.2021 13:00:00;05.01.2021 14:00:00;0;0;1000;0;650;0;150;0;1800;0;-1800
05.01.2021 14:00:00;05.01.2021 15:00:00;0;0;1000;0;650;0;150;0;1800;0;-1800
05.01.2021 15:00:00;05.01.2021 16:00:00;0;0;1000;0;650;0;150;0;1800;0;-1800
05.01.2021 16:00:00;05.01.2021 17:00:00;0;0;1000;0;650;0;150;0;1800;0;-1800
05.01.2021 17:00:00;05.01.2021 18:00:00;0;0;1000;0;650;0;150;0;1800;0;-1800
05.01.2021 18:00:00;05.01.2021 19:00:00;0;0;1000;0;650;0;150;0;1800;0;-1800
05.01.2021 19:00:00;05.01.2021 20:00:00;0;0;1000;0;650;0;150;0;1800;0;-1800
05.01.2021 20:00:00;05.01.2021 21:00:00;0;0;1000;0;650;0;150;0;1800;0;-1800
05.01.2021 21:00:00;05.01.2021 22:00:00;0;0;1000;0;650;0;150;0;1800;0;-1800
05.01.2021 22:00:00;05.01.2021 23:00:00;0;0;1000;0;650;0;150;0;1800;0;-1800
05.01.2021 23:00:00;06.01.2021 00:00:00;0;0;1000;0;650;0;150;0;1800;0;-1800
06.01.2021 00:00:00;06.01.2021 01:00:00;0;0;1000;0;650;0;150;0;1800;0;-1800
06.01.2021 01:00:00;06.01.2021 02:00:00;0;0;1000;0;650;0;150;0;1800;0;-1800
06.01.2021 02:00:00;06.01.2021 03:00:00;0;0;1000;0;650;0;150;0;1800;0;-1800
06.01.2021 03:00:00;06.01.2021 04:00:00;0;0;1000;0;650;0;150;0;1800;0;-1800
06.01.2021 04:00:00;06.01.2021 05:00:00;0;0;1000;0;650;0;150;0;1800;0;-1800
06.01.2021 05:00:00;06.01.2021 06:00:00;0;0;1000;0;650;0;150;0;1800;0;-1800
06.01.2021 06:00:00;06.01.2021 07:00:00;0;0;1000;0;650;0;150;0;1800;0;-1800
06.01.2021 07:00:00;06.01.2021 08:00:00;0;0;1000;0;650;0;150;0;1800;0;-1800
06.01.2021 08:00:00;06.01.2021 09:00:00;0;0;1000;0;650;0;150;0;1800;0;-1800
06.01.2021 09:00:00;06.01.2021 10:00:00;0;0;1000;0;650;0;150;0;1800;0;-1800
06.01.2021 10:00:00;06.01.2021 11:00:00;0;0;1000;0;650;0;150;0;1800;0;-1800
06.01.2021 11:00:00;06.01.2021 12:00:00;0;0;1000;0;650;0;150;0;1800;0;-1800
06.01.2021 12:00:00;06.01.2021 13:00:00;0;0;1000;0;650;0;150;0;1800;0;-1800
06.01.2021 13:00:00;06.01.2021 14:00:00;0;0;1000;0;650;0;150;0;1800;0;-1800
06.01.2021 14:00:00;06.01.2021 15:00:00;0;0;1000;0;650;0;150;0;1800;0;-1800
06.01.2021 15:00:00;06.01.2021 16:00:00;0;0;1000;0;650;0;150;0;1800;0;-1800
06.01.2021 16:00:00;06.01.2021 17:00:00;0;0;1000;0;650;0;150;0;1800;0;-1800
06.01.2021 17:00:00;06.01.2021 18:00:00;0;0;1000;0;650;0;150;0;1800;0;-1800
06.01.2021 18:00:00;06.01.2021 19:00:00;0;0;1000;0;650;0;150;0;1800;0;-1800
06.01.2021 19:00:00;06.01.2021 20:00:00;0;0;1000;0;650;0;150;0;1800;0;-1800
06.01.2021 20:00:00;06.01.2021 21:00:00;0;0;1000;0;650;0;150;0;1800;0;-1800
06.01.2021 21:00:00;06.01.2021 22:00:00;0;0;1000;0;650;0;150;0;1800;0;-1800
06.01.2021 22:00:00;06.01.2021 23:00:00;0;0;1000;0;650;0;150;0;1800;0;-1800
06.01.2021 23:00:00;07.01.2021 00:00:00;0;0;1000;0;650;0;150;0;1800;0;-1800
07.01.2021 00:00:00;07.01.2021 01:00:00;0;0;1000;0;650;0;150;0;1800;0;-1800
07.01.2021 01:00:00;07.01.2021 02:00:00;0;0;1000;0;650;0;150;0;1800;0;-1800
07.01.2021 02:00:00;07.01.2021 03:00:00;0;0;1000;0;650;0;150;0;1800;0;-1800
07.01.2021 03:00:00;07.01.2021 04:00:00;0;0;1000;0;650;0;150;0;1800;0;-1800
07.01.2021 04:00:00;07.01.2021 05:00:00;0;0;1000;0;650;0;150;0;1800;0;-1800
07.01.2021 05:00:00;07.01.2021 06:00:00;0;0;1000;0;650;0;150;0;1800;0;-1800
07.01.2021 06:00:00;07.01.2021 07:00:00;0;0;1000;0;650;0;150;0;1800;0;-1800
07.01.2021 07:00:00;07.01.2021 08:00:00;0;0;1000;0;650;0;150;0;1800;0;-1800
07.01.2021 08:00:00;07.01.2021 09:00:00;0;0;1000;0;650;0;150;0;1800;0;-1800
07.01.2021 09:00:00;07.01.2021 10:00:00;0;0;1000;0;650;0;150;0;1800;0;-1800
07.01.2021 10:00:00;07.01.2021 11:00:00;0;0;1000;0;650;0;150;0;1800;0;-1800
07.01.2021 11:00:00;07.01.2021 12:00:00;0;0;1000;0;650;0;150;0;1800;0;-1800
07.01.2021 12:00:00;07.01.2021 13:00:00;0;0;1000;0;650;0;150;0;1800;0;-1800
07.01.2021 13:00:00;07.01.2021 14:00:00;0;0;1000;0;650;0;150;0;1800;0;-1800
07.01.2021 14:00:00;07.01.2021 15:00:00;0;0;1000;0;650;0;150;0;1800;0;-1800
07.01.2021 15:00:00;07.01.2021 16:00:00;0;0;1000;0;650;0;150;0;1800;0;-1800
07.01.2021 16:00:00;07.01.2021 17:00:00;0;0;1000;0;650;0;150;0;1800;0;-1800
07.01.2021 17:00:00;07.01.2021 18:00:00;0;0;1000;0;650;0;150;0;1800;0;-1800
07.01.2021 18:00:00;07.01.2021 19:00:00;0;0;1000;0;650;0;150;0;1800;0;-1800
07.01.2021 19:00:00;07.01.2021 20:00:00;0;0;1000;0;650;0;150;0;1800;0;-1800
07.01.2021 20:00:00;07.01.2021 21:00:00;0;0;1000;0;650;0;150;0;1800;0;-1800
07.01.2021 21:00:00;07.01.2021 22:00:00;0;0;1000;0;650;0;150;0;1800;0;-1800
07.01.2021 22:00:00;07.01.2021 23:00:00;0;0;1000;0;650;0;150;0;1800;0;-1800
07.01.2021 23:00:00;08.01.2021 00:00:00;0;0;1000;0;650;0;150;0;1800;0;-1800
08.01.2021 00:00:00;08.01.2021 01:00:00;0;0;1000;0;650;0;150;0;1800;0;-1800
08.01.2021 01:00:00;08.01.2021 02:00:00;0;0;1000;0;650;0;150;0;1800;0;-1800
08.01.2021 02:00:00;08.01.2021 03:00:00;0;0;1000;0;650;0;150;0;1800;0;-1800
08.01.2021 03:00:00;08.01.2021 04:00:00;0;0;1000;0;650;0;150;0;1800;0;-1800
08.01.2021 04:00:00;08.01.2021 05:00:00;0;0;1000;0;650;0;150;0;1800;0;-1800
08.01.2021 05:00:00;08.01.2021 06:00:00;0;0;1000;0;650;0;150;0;1800;0;-1800
08.01.2021 06:00:00;08.01.2021 07:00:00;0;0;1000;0;650;0;150;0;1800;0;-1800
08.01.2021 07:00:00;08.01.2021 08:00:00;0;0;1000;0;650;0;150;0;1800;0;-1800
08.01.2021 08:00:00;08.01.2021 09:00:00;0;0;1000;0;650;0;150;0;1800;0;-1800
08.01.2021 09:00:00;08.01.2021 10:00:00;0;0;1000;0;650;0;150;0;1800;0;-1800
08.01.2021 10:00:00;08.01.2021 11:00:00;0;0;1000;0;650;0;150;0;1800;0;-1800
08.01.2021 11:00:00;08.01.2021 12:00:00;0;0;1000;0;650;0;150;0;1800;0;-1800
08.01.2021 12:00:00;08.01.2021 13:00:00;0;0;1000;0;650;0;150;0;1800;0;-1800
08.01.2021 13:00:00;08.01.2021 14:00:00;0;0;1000;0;650;0;150;0;1800;0;-1800
08.01.2021 14:00:00;08.01.2021 15:00:00;0;0;1000;0;650;0;150;0;1800;0;-1800
08.01.2021 15:00:00;08.01.2021 16:00:00;0;0;1000;0;650;0;150;0;1800;0;-1800
08.01.2021 16:00:00;08.01.2021 17:00:00;0;0;1000;0;650;0;150;0;1800;0;-1800
08.01.2021 17:00:00;08.01.2021 18:00:00;0;0;1000;0;650;0;150;0;1800;0;-1800
08.01.2021 18:00:00;08.01.2021 19:00:00;0;0;1000;0;650;0;150;0;1800;0;-1800
08.01.2021 19:00:00;08.01.2021 20:00:00;0;0;1000;0;650;0;150;0;1800;0;-1800
08.01.2021 20:00:00;08.01.2021 21:00:00;0;0;1000;0;650;0;150;0;1800;0;-1800
08.01.2021 21:00:00;08.01.2021 22:00:00;0;0;1000;0;650;0;150;0;1800;0;-1800
08.01.2021 22:00:00;08.01.2021 23:00:00;0;0;1000;0;650;0;150;0;1800;0;-1800
08.01.2021 23:00:00;09.01.2021 00:00:00;0;0;1000;0;650;0;150;0;1800;0;-1800
09.01.2021 00:00:00;09.01.2021 01:00:00;0;0;1000;0;650;0;150;0;1800;0;-1800
09.01.2021 01:00:00;09.01.2021 02:00:00;0;0;1000;0;650;0;150;0;1800;0;-1800
09.01.2021 02:00:00;09.01.2021 03:00:00;0;0;1000;0;650;0;150;0;1800;0;-1800
09.01.2021 03:00:00;09.01.2021 04:00:00;0;0;1000;0;650;0;150;0;1800;0;-1800
09.01.2021 04:00:00;09.01.2021 05:00:00;0;0;1000;0;650;0;150;0;1800;0;-1800
09.01.2021 05:00:00;09.01.2021 06:00:00;0;0;1000;0;650;0;150;0;1800;0;-1800
09.01.2021 06:00:00;09.01.2021 07:00:00;0;0;1000;0;650;0;150;0;1800;0;-1800
09.01.2021 07:00:00;09.01.2021 08:00:00;0;0;1000;0;650;0;150;0;1800;0;-1800
09.01.2021 08:00:00;09.01.2021 09:00:00;0;0;1000;0;650;0;150;0;1800;0;-1800
09.01.2021 09:00:00;09.01.2021 10:00:00;0;0;1000;0;650;0;150;0;1800;0;-1800
09.01.2021 10:00:00;09.01.2021 11:00:00;0;0;1000;0;650;0;150;0;1800;0;-1800
09.01.2021 11:00:00;09.01.2021 12:00:00;0;0;1000;0;650;0;150;0;1800;0;-1800
09.01.2021 12:00:00;09.01.2021 13:00:00;0;0;1000;0;650;0;150;0;1800;0;-1800
09.01.2021 13:00:00;09.01.2021 14:00:00;0;0;1000;0;650;0;150;0;1800;0;-1800
09.01.2021 14:00:00;09.01.2021 15:00:00;0;0;1000;0;650;0;150;0;1800;0;-1800
09.01.2021 15:00:00;09.01.2021 16:00:00;0;0;1000;0;650;0;150;0;1800;0;-1800
09.01.2021 16:00:00;09.01.2021 17:00:00;0;0;1000;0;650;0;150;0;1800;0;-1800
09.01.2021 17:00:00;09.01.2021 18:00:00;0;0;1000;0;650;0;150;0;1800;0;-1800
09.01.2021 18:00:00;09.01.2021 19:00:00;0;0;974.1;0;650;0;150;0;1774.1;0;-1774.1
09.01.2021 19:00:00;09.01.2021 20:00:00;0;0;1000;0;650;0;150;0;1800;0;-1800
09.01.2021 20:00:00;09.01.2021 21:00:00;0;0;1000;0;650;0;150;0;1800;0;-1800
09.01.2021 21:00:00;09.01.2021 22:00:00;0;0;1000;0;650;0;150;0;1800;0;-1800
09.01.2021 22:00:00;09.01.2021 23:00:00;0;0;1000;0;650;0;150;0;1800;0;-1800
09.01.2021 23:00:00;10.01.2021 00:00:00;0;0;1000;0;650;0;150;0;1800;0;-1800
10.01.2021 00:00:00;10.01.2021 01:00:00;0;0;1061.8;0;650;0;150;0;1861.8;0;-1861.8
10.01.2021 01:00:00;10.01.2021 02:00:00;0;0;1054.3;0;650;0;150;0;1854.3;0;-1854.3
10.01.2021 02:00:00;10.01.2021 03:00:00;0;0;1099;0;650;0;150;0;1899;0;-1899
10.01.2021 03:00:00;10.01.2021 04:00:00;0;0;1100;0;650;0;150;0;1900;0;-1900
10.01.2021 04:00:00;10.01.2021 05:00:00;0;0;1100;0;650;0;150;0;1900;0;-1900
10.01.2021 05:00:00;10.01.2021 06:00:00;0;0;1092.7;0;650;0;150;0;1892.7;0;-1892.7
10.01.2021 06:00:00;10.01.2021 07:00:00;0;0;1100;0;650;0;150;0;1900;0;-1900
10.01.2021 07:00:00;10.01.2021 08:00:00;0;0;1100;0;650;0;150;0;1900;0;-1900
10.01.2021 08:00:00;10.01.2021 09:00:00;0;0;1100;0;650;0;150;0;1900;0;-1900
10.01.2021 09:00:00;10.01.2021 10:00:00;0;0;1100;0;650;0;150;0;1900;0;-1900
10.01.2021 10:00:00;10.01.2021 11:00:00;0;0;1100;0;650;0;150;0;1900;0;-1900
10.01.2021 11:00:00;10.01.2021 12:00:00;0;0;1100;0;650;0;150;0;1900;0;-1900
10.01.2021 12:00:00;10.01.2021 13:00:00;0;0;1100;0;650;0;150;0;1900;0;-1900
10.01.2021 13:00:00;10.01.2021 14:00:00;0;0;1099.8;0;650;0;150;0;1899.8;0;-1899.8
10.01.2021 14:00:00;10.01.2021 15:00:00;0;0;1090.2;0;650;0;150;0;1890.2;0;-1890.2
10.01.2021 15:00:00;10.01.2021 16:00:00;0;0;1100;0;650;0;150;0;1900;0;-1900
10.01.2021 16:00:00;10.01.2021 17:00:00;0;0;1100;0;650;0;150;0;1900;0;-1900
10.01.2021 17:00:00;10.01.2021 18:00:00;0;0;1100;0;650;0;150;0;1900;0;-1900
10.01.2021 18:00:00;10.01.2021 19:00:00;0;0;1100;0;650;0;150;0;1900;0;-1900
10.01.2021 19:00:00;10.01.2021 20:00:00;0;0;1100;0;650;0;150;0;1900;0;-1900
10.01.2021 20:00:00;10.01.2021 21:00:00;0;0;1100;0;650;0;150;0;1900;0;-1900
10.01.2021 21:00:00;10.01.2021 22:00:00;0;0;1100;0;650;0;150;0;1900;0;-1900
10.01.2021 22:00:00;10.01.2021 23:00:00;0;0;1100;0;650;0;150;0;1900;0;-1900
10.01.2021 23:00:00;11.01.2021 00:00:00;0;0;1100;0;642.3;0;150;0;1892.3;0;-1892.3
11.01.2021 00:00:00;11.01.2021 01:00:00;0;0;1100;0;650;0;150;0;1900;0;-1900
11.01.2021 01:00:00;11.01.2021 02:00:00;0;0;1100;0;650;0;150;0;1900;0;-1900
11.01.2021 02:00:00;11.01.2021 03:00:00;0;0;1100;0;650;0;150;0;1900;0;-1900
11.01.2021 03:00:00;11.01.2021 04:00:00;0;0;1100;0;650;0;150;0;1900;0;-1900
11.01.2021 04:00:00;11.01.2021 05:00:00;0;0;1100;0;650;0;150;0;1900;0;-1900
11.01.2021 05:00:00;11.01.2021 06:00:00;0;0;1100;0;650;0;150;0;1900;0;-1900
11.01.2021 06:00:00;11.01.2021 07:00:00;0;0;1041.7;0;650;0;150;0;1841.7;0;-1841.7
11.01.2021 07:00:00;11.01.2021 08:00:00;0;0;1100;0;600.7;0;150;0;1850.7;0;-1850.7
11.01.2021 08:00:00;11.01.2021 09:00:00;0;0;1100;0;543.2;0;150;0;1793.2;0;-1793.2
11.01.2021 09:00:00;11.01.2021 10:00:00;0;0;1100;0;518.6;0;150;0;1768.6;0;-1768.6
11.01.2021 10:00:00;11.01.2021 11:00:00;0;0;1100;0;509.9;0;150;0;1759.9;0;-1759.9
11.01.2021 11:00:00;11.01.2021 12:00:00;0;0;1054.7;0;535.7;0;150;0;1740.4;0;-1740.4
11.01.2021 12:00:00;11.01.2021 13:00:00;0;0;1019.7;0;561.7;0;150;0;1731.4;0;-1731.4
11.01.2021 13:00:00;11.01.2021 14:00:00;0;0;990.9;0;582.4;0;150;0;1723.3;0;-1723.3
11.01.2021 14:00:00;11.01.2021 15:00:00;0;0;957.1;0;619.9;0;150;0;1727;0;-1727
11.01.2021 15:00:00;11.01.2021 16:00:00;0;0;957.9;0;597.5;0;150;0;1705.4;0;-1705.4
11.01.2021 16:00:00;11.01.2021 17:00:00;0;0;1024.7;0;546.1;0;150;0;1720.8;0;-1720.8
11.01.2021 17:00:00;11.01.2021 18:00:00;0;0;1014.9;0;571.9;0;150;0;1736.8;0;-1736.8
11.01.2021 18:00:00;11.01.2021 19:00:00;0;0;996;0;591.3;0;150;0;1737.3;0;-1737.3
11.01.2021 19:00:00;11.01.2021 20:00:00;0;0;1023.6;0;586.9;0;150;0;1760.5;0;-1760.5
11.01.2021 20:00:00;11.01.2021 21:00:00;0;0;1100;0;473.2;0;150;0;1723.2;0;-1723.2
11.01.2021 21:00:00;11.01.2021 22:00:00;0;0;1100;0;468.5;0;150;0;1718.5;0;-1718.5
11.01.2021 22:00:00;11.01.2021 23:00:00;0;0;1100;0;428.2;0;150;0;1678.2;0;-1678.2
11.01.2021 23:00:00;12.01.2021 00:00:00;0;0;1100;0;400;0;150;0;1650;0;-1650
12.01.2021 00:00:00;12.01.2021 01:00:00;0;0;850;0;0;600;0;250;850;850;0
12.01.2021 01:00:00;12.01.2021 02:00:00;0;0;850;0;0;600;0;250;850;850;0
12.01.2021 02:00:00;12.01.2021 03:00:00;0;0;850;0;0;600;0;250;850;850;0
12.01.2021 03:00:00;12.01.2021 04:00:00;0;0;850;0;0;0;128.9;0;978.9;0;-978.9
12.01.2021 04:00:00;12.01.2021 05:00:00;0;0;850;0;518.8;0;150;0;1518.8;0;-1518.8
12.01.2021 05:00:00;12.01.2021 06:00:00;0;0;850;0;650;0;150;0;1650;0;-1650
12.01.2021 06:00:00;12.01.2021 07:00:00;0;0;850;0;568.7;0;150;0;1568.7;0;-1568.7
12.01.2021 07:00:00;12.01.2021 08:00:00;0;0;850;0;565.2;0;150;0;1565.2;0;-1565.2
12.01.2021 08:00:00;12.01.2021 09:00:00;0;0;850;0;508.2;0;150;0;1508.2;0;-1508.2
12.01.2021 09:00:00;12.01.2021 10:00:00;0;0;850;0;499;0;150;0;1499;0;-1499
12.01.2021 10:00:00;12.01.2021 11:00:00;0;0;850;0;484.7;0;150;0;1484.7;0;-1484.7
12.01.2021 11:00:00;12.01.2021 12:00:00;0;0;850;0;499.7;0;150;0;1499.7;0;-1499.7
12.01.2021 12:00:00;12.01.2021 13:00:00;0;0;850;0;466.2;0;150;0;1466.2;0;-1466.2
12.01.2021 13:00:00;12.01.2021 14:00:00;0;0;850;0;459.1;0;150;0;1459.1;0;-1459.1
12.01.2021 14:00:00;12.01.2021 15:00:00;0;0;850;0;464.6;0;150;0;1464.6;0;-1464.6
12.01.2021 15:00:00;12.01.2021 16:00:00;0;0;850;0;471.7;0;150;0;1471.7;0;-1471.7
12.01.2021 16:00:00;12.01.2021 17:00:00;0;0;850;0;490.7;0;150;0;1490.7;0;-1490.7
12.01.2021 17:00:00;12.01.2021 18:00:00;0;0;850;0;500;0;150;0;1500;0;-1500
12.01.2021 18:00:00;12.01.2021 19:00:00;0;0;850;0;475.9;0;150;0;1475.9;0;-1475.9
12.01.2021 19:00:00;12.01.2021 20:00:00;0;0;850;0;494.9;0;150;0;1494.9;0;-1494.9
12.01.2021 20:00:00;12.01.2021 21:00:00;0;0;850;0;494.7;0;150;0;1494.7;0;-1494.7
12.01.2021 21:00:00;12.01.2021 22:00:00;0;0;850;0;500;0;150;0;1500;0;-1500
12.01.2021 22:00:00;12.01.2021 23:00:00;0;0;850;0;500;0;150;0;1500;0;-1500
12.01.2021 23:00:00;13.01.2021 00:00:00;0;0;850;0;500;0;150;0;1500;0;-1500
13.01.2021 00:00:00;13.01.2021 01:00:00;0;0;850;0;500;0;150;0;1500;0;-1500
13.01.2021 01:00:00;13.01.2021 02:00:00;0;0;850;0;500;0;150;0;1500;0;-1500
13.01.2021 02:00:00;13.01.2021 03:00:00;0;0;850;0;500;0;150;0;1500;0;-1500
13.01.2021 03:00:00;13.01.2021 04:00:00;0;0;850;0;500;0;150;0;1500;0;-1500
13.01.2021 04:00:00;13.01.2021 05:00:00;0;0;850;0;500;0;150;0;1500;0;-1500
13.01.2021 05:00:00;13.01.2021 06:00:00;0;0;850;0;500;0;150;0;1500;0;-1500
13.01.2021 06:00:00;13.01.2021 07:00:00;0;0;850;0;500;0;150;0;1500;0;-1500
13.01.2021 07:00:00;13.01.2021 08:00:00;0;0;850;0;500;0;150;0;1500;0;-1500
13.01.2021 08:00:00;13.01.2021 09:00:00;0;0;850;0;500;0;150;0;1500;0;-1500
13.01.2021 09:00:00;13.01.2021 10:00:00;0;0;850;0;500;0;150;0;1500;0;-1500
13.01.2021 10:00:00;13.01.2021 11:00:00;0;0;850;0;462.4;0;150;0;1462.4;0;-1462.4
13.01.2021 11:00:00;13.01.2021 12:00:00;0;0;850;0;469.7;0;150;0;1469.7;0;-1469.7
13.01.2021 12:00:00;13.01.2021 13:00:00;0;0;850;0;430.2;0;150;0;1430.2;0;-1430.2
13.01.2021 13:00:00;13.01.2021 14:00:00;0;0;850;0;373.1;0;150;0;1373.1;0;-1373.1
13.01.2021 14:00:00;13.01.2021 15:00:00;0;0;850;0;355.7;0;150;0;1355.7;0;-1355.7
13.01.2021 15:00:00;13.01.2021 16:00:00;0;0;850;0;382.5;0;150;0;1382.5;0;-1382.5
13.01.2021 16:00:00;13.01.2021 17:00:00;0;0;850;0;429.9;0;150;0;1429.9;0;-1429.9
13.01.2021 17:00:00;13.01.2021 18:00:00;0;0;850;0;491.1;0;150;0;1491.1;0;-1491.1
13.01.2021 18:00:00;13.01.2021 19:00:00;0;0;850;0;500;0;150;0;1500;0;-1500
13.01.2021 19:00:00;13.01.2021 20:00:00;0;0;850;0;500;0;150;0;1500;0;-1500
13.01.2021 20:00:00;13.01.2021 21:00:00;0;0;850;0;500;0;150;0;1500;0;-1500
13.01.2021 21:00:00;13.01.2021 22:00:00;0;0;850;0;493.6;0;150;0;1493.6;0;-1493.6
13.01.2021 22:00:00;13.01.2021 23:00:00;0;0;850;0;500;0;150;0;1500;0;-1500
13.01.2021 23:00:00;14.01.2021 00:00:00;0;0;850;0;500;0;150;0;1500;0;-1500
14.01.2021 00:00:00;14.01.2021 01:00:00;0;0;850;0;500;0;150;0;1500;0;-1500
14.01.2021 01:00:00;14.01.2021 02:00:00;0;0;850;0;500;0;150;0;1500;0;-1500
14.01.2021 02:00:00;14.01.2021 03:00:00;0;0;850;0;500;0;150;0;1500;0;-1500
14.01.2021 03:00:00;14.01.2021 04:00:00;0;0;850;0;500;0;150;0;1500;0;-1500
14.01.2021 04:00:00;14.01.2021 05:00:00;0;0;850;0;500;0;150;0;1500;0;-1500
14.01.2021 05:00:00;14.01.2021 06:00:00;0;0;850;0;500;0;150;0;1500;0;-1500
14.01.2021 06:00:00;14.01.2021 07:00:00;0;0;850;0;500;0;150;0;1500;0;-1500
14.01.2021 07:00:00;14.01.2021 08:00:00;0;0;850;0;500;0;150;0;1500;0;-1500
14.01.2021 08:00:00;14.01.2021 09:00:00;0;0;850;0;500;0;150;0;1500;0;-1500
14.01.2021 09:00:00;14.01.2021 10:00:00;0;0;850;0;500;0;150;0;1500;0;-1500
14.01.2021 10:00:00;14.01.2021 11:00:00;0;0;850;0;484.2;0;150;0;1484.2;0;-1484.2
14.01.2021 11:00:00;14.01.2021 12:00:00;0;0;850;0;490.5;0;150;0;1490.5;0;-1490.5
14.01.2021 12:00:00;14.01.2021 13:00:00;0;0;850;0;500;0;150;0;1500;0;-1500
14.01.2021 13:00:00;14.01.2021 14:00:00;0;0;850;0;500;0;150;0;1500;0;-1500
14.01.2021 14:00:00;14.01.2021 15:00:00;0;0;850;0;500;0;150;0;1500;0;-1500
14.01.2021 15:00:00;14.01.2021 16:00:00;0;0;1050;0;468.6;0;150;0;1668.6;0;-1668.6
14.01.2021 16:00:00;14.01.2021 17:00:00;0;0;1050;0;491.3;0;150;0;1691.3;0;-1691.3
14.01.2021 17:00:00;14.01.2021 18:00:00;0;0;1050;0;518.3;0;150;0;1718.3;0;-1718.3
14.01.2021 18:00:00;14.01.2021 19:00:00;0;0;1050;0;520.4;0;150;0;1720.4;0;-1720.4
14.01.2021 19:00:00;14.01.2021 20:00:00;0;0;1050;0;541.4;0;150;0;1741.4;0;-1741.4
14.01.2021 20:00:00;14.01.2021 21:00:00;0;0;1050;0;374.9;0;150;0;1574.9;0;-1574.9
14.01.2021 21:00:00;14.01.2021 22:00:00;0;0;1050;0;401.6;0;150;0;1601.6;0;-1601.6
14.01.2021 22:00:00;14.01.2021 23:00:00;0;0;1050;0;466.3;0;150;0;1666.3;0;-1666.3
14.01.2021 23:00:00;15.01.2021 00:00:00;0;0;1050;0;535.1;0;150;0;1735.1;0;-1735.1
15.01.2021 00:00:00;15.01.2021 01:00:00;0;0;1050;0;650;0;150;0;1850;0;-1850
15.01.2021 01:00:00;15.01.2021 02:00:00;0;0;1050;0;650;0;150;0;1850;0;-1850
15.01.2021 02:00:00;15.01.2021 03:00:00;0;0;1050;0;650;0;150;0;1850;0;-1850
15.01.2021 03:00:00;15.01.2021 04:00:00;0;0;1050;0;650;0;150;0;1850;0;-1850
15.01.2021 04:00:00;15.01.2021 05:00:00;0;0;1050;0;650;0;150;0;1850;0;-1850
15.01.2021 05:00:00;15.01.2021 06:00:00;0;0;1050;0;650;0;150;0;1850;0;-1850
15.01.2021 06:00:00;15.01.2021 07:00:00;0;0;1050;0;650;0;150;0;1850;0;-1850
15.01.2021 07:00:00;15.01.2021 08:00:00;0;0;1050;0;650;0;150;0;1850;0;-1850
15.01.2021 08:00:00;15.01.2021 09:00:00;0;0;1050;0;650;0;150;0;1850;0;-1850
15.01.2021 09:00:00;15.01.2021 10:00:00;0;0;1050;0;650;0;150;0;1850;0;-1850
15.01.2021 10:00:00;15.01.2021 11:00:00;0;0;1050;0;650;0;150;0;1850;0;-1850
15.01.2021 11:00:00;15.01.2021 12:00:00;0;0;1050;0;650;0;150;0;1850;0;-1850
15.01.2021 12:00:00;15.01.2021 13:00:00;0;0;1050;0;650;0;150;0;1850;0;-1850
15.01.2021 13:00:00;15.01.2021 14:00:00;0;0;1050;0;650;0;150;0;1850;0;-1850
15.01.2021 14:00:00;15.01.2021 15:00:00;0;0;1050;0;650;0;150;0;1850;0;-1850
15.01.2021 15:00:00;15.01.2021 16:00:00;0;0;1050;0;627.8;0;150;0;1827.8;0;-1827.8
15.01.2021 16:00:00;15.01.2021 17:00:00;0;0;1050;0;650;0;150;0;1850;0;-1850
15.01.2021 17:00:00;15.01.2021 18:00:00;0;0;1050;0;650;0;150;0;1850;0;-1850
15.01.2021 18:00:00;15.01.2021 19:00:00;0;0;1050;0;650;0;150;0;1850;0;-1850
15.01.2021 19:00:00;15.01.2021 20:00:00;0;0;1050;0;650;0;150;0;1850;0;-1850
15.01.2021 20:00:00;15.01.2021 21:00:00;0;0;1050;0;650;0;150;0;1850;0;-1850
15.01.2021 21:00:00;15.01.2021 22:00:00;0;0;1050;0;650;0;150;0;1850;0;-1850
15.01.2021 22:00:00;15.01.2021 23:00:00;0;0;1050;0;650;0;150;0;1850;0;-1850
15.01.2021 23:00:00;16.01.2021 00:00:00;0;0;1050;0;650;0;150;0;1850;0;-1850
16.01.2021 00:00:00;16.01.2021 01:00:00;0;0;1000;0;650;0;150;0;1800;0;-1800
16.01.2021 01:00:00;16.01.2021 02:00:00;0;0;1000;0;650;0;150;0;1800;0;-1800
16.01.2021 02:00:00;16.01.2021 03:00:00;0;0;1000;0;650;0;150;0;1800;0;-1800
16.01.2021 03:00:00;16.01.2021 04:00:00;0;0;1000;0;650;0;150;0;1800;0;-1800
16.01.2021 04:00:00;16.01.2021 05:00:00;0;0;1000;0;650;0;150;0;1800;0;-1800
16.01.2021 05:00:00;16.01.2021 06:00:00;0;0;1000;0;650;0;150;0;1800;0;-1800
16.01.2021 06:00:00;16.01.2021 07:00:00;0;0;1000;0;636.3;0;150;0;1786.3;0;-1786.3
16.01.2021 07:00:00;16.01.2021 08:00:00;0;0;974.2;0;650;0;150;0;1774.2;0;-1774.2
16.01.2021 08:00:00;16.01.2021 09:00:00;0;0;991.2;0;586.1;0;150;0;1727.3;0;-1727.3
16.01.2021 09:00:00;16.01.2021 10:00:00;0;0;1000;0;581.6;0;150;0;1731.6;0;-1731.6
16.01.2021 10:00:00;16.01.2021 11:00:00;0;0;930.3;0;619.9;0;150;0;1700.2;0;-1700.2
16.01.2021 11:00:00;16.01.2021 12:00:00;0;0;880.7;0;646.7;0;150;0;1677.4;0;-1677.4
16.01.2021 12:00:00;16.01.2021 13:00:00;0;0;870.8;0;650;0;150;0;1670.8;0;-1670.8
16.01.2021 13:00:00;16.01.2021 14:00:00;0;0;856.9;0;650;0;150;0;1656.9;0;-1656.9
16.01.2021 14:00:00;16.01.2021 15:00:00;0;0;834.6;0;650;0;150;0;1634.6;0;-1634.6
16.01.2021 15:00:00;16.01.2021 16:00:00;0;0;850;0;650;0;150;0;1650;0;-1650
16.01.2021 16:00:00;16.01.2021 17:00:00;0;0;849.5;0;650;0;150;0;1649.5;0;-1649.5
16.01.2021 17:00:00;16.01.2021 18:00:00;0;0;863.8;0;650;0;150;0;1663.8;0;-1663.8
16.01.2021 18:00:00;16.01.2021 19:00:00;0;0;864;0;650;0;150;0;1664;0;-1664
16.01.2021 19:00:00;16.01.2021 20:00:00;0;0;875.7;0;650;0;150;0;1675.7;0;-1675.7
16.01.2021 20:00:00;16.01.2021 21:00:00;0;0;880.3;0;650;0;150;0;1680.3;0;-1680.3
16.01.2021 21:00:00;16.01.2021 22:00:00;0;0;980.1;0;582.6;0;150;0;1712.7;0;-1712.7
16.01.2021 22:00:00;16.01.2021 23:00:00;0;0;1000;0;574.5;0;150;0;1724.5;0;-1724.5
16.01.2021 23:00:00;17.01.2021 00:00:00;0;0;1000;0;591.7;0;150;0;1741.7;0;-1741.7
17.01.2021 00:00:00;17.01.2021 01:00:00;0;0;980.5;0;650;0;150;0;1780.5;0;-1780.5
17.01.2021 01:00:00;17.01.2021 02:00:00;0;0;992.2;0;650;0;150;0;1792.2;0;-1792.2
17.01.2021 02:00:00;17.01.2021 03:00:00;0;0;1000;0;650;0;150;0;1800;0;-1800
17.01.2021 03:00:00;17.01.2021 04:00:00;0;0;1000;0;650;0;150;0;1800;0;-1800
17.01.2021 04:00:00;17.01.2021 05:00:00;0;0;1000;0;650;0;150;0;1800;0;-1800
17.01.2021 05:00:00;17.01.2021 06:00:00;0;0;992.1;0;650;0;150;0;1792.1;0;-1792.1
17.01.2021 06:00:00;17.01.2021 07:00:00;0;0;943.2;0;650;0;150;0;1743.2;0;-1743.2
17.01.2021 07:00:00;17.01.2021 08:00:00;0;0;862.4;0;650;0;150;0;1662.4;0;-1662.4
17.01.2021 08:00:00;17.01.2021 09:00:00;0;0;842.6;0;650;0;150;0;1642.6;0;-1642.6
17.01.2021 09:00:00;17.01.2021 10:00:00;0;0;835.3;0;650;0;150;0;1635.3;0;-1635.3
17.01.2021 10:00:00;17.01.2021 11:00:00;0;0;828.6;0;634.9;0;150;0;1613.5;0;-1613.5
17.01.2021 11:00:00;17.01.2021 12:00:00;0;0;866.4;0;595.1;0;150;0;1611.5;0;-1611.5
17.01.2021 12:00:00;17.01.2021 13:00:00;0;0;886.2;0;556.3;0;150;0;1592.5;0;-1592.5
17.01.2021 13:00:00;17.01.2021 14:00:00;0;0;897.7;0;528.3;0;150;0;1576;0;-1576
17.01.2021 14:00:00;17.01.2021 15:00:00;0;0;927.7;0;466.5;0;150;0;1544.2;0;-1544.2
17.01.2021 15:00:00;17.01.2021 16:00:00;0;0;967.1;0;394.3;0;150;0;1511.4;0;-1511.4
17.01.2021 16:00:00;17.01.2021 17:00:00;0;0;1000;0;362.5;0;150;0;1512.5;0;-1512.5
17.01.2021 17:00:00;17.01.2021 18:00:00;0;0;1000;0;371.6;0;150;0;1521.6;0;-1521.6
17.01.2021 18:00:00;17.01.2021 19:00:00;0;0;1000;0;369.5;0;150;0;1519.5;0;-1519.5
17.01.2021 19:00:00;17.01.2021 20:00:00;0;0;1000;0;388.1;0;150;0;1538.1;0;-1538.1
17.01.2021 20:00:00;17.01.2021 21:00:00;0;0;954.8;0;443.5;0;150;0;1548.3;0;-1548.3
17.01.2021 21:00:00;17.01.2021 22:00:00;0;0;1000;0;419.8;0;150;0;1569.8;0;-1569.8
17.01.2021 22:00:00;17.01.2021 23:00:00;0;0;1000;0;448;0;150;0;1598;0;-1598
17.01.2021 23:00:00;18.01.2021 00:00:00;0;0;1000;0;495.3;0;150;0;1645.3;0;-1645.3
18.01.2021 00:00:00;18.01.2021 01:00:00;0;0;1000;0;584.4;0;150;0;1734.4;0;-1734.4
18.01.2021 01:00:00;18.01.2021 02:00:00;0;0;1000;0;633.6;0;150;0;1783.6;0;-1783.6
18.01.2021 02:00:00;18.01.2021 03:00:00;0;0;1000;0;648.7;0;150;0;1798.7;0;-1798.7
18.01.2021 03:00:00;18.01.2021 04:00:00;0;0;1000;0;650;0;150;0;1800;0;-1800
18.01.2021 04:00:00;18.01.2021 05:00:00;0;0;1000;0;634.3;0;150;0;1784.3;0;-1784.3
18.01.2021 05:00:00;18.01.2021 06:00:00;0;0;1000;0;600.8;0;150;0;1750.8;0;-1750.8
18.01.2021 06:00:00;18.01.2021 07:00:00;0;0;1000;0;514.7;0;150;0;1664.7;0;-1664.7
18.01.2021 07:00:00;18.01.2021 08:00:00;0;0;947.1;0;499.1;0;150;0;1596.2;0;-1596.2
18.01.2021 08:00:00;18.01.2021 09:00:00;0;0;983.1;0;433.4;0;150;0;1566.5;0;-1566.5
18.01.2021 09:00:00;18.01.2021 10:00:00;0;0;952.3;0;450.5;0;150;0;1552.8;0;-1552.8
18.01.2021 10:00:00;18.01.2021 11:00:00;0;0;883.7;0;518;0;150;0;1551.7;0;-1551.7
18.01.2021 11:00:00;18.01.2021 12:00:00;0;0;825.9;0;575.6;0;150;0;1551.5;0;-1551.5
18.01.2021 12:00:00;18.01.2021 13:00:00;0;0;757.4;0;614.6;0;150;0;1522;0;-1522
18.01.2021 13:00:00;18.01.2021 14:00:00;0;0;719.4;0;650;0;150;0;1519.4;0;-1519.4
18.01.2021 14:00:00;18.01.2021 15:00:00;0;0;715;0;650;0;150;0;1515;0;-1515
18.01.2021 15:00:00;18.01.2021 16:00:00;0;0;654.2;0;650;0;150;0;1454.2;0;-1454.2
18.01.2021 16:00:00;18.01.2021 17:00:00;0;0;669;0;650;0;150;0;1469;0;-1469
18.01.2021 17:00:00;18.01.2021 18:00:00;0;0;685.7;0;650;0;150;0;1485.7;0;-1485.7
18.01.2021 18:00:00;18.01.2021 19:00:00;0;0;689.1;0;650;0;150;0;1489.1;0;-1489.1
18.01.2021 19:00:00;18.01.2021 20:00:00;0;0;692.8;0;650;0;150;0;1492.8;0;-1492.8
18.01.2021 20:00:00;18.01.2021 21:00:00;0;0;760.8;0;593.6;0;150;0;1504.4;0;-1504.4
18.01.2021 21:00:00;18.01.2021 22:00:00;0;0;942.1;0;461.7;0;150;0;1553.8;0;-1553.8
18.01.2021 22:00:00;18.01.2021 23:00:00;0;0;944.9;0;489.8;0;150;0;1584.7;0;-1584.7
18.01.2021 23:00:00;19.01.2021 00:00:00;0;0;808.1;0;650;0;150;0;1608.1;0;-1608.1
19.01.2021 00:00:00;19.01.2021 01:00:00;0;0;948.1;0;650;0;150;0;1748.1;0;-1748.1
19.01.2021 01:00:00;19.01.2021 02:00:00;0;0;966.6;0;650;0;150;0;1766.6;0;-1766.6
19.01.2021 02:00:00;19.01.2021 03:00:00;0;0;983.9;0;650;0;150;0;1783.9;0;-1783.9
19.01.2021 03:00:00;19.01.2021 04:00:00;0;0;966.6;0;650;0;150;0;1766.6;0;-1766.6
19.01.2021 04:00:00;19.01.2021 05:00:00;0;0;959.8;0;650;0;150;0;1759.8;0;-1759.8
19.01.2021 05:00:00;19.01.2021 06:00:00;0;0;939.8;0;650;0;150;0;1739.8;0;-1739.8
19.01.2021 06:00:00;19.01.2021 07:00:00;0;0;918.2;0;650;0;150;0;1718.2;0;-1718.2
19.01.2021 07:00:00;19.01.2021 08:00:00;0;0;853.8;0;650;0;150;0;1653.8;0;-1653.8
19.01.2021 08:00:00;19.01.2021 09:00:00;0;0;820;0;650;0;150;0;1620;0;-1620
19.01.2021 09:00:00;19.01.2021 10:00:00;0;0;826.4;0;649.5;0;150;0;1625.9;0;-1625.9
19.01.2021 10:00:00;19.01.2021 11:00:00;0;0;814.7;0;650;0;150;0;1614.7;0;-1614.7
19.01.2021 11:00:00;19.01.2021 12:00:00;0;0;828.2;0;650;0;150;0;1628.2;0;-1628.2
19.01.2021 12:00:00;19.01.2021 13:00:00;0;0;804.4;0;650;0;150;0;1604.4;0;-1604.4
19.01.2021 13:00:00;19.01.2021 14:00:00;0;0;794.6;0;650;0;150;0;1594.6;0;-1594.6
19.01.2021 14:00:00;19.01.2021 15:00:00;0;0;768.9;0;650;0;150;0;1568.9;0;-1568.9
19.01.2021 15:00:00;19.01.2021 16:00:00;0;0;675.3;0;650;0;150;0;1475.3;0;-1475.3
19.01.2021 16:00:00;19.01.2021 17:00:00;0;0;708.3;0;650;0;150;0;1508.3;0;-1508.3
19.01.2021 17:00:00;19.01.2021 18:00:00;0;0;716.1;0;650;0;150;0;1516.1;0;-1516.1
19.01.2021 18:00:00;19.01.2021 19:00:00;0;0;748.5;0;650;0;150;0;1548.5;0;-1548.5
19.01.2021 19:00:00;19.01.2021 20:00:00;0;0;773.6;0;650;0;150;0;1573.6;0;-1573.6
19.01.2021 20:00:00;19.01.2021 21:00:00;0;0;842;0;650;0;150;0;1642;0;-1642
19.01.2021 21:00:00;19.01.2021 22:00:00;0;0;855.2;0;650;0;150;0;1655.2;0;-1655.2
19.01.2021 22:00:00;19.01.2021 23:00:00;0;0;873.2;0;650;0;150;0;1673.2;0;-1673.2
19.01.2021 23:00:00;20.01.2021 00:00:00;0;0;829.5;0;650;0;92.3;0;1571.8;0;-1571.8
20.01.2021 00:00:00;20.01.2021 01:00:00;0;0;837.1;0;466;0;150;0;1453.1;0;-1453.1
20.01.2021 01:00:00;20.01.2021 02:00:00;0;0;1000;0;408.6;0;0;0;1408.6;0;-1408.6
20.01.2021 02:00:00;20.01.2021 03:00:00;0;0;1000;0;353.4;0;0;0;1353.4;0;-1353.4
20.01.2021 03:00:00;20.01.2021 04:00:00;0;0;1000;0;264.2;0;0;0;1264.2;0;-1264.2
20.01.2021 04:00:00;20.01.2021 05:00:00;0;0;987.9;0;448.5;0;0;0;1436.4;0;-1436.4
20.01.2021 05:00:00;20.01.2021 06:00:00;0;0;900.8;0;464.8;0;150;0;1515.6;0;-1515.6
20.01.2021 06:00:00;20.01.2021 07:00:00;0;0;732.7;0;650;0;150;0;1532.7;0;-1532.7
20.01.2021 07:00:00;20.01.2021 08:00:00;0;0;860.2;0;650;0;150;0;1660.2;0;-1660.2
20.01.2021 08:00:00;20.01.2021 09:00:00;0;0;799.2;0;650;0;150;0;1599.2;0;-1599.2
20.01.2021 09:00:00;20.01.2021 10:00:00;0;0;806.4;0;622.2;0;150;0;1578.6;0;-1578.6
20.01.2021 10:00:00;20.01.2021 11:00:00;0;0;788.7;0;647.7;0;150;0;1586.4;0;-1586.4
20.01.2021 11:00:00;20.01.2021 12:00:00;0;0;794.9;0;650;0;150;0;1594.9;0;-1594.9
20.01.2021 12:00:00;20.01.2021 13:00:00;0;0;759.8;0;650;0;150;0;1559.8;0;-1559.8
20.01.2021 13:00:00;20.01.2021 14:00:00;0;0;751.7;0;650;0;150;0;1551.7;0;-1551.7
20.01.2021 14:00:00;20.01.2021 15:00:00;0;0;744.7;0;650;0;150;0;1544.7;0;-1544.7
20.01.2021 15:00:00;20.01.2021 16:00:00;0;0;710.2;0;650;0;150;0;1510.2;0;-1510.2
20.01.2021 16:00:00;20.01.2021 17:00:00;0;0;730.4;0;650;0;150;0;1530.4;0;-1530.4
20.01.2021 17:00:00;20.01.2021 18:00:00;0;0;759.6;0;650;0;150;0;1559.6;0;-1559.6
20.01.2021 18:00:00;20.01.2021 19:00:00;0;0;679.3;0;650;0;150;0;1479.3;0;-1479.3
20.01.2021 19:00:00;20.01.2021 20:00:00;0;0;683.3;0;650;0;150;0;1483.3;0;-1483.3
20.01.2021 20:00:00;20.01.2021 21:00:00;0;0;695.9;0;650;0;150;0;1495.9;0;-1495.9
20.01.2021 21:00:00;20.01.2021 22:00:00;0;0;686;0;605.8;0;150;0;1441.8;0;-1441.8
20.01.2021 22:00:00;20.01.2021 23:00:00;0;0;997.2;0;368.3;0;16.1;0;1381.6;0;-1381.6
20.01.2021 23:00:00;21.01.2021 00:00:00;0;0;671.6;0;0;0;0;0;671.6;0;-671.6
21.01.2021 00:00:00;21.01.2021 01:00:00;0;0;739.6;0;0;0;0;0;739.6;0;-739.6
21.01.2021 01:00:00;21.01.2021 02:00:00;0;0;244.9;0;0;237;0;250;244.9;487;242.1
21.01.2021 02:00:00;21.01.2021 03:00:00;0;0;68;0;0;367.2;0;250;68;617.2;549.2
21.01.2021 03:00:00;21.01.2021 04:00:00;0;0;160.5;0;0;560.2;0;250;160.5;810.2;649.7
21.01.2021 04:00:00;21.01.2021 05:00:00;0;0;47.9;0;0;0.8;0;250;47.9;250.8;202.9
21.01.2021 05:00:00;21.01.2021 06:00:00;0;0;525.3;0;144.7;0;0;0;670;0;-670
21.01.2021 06:00:00;21.01.2021 07:00:00;0;0;753.2;0;329.1;0;150;0;1232.3;0;-1232.3
21.01.2021 07:00:00;21.01.2021 08:00:00;0;0;855.5;0;230;0;150;0;1235.5;0;-1235.5
21.01.2021 08:00:00;21.01.2021 09:00:00;0;0;816.5;0;197;0;150;0;1163.5;0;-1163.5
21.01.2021 09:00:00;21.01.2021 10:00:00;0;0;844.3;0;160.5;0;150;0;1154.8;0;-1154.8
21.01.2021 10:00:00;21.01.2021 11:00:00;0;0;858.8;0;139.7;0;150;0;1148.5;0;-1148.5
21.01.2021 11:00:00;21.01.2021 12:00:00;0;0;874.3;0;109.2;0;150;0;1133.5;0;-1133.5
21.01.2021 12:00:00;21.01.2021 13:00:00;0;0;890.1;0;95.5;0;150;0;1135.6;0;-1135.6
21.01.2021 13:00:00;21.01.2021 14:00:00;0;0;892.4;0;72.1;0;150;0;1114.5;0;-1114.5
21.01.2021 14:00:00;21.01.2021 15:00:00;0;0;881.1;0;45.2;0;150;0;1076.3;0;-1076.3
21.01.2021 15:00:00;21.01.2021 16:00:00;0;0;865.4;0;48.8;0;150;0;1064.2;0;-1064.2
21.01.2021 16:00:00;21.01.2021 17:00:00;0;0;884.6;0;39.2;0;150;0;1073.8;0;-1073.8
21.01.2021 17:00:00;21.01.2021 18:00:00;0;0;850.4;0;66.9;0;150;0;1067.3;0;-1067.3
21.01.2021 18:00:00;21.01.2021 19:00:00;0;0;862.6;0;92;0;150;0;1104.6;0;-1104.6
21.01.2021 19:00:00;21.01.2021 20:00:00;0;0;870.1;0;96;0;150;0;1116.1;0;-1116.1
21.01.2021 20:00:00;21.01.2021 21:00:00;0;0;868.4;0;117.6;0;150;0;1136;0;-1136
21.01.2021 21:00:00;21.01.2021 22:00:00;0;0;901.3;0;118;0;150;0;1169.3;0;-1169.3
21.01.2021 22:00:00;21.01.2021 23:00:00;0;0;1000;0;0;0;137.1;0;1137.1;0;-1137.1
21.01.2021 23:00:00;22.01.2021 00:00:00;0;0;716.4;0;0;313.9;0;0;716.4;313.9;-402.5
22.01.2021 00:00:00;22.01.2021 01:00:00;0;0;499;0;0;300;0;100;499;400;-99
22.01.2021 01:00:00;22.01.2021 02:00:00;0;0;474.8;0;0;300;0;100;474.8;400;-74.8
22.01.2021 02:00:00;22.01.2021 03:00:00;0;0;256.1;0;0;300;0;100;256.1;400;143.9
22.01.2021 03:00:00;22.01.2021 04:00:00;0;0;239.1;0;0;300;0;100;239.1;400;160.9
22.01.2021 04:00:00;22.01.2021 05:00:00;0;0;374.9;0;0;300;0;100;374.9;400;25.1
22.01.2021 05:00:00;22.01.2021 06:00:00;0;0;600;0;400;0;100;0;1100;0;-1100
22.01.2021 06:00:00;22.01.2021 07:00:00;0;0;600;0;400;0;100;0;1100;0;-1100
22.01.2021 07:00:00;22.01.2021 08:00:00;0;0;600;0;400;0;100;0;1100;0;-1100
22.01.2021 08:00:00;22.01.2021 09:00:00;0;0;600;0;383.6;0;100;0;1083.6;0;-1083.6
22.01.2021 09:00:00;22.01.2021 10:00:00;0;0;600;0;397;0;100;0;1097;0;-1097
22.01.2021 10:00:00;22.01.2021 11:00:00;0;0;600;0;400;0;100;0;1100;0;-1100
22.01.2021 11:00:00;22.01.2021 12:00:00;0;0;600;0;400;0;100;0;1100;0;-1100
22.01.2021 12:00:00;22.01.2021 13:00:00;0;0;600;0;400;0;100;0;1100;0;-1100
22.01.2021 13:00:00;22.01.2021 14:00:00;0;0;600;0;400;0;100;0;1100;0;-1100
22.01.2021 14:00:00;22.01.2021 15:00:00;0;0;600;0;400;0;100;0;1100;0;-1100
22.01.2021 15:00:00;22.01.2021 16:00:00;0;0;600;0;400;0;100;0;1100;0;-1100
22.01.2021 16:00:00;22.01.2021 17:00:00;0;0;600;0;400;0;100;0;1100;0;-1100
22.01.2021 17:00:00;22.01.2021 18:00:00;0;0;600;0;400;0;100;0;1100;0;-1100
22.01.2021 18:00:00;22.01.2021 19:00:00;0;0;600;0;400;0;100;0;1100;0;-1100
22.01.2021 19:00:00;22.01.2021 20:00:00;0;0;600;0;400;0;100;0;1100;0;-1100
22.01.2021 20:00:00;22.01.2021 21:00:00;0;0;600;0;400;0;100;0;1100;0;-1100
22.01.2021 21:00:00;22.01.2021 22:00:00;0;0;600;0;400;0;100;0;1100;0;-1100
22.01.2021 22:00:00;22.01.2021 23:00:00;0;0;600;0;316.1;0;100;0;1016.1;0;-1016.1
22.01.2021 23:00:00;23.01.2021 00:00:00;0;0;600;0;0;118;0;0;600;118;-482
23.01.2021 00:00:00;23.01.2021 01:00:00;0;0;1000;0;0;483.7;0;0;1000;483.7;-516.3
23.01.2021 01:00:00;23.01.2021 02:00:00;0;0;1000;0;0;491.9;0;0;1000;491.9;-508.1
23.01.2021 02:00:00;23.01.2021 03:00:00;0;0;1000;0;0;475.7;0;0;1000;475.7;-524.3
23.01.2021 03:00:00;23.01.2021 04:00:00;0;0;1000;0;0;423.4;0;0;1000;423.4;-576.6
23.01.2021 04:00:00;23.01.2021 05:00:00;0;0;1000;0;0;133.6;0;0;1000;133.6;-866.4
23.01.2021 05:00:00;23.01.2021 06:00:00;0;0;1000;0;0;0;59.3;0;1059.3;0;-1059.3
23.01.2021 06:00:00;23.01.2021 07:00:00;0;0;927.4;0;0;0;150;0;1077.4;0;-1077.4
23.01.2021 07:00:00;23.01.2021 08:00:00;0;0;1000;0;120.3;0;150;0;1270.3;0;-1270.3
23.01.2021 08:00:00;23.01.2021 09:00:00;0;0;1000;0;97.9;0;150;0;1247.9;0;-1247.9
23.01.2021 09:00:00;23.01.2021 10:00:00;0;0;1000;0;57.2;0;150;0;1207.2;0;-1207.2
23.01.2021 10:00:00;23.01.2021 11:00:00;0;0;963.3;0;56.4;0;150;0;1169.7;0;-1169.7
23.01.2021 11:00:00;23.01.2021 12:00:00;0;0;968.9;0;58.7;0;150;0;1177.6;0;-1177.6
23.01.2021 12:00:00;23.01.2021 13:00:00;0;0;924.4;0;95.9;0;150;0;1170.3;0;-1170.3
23.01.2021 13:00:00;23.01.2021 14:00:00;0;0;892.6;0;113;0;150;0;1155.6;0;-1155.6
23.01.2021 14:00:00;23.01.2021 15:00:00;0;0;878.8;0;139.9;0;150;0;1168.7;0;-1168.7
23.01.2021 15:00:00;23.01.2021 16:00:00;0;0;849.3;0;169.8;0;150;0;1169.1;0;-1169.1
23.01.2021 16:00:00;23.01.2021 17:00:00;0;0;825.2;0;210.4;0;150;0;1185.6;0;-1185.6
23.01.2021 17:00:00;23.01.2021 18:00:00;0;0;790.6;0;262.3;0;150;0;1202.9;0;-1202.9
23.01.2021 18:00:00;23.01.2021 19:00:00;0;0;772.8;0;248.2;0;150;0;1171;0;-1171
23.01.2021 19:00:00;23.01.2021 20:00:00;0;0;729.5;0;323.1;0;150;0;1202.6;0;-1202.6
23.01.2021 20:00:00;23.01.2021 21:00:00;0;0;685.9;0;452;0;150;0;1287.9;0;-1287.9
23.01.2021 21:00:00;23.01.2021 22:00:00;0;0;733;0;468.6;0;150;0;1351.6;0;-1351.6
23.01.2021 22:00:00;23.01.2021 23:00:00;0;0;967.7;0;397.4;0;150;0;1515.1;0;-1515.1
23.01.2021 23:00:00;24.01.2021 00:00:00;0;0;1000;0;253.6;0;150;0;1403.6;0;-1403.6
24.01.2021 00:00:00;24.01.2021 01:00:00;0;0;800;0;400;0;0;0;1200;0;-1200
24.01.2021 01:00:00;24.01.2021 02:00:00;0;0;800;0;400;0;0;0;1200;0;-1200
24.01.2021 02:00:00;24.01.2021 03:00:00;0;0;800;0;400;0;0;0;1200;0;-1200
24.01.2021 03:00:00;24.01.2021 04:00:00;0;0;800;0;400;0;0;0;1200;0;-1200
24.01.2021 04:00:00;24.01.2021 05:00:00;0;0;800;0;400;0;0;0;1200;0;-1200
24.01.2021 05:00:00;24.01.2021 06:00:00;0;0;800;0;400;0;0;0;1200;0;-1200
24.01.2021 06:00:00;24.01.2021 07:00:00;0;0;800;0;400;0;0;0;1200;0;-1200
24.01.2021 07:00:00;24.01.2021 08:00:00;0;0;800;0;400;0;0;0;1200;0;-1200
24.01.2021 08:00:00;24.01.2021 09:00:00;0;0;800;0;400;0;0;0;1200;0;-1200
24.01.2021 09:00:00;24.01.2021 10:00:00;0;0;800;0;400;0;0;0;1200;0;-1200
24.01.2021 10:00:00;24.01.2021 11:00:00;0;0;800;0;400;0;0;0;1200;0;-1200
24.01.2021 11:00:00;24.01.2021 12:00:00;0;0;800;0;400;0;0;0;1200;0;-1200
24.01.2021 12:00:00;24.01.2021 13:00:00;0;0;800;0;400;0;0;0;1200;0;-1200
24.01.2021 13:00:00;24.01.2021 14:00:00;0;0;800;0;400;0;0;0;1200;0;-1200
24.01.2021 14:00:00;24.01.2021 15:00:00;0;0;800;0;400;0;0;0;1200;0;-1200
24.01.2021 15:00:00;24.01.2021 16:00:00;0;0;800;0;400;0;0;0;1200;0;-1200
24.01.2021 16:00:00;24.01.2021 17:00:00;0;0;800;0;400;0;0;0;1200;0;-1200
24.01.2021 17:00:00;24.01.2021 18:00:00;0;0;800;0;400;0;0;0;1200;0;-1200
24.01.2021 18:00:00;24.01.2021 19:00:00;0;0;800;0;400;0;0;0;1200;0;-1200
24.01.2021 19:00:00;24.01.2021 20:00:00;0;0;800;0;400;0;0;0;1200;0;-1200
24.01.2021 20:00:00;24.01.2021 21:00:00;0;0;800;0;400;0;0;0;1200;0;-1200
24.01.2021 21:00:00;24.01.2021 22:00:00;0;0;800;0;400;0;0;0;1200;0;-1200
24.01.2021 22:00:00;24.01.2021 23:00:00;0;0;800;0;400;0;0;0;1200;0;-1200
24.01.2021 23:00:00;25.01.2021 00:00:00;0;0;800;0;400;0;0;0;1200;0;-1200
25.01.2021 00:00:00;25.01.2021 01:00:00;0;0;800;0;500;0;0;0;1300;0;-1300
25.01.2021 01:00:00;25.01.2021 02:00:00;0;0;800;0;500;0;0;0;1300;0;-1300
25.01.2021 02:00:00;25.01.2021 03:00:00;0;0;800;0;500;0;0;0;1300;0;-1300
25.01.2021 03:00:00;25.01.2021 04:00:00;0;0;800;0;500;0;0;0;1300;0;-1300
25.01.2021 04:00:00;25.01.2021 05:00:00;0;0;800;0;500;0;0;0;1300;0;-1300
25.01.2021 05:00:00;25.01.2021 06:00:00;0;0;800;0;500;0;0;0;1300;0;-1300
25.01.2021 06:00:00;25.01.2021 07:00:00;0;0;800;0;500;0;0;0;1300;0;-1300
25.01.2021 07:00:00;25.01.2021 08:00:00;0;0;800;0;500;0;0;0;1300;0;-1300
25.01.2021 08:00:00;25.01.2021 09:00:00;0;0;800;0;500;0;0;0;1300;0;-1300
25.01.2021 09:00:00;25.01.2021 10:00:00;0;0;800;0;500;0;0;0;1300;0;-1300
25.01.2021 10:00:00;25.01.2021 11:00:00;0;0;800;0;500;0;0;0;1300;0;-1300
25.01.2021 11:00:00;25.01.2021 12:00:00;0;0;800;0;500;0;0;0;1300;0;-1300
25.01.2021 12:00:00;25.01.2021 13:00:00;0;0;800;0;500;0;0;0;1300;0;-1300
25.01.2021 13:00:00;25.01.2021 14:00:00;0;0;800;0;500;0;0;0;1300;0;-1300
25.01.2021 14:00:00;25.01.2021 15:00:00;0;0;800;0;500;0;0;0;1300;0;-1300
25.01.2021 15:00:00;25.01.2021 16:00:00;0;0;800;0;469.1;0;0;0;1269.1;0;-1269.1
25.01.2021 16:00:00;25.01.2021 17:00:00;0;0;800;0;480.5;0;0;0;1280.5;0;-1280.5
25.01.2021 17:00:00;25.01.2021 18:00:00;0;0;800;0;473.7;0;0;0;1273.7;0;-1273.7
25.01.2021 18:00:00;25.01.2021 19:00:00;0;0;800;0;416.9;0;0;0;1216.9;0;-1216.9
25.01.2021 19:00:00;25.01.2021 20:00:00;0;0;800;0;441.8;0;0;0;1241.8;0;-1241.8
25.01.2021 20:00:00;25.01.2021 21:00:00;0;0;800;0;456.5;0;0;0;1256.5;0;-1256.5
25.01.2021 21:00:00;25.01.2021 22:00:00;0;0;800;0;489.2;0;0;0;1289.2;0;-1289.2
25.01.2021 22:00:00;25.01.2021 23:00:00;0;0;800;0;500;0;0;0;1300;0;-1300
25.01.2021 23:00:00;26.01.2021 00:00:00;0;0;800;0;500;0;0;0;1300;0;-1300
26.01.2021 00:00:00;26.01.2021 01:00:00;0;0;900;0;489.9;0;0;0;1389.9;0;-1389.9
26.01.2021 01:00:00;26.01.2021 02:00:00;0;0;900;0;500;0;0;0;1400;0;-1400
26.01.2021 02:00:00;26.01.2021 03:00:00;0;0;900;0;500;0;0;0;1400;0;-1400
26.01.2021 03:00:00;26.01.2021 04:00:00;0;0;900;0;500;0;0;0;1400;0;-1400
26.01.2021 04:00:00;26.01.2021 05:00:00;0;0;900;0;500;0;0;0;1400;0;-1400
26.01.2021 05:00:00;26.01.2021 06:00:00;0;0;900;0;500;0;0;0;1400;0;-1400
26.01.2021 06:00:00;26.01.2021 07:00:00;0;0;900;0;500;0;0;0;1400;0;-1400
26.01.2021 07:00:00;26.01.2021 08:00:00;0;0;900;0;500;0;0;0;1400;0;-1400
26.01.2021 08:00:00;26.01.2021 09:00:00;0;0;900;0;500;0;0;0;1400;0;-1400
26.01.2021 09:00:00;26.01.2021 10:00:00;0;0;900;0;500;0;0;0;1400;0;-1400
26.01.2021 10:00:00;26.01.2021 11:00:00;0;0;900;0;500;0;0;0;1400;0;-1400
26.01.2021 11:00:00;26.01.2021 12:00:00;0;0;900;0;500;0;0;0;1400;0;-1400
26.01.2021 12:00:00;26.01.2021 13:00:00;0;0;900;0;500;0;0;0;1400;0;-1400
26.01.2021 13:00:00;26.01.2021 14:00:00;0;0;900;0;500;0;0;0;1400;0;-1400
26.01.2021 14:00:00;26.01.2021 15:00:00;0;0;900;0;500;0;0;0;1400;0;-1400
26.01.2021 15:00:00;26.01.2021 16:00:00;0;0;900;0;500;0;0;0;1400;0;-1400
26.01.2021 16:00:00;26.01.2021 17:00:00;0;0;900;0;500;0;0;0;1400;0;-1400
26.01.2021 17:00:00;26.01.2021 18:00:00;0;0;900;0;500;0;0;0;1400;0;-1400
26.01.2021 18:00:00;26.01.2021 19:00:00;0;0;900;0;500;0;0;0;1400;0;-1400
26.01.2021 19:00:00;26.01.2021 20:00:00;0;0;900;0;500;0;0;0;1400;0;-1400
26.01.2021 20:00:00;26.01.2021 21:00:00;0;0;900;0;500;0;0;0;1400;0;-1400
26.01.2021 21:00:00;26.01.2021 22:00:00;0;0;900;0;500;0;0;0;1400;0;-1400
26.01.2021 22:00:00;26.01.2021 23:00:00;0;0;900;0;500;0;0;0;1400;0;-1400
26.01.2021 23:00:00;27.01.2021 00:00:00;0;0;900;0;500;0;0;0;1400;0;-1400
27.01.2021 00:00:00;27.01.2021 01:00:00;0;0;900;0;499;0;0;0;1399;0;-1399
27.01.2021 01:00:00;27.01.2021 02:00:00;0;0;900;0;500;0;0;0;1400;0;-1400
27.01.2021 02:00:00;27.01.2021 03:00:00;0;0;900;0;500;0;0;0;1400;0;-1400
27.01.2021 03:00:00;27.01.2021 04:00:00;0;0;900;0;500;0;0;0;1400;0;-1400
27.01.2021 04:00:00;27.01.2021 05:00:00;0;0;898.2;0;500;0;0;0;1398.2;0;-1398.2
27.01.2021 05:00:00;27.01.2021 06:00:00;0;0;885.3;0;500;0;0;0;1385.3;0;-1385.3
27.01.2021 06:00:00;27.01.2021 07:00:00;0;0;900;0;418.9;0;0;0;1318.9;0;-1318.9
27.01.2021 07:00:00;27.01.2021 08:00:00;0;0;900;0;468.1;0;0;0;1368.1;0;-1368.1
27.01.2021 08:00:00;27.01.2021 09:00:00;0;0;900;0;500;0;0;0;1400;0;-1400
27.01.2021 09:00:00;27.01.2021 10:00:00;0;0;900;0;500;0;0;0;1400;0;-1400
27.01.2021 10:00:00;27.01.2021 11:00:00;0;0;900;0;487.7;0;0;0;1387.7;0;-1387.7
27.01.2021 11:00:00;27.01.2021 12:00:00;0;0;900;0;500;0;0;0;1400;0;-1400
27.01.2021 12:00:00;27.01.2021 13:00:00;0;0;900;0;500;0;0;0;1400;0;-1400
27.01.2021 13:00:00;27.01.2021 14:00:00;0;0;900;0;500;0;0;0;1400;0;-1400
27.01.2021 14:00:00;27.01.2021 15:00:00;0;0;900;0;500;0;0;0;1400;0;-1400
27.01.2021 15:00:00;27.01.2021 16:00:00;0;0;900;0;448.9;0;0;0;1348.9;0;-1348.9
27.01.2021 16:00:00;27.01.2021 17:00:00;0;0;900;0;441;0;0;0;1341;0;-1341
27.01.2021 17:00:00;27.01.2021 18:00:00;0;0;900;0;455.7;0;0;0;1355.7;0;-1355.7
27.01.2021 18:00:00;27.01.2021 19:00:00;0;0;900;0;434.3;0;0;0;1334.3;0;-1334.3
27.01.2021 19:00:00;27.01.2021 20:00:00;0;0;900;0;427.2;0;0;0;1327.2;0;-1327.2
27.01.2021 20:00:00;27.01.2021 21:00:00;0;0;900;0;418.5;0;0;0;1318.5;0;-1318.5
27.01.2021 21:00:00;27.01.2021 22:00:00;0;0;900;0;438.9;0;0;0;1338.9;0;-1338.9
27.01.2021 22:00:00;27.01.2021 23:00:00;0;0;900;0;447.3;0;0;0;1347.3;0;-1347.3
27.01.2021 23:00:00;28.01.2021 00:00:00;0;0;900;0;500;0;0;0;1400;0;-1400
28.01.2021 00:00:00;28.01.2021 01:00:00;0;0;1000;0;301.1;0;150;0;1451.1;0;-1451.1
28.01.2021 01:00:00;28.01.2021 02:00:00;0;0;876.5;0;449.8;0;150;0;1476.3;0;-1476.3
28.01.2021 02:00:00;28.01.2021 03:00:00;0;0;885.1;0;476.3;0;150;0;1511.4;0;-1511.4
28.01.2021 03:00:00;28.01.2021 04:00:00;0;0;870.5;0;491.3;0;150;0;1511.8;0;-1511.8
28.01.2021 04:00:00;28.01.2021 05:00:00;0;0;749.3;0;616.7;0;150;0;1516;0;-1516
28.01.2021 05:00:00;28.01.2021 06:00:00;0;0;887;0;456;0;150;0;1493;0;-1493
28.01.2021 06:00:00;28.01.2021 07:00:00;0;0;792;0;541.8;0;150;0;1483.8;0;-1483.8
28.01.2021 07:00:00;28.01.2021 08:00:00;0;0;892.7;0;489.7;0;150;0;1532.4;0;-1532.4
28.01.2021 08:00:00;28.01.2021 09:00:00;0;0;852.3;0;496.2;0;150;0;1498.5;0;-1498.5
28.01.2021 09:00:00;28.01.2021 10:00:00;0;0;740.2;0;597.5;0;150;0;1487.7;0;-1487.7
28.01.2021 10:00:00;28.01.2021 11:00:00;0;0;740.4;0;597;0;150;0;1487.4;0;-1487.4
28.01.2021 11:00:00;28.01.2021 12:00:00;0;0;805;0;481.3;0;150;0;1436.3;0;-1436.3
28.01.2021 12:00:00;28.01.2021 13:00:00;0;0;749;0;542.6;0;150;0;1441.6;0;-1441.6
28.01.2021 13:00:00;28.01.2021 14:00:00;0;0;723;0;573.2;0;150;0;1446.2;0;-1446.2
28.01.2021 14:00:00;28.01.2021 15:00:00;0;0;666.5;0;602.7;0;150;0;1419.2;0;-1419.2
28.01.2021 15:00:00;28.01.2021 16:00:00;0;0;545.3;0;650;0;150;0;1345.3;0;-1345.3
28.01.2021 16:00:00;28.01.2021 17:00:00;0;0;530.9;0;650;0;150;0;1330.9;0;-1330.9
28.01.2021 17:00:00;28.01.2021 18:00:00;0;0;571.5;0;648.4;0;150;0;1369.9;0;-1369.9
28.01.2021 18:00:00;28.01.2021 19:00:00;0;0;614.3;0;619.1;0;150;0;1383.4;0;-1383.4
28.01.2021 19:00:00;28.01.2021 20:00:00;0;0;577.7;0;647.8;0;150;0;1375.5;0;-1375.5
28.01.2021 20:00:00;28.01.2021 21:00:00;0;0;679.3;0;516.5;0;150;0;1345.8;0;-1345.8
28.01.2021 21:00:00;28.01.2021 22:00:00;0;0;748.4;0;475.1;0;150;0;1373.5;0;-1373.5
28.01.2021 22:00:00;28.01.2021 23:00:00;0;0;893.1;0;351.2;0;150;0;1394.3;0;-1394.3
28.01.2021 23:00:00;29.01.2021 00:00:00;0;0;901.4;0;402;0;150;0;1453.4;0;-1453.4
29.01.2021 00:00:00;29.01.2021 01:00:00;0;0;730.2;0;650;0;150;0;1530.2;0;-1530.2
29.01.2021 01:00:00;29.01.2021 02:00:00;0;0;763.9;0;650;0;150;0;1563.9;0;-1563.9
29.01.2021 02:00:00;29.01.2021 03:00:00;0;0;782.2;0;650;0;150;0;1582.2;0;-1582.2
29.01.2021 03:00:00;29.01.2021 04:00:00;0;0;776.9;0;650;0;150;0;1576.9;0;-1576.9
29.01.2021 04:00:00;29.01.2021 05:00:00;0;0;774.7;0;650;0;150;0;1574.7;0;-1574.7
29.01.2021 05:00:00;29.01.2021 06:00:00;0;0;752.7;0;650;0;150;0;1552.7;0;-1552.7
29.01.2021 06:00:00;29.01.2021 07:00:00;0;0;709.2;0;650;0;150;0;1509.2;0;-1509.2
29.01.2021 07:00:00;29.01.2021 08:00:00;0;0;692.3;0;650;0;150;0;1492.3;0;-1492.3
29.01.2021 08:00:00;29.01.2021 09:00:00;0;0;664;0;650;0;150;0;1464;0;-1464
29.01.2021 09:00:00;29.01.2021 10:00:00;0;0;712.4;0;587.7;0;150;0;1450.1;0;-1450.1
29.01.2021 10:00:00;29.01.2021 11:00:00;0;0;751.6;0;546.3;0;150;0;1447.9;0;-1447.9
29.01.2021 11:00:00;29.01.2021 12:00:00;0;0;737.6;0;558.1;0;150;0;1445.7;0;-1445.7
29.01.2021 12:00:00;29.01.2021 13:00:00;0;0;750.2;0;533.9;0;150;0;1434.1;0;-1434.1
29.01.2021 13:00:00;29.01.2021 14:00:00;0;0;769.1;0;504.9;0;150;0;1424;0;-1424
29.01.2021 14:00:00;29.01.2021 15:00:00;0;0;771.6;0;489.6;0;150;0;1411.2;0;-1411.2
29.01.2021 15:00:00;29.01.2021 16:00:00;0;0;721.1;0;473;0;150;0;1344.1;0;-1344.1
29.01.2021 16:00:00;29.01.2021 17:00:00;0;0;887.1;0;322.8;0;150;0;1359.9;0;-1359.9
29.01.2021 17:00:00;29.01.2021 18:00:00;0;0;902.6;0;331.6;0;150;0;1384.2;0;-1384.2
29.01.2021 18:00:00;29.01.2021 19:00:00;0;0;915.4;0;293.5;0;150;0;1358.9;0;-1358.9
29.01.2021 19:00:00;29.01.2021 20:00:00;0;0;897.1;0;317.1;0;150;0;1364.2;0;-1364.2
29.01.2021 20:00:00;29.01.2021 21:00:00;0;0;842.5;0;395.8;0;150;0;1388.3;0;-1388.3
29.01.2021 21:00:00;29.01.2021 22:00:00;0;0;956;0;281.4;0;150;0;1387.4;0;-1387.4
29.01.2021 22:00:00;29.01.2021 23:00:00;0;0;897.4;0;318.2;0;150;0;1365.6;0;-1365.6
29.01.2021 23:00:00;30.01.2021 00:00:00;0;0;842.3;0;385.7;0;150;0;1378;0;-1378
30.01.2021 00:00:00;30.01.2021 01:00:00;0;0;844.3;0;365.5;0;150;0;1359.8;0;-1359.8
30.01.2021 01:00:00;30.01.2021 02:00:00;0;0;977.9;0;246.9;0;150;0;1374.8;0;-1374.8
30.01.2021 02:00:00;30.01.2021 03:00:00;0;0;1000;0;250.4;0;150;0;1400.4;0;-1400.4
30.01.2021 03:00:00;30.01.2021 04:00:00;0;0;1000;0;255;0;150;0;1405;0;-1405
30.01.2021 04:00:00;30.01.2021 05:00:00;0;0;1000;0;262.4;0;150;0;1412.4;0;-1412.4
30.01.2021 05:00:00;30.01.2021 06:00:00;0;0;982.1;0;262.7;0;150;0;1394.8;0;-1394.8
30.01.2021 06:00:00;30.01.2021 07:00:00;0;0;971.3;0;275;0;150;0;1396.3;0;-1396.3
30.01.2021 07:00:00;30.01.2021 08:00:00;0;0;942.9;0;298.1;0;150;0;1391;0;-1391
30.01.2021 08:00:00;30.01.2021 09:00:00;0;0;1000;0;372.3;0;150;0;1522.3;0;-1522.3
30.01.2021 09:00:00;30.01.2021 10:00:00;0;0;1000;0;367.6;0;150;0;1517.6;0;-1517.6
30.01.2021 10:00:00;30.01.2021 11:00:00;0;0;1000;0;332.2;0;150;0;1482.2;0;-1482.2
30.01.2021 11:00:00;30.01.2021 12:00:00;0;0;1000;0;317.2;0;150;0;1467.2;0;-1467.2
30.01.2021 12:00:00;30.01.2021 13:00:00;0;0;1000;0;306.1;0;150;0;1456.1;0;-1456.1
30.01.2021 13:00:00;30.01.2021 14:00:00;0;0;1000;0;304.4;0;150;0;1454.4;0;-1454.4
30.01.2021 14:00:00;30.01.2021 15:00:00;0;0;1000;0;302.7;0;150;0;1452.7;0;-1452.7
30.01.2021 15:00:00;30.01.2021 16:00:00;0;0;1000;0;309.5;0;150;0;1459.5;0;-1459.5
30.01.2021 16:00:00;30.01.2021 17:00:00;0;0;1000;0;334.1;0;150;0;1484.1;0;-1484.1
30.01.2021 17:00:00;30.01.2021 18:00:00;0;0;1000;0;328.5;0;150;0;1478.5;0;-1478.5
30.01.2021 18:00:00;30.01.2021 19:00:00;0;0;1000;0;308.3;0;150;0;1458.3;0;-1458.3
30.01.2021 19:00:00;30.01.2021 20:00:00;0;0;1000;0;322.5;0;150;0;1472.5;0;-1472.5
30.01.2021 20:00:00;30.01.2021 21:00:00;0;0;1000;0;249.6;0;150;0;1399.6;0;-1399.6
30.01.2021 21:00:00;30.01.2021 22:00:00;0;0;904.4;0;314.4;0;150;0;1368.8;0;-1368.8
30.01.2021 22:00:00;30.01.2021 23:00:00;0;0;924.2;0;307.5;0;150;0;1381.7;0;-1381.7
30.01.2021 23:00:00;31.01.2021 00:00:00;0;0;863.9;0;450.7;0;84.3;0;1398.9;0;-1398.9
31.01.2021 00:00:00;31.01.2021 01:00:00;0;0;1000;0;349.9;0;19.6;0;1369.5;0;-1369.5
31.01.2021 01:00:00;31.01.2021 02:00:00;0;0;977.9;0;404.3;0;0;0;1382.2;0;-1382.2
31.01.2021 02:00:00;31.01.2021 03:00:00;0;0;972.6;0;417.7;0;0;0;1390.3;0;-1390.3
31.01.2021 03:00:00;31.01.2021 04:00:00;0;0;984.3;0;398.2;0;0;0;1382.5;0;-1382.5
31.01.2021 04:00:00;31.01.2021 05:00:00;0;0;973.9;0;405.7;0;0;0;1379.6;0;-1379.6
31.01.2021 05:00:00;31.01.2021 06:00:00;0;0;929.4;0;431.4;0;0;0;1360.8;0;-1360.8
31.01.2021 06:00:00;31.01.2021 07:00:00;0;0;764.8;0;586.3;0;0;0;1351.1;0;-1351.1
31.01.2021 07:00:00;31.01.2021 08:00:00;0;0;712.4;0;613.9;0;0;0;1326.3;0;-1326.3
31.01.2021 08:00:00;31.01.2021 09:00:00;0;0;753.2;0;470.5;0;150;0;1373.7;0;-1373.7
31.01.2021 09:00:00;31.01.2021 10:00:00;0;0;859.5;0;361;0;150;0;1370.5;0;-1370.5
31.01.2021 10:00:00;31.01.2021 11:00:00;0;0;884.1;0;305.7;0;150;0;1339.8;0;-1339.8
31.01.2021 11:00:00;31.01.2021 12:00:00;0;0;885.6;0;283.1;0;150;0;1318.7;0;-1318.7
31.01.2021 12:00:00;31.01.2021 13:00:00;0;0;868;0;294.4;0;150;0;1312.4;0;-1312.4
31.01.2021 13:00:00;31.01.2021 14:00:00;0;0;736.3;0;395.4;0;150;0;1281.7;0;-1281.7
31.01.2021 14:00:00;31.01.2021 15:00:00;0;0;708.8;0;395.6;0;150;0;1254.4;0;-1254.4
31.01.2021 15:00:00;31.01.2021 16:00:00;0;0;838.5;0;386.3;0;150;0;1374.8;0;-1374.8
31.01.2021 16:00:00;31.01.2021 17:00:00;0;0;977.7;0;281.9;0;150;0;1409.6;0;-1409.6
31.01.2021 17:00:00;31.01.2021 18:00:00;0;0;1000;0;283.5;0;150;0;1433.5;0;-1433.5
31.01.2021 18:00:00;31.01.2021 19:00:00;0;0;1000;0;286.5;0;150;0;1436.5;0;-1436.5
31.01.2021 19:00:00;31.01.2021 20:00:00;0;0;1000;0;290.6;0;150;0;1440.6;0;-1440.6
31.01.2021 20:00:00;31.01.2021 21:00:00;0;0;1000;0;264.5;0;150;0;1414.5;0;-1414.5
31.01.2021 21:00:00;31.01.2021 22:00:00;0;0;972.6;0;305.7;0;150;0;1428.3;0;-1428.3
31.01.2021 22:00:00;31.01.2021 23:00:00;0;0;963.3;0;329.5;0;150;0;1442.8;0;-1442.8
31.01.2021 23:00:00;01.02.2021 00:00:00;0;0;886.9;0;447.3;0;150;0;1484.2;0;-1484.2
01.02.2021 00:00:00;01.02.2021 01:00:00;0;0;843.2;0;385.1;0;15;0;1243.3;0;-1243.3
01.02.2021 01:00:00;01.02.2021 02:00:00;0;0;856;0;259.1;0;150;0;1265.1;0;-1265.1
01.02.2021 02:00:00;01.02.2021 03:00:00;0;0;843.7;0;279.3;0;150;0;1273;0;-1273
01.02.2021 03:00:00;01.02.2021 04:00:00;0;0;838.3;0;421.7;0;0;0;1260;0;-1260
01.02.2021 04:00:00;01.02.2021 05:00:00;0;0;760;0;509.5;0;0;0;1269.5;0;-1269.5
01.02.2021 05:00:00;01.02.2021 06:00:00;0;0;879.1;0;253.3;0;150;0;1282.4;0;-1282.4
01.02.2021 06:00:00;01.02.2021 07:00:00;0;0;1000;0;111.3;0;150;0;1261.3;0;-1261.3
01.02.2021 07:00:00;01.02.2021 08:00:00;0;0;1000;0;252.2;0;150;0;1402.2;0;-1402.2
01.02.2021 08:00:00;01.02.2021 09:00:00;0;0;1000;0;275.6;0;150;0;1425.6;0;-1425.6
01.02.2021 09:00:00;01.02.2021 10:00:00;0;0;1000;0;224.4;0;150;0;1374.4;0;-1374.4
01.02.2021 10:00:00;01.02.2021 11:00:00;0;0;1000;0;243.3;0;150;0;1393.3;0;-1393.3
01.02.2021 11:00:00;01.02.2021 12:00:00;0;0;1000;0;211.9;0;150;0;1361.9;0;-1361.9
01.02.2021 12:00:00;01.02.2021 13:00:00;0;0;1000;0;205.9;0;150;0;1355.9;0;-1355.9
01.02.2021 13:00:00;01.02.2021 14:00:00;0;0;1000;0;209.1;0;150;0;1359.1;0;-1359.1
01.02.2021 14:00:00;01.02.2021 15:00:00;0;0;1000;0;202.8;0;150;0;1352.8;0;-1352.8
01.02.2021 15:00:00;01.02.2021 16:00:00;0;0;1000;0;221.9;0;150;0;1371.9;0;-1371.9
01.02.2021 16:00:00;01.02.2021 17:00:00;0;0;1000;0;269.7;0;150;0;1419.7;0;-1419.7
01.02.2021 17:00:00;01.02.2021 18:00:00;0;0;1000;0;337;0;150;0;1487;0;-1487
01.02.2021 18:00:00;01.02.2021 19:00:00;0;0;1000;0;318.2;0;150;0;1468.2;0;-1468.2
01.02.2021 19:00:00;01.02.2021 20:00:00;0;0;1000;0;299.5;0;150;0;1449.5;0;-1449.5
01.02.2021 20:00:00;01.02.2021 21:00:00;0;0;1000;0;233;0;150;0;1383;0;-1383
01.02.2021 21:00:00;01.02.2021 22:00:00;0;0;1000;0;252.5;0;150;0;1402.5;0;-1402.5
01.02.2021 22:00:00;01.02.2021 23:00:00;0;0;1000;0;273.3;0;150;0;1423.3;0;-1423.3
01.02.2021 23:00:00;02.02.2021 00:00:00;0;0;1000;0;320;0;150;0;1470;0;-1470
02.02.2021 00:00:00;02.02.2021 01:00:00;0;0;1000;0;268;0;150;0;1418;0;-1418
02.02.2021 01:00:00;02.02.2021 02:00:00;0;0;1000;0;440.1;0;0;0;1440.1;0;-1440.1
02.02.2021 02:00:00;02.02.2021 03:00:00;0;0;1000;0;448.5;0;0;0;1448.5;0;-1448.5
02.02.2021 03:00:00;02.02.2021 04:00:00;0;0;1000;0;439.9;0;0;0;1439.9;0;-1439.9
02.02.2021 04:00:00;02.02.2021 05:00:00;0;0;1000;0;427.4;0;0;0;1427.4;0;-1427.4
02.02.2021 05:00:00;02.02.2021 06:00:00;0;0;1000;0;257;0;150;0;1407;0;-1407
02.02.2021 06:00:00;02.02.2021 07:00:00;0;0;1000;0;234;0;150;0;1384;0;-1384
02.02.2021 07:00:00;02.02.2021 08:00:00;0;0;1000;0;338.9;0;150;0;1488.9;0;-1488.9
02.02.2021 08:00:00;02.02.2021 09:00:00;0;0;1000;0;291.8;0;150;0;1441.8;0;-1441.8
02.02.2021 09:00:00;02.02.2021 10:00:00;0;0;1000;0;286.7;0;150;0;1436.7;0;-1436.7
02.02.2021 10:00:00;02.02.2021 11:00:00;0;0;1000;0;274.4;0;150;0;1424.4;0;-1424.4
02.02.2021 11:00:00;02.02.2021 12:00:00;0;0;1000;0;263.8;0;150;0;1413.8;0;-1413.8
02.02.2021 12:00:00;02.02.2021 13:00:00;0;0;1000;0;303.4;0;150;0;1453.4;0;-1453.4
02.02.2021 13:00:00;02.02.2021 14:00:00;0;0;1000;0;310.5;0;150;0;1460.5;0;-1460.5
02.02.2021 14:00:00;02.02.2021 15:00:00;0;0;1000;0;269.1;0;150;0;1419.1;0;-1419.1
02.02.2021 15:00:00;02.02.2021 16:00:00;0;0;1000;0;259.6;0;150;0;1409.6;0;-1409.6
02.02.2021 16:00:00;02.02.2021 17:00:00;0;0;1000;0;306.7;0;150;0;1456.7;0;-1456.7
02.02.2021 17:00:00;02.02.2021 18:00:00;0;0;1000;0;353;0;150;0;1503;0;-1503
02.02.2021 18:00:00;02.02.2021 19:00:00;0;0;1000;0;335.7;0;150;0;1485.7;0;-1485.7
02.02.2021 19:00:00;02.02.2021 20:00:00;0;0;1000;0;352.2;0;150;0;1502.2;0;-1502.2
02.02.2021 20:00:00;02.02.2021 21:00:00;0;0;1000;0;149.8;0;150;0;1299.8;0;-1299.8
02.02.2021 21:00:00;02.02.2021 22:00:00;0;0;1000;0;154.8;0;150;0;1304.8;0;-1304.8
02.02.2021 22:00:00;02.02.2021 23:00:00;0;0;1000;0;201.4;0;150;0;1351.4;0;-1351.4
02.02.2021 23:00:00;03.02.2021 00:00:00;0;0;1000;0;380.8;0;0;0;1380.8;0;-1380.8
03.02.2021 00:00:00;03.02.2021 01:00:00;0;0;1000;0;400;0;44.1;0;1444.1;0;-1444.1
03.02.2021 01:00:00;03.02.2021 02:00:00;0;0;1000;0;400;0;69.4;0;1469.4;0;-1469.4
03.02.2021 02:00:00;03.02.2021 03:00:00;0;0;1000;0;400;0;49.3;0;1449.3;0;-1449.3
03.02.2021 03:00:00;03.02.2021 04:00:00;0;0;1000;0;400;0;62.5;0;1462.5;0;-1462.5
03.02.2021 04:00:00;03.02.2021 05:00:00;0;0;1000;0;400;0;72;0;1472;0;-1472
03.02.2021 05:00:00;03.02.2021 06:00:00;0;0;1000;0;292.6;0;150;0;1442.6;0;-1442.6
03.02.2021 06:00:00;03.02.2021 07:00:00;0;0;877.4;0;343;0;150;0;1370.4;0;-1370.4
03.02.2021 07:00:00;03.02.2021 08:00:00;0;0;954.6;0;133;0;150;0;1237.6;0;-1237.6
03.02.2021 08:00:00;03.02.2021 09:00:00;0;0;953.6;0;32.2;0;150;0;1135.8;0;-1135.8
03.02.2021 09:00:00;03.02.2021 10:00:00;0;0;903.1;0;74.4;0;150;0;1127.5;0;-1127.5
03.02.2021 10:00:00;03.02.2021 11:00:00;0;0;891.5;0;95.4;0;150;0;1136.9;0;-1136.9
03.02.2021 11:00:00;03.02.2021 12:00:00;0;0;954.6;0;28.7;0;150;0;1133.3;0;-1133.3
03.02.2021 12:00:00;03.02.2021 13:00:00;0;0;942.9;0;41.9;0;150;0;1134.8;0;-1134.8
03.02.2021 13:00:00;03.02.2021 14:00:00;0;0;921.5;0;69.5;0;150;0;1141;0;-1141
03.02.2021 14:00:00;03.02.2021 15:00:00;0;0;822.2;0;152;0;150;0;1124.2;0;-1124.2
03.02.2021 15:00:00;03.02.2021 16:00:00;0;0;770.3;0;252.6;0;150;0;1172.9;0;-1172.9
03.02.2021 16:00:00;03.02.2021 17:00:00;0;0;810.2;0;238.9;0;150;0;1199.1;0;-1199.1
03.02.2021 17:00:00;03.02.2021 18:00:00;0;0;853.6;0;210.6;0;150;0;1214.2;0;-1214.2
03.02.2021 18:00:00;03.02.2021 19:00:00;0;0;868.1;0;234;0;150;0;1252.1;0;-1252.1
03.02.2021 19:00:00;03.02.2021 20:00:00;0;0;885.6;0;267.6;0;150;0;1303.2;0;-1303.2
03.02.2021 20:00:00;03.02.2021 21:00:00;0;0;884.1;0;268.3;0;150;0;1302.4;0;-1302.4
03.02.2021 21:00:00;03.02.2021 22:00:00;0;0;877.8;0;334.9;0;150;0;1362.7;0;-1362.7
03.02.2021 22:00:00;03.02.2021 23:00:00;0;0;1000;0;247.5;0;150;0;1397.5;0;-1397.5
03.02.2021 23:00:00;04.02.2021 00:00:00;0;0;1000;0;307.1;0;150;0;1457.1;0;-1457.1
04.02.2021 00:00:00;04.02.2021 01:00:00;0;0;1000;0;159.7;0;150;0;1309.7;0;-1309.7
04.02.2021 01:00:00;04.02.2021 02:00:00;0;0;1000;0;170.9;0;150;0;1320.9;0;-1320.9
04.02.2021 02:00:00;04.02.2021 03:00:00;0;0;1000;0;167.9;0;150;0;1317.9;0;-1317.9
04.02.2021 03:00:00;04.02.2021 04:00:00;0;0;1000;0;186.9;0;150;0;1336.9;0;-1336.9
04.02.2021 04:00:00;04.02.2021 05:00:00;0;0;1000;0;228;0;150;0;1378;0;-1378
04.02.2021 05:00:00;04.02.2021 06:00:00;0;0;1000;0;210.3;0;150;0;1360.3;0;-1360.3
04.02.2021 06:00:00;04.02.2021 07:00:00;0;0;1000;0;181.3;0;150;0;1331.3;0;-1331.3
04.02.2021 07:00:00;04.02.2021 08:00:00;0;0;1000;0;100.8;0;150;0;1250.8;0;-1250.8
04.02.2021 08:00:00;04.02.2021 09:00:00;0;0;1000;0;55.4;0;150;0;1205.4;0;-1205.4
04.02.2021 09:00:00;04.02.2021 10:00:00;0;0;1000;0;46.4;0;150;0;1196.4;0;-1196.4
04.02.2021 10:00:00;04.02.2021 11:00:00;0;0;1000;0;52.9;0;150;0;1202.9;0;-1202.9
04.02.2021 11:00:00;04.02.2021 12:00:00;0;0;1000;0;63.5;0;150;0;1213.5;0;-1213.5
04.02.2021 12:00:00;04.02.2021 13:00:00;0;0;1000;0;67.3;0;150;0;1217.3;0;-1217.3
04.02.2021 13:00:00;04.02.2021 14:00:00;0;0;1000;0;66.7;0;150;0;1216.7;0;-1216.7
04.02.2021 14:00:00;04.02.2021 15:00:00;0;0;1000;0;55.2;0;150;0;1205.2;0;-1205.2
04.02.2021 15:00:00;04.02.2021 16:00:00;0;0;1000;0;25.3;0;150;0;1175.3;0;-1175.3
04.02.2021 16:00:00;04.02.2021 17:00:00;0;0;1000;0;0;0;143.7;0;1143.7;0;-1143.7
04.02.2021 17:00:00;04.02.2021 18:00:00;0;0;1000;0;26.6;0;150;0;1176.6;0;-1176.6
04.02.2021 18:00:00;04.02.2021 19:00:00;0;0;1000;0;63.8;0;150;0;1213.8;0;-1213.8
04.02.2021 19:00:00;04.02.2021 20:00:00;0;0;1000;0;94.9;0;150;0;1244.9;0;-1244.9
04.02.2021 20:00:00;04.02.2021 21:00:00;0;0;1000;0;126.1;0;150;0;1276.1;0;-1276.1
04.02.2021 21:00:00;04.02.2021 22:00:00;0;0;1000;0;175.7;0;150;0;1325.7;0;-1325.7
04.02.2021 22:00:00;04.02.2021 23:00:00;0;0;1000;0;225.3;0;150;0;1375.3;0;-1375.3
04.02.2021 23:00:00;05.02.2021 00:00:00;0;0;1000;0;280.4;0;150;0;1430.4;0;-1430.4
05.02.2021 00:00:00;05.02.2021 01:00:00;0;0;1000;0;0;0;150;0;1150;0;-1150
05.02.2021 01:00:00;05.02.2021 02:00:00;0;0;1000;0;0;0;150;0;1150;0;-1150
05.02.2021 02:00:00;05.02.2021 03:00:00;0;0;1000;0;0;0;150;0;1150;0;-1150
05.02.2021 03:00:00;05.02.2021 04:00:00;0;0;1000;0;0;0;150;0;1150;0;-1150
05.02.2021 04:00:00;05.02.2021 05:00:00;0;0;1000;0;0;0;150;0;1150;0;-1150
05.02.2021 05:00:00;05.02.2021 06:00:00;0;0;1000;0;0;0;150;0;1150;0;-1150
05.02.2021 06:00:00;05.02.2021 07:00:00;0;0;1000;0;0;0;150;0;1150;0;-1150
05.02.2021 07:00:00;05.02.2021 08:00:00;0;0;1000;0;0;0;150;0;1150;0;-1150
05.02.2021 08:00:00;05.02.2021 09:00:00;0;0;1000;0;0;0;150;0;1150;0;-1150
05.02.2021 09:00:00;05.02.2021 10:00:00;0;0;1000;0;0;0;150;0;1150;0;-1150
05.02.2021 10:00:00;05.02.2021 11:00:00;0;0;1000;0;0;0;150;0;1150;0;-1150
05.02.2021 11:00:00;05.02.2021 12:00:00;0;0;1000;0;0;0;150;0;1150;0;-1150
05.02.2021 12:00:00;05.02.2021 13:00:00;0;0;1000;0;0;0;150;0;1150;0;-1150
05.02.2021 13:00:00;05.02.2021 14:00:00;0;0;1000;0;0;0;150;0;1150;0;-1150
05.02.2021 14:00:00;05.02.2021 15:00:00;0;0;1000;0;0;0;150;0;1150;0;-1150
05.02.2021 15:00:00;05.02.2021 16:00:00;0;0;1000;0;0;0;150;0;1150;0;-1150
05.02.2021 16:00:00;05.02.2021 17:00:00;0;0;1000;0;0;0;150;0;1150;0;-1150
05.02.2021 17:00:00;05.02.2021 18:00:00;0;0;1000;0;0;0;150;0;1150;0;-1150
05.02.2021 18:00:00;05.02.2021 19:00:00;0;0;1000;0;0;0;150;0;1150;0;-1150
05.02.2021 19:00:00;05.02.2021 20:00:00;0;0;1000;0;0;0;150;0;1150;0;-1150
05.02.2021 20:00:00;05.02.2021 21:00:00;0;0;1000;0;0;0;150;0;1150;0;-1150
05.02.2021 21:00:00;05.02.2021 22:00:00;0;0;1000;0;0;0;150;0;1150;0;-1150
05.02.2021 22:00:00;05.02.2021 23:00:00;0;0;1000;0;0;0;150;0;1150;0;-1150
05.02.2021 23:00:00;06.02.2021 00:00:00;0;0;1000;0;0;0;150;0;1150;0;-1150
06.02.2021 00:00:00;06.02.2021 01:00:00;0;0;1000;0;0;0;150;0;1150;0;-1150
06.02.2021 01:00:00;06.02.2021 02:00:00;0;0;1000;0;0;0;150;0;1150;0;-1150
06.02.2021 02:00:00;06.02.2021 03:00:00;0;0;1000;0;0;0;150;0;1150;0;-1150
06.02.2021 03:00:00;06.02.2021 04:00:00;0;0;1000;0;0;0;150;0;1150;0;-1150
06.02.2021 04:00:00;06.02.2021 05:00:00;0;0;1000;0;0;0;150;0;1150;0;-1150
06.02.2021 05:00:00;06.02.2021 06:00:00;0;0;1000;0;0;0;150;0;1150;0;-1150
06.02.2021 06:00:00;06.02.2021 07:00:00;0;0;1000;0;0;0;150;0;1150;0;-1150
06.02.2021 07:00:00;06.02.2021 08:00:00;0;0;1000;0;0;0;150;0;1150;0;-1150
06.02.2021 08:00:00;06.02.2021 09:00:00;0;0;1000;0;0;0;150;0;1150;0;-1150
06.02.2021 09:00:00;06.02.2021 10:00:00;0;0;1000;0;0;0;150;0;1150;0;-1150
06.02.2021 10:00:00;06.02.2021 11:00:00;0;0;1000;0;0;0;150;0;1150;0;-1150
06.02.2021 11:00:00;06.02.2021 12:00:00;0;0;1000;0;0;0;150;0;1150;0;-1150
06.02.2021 12:00:00;06.02.2021 13:00:00;0;0;1000;0;0;0;150;0;1150;0;-1150
06.02.2021 13:00:00;06.02.2021 14:00:00;0;0;1000;0;0;0;150;0;1150;0;-1150
06.02.2021 14:00:00;06.02.2021 15:00:00;0;0;1000;0;0;0;150;0;1150;0;-1150
06.02.2021 15:00:00;06.02.2021 16:00:00;0;0;1000;0;0;0;150;0;1150;0;-1150
06.02.2021 16:00:00;06.02.2021 17:00:00;0;0;1000;0;0;0;150;0;1150;0;-1150
06.02.2021 17:00:00;06.02.2021 18:00:00;0;0;1000;0;0;0;150;0;1150;0;-1150
06.02.2021 18:00:00;06.02.2021 19:00:00;0;0;1000;0;0;0;150;0;1150;0;-1150
06.02.2021 19:00:00;06.02.2021 20:00:00;0;0;1000;0;0;0;150;0;1150;0;-1150
06.02.2021 20:00:00;06.02.2021 21:00:00;0;0;1000;0;0;0;150;0;1150;0;-1150
06.02.2021 21:00:00;06.02.2021 22:00:00;0;0;1000;0;0;0;150;0;1150;0;-1150
06.02.2021 22:00:00;06.02.2021 23:00:00;0;0;1000;0;0;0;150;0;1150;0;-1150
06.02.2021 23:00:00;07.02.2021 00:00:00;0;0;1000;0;0;0;150;0;1150;0;-1150
07.02.2021 00:00:00;07.02.2021 01:00:00;0;0;1000;0;0;0;150;0;1150;0;-1150
07.02.2021 01:00:00;07.02.2021 02:00:00;0;0;1000;0;0;0;150;0;1150;0;-1150
07.02.2021 02:00:00;07.02.2021 03:00:00;0;0;1000;0;0;0;150;0;1150;0;-1150
07.02.2021 03:00:00;07.02.2021 04:00:00;0;0;1000;0;0;0;150;0;1150;0;-1150
07.02.2021 04:00:00;07.02.2021 05:00:00;0;0;1000;0;0;0;150;0;1150;0;-1150
07.02.2021 05:00:00;07.02.2021 06:00:00;0;0;1000;0;0;0;150;0;1150;0;-1150
07.02.2021 06:00:00;07.02.2021 07:00:00;0;0;1000;0;0;0;150;0;1150;0;-1150
07.02.2021 07:00:00;07.02.2021 08:00:00;0;0;1000;0;0;0;150;0;1150;0;-1150
07.02.2021 08:00:00;07.02.2021 09:00:00;0;0;1000;0;0;0;150;0;1150;0;-1150
07.02.2021 09:00:00;07.02.2021 10:00:00;0;0;1000;0;0;0;150;0;1150;0;-1150
07.02.2021 10:00:00;07.02.2021 11:00:00;0;0;1000;0;0;0;150;0;1150;0;-1150
07.02.2021 11:00:00;07.02.2021 12:00:00;0;0;1000;0;0;0;150;0;1150;0;-1150
07.02.2021 12:00:00;07.02.2021 13:00:00;0;0;1000;0;0;0;150;0;1150;0;-1150
07.02.2021 13:00:00;07.02.2021 14:00:00;0;0;1000;0;0;0;150;0;1150;0;-1150
07.02.2021 14:00:00;07.02.2021 15:00:00;0;0;1000;0;0;0;150;0;1150;0;-1150
07.02.2021 15:00:00;07.02.2021 16:00:00;0;0;1000;0;0;0;150;0;1150;0;-1150
07.02.2021 16:00:00;07.02.2021 17:00:00;0;0;1000;0;0;0;150;0;1150;0;-1150
07.02.2021 17:00:00;07.02.2021 18:00:00;0;0;1000;0;228.1;0;150;0;1378.1;0;-1378.1
07.02.2021 18:00:00;07.02.2021 19:00:00;0;0;1000;0;320.5;0;150;0;1470.5;0;-1470.5
07.02.2021 19:00:00;07.02.2021 20:00:00;0;0;1000;0;309.8;0;150;0;1459.8;0;-1459.8
07.02.2021 20:00:00;07.02.2021 21:00:00;0;0;1000;0;422.1;0;150;0;1572.1;0;-1572.1
07.02.2021 21:00:00;07.02.2021 22:00:00;0;0;1000;0;446.5;0;150;0;1596.5;0;-1596.5
07.02.2021 22:00:00;07.02.2021 23:00:00;0;0;1000;0;471.3;0;150;0;1621.3;0;-1621.3
07.02.2021 23:00:00;08.02.2021 00:00:00;0;0;1000;0;494.6;0;150;0;1644.6;0;-1644.6
08.02.2021 00:00:00;08.02.2021 01:00:00;0;0;1000;0;347.7;0;150;0;1497.7;0;-1497.7
08.02.2021 01:00:00;08.02.2021 02:00:00;0;0;1000;0;363.6;0;150;0;1513.6;0;-1513.6
08.02.2021 02:00:00;08.02.2021 03:00:00;0;0;1000;0;364.1;0;150;0;1514.1;0;-1514.1
08.02.2021 03:00:00;08.02.2021 04:00:00;0;0;1000;0;381;0;150;0;1531;0;-1531
08.02.2021 04:00:00;08.02.2021 05:00:00;0;0;1000;0;371;0;150;0;1521;0;-1521
08.02.2021 05:00:00;08.02.2021 06:00:00;0;0;1000;0;354;0;150;0;1504;0;-1504
08.02.2021 06:00:00;08.02.2021 07:00:00;0;0;1000;0;300.7;0;150;0;1450.7;0;-1450.7
08.02.2021 07:00:00;08.02.2021 08:00:00;0;0;1000;0;214.5;0;150;0;1364.5;0;-1364.5
08.02.2021 08:00:00;08.02.2021 09:00:00;0;0;938.7;0;0;0;150;0;1088.7;0;-1088.7
08.02.2021 09:00:00;08.02.2021 10:00:00;0;0;943.3;0;0;0;150;0;1093.3;0;-1093.3
08.02.2021 10:00:00;08.02.2021 11:00:00;0;0;979.3;0;0;0;150;0;1129.3;0;-1129.3
08.02.2021 11:00:00;08.02.2021 12:00:00;0;0;968.5;0;0;0;150;0;1118.5;0;-1118.5
08.02.2021 12:00:00;08.02.2021 13:00:00;0;0;963;0;0;0;150;0;1113;0;-1113
08.02.2021 13:00:00;08.02.2021 14:00:00;0;0;958.8;0;0;0;150;0;1108.8;0;-1108.8
08.02.2021 14:00:00;08.02.2021 15:00:00;0;0;937.2;0;0;0;150;0;1087.2;0;-1087.2
08.02.2021 15:00:00;08.02.2021 16:00:00;0;0;916.9;0;0;0;150;0;1066.9;0;-1066.9
08.02.2021 16:00:00;08.02.2021 17:00:00;0;0;917.2;0;0;0;150;0;1067.2;0;-1067.2
08.02.2021 17:00:00;08.02.2021 18:00:00;0;0;915.1;0;0;0;150;0;1065.1;0;-1065.1
08.02.2021 18:00:00;08.02.2021 19:00:00;0;0;885.3;0;0;0;150;0;1035.3;0;-1035.3
08.02.2021 19:00:00;08.02.2021 20:00:00;0;0;897.3;0;0;0;150;0;1047.3;0;-1047.3
08.02.2021 20:00:00;08.02.2021 21:00:00;0;0;1000;0;132.3;0;150;0;1282.3;0;-1282.3
08.02.2021 21:00:00;08.02.2021 22:00:00;0;0;1000;0;157.5;0;150;0;1307.5;0;-1307.5
08.02.2021 22:00:00;08.02.2021 23:00:00;0;0;1000;0;188.9;0;150;0;1338.9;0;-1338.9
08.02.2021 23:00:00;09.02.2021 00:00:00;0;0;1000;0;243;0;150;0;1393;0;-1393
09.02.2021 00:00:00;09.02.2021 01:00:00;0;0;1000;0;266.1;0;150;0;1416.1;0;-1416.1
09.02.2021 01:00:00;09.02.2021 02:00:00;0;0;1000;0;296;0;150;0;1446;0;-1446
09.02.2021 02:00:00;09.02.2021 03:00:00;0;0;1000;0;336.5;0;150;0;1486.5;0;-1486.5
09.02.2021 03:00:00;09.02.2021 04:00:00;0;0;1000;0;336.1;0;150;0;1486.1;0;-1486.1
09.02.2021 04:00:00;09.02.2021 05:00:00;0;0;1000;0;316.7;0;150;0;1466.7;0;-1466.7
09.02.2021 05:00:00;09.02.2021 06:00:00;0;0;1000;0;300.4;0;150;0;1450.4;0;-1450.4
09.02.2021 06:00:00;09.02.2021 07:00:00;0;0;800;0;315.6;0;100;0;1215.6;0;-1215.6
09.02.2021 07:00:00;09.02.2021 08:00:00;0;0;800;0;450;0;100;0;1350;0;-1350
09.02.2021 08:00:00;09.02.2021 09:00:00;0;0;800;0;232.9;0;100;0;1132.9;0;-1132.9
09.02.2021 09:00:00;09.02.2021 10:00:00;0;0;800;0;450;0;100;0;1350;0;-1350
09.02.2021 10:00:00;09.02.2021 11:00:00;0;0;800;0;445.9;0;100;0;1345.9;0;-1345.9
09.02.2021 11:00:00;09.02.2021 12:00:00;0;0;800;0;450;0;100;0;1350;0;-1350
09.02.2021 12:00:00;09.02.2021 13:00:00;0;0;800;0;418.9;0;100;0;1318.9;0;-1318.9
09.02.2021 13:00:00;09.02.2021 14:00:00;0;0;800;0;436.8;0;100;0;1336.8;0;-1336.8
09.02.2021 14:00:00;09.02.2021 15:00:00;0;0;800;0;404.7;0;100;0;1304.7;0;-1304.7
09.02.2021 15:00:00;09.02.2021 16:00:00;0;0;800;0;220.7;0;100;0;1120.7;0;-1120.7
09.02.2021 16:00:00;09.02.2021 17:00:00;0;0;800;0;230;0;100;0;1130;0;-1130
09.02.2021 17:00:00;09.02.2021 18:00:00;0;0;800;0;222.9;0;100;0;1122.9;0;-1122.9
09.02.2021 18:00:00;09.02.2021 19:00:00;0;0;800;0;202.9;0;100;0;1102.9;0;-1102.9
09.02.2021 19:00:00;09.02.2021 20:00:00;0;0;800;0;154.5;0;100;0;1054.5;0;-1054.5
09.02.2021 20:00:00;09.02.2021 21:00:00;0;0;1000;0;143;0;150;0;1293;0;-1293
09.02.2021 21:00:00;09.02.2021 22:00:00;0;0;1000;0;175.8;0;150;0;1325.8;0;-1325.8
09.02.2021 22:00:00;09.02.2021 23:00:00;0;0;1000;0;193.5;0;150;0;1343.5;0;-1343.5
09.02.2021 23:00:00;10.02.2021 00:00:00;0;0;1000;0;244;0;150;0;1394;0;-1394
10.02.2021 00:00:00;10.02.2021 01:00:00;0;0;1000;0;268.1;0;150;0;1418.1;0;-1418.1
10.02.2021 01:00:00;10.02.2021 02:00:00;0;0;1000;0;296.4;0;150;0;1446.4;0;-1446.4
10.02.2021 02:00:00;10.02.2021 03:00:00;0;0;1000;0;320.3;0;150;0;1470.3;0;-1470.3
10.02.2021 03:00:00;10.02.2021 04:00:00;0;0;1000;0;303;0;150;0;1453;0;-1453
10.02.2021 04:00:00;10.02.2021 05:00:00;0;0;1000;0;282.3;0;150;0;1432.3;0;-1432.3
10.02.2021 05:00:00;10.02.2021 06:00:00;0;0;1000;0;258.6;0;150;0;1408.6;0;-1408.6
10.02.2021 06:00:00;10.02.2021 07:00:00;0;0;500;0;400;0;100;0;1000;0;-1000
10.02.2021 07:00:00;10.02.2021 08:00:00;0;0;500;0;356;0;100;0;956;0;-956
10.02.2021 08:00:00;10.02.2021 09:00:00;0;0;500;0;69.1;0;100;0;669.1;0;-669.1
10.02.2021 09:00:00;10.02.2021 10:00:00;0;0;500;0;382.4;0;100;0;982.4;0;-982.4
10.02.2021 10:00:00;10.02.2021 11:00:00;0;0;500;0;400;0;100;0;1000;0;-1000
10.02.2021 11:00:00;10.02.2021 12:00:00;0;0;500;0;400;0;100;0;1000;0;-1000
10.02.2021 12:00:00;10.02.2021 13:00:00;0;0;500;0;400;0;100;0;1000;0;-1000
10.02.2021 13:00:00;10.02.2021 14:00:00;0;0;500;0;400;0;100;0;1000;0;-1000
10.02.2021 14:00:00;10.02.2021 15:00:00;0;0;500;0;400;0;100;0;1000;0;-1000
10.02.2021 15:00:00;10.02.2021 16:00:00;0;0;500;0;400;0;100;0;1000;0;-1000
10.02.2021 16:00:00;10.02.2021 17:00:00;0;0;500;0;400;0;100;0;1000;0;-1000
10.02.2021 17:00:00;10.02.2021 18:00:00;0;0;500;0;400;0;100;0;1000;0;-1000
10.02.2021 18:00:00;10.02.2021 19:00:00;0;0;500;0;400;0;100;0;1000;0;-1000
10.02.2021 19:00:00;10.02.2021 20:00:00;0;0;500;0;400;0;100;0;1000;0;-1000
10.02.2021 20:00:00;10.02.2021 21:00:00;0;0;1000;0;121.2;0;150;0;1271.2;0;-1271.2
10.02.2021 21:00:00;10.02.2021 22:00:00;0;0;1000;0;145.8;0;150;0;1295.8;0;-1295.8
10.02.2021 22:00:00;10.02.2021 23:00:00;0;0;1000;0;184.9;0;150;0;1334.9;0;-1334.9
10.02.2021 23:00:00;11.02.2021 00:00:00;0;0;1000;0;244.4;0;150;0;1394.4;0;-1394.4
11.02.2021 00:00:00;11.02.2021 01:00:00;0;0;1000;0;352.5;0;150;0;1502.5;0;-1502.5
11.02.2021 01:00:00;11.02.2021 02:00:00;0;0;1000;0;384.8;0;150;0;1534.8;0;-1534.8
11.02.2021 02:00:00;11.02.2021 03:00:00;0;0;1000;0;396.6;0;150;0;1546.6;0;-1546.6
11.02.2021 03:00:00;11.02.2021 04:00:00;0;0;1000;0;379.1;0;150;0;1529.1;0;-1529.1
11.02.2021 04:00:00;11.02.2021 05:00:00;0;0;1000;0;359.2;0;150;0;1509.2;0;-1509.2
11.02.2021 05:00:00;11.02.2021 06:00:00;0;0;1000;0;250.8;0;150;0;1400.8;0;-1400.8
11.02.2021 06:00:00;11.02.2021 07:00:00;0;0;800;0;385.4;0;150;0;1335.4;0;-1335.4
11.02.2021 07:00:00;11.02.2021 08:00:00;0;0;800;0;310.9;0;150;0;1260.9;0;-1260.9
11.02.2021 08:00:00;11.02.2021 09:00:00;0;0;800;0;0;14.2;0;0;800;14.2;-785.8
11.02.2021 09:00:00;11.02.2021 10:00:00;0;0;800;0;0;0;6.8;0;806.8;0;-806.8
11.02.2021 10:00:00;11.02.2021 11:00:00;0;0;800;0;0;0;49.7;0;849.7;0;-849.7
11.02.2021 11:00:00;11.02.2021 12:00:00;0;0;800;0;0;0;145.7;0;945.7;0;-945.7
11.02.2021 12:00:00;11.02.2021 13:00:00;0;0;800;0;0;0;108.9;0;908.9;0;-908.9
11.02.2021 13:00:00;11.02.2021 14:00:00;0;0;800;0;4.1;0;150;0;954.1;0;-954.1
11.02.2021 14:00:00;11.02.2021 15:00:00;0;0;800;0;0;0;70.9;0;870.9;0;-870.9
11.02.2021 15:00:00;11.02.2021 16:00:00;0;0;800;0;0;0;10.6;0;810.6;0;-810.6
11.02.2021 16:00:00;11.02.2021 17:00:00;0;0;800;0;0;0;28.6;0;828.6;0;-828.6
11.02.2021 17:00:00;11.02.2021 18:00:00;0;0;800;0;489.2;0;150;0;1439.2;0;-1439.2
11.02.2021 18:00:00;11.02.2021 19:00:00;0;0;800;0;462.5;0;150;0;1412.5;0;-1412.5
11.02.2021 19:00:00;11.02.2021 20:00:00;0;0;800;0;456.6;0;150;0;1406.6;0;-1406.6
11.02.2021 20:00:00;11.02.2021 21:00:00;0;0;1000;0;245.5;0;150;0;1395.5;0;-1395.5
11.02.2021 21:00:00;11.02.2021 22:00:00;0;0;1000;0;274.4;0;150;0;1424.4;0;-1424.4
11.02.2021 22:00:00;11.02.2021 23:00:00;0;0;1000;0;324.2;0;150;0;1474.2;0;-1474.2
11.02.2021 23:00:00;12.02.2021 00:00:00;0;0;1000;0;425;0;150;0;1575;0;-1575
12.02.2021 00:00:00;12.02.2021 01:00:00;0;0;1000;0;650;0;150;0;1800;0;-1800
12.02.2021 01:00:00;12.02.2021 02:00:00;0;0;1000;0;650;0;150;0;1800;0;-1800
12.02.2021 02:00:00;12.02.2021 03:00:00;0;0;1000;0;650;0;150;0;1800;0;-1800
12.02.2021 03:00:00;12.02.2021 04:00:00;0;0;1000;0;650;0;150;0;1800;0;-1800
12.02.2021 04:00:00;12.02.2021 05:00:00;0;0;1000;0;650;0;150;0;1800;0;-1800
12.02.2021 05:00:00;12.02.2021 06:00:00;0;0;1000;0;629.9;0;150;0;1779.9;0;-1779.9
12.02.2021 06:00:00;12.02.2021 07:00:00;0;0;1000;0;541.7;0;150;0;1691.7;0;-1691.7
12.02.2021 07:00:00;12.02.2021 08:00:00;0;0;1000;0;314.5;0;150;0;1464.5;0;-1464.5
12.02.2021 08:00:00;12.02.2021 09:00:00;0;0;1000;0;278.7;0;150;0;1428.7;0;-1428.7
12.02.2021 09:00:00;12.02.2021 10:00:00;0;0;1000;0;274.6;0;150;0;1424.6;0;-1424.6
12.02.2021 10:00:00;12.02.2021 11:00:00;0;0;1000;0;254.7;0;150;0;1404.7;0;-1404.7
12.02.2021 11:00:00;12.02.2021 12:00:00;0;0;1000;0;236.3;0;150;0;1386.3;0;-1386.3
12.02.2021 12:00:00;12.02.2021 13:00:00;0;0;1000;0;245.1;0;150;0;1395.1;0;-1395.1
12.02.2021 13:00:00;12.02.2021 14:00:00;0;0;1000;0;250.8;0;150;0;1400.8;0;-1400.8
12.02.2021 14:00:00;12.02.2021 15:00:00;0;0;1000;0;250.9;0;150;0;1400.9;0;-1400.9
12.02.2021 15:00:00;12.02.2021 16:00:00;0;0;1000;0;228.7;0;150;0;1378.7;0;-1378.7
12.02.2021 16:00:00;12.02.2021 17:00:00;0;0;1000;0;213.2;0;150;0;1363.2;0;-1363.2
12.02.2021 17:00:00;12.02.2021 18:00:00;0;0;1000;0;192.3;0;150;0;1342.3;0;-1342.3
12.02.2021 18:00:00;12.02.2021 19:00:00;0;0;951.9;0;211.1;0;150;0;1313;0;-1313
12.02.2021 19:00:00;12.02.2021 20:00:00;0;0;954.9;0;200.2;0;150;0;1305.1;0;-1305.1
12.02.2021 20:00:00;12.02.2021 21:00:00;0;0;917.5;0;235.8;0;150;0;1303.3;0;-1303.3
12.02.2021 21:00:00;12.02.2021 22:00:00;0;0;843;0;328.1;0;150;0;1321.1;0;-1321.1
12.02.2021 22:00:00;12.02.2021 23:00:00;0;0;853.9;0;320;0;150;0;1323.9;0;-1323.9
12.02.2021 23:00:00;13.02.2021 00:00:00;0;0;811.9;0;382.5;0;150;0;1344.4;0;-1344.4
13.02.2021 00:00:00;13.02.2021 01:00:00;0;0;965.1;0;67.9;0;150;0;1183;0;-1183
13.02.2021 01:00:00;13.02.2021 02:00:00;0;0;882;0;223.5;0;150;0;1255.5;0;-1255.5
13.02.2021 02:00:00;13.02.2021 03:00:00;0;0;842.3;0;280;0;150;0;1272.3;0;-1272.3
13.02.2021 03:00:00;13.02.2021 04:00:00;0;0;800.9;0;347.9;0;150;0;1298.8;0;-1298.8
13.02.2021 04:00:00;13.02.2021 05:00:00;0;0;760.3;0;370.7;0;150;0;1281;0;-1281
13.02.2021 05:00:00;13.02.2021 06:00:00;0;0;722.6;0;336.4;0;150;0;1209;0;-1209
13.02.2021 06:00:00;13.02.2021 07:00:00;0;0;703.4;0;317;0;150;0;1170.4;0;-1170.4
13.02.2021 07:00:00;13.02.2021 08:00:00;0;0;779.3;0;277.5;0;150;0;1206.8;0;-1206.8
13.02.2021 08:00:00;13.02.2021 09:00:00;0;0;769.9;0;272;0;150;0;1191.9;0;-1191.9
13.02.2021 09:00:00;13.02.2021 10:00:00;0;0;753.3;0;258.5;0;150;0;1161.8;0;-1161.8
13.02.2021 10:00:00;13.02.2021 11:00:00;0;0;735.9;0;241.7;0;150;0;1127.6;0;-1127.6
13.02.2021 11:00:00;13.02.2021 12:00:00;0;0;654.5;0;340;0;150;0;1144.5;0;-1144.5
13.02.2021 12:00:00;13.02.2021 13:00:00;0;0;660.4;0;315.3;0;150;0;1125.7;0;-1125.7
13.02.2021 13:00:00;13.02.2021 14:00:00;0;0;665.7;0;299.6;0;150;0;1115.3;0;-1115.3
13.02.2021 14:00:00;13.02.2021 15:00:00;0;0;703.6;0;286.7;0;150;0;1140.3;0;-1140.3
13.02.2021 15:00:00;13.02.2021 16:00:00;0;0;715.8;0;291.6;0;150;0;1157.4;0;-1157.4
13.02.2021 16:00:00;13.02.2021 17:00:00;0;0;720.9;0;302.8;0;150;0;1173.7;0;-1173.7
13.02.2021 17:00:00;13.02.2021 18:00:00;0;0;731;0;298.5;0;150;0;1179.5;0;-1179.5
13.02.2021 18:00:00;13.02.2021 19:00:00;0;0;742;0;282.8;0;150;0;1174.8;0;-1174.8
13.02.2021 19:00:00;13.02.2021 20:00:00;0;0;776;0;266.3;0;150;0;1192.3;0;-1192.3
13.02.2021 20:00:00;13.02.2021 21:00:00;0;0;808.7;0;251.1;0;150;0;1209.8;0;-1209.8
13.02.2021 21:00:00;13.02.2021 22:00:00;0;0;860.7;0;245.6;0;150;0;1256.3;0;-1256.3
13.02.2021 22:00:00;13.02.2021 23:00:00;0;0;922.1;0;201.9;0;150;0;1274;0;-1274
13.02.2021 23:00:00;14.02.2021 00:00:00;0;0;955.1;0;201.2;0;150;0;1306.3;0;-1306.3
14.02.2021 00:00:00;14.02.2021 01:00:00;0;0;1000;0;296.3;0;150;0;1446.3;0;-1446.3
14.02.2021 01:00:00;14.02.2021 02:00:00;0;0;1000;0;338.7;0;150;0;1488.7;0;-1488.7
14.02.2021 02:00:00;14.02.2021 03:00:00;0;0;1000;0;377.9;0;150;0;1527.9;0;-1527.9
14.02.2021 03:00:00;14.02.2021 04:00:00;0;0;1000;0;395.4;0;150;0;1545.4;0;-1545.4
14.02.2021 04:00:00;14.02.2021 05:00:00;0;0;1000;0;383.6;0;150;0;1533.6;0;-1533.6
14.02.2021 05:00:00;14.02.2021 06:00:00;0;0;1000;0;373.6;0;150;0;1523.6;0;-1523.6
14.02.2021 06:00:00;14.02.2021 07:00:00;0;0;1000;0;361.7;0;150;0;1511.7;0;-1511.7
14.02.2021 07:00:00;14.02.2021 08:00:00;0;0;1000;0;423.5;0;150;0;1573.5;0;-1573.5
14.02.2021 08:00:00;14.02.2021 09:00:00;0;0;1000;0;436.9;0;150;0;1586.9;0;-1586.9
14.02.2021 09:00:00;14.02.2021 10:00:00;0;0;1000;0;407.2;0;150;0;1557.2;0;-1557.2
14.02.2021 10:00:00;14.02.2021 11:00:00;0;0;1000;0;383.7;0;150;0;1533.7;0;-1533.7
14.02.2021 11:00:00;14.02.2021 12:00:00;0;0;1000;0;383.9;0;150;0;1533.9;0;-1533.9
14.02.2021 12:00:00;14.02.2021 13:00:00;0;0;1000;0;397.8;0;150;0;1547.8;0;-1547.8
14.02.2021 13:00:00;14.02.2021 14:00:00;0;0;1000;0;380;0;150;0;1530;0;-1530
14.02.2021 14:00:00;14.02.2021 15:00:00;0;0;1000;0;356.8;0;150;0;1506.8;0;-1506.8
14.02.2021 15:00:00;14.02.2021 16:00:00;0;0;1000;0;361.7;0;150;0;1511.7;0;-1511.7
14.02.2021 16:00:00;14.02.2021 17:00:00;0;0;1000;0;365.6;0;150;0;1515.6;0;-1515.6
14.02.2021 17:00:00;14.02.2021 18:00:00;0;0;1000;0;350.4;0;150;0;1500.4;0;-1500.4
14.02.2021 18:00:00;14.02.2021 19:00:00;0;0;1000;0;285.5;0;150;0;1435.5;0;-1435.5
14.02.2021 19:00:00;14.02.2021 20:00:00;0;0;1000;0;274.4;0;150;0;1424.4;0;-1424.4
14.02.2021 20:00:00;14.02.2021 21:00:00;0;0;1000;0;283.8;0;150;0;1433.8;0;-1433.8
14.02.2021 21:00:00;14.02.2021 22:00:00;0;0;1000;0;310.5;0;150;0;1460.5;0;-1460.5
14.02.2021 22:00:00;14.02.2021 23:00:00;0;0;1000;0;349.8;0;150;0;1499.8;0;-1499.8
14.02.2021 23:00:00;15.02.2021 00:00:00;0;0;973.9;0;429.5;0;150;0;1553.4;0;-1553.4
15.02.2021 00:00:00;15.02.2021 01:00:00;0;0;1000;0;318.1;0;150;0;1468.1;0;-1468.1
15.02.2021 01:00:00;15.02.2021 02:00:00;0;0;1000;0;320.6;0;150;0;1470.6;0;-1470.6
15.02.2021 02:00:00;15.02.2021 03:00:00;0;0;1000;0;316.5;0;150;0;1466.5;0;-1466.5
15.02.2021 03:00:00;15.02.2021 04:00:00;0;0;1000;0;305.2;0;150;0;1455.2;0;-1455.2
15.02.2021 04:00:00;15.02.2021 05:00:00;0;0;1000;0;300.9;0;150;0;1450.9;0;-1450.9
15.02.2021 05:00:00;15.02.2021 06:00:00;0;0;1000;0;307;0;150;0;1457;0;-1457
15.02.2021 06:00:00;15.02.2021 07:00:00;0;0;1000;0;119.8;0;150;0;1269.8;0;-1269.8
15.02.2021 07:00:00;15.02.2021 08:00:00;0;0;1000;0;109.6;0;150;0;1259.6;0;-1259.6
15.02.2021 08:00:00;15.02.2021 09:00:00;0;0;1000;0;67.4;0;150;0;1217.4;0;-1217.4
15.02.2021 09:00:00;15.02.2021 10:00:00;0;0;1000;0;51.5;0;150;0;1201.5;0;-1201.5
15.02.2021 10:00:00;15.02.2021 11:00:00;0;0;1000;0;89.8;0;150;0;1239.8;0;-1239.8
15.02.2021 11:00:00;15.02.2021 12:00:00;0;0;1000;0;91.7;0;150;0;1241.7;0;-1241.7
15.02.2021 12:00:00;15.02.2021 13:00:00;0;0;1000;0;119.6;0;150;0;1269.6;0;-1269.6
15.02.2021 13:00:00;15.02.2021 14:00:00;0;0;1000;0;98.9;0;150;0;1248.9;0;-1248.9
15.02.2021 14:00:00;15.02.2021 15:00:00;0;0;1000;0;50.6;0;150;0;1200.6;0;-1200.6
15.02.2021 15:00:00;15.02.2021 16:00:00;0;0;1000;0;30.9;0;150;0;1180.9;0;-1180.9
15.02.2021 16:00:00;15.02.2021 17:00:00;0;0;1000;0;39.2;0;150;0;1189.2;0;-1189.2
15.02.2021 17:00:00;15.02.2021 18:00:00;0;0;1000;0;68.8;0;150;0;1218.8;0;-1218.8
15.02.2021 18:00:00;15.02.2021 19:00:00;0;0;1000;0;86;0;150;0;1236;0;-1236
15.02.2021 19:00:00;15.02.2021 20:00:00;0;0;1000;0;99;0;150;0;1249;0;-1249
15.02.2021 20:00:00;15.02.2021 21:00:00;0;0;1000;0;121.7;0;150;0;1271.7;0;-1271.7
15.02.2021 21:00:00;15.02.2021 22:00:00;0;0;1000;0;158.3;0;150;0;1308.3;0;-1308.3
15.02.2021 22:00:00;15.02.2021 23:00:00;0;0;1000;0;212.2;0;150;0;1362.2;0;-1362.2
15.02.2021 23:00:00;16.02.2021 00:00:00;0;0;1000;0;263.3;0;150;0;1413.3;0;-1413.3
16.02.2021 00:00:00;16.02.2021 01:00:00;0;0;1000;0;412.5;0;150;0;1562.5;0;-1562.5
16.02.2021 01:00:00;16.02.2021 02:00:00;0;0;1000;0;439.8;0;150;0;1589.8;0;-1589.8
16.02.2021 02:00:00;16.02.2021 03:00:00;0;0;1000;0;448.4;0;150;0;1598.4;0;-1598.4
16.02.2021 03:00:00;16.02.2021 04:00:00;0;0;1000;0;430.1;0;150;0;1580.1;0;-1580.1
16.02.2021 04:00:00;16.02.2021 05:00:00;0;0;1000;0;423.8;0;150;0;1573.8;0;-1573.8
16.02.2021 05:00:00;16.02.2021 06:00:00;0;0;1000;0;402.9;0;150;0;1552.9;0;-1552.9
16.02.2021 06:00:00;16.02.2021 07:00:00;0;0;1000;0;370.6;0;150;0;1520.6;0;-1520.6
16.02.2021 07:00:00;16.02.2021 08:00:00;0;0;1000;0;281.4;0;150;0;1431.4;0;-1431.4
16.02.2021 08:00:00;16.02.2021 09:00:00;0;0;1000;0;235.7;0;150;0;1385.7;0;-1385.7
16.02.2021 09:00:00;16.02.2021 10:00:00;0;0;1000;0;254.2;0;150;0;1404.2;0;-1404.2
16.02.2021 10:00:00;16.02.2021 11:00:00;0;0;1000;0;266.9;0;150;0;1416.9;0;-1416.9
16.02.2021 11:00:00;16.02.2021 12:00:00;0;0;876.7;0;433.7;0;150;0;1460.4;0;-1460.4
16.02.2021 12:00:00;16.02.2021 13:00:00;0;0;747.9;0;533.6;0;150;0;1431.5;0;-1431.5
16.02.2021 13:00:00;16.02.2021 14:00:00;0;0;765.6;0;524.7;0;150;0;1440.3;0;-1440.3
16.02.2021 14:00:00;16.02.2021 15:00:00;0;0;723.3;0;558.8;0;150;0;1432.1;0;-1432.1
16.02.2021 15:00:00;16.02.2021 16:00:00;0;0;722.1;0;549;0;150;0;1421.1;0;-1421.1
16.02.2021 16:00:00;16.02.2021 17:00:00;0;0;694.7;0;552.1;0;150;0;1396.8;0;-1396.8
16.02.2021 17:00:00;16.02.2021 18:00:00;0;0;676.3;0;574.3;0;150;0;1400.6;0;-1400.6
16.02.2021 18:00:00;16.02.2021 19:00:00;0;0;665.6;0;594.9;0;150;0;1410.5;0;-1410.5
16.02.2021 19:00:00;16.02.2021 20:00:00;0;0;678.3;0;617;0;150;0;1445.3;0;-1445.3
16.02.2021 20:00:00;16.02.2021 21:00:00;0;0;697.6;0;633.9;0;150;0;1481.5;0;-1481.5
16.02.2021 21:00:00;16.02.2021 22:00:00;0;0;717.3;0;650;0;150;0;1517.3;0;-1517.3
16.02.2021 22:00:00;16.02.2021 23:00:00;0;0;745.1;0;630;0;150;0;1525.1;0;-1525.1
16.02.2021 23:00:00;17.02.2021 00:00:00;0;0;747.4;0;650;0;150;0;1547.4;0;-1547.4
17.02.2021 00:00:00;17.02.2021 01:00:00;0;0;782.8;0;650;0;150;0;1582.8;0;-1582.8
17.02.2021 01:00:00;17.02.2021 02:00:00;0;0;810.6;0;650;0;150;0;1610.6;0;-1610.6
17.02.2021 02:00:00;17.02.2021 03:00:00;0;0;844.1;0;650;0;150;0;1644.1;0;-1644.1
17.02.2021 03:00:00;17.02.2021 04:00:00;0;0;846.3;0;650;0;150;0;1646.3;0;-1646.3
17.02.2021 04:00:00;17.02.2021 05:00:00;0;0;835.4;0;650;0;150;0;1635.4;0;-1635.4
17.02.2021 05:00:00;17.02.2021 06:00:00;0;0;810.6;0;650;0;150;0;1610.6;0;-1610.6
17.02.2021 06:00:00;17.02.2021 07:00:00;0;0;745.9;0;650;0;150;0;1545.9;0;-1545.9
17.02.2021 07:00:00;17.02.2021 08:00:00;0;0;695.3;0;650;0;150;0;1495.3;0;-1495.3
17.02.2021 08:00:00;17.02.2021 09:00:00;0;0;655.9;0;650;0;150;0;1455.9;0;-1455.9
17.02.2021 09:00:00;17.02.2021 10:00:00;0;0;749.4;0;562.6;0;150;0;1462;0;-1462
17.02.2021 10:00:00;17.02.2021 11:00:00;0;0;741.8;0;650;0;150;0;1541.8;0;-1541.8
17.02.2021 11:00:00;17.02.2021 12:00:00;0;0;686.2;0;644.8;0;150;0;1481;0;-1481
17.02.2021 12:00:00;17.02.2021 13:00:00;0;0;684.1;0;650;0;150;0;1484.1;0;-1484.1
17.02.2021 13:00:00;17.02.2021 14:00:00;0;0;684;0;650;0;150;0;1484;0;-1484
17.02.2021 14:00:00;17.02.2021 15:00:00;0;0;687.5;0;650;0;150;0;1487.5;0;-1487.5
17.02.2021 15:00:00;17.02.2021 16:00:00;0;0;667.8;0;608.7;0;150;0;1426.5;0;-1426.5
17.02.2021 16:00:00;17.02.2021 17:00:00;0;0;696.3;0;565.4;0;150;0;1411.7;0;-1411.7
17.02.2021 17:00:00;17.02.2021 18:00:00;0;0;742.5;0;497.3;0;150;0;1389.8;0;-1389.8
17.02.2021 18:00:00;17.02.2021 19:00:00;0;0;773.1;0;427.8;0;150;0;1350.9;0;-1350.9
17.02.2021 19:00:00;17.02.2021 20:00:00;0;0;852;0;355.9;0;150;0;1357.9;0;-1357.9
17.02.2021 20:00:00;17.02.2021 21:00:00;0;0;872.6;0;343.9;0;150;0;1366.5;0;-1366.5
17.02.2021 21:00:00;17.02.2021 22:00:00;0;0;897.2;0;338.8;0;150;0;1386;0;-1386
17.02.2021 22:00:00;17.02.2021 23:00:00;0;0;927.8;0;290.9;0;150;0;1368.7;0;-1368.7
17.02.2021 23:00:00;18.02.2021 00:00:00;0;0;902.7;0;306.8;0;150;0;1359.5;0;-1359.5
18.02.2021 00:00:00;18.02.2021 01:00:00;0;0;751.7;0;650;0;150;0;1551.7;0;-1551.7
18.02.2021 01:00:00;18.02.2021 02:00:00;0;0;778.4;0;650;0;150;0;1578.4;0;-1578.4
18.02.2021 02:00:00;18.02.2021 03:00:00;0;0;809.5;0;650;0;150;0;1609.5;0;-1609.5
18.02.2021 03:00:00;18.02.2021 04:00:00;0;0;836.5;0;650;0;150;0;1636.5;0;-1636.5
18.02.2021 04:00:00;18.02.2021 05:00:00;0;0;835.7;0;650;0;150;0;1635.7;0;-1635.7
18.02.2021 05:00:00;18.02.2021 06:00:00;0;0;834.3;0;650;0;150;0;1634.3;0;-1634.3
18.02.2021 06:00:00;18.02.2021 07:00:00;0;0;862.2;0;558.8;0;150;0;1571;0;-1571
18.02.2021 07:00:00;18.02.2021 08:00:00;0;0;722.5;0;463.5;0;150;0;1336;0;-1336
18.02.2021 08:00:00;18.02.2021 09:00:00;0;0;722;0;430.7;0;150;0;1302.7;0;-1302.7
18.02.2021 09:00:00;18.02.2021 10:00:00;0;0;1000;0;0;0;150;0;1150;0;-1150
18.02.2021 10:00:00;18.02.2021 11:00:00;0;0;1000;0;0;0;150;0;1150;0;-1150
18.02.2021 11:00:00;18.02.2021 12:00:00;0;0;1000;0;0;0;150;0;1150;0;-1150
18.02.2021 12:00:00;18.02.2021 13:00:00;0;0;1000;0;0;0;150;0;1150;0;-1150
18.02.2021 13:00:00;18.02.2021 14:00:00;0;0;1000;0;0;0;150;0;1150;0;-1150
18.02.2021 14:00:00;18.02.2021 15:00:00;0;0;1000;0;0;0;150;0;1150;0;-1150
18.02.2021 15:00:00;18.02.2021 16:00:00;0;0;1000;0;0;0;150;0;1150;0;-1150
18.02.2021 16:00:00;18.02.2021 17:00:00;0;0;1000;0;0;0;150;0;1150;0;-1150
18.02.2021 17:00:00;18.02.2021 18:00:00;0;0;1000;0;0;0;150;0;1150;0;-1150
18.02.2021 18:00:00;18.02.2021 19:00:00;0;0;660.9;0;600;0;150;0;1410.9;0;-1410.9
18.02.2021 19:00:00;18.02.2021 20:00:00;0;0;687.9;0;600;0;150;0;1437.9;0;-1437.9
18.02.2021 20:00:00;18.02.2021 21:00:00;0;0;795.5;0;600;0;150;0;1545.5;0;-1545.5
18.02.2021 21:00:00;18.02.2021 22:00:00;0;0;800;0;600;0;150;0;1550;0;-1550
18.02.2021 22:00:00;18.02.2021 23:00:00;0;0;800;0;600;0;150;0;1550;0;-1550
18.02.2021 23:00:00;19.02.2021 00:00:00;0;0;800;0;600;0;150;0;1550;0;-1550
19.02.2021 00:00:00;19.02.2021 01:00:00;0;0;800;0;600;0;150;0;1550;0;-1550
19.02.2021 01:00:00;19.02.2021 02:00:00;0;0;800;0;600;0;150;0;1550;0;-1550
19.02.2021 02:00:00;19.02.2021 03:00:00;0;0;800;0;600;0;150;0;1550;0;-1550
19.02.2021 03:00:00;19.02.2021 04:00:00;0;0;800;0;600;0;150;0;1550;0;-1550
19.02.2021 04:00:00;19.02.2021 05:00:00;0;0;800;0;600;0;150;0;1550;0;-1550
19.02.2021 05:00:00;19.02.2021 06:00:00;0;0;800;0;600;0;150;0;1550;0;-1550
19.02.2021 06:00:00;19.02.2021 07:00:00;0;0;794.1;0;600;0;150;0;1544.1;0;-1544.1
19.02.2021 07:00:00;19.02.2021 08:00:00;0;0;788.3;0;600;0;150;0;1538.3;0;-1538.3
19.02.2021 08:00:00;19.02.2021 09:00:00;0;0;755.4;0;600;0;150;0;1505.4;0;-1505.4
19.02.2021 09:00:00;19.02.2021 10:00:00;0;0;800;0;600;0;150;0;1550;0;-1550
19.02.2021 10:00:00;19.02.2021 11:00:00;0;0;800;0;600;0;150;0;1550;0;-1550
19.02.2021 11:00:00;19.02.2021 12:00:00;0;0;800;0;600;0;150;0;1550;0;-1550
19.02.2021 12:00:00;19.02.2021 13:00:00;0;0;800;0;600;0;150;0;1550;0;-1550
19.02.2021 13:00:00;19.02.2021 14:00:00;0;0;800;0;600;0;150;0;1550;0;-1550
19.02.2021 14:00:00;19.02.2021 15:00:00;0;0;800;0;600;0;150;0;1550;0;-1550
19.02.2021 15:00:00;19.02.2021 16:00:00;0;0;800;0;600;0;150;0;1550;0;-1550
19.02.2021 16:00:00;19.02.2021 17:00:00;0;0;947.8;0;635.1;0;150;0;1732.9;0;-1732.9
19.02.2021 17:00:00;19.02.2021 18:00:00;0;0;936.1;0;650;0;150;0;1736.1;0;-1736.1
19.02.2021 18:00:00;19.02.2021 19:00:00;0;0;921;0;650;0;150;0;1721;0;-1721
19.02.2021 19:00:00;19.02.2021 20:00:00;0;0;900.9;0;650;0;150;0;1700.9;0;-1700.9
19.02.2021 20:00:00;19.02.2021 21:00:00;0;0;876.9;0;650;0;150;0;1676.9;0;-1676.9
19.02.2021 21:00:00;19.02.2021 22:00:00;0;0;910.2;0;650;0;150;0;1710.2;0;-1710.2
19.02.2021 22:00:00;19.02.2021 23:00:00;0;0;917.5;0;650;0;150;0;1717.5;0;-1717.5
19.02.2021 23:00:00;20.02.2021 00:00:00;0;0;970.7;0;650;0;150;0;1770.7;0;-1770.7
20.02.2021 00:00:00;20.02.2021 01:00:00;0;0;909.3;0;650;0;150;0;1709.3;0;-1709.3
20.02.2021 01:00:00;20.02.2021 02:00:00;0;0;925.2;0;650;0;150;0;1725.2;0;-1725.2
20.02.2021 02:00:00;20.02.2021 03:00:00;0;0;926.7;0;650;0;150;0;1726.7;0;-1726.7
20.02.2021 03:00:00;20.02.2021 04:00:00;0;0;919.4;0;650;0;150;0;1719.4;0;-1719.4
20.02.2021 04:00:00;20.02.2021 05:00:00;0;0;921.3;0;650;0;150;0;1721.3;0;-1721.3
20.02.2021 05:00:00;20.02.2021 06:00:00;0;0;861.8;0;650;0;150;0;1661.8;0;-1661.8
20.02.2021 06:00:00;20.02.2021 07:00:00;0;0;943.1;0;650;0;150;0;1743.1;0;-1743.1
20.02.2021 07:00:00;20.02.2021 08:00:00;0;0;918;0;650;0;150;0;1718;0;-1718
20.02.2021 08:00:00;20.02.2021 09:00:00;0;0;892.7;0;650;0;150;0;1692.7;0;-1692.7
20.02.2021 09:00:00;20.02.2021 10:00:00;0;0;858.7;0;650;0;150;0;1658.7;0;-1658.7
20.02.2021 10:00:00;20.02.2021 11:00:00;0;0;813.3;0;650;0;150;0;1613.3;0;-1613.3
20.02.2021 11:00:00;20.02.2021 12:00:00;0;0;798.4;0;650;0;150;0;1598.4;0;-1598.4
20.02.2021 12:00:00;20.02.2021 13:00:00;0;0;816.7;0;650;0;150;0;1616.7;0;-1616.7
20.02.2021 13:00:00;20.02.2021 14:00:00;0;0;804.3;0;650;0;150;0;1604.3;0;-1604.3
20.02.2021 14:00:00;20.02.2021 15:00:00;0;0;867.6;0;650;0;144.1;0;1661.7;0;-1661.7
20.02.2021 15:00:00;20.02.2021 16:00:00;0;0;894.7;0;650;0;150;0;1694.7;0;-1694.7
20.02.2021 16:00:00;20.02.2021 17:00:00;0;0;970.6;0;650;0;150;0;1770.6;0;-1770.6
20.02.2021 17:00:00;20.02.2021 18:00:00;0;0;1000;0;650;0;150;0;1800;0;-1800
20.02.2021 18:00:00;20.02.2021 19:00:00;0;0;1000;0;650;0;150;0;1800;0;-1800
20.02.2021 19:00:00;20.02.2021 20:00:00;0;0;1000;0;650;0;150;0;1800;0;-1800
20.02.2021 20:00:00;20.02.2021 21:00:00;0;0;946.3;0;589.2;0;150;0;1685.5;0;-1685.5
20.02.2021 21:00:00;20.02.2021 22:00:00;0;0;1000;0;529.4;0;128.1;0;1657.5;0;-1657.5
20.02.2021 22:00:00;20.02.2021 23:00:00;0;0;1000;0;500.7;0;134.6;0;1635.3;0;-1635.3
20.02.2021 23:00:00;21.02.2021 00:00:00;0;0;1000;0;283.4;0;0;0;1283.4;0;-1283.4
21.02.2021 00:00:00;21.02.2021 01:00:00;0;0;1000;0;68.3;0;0;0;1068.3;0;-1068.3
21.02.2021 01:00:00;21.02.2021 02:00:00;0;0;1000;0;23.7;0;0;0;1023.7;0;-1023.7
21.02.2021 02:00:00;21.02.2021 03:00:00;0;0;940;0;0;0;0;0;940;0;-940
21.02.2021 03:00:00;21.02.2021 04:00:00;0;0;933.9;0;0;0;0;0;933.9;0;-933.9
21.02.2021 04:00:00;21.02.2021 05:00:00;0;0;963.1;0;0;0;0;0;963.1;0;-963.1
21.02.2021 05:00:00;21.02.2021 06:00:00;0;0;805.8;0;272.8;0;0;0;1078.6;0;-1078.6
21.02.2021 06:00:00;21.02.2021 07:00:00;0;0;756.9;0;352.7;0;0;0;1109.6;0;-1109.6
21.02.2021 07:00:00;21.02.2021 08:00:00;0;0;700.9;0;526.9;0;0;0;1227.8;0;-1227.8
21.02.2021 08:00:00;21.02.2021 09:00:00;0;0;828;0;650;0;150;0;1628;0;-1628
21.02.2021 09:00:00;21.02.2021 10:00:00;0;0;885.1;0;650;0;150;0;1685.1;0;-1685.1
21.02.2021 10:00:00;21.02.2021 11:00:00;0;0;835.9;0;650;0;140.6;0;1626.5;0;-1626.5
21.02.2021 11:00:00;21.02.2021 12:00:00;0;0;1000;0;601.2;0;0;0;1601.2;0;-1601.2
21.02.2021 12:00:00;21.02.2021 13:00:00;0;0;1000;0;624;0;0;0;1624;0;-1624
21.02.2021 13:00:00;21.02.2021 14:00:00;0;0;1000;0;616.1;0;0;0;1616.1;0;-1616.1
21.02.2021 14:00:00;21.02.2021 15:00:00;0;0;1000;0;634.4;0;0;0;1634.4;0;-1634.4
21.02.2021 15:00:00;21.02.2021 16:00:00;0;0;951.2;0;650;0;150;0;1751.2;0;-1751.2
21.02.2021 16:00:00;21.02.2021 17:00:00;0;0;1000;0;650;0;150;0;1800;0;-1800
21.02.2021 17:00:00;21.02.2021 18:00:00;0;0;1000;0;650;0;150;0;1800;0;-1800
21.02.2021 18:00:00;21.02.2021 19:00:00;0;0;1000;0;650;0;150;0;1800;0;-1800
21.02.2021 19:00:00;21.02.2021 20:00:00;0;0;1000;0;650;0;150;0;1800;0;-1800
21.02.2021 20:00:00;21.02.2021 21:00:00;0;0;1000;0;650;0;150;0;1800;0;-1800
21.02.2021 21:00:00;21.02.2021 22:00:00;0;0;1000;0;650;0;150;0;1800;0;-1800
21.02.2021 22:00:00;21.02.2021 23:00:00;0;0;1000;0;650;0;150;0;1800;0;-1800
21.02.2021 23:00:00;22.02.2021 00:00:00;0;0;1000;0;650;0;150;0;1800;0;-1800
22.02.2021 00:00:00;22.02.2021 01:00:00;0;0;948.7;0;650;0;150;0;1748.7;0;-1748.7
22.02.2021 01:00:00;22.02.2021 02:00:00;0;0;967.7;0;650;0;150;0;1767.7;0;-1767.7
22.02.2021 02:00:00;22.02.2021 03:00:00;0;0;949.5;0;650;0;150;0;1749.5;0;-1749.5
22.02.2021 03:00:00;22.02.2021 04:00:00;0;0;950.5;0;650;0;150;0;1750.5;0;-1750.5
22.02.2021 04:00:00;22.02.2021 05:00:00;0;0;943.8;0;650;0;150;0;1743.8;0;-1743.8
22.02.2021 05:00:00;22.02.2021 06:00:00;0;0;896.2;0;650;0;150;0;1696.2;0;-1696.2
22.02.2021 06:00:00;22.02.2021 07:00:00;0;0;914.7;0;650;0;150;0;1714.7;0;-1714.7
22.02.2021 07:00:00;22.02.2021 08:00:00;0;0;852.8;0;650;0;150;0;1652.8;0;-1652.8
22.02.2021 08:00:00;22.02.2021 09:00:00;0;0;826;0;650;0;150;0;1626;0;-1626
22.02.2021 09:00:00;22.02.2021 10:00:00;0;0;806.2;0;650;0;150;0;1606.2;0;-1606.2
22.02.2021 10:00:00;22.02.2021 11:00:00;0;0;822.5;0;650;0;150;0;1622.5;0;-1622.5
22.02.2021 11:00:00;22.02.2021 12:00:00;0;0;812.6;0;650;0;150;0;1612.6;0;-1612.6
22.02.2021 12:00:00;22.02.2021 13:00:00;0;0;810.1;0;650;0;150;0;1610.1;0;-1610.1
22.02.2021 13:00:00;22.02.2021 14:00:00;0;0;813;0;650;0;150;0;1613;0;-1613
22.02.2021 14:00:00;22.02.2021 15:00:00;0;0;823.2;0;650;0;150;0;1623.2;0;-1623.2
22.02.2021 15:00:00;22.02.2021 16:00:00;0;0;817.8;0;650;0;150;0;1617.8;0;-1617.8
22.02.2021 16:00:00;22.02.2021 17:00:00;0;0;852.2;0;650;0;150;0;1652.2;0;-1652.2
22.02.2021 17:00:00;22.02.2021 18:00:00;0;0;877.4;0;648.1;0;150;0;1675.5;0;-1675.5
22.02.2021 18:00:00;22.02.2021 19:00:00;0;0;907.3;0;624.4;0;150;0;1681.7;0;-1681.7
22.02.2021 19:00:00;22.02.2021 20:00:00;0;0;937.7;0;598.8;0;150;0;1686.5;0;-1686.5
22.02.2021 20:00:00;22.02.2021 21:00:00;0;0;930.7;0;574.8;0;150;0;1655.5;0;-1655.5
22.02.2021 21:00:00;22.02.2021 22:00:00;0;0;931.3;0;581.7;0;150;0;1663;0;-1663
22.02.2021 22:00:00;22.02.2021 23:00:00;0;0;936.1;0;585.8;0;150;0;1671.9;0;-1671.9
22.02.2021 23:00:00;23.02.2021 00:00:00;0;0;929.7;0;624.8;0;150;0;1704.5;0;-1704.5
23.02.2021 00:00:00;23.02.2021 01:00:00;0;0;1000;0;650;0;150;0;1800;0;-1800
23.02.2021 01:00:00;23.02.2021 02:00:00;0;0;1000;0;650;0;150;0;1800;0;-1800
23.02.2021 02:00:00;23.02.2021 03:00:00;0;0;1000;0;650;0;150;0;1800;0;-1800
23.02.2021 03:00:00;23.02.2021 04:00:00;0;0;1000;0;650;0;150;0;1800;0;-1800
23.02.2021 04:00:00;23.02.2021 05:00:00;0;0;1000;0;650;0;150;0;1800;0;-1800
23.02.2021 05:00:00;23.02.2021 06:00:00;0;0;988.9;0;650;0;150;0;1788.9;0;-1788.9
23.02.2021 06:00:00;23.02.2021 07:00:00;0;0;910.1;0;650;0;150;0;1710.1;0;-1710.1
23.02.2021 07:00:00;23.02.2021 08:00:00;0;0;1000;0;650;0;150;0;1800;0;-1800
23.02.2021 08:00:00;23.02.2021 09:00:00;0;0;938.2;0;650;0;150;0;1738.2;0;-1738.2
23.02.2021 09:00:00;23.02.2021 10:00:00;0;0;939.9;0;650;0;150;0;1739.9;0;-1739.9
23.02.2021 10:00:00;23.02.2021 11:00:00;0;0;933.6;0;650;0;150;0;1733.6;0;-1733.6
23.02.2021 11:00:00;23.02.2021 12:00:00;0;0;933.6;0;650;0;150;0;1733.6;0;-1733.6
23.02.2021 12:00:00;23.02.2021 13:00:00;0;0;945.2;0;650;0;150;0;1745.2;0;-1745.2
23.02.2021 13:00:00;23.02.2021 14:00:00;0;0;936.4;0;650;0;150;0;1736.4;0;-1736.4
23.02.2021 14:00:00;23.02.2021 15:00:00;0;0;901.5;0;650;0;150;0;1701.5;0;-1701.5
23.02.2021 15:00:00;23.02.2021 16:00:00;0;0;832.3;0;650;0;150;0;1632.3;0;-1632.3
23.02.2021 16:00:00;23.02.2021 17:00:00;0;0;833;0;650;0;150;0;1633;0;-1633
23.02.2021 17:00:00;23.02.2021 18:00:00;0;0;838.9;0;650;0;150;0;1638.9;0;-1638.9
23.02.2021 18:00:00;23.02.2021 19:00:00;0;0;784.4;0;650;0;150;0;1584.4;0;-1584.4
23.02.2021 19:00:00;23.02.2021 20:00:00;0;0;803.4;0;650;0;150;0;1603.4;0;-1603.4
23.02.2021 20:00:00;23.02.2021 21:00:00;0;0;789.2;0;650;0;150;0;1589.2;0;-1589.2
23.02.2021 21:00:00;23.02.2021 22:00:00;0;0;794.3;0;650;0;150;0;1594.3;0;-1594.3
23.02.2021 22:00:00;23.02.2021 23:00:00;0;0;829.2;0;650;0;150;0;1629.2;0;-1629.2
23.02.2021 23:00:00;24.02.2021 00:00:00;0;0;872.1;0;650;0;150;0;1672.1;0;-1672.1
24.02.2021 00:00:00;24.02.2021 01:00:00;0;0;509.9;0;452.9;0;150;0;1112.8;0;-1112.8
24.02.2021 01:00:00;24.02.2021 02:00:00;0;0;689.6;0;66.6;0;0;0;756.2;0;-756.2
24.02.2021 02:00:00;24.02.2021 03:00:00;0;0;49;0;0;0;0;0;49;0;-49
24.02.2021 03:00:00;24.02.2021 04:00:00;0;0;0;0;0;0;0;32.4;0;32.4;32.4
24.02.2021 04:00:00;24.02.2021 05:00:00;0;0;164.7;0;28.4;0;0;0;193.1;0;-193.1
24.02.2021 05:00:00;24.02.2021 06:00:00;0;0;687.8;0;138.6;0;0;0;826.4;0;-826.4
24.02.2021 06:00:00;24.02.2021 07:00:00;0;0;959.3;0;367.6;0;150;0;1476.9;0;-1476.9
24.02.2021 07:00:00;24.02.2021 08:00:00;0;0;1000;0;434.8;0;150;0;1584.8;0;-1584.8
24.02.2021 08:00:00;24.02.2021 09:00:00;0;0;1000;0;464.7;0;150;0;1614.7;0;-1614.7
24.02.2021 09:00:00;24.02.2021 10:00:00;0;0;1000;0;498.2;0;150;0;1648.2;0;-1648.2
24.02.2021 10:00:00;24.02.2021 11:00:00;0;0;1000;0;513.2;0;150;0;1663.2;0;-1663.2
24.02.2021 11:00:00;24.02.2021 12:00:00;0;0;1000;0;536.4;0;150;0;1686.4;0;-1686.4
24.02.2021 12:00:00;24.02.2021 13:00:00;0;0;936.7;0;480.3;0;150;0;1567;0;-1567
24.02.2021 13:00:00;24.02.2021 14:00:00;0;0;903;0;518.5;0;150;0;1571.5;0;-1571.5
24.02.2021 14:00:00;24.02.2021 15:00:00;0;0;932.1;0;565.1;0;150;0;1647.2;0;-1647.2
24.02.2021 15:00:00;24.02.2021 16:00:00;0;0;935.9;0;536.9;0;150;0;1622.8;0;-1622.8
24.02.2021 16:00:00;24.02.2021 17:00:00;0;0;959.7;0;498.4;0;150;0;1608.1;0;-1608.1
24.02.2021 17:00:00;24.02.2021 18:00:00;0;0;997.1;0;439.7;0;150;0;1586.8;0;-1586.8
24.02.2021 18:00:00;24.02.2021 19:00:00;0;0;1000;0;420;0;150;0;1570;0;-1570
24.02.2021 19:00:00;24.02.2021 20:00:00;0;0;1000;0;428;0;150;0;1578;0;-1578
24.02.2021 20:00:00;24.02.2021 21:00:00;0;0;1000;0;386;0;150;0;1536;0;-1536
24.02.2021 21:00:00;24.02.2021 22:00:00;0;0;1000;0;394.3;0;150;0;1544.3;0;-1544.3
24.02.2021 22:00:00;24.02.2021 23:00:00;0;0;935.3;0;198.7;0;150;0;1284;0;-1284
24.02.2021 23:00:00;25.02.2021 00:00:00;0;0;709.6;0;127.7;0;150;0;987.3;0;-987.3
25.02.2021 00:00:00;25.02.2021 01:00:00;0;0;664.9;0;0;271.9;0;0;664.9;271.9;-393
25.02.2021 01:00:00;25.02.2021 02:00:00;0;0;551.9;0;0;373.4;0;0;551.9;373.4;-178.5
25.02.2021 02:00:00;25.02.2021 03:00:00;0;0;601.6;0;0;389.2;0;0;601.6;389.2;-212.4
25.02.2021 03:00:00;25.02.2021 04:00:00;0;0;669.8;0;0;382.6;0;0;669.8;382.6;-287.2
25.02.2021 04:00:00;25.02.2021 05:00:00;0;0;977.6;0;0;164.4;0;0;977.6;164.4;-813.2
25.02.2021 05:00:00;25.02.2021 06:00:00;0;0;1000;0;0;0;124.7;0;1124.7;0;-1124.7
25.02.2021 06:00:00;25.02.2021 07:00:00;0;0;1000;0;53.1;0;150;0;1203.1;0;-1203.1
25.02.2021 07:00:00;25.02.2021 08:00:00;0;0;1000;0;191.8;0;150;0;1341.8;0;-1341.8
25.02.2021 08:00:00;25.02.2021 09:00:00;0;0;1000;0;183.7;0;150;0;1333.7;0;-1333.7
25.02.2021 09:00:00;25.02.2021 10:00:00;0;0;1000;0;167;0;150;0;1317;0;-1317
25.02.2021 10:00:00;25.02.2021 11:00:00;0;0;1000;0;207.6;0;150;0;1357.6;0;-1357.6
25.02.2021 11:00:00;25.02.2021 12:00:00;0;0;1000;0;182.5;0;150;0;1332.5;0;-1332.5
25.02.2021 12:00:00;25.02.2021 13:00:00;0;0;1000;0;169.1;0;150;0;1319.1;0;-1319.1
25.02.2021 13:00:00;25.02.2021 14:00:00;0;0;1000;0;141.7;0;150;0;1291.7;0;-1291.7
25.02.2021 14:00:00;25.02.2021 15:00:00;0;0;1000;0;101.1;0;150;0;1251.1;0;-1251.1
25.02.2021 15:00:00;25.02.2021 16:00:00;0;0;1000;0;88.9;0;150;0;1238.9;0;-1238.9
25.02.2021 16:00:00;25.02.2021 17:00:00;0;0;1000;0;5.8;0;150;0;1155.8;0;-1155.8
25.02.2021 17:00:00;25.02.2021 18:00:00;0;0;987.9;0;0;0;150;0;1137.9;0;-1137.9
25.02.2021 18:00:00;25.02.2021 19:00:00;0;0;1000;0;68.4;0;150;0;1218.4;0;-1218.4
25.02.2021 19:00:00;25.02.2021 20:00:00;0;0;979.7;0;0;0;150;0;1129.7;0;-1129.7
25.02.2021 20:00:00;25.02.2021 21:00:00;0;0;913.1;0;0;0;150;0;1063.1;0;-1063.1
25.02.2021 21:00:00;25.02.2021 22:00:00;0;0;877.8;0;0;0;150;0;1027.8;0;-1027.8
25.02.2021 22:00:00;25.02.2021 23:00:00;0;0;759.8;0;0;0;150;0;909.8;0;-909.8
25.02.2021 23:00:00;26.02.2021 00:00:00;0;0;729.2;0;0;108.2;0;0;729.2;108.2;-621
26.02.2021 00:00:00;26.02.2021 01:00:00;0;0;595.3;0;0;549.1;0;0;595.3;549.1;-46.2
26.02.2021 01:00:00;26.02.2021 02:00:00;0;0;555;0;0;448.4;0;0;555;448.4;-106.6
26.02.2021 02:00:00;26.02.2021 03:00:00;0;0;542.2;0;0;393.3;0;0;542.2;393.3;-148.9
26.02.2021 03:00:00;26.02.2021 04:00:00;0;0;520.8;0;0;294.1;0;0;520.8;294.1;-226.7
26.02.2021 04:00:00;26.02.2021 05:00:00;0;0;718.2;0;0;304;0;0;718.2;304;-414.2
26.02.2021 05:00:00;26.02.2021 06:00:00;0;0;1000;0;0;2.6;0;0;1000;2.6;-997.4
26.02.2021 06:00:00;26.02.2021 07:00:00;0;0;1000;0;0;73.6;0;0;1000;73.6;-926.4
26.02.2021 07:00:00;26.02.2021 08:00:00;0;0;1000;0;0;159.5;0;0;1000;159.5;-840.5
26.02.2021 08:00:00;26.02.2021 09:00:00;0;0;1000;0;0;183.9;0;0;1000;183.9;-816.1
26.02.2021 09:00:00;26.02.2021 10:00:00;0;0;1000;0;0;210;0;0;1000;210;-790
26.02.2021 10:00:00;26.02.2021 11:00:00;0;0;1000;0;0;224.8;0;0;1000;224.8;-775.2
26.02.2021 11:00:00;26.02.2021 12:00:00;0;0;1000;0;0;270.9;0;0;1000;270.9;-729.1
26.02.2021 12:00:00;26.02.2021 13:00:00;0;0;1000;0;0;272.4;0;0;1000;272.4;-727.6
26.02.2021 13:00:00;26.02.2021 14:00:00;0;0;1000;0;0;292.9;0;0;1000;292.9;-707.1
26.02.2021 14:00:00;26.02.2021 15:00:00;0;0;1000;0;0;319.3;0;0;1000;319.3;-680.7
26.02.2021 15:00:00;26.02.2021 16:00:00;0;0;1000;0;0;342.7;0;0;1000;342.7;-657.3
26.02.2021 16:00:00;26.02.2021 17:00:00;0;0;1000;0;0;320.8;0;0;1000;320.8;-679.2
26.02.2021 17:00:00;26.02.2021 18:00:00;0;0;1000;0;0;277;0;0;1000;277;-723
26.02.2021 18:00:00;26.02.2021 19:00:00;0;0;1000;0;0;245.7;0;0;1000;245.7;-754.3
26.02.2021 19:00:00;26.02.2021 20:00:00;0;0;1000;0;0;199.8;0;0;1000;199.8;-800.2
26.02.2021 20:00:00;26.02.2021 21:00:00;0;0;1000;0;0;211.9;0;0;1000;211.9;-788.1
26.02.2021 21:00:00;26.02.2021 22:00:00;0;0;1000;0;0;190.2;0;0;1000;190.2;-809.8
26.02.2021 22:00:00;26.02.2021 23:00:00;0;0;1000;0;0;460.4;0;0;1000;460.4;-539.6
26.02.2021 23:00:00;27.02.2021 00:00:00;0;0;876;0;0;600;0;0;876;600;-276
27.02.2021 00:00:00;27.02.2021 01:00:00;0;0;726;0;0;600;0;0;726;600;-126
27.02.2021 01:00:00;27.02.2021 02:00:00;0;0;647.6;0;0;600;0;0;647.6;600;-47.6
27.02.2021 02:00:00;27.02.2021 03:00:00;0;0;635.5;0;0;600;0;0;635.5;600;-35.5
27.02.2021 03:00:00;27.02.2021 04:00:00;0;0;686.5;0;0;600;0;0;686.5;600;-86.5
27.02.2021 04:00:00;27.02.2021 05:00:00;0;0;767.5;0;0;600;0;0;767.5;600;-167.5
27.02.2021 05:00:00;27.02.2021 06:00:00;0;0;618.4;0;0;245.8;0;0;618.4;245.8;-372.6
27.02.2021 06:00:00;27.02.2021 07:00:00;0;0;760.4;0;0;0;150;0;910.4;0;-910.4
27.02.2021 07:00:00;27.02.2021 08:00:00;0;0;830.4;0;104.6;0;150;0;1085;0;-1085
27.02.2021 08:00:00;27.02.2021 09:00:00;0;0;838.7;0;198.2;0;150;0;1186.9;0;-1186.9
27.02.2021 09:00:00;27.02.2021 10:00:00;0;0;852.7;0;244.4;0;150;0;1247.1;0;-1247.1
27.02.2021 10:00:00;27.02.2021 11:00:00;0;0;838.4;0;248.4;0;150;0;1236.8;0;-1236.8
27.02.2021 11:00:00;27.02.2021 12:00:00;0;0;830.1;0;234.7;0;150;0;1214.8;0;-1214.8
27.02.2021 12:00:00;27.02.2021 13:00:00;0;0;857.4;0;153.1;0;150;0;1160.5;0;-1160.5
27.02.2021 13:00:00;27.02.2021 14:00:00;0;0;760.9;0;6.5;0;150;0;917.4;0;-917.4
27.02.2021 14:00:00;27.02.2021 15:00:00;0;0;687.3;0;0;0;17.3;0;704.6;0;-704.6
27.02.2021 15:00:00;27.02.2021 16:00:00;0;0;668.2;0;0;284.9;0;0;668.2;284.9;-383.3
27.02.2021 16:00:00;27.02.2021 17:00:00;0;0;617.7;0;0;366.5;0;0;617.7;366.5;-251.2
27.02.2021 17:00:00;27.02.2021 18:00:00;0;0;653.8;0;0;375.6;0;0;653.8;375.6;-278.2
27.02.2021 18:00:00;27.02.2021 19:00:00;0;0;756.1;0;0;342.2;0;0;756.1;342.2;-413.9
27.02.2021 19:00:00;27.02.2021 20:00:00;0;0;683.5;0;0;413.1;0;0;683.5;413.1;-270.4
27.02.2021 20:00:00;27.02.2021 21:00:00;0;0;594.9;0;0;488.4;0;0;594.9;488.4;-106.5
27.02.2021 21:00:00;27.02.2021 22:00:00;0;0;597.7;0;0;468.9;0;0;597.7;468.9;-128.8
27.02.2021 22:00:00;27.02.2021 23:00:00;0;0;643.4;0;0;467.7;0;0;643.4;467.7;-175.7
27.02.2021 23:00:00;28.02.2021 00:00:00;0;0;614.4;0;0;445.9;0;0;614.4;445.9;-168.5
28.02.2021 00:00:00;28.02.2021 01:00:00;0;0;595.1;0;0;371.7;0;0;595.1;371.7;-223.4
28.02.2021 01:00:00;28.02.2021 02:00:00;0;0;627.5;0;0;399;0;0;627.5;399;-228.5
28.02.2021 02:00:00;28.02.2021 03:00:00;0;0;642.6;0;0;401;0;0;642.6;401;-241.6
28.02.2021 03:00:00;28.02.2021 04:00:00;0;0;652.5;0;0;384.8;0;0;652.5;384.8;-267.7
28.02.2021 04:00:00;28.02.2021 05:00:00;0;0;669.3;0;0;340.6;0;0;669.3;340.6;-328.7
28.02.2021 05:00:00;28.02.2021 06:00:00;0;0;680.6;0;0;316.4;0;0;680.6;316.4;-364.2
28.02.2021 06:00:00;28.02.2021 07:00:00;0;0;663.2;0;0;288.2;0;0;663.2;288.2;-375
28.02.2021 07:00:00;28.02.2021 08:00:00;0;0;520.4;0;0;134.5;0;0;520.4;134.5;-385.9
28.02.2021 08:00:00;28.02.2021 09:00:00;0;0;492.8;0;0;0;63.7;0;556.5;0;-556.5
28.02.2021 09:00:00;28.02.2021 10:00:00;0;0;567.8;0;0;77.3;0;0;567.8;77.3;-490.5
28.02.2021 10:00:00;28.02.2021 11:00:00;0;0;601.9;0;0;149.2;0;0;601.9;149.2;-452.7
28.02.2021 11:00:00;28.02.2021 12:00:00;0;0;590.7;0;0;129.9;0;0;590.7;129.9;-460.8
28.02.2021 12:00:00;28.02.2021 13:00:00;0;0;584.9;0;0;145.7;0;0;584.9;145.7;-439.2
28.02.2021 13:00:00;28.02.2021 14:00:00;0;0;647.1;0;0;258.1;0;0;647.1;258.1;-389
28.02.2021 14:00:00;28.02.2021 15:00:00;0;0;669.8;0;0;324.3;0;0;669.8;324.3;-345.5
28.02.2021 15:00:00;28.02.2021 16:00:00;0;0;674;0;0;338.6;0;0;674;338.6;-335.4
28.02.2021 16:00:00;28.02.2021 17:00:00;0;0;650.5;0;0;204.5;0;0;650.5;204.5;-446
28.02.2021 17:00:00;28.02.2021 18:00:00;0;0;693.7;0;0;224;0;0;693.7;224;-469.7
28.02.2021 18:00:00;28.02.2021 19:00:00;0;0;741.3;0;0;223.3;0;0;741.3;223.3;-518
28.02.2021 19:00:00;28.02.2021 20:00:00;0;0;757.5;0;0;263.3;0;0;757.5;263.3;-494.2
28.02.2021 20:00:00;28.02.2021 21:00:00;0;0;737.6;0;0;279;0;0;737.6;279;-458.6
28.02.2021 21:00:00;28.02.2021 22:00:00;0;0;701.2;0;0;247.9;0;0;701.2;247.9;-453.3
28.02.2021 22:00:00;28.02.2021 23:00:00;0;0;755.4;0;0;280.2;0;0;755.4;280.2;-475.2
28.02.2021 23:00:00;01.03.2021 00:00:00;0;0;640;0;0;164.3;0;0;640;164.3;-475.7
01.03.2021 00:00:00;01.03.2021 01:00:00;0;0;741.9;0;0;541;0;0;741.9;541;-200.9
01.03.2021 01:00:00;01.03.2021 02:00:00;0;0;696.4;0;0;475.1;0;0;696.4;475.1;-221.3
01.03.2021 02:00:00;01.03.2021 03:00:00;0;0;677.7;0;0;465.9;0;0;677.7;465.9;-211.8
01.03.2021 03:00:00;01.03.2021 04:00:00;0;0;680;0;0;439.1;0;0;680;439.1;-240.9
01.03.2021 04:00:00;01.03.2021 05:00:00;0;0;573.8;0;0;216.8;0;0;573.8;216.8;-357
01.03.2021 05:00:00;01.03.2021 06:00:00;0;0;531.7;0;0;74.1;0;0;531.7;74.1;-457.6
01.03.2021 06:00:00;01.03.2021 07:00:00;0;0;742.5;0;0;366.6;0;0;742.5;366.6;-375.9
01.03.2021 07:00:00;01.03.2021 08:00:00;0;0;788.5;0;0;414.3;0;0;788.5;414.3;-374.2
01.03.2021 08:00:00;01.03.2021 09:00:00;0;0;864.6;0;0;299.7;0;0;864.6;299.7;-564.9
01.03.2021 09:00:00;01.03.2021 10:00:00;0;0;870.6;0;0;289.3;0;0;870.6;289.3;-581.3
01.03.2021 10:00:00;01.03.2021 11:00:00;0;0;796.5;0;0;245.9;0;0;796.5;245.9;-550.6
01.03.2021 11:00:00;01.03.2021 12:00:00;0;0;825.7;0;0;194.1;0;0;825.7;194.1;-631.6
01.03.2021 12:00:00;01.03.2021 13:00:00;0;0;862.1;0;0;333;0;0;862.1;333;-529.1
01.03.2021 13:00:00;01.03.2021 14:00:00;0;0;881.2;0;0;337.6;0;0;881.2;337.6;-543.6
01.03.2021 14:00:00;01.03.2021 15:00:00;0;0;961.2;0;0;305.6;0;0;961.2;305.6;-655.6
01.03.2021 15:00:00;01.03.2021 16:00:00;0;0;962.3;0;0;291.1;0;0;962.3;291.1;-671.2
01.03.2021 16:00:00;01.03.2021 17:00:00;0;0;959.5;0;0;306.3;0;0;959.5;306.3;-653.2
01.03.2021 17:00:00;01.03.2021 18:00:00;0;0;961.6;0;0;296.9;0;0;961.6;296.9;-664.7
01.03.2021 18:00:00;01.03.2021 19:00:00;0;0;988.6;0;0;198.3;0;0;988.6;198.3;-790.3
01.03.2021 19:00:00;01.03.2021 20:00:00;0;0;984.3;0;0;252.8;0;0;984.3;252.8;-731.5
01.03.2021 20:00:00;01.03.2021 21:00:00;0;0;945;0;0;301.3;0;0;945;301.3;-643.7
01.03.2021 21:00:00;01.03.2021 22:00:00;0;0;907.4;0;0;337.6;0;0;907.4;337.6;-569.8
01.03.2021 22:00:00;01.03.2021 23:00:00;0;0;938.2;0;0;363.6;0;0;938.2;363.6;-574.6
01.03.2021 23:00:00;02.03.2021 00:00:00;0;0;830.5;0;0;568.8;0;0;830.5;568.8;-261.7
02.03.2021 00:00:00;02.03.2021 01:00:00;0;0;593.3;0;0;475.4;0;0;593.3;475.4;-117.9
02.03.2021 01:00:00;02.03.2021 02:00:00;0;0;620.4;0;0;580.8;0;0;620.4;580.8;-39.6
02.03.2021 02:00:00;02.03.2021 03:00:00;0;0;635.4;0;0;586.3;0;0;635.4;586.3;-49.1
02.03.2021 03:00:00;02.03.2021 04:00:00;0;0;728.5;0;0;443.9;0;0;728.5;443.9;-284.6
02.03.2021 04:00:00;02.03.2021 05:00:00;0;0;684.1;0;0;0;149.6;0;833.7;0;-833.7
02.03.2021 05:00:00;02.03.2021 06:00:00;0;0;773.2;0;10;0;150;0;933.2;0;-933.2
02.03.2021 06:00:00;02.03.2021 07:00:00;0;0;878.5;0;0;0;1;0;879.5;0;-879.5
02.03.2021 07:00:00;02.03.2021 08:00:00;0;0;957.6;0;0;0;29.9;0;987.5;0;-987.5
02.03.2021 08:00:00;02.03.2021 09:00:00;0;0;1000;0;0;0;79.7;0;1079.7;0;-1079.7
02.03.2021 09:00:00;02.03.2021 10:00:00;0;0;1000;0;80.6;0;150;0;1230.6;0;-1230.6
02.03.2021 10:00:00;02.03.2021 11:00:00;0;0;987.8;0;53.1;0;150;0;1190.9;0;-1190.9
02.03.2021 11:00:00;02.03.2021 12:00:00;0;0;930.3;0;20.2;0;150;0;1100.5;0;-1100.5
02.03.2021 12:00:00;02.03.2021 13:00:00;0;0;932.4;0;45.4;0;150;0;1127.8;0;-1127.8
02.03.2021 13:00:00;02.03.2021 14:00:00;0;0;953;0;0;0;147;0;1100;0;-1100
02.03.2021 14:00:00;02.03.2021 15:00:00;0;0;955.9;0;8.1;0;150;0;1114;0;-1114
02.03.2021 15:00:00;02.03.2021 16:00:00;0;0;959.9;0;0;0;150;0;1109.9;0;-1109.9
02.03.2021 16:00:00;02.03.2021 17:00:00;0;0;958.8;0;0;0;150;0;1108.8;0;-1108.8
02.03.2021 17:00:00;02.03.2021 18:00:00;0;0;988.7;0;19.9;0;150;0;1158.6;0;-1158.6
02.03.2021 18:00:00;02.03.2021 19:00:00;0;0;1000;0;120;0;150;0;1270;0;-1270
02.03.2021 19:00:00;02.03.2021 20:00:00;0;0;1000;0;43.1;0;150;0;1193.1;0;-1193.1
02.03.2021 20:00:00;02.03.2021 21:00:00;0;0;1000;0;25.4;0;150;0;1175.4;0;-1175.4
02.03.2021 21:00:00;02.03.2021 22:00:00;0;0;961.2;0;21;0;150;0;1132.2;0;-1132.2
02.03.2021 22:00:00;02.03.2021 23:00:00;0;0;963.9;0;56.9;0;150;0;1170.8;0;-1170.8
02.03.2021 23:00:00;03.03.2021 00:00:00;0;0;918.1;0;75.1;0;150;0;1143.2;0;-1143.2
03.03.2021 00:00:00;03.03.2021 01:00:00;0;0;595.1;0;0;0;6.4;0;601.5;0;-601.5
03.03.2021 01:00:00;03.03.2021 02:00:00;0;0;453.2;0;0;0;117.1;0;570.3;0;-570.3
03.03.2021 02:00:00;03.03.2021 03:00:00;0;0;419.7;0;0;0;55.3;0;475;0;-475
03.03.2021 03:00:00;03.03.2021 04:00:00;0;0;381.3;0;0;0;118.6;0;499.9;0;-499.9
03.03.2021 04:00:00;03.03.2021 05:00:00;0;0;731.7;0;305.2;0;150;0;1186.9;0;-1186.9
03.03.2021 05:00:00;03.03.2021 06:00:00;0;0;677.7;0;284.3;0;150;0;1112;0;-1112
03.03.2021 06:00:00;03.03.2021 07:00:00;0;0;676.1;0;255.5;0;150;0;1081.6;0;-1081.6
03.03.2021 07:00:00;03.03.2021 08:00:00;0;0;647.4;0;196.4;0;150;0;993.8;0;-993.8
03.03.2021 08:00:00;03.03.2021 09:00:00;0;0;732;0;183.6;0;150;0;1065.6;0;-1065.6
03.03.2021 09:00:00;03.03.2021 10:00:00;0;0;831.2;0;159.1;0;150;0;1140.3;0;-1140.3
03.03.2021 10:00:00;03.03.2021 11:00:00;0;0;866.8;0;131.3;0;150;0;1148.1;0;-1148.1
03.03.2021 11:00:00;03.03.2021 12:00:00;0;0;804;0;108.5;0;150;0;1062.5;0;-1062.5
03.03.2021 12:00:00;03.03.2021 13:00:00;0;0;773.3;0;111.8;0;150;0;1035.1;0;-1035.1
03.03.2021 13:00:00;03.03.2021 14:00:00;0;0;769.1;0;88.6;0;150;0;1007.7;0;-1007.7
03.03.2021 14:00:00;03.03.2021 15:00:00;0;0;708.4;0;120.4;0;150;0;978.8;0;-978.8
03.03.2021 15:00:00;03.03.2021 16:00:00;0;0;686.6;0;165.8;0;150;0;1002.4;0;-1002.4
03.03.2021 16:00:00;03.03.2021 17:00:00;0;0;687.6;0;177.2;0;150;0;1014.8;0;-1014.8
03.03.2021 17:00:00;03.03.2021 18:00:00;0;0;694.2;0;216.7;0;150;0;1060.9;0;-1060.9
03.03.2021 18:00:00;03.03.2021 19:00:00;0;0;665.9;0;191.3;0;150;0;1007.2;0;-1007.2
03.03.2021 19:00:00;03.03.2021 20:00:00;0;0;673.1;0;185.5;0;150;0;1008.6;0;-1008.6
03.03.2021 20:00:00;03.03.2021 21:00:00;0;0;732;0;45;0;150;0;927;0;-927
03.03.2021 21:00:00;03.03.2021 22:00:00;0;0;831.8;0;10.7;0;150;0;992.5;0;-992.5
03.03.2021 22:00:00;03.03.2021 23:00:00;0;0;792.5;0;52.2;0;150;0;994.7;0;-994.7
03.03.2021 23:00:00;04.03.2021 00:00:00;0;0;714.7;0;0;0;0;0;714.7;0;-714.7
04.03.2021 00:00:00;04.03.2021 01:00:00;0;0;546.3;0;0;0;0;0;546.3;0;-546.3
04.03.2021 01:00:00;04.03.2021 02:00:00;0;0;627.4;0;0;0;0;0;627.4;0;-627.4
04.03.2021 02:00:00;04.03.2021 03:00:00;0;0;654;0;0;0;0;0;654;0;-654
04.03.2021 03:00:00;04.03.2021 04:00:00;0;0;669.8;0;0;0;90.6;0;760.4;0;-760.4
04.03.2021 04:00:00;04.03.2021 05:00:00;0;0;893.4;0;164.2;0;150;0;1207.6;0;-1207.6
04.03.2021 05:00:00;04.03.2021 06:00:00;0;0;832.6;0;111.4;0;150;0;1094;0;-1094
04.03.2021 06:00:00;04.03.2021 07:00:00;0;0;998.1;0;0;0;86.4;0;1084.5;0;-1084.5
04.03.2021 07:00:00;04.03.2021 08:00:00;0;0;1000;0;0;0;5.2;0;1005.2;0;-1005.2
04.03.2021 08:00:00;04.03.2021 09:00:00;0;0;940.6;0;0;0;0;0;940.6;0;-940.6
04.03.2021 09:00:00;04.03.2021 10:00:00;0;0;899.6;0;0;44.2;0;0;899.6;44.2;-855.4
04.03.2021 10:00:00;04.03.2021 11:00:00;0;0;936.1;0;0;51.4;0;0;936.1;51.4;-884.7
04.03.2021 11:00:00;04.03.2021 12:00:00;0;0;923.3;0;0;52.5;0;0;923.3;52.5;-870.8
04.03.2021 12:00:00;04.03.2021 13:00:00;0;0;912.2;0;0;37.2;0;0;912.2;37.2;-875
04.03.2021 13:00:00;04.03.2021 14:00:00;0;0;865.2;0;0;19.6;0;0;865.2;19.6;-845.6
04.03.2021 14:00:00;04.03.2021 15:00:00;0;0;1000;0;0;0;0.5;0;1000.5;0;-1000.5
04.03.2021 15:00:00;04.03.2021 16:00:00;0;0;943.7;0;75.5;0;150;0;1169.2;0;-1169.2
04.03.2021 16:00:00;04.03.2021 17:00:00;0;0;951.3;0;100.9;0;150;0;1202.2;0;-1202.2
04.03.2021 17:00:00;04.03.2021 18:00:00;0;0;946;0;88.5;0;150;0;1184.5;0;-1184.5
04.03.2021 18:00:00;04.03.2021 19:00:00;0;0;954.1;0;78.5;0;150;0;1182.6;0;-1182.6
04.03.2021 19:00:00;04.03.2021 20:00:00;0;0;990.9;0;0;0;96.4;0;1087.3;0;-1087.3
04.03.2021 20:00:00;04.03.2021 21:00:00;0;0;939.5;0;0;12.5;0;0;939.5;12.5;-927
04.03.2021 21:00:00;04.03.2021 22:00:00;0;0;987.9;0;0;36.2;0;0;987.9;36.2;-951.7
04.03.2021 22:00:00;04.03.2021 23:00:00;0;0;1000;0;0;2.7;0;0;1000;2.7;-997.3
04.03.2021 23:00:00;05.03.2021 00:00:00;0;0;1000;0;0;0;64;0;1064;0;-1064
05.03.2021 00:00:00;05.03.2021 01:00:00;0;0;1000;0;0;0;127.1;0;1127.1;0;-1127.1
05.03.2021 01:00:00;05.03.2021 02:00:00;0;0;1000;0;54;0;150;0;1204;0;-1204
05.03.2021 02:00:00;05.03.2021 03:00:00;0;0;1000;0;97.4;0;150;0;1247.4;0;-1247.4
05.03.2021 03:00:00;05.03.2021 04:00:00;0;0;1000;0;155.8;0;150;0;1305.8;0;-1305.8
05.03.2021 04:00:00;05.03.2021 05:00:00;0;0;1000;0;200.5;0;150;0;1350.5;0;-1350.5
05.03.2021 05:00:00;05.03.2021 06:00:00;0;0;1000;0;210.8;0;150;0;1360.8;0;-1360.8
05.03.2021 06:00:00;05.03.2021 07:00:00;0;0;1000;0;97.7;0;150;0;1247.7;0;-1247.7
05.03.2021 07:00:00;05.03.2021 08:00:00;0;0;1000;0;165.6;0;150;0;1315.6;0;-1315.6
05.03.2021 08:00:00;05.03.2021 09:00:00;0;0;1000;0;260;0;150;0;1410;0;-1410
05.03.2021 09:00:00;05.03.2021 10:00:00;0;0;1000;0;288.9;0;150;0;1438.9;0;-1438.9
05.03.2021 10:00:00;05.03.2021 11:00:00;0;0;1000;0;330;0;150;0;1480;0;-1480
05.03.2021 11:00:00;05.03.2021 12:00:00;0;0;1000;0;430.5;0;150;0;1580.5;0;-1580.5
05.03.2021 12:00:00;05.03.2021 13:00:00;0;0;991.6;0;472.2;0;150;0;1613.8;0;-1613.8
05.03.2021 13:00:00;05.03.2021 14:00:00;0;0;887.6;0;518.7;0;150;0;1556.3;0;-1556.3
05.03.2021 14:00:00;05.03.2021 15:00:00;0;0;860.1;0;520.9;0;150;0;1531;0;-1531
05.03.2021 15:00:00;05.03.2021 16:00:00;0;0;794.3;0;498.1;0;150;0;1442.4;0;-1442.4
05.03.2021 16:00:00;05.03.2021 17:00:00;0;0;739.1;0;434.8;0;150;0;1323.9;0;-1323.9
05.03.2021 17:00:00;05.03.2021 18:00:00;0;0;682.8;0;315.9;0;150;0;1148.7;0;-1148.7
05.03.2021 18:00:00;05.03.2021 19:00:00;0;0;627.1;0;289.6;0;150;0;1066.7;0;-1066.7
05.03.2021 19:00:00;05.03.2021 20:00:00;0;0;548.1;0;327.4;0;150;0;1025.5;0;-1025.5
05.03.2021 20:00:00;05.03.2021 21:00:00;0;0;589.1;0;258;0;150;0;997.1;0;-997.1
05.03.2021 21:00:00;05.03.2021 22:00:00;0;0;553.5;0;229.8;0;150;0;933.3;0;-933.3
05.03.2021 22:00:00;05.03.2021 23:00:00;0;0;488;0;164.6;0;150;0;802.6;0;-802.6
05.03.2021 23:00:00;06.03.2021 00:00:00;0;0;479.2;0;150.6;0;150;0;779.8;0;-779.8
06.03.2021 00:00:00;06.03.2021 01:00:00;0;0;236.4;0;0;0;0;0;236.4;0;-236.4
06.03.2021 01:00:00;06.03.2021 02:00:00;0;0;100.8;0;0;0;0;0;100.8;0;-100.8
06.03.2021 02:00:00;06.03.2021 03:00:00;0;0;105.1;0;0;0;0;0;105.1;0;-105.1
06.03.2021 03:00:00;06.03.2021 04:00:00;0;0;94.7;0;0;0;0;0;94.7;0;-94.7
06.03.2021 04:00:00;06.03.2021 05:00:00;0;0;62.8;0;0;0;0;0;62.8;0;-62.8
06.03.2021 05:00:00;06.03.2021 06:00:00;0;0;22.3;0;0;0;0;0;22.3;0;-22.3
06.03.2021 06:00:00;06.03.2021 07:00:00;0;0;0;0;0;0;0;6.6;0;6.6;6.6
06.03.2021 07:00:00;06.03.2021 08:00:00;0;0;0;0;0;0;0;68.9;0;68.9;68.9
06.03.2021 08:00:00;06.03.2021 09:00:00;0;0;0;0;0;0;0;44;0;44;44
06.03.2021 09:00:00;06.03.2021 10:00:00;0;0;0;0;0;0;0;67.5;0;67.5;67.5
06.03.2021 10:00:00;06.03.2021 11:00:00;0;0;0;0;0;0;0;208.9;0;208.9;208.9
06.03.2021 11:00:00;06.03.2021 12:00:00;0;0;0;0;0;28.7;0;250;0;278.7;278.7
06.03.2021 12:00:00;06.03.2021 13:00:00;0;0;0;0;0;81.4;0;250;0;331.4;331.4
06.03.2021 13:00:00;06.03.2021 14:00:00;0;0;0;0;0;114.3;0;250;0;364.3;364.3
06.03.2021 14:00:00;06.03.2021 15:00:00;0;0;0;0;0;116.6;0;250;0;366.6;366.6
06.03.2021 15:00:00;06.03.2021 16:00:00;0;0;0;0;0;31.4;0;250;0;281.4;281.4
06.03.2021 16:00:00;06.03.2021 17:00:00;0;0;0;0;0;0;0;245.3;0;245.3;245.3
06.03.2021 17:00:00;06.03.2021 18:00:00;0;0;106.3;0;0;1.5;0;0;106.3;1.5;-104.8
06.03.2021 18:00:00;06.03.2021 19:00:00;0;0;48.3;0;0;56.2;0;0;48.3;56.2;7.9
06.03.2021 19:00:00;06.03.2021 20:00:00;0;0;0;0;0;0;0;93.9;0;93.9;93.9
06.03.2021 20:00:00;06.03.2021 21:00:00;0;0;0;0;0;0;0;137.8;0;137.8;137.8
06.03.2021 21:00:00;06.03.2021 22:00:00;0;0;0;0;0;2.8;0;40;0;42.8;42.8
06.03.2021 22:00:00;06.03.2021 23:00:00;0;0;46.2;0;0;0;0;0;46.2;0;-46.2
06.03.2021 23:00:00;07.03.2021 00:00:00;0;0;75.5;0;0;0;0;0;75.5;0;-75.5
07.03.2021 00:00:00;07.03.2021 01:00:00;0;0;156.8;0;0;600;0;0;156.8;600;443.2
07.03.2021 01:00:00;07.03.2021 02:00:00;0;0;92.3;0;0;600;0;0;92.3;600;507.7
07.03.2021 02:00:00;07.03.2021 03:00:00;0;0;54.4;0;0;600;0;0;54.4;600;545.6
07.03.2021 03:00:00;07.03.2021 04:00:00;0;0;166.8;0;0;600;0;0;166.8;600;433.2
07.03.2021 04:00:00;07.03.2021 05:00:00;0;0;431.3;0;0;582.2;0;0;431.3;582.2;150.9
07.03.2021 05:00:00;07.03.2021 06:00:00;0;0;511.7;0;0;560.7;0;0;511.7;560.7;49
07.03.2021 06:00:00;07.03.2021 07:00:00;0;0;494.4;0;0;584.5;0;0;494.4;584.5;90.1
07.03.2021 07:00:00;07.03.2021 08:00:00;0;0;410.8;0;0;545.8;0;0;410.8;545.8;135
07.03.2021 08:00:00;07.03.2021 09:00:00;0;0;421.3;0;0;481.9;0;0;421.3;481.9;60.6
07.03.2021 09:00:00;07.03.2021 10:00:00;0;0;488.7;0;0;554.4;0;0;488.7;554.4;65.7
07.03.2021 10:00:00;07.03.2021 11:00:00;0;0;504.1;0;0;587.4;0;14.2;504.1;601.6;97.5
07.03.2021 11:00:00;07.03.2021 12:00:00;0;0;497.5;0;0;481;0;77.5;497.5;558.5;61
07.03.2021 12:00:00;07.03.2021 13:00:00;0;0;434.2;0;0;341.2;0;158.8;434.2;500;65.8
07.03.2021 13:00:00;07.03.2021 14:00:00;0;0;438.4;0;0;284.9;0;238.2;438.4;523.1;84.7
07.03.2021 14:00:00;07.03.2021 15:00:00;0;0;462.1;0;0;318.9;0;250;462.1;568.9;106.8
07.03.2021 15:00:00;07.03.2021 16:00:00;0;0;483.3;0;0;534;0;0;483.3;534;50.7
07.03.2021 16:00:00;07.03.2021 17:00:00;0;0;735.2;0;0;367.1;0;0;735.2;367.1;-368.1
07.03.2021 17:00:00;07.03.2021 18:00:00;0;0;871.4;0;0;154.1;0;0;871.4;154.1;-717.3
07.03.2021 18:00:00;07.03.2021 19:00:00;0;0;905.5;0;0;150.7;0;0;905.5;150.7;-754.8
07.03.2021 19:00:00;07.03.2021 20:00:00;0;0;913.3;0;0;142.9;0;0;913.3;142.9;-770.4
07.03.2021 20:00:00;07.03.2021 21:00:00;0;0;955.2;0;0;71.4;0;0;955.2;71.4;-883.8
07.03.2021 21:00:00;07.03.2021 22:00:00;0;0;945.9;0;0;50.5;0;0;945.9;50.5;-895.4
07.03.2021 22:00:00;07.03.2021 23:00:00;0;0;1000;0;40.5;0;150;0;1190.5;0;-1190.5
07.03.2021 23:00:00;08.03.2021 00:00:00;0;0;1000;0;76.8;0;150;0;1226.8;0;-1226.8
08.03.2021 00:00:00;08.03.2021 01:00:00;0;0;1000;0;0;0;41;0;1041;0;-1041
08.03.2021 01:00:00;08.03.2021 02:00:00;0;0;1000;0;0;0;90.8;0;1090.8;0;-1090.8
08.03.2021 02:00:00;08.03.2021 03:00:00;0;0;1000;0;23.5;0;150;0;1173.5;0;-1173.5
08.03.2021 03:00:00;08.03.2021 04:00:00;0;0;1000;0;85.8;0;150;0;1235.8;0;-1235.8
08.03.2021 04:00:00;08.03.2021 05:00:00;0;0;1000;0;208.9;0;150;0;1358.9;0;-1358.9
08.03.2021 05:00:00;08.03.2021 06:00:00;0;0;1000;0;220.3;0;150;0;1370.3;0;-1370.3
08.03.2021 06:00:00;08.03.2021 07:00:00;0;0;1000;0;434.6;0;150;0;1584.6;0;-1584.6
08.03.2021 07:00:00;08.03.2021 08:00:00;0;0;1000;0;388.1;0;150;0;1538.1;0;-1538.1
08.03.2021 08:00:00;08.03.2021 09:00:00;0;0;1000;0;358.1;0;150;0;1508.1;0;-1508.1
08.03.2021 09:00:00;08.03.2021 10:00:00;0;0;1000;0;361.9;0;150;0;1511.9;0;-1511.9
08.03.2021 10:00:00;08.03.2021 11:00:00;0;0;1000;0;385.2;0;150;0;1535.2;0;-1535.2
08.03.2021 11:00:00;08.03.2021 12:00:00;0;0;1000;0;344.6;0;150;0;1494.6;0;-1494.6
08.03.2021 12:00:00;08.03.2021 13:00:00;0;0;970.2;0;364.1;0;150;0;1484.3;0;-1484.3
08.03.2021 13:00:00;08.03.2021 14:00:00;0;0;901.5;0;375.9;0;150;0;1427.4;0;-1427.4
08.03.2021 14:00:00;08.03.2021 15:00:00;0;0;822.6;0;379.6;0;150;0;1352.2;0;-1352.2
08.03.2021 15:00:00;08.03.2021 16:00:00;0;0;732;0;373.3;0;150;0;1255.3;0;-1255.3
08.03.2021 16:00:00;08.03.2021 17:00:00;0;0;627.7;0;326.5;0;150;0;1104.2;0;-1104.2
08.03.2021 17:00:00;08.03.2021 18:00:00;0;0;572.7;0;284.9;0;150;0;1007.6;0;-1007.6
08.03.2021 18:00:00;08.03.2021 19:00:00;0;0;505.4;0;257.8;0;150;0;913.2;0;-913.2
08.03.2021 19:00:00;08.03.2021 20:00:00;0;0;508.1;0;253;0;150;0;911.1;0;-911.1
08.03.2021 20:00:00;08.03.2021 21:00:00;0;0;552.4;0;245.7;0;150;0;948.1;0;-948.1
08.03.2021 21:00:00;08.03.2021 22:00:00;0;0;591.1;0;238.1;0;150;0;979.2;0;-979.2
08.03.2021 22:00:00;08.03.2021 23:00:00;0;0;766;0;217.3;0;150;0;1133.3;0;-1133.3
08.03.2021 23:00:00;09.03.2021 00:00:00;0;0;807.1;0;224.7;0;150;0;1181.8;0;-1181.8
09.03.2021 00:00:00;09.03.2021 01:00:00;0;0;1000;0;562.6;0;150;0;1712.6;0;-1712.6
09.03.2021 01:00:00;09.03.2021 02:00:00;0;0;1000;0;592;0;150;0;1742;0;-1742
09.03.2021 02:00:00;09.03.2021 03:00:00;0;0;1000;0;595.4;0;150;0;1745.4;0;-1745.4
09.03.2021 03:00:00;09.03.2021 04:00:00;0;0;1000;0;607.7;0;150;0;1757.7;0;-1757.7
09.03.2021 04:00:00;09.03.2021 05:00:00;0;0;1000;0;622.4;0;150;0;1772.4;0;-1772.4
09.03.2021 05:00:00;09.03.2021 06:00:00;0;0;1000;0;571.4;0;150;0;1721.4;0;-1721.4
09.03.2021 06:00:00;09.03.2021 07:00:00;0;0;1000;0;566.5;0;150;0;1716.5;0;-1716.5
09.03.2021 07:00:00;09.03.2021 08:00:00;0;0;1000;0;451.1;0;150;0;1601.1;0;-1601.1
09.03.2021 08:00:00;09.03.2021 09:00:00;0;0;1000;0;419.2;0;150;0;1569.2;0;-1569.2
09.03.2021 09:00:00;09.03.2021 10:00:00;0;0;1000;0;460;0;150;0;1610;0;-1610
09.03.2021 10:00:00;09.03.2021 11:00:00;0;0;1000;0;488.9;0;150;0;1638.9;0;-1638.9
09.03.2021 11:00:00;09.03.2021 12:00:00;0;0;1000;0;530.5;0;150;0;1680.5;0;-1680.5
09.03.2021 12:00:00;09.03.2021 13:00:00;0;0;1000;0;560.8;0;150;0;1710.8;0;-1710.8
09.03.2021 13:00:00;09.03.2021 14:00:00;0;0;1000;0;554.4;0;150;0;1704.4;0;-1704.4
09.03.2021 14:00:00;09.03.2021 15:00:00;0;0;1000;0;542;0;150;0;1692;0;-1692
09.03.2021 15:00:00;09.03.2021 16:00:00;0;0;1000;0;563.7;0;150;0;1713.7;0;-1713.7
09.03.2021 16:00:00;09.03.2021 17:00:00;0;0;1000;0;540.1;0;150;0;1690.1;0;-1690.1
09.03.2021 17:00:00;09.03.2021 18:00:00;0;0;1000;0;522.2;0;150;0;1672.2;0;-1672.2
09.03.2021 18:00:00;09.03.2021 19:00:00;0;0;921.4;0;482.4;0;150;0;1553.8;0;-1553.8
09.03.2021 19:00:00;09.03.2021 20:00:00;0;0;882;0;495.1;0;150;0;1527.1;0;-1527.1
09.03.2021 20:00:00;09.03.2021 21:00:00;0;0;856.5;0;489.1;0;150;0;1495.6;0;-1495.6
09.03.2021 21:00:00;09.03.2021 22:00:00;0;0;800.1;0;466.5;0;150;0;1416.6;0;-1416.6
09.03.2021 22:00:00;09.03.2021 23:00:00;0;0;893.2;0;451.7;0;150;0;1494.9;0;-1494.9
09.03.2021 23:00:00;10.03.2021 00:00:00;0;0;809;0;458.4;0;150;0;1417.4;0;-1417.4
10.03.2021 00:00:00;10.03.2021 01:00:00;0;0;779.6;0;412.7;0;150;0;1342.3;0;-1342.3
10.03.2021 01:00:00;10.03.2021 02:00:00;0;0;778.7;0;422.5;0;150;0;1351.2;0;-1351.2
10.03.2021 02:00:00;10.03.2021 03:00:00;0;0;772.4;0;411;0;150;0;1333.4;0;-1333.4
10.03.2021 03:00:00;10.03.2021 04:00:00;0;0;749;0;372.9;0;150;0;1271.9;0;-1271.9
10.03.2021 04:00:00;10.03.2021 05:00:00;0;0;713.3;0;325.9;0;150;0;1189.2;0;-1189.2
10.03.2021 05:00:00;10.03.2021 06:00:00;0;0;716.9;0;296.7;0;150;0;1163.6;0;-1163.6
10.03.2021 06:00:00;10.03.2021 07:00:00;0;0;757.3;0;330.1;0;150;0;1237.4;0;-1237.4
10.03.2021 07:00:00;10.03.2021 08:00:00;0;0;710.9;0;214.5;0;150;0;1075.4;0;-1075.4
10.03.2021 08:00:00;10.03.2021 09:00:00;0;0;706.8;0;180.2;0;150;0;1037;0;-1037
10.03.2021 09:00:00;10.03.2021 10:00:00;0;0;724.5;0;166.2;0;150;0;1040.7;0;-1040.7
10.03.2021 10:00:00;10.03.2021 11:00:00;0;0;684;0;199.9;0;150;0;1033.9;0;-1033.9
10.03.2021 11:00:00;10.03.2021 12:00:00;0;0;639.8;0;182.4;0;150;0;972.2;0;-972.2
10.03.2021 12:00:00;10.03.2021 13:00:00;0;0;571.5;0;112.4;0;150;0;833.9;0;-833.9
10.03.2021 13:00:00;10.03.2021 14:00:00;0;0;523.3;0;58.3;0;150;0;731.6;0;-731.6
10.03.2021 14:00:00;10.03.2021 15:00:00;0;0;469.2;0;0;0;150;0;619.2;0;-619.2
10.03.2021 15:00:00;10.03.2021 16:00:00;0;0;367.4;0;0;0;150;0;517.4;0;-517.4
10.03.2021 16:00:00;10.03.2021 17:00:00;0;0;432.9;0;0;0;13.2;0;446.1;0;-446.1
10.03.2021 17:00:00;10.03.2021 18:00:00;0;0;478;0;0;43.4;0;0;478;43.4;-434.6
10.03.2021 18:00:00;10.03.2021 19:00:00;0;0;451.2;0;0;25.3;0;0;451.2;25.3;-425.9
10.03.2021 19:00:00;10.03.2021 20:00:00;0;0;476.6;0;0;46.3;0;0;476.6;46.3;-430.3
10.03.2021 20:00:00;10.03.2021 21:00:00;0;0;366.7;0;0;214.6;0;0;366.7;214.6;-152.1
10.03.2021 21:00:00;10.03.2021 22:00:00;0;0;357.9;0;0;219.4;0;0;357.9;219.4;-138.5
10.03.2021 22:00:00;10.03.2021 23:00:00;0;0;487.4;0;0;263.6;0;0;487.4;263.6;-223.8
10.03.2021 23:00:00;11.03.2021 00:00:00;0;0;343.6;0;0;277.2;0;0;343.6;277.2;-66.4
11.03.2021 00:00:00;11.03.2021 01:00:00;0;0;86.8;0;0;126.7;0;250;86.8;376.7;289.9
11.03.2021 01:00:00;11.03.2021 02:00:00;0;0;92.8;0;0;555.4;0;250;92.8;805.4;712.6
11.03.2021 02:00:00;11.03.2021 03:00:00;0;0;72.2;0;0;600;0;250;72.2;850;777.8
11.03.2021 03:00:00;11.03.2021 04:00:00;0;0;59;0;0;600;0;250;59;850;791
11.03.2021 04:00:00;11.03.2021 05:00:00;0;0;66.5;0;0;289;0;250;66.5;539;472.5
11.03.2021 05:00:00;11.03.2021 06:00:00;0;0;90.3;0;0;63.6;0;221.6;90.3;285.2;194.9
11.03.2021 06:00:00;11.03.2021 07:00:00;0;0;232.2;0;0;315.2;0;0;232.2;315.2;83
11.03.2021 07:00:00;11.03.2021 08:00:00;0;0;385.7;0;0;232.2;0;0;385.7;232.2;-153.5
11.03.2021 08:00:00;11.03.2021 09:00:00;0;0;410.4;0;0;252.9;0;0;410.4;252.9;-157.5
11.03.2021 09:00:00;11.03.2021 10:00:00;0;0;401.2;0;0;226.8;0;0;401.2;226.8;-174.4
11.03.2021 10:00:00;11.03.2021 11:00:00;0;0;398.6;0;0;207;0;0;398.6;207;-191.6
11.03.2021 11:00:00;11.03.2021 12:00:00;0;0;418;0;0;177.7;0;0;418;177.7;-240.3
11.03.2021 12:00:00;11.03.2021 13:00:00;0;0;450.4;0;0;133.2;0;0;450.4;133.2;-317.2
11.03.2021 13:00:00;11.03.2021 14:00:00;0;0;440;0;0;123.5;0;0;440;123.5;-316.5
11.03.2021 14:00:00;11.03.2021 15:00:00;0;0;433.6;0;0;115.4;0;0;433.6;115.4;-318.2
11.03.2021 15:00:00;11.03.2021 16:00:00;0;0;425.6;0;0;117.4;0;0;425.6;117.4;-308.2
11.03.2021 16:00:00;11.03.2021 17:00:00;0;0;429.8;0;0;148.2;0;0;429.8;148.2;-281.6
11.03.2021 17:00:00;11.03.2021 18:00:00;0;0;424.6;0;0;161.6;0;0;424.6;161.6;-263
11.03.2021 18:00:00;11.03.2021 19:00:00;0;0;454.9;0;0;170.6;0;0;454.9;170.6;-284.3
11.03.2021 19:00:00;11.03.2021 20:00:00;0;0;476.7;0;0;181.7;0;0;476.7;181.7;-295
11.03.2021 20:00:00;11.03.2021 21:00:00;0;0;419.6;0;0;289.9;0;0;419.6;289.9;-129.7
11.03.2021 21:00:00;11.03.2021 22:00:00;0;0;408.8;0;0;284.5;0;0;408.8;284.5;-124.3
11.03.2021 22:00:00;11.03.2021 23:00:00;0;0;404.8;0;0;142.7;0;250;404.8;392.7;-12.1
11.03.2021 23:00:00;12.03.2021 00:00:00;0;0;543.9;0;0;600;0;250;543.9;850;306.1
12.03.2021 00:00:00;12.03.2021 01:00:00;0;0;496.1;0;0;322.5;0;242.6;496.1;565.1;69
12.03.2021 01:00:00;12.03.2021 02:00:00;0;0;524.8;0;0;584.8;0;250;524.8;834.8;310
12.03.2021 02:00:00;12.03.2021 03:00:00;0;0;577.8;0;0;600;0;250;577.8;850;272.2
12.03.2021 03:00:00;12.03.2021 04:00:00;0;0;648.7;0;0;600;0;250;648.7;850;201.3
12.03.2021 04:00:00;12.03.2021 05:00:00;0;0;626.1;0;0;375.1;0;250;626.1;625.1;-1
12.03.2021 05:00:00;12.03.2021 06:00:00;0;0;647.5;0;0;282.7;0;0;647.5;282.7;-364.8
12.03.2021 06:00:00;12.03.2021 07:00:00;0;0;1000;0;366.5;0;150;0;1516.5;0;-1516.5
12.03.2021 07:00:00;12.03.2021 08:00:00;0;0;1000;0;472.4;0;150;0;1622.4;0;-1622.4
12.03.2021 08:00:00;12.03.2021 09:00:00;0;0;1000;0;516.7;0;150;0;1666.7;0;-1666.7
12.03.2021 09:00:00;12.03.2021 10:00:00;0;0;1000;0;485.3;0;150;0;1635.3;0;-1635.3
12.03.2021 10:00:00;12.03.2021 11:00:00;0;0;1000;0;499.2;0;150;0;1649.2;0;-1649.2
12.03.2021 11:00:00;12.03.2021 12:00:00;0;0;1000;0;435.8;0;150;0;1585.8;0;-1585.8
12.03.2021 12:00:00;12.03.2021 13:00:00;0;0;1000;0;288.2;0;150;0;1438.2;0;-1438.2
12.03.2021 13:00:00;12.03.2021 14:00:00;0;0;1000;0;232.1;0;150;0;1382.1;0;-1382.1
12.03.2021 14:00:00;12.03.2021 15:00:00;0;0;1000;0;156.2;0;150;0;1306.2;0;-1306.2
12.03.2021 15:00:00;12.03.2021 16:00:00;0;0;1000;0;128.7;0;150;0;1278.7;0;-1278.7
12.03.2021 16:00:00;12.03.2021 17:00:00;0;0;1000;0;320.5;0;150;0;1470.5;0;-1470.5
12.03.2021 17:00:00;12.03.2021 18:00:00;0;0;1000;0;561.6;0;150;0;1711.6;0;-1711.6
12.03.2021 18:00:00;12.03.2021 19:00:00;0;0;1000;0;556.9;0;150;0;1706.9;0;-1706.9
12.03.2021 19:00:00;12.03.2021 20:00:00;0;0;1000;0;554.4;0;150;0;1704.4;0;-1704.4
12.03.2021 20:00:00;12.03.2021 21:00:00;0;0;1000;0;486;0;150;0;1636;0;-1636
12.03.2021 21:00:00;12.03.2021 22:00:00;0;0;1000;0;496.1;0;150;0;1646.1;0;-1646.1
12.03.2021 22:00:00;12.03.2021 23:00:00;0;0;1000;0;532.8;0;150;0;1682.8;0;-1682.8
12.03.2021 23:00:00;13.03.2021 00:00:00;0;0;1000;0;265.1;0;150;0;1415.1;0;-1415.1
13.03.2021 00:00:00;13.03.2021 01:00:00;0;0;1000;0;158.5;0;150;0;1308.5;0;-1308.5
13.03.2021 01:00:00;13.03.2021 02:00:00;0;0;769.9;0;0;0;0;161.7;769.9;161.7;-608.2
13.03.2021 02:00:00;13.03.2021 03:00:00;0;0;767.7;0;0;0;0;198.8;767.7;198.8;-568.9
13.03.2021 03:00:00;13.03.2021 04:00:00;0;0;748.5;0;0;0;0;133.3;748.5;133.3;-615.2
13.03.2021 04:00:00;13.03.2021 05:00:00;0;0;900.8;0;0;0;0;0;900.8;0;-900.8
13.03.2021 05:00:00;13.03.2021 06:00:00;0;0;1000;0;128.4;0;150;0;1278.4;0;-1278.4
13.03.2021 06:00:00;13.03.2021 07:00:00;0;0;1000;0;34.2;0;0;0;1034.2;0;-1034.2
13.03.2021 07:00:00;13.03.2021 08:00:00;0;0;1000;0;186;0;150;0;1336;0;-1336
13.03.2021 08:00:00;13.03.2021 09:00:00;0;0;1000;0;367.7;0;150;0;1517.7;0;-1517.7
13.03.2021 09:00:00;13.03.2021 10:00:00;0;0;1000;0;495.7;0;150;0;1645.7;0;-1645.7
13.03.2021 10:00:00;13.03.2021 11:00:00;0;0;1000;0;498;0;150;0;1648;0;-1648
13.03.2021 11:00:00;13.03.2021 12:00:00;0;0;1000;0;452.8;0;150;0;1602.8;0;-1602.8
13.03.2021 12:00:00;13.03.2021 13:00:00;0;0;1000;0;369.7;0;150;0;1519.7;0;-1519.7
13.03.2021 13:00:00;13.03.2021 14:00:00;0;0;1000;0;236.6;0;150;0;1386.6;0;-1386.6
13.03.2021 14:00:00;13.03.2021 15:00:00;0;0;1000;0;197.5;0;150;0;1347.5;0;-1347.5
13.03.2021 15:00:00;13.03.2021 16:00:00;0;0;1000;0;194.2;0;150;0;1344.2;0;-1344.2
13.03.2021 16:00:00;13.03.2021 17:00:00;0;0;1000;0;387.1;0;150;0;1537.1;0;-1537.1
13.03.2021 17:00:00;13.03.2021 18:00:00;0;0;1000;0;597.9;0;150;0;1747.9;0;-1747.9
13.03.2021 18:00:00;13.03.2021 19:00:00;0;0;1000;0;571.5;0;150;0;1721.5;0;-1721.5
13.03.2021 19:00:00;13.03.2021 20:00:00;0;0;1000;0;580.3;0;150;0;1730.3;0;-1730.3
13.03.2021 20:00:00;13.03.2021 21:00:00;0;0;1000;0;551.6;0;150;0;1701.6;0;-1701.6
13.03.2021 21:00:00;13.03.2021 22:00:00;0;0;1000;0;333.9;0;150;0;1483.9;0;-1483.9
13.03.2021 22:00:00;13.03.2021 23:00:00;0;0;1000;0;210.3;0;150;0;1360.3;0;-1360.3
13.03.2021 23:00:00;14.03.2021 00:00:00;0;0;1000;0;113.5;0;150;0;1263.5;0;-1263.5
14.03.2021 00:00:00;14.03.2021 01:00:00;0;0;1000;0;409.1;0;0;0;1409.1;0;-1409.1
14.03.2021 01:00:00;14.03.2021 02:00:00;0;0;1000;0;420.6;0;0;0;1420.6;0;-1420.6
14.03.2021 02:00:00;14.03.2021 03:00:00;0;0;1000;0;397;0;0;0;1397;0;-1397
14.03.2021 03:00:00;14.03.2021 04:00:00;0;0;1000;0;347.9;0;0;0;1347.9;0;-1347.9
14.03.2021 04:00:00;14.03.2021 05:00:00;0;0;1000;0;374.1;0;0;0;1374.1;0;-1374.1
14.03.2021 05:00:00;14.03.2021 06:00:00;0;0;1000;0;392.5;0;0;0;1392.5;0;-1392.5
14.03.2021 06:00:00;14.03.2021 07:00:00;0;0;960.9;0;0;0;0;0;960.9;0;-960.9
14.03.2021 07:00:00;14.03.2021 08:00:00;0;0;1000;0;270;0;0;0;1270;0;-1270
14.03.2021 08:00:00;14.03.2021 09:00:00;0;0;1000;0;236.2;0;150;0;1386.2;0;-1386.2
14.03.2021 09:00:00;14.03.2021 10:00:00;0;0;1000;0;449;0;150;0;1599;0;-1599
14.03.2021 10:00:00;14.03.2021 11:00:00;0;0;1000;0;429;0;150;0;1579;0;-1579
14.03.2021 11:00:00;14.03.2021 12:00:00;0;0;1000;0;400.8;0;150;0;1550.8;0;-1550.8
14.03.2021 12:00:00;14.03.2021 13:00:00;0;0;1000;0;256.8;0;150;0;1406.8;0;-1406.8
14.03.2021 13:00:00;14.03.2021 14:00:00;0;0;1000;0;215.2;0;24;0;1239.2;0;-1239.2
14.03.2021 14:00:00;14.03.2021 15:00:00;0;0;1000;0;225.9;0;0;0;1225.9;0;-1225.9
14.03.2021 15:00:00;14.03.2021 16:00:00;0;0;1000;0;126.3;0;150;0;1276.3;0;-1276.3
14.03.2021 16:00:00;14.03.2021 17:00:00;0;0;1000;0;419.1;0;150;0;1569.1;0;-1569.1
14.03.2021 17:00:00;14.03.2021 18:00:00;0;0;1000;0;564.3;0;150;0;1714.3;0;-1714.3
14.03.2021 18:00:00;14.03.2021 19:00:00;0;0;1000;0;583;0;150;0;1733;0;-1733
14.03.2021 19:00:00;14.03.2021 20:00:00;0;0;1000;0;545;0;150;0;1695;0;-1695
14.03.2021 20:00:00;14.03.2021 21:00:00;0;0;1000;0;542.9;0;150;0;1692.9;0;-1692.9
14.03.2021 21:00:00;14.03.2021 22:00:00;0;0;1000;0;566.7;0;150;0;1716.7;0;-1716.7
14.03.2021 22:00:00;14.03.2021 23:00:00;0;0;1000;0;580.9;0;150;0;1730.9;0;-1730.9
14.03.2021 23:00:00;15.03.2021 00:00:00;0;0;1000;0;625.8;0;150;0;1775.8;0;-1775.8
15.03.2021 00:00:00;15.03.2021 01:00:00;0;0;1000;0;644.7;0;150;0;1794.7;0;-1794.7
15.03.2021 01:00:00;15.03.2021 02:00:00;0;0;1000;0;650;0;150;0;1800;0;-1800
15.03.2021 02:00:00;15.03.2021 03:00:00;0;0;1000;0;650;0;150;0;1800;0;-1800
15.03.2021 03:00:00;15.03.2021 04:00:00;0;0;1000;0;650;0;150;0;1800;0;-1800
15.03.2021 04:00:00;15.03.2021 05:00:00;0;0;1000;0;650;0;150;0;1800;0;-1800
15.03.2021 05:00:00;15.03.2021 06:00:00;0;0;1000;0;650;0;150;0;1800;0;-1800
15.03.2021 06:00:00;15.03.2021 07:00:00;0;0;1000;0;628.2;0;150;0;1778.2;0;-1778.2
15.03.2021 07:00:00;15.03.2021 08:00:00;0;0;1000;0;486;0;150;0;1636;0;-1636
15.03.2021 08:00:00;15.03.2021 09:00:00;0;0;1000;0;484.2;0;150;0;1634.2;0;-1634.2
15.03.2021 09:00:00;15.03.2021 10:00:00;0;0;1000;0;511.3;0;150;0;1661.3;0;-1661.3
15.03.2021 10:00:00;15.03.2021 11:00:00;0;0;1000;0;517.7;0;150;0;1667.7;0;-1667.7
15.03.2021 11:00:00;15.03.2021 12:00:00;0;0;1000;0;493;0;150;0;1643;0;-1643
15.03.2021 12:00:00;15.03.2021 13:00:00;0;0;1000;0;482.4;0;150;0;1632.4;0;-1632.4
15.03.2021 13:00:00;15.03.2021 14:00:00;0;0;1000;0;457.9;0;150;0;1607.9;0;-1607.9
15.03.2021 14:00:00;15.03.2021 15:00:00;0;0;1000;0;441.1;0;150;0;1591.1;0;-1591.1
15.03.2021 15:00:00;15.03.2021 16:00:00;0;0;1000;0;416.2;0;150;0;1566.2;0;-1566.2
15.03.2021 16:00:00;15.03.2021 17:00:00;0;0;1000;0;414.2;0;150;0;1564.2;0;-1564.2
15.03.2021 17:00:00;15.03.2021 18:00:00;0;0;1000;0;406.8;0;150;0;1556.8;0;-1556.8
15.03.2021 18:00:00;15.03.2021 19:00:00;0;0;1000;0;375;0;150;0;1525;0;-1525
15.03.2021 19:00:00;15.03.2021 20:00:00;0;0;1000;0;389.8;0;150;0;1539.8;0;-1539.8
15.03.2021 20:00:00;15.03.2021 21:00:00;0;0;1000;0;393.2;0;150;0;1543.2;0;-1543.2
15.03.2021 21:00:00;15.03.2021 22:00:00;0;0;1000;0;406.4;0;150;0;1556.4;0;-1556.4
15.03.2021 22:00:00;15.03.2021 23:00:00;0;0;1000;0;402.9;0;150;0;1552.9;0;-1552.9
15.03.2021 23:00:00;16.03.2021 00:00:00;0;0;1000;0;405.6;0;150;0;1555.6;0;-1555.6
16.03.2021 00:00:00;16.03.2021 01:00:00;0;0;924.9;0;650;0;150;0;1724.9;0;-1724.9
16.03.2021 01:00:00;16.03.2021 02:00:00;0;0;962.4;0;650;0;150;0;1762.4;0;-1762.4
16.03.2021 02:00:00;16.03.2021 03:00:00;0;0;1000;0;650;0;150;0;1800;0;-1800
16.03.2021 03:00:00;16.03.2021 04:00:00;0;0;1000;0;650;0;150;0;1800;0;-1800
16.03.2021 04:00:00;16.03.2021 05:00:00;0;0;1000;0;650;0;150;0;1800;0;-1800
16.03.2021 05:00:00;16.03.2021 06:00:00;0;0;1000;0;650;0;150;0;1800;0;-1800
16.03.2021 06:00:00;16.03.2021 07:00:00;0;0;1000;0;557.4;0;150;0;1707.4;0;-1707.4
16.03.2021 07:00:00;16.03.2021 08:00:00;0;0;1000;0;491.9;0;150;0;1641.9;0;-1641.9
16.03.2021 08:00:00;16.03.2021 09:00:00;0;0;1000;0;460.5;0;150;0;1610.5;0;-1610.5
16.03.2021 09:00:00;16.03.2021 10:00:00;0;0;1000;0;458.3;0;150;0;1608.3;0;-1608.3
16.03.2021 10:00:00;16.03.2021 11:00:00;0;0;1000;0;460.4;0;150;0;1610.4;0;-1610.4
16.03.2021 11:00:00;16.03.2021 12:00:00;0;0;1000;0;480.4;0;150;0;1630.4;0;-1630.4
16.03.2021 12:00:00;16.03.2021 13:00:00;0;0;1000;0;460.9;0;150;0;1610.9;0;-1610.9
16.03.2021 13:00:00;16.03.2021 14:00:00;0;0;1000;0;461.6;0;150;0;1611.6;0;-1611.6
16.03.2021 14:00:00;16.03.2021 15:00:00;0;0;1000;0;458.2;0;150;0;1608.2;0;-1608.2
16.03.2021 15:00:00;16.03.2021 16:00:00;0;0;1000;0;462.4;0;150;0;1612.4;0;-1612.4
16.03.2021 16:00:00;16.03.2021 17:00:00;0;0;1000;0;458.2;0;150;0;1608.2;0;-1608.2
16.03.2021 17:00:00;16.03.2021 18:00:00;0;0;1000;0;455;0;150;0;1605;0;-1605
16.03.2021 18:00:00;16.03.2021 19:00:00;0;0;1000;0;485.2;0;150;0;1635.2;0;-1635.2
16.03.2021 19:00:00;16.03.2021 20:00:00;0;0;1000;0;517.6;0;150;0;1667.6;0;-1667.6
16.03.2021 20:00:00;16.03.2021 21:00:00;0;0;1000;0;533.4;0;150;0;1683.4;0;-1683.4
16.03.2021 21:00:00;16.03.2021 22:00:00;0;0;997.6;0;567.3;0;150;0;1714.9;0;-1714.9
16.03.2021 22:00:00;16.03.2021 23:00:00;0;0;1000;0;607.5;0;150;0;1757.5;0;-1757.5
16.03.2021 23:00:00;17.03.2021 00:00:00;0;0;1000;0;650;0;150;0;1800;0;-1800
17.03.2021 00:00:00;17.03.2021 01:00:00;0;0;1000;0;618.4;0;150;0;1768.4;0;-1768.4
17.03.2021 01:00:00;17.03.2021 02:00:00;0;0;1000;0;648.6;0;150;0;1798.6;0;-1798.6
17.03.2021 02:00:00;17.03.2021 03:00:00;0;0;1000;0;650;0;150;0;1800;0;-1800
17.03.2021 03:00:00;17.03.2021 04:00:00;0;0;1000;0;650;0;150;0;1800;0;-1800
17.03.2021 04:00:00;17.03.2021 05:00:00;0;0;1000;0;650;0;150;0;1800;0;-1800
17.03.2021 05:00:00;17.03.2021 06:00:00;0;0;1000;0;642.4;0;150;0;1792.4;0;-1792.4
17.03.2021 06:00:00;17.03.2021 07:00:00;0;0;958.4;0;578.1;0;150;0;1686.5;0;-1686.5
17.03.2021 07:00:00;17.03.2021 08:00:00;0;0;1000;0;354.9;0;150;0;1504.9;0;-1504.9
17.03.2021 08:00:00;17.03.2021 09:00:00;0;0;1000;0;344.5;0;150;0;1494.5;0;-1494.5
17.03.2021 09:00:00;17.03.2021 10:00:00;0;0;1000;0;379.8;0;150;0;1529.8;0;-1529.8
17.03.2021 10:00:00;17.03.2021 11:00:00;0;0;1000;0;415.2;0;150;0;1565.2;0;-1565.2
17.03.2021 11:00:00;17.03.2021 12:00:00;0;0;1000;0;438.3;0;150;0;1588.3;0;-1588.3
17.03.2021 12:00:00;17.03.2021 13:00:00;0;0;1000;0;449.5;0;150;0;1599.5;0;-1599.5
17.03.2021 13:00:00;17.03.2021 14:00:00;0;0;1000;0;462.2;0;150;0;1612.2;0;-1612.2
17.03.2021 14:00:00;17.03.2021 15:00:00;0;0;1000;0;457.5;0;150;0;1607.5;0;-1607.5
17.03.2021 15:00:00;17.03.2021 16:00:00;0;0;1000;0;451.8;0;150;0;1601.8;0;-1601.8
17.03.2021 16:00:00;17.03.2021 17:00:00;0;0;1000;0;491.5;0;150;0;1641.5;0;-1641.5
17.03.2021 17:00:00;17.03.2021 18:00:00;0;0;1000;0;467.7;0;150;0;1617.7;0;-1617.7
17.03.2021 18:00:00;17.03.2021 19:00:00;0;0;1000;0;428.6;0;150;0;1578.6;0;-1578.6
17.03.2021 19:00:00;17.03.2021 20:00:00;0;0;1000;0;436.7;0;150;0;1586.7;0;-1586.7
17.03.2021 20:00:00;17.03.2021 21:00:00;0;0;1000;0;454.7;0;150;0;1604.7;0;-1604.7
17.03.2021 21:00:00;17.03.2021 22:00:00;0;0;1000;0;464.1;0;150;0;1614.1;0;-1614.1
17.03.2021 22:00:00;17.03.2021 23:00:00;0;0;1000;0;495.9;0;150;0;1645.9;0;-1645.9
17.03.2021 23:00:00;18.03.2021 00:00:00;0;0;1000;0;579.6;0;150;0;1729.6;0;-1729.6
18.03.2021 00:00:00;18.03.2021 01:00:00;0;0;1000;0;643.7;0;150;0;1793.7;0;-1793.7
18.03.2021 01:00:00;18.03.2021 02:00:00;0;0;1000;0;650;0;150;0;1800;0;-1800
18.03.2021 02:00:00;18.03.2021 03:00:00;0;0;1000;0;650;0;150;0;1800;0;-1800
18.03.2021 03:00:00;18.03.2021 04:00:00;0;0;1000;0;650;0;150;0;1800;0;-1800
18.03.2021 04:00:00;18.03.2021 05:00:00;0;0;1000;0;650;0;150;0;1800;0;-1800
18.03.2021 05:00:00;18.03.2021 06:00:00;0;0;1000;0;594.9;0;150;0;1744.9;0;-1744.9
18.03.2021 06:00:00;18.03.2021 07:00:00;0;0;1000;0;536.1;0;150;0;1686.1;0;-1686.1
18.03.2021 07:00:00;18.03.2021 08:00:00;0;0;1000;0;422.5;0;150;0;1572.5;0;-1572.5
18.03.2021 08:00:00;18.03.2021 09:00:00;0;0;1000;0;468.8;0;150;0;1618.8;0;-1618.8
18.03.2021 09:00:00;18.03.2021 10:00:00;0;0;1000;0;503;0;150;0;1653;0;-1653
18.03.2021 10:00:00;18.03.2021 11:00:00;0;0;1000;0;533.8;0;150;0;1683.8;0;-1683.8
18.03.2021 11:00:00;18.03.2021 12:00:00;0;0;1000;0;520.3;0;150;0;1670.3;0;-1670.3
18.03.2021 12:00:00;18.03.2021 13:00:00;0;0;1000;0;527.9;0;150;0;1677.9;0;-1677.9
18.03.2021 13:00:00;18.03.2021 14:00:00;0;0;1000;0;531.4;0;150;0;1681.4;0;-1681.4
18.03.2021 14:00:00;18.03.2021 15:00:00;0;0;1000;0;510.6;0;150;0;1660.6;0;-1660.6
18.03.2021 15:00:00;18.03.2021 16:00:00;0;0;1000;0;463.5;0;150;0;1613.5;0;-1613.5
18.03.2021 16:00:00;18.03.2021 17:00:00;0;0;1000;0;425.8;0;150;0;1575.8;0;-1575.8
18.03.2021 17:00:00;18.03.2021 18:00:00;0;0;1000;0;414.8;0;150;0;1564.8;0;-1564.8
18.03.2021 18:00:00;18.03.2021 19:00:00;0;0;1000;0;569.7;0;150;0;1719.7;0;-1719.7
18.03.2021 19:00:00;18.03.2021 20:00:00;0;0;1000;0;626;0;150;0;1776;0;-1776
18.03.2021 20:00:00;18.03.2021 21:00:00;0;0;1000;0;531.6;0;150;0;1681.6;0;-1681.6
18.03.2021 21:00:00;18.03.2021 22:00:00;0;0;1000;0;581.2;0;150;0;1731.2;0;-1731.2
18.03.2021 22:00:00;18.03.2021 23:00:00;0;0;1000;0;650;0;150;0;1800;0;-1800
18.03.2021 23:00:00;19.03.2021 00:00:00;0;0;1000;0;650;0;150;0;1800;0;-1800
19.03.2021 00:00:00;19.03.2021 01:00:00;0;0;1000;0;650;0;150;0;1800;0;-1800
19.03.2021 01:00:00;19.03.2021 02:00:00;0;0;1000;0;650;0;150;0;1800;0;-1800
19.03.2021 02:00:00;19.03.2021 03:00:00;0;0;1000;0;650;0;150;0;1800;0;-1800
19.03.2021 03:00:00;19.03.2021 04:00:00;0;0;1000;0;650;0;150;0;1800;0;-1800
19.03.2021 04:00:00;19.03.2021 05:00:00;0;0;1000;0;650;0;150;0;1800;0;-1800
19.03.2021 05:00:00;19.03.2021 06:00:00;0;0;1000;0;650;0;150;0;1800;0;-1800
19.03.2021 06:00:00;19.03.2021 07:00:00;0;0;1000;0;650;0;150;0;1800;0;-1800
19.03.2021 07:00:00;19.03.2021 08:00:00;0;0;1000;0;650;0;150;0;1800;0;-1800
19.03.2021 08:00:00;19.03.2021 09:00:00;0;0;1000;0;650;0;150;0;1800;0;-1800
19.03.2021 09:00:00;19.03.2021 10:00:00;0;0;1000;0;650;0;150;0;1800;0;-1800
19.03.2021 10:00:00;19.03.2021 11:00:00;0;0;1000;0;648;0;150;0;1798;0;-1798
19.03.2021 11:00:00;19.03.2021 12:00:00;0;0;1000;0;641.4;0;150;0;1791.4;0;-1791.4
19.03.2021 12:00:00;19.03.2021 13:00:00;0;0;1000;0;650;0;150;0;1800;0;-1800
19.03.2021 13:00:00;19.03.2021 14:00:00;0;0;1000;0;650;0;150;0;1800;0;-1800
19.03.2021 14:00:00;19.03.2021 15:00:00;0;0;1000;0;628.7;0;150;0;1778.7;0;-1778.7
19.03.2021 15:00:00;19.03.2021 16:00:00;0;0;935.9;0;476.9;0;150;0;1562.8;0;-1562.8
19.03.2021 16:00:00;19.03.2021 17:00:00;0;0;868.2;0;370.7;0;150;0;1388.9;0;-1388.9
19.03.2021 17:00:00;19.03.2021 18:00:00;0;0;839.2;0;349.8;0;150;0;1339;0;-1339
19.03.2021 18:00:00;19.03.2021 19:00:00;0;0;757.9;0;277.8;0;150;0;1185.7;0;-1185.7
19.03.2021 19:00:00;19.03.2021 20:00:00;0;0;686.6;0;407.6;0;150;0;1244.2;0;-1244.2
19.03.2021 20:00:00;19.03.2021 21:00:00;0;0;640.5;0;310.7;0;150;0;1101.2;0;-1101.2
19.03.2021 21:00:00;19.03.2021 22:00:00;0;0;561.6;0;172.1;0;150;0;883.7;0;-883.7
19.03.2021 22:00:00;19.03.2021 23:00:00;0;0;672.8;0;96.4;0;150;0;919.2;0;-919.2
19.03.2021 23:00:00;20.03.2021 00:00:00;0;0;849.1;0;0;0;69.8;0;918.9;0;-918.9
20.03.2021 00:00:00;20.03.2021 01:00:00;0;0;643.3;0;0;112.9;0;0;643.3;112.9;-530.4
20.03.2021 01:00:00;20.03.2021 02:00:00;0;0;667.1;0;0;166.2;0;0;667.1;166.2;-500.9
20.03.2021 02:00:00;20.03.2021 03:00:00;0;0;677.1;0;0;180.1;0;0;677.1;180.1;-497
20.03.2021 03:00:00;20.03.2021 04:00:00;0;0;649.8;0;0;149.2;0;0;649.8;149.2;-500.6
20.03.2021 04:00:00;20.03.2021 05:00:00;0;0;571.2;0;0;77.9;0;0;571.2;77.9;-493.3
20.03.2021 05:00:00;20.03.2021 06:00:00;0;0;608;0;0;0;0;0;608;0;-608
20.03.2021 06:00:00;20.03.2021 07:00:00;0;0;496.4;0;0;0;0;0;496.4;0;-496.4
20.03.2021 07:00:00;20.03.2021 08:00:00;0;0;455.3;0;0;0;0;0;455.3;0;-455.3
20.03.2021 08:00:00;20.03.2021 09:00:00;0;0;622.2;0;81.8;0;49.8;0;753.8;0;-753.8
20.03.2021 09:00:00;20.03.2021 10:00:00;0;0;665.5;0;57.3;0;150;0;872.8;0;-872.8
20.03.2021 10:00:00;20.03.2021 11:00:00;0;0;674.7;0;85.2;0;150;0;909.9;0;-909.9
20.03.2021 11:00:00;20.03.2021 12:00:00;0;0;653.7;0;0;0;108.2;0;761.9;0;-761.9
20.03.2021 12:00:00;20.03.2021 13:00:00;0;0;618.8;0;15.9;0;0;0;634.7;0;-634.7
20.03.2021 13:00:00;20.03.2021 14:00:00;0;0;539.1;0;0;0;0;0;539.1;0;-539.1
20.03.2021 14:00:00;20.03.2021 15:00:00;0;0;352.3;0;0;0;0;0;352.3;0;-352.3
20.03.2021 15:00:00;20.03.2021 16:00:00;0;0;241.9;0;0;0;0;0;241.9;0;-241.9
20.03.2021 16:00:00;20.03.2021 17:00:00;0;0;277.4;0;0;44.8;0;0;277.4;44.8;-232.6
20.03.2021 17:00:00;20.03.2021 18:00:00;0;0;616.3;0;0;0;108.2;0;724.5;0;-724.5
20.03.2021 18:00:00;20.03.2021 19:00:00;0;0;648;0;0;0;91;0;739;0;-739
20.03.2021 19:00:00;20.03.2021 20:00:00;0;0;636.1;0;0;0;87.7;0;723.8;0;-723.8
20.03.2021 20:00:00;20.03.2021 21:00:00;0;0;599;0;0;0;0;0;599;0;-599
20.03.2021 21:00:00;20.03.2021 22:00:00;0;0;456.6;0;0;37.1;0;0;456.6;37.1;-419.5
20.03.2021 22:00:00;20.03.2021 23:00:00;0;0;435.8;0;0;127.8;0;0;435.8;127.8;-308
20.03.2021 23:00:00;21.03.2021 00:00:00;0;0;475.1;0;0;328;0;0;475.1;328;-147.1
21.03.2021 00:00:00;21.03.2021 01:00:00;0;0;530.8;0;0;350.7;0;0;530.8;350.7;-180.1
21.03.2021 01:00:00;21.03.2021 02:00:00;0;0;470.4;0;0;423.9;0;0;470.4;423.9;-46.5
21.03.2021 02:00:00;21.03.2021 03:00:00;0;0;466.8;0;0;498.6;0;0;466.8;498.6;31.8
21.03.2021 03:00:00;21.03.2021 04:00:00;0;0;519.3;0;0;418.5;0;0;519.3;418.5;-100.8
21.03.2021 04:00:00;21.03.2021 05:00:00;0;0;569;0;0;429.5;0;0;569;429.5;-139.5
21.03.2021 05:00:00;21.03.2021 06:00:00;0;0;593.3;0;0;429.9;0;0;593.3;429.9;-163.4
21.03.2021 06:00:00;21.03.2021 07:00:00;0;0;553.2;0;0;600;0;0;553.2;600;46.8
21.03.2021 07:00:00;21.03.2021 08:00:00;0;0;603.9;0;0;497.1;0;0;603.9;497.1;-106.8
21.03.2021 08:00:00;21.03.2021 09:00:00;0;0;678.8;0;0;424.6;0;0;678.8;424.6;-254.2
21.03.2021 09:00:00;21.03.2021 10:00:00;0;0;672;0;0;462;0;0;672;462;-210
21.03.2021 10:00:00;21.03.2021 11:00:00;0;0;712.7;0;0;517.9;0;0;712.7;517.9;-194.8
21.03.2021 11:00:00;21.03.2021 12:00:00;0;0;719.9;0;0;565.6;0;0;719.9;565.6;-154.3
21.03.2021 12:00:00;21.03.2021 13:00:00;0;0;665.5;0;0;551.2;0;0;665.5;551.2;-114.3
21.03.2021 13:00:00;21.03.2021 14:00:00;0;0;647.4;0;0;600;0;0;647.4;600;-47.4
21.03.2021 14:00:00;21.03.2021 15:00:00;0;0;613.4;0;0;600;0;38.9;613.4;638.9;25.5
21.03.2021 15:00:00;21.03.2021 16:00:00;0;0;646.4;0;0;600;0;0;646.4;600;-46.4
21.03.2021 16:00:00;21.03.2021 17:00:00;0;0;716.8;0;0;557.8;0;0;716.8;557.8;-159
21.03.2021 17:00:00;21.03.2021 18:00:00;0;0;912.1;0;0;0;40.6;0;952.7;0;-952.7
21.03.2021 18:00:00;21.03.2021 19:00:00;0;0;998.3;0;180.3;0;150;0;1328.6;0;-1328.6
21.03.2021 19:00:00;21.03.2021 20:00:00;0;0;991.1;0;130.6;0;150;0;1271.7;0;-1271.7
21.03.2021 20:00:00;21.03.2021 21:00:00;0;0;961;0;17;0;150;0;1128;0;-1128
21.03.2021 21:00:00;21.03.2021 22:00:00;0;0;881.1;0;184.6;0;150;0;1215.7;0;-1215.7
21.03.2021 22:00:00;21.03.2021 23:00:00;0;0;686.8;0;86.6;0;150;0;923.4;0;-923.4
21.03.2021 23:00:00;22.03.2021 00:00:00;0;0;664.9;0;0;118.3;0;0;664.9;118.3;-546.6
22.03.2021 00:00:00;22.03.2021 01:00:00;0;0;669.7;0;0;0;150;0;819.7;0;-819.7
22.03.2021 01:00:00;22.03.2021 02:00:00;0;0;657.2;0;26.6;0;150;0;833.8;0;-833.8
22.03.2021 02:00:00;22.03.2021 03:00:00;0;0;573;0;146.2;0;150;0;869.2;0;-869.2
22.03.2021 03:00:00;22.03.2021 04:00:00;0;0;508.7;0;205.2;0;150;0;863.9;0;-863.9
22.03.2021 04:00:00;22.03.2021 05:00:00;0;0;751.9;0;415;0;150;0;1316.9;0;-1316.9
22.03.2021 05:00:00;22.03.2021 06:00:00;0;0;780.6;0;400.1;0;150;0;1330.7;0;-1330.7
22.03.2021 06:00:00;22.03.2021 07:00:00;0;0;639;0;456.7;0;150;0;1245.7;0;-1245.7
22.03.2021 07:00:00;22.03.2021 08:00:00;0;0;639.9;0;442;0;150;0;1231.9;0;-1231.9
22.03.2021 08:00:00;22.03.2021 09:00:00;0;0;694.9;0;409.9;0;150;0;1254.8;0;-1254.8
22.03.2021 09:00:00;22.03.2021 10:00:00;0;0;665.4;0;487.4;0;150;0;1302.8;0;-1302.8
22.03.2021 10:00:00;22.03.2021 11:00:00;0;0;627.6;0;599.5;0;150;0;1377.1;0;-1377.1
22.03.2021 11:00:00;22.03.2021 12:00:00;0;0;580.7;0;644.8;0;150;0;1375.5;0;-1375.5
22.03.2021 12:00:00;22.03.2021 13:00:00;0;0;545.7;0;650;0;150;0;1345.7;0;-1345.7
22.03.2021 13:00:00;22.03.2021 14:00:00;0;0;508.7;0;650;0;150;0;1308.7;0;-1308.7
22.03.2021 14:00:00;22.03.2021 15:00:00;0;0;511.5;0;637.3;0;150;0;1298.8;0;-1298.8
22.03.2021 15:00:00;22.03.2021 16:00:00;0;0;491.8;0;576;0;150;0;1217.8;0;-1217.8
22.03.2021 16:00:00;22.03.2021 17:00:00;0;0;462.9;0;535.7;0;150;0;1148.6;0;-1148.6
22.03.2021 17:00:00;22.03.2021 18:00:00;0;0;405.9;0;486.2;0;150;0;1042.1;0;-1042.1
22.03.2021 18:00:00;22.03.2021 19:00:00;0;0;418.3;0;409.5;0;150;0;977.8;0;-977.8
22.03.2021 19:00:00;22.03.2021 20:00:00;0;0;346.5;0;275.9;0;150;0;772.4;0;-772.4
22.03.2021 20:00:00;22.03.2021 21:00:00;0;0;334.3;0;239;0;150;0;723.3;0;-723.3
22.03.2021 21:00:00;22.03.2021 22:00:00;0;0;447.9;0;0;0;150;0;597.9;0;-597.9
22.03.2021 22:00:00;22.03.2021 23:00:00;0;0;503.3;0;0;0;150;0;653.3;0;-653.3
22.03.2021 23:00:00;23.03.2021 00:00:00;0;0;708.5;0;0;0;150;0;858.5;0;-858.5
23.03.2021 00:00:00;23.03.2021 01:00:00;0;0;532.8;0;37.9;0;150;0;720.7;0;-720.7
23.03.2021 01:00:00;23.03.2021 02:00:00;0;0;484.3;0;11.2;0;150;0;645.5;0;-645.5
23.03.2021 02:00:00;23.03.2021 03:00:00;0;0;454.9;0;0;0;120.5;0;575.4;0;-575.4
23.03.2021 03:00:00;23.03.2021 04:00:00;0;0;507.7;0;0;0;150;0;657.7;0;-657.7
23.03.2021 04:00:00;23.03.2021 05:00:00;0;0;554.9;0;30;0;150;0;734.9;0;-734.9
23.03.2021 05:00:00;23.03.2021 06:00:00;0;0;522.7;0;168;0;150;0;840.7;0;-840.7
23.03.2021 06:00:00;23.03.2021 07:00:00;0;0;384.5;0;184.5;0;150;0;719;0;-719
23.03.2021 07:00:00;23.03.2021 08:00:00;0;0;376.8;0;170.5;0;150;0;697.3;0;-697.3
23.03.2021 08:00:00;23.03.2021 09:00:00;0;0;461.6;0;154.3;0;150;0;765.9;0;-765.9
23.03.2021 09:00:00;23.03.2021 10:00:00;0;0;444.3;0;185.9;0;150;0;780.2;0;-780.2
23.03.2021 10:00:00;23.03.2021 11:00:00;0;0;436.6;0;199.1;0;150;0;785.7;0;-785.7
23.03.2021 11:00:00;23.03.2021 12:00:00;0;0;425.4;0;196.6;0;150;0;772;0;-772
23.03.2021 12:00:00;23.03.2021 13:00:00;0;0;450.3;0;194.7;0;150;0;795;0;-795
23.03.2021 13:00:00;23.03.2021 14:00:00;0;0;424.2;0;199.7;0;150;0;773.9;0;-773.9
23.03.2021 14:00:00;23.03.2021 15:00:00;0;0;412.7;0;185.9;0;150;0;748.6;0;-748.6
23.03.2021 15:00:00;23.03.2021 16:00:00;0;0;426;0;179.9;0;150;0;755.9;0;-755.9
23.03.2021 16:00:00;23.03.2021 17:00:00;0;0;392.3;0;171.5;0;150;0;713.8;0;-713.8
23.03.2021 17:00:00;23.03.2021 18:00:00;0;0;391.2;0;149.3;0;150;0;690.5;0;-690.5
23.03.2021 18:00:00;23.03.2021 19:00:00;0;0;517;0;113.1;0;150;0;780.1;0;-780.1
23.03.2021 19:00:00;23.03.2021 20:00:00;0;0;532.1;0;67.7;0;150;0;749.8;0;-749.8
23.03.2021 20:00:00;23.03.2021 21:00:00;0;0;465.8;0;0;0;39.8;0;505.6;0;-505.6
23.03.2021 21:00:00;23.03.2021 22:00:00;0;0;419.6;0;0;15.1;0;0;419.6;15.1;-404.5
23.03.2021 22:00:00;23.03.2021 23:00:00;0;0;360.2;0;0;58.9;0;0;360.2;58.9;-301.3
23.03.2021 23:00:00;24.03.2021 00:00:00;0;0;710.5;0;0;250;0;200;710.5;450;-260.5
24.03.2021 00:00:00;24.03.2021 01:00:00;0;0;664.5;0;0;600;0;114.6;664.5;714.6;50.1
24.03.2021 01:00:00;24.03.2021 02:00:00;0;0;623.8;0;0;600;0;61.9;623.8;661.9;38.1
24.03.2021 02:00:00;24.03.2021 03:00:00;0;0;490.6;0;0;600;0;0;490.6;600;109.4
24.03.2021 03:00:00;24.03.2021 04:00:00;0;0;584.9;0;0;574.9;0;0;584.9;574.9;-10
24.03.2021 04:00:00;24.03.2021 05:00:00;0;0;326.3;0;0;232.9;0;0;326.3;232.9;-93.4
24.03.2021 05:00:00;24.03.2021 06:00:00;0;0;301.9;0;0;109.7;0;0;301.9;109.7;-192.2
24.03.2021 06:00:00;24.03.2021 07:00:00;0;0;146.7;0;0;0;150;0;296.7;0;-296.7
24.03.2021 07:00:00;24.03.2021 08:00:00;0;0;179.1;0;10.4;0;150;0;339.5;0;-339.5
24.03.2021 08:00:00;24.03.2021 09:00:00;0;0;211.1;0;36.4;0;150;0;397.5;0;-397.5
24.03.2021 09:00:00;24.03.2021 10:00:00;0;0;295.8;0;112.5;0;150;0;558.3;0;-558.3
24.03.2021 10:00:00;24.03.2021 11:00:00;0;0;234.3;0;85.1;0;150;0;469.4;0;-469.4
24.03.2021 11:00:00;24.03.2021 12:00:00;0;0;198.3;0;12.4;0;150;0;360.7;0;-360.7
24.03.2021 12:00:00;24.03.2021 13:00:00;0;0;74.2;0;0;0;150;0;224.2;0;-224.2
24.03.2021 13:00:00;24.03.2021 14:00:00;0;0;76.2;0;0;0;119.4;0;195.6;0;-195.6
24.03.2021 14:00:00;24.03.2021 15:00:00;0;0;136.7;0;0;0;144.9;0;281.6;0;-281.6
24.03.2021 15:00:00;24.03.2021 16:00:00;0;0;161;0;0;0;99.8;0;260.8;0;-260.8
24.03.2021 16:00:00;24.03.2021 17:00:00;0;0;191.1;0;0;0;71.1;0;262.2;0;-262.2
24.03.2021 17:00:00;24.03.2021 18:00:00;0;0;148.1;0;0;0;87.4;0;235.5;0;-235.5
24.03.2021 18:00:00;24.03.2021 19:00:00;0;0;54;0;0;0;107.1;0;161.1;0;-161.1
24.03.2021 19:00:00;24.03.2021 20:00:00;0;0;96.7;0;0;0;54.8;0;151.5;0;-151.5
24.03.2021 20:00:00;24.03.2021 21:00:00;0;0;346.4;0;0;141.2;0;0;346.4;141.2;-205.2
24.03.2021 21:00:00;24.03.2021 22:00:00;0;0;420.5;0;0;190;0;0;420.5;190;-230.5
24.03.2021 22:00:00;24.03.2021 23:00:00;0;0;451;0;0;190;0;0;451;190;-261
24.03.2021 23:00:00;25.03.2021 00:00:00;0;0;565.8;0;0;285;0;0;565.8;285;-280.8
25.03.2021 00:00:00;25.03.2021 01:00:00;0;0;463.3;0;0;199.3;0;0;463.3;199.3;-264
25.03.2021 01:00:00;25.03.2021 02:00:00;0;0;508.7;0;0;200.5;0;0;508.7;200.5;-308.2
25.03.2021 02:00:00;25.03.2021 03:00:00;0;0;534.5;0;0;181.9;0;0;534.5;181.9;-352.6
25.03.2021 03:00:00;25.03.2021 04:00:00;0;0;510.9;0;0;138;0;0;510.9;138;-372.9
25.03.2021 04:00:00;25.03.2021 05:00:00;0;0;471;0;0;0;0;0;471;0;-471
25.03.2021 05:00:00;25.03.2021 06:00:00;0;0;681.2;0;0;0;150;0;831.2;0;-831.2
25.03.2021 06:00:00;25.03.2021 07:00:00;0;0;941.9;0;114.2;0;150;0;1206.1;0;-1206.1
25.03.2021 07:00:00;25.03.2021 08:00:00;0;0;1000;0;244.9;0;150;0;1394.9;0;-1394.9
25.03.2021 08:00:00;25.03.2021 09:00:00;0;0;1000;0;495.6;0;150;0;1645.6;0;-1645.6
25.03.2021 09:00:00;25.03.2021 10:00:00;0;0;1000;0;557.1;0;150;0;1707.1;0;-1707.1
25.03.2021 10:00:00;25.03.2021 11:00:00;0;0;1000;0;625.1;0;150;0;1775.1;0;-1775.1
25.03.2021 11:00:00;25.03.2021 12:00:00;0;0;1000;0;617.8;0;150;0;1767.8;0;-1767.8
25.03.2021 12:00:00;25.03.2021 13:00:00;0;0;1000;0;576.7;0;150;0;1726.7;0;-1726.7
25.03.2021 13:00:00;25.03.2021 14:00:00;0;0;1000;0;527.5;0;150;0;1677.5;0;-1677.5
25.03.2021 14:00:00;25.03.2021 15:00:00;0;0;977.6;0;470.6;0;150;0;1598.2;0;-1598.2
25.03.2021 15:00:00;25.03.2021 16:00:00;0;0;931;0;487.3;0;150;0;1568.3;0;-1568.3
25.03.2021 16:00:00;25.03.2021 17:00:00;0;0;831.2;0;429.1;0;150;0;1410.3;0;-1410.3
25.03.2021 17:00:00;25.03.2021 18:00:00;0;0;784.2;0;397.7;0;150;0;1331.9;0;-1331.9
25.03.2021 18:00:00;25.03.2021 19:00:00;0;0;734.9;0;329.7;0;150;0;1214.6;0;-1214.6
25.03.2021 19:00:00;25.03.2021 20:00:00;0;0;722.8;0;262.9;0;150;0;1135.7;0;-1135.7
25.03.2021 20:00:00;25.03.2021 21:00:00;0;0;767.7;0;239.8;0;150;0;1157.5;0;-1157.5
25.03.2021 21:00:00;25.03.2021 22:00:00;0;0;758.6;0;203;0;150;0;1111.6;0;-1111.6
25.03.2021 22:00:00;25.03.2021 23:00:00;0;0;712.5;0;144.7;0;150;0;1007.2;0;-1007.2
25.03.2021 23:00:00;26.03.2021 00:00:00;0;0;717.3;0;0;0;0;0;717.3;0;-717.3
26.03.2021 00:00:00;26.03.2021 01:00:00;0;0;867.6;0;0;0;0;0;867.6;0;-867.6
26.03.2021 01:00:00;26.03.2021 02:00:00;0;0;632.4;0;0;0;0;0;632.4;0;-632.4
26.03.2021 02:00:00;26.03.2021 03:00:00;0;0;608.5;0;0;0;0;0;608.5;0;-608.5
26.03.2021 03:00:00;26.03.2021 04:00:00;0;0;598;0;42.5;0;54.1;0;694.6;0;-694.6
26.03.2021 04:00:00;26.03.2021 05:00:00;0;0;677.3;0;462.4;0;150;0;1289.7;0;-1289.7
26.03.2021 05:00:00;26.03.2021 06:00:00;0;0;923.5;0;650;0;150;0;1723.5;0;-1723.5
26.03.2021 06:00:00;26.03.2021 07:00:00;0;0;913.6;0;650;0;150;0;1713.6;0;-1713.6
26.03.2021 07:00:00;26.03.2021 08:00:00;0;0;985.6;0;650;0;150;0;1785.6;0;-1785.6
26.03.2021 08:00:00;26.03.2021 09:00:00;0;0;961.2;0;650;0;150;0;1761.2;0;-1761.2
26.03.2021 09:00:00;26.03.2021 10:00:00;0;0;1000;0;650;0;150;0;1800;0;-1800
26.03.2021 10:00:00;26.03.2021 11:00:00;0;0;987.3;0;627.5;0;150;0;1764.8;0;-1764.8
26.03.2021 11:00:00;26.03.2021 12:00:00;0;0;917.2;0;569.7;0;150;0;1636.9;0;-1636.9
26.03.2021 12:00:00;26.03.2021 13:00:00;0;0;831.2;0;444.4;0;150;0;1425.6;0;-1425.6
26.03.2021 13:00:00;26.03.2021 14:00:00;0;0;709.1;0;294.6;0;150;0;1153.7;0;-1153.7
26.03.2021 14:00:00;26.03.2021 15:00:00;0;0;671.9;0;185.6;0;150;0;1007.5;0;-1007.5
26.03.2021 15:00:00;26.03.2021 16:00:00;0;0;598.8;0;123.6;0;150;0;872.4;0;-872.4
26.03.2021 16:00:00;26.03.2021 17:00:00;0;0;514.1;0;59.4;0;150;0;723.5;0;-723.5
26.03.2021 17:00:00;26.03.2021 18:00:00;0;0;474.4;0;0;0;101.1;0;575.5;0;-575.5
26.03.2021 18:00:00;26.03.2021 19:00:00;0;0;527.3;0;0;0;150;0;677.3;0;-677.3
26.03.2021 19:00:00;26.03.2021 20:00:00;0;0;439.4;0;0;0;149.6;0;589;0;-589
26.03.2021 20:00:00;26.03.2021 21:00:00;0;0;380.1;0;0;82.5;0;0;380.1;82.5;-297.6
26.03.2021 21:00:00;26.03.2021 22:00:00;0;0;271.5;0;0;31.5;0;0;271.5;31.5;-240
26.03.2021 22:00:00;26.03.2021 23:00:00;0;0;181.2;0;0;0;0;0;181.2;0;-181.2
26.03.2021 23:00:00;27.03.2021 00:00:00;0;0;167.1;0;0;0;0;0;167.1;0;-167.1
27.03.2021 00:00:00;27.03.2021 01:00:00;0;0;188.7;0;0;0;0;0;188.7;0;-188.7
27.03.2021 01:00:00;27.03.2021 02:00:00;0;0;194.5;0;0;0;0;0;194.5;0;-194.5
27.03.2021 02:00:00;27.03.2021 03:00:00;0;0;253.6;0;0;83.3;0;0;253.6;83.3;-170.3
27.03.2021 03:00:00;27.03.2021 04:00:00;0;0;353;0;0;110.4;0;6.3;353;116.7;-236.3
27.03.2021 04:00:00;27.03.2021 05:00:00;0;0;574.8;0;0;132.8;0;186.9;574.8;319.7;-255.1
27.03.2021 05:00:00;27.03.2021 06:00:00;0;0;758.9;0;0;487.2;0;0;758.9;487.2;-271.7
27.03.2021 06:00:00;27.03.2021 07:00:00;0;0;780;0;0;516.5;0;0;780;516.5;-263.5
27.03.2021 07:00:00;27.03.2021 08:00:00;0;0;820.6;0;0;489.9;0;0;820.6;489.9;-330.7
27.03.2021 08:00:00;27.03.2021 09:00:00;0;0;808.7;0;0;510;0;0;808.7;510;-298.7
27.03.2021 09:00:00;27.03.2021 10:00:00;0;0;1000;0;0;578.3;0;250;1000;828.3;-171.7
27.03.2021 10:00:00;27.03.2021 11:00:00;0;0;1000;0;0;600;0;250;1000;850;-150
27.03.2021 11:00:00;27.03.2021 12:00:00;0;0;972.8;0;0;600;0;250;972.8;850;-122.8
27.03.2021 12:00:00;27.03.2021 13:00:00;0;0;929.6;0;0;600;0;250;929.6;850;-79.6
27.03.2021 13:00:00;27.03.2021 14:00:00;0;0;901.6;0;0;600;0;250;901.6;850;-51.6
27.03.2021 14:00:00;27.03.2021 15:00:00;0;0;941.8;0;0;600;0;250;941.8;850;-91.8
27.03.2021 15:00:00;27.03.2021 16:00:00;0;0;957.3;0;0;600;0;250;957.3;850;-107.3
27.03.2021 16:00:00;27.03.2021 17:00:00;0;0;785.7;0;0;396.2;0;208.5;785.7;604.7;-181
27.03.2021 17:00:00;27.03.2021 18:00:00;0;0;1000;0;0;0;131.7;0;1131.7;0;-1131.7
27.03.2021 18:00:00;27.03.2021 19:00:00;0;0;1000;0;0;64.3;0;0;1000;64.3;-935.7
27.03.2021 19:00:00;27.03.2021 20:00:00;0;0;990.8;0;0;380.4;0;0;990.8;380.4;-610.4
27.03.2021 20:00:00;27.03.2021 21:00:00;0;0;726.1;0;0;600;0;0;726.1;600;-126.1
27.03.2021 21:00:00;27.03.2021 22:00:00;0;0;742.1;0;0;600;0;0;742.1;600;-142.1
27.03.2021 22:00:00;27.03.2021 23:00:00;0;0;716.7;0;0;600;0;0;716.7;600;-116.7
27.03.2021 23:00:00;28.03.2021 00:00:00;0;0;693.9;0;0;600;0;0;693.9;600;-93.9
28.03.2021 00:00:00;28.03.2021 01:00:00;0;0;732.8;0;0;600;0;6.9;732.8;606.9;-125.9
28.03.2021 01:00:00;28.03.2021 03:00:00;0;0;794.1;0;0;600;0;0;794.1;600;-194.1
28.03.2021 03:00:00;28.03.2021 04:00:00;0;0;839.6;0;0;584.9;0;0;839.6;584.9;-254.7
28.03.2021 04:00:00;28.03.2021 05:00:00;0;0;713.2;0;0;398.9;0;0;713.2;398.9;-314.3
28.03.2021 05:00:00;28.03.2021 06:00:00;0;0;651.8;0;0;296.9;0;0;651.8;296.9;-354.9
28.03.2021 06:00:00;28.03.2021 07:00:00;0;0;567;0;0;212.9;0;0;567;212.9;-354.1
28.03.2021 07:00:00;28.03.2021 08:00:00;0;0;502.1;0;0;134.7;0;0;502.1;134.7;-367.4
28.03.2021 08:00:00;28.03.2021 09:00:00;0;0;621.4;0;0;0;0;0;621.4;0;-621.4
28.03.2021 09:00:00;28.03.2021 10:00:00;0;0;569.9;0;225.4;0;150;0;945.3;0;-945.3
28.03.2021 10:00:00;28.03.2021 11:00:00;0;0;234.5;0;0;0;0;0;234.5;0;-234.5
28.03.2021 11:00:00;28.03.2021 12:00:00;0;0;158.3;0;0;0;0;75.8;158.3;75.8;-82.5
28.03.2021 12:00:00;28.03.2021 13:00:00;0;0;91.3;0;0;0;0;0;91.3;0;-91.3
28.03.2021 13:00:00;28.03.2021 14:00:00;0;0;125.6;0;0;0;0;79.8;125.6;79.8;-45.8
28.03.2021 14:00:00;28.03.2021 15:00:00;0;0;171;0;0;0;0;164.4;171;164.4;-6.6
28.03.2021 15:00:00;28.03.2021 16:00:00;0;0;204.8;0;0;0;0;213.9;204.8;213.9;9.1
28.03.2021 16:00:00;28.03.2021 17:00:00;0;0;301.2;0;0;76.5;0;250;301.2;326.5;25.3
28.03.2021 17:00:00;28.03.2021 18:00:00;0;0;386.8;0;0;119.6;0;250;386.8;369.6;-17.2
28.03.2021 18:00:00;28.03.2021 19:00:00;0;0;471.9;0;0;66.6;0;0;471.9;66.6;-405.3
28.03.2021 19:00:00;28.03.2021 20:00:00;0;0;815.5;0;15.6;0;150;0;981.1;0;-981.1
28.03.2021 20:00:00;28.03.2021 21:00:00;0;0;675.8;0;0;79;0;0;675.8;79;-596.8
28.03.2021 21:00:00;28.03.2021 22:00:00;0;0;525.6;0;0;147.4;0;0;525.6;147.4;-378.2
28.03.2021 22:00:00;28.03.2021 23:00:00;0;0;298.1;0;0;162.1;0;0;298.1;162.1;-136
28.03.2021 23:00:00;29.03.2021 00:00:00;0;0;331.1;0;0;199;0;0;331.1;199;-132.1
29.03.2021 00:00:00;29.03.2021 01:00:00;0;0;457.8;0;0;281.8;0;0;457.8;281.8;-176
29.03.2021 01:00:00;29.03.2021 02:00:00;0;0;555.6;0;0;363.9;0;0;555.6;363.9;-191.7
29.03.2021 02:00:00;29.03.2021 03:00:00;0;0;632.1;0;0;396;0;0;632.1;396;-236.1
29.03.2021 03:00:00;29.03.2021 04:00:00;0;0;625.9;0;0;363.9;0;0;625.9;363.9;-262
29.03.2021 04:00:00;29.03.2021 05:00:00;0;0;488.6;0;0;206.9;0;0;488.6;206.9;-281.7
29.03.2021 05:00:00;29.03.2021 06:00:00;0;0;547.4;0;67.2;0;0;0;614.6;0;-614.6
29.03.2021 06:00:00;29.03.2021 07:00:00;0;0;877.3;0;650;0;150;0;1677.3;0;-1677.3
29.03.2021 07:00:00;29.03.2021 08:00:00;0;0;849.7;0;650;0;150;0;1649.7;0;-1649.7
29.03.2021 08:00:00;29.03.2021 09:00:00;0;0;857.5;0;650;0;150;0;1657.5;0;-1657.5
29.03.2021 09:00:00;29.03.2021 10:00:00;0;0;867.6;0;650;0;150;0;1667.6;0;-1667.6
29.03.2021 10:00:00;29.03.2021 11:00:00;0;0;842.6;0;626.1;0;150;0;1618.7;0;-1618.7
29.03.2021 11:00:00;29.03.2021 12:00:00;0;0;738.7;0;467.9;0;150;0;1356.6;0;-1356.6
29.03.2021 12:00:00;29.03.2021 13:00:00;0;0;568.2;0;299.6;0;150;0;1017.8;0;-1017.8
29.03.2021 13:00:00;29.03.2021 14:00:00;0;0;139;0;0;0;0;0;139;0;-139
29.03.2021 14:00:00;29.03.2021 15:00:00;0;0;101.9;0;0;0;0;0;101.9;0;-101.9
29.03.2021 15:00:00;29.03.2021 16:00:00;0;0;130.7;0;0;0;0;0;130.7;0;-130.7
29.03.2021 16:00:00;29.03.2021 17:00:00;0;0;207.5;0;0;0;0;0;207.5;0;-207.5
29.03.2021 17:00:00;29.03.2021 18:00:00;0;0;347;0;183.2;0;150;0;680.2;0;-680.2
29.03.2021 18:00:00;29.03.2021 19:00:00;0;0;298.7;0;133;0;150;0;581.7;0;-581.7
29.03.2021 19:00:00;29.03.2021 20:00:00;0;0;217.4;0;50.2;0;150;0;417.6;0;-417.6
29.03.2021 20:00:00;29.03.2021 21:00:00;0;0;153.8;0;0;5;0;0;153.8;5;-148.8
29.03.2021 21:00:00;29.03.2021 22:00:00;0;0;63.7;0;0;0;0;0;63.7;0;-63.7
29.03.2021 22:00:00;29.03.2021 23:00:00;0;0;0;0;0;0;0;10;0;10;10
29.03.2021 23:00:00;30.03.2021 00:00:00;0;0;0;0;0;0;0;62.5;0;62.5;62.5
30.03.2021 00:00:00;30.03.2021 01:00:00;0;0;0;0;0;98.5;0;193.5;0;292;292
30.03.2021 01:00:00;30.03.2021 02:00:00;0;0;0;0;0;252.2;0;116.8;0;369;369
30.03.2021 02:00:00;30.03.2021 03:00:00;0;0;0;0;0;533.7;0;100.1;0;633.8;633.8
30.03.2021 03:00:00;30.03.2021 04:00:00;0;0;0;0;0;449.5;0;157;0;606.5;606.5
30.03.2021 04:00:00;30.03.2021 05:00:00;0;0;0;0;0;291.9;0;230;0;521.9;521.9
30.03.2021 05:00:00;30.03.2021 06:00:00;0;0;105.3;0;0;284.9;0;0;105.3;284.9;179.6
30.03.2021 06:00:00;30.03.2021 07:00:00;0;0;171.3;0;0;311.4;0;0;171.3;311.4;140.1
30.03.2021 07:00:00;30.03.2021 08:00:00;0;0;219.8;0;0;336.2;0;0;219.8;336.2;116.4
30.03.2021 08:00:00;30.03.2021 09:00:00;0;0;206.9;0;0;335.8;0;0;206.9;335.8;128.9
30.03.2021 09:00:00;30.03.2021 10:00:00;0;0;252.7;0;0;350.1;0;0;252.7;350.1;97.4
30.03.2021 10:00:00;30.03.2021 11:00:00;0;0;270.3;0;0;356.4;0;0;270.3;356.4;86.1
30.03.2021 11:00:00;30.03.2021 12:00:00;0;0;283.1;0;0;352.2;0;0;283.1;352.2;69.1
30.03.2021 12:00:00;30.03.2021 13:00:00;0;0;314;0;0;315.9;0;0;314;315.9;1.9
30.03.2021 13:00:00;30.03.2021 14:00:00;0;0;335.3;0;0;313.8;0;0;335.3;313.8;-21.5
30.03.2021 14:00:00;30.03.2021 15:00:00;0;0;359.4;0;0;309.9;0;0;359.4;309.9;-49.5
30.03.2021 15:00:00;30.03.2021 16:00:00;0;0;387.3;0;0;295.1;0;0;387.3;295.1;-92.2
30.03.2021 16:00:00;30.03.2021 17:00:00;0;0;434.3;0;0;305.4;0;0;434.3;305.4;-128.9
30.03.2021 17:00:00;30.03.2021 18:00:00;0;0;519.3;0;0;289.4;0;0;519.3;289.4;-229.9
30.03.2021 18:00:00;30.03.2021 19:00:00;0;0;650.9;0;0;296.9;0;0;650.9;296.9;-354
30.03.2021 19:00:00;30.03.2021 20:00:00;0;0;720.8;0;0;296.9;0;0;720.8;296.9;-423.9
30.03.2021 20:00:00;30.03.2021 21:00:00;0;0;766.4;0;0;290.6;0;0;766.4;290.6;-475.8
30.03.2021 21:00:00;30.03.2021 22:00:00;0;0;551.2;0;0;408.4;0;0;551.2;408.4;-142.8
30.03.2021 22:00:00;30.03.2021 23:00:00;0;0;525.5;0;0;387.8;0;0;525.5;387.8;-137.7
30.03.2021 23:00:00;31.03.2021 00:00:00;0;0;437.3;0;0;165.4;0;131;437.3;296.4;-140.9
31.03.2021 00:00:00;31.03.2021 01:00:00;0;0;513.1;0;0;218.2;0;47;513.1;265.2;-247.9
31.03.2021 01:00:00;31.03.2021 02:00:00;0;0;614.5;0;0;342.1;0;0;614.5;342.1;-272.4
31.03.2021 02:00:00;31.03.2021 03:00:00;0;0;634.8;0;0;377.1;0;0;634.8;377.1;-257.7
31.03.2021 03:00:00;31.03.2021 04:00:00;0;0;614.4;0;0;305.4;0;0;614.4;305.4;-309
31.03.2021 04:00:00;31.03.2021 05:00:00;0;0;568.9;0;0;237.9;0;0;568.9;237.9;-331
31.03.2021 05:00:00;31.03.2021 06:00:00;0;0;817.6;0;0;461.2;0;0;817.6;461.2;-356.4
31.03.2021 06:00:00;31.03.2021 07:00:00;0;0;836.4;0;0;479.4;0;0;836.4;479.4;-357
31.03.2021 07:00:00;31.03.2021 08:00:00;0;0;982.6;0;0;391;0;0;982.6;391;-591.6
31.03.2021 08:00:00;31.03.2021 09:00:00;0;0;983.3;0;0;358.3;0;0;983.3;358.3;-625
31.03.2021 09:00:00;31.03.2021 10:00:00;0;0;962.4;0;0;312.9;0;0;962.4;312.9;-649.5
31.03.2021 10:00:00;31.03.2021 11:00:00;0;0;867.8;0;0;376;0;0;867.8;376;-491.8
31.03.2021 11:00:00;31.03.2021 12:00:00;0;0;810.4;0;0;385.3;0;0;810.4;385.3;-425.1
31.03.2021 12:00:00;31.03.2021 13:00:00;0;0;780.3;0;0;401.2;0;0;780.3;401.2;-379.1
31.03.2021 13:00:00;31.03.2021 14:00:00;0;0;761.2;0;0;434.2;0;0;761.2;434.2;-327
31.03.2021 14:00:00;31.03.2021 15:00:00;0;0;741.7;0;0;467.1;0;0;741.7;467.1;-274.6
31.03.2021 15:00:00;31.03.2021 16:00:00;0;0;741.6;0;0;487.7;0;0;741.6;487.7;-253.9
31.03.2021 16:00:00;31.03.2021 17:00:00;0;0;778.1;0;0;463.9;0;0;778.1;463.9;-314.2
31.03.2021 17:00:00;31.03.2021 18:00:00;0;0;837.4;0;0;398.8;0;0;837.4;398.8;-438.6
31.03.2021 18:00:00;31.03.2021 19:00:00;0;0;903;0;0;383.7;0;0;903;383.7;-519.3
31.03.2021 19:00:00;31.03.2021 20:00:00;0;0;913.1;0;0;463.5;0;0;913.1;463.5;-449.6
31.03.2021 20:00:00;31.03.2021 21:00:00;0;0;885.4;0;0;529.5;0;0;885.4;529.5;-355.9
31.03.2021 21:00:00;31.03.2021 22:00:00;0;0;815.5;0;0;600;0;0;815.5;600;-215.5
31.03.2021 22:00:00;31.03.2021 23:00:00;0;0;745.2;0;0;600;0;0;745.2;600;-145.2
31.03.2021 23:00:00;01.04.2021 00:00:00;0;0;716;0;0;547.9;0;0;716;547.9;-168.1
01.04.2021 00:00:00;01.04.2021 01:00:00;0;0;496.7;0;0;460.4;0;0;496.7;460.4;-36.3
01.04.2021 01:00:00;01.04.2021 02:00:00;0;0;463.4;0;0;443.3;0;0;463.4;443.3;-20.1
01.04.2021 02:00:00;01.04.2021 03:00:00;0;0;455.8;0;0;458.6;0;0;455.8;458.6;2.8
01.04.2021 03:00:00;01.04.2021 04:00:00;0;0;405;0;0;417.7;0;0;405;417.7;12.7
01.04.2021 04:00:00;01.04.2021 05:00:00;0;0;144.3;0;0;147.8;0;0;144.3;147.8;3.5
01.04.2021 05:00:00;01.04.2021 06:00:00;0;0;532.7;0;0;475.7;0;0;532.7;475.7;-57
01.04.2021 06:00:00;01.04.2021 07:00:00;0;0;507;0;0;484.9;0;0;507;484.9;-22.1
01.04.2021 07:00:00;01.04.2021 08:00:00;0;0;547.4;0;0;527.5;0;0;547.4;527.5;-19.9
01.04.2021 08:00:00;01.04.2021 09:00:00;0;0;540.5;0;0;474.2;0;0;540.5;474.2;-66.3
01.04.2021 09:00:00;01.04.2021 10:00:00;0;0;449.4;0;0;377.9;0;0;449.4;377.9;-71.5
01.04.2021 10:00:00;01.04.2021 11:00:00;0;0;428.7;0;0;364.6;0;0;428.7;364.6;-64.1
01.04.2021 11:00:00;01.04.2021 12:00:00;0;0;440.9;0;0;363.7;0;0;440.9;363.7;-77.2
01.04.2021 12:00:00;01.04.2021 13:00:00;0;0;423.4;0;0;352.2;0;0;423.4;352.2;-71.2
01.04.2021 13:00:00;01.04.2021 14:00:00;0;0;361.1;0;0;343.1;0;0;361.1;343.1;-18
01.04.2021 14:00:00;01.04.2021 15:00:00;0;0;341.2;0;0;331.3;0;0;341.2;331.3;-9.9
01.04.2021 15:00:00;01.04.2021 16:00:00;0;0;335.4;0;0;337.6;0;0;335.4;337.6;2.2
01.04.2021 16:00:00;01.04.2021 17:00:00;0;0;322.6;0;0;355.3;0;0;322.6;355.3;32.7
01.04.2021 17:00:00;01.04.2021 18:00:00;0;0;437.6;0;0;437.9;0;0;437.6;437.9;0.3
01.04.2021 18:00:00;01.04.2021 19:00:00;0;0;469.8;0;0;455.8;0;0;469.8;455.8;-14
01.04.2021 19:00:00;01.04.2021 20:00:00;0;0;473.4;0;0;493.6;0;0;473.4;493.6;20.2
01.04.2021 20:00:00;01.04.2021 21:00:00;0;0;472.8;0;0;533.3;0;0;472.8;533.3;60.5
01.04.2021 21:00:00;01.04.2021 22:00:00;0;0;423.9;0;0;544.4;0;0;423.9;544.4;120.5
01.04.2021 22:00:00;01.04.2021 23:00:00;0;0;379.8;0;0;485.7;0;0;379.8;485.7;105.9
01.04.2021 23:00:00;02.04.2021 00:00:00;0;0;276.1;0;0;346.2;0;0;276.1;346.2;70.1
02.04.2021 00:00:00;02.04.2021 01:00:00;0;0;238.8;0;0;203.6;0;0;238.8;203.6;-35.2
02.04.2021 01:00:00;02.04.2021 02:00:00;0;0;226;0;0;145.7;0;0;226;145.7;-80.3
02.04.2021 02:00:00;02.04.2021 03:00:00;0;0;125.4;0;0;33.4;0;0;125.4;33.4;-92
02.04.2021 03:00:00;02.04.2021 04:00:00;0;0;215.9;0;0;126.3;0;0;215.9;126.3;-89.6
02.04.2021 04:00:00;02.04.2021 05:00:00;0;0;259.7;0;0;176.1;0;0;259.7;176.1;-83.6
02.04.2021 05:00:00;02.04.2021 06:00:00;0;0;275.1;0;0;211.5;0;0;275.1;211.5;-63.6
02.04.2021 06:00:00;02.04.2021 07:00:00;0;0;304;0;0;242.1;0;0;304;242.1;-61.9
02.04.2021 07:00:00;02.04.2021 08:00:00;0;0;353.1;0;0;332;0;0;353.1;332;-21.1
02.04.2021 08:00:00;02.04.2021 09:00:00;0;0;365.5;0;0;413.3;0;0;365.5;413.3;47.8
02.04.2021 09:00:00;02.04.2021 10:00:00;0;0;351.7;0;0;415.1;0;0;351.7;415.1;63.4
02.04.2021 10:00:00;02.04.2021 11:00:00;0;0;337.8;0;0;409.2;0;0;337.8;409.2;71.4
02.04.2021 11:00:00;02.04.2021 12:00:00;0;0;347.3;0;0;401.6;0;0;347.3;401.6;54.3
02.04.2021 12:00:00;02.04.2021 13:00:00;0;0;278.2;0;0;389.5;0;0;278.2;389.5;111.3
02.04.2021 13:00:00;02.04.2021 14:00:00;0;0;0;0;0;206.8;0;250;0;456.8;456.8
02.04.2021 14:00:00;02.04.2021 15:00:00;0;0;0;25.5;0;600;0;250;0;875.5;875.5
02.04.2021 15:00:00;02.04.2021 16:00:00;0;0;0;6.2;0;600;0;250;0;856.2;856.2
02.04.2021 16:00:00;02.04.2021 17:00:00;0;0;3;0;0;359.8;0;250;3;609.8;606.8
02.04.2021 17:00:00;02.04.2021 18:00:00;0;0;0;0;0;0;0;146.8;0;146.8;146.8
02.04.2021 18:00:00;02.04.2021 19:00:00;0;0;350.9;0;0;501.5;0;0;350.9;501.5;150.6
02.04.2021 19:00:00;02.04.2021 20:00:00;0;0;398.1;0;0;582.4;0;0;398.1;582.4;184.3
02.04.2021 20:00:00;02.04.2021 21:00:00;0;0;492.6;0;0;600;0;0;492.6;600;107.4
02.04.2021 21:00:00;02.04.2021 22:00:00;0;0;497.7;0;0;593.8;0;0;497.7;593.8;96.1
02.04.2021 22:00:00;02.04.2021 23:00:00;0;0;461.2;0;0;519.5;0;0;461.2;519.5;58.3
02.04.2021 23:00:00;03.04.2021 00:00:00;0;0;323.6;0;0;338;0;0;323.6;338;14.4
03.04.2021 00:00:00;03.04.2021 01:00:00;0;0;110.8;0;0;33.3;0;20.5;110.8;53.8;-57
03.04.2021 01:00:00;03.04.2021 02:00:00;0;0;47.3;0;0;21.3;0;0;47.3;21.3;-26
03.04.2021 02:00:00;03.04.2021 03:00:00;0;0;8.9;0;0;0;0;4.2;8.9;4.2;-4.7
03.04.2021 03:00:00;03.04.2021 04:00:00;0;0;0;0;0;0;0;12.9;0;12.9;12.9
03.04.2021 04:00:00;03.04.2021 05:00:00;0;0;8.6;0;0;0;0;0;8.6;0;-8.6
03.04.2021 05:00:00;03.04.2021 06:00:00;0;0;68.3;0;0;0;0;0;68.3;0;-68.3
03.04.2021 06:00:00;03.04.2021 07:00:00;0;0;98.3;0;0;0;0;0;98.3;0;-98.3
03.04.2021 07:00:00;03.04.2021 08:00:00;0;0;262.6;0;0;109.6;0;0;262.6;109.6;-153
03.04.2021 08:00:00;03.04.2021 09:00:00;0;0;243;0;0;0;150;0;393;0;-393
03.04.2021 09:00:00;03.04.2021 10:00:00;0;0;450.9;0;55.4;0;150;0;656.3;0;-656.3
03.04.2021 10:00:00;03.04.2021 11:00:00;0;0;466.2;0;96.3;0;150;0;712.5;0;-712.5
03.04.2021 11:00:00;03.04.2021 12:00:00;0;0;414.1;0;50.3;0;150;0;614.4;0;-614.4
03.04.2021 12:00:00;03.04.2021 13:00:00;0;0;426.3;0;36.4;0;150;0;612.7;0;-612.7
03.04.2021 13:00:00;03.04.2021 14:00:00;0;0;174.8;0;0;0;149.6;0;324.4;0;-324.4
03.04.2021 14:00:00;03.04.2021 15:00:00;0;0;178.9;0;0;0;0;0;178.9;0;-178.9
03.04.2021 15:00:00;03.04.2021 16:00:00;0;0;22.1;0;0;0;0;0;22.1;0;-22.1
03.04.2021 16:00:00;03.04.2021 17:00:00;0;0;218.8;0;0;0;0;0;218.8;0;-218.8
03.04.2021 17:00:00;03.04.2021 18:00:00;0;0;313.5;0;0;83.3;0;0;313.5;83.3;-230.2
03.04.2021 18:00:00;03.04.2021 19:00:00;0;0;307.5;0;0;94.9;0;0;307.5;94.9;-212.6
03.04.2021 19:00:00;03.04.2021 20:00:00;0;0;325.5;0;0;103.6;0;0;325.5;103.6;-221.9
03.04.2021 20:00:00;03.04.2021 21:00:00;0;0;298.5;0;0;53.5;0;0;298.5;53.5;-245
03.04.2021 21:00:00;03.04.2021 22:00:00;0;0;321.9;0;0;65.7;0;0;321.9;65.7;-256.2
03.04.2021 22:00:00;03.04.2021 23:00:00;0;0;264.9;0;0;3.9;0;0;264.9;3.9;-261
03.04.2021 23:00:00;04.04.2021 00:00:00;0;0;223.8;0;0;12.3;0;0;223.8;12.3;-211.5
04.04.2021 00:00:00;04.04.2021 01:00:00;0;0;199.8;0;0;91.6;0;0;199.8;91.6;-108.2
04.04.2021 01:00:00;04.04.2021 02:00:00;0;0;155;0;0;128.7;0;0;155;128.7;-26.3
04.04.2021 02:00:00;04.04.2021 03:00:00;0;0;171.9;0;0;203;0;0;171.9;203;31.1
04.04.2021 03:00:00;04.04.2021 04:00:00;0;0;111.1;0;0;237.5;0;0;111.1;237.5;126.4
04.04.2021 04:00:00;04.04.2021 05:00:00;0;0;68.5;0;0;272.7;0;0;68.5;272.7;204.2
04.04.2021 05:00:00;04.04.2021 06:00:00;0;0;43.8;0;0;286.9;0;0;43.8;286.9;243.1
04.04.2021 06:00:00;04.04.2021 07:00:00;0;0;0;0;0;272.4;0;34.5;0;306.9;306.9
04.04.2021 07:00:00;04.04.2021 08:00:00;0;0;0;0;0;87;0;245.6;0;332.6;332.6
04.04.2021 08:00:00;04.04.2021 09:00:00;0;0;0;0;0;33.2;0;207.8;0;241;241
04.04.2021 09:00:00;04.04.2021 10:00:00;0;0;0;0;0;26;0;176.5;0;202.5;202.5
04.04.2021 10:00:00;04.04.2021 11:00:00;0;0;0;0;0;44.6;0;152.3;0;196.9;196.9
04.04.2021 11:00:00;04.04.2021 12:00:00;0;0;0;0;0;124.1;0;130.9;0;255;255
04.04.2021 12:00:00;04.04.2021 13:00:00;0;0;0;0;0;256.1;0;143.2;0;399.3;399.3
04.04.2021 13:00:00;04.04.2021 14:00:00;0;0;0;153.5;0;600;0;250;0;1003.5;1003.5
04.04.2021 14:00:00;04.04.2021 15:00:00;0;0;0;200;0;600;0;250;0;1050;1050
04.04.2021 15:00:00;04.04.2021 16:00:00;0;0;0;200;0;600;0;250;0;1050;1050
04.04.2021 16:00:00;04.04.2021 17:00:00;0;0;0;200;0;600;0;250;0;1050;1050
04.04.2021 17:00:00;04.04.2021 18:00:00;0;0;0;90.3;0;600;0;250;0;940.3;940.3
04.04.2021 18:00:00;04.04.2021 19:00:00;0;0;0;0;0;142.7;0;250;0;392.7;392.7
04.04.2021 19:00:00;04.04.2021 20:00:00;0;0;0;0;0;173.4;0;250;0;423.4;423.4
04.04.2021 20:00:00;04.04.2021 21:00:00;0;0;0;0;0;216.5;0;250;0;466.5;466.5
04.04.2021 21:00:00;04.04.2021 22:00:00;0;0;0;0;0;317;0;250;0;567;567
04.04.2021 22:00:00;04.04.2021 23:00:00;0;0;0;117.7;0;600;0;250;0;967.7;967.7
04.04.2021 23:00:00;05.04.2021 00:00:00;0;0;0;67.3;0;600;0;250;0;917.3;917.3
05.04.2021 00:00:00;05.04.2021 01:00:00;0;0;0;97.2;0;600;0;250;0;947.2;947.2
05.04.2021 01:00:00;05.04.2021 02:00:00;0;0;0;72.7;0;600;0;250;0;922.7;922.7
05.04.2021 02:00:00;05.04.2021 03:00:00;0;0;0;32.8;0;600;0;250;0;882.8;882.8
05.04.2021 03:00:00;05.04.2021 04:00:00;0;0;0;24.9;0;600;0;250;0;874.9;874.9
05.04.2021 04:00:00;05.04.2021 05:00:00;0;0;0;37.7;0;600;0;250;0;887.7;887.7
05.04.2021 05:00:00;05.04.2021 06:00:00;0;0;33.2;0;0;600;0;250;33.2;850;816.8
05.04.2021 06:00:00;05.04.2021 07:00:00;0;0;64.7;0;0;600;0;250;64.7;850;785.3
05.04.2021 07:00:00;05.04.2021 08:00:00;0;0;128;0;0;600;0;250;128;850;722
05.04.2021 08:00:00;05.04.2021 09:00:00;0;0;105.7;0;0;600;0;250;105.7;850;744.3
05.04.2021 09:00:00;05.04.2021 10:00:00;0;0;68.5;0;0;494.2;0;250;68.5;744.2;675.7
05.04.2021 10:00:00;05.04.2021 11:00:00;0;0;36.5;0;0;298.4;0;250;36.5;548.4;511.9
05.04.2021 11:00:00;05.04.2021 12:00:00;0;0;0;0;0;160.9;0;250;0;410.9;410.9
05.04.2021 12:00:00;05.04.2021 13:00:00;0;0;0;0;0;311.3;0;250;0;561.3;561.3
05.04.2021 13:00:00;05.04.2021 14:00:00;0;0;0;60.4;0;289.4;0;250;0;599.8;599.8
05.04.2021 14:00:00;05.04.2021 15:00:00;0;0;0;161.1;0;474.1;0;250;0;885.2;885.2
05.04.2021 15:00:00;05.04.2021 16:00:00;0;0;0;156.6;0;502.5;0;250;0;909.1;909.1
05.04.2021 16:00:00;05.04.2021 17:00:00;0;0;0;138.3;0;542.6;0;250;0;930.9;930.9
05.04.2021 17:00:00;05.04.2021 18:00:00;0;0;0;184.4;0;533.4;0;250;0;967.8;967.8
05.04.2021 18:00:00;05.04.2021 19:00:00;0;0;0;0;0;282.8;0;250;0;532.8;532.8
05.04.2021 19:00:00;05.04.2021 20:00:00;0;0;0;0;0;0;0;75.7;0;75.7;75.7
05.04.2021 20:00:00;05.04.2021 21:00:00;0;0;162.8;0;0;62.9;0;0;162.8;62.9;-99.9
05.04.2021 21:00:00;05.04.2021 22:00:00;0;0;137.4;0;0;124.6;0;0;137.4;124.6;-12.8
05.04.2021 22:00:00;05.04.2021 23:00:00;0;0;0;0;0;0;0;58.8;0;58.8;58.8
05.04.2021 23:00:00;06.04.2021 00:00:00;0;0;0;0;0;114.6;0;250;0;364.6;364.6
06.04.2021 00:00:00;06.04.2021 01:00:00;0;0;0;0;0;52;0;250;0;302;302
06.04.2021 01:00:00;06.04.2021 02:00:00;0;0;0;0;0;0;0;246.7;0;246.7;246.7
06.04.2021 02:00:00;06.04.2021 03:00:00;0;0;0;0;0;0;0;214.1;0;214.1;214.1
06.04.2021 03:00:00;06.04.2021 04:00:00;0;0;0;0;0;0;0;173.6;0;173.6;173.6
06.04.2021 04:00:00;06.04.2021 05:00:00;0;0;22.4;0;0;0;0;0;22.4;0;-22.4
06.04.2021 05:00:00;06.04.2021 06:00:00;0;0;520.1;0;0;165.5;0;0;520.1;165.5;-354.6
06.04.2021 06:00:00;06.04.2021 07:00:00;0;0;656.9;0;0;39.4;0;0;656.9;39.4;-617.5
06.04.2021 07:00:00;06.04.2021 08:00:00;0;0;671.9;0;0;36;0;0;671.9;36;-635.9
06.04.2021 08:00:00;06.04.2021 09:00:00;0;0;717.7;0;0;60.5;0;0;717.7;60.5;-657.2
06.04.2021 09:00:00;06.04.2021 10:00:00;0;0;738.6;0;0;66.1;0;0;738.6;66.1;-672.5
06.04.2021 10:00:00;06.04.2021 11:00:00;0;0;654.3;0;0;65;0;0;654.3;65;-589.3
06.04.2021 11:00:00;06.04.2021 12:00:00;0;0;489.9;0;0;120.2;0;0;489.9;120.2;-369.7
06.04.2021 12:00:00;06.04.2021 13:00:00;0;0;391.2;0;0;216.9;0;0;391.2;216.9;-174.3
06.04.2021 13:00:00;06.04.2021 14:00:00;0;0;504.1;0;0;600;0;250;504.1;850;345.9
06.04.2021 14:00:00;06.04.2021 15:00:00;0;0;477.9;0;0;600;0;250;477.9;850;372.1
06.04.2021 15:00:00;06.04.2021 16:00:00;0;0;346.2;0;0;380.2;0;250;346.2;630.2;284
06.04.2021 16:00:00;06.04.2021 17:00:00;0;0;255.9;0;0;208.5;0;0;255.9;208.5;-47.4
06.04.2021 17:00:00;06.04.2021 18:00:00;0;0;348.4;0;0;35.5;0;0;348.4;35.5;-312.9
06.04.2021 18:00:00;06.04.2021 19:00:00;0;0;239.5;0;0;136.6;0;0;239.5;136.6;-102.9
06.04.2021 19:00:00;06.04.2021 20:00:00;0;0;185.9;0;0;201.8;0;0;185.9;201.8;15.9
06.04.2021 20:00:00;06.04.2021 21:00:00;0;0;146.5;0;0;261.3;0;0;146.5;261.3;114.8
06.04.2021 21:00:00;06.04.2021 22:00:00;0;0;182.1;0;0;285.4;0;0;182.1;285.4;103.3
06.04.2021 22:00:00;06.04.2021 23:00:00;0;0;187.5;0;0;319.6;0;0;187.5;319.6;132.1
06.04.2021 23:00:00;07.04.2021 00:00:00;0;0;220.2;0;0;315.7;0;0;220.2;315.7;95.5
07.04.2021 00:00:00;07.04.2021 01:00:00;0;0;9;0;0;0;0;206.7;9;206.7;197.7
07.04.2021 01:00:00;07.04.2021 02:00:00;0;0;267.4;0;0;178.6;0;250;267.4;428.6;161.2
07.04.2021 02:00:00;07.04.2021 03:00:00;0;0;306.3;0;0;216.7;0;250;306.3;466.7;160.4
07.04.2021 03:00:00;07.04.2021 04:00:00;0;0;273.7;0;0;171;0;250;273.7;421;147.3
07.04.2021 04:00:00;07.04.2021 05:00:00;0;0;192.4;0;0;267.6;0;76.4;192.4;344;151.6
07.04.2021 05:00:00;07.04.2021 06:00:00;0;0;271.1;0;0;284.7;0;0;271.1;284.7;13.6
07.04.2021 06:00:00;07.04.2021 07:00:00;0;0;307.3;0;0;332.5;0;0;307.3;332.5;25.2
07.04.2021 07:00:00;07.04.2021 08:00:00;0;0;506.7;0;0;457.5;0;0;506.7;457.5;-49.2
07.04.2021 08:00:00;07.04.2021 09:00:00;0;0;626.9;0;0;314.6;0;0;626.9;314.6;-312.3
07.04.2021 09:00:00;07.04.2021 10:00:00;0;0;758.9;0;0;197.8;0;0;758.9;197.8;-561.1
07.04.2021 10:00:00;07.04.2021 11:00:00;0;0;760.6;0;0;142.1;0;0;760.6;142.1;-618.5
07.04.2021 11:00:00;07.04.2021 12:00:00;0;0;783.4;0;0;85;0;0;783.4;85;-698.4
07.04.2021 12:00:00;07.04.2021 13:00:00;0;0;808.4;0;0;22.1;0;0;808.4;22.1;-786.3
07.04.2021 13:00:00;07.04.2021 14:00:00;0;0;886;0;0;0;0;0;886;0;-886
07.04.2021 14:00:00;07.04.2021 15:00:00;0;0;885.7;0;0;0;0;0;885.7;0;-885.7
07.04.2021 15:00:00;07.04.2021 16:00:00;0;0;859.7;0;0;0;0;0;859.7;0;-859.7
07.04.2021 16:00:00;07.04.2021 17:00:00;0;0;775.4;0;0;0.6;0;0;775.4;0.6;-774.8
07.04.2021 17:00:00;07.04.2021 18:00:00;0;0;858.3;0;0;0;0;0;858.3;0;-858.3
07.04.2021 18:00:00;07.04.2021 19:00:00;0;0;911.8;0;0;0;0;0;911.8;0;-911.8
07.04.2021 19:00:00;07.04.2021 20:00:00;0;0;924.7;0;0;0;0;0;924.7;0;-924.7
07.04.2021 20:00:00;07.04.2021 21:00:00;0;0;926.6;0;0;15.9;0;0;926.6;15.9;-910.7
07.04.2021 21:00:00;07.04.2021 22:00:00;0;0;902.9;0;0;98.8;0;0;902.9;98.8;-804.1
07.04.2021 22:00:00;07.04.2021 23:00:00;0;0;845.7;0;0;154.7;0;0;845.7;154.7;-691
07.04.2021 23:00:00;08.04.2021 00:00:00;0;0;783.5;0;0;199.1;0;0;783.5;199.1;-584.4
08.04.2021 00:00:00;08.04.2021 01:00:00;0;0;1000;0;48.7;0;150;0;1198.7;0;-1198.7
08.04.2021 01:00:00;08.04.2021 02:00:00;0;0;927.5;0;151.7;0;150;0;1229.2;0;-1229.2
08.04.2021 02:00:00;08.04.2021 03:00:00;0;0;886.9;0;195;0;150;0;1231.9;0;-1231.9
08.04.2021 03:00:00;08.04.2021 04:00:00;0;0;877.6;0;197.9;0;150;0;1225.5;0;-1225.5
08.04.2021 04:00:00;08.04.2021 05:00:00;0;0;876.9;0;183.6;0;150;0;1210.5;0;-1210.5
08.04.2021 05:00:00;08.04.2021 06:00:00;0;0;928.5;0;134.6;0;150;0;1213.1;0;-1213.1
08.04.2021 06:00:00;08.04.2021 07:00:00;0;0;981.7;0;43.2;0;150;0;1174.9;0;-1174.9
08.04.2021 07:00:00;08.04.2021 08:00:00;0;0;885.2;0;90;0;150;0;1125.2;0;-1125.2
08.04.2021 08:00:00;08.04.2021 09:00:00;0;0;867.8;0;81.7;0;150;0;1099.5;0;-1099.5
08.04.2021 09:00:00;08.04.2021 10:00:00;0;0;848.2;0;118.3;0;150;0;1116.5;0;-1116.5
08.04.2021 10:00:00;08.04.2021 11:00:00;0;0;827.6;0;138.3;0;150;0;1115.9;0;-1115.9
08.04.2021 11:00:00;08.04.2021 12:00:00;0;0;824.9;0;151.9;0;150;0;1126.8;0;-1126.8
08.04.2021 12:00:00;08.04.2021 13:00:00;0;0;829.2;0;169.8;0;150;0;1149;0;-1149
08.04.2021 13:00:00;08.04.2021 14:00:00;0;0;829.9;0;164.7;0;150;0;1144.6;0;-1144.6
08.04.2021 14:00:00;08.04.2021 15:00:00;0;0;849.9;0;143.2;0;150;0;1143.1;0;-1143.1
08.04.2021 15:00:00;08.04.2021 16:00:00;0;0;863;0;134.8;0;150;0;1147.8;0;-1147.8
08.04.2021 16:00:00;08.04.2021 17:00:00;0;0;871.6;0;133.2;0;150;0;1154.8;0;-1154.8
08.04.2021 17:00:00;08.04.2021 18:00:00;0;0;840.5;0;159.4;0;150;0;1149.9;0;-1149.9
08.04.2021 18:00:00;08.04.2021 19:00:00;0;0;794.3;0;156.7;0;150;0;1101;0;-1101
08.04.2021 19:00:00;08.04.2021 20:00:00;0;0;709.6;0;122;0;150;0;981.6;0;-981.6
08.04.2021 20:00:00;08.04.2021 21:00:00;0;0;588.1;0;55.4;0;150;0;793.5;0;-793.5
08.04.2021 21:00:00;08.04.2021 22:00:00;0;0;615.8;0;0;0;94.4;0;710.2;0;-710.2
08.04.2021 22:00:00;08.04.2021 23:00:00;0;0;446.3;0;0;99.2;0;0;446.3;99.2;-347.1
08.04.2021 23:00:00;09.04.2021 00:00:00;0;0;385.5;0;0;445.6;0;250;385.5;695.6;310.1
09.04.2021 00:00:00;09.04.2021 01:00:00;0;0;450.1;0;0;600;0;250;450.1;850;399.9
09.04.2021 01:00:00;09.04.2021 02:00:00;0;0;502.1;0;0;600;0;250;502.1;850;347.9
09.04.2021 02:00:00;09.04.2021 03:00:00;0;0;643.4;0;0;600;0;250;643.4;850;206.6
09.04.2021 03:00:00;09.04.2021 04:00:00;0;0;796.7;0;0;600;0;250;796.7;850;53.3
09.04.2021 04:00:00;09.04.2021 05:00:00;0;0;880.3;0;0;600;0;250;880.3;850;-30.3
09.04.2021 05:00:00;09.04.2021 06:00:00;0;0;939.7;0;0;600;0;250;939.7;850;-89.7
09.04.2021 06:00:00;09.04.2021 07:00:00;0;0;1000;0;0;600;0;250;1000;850;-150
09.04.2021 07:00:00;09.04.2021 08:00:00;0;0;889.6;0;0;108.3;0;0;889.6;108.3;-781.3
09.04.2021 08:00:00;09.04.2021 09:00:00;0;0;860.9;0;0;78.1;0;0;860.9;78.1;-782.8
09.04.2021 09:00:00;09.04.2021 10:00:00;0;0;849.2;0;0;45.2;0;0;849.2;45.2;-804
09.04.2021 10:00:00;09.04.2021 11:00:00;0;0;792.5;0;0;13.2;0;0;792.5;13.2;-779.3
09.04.2021 11:00:00;09.04.2021 12:00:00;0;0;535.8;0;0;301.7;0;0;535.8;301.7;-234.1
09.04.2021 12:00:00;09.04.2021 13:00:00;0;0;507.3;0;0;502;0;149.1;507.3;651.1;143.8
09.04.2021 13:00:00;09.04.2021 14:00:00;0;0;503.2;0;0;461.5;0;250;503.2;711.5;208.3
09.04.2021 14:00:00;09.04.2021 15:00:00;0;0;514.3;0;0;600;0;250;514.3;850;335.7
09.04.2021 15:00:00;09.04.2021 16:00:00;0;0;479.6;0;0;600;0;250;479.6;850;370.4
09.04.2021 16:00:00;09.04.2021 17:00:00;0;0;379;0;0;600;0;250;379;850;471
09.04.2021 17:00:00;09.04.2021 18:00:00;0;0;265.5;0;0;283.3;0;250;265.5;533.3;267.8
09.04.2021 18:00:00;09.04.2021 19:00:00;0;0;446.9;0;0;288.7;0;0;446.9;288.7;-158.2
09.04.2021 19:00:00;09.04.2021 20:00:00;0;0;545.7;0;0;159.8;0;0;545.7;159.8;-385.9
09.04.2021 20:00:00;09.04.2021 21:00:00;0;0;538.9;0;0;197.2;0;0;538.9;197.2;-341.7
09.04.2021 21:00:00;09.04.2021 22:00:00;0;0;392.6;0;0;359.9;0;0;392.6;359.9;-32.7
09.04.2021 22:00:00;09.04.2021 23:00:00;0;0;423.9;0;0;480.6;0;250;423.9;730.6;306.7
09.04.2021 23:00:00;10.04.2021 00:00:00;0;0;424.5;0;0;600;0;250;424.5;850;425.5
10.04.2021 00:00:00;10.04.2021 01:00:00;0;0;285.8;0;0;600;0;250;285.8;850;564.2
10.04.2021 01:00:00;10.04.2021 02:00:00;0;0;252.9;0;0;600;0;250;252.9;850;597.1
10.04.2021 02:00:00;10.04.2021 03:00:00;0;0;230.7;0;0;600;0;250;230.7;850;619.3
10.04.2021 03:00:00;10.04.2021 04:00:00;0;0;170.6;0;0;600;0;232.2;170.6;832.2;661.6
10.04.2021 04:00:00;10.04.2021 05:00:00;0;0;99.5;0;0;600;0;84.1;99.5;684.1;584.6
10.04.2021 05:00:00;10.04.2021 06:00:00;0;0;119.8;0;0;600;0;200.7;119.8;800.7;680.9
10.04.2021 06:00:00;10.04.2021 07:00:00;0;0;117.2;0;0;600;0;178.3;117.2;778.3;661.1
10.04.2021 07:00:00;10.04.2021 08:00:00;0;0;125.1;0;0;600;0;92.4;125.1;692.4;567.3
10.04.2021 08:00:00;10.04.2021 09:00:00;0;0;248.1;0;0;520.3;0;0;248.1;520.3;272.2
10.04.2021 09:00:00;10.04.2021 10:00:00;0;0;357.4;0;0;401.5;0;0;357.4;401.5;44.1
10.04.2021 10:00:00;10.04.2021 11:00:00;0;0;422.2;0;0;266.8;0;0;422.2;266.8;-155.4
10.04.2021 11:00:00;10.04.2021 12:00:00;0;0;372.4;0;0;319.9;0;0;372.4;319.9;-52.5
10.04.2021 12:00:00;10.04.2021 13:00:00;0;0;375.6;0;0;411.7;0;0;375.6;411.7;36.1
10.04.2021 13:00:00;10.04.2021 14:00:00;0;0;305.5;0;0;488;0;0;305.5;488;182.5
10.04.2021 14:00:00;10.04.2021 15:00:00;0;0;422;0;0;493.3;0;239.1;422;732.4;310.4
10.04.2021 15:00:00;10.04.2021 16:00:00;0;0;455.8;0;0;460.4;0;250;455.8;710.4;254.6
10.04.2021 16:00:00;10.04.2021 17:00:00;0;0;429.2;0;0;342;0;183.5;429.2;525.5;96.3
10.04.2021 17:00:00;10.04.2021 18:00:00;0;0;525.7;0;0;185.5;0;0;525.7;185.5;-340.2
10.04.2021 18:00:00;10.04.2021 19:00:00;0;0;740.1;0;0;0;0;0;740.1;0;-740.1
10.04.2021 19:00:00;10.04.2021 20:00:00;0;0;723.1;0;0;88.4;0;0;723.1;88.4;-634.7
10.04.2021 20:00:00;10.04.2021 21:00:00;0;0;634.1;0;0;285.4;0;0;634.1;285.4;-348.7
10.04.2021 21:00:00;10.04.2021 22:00:00;0;0;671.3;0;0;320.9;0;0;671.3;320.9;-350.4
10.04.2021 22:00:00;10.04.2021 23:00:00;0;0;580.9;0;0;505.1;0;0;580.9;505.1;-75.8
10.04.2021 23:00:00;11.04.2021 00:00:00;0;0;600.2;0;0;600;0;57.1;600.2;657.1;56.9
11.04.2021 00:00:00;11.04.2021 01:00:00;0;0;1000;0;0;71.7;0;0;1000;71.7;-928.3
11.04.2021 01:00:00;11.04.2021 02:00:00;0;0;1000;0;0;39.7;0;0;1000;39.7;-960.3
11.04.2021 02:00:00;11.04.2021 03:00:00;0;0;1000;0;0;3.4;0;0;1000;3.4;-996.6
11.04.2021 03:00:00;11.04.2021 04:00:00;0;0;1000;0;0;0;49.6;0;1049.6;0;-1049.6
11.04.2021 04:00:00;11.04.2021 05:00:00;0;0;1000;0;0;0;63.8;0;1063.8;0;-1063.8
11.04.2021 05:00:00;11.04.2021 06:00:00;0;0;1000;0;0;32.1;0;0;1000;32.1;-967.9
11.04.2021 06:00:00;11.04.2021 07:00:00;0;0;1000;0;0;172.4;0;0;1000;172.4;-827.6
11.04.2021 07:00:00;11.04.2021 08:00:00;0;0;1000;0;0;154.4;0;0;1000;154.4;-845.6
11.04.2021 08:00:00;11.04.2021 09:00:00;0;0;1000;0;0;44.9;0;0;1000;44.9;-955.1
11.04.2021 09:00:00;11.04.2021 10:00:00;0;0;1000;0;0;0;19.3;0;1019.3;0;-1019.3
11.04.2021 10:00:00;11.04.2021 11:00:00;0;0;1000;0;0;0;43.9;0;1043.9;0;-1043.9
11.04.2021 11:00:00;11.04.2021 12:00:00;0;0;1000;0;0;0;74.2;0;1074.2;0;-1074.2
11.04.2021 12:00:00;11.04.2021 13:00:00;0;0;1000;0;0;0;92.2;0;1092.2;0;-1092.2
11.04.2021 13:00:00;11.04.2021 14:00:00;0;0;1000;0;0;0;70.5;0;1070.5;0;-1070.5
11.04.2021 14:00:00;11.04.2021 15:00:00;0;0;1000;0;0;0;41.9;0;1041.9;0;-1041.9
11.04.2021 15:00:00;11.04.2021 16:00:00;0;0;1000;0;0;0;93.4;0;1093.4;0;-1093.4
11.04.2021 16:00:00;11.04.2021 17:00:00;0;0;1000;0;0;0;133.9;0;1133.9;0;-1133.9
11.04.2021 17:00:00;11.04.2021 18:00:00;0;0;1000;0;297.7;0;150;0;1447.7;0;-1447.7
11.04.2021 18:00:00;11.04.2021 19:00:00;0;0;1000;0;265.2;0;150;0;1415.2;0;-1415.2
11.04.2021 19:00:00;11.04.2021 20:00:00;0;0;1000;0;196.7;0;150;0;1346.7;0;-1346.7
11.04.2021 20:00:00;11.04.2021 21:00:00;0;0;1000;0;169.2;0;150;0;1319.2;0;-1319.2
11.04.2021 21:00:00;11.04.2021 22:00:00;0;0;1000;0;157.9;0;150;0;1307.9;0;-1307.9
11.04.2021 22:00:00;11.04.2021 23:00:00;0;0;1000;0;173.7;0;150;0;1323.7;0;-1323.7
11.04.2021 23:00:00;12.04.2021 00:00:00;0;0;1000;0;0;65.7;0;0;1000;65.7;-934.3
12.04.2021 00:00:00;12.04.2021 01:00:00;0;0;864;0;0;185;0;0;864;185;-679
12.04.2021 01:00:00;12.04.2021 02:00:00;0;0;832;0;0;210.7;0;0;832;210.7;-621.3
12.04.2021 02:00:00;12.04.2021 03:00:00;0;0;773.1;0;0;244.1;0;0;773.1;244.1;-529
12.04.2021 03:00:00;12.04.2021 04:00:00;0;0;730.7;0;0;172.9;0;0;730.7;172.9;-557.8
12.04.2021 04:00:00;12.04.2021 05:00:00;0;0;704.7;0;0;84.5;0;0;704.7;84.5;-620.2
12.04.2021 05:00:00;12.04.2021 06:00:00;0;0;1000;0;0;0;90.4;0;1090.4;0;-1090.4
12.04.2021 06:00:00;12.04.2021 07:00:00;0;0;894.4;0;191.1;0;150;0;1235.5;0;-1235.5
12.04.2021 07:00:00;12.04.2021 08:00:00;0;0;937.7;0;5.6;0;150;0;1093.3;0;-1093.3
12.04.2021 08:00:00;12.04.2021 09:00:00;0;0;1000;0;0;0;37.9;0;1037.9;0;-1037.9
12.04.2021 09:00:00;12.04.2021 10:00:00;0;0;1000;0;0;0;2.3;0;1002.3;0;-1002.3
12.04.2021 10:00:00;12.04.2021 11:00:00;0;0;1000;0;0;0;4.7;0;1004.7;0;-1004.7
12.04.2021 11:00:00;12.04.2021 12:00:00;0;0;950.8;0;0;0;0;0;950.8;0;-950.8
12.04.2021 12:00:00;12.04.2021 13:00:00;0;0;957.8;0;0;0;0;0;957.8;0;-957.8
12.04.2021 13:00:00;12.04.2021 14:00:00;0;0;878.9;0;0;5.1;0;0;878.9;5.1;-873.8
12.04.2021 14:00:00;12.04.2021 15:00:00;0;0;853;0;0;18.5;0;0;853;18.5;-834.5
12.04.2021 15:00:00;12.04.2021 16:00:00;0;0;829.9;0;0;12.7;0;0;829.9;12.7;-817.2
12.04.2021 16:00:00;12.04.2021 17:00:00;0;0;815.2;0;0;35.3;0;0;815.2;35.3;-779.9
12.04.2021 17:00:00;12.04.2021 18:00:00;0;0;785.7;0;0;64.9;0;0;785.7;64.9;-720.8
12.04.2021 18:00:00;12.04.2021 19:00:00;0;0;839.4;0;0;0;53.3;0;892.7;0;-892.7
12.04.2021 19:00:00;12.04.2021 20:00:00;0;0;865.7;0;0;0;13.6;0;879.3;0;-879.3
12.04.2021 20:00:00;12.04.2021 21:00:00;0;0;937.1;0;0;64.7;0;0;937.1;64.7;-872.4
12.04.2021 21:00:00;12.04.2021 22:00:00;0;0;918;0;0;60.6;0;0;918;60.6;-857.4
12.04.2021 22:00:00;12.04.2021 23:00:00;0;0;848.9;0;0;36.6;0;0;848.9;36.6;-812.3
12.04.2021 23:00:00;13.04.2021 00:00:00;0;0;772.2;0;0;94.6;0;0;772.2;94.6;-677.6
13.04.2021 00:00:00;13.04.2021 01:00:00;0;0;934.7;0;0;154.9;0;0;934.7;154.9;-779.8
13.04.2021 01:00:00;13.04.2021 02:00:00;0;0;878.9;0;0;145.1;0;0;878.9;145.1;-733.8
13.04.2021 02:00:00;13.04.2021 03:00:00;0;0;855.6;0;0;150.2;0;0;855.6;150.2;-705.4
13.04.2021 03:00:00;13.04.2021 04:00:00;0;0;853.7;0;0;3.4;0;0;853.7;3.4;-850.3
13.04.2021 04:00:00;13.04.2021 05:00:00;0;0;838.6;0;0;0;42.6;0;881.2;0;-881.2
13.04.2021 05:00:00;13.04.2021 06:00:00;0;0;770;0;0;0;104.6;0;874.6;0;-874.6
13.04.2021 06:00:00;13.04.2021 07:00:00;0;0;982.2;0;0;245.9;0;0;982.2;245.9;-736.3
13.04.2021 07:00:00;13.04.2021 08:00:00;0;0;1000;0;0;206.9;0;0;1000;206.9;-793.1
13.04.2021 08:00:00;13.04.2021 09:00:00;0;0;1000;0;0;201.6;0;0;1000;201.6;-798.4
13.04.2021 09:00:00;13.04.2021 10:00:00;0;0;968.4;0;0;145.6;0;0;968.4;145.6;-822.8
13.04.2021 10:00:00;13.04.2021 11:00:00;0;0;914;0;0;37.8;0;0;914;37.8;-876.2
13.04.2021 11:00:00;13.04.2021 12:00:00;0;0;839.7;0;0;0;87;0;926.7;0;-926.7
13.04.2021 12:00:00;13.04.2021 13:00:00;0;0;836.3;0;0;0;150;0;986.3;0;-986.3
13.04.2021 13:00:00;13.04.2021 14:00:00;0;0;850.1;0;0;0;150;0;1000.1;0;-1000.1
13.04.2021 14:00:00;13.04.2021 15:00:00;0;0;870.3;0;1.3;0;150;0;1021.6;0;-1021.6
13.04.2021 15:00:00;13.04.2021 16:00:00;0;0;941.6;0;0;0;45.4;0;987;0;-987
13.04.2021 16:00:00;13.04.2021 17:00:00;0;0;949.1;0;0;0;52.2;0;1001.3;0;-1001.3
13.04.2021 17:00:00;13.04.2021 18:00:00;0;0;965.1;0;0;0;30.7;0;995.8;0;-995.8
13.04.2021 18:00:00;13.04.2021 19:00:00;0;0;939.6;0;0;0;57.9;0;997.5;0;-997.5
13.04.2021 19:00:00;13.04.2021 20:00:00;0;0;1000;0;0;0;31;0;1031;0;-1031
13.04.2021 20:00:00;13.04.2021 21:00:00;0;0;972.1;0;0;44;0;0;972.1;44;-928.1
13.04.2021 21:00:00;13.04.2021 22:00:00;0;0;996.1;0;0;41.1;0;0;996.1;41.1;-955
13.04.2021 22:00:00;13.04.2021 23:00:00;0;0;1000;0;0;52.8;0;0;1000;52.8;-947.2
13.04.2021 23:00:00;14.04.2021 00:00:00;0;0;1000;0;0;53.7;0;0;1000;53.7;-946.3
14.04.2021 00:00:00;14.04.2021 01:00:00;0;0;973.7;0;73.9;0;150;0;1197.6;0;-1197.6
14.04.2021 01:00:00;14.04.2021 02:00:00;0;0;989.6;0;82.4;0;150;0;1222;0;-1222
14.04.2021 02:00:00;14.04.2021 03:00:00;0;0;995.7;0;85.4;0;150;0;1231.1;0;-1231.1
14.04.2021 03:00:00;14.04.2021 04:00:00;0;0;1000;0;127.6;0;150;0;1277.6;0;-1277.6
14.04.2021 04:00:00;14.04.2021 05:00:00;0;0;1000;0;89.5;0;150;0;1239.5;0;-1239.5
14.04.2021 05:00:00;14.04.2021 06:00:00;0;0;1000;0;64.9;0;150;0;1214.9;0;-1214.9
14.04.2021 06:00:00;14.04.2021 07:00:00;0;0;1000;0;0;0;60.7;0;1060.7;0;-1060.7
14.04.2021 07:00:00;14.04.2021 08:00:00;0;0;1000;0;0;0;149.1;0;1149.1;0;-1149.1
14.04.2021 08:00:00;14.04.2021 09:00:00;0;0;1000;0;51.7;0;150;0;1201.7;0;-1201.7
14.04.2021 09:00:00;14.04.2021 10:00:00;0;0;1000;0;117;0;150;0;1267;0;-1267
14.04.2021 10:00:00;14.04.2021 11:00:00;0;0;1000;0;93.4;0;150;0;1243.4;0;-1243.4
14.04.2021 11:00:00;14.04.2021 12:00:00;0;0;1000;0;111.7;0;150;0;1261.7;0;-1261.7
14.04.2021 12:00:00;14.04.2021 13:00:00;0;0;1000;0;140.6;0;150;0;1290.6;0;-1290.6
14.04.2021 13:00:00;14.04.2021 14:00:00;0;0;1000;0;132.9;0;150;0;1282.9;0;-1282.9
14.04.2021 14:00:00;14.04.2021 15:00:00;0;0;1000;0;144.4;0;150;0;1294.4;0;-1294.4
14.04.2021 15:00:00;14.04.2021 16:00:00;0;0;1000;0;131.6;0;150;0;1281.6;0;-1281.6
14.04.2021 16:00:00;14.04.2021 17:00:00;0;0;1000;0;100.6;0;150;0;1250.6;0;-1250.6
14.04.2021 17:00:00;14.04.2021 18:00:00;0;0;1000;0;117.4;0;150;0;1267.4;0;-1267.4
14.04.2021 18:00:00;14.04.2021 19:00:00;0;0;1000;0;78.8;0;150;0;1228.8;0;-1228.8
14.04.2021 19:00:00;14.04.2021 20:00:00;0;0;1000;0;26.5;0;150;0;1176.5;0;-1176.5
14.04.2021 20:00:00;14.04.2021 21:00:00;0;0;978.7;0;0;0;135.3;0;1114;0;-1114
14.04.2021 21:00:00;14.04.2021 22:00:00;0;0;1000;0;0;0;115.5;0;1115.5;0;-1115.5
14.04.2021 22:00:00;14.04.2021 23:00:00;0;0;1000;0;0;0;82.4;0;1082.4;0;-1082.4
14.04.2021 23:00:00;15.04.2021 00:00:00;0;0;1000;0;0;0;44;0;1044;0;-1044
15.04.2021 00:00:00;15.04.2021 01:00:00;0;0;1000;0;200;0;150;0;1350;0;-1350
15.04.2021 01:00:00;15.04.2021 02:00:00;0;0;1000;0;200;0;150;0;1350;0;-1350
15.04.2021 02:00:00;15.04.2021 03:00:00;0;0;1000;0;200;0;150;0;1350;0;-1350
15.04.2021 03:00:00;15.04.2021 04:00:00;0;0;1000;0;200;0;150;0;1350;0;-1350
15.04.2021 04:00:00;15.04.2021 05:00:00;0;0;1000;0;200;0;150;0;1350;0;-1350
15.04.2021 05:00:00;15.04.2021 06:00:00;0;0;1000;0;200;0;150;0;1350;0;-1350
15.04.2021 06:00:00;15.04.2021 07:00:00;0;0;1000;0;163;0;150;0;1313;0;-1313
15.04.2021 07:00:00;15.04.2021 08:00:00;0;0;1000;0;116.3;0;150;0;1266.3;0;-1266.3
15.04.2021 08:00:00;15.04.2021 09:00:00;0;0;1000;0;29.5;0;150;0;1179.5;0;-1179.5
15.04.2021 09:00:00;15.04.2021 10:00:00;0;0;1000;0;68.2;0;150;0;1218.2;0;-1218.2
15.04.2021 10:00:00;15.04.2021 11:00:00;0;0;1000;0;116.3;0;150;0;1266.3;0;-1266.3
15.04.2021 11:00:00;15.04.2021 12:00:00;0;0;1000;0;149.2;0;150;0;1299.2;0;-1299.2
15.04.2021 12:00:00;15.04.2021 13:00:00;0;0;1000;0;185.9;0;150;0;1335.9;0;-1335.9
15.04.2021 13:00:00;15.04.2021 14:00:00;0;0;1000;0;198.4;0;150;0;1348.4;0;-1348.4
15.04.2021 14:00:00;15.04.2021 15:00:00;0;0;1000;0;200;0;150;0;1350;0;-1350
15.04.2021 15:00:00;15.04.2021 16:00:00;0;0;1000;0;200;0;150;0;1350;0;-1350
15.04.2021 16:00:00;15.04.2021 17:00:00;0;0;1000;0;200;0;150;0;1350;0;-1350
15.04.2021 17:00:00;15.04.2021 18:00:00;0;0;1000;0;200;0;150;0;1350;0;-1350
15.04.2021 18:00:00;15.04.2021 19:00:00;0;0;1000;0;200;0;150;0;1350;0;-1350
15.04.2021 19:00:00;15.04.2021 20:00:00;0;0;1000;0;172.9;0;150;0;1322.9;0;-1322.9
15.04.2021 20:00:00;15.04.2021 21:00:00;0;0;1000;0;124.6;0;150;0;1274.6;0;-1274.6
15.04.2021 21:00:00;15.04.2021 22:00:00;0;0;1000;0;116.3;0;150;0;1266.3;0;-1266.3
15.04.2021 22:00:00;15.04.2021 23:00:00;0;0;1000;0;149.8;0;150;0;1299.8;0;-1299.8
15.04.2021 23:00:00;16.04.2021 00:00:00;0;0;1000;0;200;0;150;0;1350;0;-1350
16.04.2021 00:00:00;16.04.2021 01:00:00;0;0;1000;0;200;0;150;0;1350;0;-1350
16.04.2021 01:00:00;16.04.2021 02:00:00;0;0;1000;0;200;0;150;0;1350;0;-1350
16.04.2021 02:00:00;16.04.2021 03:00:00;0;0;1000;0;200;0;150;0;1350;0;-1350
16.04.2021 03:00:00;16.04.2021 04:00:00;0;0;1000;0;200;0;150;0;1350;0;-1350
16.04.2021 04:00:00;16.04.2021 05:00:00;0;0;1000;0;200;0;150;0;1350;0;-1350
16.04.2021 05:00:00;16.04.2021 06:00:00;0;0;1000;0;200;0;150;0;1350;0;-1350
16.04.2021 06:00:00;16.04.2021 07:00:00;0;0;1000;0;200;0;150;0;1350;0;-1350
16.04.2021 07:00:00;16.04.2021 08:00:00;0;0;1000;0;197.7;0;150;0;1347.7;0;-1347.7
16.04.2021 08:00:00;16.04.2021 09:00:00;0;0;1000;0;174.2;0;150;0;1324.2;0;-1324.2
16.04.2021 09:00:00;16.04.2021 10:00:00;0;0;1000;0;169.4;0;150;0;1319.4;0;-1319.4
16.04.2021 10:00:00;16.04.2021 11:00:00;0;0;1000;0;192.3;0;150;0;1342.3;0;-1342.3
16.04.2021 11:00:00;16.04.2021 12:00:00;0;0;1000;0;200;0;150;0;1350;0;-1350
16.04.2021 12:00:00;16.04.2021 13:00:00;0;0;984.1;0;200;0;150;0;1334.1;0;-1334.1
16.04.2021 13:00:00;16.04.2021 14:00:00;0;0;1000;0;200;0;150;0;1350;0;-1350
16.04.2021 14:00:00;16.04.2021 15:00:00;0;0;1000;0;200;0;150;0;1350;0;-1350
16.04.2021 15:00:00;16.04.2021 16:00:00;0;0;1000;0;200;0;150;0;1350;0;-1350
16.04.2021 16:00:00;16.04.2021 17:00:00;0;0;1000;0;200;0;150;0;1350;0;-1350
16.04.2021 17:00:00;16.04.2021 18:00:00;0;0;1000;0;200;0;150;0;1350;0;-1350
16.04.2021 18:00:00;16.04.2021 19:00:00;0;0;1000;0;200;0;150;0;1350;0;-1350
16.04.2021 19:00:00;16.04.2021 20:00:00;0;0;1000;0;200;0;150;0;1350;0;-1350
16.04.2021 20:00:00;16.04.2021 21:00:00;0;0;1000;0;200;0;150;0;1350;0;-1350
16.04.2021 21:00:00;16.04.2021 22:00:00;0;0;1000;0;200;0;150;0;1350;0;-1350
16.04.2021 22:00:00;16.04.2021 23:00:00;0;0;1000;0;200;0;150;0;1350;0;-1350
16.04.2021 23:00:00;17.04.2021 00:00:00;0;0;1000;0;200;0;150;0;1350;0;-1350
17.04.2021 00:00:00;17.04.2021 01:00:00;0;0;1000;0;200;0;150;0;1350;0;-1350
17.04.2021 01:00:00;17.04.2021 02:00:00;0;0;1000;0;200;0;150;0;1350;0;-1350
17.04.2021 02:00:00;17.04.2021 03:00:00;0;0;1000;0;200;0;150;0;1350;0;-1350
17.04.2021 03:00:00;17.04.2021 04:00:00;0;0;1000;0;200;0;150;0;1350;0;-1350
17.04.2021 04:00:00;17.04.2021 05:00:00;0;0;1000;0;200;0;150;0;1350;0;-1350
17.04.2021 05:00:00;17.04.2021 06:00:00;0;0;1000;0;200;0;150;0;1350;0;-1350
17.04.2021 06:00:00;17.04.2021 07:00:00;0;0;1000;0;197.1;0;150;0;1347.1;0;-1347.1
17.04.2021 07:00:00;17.04.2021 08:00:00;0;0;1000;0;200;0;150;0;1350;0;-1350
17.04.2021 08:00:00;17.04.2021 09:00:00;0;0;1000;0;200;0;150;0;1350;0;-1350
17.04.2021 09:00:00;17.04.2021 10:00:00;0;0;1000;0;200;0;150;0;1350;0;-1350
17.04.2021 10:00:00;17.04.2021 11:00:00;0;0;1000;0;178.4;0;150;0;1328.4;0;-1328.4
17.04.2021 11:00:00;17.04.2021 12:00:00;0;0;1000;0;192.4;0;150;0;1342.4;0;-1342.4
17.04.2021 12:00:00;17.04.2021 13:00:00;0;0;1000;0;185.8;0;150;0;1335.8;0;-1335.8
17.04.2021 13:00:00;17.04.2021 14:00:00;0;0;1000;0;177.4;0;150;0;1327.4;0;-1327.4
17.04.2021 14:00:00;17.04.2021 15:00:00;0;0;1000;0;149.2;0;150;0;1299.2;0;-1299.2
17.04.2021 15:00:00;17.04.2021 16:00:00;0;0;1000;0;192.7;0;150;0;1342.7;0;-1342.7
17.04.2021 16:00:00;17.04.2021 17:00:00;0;0;1000;0;200;0;150;0;1350;0;-1350
17.04.2021 17:00:00;17.04.2021 18:00:00;0;0;1000;0;200;0;150;0;1350;0;-1350
17.04.2021 18:00:00;17.04.2021 19:00:00;0;0;1000;0;200;0;150;0;1350;0;-1350
17.04.2021 19:00:00;17.04.2021 20:00:00;0;0;1000;0;200;0;150;0;1350;0;-1350
17.04.2021 20:00:00;17.04.2021 21:00:00;0;0;1000;0;200;0;150;0;1350;0;-1350
17.04.2021 21:00:00;17.04.2021 22:00:00;0;0;1000;0;200;0;150;0;1350;0;-1350
17.04.2021 22:00:00;17.04.2021 23:00:00;0;0;1000;0;200;0;150;0;1350;0;-1350
17.04.2021 23:00:00;18.04.2021 00:00:00;0;0;1000;0;200;0;150;0;1350;0;-1350
18.04.2021 00:00:00;18.04.2021 01:00:00;0;0;1000;0;174;0;150;0;1324;0;-1324
18.04.2021 01:00:00;18.04.2021 02:00:00;0;0;1000;0;200;0;65.1;0;1265.1;0;-1265.1
18.04.2021 02:00:00;18.04.2021 03:00:00;0;0;1000;0;200;0;18.3;0;1218.3;0;-1218.3
18.04.2021 03:00:00;18.04.2021 04:00:00;0;0;1000;0;200;0;40.9;0;1240.9;0;-1240.9
18.04.2021 04:00:00;18.04.2021 05:00:00;0;0;1000;0;200;0;59.6;0;1259.6;0;-1259.6
18.04.2021 05:00:00;18.04.2021 06:00:00;0;0;1000;0;200;0;91.9;0;1291.9;0;-1291.9
18.04.2021 06:00:00;18.04.2021 07:00:00;0;0;981.8;0;187.4;0;125;0;1294.2;0;-1294.2
18.04.2021 07:00:00;18.04.2021 08:00:00;0;0;950.7;0;190.9;0;150;0;1291.6;0;-1291.6
18.04.2021 08:00:00;18.04.2021 09:00:00;0;0;975;0;200;0;150;0;1325;0;-1325
18.04.2021 09:00:00;18.04.2021 10:00:00;0;0;976.1;0;200;0;150;0;1326.1;0;-1326.1
18.04.2021 10:00:00;18.04.2021 11:00:00;0;0;973.7;0;200;0;150;0;1323.7;0;-1323.7
18.04.2021 11:00:00;18.04.2021 12:00:00;0;0;1000;0;115.3;0;150;0;1265.3;0;-1265.3
18.04.2021 12:00:00;18.04.2021 13:00:00;0;0;1000;0;117.8;0;150;0;1267.8;0;-1267.8
18.04.2021 13:00:00;18.04.2021 14:00:00;0;0;1000;0;73.2;0;150;0;1223.2;0;-1223.2
18.04.2021 14:00:00;18.04.2021 15:00:00;0;0;1000;0;132;0;71.6;0;1203.6;0;-1203.6
18.04.2021 15:00:00;18.04.2021 16:00:00;0;0;991.1;0;191.1;0;3.9;0;1186.1;0;-1186.1
18.04.2021 16:00:00;18.04.2021 17:00:00;0;0;980.2;0;131.1;0;150;0;1261.3;0;-1261.3
18.04.2021 17:00:00;18.04.2021 18:00:00;0;0;969.9;0;200;0;150;0;1319.9;0;-1319.9
18.04.2021 18:00:00;18.04.2021 19:00:00;0;0;969.9;0;200;0;150;0;1319.9;0;-1319.9
18.04.2021 19:00:00;18.04.2021 20:00:00;0;0;958.6;0;160.4;0;150;0;1269;0;-1269
18.04.2021 20:00:00;18.04.2021 21:00:00;0;0;1000;0;21.3;0;150;0;1171.3;0;-1171.3
18.04.2021 21:00:00;18.04.2021 22:00:00;0;0;1000;0;30.3;0;150;0;1180.3;0;-1180.3
18.04.2021 22:00:00;18.04.2021 23:00:00;0;0;1000;0;13.7;0;150;0;1163.7;0;-1163.7
18.04.2021 23:00:00;19.04.2021 00:00:00;0;0;1000;0;0;0;11.4;0;1011.4;0;-1011.4
19.04.2021 00:00:00;19.04.2021 01:00:00;0;0;906.8;0;0;600;0;151.5;906.8;751.5;-155.3
19.04.2021 01:00:00;19.04.2021 02:00:00;0;0;810.1;0;0;569.7;0;0;810.1;569.7;-240.4
19.04.2021 02:00:00;19.04.2021 03:00:00;0;0;855.4;0;0;600;0;30.5;855.4;630.5;-224.9
19.04.2021 03:00:00;19.04.2021 04:00:00;0;0;820.3;0;0;322.8;0;0;820.3;322.8;-497.5
19.04.2021 04:00:00;19.04.2021 05:00:00;0;0;905.7;0;0;0;0;0;905.7;0;-905.7
19.04.2021 05:00:00;19.04.2021 06:00:00;0;0;1000;0;200;0;150;0;1350;0;-1350
19.04.2021 06:00:00;19.04.2021 07:00:00;0;0;1000;0;200;0;150;0;1350;0;-1350
19.04.2021 07:00:00;19.04.2021 08:00:00;0;0;1000;0;200;0;150;0;1350;0;-1350
19.04.2021 08:00:00;19.04.2021 09:00:00;0;0;1000;0;200;0;150;0;1350;0;-1350
19.04.2021 09:00:00;19.04.2021 10:00:00;0;0;1000;0;200;0;150;0;1350;0;-1350
19.04.2021 10:00:00;19.04.2021 11:00:00;0;0;1000;0;200;0;150;0;1350;0;-1350
19.04.2021 11:00:00;19.04.2021 12:00:00;0;0;1000;0;200;0;150;0;1350;0;-1350
19.04.2021 12:00:00;19.04.2021 13:00:00;0;0;1000;0;200;0;150;0;1350;0;-1350
19.04.2021 13:00:00;19.04.2021 14:00:00;0;0;1000;0;200;0;150;0;1350;0;-1350
19.04.2021 14:00:00;19.04.2021 15:00:00;0;0;1000;0;200;0;150;0;1350;0;-1350
19.04.2021 15:00:00;19.04.2021 16:00:00;0;0;1000;0;200;0;150;0;1350;0;-1350
19.04.2021 16:00:00;19.04.2021 17:00:00;0;0;1000;0;200;0;150;0;1350;0;-1350
19.04.2021 17:00:00;19.04.2021 18:00:00;0;0;1000;0;200;0;150;0;1350;0;-1350
19.04.2021 18:00:00;19.04.2021 19:00:00;0;0;1000;0;200;0;150;0;1350;0;-1350
19.04.2021 19:00:00;19.04.2021 20:00:00;0;0;1000;0;166.1;0;150;0;1316.1;0;-1316.1
19.04.2021 20:00:00;19.04.2021 21:00:00;0;0;1000;0;90.9;0;150;0;1240.9;0;-1240.9
19.04.2021 21:00:00;19.04.2021 22:00:00;0;0;1000;0;74.4;0;150;0;1224.4;0;-1224.4
19.04.2021 22:00:00;19.04.2021 23:00:00;0;0;1000;0;27.6;0;150;0;1177.6;0;-1177.6
19.04.2021 23:00:00;20.04.2021 00:00:00;0;0;672.2;0;0;81.7;0;0;672.2;81.7;-590.5
20.04.2021 00:00:00;20.04.2021 01:00:00;0;0;794.7;0;0;0;0;0;794.7;0;-794.7
20.04.2021 01:00:00;20.04.2021 02:00:00;0;0;706.5;0;0;0;0;0;706.5;0;-706.5
20.04.2021 02:00:00;20.04.2021 03:00:00;0;0;675.8;0;0;6.8;0;0;675.8;6.8;-669
20.04.2021 03:00:00;20.04.2021 04:00:00;0;0;884.7;0;0;0;24.2;0;908.9;0;-908.9
20.04.2021 04:00:00;20.04.2021 05:00:00;0;0;894.2;0;103;0;150;0;1147.2;0;-1147.2
20.04.2021 05:00:00;20.04.2021 06:00:00;0;0;912.1;0;168;0;150;0;1230.1;0;-1230.1
20.04.2021 06:00:00;20.04.2021 07:00:00;0;0;1000;0;171.5;0;150;0;1321.5;0;-1321.5
20.04.2021 07:00:00;20.04.2021 08:00:00;0;0;1000;0;200;0;150;0;1350;0;-1350
20.04.2021 08:00:00;20.04.2021 09:00:00;0;0;979.2;0;200;0;150;0;1329.2;0;-1329.2
20.04.2021 09:00:00;20.04.2021 10:00:00;0;0;1000;0;200;0;150;0;1350;0;-1350
20.04.2021 10:00:00;20.04.2021 11:00:00;0;0;1000;0;200;0;150;0;1350;0;-1350
20.04.2021 11:00:00;20.04.2021 12:00:00;0;0;1000;0;200;0;150;0;1350;0;-1350
20.04.2021 12:00:00;20.04.2021 13:00:00;0;0;1000;0;200;0;150;0;1350;0;-1350
20.04.2021 13:00:00;20.04.2021 14:00:00;0;0;1000;0;200;0;150;0;1350;0;-1350
20.04.2021 14:00:00;20.04.2021 15:00:00;0;0;1000;0;193.4;0;150;0;1343.4;0;-1343.4
20.04.2021 15:00:00;20.04.2021 16:00:00;0;0;944.6;0;162.7;0;150;0;1257.3;0;-1257.3
20.04.2021 16:00:00;20.04.2021 17:00:00;0;0;866.9;0;121.4;0;150;0;1138.3;0;-1138.3
20.04.2021 17:00:00;20.04.2021 18:00:00;0;0;893.3;0;127.2;0;150;0;1170.5;0;-1170.5
20.04.2021 18:00:00;20.04.2021 19:00:00;0;0;1000;0;89.3;0;150;0;1239.3;0;-1239.3
20.04.2021 19:00:00;20.04.2021 20:00:00;0;0;1000;0;46.6;0;150;0;1196.6;0;-1196.6
20.04.2021 20:00:00;20.04.2021 21:00:00;0;0;1000;0;0;0;48.5;0;1048.5;0;-1048.5
20.04.2021 21:00:00;20.04.2021 22:00:00;0;0;884.6;0;0;600;0;31.9;884.6;631.9;-252.7
20.04.2021 22:00:00;20.04.2021 23:00:00;0;0;881.8;0;0;600;0;250;881.8;850;-31.8
20.04.2021 23:00:00;21.04.2021 00:00:00;0;0;827.4;0;0;600;0;250;827.4;850;22.6
21.04.2021 00:00:00;21.04.2021 01:00:00;0;0;826.1;0;0;600;0;250;826.1;850;23.9
21.04.2021 01:00:00;21.04.2021 02:00:00;0;0;832;0;0;600;0;250;832;850;18
21.04.2021 02:00:00;21.04.2021 03:00:00;0;0;849.5;0;0;600;0;250;849.5;850;0.5
21.04.2021 03:00:00;21.04.2021 04:00:00;0;0;882.6;0;0;600;0;250;882.6;850;-32.6
21.04.2021 04:00:00;21.04.2021 05:00:00;0;0;811.5;0;0;177.1;0;250;811.5;427.1;-384.4
21.04.2021 05:00:00;21.04.2021 06:00:00;0;0;1000;0;10.5;0;150;0;1160.5;0;-1160.5
21.04.2021 06:00:00;21.04.2021 07:00:00;0;0;913.2;0;169;0;150;0;1232.2;0;-1232.2
21.04.2021 07:00:00;21.04.2021 08:00:00;0;0;1000;0;376.4;0;150;0;1526.4;0;-1526.4
21.04.2021 08:00:00;21.04.2021 09:00:00;0;0;1000;0;396.6;0;150;0;1546.6;0;-1546.6
21.04.2021 09:00:00;21.04.2021 10:00:00;0;0;1000;0;395.6;0;150;0;1545.6;0;-1545.6
21.04.2021 10:00:00;21.04.2021 11:00:00;0;0;995.1;0;337.2;0;150;0;1482.3;0;-1482.3
21.04.2021 11:00:00;21.04.2021 12:00:00;0;0;942.6;0;395.1;0;150;0;1487.7;0;-1487.7
21.04.2021 12:00:00;21.04.2021 13:00:00;0;0;876.6;0;472.6;0;150;0;1499.2;0;-1499.2
21.04.2021 13:00:00;21.04.2021 14:00:00;0;0;756;0;445.1;0;150;0;1351.1;0;-1351.1
21.04.2021 14:00:00;21.04.2021 15:00:00;0;0;659.1;0;472;0;150;0;1281.1;0;-1281.1
21.04.2021 15:00:00;21.04.2021 16:00:00;0;0;586.3;0;497.2;0;150;0;1233.5;0;-1233.5
21.04.2021 16:00:00;21.04.2021 17:00:00;0;0;522.2;0;540.8;0;101.3;0;1164.3;0;-1164.3
21.04.2021 17:00:00;21.04.2021 18:00:00;0;0;541.9;0;557.5;0;0;0;1099.4;0;-1099.4
21.04.2021 18:00:00;21.04.2021 19:00:00;0;0;617.4;0;473.6;0;26;0;1117;0;-1117
21.04.2021 19:00:00;21.04.2021 20:00:00;0;0;662.9;0;399.5;0;0;0;1062.4;0;-1062.4
21.04.2021 20:00:00;21.04.2021 21:00:00;0;0;708.9;0;248.1;0;0;0;957;0;-957
21.04.2021 21:00:00;21.04.2021 22:00:00;0;0;758.2;0;156.3;0;0;115.8;914.5;115.8;-798.7
21.04.2021 22:00:00;21.04.2021 23:00:00;0;0;913.6;0;0;278.2;0;250;913.6;528.2;-385.4
21.04.2021 23:00:00;22.04.2021 00:00:00;0;0;849.2;0;0;37.7;0;250;849.2;287.7;-561.5
22.04.2021 00:00:00;22.04.2021 01:00:00;0;0;959.3;0;0;600;0;250;959.3;850;-109.3
22.04.2021 01:00:00;22.04.2021 02:00:00;0;0;907.1;0;0;600;0;250;907.1;850;-57.1
22.04.2021 02:00:00;22.04.2021 03:00:00;0;0;834.2;0;0;600;0;250;834.2;850;15.8
22.04.2021 03:00:00;22.04.2021 04:00:00;0;0;756.2;0;0;600;0;250;756.2;850;93.8
22.04.2021 04:00:00;22.04.2021 05:00:00;0;0;619.5;0;0;600;0;250;619.5;850;230.5
22.04.2021 05:00:00;22.04.2021 06:00:00;0;0;554.7;0;0;600;0;250;554.7;850;295.3
22.04.2021 06:00:00;22.04.2021 07:00:00;0;0;557.5;0;0;342.7;0;250;557.5;592.7;35.2
22.04.2021 07:00:00;22.04.2021 08:00:00;0;0;621.9;0;0;357.9;0;250;621.9;607.9;-14
22.04.2021 08:00:00;22.04.2021 09:00:00;0;0;680.5;0;0;308.7;0;193.6;680.5;502.3;-178.2
22.04.2021 09:00:00;22.04.2021 10:00:00;0;0;659.4;0;0;234.3;0;222.4;659.4;456.7;-202.7
22.04.2021 10:00:00;22.04.2021 11:00:00;0;0;580.6;0;0;176.5;0;176.6;580.6;353.1;-227.5
22.04.2021 11:00:00;22.04.2021 12:00:00;0;0;445.9;0;0;64.6;0;181.2;445.9;245.8;-200.1
22.04.2021 12:00:00;22.04.2021 13:00:00;0;0;342.6;0;0;40.7;0;250;342.6;290.7;-51.9
22.04.2021 13:00:00;22.04.2021 14:00:00;0;0;287.9;0;24;0;0;250;311.9;250;-61.9
22.04.2021 14:00:00;22.04.2021 15:00:00;0;0;331.4;0;0;273.3;0;250;331.4;523.3;191.9
22.04.2021 15:00:00;22.04.2021 16:00:00;0;0;300.8;0;0;307.7;0;250;300.8;557.7;256.9
22.04.2021 16:00:00;22.04.2021 17:00:00;0;0;262.9;0;0;105.1;0;250;262.9;355.1;92.2
22.04.2021 17:00:00;22.04.2021 18:00:00;0;0;526.5;0;140.2;0;150;0;816.7;0;-816.7
22.04.2021 18:00:00;22.04.2021 19:00:00;0;0;564.5;0;0;0;9.1;0;573.6;0;-573.6
22.04.2021 19:00:00;22.04.2021 20:00:00;0;0;606.7;0;0;0;0;0;606.7;0;-606.7
22.04.2021 20:00:00;22.04.2021 21:00:00;0;0;564.3;0;0;0;0;0;564.3;0;-564.3
22.04.2021 21:00:00;22.04.2021 22:00:00;0;0;540.5;0;0;200.3;0;23.3;540.5;223.6;-316.9
22.04.2021 22:00:00;22.04.2021 23:00:00;0;0;603;0;0;242.2;0;98.6;603;340.8;-262.2
22.04.2021 23:00:00;23.04.2021 00:00:00;0;0;649.6;0;0;411.1;0;250;649.6;661.1;11.5
23.04.2021 00:00:00;23.04.2021 01:00:00;0;0;817.7;0;0;600;0;250;817.7;850;32.3
23.04.2021 01:00:00;23.04.2021 02:00:00;0;0;852.6;0;0;600;0;250;852.6;850;-2.6
23.04.2021 02:00:00;23.04.2021 03:00:00;0;0;902.2;0;0;600;0;250;902.2;850;-52.2
23.04.2021 03:00:00;23.04.2021 04:00:00;0;0;948.8;0;0;600;0;250;948.8;850;-98.8
23.04.2021 04:00:00;23.04.2021 05:00:00;0;0;982.1;0;0;600;0;250;982.1;850;-132.1
23.04.2021 05:00:00;23.04.2021 06:00:00;0;0;1000;0;0;600;0;250;1000;850;-150
23.04.2021 06:00:00;23.04.2021 07:00:00;0;0;1000;0;0;600;0;250;1000;850;-150
23.04.2021 07:00:00;23.04.2021 08:00:00;0;0;1000;0;0;600;0;221.9;1000;821.9;-178.1
23.04.2021 08:00:00;23.04.2021 09:00:00;0;0;1000;0;0;600;0;210.2;1000;810.2;-189.8
23.04.2021 09:00:00;23.04.2021 10:00:00;0;0;1000;0;0;600;0;244.9;1000;844.9;-155.1
23.04.2021 10:00:00;23.04.2021 11:00:00;0;0;1000;0;0;600;0;250;1000;850;-150
23.04.2021 11:00:00;23.04.2021 12:00:00;0;0;1000;0;0;600;0;250;1000;850;-150
23.04.2021 12:00:00;23.04.2021 13:00:00;0;0;1000;0;0;600;0;250;1000;850;-150
23.04.2021 13:00:00;23.04.2021 14:00:00;0;0;1000;0;0;600;0;250;1000;850;-150
23.04.2021 14:00:00;23.04.2021 15:00:00;0;0;1000;0;0;600;0;250;1000;850;-150
23.04.2021 15:00:00;23.04.2021 16:00:00;0;0;921.5;0;0;600;0;250;921.5;850;-71.5
23.04.2021 16:00:00;23.04.2021 17:00:00;0;0;891.2;0;0;600;0;250;891.2;850;-41.2
23.04.2021 17:00:00;23.04.2021 18:00:00;0;0;845;0;0;600;0;250;845;850;5
23.04.2021 18:00:00;23.04.2021 19:00:00;0;0;891.6;0;0;600;0;250;891.6;850;-41.6
23.04.2021 19:00:00;23.04.2021 20:00:00;0;0;913.8;0;0;600;0;177.4;913.8;777.4;-136.4
23.04.2021 20:00:00;23.04.2021 21:00:00;0;0;980.8;0;0;600;0;250;980.8;850;-130.8
23.04.2021 21:00:00;23.04.2021 22:00:00;0;0;1000;0;0;600;0;250;1000;850;-150
23.04.2021 22:00:00;23.04.2021 23:00:00;0;0;993.1;0;0;600;0;250;993.1;850;-143.1
23.04.2021 23:00:00;24.04.2021 00:00:00;0;0;976.4;0;0;600;0;250;976.4;850;-126.4
24.04.2021 00:00:00;24.04.2021 01:00:00;0;0;883.6;0;0;600;0;250;883.6;850;-33.6
24.04.2021 01:00:00;24.04.2021 02:00:00;0;0;783.3;0;0;600;0;250;783.3;850;66.7
24.04.2021 02:00:00;24.04.2021 03:00:00;0;0;775.3;0;0;600;0;250;775.3;850;74.7
24.04.2021 03:00:00;24.04.2021 04:00:00;0;0;766.7;0;0;600;0;250;766.7;850;83.3
24.04.2021 04:00:00;24.04.2021 05:00:00;0;0;781.6;0;0;600;0;250;781.6;850;68.4
24.04.2021 05:00:00;24.04.2021 06:00:00;0;0;811.3;0;0;600;0;250;811.3;850;38.7
24.04.2021 06:00:00;24.04.2021 07:00:00;0;0;889.4;0;0;600;0;250;889.4;850;-39.4
24.04.2021 07:00:00;24.04.2021 08:00:00;0;0;961.2;0;0;600;0;250;961.2;850;-111.2
24.04.2021 08:00:00;24.04.2021 09:00:00;0;0;1000;0;0;600;0;250;1000;850;-150
24.04.2021 09:00:00;24.04.2021 10:00:00;0;0;1000;0;0;600;0;250;1000;850;-150
24.04.2021 10:00:00;24.04.2021 11:00:00;0;0;1000;0;0;600;0;250;1000;850;-150
24.04.2021 11:00:00;24.04.2021 12:00:00;0;0;1000;0;0;600;0;250;1000;850;-150
24.04.2021 12:00:00;24.04.2021 13:00:00;0;0;1000;0;0;600;0;250;1000;850;-150
24.04.2021 13:00:00;24.04.2021 14:00:00;0;0;1000;0;0;600;0;250;1000;850;-150
24.04.2021 14:00:00;24.04.2021 15:00:00;0;0;1000;0;0;600;0;250;1000;850;-150
24.04.2021 15:00:00;24.04.2021 16:00:00;0;0;962.8;0;0;600;0;250;962.8;850;-112.8
24.04.2021 16:00:00;24.04.2021 17:00:00;0;0;932.2;0;0;600;0;250;932.2;850;-82.2
24.04.2021 17:00:00;24.04.2021 18:00:00;0;0;944.7;0;0;600;0;250;944.7;850;-94.7
24.04.2021 18:00:00;24.04.2021 19:00:00;0;0;931.5;0;0;352.3;0;250;931.5;602.3;-329.2
24.04.2021 19:00:00;24.04.2021 20:00:00;0;0;961;0;0;392.9;0;250;961;642.9;-318.1
24.04.2021 20:00:00;24.04.2021 21:00:00;0;0;1000;0;0;437.1;0;250;1000;687.1;-312.9
24.04.2021 21:00:00;24.04.2021 22:00:00;0;0;1000;0;0;458.8;0;250;1000;708.8;-291.2
24.04.2021 22:00:00;24.04.2021 23:00:00;0;0;1000;0;0;600;0;250;1000;850;-150
24.04.2021 23:00:00;25.04.2021 00:00:00;0;0;1000;0;0;600;0;250;1000;850;-150
25.04.2021 00:00:00;25.04.2021 01:00:00;0;0;1000;0;0;600;0;250;1000;850;-150
25.04.2021 01:00:00;25.04.2021 02:00:00;0;0;1000;0;0;600;0;250;1000;850;-150
25.04.2021 02:00:00;25.04.2021 03:00:00;0;0;1000;0;0;600;0;250;1000;850;-150
25.04.2021 03:00:00;25.04.2021 04:00:00;0;0;1000;0;0;600;0;250;1000;850;-150
25.04.2021 04:00:00;25.04.2021 05:00:00;0;0;1000;0;0;600;0;250;1000;850;-150
25.04.2021 05:00:00;25.04.2021 06:00:00;0;0;1000;0;0;600;0;250;1000;850;-150
25.04.2021 06:00:00;25.04.2021 07:00:00;0;0;1000;0;0;600;0;250;1000;850;-150
25.04.2021 07:00:00;25.04.2021 08:00:00;0;0;1000;0;0;600;0;250;1000;850;-150
25.04.2021 08:00:00;25.04.2021 09:00:00;0;0;1000;0;0;600;0;250;1000;850;-150
25.04.2021 09:00:00;25.04.2021 10:00:00;0;0;1000;0;0;600;0;250;1000;850;-150
25.04.2021 10:00:00;25.04.2021 11:00:00;0;0;1000;0;0;600;0;250;1000;850;-150
25.04.2021 11:00:00;25.04.2021 12:00:00;0;0;1000;0;0;600;0;250;1000;850;-150
25.04.2021 12:00:00;25.04.2021 13:00:00;0;0;1000;0;0;600;0;250;1000;850;-150
25.04.2021 13:00:00;25.04.2021 14:00:00;0;0;1000;0;0;600;0;250;1000;850;-150
25.04.2021 14:00:00;25.04.2021 15:00:00;0;0;1000;0;0;600;0;250;1000;850;-150
25.04.2021 15:00:00;25.04.2021 16:00:00;0;0;1000;0;0;600;0;250;1000;850;-150
25.04.2021 16:00:00;25.04.2021 17:00:00;0;0;1000;0;0;600;0;250;1000;850;-150
25.04.2021 17:00:00;25.04.2021 18:00:00;0;0;1000;0;0;600;0;250;1000;850;-150
25.04.2021 18:00:00;25.04.2021 19:00:00;0;0;1000;0;0;351.6;0;0;1000;351.6;-648.4
25.04.2021 19:00:00;25.04.2021 20:00:00;0;0;1000;0;0;73.9;0;0;1000;73.9;-926.1
25.04.2021 20:00:00;25.04.2021 21:00:00;0;0;1000;0;0;6.7;0;0;1000;6.7;-993.3
25.04.2021 21:00:00;25.04.2021 22:00:00;0;0;1000;0;0;28.6;0;0;1000;28.6;-971.4
25.04.2021 22:00:00;25.04.2021 23:00:00;0;0;1000;0;0;210.7;0;0;1000;210.7;-789.3
25.04.2021 23:00:00;26.04.2021 00:00:00;0;0;1000;0;0;319.1;0;79.5;1000;398.6;-601.4
26.04.2021 00:00:00;26.04.2021 01:00:00;0;0;700;0;0;300;0;37;700;337;-363
26.04.2021 01:00:00;26.04.2021 02:00:00;0;0;700;0;0;300;0;132.4;700;432.4;-267.6
26.04.2021 02:00:00;26.04.2021 03:00:00;0;0;700;0;0;300;0;150;700;450;-250
26.04.2021 03:00:00;26.04.2021 04:00:00;0;0;700;0;0;300;0;68.2;700;368.2;-331.8
26.04.2021 04:00:00;26.04.2021 05:00:00;0;0;700;0;0;192.5;0;0;700;192.5;-507.5
26.04.2021 05:00:00;26.04.2021 06:00:00;0;0;700;0;354.8;0;150;0;1204.8;0;-1204.8
26.04.2021 06:00:00;26.04.2021 07:00:00;0;0;700;0;473.6;0;150;0;1323.6;0;-1323.6
26.04.2021 07:00:00;26.04.2021 08:00:00;0;0;700;0;478.6;0;150;0;1328.6;0;-1328.6
26.04.2021 08:00:00;26.04.2021 09:00:00;0;0;700;0;430.4;0;150;0;1280.4;0;-1280.4
26.04.2021 09:00:00;26.04.2021 10:00:00;0;0;700;0;405.9;0;150;0;1255.9;0;-1255.9
26.04.2021 10:00:00;26.04.2021 11:00:00;0;0;700;0;406.3;0;150;0;1256.3;0;-1256.3
26.04.2021 11:00:00;26.04.2021 12:00:00;0;0;700;0;402.4;0;150;0;1252.4;0;-1252.4
26.04.2021 12:00:00;26.04.2021 13:00:00;0;0;700;0;423.8;0;150;0;1273.8;0;-1273.8
26.04.2021 13:00:00;26.04.2021 14:00:00;0;0;700;0;446.8;0;150;0;1296.8;0;-1296.8
26.04.2021 14:00:00;26.04.2021 15:00:00;0;0;700;0;461;0;150;0;1311;0;-1311
26.04.2021 15:00:00;26.04.2021 16:00:00;0;0;700;0;467.6;0;150;0;1317.6;0;-1317.6
26.04.2021 16:00:00;26.04.2021 17:00:00;0;0;700;0;498.3;0;150;0;1348.3;0;-1348.3
26.04.2021 17:00:00;26.04.2021 18:00:00;0;0;700;0;522.1;0;150;0;1372.1;0;-1372.1
26.04.2021 18:00:00;26.04.2021 19:00:00;0;0;700;0;530.2;0;150;0;1380.2;0;-1380.2
26.04.2021 19:00:00;26.04.2021 20:00:00;0;0;700;0;554.5;0;150;0;1404.5;0;-1404.5
26.04.2021 20:00:00;26.04.2021 21:00:00;0;0;700;0;557.4;0;150;0;1407.4;0;-1407.4
26.04.2021 21:00:00;26.04.2021 22:00:00;0;0;700;0;502.4;0;150;0;1352.4;0;-1352.4
26.04.2021 22:00:00;26.04.2021 23:00:00;0;0;700;0;510.9;0;150;0;1360.9;0;-1360.9
26.04.2021 23:00:00;27.04.2021 00:00:00;0;0;700;0;538.9;0;150;0;1388.9;0;-1388.9
27.04.2021 00:00:00;27.04.2021 01:00:00;0;0;700;0;622.8;0;150;0;1472.8;0;-1472.8
27.04.2021 01:00:00;27.04.2021 02:00:00;0;0;700;0;643.7;0;150;0;1493.7;0;-1493.7
27.04.2021 02:00:00;27.04.2021 03:00:00;0;0;700;0;647.7;0;150;0;1497.7;0;-1497.7
27.04.2021 03:00:00;27.04.2021 04:00:00;0;0;700;0;637.6;0;150;0;1487.6;0;-1487.6
27.04.2021 04:00:00;27.04.2021 05:00:00;0;0;700;0;641.4;0;150;0;1491.4;0;-1491.4
27.04.2021 05:00:00;27.04.2021 06:00:00;0;0;700;0;620.4;0;150;0;1470.4;0;-1470.4
27.04.2021 06:00:00;27.04.2021 07:00:00;0;0;700;0;608.5;0;150;0;1458.5;0;-1458.5
27.04.2021 07:00:00;27.04.2021 08:00:00;0;0;800;0;452.6;0;150;0;1402.6;0;-1402.6
27.04.2021 08:00:00;27.04.2021 09:00:00;0;0;800;0;388.6;0;150;0;1338.6;0;-1338.6
27.04.2021 09:00:00;27.04.2021 10:00:00;0;0;800;0;384.8;0;150;0;1334.8;0;-1334.8
27.04.2021 10:00:00;27.04.2021 11:00:00;0;0;800;0;405.9;0;150;0;1355.9;0;-1355.9
27.04.2021 11:00:00;27.04.2021 12:00:00;0;0;800;0;371.9;0;150;0;1321.9;0;-1321.9
27.04.2021 12:00:00;27.04.2021 13:00:00;0;0;800;0;349.6;0;150;0;1299.6;0;-1299.6
27.04.2021 13:00:00;27.04.2021 14:00:00;0;0;800;0;360.1;0;150;0;1310.1;0;-1310.1
27.04.2021 14:00:00;27.04.2021 15:00:00;0;0;800;0;384.6;0;150;0;1334.6;0;-1334.6
27.04.2021 15:00:00;27.04.2021 16:00:00;0;0;800;0;401.7;0;150;0;1351.7;0;-1351.7
27.04.2021 16:00:00;27.04.2021 17:00:00;0;0;800;0;437.8;0;150;0;1387.8;0;-1387.8
27.04.2021 17:00:00;27.04.2021 18:00:00;0;0;800;0;444.2;0;150;0;1394.2;0;-1394.2
27.04.2021 18:00:00;27.04.2021 19:00:00;0;0;800;0;432.1;0;150;0;1382.1;0;-1382.1
27.04.2021 19:00:00;27.04.2021 20:00:00;0;0;800;0;417.9;0;150;0;1367.9;0;-1367.9
27.04.2021 20:00:00;27.04.2021 21:00:00;0;0;800;0;395.6;0;150;0;1345.6;0;-1345.6
27.04.2021 21:00:00;27.04.2021 22:00:00;0;0;800;0;390.6;0;150;0;1340.6;0;-1340.6
27.04.2021 22:00:00;27.04.2021 23:00:00;0;0;800;0;408.7;0;150;0;1358.7;0;-1358.7
27.04.2021 23:00:00;28.04.2021 00:00:00;0;0;800;0;456.8;0;150;0;1406.8;0;-1406.8
28.04.2021 00:00:00;28.04.2021 01:00:00;0;0;800;0;431.5;0;150;0;1381.5;0;-1381.5
28.04.2021 01:00:00;28.04.2021 02:00:00;0;0;800;0;456.3;0;150;0;1406.3;0;-1406.3
28.04.2021 02:00:00;28.04.2021 03:00:00;0;0;800;0;473.4;0;150;0;1423.4;0;-1423.4
28.04.2021 03:00:00;28.04.2021 04:00:00;0;0;800;0;489.2;0;150;0;1439.2;0;-1439.2
28.04.2021 04:00:00;28.04.2021 05:00:00;0;0;800;0;500.1;0;150;0;1450.1;0;-1450.1
28.04.2021 05:00:00;28.04.2021 06:00:00;0;0;800;0;552.1;0;150;0;1502.1;0;-1502.1
28.04.2021 06:00:00;28.04.2021 07:00:00;0;0;800;0;536.4;0;150;0;1486.4;0;-1486.4
28.04.2021 07:00:00;28.04.2021 08:00:00;0;0;800;0;462;0;150;0;1412;0;-1412
28.04.2021 08:00:00;28.04.2021 09:00:00;0;0;800;0;417.6;0;150;0;1367.6;0;-1367.6
28.04.2021 09:00:00;28.04.2021 10:00:00;0;0;800;0;418.3;0;150;0;1368.3;0;-1368.3
28.04.2021 10:00:00;28.04.2021 11:00:00;0;0;800;0;344.7;0;150;0;1294.7;0;-1294.7
28.04.2021 11:00:00;28.04.2021 12:00:00;0;0;800;0;312.2;0;150;0;1262.2;0;-1262.2
28.04.2021 12:00:00;28.04.2021 13:00:00;0;0;800;0;400.7;0;150;0;1350.7;0;-1350.7
28.04.2021 13:00:00;28.04.2021 14:00:00;0;0;769.1;0;322.9;0;150;0;1242;0;-1242
28.04.2021 14:00:00;28.04.2021 15:00:00;0;0;800;0;308.6;0;150;0;1258.6;0;-1258.6
28.04.2021 15:00:00;28.04.2021 16:00:00;0;0;800;0;406.3;0;150;0;1356.3;0;-1356.3
28.04.2021 16:00:00;28.04.2021 17:00:00;0;0;800;0;435.5;0;150;0;1385.5;0;-1385.5
28.04.2021 17:00:00;28.04.2021 18:00:00;0;0;800;0;502.2;0;150;0;1452.2;0;-1452.2
28.04.2021 18:00:00;28.04.2021 19:00:00;0;0;800;0;509.3;0;150;0;1459.3;0;-1459.3
28.04.2021 19:00:00;28.04.2021 20:00:00;0;0;800;0;508.1;0;150;0;1458.1;0;-1458.1
28.04.2021 20:00:00;28.04.2021 21:00:00;0;0;800;0;498.1;0;150;0;1448.1;0;-1448.1
28.04.2021 21:00:00;28.04.2021 22:00:00;0;0;800;0;484.2;0;150;0;1434.2;0;-1434.2
28.04.2021 22:00:00;28.04.2021 23:00:00;0;0;800;0;453.7;0;150;0;1403.7;0;-1403.7
28.04.2021 23:00:00;29.04.2021 00:00:00;0;0;800;0;415.5;0;150;0;1365.5;0;-1365.5
29.04.2021 00:00:00;29.04.2021 01:00:00;0;0;800;0;470.8;0;150;0;1420.8;0;-1420.8
29.04.2021 01:00:00;29.04.2021 02:00:00;0;0;800;0;498.2;0;150;0;1448.2;0;-1448.2
29.04.2021 02:00:00;29.04.2021 03:00:00;0;0;800;0;512.9;0;150;0;1462.9;0;-1462.9
29.04.2021 03:00:00;29.04.2021 04:00:00;0;0;800;0;507.8;0;150;0;1457.8;0;-1457.8
29.04.2021 04:00:00;29.04.2021 05:00:00;0;0;800;0;506.5;0;150;0;1456.5;0;-1456.5
29.04.2021 05:00:00;29.04.2021 06:00:00;0;0;800;0;474.8;0;150;0;1424.8;0;-1424.8
29.04.2021 06:00:00;29.04.2021 07:00:00;0;0;800;0;492.5;0;150;0;1442.5;0;-1442.5
29.04.2021 07:00:00;29.04.2021 08:00:00;0;0;800;0;449.2;0;150;0;1399.2;0;-1399.2
29.04.2021 08:00:00;29.04.2021 09:00:00;0;0;800;0;437;0;150;0;1387;0;-1387
29.04.2021 09:00:00;29.04.2021 10:00:00;0;0;800;0;482.1;0;150;0;1432.1;0;-1432.1
29.04.2021 10:00:00;29.04.2021 11:00:00;0;0;800;0;525.5;0;150;0;1475.5;0;-1475.5
29.04.2021 11:00:00;29.04.2021 12:00:00;0;0;800;0;551.4;0;150;0;1501.4;0;-1501.4
29.04.2021 12:00:00;29.04.2021 13:00:00;0;0;800;0;635.5;0;150;0;1585.5;0;-1585.5
29.04.2021 13:00:00;29.04.2021 14:00:00;0;0;800;0;626.3;0;150;0;1576.3;0;-1576.3
29.04.2021 14:00:00;29.04.2021 15:00:00;0;0;800;0;629.2;0;150;0;1579.2;0;-1579.2
29.04.2021 15:00:00;29.04.2021 16:00:00;0;0;800;0;650;0;150;0;1600;0;-1600
29.04.2021 16:00:00;29.04.2021 17:00:00;0;0;800;0;650;0;150;0;1600;0;-1600
29.04.2021 17:00:00;29.04.2021 18:00:00;0;0;800;0;650;0;150;0;1600;0;-1600
29.04.2021 18:00:00;29.04.2021 19:00:00;0;0;800;0;650;0;150;0;1600;0;-1600
29.04.2021 19:00:00;29.04.2021 20:00:00;0;0;800;0;650;0;150;0;1600;0;-1600
29.04.2021 20:00:00;29.04.2021 21:00:00;0;0;800;0;642.7;0;150;0;1592.7;0;-1592.7
29.04.2021 21:00:00;29.04.2021 22:00:00;0;0;800;0;624.1;0;150;0;1574.1;0;-1574.1
29.04.2021 22:00:00;29.04.2021 23:00:00;0;0;800;0;600.1;0;150;0;1550.1;0;-1550.1
29.04.2021 23:00:00;30.04.2021 00:00:00;0;0;800;0;557.1;0;150;0;1507.1;0;-1507.1
30.04.2021 00:00:00;30.04.2021 01:00:00;0;0;800;0;520.1;0;150;0;1470.1;0;-1470.1
30.04.2021 01:00:00;30.04.2021 02:00:00;0;0;800;0;514.7;0;150;0;1464.7;0;-1464.7
30.04.2021 02:00:00;30.04.2021 03:00:00;0;0;800;0;513.8;0;150;0;1463.8;0;-1463.8
30.04.2021 03:00:00;30.04.2021 04:00:00;0;0;800;0;555.8;0;150;0;1505.8;0;-1505.8
30.04.2021 04:00:00;30.04.2021 05:00:00;0;0;800;0;630.4;0;150;0;1580.4;0;-1580.4
30.04.2021 05:00:00;30.04.2021 06:00:00;0;0;800;0;650;0;150;0;1600;0;-1600
30.04.2021 06:00:00;30.04.2021 07:00:00;0;0;800;0;642;0;150;0;1592;0;-1592
30.04.2021 07:00:00;30.04.2021 08:00:00;0;0;800;0;515.1;0;150;0;1465.1;0;-1465.1
30.04.2021 08:00:00;30.04.2021 09:00:00;0;0;800;0;483.8;0;150;0;1433.8;0;-1433.8
30.04.2021 09:00:00;30.04.2021 10:00:00;0;0;800;0;481.6;0;150;0;1431.6;0;-1431.6
30.04.2021 10:00:00;30.04.2021 11:00:00;0;0;800;0;485.4;0;150;0;1435.4;0;-1435.4
30.04.2021 11:00:00;30.04.2021 12:00:00;0;0;800;0;515.4;0;150;0;1465.4;0;-1465.4
30.04.2021 12:00:00;30.04.2021 13:00:00;0;0;800;0;469;0;150;0;1419;0;-1419
30.04.2021 13:00:00;30.04.2021 14:00:00;0;0;800;0;468.5;0;150;0;1418.5;0;-1418.5
30.04.2021 14:00:00;30.04.2021 15:00:00;0;0;800;0;546.9;0;150;0;1496.9;0;-1496.9
30.04.2021 15:00:00;30.04.2021 16:00:00;0;0;800;0;572.5;0;150;0;1522.5;0;-1522.5
30.04.2021 16:00:00;30.04.2021 17:00:00;0;0;800;0;590.7;0;150;0;1540.7;0;-1540.7
30.04.2021 17:00:00;30.04.2021 18:00:00;0;0;800;0;606.2;0;150;0;1556.2;0;-1556.2
30.04.2021 18:00:00;30.04.2021 19:00:00;0;0;800;0;582;0;150;0;1532;0;-1532
30.04.2021 19:00:00;30.04.2021 20:00:00;0;0;800;0;548.6;0;150;0;1498.6;0;-1498.6
30.04.2021 20:00:00;30.04.2021 21:00:00;0;0;800;0;518.1;0;150;0;1468.1;0;-1468.1
30.04.2021 21:00:00;30.04.2021 22:00:00;0;0;800;0;510.2;0;150;0;1460.2;0;-1460.2
30.04.2021 22:00:00;30.04.2021 23:00:00;0;0;800;0;497.8;0;150;0;1447.8;0;-1447.8
30.04.2021 23:00:00;01.05.2021 00:00:00;0;0;800;0;455.1;0;150;0;1405.1;0;-1405.1
01.05.2021 00:00:00;01.05.2021 01:00:00;0;0;800;0;481.4;0;150;0;1431.4;0;-1431.4
01.05.2021 01:00:00;01.05.2021 02:00:00;0;0;800;0;514.3;0;150;0;1464.3;0;-1464.3
01.05.2021 02:00:00;01.05.2021 03:00:00;0;0;800;0;538.7;0;150;0;1488.7;0;-1488.7
01.05.2021 03:00:00;01.05.2021 04:00:00;0;0;800;0;554.6;0;150;0;1504.6;0;-1504.6
01.05.2021 04:00:00;01.05.2021 05:00:00;0;0;800;0;551.8;0;150;0;1501.8;0;-1501.8
01.05.2021 05:00:00;01.05.2021 06:00:00;0;0;800;0;550.1;0;150;0;1500.1;0;-1500.1
01.05.2021 06:00:00;01.05.2021 07:00:00;0;0;800;0;531.4;0;150;0;1481.4;0;-1481.4
01.05.2021 07:00:00;01.05.2021 08:00:00;0;0;800;0;501.9;0;150;0;1451.9;0;-1451.9
01.05.2021 08:00:00;01.05.2021 09:00:00;0;0;800;0;460.7;0;150;0;1410.7;0;-1410.7
01.05.2021 09:00:00;01.05.2021 10:00:00;0;0;800;0;442.1;0;150;0;1392.1;0;-1392.1
01.05.2021 10:00:00;01.05.2021 11:00:00;0;0;800;0;406.1;0;150;0;1356.1;0;-1356.1
01.05.2021 11:00:00;01.05.2021 12:00:00;0;0;800;0;385.8;0;150;0;1335.8;0;-1335.8
01.05.2021 12:00:00;01.05.2021 13:00:00;0;0;800;0;372.3;0;150;0;1322.3;0;-1322.3
01.05.2021 13:00:00;01.05.2021 14:00:00;0;0;800;0;357.3;0;150;0;1307.3;0;-1307.3
01.05.2021 14:00:00;01.05.2021 15:00:00;0;0;800;0;376.4;0;150;0;1326.4;0;-1326.4
01.05.2021 15:00:00;01.05.2021 16:00:00;0;0;800;0;393.5;0;150;0;1343.5;0;-1343.5
01.05.2021 16:00:00;01.05.2021 17:00:00;0;0;800;0;401.5;0;150;0;1351.5;0;-1351.5
01.05.2021 17:00:00;01.05.2021 18:00:00;0;0;800;0;462.1;0;150;0;1412.1;0;-1412.1
01.05.2021 18:00:00;01.05.2021 19:00:00;0;0;800;0;436.9;0;150;0;1386.9;0;-1386.9
01.05.2021 19:00:00;01.05.2021 20:00:00;0;0;800;0;428.3;0;150;0;1378.3;0;-1378.3
01.05.2021 20:00:00;01.05.2021 21:00:00;0;0;800;0;407.8;0;150;0;1357.8;0;-1357.8
01.05.2021 21:00:00;01.05.2021 22:00:00;0;0;800;0;438.9;0;150;0;1388.9;0;-1388.9
01.05.2021 22:00:00;01.05.2021 23:00:00;0;0;800;0;405.6;0;150;0;1355.6;0;-1355.6
01.05.2021 23:00:00;02.05.2021 00:00:00;0;0;800;0;395.6;0;150;0;1345.6;0;-1345.6
02.05.2021 00:00:00;02.05.2021 01:00:00;0;0;800;0;417.2;0;150;0;1367.2;0;-1367.2
02.05.2021 01:00:00;02.05.2021 02:00:00;0;0;800;0;425.4;0;150;0;1375.4;0;-1375.4
02.05.2021 02:00:00;02.05.2021 03:00:00;0;0;800;0;428.9;0;150;0;1378.9;0;-1378.9
02.05.2021 03:00:00;02.05.2021 04:00:00;0;0;800;0;441.1;0;150;0;1391.1;0;-1391.1
02.05.2021 04:00:00;02.05.2021 05:00:00;0;0;800;0;447;0;150;0;1397;0;-1397
02.05.2021 05:00:00;02.05.2021 06:00:00;0;0;800;0;447.8;0;150;0;1397.8;0;-1397.8
02.05.2021 06:00:00;02.05.2021 07:00:00;0;0;800;0;472.9;0;150;0;1422.9;0;-1422.9
02.05.2021 07:00:00;02.05.2021 08:00:00;0;0;800;0;444.2;0;150;0;1394.2;0;-1394.2
02.05.2021 08:00:00;02.05.2021 09:00:00;0;0;800;0;420.8;0;150;0;1370.8;0;-1370.8
02.05.2021 09:00:00;02.05.2021 10:00:00;0;0;800;0;370.2;0;150;0;1320.2;0;-1320.2
02.05.2021 10:00:00;02.05.2021 11:00:00;0;0;800;0;342.6;0;150;0;1292.6;0;-1292.6
02.05.2021 11:00:00;02.05.2021 12:00:00;0;0;800;0;374.4;0;150;0;1324.4;0;-1324.4
02.05.2021 12:00:00;02.05.2021 13:00:00;0;0;800;0;394.3;0;150;0;1344.3;0;-1344.3
02.05.2021 13:00:00;02.05.2021 14:00:00;0;0;800;0;471.6;0;0;0;1271.6;0;-1271.6
02.05.2021 14:00:00;02.05.2021 15:00:00;0;0;800;0;365.9;0;0;0;1165.9;0;-1165.9
02.05.2021 15:00:00;02.05.2021 16:00:00;0;0;800;0;383.5;0;0;0;1183.5;0;-1183.5
02.05.2021 16:00:00;02.05.2021 17:00:00;0;0;800;0;476.6;0;0;0;1276.6;0;-1276.6
02.05.2021 17:00:00;02.05.2021 18:00:00;0;0;800;0;533.2;0;0;0;1333.2;0;-1333.2
02.05.2021 18:00:00;02.05.2021 19:00:00;0;0;800;0;381.5;0;150;0;1331.5;0;-1331.5
02.05.2021 19:00:00;02.05.2021 20:00:00;0;0;800;0;361;0;150;0;1311;0;-1311
02.05.2021 20:00:00;02.05.2021 21:00:00;0;0;800;0;345.4;0;150;0;1295.4;0;-1295.4
02.05.2021 21:00:00;02.05.2021 22:00:00;0;0;800;0;332;0;150;0;1282;0;-1282
02.05.2021 22:00:00;02.05.2021 23:00:00;0;0;800;0;339.9;0;150;0;1289.9;0;-1289.9
02.05.2021 23:00:00;03.05.2021 00:00:00;0;0;800;0;339.9;0;150;0;1289.9;0;-1289.9
03.05.2021 00:00:00;03.05.2021 01:00:00;0;0;800;0;326.7;0;150;0;1276.7;0;-1276.7
03.05.2021 01:00:00;03.05.2021 02:00:00;0;0;800;0;346.5;0;150;0;1296.5;0;-1296.5
03.05.2021 02:00:00;03.05.2021 03:00:00;0;0;800;0;309.2;0;150;0;1259.2;0;-1259.2
03.05.2021 03:00:00;03.05.2021 04:00:00;0;0;800;0;322.6;0;150;0;1272.6;0;-1272.6
03.05.2021 04:00:00;03.05.2021 05:00:00;0;0;800;0;313.7;0;150;0;1263.7;0;-1263.7
03.05.2021 05:00:00;03.05.2021 06:00:00;0;0;800;0;367.3;0;150;0;1317.3;0;-1317.3
03.05.2021 06:00:00;03.05.2021 07:00:00;0;0;800;0;332.1;0;150;0;1282.1;0;-1282.1
03.05.2021 07:00:00;03.05.2021 08:00:00;0;0;800;0;215.1;0;150;0;1165.1;0;-1165.1
03.05.2021 08:00:00;03.05.2021 09:00:00;0;0;800;0;306.7;0;150;0;1256.7;0;-1256.7
03.05.2021 09:00:00;03.05.2021 10:00:00;0;0;800;0;218.1;0;150;0;1168.1;0;-1168.1
03.05.2021 10:00:00;03.05.2021 11:00:00;0;0;800;0;239.3;0;150;0;1189.3;0;-1189.3
03.05.2021 11:00:00;03.05.2021 12:00:00;0;0;800;0;261.4;0;150;0;1211.4;0;-1211.4
03.05.2021 12:00:00;03.05.2021 13:00:00;0;0;800;0;173;0;150;0;1123;0;-1123
03.05.2021 13:00:00;03.05.2021 14:00:00;0;0;800;0;137.5;0;150;0;1087.5;0;-1087.5
03.05.2021 14:00:00;03.05.2021 15:00:00;0;0;800;0;247;0;150;0;1197;0;-1197
03.05.2021 15:00:00;03.05.2021 16:00:00;0;0;800;0;222.2;0;150;0;1172.2;0;-1172.2
03.05.2021 16:00:00;03.05.2021 17:00:00;0;0;800;0;242;0;150;0;1192;0;-1192
03.05.2021 17:00:00;03.05.2021 18:00:00;0;0;800;0;349;0;150;0;1299;0;-1299
03.05.2021 18:00:00;03.05.2021 19:00:00;0;0;800;0;370.8;0;150;0;1320.8;0;-1320.8
03.05.2021 19:00:00;03.05.2021 20:00:00;0;0;800;0;355.8;0;150;0;1305.8;0;-1305.8
03.05.2021 20:00:00;03.05.2021 21:00:00;0;0;800;0;334.2;0;150;0;1284.2;0;-1284.2
03.05.2021 21:00:00;03.05.2021 22:00:00;0;0;800;0;330.3;0;150;0;1280.3;0;-1280.3
03.05.2021 22:00:00;03.05.2021 23:00:00;0;0;800;0;335.6;0;150;0;1285.6;0;-1285.6
03.05.2021 23:00:00;04.05.2021 00:00:00;0;0;800;0;318.8;0;150;0;1268.8;0;-1268.8
04.05.2021 00:00:00;04.05.2021 01:00:00;0;0;800;0;265.6;0;150;0;1215.6;0;-1215.6
04.05.2021 01:00:00;04.05.2021 02:00:00;0;0;800;0;318.4;0;111.7;0;1230.1;0;-1230.1
04.05.2021 02:00:00;04.05.2021 03:00:00;0;0;800;0;424.9;0;0;0;1224.9;0;-1224.9
04.05.2021 03:00:00;04.05.2021 04:00:00;0;0;800;0;429.8;0;0;0;1229.8;0;-1229.8
04.05.2021 04:00:00;04.05.2021 05:00:00;0;0;800;0;419.3;0;0;0;1219.3;0;-1219.3
04.05.2021 05:00:00;04.05.2021 06:00:00;0;0;800;0;431.3;0;0;0;1231.3;0;-1231.3
04.05.2021 06:00:00;04.05.2021 07:00:00;0;0;800;0;248.3;0;150;0;1198.3;0;-1198.3
04.05.2021 07:00:00;04.05.2021 08:00:00;0;0;800;0;0;0;83.8;0;883.8;0;-883.8
04.05.2021 08:00:00;04.05.2021 09:00:00;0;0;800;0;0;0;60.1;0;860.1;0;-860.1
04.05.2021 09:00:00;04.05.2021 10:00:00;0;0;800;0;0;0;87;0;887;0;-887
04.05.2021 10:00:00;04.05.2021 11:00:00;0;0;787.8;0;112.7;0;0;0;900.5;0;-900.5
04.05.2021 11:00:00;04.05.2021 12:00:00;0;0;675.7;0;255.1;0;0;0;930.8;0;-930.8
04.05.2021 12:00:00;04.05.2021 13:00:00;0;0;651.4;0;332.2;0;0;0;983.6;0;-983.6
04.05.2021 13:00:00;04.05.2021 14:00:00;0;0;587.7;0;380.9;0;0;0;968.6;0;-968.6
04.05.2021 14:00:00;04.05.2021 15:00:00;0;0;554.6;0;276;0;0;0;830.6;0;-830.6
04.05.2021 15:00:00;04.05.2021 16:00:00;0;0;543.5;0;78;0;0;0;621.5;0;-621.5
04.05.2021 16:00:00;04.05.2021 17:00:00;0;0;480.4;0;148;0;0;0;628.4;0;-628.4
04.05.2021 17:00:00;04.05.2021 18:00:00;0;0;536.8;0;456.8;0;0;0;993.6;0;-993.6
04.05.2021 18:00:00;04.05.2021 19:00:00;0;0;487.7;0;388.7;0;150;0;1026.4;0;-1026.4
04.05.2021 19:00:00;04.05.2021 20:00:00;0;0;541.2;0;311.2;0;150;0;1002.4;0;-1002.4
04.05.2021 20:00:00;04.05.2021 21:00:00;0;0;566.6;0;279.9;0;150;0;996.5;0;-996.5
04.05.2021 21:00:00;04.05.2021 22:00:00;0;0;498.8;0;348.1;0;150;0;996.9;0;-996.9
04.05.2021 22:00:00;04.05.2021 23:00:00;0;0;434.8;0;429.3;0;125.6;0;989.7;0;-989.7
04.05.2021 23:00:00;05.05.2021 00:00:00;0;0;646.5;0;0;0;0;0;646.5;0;-646.5
05.05.2021 00:00:00;05.05.2021 01:00:00;0;0;0;0;0;0;0;149.9;0;149.9;149.9
05.05.2021 01:00:00;05.05.2021 02:00:00;0;0;0;0;0;291.9;0;150;0;441.9;441.9
05.05.2021 02:00:00;05.05.2021 03:00:00;0;0;0;70;0;300;0;150;0;520;520
05.05.2021 03:00:00;05.05.2021 04:00:00;0;0;144.9;0;0;0;0;0;144.9;0;-144.9
05.05.2021 04:00:00;05.05.2021 05:00:00;0;0;564.3;0;0;0;0;0;564.3;0;-564.3
05.05.2021 05:00:00;05.05.2021 06:00:00;0;0;435.2;0;395.6;0;0;0;830.8;0;-830.8
05.05.2021 06:00:00;05.05.2021 07:00:00;0;0;411.9;0;296;0;150;0;857.9;0;-857.9
05.05.2021 07:00:00;05.05.2021 08:00:00;0;0;385.8;0;242.3;0;150;0;778.1;0;-778.1
05.05.2021 08:00:00;05.05.2021 09:00:00;0;0;405.6;0;223;0;150;0;778.6;0;-778.6
05.05.2021 09:00:00;05.05.2021 10:00:00;0;0;606.8;0;0;0;150;0;756.8;0;-756.8
05.05.2021 10:00:00;05.05.2021 11:00:00;0;0;595.9;0;0;0;123.5;0;719.4;0;-719.4
05.05.2021 11:00:00;05.05.2021 12:00:00;0;0;626.5;0;0;0;86.3;0;712.8;0;-712.8
05.05.2021 12:00:00;05.05.2021 13:00:00;0;0;648.7;0;0;0;72.8;0;721.5;0;-721.5
05.05.2021 13:00:00;05.05.2021 14:00:00;0;0;651.1;0;0;0;70.3;0;721.4;0;-721.4
05.05.2021 14:00:00;05.05.2021 15:00:00;0;0;667.4;0;0;0;21.7;0;689.1;0;-689.1
05.05.2021 15:00:00;05.05.2021 16:00:00;0;0;433.7;0;253.3;0;0;0;687;0;-687
05.05.2021 16:00:00;05.05.2021 17:00:00;0;0;442.7;0;266;0;0;0;708.7;0;-708.7
05.05.2021 17:00:00;05.05.2021 18:00:00;0;0;475;0;242.4;0;27.5;0;744.9;0;-744.9
05.05.2021 18:00:00;05.05.2021 19:00:00;0;0;412.4;0;249.3;0;150;0;811.7;0;-811.7
05.05.2021 19:00:00;05.05.2021 20:00:00;0;0;385.7;0;261.8;0;150;0;797.5;0;-797.5
05.05.2021 20:00:00;05.05.2021 21:00:00;0;0;433.6;0;201.9;0;150;0;785.5;0;-785.5
05.05.2021 21:00:00;05.05.2021 22:00:00;0;0;594.3;0;64.5;0;127.9;0;786.7;0;-786.7
05.05.2021 22:00:00;05.05.2021 23:00:00;0;0;745.6;0;51;0;0;0;796.6;0;-796.6
05.05.2021 23:00:00;06.05.2021 00:00:00;0;0;758;0;0;0;0;0;758;0;-758
06.05.2021 00:00:00;06.05.2021 01:00:00;0;0;719.2;0;87.4;0;0;0;806.6;0;-806.6
06.05.2021 01:00:00;06.05.2021 02:00:00;0;0;666.4;0;159.8;0;0;0;826.2;0;-826.2
06.05.2021 02:00:00;06.05.2021 03:00:00;0;0;707.1;0;100.5;0;0;0;807.6;0;-807.6
06.05.2021 03:00:00;06.05.2021 04:00:00;0;0;681.2;0;140.4;0;0;0;821.6;0;-821.6
06.05.2021 04:00:00;06.05.2021 05:00:00;0;0;699.8;0;114.4;0;0;0;814.2;0;-814.2
06.05.2021 05:00:00;06.05.2021 06:00:00;0;0;602.7;0;92.3;0;150;0;845;0;-845
06.05.2021 06:00:00;06.05.2021 07:00:00;0;0;415.1;0;230.3;0;150;0;795.4;0;-795.4
06.05.2021 07:00:00;06.05.2021 08:00:00;0;0;570.5;0;92.3;0;150;0;812.8;0;-812.8
06.05.2021 08:00:00;06.05.2021 09:00:00;0;0;619.5;0;0;0;147.1;0;766.6;0;-766.6
06.05.2021 09:00:00;06.05.2021 10:00:00;0;0;705.6;0;55.6;0;0;0;761.2;0;-761.2
06.05.2021 10:00:00;06.05.2021 11:00:00;0;0;721.1;0;49.7;0;0;0;770.8;0;-770.8
06.05.2021 11:00:00;06.05.2021 12:00:00;0;0;743.8;0;37.5;0;21.5;0;802.8;0;-802.8
06.05.2021 12:00:00;06.05.2021 13:00:00;0;0;501.7;0;169.8;0;150;0;821.5;0;-821.5
06.05.2021 13:00:00;06.05.2021 14:00:00;0;0;732.3;0;54.3;0;46.6;0;833.2;0;-833.2
06.05.2021 14:00:00;06.05.2021 15:00:00;0;0;749.4;0;86.5;0;0;0;835.9;0;-835.9
06.05.2021 15:00:00;06.05.2021 16:00:00;0;0;696.6;0;70.9;0;113.8;0;881.3;0;-881.3
06.05.2021 16:00:00;06.05.2021 17:00:00;0;0;602.8;0;147;0;150;0;899.8;0;-899.8
06.05.2021 17:00:00;06.05.2021 18:00:00;0;0;535.9;0;230.2;0;150;0;916.1;0;-916.1
06.05.2021 18:00:00;06.05.2021 19:00:00;0;0;800;0;254.3;0;150;0;1204.3;0;-1204.3
06.05.2021 19:00:00;06.05.2021 20:00:00;0;0;796.5;0;283.8;0;150;0;1230.3;0;-1230.3
06.05.2021 20:00:00;06.05.2021 21:00:00;0;0;800;0;255.7;0;150;0;1205.7;0;-1205.7
06.05.2021 21:00:00;06.05.2021 22:00:00;0;0;800;0;251;0;150;0;1201;0;-1201
06.05.2021 22:00:00;06.05.2021 23:00:00;0;0;800;0;268;0;150;0;1218;0;-1218
06.05.2021 23:00:00;07.05.2021 00:00:00;0;0;800;0;266;0;150;0;1216;0;-1216
07.05.2021 00:00:00;07.05.2021 01:00:00;0;0;800;0;325.7;0;150;0;1275.7;0;-1275.7
07.05.2021 01:00:00;07.05.2021 02:00:00;0;0;800;0;353.6;0;150;0;1303.6;0;-1303.6
07.05.2021 02:00:00;07.05.2021 03:00:00;0;0;800;0;351.6;0;150;0;1301.6;0;-1301.6
07.05.2021 03:00:00;07.05.2021 04:00:00;0;0;800;0;355;0;150;0;1305;0;-1305
07.05.2021 04:00:00;07.05.2021 05:00:00;0;0;800;0;360.2;0;150;0;1310.2;0;-1310.2
07.05.2021 05:00:00;07.05.2021 06:00:00;0;0;800;0;346.2;0;150;0;1296.2;0;-1296.2
07.05.2021 06:00:00;07.05.2021 07:00:00;0;0;800;0;377.6;0;150;0;1327.6;0;-1327.6
07.05.2021 07:00:00;07.05.2021 08:00:00;0;0;800;0;411.1;0;150;0;1361.1;0;-1361.1
07.05.2021 08:00:00;07.05.2021 09:00:00;0;0;800;0;407.3;0;150;0;1357.3;0;-1357.3
07.05.2021 09:00:00;07.05.2021 10:00:00;0;0;800;0;405.3;0;150;0;1355.3;0;-1355.3
07.05.2021 10:00:00;07.05.2021 11:00:00;0;0;800;0;411.6;0;150;0;1361.6;0;-1361.6
07.05.2021 11:00:00;07.05.2021 12:00:00;0;0;800;0;428.4;0;150;0;1378.4;0;-1378.4
07.05.2021 12:00:00;07.05.2021 13:00:00;0;0;800;0;381.3;0;150;0;1331.3;0;-1331.3
07.05.2021 13:00:00;07.05.2021 14:00:00;0;0;800;0;372;0;150;0;1322;0;-1322
07.05.2021 14:00:00;07.05.2021 15:00:00;0;0;800;0;330.1;0;150;0;1280.1;0;-1280.1
07.05.2021 15:00:00;07.05.2021 16:00:00;0;0;769.2;0;355;0;150;0;1274.2;0;-1274.2
07.05.2021 16:00:00;07.05.2021 17:00:00;0;0;789.2;0;360.7;0;150;0;1299.9;0;-1299.9
07.05.2021 17:00:00;07.05.2021 18:00:00;0;0;800;0;357.8;0;150;0;1307.8;0;-1307.8
07.05.2021 18:00:00;07.05.2021 19:00:00;0;0;800;0;396;0;150;0;1346;0;-1346
07.05.2021 19:00:00;07.05.2021 20:00:00;0;0;800;0;408.5;0;150;0;1358.5;0;-1358.5
07.05.2021 20:00:00;07.05.2021 21:00:00;0;0;800;0;396.4;0;150;0;1346.4;0;-1346.4
07.05.2021 21:00:00;07.05.2021 22:00:00;0;0;800;0;392.3;0;150;0;1342.3;0;-1342.3
07.05.2021 22:00:00;07.05.2021 23:00:00;0;0;800;0;379.9;0;150;0;1329.9;0;-1329.9
07.05.2021 23:00:00;08.05.2021 00:00:00;0;0;800;0;388.4;0;150;0;1338.4;0;-1338.4
08.05.2021 00:00:00;08.05.2021 01:00:00;0;0;800;0;324.2;0;150;0;1274.2;0;-1274.2
08.05.2021 01:00:00;08.05.2021 02:00:00;0;0;800;0;346.3;0;150;0;1296.3;0;-1296.3
08.05.2021 02:00:00;08.05.2021 03:00:00;0;0;800;0;363.4;0;150;0;1313.4;0;-1313.4
08.05.2021 03:00:00;08.05.2021 04:00:00;0;0;800;0;365;0;150;0;1315;0;-1315
08.05.2021 04:00:00;08.05.2021 05:00:00;0;0;800;0;350.7;0;150;0;1300.7;0;-1300.7
08.05.2021 05:00:00;08.05.2021 06:00:00;0;0;800;0;336.8;0;150;0;1286.8;0;-1286.8
08.05.2021 06:00:00;08.05.2021 07:00:00;0;0;800;0;301.8;0;150;0;1251.8;0;-1251.8
08.05.2021 07:00:00;08.05.2021 08:00:00;0;0;800;0;208.5;0;150;0;1158.5;0;-1158.5
08.05.2021 08:00:00;08.05.2021 09:00:00;0;0;800;0;201;0;150;0;1151;0;-1151
08.05.2021 09:00:00;08.05.2021 10:00:00;0;0;800;0;160.7;0;150;0;1110.7;0;-1110.7
08.05.2021 10:00:00;08.05.2021 11:00:00;0;0;800;0;143.7;0;150;0;1093.7;0;-1093.7
08.05.2021 11:00:00;08.05.2021 12:00:00;0;0;800;0;237.5;0;29.9;0;1067.4;0;-1067.4
08.05.2021 12:00:00;08.05.2021 13:00:00;0;0;800;0;263.7;0;0;0;1063.7;0;-1063.7
08.05.2021 13:00:00;08.05.2021 14:00:00;0;0;800;0;119.9;0;0;0;919.9;0;-919.9
08.05.2021 14:00:00;08.05.2021 15:00:00;0;0;800;0;16.2;0;0;0;816.2;0;-816.2
08.05.2021 15:00:00;08.05.2021 16:00:00;0;0;800;0;69.1;0;0;0;869.1;0;-869.1
08.05.2021 16:00:00;08.05.2021 17:00:00;0;0;800;0;331.9;0;0;0;1131.9;0;-1131.9
08.05.2021 17:00:00;08.05.2021 18:00:00;0;0;800;0;291.2;0;150;0;1241.2;0;-1241.2
08.05.2021 18:00:00;08.05.2021 19:00:00;0;0;800;0;346.4;0;150;0;1296.4;0;-1296.4
08.05.2021 19:00:00;08.05.2021 20:00:00;0;0;800;0;338;0;150;0;1288;0;-1288
08.05.2021 20:00:00;08.05.2021 21:00:00;0;0;800;0;372.9;0;150;0;1322.9;0;-1322.9
08.05.2021 21:00:00;08.05.2021 22:00:00;0;0;800;0;367.9;0;150;0;1317.9;0;-1317.9
08.05.2021 22:00:00;08.05.2021 23:00:00;0;0;800;0;345.2;0;150;0;1295.2;0;-1295.2
08.05.2021 23:00:00;09.05.2021 00:00:00;0;0;800;0;364.2;0;150;0;1314.2;0;-1314.2
09.05.2021 00:00:00;09.05.2021 01:00:00;0;0;800;0;266.9;0;150;0;1216.9;0;-1216.9
09.05.2021 01:00:00;09.05.2021 02:00:00;0;0;800;0;0;400;0;150;800;550;-250
09.05.2021 02:00:00;09.05.2021 03:00:00;0;0;800;0;0;400;0;150;800;550;-250
09.05.2021 03:00:00;09.05.2021 04:00:00;0;0;800;0;0;400;0;150;800;550;-250
09.05.2021 04:00:00;09.05.2021 05:00:00;0;0;800;0;0;400;0;150;800;550;-250
09.05.2021 05:00:00;09.05.2021 06:00:00;0;0;800;0;0;400;0;150;800;550;-250
09.05.2021 06:00:00;09.05.2021 07:00:00;0;0;800;0;0;400;0;150;800;550;-250
09.05.2021 07:00:00;09.05.2021 08:00:00;0;0;800;0;0;400;0;150;800;550;-250
09.05.2021 08:00:00;09.05.2021 09:00:00;0;0;800;0;0;400;0;150;800;550;-250
09.05.2021 09:00:00;09.05.2021 10:00:00;0;0;800;0;0;400;0;150;800;550;-250
09.05.2021 10:00:00;09.05.2021 11:00:00;0;0;800;0;0;400;0;150;800;550;-250
09.05.2021 11:00:00;09.05.2021 12:00:00;0;0;800;0;0;400;0;150;800;550;-250
09.05.2021 12:00:00;09.05.2021 13:00:00;0;0;800;0;0;400;0;150;800;550;-250
09.05.2021 13:00:00;09.05.2021 14:00:00;0;0;800;0;0;400;0;150;800;550;-250
09.05.2021 14:00:00;09.05.2021 15:00:00;0;0;800;0;0;400;0;150;800;550;-250
09.05.2021 15:00:00;09.05.2021 16:00:00;0;0;800;0;0;400;0;150;800;550;-250
09.05.2021 16:00:00;09.05.2021 17:00:00;0;0;800;0;0;400;0;150;800;550;-250
09.05.2021 17:00:00;09.05.2021 18:00:00;0;0;800;0;0;259.4;0;150;800;409.4;-390.6
09.05.2021 18:00:00;09.05.2021 19:00:00;0;0;800;0;339.4;0;0;0;1139.4;0;-1139.4
09.05.2021 19:00:00;09.05.2021 20:00:00;0;0;800;0;156.1;0;150;0;1106.1;0;-1106.1
09.05.2021 20:00:00;09.05.2021 21:00:00;0;0;800;0;213.1;0;150;0;1163.1;0;-1163.1
09.05.2021 21:00:00;09.05.2021 22:00:00;0;0;800;0;212.5;0;150;0;1162.5;0;-1162.5
09.05.2021 22:00:00;09.05.2021 23:00:00;0;0;800;0;206;0;150;0;1156;0;-1156
09.05.2021 23:00:00;10.05.2021 00:00:00;0;0;800;0;237.3;0;150;0;1187.3;0;-1187.3
10.05.2021 00:00:00;10.05.2021 01:00:00;0;0;800;0;18.4;0;150;0;968.4;0;-968.4
10.05.2021 01:00:00;10.05.2021 02:00:00;0;0;800;0;221;0;150;0;1171;0;-1171
10.05.2021 02:00:00;10.05.2021 03:00:00;0;0;800;0;235.2;0;150;0;1185.2;0;-1185.2
10.05.2021 03:00:00;10.05.2021 04:00:00;0;0;800;0;280.3;0;150;0;1230.3;0;-1230.3
10.05.2021 04:00:00;10.05.2021 05:00:00;0;0;800;0;257.5;0;150;0;1207.5;0;-1207.5
10.05.2021 05:00:00;10.05.2021 06:00:00;0;0;800;0;325.2;0;150;0;1275.2;0;-1275.2
10.05.2021 06:00:00;10.05.2021 07:00:00;0;0;800;0;329.7;0;150;0;1279.7;0;-1279.7
10.05.2021 07:00:00;10.05.2021 08:00:00;0;0;800;0;344.3;0;150;0;1294.3;0;-1294.3
10.05.2021 08:00:00;10.05.2021 09:00:00;0;0;800;0;352.2;0;150;0;1302.2;0;-1302.2
10.05.2021 09:00:00;10.05.2021 10:00:00;0;0;800;0;368.2;0;150;0;1318.2;0;-1318.2
10.05.2021 10:00:00;10.05.2021 11:00:00;0;0;800;0;351.5;0;150;0;1301.5;0;-1301.5
10.05.2021 11:00:00;10.05.2021 12:00:00;0;0;800;0;350.5;0;150;0;1300.5;0;-1300.5
10.05.2021 12:00:00;10.05.2021 13:00:00;0;0;800;0;333.7;0;150;0;1283.7;0;-1283.7
10.05.2021 13:00:00;10.05.2021 14:00:00;0;0;800;0;354.2;0;150;0;1304.2;0;-1304.2
10.05.2021 14:00:00;10.05.2021 15:00:00;0;0;800;0;361.4;0;150;0;1311.4;0;-1311.4
10.05.2021 15:00:00;10.05.2021 16:00:00;0;0;800;0;389;0;150;0;1339;0;-1339
10.05.2021 16:00:00;10.05.2021 17:00:00;0;0;800;0;399.8;0;150;0;1349.8;0;-1349.8
10.05.2021 17:00:00;10.05.2021 18:00:00;0;0;800;0;408.3;0;150;0;1358.3;0;-1358.3
10.05.2021 18:00:00;10.05.2021 19:00:00;0;0;784.2;0;389.9;0;150;0;1324.1;0;-1324.1
10.05.2021 19:00:00;10.05.2021 20:00:00;0;0;746.8;0;406.9;0;150;0;1303.7;0;-1303.7
10.05.2021 20:00:00;10.05.2021 21:00:00;0;0;658.7;0;392.4;0;150;0;1201.1;0;-1201.1
10.05.2021 21:00:00;10.05.2021 22:00:00;0;0;611.7;0;420;0;150;0;1181.7;0;-1181.7
10.05.2021 22:00:00;10.05.2021 23:00:00;0;0;508.4;0;478.6;0;150;0;1137;0;-1137
10.05.2021 23:00:00;11.05.2021 00:00:00;0;0;547.1;0;371.8;0;0;0;918.9;0;-918.9
11.05.2021 00:00:00;11.05.2021 01:00:00;0;0;0;0;0;0;0;144.1;0;144.1;144.1
11.05.2021 01:00:00;11.05.2021 02:00:00;0;0;0;0;0;254.1;0;150;0;404.1;404.1
11.05.2021 02:00:00;11.05.2021 03:00:00;0;0;49;0;0;400;0;150;49;550;501
11.05.2021 03:00:00;11.05.2021 04:00:00;0;0;42.2;0;0;400;0;150;42.2;550;507.8
11.05.2021 04:00:00;11.05.2021 05:00:00;0;0;80.8;0;0;373.4;0;150;80.8;523.4;442.6
11.05.2021 05:00:00;11.05.2021 06:00:00;0;0;569;0;61.6;0;0;0;630.6;0;-630.6
11.05.2021 06:00:00;11.05.2021 07:00:00;0;0;684.9;0;502;0;150;0;1336.9;0;-1336.9
11.05.2021 07:00:00;11.05.2021 08:00:00;0;0;766.3;0;465;0;150;0;1381.3;0;-1381.3
11.05.2021 08:00:00;11.05.2021 09:00:00;0;0;800;0;378.6;0;150;0;1328.6;0;-1328.6
11.05.2021 09:00:00;11.05.2021 10:00:00;0;0;800;0;386;0;150;0;1336;0;-1336
11.05.2021 10:00:00;11.05.2021 11:00:00;0;0;800;0;390.9;0;150;0;1340.9;0;-1340.9
11.05.2021 11:00:00;11.05.2021 12:00:00;0;0;800;0;379.1;0;150;0;1329.1;0;-1329.1
11.05.2021 12:00:00;11.05.2021 13:00:00;0;0;757.4;0;360.1;0;150;0;1267.5;0;-1267.5
11.05.2021 13:00:00;11.05.2021 14:00:00;0;0;749.3;0;354.9;0;150;0;1254.2;0;-1254.2
11.05.2021 14:00:00;11.05.2021 15:00:00;0;0;799.9;0;291.4;0;150;0;1241.3;0;-1241.3
11.05.2021 15:00:00;11.05.2021 16:00:00;0;0;800;0;270.5;0;150;0;1220.5;0;-1220.5
11.05.2021 16:00:00;11.05.2021 17:00:00;0;0;800;0;269.1;0;150;0;1219.1;0;-1219.1
11.05.2021 17:00:00;11.05.2021 18:00:00;0;0;743.4;0;357;0;150;0;1250.4;0;-1250.4
11.05.2021 18:00:00;11.05.2021 19:00:00;0;0;727.5;0;382.7;0;150;0;1260.2;0;-1260.2
11.05.2021 19:00:00;11.05.2021 20:00:00;0;0;728.4;0;390.1;0;150;0;1268.5;0;-1268.5
11.05.2021 20:00:00;11.05.2021 21:00:00;0;0;745.9;0;302.5;0;150;0;1198.4;0;-1198.4
11.05.2021 21:00:00;11.05.2021 22:00:00;0;0;766.9;0;246.4;0;150;0;1163.3;0;-1163.3
11.05.2021 22:00:00;11.05.2021 23:00:00;0;0;800;0;168.8;0;150;0;1118.8;0;-1118.8
11.05.2021 23:00:00;12.05.2021 00:00:00;0;0;770.4;0;0;0;0;0;770.4;0;-770.4
12.05.2021 00:00:00;12.05.2021 01:00:00;0;0;518.5;0;0;129.8;0;0;518.5;129.8;-388.7
12.05.2021 01:00:00;12.05.2021 02:00:00;0;0;454.6;0;0;194.2;0;0;454.6;194.2;-260.4
12.05.2021 02:00:00;12.05.2021 03:00:00;0;0;436;0;0;231.3;0;0;436;231.3;-204.7
12.05.2021 03:00:00;12.05.2021 04:00:00;0;0;460.2;0;0;224.7;0;0;460.2;224.7;-235.5
12.05.2021 04:00:00;12.05.2021 05:00:00;0;0;581.4;0;0;94.9;0;0;581.4;94.9;-486.5
12.05.2021 05:00:00;12.05.2021 06:00:00;0;0;800;0;434.9;0;132.1;0;1367;0;-1367
12.05.2021 06:00:00;12.05.2021 07:00:00;0;0;709.7;0;595.2;0;150;0;1454.9;0;-1454.9
12.05.2021 07:00:00;12.05.2021 08:00:00;0;0;800;0;519.6;0;150;0;1469.6;0;-1469.6
12.05.2021 08:00:00;12.05.2021 09:00:00;0;0;695.4;0;617;0;150;0;1462.4;0;-1462.4
12.05.2021 09:00:00;12.05.2021 10:00:00;0;0;778.4;0;561.3;0;150;0;1489.7;0;-1489.7
12.05.2021 10:00:00;12.05.2021 11:00:00;0;0;800;0;602.4;0;150;0;1552.4;0;-1552.4
12.05.2021 11:00:00;12.05.2021 12:00:00;0;0;726.8;0;650;0;150;0;1526.8;0;-1526.8
12.05.2021 12:00:00;12.05.2021 13:00:00;0;0;736.1;0;640.4;0;150;0;1526.5;0;-1526.5
12.05.2021 13:00:00;12.05.2021 14:00:00;0;0;714.6;0;650;0;150;0;1514.6;0;-1514.6
12.05.2021 14:00:00;12.05.2021 15:00:00;0;0;749.9;0;581.7;0;150;0;1481.6;0;-1481.6
12.05.2021 15:00:00;12.05.2021 16:00:00;0;0;683.3;0;611.7;0;150;0;1445;0;-1445
12.05.2021 16:00:00;12.05.2021 17:00:00;0;0;668.8;0;633.1;0;150;0;1451.9;0;-1451.9
12.05.2021 17:00:00;12.05.2021 18:00:00;0;0;672.4;0;650;0;150;0;1472.4;0;-1472.4
12.05.2021 18:00:00;12.05.2021 19:00:00;0;0;674.3;0;650;0;150;0;1474.3;0;-1474.3
12.05.2021 19:00:00;12.05.2021 20:00:00;0;0;681.5;0;650;0;150;0;1481.5;0;-1481.5
12.05.2021 20:00:00;12.05.2021 21:00:00;0;0;695.9;0;621.2;0;150;0;1467.1;0;-1467.1
12.05.2021 21:00:00;12.05.2021 22:00:00;0;0;720.9;0;628.1;0;150;0;1499;0;-1499
12.05.2021 22:00:00;12.05.2021 23:00:00;0;0;767.5;0;484.7;0;150;0;1402.2;0;-1402.2
12.05.2021 23:00:00;13.05.2021 00:00:00;0;0;652.2;0;30.7;0;150;0;832.9;0;-832.9
13.05.2021 00:00:00;13.05.2021 01:00:00;0;0;625.9;0;0;4.8;0;0;625.9;4.8;-621.1
13.05.2021 01:00:00;13.05.2021 02:00:00;0;0;473.9;0;0;225.2;0;0;473.9;225.2;-248.7
13.05.2021 02:00:00;13.05.2021 03:00:00;0;0;464.6;0;0;267.3;0;0;464.6;267.3;-197.3
13.05.2021 03:00:00;13.05.2021 04:00:00;0;0;522.3;0;0;210.1;0;0;522.3;210.1;-312.2
13.05.2021 04:00:00;13.05.2021 05:00:00;0;0;531.1;0;0;191.9;0;0;531.1;191.9;-339.2
13.05.2021 05:00:00;13.05.2021 06:00:00;0;0;651.5;0;62.9;0;150;0;864.4;0;-864.4
13.05.2021 06:00:00;13.05.2021 07:00:00;0;0;775.8;0;650;0;150;0;1575.8;0;-1575.8
13.05.2021 07:00:00;13.05.2021 08:00:00;0;0;800;0;650;0;150;0;1600;0;-1600
13.05.2021 08:00:00;13.05.2021 09:00:00;0;0;800;0;650;0;150;0;1600;0;-1600
13.05.2021 09:00:00;13.05.2021 10:00:00;0;0;800;0;650;0;150;0;1600;0;-1600
13.05.2021 10:00:00;13.05.2021 11:00:00;0;0;800;0;650;0;150;0;1600;0;-1600
13.05.2021 11:00:00;13.05.2021 12:00:00;0;0;800;0;650;0;150;0;1600;0;-1600
13.05.2021 12:00:00;13.05.2021 13:00:00;0;0;800;0;650;0;150;0;1600;0;-1600
13.05.2021 13:00:00;13.05.2021 14:00:00;0;0;800;0;650;0;150;0;1600;0;-1600
13.05.2021 14:00:00;13.05.2021 15:00:00;0;0;800;0;650;0;150;0;1600;0;-1600
13.05.2021 15:00:00;13.05.2021 16:00:00;0;0;800;0;650;0;150;0;1600;0;-1600
13.05.2021 16:00:00;13.05.2021 17:00:00;0;0;800;0;650;0;150;0;1600;0;-1600
13.05.2021 17:00:00;13.05.2021 18:00:00;0;0;800;0;650;0;150;0;1600;0;-1600
13.05.2021 18:00:00;13.05.2021 19:00:00;0;0;800;0;650;0;150;0;1600;0;-1600
13.05.2021 19:00:00;13.05.2021 20:00:00;0;0;800;0;650;0;150;0;1600;0;-1600
13.05.2021 20:00:00;13.05.2021 21:00:00;0;0;800;0;627.3;0;150;0;1577.3;0;-1577.3
13.05.2021 21:00:00;13.05.2021 22:00:00;0;0;800;0;623.8;0;150;0;1573.8;0;-1573.8
13.05.2021 22:00:00;13.05.2021 23:00:00;0;0;800;0;332.1;0;150;0;1282.1;0;-1282.1
13.05.2021 23:00:00;14.05.2021 00:00:00;0;0;774.7;0;0;62.3;0;0;774.7;62.3;-712.4
14.05.2021 00:00:00;14.05.2021 01:00:00;0;0;798.6;0;0;382.7;0;0;798.6;382.7;-415.9
14.05.2021 01:00:00;14.05.2021 02:00:00;0;0;800;0;0;244.4;0;0;800;244.4;-555.6
14.05.2021 02:00:00;14.05.2021 03:00:00;0;0;780.9;0;0;374.4;0;0;780.9;374.4;-406.5
14.05.2021 03:00:00;14.05.2021 04:00:00;0;0;752.7;0;0;400;0;0;752.7;400;-352.7
14.05.2021 04:00:00;14.05.2021 05:00:00;0;0;745.3;0;0;400;0;0;745.3;400;-345.3
14.05.2021 05:00:00;14.05.2021 06:00:00;0;0;800;0;242.9;0;150;0;1192.9;0;-1192.9
14.05.2021 06:00:00;14.05.2021 07:00:00;0;0;800;0;633.7;0;150;0;1583.7;0;-1583.7
14.05.2021 07:00:00;14.05.2021 08:00:00;0;0;800;0;597.3;0;150;0;1547.3;0;-1547.3
14.05.2021 08:00:00;14.05.2021 09:00:00;0;0;800;0;572.1;0;150;0;1522.1;0;-1522.1
14.05.2021 09:00:00;14.05.2021 10:00:00;0;0;800;0;557;0;150;0;1507;0;-1507
14.05.2021 10:00:00;14.05.2021 11:00:00;0;0;800;0;543.8;0;150;0;1493.8;0;-1493.8
14.05.2021 11:00:00;14.05.2021 12:00:00;0;0;800;0;539.7;0;150;0;1489.7;0;-1489.7
14.05.2021 12:00:00;14.05.2021 13:00:00;0;0;800;0;541.2;0;150;0;1491.2;0;-1491.2
14.05.2021 13:00:00;14.05.2021 14:00:00;0;0;800;0;556;0;150;0;1506;0;-1506
14.05.2021 14:00:00;14.05.2021 15:00:00;0;0;800;0;573.4;0;150;0;1523.4;0;-1523.4
14.05.2021 15:00:00;14.05.2021 16:00:00;0;0;800;0;613.9;0;150;0;1563.9;0;-1563.9
14.05.2021 16:00:00;14.05.2021 17:00:00;0;0;800;0;643.4;0;150;0;1593.4;0;-1593.4
14.05.2021 17:00:00;14.05.2021 18:00:00;0;0;800;0;650;0;150;0;1600;0;-1600
14.05.2021 18:00:00;14.05.2021 19:00:00;0;0;800;0;650;0;150;0;1600;0;-1600
14.05.2021 19:00:00;14.05.2021 20:00:00;0;0;800;0;650;0;150;0;1600;0;-1600
14.05.2021 20:00:00;14.05.2021 21:00:00;0;0;800;0;650;0;150;0;1600;0;-1600
14.05.2021 21:00:00;14.05.2021 22:00:00;0;0;800;0;647.3;0;150;0;1597.3;0;-1597.3
14.05.2021 22:00:00;14.05.2021 23:00:00;0;0;774.5;0;214.4;0;150;0;1138.9;0;-1138.9
14.05.2021 23:00:00;15.05.2021 00:00:00;0;0;596.1;0;0;349.3;0;0;596.1;349.3;-246.8
15.05.2021 00:00:00;15.05.2021 01:00:00;0;0;573.1;0;0;222;0;0;573.1;222;-351.1
15.05.2021 01:00:00;15.05.2021 02:00:00;0;0;350.5;0;0;400;0;0;350.5;400;49.5
15.05.2021 02:00:00;15.05.2021 03:00:00;0;0;134.5;0;0;400;0;0;134.5;400;265.5
15.05.2021 03:00:00;15.05.2021 04:00:00;0;0;106.4;0;0;400;0;0;106.4;400;293.6
15.05.2021 04:00:00;15.05.2021 05:00:00;0;0;51.5;0;0;400;0;0;51.5;400;348.5
15.05.2021 05:00:00;15.05.2021 06:00:00;0;0;60.7;0;0;400;0;0;60.7;400;339.3
15.05.2021 06:00:00;15.05.2021 07:00:00;0;0;58.2;0;0;400;0;0;58.2;400;341.8
15.05.2021 07:00:00;15.05.2021 08:00:00;0;0;349.7;0;0;321.1;0;0;349.7;321.1;-28.6
15.05.2021 08:00:00;15.05.2021 09:00:00;0;0;575.6;0;252.7;0;150;0;978.3;0;-978.3
15.05.2021 09:00:00;15.05.2021 10:00:00;0;0;751;0;472.5;0;150;0;1373.5;0;-1373.5
15.05.2021 10:00:00;15.05.2021 11:00:00;0;0;791.8;0;501;0;150;0;1442.8;0;-1442.8
15.05.2021 11:00:00;15.05.2021 12:00:00;0;0;798.8;0;498.1;0;150;0;1446.9;0;-1446.9
15.05.2021 12:00:00;15.05.2021 13:00:00;0;0;799.9;0;486.3;0;150;0;1436.2;0;-1436.2
15.05.2021 13:00:00;15.05.2021 14:00:00;0;0;794.2;0;446.5;0;150;0;1390.7;0;-1390.7
15.05.2021 14:00:00;15.05.2021 15:00:00;0;0;783.1;0;351;0;150;0;1284.1;0;-1284.1
15.05.2021 15:00:00;15.05.2021 16:00:00;0;0;777;0;380.8;0;150;0;1307.8;0;-1307.8
15.05.2021 16:00:00;15.05.2021 17:00:00;0;0;800;0;574.7;0;150;0;1524.7;0;-1524.7
15.05.2021 17:00:00;15.05.2021 18:00:00;0;0;800;0;650;0;150;0;1600;0;-1600
15.05.2021 18:00:00;15.05.2021 19:00:00;0;0;800;0;650;0;150;0;1600;0;-1600
15.05.2021 19:00:00;15.05.2021 20:00:00;0;0;800;0;650;0;150;0;1600;0;-1600
15.05.2021 20:00:00;15.05.2021 21:00:00;0;0;800;0;631.5;0;150;0;1581.5;0;-1581.5
15.05.2021 21:00:00;15.05.2021 22:00:00;0;0;800;0;650;0;150;0;1600;0;-1600
15.05.2021 22:00:00;15.05.2021 23:00:00;0;0;676.3;0;501.9;0;150;0;1328.2;0;-1328.2
15.05.2021 23:00:00;16.05.2021 00:00:00;0;0;587.1;0;82.7;0;150;0;819.8;0;-819.8
16.05.2021 00:00:00;16.05.2021 01:00:00;0;0;361.6;0;0;0;129.3;0;490.9;0;-490.9
16.05.2021 01:00:00;16.05.2021 02:00:00;0;0;383.5;0;0;0;46.5;0;430;0;-430
16.05.2021 02:00:00;16.05.2021 03:00:00;0;0;448.4;0;7;0;150;0;605.4;0;-605.4
16.05.2021 03:00:00;16.05.2021 04:00:00;0;0;419;0;13.8;0;150;0;582.8;0;-582.8
16.05.2021 04:00:00;16.05.2021 05:00:00;0;0;417.1;0;11.2;0;150;0;578.3;0;-578.3
16.05.2021 05:00:00;16.05.2021 06:00:00;0;0;398.6;0;42.3;0;150;0;590.9;0;-590.9
16.05.2021 06:00:00;16.05.2021 07:00:00;0;0;402.6;0;0;0;94.3;0;496.9;0;-496.9
16.05.2021 07:00:00;16.05.2021 08:00:00;0;0;570.2;0;0;0;150;0;720.2;0;-720.2
16.05.2021 08:00:00;16.05.2021 09:00:00;0;0;800;0;377.1;0;150;0;1327.1;0;-1327.1
16.05.2021 09:00:00;16.05.2021 10:00:00;0;0;800;0;650;0;150;0;1600;0;-1600
16.05.2021 10:00:00;16.05.2021 11:00:00;0;0;800;0;478.6;0;150;0;1428.6;0;-1428.6
16.05.2021 11:00:00;16.05.2021 12:00:00;0;0;800;0;650;0;150;0;1600;0;-1600
16.05.2021 12:00:00;16.05.2021 13:00:00;0;0;800;0;359.7;0;150;0;1309.7;0;-1309.7
16.05.2021 13:00:00;16.05.2021 14:00:00;0;0;0;0;0;0;0;75.7;0;75.7;75.7
16.05.2021 14:00:00;16.05.2021 15:00:00;0;0;55.6;0;0;15.7;0;150;55.6;165.7;110.1
16.05.2021 15:00:00;16.05.2021 16:00:00;0;0;399.5;0;0;0;0;0;399.5;0;-399.5
16.05.2021 16:00:00;16.05.2021 17:00:00;0;0;756;0;390.2;0;0;0;1146.2;0;-1146.2
16.05.2021 17:00:00;16.05.2021 18:00:00;0;0;800;0;650;0;150;0;1600;0;-1600
16.05.2021 18:00:00;16.05.2021 19:00:00;0;0;800;0;650;0;150;0;1600;0;-1600
16.05.2021 19:00:00;16.05.2021 20:00:00;0;0;800;0;650;0;150;0;1600;0;-1600
16.05.2021 20:00:00;16.05.2021 21:00:00;0;0;800;0;650;0;150;0;1600;0;-1600
16.05.2021 21:00:00;16.05.2021 22:00:00;0;0;800;0;650;0;150;0;1600;0;-1600
16.05.2021 22:00:00;16.05.2021 23:00:00;0;0;800;0;650;0;150;0;1600;0;-1600
16.05.2021 23:00:00;17.05.2021 00:00:00;0;0;800;0;650;0;150;0;1600;0;-1600
17.05.2021 00:00:00;17.05.2021 01:00:00;0;0;683.7;0;289.8;0;150;0;1123.5;0;-1123.5
17.05.2021 01:00:00;17.05.2021 02:00:00;0;0;677.3;0;300.7;0;150;0;1128;0;-1128
17.05.2021 02:00:00;17.05.2021 03:00:00;0;0;692.9;0;333.9;0;150;0;1176.8;0;-1176.8
17.05.2021 03:00:00;17.05.2021 04:00:00;0;0;734.8;0;414;0;150;0;1298.8;0;-1298.8
17.05.2021 04:00:00;17.05.2021 05:00:00;0;0;793.9;0;561.9;0;150;0;1505.8;0;-1505.8
17.05.2021 05:00:00;17.05.2021 06:00:00;0;0;800;0;650;0;150;0;1600;0;-1600
17.05.2021 06:00:00;17.05.2021 07:00:00;0;0;800;0;650;0;150;0;1600;0;-1600
17.05.2021 07:00:00;17.05.2021 08:00:00;0;0;800;0;650;0;150;0;1600;0;-1600
17.05.2021 08:00:00;17.05.2021 09:00:00;0;0;800;0;650;0;150;0;1600;0;-1600
17.05.2021 09:00:00;17.05.2021 10:00:00;0;0;800;0;650;0;150;0;1600;0;-1600
17.05.2021 10:00:00;17.05.2021 11:00:00;0;0;800;0;650;0;150;0;1600;0;-1600
17.05.2021 11:00:00;17.05.2021 12:00:00;0;0;800;0;650;0;150;0;1600;0;-1600
17.05.2021 12:00:00;17.05.2021 13:00:00;0;0;800;0;650;0;150;0;1600;0;-1600
17.05.2021 13:00:00;17.05.2021 14:00:00;0;0;800;0;650;0;150;0;1600;0;-1600
17.05.2021 14:00:00;17.05.2021 15:00:00;0;0;800;0;650;0;150;0;1600;0;-1600
17.05.2021 15:00:00;17.05.2021 16:00:00;0;0;800;0;650;0;150;0;1600;0;-1600
17.05.2021 16:00:00;17.05.2021 17:00:00;0;0;800;0;650;0;150;0;1600;0;-1600
17.05.2021 17:00:00;17.05.2021 18:00:00;0;0;800;0;650;0;150;0;1600;0;-1600
17.05.2021 18:00:00;17.05.2021 19:00:00;0;0;800;0;650;0;150;0;1600;0;-1600
17.05.2021 19:00:00;17.05.2021 20:00:00;0;0;800;0;650;0;150;0;1600;0;-1600
17.05.2021 20:00:00;17.05.2021 21:00:00;0;0;800;0;650;0;150;0;1600;0;-1600
17.05.2021 21:00:00;17.05.2021 22:00:00;0;0;800;0;650;0;150;0;1600;0;-1600
17.05.2021 22:00:00;17.05.2021 23:00:00;0;0;800;0;650;0;150;0;1600;0;-1600
17.05.2021 23:00:00;18.05.2021 00:00:00;0;0;800;0;624.9;0;150;0;1574.9;0;-1574.9
18.05.2021 00:00:00;18.05.2021 01:00:00;0;0;800;0;141.5;0;150;0;1091.5;0;-1091.5
18.05.2021 01:00:00;18.05.2021 02:00:00;0;0;715.7;0;0;0;111.1;0;826.8;0;-826.8
18.05.2021 02:00:00;18.05.2021 03:00:00;0;0;657.1;0;0;0;127.9;0;785;0;-785
18.05.2021 03:00:00;18.05.2021 04:00:00;0;0;746.2;0;73.1;0;150;0;969.3;0;-969.3
18.05.2021 04:00:00;18.05.2021 05:00:00;0;0;745;0;325.1;0;150;0;1220.1;0;-1220.1
18.05.2021 05:00:00;18.05.2021 06:00:00;0;0;800;0;650;0;150;0;1600;0;-1600
18.05.2021 06:00:00;18.05.2021 07:00:00;0;0;800;0;650;0;150;0;1600;0;-1600
18.05.2021 07:00:00;18.05.2021 08:00:00;0;0;800;0;583.5;0;150;0;1533.5;0;-1533.5
18.05.2021 08:00:00;18.05.2021 09:00:00;0;0;800;0;611.2;0;150;0;1561.2;0;-1561.2
18.05.2021 09:00:00;18.05.2021 10:00:00;0;0;800;0;650;0;150;0;1600;0;-1600
18.05.2021 10:00:00;18.05.2021 11:00:00;0;0;800;0;650;0;150;0;1600;0;-1600
18.05.2021 11:00:00;18.05.2021 12:00:00;0;0;800;0;650;0;150;0;1600;0;-1600
18.05.2021 12:00:00;18.05.2021 13:00:00;0;0;800;0;650;0;150;0;1600;0;-1600
18.05.2021 13:00:00;18.05.2021 14:00:00;0;0;800;0;600;0;150;0;1550;0;-1550
18.05.2021 14:00:00;18.05.2021 15:00:00;0;0;800;0;600;0;150;0;1550;0;-1550
18.05.2021 15:00:00;18.05.2021 16:00:00;0;0;800;0;600;0;150;0;1550;0;-1550
18.05.2021 16:00:00;18.05.2021 17:00:00;0;0;800;0;600;0;150;0;1550;0;-1550
18.05.2021 17:00:00;18.05.2021 18:00:00;0;0;800;0;600;0;150;0;1550;0;-1550
18.05.2021 18:00:00;18.05.2021 19:00:00;0;0;800;0;600;0;150;0;1550;0;-1550
18.05.2021 19:00:00;18.05.2021 20:00:00;0;0;793.4;0;650;0;150;0;1593.4;0;-1593.4
18.05.2021 20:00:00;18.05.2021 21:00:00;0;0;800;0;631.1;0;150;0;1581.1;0;-1581.1
18.05.2021 21:00:00;18.05.2021 22:00:00;0;0;800;0;630.9;0;150;0;1580.9;0;-1580.9
18.05.2021 22:00:00;18.05.2021 23:00:00;0;0;800;0;641.6;0;150;0;1591.6;0;-1591.6
18.05.2021 23:00:00;19.05.2021 00:00:00;0;0;800;0;647.9;0;150;0;1597.9;0;-1597.9
19.05.2021 00:00:00;19.05.2021 01:00:00;0;0;800;0;650;0;150;0;1600;0;-1600
19.05.2021 01:00:00;19.05.2021 02:00:00;0;0;800;0;650;0;150;0;1600;0;-1600
19.05.2021 02:00:00;19.05.2021 03:00:00;0;0;800;0;650;0;150;0;1600;0;-1600
19.05.2021 03:00:00;19.05.2021 04:00:00;0;0;800;0;650;0;150;0;1600;0;-1600
19.05.2021 04:00:00;19.05.2021 05:00:00;0;0;800;0;650;0;150;0;1600;0;-1600
19.05.2021 05:00:00;19.05.2021 06:00:00;0;0;800;0;650;0;150;0;1600;0;-1600
19.05.2021 06:00:00;19.05.2021 07:00:00;0;0;800;0;650;0;150;0;1600;0;-1600
19.05.2021 07:00:00;19.05.2021 08:00:00;0;0;200;0;500;0;100;0;800;0;-800
19.05.2021 08:00:00;19.05.2021 09:00:00;0;0;200;0;500;0;100;0;800;0;-800
19.05.2021 09:00:00;19.05.2021 10:00:00;0;0;200;0;500;0;100;0;800;0;-800
19.05.2021 10:00:00;19.05.2021 11:00:00;0;0;200;0;500;0;100;0;800;0;-800
19.05.2021 11:00:00;19.05.2021 12:00:00;0;0;200;0;500;0;100;0;800;0;-800
19.05.2021 12:00:00;19.05.2021 13:00:00;0;0;200;0;500;0;100;0;800;0;-800
19.05.2021 13:00:00;19.05.2021 14:00:00;0;0;200;0;500;0;100;0;800;0;-800
19.05.2021 14:00:00;19.05.2021 15:00:00;0;0;200;0;500;0;100;0;800;0;-800
19.05.2021 15:00:00;19.05.2021 16:00:00;0;0;200;0;500;0;100;0;800;0;-800
19.05.2021 16:00:00;19.05.2021 17:00:00;0;0;200;0;500;0;100;0;800;0;-800
19.05.2021 17:00:00;19.05.2021 18:00:00;0;0;800;0;600;0;150;0;1550;0;-1550
19.05.2021 18:00:00;19.05.2021 19:00:00;0;0;800;0;600;0;150;0;1550;0;-1550
19.05.2021 19:00:00;19.05.2021 20:00:00;0;0;768.5;0;650;0;150;0;1568.5;0;-1568.5
19.05.2021 20:00:00;19.05.2021 21:00:00;0;0;800;0;616.3;0;150;0;1566.3;0;-1566.3
19.05.2021 21:00:00;19.05.2021 22:00:00;0;0;800;0;630.1;0;150;0;1580.1;0;-1580.1
19.05.2021 22:00:00;19.05.2021 23:00:00;0;0;800;0;634.5;0;150;0;1584.5;0;-1584.5
19.05.2021 23:00:00;20.05.2021 00:00:00;0;0;800;0;294.3;0;150;0;1244.3;0;-1244.3
20.05.2021 00:00:00;20.05.2021 01:00:00;0;0;125.1;0;0;400;0;0;125.1;400;274.9
20.05.2021 01:00:00;20.05.2021 02:00:00;0;0;268.8;0;0;400;0;150;268.8;550;281.2
20.05.2021 02:00:00;20.05.2021 03:00:00;0;0;276.8;0;0;400;0;150;276.8;550;273.2
20.05.2021 03:00:00;20.05.2021 04:00:00;0;0;290.8;0;0;400;0;150;290.8;550;259.2
20.05.2021 04:00:00;20.05.2021 05:00:00;0;0;285.1;0;0;400;0;150;285.1;550;264.9
20.05.2021 05:00:00;20.05.2021 06:00:00;0;0;593.8;0;0;69.1;0;0;593.8;69.1;-524.7
20.05.2021 06:00:00;20.05.2021 07:00:00;0;0;582;0;600;0;150;0;1332;0;-1332
20.05.2021 07:00:00;20.05.2021 08:00:00;0;0;744.2;0;600;0;150;0;1494.2;0;-1494.2
20.05.2021 08:00:00;20.05.2021 09:00:00;0;0;731.8;0;600;0;150;0;1481.8;0;-1481.8
20.05.2021 09:00:00;20.05.2021 10:00:00;0;0;722.5;0;600;0;150;0;1472.5;0;-1472.5
20.05.2021 10:00:00;20.05.2021 11:00:00;0;0;720.4;0;600;0;150;0;1470.4;0;-1470.4
20.05.2021 11:00:00;20.05.2021 12:00:00;0;0;707.9;0;600;0;150;0;1457.9;0;-1457.9
20.05.2021 12:00:00;20.05.2021 13:00:00;0;0;708.3;0;600;0;150;0;1458.3;0;-1458.3
20.05.2021 13:00:00;20.05.2021 14:00:00;0;0;722.8;0;600;0;150;0;1472.8;0;-1472.8
20.05.2021 14:00:00;20.05.2021 15:00:00;0;0;740.5;0;600;0;150;0;1490.5;0;-1490.5
20.05.2021 15:00:00;20.05.2021 16:00:00;0;0;754.3;0;600;0;150;0;1504.3;0;-1504.3
20.05.2021 16:00:00;20.05.2021 17:00:00;0;0;765.1;0;600;0;150;0;1515.1;0;-1515.1
20.05.2021 17:00:00;20.05.2021 18:00:00;0;0;796.5;0;650;0;150;0;1596.5;0;-1596.5
20.05.2021 18:00:00;20.05.2021 19:00:00;0;0;800;0;650;0;150;0;1600;0;-1600
20.05.2021 19:00:00;20.05.2021 20:00:00;0;0;800;0;650;0;150;0;1600;0;-1600
20.05.2021 20:00:00;20.05.2021 21:00:00;0;0;797.4;0;650;0;150;0;1597.4;0;-1597.4
20.05.2021 21:00:00;20.05.2021 22:00:00;0;0;797.3;0;650;0;150;0;1597.3;0;-1597.3
20.05.2021 22:00:00;20.05.2021 23:00:00;0;0;798.4;0;650;0;150;0;1598.4;0;-1598.4
20.05.2021 23:00:00;21.05.2021 00:00:00;0;0;800;0;446.2;0;150;0;1396.2;0;-1396.2
21.05.2021 00:00:00;21.05.2021 01:00:00;0;0;651.3;0;0;352.8;0;0;651.3;352.8;-298.5
21.05.2021 01:00:00;21.05.2021 02:00:00;0;0;477.6;0;0;400;0;0;477.6;400;-77.6
21.05.2021 02:00:00;21.05.2021 03:00:00;0;0;265.9;0;0;400;0;150;265.9;550;284.1
21.05.2021 03:00:00;21.05.2021 04:00:00;0;0;192.6;0;0;400;0;150;192.6;550;357.4
21.05.2021 04:00:00;21.05.2021 05:00:00;0;0;188.2;0;0;400;0;150;188.2;550;361.8
21.05.2021 05:00:00;21.05.2021 06:00:00;0;0;463.8;0;0;181.1;0;0;463.8;181.1;-282.7
21.05.2021 06:00:00;21.05.2021 07:00:00;0;0;800;0;518.1;0;150;0;1468.1;0;-1468.1
21.05.2021 07:00:00;21.05.2021 08:00:00;0;0;800;0;565.9;0;150;0;1515.9;0;-1515.9
21.05.2021 08:00:00;21.05.2021 09:00:00;0;0;800;0;545.9;0;150;0;1495.9;0;-1495.9
21.05.2021 09:00:00;21.05.2021 10:00:00;0;0;800;0;553.9;0;150;0;1503.9;0;-1503.9
21.05.2021 10:00:00;21.05.2021 11:00:00;0;0;800;0;640;0;150;0;1590;0;-1590
21.05.2021 11:00:00;21.05.2021 12:00:00;0;0;800;0;505.3;0;150;0;1455.3;0;-1455.3
21.05.2021 12:00:00;21.05.2021 13:00:00;0;0;800;0;83.7;0;150;0;1033.7;0;-1033.7
21.05.2021 13:00:00;21.05.2021 14:00:00;0;0;456.8;0;0;190;0;0;456.8;190;-266.8
21.05.2021 14:00:00;21.05.2021 15:00:00;0;0;354.4;0;0;400;0;136.8;354.4;536.8;182.4
21.05.2021 15:00:00;21.05.2021 16:00:00;0;0;386.8;0;0;400;0;150;386.8;550;163.2
21.05.2021 16:00:00;21.05.2021 17:00:00;0;0;358.5;0;0;400;0;150;358.5;550;191.5
21.05.2021 17:00:00;21.05.2021 18:00:00;0;0;709.3;0;40.1;0;150;0;899.4;0;-899.4
21.05.2021 18:00:00;21.05.2021 19:00:00;0;0;800;0;650;0;150;0;1600;0;-1600
21.05.2021 19:00:00;21.05.2021 20:00:00;0;0;800;0;650;0;150;0;1600;0;-1600
21.05.2021 20:00:00;21.05.2021 21:00:00;0;0;800;0;650;0;150;0;1600;0;-1600
21.05.2021 21:00:00;21.05.2021 22:00:00;0;0;800;0;650;0;150;0;1600;0;-1600
21.05.2021 22:00:00;21.05.2021 23:00:00;0;0;800;0;399.7;0;150;0;1349.7;0;-1349.7
21.05.2021 23:00:00;22.05.2021 00:00:00;0;0;612.8;0;0;0;80.8;0;693.6;0;-693.6
22.05.2021 00:00:00;22.05.2021 01:00:00;0;0;291.4;0;0;302.9;0;0;291.4;302.9;11.5
22.05.2021 01:00:00;22.05.2021 02:00:00;0;0;335.7;0;0;400;0;150;335.7;550;214.3
22.05.2021 02:00:00;22.05.2021 03:00:00;0;0;324.8;0;0;400;0;150;324.8;550;225.2
22.05.2021 03:00:00;22.05.2021 04:00:00;0;0;320.8;0;0;400;0;150;320.8;550;229.2
22.05.2021 04:00:00;22.05.2021 05:00:00;0;0;320.1;0;0;400;0;150;320.1;550;229.9
22.05.2021 05:00:00;22.05.2021 06:00:00;0;0;323;0;0;400;0;150;323;550;227
22.05.2021 06:00:00;22.05.2021 07:00:00;0;0;352.3;0;0;400;0;150;352.3;550;197.7
22.05.2021 07:00:00;22.05.2021 08:00:00;0;0;373.3;0;0;400;0;150;373.3;550;176.7
22.05.2021 08:00:00;22.05.2021 09:00:00;0;0;450.7;0;0;400;0;150;450.7;550;99.3
22.05.2021 09:00:00;22.05.2021 10:00:00;0;0;472.1;0;0;400;0;150;472.1;550;77.9
22.05.2021 10:00:00;22.05.2021 11:00:00;0;0;562.6;0;0;400;0;150;562.6;550;-12.6
22.05.2021 11:00:00;22.05.2021 12:00:00;0;0;555.8;0;0;213.7;0;150;555.8;363.7;-192.1
22.05.2021 12:00:00;22.05.2021 13:00:00;0;0;364;0;0;169.3;0;150;364;319.3;-44.7
22.05.2021 13:00:00;22.05.2021 14:00:00;0;0;390;0;0;343.6;0;150;390;493.6;103.6
22.05.2021 14:00:00;22.05.2021 15:00:00;0;0;425.7;0;0;400;0;150;425.7;550;124.3
22.05.2021 15:00:00;22.05.2021 16:00:00;0;0;412;0;0;400;0;150;412;550;138
22.05.2021 16:00:00;22.05.2021 17:00:00;0;0;364.4;0;0;316.6;0;150;364.4;466.6;102.2
22.05.2021 17:00:00;22.05.2021 18:00:00;0;0;418.7;0;72.2;0;0;0;490.9;0;-490.9
22.05.2021 18:00:00;22.05.2021 19:00:00;0;0;792;0;62.1;0;44.3;0;898.4;0;-898.4
22.05.2021 19:00:00;22.05.2021 20:00:00;0;0;800;0;650;0;150;0;1600;0;-1600
22.05.2021 20:00:00;22.05.2021 21:00:00;0;0;800;0;650;0;150;0;1600;0;-1600
22.05.2021 21:00:00;22.05.2021 22:00:00;0;0;800;0;650;0;150;0;1600;0;-1600
22.05.2021 22:00:00;22.05.2021 23:00:00;0;0;700.8;0;529.3;0;150;0;1380.1;0;-1380.1
22.05.2021 23:00:00;23.05.2021 00:00:00;0;0;606.1;0;513.7;0;150;0;1269.8;0;-1269.8
23.05.2021 00:00:00;23.05.2021 01:00:00;0;0;128.5;0;115.8;0;150;0;394.3;0;-394.3
23.05.2021 01:00:00;23.05.2021 02:00:00;0;0;24.9;0;0;128.9;0;150;24.9;278.9;254
23.05.2021 02:00:00;23.05.2021 03:00:00;0;0;0;0;0;72.4;0;150;0;222.4;222.4
23.05.2021 03:00:00;23.05.2021 04:00:00;0;0;0;0;0;137.5;0;150;0;287.5;287.5
23.05.2021 04:00:00;23.05.2021 05:00:00;0;0;0;0;0;117.5;0;150;0;267.5;267.5
23.05.2021 05:00:00;23.05.2021 06:00:00;0;0;0;0;0;154.2;0;150;0;304.2;304.2
23.05.2021 06:00:00;23.05.2021 07:00:00;0;0;0;0;0;173.6;0;150;0;323.6;323.6
23.05.2021 07:00:00;23.05.2021 08:00:00;0;0;74.2;0;0;229.7;0;150;74.2;379.7;305.5
23.05.2021 08:00:00;23.05.2021 09:00:00;0;0;233.2;0;0;400;0;150;233.2;550;316.8
23.05.2021 09:00:00;23.05.2021 10:00:00;0;0;186.4;0;0;400;0;150;186.4;550;363.6
23.05.2021 10:00:00;23.05.2021 11:00:00;0;0;154.1;0;0;400;0;150;154.1;550;395.9
23.05.2021 11:00:00;23.05.2021 12:00:00;0;0;180.1;0;0;400;0;150;180.1;550;369.9
23.05.2021 12:00:00;23.05.2021 13:00:00;0;0;197.6;0;0;400;0;150;197.6;550;352.4
23.05.2021 13:00:00;23.05.2021 14:00:00;0;0;210;0;0;400;0;150;210;550;340
23.05.2021 14:00:00;23.05.2021 15:00:00;0;0;221;0;0;400;0;150;221;550;329
23.05.2021 15:00:00;23.05.2021 16:00:00;0;0;237.5;0;0;400;0;150;237.5;550;312.5
23.05.2021 16:00:00;23.05.2021 17:00:00;0;0;260.2;0;0;400;0;150;260.2;550;289.8
23.05.2021 17:00:00;23.05.2021 18:00:00;0;0;645.6;0;17.9;0;0;0;663.5;0;-663.5
23.05.2021 18:00:00;23.05.2021 19:00:00;0;0;800;0;650;0;150;0;1600;0;-1600
23.05.2021 19:00:00;23.05.2021 20:00:00;0;0;800;0;650;0;150;0;1600;0;-1600
23.05.2021 20:00:00;23.05.2021 21:00:00;0;0;800;0;650;0;150;0;1600;0;-1600
23.05.2021 21:00:00;23.05.2021 22:00:00;0;0;800;0;650;0;150;0;1600;0;-1600
23.05.2021 22:00:00;23.05.2021 23:00:00;0;0;800;0;650;0;150;0;1600;0;-1600
23.05.2021 23:00:00;24.05.2021 00:00:00;0;0;800;0;650;0;150;0;1600;0;-1600
24.05.2021 00:00:00;24.05.2021 01:00:00;0;0;573.3;0;338.6;0;150;0;1061.9;0;-1061.9
24.05.2021 01:00:00;24.05.2021 02:00:00;0;0;677;0;206.1;0;150;0;1033.1;0;-1033.1
24.05.2021 02:00:00;24.05.2021 03:00:00;0;0;449.8;0;0;140;0;0;449.8;140;-309.8
24.05.2021 03:00:00;24.05.2021 04:00:00;0;0;470.7;0;0;400;0;35.7;470.7;435.7;-35
24.05.2021 04:00:00;24.05.2021 05:00:00;0;0;531.6;0;0;400;0;105.2;531.6;505.2;-26.4
24.05.2021 05:00:00;24.05.2021 06:00:00;0;0;332.5;0;0;129.1;0;150;332.5;279.1;-53.4
24.05.2021 06:00:00;24.05.2021 07:00:00;0;0;690.2;0;100;0;150;0;940.2;0;-940.2
24.05.2021 07:00:00;24.05.2021 08:00:00;0;0;800;0;100;0;150;0;1050;0;-1050
24.05.2021 08:00:00;24.05.2021 09:00:00;0;0;800;0;100;0;150;0;1050;0;-1050
24.05.2021 09:00:00;24.05.2021 10:00:00;0;0;800;0;100;0;150;0;1050;0;-1050
24.05.2021 10:00:00;24.05.2021 11:00:00;0;0;800;0;100;0;150;0;1050;0;-1050
24.05.2021 11:00:00;24.05.2021 12:00:00;0;0;800;0;100;0;150;0;1050;0;-1050
24.05.2021 12:00:00;24.05.2021 13:00:00;0;0;800;0;100;0;150;0;1050;0;-1050
24.05.2021 13:00:00;24.05.2021 14:00:00;0;0;800;0;100;0;150;0;1050;0;-1050
24.05.2021 14:00:00;24.05.2021 15:00:00;0;0;800;0;100;0;150;0;1050;0;-1050
24.05.2021 15:00:00;24.05.2021 16:00:00;0;0;800;0;100;0;150;0;1050;0;-1050
24.05.2021 16:00:00;24.05.2021 17:00:00;0;0;800;0;100;0;150;0;1050;0;-1050
24.05.2021 17:00:00;24.05.2021 18:00:00;0;0;800;0;100;0;150;0;1050;0;-1050
24.05.2021 18:00:00;24.05.2021 19:00:00;0;0;800;0;100;0;150;0;1050;0;-1050
24.05.2021 19:00:00;24.05.2021 20:00:00;0;0;800;0;100;0;150;0;1050;0;-1050
24.05.2021 20:00:00;24.05.2021 21:00:00;0;0;800;0;100;0;150;0;1050;0;-1050
24.05.2021 21:00:00;24.05.2021 22:00:00;0;0;800;0;100;0;150;0;1050;0;-1050
24.05.2021 22:00:00;24.05.2021 23:00:00;0;0;800;0;100;0;150;0;1050;0;-1050
24.05.2021 23:00:00;25.05.2021 00:00:00;0;0;800;0;100;0;150;0;1050;0;-1050
25.05.2021 00:00:00;25.05.2021 01:00:00;0;0;800;0;100;0;150;0;1050;0;-1050
25.05.2021 01:00:00;25.05.2021 02:00:00;0;0;800;0;100;0;150;0;1050;0;-1050
25.05.2021 02:00:00;25.05.2021 03:00:00;0;0;800;0;100;0;150;0;1050;0;-1050
25.05.2021 03:00:00;25.05.2021 04:00:00;0;0;800;0;100;0;150;0;1050;0;-1050
25.05.2021 04:00:00;25.05.2021 05:00:00;0;0;800;0;100;0;150;0;1050;0;-1050
25.05.2021 05:00:00;25.05.2021 06:00:00;0;0;800;0;100;0;150;0;1050;0;-1050
25.05.2021 06:00:00;25.05.2021 07:00:00;0;0;800;0;100;0;150;0;1050;0;-1050
25.05.2021 07:00:00;25.05.2021 08:00:00;0;0;800;0;100;0;150;0;1050;0;-1050
25.05.2021 08:00:00;25.05.2021 09:00:00;0;0;800;0;100;0;150;0;1050;0;-1050
25.05.2021 09:00:00;25.05.2021 10:00:00;0;0;700;0;100;0;150;0;950;0;-950
25.05.2021 10:00:00;25.05.2021 11:00:00;0;0;700;0;100;0;150;0;950;0;-950
25.05.2021 11:00:00;25.05.2021 12:00:00;0;0;700;0;100;0;150;0;950;0;-950
25.05.2021 12:00:00;25.05.2021 13:00:00;0;0;700;0;100;0;150;0;950;0;-950
25.05.2021 13:00:00;25.05.2021 14:00:00;0;0;700;0;100;0;150;0;950;0;-950
25.05.2021 14:00:00;25.05.2021 15:00:00;0;0;700;0;100;0;150;0;950;0;-950
25.05.2021 15:00:00;25.05.2021 16:00:00;0;0;700;0;100;0;150;0;950;0;-950
25.05.2021 16:00:00;25.05.2021 17:00:00;0;0;700;0;100;0;150;0;950;0;-950
25.05.2021 17:00:00;25.05.2021 18:00:00;0;0;700;0;100;0;150;0;950;0;-950
25.05.2021 18:00:00;25.05.2021 19:00:00;0;0;700;0;100;0;150;0;950;0;-950
25.05.2021 19:00:00;25.05.2021 20:00:00;0;0;700;0;100;0;150;0;950;0;-950
25.05.2021 20:00:00;25.05.2021 21:00:00;0;0;700;0;100;0;150;0;950;0;-950
25.05.2021 21:00:00;25.05.2021 22:00:00;0;0;700;0;100;0;150;0;950;0;-950
25.05.2021 22:00:00;25.05.2021 23:00:00;0;0;700;0;100;0;150;0;950;0;-950
25.05.2021 23:00:00;26.05.2021 00:00:00;0;0;700;0;100;0;150;0;950;0;-950
26.05.2021 00:00:00;26.05.2021 01:00:00;0;0;298.8;0;85.7;0;100;0;484.5;0;-484.5
26.05.2021 01:00:00;26.05.2021 02:00:00;0;0;239;0;0;5;0;0;239;5;-234
26.05.2021 02:00:00;26.05.2021 03:00:00;0;0;220;0;0;37.7;0;0;220;37.7;-182.3
26.05.2021 03:00:00;26.05.2021 04:00:00;0;0;223.4;0;0;54.4;0;0;223.4;54.4;-169
26.05.2021 04:00:00;26.05.2021 05:00:00;0;0;200.9;0;0;13.3;0;0;200.9;13.3;-187.6
26.05.2021 05:00:00;26.05.2021 06:00:00;0;0;650;0;100;0;100;0;850;0;-850
26.05.2021 06:00:00;26.05.2021 07:00:00;0;0;650;0;100;0;100;0;850;0;-850
26.05.2021 07:00:00;26.05.2021 08:00:00;0;0;650;0;100;0;100;0;850;0;-850
26.05.2021 08:00:00;26.05.2021 09:00:00;0;0;650;0;100;0;100;0;850;0;-850
26.05.2021 09:00:00;26.05.2021 10:00:00;0;0;650;0;100;0;100;0;850;0;-850
26.05.2021 10:00:00;26.05.2021 11:00:00;0;0;650;0;100;0;100;0;850;0;-850
26.05.2021 11:00:00;26.05.2021 12:00:00;0;0;650;0;100;0;100;0;850;0;-850
26.05.2021 12:00:00;26.05.2021 13:00:00;0;0;650;0;100;0;100;0;850;0;-850
26.05.2021 13:00:00;26.05.2021 14:00:00;0;0;650;0;100;0;100;0;850;0;-850
26.05.2021 14:00:00;26.05.2021 15:00:00;0;0;650;0;100;0;100;0;850;0;-850
26.05.2021 15:00:00;26.05.2021 16:00:00;0;0;650;0;100;0;100;0;850;0;-850
26.05.2021 16:00:00;26.05.2021 17:00:00;0;0;650;0;100;0;100;0;850;0;-850
26.05.2021 17:00:00;26.05.2021 18:00:00;0;0;650;0;100;0;100;0;850;0;-850
26.05.2021 18:00:00;26.05.2021 19:00:00;0;0;650;0;100;0;100;0;850;0;-850
26.05.2021 19:00:00;26.05.2021 20:00:00;0;0;650;0;100;0;100;0;850;0;-850
26.05.2021 20:00:00;26.05.2021 21:00:00;0;0;650;0;100;0;100;0;850;0;-850
26.05.2021 21:00:00;26.05.2021 22:00:00;0;0;650;0;100;0;100;0;850;0;-850
26.05.2021 22:00:00;26.05.2021 23:00:00;0;0;650;0;100;0;100;0;850;0;-850
26.05.2021 23:00:00;27.05.2021 00:00:00;0;0;603.9;0;100;0;100;0;803.9;0;-803.9
27.05.2021 00:00:00;27.05.2021 01:00:00;0;0;284.6;0;0;321.3;0;0;284.6;321.3;36.7
27.05.2021 01:00:00;27.05.2021 02:00:00;0;0;229.1;0;0;400;0;37.6;229.1;437.6;208.5
27.05.2021 02:00:00;27.05.2021 03:00:00;0;0;218.5;0;0;400;0;15.4;218.5;415.4;196.9
27.05.2021 03:00:00;27.05.2021 04:00:00;0;0;178.8;0;0;357.4;0;0;178.8;357.4;178.6
27.05.2021 04:00:00;27.05.2021 05:00:00;0;0;161.9;0;0;332.8;0;0;161.9;332.8;170.9
27.05.2021 05:00:00;27.05.2021 06:00:00;0;0;491.9;0;100;0;100;0;691.9;0;-691.9
27.05.2021 06:00:00;27.05.2021 07:00:00;0;0;600;0;100;0;100;0;800;0;-800
27.05.2021 07:00:00;27.05.2021 08:00:00;0;0;600;0;100;0;100;0;800;0;-800
27.05.2021 08:00:00;27.05.2021 09:00:00;0;0;600;0;100;0;100;0;800;0;-800
27.05.2021 09:00:00;27.05.2021 10:00:00;0;0;600;0;100;0;100;0;800;0;-800
27.05.2021 10:00:00;27.05.2021 11:00:00;0;0;600;0;100;0;100;0;800;0;-800
27.05.2021 11:00:00;27.05.2021 12:00:00;0;0;600;0;100;0;100;0;800;0;-800
27.05.2021 12:00:00;27.05.2021 13:00:00;0;0;600;0;100;0;100;0;800;0;-800
27.05.2021 13:00:00;27.05.2021 14:00:00;0;0;600;0;100;0;100;0;800;0;-800
27.05.2021 14:00:00;27.05.2021 15:00:00;0;0;600;0;100;0;100;0;800;0;-800
27.05.2021 15:00:00;27.05.2021 16:00:00;0;0;600;0;100;0;100;0;800;0;-800
27.05.2021 16:00:00;27.05.2021 17:00:00;0;0;600;0;100;0;100;0;800;0;-800
27.05.2021 17:00:00;27.05.2021 18:00:00;0;0;600;0;100;0;100;0;800;0;-800
27.05.2021 18:00:00;27.05.2021 19:00:00;0;0;600;0;100;0;100;0;800;0;-800
27.05.2021 19:00:00;27.05.2021 20:00:00;0;0;600;0;100;0;100;0;800;0;-800
27.05.2021 20:00:00;27.05.2021 21:00:00;0;0;600;0;100;0;100;0;800;0;-800
27.05.2021 21:00:00;27.05.2021 22:00:00;0;0;600;0;100;0;100;0;800;0;-800
27.05.2021 22:00:00;27.05.2021 23:00:00;0;0;600;0;100;0;100;0;800;0;-800
27.05.2021 23:00:00;28.05.2021 00:00:00;0;0;600;0;100;0;100;0;800;0;-800
28.05.2021 00:00:00;28.05.2021 01:00:00;0;0;600;0;100;0;100;0;800;0;-800
28.05.2021 01:00:00;28.05.2021 02:00:00;0;0;600;0;100;0;100;0;800;0;-800
28.05.2021 02:00:00;28.05.2021 03:00:00;0;0;600;0;100;0;100;0;800;0;-800
28.05.2021 03:00:00;28.05.2021 04:00:00;0;0;600;0;100;0;100;0;800;0;-800
28.05.2021 04:00:00;28.05.2021 05:00:00;0;0;600;0;100;0;100;0;800;0;-800
28.05.2021 05:00:00;28.05.2021 06:00:00;0;0;600;0;100;0;100;0;800;0;-800
28.05.2021 06:00:00;28.05.2021 07:00:00;0;0;600;0;100;0;100;0;800;0;-800
28.05.2021 07:00:00;28.05.2021 08:00:00;0;0;600;0;100;0;100;0;800;0;-800
28.05.2021 08:00:00;28.05.2021 09:00:00;0;0;600;0;100;0;100;0;800;0;-800
28.05.2021 09:00:00;28.05.2021 10:00:00;0;0;600;0;100;0;100;0;800;0;-800
28.05.2021 10:00:00;28.05.2021 11:00:00;0;0;600;0;100;0;100;0;800;0;-800
28.05.2021 11:00:00;28.05.2021 12:00:00;0;0;600;0;100;0;100;0;800;0;-800
28.05.2021 12:00:00;28.05.2021 13:00:00;0;0;600;0;100;0;100;0;800;0;-800
28.05.2021 13:00:00;28.05.2021 14:00:00;0;0;600;0;100;0;100;0;800;0;-800
28.05.2021 14:00:00;28.05.2021 15:00:00;0;0;600;0;100;0;100;0;800;0;-800
28.05.2021 15:00:00;28.05.2021 16:00:00;0;0;600;0;100;0;100;0;800;0;-800
28.05.2021 16:00:00;28.05.2021 17:00:00;0;0;600;0;100;0;100;0;800;0;-800
28.05.2021 17:00:00;28.05.2021 18:00:00;0;0;600;0;100;0;100;0;800;0;-800
28.05.2021 18:00:00;28.05.2021 19:00:00;0;0;600;0;100;0;100;0;800;0;-800
28.05.2021 19:00:00;28.05.2021 20:00:00;0;0;600;0;100;0;100;0;800;0;-800
28.05.2021 20:00:00;28.05.2021 21:00:00;0;0;600;0;100;0;100;0;800;0;-800
28.05.2021 21:00:00;28.05.2021 22:00:00;0;0;600;0;100;0;100;0;800;0;-800
28.05.2021 22:00:00;28.05.2021 23:00:00;0;0;600;0;100;0;100;0;800;0;-800
28.05.2021 23:00:00;29.05.2021 00:00:00;0;0;600;0;100;0;100;0;800;0;-800
29.05.2021 00:00:00;29.05.2021 01:00:00;0;0;600;0;100;0;100;0;800;0;-800
29.05.2021 01:00:00;29.05.2021 02:00:00;0;0;600;0;100;0;100;0;800;0;-800
29.05.2021 02:00:00;29.05.2021 03:00:00;0;0;600;0;100;0;100;0;800;0;-800
29.05.2021 03:00:00;29.05.2021 04:00:00;0;0;600;0;100;0;100;0;800;0;-800
29.05.2021 04:00:00;29.05.2021 05:00:00;0;0;600;0;100;0;100;0;800;0;-800
29.05.2021 05:00:00;29.05.2021 06:00:00;0;0;600;0;100;0;100;0;800;0;-800
29.05.2021 06:00:00;29.05.2021 07:00:00;0;0;600;0;100;0;100;0;800;0;-800
29.05.2021 07:00:00;29.05.2021 08:00:00;0;0;600;0;100;0;100;0;800;0;-800
29.05.2021 08:00:00;29.05.2021 09:00:00;0;0;600;0;100;0;100;0;800;0;-800
29.05.2021 09:00:00;29.05.2021 10:00:00;0;0;600;0;100;0;100;0;800;0;-800
29.05.2021 10:00:00;29.05.2021 11:00:00;0;0;600;0;100;0;100;0;800;0;-800
29.05.2021 11:00:00;29.05.2021 12:00:00;0;0;600;0;100;0;100;0;800;0;-800
29.05.2021 12:00:00;29.05.2021 13:00:00;0;0;600;0;100;0;100;0;800;0;-800
29.05.2021 13:00:00;29.05.2021 14:00:00;0;0;600;0;100;0;100;0;800;0;-800
29.05.2021 14:00:00;29.05.2021 15:00:00;0;0;576;0;100;0;100;0;776;0;-776
29.05.2021 15:00:00;29.05.2021 16:00:00;0;0;600;0;100;0;100;0;800;0;-800
29.05.2021 16:00:00;29.05.2021 17:00:00;0;0;600;0;100;0;100;0;800;0;-800
29.05.2021 17:00:00;29.05.2021 18:00:00;0;0;600;0;100;0;100;0;800;0;-800
29.05.2021 18:00:00;29.05.2021 19:00:00;0;0;600;0;100;0;100;0;800;0;-800
29.05.2021 19:00:00;29.05.2021 20:00:00;0;0;600;0;100;0;100;0;800;0;-800
29.05.2021 20:00:00;29.05.2021 21:00:00;0;0;600;0;100;0;100;0;800;0;-800
29.05.2021 21:00:00;29.05.2021 22:00:00;0;0;600;0;100;0;100;0;800;0;-800
29.05.2021 22:00:00;29.05.2021 23:00:00;0;0;600;0;100;0;100;0;800;0;-800
29.05.2021 23:00:00;30.05.2021 00:00:00;0;0;600;0;100;0;100;0;800;0;-800
30.05.2021 00:00:00;30.05.2021 01:00:00;0;0;600;0;100;0;100;0;800;0;-800
30.05.2021 01:00:00;30.05.2021 02:00:00;0;0;600;0;100;0;100;0;800;0;-800
30.05.2021 02:00:00;30.05.2021 03:00:00;0;0;600;0;100;0;100;0;800;0;-800
30.05.2021 03:00:00;30.05.2021 04:00:00;0;0;600;0;100;0;100;0;800;0;-800
30.05.2021 04:00:00;30.05.2021 05:00:00;0;0;600;0;100;0;100;0;800;0;-800
30.05.2021 05:00:00;30.05.2021 06:00:00;0;0;600;0;100;0;100;0;800;0;-800
30.05.2021 06:00:00;30.05.2021 07:00:00;0;0;600;0;100;0;100;0;800;0;-800
30.05.2021 07:00:00;30.05.2021 08:00:00;0;0;600;0;100;0;100;0;800;0;-800
30.05.2021 08:00:00;30.05.2021 09:00:00;0;0;600;0;100;0;100;0;800;0;-800
30.05.2021 09:00:00;30.05.2021 10:00:00;0;0;600;0;100;0;100;0;800;0;-800
30.05.2021 10:00:00;30.05.2021 11:00:00;0;0;441.2;0;0;273.6;0;150;441.2;423.6;-17.6
30.05.2021 11:00:00;30.05.2021 12:00:00;0;0;491.5;0;0;400;0;150;491.5;550;58.5
30.05.2021 12:00:00;30.05.2021 13:00:00;0;0;508.2;0;0;400;0;150;508.2;550;41.8
30.05.2021 13:00:00;30.05.2021 14:00:00;0;0;522.5;0;0;400;0;150;522.5;550;27.5
30.05.2021 14:00:00;30.05.2021 15:00:00;0;0;522.6;0;0;400;0;150;522.6;550;27.4
30.05.2021 15:00:00;30.05.2021 16:00:00;0;0;535.3;0;0;400;0;150;535.3;550;14.7
30.05.2021 16:00:00;30.05.2021 17:00:00;0;0;381.6;0;0;84.1;0;150;381.6;234.1;-147.5
30.05.2021 17:00:00;30.05.2021 18:00:00;0;0;600;0;100;0;100;0;800;0;-800
30.05.2021 18:00:00;30.05.2021 19:00:00;0;0;600;0;100;0;100;0;800;0;-800
30.05.2021 19:00:00;30.05.2021 20:00:00;0;0;600;0;100;0;100;0;800;0;-800
30.05.2021 20:00:00;30.05.2021 21:00:00;0;0;600;0;100;0;100;0;800;0;-800
30.05.2021 21:00:00;30.05.2021 22:00:00;0;0;600;0;100;0;100;0;800;0;-800
30.05.2021 22:00:00;30.05.2021 23:00:00;0;0;600;0;100;0;100;0;800;0;-800
30.05.2021 23:00:00;31.05.2021 00:00:00;0;0;600;0;0;0;5.8;0;605.8;0;-605.8
31.05.2021 00:00:00;31.05.2021 01:00:00;0;0;600;0;0;155.1;0;0;600;155.1;-444.9
31.05.2021 01:00:00;31.05.2021 02:00:00;0;0;600;0;0;319.5;0;0;600;319.5;-280.5
31.05.2021 02:00:00;31.05.2021 03:00:00;0;0;592;0;0;306.1;0;0;592;306.1;-285.9
31.05.2021 03:00:00;31.05.2021 04:00:00;0;0;591.1;0;0;331.7;0;0;591.1;331.7;-259.4
31.05.2021 04:00:00;31.05.2021 05:00:00;0;0;560.2;0;0;111.8;0;0;560.2;111.8;-448.4
31.05.2021 05:00:00;31.05.2021 06:00:00;0;0;600;0;100;0;100;0;800;0;-800
31.05.2021 06:00:00;31.05.2021 07:00:00;0;0;600;0;100;0;100;0;800;0;-800
31.05.2021 07:00:00;31.05.2021 08:00:00;0;0;600;0;100;0;100;0;800;0;-800
31.05.2021 08:00:00;31.05.2021 09:00:00;0;0;500;0;0;0;100;0;600;0;-600
31.05.2021 09:00:00;31.05.2021 10:00:00;0;0;500;0;0;0;100;0;600;0;-600
31.05.2021 10:00:00;31.05.2021 11:00:00;0;0;500;0;0;0;100;0;600;0;-600
31.05.2021 11:00:00;31.05.2021 12:00:00;0;0;500;0;0;0;100;0;600;0;-600
31.05.2021 12:00:00;31.05.2021 13:00:00;0;0;500;0;0;0;100;0;600;0;-600
31.05.2021 13:00:00;31.05.2021 14:00:00;0;0;500;0;0;0;100;0;600;0;-600
31.05.2021 14:00:00;31.05.2021 15:00:00;0;0;500;0;0;0;100;0;600;0;-600
31.05.2021 15:00:00;31.05.2021 16:00:00;0;0;500;0;0;0;100;0;600;0;-600
31.05.2021 16:00:00;31.05.2021 17:00:00;0;0;600;0;100;0;100;0;800;0;-800
31.05.2021 17:00:00;31.05.2021 18:00:00;0;0;600;0;100;0;100;0;800;0;-800
31.05.2021 18:00:00;31.05.2021 19:00:00;0;0;600;0;100;0;100;0;800;0;-800
31.05.2021 19:00:00;31.05.2021 20:00:00;0;0;600;0;100;0;100;0;800;0;-800
31.05.2021 20:00:00;31.05.2021 21:00:00;0;0;600;0;100;0;100;0;800;0;-800
31.05.2021 21:00:00;31.05.2021 22:00:00;0;0;600;0;100;0;100;0;800;0;-800
31.05.2021 22:00:00;31.05.2021 23:00:00;0;0;600;0;100;0;100;0;800;0;-800
31.05.2021 23:00:00;01.06.2021 00:00:00;0;0;600;0;100;0;100;0;800;0;-800
01.06.2021 00:00:00;01.06.2021 01:00:00;0;0;600;0;100;0;100;0;800;0;-800
01.06.2021 01:00:00;01.06.2021 02:00:00;0;0;600;0;100;0;100;0;800;0;-800
01.06.2021 02:00:00;01.06.2021 03:00:00;0;0;600;0;100;0;100;0;800;0;-800
01.06.2021 03:00:00;01.06.2021 04:00:00;0;0;600;0;100;0;100;0;800;0;-800
01.06.2021 04:00:00;01.06.2021 05:00:00;0;0;600;0;100;0;100;0;800;0;-800
01.06.2021 05:00:00;01.06.2021 06:00:00;0;0;600;0;100;0;100;0;800;0;-800
01.06.2021 06:00:00;01.06.2021 07:00:00;0;0;600;0;100;0;100;0;800;0;-800
01.06.2021 07:00:00;01.06.2021 08:00:00;0;0;600;0;100;0;100;0;800;0;-800
01.06.2021 08:00:00;01.06.2021 09:00:00;0;0;600;0;100;0;100;0;800;0;-800
01.06.2021 09:00:00;01.06.2021 10:00:00;0;0;600;0;100;0;100;0;800;0;-800
01.06.2021 10:00:00;01.06.2021 11:00:00;0;0;600;0;100;0;100;0;800;0;-800
01.06.2021 11:00:00;01.06.2021 12:00:00;0;0;600;0;100;0;100;0;800;0;-800
01.06.2021 12:00:00;01.06.2021 13:00:00;0;0;600;0;100;0;100;0;800;0;-800
01.06.2021 13:00:00;01.06.2021 14:00:00;0;0;600;0;100;0;100;0;800;0;-800
01.06.2021 14:00:00;01.06.2021 15:00:00;0;0;600;0;100;0;100;0;800;0;-800
01.06.2021 15:00:00;01.06.2021 16:00:00;0;0;600;0;100;0;100;0;800;0;-800
01.06.2021 16:00:00;01.06.2021 17:00:00;0;0;600;0;100;0;100;0;800;0;-800
01.06.2021 17:00:00;01.06.2021 18:00:00;0;0;600;0;100;0;100;0;800;0;-800
01.06.2021 18:00:00;01.06.2021 19:00:00;0;0;600;0;100;0;100;0;800;0;-800
01.06.2021 19:00:00;01.06.2021 20:00:00;0;0;600;0;100;0;100;0;800;0;-800
01.06.2021 20:00:00;01.06.2021 21:00:00;0;0;600;0;100;0;100;0;800;0;-800
01.06.2021 21:00:00;01.06.2021 22:00:00;0;0;600;0;100;0;100;0;800;0;-800
01.06.2021 22:00:00;01.06.2021 23:00:00;0;0;600;0;100;0;100;0;800;0;-800
01.06.2021 23:00:00;02.06.2021 00:00:00;0;0;600;0;100;0;100;0;800;0;-800
02.06.2021 00:00:00;02.06.2021 01:00:00;0;0;600;0;100;0;100;0;800;0;-800
02.06.2021 01:00:00;02.06.2021 02:00:00;0;0;600;0;100;0;100;0;800;0;-800
02.06.2021 02:00:00;02.06.2021 03:00:00;0;0;600;0;100;0;100;0;800;0;-800
02.06.2021 03:00:00;02.06.2021 04:00:00;0;0;600;0;100;0;100;0;800;0;-800
02.06.2021 04:00:00;02.06.2021 05:00:00;0;0;600;0;100;0;100;0;800;0;-800
02.06.2021 05:00:00;02.06.2021 06:00:00;0;0;600;0;100;0;100;0;800;0;-800
02.06.2021 06:00:00;02.06.2021 07:00:00;0;0;600;0;100;0;100;0;800;0;-800
02.06.2021 07:00:00;02.06.2021 08:00:00;0;0;600;0;100;0;100;0;800;0;-800
02.06.2021 08:00:00;02.06.2021 09:00:00;0;0;600;0;100;0;100;0;800;0;-800
02.06.2021 09:00:00;02.06.2021 10:00:00;0;0;600;0;100;0;100;0;800;0;-800
02.06.2021 10:00:00;02.06.2021 11:00:00;0;0;600;0;100;0;100;0;800;0;-800
02.06.2021 11:00:00;02.06.2021 12:00:00;0;0;600;0;100;0;100;0;800;0;-800
02.06.2021 12:00:00;02.06.2021 13:00:00;0;0;600;0;100;0;100;0;800;0;-800
02.06.2021 13:00:00;02.06.2021 14:00:00;0;0;600;0;100;0;100;0;800;0;-800
02.06.2021 14:00:00;02.06.2021 15:00:00;0;0;600;0;100;0;100;0;800;0;-800
02.06.2021 15:00:00;02.06.2021 16:00:00;0;0;600;0;100;0;100;0;800;0;-800
02.06.2021 16:00:00;02.06.2021 17:00:00;0;0;600;0;100;0;100;0;800;0;-800
02.06.2021 17:00:00;02.06.2021 18:00:00;0;0;600;0;100;0;100;0;800;0;-800
02.06.2021 18:00:00;02.06.2021 19:00:00;0;0;600;0;100;0;100;0;800;0;-800
02.06.2021 19:00:00;02.06.2021 20:00:00;0;0;600;0;100;0;100;0;800;0;-800
02.06.2021 20:00:00;02.06.2021 21:00:00;0;0;600;0;100;0;100;0;800;0;-800
02.06.2021 21:00:00;02.06.2021 22:00:00;0;0;600;0;100;0;100;0;800;0;-800
02.06.2021 22:00:00;02.06.2021 23:00:00;0;0;600;0;100;0;100;0;800;0;-800
02.06.2021 23:00:00;03.06.2021 00:00:00;0;0;600;0;100;0;100;0;800;0;-800
03.06.2021 00:00:00;03.06.2021 01:00:00;0;0;600;0;100;0;100;0;800;0;-800
03.06.2021 01:00:00;03.06.2021 02:00:00;0;0;600;0;100;0;100;0;800;0;-800
03.06.2021 02:00:00;03.06.2021 03:00:00;0;0;600;0;100;0;100;0;800;0;-800
03.06.2021 03:00:00;03.06.2021 04:00:00;0;0;600;0;100;0;100;0;800;0;-800
03.06.2021 04:00:00;03.06.2021 05:00:00;0;0;600;0;100;0;100;0;800;0;-800
03.06.2021 05:00:00;03.06.2021 06:00:00;0;0;600;0;100;0;100;0;800;0;-800
03.06.2021 06:00:00;03.06.2021 07:00:00;0;0;600;0;100;0;100;0;800;0;-800
03.06.2021 07:00:00;03.06.2021 08:00:00;0;0;600;0;100;0;100;0;800;0;-800
03.06.2021 08:00:00;03.06.2021 09:00:00;0;0;600;0;100;0;100;0;800;0;-800
03.06.2021 09:00:00;03.06.2021 10:00:00;0;0;600;0;100;0;100;0;800;0;-800
03.06.2021 10:00:00;03.06.2021 11:00:00;0;0;600;0;100;0;100;0;800;0;-800
03.06.2021 11:00:00;03.06.2021 12:00:00;0;0;600;0;100;0;100;0;800;0;-800
03.06.2021 12:00:00;03.06.2021 13:00:00;0;0;600;0;100;0;100;0;800;0;-800
03.06.2021 13:00:00;03.06.2021 14:00:00;0;0;600;0;100;0;100;0;800;0;-800
03.06.2021 14:00:00;03.06.2021 15:00:00;0;0;600;0;100;0;100;0;800;0;-800
03.06.2021 15:00:00;03.06.2021 16:00:00;0;0;600;0;100;0;100;0;800;0;-800
03.06.2021 16:00:00;03.06.2021 17:00:00;0;0;600;0;100;0;100;0;800;0;-800
03.06.2021 17:00:00;03.06.2021 18:00:00;0;0;600;0;100;0;100;0;800;0;-800
03.06.2021 18:00:00;03.06.2021 19:00:00;0;0;600;0;100;0;100;0;800;0;-800
03.06.2021 19:00:00;03.06.2021 20:00:00;0;0;600;0;100;0;100;0;800;0;-800
03.06.2021 20:00:00;03.06.2021 21:00:00;0;0;600;0;100;0;100;0;800;0;-800
03.06.2021 21:00:00;03.06.2021 22:00:00;0;0;600;0;100;0;100;0;800;0;-800
03.06.2021 22:00:00;03.06.2021 23:00:00;0;0;600;0;100;0;100;0;800;0;-800
03.06.2021 23:00:00;04.06.2021 00:00:00;0;0;600;0;100;0;100;0;800;0;-800
04.06.2021 00:00:00;04.06.2021 01:00:00;0;0;600;0;100;0;100;0;800;0;-800
04.06.2021 01:00:00;04.06.2021 02:00:00;0;0;600;0;100;0;100;0;800;0;-800
04.06.2021 02:00:00;04.06.2021 03:00:00;0;0;600;0;100;0;100;0;800;0;-800
04.06.2021 03:00:00;04.06.2021 04:00:00;0;0;600;0;100;0;100;0;800;0;-800
04.06.2021 04:00:00;04.06.2021 05:00:00;0;0;600;0;100;0;100;0;800;0;-800
04.06.2021 05:00:00;04.06.2021 06:00:00;0;0;600;0;100;0;100;0;800;0;-800
04.06.2021 06:00:00;04.06.2021 07:00:00;0;0;600;0;100;0;100;0;800;0;-800
04.06.2021 07:00:00;04.06.2021 08:00:00;0;0;600;0;100;0;100;0;800;0;-800
04.06.2021 08:00:00;04.06.2021 09:00:00;0;0;600;0;100;0;100;0;800;0;-800
04.06.2021 09:00:00;04.06.2021 10:00:00;0;0;600;0;100;0;100;0;800;0;-800
04.06.2021 10:00:00;04.06.2021 11:00:00;0;0;600;0;100;0;100;0;800;0;-800
04.06.2021 11:00:00;04.06.2021 12:00:00;0;0;600;0;100;0;100;0;800;0;-800
04.06.2021 12:00:00;04.06.2021 13:00:00;0;0;600;0;100;0;100;0;800;0;-800
04.06.2021 13:00:00;04.06.2021 14:00:00;0;0;600;0;100;0;100;0;800;0;-800
04.06.2021 14:00:00;04.06.2021 15:00:00;0;0;600;0;100;0;100;0;800;0;-800
04.06.2021 15:00:00;04.06.2021 16:00:00;0;0;600;0;100;0;100;0;800;0;-800
04.06.2021 16:00:00;04.06.2021 17:00:00;0;0;600;0;100;0;100;0;800;0;-800
04.06.2021 17:00:00;04.06.2021 18:00:00;0;0;600;0;100;0;100;0;800;0;-800
04.06.2021 18:00:00;04.06.2021 19:00:00;0;0;600;0;100;0;100;0;800;0;-800
04.06.2021 19:00:00;04.06.2021 20:00:00;0;0;600;0;100;0;100;0;800;0;-800
04.06.2021 20:00:00;04.06.2021 21:00:00;0;0;600;0;100;0;100;0;800;0;-800
04.06.2021 21:00:00;04.06.2021 22:00:00;0;0;600;0;100;0;100;0;800;0;-800
04.06.2021 22:00:00;04.06.2021 23:00:00;0;0;600;0;100;0;100;0;800;0;-800
04.06.2021 23:00:00;05.06.2021 00:00:00;0;0;600;0;100;0;100;0;800;0;-800
05.06.2021 00:00:00;05.06.2021 01:00:00;0;0;600;0;100;0;100;0;800;0;-800
05.06.2021 01:00:00;05.06.2021 02:00:00;0;0;600;0;100;0;100;0;800;0;-800
05.06.2021 02:00:00;05.06.2021 03:00:00;0;0;600;0;100;0;100;0;800;0;-800
05.06.2021 03:00:00;05.06.2021 04:00:00;0;0;600;0;100;0;100;0;800;0;-800
05.06.2021 04:00:00;05.06.2021 05:00:00;0;0;600;0;100;0;100;0;800;0;-800
05.06.2021 05:00:00;05.06.2021 06:00:00;0;0;600;0;100;0;100;0;800;0;-800
05.06.2021 06:00:00;05.06.2021 07:00:00;0;0;600;0;100;0;100;0;800;0;-800
05.06.2021 07:00:00;05.06.2021 08:00:00;0;0;600;0;100;0;100;0;800;0;-800
05.06.2021 08:00:00;05.06.2021 09:00:00;0;0;600;0;100;0;100;0;800;0;-800
05.06.2021 09:00:00;05.06.2021 10:00:00;0;0;600;0;100;0;100;0;800;0;-800
05.06.2021 10:00:00;05.06.2021 11:00:00;0;0;600;0;100;0;100;0;800;0;-800
05.06.2021 11:00:00;05.06.2021 12:00:00;0;0;600;0;100;0;100;0;800;0;-800
05.06.2021 12:00:00;05.06.2021 13:00:00;0;0;600;0;100;0;100;0;800;0;-800
05.06.2021 13:00:00;05.06.2021 14:00:00;0;0;600;0;100;0;100;0;800;0;-800
05.06.2021 14:00:00;05.06.2021 15:00:00;0;0;600;0;100;0;100;0;800;0;-800
05.06.2021 15:00:00;05.06.2021 16:00:00;0;0;600;0;100;0;100;0;800;0;-800
05.06.2021 16:00:00;05.06.2021 17:00:00;0;0;600;0;100;0;100;0;800;0;-800
05.06.2021 17:00:00;05.06.2021 18:00:00;0;0;600;0;100;0;100;0;800;0;-800
05.06.2021 18:00:00;05.06.2021 19:00:00;0;0;600;0;100;0;100;0;800;0;-800
05.06.2021 19:00:00;05.06.2021 20:00:00;0;0;600;0;100;0;100;0;800;0;-800
05.06.2021 20:00:00;05.06.2021 21:00:00;0;0;600;0;100;0;100;0;800;0;-800
05.06.2021 21:00:00;05.06.2021 22:00:00;0;0;600;0;100;0;100;0;800;0;-800
05.06.2021 22:00:00;05.06.2021 23:00:00;0;0;600;0;100;0;100;0;800;0;-800
05.06.2021 23:00:00;06.06.2021 00:00:00;0;0;600;0;100;0;100;0;800;0;-800
06.06.2021 00:00:00;06.06.2021 01:00:00;0;0;600;0;100;0;100;0;800;0;-800
06.06.2021 01:00:00;06.06.2021 02:00:00;0;0;600;0;100;0;100;0;800;0;-800
06.06.2021 02:00:00;06.06.2021 03:00:00;0;0;600;0;100;0;100;0;800;0;-800
06.06.2021 03:00:00;06.06.2021 04:00:00;0;0;600;0;100;0;100;0;800;0;-800
06.06.2021 04:00:00;06.06.2021 05:00:00;0;0;600;0;100;0;100;0;800;0;-800
06.06.2021 05:00:00;06.06.2021 06:00:00;0;0;600;0;100;0;100;0;800;0;-800
06.06.2021 06:00:00;06.06.2021 07:00:00;0;0;600;0;100;0;100;0;800;0;-800
06.06.2021 07:00:00;06.06.2021 08:00:00;0;0;600;0;100;0;100;0;800;0;-800
06.06.2021 08:00:00;06.06.2021 09:00:00;0;0;600;0;100;0;100;0;800;0;-800
06.06.2021 09:00:00;06.06.2021 10:00:00;0;0;600;0;100;0;100;0;800;0;-800
06.06.2021 10:00:00;06.06.2021 11:00:00;0;0;600;0;100;0;100;0;800;0;-800
06.06.2021 11:00:00;06.06.2021 12:00:00;0;0;600;0;100;0;100;0;800;0;-800
06.06.2021 12:00:00;06.06.2021 13:00:00;0;0;600;0;100;0;100;0;800;0;-800
06.06.2021 13:00:00;06.06.2021 14:00:00;0;0;600;0;100;0;100;0;800;0;-800
06.06.2021 14:00:00;06.06.2021 15:00:00;0;0;600;0;100;0;100;0;800;0;-800
06.06.2021 15:00:00;06.06.2021 16:00:00;0;0;600;0;100;0;100;0;800;0;-800
06.06.2021 16:00:00;06.06.2021 17:00:00;0;0;600;0;100;0;100;0;800;0;-800
06.06.2021 17:00:00;06.06.2021 18:00:00;0;0;600;0;100;0;100;0;800;0;-800
06.06.2021 18:00:00;06.06.2021 19:00:00;0;0;600;0;100;0;100;0;800;0;-800
06.06.2021 19:00:00;06.06.2021 20:00:00;0;0;600;0;100;0;100;0;800;0;-800
06.06.2021 20:00:00;06.06.2021 21:00:00;0;0;600;0;100;0;100;0;800;0;-800
06.06.2021 21:00:00;06.06.2021 22:00:00;0;0;600;0;100;0;100;0;800;0;-800
06.06.2021 22:00:00;06.06.2021 23:00:00;0;0;600;0;100;0;100;0;800;0;-800
06.06.2021 23:00:00;07.06.2021 00:00:00;0;0;600;0;100;0;100;0;800;0;-800
07.06.2021 00:00:00;07.06.2021 01:00:00;0;0;600;0;100;0;100;0;800;0;-800
07.06.2021 01:00:00;07.06.2021 02:00:00;0;0;600;0;100;0;100;0;800;0;-800
07.06.2021 02:00:00;07.06.2021 03:00:00;0;0;600;0;100;0;100;0;800;0;-800
07.06.2021 03:00:00;07.06.2021 04:00:00;0;0;600;0;100;0;100;0;800;0;-800
07.06.2021 04:00:00;07.06.2021 05:00:00;0;0;600;0;100;0;100;0;800;0;-800
07.06.2021 05:00:00;07.06.2021 06:00:00;0;0;600;0;100;0;100;0;800;0;-800
07.06.2021 06:00:00;07.06.2021 07:00:00;0;0;600;0;100;0;100;0;800;0;-800
07.06.2021 07:00:00;07.06.2021 08:00:00;0;0;100;0;100;0;50;0;250;0;-250
07.06.2021 08:00:00;07.06.2021 09:00:00;0;0;100;0;100;0;50;0;250;0;-250
07.06.2021 09:00:00;07.06.2021 10:00:00;0;0;100;0;100;0;50;0;250;0;-250
07.06.2021 10:00:00;07.06.2021 11:00:00;0;0;100;0;100;0;50;0;250;0;-250
07.06.2021 11:00:00;07.06.2021 12:00:00;0;0;100;0;100;0;50;0;250;0;-250
07.06.2021 12:00:00;07.06.2021 13:00:00;0;0;100;0;100;0;50;0;250;0;-250
07.06.2021 13:00:00;07.06.2021 14:00:00;0;0;100;0;100;0;50;0;250;0;-250
07.06.2021 14:00:00;07.06.2021 15:00:00;0;0;100;0;100;0;50;0;250;0;-250
07.06.2021 15:00:00;07.06.2021 16:00:00;0;0;100;0;100;0;50;0;250;0;-250
07.06.2021 16:00:00;07.06.2021 17:00:00;0;0;100;0;100;0;50;0;250;0;-250
07.06.2021 17:00:00;07.06.2021 18:00:00;0;0;100;0;100;0;50;0;250;0;-250
07.06.2021 18:00:00;07.06.2021 19:00:00;0;0;100;0;100;0;50;0;250;0;-250
07.06.2021 19:00:00;07.06.2021 20:00:00;0;0;100;0;100;0;50;0;250;0;-250
07.06.2021 20:00:00;07.06.2021 21:00:00;0;0;100;0;100;0;50;0;250;0;-250
07.06.2021 21:00:00;07.06.2021 22:00:00;0;0;100;0;100;0;50;0;250;0;-250
07.06.2021 22:00:00;07.06.2021 23:00:00;0;0;100;0;100;0;50;0;250;0;-250
07.06.2021 23:00:00;08.06.2021 00:00:00;0;0;100;0;100;0;50;0;250;0;-250
08.06.2021 00:00:00;08.06.2021 01:00:00;0;0;100;0;100;0;50;0;250;0;-250
08.06.2021 01:00:00;08.06.2021 02:00:00;0;0;100;0;100;0;50;0;250;0;-250
08.06.2021 02:00:00;08.06.2021 03:00:00;0;0;100;0;100;0;50;0;250;0;-250
08.06.2021 03:00:00;08.06.2021 04:00:00;0;0;100;0;100;0;50;0;250;0;-250
08.06.2021 04:00:00;08.06.2021 05:00:00;0;0;100;0;100;0;50;0;250;0;-250
08.06.2021 05:00:00;08.06.2021 06:00:00;0;0;100;0;100;0;50;0;250;0;-250
08.06.2021 06:00:00;08.06.2021 07:00:00;0;0;100;0;100;0;50;0;250;0;-250
08.06.2021 07:00:00;08.06.2021 08:00:00;0;0;100;0;100;0;50;0;250;0;-250
08.06.2021 08:00:00;08.06.2021 09:00:00;0;0;100;0;100;0;50;0;250;0;-250
08.06.2021 09:00:00;08.06.2021 10:00:00;0;0;100;0;100;0;50;0;250;0;-250
08.06.2021 10:00:00;08.06.2021 11:00:00;0;0;100;0;100;0;50;0;250;0;-250
08.06.2021 11:00:00;08.06.2021 12:00:00;0;0;100;0;100;0;50;0;250;0;-250
08.06.2021 12:00:00;08.06.2021 13:00:00;0;0;100;0;100;0;50;0;250;0;-250
08.06.2021 13:00:00;08.06.2021 14:00:00;0;0;100;0;100;0;50;0;250;0;-250
08.06.2021 14:00:00;08.06.2021 15:00:00;0;0;100;0;100;0;50;0;250;0;-250
08.06.2021 15:00:00;08.06.2021 16:00:00;0;0;100;0;100;0;50;0;250;0;-250
08.06.2021 16:00:00;08.06.2021 17:00:00;0;0;100;0;100;0;50;0;250;0;-250
08.06.2021 17:00:00;08.06.2021 18:00:00;0;0;100;0;100;0;50;0;250;0;-250
08.06.2021 18:00:00;08.06.2021 19:00:00;0;0;100;0;100;0;50;0;250;0;-250
08.06.2021 19:00:00;08.06.2021 20:00:00;0;0;100;0;100;0;50;0;250;0;-250
08.06.2021 20:00:00;08.06.2021 21:00:00;0;0;100;0;100;0;50;0;250;0;-250
08.06.2021 21:00:00;08.06.2021 22:00:00;0;0;100;0;100;0;50;0;250;0;-250
08.06.2021 22:00:00;08.06.2021 23:00:00;0;0;100;0;100;0;50;0;250;0;-250
08.06.2021 23:00:00;09.06.2021 00:00:00;0;0;100;0;100;0;50;0;250;0;-250
09.06.2021 00:00:00;09.06.2021 01:00:00;0;0;100;0;100;0;50;0;250;0;-250
09.06.2021 01:00:00;09.06.2021 02:00:00;0;0;100;0;100;0;50;0;250;0;-250
09.06.2021 02:00:00;09.06.2021 03:00:00;0;0;100;0;100;0;50;0;250;0;-250
09.06.2021 03:00:00;09.06.2021 04:00:00;0;0;100;0;100;0;50;0;250;0;-250
09.06.2021 04:00:00;09.06.2021 05:00:00;0;0;100;0;100;0;50;0;250;0;-250
09.06.2021 05:00:00;09.06.2021 06:00:00;0;0;100;0;100;0;50;0;250;0;-250
09.06.2021 06:00:00;09.06.2021 07:00:00;0;0;100;0;100;0;50;0;250;0;-250
09.06.2021 07:00:00;09.06.2021 08:00:00;0;0;100;0;100;0;50;0;250;0;-250
09.06.2021 08:00:00;09.06.2021 09:00:00;0;0;100;0;100;0;50;0;250;0;-250
09.06.2021 09:00:00;09.06.2021 10:00:00;0;0;100;0;100;0;50;0;250;0;-250
09.06.2021 10:00:00;09.06.2021 11:00:00;0;0;100;0;100;0;50;0;250;0;-250
09.06.2021 11:00:00;09.06.2021 12:00:00;0;0;100;0;100;0;50;0;250;0;-250
09.06.2021 12:00:00;09.06.2021 13:00:00;0;0;100;0;100;0;50;0;250;0;-250
09.06.2021 13:00:00;09.06.2021 14:00:00;0;0;100;0;100;0;50;0;250;0;-250
09.06.2021 14:00:00;09.06.2021 15:00:00;0;0;100;0;100;0;50;0;250;0;-250
09.06.2021 15:00:00;09.06.2021 16:00:00;0;0;100;0;100;0;50;0;250;0;-250
09.06.2021 16:00:00;09.06.2021 17:00:00;0;0;100;0;100;0;50;0;250;0;-250
09.06.2021 17:00:00;09.06.2021 18:00:00;0;0;100;0;100;0;50;0;250;0;-250
09.06.2021 18:00:00;09.06.2021 19:00:00;0;0;100;0;100;0;50;0;250;0;-250
09.06.2021 19:00:00;09.06.2021 20:00:00;0;0;100;0;100;0;50;0;250;0;-250
09.06.2021 20:00:00;09.06.2021 21:00:00;0;0;100;0;100;0;50;0;250;0;-250
09.06.2021 21:00:00;09.06.2021 22:00:00;0;0;100;0;100;0;50;0;250;0;-250
09.06.2021 22:00:00;09.06.2021 23:00:00;0;0;100;0;100;0;50;0;250;0;-250
09.06.2021 23:00:00;10.06.2021 00:00:00;0;0;100;0;100;0;50;0;250;0;-250
10.06.2021 00:00:00;10.06.2021 01:00:00;0;0;100;0;100;0;50;0;250;0;-250
10.06.2021 01:00:00;10.06.2021 02:00:00;0;0;100;0;100;0;50;0;250;0;-250
10.06.2021 02:00:00;10.06.2021 03:00:00;0;0;100;0;100;0;50;0;250;0;-250
10.06.2021 03:00:00;10.06.2021 04:00:00;0;0;100;0;100;0;50;0;250;0;-250
10.06.2021 04:00:00;10.06.2021 05:00:00;0;0;100;0;100;0;50;0;250;0;-250
10.06.2021 05:00:00;10.06.2021 06:00:00;0;0;100;0;100;0;50;0;250;0;-250
10.06.2021 06:00:00;10.06.2021 07:00:00;0;0;100;0;100;0;50;0;250;0;-250
10.06.2021 07:00:00;10.06.2021 08:00:00;0;0;100;0;100;0;50;0;250;0;-250
10.06.2021 08:00:00;10.06.2021 09:00:00;0;0;100;0;100;0;50;0;250;0;-250
10.06.2021 09:00:00;10.06.2021 10:00:00;0;0;100;0;100;0;50;0;250;0;-250
10.06.2021 10:00:00;10.06.2021 11:00:00;0;0;100;0;100;0;50;0;250;0;-250
10.06.2021 11:00:00;10.06.2021 12:00:00;0;0;100;0;100;0;50;0;250;0;-250
10.06.2021 12:00:00;10.06.2021 13:00:00;0;0;100;0;100;0;50;0;250;0;-250
10.06.2021 13:00:00;10.06.2021 14:00:00;0;0;100;0;100;0;50;0;250;0;-250
10.06.2021 14:00:00;10.06.2021 15:00:00;0;0;100;0;100;0;50;0;250;0;-250
10.06.2021 15:00:00;10.06.2021 16:00:00;0;0;100;0;100;0;50;0;250;0;-250
10.06.2021 16:00:00;10.06.2021 17:00:00;0;0;100;0;100;0;50;0;250;0;-250
10.06.2021 17:00:00;10.06.2021 18:00:00;0;0;100;0;100;0;50;0;250;0;-250
10.06.2021 18:00:00;10.06.2021 19:00:00;0;0;100;0;100;0;50;0;250;0;-250
10.06.2021 19:00:00;10.06.2021 20:00:00;0;0;100;0;100;0;50;0;250;0;-250
10.06.2021 20:00:00;10.06.2021 21:00:00;0;0;100;0;100;0;50;0;250;0;-250
10.06.2021 21:00:00;10.06.2021 22:00:00;0;0;100;0;100;0;50;0;250;0;-250
10.06.2021 22:00:00;10.06.2021 23:00:00;0;0;100;0;100;0;50;0;250;0;-250
10.06.2021 23:00:00;11.06.2021 00:00:00;0;0;100;0;100;0;50;0;250;0;-250
11.06.2021 00:00:00;11.06.2021 01:00:00;0;0;100;0;500;0;50;0;650;0;-650
11.06.2021 01:00:00;11.06.2021 02:00:00;0;0;100;0;500;0;50;0;650;0;-650
11.06.2021 02:00:00;11.06.2021 03:00:00;0;0;100;0;500;0;50;0;650;0;-650
11.06.2021 03:00:00;11.06.2021 04:00:00;0;0;100;0;500;0;50;0;650;0;-650
11.06.2021 04:00:00;11.06.2021 05:00:00;0;0;100;0;500;0;50;0;650;0;-650
11.06.2021 05:00:00;11.06.2021 06:00:00;0;0;100;0;500;0;50;0;650;0;-650
11.06.2021 06:00:00;11.06.2021 07:00:00;0;0;100;0;500;0;50;0;650;0;-650
11.06.2021 07:00:00;11.06.2021 08:00:00;0;0;100;0;500;0;50;0;650;0;-650
11.06.2021 08:00:00;11.06.2021 09:00:00;0;0;100;0;500;0;50;0;650;0;-650
11.06.2021 09:00:00;11.06.2021 10:00:00;0;0;100;0;500;0;50;0;650;0;-650
11.06.2021 10:00:00;11.06.2021 11:00:00;0;0;100;0;500;0;50;0;650;0;-650
11.06.2021 11:00:00;11.06.2021 12:00:00;0;0;100;0;500;0;50;0;650;0;-650
11.06.2021 12:00:00;11.06.2021 13:00:00;0;0;100;0;500;0;50;0;650;0;-650
11.06.2021 13:00:00;11.06.2021 14:00:00;0;0;100;0;500;0;50;0;650;0;-650
11.06.2021 14:00:00;11.06.2021 15:00:00;0;0;100;0;500;0;50;0;650;0;-650
11.06.2021 15:00:00;11.06.2021 16:00:00;0;0;100;0;500;0;50;0;650;0;-650
11.06.2021 16:00:00;11.06.2021 17:00:00;0;0;100;0;500;0;50;0;650;0;-650
11.06.2021 17:00:00;11.06.2021 18:00:00;0;0;200;0;500;0;150;0;850;0;-850
11.06.2021 18:00:00;11.06.2021 19:00:00;0;0;200;0;500;0;150;0;850;0;-850
11.06.2021 19:00:00;11.06.2021 20:00:00;0;0;200;0;500;0;150;0;850;0;-850
11.06.2021 20:00:00;11.06.2021 21:00:00;0;0;200;0;322.8;0;150;0;672.8;0;-672.8
11.06.2021 21:00:00;11.06.2021 22:00:00;0;0;200;0;226;0;150;0;576;0;-576
11.06.2021 22:00:00;11.06.2021 23:00:00;0;0;200;0;0;0;142.6;0;342.6;0;-342.6
11.06.2021 23:00:00;12.06.2021 00:00:00;0;0;200;0;0;137.2;0;0;200;137.2;-62.8
12.06.2021 00:00:00;12.06.2021 01:00:00;0;0;200;0;0;134.1;0;0;200;134.1;-65.9
12.06.2021 01:00:00;12.06.2021 02:00:00;0;0;178.1;0;0;101;0;0;178.1;101;-77.1
12.06.2021 02:00:00;12.06.2021 03:00:00;0;0;121;0;0;25;0;0;121;25;-96
12.06.2021 03:00:00;12.06.2021 04:00:00;0;0;102.4;0;0;0.3;0;0;102.4;0.3;-102.1
12.06.2021 04:00:00;12.06.2021 05:00:00;0;0;113.6;0;0;10.1;0;0;113.6;10.1;-103.5
12.06.2021 05:00:00;12.06.2021 06:00:00;0;0;200;0;0;65.2;0;0;200;65.2;-134.8
12.06.2021 06:00:00;12.06.2021 07:00:00;0;0;200;0;0;37.3;0;0;200;37.3;-162.7
12.06.2021 07:00:00;12.06.2021 08:00:00;0;0;200;0;0;0;95.9;0;295.9;0;-295.9
12.06.2021 08:00:00;12.06.2021 09:00:00;0;0;200;0;174.8;0;150;0;524.8;0;-524.8
12.06.2021 09:00:00;12.06.2021 10:00:00;0;0;200;0;301.8;0;150;0;651.8;0;-651.8
12.06.2021 10:00:00;12.06.2021 11:00:00;0;0;200;0;430.8;0;150;0;780.8;0;-780.8
12.06.2021 11:00:00;12.06.2021 12:00:00;0;0;200;0;500;0;150;0;850;0;-850
12.06.2021 12:00:00;12.06.2021 13:00:00;0;0;176.2;0;145.2;0;0;0;321.4;0;-321.4
12.06.2021 13:00:00;12.06.2021 14:00:00;0;0;0;0;54.7;0;0;0;54.7;0;-54.7
12.06.2021 14:00:00;12.06.2021 15:00:00;0;0;0;0;48;0;0;0;48;0;-48
12.06.2021 15:00:00;12.06.2021 16:00:00;0;0;0;0;0;0;0;170.9;0;170.9;170.9
12.06.2021 16:00:00;12.06.2021 17:00:00;0;0;0;0;0;0;0;53.3;0;53.3;53.3
12.06.2021 17:00:00;12.06.2021 18:00:00;0;0;6.5;0;0;111.6;0;200;6.5;311.6;305.1
12.06.2021 18:00:00;12.06.2021 19:00:00;0;0;168.7;0;226.8;0;0;0;395.5;0;-395.5
12.06.2021 19:00:00;12.06.2021 20:00:00;0;0;200;0;500;0;150;0;850;0;-850
12.06.2021 20:00:00;12.06.2021 21:00:00;0;0;200;0;500;0;150;0;850;0;-850
12.06.2021 21:00:00;12.06.2021 22:00:00;0;0;200;0;500;0;150;0;850;0;-850
12.06.2021 22:00:00;12.06.2021 23:00:00;0;0;200;0;500;0;150;0;850;0;-850
12.06.2021 23:00:00;13.06.2021 00:00:00;0;0;200;0;500;0;150;0;850;0;-850
13.06.2021 00:00:00;13.06.2021 01:00:00;0;0;0;0;380;0;0;0;380;0;-380
13.06.2021 01:00:00;13.06.2021 02:00:00;0;0;0.5;0;159.8;0;0;0;160.3;0;-160.3
13.06.2021 02:00:00;13.06.2021 03:00:00;0;0;0;0;173.3;0;0;0;173.3;0;-173.3
13.06.2021 03:00:00;13.06.2021 04:00:00;0;0;12.7;0;82.2;0;0;0;94.9;0;-94.9
13.06.2021 04:00:00;13.06.2021 05:00:00;0;0;0;0;77.6;0;0;0;77.6;0;-77.6
13.06.2021 05:00:00;13.06.2021 06:00:00;0;0;0;0;33.4;0;0;0;33.4;0;-33.4
13.06.2021 06:00:00;13.06.2021 07:00:00;0;0;0;0;47.3;0;0;0;47.3;0;-47.3
13.06.2021 07:00:00;13.06.2021 08:00:00;0;0;56.1;0;243.9;0;0;0;300;0;-300
13.06.2021 08:00:00;13.06.2021 09:00:00;0;0;0;0;97.2;0;0;0;97.2;0;-97.2
13.06.2021 09:00:00;13.06.2021 10:00:00;0;0;0;0;13.9;0;0;0;13.9;0;-13.9
13.06.2021 10:00:00;13.06.2021 11:00:00;0;0;0;0;8.2;0;0;0;8.2;0;-8.2
13.06.2021 11:00:00;13.06.2021 12:00:00;0;0;0;0;0;0;0;100;0;100;100
13.06.2021 12:00:00;13.06.2021 13:00:00;0;0;109.5;0;0;117.7;0;200;109.5;317.7;208.2
13.06.2021 13:00:00;13.06.2021 14:00:00;0;0;188.8;0;0;215.8;0;200;188.8;415.8;227
13.06.2021 14:00:00;13.06.2021 15:00:00;0;0;200;0;0;209.2;0;200;200;409.2;209.2
13.06.2021 15:00:00;13.06.2021 16:00:00;0;0;200;0;0;124.1;0;200;200;324.1;124.1
13.06.2021 16:00:00;13.06.2021 17:00:00;0;0;200;0;0;0;0;60.5;200;60.5;-139.5
13.06.2021 17:00:00;13.06.2021 18:00:00;0;0;200;0;246;0;46.7;0;492.7;0;-492.7
13.06.2021 18:00:00;13.06.2021 19:00:00;0;0;200;0;500;0;150;0;850;0;-850
13.06.2021 19:00:00;13.06.2021 20:00:00;0;0;200;0;500;0;150;0;850;0;-850
13.06.2021 20:00:00;13.06.2021 21:00:00;0;0;200;0;500;0;150;0;850;0;-850
13.06.2021 21:00:00;13.06.2021 22:00:00;0;0;200;0;500;0;150;0;850;0;-850
13.06.2021 22:00:00;13.06.2021 23:00:00;0;0;200;0;500;0;150;0;850;0;-850
13.06.2021 23:00:00;14.06.2021 00:00:00;0;0;200;0;500;0;150;0;850;0;-850
14.06.2021 00:00:00;14.06.2021 01:00:00;0;0;200;0;500;0;150;0;850;0;-850
14.06.2021 01:00:00;14.06.2021 02:00:00;0;0;200;0;500;0;150;0;850;0;-850
14.06.2021 02:00:00;14.06.2021 03:00:00;0;0;200;0;500;0;150;0;850;0;-850
14.06.2021 03:00:00;14.06.2021 04:00:00;0;0;200;0;500;0;150;0;850;0;-850
14.06.2021 04:00:00;14.06.2021 05:00:00;0;0;200;0;500;0;150;0;850;0;-850
14.06.2021 05:00:00;14.06.2021 06:00:00;0;0;200;0;500;0;150;0;850;0;-850
14.06.2021 06:00:00;14.06.2021 07:00:00;0;0;200;0;500;0;150;0;850;0;-850
14.06.2021 07:00:00;14.06.2021 08:00:00;0;0;200;0;500;0;150;0;850;0;-850
14.06.2021 08:00:00;14.06.2021 09:00:00;0;0;200;0;500;0;150;0;850;0;-850
14.06.2021 09:00:00;14.06.2021 10:00:00;0;0;200;0;500;0;100;0;800;0;-800
14.06.2021 10:00:00;14.06.2021 11:00:00;0;0;200;0;500;0;100;0;800;0;-800
14.06.2021 11:00:00;14.06.2021 12:00:00;0;0;200;0;500;0;100;0;800;0;-800
14.06.2021 12:00:00;14.06.2021 13:00:00;0;0;200;0;500;0;100;0;800;0;-800
14.06.2021 13:00:00;14.06.2021 14:00:00;0;0;200;0;500;0;100;0;800;0;-800
14.06.2021 14:00:00;14.06.2021 15:00:00;0;0;200;0;500;0;100;0;800;0;-800
14.06.2021 15:00:00;14.06.2021 16:00:00;0;0;200;0;500;0;100;0;800;0;-800
14.06.2021 16:00:00;14.06.2021 17:00:00;0;0;200;0;500;0;100;0;800;0;-800
14.06.2021 17:00:00;14.06.2021 18:00:00;0;0;200;0;500;0;100;0;800;0;-800
14.06.2021 18:00:00;14.06.2021 19:00:00;0;0;200;0;500;0;100;0;800;0;-800
14.06.2021 19:00:00;14.06.2021 20:00:00;0;0;200;0;500;0;100;0;800;0;-800
14.06.2021 20:00:00;14.06.2021 21:00:00;0;0;200;0;177.2;0;100;0;477.2;0;-477.2
14.06.2021 21:00:00;14.06.2021 22:00:00;0;0;200;0;27;0;100;0;327;0;-327
14.06.2021 22:00:00;14.06.2021 23:00:00;0;0;147.2;0;0;105.1;0;0;147.2;105.1;-42.1
14.06.2021 23:00:00;15.06.2021 00:00:00;0;0;48.3;0;0;226.3;0;0;48.3;226.3;178
15.06.2021 00:00:00;15.06.2021 01:00:00;0;0;65.3;0;0;89;0;103.9;65.3;192.9;127.6
15.06.2021 01:00:00;15.06.2021 02:00:00;0;0;139.6;0;0;233.2;0;150;139.6;383.2;243.6
15.06.2021 02:00:00;15.06.2021 03:00:00;0;0;112.3;0;0;250;0;150;112.3;400;287.7
15.06.2021 03:00:00;15.06.2021 04:00:00;0;0;69.7;0;0;250;0;148;69.7;398;328.3
15.06.2021 04:00:00;15.06.2021 05:00:00;0;0;25.3;0;0;250;0;83.6;25.3;333.6;308.3
15.06.2021 05:00:00;15.06.2021 06:00:00;0;0;79.5;0;0;250;0;0;79.5;250;170.5
15.06.2021 06:00:00;15.06.2021 07:00:00;0;0;200;0;0;0;75.6;0;275.6;0;-275.6
15.06.2021 07:00:00;15.06.2021 08:00:00;0;0;200;0;500;0;100;0;800;0;-800
15.06.2021 08:00:00;15.06.2021 09:00:00;0;0;200;0;500;0;100;0;800;0;-800
15.06.2021 09:00:00;15.06.2021 10:00:00;0;0;200;0;500;0;100;0;800;0;-800
15.06.2021 10:00:00;15.06.2021 11:00:00;0;0;200;0;500;0;100;0;800;0;-800
15.06.2021 11:00:00;15.06.2021 12:00:00;0;0;200;0;500;0;100;0;800;0;-800
15.06.2021 12:00:00;15.06.2021 13:00:00;0;0;200;0;484.3;0;100;0;784.3;0;-784.3
15.06.2021 13:00:00;15.06.2021 14:00:00;0;0;200;0;500;0;100;0;800;0;-800
15.06.2021 14:00:00;15.06.2021 15:00:00;0;0;200;0;500;0;100;0;800;0;-800
15.06.2021 15:00:00;15.06.2021 16:00:00;0;0;200;0;477.7;0;100;0;777.7;0;-777.7
15.06.2021 16:00:00;15.06.2021 17:00:00;0;0;200;0;396.3;0;100;0;696.3;0;-696.3
15.06.2021 17:00:00;15.06.2021 18:00:00;0;0;200;0;442.5;0;100;0;742.5;0;-742.5
15.06.2021 18:00:00;15.06.2021 19:00:00;0;0;200;0;500;0;100;0;800;0;-800
15.06.2021 19:00:00;15.06.2021 20:00:00;0;0;200;0;500;0;100;0;800;0;-800
15.06.2021 20:00:00;15.06.2021 21:00:00;0;0;200;0;255.9;0;100;0;555.9;0;-555.9
15.06.2021 21:00:00;15.06.2021 22:00:00;0;0;200;0;265.6;0;100;0;565.6;0;-565.6
15.06.2021 22:00:00;15.06.2021 23:00:00;0;0;200;0;347;0;100;0;647;0;-647
15.06.2021 23:00:00;16.06.2021 00:00:00;0;0;200;0;499.5;0;100;0;799.5;0;-799.5
16.06.2021 00:00:00;16.06.2021 01:00:00;0;0;200;0;500;0;100;0;800;0;-800
16.06.2021 01:00:00;16.06.2021 02:00:00;0;0;200;0;500;0;100;0;800;0;-800
16.06.2021 02:00:00;16.06.2021 03:00:00;0;0;200;0;500;0;100;0;800;0;-800
16.06.2021 03:00:00;16.06.2021 04:00:00;0;0;200;0;500;0;100;0;800;0;-800
16.06.2021 04:00:00;16.06.2021 05:00:00;0;0;200;0;500;0;100;0;800;0;-800
16.06.2021 05:00:00;16.06.2021 06:00:00;0;0;200;0;500;0;100;0;800;0;-800
16.06.2021 06:00:00;16.06.2021 07:00:00;0;0;200;0;500;0;100;0;800;0;-800
16.06.2021 07:00:00;16.06.2021 08:00:00;0;0;200;0;500;0;100;0;800;0;-800
16.06.2021 08:00:00;16.06.2021 09:00:00;0;0;200;0;500;0;100;0;800;0;-800
16.06.2021 09:00:00;16.06.2021 10:00:00;0;0;200;0;500;0;100;0;800;0;-800
16.06.2021 10:00:00;16.06.2021 11:00:00;0;0;200;0;500;0;100;0;800;0;-800
16.06.2021 11:00:00;16.06.2021 12:00:00;0;0;200;0;500;0;100;0;800;0;-800
16.06.2021 12:00:00;16.06.2021 13:00:00;0;0;200;0;500;0;100;0;800;0;-800
16.06.2021 13:00:00;16.06.2021 14:00:00;0;0;200;0;500;0;100;0;800;0;-800
16.06.2021 14:00:00;16.06.2021 15:00:00;0;0;200;0;500;0;100;0;800;0;-800
16.06.2021 15:00:00;16.06.2021 16:00:00;0;0;200;0;500;0;100;0;800;0;-800
16.06.2021 16:00:00;16.06.2021 17:00:00;0;0;200;0;500;0;100;0;800;0;-800
16.06.2021 17:00:00;16.06.2021 18:00:00;0;0;200;0;500;0;100;0;800;0;-800
16.06.2021 18:00:00;16.06.2021 19:00:00;0;0;200;0;500;0;100;0;800;0;-800
16.06.2021 19:00:00;16.06.2021 20:00:00;0;0;200;0;500;0;100;0;800;0;-800
16.06.2021 20:00:00;16.06.2021 21:00:00;0;0;200;0;500;0;100;0;800;0;-800
16.06.2021 21:00:00;16.06.2021 22:00:00;0;0;200;0;500;0;100;0;800;0;-800
16.06.2021 22:00:00;16.06.2021 23:00:00;0;0;200;0;500;0;100;0;800;0;-800
16.06.2021 23:00:00;17.06.2021 00:00:00;0;0;200;0;500;0;100;0;800;0;-800
17.06.2021 00:00:00;17.06.2021 01:00:00;0;0;200;0;500;0;100;0;800;0;-800
17.06.2021 01:00:00;17.06.2021 02:00:00;0;0;200;0;500;0;100;0;800;0;-800
17.06.2021 02:00:00;17.06.2021 03:00:00;0;0;200;0;500;0;100;0;800;0;-800
17.06.2021 03:00:00;17.06.2021 04:00:00;0;0;200;0;500;0;100;0;800;0;-800
17.06.2021 04:00:00;17.06.2021 05:00:00;0;0;200;0;500;0;100;0;800;0;-800
17.06.2021 05:00:00;17.06.2021 06:00:00;0;0;200;0;500;0;100;0;800;0;-800
17.06.2021 06:00:00;17.06.2021 07:00:00;0;0;200;0;500;0;100;0;800;0;-800
17.06.2021 07:00:00;17.06.2021 08:00:00;0;0;200;0;500;0;100;0;800;0;-800
17.06.2021 08:00:00;17.06.2021 09:00:00;0;0;200;0;500;0;100;0;800;0;-800
17.06.2021 09:00:00;17.06.2021 10:00:00;0;0;200;0;500;0;100;0;800;0;-800
17.06.2021 10:00:00;17.06.2021 11:00:00;0;0;200;0;500;0;100;0;800;0;-800
17.06.2021 11:00:00;17.06.2021 12:00:00;0;0;200;0;500;0;100;0;800;0;-800
17.06.2021 12:00:00;17.06.2021 13:00:00;0;0;200;0;500;0;100;0;800;0;-800
17.06.2021 13:00:00;17.06.2021 14:00:00;0;0;200;0;500;0;100;0;800;0;-800
17.06.2021 14:00:00;17.06.2021 15:00:00;0;0;200;0;500;0;100;0;800;0;-800
17.06.2021 15:00:00;17.06.2021 16:00:00;0;0;200;0;500;0;100;0;800;0;-800
17.06.2021 16:00:00;17.06.2021 17:00:00;0;0;200;0;500;0;100;0;800;0;-800
17.06.2021 17:00:00;17.06.2021 18:00:00;0;0;200;0;500;0;100;0;800;0;-800
17.06.2021 18:00:00;17.06.2021 19:00:00;0;0;200;0;500;0;100;0;800;0;-800
17.06.2021 19:00:00;17.06.2021 20:00:00;0;0;200;0;500;0;100;0;800;0;-800
17.06.2021 20:00:00;17.06.2021 21:00:00;0;0;200;0;500;0;100;0;800;0;-800
17.06.2021 21:00:00;17.06.2021 22:00:00;0;0;200;0;500;0;100;0;800;0;-800
17.06.2021 22:00:00;17.06.2021 23:00:00;0;0;200;0;500;0;100;0;800;0;-800
17.06.2021 23:00:00;18.06.2021 00:00:00;0;0;200;0;384.8;0;100;0;684.8;0;-684.8
18.06.2021 00:00:00;18.06.2021 01:00:00;0;0;200;0;500;0;100;0;800;0;-800
18.06.2021 01:00:00;18.06.2021 02:00:00;0;0;200;0;500;0;100;0;800;0;-800
18.06.2021 02:00:00;18.06.2021 03:00:00;0;0;200;0;500;0;100;0;800;0;-800
18.06.2021 03:00:00;18.06.2021 04:00:00;0;0;200;0;500;0;100;0;800;0;-800
18.06.2021 04:00:00;18.06.2021 05:00:00;0;0;200;0;447;0;100;0;747;0;-747
18.06.2021 05:00:00;18.06.2021 06:00:00;0;0;200;0;310.1;0;100;0;610.1;0;-610.1
18.06.2021 06:00:00;18.06.2021 07:00:00;0;0;200;0;500;0;100;0;800;0;-800
18.06.2021 07:00:00;18.06.2021 08:00:00;0;0;200;0;500;0;100;0;800;0;-800
18.06.2021 08:00:00;18.06.2021 09:00:00;0;0;200;0;500;0;100;0;800;0;-800
18.06.2021 09:00:00;18.06.2021 10:00:00;0;0;200;0;500;0;100;0;800;0;-800
18.06.2021 10:00:00;18.06.2021 11:00:00;0;0;200;0;500;0;100;0;800;0;-800
18.06.2021 11:00:00;18.06.2021 12:00:00;0;0;200;0;500;0;100;0;800;0;-800
18.06.2021 12:00:00;18.06.2021 13:00:00;0;0;200;0;500;0;100;0;800;0;-800
18.06.2021 13:00:00;18.06.2021 14:00:00;0;0;200;0;500;0;100;0;800;0;-800
18.06.2021 14:00:00;18.06.2021 15:00:00;0;0;200;0;500;0;100;0;800;0;-800
18.06.2021 15:00:00;18.06.2021 16:00:00;0;0;200;0;500;0;100;0;800;0;-800
18.06.2021 16:00:00;18.06.2021 17:00:00;0;0;200;0;500;0;150;0;850;0;-850
18.06.2021 17:00:00;18.06.2021 18:00:00;0;0;200;0;465.6;0;150;0;815.6;0;-815.6
18.06.2021 18:00:00;18.06.2021 19:00:00;0;0;200;0;500;0;150;0;850;0;-850
18.06.2021 19:00:00;18.06.2021 20:00:00;0;0;200;0;500;0;150;0;850;0;-850
18.06.2021 20:00:00;18.06.2021 21:00:00;0;0;200;0;312.2;0;150;0;662.2;0;-662.2
18.06.2021 21:00:00;18.06.2021 22:00:00;0;0;200;0;500;0;150;0;850;0;-850
18.06.2021 22:00:00;18.06.2021 23:00:00;0;0;200;0;500;0;150;0;850;0;-850
18.06.2021 23:00:00;19.06.2021 00:00:00;0;0;200;0;500;0;150;0;850;0;-850
19.06.2021 00:00:00;19.06.2021 01:00:00;0;0;200;0;417.1;0;100;0;717.1;0;-717.1
19.06.2021 01:00:00;19.06.2021 02:00:00;0;0;200;0;345.4;0;100;0;645.4;0;-645.4
19.06.2021 02:00:00;19.06.2021 03:00:00;0;0;200;0;279.5;0;100;0;579.5;0;-579.5
19.06.2021 03:00:00;19.06.2021 04:00:00;0;0;200;0;364.8;0;100;0;664.8;0;-664.8
19.06.2021 04:00:00;19.06.2021 05:00:00;0;0;200;0;417.6;0;100;0;717.6;0;-717.6
19.06.2021 05:00:00;19.06.2021 06:00:00;0;0;200;0;500;0;100;0;800;0;-800
19.06.2021 06:00:00;19.06.2021 07:00:00;0;0;200;0;500;0;100;0;800;0;-800
19.06.2021 07:00:00;19.06.2021 08:00:00;0;0;200;0;500;0;100;0;800;0;-800
19.06.2021 08:00:00;19.06.2021 09:00:00;0;0;200;0;500;0;100;0;800;0;-800
19.06.2021 09:00:00;19.06.2021 10:00:00;0;0;200;0;500;0;100;0;800;0;-800
19.06.2021 10:00:00;19.06.2021 11:00:00;0;0;200;0;500;0;100;0;800;0;-800
19.06.2021 11:00:00;19.06.2021 12:00:00;0;0;200;0;500;0;100;0;800;0;-800
19.06.2021 12:00:00;19.06.2021 13:00:00;0;0;200;0;500;0;100;0;800;0;-800
19.06.2021 13:00:00;19.06.2021 14:00:00;0;0;200;0;500;0;100;0;800;0;-800
19.06.2021 14:00:00;19.06.2021 15:00:00;0;0;200;0;500;0;100;0;800;0;-800
19.06.2021 15:00:00;19.06.2021 16:00:00;0;0;200;0;500;0;100;0;800;0;-800
19.06.2021 16:00:00;19.06.2021 17:00:00;0;0;200;0;500;0;150;0;850;0;-850
19.06.2021 17:00:00;19.06.2021 18:00:00;0;0;200;0;500;0;150;0;850;0;-850
19.06.2021 18:00:00;19.06.2021 19:00:00;0;0;200;0;500;0;150;0;850;0;-850
19.06.2021 19:00:00;19.06.2021 20:00:00;0;0;200;0;500;0;150;0;850;0;-850
19.06.2021 20:00:00;19.06.2021 21:00:00;0;0;200;0;500;0;150;0;850;0;-850
19.06.2021 21:00:00;19.06.2021 22:00:00;0;0;200;0;500;0;150;0;850;0;-850
19.06.2021 22:00:00;19.06.2021 23:00:00;0;0;200;0;500;0;150;0;850;0;-850
19.06.2021 23:00:00;20.06.2021 00:00:00;0;0;200;0;500;0;150;0;850;0;-850
20.06.2021 00:00:00;20.06.2021 01:00:00;0;0;200;0;500;0;100;0;800;0;-800
20.06.2021 01:00:00;20.06.2021 02:00:00;0;0;200;0;500;0;100;0;800;0;-800
20.06.2021 02:00:00;20.06.2021 03:00:00;0;0;200;0;500;0;100;0;800;0;-800
20.06.2021 03:00:00;20.06.2021 04:00:00;0;0;200;0;500;0;100;0;800;0;-800
20.06.2021 04:00:00;20.06.2021 05:00:00;0;0;200;0;500;0;100;0;800;0;-800
20.06.2021 05:00:00;20.06.2021 06:00:00;0;0;200;0;500;0;100;0;800;0;-800
20.06.2021 06:00:00;20.06.2021 07:00:00;0;0;200;0;500;0;100;0;800;0;-800
20.06.2021 07:00:00;20.06.2021 08:00:00;0;0;200;0;500;0;100;0;800;0;-800
20.06.2021 08:00:00;20.06.2021 09:00:00;0;0;200;0;500;0;100;0;800;0;-800
20.06.2021 09:00:00;20.06.2021 10:00:00;0;0;200;0;500;0;100;0;800;0;-800
20.06.2021 10:00:00;20.06.2021 11:00:00;0;0;200;0;500;0;100;0;800;0;-800
20.06.2021 11:00:00;20.06.2021 12:00:00;0;0;200;0;500;0;100;0;800;0;-800
20.06.2021 12:00:00;20.06.2021 13:00:00;0;0;200;0;500;0;100;0;800;0;-800
20.06.2021 13:00:00;20.06.2021 14:00:00;0;0;200;0;500;0;100;0;800;0;-800
20.06.2021 14:00:00;20.06.2021 15:00:00;0;0;200;0;500;0;100;0;800;0;-800
20.06.2021 15:00:00;20.06.2021 16:00:00;0;0;200;0;500;0;100;0;800;0;-800
20.06.2021 16:00:00;20.06.2021 17:00:00;0;0;200;0;500;0;150;0;850;0;-850
20.06.2021 17:00:00;20.06.2021 18:00:00;0;0;200;0;500;0;150;0;850;0;-850
20.06.2021 18:00:00;20.06.2021 19:00:00;0;0;200;0;500;0;150;0;850;0;-850
20.06.2021 19:00:00;20.06.2021 20:00:00;0;0;200;0;500;0;150;0;850;0;-850
20.06.2021 20:00:00;20.06.2021 21:00:00;0;0;200;0;500;0;150;0;850;0;-850
20.06.2021 21:00:00;20.06.2021 22:00:00;0;0;200;0;500;0;150;0;850;0;-850
20.06.2021 22:00:00;20.06.2021 23:00:00;0;0;200;0;500;0;150;0;850;0;-850
20.06.2021 23:00:00;21.06.2021 00:00:00;0;0;200;0;500;0;150;0;850;0;-850
21.06.2021 00:00:00;21.06.2021 01:00:00;0;0;200;0;0;0;35.4;0;235.4;0;-235.4
21.06.2021 01:00:00;21.06.2021 02:00:00;0;0;200;0;0;207.7;0;150;200;357.7;157.7
21.06.2021 02:00:00;21.06.2021 03:00:00;0;0;200;0;0;250;0;150;200;400;200
21.06.2021 03:00:00;21.06.2021 04:00:00;0;0;200;0;0;250;0;150;200;400;200
21.06.2021 04:00:00;21.06.2021 05:00:00;0;0;200;0;0;250;0;124.6;200;374.6;174.6
21.06.2021 05:00:00;21.06.2021 06:00:00;0;0;200;0;0;105.7;0;0;200;105.7;-94.3
21.06.2021 06:00:00;21.06.2021 07:00:00;0;0;200;0;466.6;0;100;0;766.6;0;-766.6
21.06.2021 07:00:00;21.06.2021 08:00:00;0;0;200;0;500;0;100;0;800;0;-800
21.06.2021 08:00:00;21.06.2021 09:00:00;0;0;200;0;500;0;100;0;800;0;-800
21.06.2021 09:00:00;21.06.2021 10:00:00;0;0;200;0;500;0;100;0;800;0;-800
21.06.2021 10:00:00;21.06.2021 11:00:00;0;0;200;0;500;0;100;0;800;0;-800
21.06.2021 11:00:00;21.06.2021 12:00:00;0;0;200;0;500;0;100;0;800;0;-800
21.06.2021 12:00:00;21.06.2021 13:00:00;0;0;200;0;500;0;100;0;800;0;-800
21.06.2021 13:00:00;21.06.2021 14:00:00;0;0;200;0;500;0;100;0;800;0;-800
21.06.2021 14:00:00;21.06.2021 15:00:00;0;0;200;0;500;0;100;0;800;0;-800
21.06.2021 15:00:00;21.06.2021 16:00:00;0;0;200;0;500;0;100;0;800;0;-800
21.06.2021 16:00:00;21.06.2021 17:00:00;0;0;200;0;500;0;150;0;850;0;-850
21.06.2021 17:00:00;21.06.2021 18:00:00;0;0;200;0;500;0;150;0;850;0;-850
21.06.2021 18:00:00;21.06.2021 19:00:00;0;0;200;0;500;0;150;0;850;0;-850
21.06.2021 19:00:00;21.06.2021 20:00:00;0;0;200;0;500;0;150;0;850;0;-850
21.06.2021 20:00:00;21.06.2021 21:00:00;0;0;200;0;500;0;150;0;850;0;-850
21.06.2021 21:00:00;21.06.2021 22:00:00;0;0;200;0;500;0;150;0;850;0;-850
21.06.2021 22:00:00;21.06.2021 23:00:00;0;0;200;0;500;0;150;0;850;0;-850
21.06.2021 23:00:00;22.06.2021 00:00:00;0;0;200;0;500;0;150;0;850;0;-850
22.06.2021 00:00:00;22.06.2021 01:00:00;0;0;300;0;500;0;50;0;850;0;-850
22.06.2021 01:00:00;22.06.2021 02:00:00;0;0;300;0;500;0;50;0;850;0;-850
22.06.2021 02:00:00;22.06.2021 03:00:00;0;0;300;0;500;0;50;0;850;0;-850
22.06.2021 03:00:00;22.06.2021 04:00:00;0;0;300;0;500;0;50;0;850;0;-850
22.06.2021 04:00:00;22.06.2021 05:00:00;0;0;300;0;500;0;50;0;850;0;-850
22.06.2021 05:00:00;22.06.2021 06:00:00;0;0;300;0;500;0;50;0;850;0;-850
22.06.2021 06:00:00;22.06.2021 07:00:00;0;0;300;0;500;0;50;0;850;0;-850
22.06.2021 07:00:00;22.06.2021 08:00:00;0;0;300;0;500;0;50;0;850;0;-850
22.06.2021 08:00:00;22.06.2021 09:00:00;0;0;300;0;500;0;50;0;850;0;-850
22.06.2021 09:00:00;22.06.2021 10:00:00;0;0;300;0;500;0;50;0;850;0;-850
22.06.2021 10:00:00;22.06.2021 11:00:00;0;0;300;0;500;0;50;0;850;0;-850
22.06.2021 11:00:00;22.06.2021 12:00:00;0;0;300;0;500;0;50;0;850;0;-850
22.06.2021 12:00:00;22.06.2021 13:00:00;0;0;300;0;500;0;50;0;850;0;-850
22.06.2021 13:00:00;22.06.2021 14:00:00;0;0;300;0;500;0;50;0;850;0;-850
22.06.2021 14:00:00;22.06.2021 15:00:00;0;0;300;0;500;0;50;0;850;0;-850
22.06.2021 15:00:00;22.06.2021 16:00:00;0;0;300;0;500;0;50;0;850;0;-850
22.06.2021 16:00:00;22.06.2021 17:00:00;0;0;300;0;500;0;50;0;850;0;-850
22.06.2021 17:00:00;22.06.2021 18:00:00;0;0;300;0;500;0;50;0;850;0;-850
22.06.2021 18:00:00;22.06.2021 19:00:00;0;0;300;0;500;0;50;0;850;0;-850
22.06.2021 19:00:00;22.06.2021 20:00:00;0;0;300;0;500;0;50;0;850;0;-850
22.06.2021 20:00:00;22.06.2021 21:00:00;0;0;300;0;500;0;50;0;850;0;-850
22.06.2021 21:00:00;22.06.2021 22:00:00;0;0;300;0;500;0;50;0;850;0;-850
22.06.2021 22:00:00;22.06.2021 23:00:00;0;0;300;0;500;0;50;0;850;0;-850
22.06.2021 23:00:00;23.06.2021 00:00:00;0;0;300;0;500;0;50;0;850;0;-850
23.06.2021 00:00:00;23.06.2021 01:00:00;0;0;200;0;500;0;50;0;750;0;-750
23.06.2021 01:00:00;23.06.2021 02:00:00;0;0;200;0;500;0;50;0;750;0;-750
23.06.2021 02:00:00;23.06.2021 03:00:00;0;0;200;0;500;0;50;0;750;0;-750
23.06.2021 03:00:00;23.06.2021 04:00:00;0;0;200;0;500;0;50;0;750;0;-750
23.06.2021 04:00:00;23.06.2021 05:00:00;0;0;200;0;500;0;50;0;750;0;-750
23.06.2021 05:00:00;23.06.2021 06:00:00;0;0;200;0;500;0;50;0;750;0;-750
23.06.2021 06:00:00;23.06.2021 07:00:00;0;0;200;0;500;0;50;0;750;0;-750
23.06.2021 07:00:00;23.06.2021 08:00:00;0;0;200;0;500;0;50;0;750;0;-750
23.06.2021 08:00:00;23.06.2021 09:00:00;0;0;200;0;500;0;50;0;750;0;-750
23.06.2021 09:00:00;23.06.2021 10:00:00;0;0;200;0;500;0;50;0;750;0;-750
23.06.2021 10:00:00;23.06.2021 11:00:00;0;0;200;0;500;0;50;0;750;0;-750
23.06.2021 11:00:00;23.06.2021 12:00:00;0;0;200;0;500;0;50;0;750;0;-750
23.06.2021 12:00:00;23.06.2021 13:00:00;0;0;200;0;500;0;50;0;750;0;-750
23.06.2021 13:00:00;23.06.2021 14:00:00;0;0;200;0;500;0;50;0;750;0;-750
23.06.2021 14:00:00;23.06.2021 15:00:00;0;0;200;0;500;0;50;0;750;0;-750
23.06.2021 15:00:00;23.06.2021 16:00:00;0;0;200;0;500;0;50;0;750;0;-750
23.06.2021 16:00:00;23.06.2021 17:00:00;0;0;200;0;500;0;50;0;750;0;-750
23.06.2021 17:00:00;23.06.2021 18:00:00;0;0;200;0;500;0;50;0;750;0;-750
23.06.2021 18:00:00;23.06.2021 19:00:00;0;0;200;0;500;0;50;0;750;0;-750
23.06.2021 19:00:00;23.06.2021 20:00:00;0;0;200;0;500;0;50;0;750;0;-750
23.06.2021 20:00:00;23.06.2021 21:00:00;0;0;200;0;500;0;50;0;750;0;-750
23.06.2021 21:00:00;23.06.2021 22:00:00;0;0;200;0;500;0;50;0;750;0;-750
23.06.2021 22:00:00;23.06.2021 23:00:00;0;0;200;0;500;0;50;0;750;0;-750
23.06.2021 23:00:00;24.06.2021 00:00:00;0;0;200;0;500;0;50;0;750;0;-750
24.06.2021 00:00:00;24.06.2021 01:00:00;0;0;100;0;500;0;50;0;650;0;-650
24.06.2021 01:00:00;24.06.2021 02:00:00;0;0;100;0;500;0;50;0;650;0;-650
24.06.2021 02:00:00;24.06.2021 03:00:00;0;0;100;0;500;0;50;0;650;0;-650
24.06.2021 03:00:00;24.06.2021 04:00:00;0;0;100;0;500;0;50;0;650;0;-650
24.06.2021 04:00:00;24.06.2021 05:00:00;0;0;100;0;500;0;50;0;650;0;-650
24.06.2021 05:00:00;24.06.2021 06:00:00;0;0;100;0;500;0;50;0;650;0;-650
24.06.2021 06:00:00;24.06.2021 07:00:00;0;0;100;0;500;0;50;0;650;0;-650
24.06.2021 07:00:00;24.06.2021 08:00:00;0;0;100;0;500;0;50;0;650;0;-650
24.06.2021 08:00:00;24.06.2021 09:00:00;0;0;100;0;500;0;50;0;650;0;-650
24.06.2021 09:00:00;24.06.2021 10:00:00;0;0;100;0;500;0;50;0;650;0;-650
24.06.2021 10:00:00;24.06.2021 11:00:00;0;0;100;0;500;0;50;0;650;0;-650
24.06.2021 11:00:00;24.06.2021 12:00:00;0;0;100;0;500;0;50;0;650;0;-650
24.06.2021 12:00:00;24.06.2021 13:00:00;0;0;100;0;500;0;50;0;650;0;-650
24.06.2021 13:00:00;24.06.2021 14:00:00;0;0;100;0;500;0;50;0;650;0;-650
24.06.2021 14:00:00;24.06.2021 15:00:00;0;0;100;0;500;0;50;0;650;0;-650
24.06.2021 15:00:00;24.06.2021 16:00:00;0;0;100;0;500;0;50;0;650;0;-650
24.06.2021 16:00:00;24.06.2021 17:00:00;0;0;100;0;500;0;50;0;650;0;-650
24.06.2021 17:00:00;24.06.2021 18:00:00;0;0;100;0;500;0;50;0;650;0;-650
24.06.2021 18:00:00;24.06.2021 19:00:00;0;0;100;0;500;0;50;0;650;0;-650
24.06.2021 19:00:00;24.06.2021 20:00:00;0;0;100;0;500;0;50;0;650;0;-650
24.06.2021 20:00:00;24.06.2021 21:00:00;0;0;100;0;500;0;50;0;650;0;-650
24.06.2021 21:00:00;24.06.2021 22:00:00;0;0;100;0;500;0;50;0;650;0;-650
24.06.2021 22:00:00;24.06.2021 23:00:00;0;0;100;0;500;0;50;0;650;0;-650
24.06.2021 23:00:00;25.06.2021 00:00:00;0;0;100;0;500;0;50;0;650;0;-650
25.06.2021 00:00:00;25.06.2021 01:00:00;0;0;100;0;500;0;50;0;650;0;-650
25.06.2021 01:00:00;25.06.2021 02:00:00;0;0;100;0;500;0;50;0;650;0;-650
25.06.2021 02:00:00;25.06.2021 03:00:00;0;0;100;0;500;0;50;0;650;0;-650
25.06.2021 03:00:00;25.06.2021 04:00:00;0;0;100;0;500;0;50;0;650;0;-650
25.06.2021 04:00:00;25.06.2021 05:00:00;0;0;100;0;500;0;50;0;650;0;-650
25.06.2021 05:00:00;25.06.2021 06:00:00;0;0;100;0;500;0;50;0;650;0;-650
25.06.2021 06:00:00;25.06.2021 07:00:00;0;0;100;0;500;0;50;0;650;0;-650
25.06.2021 07:00:00;25.06.2021 08:00:00;0;0;100;0;500;0;50;0;650;0;-650
25.06.2021 08:00:00;25.06.2021 09:00:00;0;0;100;0;500;0;50;0;650;0;-650
25.06.2021 09:00:00;25.06.2021 10:00:00;0;0;100;0;500;0;50;0;650;0;-650
25.06.2021 10:00:00;25.06.2021 11:00:00;0;0;100;0;500;0;50;0;650;0;-650
25.06.2021 11:00:00;25.06.2021 12:00:00;0;0;100;0;500;0;50;0;650;0;-650
25.06.2021 12:00:00;25.06.2021 13:00:00;0;0;100;0;500;0;50;0;650;0;-650
25.06.2021 13:00:00;25.06.2021 14:00:00;0;0;100;0;500;0;50;0;650;0;-650
25.06.2021 14:00:00;25.06.2021 15:00:00;0;0;100;0;500;0;50;0;650;0;-650
25.06.2021 15:00:00;25.06.2021 16:00:00;0;0;100;0;500;0;50;0;650;0;-650
25.06.2021 16:00:00;25.06.2021 17:00:00;0;0;100;0;500;0;50;0;650;0;-650
25.06.2021 17:00:00;25.06.2021 18:00:00;0;0;100;0;500;0;50;0;650;0;-650
25.06.2021 18:00:00;25.06.2021 19:00:00;0;0;100;0;500;0;50;0;650;0;-650
25.06.2021 19:00:00;25.06.2021 20:00:00;0;0;100;0;500;0;50;0;650;0;-650
25.06.2021 20:00:00;25.06.2021 21:00:00;0;0;100;0;500;0;50;0;650;0;-650
25.06.2021 21:00:00;25.06.2021 22:00:00;0;0;100;0;500;0;50;0;650;0;-650
25.06.2021 22:00:00;25.06.2021 23:00:00;0;0;100;0;500;0;50;0;650;0;-650
25.06.2021 23:00:00;26.06.2021 00:00:00;0;0;100;0;500;0;50;0;650;0;-650
26.06.2021 00:00:00;26.06.2021 01:00:00;0;0;100;0;500;0;50;0;650;0;-650
26.06.2021 01:00:00;26.06.2021 02:00:00;0;0;100;0;500;0;50;0;650;0;-650
26.06.2021 02:00:00;26.06.2021 03:00:00;0;0;100;0;406.1;0;50;0;556.1;0;-556.1
26.06.2021 03:00:00;26.06.2021 04:00:00;0;0;100;0;231.2;0;29.4;0;360.6;0;-360.6
26.06.2021 04:00:00;26.06.2021 05:00:00;0;0;100;0;336.3;0;0;0;436.3;0;-436.3
26.06.2021 05:00:00;26.06.2021 06:00:00;0;0;100;0;500;0;50;0;650;0;-650
26.06.2021 06:00:00;26.06.2021 07:00:00;0;0;100;0;500;0;50;0;650;0;-650
26.06.2021 07:00:00;26.06.2021 08:00:00;0;0;100;0;500;0;50;0;650;0;-650
26.06.2021 08:00:00;26.06.2021 09:00:00;0;0;100;0;500;0;50;0;650;0;-650
26.06.2021 09:00:00;26.06.2021 10:00:00;0;0;100;0;500;0;50;0;650;0;-650
26.06.2021 10:00:00;26.06.2021 11:00:00;0;0;100;0;500;0;50;0;650;0;-650
26.06.2021 11:00:00;26.06.2021 12:00:00;0;0;100;0;500;0;50;0;650;0;-650
26.06.2021 12:00:00;26.06.2021 13:00:00;0;0;100;0;500;0;50;0;650;0;-650
26.06.2021 13:00:00;26.06.2021 14:00:00;0;0;100;0;500;0;50;0;650;0;-650
26.06.2021 14:00:00;26.06.2021 15:00:00;0;0;100;0;500;0;50;0;650;0;-650
26.06.2021 15:00:00;26.06.2021 16:00:00;0;0;100;0;500;0;50;0;650;0;-650
26.06.2021 16:00:00;26.06.2021 17:00:00;0;0;100;0;500;0;50;0;650;0;-650
26.06.2021 17:00:00;26.06.2021 18:00:00;0;0;100;0;500;0;50;0;650;0;-650
26.06.2021 18:00:00;26.06.2021 19:00:00;0;0;100;0;500;0;50;0;650;0;-650
26.06.2021 19:00:00;26.06.2021 20:00:00;0;0;100;0;500;0;50;0;650;0;-650
26.06.2021 20:00:00;26.06.2021 21:00:00;0;0;100;0;500;0;50;0;650;0;-650
26.06.2021 21:00:00;26.06.2021 22:00:00;0;0;100;0;500;0;50;0;650;0;-650
26.06.2021 22:00:00;26.06.2021 23:00:00;0;0;100;0;500;0;50;0;650;0;-650
26.06.2021 23:00:00;27.06.2021 00:00:00;0;0;100;0;500;0;50;0;650;0;-650
27.06.2021 00:00:00;27.06.2021 01:00:00;0;0;100;0;500;0;50;0;650;0;-650
27.06.2021 01:00:00;27.06.2021 02:00:00;0;0;100;0;500;0;50;0;650;0;-650
27.06.2021 02:00:00;27.06.2021 03:00:00;0;0;100;0;500;0;50;0;650;0;-650
27.06.2021 03:00:00;27.06.2021 04:00:00;0;0;100;0;500;0;50;0;650;0;-650
27.06.2021 04:00:00;27.06.2021 05:00:00;0;0;100;0;500;0;50;0;650;0;-650
27.06.2021 05:00:00;27.06.2021 06:00:00;0;0;100;0;500;0;50;0;650;0;-650
27.06.2021 06:00:00;27.06.2021 07:00:00;0;0;100;0;500;0;50;0;650;0;-650
27.06.2021 07:00:00;27.06.2021 08:00:00;0;0;100;0;500;0;50;0;650;0;-650
27.06.2021 08:00:00;27.06.2021 09:00:00;0;0;100;0;500;0;50;0;650;0;-650
27.06.2021 09:00:00;27.06.2021 10:00:00;0;0;100;0;500;0;50;0;650;0;-650
27.06.2021 10:00:00;27.06.2021 11:00:00;0;0;100;0;500;0;50;0;650;0;-650
27.06.2021 11:00:00;27.06.2021 12:00:00;0;0;100;0;500;0;50;0;650;0;-650
27.06.2021 12:00:00;27.06.2021 13:00:00;0;0;100;0;500;0;50;0;650;0;-650
27.06.2021 13:00:00;27.06.2021 14:00:00;0;0;100;0;500;0;50;0;650;0;-650
27.06.2021 14:00:00;27.06.2021 15:00:00;0;0;100;0;500;0;50;0;650;0;-650
27.06.2021 15:00:00;27.06.2021 16:00:00;0;0;100;0;500;0;50;0;650;0;-650
27.06.2021 16:00:00;27.06.2021 17:00:00;0;0;100;0;500;0;50;0;650;0;-650
27.06.2021 17:00:00;27.06.2021 18:00:00;0;0;100;0;500;0;50;0;650;0;-650
27.06.2021 18:00:00;27.06.2021 19:00:00;0;0;100;0;500;0;50;0;650;0;-650
27.06.2021 19:00:00;27.06.2021 20:00:00;0;0;100;0;500;0;50;0;650;0;-650
27.06.2021 20:00:00;27.06.2021 21:00:00;0;0;100;0;500;0;50;0;650;0;-650
27.06.2021 21:00:00;27.06.2021 22:00:00;0;0;100;0;500;0;50;0;650;0;-650
27.06.2021 22:00:00;27.06.2021 23:00:00;0;0;100;0;500;0;50;0;650;0;-650
27.06.2021 23:00:00;28.06.2021 00:00:00;0;0;100;0;500;0;50;0;650;0;-650
28.06.2021 00:00:00;28.06.2021 01:00:00;0;0;100;0;500;0;50;0;650;0;-650
28.06.2021 01:00:00;28.06.2021 02:00:00;0;0;100;0;500;0;50;0;650;0;-650
28.06.2021 02:00:00;28.06.2021 03:00:00;0;0;100;0;500;0;50;0;650;0;-650
28.06.2021 03:00:00;28.06.2021 04:00:00;0;0;100;0;500;0;50;0;650;0;-650
28.06.2021 04:00:00;28.06.2021 05:00:00;0;0;100;0;500;0;50;0;650;0;-650
28.06.2021 05:00:00;28.06.2021 06:00:00;0;0;100;0;500;0;50;0;650;0;-650
28.06.2021 06:00:00;28.06.2021 07:00:00;0;0;100;0;500;0;50;0;650;0;-650
28.06.2021 07:00:00;28.06.2021 08:00:00;0;0;100;0;500;0;50;0;650;0;-650
28.06.2021 08:00:00;28.06.2021 09:00:00;0;0;100;0;500;0;50;0;650;0;-650
28.06.2021 09:00:00;28.06.2021 10:00:00;0;0;100;0;500;0;50;0;650;0;-650
28.06.2021 10:00:00;28.06.2021 11:00:00;0;0;100;0;500;0;50;0;650;0;-650
28.06.2021 11:00:00;28.06.2021 12:00:00;0;0;100;0;500;0;50;0;650;0;-650
28.06.2021 12:00:00;28.06.2021 13:00:00;0;0;100;0;500;0;50;0;650;0;-650
28.06.2021 13:00:00;28.06.2021 14:00:00;0;0;100;0;500;0;50;0;650;0;-650
28.06.2021 14:00:00;28.06.2021 15:00:00;0;0;100;0;500;0;50;0;650;0;-650
28.06.2021 15:00:00;28.06.2021 16:00:00;0;0;100;0;500;0;50;0;650;0;-650
28.06.2021 16:00:00;28.06.2021 17:00:00;0;0;100;0;500;0;50;0;650;0;-650
28.06.2021 17:00:00;28.06.2021 18:00:00;0;0;100;0;500;0;50;0;650;0;-650
28.06.2021 18:00:00;28.06.2021 19:00:00;0;0;100;0;500;0;50;0;650;0;-650
28.06.2021 19:00:00;28.06.2021 20:00:00;0;0;100;0;500;0;50;0;650;0;-650
28.06.2021 20:00:00;28.06.2021 21:00:00;0;0;100;0;500;0;50;0;650;0;-650
28.06.2021 21:00:00;28.06.2021 22:00:00;0;0;100;0;500;0;50;0;650;0;-650
28.06.2021 22:00:00;28.06.2021 23:00:00;0;0;100;0;500;0;50;0;650;0;-650
28.06.2021 23:00:00;29.06.2021 00:00:00;0;0;100;0;500;0;50;0;650;0;-650
29.06.2021 00:00:00;29.06.2021 01:00:00;0;0;100;0;500;0;50;0;650;0;-650
29.06.2021 01:00:00;29.06.2021 02:00:00;0;0;100;0;500;0;50;0;650;0;-650
29.06.2021 02:00:00;29.06.2021 03:00:00;0;0;100;0;500;0;50;0;650;0;-650
29.06.2021 03:00:00;29.06.2021 04:00:00;0;0;100;0;500;0;50;0;650;0;-650
29.06.2021 04:00:00;29.06.2021 05:00:00;0;0;100;0;500;0;50;0;650;0;-650
29.06.2021 05:00:00;29.06.2021 06:00:00;0;0;100;0;500;0;50;0;650;0;-650
29.06.2021 06:00:00;29.06.2021 07:00:00;0;0;100;0;500;0;50;0;650;0;-650
29.06.2021 07:00:00;29.06.2021 08:00:00;0;0;100;0;500;0;50;0;650;0;-650
29.06.2021 08:00:00;29.06.2021 09:00:00;0;0;100;0;500;0;50;0;650;0;-650
29.06.2021 09:00:00;29.06.2021 10:00:00;0;0;100;0;500;0;50;0;650;0;-650
29.06.2021 10:00:00;29.06.2021 11:00:00;0;0;100;0;500;0;50;0;650;0;-650
29.06.2021 11:00:00;29.06.2021 12:00:00;0;0;100;0;500;0;50;0;650;0;-650
29.06.2021 12:00:00;29.06.2021 13:00:00;0;0;100;0;500;0;50;0;650;0;-650
29.06.2021 13:00:00;29.06.2021 14:00:00;0;0;100;0;500;0;50;0;650;0;-650
29.06.2021 14:00:00;29.06.2021 15:00:00;0;0;100;0;500;0;50;0;650;0;-650
29.06.2021 15:00:00;29.06.2021 16:00:00;0;0;100;0;500;0;50;0;650;0;-650
29.06.2021 16:00:00;29.06.2021 17:00:00;0;0;100;0;500;0;50;0;650;0;-650
29.06.2021 17:00:00;29.06.2021 18:00:00;0;0;100;0;500;0;50;0;650;0;-650
29.06.2021 18:00:00;29.06.2021 19:00:00;0;0;100;0;500;0;50;0;650;0;-650
29.06.2021 19:00:00;29.06.2021 20:00:00;0;0;100;0;500;0;50;0;650;0;-650
29.06.2021 20:00:00;29.06.2021 21:00:00;0;0;100;0;500;0;50;0;650;0;-650
29.06.2021 21:00:00;29.06.2021 22:00:00;0;0;100;0;500;0;50;0;650;0;-650
29.06.2021 22:00:00;29.06.2021 23:00:00;0;0;100;0;500;0;50;0;650;0;-650
29.06.2021 23:00:00;30.06.2021 00:00:00;0;0;100;0;500;0;50;0;650;0;-650
30.06.2021 00:00:00;30.06.2021 01:00:00;0;0;100;0;500;0;50;0;650;0;-650
30.06.2021 01:00:00;30.06.2021 02:00:00;0;0;100;0;500;0;50;0;650;0;-650
30.06.2021 02:00:00;30.06.2021 03:00:00;0;0;100;0;500;0;50;0;650;0;-650
30.06.2021 03:00:00;30.06.2021 04:00:00;0;0;100;0;500;0;50;0;650;0;-650
30.06.2021 04:00:00;30.06.2021 05:00:00;0;0;100;0;500;0;50;0;650;0;-650
30.06.2021 05:00:00;30.06.2021 06:00:00;0;0;100;0;500;0;50;0;650;0;-650
30.06.2021 06:00:00;30.06.2021 07:00:00;0;0;100;0;500;0;50;0;650;0;-650
30.06.2021 07:00:00;30.06.2021 08:00:00;0;0;100;0;500;0;50;0;650;0;-650
30.06.2021 08:00:00;30.06.2021 09:00:00;0;0;100;0;500;0;50;0;650;0;-650
30.06.2021 09:00:00;30.06.2021 10:00:00;0;0;100;0;500;0;50;0;650;0;-650
30.06.2021 10:00:00;30.06.2021 11:00:00;0;0;100;0;500;0;50;0;650;0;-650
30.06.2021 11:00:00;30.06.2021 12:00:00;0;0;100;0;500;0;50;0;650;0;-650
30.06.2021 12:00:00;30.06.2021 13:00:00;0;0;100;0;500;0;50;0;650;0;-650
30.06.2021 13:00:00;30.06.2021 14:00:00;0;0;100;0;500;0;50;0;650;0;-650
30.06.2021 14:00:00;30.06.2021 15:00:00;0;0;100;0;500;0;50;0;650;0;-650
30.06.2021 15:00:00;30.06.2021 16:00:00;0;0;100;0;500;0;50;0;650;0;-650
30.06.2021 16:00:00;30.06.2021 17:00:00;0;0;100;0;500;0;50;0;650;0;-650
30.06.2021 17:00:00;30.06.2021 18:00:00;0;0;100;0;500;0;50;0;650;0;-650
30.06.2021 18:00:00;30.06.2021 19:00:00;0;0;100;0;500;0;50;0;650;0;-650
30.06.2021 19:00:00;30.06.2021 20:00:00;0;0;100;0;500;0;50;0;650;0;-650
30.06.2021 20:00:00;30.06.2021 21:00:00;0;0;100;0;500;0;50;0;650;0;-650
30.06.2021 21:00:00;30.06.2021 22:00:00;0;0;100;0;500;0;50;0;650;0;-650
30.06.2021 22:00:00;30.06.2021 23:00:00;0;0;100;0;500;0;50;0;650;0;-650
30.06.2021 23:00:00;01.07.2021 00:00:00;0;0;100;0;500;0;50;0;650;0;-650
01.07.2021 00:00:00;01.07.2021 01:00:00;0;0;100;0;500;0;50;0;650;0;-650
01.07.2021 01:00:00;01.07.2021 02:00:00;0;0;100;0;500;0;50;0;650;0;-650
01.07.2021 02:00:00;01.07.2021 03:00:00;0;0;100;0;500;0;50;0;650;0;-650
01.07.2021 03:00:00;01.07.2021 04:00:00;0;0;100;0;500;0;50;0;650;0;-650
01.07.2021 04:00:00;01.07.2021 05:00:00;0;0;100;0;500;0;50;0;650;0;-650
01.07.2021 05:00:00;01.07.2021 06:00:00;0;0;100;0;500;0;50;0;650;0;-650
01.07.2021 06:00:00;01.07.2021 07:00:00;0;0;100;0;500;0;50;0;650;0;-650
01.07.2021 07:00:00;01.07.2021 08:00:00;0;0;100;0;500;0;50;0;650;0;-650
01.07.2021 08:00:00;01.07.2021 09:00:00;0;0;100;0;500;0;50;0;650;0;-650
01.07.2021 09:00:00;01.07.2021 10:00:00;0;0;100;0;500;0;50;0;650;0;-650
01.07.2021 10:00:00;01.07.2021 11:00:00;0;0;100;0;500;0;50;0;650;0;-650
01.07.2021 11:00:00;01.07.2021 12:00:00;0;0;100;0;500;0;50;0;650;0;-650
01.07.2021 12:00:00;01.07.2021 13:00:00;0;0;100;0;500;0;50;0;650;0;-650
01.07.2021 13:00:00;01.07.2021 14:00:00;0;0;100;0;500;0;50;0;650;0;-650
01.07.2021 14:00:00;01.07.2021 15:00:00;0;0;100;0;500;0;50;0;650;0;-650
01.07.2021 15:00:00;01.07.2021 16:00:00;0;0;100;0;500;0;50;0;650;0;-650
01.07.2021 16:00:00;01.07.2021 17:00:00;0;0;100;0;500;0;50;0;650;0;-650
01.07.2021 17:00:00;01.07.2021 18:00:00;0;0;100;0;500;0;50;0;650;0;-650
01.07.2021 18:00:00;01.07.2021 19:00:00;0;0;100;0;500;0;50;0;650;0;-650
01.07.2021 19:00:00;01.07.2021 20:00:00;0;0;100;0;500;0;50;0;650;0;-650
01.07.2021 20:00:00;01.07.2021 21:00:00;0;0;100;0;500;0;50;0;650;0;-650
01.07.2021 21:00:00;01.07.2021 22:00:00;0;0;100;0;500;0;50;0;650;0;-650
01.07.2021 22:00:00;01.07.2021 23:00:00;0;0;100;0;500;0;50;0;650;0;-650
01.07.2021 23:00:00;02.07.2021 00:00:00;0;0;100;0;500;0;50;0;650;0;-650
02.07.2021 00:00:00;02.07.2021 01:00:00;0;0;100;0;500;0;50;0;650;0;-650
02.07.2021 01:00:00;02.07.2021 02:00:00;0;0;100;0;500;0;50;0;650;0;-650
02.07.2021 02:00:00;02.07.2021 03:00:00;0;0;100;0;500;0;50;0;650;0;-650
02.07.2021 03:00:00;02.07.2021 04:00:00;0;0;100;0;500;0;50;0;650;0;-650
02.07.2021 04:00:00;02.07.2021 05:00:00;0;0;100;0;500;0;50;0;650;0;-650
02.07.2021 05:00:00;02.07.2021 06:00:00;0;0;100;0;500;0;50;0;650;0;-650
02.07.2021 06:00:00;02.07.2021 07:00:00;0;0;100;0;500;0;50;0;650;0;-650
02.07.2021 07:00:00;02.07.2021 08:00:00;0;0;100;0;500;0;50;0;650;0;-650
02.07.2021 08:00:00;02.07.2021 09:00:00;0;0;100;0;500;0;50;0;650;0;-650
02.07.2021 09:00:00;02.07.2021 10:00:00;0;0;100;0;500;0;50;0;650;0;-650
02.07.2021 10:00:00;02.07.2021 11:00:00;0;0;100;0;500;0;50;0;650;0;-650
02.07.2021 11:00:00;02.07.2021 12:00:00;0;0;100;0;500;0;50;0;650;0;-650
02.07.2021 12:00:00;02.07.2021 13:00:00;0;0;100;0;500;0;50;0;650;0;-650
02.07.2021 13:00:00;02.07.2021 14:00:00;0;0;100;0;500;0;50;0;650;0;-650
02.07.2021 14:00:00;02.07.2021 15:00:00;0;0;100;0;500;0;50;0;650;0;-650
02.07.2021 15:00:00;02.07.2021 16:00:00;0;0;100;0;500;0;50;0;650;0;-650
02.07.2021 16:00:00;02.07.2021 17:00:00;0;0;100;0;500;0;50;0;650;0;-650
02.07.2021 17:00:00;02.07.2021 18:00:00;0;0;100;0;500;0;50;0;650;0;-650
02.07.2021 18:00:00;02.07.2021 19:00:00;0;0;100;0;500;0;50;0;650;0;-650
02.07.2021 19:00:00;02.07.2021 20:00:00;0;0;100;0;500;0;50;0;650;0;-650
02.07.2021 20:00:00;02.07.2021 21:00:00;0;0;100;0;500;0;50;0;650;0;-650
02.07.2021 21:00:00;02.07.2021 22:00:00;0;0;100;0;500;0;50;0;650;0;-650
02.07.2021 22:00:00;02.07.2021 23:00:00;0;0;100;0;500;0;50;0;650;0;-650
02.07.2021 23:00:00;03.07.2021 00:00:00;0;0;100;0;500;0;50;0;650;0;-650
03.07.2021 00:00:00;03.07.2021 01:00:00;0;0;100;0;500;0;50;0;650;0;-650
03.07.2021 01:00:00;03.07.2021 02:00:00;0;0;100;0;500;0;50;0;650;0;-650
03.07.2021 02:00:00;03.07.2021 03:00:00;0;0;100;0;500;0;50;0;650;0;-650
03.07.2021 03:00:00;03.07.2021 04:00:00;0;0;100;0;500;0;50;0;650;0;-650
03.07.2021 04:00:00;03.07.2021 05:00:00;0;0;100;0;500;0;50;0;650;0;-650
03.07.2021 05:00:00;03.07.2021 06:00:00;0;0;100;0;500;0;50;0;650;0;-650
03.07.2021 06:00:00;03.07.2021 07:00:00;0;0;100;0;500;0;50;0;650;0;-650
03.07.2021 07:00:00;03.07.2021 08:00:00;0;0;100;0;500;0;50;0;650;0;-650
03.07.2021 08:00:00;03.07.2021 09:00:00;0;0;100;0;500;0;50;0;650;0;-650
03.07.2021 09:00:00;03.07.2021 10:00:00;0;0;100;0;500;0;50;0;650;0;-650
03.07.2021 10:00:00;03.07.2021 11:00:00;0;0;100;0;500;0;50;0;650;0;-650
03.07.2021 11:00:00;03.07.2021 12:00:00;0;0;100;0;500;0;50;0;650;0;-650
03.07.2021 12:00:00;03.07.2021 13:00:00;0;0;100;0;500;0;50;0;650;0;-650
03.07.2021 13:00:00;03.07.2021 14:00:00;0;0;100;0;500;0;50;0;650;0;-650
03.07.2021 14:00:00;03.07.2021 15:00:00;0;0;100;0;500;0;50;0;650;0;-650
03.07.2021 15:00:00;03.07.2021 16:00:00;0;0;100;0;500;0;50;0;650;0;-650
03.07.2021 16:00:00;03.07.2021 17:00:00;0;0;100;0;500;0;50;0;650;0;-650
03.07.2021 17:00:00;03.07.2021 18:00:00;0;0;100;0;500;0;50;0;650;0;-650
03.07.2021 18:00:00;03.07.2021 19:00:00;0;0;100;0;500;0;50;0;650;0;-650
03.07.2021 19:00:00;03.07.2021 20:00:00;0;0;100;0;500;0;50;0;650;0;-650
03.07.2021 20:00:00;03.07.2021 21:00:00;0;0;100;0;500;0;50;0;650;0;-650
03.07.2021 21:00:00;03.07.2021 22:00:00;0;0;100;0;500;0;50;0;650;0;-650
03.07.2021 22:00:00;03.07.2021 23:00:00;0;0;100;0;500;0;50;0;650;0;-650
03.07.2021 23:00:00;04.07.2021 00:00:00;0;0;100;0;500;0;50;0;650;0;-650
04.07.2021 00:00:00;04.07.2021 01:00:00;0;0;100;0;500;0;50;0;650;0;-650
04.07.2021 01:00:00;04.07.2021 02:00:00;0;0;100;0;500;0;50;0;650;0;-650
04.07.2021 02:00:00;04.07.2021 03:00:00;0;0;100;0;500;0;50;0;650;0;-650
04.07.2021 03:00:00;04.07.2021 04:00:00;0;0;100;0;500;0;50;0;650;0;-650
04.07.2021 04:00:00;04.07.2021 05:00:00;0;0;100;0;500;0;50;0;650;0;-650
04.07.2021 05:00:00;04.07.2021 06:00:00;0;0;100;0;500;0;50;0;650;0;-650
04.07.2021 06:00:00;04.07.2021 07:00:00;0;0;100;0;500;0;50;0;650;0;-650
04.07.2021 07:00:00;04.07.2021 08:00:00;0;0;100;0;500;0;50;0;650;0;-650
04.07.2021 08:00:00;04.07.2021 09:00:00;0;0;100;0;500;0;50;0;650;0;-650
04.07.2021 09:00:00;04.07.2021 10:00:00;0;0;100;0;500;0;50;0;650;0;-650
04.07.2021 10:00:00;04.07.2021 11:00:00;0;0;100;0;500;0;50;0;650;0;-650
04.07.2021 11:00:00;04.07.2021 12:00:00;0;0;100;0;500;0;50;0;650;0;-650
04.07.2021 12:00:00;04.07.2021 13:00:00;0;0;100;0;500;0;50;0;650;0;-650
04.07.2021 13:00:00;04.07.2021 14:00:00;0;0;100;0;500;0;50;0;650;0;-650
04.07.2021 14:00:00;04.07.2021 15:00:00;0;0;100;0;500;0;50;0;650;0;-650
04.07.2021 15:00:00;04.07.2021 16:00:00;0;0;100;0;500;0;50;0;650;0;-650
04.07.2021 16:00:00;04.07.2021 17:00:00;0;0;100;0;500;0;50;0;650;0;-650
04.07.2021 17:00:00;04.07.2021 18:00:00;0;0;100;0;500;0;50;0;650;0;-650
04.07.2021 18:00:00;04.07.2021 19:00:00;0;0;100;0;500;0;50;0;650;0;-650
04.07.2021 19:00:00;04.07.2021 20:00:00;0;0;100;0;500;0;50;0;650;0;-650
04.07.2021 20:00:00;04.07.2021 21:00:00;0;0;100;0;500;0;50;0;650;0;-650
04.07.2021 21:00:00;04.07.2021 22:00:00;0;0;100;0;500;0;50;0;650;0;-650
04.07.2021 22:00:00;04.07.2021 23:00:00;0;0;100;0;500;0;50;0;650;0;-650
04.07.2021 23:00:00;05.07.2021 00:00:00;0;0;100;0;500;0;50;0;650;0;-650
05.07.2021 00:00:00;05.07.2021 01:00:00;0;0;100;0;500;0;50;0;650;0;-650
05.07.2021 01:00:00;05.07.2021 02:00:00;0;0;100;0;500;0;50;0;650;0;-650
05.07.2021 02:00:00;05.07.2021 03:00:00;0;0;100;0;500;0;50;0;650;0;-650
05.07.2021 03:00:00;05.07.2021 04:00:00;0;0;100;0;500;0;50;0;650;0;-650
05.07.2021 04:00:00;05.07.2021 05:00:00;0;0;100;0;500;0;50;0;650;0;-650
05.07.2021 05:00:00;05.07.2021 06:00:00;0;0;100;0;500;0;50;0;650;0;-650
05.07.2021 06:00:00;05.07.2021 07:00:00;0;0;100;0;500;0;50;0;650;0;-650
05.07.2021 07:00:00;05.07.2021 08:00:00;0;0;100;0;500;0;50;0;650;0;-650
05.07.2021 08:00:00;05.07.2021 09:00:00;0;0;100;0;500;0;50;0;650;0;-650
05.07.2021 09:00:00;05.07.2021 10:00:00;0;0;100;0;500;0;50;0;650;0;-650
05.07.2021 10:00:00;05.07.2021 11:00:00;0;0;100;0;500;0;50;0;650;0;-650
05.07.2021 11:00:00;05.07.2021 12:00:00;0;0;100;0;500;0;50;0;650;0;-650
05.07.2021 12:00:00;05.07.2021 13:00:00;0;0;100;0;500;0;50;0;650;0;-650
05.07.2021 13:00:00;05.07.2021 14:00:00;0;0;100;0;500;0;50;0;650;0;-650
05.07.2021 14:00:00;05.07.2021 15:00:00;0;0;100;0;500;0;50;0;650;0;-650
05.07.2021 15:00:00;05.07.2021 16:00:00;0;0;100;0;500;0;50;0;650;0;-650
05.07.2021 16:00:00;05.07.2021 17:00:00;0;0;100;0;500;0;50;0;650;0;-650
05.07.2021 17:00:00;05.07.2021 18:00:00;0;0;100;0;500;0;50;0;650;0;-650
05.07.2021 18:00:00;05.07.2021 19:00:00;0;0;100;0;500;0;50;0;650;0;-650
05.07.2021 19:00:00;05.07.2021 20:00:00;0;0;100;0;500;0;50;0;650;0;-650
05.07.2021 20:00:00;05.07.2021 21:00:00;0;0;100;0;500;0;50;0;650;0;-650
05.07.2021 21:00:00;05.07.2021 22:00:00;0;0;100;0;500;0;50;0;650;0;-650
05.07.2021 22:00:00;05.07.2021 23:00:00;0;0;100;0;500;0;50;0;650;0;-650
05.07.2021 23:00:00;06.07.2021 00:00:00;0;0;100;0;500;0;50;0;650;0;-650
06.07.2021 00:00:00;06.07.2021 01:00:00;0;0;100;0;400;0;50;0;550;0;-550
06.07.2021 01:00:00;06.07.2021 02:00:00;0;0;100;0;400;0;50;0;550;0;-550
06.07.2021 02:00:00;06.07.2021 03:00:00;0;0;100;0;400;0;50;0;550;0;-550
06.07.2021 03:00:00;06.07.2021 04:00:00;0;0;100;0;400;0;50;0;550;0;-550
06.07.2021 04:00:00;06.07.2021 05:00:00;0;0;100;0;400;0;50;0;550;0;-550
06.07.2021 05:00:00;06.07.2021 06:00:00;0;0;100;0;400;0;50;0;550;0;-550
06.07.2021 06:00:00;06.07.2021 07:00:00;0;0;100;0;400;0;50;0;550;0;-550
06.07.2021 07:00:00;06.07.2021 08:00:00;0;0;100;0;400;0;50;0;550;0;-550
06.07.2021 08:00:00;06.07.2021 09:00:00;0;0;100;0;400;0;50;0;550;0;-550
06.07.2021 09:00:00;06.07.2021 10:00:00;0;0;100;0;400;0;50;0;550;0;-550
06.07.2021 10:00:00;06.07.2021 11:00:00;0;0;100;0;400;0;50;0;550;0;-550
06.07.2021 11:00:00;06.07.2021 12:00:00;0;0;100;0;400;0;50;0;550;0;-550
06.07.2021 12:00:00;06.07.2021 13:00:00;0;0;100;0;400;0;50;0;550;0;-550
06.07.2021 13:00:00;06.07.2021 14:00:00;0;0;100;0;400;0;50;0;550;0;-550
06.07.2021 14:00:00;06.07.2021 15:00:00;0;0;100;0;400;0;50;0;550;0;-550
06.07.2021 15:00:00;06.07.2021 16:00:00;0;0;100;0;400;0;50;0;550;0;-550
06.07.2021 16:00:00;06.07.2021 17:00:00;0;0;100;0;400;0;50;0;550;0;-550
06.07.2021 17:00:00;06.07.2021 18:00:00;0;0;100;0;400;0;50;0;550;0;-550
06.07.2021 18:00:00;06.07.2021 19:00:00;0;0;100;0;400;0;50;0;550;0;-550
06.07.2021 19:00:00;06.07.2021 20:00:00;0;0;100;0;400;0;50;0;550;0;-550
06.07.2021 20:00:00;06.07.2021 21:00:00;0;0;100;0;400;0;50;0;550;0;-550
06.07.2021 21:00:00;06.07.2021 22:00:00;0;0;100;0;400;0;50;0;550;0;-550
06.07.2021 22:00:00;06.07.2021 23:00:00;0;0;100;0;400;0;50;0;550;0;-550
06.07.2021 23:00:00;07.07.2021 00:00:00;0;0;100;0;400;0;50;0;550;0;-550
07.07.2021 00:00:00;07.07.2021 01:00:00;0;0;100;0;300;0;50;0;450;0;-450
07.07.2021 01:00:00;07.07.2021 02:00:00;0;0;100;0;300;0;50;0;450;0;-450
07.07.2021 02:00:00;07.07.2021 03:00:00;0;0;100;0;300;0;50;0;450;0;-450
07.07.2021 03:00:00;07.07.2021 04:00:00;0;0;100;0;300;0;50;0;450;0;-450
07.07.2021 04:00:00;07.07.2021 05:00:00;0;0;100;0;300;0;50;0;450;0;-450
07.07.2021 05:00:00;07.07.2021 06:00:00;0;0;100;0;300;0;50;0;450;0;-450
07.07.2021 06:00:00;07.07.2021 07:00:00;0;0;100;0;300;0;50;0;450;0;-450
07.07.2021 07:00:00;07.07.2021 08:00:00;0;0;100;0;300;0;50;0;450;0;-450
07.07.2021 08:00:00;07.07.2021 09:00:00;0;0;100;0;300;0;50;0;450;0;-450
07.07.2021 09:00:00;07.07.2021 10:00:00;0;0;100;0;300;0;50;0;450;0;-450
07.07.2021 10:00:00;07.07.2021 11:00:00;0;0;100;0;300;0;50;0;450;0;-450
07.07.2021 11:00:00;07.07.2021 12:00:00;0;0;100;0;300;0;50;0;450;0;-450
07.07.2021 12:00:00;07.07.2021 13:00:00;0;0;100;0;300;0;50;0;450;0;-450
07.07.2021 13:00:00;07.07.2021 14:00:00;0;0;100;0;300;0;50;0;450;0;-450
07.07.2021 14:00:00;07.07.2021 15:00:00;0;0;100;0;300;0;50;0;450;0;-450
07.07.2021 15:00:00;07.07.2021 16:00:00;0;0;100;0;300;0;50;0;450;0;-450
07.07.2021 16:00:00;07.07.2021 17:00:00;0;0;100;0;300;0;50;0;450;0;-450
07.07.2021 17:00:00;07.07.2021 18:00:00;0;0;100;0;300;0;50;0;450;0;-450
07.07.2021 18:00:00;07.07.2021 19:00:00;0;0;100;0;300;0;50;0;450;0;-450
07.07.2021 19:00:00;07.07.2021 20:00:00;0;0;100;0;300;0;50;0;450;0;-450
07.07.2021 20:00:00;07.07.2021 21:00:00;0;0;100;0;300;0;50;0;450;0;-450
07.07.2021 21:00:00;07.07.2021 22:00:00;0;0;100;0;300;0;50;0;450;0;-450
07.07.2021 22:00:00;07.07.2021 23:00:00;0;0;100;0;300;0;50;0;450;0;-450
07.07.2021 23:00:00;08.07.2021 00:00:00;0;0;100;0;300;0;50;0;450;0;-450
08.07.2021 00:00:00;08.07.2021 01:00:00;0;0;100;0;500;0;50;0;650;0;-650
08.07.2021 01:00:00;08.07.2021 02:00:00;0;0;100;0;500;0;50;0;650;0;-650
08.07.2021 02:00:00;08.07.2021 03:00:00;0;0;100;0;500;0;50;0;650;0;-650
08.07.2021 03:00:00;08.07.2021 04:00:00;0;0;100;0;500;0;50;0;650;0;-650
08.07.2021 04:00:00;08.07.2021 05:00:00;0;0;100;0;500;0;50;0;650;0;-650
08.07.2021 05:00:00;08.07.2021 06:00:00;0;0;100;0;500;0;50;0;650;0;-650
08.07.2021 06:00:00;08.07.2021 07:00:00;0;0;100;0;500;0;50;0;650;0;-650
08.07.2021 07:00:00;08.07.2021 08:00:00;0;0;100;0;500;0;50;0;650;0;-650
08.07.2021 08:00:00;08.07.2021 09:00:00;0;0;100;0;500;0;50;0;650;0;-650
08.07.2021 09:00:00;08.07.2021 10:00:00;0;0;100;0;500;0;50;0;650;0;-650
08.07.2021 10:00:00;08.07.2021 11:00:00;0;0;100;0;500;0;50;0;650;0;-650
08.07.2021 11:00:00;08.07.2021 12:00:00;0;0;100;0;500;0;50;0;650;0;-650
08.07.2021 12:00:00;08.07.2021 13:00:00;0;0;100;0;500;0;50;0;650;0;-650
08.07.2021 13:00:00;08.07.2021 14:00:00;0;0;100;0;500;0;50;0;650;0;-650
08.07.2021 14:00:00;08.07.2021 15:00:00;0;0;100;0;500;0;50;0;650;0;-650
08.07.2021 15:00:00;08.07.2021 16:00:00;0;0;100;0;500;0;50;0;650;0;-650
08.07.2021 16:00:00;08.07.2021 17:00:00;0;0;100;0;500;0;50;0;650;0;-650
08.07.2021 17:00:00;08.07.2021 18:00:00;0;0;100;0;500;0;50;0;650;0;-650
08.07.2021 18:00:00;08.07.2021 19:00:00;0;0;100;0;500;0;50;0;650;0;-650
08.07.2021 19:00:00;08.07.2021 20:00:00;0;0;100;0;500;0;50;0;650;0;-650
08.07.2021 20:00:00;08.07.2021 21:00:00;0;0;100;0;500;0;50;0;650;0;-650
08.07.2021 21:00:00;08.07.2021 22:00:00;0;0;100;0;500;0;50;0;650;0;-650
08.07.2021 22:00:00;08.07.2021 23:00:00;0;0;100;0;500;0;50;0;650;0;-650
08.07.2021 23:00:00;09.07.2021 00:00:00;0;0;100;0;500;0;50;0;650;0;-650
09.07.2021 00:00:00;09.07.2021 01:00:00;0;0;600;0;550;0;150;0;1300;0;-1300
09.07.2021 01:00:00;09.07.2021 02:00:00;0;0;600;0;550;0;150;0;1300;0;-1300
09.07.2021 02:00:00;09.07.2021 03:00:00;0;0;600;0;550;0;150;0;1300;0;-1300
09.07.2021 03:00:00;09.07.2021 04:00:00;0;0;600;0;550;0;150;0;1300;0;-1300
09.07.2021 04:00:00;09.07.2021 05:00:00;0;0;600;0;550;0;150;0;1300;0;-1300
09.07.2021 05:00:00;09.07.2021 06:00:00;0;0;600;0;550;0;150;0;1300;0;-1300
09.07.2021 06:00:00;09.07.2021 07:00:00;0;0;600;0;550;0;150;0;1300;0;-1300
09.07.2021 07:00:00;09.07.2021 08:00:00;0;0;600;0;550;0;150;0;1300;0;-1300
09.07.2021 08:00:00;09.07.2021 09:00:00;0;0;600;0;550;0;150;0;1300;0;-1300
09.07.2021 09:00:00;09.07.2021 10:00:00;0;0;600;0;550;0;150;0;1300;0;-1300
09.07.2021 10:00:00;09.07.2021 11:00:00;0;0;600;0;550;0;150;0;1300;0;-1300
09.07.2021 11:00:00;09.07.2021 12:00:00;0;0;600;0;550;0;150;0;1300;0;-1300
09.07.2021 12:00:00;09.07.2021 13:00:00;0;0;600;0;550;0;150;0;1300;0;-1300
09.07.2021 13:00:00;09.07.2021 14:00:00;0;0;600;0;550;0;150;0;1300;0;-1300
09.07.2021 14:00:00;09.07.2021 15:00:00;0;0;600;0;550;0;150;0;1300;0;-1300
09.07.2021 15:00:00;09.07.2021 16:00:00;0;0;600;0;550;0;150;0;1300;0;-1300
09.07.2021 16:00:00;09.07.2021 17:00:00;0;0;600;0;550;0;150;0;1300;0;-1300
09.07.2021 17:00:00;09.07.2021 18:00:00;0;0;600;0;550;0;150;0;1300;0;-1300
09.07.2021 18:00:00;09.07.2021 19:00:00;0;0;600;0;550;0;150;0;1300;0;-1300
09.07.2021 19:00:00;09.07.2021 20:00:00;0;0;600;0;550;0;150;0;1300;0;-1300
09.07.2021 20:00:00;09.07.2021 21:00:00;0;0;600;0;550;0;150;0;1300;0;-1300
09.07.2021 21:00:00;09.07.2021 22:00:00;0;0;600;0;550;0;150;0;1300;0;-1300
09.07.2021 22:00:00;09.07.2021 23:00:00;0;0;600;0;550;0;150;0;1300;0;-1300
09.07.2021 23:00:00;10.07.2021 00:00:00;0;0;600;0;550;0;150;0;1300;0;-1300
10.07.2021 00:00:00;10.07.2021 01:00:00;0;0;600;0;550;0;50;0;1200;0;-1200
10.07.2021 01:00:00;10.07.2021 02:00:00;0;0;600;0;550;0;50;0;1200;0;-1200
10.07.2021 02:00:00;10.07.2021 03:00:00;0;0;600;0;550;0;50;0;1200;0;-1200
10.07.2021 03:00:00;10.07.2021 04:00:00;0;0;600;0;550;0;50;0;1200;0;-1200
10.07.2021 04:00:00;10.07.2021 05:00:00;0;0;600;0;550;0;50;0;1200;0;-1200
10.07.2021 05:00:00;10.07.2021 06:00:00;0;0;600;0;550;0;50;0;1200;0;-1200
10.07.2021 06:00:00;10.07.2021 07:00:00;0;0;600;0;550;0;50;0;1200;0;-1200
10.07.2021 07:00:00;10.07.2021 08:00:00;0;0;600;0;550;0;50;0;1200;0;-1200
10.07.2021 08:00:00;10.07.2021 09:00:00;0;0;600;0;550;0;50;0;1200;0;-1200
10.07.2021 09:00:00;10.07.2021 10:00:00;0;0;600;0;550;0;50;0;1200;0;-1200
10.07.2021 10:00:00;10.07.2021 11:00:00;0;0;600;0;550;0;50;0;1200;0;-1200
10.07.2021 11:00:00;10.07.2021 12:00:00;0;0;600;0;550;0;50;0;1200;0;-1200
10.07.2021 12:00:00;10.07.2021 13:00:00;0;0;600;0;550;0;50;0;1200;0;-1200
10.07.2021 13:00:00;10.07.2021 14:00:00;0;0;600;0;550;0;50;0;1200;0;-1200
10.07.2021 14:00:00;10.07.2021 15:00:00;0;0;600;0;550;0;50;0;1200;0;-1200
10.07.2021 15:00:00;10.07.2021 16:00:00;0;0;600;0;550;0;50;0;1200;0;-1200
10.07.2021 16:00:00;10.07.2021 17:00:00;0;0;600;0;550;0;50;0;1200;0;-1200
10.07.2021 17:00:00;10.07.2021 18:00:00;0;0;600;0;550;0;50;0;1200;0;-1200
10.07.2021 18:00:00;10.07.2021 19:00:00;0;0;600;0;550;0;50;0;1200;0;-1200
10.07.2021 19:00:00;10.07.2021 20:00:00;0;0;600;0;550;0;50;0;1200;0;-1200
10.07.2021 20:00:00;10.07.2021 21:00:00;0;0;600;0;550;0;50;0;1200;0;-1200
10.07.2021 21:00:00;10.07.2021 22:00:00;0;0;600;0;550;0;50;0;1200;0;-1200
10.07.2021 22:00:00;10.07.2021 23:00:00;0;0;600;0;550;0;50;0;1200;0;-1200
10.07.2021 23:00:00;11.07.2021 00:00:00;0;0;600;0;550;0;50;0;1200;0;-1200
11.07.2021 00:00:00;11.07.2021 01:00:00;0;0;600;0;550;0;50;0;1200;0;-1200
11.07.2021 01:00:00;11.07.2021 02:00:00;0;0;600;0;550;0;50;0;1200;0;-1200
11.07.2021 02:00:00;11.07.2021 03:00:00;0;0;600;0;550;0;50;0;1200;0;-1200
11.07.2021 03:00:00;11.07.2021 04:00:00;0;0;600;0;550;0;50;0;1200;0;-1200
11.07.2021 04:00:00;11.07.2021 05:00:00;0;0;600;0;550;0;50;0;1200;0;-1200
11.07.2021 05:00:00;11.07.2021 06:00:00;0;0;600;0;550;0;50;0;1200;0;-1200
11.07.2021 06:00:00;11.07.2021 07:00:00;0;0;600;0;550;0;50;0;1200;0;-1200
11.07.2021 07:00:00;11.07.2021 08:00:00;0;0;600;0;550;0;50;0;1200;0;-1200
11.07.2021 08:00:00;11.07.2021 09:00:00;0;0;600;0;550;0;50;0;1200;0;-1200
11.07.2021 09:00:00;11.07.2021 10:00:00;0;0;600;0;550;0;50;0;1200;0;-1200
11.07.2021 10:00:00;11.07.2021 11:00:00;0;0;600;0;550;0;50;0;1200;0;-1200
11.07.2021 11:00:00;11.07.2021 12:00:00;0;0;600;0;550;0;50;0;1200;0;-1200
11.07.2021 12:00:00;11.07.2021 13:00:00;0;0;600;0;550;0;50;0;1200;0;-1200
11.07.2021 13:00:00;11.07.2021 14:00:00;0;0;600;0;550;0;50;0;1200;0;-1200
11.07.2021 14:00:00;11.07.2021 15:00:00;0;0;600;0;550;0;50;0;1200;0;-1200
11.07.2021 15:00:00;11.07.2021 16:00:00;0;0;600;0;538;0;50;0;1188;0;-1188
11.07.2021 16:00:00;11.07.2021 17:00:00;0;0;600;0;538;0;50;0;1188;0;-1188
11.07.2021 17:00:00;11.07.2021 18:00:00;0;0;600;0;538;0;50;0;1188;0;-1188
11.07.2021 18:00:00;11.07.2021 19:00:00;0;0;600;0;538;0;50;0;1188;0;-1188
11.07.2021 19:00:00;11.07.2021 20:00:00;0;0;600;0;538;0;50;0;1188;0;-1188
11.07.2021 20:00:00;11.07.2021 21:00:00;0;0;600;0;538;0;50;0;1188;0;-1188
11.07.2021 21:00:00;11.07.2021 22:00:00;0;0;600;0;550;0;50;0;1200;0;-1200
11.07.2021 22:00:00;11.07.2021 23:00:00;0;0;600;0;550;0;50;0;1200;0;-1200
11.07.2021 23:00:00;12.07.2021 00:00:00;0;0;600;0;550;0;50;0;1200;0;-1200
12.07.2021 00:00:00;12.07.2021 01:00:00;0;0;600;0;550;0;50;0;1200;0;-1200
12.07.2021 01:00:00;12.07.2021 02:00:00;0;0;600;0;550;0;50;0;1200;0;-1200
12.07.2021 02:00:00;12.07.2021 03:00:00;0;0;600;0;550;0;50;0;1200;0;-1200
12.07.2021 03:00:00;12.07.2021 04:00:00;0;0;600;0;550;0;50;0;1200;0;-1200
12.07.2021 04:00:00;12.07.2021 05:00:00;0;0;600;0;550;0;50;0;1200;0;-1200
12.07.2021 05:00:00;12.07.2021 06:00:00;0;0;600;0;550;0;50;0;1200;0;-1200
12.07.2021 06:00:00;12.07.2021 07:00:00;0;0;700;0;0;0;100;0;800;0;-800
12.07.2021 07:00:00;12.07.2021 08:00:00;0;0;700;0;0;0;100;0;800;0;-800
12.07.2021 08:00:00;12.07.2021 09:00:00;0;0;700;0;0;0;100;0;800;0;-800
12.07.2021 09:00:00;12.07.2021 10:00:00;0;0;700;0;0;0;100;0;800;0;-800
12.07.2021 10:00:00;12.07.2021 11:00:00;0;0;700;0;0;0;100;0;800;0;-800
12.07.2021 11:00:00;12.07.2021 12:00:00;0;0;700;0;0;0;100;0;800;0;-800
12.07.2021 12:00:00;12.07.2021 13:00:00;0;0;700;0;0;0;100;0;800;0;-800
12.07.2021 13:00:00;12.07.2021 14:00:00;0;0;700;0;0;0;100;0;800;0;-800
12.07.2021 14:00:00;12.07.2021 15:00:00;0;0;700;0;0;0;100;0;800;0;-800
12.07.2021 15:00:00;12.07.2021 16:00:00;0;0;700;0;0;0;100;0;800;0;-800
12.07.2021 16:00:00;12.07.2021 17:00:00;0;0;700;0;0;0;100;0;800;0;-800
12.07.2021 17:00:00;12.07.2021 18:00:00;0;0;700;0;0;0;100;0;800;0;-800
12.07.2021 18:00:00;12.07.2021 19:00:00;0;0;700;0;0;0;100;0;800;0;-800
12.07.2021 19:00:00;12.07.2021 20:00:00;0;0;700;0;0;0;100;0;800;0;-800
12.07.2021 20:00:00;12.07.2021 21:00:00;0;0;700;0;0;0;100;0;800;0;-800
12.07.2021 21:00:00;12.07.2021 22:00:00;0;0;700;0;0;0;100;0;800;0;-800
12.07.2021 22:00:00;12.07.2021 23:00:00;0;0;700;0;0;0;100;0;800;0;-800
12.07.2021 23:00:00;13.07.2021 00:00:00;0;0;700;0;0;0;100;0;800;0;-800
13.07.2021 00:00:00;13.07.2021 01:00:00;0;0;700;0;0;0;100;0;800;0;-800
13.07.2021 01:00:00;13.07.2021 02:00:00;0;0;700;0;0;0;100;0;800;0;-800
13.07.2021 02:00:00;13.07.2021 03:00:00;0;0;700;0;0;0;100;0;800;0;-800
13.07.2021 03:00:00;13.07.2021 04:00:00;0;0;700;0;0;0;100;0;800;0;-800
13.07.2021 04:00:00;13.07.2021 05:00:00;0;0;700;0;0;0;100;0;800;0;-800
13.07.2021 05:00:00;13.07.2021 06:00:00;0;0;700;0;0;0;100;0;800;0;-800
13.07.2021 06:00:00;13.07.2021 07:00:00;0;0;700;0;0;0;100;0;800;0;-800
13.07.2021 07:00:00;13.07.2021 08:00:00;0;0;700;0;0;0;100;0;800;0;-800
13.07.2021 08:00:00;13.07.2021 09:00:00;0;0;700;0;0;0;100;0;800;0;-800
13.07.2021 09:00:00;13.07.2021 10:00:00;0;0;700;0;0;0;100;0;800;0;-800
13.07.2021 10:00:00;13.07.2021 11:00:00;0;0;700;0;0;0;100;0;800;0;-800
13.07.2021 11:00:00;13.07.2021 12:00:00;0;0;700;0;0;0;100;0;800;0;-800
13.07.2021 12:00:00;13.07.2021 13:00:00;0;0;700;0;0;0;100;0;800;0;-800
13.07.2021 13:00:00;13.07.2021 14:00:00;0;0;700;0;0;0;100;0;800;0;-800
13.07.2021 14:00:00;13.07.2021 15:00:00;0;0;700;0;0;0;100;0;800;0;-800
13.07.2021 15:00:00;13.07.2021 16:00:00;0;0;700;0;0;0;100;0;800;0;-800
13.07.2021 16:00:00;13.07.2021 17:00:00;0;0;700;0;0;0;100;0;800;0;-800
13.07.2021 17:00:00;13.07.2021 18:00:00;0;0;700;0;0;0;100;0;800;0;-800
13.07.2021 18:00:00;13.07.2021 19:00:00;0;0;700;0;0;0;100;0;800;0;-800
13.07.2021 19:00:00;13.07.2021 20:00:00;0;0;700;0;0;0;100;0;800;0;-800
13.07.2021 20:00:00;13.07.2021 21:00:00;0;0;700;0;0;0;100;0;800;0;-800
13.07.2021 21:00:00;13.07.2021 22:00:00;0;0;700;0;0;0;100;0;800;0;-800
13.07.2021 22:00:00;13.07.2021 23:00:00;0;0;700;0;0;0;100;0;800;0;-800
13.07.2021 23:00:00;14.07.2021 00:00:00;0;0;700;0;0;0;100;0;800;0;-800
14.07.2021 00:00:00;14.07.2021 01:00:00;0;0;650;0;0;0;100;0;750;0;-750
14.07.2021 01:00:00;14.07.2021 02:00:00;0;0;650;0;0;0;100;0;750;0;-750
14.07.2021 02:00:00;14.07.2021 03:00:00;0;0;650;0;0;0;100;0;750;0;-750
14.07.2021 03:00:00;14.07.2021 04:00:00;0;0;650;0;0;0;100;0;750;0;-750
14.07.2021 04:00:00;14.07.2021 05:00:00;0;0;650;0;0;0;100;0;750;0;-750
14.07.2021 05:00:00;14.07.2021 06:00:00;0;0;650;0;0;0;100;0;750;0;-750
14.07.2021 06:00:00;14.07.2021 07:00:00;0;0;650;0;0;0;100;0;750;0;-750
14.07.2021 07:00:00;14.07.2021 08:00:00;0;0;650;0;0;0;100;0;750;0;-750
14.07.2021 08:00:00;14.07.2021 09:00:00;0;0;650;0;0;0;100;0;750;0;-750
14.07.2021 09:00:00;14.07.2021 10:00:00;0;0;650;0;0;0;100;0;750;0;-750
14.07.2021 10:00:00;14.07.2021 11:00:00;0;0;650;0;0;0;100;0;750;0;-750
14.07.2021 11:00:00;14.07.2021 12:00:00;0;0;650;0;0;0;100;0;750;0;-750
14.07.2021 12:00:00;14.07.2021 13:00:00;0;0;650;0;0;0;100;0;750;0;-750
14.07.2021 13:00:00;14.07.2021 14:00:00;0;0;650;0;0;0;100;0;750;0;-750
14.07.2021 14:00:00;14.07.2021 15:00:00;0;0;650;0;0;0;100;0;750;0;-750
14.07.2021 15:00:00;14.07.2021 16:00:00;0;0;650;0;0;0;100;0;750;0;-750
14.07.2021 16:00:00;14.07.2021 17:00:00;0;0;650;0;0;0;100;0;750;0;-750
14.07.2021 17:00:00;14.07.2021 18:00:00;0;0;650;0;0;0;100;0;750;0;-750
14.07.2021 18:00:00;14.07.2021 19:00:00;0;0;650;0;0;0;100;0;750;0;-750
14.07.2021 19:00:00;14.07.2021 20:00:00;0;0;650;0;0;0;100;0;750;0;-750
14.07.2021 20:00:00;14.07.2021 21:00:00;0;0;650;0;0;0;100;0;750;0;-750
14.07.2021 21:00:00;14.07.2021 22:00:00;0;0;650;0;0;0;100;0;750;0;-750
14.07.2021 22:00:00;14.07.2021 23:00:00;0;0;650;0;0;0;100;0;750;0;-750
14.07.2021 23:00:00;15.07.2021 00:00:00;0;0;650;0;0;0;100;0;750;0;-750
15.07.2021 00:00:00;15.07.2021 01:00:00;0;0;650;0;0;0;100;0;750;0;-750
15.07.2021 01:00:00;15.07.2021 02:00:00;0;0;650;0;0;0;100;0;750;0;-750
15.07.2021 02:00:00;15.07.2021 03:00:00;0;0;650;0;0;0;100;0;750;0;-750
15.07.2021 03:00:00;15.07.2021 04:00:00;0;0;650;0;0;0;100;0;750;0;-750
15.07.2021 04:00:00;15.07.2021 05:00:00;0;0;650;0;0;0;100;0;750;0;-750
15.07.2021 05:00:00;15.07.2021 06:00:00;0;0;650;0;0;0;100;0;750;0;-750
15.07.2021 06:00:00;15.07.2021 07:00:00;0;0;650;0;0;0;100;0;750;0;-750
15.07.2021 07:00:00;15.07.2021 08:00:00;0;0;650;0;0;0;100;0;750;0;-750
15.07.2021 08:00:00;15.07.2021 09:00:00;0;0;650;0;0;0;100;0;750;0;-750
15.07.2021 09:00:00;15.07.2021 10:00:00;0;0;650;0;0;0;100;0;750;0;-750
15.07.2021 10:00:00;15.07.2021 11:00:00;0;0;650;0;0;0;100;0;750;0;-750
15.07.2021 11:00:00;15.07.2021 12:00:00;0;0;650;0;0;0;100;0;750;0;-750
15.07.2021 12:00:00;15.07.2021 13:00:00;0;0;650;0;0;0;100;0;750;0;-750
15.07.2021 13:00:00;15.07.2021 14:00:00;0;0;650;0;0;0;100;0;750;0;-750
15.07.2021 14:00:00;15.07.2021 15:00:00;0;0;650;0;0;0;100;0;750;0;-750
15.07.2021 15:00:00;15.07.2021 16:00:00;0;0;650;0;0;0;100;0;750;0;-750
15.07.2021 16:00:00;15.07.2021 17:00:00;0;0;650;0;0;0;100;0;750;0;-750
15.07.2021 17:00:00;15.07.2021 18:00:00;0;0;650;0;0;0;100;0;750;0;-750
15.07.2021 18:00:00;15.07.2021 19:00:00;0;0;650;0;0;0;100;0;750;0;-750
15.07.2021 19:00:00;15.07.2021 20:00:00;0;0;650;0;0;0;100;0;750;0;-750
15.07.2021 20:00:00;15.07.2021 21:00:00;0;0;650;0;0;0;100;0;750;0;-750
15.07.2021 21:00:00;15.07.2021 22:00:00;0;0;650;0;0;0;100;0;750;0;-750
15.07.2021 22:00:00;15.07.2021 23:00:00;0;0;650;0;0;0;100;0;750;0;-750
15.07.2021 23:00:00;16.07.2021 00:00:00;0;0;650;0;0;0;100;0;750;0;-750
16.07.2021 00:00:00;16.07.2021 01:00:00;0;0;650;0;0;0;100;0;750;0;-750
16.07.2021 01:00:00;16.07.2021 02:00:00;0;0;650;0;0;0;100;0;750;0;-750
16.07.2021 02:00:00;16.07.2021 03:00:00;0;0;650;0;0;0;100;0;750;0;-750
16.07.2021 03:00:00;16.07.2021 04:00:00;0;0;650;0;0;0;100;0;750;0;-750
16.07.2021 04:00:00;16.07.2021 05:00:00;0;0;650;0;0;0;100;0;750;0;-750
16.07.2021 05:00:00;16.07.2021 06:00:00;0;0;650;0;0;0;100;0;750;0;-750
16.07.2021 06:00:00;16.07.2021 07:00:00;0;0;650;0;0;0;100;0;750;0;-750
16.07.2021 07:00:00;16.07.2021 08:00:00;0;0;650;0;0;0;100;0;750;0;-750
16.07.2021 08:00:00;16.07.2021 09:00:00;0;0;650;0;0;0;100;0;750;0;-750
16.07.2021 09:00:00;16.07.2021 10:00:00;0;0;650;0;0;0;100;0;750;0;-750
16.07.2021 10:00:00;16.07.2021 11:00:00;0;0;650;0;0;0;100;0;750;0;-750
16.07.2021 11:00:00;16.07.2021 12:00:00;0;0;650;0;0;0;100;0;750;0;-750
16.07.2021 12:00:00;16.07.2021 13:00:00;0;0;650;0;0;0;100;0;750;0;-750
16.07.2021 13:00:00;16.07.2021 14:00:00;0;0;650;0;0;0;100;0;750;0;-750
16.07.2021 14:00:00;16.07.2021 15:00:00;0;0;650;0;0;0;100;0;750;0;-750
16.07.2021 15:00:00;16.07.2021 16:00:00;0;0;650;0;0;0;100;0;750;0;-750
16.07.2021 16:00:00;16.07.2021 17:00:00;0;0;650;0;0;0;100;0;750;0;-750
16.07.2021 17:00:00;16.07.2021 18:00:00;0;0;650;0;0;0;100;0;750;0;-750
16.07.2021 18:00:00;16.07.2021 19:00:00;0;0;650;0;0;0;100;0;750;0;-750
16.07.2021 19:00:00;16.07.2021 20:00:00;0;0;650;0;0;0;100;0;750;0;-750
16.07.2021 20:00:00;16.07.2021 21:00:00;0;0;650;0;0;0;100;0;750;0;-750
16.07.2021 21:00:00;16.07.2021 22:00:00;0;0;650;0;0;0;100;0;750;0;-750
16.07.2021 22:00:00;16.07.2021 23:00:00;0;0;650;0;0;0;100;0;750;0;-750
16.07.2021 23:00:00;17.07.2021 00:00:00;0;0;650;0;0;0;100;0;750;0;-750
17.07.2021 00:00:00;17.07.2021 01:00:00;0;0;650;0;0;0;100;0;750;0;-750
17.07.2021 01:00:00;17.07.2021 02:00:00;0;0;650;0;0;0;100;0;750;0;-750
17.07.2021 02:00:00;17.07.2021 03:00:00;0;0;650;0;0;0;100;0;750;0;-750
17.07.2021 03:00:00;17.07.2021 04:00:00;0;0;650;0;0;0;100;0;750;0;-750
17.07.2021 04:00:00;17.07.2021 05:00:00;0;0;650;0;0;0;100;0;750;0;-750
17.07.2021 05:00:00;17.07.2021 06:00:00;0;0;650;0;0;0;100;0;750;0;-750
17.07.2021 06:00:00;17.07.2021 07:00:00;0;0;650;0;0;0;100;0;750;0;-750
17.07.2021 07:00:00;17.07.2021 08:00:00;0;0;650;0;0;0;100;0;750;0;-750
17.07.2021 08:00:00;17.07.2021 09:00:00;0;0;650;0;0;0;100;0;750;0;-750
17.07.2021 09:00:00;17.07.2021 10:00:00;0;0;650;0;0;0;100;0;750;0;-750
17.07.2021 10:00:00;17.07.2021 11:00:00;0;0;650;0;0;0;100;0;750;0;-750
17.07.2021 11:00:00;17.07.2021 12:00:00;0;0;650;0;0;0;100;0;750;0;-750
17.07.2021 12:00:00;17.07.2021 13:00:00;0;0;650;0;0;0;100;0;750;0;-750
17.07.2021 13:00:00;17.07.2021 14:00:00;0;0;650;0;0;0;100;0;750;0;-750
17.07.2021 14:00:00;17.07.2021 15:00:00;0;0;650;0;0;0;100;0;750;0;-750
17.07.2021 15:00:00;17.07.2021 16:00:00;0;0;650;0;0;0;100;0;750;0;-750
17.07.2021 16:00:00;17.07.2021 17:00:00;0;0;650;0;0;0;100;0;750;0;-750
17.07.2021 17:00:00;17.07.2021 18:00:00;0;0;650;0;0;0;100;0;750;0;-750
17.07.2021 18:00:00;17.07.2021 19:00:00;0;0;650;0;0;0;100;0;750;0;-750
17.07.2021 19:00:00;17.07.2021 20:00:00;0;0;650;0;0;0;100;0;750;0;-750
17.07.2021 20:00:00;17.07.2021 21:00:00;0;0;650;0;0;0;100;0;750;0;-750
17.07.2021 21:00:00;17.07.2021 22:00:00;0;0;650;0;0;0;100;0;750;0;-750
17.07.2021 22:00:00;17.07.2021 23:00:00;0;0;650;0;0;0;100;0;750;0;-750
17.07.2021 23:00:00;18.07.2021 00:00:00;0;0;650;0;0;0;100;0;750;0;-750
18.07.2021 00:00:00;18.07.2021 01:00:00;0;0;650;0;0;0;100;0;750;0;-750
18.07.2021 01:00:00;18.07.2021 02:00:00;0;0;650;0;0;0;100;0;750;0;-750
18.07.2021 02:00:00;18.07.2021 03:00:00;0;0;650;0;0;0;100;0;750;0;-750
18.07.2021 03:00:00;18.07.2021 04:00:00;0;0;650;0;0;0;100;0;750;0;-750
18.07.2021 04:00:00;18.07.2021 05:00:00;0;0;650;0;0;0;100;0;750;0;-750
18.07.2021 05:00:00;18.07.2021 06:00:00;0;0;650;0;0;0;100;0;750;0;-750
18.07.2021 06:00:00;18.07.2021 07:00:00;0;0;650;0;0;0;100;0;750;0;-750
18.07.2021 07:00:00;18.07.2021 08:00:00;0;0;650;0;0;0;100;0;750;0;-750
18.07.2021 08:00:00;18.07.2021 09:00:00;0;0;650;0;0;0;100;0;750;0;-750
18.07.2021 09:00:00;18.07.2021 10:00:00;0;0;650;0;0;0;100;0;750;0;-750
18.07.2021 10:00:00;18.07.2021 11:00:00;0;0;650;0;0;0;100;0;750;0;-750
18.07.2021 11:00:00;18.07.2021 12:00:00;0;0;650;0;0;0;100;0;750;0;-750
18.07.2021 12:00:00;18.07.2021 13:00:00;0;0;640.2;0;0;0;83.7;0;723.9;0;-723.9
18.07.2021 13:00:00;18.07.2021 14:00:00;0;0;381.2;0;0;0;0;150;381.2;150;-231.2
18.07.2021 14:00:00;18.07.2021 15:00:00;0;0;393;0;0;0;0;150;393;150;-243
18.07.2021 15:00:00;18.07.2021 16:00:00;0;0;410.7;0;0;0;0;150;410.7;150;-260.7
18.07.2021 16:00:00;18.07.2021 17:00:00;0;0;415.1;0;0;0;0;150;415.1;150;-265.1
18.07.2021 17:00:00;18.07.2021 18:00:00;0;0;650;0;0;0;100;0;750;0;-750
18.07.2021 18:00:00;18.07.2021 19:00:00;0;0;650;0;0;0;100;0;750;0;-750
18.07.2021 19:00:00;18.07.2021 20:00:00;0;0;650;0;0;0;100;0;750;0;-750
18.07.2021 20:00:00;18.07.2021 21:00:00;0;0;650;0;0;0;100;0;750;0;-750
18.07.2021 21:00:00;18.07.2021 22:00:00;0;0;650;0;0;0;100;0;750;0;-750
18.07.2021 22:00:00;18.07.2021 23:00:00;0;0;650;0;0;0;100;0;750;0;-750
18.07.2021 23:00:00;19.07.2021 00:00:00;0;0;650;0;0;0;100;0;750;0;-750
19.07.2021 00:00:00;19.07.2021 01:00:00;0;0;650;0;0;0;100;0;750;0;-750
19.07.2021 01:00:00;19.07.2021 02:00:00;0;0;650;0;0;0;100;0;750;0;-750
19.07.2021 02:00:00;19.07.2021 03:00:00;0;0;650;0;0;0;100;0;750;0;-750
19.07.2021 03:00:00;19.07.2021 04:00:00;0;0;650;0;0;0;100;0;750;0;-750
19.07.2021 04:00:00;19.07.2021 05:00:00;0;0;650;0;0;0;100;0;750;0;-750
19.07.2021 05:00:00;19.07.2021 06:00:00;0;0;650;0;0;0;100;0;750;0;-750
19.07.2021 06:00:00;19.07.2021 07:00:00;0;0;650;0;0;0;100;0;750;0;-750
19.07.2021 07:00:00;19.07.2021 08:00:00;0;0;650;0;0;0;100;0;750;0;-750
19.07.2021 08:00:00;19.07.2021 09:00:00;0;0;650;0;0;0;100;0;750;0;-750
19.07.2021 09:00:00;19.07.2021 10:00:00;0;0;650;0;0;0;100;0;750;0;-750
19.07.2021 10:00:00;19.07.2021 11:00:00;0;0;650;0;0;0;100;0;750;0;-750
19.07.2021 11:00:00;19.07.2021 12:00:00;0;0;650;0;0;0;100;0;750;0;-750
19.07.2021 12:00:00;19.07.2021 13:00:00;0;0;650;0;0;0;100;0;750;0;-750
19.07.2021 13:00:00;19.07.2021 14:00:00;0;0;650;0;0;0;100;0;750;0;-750
19.07.2021 14:00:00;19.07.2021 15:00:00;0;0;650;0;0;0;100;0;750;0;-750
19.07.2021 15:00:00;19.07.2021 16:00:00;0;0;650;0;0;0;100;0;750;0;-750
19.07.2021 16:00:00;19.07.2021 17:00:00;0;0;650;0;0;0;100;0;750;0;-750
19.07.2021 17:00:00;19.07.2021 18:00:00;0;0;650;0;0;0;100;0;750;0;-750
19.07.2021 18:00:00;19.07.2021 19:00:00;0;0;650;0;0;0;100;0;750;0;-750
19.07.2021 19:00:00;19.07.2021 20:00:00;0;0;650;0;0;0;100;0;750;0;-750
19.07.2021 20:00:00;19.07.2021 21:00:00;0;0;650;0;0;0;100;0;750;0;-750
19.07.2021 21:00:00;19.07.2021 22:00:00;0;0;650;0;0;0;100;0;750;0;-750
19.07.2021 22:00:00;19.07.2021 23:00:00;0;0;650;0;0;0;100;0;750;0;-750
19.07.2021 23:00:00;20.07.2021 00:00:00;0;0;650;0;0;0;100;0;750;0;-750
20.07.2021 00:00:00;20.07.2021 01:00:00;0;0;650;0;0;0;100;0;750;0;-750
20.07.2021 01:00:00;20.07.2021 02:00:00;0;0;650;0;0;0;100;0;750;0;-750
20.07.2021 02:00:00;20.07.2021 03:00:00;0;0;650;0;0;0;100;0;750;0;-750
20.07.2021 03:00:00;20.07.2021 04:00:00;0;0;650;0;0;0;100;0;750;0;-750
20.07.2021 04:00:00;20.07.2021 05:00:00;0;0;650;0;0;0;100;0;750;0;-750
20.07.2021 05:00:00;20.07.2021 06:00:00;0;0;650;0;0;0;100;0;750;0;-750
20.07.2021 06:00:00;20.07.2021 07:00:00;0;0;650;0;0;0;100;0;750;0;-750
20.07.2021 07:00:00;20.07.2021 08:00:00;0;0;650;0;0;0;100;0;750;0;-750
20.07.2021 08:00:00;20.07.2021 09:00:00;0;0;650;0;0;0;100;0;750;0;-750
20.07.2021 09:00:00;20.07.2021 10:00:00;0;0;650;0;0;0;100;0;750;0;-750
20.07.2021 10:00:00;20.07.2021 11:00:00;0;0;650;0;0;0;100;0;750;0;-750
20.07.2021 11:00:00;20.07.2021 12:00:00;0;0;650;0;0;0;100;0;750;0;-750
20.07.2021 12:00:00;20.07.2021 13:00:00;0;0;650;0;0;0;100;0;750;0;-750
20.07.2021 13:00:00;20.07.2021 14:00:00;0;0;650;0;0;0;100;0;750;0;-750
20.07.2021 14:00:00;20.07.2021 15:00:00;0;0;650;0;0;0;100;0;750;0;-750
20.07.2021 15:00:00;20.07.2021 16:00:00;0;0;650;0;0;0;100;0;750;0;-750
20.07.2021 16:00:00;20.07.2021 17:00:00;0;0;650;0;0;0;100;0;750;0;-750
20.07.2021 17:00:00;20.07.2021 18:00:00;0;0;650;0;0;0;100;0;750;0;-750
20.07.2021 18:00:00;20.07.2021 19:00:00;0;0;650;0;0;0;100;0;750;0;-750
20.07.2021 19:00:00;20.07.2021 20:00:00;0;0;650;0;0;0;100;0;750;0;-750
20.07.2021 20:00:00;20.07.2021 21:00:00;0;0;650;0;0;0;100;0;750;0;-750
20.07.2021 21:00:00;20.07.2021 22:00:00;0;0;650;0;0;0;100;0;750;0;-750
20.07.2021 22:00:00;20.07.2021 23:00:00;0;0;650;0;0;0;100;0;750;0;-750
20.07.2021 23:00:00;21.07.2021 00:00:00;0;0;650;0;0;0;100;0;750;0;-750
21.07.2021 00:00:00;21.07.2021 01:00:00;0;0;700;0;550;0;100;0;1350;0;-1350
21.07.2021 01:00:00;21.07.2021 02:00:00;0;0;700;0;550;0;100;0;1350;0;-1350
21.07.2021 02:00:00;21.07.2021 03:00:00;0;0;700;0;550;0;100;0;1350;0;-1350
21.07.2021 03:00:00;21.07.2021 04:00:00;0;0;700;0;550;0;100;0;1350;0;-1350
21.07.2021 04:00:00;21.07.2021 05:00:00;0;0;700;0;550;0;100;0;1350;0;-1350
21.07.2021 05:00:00;21.07.2021 06:00:00;0;0;700;0;550;0;100;0;1350;0;-1350
21.07.2021 06:00:00;21.07.2021 07:00:00;0;0;700;0;550;0;100;0;1350;0;-1350
21.07.2021 07:00:00;21.07.2021 08:00:00;0;0;700;0;550;0;100;0;1350;0;-1350
21.07.2021 08:00:00;21.07.2021 09:00:00;0;0;700;0;550;0;100;0;1350;0;-1350
21.07.2021 09:00:00;21.07.2021 10:00:00;0;0;700;0;550;0;100;0;1350;0;-1350
21.07.2021 10:00:00;21.07.2021 11:00:00;0;0;700;0;550;0;100;0;1350;0;-1350
21.07.2021 11:00:00;21.07.2021 12:00:00;0;0;700;0;550;0;100;0;1350;0;-1350
21.07.2021 12:00:00;21.07.2021 13:00:00;0;0;700;0;550;0;100;0;1350;0;-1350
21.07.2021 13:00:00;21.07.2021 14:00:00;0;0;700;0;550;0;100;0;1350;0;-1350
21.07.2021 14:00:00;21.07.2021 15:00:00;0;0;700;0;550;0;100;0;1350;0;-1350
21.07.2021 15:00:00;21.07.2021 16:00:00;0;0;700;0;550;0;100;0;1350;0;-1350
21.07.2021 16:00:00;21.07.2021 17:00:00;0;0;700;0;550;0;100;0;1350;0;-1350
21.07.2021 17:00:00;21.07.2021 18:00:00;0;0;700;0;550;0;50;0;1300;0;-1300
21.07.2021 18:00:00;21.07.2021 19:00:00;0;0;700;0;550;0;50;0;1300;0;-1300
21.07.2021 19:00:00;21.07.2021 20:00:00;0;0;700;0;550;0;50;0;1300;0;-1300
21.07.2021 20:00:00;21.07.2021 21:00:00;0;0;700;0;550;0;50;0;1300;0;-1300
21.07.2021 21:00:00;21.07.2021 22:00:00;0;0;700;0;550;0;50;0;1300;0;-1300
21.07.2021 22:00:00;21.07.2021 23:00:00;0;0;700;0;550;0;50;0;1300;0;-1300
21.07.2021 23:00:00;22.07.2021 00:00:00;0;0;700;0;550;0;50;0;1300;0;-1300
22.07.2021 00:00:00;22.07.2021 01:00:00;0;0;700;0;550;0;100;0;1350;0;-1350
22.07.2021 01:00:00;22.07.2021 02:00:00;0;0;700;0;550;0;100;0;1350;0;-1350
22.07.2021 02:00:00;22.07.2021 03:00:00;0;0;700;0;550;0;100;0;1350;0;-1350
22.07.2021 03:00:00;22.07.2021 04:00:00;0;0;700;0;550;0;100;0;1350;0;-1350
22.07.2021 04:00:00;22.07.2021 05:00:00;0;0;700;0;550;0;100;0;1350;0;-1350
22.07.2021 05:00:00;22.07.2021 06:00:00;0;0;700;0;550;0;100;0;1350;0;-1350
22.07.2021 06:00:00;22.07.2021 07:00:00;0;0;700;0;550;0;100;0;1350;0;-1350
22.07.2021 07:00:00;22.07.2021 08:00:00;0;0;700;0;550;0;100;0;1350;0;-1350
22.07.2021 08:00:00;22.07.2021 09:00:00;0;0;700;0;550;0;100;0;1350;0;-1350
22.07.2021 09:00:00;22.07.2021 10:00:00;0;0;700;0;550;0;100;0;1350;0;-1350
22.07.2021 10:00:00;22.07.2021 11:00:00;0;0;700;0;550;0;100;0;1350;0;-1350
22.07.2021 11:00:00;22.07.2021 12:00:00;0;0;700;0;550;0;100;0;1350;0;-1350
22.07.2021 12:00:00;22.07.2021 13:00:00;0;0;700;0;550;0;100;0;1350;0;-1350
22.07.2021 13:00:00;22.07.2021 14:00:00;0;0;700;0;550;0;100;0;1350;0;-1350
22.07.2021 14:00:00;22.07.2021 15:00:00;0;0;700;0;550;0;100;0;1350;0;-1350
22.07.2021 15:00:00;22.07.2021 16:00:00;0;0;700;0;550;0;100;0;1350;0;-1350
22.07.2021 16:00:00;22.07.2021 17:00:00;0;0;700;0;550;0;100;0;1350;0;-1350
22.07.2021 17:00:00;22.07.2021 18:00:00;0;0;700;0;550;0;100;0;1350;0;-1350
22.07.2021 18:00:00;22.07.2021 19:00:00;0;0;700;0;550;0;100;0;1350;0;-1350
22.07.2021 19:00:00;22.07.2021 20:00:00;0;0;700;0;550;0;100;0;1350;0;-1350
22.07.2021 20:00:00;22.07.2021 21:00:00;0;0;700;0;550;0;100;0;1350;0;-1350
22.07.2021 21:00:00;22.07.2021 22:00:00;0;0;700;0;550;0;100;0;1350;0;-1350
22.07.2021 22:00:00;22.07.2021 23:00:00;0;0;700;0;550;0;100;0;1350;0;-1350
22.07.2021 23:00:00;23.07.2021 00:00:00;0;0;700;0;550;0;100;0;1350;0;-1350
23.07.2021 00:00:00;23.07.2021 01:00:00;0;0;700;0;550;0;100;0;1350;0;-1350
23.07.2021 01:00:00;23.07.2021 02:00:00;0;0;700;0;550;0;100;0;1350;0;-1350
23.07.2021 02:00:00;23.07.2021 03:00:00;0;0;700;0;550;0;100;0;1350;0;-1350
23.07.2021 03:00:00;23.07.2021 04:00:00;0;0;700;0;550;0;100;0;1350;0;-1350
23.07.2021 04:00:00;23.07.2021 05:00:00;0;0;700;0;550;0;100;0;1350;0;-1350
23.07.2021 05:00:00;23.07.2021 06:00:00;0;0;700;0;550;0;100;0;1350;0;-1350
23.07.2021 06:00:00;23.07.2021 07:00:00;0;0;700;0;550;0;100;0;1350;0;-1350
23.07.2021 07:00:00;23.07.2021 08:00:00;0;0;700;0;550;0;100;0;1350;0;-1350
23.07.2021 08:00:00;23.07.2021 09:00:00;0;0;700;0;550;0;100;0;1350;0;-1350
23.07.2021 09:00:00;23.07.2021 10:00:00;0;0;700;0;550;0;100;0;1350;0;-1350
23.07.2021 10:00:00;23.07.2021 11:00:00;0;0;700;0;550;0;100;0;1350;0;-1350
23.07.2021 11:00:00;23.07.2021 12:00:00;0;0;700;0;550;0;100;0;1350;0;-1350
23.07.2021 12:00:00;23.07.2021 13:00:00;0;0;700;0;550;0;100;0;1350;0;-1350
23.07.2021 13:00:00;23.07.2021 14:00:00;0;0;700;0;550;0;100;0;1350;0;-1350
23.07.2021 14:00:00;23.07.2021 15:00:00;0;0;700;0;550;0;100;0;1350;0;-1350
23.07.2021 15:00:00;23.07.2021 16:00:00;0;0;700;0;550;0;100;0;1350;0;-1350
23.07.2021 16:00:00;23.07.2021 17:00:00;0;0;700;0;550;0;100;0;1350;0;-1350
23.07.2021 17:00:00;23.07.2021 18:00:00;0;0;700;0;550;0;50;0;1300;0;-1300
23.07.2021 18:00:00;23.07.2021 19:00:00;0;0;700;0;550;0;50;0;1300;0;-1300
23.07.2021 19:00:00;23.07.2021 20:00:00;0;0;700;0;550;0;50;0;1300;0;-1300
23.07.2021 20:00:00;23.07.2021 21:00:00;0;0;700;0;550;0;50;0;1300;0;-1300
23.07.2021 21:00:00;23.07.2021 22:00:00;0;0;700;0;550;0;50;0;1300;0;-1300
23.07.2021 22:00:00;23.07.2021 23:00:00;0;0;700;0;550;0;50;0;1300;0;-1300
23.07.2021 23:00:00;24.07.2021 00:00:00;0;0;700;0;550;0;50;0;1300;0;-1300
24.07.2021 00:00:00;24.07.2021 01:00:00;0;0;700;0;550;0;100;0;1350;0;-1350
24.07.2021 01:00:00;24.07.2021 02:00:00;0;0;700;0;550;0;100;0;1350;0;-1350
24.07.2021 02:00:00;24.07.2021 03:00:00;0;0;700;0;550;0;100;0;1350;0;-1350
24.07.2021 03:00:00;24.07.2021 04:00:00;0;0;700;0;550;0;100;0;1350;0;-1350
24.07.2021 04:00:00;24.07.2021 05:00:00;0;0;700;0;550;0;100;0;1350;0;-1350
24.07.2021 05:00:00;24.07.2021 06:00:00;0;0;700;0;550;0;100;0;1350;0;-1350
24.07.2021 06:00:00;24.07.2021 07:00:00;0;0;700;0;550;0;100;0;1350;0;-1350
24.07.2021 07:00:00;24.07.2021 08:00:00;0;0;700;0;550;0;100;0;1350;0;-1350
24.07.2021 08:00:00;24.07.2021 09:00:00;0;0;700;0;550;0;100;0;1350;0;-1350
24.07.2021 09:00:00;24.07.2021 10:00:00;0;0;700;0;550;0;100;0;1350;0;-1350
24.07.2021 10:00:00;24.07.2021 11:00:00;0;0;700;0;550;0;100;0;1350;0;-1350
24.07.2021 11:00:00;24.07.2021 12:00:00;0;0;700;0;550;0;100;0;1350;0;-1350
24.07.2021 12:00:00;24.07.2021 13:00:00;0;0;700;0;550;0;100;0;1350;0;-1350
24.07.2021 13:00:00;24.07.2021 14:00:00;0;0;700;0;550;0;100;0;1350;0;-1350
24.07.2021 14:00:00;24.07.2021 15:00:00;0;0;700;0;550;0;100;0;1350;0;-1350
24.07.2021 15:00:00;24.07.2021 16:00:00;0;0;700;0;550;0;100;0;1350;0;-1350
24.07.2021 16:00:00;24.07.2021 17:00:00;0;0;700;0;550;0;100;0;1350;0;-1350
24.07.2021 17:00:00;24.07.2021 18:00:00;0;0;700;0;550;0;50;0;1300;0;-1300
24.07.2021 18:00:00;24.07.2021 19:00:00;0;0;700;0;550;0;50;0;1300;0;-1300
24.07.2021 19:00:00;24.07.2021 20:00:00;0;0;700;0;550;0;50;0;1300;0;-1300
24.07.2021 20:00:00;24.07.2021 21:00:00;0;0;700;0;550;0;50;0;1300;0;-1300
24.07.2021 21:00:00;24.07.2021 22:00:00;0;0;700;0;550;0;50;0;1300;0;-1300
24.07.2021 22:00:00;24.07.2021 23:00:00;0;0;700;0;550;0;50;0;1300;0;-1300
24.07.2021 23:00:00;25.07.2021 00:00:00;0;0;700;0;550;0;50;0;1300;0;-1300
25.07.2021 00:00:00;25.07.2021 01:00:00;0;0;1000;0;550;0;100;0;1650;0;-1650
25.07.2021 01:00:00;25.07.2021 02:00:00;0;0;1000;0;550;0;100;0;1650;0;-1650
25.07.2021 02:00:00;25.07.2021 03:00:00;0;0;1000;0;550;0;100;0;1650;0;-1650
25.07.2021 03:00:00;25.07.2021 04:00:00;0;0;1000;0;550;0;100;0;1650;0;-1650
25.07.2021 04:00:00;25.07.2021 05:00:00;0;0;1000;0;550;0;100;0;1650;0;-1650
25.07.2021 05:00:00;25.07.2021 06:00:00;0;0;1000;0;550;0;100;0;1650;0;-1650
25.07.2021 06:00:00;25.07.2021 07:00:00;0;0;1000;0;550;0;100;0;1650;0;-1650
25.07.2021 07:00:00;25.07.2021 08:00:00;0;0;1000;0;550;0;100;0;1650;0;-1650
25.07.2021 08:00:00;25.07.2021 09:00:00;0;0;1000;0;550;0;100;0;1650;0;-1650
25.07.2021 09:00:00;25.07.2021 10:00:00;0;0;1000;0;550;0;100;0;1650;0;-1650
25.07.2021 10:00:00;25.07.2021 11:00:00;0;0;1000;0;550;0;100;0;1650;0;-1650
25.07.2021 11:00:00;25.07.2021 12:00:00;0;0;1000;0;550;0;100;0;1650;0;-1650
25.07.2021 12:00:00;25.07.2021 13:00:00;0;0;1000;0;550;0;100;0;1650;0;-1650
25.07.2021 13:00:00;25.07.2021 14:00:00;0;0;1000;0;550;0;100;0;1650;0;-1650
25.07.2021 14:00:00;25.07.2021 15:00:00;0;0;1000;0;550;0;100;0;1650;0;-1650
25.07.2021 15:00:00;25.07.2021 16:00:00;0;0;1000;0;550;0;100;0;1650;0;-1650
25.07.2021 16:00:00;25.07.2021 17:00:00;0;0;1000;0;550;0;100;0;1650;0;-1650
25.07.2021 17:00:00;25.07.2021 18:00:00;0;0;1000;0;550;0;100;0;1650;0;-1650
25.07.2021 18:00:00;25.07.2021 19:00:00;0;0;1000;0;550;0;100;0;1650;0;-1650
25.07.2021 19:00:00;25.07.2021 20:00:00;0;0;1000;0;550;0;100;0;1650;0;-1650
25.07.2021 20:00:00;25.07.2021 21:00:00;0;0;1000;0;550;0;100;0;1650;0;-1650
25.07.2021 21:00:00;25.07.2021 22:00:00;0;0;1000;0;550;0;100;0;1650;0;-1650
25.07.2021 22:00:00;25.07.2021 23:00:00;0;0;1000;0;550;0;100;0;1650;0;-1650
25.07.2021 23:00:00;26.07.2021 00:00:00;0;0;1000;0;550;0;100;0;1650;0;-1650
26.07.2021 00:00:00;26.07.2021 01:00:00;0;0;1000;0;550;0;100;0;1650;0;-1650
26.07.2021 01:00:00;26.07.2021 02:00:00;0;0;1000;0;550;0;100;0;1650;0;-1650
26.07.2021 02:00:00;26.07.2021 03:00:00;0;0;1000;0;550;0;100;0;1650;0;-1650
26.07.2021 03:00:00;26.07.2021 04:00:00;0;0;1000;0;550;0;100;0;1650;0;-1650
26.07.2021 04:00:00;26.07.2021 05:00:00;0;0;1000;0;550;0;100;0;1650;0;-1650
26.07.2021 05:00:00;26.07.2021 06:00:00;0;0;1000;0;550;0;100;0;1650;0;-1650
26.07.2021 06:00:00;26.07.2021 07:00:00;0;0;1000;0;550;0;100;0;1650;0;-1650
26.07.2021 07:00:00;26.07.2021 08:00:00;0;0;1000;0;500;0;100;0;1600;0;-1600
26.07.2021 08:00:00;26.07.2021 09:00:00;0;0;1000;0;500;0;100;0;1600;0;-1600
26.07.2021 09:00:00;26.07.2021 10:00:00;0;0;1000;0;500;0;100;0;1600;0;-1600
26.07.2021 10:00:00;26.07.2021 11:00:00;0;0;1000;0;500;0;100;0;1600;0;-1600
26.07.2021 11:00:00;26.07.2021 12:00:00;0;0;1000;0;500;0;100;0;1600;0;-1600
26.07.2021 12:00:00;26.07.2021 13:00:00;0;0;1000;0;500;0;100;0;1600;0;-1600
26.07.2021 13:00:00;26.07.2021 14:00:00;0;0;1000;0;500;0;100;0;1600;0;-1600
26.07.2021 14:00:00;26.07.2021 15:00:00;0;0;1000;0;500;0;100;0;1600;0;-1600
26.07.2021 15:00:00;26.07.2021 16:00:00;0;0;1000;0;500;0;100;0;1600;0;-1600
26.07.2021 16:00:00;26.07.2021 17:00:00;0;0;1000;0;500;0;100;0;1600;0;-1600
26.07.2021 17:00:00;26.07.2021 18:00:00;0;0;1000;0;500;0;100;0;1600;0;-1600
26.07.2021 18:00:00;26.07.2021 19:00:00;0;0;1000;0;500;0;100;0;1600;0;-1600
26.07.2021 19:00:00;26.07.2021 20:00:00;0;0;1000;0;500;0;100;0;1600;0;-1600
26.07.2021 20:00:00;26.07.2021 21:00:00;0;0;1000;0;500;0;100;0;1600;0;-1600
26.07.2021 21:00:00;26.07.2021 22:00:00;0;0;1000;0;500;0;100;0;1600;0;-1600
26.07.2021 22:00:00;26.07.2021 23:00:00;0;0;1000;0;500;0;100;0;1600;0;-1600
26.07.2021 23:00:00;27.07.2021 00:00:00;0;0;1000;0;500;0;100;0;1600;0;-1600
27.07.2021 00:00:00;27.07.2021 01:00:00;0;0;1000;0;500;0;50;0;1550;0;-1550
27.07.2021 01:00:00;27.07.2021 02:00:00;0;0;1000;0;500;0;50;0;1550;0;-1550
27.07.2021 02:00:00;27.07.2021 03:00:00;0;0;1000;0;500;0;50;0;1550;0;-1550
27.07.2021 03:00:00;27.07.2021 04:00:00;0;0;1000;0;500;0;50;0;1550;0;-1550
27.07.2021 04:00:00;27.07.2021 05:00:00;0;0;1000;0;500;0;50;0;1550;0;-1550
27.07.2021 05:00:00;27.07.2021 06:00:00;0;0;1000;0;500;0;50;0;1550;0;-1550
27.07.2021 06:00:00;27.07.2021 07:00:00;0;0;1000;0;500;0;50;0;1550;0;-1550
27.07.2021 07:00:00;27.07.2021 08:00:00;0;0;1000;0;500;0;100;0;1600;0;-1600
27.07.2021 08:00:00;27.07.2021 09:00:00;0;0;1000;0;500;0;100;0;1600;0;-1600
27.07.2021 09:00:00;27.07.2021 10:00:00;0;0;1000;0;500;0;100;0;1600;0;-1600
27.07.2021 10:00:00;27.07.2021 11:00:00;0;0;1000;0;500;0;100;0;1600;0;-1600
27.07.2021 11:00:00;27.07.2021 12:00:00;0;0;1000;0;500;0;100;0;1600;0;-1600
27.07.2021 12:00:00;27.07.2021 13:00:00;0;0;1000;0;500;0;100;0;1600;0;-1600
27.07.2021 13:00:00;27.07.2021 14:00:00;0;0;1000;0;500;0;100;0;1600;0;-1600
27.07.2021 14:00:00;27.07.2021 15:00:00;0;0;1000;0;500;0;100;0;1600;0;-1600
27.07.2021 15:00:00;27.07.2021 16:00:00;0;0;1000;0;500;0;100;0;1600;0;-1600
27.07.2021 16:00:00;27.07.2021 17:00:00;0;0;1000;0;500;0;100;0;1600;0;-1600
27.07.2021 17:00:00;27.07.2021 18:00:00;0;0;1000;0;500;0;100;0;1600;0;-1600
27.07.2021 18:00:00;27.07.2021 19:00:00;0;0;1000;0;500;0;100;0;1600;0;-1600
27.07.2021 19:00:00;27.07.2021 20:00:00;0;0;1000;0;500;0;100;0;1600;0;-1600
27.07.2021 20:00:00;27.07.2021 21:00:00;0;0;1000;0;500;0;100;0;1600;0;-1600
27.07.2021 21:00:00;27.07.2021 22:00:00;0;0;1000;0;500;0;100;0;1600;0;-1600
27.07.2021 22:00:00;27.07.2021 23:00:00;0;0;1000;0;500;0;100;0;1600;0;-1600
27.07.2021 23:00:00;28.07.2021 00:00:00;0;0;1000;0;500;0;100;0;1600;0;-1600
28.07.2021 00:00:00;28.07.2021 01:00:00;0;0;1000;0;500;0;50;0;1550;0;-1550
28.07.2021 01:00:00;28.07.2021 02:00:00;0;0;1000;0;500;0;50;0;1550;0;-1550
28.07.2021 02:00:00;28.07.2021 03:00:00;0;0;1000;0;500;0;50;0;1550;0;-1550
28.07.2021 03:00:00;28.07.2021 04:00:00;0;0;1000;0;500;0;50;0;1550;0;-1550
28.07.2021 04:00:00;28.07.2021 05:00:00;0;0;1000;0;500;0;50;0;1550;0;-1550
28.07.2021 05:00:00;28.07.2021 06:00:00;0;0;1000;0;500;0;50;0;1550;0;-1550
28.07.2021 06:00:00;28.07.2021 07:00:00;0;0;1000;0;500;0;50;0;1550;0;-1550
28.07.2021 07:00:00;28.07.2021 08:00:00;0;0;1000;0;500;0;100;0;1600;0;-1600
28.07.2021 08:00:00;28.07.2021 09:00:00;0;0;1000;0;500;0;100;0;1600;0;-1600
28.07.2021 09:00:00;28.07.2021 10:00:00;0;0;1000;0;500;0;100;0;1600;0;-1600
28.07.2021 10:00:00;28.07.2021 11:00:00;0;0;1000;0;500;0;100;0;1600;0;-1600
28.07.2021 11:00:00;28.07.2021 12:00:00;0;0;1000;0;500;0;100;0;1600;0;-1600
28.07.2021 12:00:00;28.07.2021 13:00:00;0;0;1000;0;500;0;100;0;1600;0;-1600
28.07.2021 13:00:00;28.07.2021 14:00:00;0;0;1000;0;500;0;100;0;1600;0;-1600
28.07.2021 14:00:00;28.07.2021 15:00:00;0;0;1000;0;500;0;100;0;1600;0;-1600
28.07.2021 15:00:00;28.07.2021 16:00:00;0;0;1000;0;500;0;100;0;1600;0;-1600
28.07.2021 16:00:00;28.07.2021 17:00:00;0;0;1000;0;500;0;100;0;1600;0;-1600
28.07.2021 17:00:00;28.07.2021 18:00:00;0;0;1000;0;500;0;100;0;1600;0;-1600
28.07.2021 18:00:00;28.07.2021 19:00:00;0;0;1000;0;500;0;100;0;1600;0;-1600
28.07.2021 19:00:00;28.07.2021 20:00:00;0;0;1000;0;500;0;100;0;1600;0;-1600
28.07.2021 20:00:00;28.07.2021 21:00:00;0;0;1000;0;500;0;100;0;1600;0;-1600
28.07.2021 21:00:00;28.07.2021 22:00:00;0;0;1000;0;500;0;100;0;1600;0;-1600
28.07.2021 22:00:00;28.07.2021 23:00:00;0;0;1000;0;500;0;100;0;1600;0;-1600
28.07.2021 23:00:00;29.07.2021 00:00:00;0;0;1000;0;500;0;100;0;1600;0;-1600
29.07.2021 00:00:00;29.07.2021 01:00:00;0;0;1000;0;500;0;50;0;1550;0;-1550
29.07.2021 01:00:00;29.07.2021 02:00:00;0;0;1000;0;500;0;50;0;1550;0;-1550
29.07.2021 02:00:00;29.07.2021 03:00:00;0;0;1000;0;500;0;50;0;1550;0;-1550
29.07.2021 03:00:00;29.07.2021 04:00:00;0;0;1000;0;500;0;50;0;1550;0;-1550
29.07.2021 04:00:00;29.07.2021 05:00:00;0;0;1000;0;500;0;50;0;1550;0;-1550
29.07.2021 05:00:00;29.07.2021 06:00:00;0;0;1000;0;500;0;50;0;1550;0;-1550
29.07.2021 06:00:00;29.07.2021 07:00:00;0;0;1000;0;500;0;50;0;1550;0;-1550
29.07.2021 07:00:00;29.07.2021 08:00:00;0;0;1000;0;500;0;100;0;1600;0;-1600
29.07.2021 08:00:00;29.07.2021 09:00:00;0;0;1000;0;500;0;100;0;1600;0;-1600
29.07.2021 09:00:00;29.07.2021 10:00:00;0;0;1000;0;500;0;100;0;1600;0;-1600
29.07.2021 10:00:00;29.07.2021 11:00:00;0;0;1000;0;500;0;100;0;1600;0;-1600
29.07.2021 11:00:00;29.07.2021 12:00:00;0;0;1000;0;500;0;100;0;1600;0;-1600
29.07.2021 12:00:00;29.07.2021 13:00:00;0;0;1000;0;500;0;100;0;1600;0;-1600
29.07.2021 13:00:00;29.07.2021 14:00:00;0;0;1000;0;500;0;100;0;1600;0;-1600
29.07.2021 14:00:00;29.07.2021 15:00:00;0;0;1000;0;500;0;100;0;1600;0;-1600
29.07.2021 15:00:00;29.07.2021 16:00:00;0;0;1000;0;500;0;100;0;1600;0;-1600
29.07.2021 16:00:00;29.07.2021 17:00:00;0;0;1000;0;500;0;100;0;1600;0;-1600
29.07.2021 17:00:00;29.07.2021 18:00:00;0;0;1000;0;500;0;100;0;1600;0;-1600
29.07.2021 18:00:00;29.07.2021 19:00:00;0;0;1000;0;500;0;100;0;1600;0;-1600
29.07.2021 19:00:00;29.07.2021 20:00:00;0;0;1000;0;500;0;100;0;1600;0;-1600
29.07.2021 20:00:00;29.07.2021 21:00:00;0;0;1000;0;500;0;100;0;1600;0;-1600
29.07.2021 21:00:00;29.07.2021 22:00:00;0;0;1000;0;500;0;100;0;1600;0;-1600
29.07.2021 22:00:00;29.07.2021 23:00:00;0;0;1000;0;500;0;100;0;1600;0;-1600
29.07.2021 23:00:00;30.07.2021 00:00:00;0;0;1000;0;500;0;100;0;1600;0;-1600
30.07.2021 00:00:00;30.07.2021 01:00:00;0;0;750;0;550;0;50;0;1350;0;-1350
30.07.2021 01:00:00;30.07.2021 02:00:00;0;0;750;0;550;0;50;0;1350;0;-1350
30.07.2021 02:00:00;30.07.2021 03:00:00;0;0;750;0;550;0;50;0;1350;0;-1350
30.07.2021 03:00:00;30.07.2021 04:00:00;0;0;750;0;550;0;50;0;1350;0;-1350
30.07.2021 04:00:00;30.07.2021 05:00:00;0;0;750;0;550;0;50;0;1350;0;-1350
30.07.2021 05:00:00;30.07.2021 06:00:00;0;0;750;0;550;0;50;0;1350;0;-1350
30.07.2021 06:00:00;30.07.2021 07:00:00;0;0;750;0;550;0;50;0;1350;0;-1350
30.07.2021 07:00:00;30.07.2021 08:00:00;0;0;750;0;550;0;50;0;1350;0;-1350
30.07.2021 08:00:00;30.07.2021 09:00:00;0;0;750;0;550;0;50;0;1350;0;-1350
30.07.2021 09:00:00;30.07.2021 10:00:00;0;0;750;0;550;0;50;0;1350;0;-1350
30.07.2021 10:00:00;30.07.2021 11:00:00;0;0;750;0;550;0;50;0;1350;0;-1350
30.07.2021 11:00:00;30.07.2021 12:00:00;0;0;750;0;550;0;50;0;1350;0;-1350
30.07.2021 12:00:00;30.07.2021 13:00:00;0;0;750;0;550;0;50;0;1350;0;-1350
30.07.2021 13:00:00;30.07.2021 14:00:00;0;0;750;0;550;0;50;0;1350;0;-1350
30.07.2021 14:00:00;30.07.2021 15:00:00;0;0;750;0;550;0;50;0;1350;0;-1350
30.07.2021 15:00:00;30.07.2021 16:00:00;0;0;750;0;550;0;50;0;1350;0;-1350
30.07.2021 16:00:00;30.07.2021 17:00:00;0;0;750;0;550;0;50;0;1350;0;-1350
30.07.2021 17:00:00;30.07.2021 18:00:00;0;0;750;0;550;0;50;0;1350;0;-1350
30.07.2021 18:00:00;30.07.2021 19:00:00;0;0;750;0;550;0;50;0;1350;0;-1350
30.07.2021 19:00:00;30.07.2021 20:00:00;0;0;750;0;550;0;50;0;1350;0;-1350
30.07.2021 20:00:00;30.07.2021 21:00:00;0;0;750;0;550;0;50;0;1350;0;-1350
30.07.2021 21:00:00;30.07.2021 22:00:00;0;0;750;0;550;0;50;0;1350;0;-1350
30.07.2021 22:00:00;30.07.2021 23:00:00;0;0;750;0;550;0;50;0;1350;0;-1350
30.07.2021 23:00:00;31.07.2021 00:00:00;0;0;750;0;550;0;50;0;1350;0;-1350
31.07.2021 00:00:00;31.07.2021 01:00:00;0;0;1000;0;650;0;150;0;1800;0;-1800
31.07.2021 01:00:00;31.07.2021 02:00:00;0;0;1000;0;650;0;150;0;1800;0;-1800
31.07.2021 02:00:00;31.07.2021 03:00:00;0;0;1000;0;650;0;150;0;1800;0;-1800
31.07.2021 03:00:00;31.07.2021 04:00:00;0;0;1000;0;650;0;150;0;1800;0;-1800
31.07.2021 04:00:00;31.07.2021 05:00:00;0;0;1000;0;650;0;150;0;1800;0;-1800
31.07.2021 05:00:00;31.07.2021 06:00:00;0;0;1000;0;650;0;150;0;1800;0;-1800
31.07.2021 06:00:00;31.07.2021 07:00:00;0;0;1000;0;650;0;150;0;1800;0;-1800
31.07.2021 07:00:00;31.07.2021 08:00:00;0;0;1000;0;650;0;150;0;1800;0;-1800
31.07.2021 08:00:00;31.07.2021 09:00:00;0;0;1000;0;580;0;150;0;1730;0;-1730
31.07.2021 09:00:00;31.07.2021 10:00:00;0;0;1000;0;542.8;0;150;0;1692.8;0;-1692.8
31.07.2021 10:00:00;31.07.2021 11:00:00;0;0;1000;0;529.7;0;150;0;1679.7;0;-1679.7
31.07.2021 11:00:00;31.07.2021 12:00:00;0;0;1000;0;511.1;0;150;0;1661.1;0;-1661.1
31.07.2021 12:00:00;31.07.2021 13:00:00;0;0;1000;0;510.6;0;150;0;1660.6;0;-1660.6
31.07.2021 13:00:00;31.07.2021 14:00:00;0;0;1000;0;500.6;0;150;0;1650.6;0;-1650.6
31.07.2021 14:00:00;31.07.2021 15:00:00;0;0;1000;0;592.8;0;53;0;1645.8;0;-1645.8
31.07.2021 15:00:00;31.07.2021 16:00:00;0;0;962.5;0;558.4;0;126.2;0;1647.1;0;-1647.1
31.07.2021 16:00:00;31.07.2021 17:00:00;0;0;909;0;606.4;0;150;0;1665.4;0;-1665.4
31.07.2021 17:00:00;31.07.2021 18:00:00;0;0;1000;0;525.7;0;150;0;1675.7;0;-1675.7
31.07.2021 18:00:00;31.07.2021 19:00:00;0;0;980.5;0;555.7;0;150;0;1686.2;0;-1686.2
31.07.2021 19:00:00;31.07.2021 20:00:00;0;0;918.3;0;611.7;0;150;0;1680;0;-1680
31.07.2021 20:00:00;31.07.2021 21:00:00;0;0;922.5;0;614.6;0;150;0;1687.1;0;-1687.1
31.07.2021 21:00:00;31.07.2021 22:00:00;0;0;949.9;0;595.6;0;150;0;1695.5;0;-1695.5
31.07.2021 22:00:00;31.07.2021 23:00:00;0;0;983.4;0;569.4;0;150;0;1702.8;0;-1702.8
31.07.2021 23:00:00;01.08.2021 00:00:00;0;0;1000;0;567.5;0;150;0;1717.5;0;-1717.5
01.08.2021 00:00:00;01.08.2021 01:00:00;0;0;900;0;550;0;50;0;1500;0;-1500
01.08.2021 01:00:00;01.08.2021 02:00:00;0;0;900;0;550;0;50;0;1500;0;-1500
01.08.2021 02:00:00;01.08.2021 03:00:00;0;0;900;0;550;0;50;0;1500;0;-1500
01.08.2021 03:00:00;01.08.2021 04:00:00;0;0;900;0;550;0;50;0;1500;0;-1500
01.08.2021 04:00:00;01.08.2021 05:00:00;0;0;900;0;550;0;50;0;1500;0;-1500
01.08.2021 05:00:00;01.08.2021 06:00:00;0;0;900;0;550;0;50;0;1500;0;-1500
01.08.2021 06:00:00;01.08.2021 07:00:00;0;0;900;0;550;0;50;0;1500;0;-1500
01.08.2021 07:00:00;01.08.2021 08:00:00;0;0;900;0;550;0;50;0;1500;0;-1500
01.08.2021 08:00:00;01.08.2021 09:00:00;0;0;900;0;550;0;50;0;1500;0;-1500
01.08.2021 09:00:00;01.08.2021 10:00:00;0;0;900;0;550;0;50;0;1500;0;-1500
01.08.2021 10:00:00;01.08.2021 11:00:00;0;0;900;0;550;0;50;0;1500;0;-1500
01.08.2021 11:00:00;01.08.2021 12:00:00;0;0;900;0;550;0;50;0;1500;0;-1500
01.08.2021 12:00:00;01.08.2021 13:00:00;0;0;900;0;550;0;50;0;1500;0;-1500
01.08.2021 13:00:00;01.08.2021 14:00:00;0;0;900;0;550;0;50;0;1500;0;-1500
01.08.2021 14:00:00;01.08.2021 15:00:00;0;0;900;0;550;0;50;0;1500;0;-1500
01.08.2021 15:00:00;01.08.2021 16:00:00;0;0;900;0;550;0;50;0;1500;0;-1500
01.08.2021 16:00:00;01.08.2021 17:00:00;0;0;900;0;550;0;50;0;1500;0;-1500
01.08.2021 17:00:00;01.08.2021 18:00:00;0;0;900;0;550;0;50;0;1500;0;-1500
01.08.2021 18:00:00;01.08.2021 19:00:00;0;0;900;0;550;0;50;0;1500;0;-1500
01.08.2021 19:00:00;01.08.2021 20:00:00;0;0;900;0;550;0;50;0;1500;0;-1500
01.08.2021 20:00:00;01.08.2021 21:00:00;0;0;900;0;550;0;50;0;1500;0;-1500
01.08.2021 21:00:00;01.08.2021 22:00:00;0;0;900;0;550;0;50;0;1500;0;-1500
01.08.2021 22:00:00;01.08.2021 23:00:00;0;0;900;0;550;0;50;0;1500;0;-1500
01.08.2021 23:00:00;02.08.2021 00:00:00;0;0;900;0;550;0;50;0;1500;0;-1500
02.08.2021 00:00:00;02.08.2021 01:00:00;0;0;900;0;550;0;50;0;1500;0;-1500
02.08.2021 01:00:00;02.08.2021 02:00:00;0;0;900;0;550;0;50;0;1500;0;-1500
02.08.2021 02:00:00;02.08.2021 03:00:00;0;0;900;0;550;0;50;0;1500;0;-1500
02.08.2021 03:00:00;02.08.2021 04:00:00;0;0;900;0;550;0;50;0;1500;0;-1500
02.08.2021 04:00:00;02.08.2021 05:00:00;0;0;900;0;550;0;50;0;1500;0;-1500
02.08.2021 05:00:00;02.08.2021 06:00:00;0;0;900;0;550;0;50;0;1500;0;-1500
02.08.2021 06:00:00;02.08.2021 07:00:00;0;0;900;0;550;0;50;0;1500;0;-1500
02.08.2021 07:00:00;02.08.2021 08:00:00;0;0;900;0;544;0;50;0;1494;0;-1494
02.08.2021 08:00:00;02.08.2021 09:00:00;0;0;900;0;507.2;0;50;0;1457.2;0;-1457.2
02.08.2021 09:00:00;02.08.2021 10:00:00;0;0;900;0;517.1;0;50;0;1467.1;0;-1467.1
02.08.2021 10:00:00;02.08.2021 11:00:00;0;0;900;0;512.2;0;50;0;1462.2;0;-1462.2
02.08.2021 11:00:00;02.08.2021 12:00:00;0;0;900;0;503.1;0;50;0;1453.1;0;-1453.1
02.08.2021 12:00:00;02.08.2021 13:00:00;0;0;900;0;497.7;0;50;0;1447.7;0;-1447.7
02.08.2021 13:00:00;02.08.2021 14:00:00;0;0;900;0;518.4;0;50;0;1468.4;0;-1468.4
02.08.2021 14:00:00;02.08.2021 15:00:00;0;0;900;0;524.9;0;50;0;1474.9;0;-1474.9
02.08.2021 15:00:00;02.08.2021 16:00:00;0;0;900;0;535.4;0;50;0;1485.4;0;-1485.4
02.08.2021 16:00:00;02.08.2021 17:00:00;0;0;900;0;549.8;0;50;0;1499.8;0;-1499.8
02.08.2021 17:00:00;02.08.2021 18:00:00;0;0;900;0;546;0;50;0;1496;0;-1496
02.08.2021 18:00:00;02.08.2021 19:00:00;0;0;900;0;534.3;0;50;0;1484.3;0;-1484.3
02.08.2021 19:00:00;02.08.2021 20:00:00;0;0;900;0;520.2;0;50;0;1470.2;0;-1470.2
02.08.2021 20:00:00;02.08.2021 21:00:00;0;0;900;0;519.2;0;50;0;1469.2;0;-1469.2
02.08.2021 21:00:00;02.08.2021 22:00:00;0;0;900;0;502.8;0;50;0;1452.8;0;-1452.8
02.08.2021 22:00:00;02.08.2021 23:00:00;0;0;900;0;512.6;0;50;0;1462.6;0;-1462.6
02.08.2021 23:00:00;03.08.2021 00:00:00;0;0;900;0;511.6;0;50;0;1461.6;0;-1461.6
03.08.2021 00:00:00;03.08.2021 01:00:00;0;0;900;0;305.1;0;50;0;1255.1;0;-1255.1
03.08.2021 01:00:00;03.08.2021 02:00:00;0;0;900;0;325.2;0;50;0;1275.2;0;-1275.2
03.08.2021 02:00:00;03.08.2021 03:00:00;0;0;900;0;313.2;0;50;0;1263.2;0;-1263.2
03.08.2021 03:00:00;03.08.2021 04:00:00;0;0;900;0;311.8;0;50;0;1261.8;0;-1261.8
03.08.2021 04:00:00;03.08.2021 05:00:00;0;0;900;0;319.9;0;50;0;1269.9;0;-1269.9
03.08.2021 05:00:00;03.08.2021 06:00:00;0;0;900;0;350;0;50;0;1300;0;-1300
03.08.2021 06:00:00;03.08.2021 07:00:00;0;0;900;0;313.3;0;50;0;1263.3;0;-1263.3
03.08.2021 07:00:00;03.08.2021 08:00:00;0;0;900;0;350;0;50;0;1300;0;-1300
03.08.2021 08:00:00;03.08.2021 09:00:00;0;0;900;0;347.7;0;50;0;1297.7;0;-1297.7
03.08.2021 09:00:00;03.08.2021 10:00:00;0;0;900;0;323.9;0;50;0;1273.9;0;-1273.9
03.08.2021 10:00:00;03.08.2021 11:00:00;0;0;900;0;311.7;0;50;0;1261.7;0;-1261.7
03.08.2021 11:00:00;03.08.2021 12:00:00;0;0;900;0;314.2;0;50;0;1264.2;0;-1264.2
03.08.2021 12:00:00;03.08.2021 13:00:00;0;0;900;0;309.9;0;50;0;1259.9;0;-1259.9
03.08.2021 13:00:00;03.08.2021 14:00:00;0;0;900;0;309.5;0;50;0;1259.5;0;-1259.5
03.08.2021 14:00:00;03.08.2021 15:00:00;0;0;900;0;318.3;0;50;0;1268.3;0;-1268.3
03.08.2021 15:00:00;03.08.2021 16:00:00;0;0;900;0;319.3;0;50;0;1269.3;0;-1269.3
03.08.2021 16:00:00;03.08.2021 17:00:00;0;0;900;0;313.9;0;50;0;1263.9;0;-1263.9
03.08.2021 17:00:00;03.08.2021 18:00:00;0;0;900;0;326.8;0;50;0;1276.8;0;-1276.8
03.08.2021 18:00:00;03.08.2021 19:00:00;0;0;900;0;347.1;0;50;0;1297.1;0;-1297.1
03.08.2021 19:00:00;03.08.2021 20:00:00;0;0;900;0;333.7;0;50;0;1283.7;0;-1283.7
03.08.2021 20:00:00;03.08.2021 21:00:00;0;0;900;0;345.7;0;50;0;1295.7;0;-1295.7
03.08.2021 21:00:00;03.08.2021 22:00:00;0;0;900;0;301.1;0;50;0;1251.1;0;-1251.1
03.08.2021 22:00:00;03.08.2021 23:00:00;0;0;900;0;293.1;0;50;0;1243.1;0;-1243.1
03.08.2021 23:00:00;04.08.2021 00:00:00;0;0;900;0;334;0;50;0;1284;0;-1284
04.08.2021 00:00:00;04.08.2021 01:00:00;0;0;900;0;292.2;0;50;0;1242.2;0;-1242.2
04.08.2021 01:00:00;04.08.2021 02:00:00;0;0;900;0;339.7;0;50;0;1289.7;0;-1289.7
04.08.2021 02:00:00;04.08.2021 03:00:00;0;0;900;0;350;0;50;0;1300;0;-1300
04.08.2021 03:00:00;04.08.2021 04:00:00;0;0;900;0;350;0;50;0;1300;0;-1300
04.08.2021 04:00:00;04.08.2021 05:00:00;0;0;900;0;350;0;50;0;1300;0;-1300
04.08.2021 05:00:00;04.08.2021 06:00:00;0;0;900;0;350;0;50;0;1300;0;-1300
04.08.2021 06:00:00;04.08.2021 07:00:00;0;0;900;0;347.1;0;50;0;1297.1;0;-1297.1
04.08.2021 07:00:00;04.08.2021 08:00:00;0;0;600;0;500;0;50;0;1150;0;-1150
04.08.2021 08:00:00;04.08.2021 09:00:00;0;0;600;0;500;0;50;0;1150;0;-1150
04.08.2021 09:00:00;04.08.2021 10:00:00;0;0;600;0;498.9;0;50;0;1148.9;0;-1148.9
04.08.2021 10:00:00;04.08.2021 11:00:00;0;0;600;0;496.2;0;50;0;1146.2;0;-1146.2
04.08.2021 11:00:00;04.08.2021 12:00:00;0;0;600;0;500;0;50;0;1150;0;-1150
04.08.2021 12:00:00;04.08.2021 13:00:00;0;0;600;0;500;0;50;0;1150;0;-1150
04.08.2021 13:00:00;04.08.2021 14:00:00;0;0;600;0;500;0;50;0;1150;0;-1150
04.08.2021 14:00:00;04.08.2021 15:00:00;0;0;600;0;500;0;50;0;1150;0;-1150
04.08.2021 15:00:00;04.08.2021 16:00:00;0;0;600;0;500;0;50;0;1150;0;-1150
04.08.2021 16:00:00;04.08.2021 17:00:00;0;0;900;0;350;0;50;0;1300;0;-1300
04.08.2021 17:00:00;04.08.2021 18:00:00;0;0;900;0;350;0;50;0;1300;0;-1300
04.08.2021 18:00:00;04.08.2021 19:00:00;0;0;900;0;350;0;50;0;1300;0;-1300
04.08.2021 19:00:00;04.08.2021 20:00:00;0;0;900;0;350;0;50;0;1300;0;-1300
04.08.2021 20:00:00;04.08.2021 21:00:00;0;0;900;0;350;0;50;0;1300;0;-1300
04.08.2021 21:00:00;04.08.2021 22:00:00;0;0;900;0;350;0;50;0;1300;0;-1300
04.08.2021 22:00:00;04.08.2021 23:00:00;0;0;900;0;350;0;50;0;1300;0;-1300
04.08.2021 23:00:00;05.08.2021 00:00:00;0;0;900;0;350;0;50;0;1300;0;-1300
05.08.2021 00:00:00;05.08.2021 01:00:00;0;0;900;0;350;0;50;0;1300;0;-1300
05.08.2021 01:00:00;05.08.2021 02:00:00;0;0;900;0;350;0;50;0;1300;0;-1300
05.08.2021 02:00:00;05.08.2021 03:00:00;0;0;900;0;350;0;50;0;1300;0;-1300
05.08.2021 03:00:00;05.08.2021 04:00:00;0;0;900;0;350;0;50;0;1300;0;-1300
05.08.2021 04:00:00;05.08.2021 05:00:00;0;0;900;0;350;0;50;0;1300;0;-1300
05.08.2021 05:00:00;05.08.2021 06:00:00;0;0;900;0;350;0;50;0;1300;0;-1300
05.08.2021 06:00:00;05.08.2021 07:00:00;0;0;900;0;350;0;50;0;1300;0;-1300
05.08.2021 07:00:00;05.08.2021 08:00:00;0;0;600;0;500;0;50;0;1150;0;-1150
05.08.2021 08:00:00;05.08.2021 09:00:00;0;0;600;0;500;0;50;0;1150;0;-1150
05.08.2021 09:00:00;05.08.2021 10:00:00;0;0;600;0;500;0;50;0;1150;0;-1150
05.08.2021 10:00:00;05.08.2021 11:00:00;0;0;600;0;500;0;50;0;1150;0;-1150
05.08.2021 11:00:00;05.08.2021 12:00:00;0;0;600;0;500;0;50;0;1150;0;-1150
05.08.2021 12:00:00;05.08.2021 13:00:00;0;0;600;0;500;0;50;0;1150;0;-1150
05.08.2021 13:00:00;05.08.2021 14:00:00;0;0;600;0;500;0;50;0;1150;0;-1150
05.08.2021 14:00:00;05.08.2021 15:00:00;0;0;600;0;500;0;50;0;1150;0;-1150
05.08.2021 15:00:00;05.08.2021 16:00:00;0;0;600;0;500;0;50;0;1150;0;-1150
05.08.2021 16:00:00;05.08.2021 17:00:00;0;0;900;0;229.5;0;50;0;1179.5;0;-1179.5
05.08.2021 17:00:00;05.08.2021 18:00:00;0;0;900;0;236.8;0;50;0;1186.8;0;-1186.8
05.08.2021 18:00:00;05.08.2021 19:00:00;0;0;900;0;300.8;0;50;0;1250.8;0;-1250.8
05.08.2021 19:00:00;05.08.2021 20:00:00;0;0;900;0;298.3;0;50;0;1248.3;0;-1248.3
05.08.2021 20:00:00;05.08.2021 21:00:00;0;0;900;0;285.7;0;50;0;1235.7;0;-1235.7
05.08.2021 21:00:00;05.08.2021 22:00:00;0;0;900;0;304.6;0;50;0;1254.6;0;-1254.6
05.08.2021 22:00:00;05.08.2021 23:00:00;0;0;900;0;314.3;0;50;0;1264.3;0;-1264.3
05.08.2021 23:00:00;06.08.2021 00:00:00;0;0;900;0;303.1;0;50;0;1253.1;0;-1253.1
06.08.2021 00:00:00;06.08.2021 01:00:00;0;0;900;0;350;0;50;0;1300;0;-1300
06.08.2021 01:00:00;06.08.2021 02:00:00;0;0;900;0;350;0;50;0;1300;0;-1300
06.08.2021 02:00:00;06.08.2021 03:00:00;0;0;900;0;350;0;50;0;1300;0;-1300
06.08.2021 03:00:00;06.08.2021 04:00:00;0;0;900;0;350;0;50;0;1300;0;-1300
06.08.2021 04:00:00;06.08.2021 05:00:00;0;0;900;0;350;0;50;0;1300;0;-1300
06.08.2021 05:00:00;06.08.2021 06:00:00;0;0;900;0;350;0;50;0;1300;0;-1300
06.08.2021 06:00:00;06.08.2021 07:00:00;0;0;900;0;350;0;50;0;1300;0;-1300
06.08.2021 07:00:00;06.08.2021 08:00:00;0;0;900;0;350;0;50;0;1300;0;-1300
06.08.2021 08:00:00;06.08.2021 09:00:00;0;0;900;0;350;0;50;0;1300;0;-1300
06.08.2021 09:00:00;06.08.2021 10:00:00;0;0;900;0;332;0;50;0;1282;0;-1282
06.08.2021 10:00:00;06.08.2021 11:00:00;0;0;900;0;321.5;0;50;0;1271.5;0;-1271.5
06.08.2021 11:00:00;06.08.2021 12:00:00;0;0;900;0;320.8;0;50;0;1270.8;0;-1270.8
06.08.2021 12:00:00;06.08.2021 13:00:00;0;0;900;0;322.6;0;50;0;1272.6;0;-1272.6
06.08.2021 13:00:00;06.08.2021 14:00:00;0;0;900;0;321.4;0;50;0;1271.4;0;-1271.4
06.08.2021 14:00:00;06.08.2021 15:00:00;0;0;900;0;266.5;0;50;0;1216.5;0;-1216.5
06.08.2021 15:00:00;06.08.2021 16:00:00;0;0;900;0;281.2;0;50;0;1231.2;0;-1231.2
06.08.2021 16:00:00;06.08.2021 17:00:00;0;0;900;0;339.2;0;50;0;1289.2;0;-1289.2
06.08.2021 17:00:00;06.08.2021 18:00:00;0;0;900;0;350;0;50;0;1300;0;-1300
06.08.2021 18:00:00;06.08.2021 19:00:00;0;0;900;0;350;0;50;0;1300;0;-1300
06.08.2021 19:00:00;06.08.2021 20:00:00;0;0;900;0;350;0;50;0;1300;0;-1300
06.08.2021 20:00:00;06.08.2021 21:00:00;0;0;900;0;340.7;0;50;0;1290.7;0;-1290.7
06.08.2021 21:00:00;06.08.2021 22:00:00;0;0;900;0;331.9;0;50;0;1281.9;0;-1281.9
06.08.2021 22:00:00;06.08.2021 23:00:00;0;0;900;0;329.4;0;50;0;1279.4;0;-1279.4
06.08.2021 23:00:00;07.08.2021 00:00:00;0;0;900;0;304.5;0;50;0;1254.5;0;-1254.5
07.08.2021 00:00:00;07.08.2021 01:00:00;0;0;900;0;320.1;0;50;0;1270.1;0;-1270.1
07.08.2021 01:00:00;07.08.2021 02:00:00;0;0;900;0;348;0;50;0;1298;0;-1298
07.08.2021 02:00:00;07.08.2021 03:00:00;0;0;900;0;350;0;50;0;1300;0;-1300
07.08.2021 03:00:00;07.08.2021 04:00:00;0;0;900;0;350;0;50;0;1300;0;-1300
07.08.2021 04:00:00;07.08.2021 05:00:00;0;0;896.5;0;350;0;50;0;1296.5;0;-1296.5
07.08.2021 05:00:00;07.08.2021 06:00:00;0;0;900;0;350;0;50;0;1300;0;-1300
07.08.2021 06:00:00;07.08.2021 07:00:00;0;0;800;0;0;0;150;0;950;0;-950
07.08.2021 07:00:00;07.08.2021 08:00:00;0;0;800;0;0;0;150;0;950;0;-950
07.08.2021 08:00:00;07.08.2021 09:00:00;0;0;800;0;0;0;150;0;950;0;-950
07.08.2021 09:00:00;07.08.2021 10:00:00;0;0;800;0;0;0;150;0;950;0;-950
07.08.2021 10:00:00;07.08.2021 11:00:00;0;0;800;0;0;0;150;0;950;0;-950
07.08.2021 11:00:00;07.08.2021 12:00:00;0;0;800;0;0;0;150;0;950;0;-950
07.08.2021 12:00:00;07.08.2021 13:00:00;0;0;800;0;0;0;150;0;950;0;-950
07.08.2021 13:00:00;07.08.2021 14:00:00;0;0;800;0;0;0;150;0;950;0;-950
07.08.2021 14:00:00;07.08.2021 15:00:00;0;0;800;0;0;0;150;0;950;0;-950
07.08.2021 15:00:00;07.08.2021 16:00:00;0;0;800;0;0;0;150;0;950;0;-950
07.08.2021 16:00:00;07.08.2021 17:00:00;0;0;800;0;0;0;150;0;950;0;-950
07.08.2021 17:00:00;07.08.2021 18:00:00;0;0;800;0;0;0;150;0;950;0;-950
07.08.2021 18:00:00;07.08.2021 19:00:00;0;0;800;0;0;0;150;0;950;0;-950
07.08.2021 19:00:00;07.08.2021 20:00:00;0;0;800;0;0;0;150;0;950;0;-950
07.08.2021 20:00:00;07.08.2021 21:00:00;0;0;800;0;0;0;150;0;950;0;-950
07.08.2021 21:00:00;07.08.2021 22:00:00;0;0;800;0;0;0;150;0;950;0;-950
07.08.2021 22:00:00;07.08.2021 23:00:00;0;0;800;0;0;0;150;0;950;0;-950
07.08.2021 23:00:00;08.08.2021 00:00:00;0;0;800;0;0;0;150;0;950;0;-950
08.08.2021 00:00:00;08.08.2021 01:00:00;0;0;600;0;0;0;0;150;600;150;-450
08.08.2021 01:00:00;08.08.2021 02:00:00;0;0;600;0;0;0;0;150;600;150;-450
08.08.2021 02:00:00;08.08.2021 03:00:00;0;0;600;0;0;0;0;150;600;150;-450
08.08.2021 03:00:00;08.08.2021 04:00:00;0;0;449.7;0;0;0;0;150;449.7;150;-299.7
08.08.2021 04:00:00;08.08.2021 05:00:00;0;0;375.6;0;0;0;0;150;375.6;150;-225.6
08.08.2021 05:00:00;08.08.2021 06:00:00;0;0;449.5;0;0;0;0;150;449.5;150;-299.5
08.08.2021 06:00:00;08.08.2021 07:00:00;0;0;532.1;0;0;0;0;150;532.1;150;-382.1
08.08.2021 07:00:00;08.08.2021 08:00:00;0;0;543.4;0;0;0;0;150;543.4;150;-393.4
08.08.2021 08:00:00;08.08.2021 09:00:00;0;0;600;0;0;0;0;150;600;150;-450
08.08.2021 09:00:00;08.08.2021 10:00:00;0;0;600;0;0;0;0;150;600;150;-450
08.08.2021 10:00:00;08.08.2021 11:00:00;0;0;600;0;0;0;0;7.2;600;7.2;-592.8
08.08.2021 11:00:00;08.08.2021 12:00:00;0;0;600;0;0;0;50.5;0;650.5;0;-650.5
08.08.2021 12:00:00;08.08.2021 13:00:00;0;0;600;0;0;0;55.3;0;655.3;0;-655.3
08.08.2021 13:00:00;08.08.2021 14:00:00;0;0;600;0;0;0;150;0;750;0;-750
08.08.2021 14:00:00;08.08.2021 15:00:00;0;0;600;0;0;0;150;0;750;0;-750
08.08.2021 15:00:00;08.08.2021 16:00:00;0;0;600;0;0;0;150;0;750;0;-750
08.08.2021 16:00:00;08.08.2021 17:00:00;0;0;600;0;0;0;150;0;750;0;-750
08.08.2021 17:00:00;08.08.2021 18:00:00;0;0;600;0;0;0;150;0;750;0;-750
08.08.2021 18:00:00;08.08.2021 19:00:00;0;0;600;0;0;0;150;0;750;0;-750
08.08.2021 19:00:00;08.08.2021 20:00:00;0;0;600;0;0;0;150;0;750;0;-750
08.08.2021 20:00:00;08.08.2021 21:00:00;0;0;600;0;0;0;150;0;750;0;-750
08.08.2021 21:00:00;08.08.2021 22:00:00;0;0;600;0;0;0;150;0;750;0;-750
08.08.2021 22:00:00;08.08.2021 23:00:00;0;0;600;0;0;0;150;0;750;0;-750
08.08.2021 23:00:00;09.08.2021 00:00:00;0;0;600;0;0;0;150;0;750;0;-750
09.08.2021 00:00:00;09.08.2021 01:00:00;0;0;600;0;0;0;150;0;750;0;-750
09.08.2021 01:00:00;09.08.2021 02:00:00;0;0;600;0;0;0;150;0;750;0;-750
09.08.2021 02:00:00;09.08.2021 03:00:00;0;0;600;0;0;0;150;0;750;0;-750
09.08.2021 03:00:00;09.08.2021 04:00:00;0;0;600;0;0;0;150;0;750;0;-750
09.08.2021 04:00:00;09.08.2021 05:00:00;0;0;600;0;0;0;150;0;750;0;-750
09.08.2021 05:00:00;09.08.2021 06:00:00;0;0;600;0;0;0;150;0;750;0;-750
09.08.2021 06:00:00;09.08.2021 07:00:00;0;0;600;0;0;0;150;0;750;0;-750
09.08.2021 07:00:00;09.08.2021 08:00:00;0;0;600;0;0;0;150;0;750;0;-750
09.08.2021 08:00:00;09.08.2021 09:00:00;0;0;600;0;0;0;150;0;750;0;-750
09.08.2021 09:00:00;09.08.2021 10:00:00;0;0;600;0;0;0;150;0;750;0;-750
09.08.2021 10:00:00;09.08.2021 11:00:00;0;0;600;0;0;0;150;0;750;0;-750
09.08.2021 11:00:00;09.08.2021 12:00:00;0;0;600;0;0;0;150;0;750;0;-750
09.08.2021 12:00:00;09.08.2021 13:00:00;0;0;600;0;0;0;150;0;750;0;-750
09.08.2021 13:00:00;09.08.2021 14:00:00;0;0;600;0;0;0;150;0;750;0;-750
09.08.2021 14:00:00;09.08.2021 15:00:00;0;0;600;0;0;0;150;0;750;0;-750
09.08.2021 15:00:00;09.08.2021 16:00:00;0;0;600;0;0;0;150;0;750;0;-750
09.08.2021 16:00:00;09.08.2021 17:00:00;0;0;600;0;0;0;150;0;750;0;-750
09.08.2021 17:00:00;09.08.2021 18:00:00;0;0;600;0;0;0;150;0;750;0;-750
09.08.2021 18:00:00;09.08.2021 19:00:00;0;0;600;0;0;0;150;0;750;0;-750
09.08.2021 19:00:00;09.08.2021 20:00:00;0;0;600;0;0;0;150;0;750;0;-750
09.08.2021 20:00:00;09.08.2021 21:00:00;0;0;600;0;0;0;150;0;750;0;-750
09.08.2021 21:00:00;09.08.2021 22:00:00;0;0;600;0;0;0;150;0;750;0;-750
09.08.2021 22:00:00;09.08.2021 23:00:00;0;0;600;0;0;0;150;0;750;0;-750
09.08.2021 23:00:00;10.08.2021 00:00:00;0;0;600;0;0;0;150;0;750;0;-750
10.08.2021 00:00:00;10.08.2021 01:00:00;0;0;700;0;0;0;150;0;850;0;-850
10.08.2021 01:00:00;10.08.2021 02:00:00;0;0;700;0;0;0;150;0;850;0;-850
10.08.2021 02:00:00;10.08.2021 03:00:00;0;0;700;0;0;0;150;0;850;0;-850
10.08.2021 03:00:00;10.08.2021 04:00:00;0;0;700;0;0;0;150;0;850;0;-850
10.08.2021 04:00:00;10.08.2021 05:00:00;0;0;700;0;0;0;150;0;850;0;-850
10.08.2021 05:00:00;10.08.2021 06:00:00;0;0;700;0;0;0;150;0;850;0;-850
10.08.2021 06:00:00;10.08.2021 07:00:00;0;0;700;0;0;0;150;0;850;0;-850
10.08.2021 07:00:00;10.08.2021 08:00:00;0;0;700;0;0;0;150;0;850;0;-850
10.08.2021 08:00:00;10.08.2021 09:00:00;0;0;700;0;0;0;150;0;850;0;-850
10.08.2021 09:00:00;10.08.2021 10:00:00;0;0;700;0;0;0;150;0;850;0;-850
10.08.2021 10:00:00;10.08.2021 11:00:00;0;0;700;0;0;0;150;0;850;0;-850
10.08.2021 11:00:00;10.08.2021 12:00:00;0;0;700;0;0;0;150;0;850;0;-850
10.08.2021 12:00:00;10.08.2021 13:00:00;0;0;700;0;0;0;150;0;850;0;-850
10.08.2021 13:00:00;10.08.2021 14:00:00;0;0;700;0;0;0;150;0;850;0;-850
10.08.2021 14:00:00;10.08.2021 15:00:00;0;0;700;0;0;0;150;0;850;0;-850
10.08.2021 15:00:00;10.08.2021 16:00:00;0;0;700;0;0;0;150;0;850;0;-850
10.08.2021 16:00:00;10.08.2021 17:00:00;0;0;700;0;0;0;150;0;850;0;-850
10.08.2021 17:00:00;10.08.2021 18:00:00;0;0;700;0;0;0;150;0;850;0;-850
10.08.2021 18:00:00;10.08.2021 19:00:00;0;0;700;0;0;0;150;0;850;0;-850
10.08.2021 19:00:00;10.08.2021 20:00:00;0;0;700;0;0;0;150;0;850;0;-850
10.08.2021 20:00:00;10.08.2021 21:00:00;0;0;700;0;0;0;150;0;850;0;-850
10.08.2021 21:00:00;10.08.2021 22:00:00;0;0;700;0;0;0;150;0;850;0;-850
10.08.2021 22:00:00;10.08.2021 23:00:00;0;0;700;0;0;0;150;0;850;0;-850
10.08.2021 23:00:00;11.08.2021 00:00:00;0;0;700;0;0;0;150;0;850;0;-850
11.08.2021 00:00:00;11.08.2021 01:00:00;0;0;700;0;0;0;150;0;850;0;-850
11.08.2021 01:00:00;11.08.2021 02:00:00;0;0;700;0;0;0;150;0;850;0;-850
11.08.2021 02:00:00;11.08.2021 03:00:00;0;0;700;0;0;0;150;0;850;0;-850
11.08.2021 03:00:00;11.08.2021 04:00:00;0;0;700;0;0;0;150;0;850;0;-850
11.08.2021 04:00:00;11.08.2021 05:00:00;0;0;700;0;0;0;150;0;850;0;-850
11.08.2021 05:00:00;11.08.2021 06:00:00;0;0;700;0;0;0;150;0;850;0;-850
11.08.2021 06:00:00;11.08.2021 07:00:00;0;0;700;0;0;0;150;0;850;0;-850
11.08.2021 07:00:00;11.08.2021 08:00:00;0;0;700;0;0;0;150;0;850;0;-850
11.08.2021 08:00:00;11.08.2021 09:00:00;0;0;700;0;0;0;150;0;850;0;-850
11.08.2021 09:00:00;11.08.2021 10:00:00;0;0;700;0;0;0;150;0;850;0;-850
11.08.2021 10:00:00;11.08.2021 11:00:00;0;0;700;0;0;0;150;0;850;0;-850
11.08.2021 11:00:00;11.08.2021 12:00:00;0;0;700;0;0;0;150;0;850;0;-850
11.08.2021 12:00:00;11.08.2021 13:00:00;0;0;700;0;0;0;150;0;850;0;-850
11.08.2021 13:00:00;11.08.2021 14:00:00;0;0;700;0;0;0;150;0;850;0;-850
11.08.2021 14:00:00;11.08.2021 15:00:00;0;0;700;0;0;0;150;0;850;0;-850
11.08.2021 15:00:00;11.08.2021 16:00:00;0;0;700;0;0;0;150;0;850;0;-850
11.08.2021 16:00:00;11.08.2021 17:00:00;0;0;700;0;0;0;150;0;850;0;-850
11.08.2021 17:00:00;11.08.2021 18:00:00;0;0;700;0;0;0;150;0;850;0;-850
11.08.2021 18:00:00;11.08.2021 19:00:00;0;0;700;0;0;0;150;0;850;0;-850
11.08.2021 19:00:00;11.08.2021 20:00:00;0;0;700;0;0;0;150;0;850;0;-850
11.08.2021 20:00:00;11.08.2021 21:00:00;0;0;700;0;0;0;150;0;850;0;-850
11.08.2021 21:00:00;11.08.2021 22:00:00;0;0;700;0;0;0;150;0;850;0;-850
11.08.2021 22:00:00;11.08.2021 23:00:00;0;0;700;0;0;0;150;0;850;0;-850
11.08.2021 23:00:00;12.08.2021 00:00:00;0;0;700;0;0;0;150;0;850;0;-850
12.08.2021 00:00:00;12.08.2021 01:00:00;0;0;800;0;0;0;150;0;950;0;-950
12.08.2021 01:00:00;12.08.2021 02:00:00;0;0;800;0;0;0;150;0;950;0;-950
12.08.2021 02:00:00;12.08.2021 03:00:00;0;0;800;0;0;0;150;0;950;0;-950
12.08.2021 03:00:00;12.08.2021 04:00:00;0;0;800;0;0;0;150;0;950;0;-950
12.08.2021 04:00:00;12.08.2021 05:00:00;0;0;800;0;0;0;150;0;950;0;-950
12.08.2021 05:00:00;12.08.2021 06:00:00;0;0;800;0;0;0;150;0;950;0;-950
12.08.2021 06:00:00;12.08.2021 07:00:00;0;0;800;0;0;0;150;0;950;0;-950
12.08.2021 07:00:00;12.08.2021 08:00:00;0;0;800;0;0;0;150;0;950;0;-950
12.08.2021 08:00:00;12.08.2021 09:00:00;0;0;800;0;0;0;150;0;950;0;-950
12.08.2021 09:00:00;12.08.2021 10:00:00;0;0;800;0;0;0;150;0;950;0;-950
12.08.2021 10:00:00;12.08.2021 11:00:00;0;0;800;0;0;0;150;0;950;0;-950
12.08.2021 11:00:00;12.08.2021 12:00:00;0;0;800;0;0;0;150;0;950;0;-950
12.08.2021 12:00:00;12.08.2021 13:00:00;0;0;800;0;0;0;150;0;950;0;-950
12.08.2021 13:00:00;12.08.2021 14:00:00;0;0;800;0;0;0;150;0;950;0;-950
12.08.2021 14:00:00;12.08.2021 15:00:00;0;0;800;0;0;0;150;0;950;0;-950
12.08.2021 15:00:00;12.08.2021 16:00:00;0;0;800;0;0;0;150;0;950;0;-950
12.08.2021 16:00:00;12.08.2021 17:00:00;0;0;800;0;0;0;150;0;950;0;-950
12.08.2021 17:00:00;12.08.2021 18:00:00;0;0;800;0;0;0;150;0;950;0;-950
12.08.2021 18:00:00;12.08.2021 19:00:00;0;0;800;0;0;0;150;0;950;0;-950
12.08.2021 19:00:00;12.08.2021 20:00:00;0;0;800;0;0;0;150;0;950;0;-950
12.08.2021 20:00:00;12.08.2021 21:00:00;0;0;800;0;0;0;150;0;950;0;-950
12.08.2021 21:00:00;12.08.2021 22:00:00;0;0;800;0;0;0;150;0;950;0;-950
12.08.2021 22:00:00;12.08.2021 23:00:00;0;0;800;0;0;0;150;0;950;0;-950
12.08.2021 23:00:00;13.08.2021 00:00:00;0;0;800;0;0;0;150;0;950;0;-950
13.08.2021 00:00:00;13.08.2021 01:00:00;0;0;800;0;0;0;150;0;950;0;-950
13.08.2021 01:00:00;13.08.2021 02:00:00;0;0;800;0;0;0;150;0;950;0;-950
13.08.2021 02:00:00;13.08.2021 03:00:00;0;0;800;0;0;0;150;0;950;0;-950
13.08.2021 03:00:00;13.08.2021 04:00:00;0;0;800;0;0;0;150;0;950;0;-950
13.08.2021 04:00:00;13.08.2021 05:00:00;0;0;800;0;0;0;150;0;950;0;-950
13.08.2021 05:00:00;13.08.2021 06:00:00;0;0;800;0;0;0;150;0;950;0;-950
13.08.2021 06:00:00;13.08.2021 07:00:00;0;0;800;0;0;0;150;0;950;0;-950
13.08.2021 07:00:00;13.08.2021 08:00:00;0;0;800;0;0;0;150;0;950;0;-950
13.08.2021 08:00:00;13.08.2021 09:00:00;0;0;800;0;0;0;150;0;950;0;-950
13.08.2021 09:00:00;13.08.2021 10:00:00;0;0;800;0;0;0;150;0;950;0;-950
13.08.2021 10:00:00;13.08.2021 11:00:00;0;0;800;0;0;0;150;0;950;0;-950
13.08.2021 11:00:00;13.08.2021 12:00:00;0;0;800;0;0;0;150;0;950;0;-950
13.08.2021 12:00:00;13.08.2021 13:00:00;0;0;800;0;0;0;150;0;950;0;-950
13.08.2021 13:00:00;13.08.2021 14:00:00;0;0;800;0;0;0;150;0;950;0;-950
13.08.2021 14:00:00;13.08.2021 15:00:00;0;0;800;0;0;0;150;0;950;0;-950
13.08.2021 15:00:00;13.08.2021 16:00:00;0;0;800;0;0;0;150;0;950;0;-950
13.08.2021 16:00:00;13.08.2021 17:00:00;0;0;800;0;0;0;150;0;950;0;-950
13.08.2021 17:00:00;13.08.2021 18:00:00;0;0;800;0;0;0;150;0;950;0;-950
13.08.2021 18:00:00;13.08.2021 19:00:00;0;0;800;0;0;0;150;0;950;0;-950
13.08.2021 19:00:00;13.08.2021 20:00:00;0;0;800;0;0;0;150;0;950;0;-950
13.08.2021 20:00:00;13.08.2021 21:00:00;0;0;800;0;0;0;150;0;950;0;-950
13.08.2021 21:00:00;13.08.2021 22:00:00;0;0;800;0;0;0;150;0;950;0;-950
13.08.2021 22:00:00;13.08.2021 23:00:00;0;0;800;0;0;0;150;0;950;0;-950
13.08.2021 23:00:00;14.08.2021 00:00:00;0;0;800;0;0;0;150;0;950;0;-950
14.08.2021 00:00:00;14.08.2021 01:00:00;0;0;800;0;0;0;150;0;950;0;-950
14.08.2021 01:00:00;14.08.2021 02:00:00;0;0;800;0;0;0;150;0;950;0;-950
14.08.2021 02:00:00;14.08.2021 03:00:00;0;0;800;0;0;0;150;0;950;0;-950
14.08.2021 03:00:00;14.08.2021 04:00:00;0;0;800;0;0;0;150;0;950;0;-950
14.08.2021 04:00:00;14.08.2021 05:00:00;0;0;800;0;0;0;150;0;950;0;-950
14.08.2021 05:00:00;14.08.2021 06:00:00;0;0;800;0;0;0;150;0;950;0;-950
14.08.2021 06:00:00;14.08.2021 07:00:00;0;0;800;0;0;0;150;0;950;0;-950
14.08.2021 07:00:00;14.08.2021 08:00:00;0;0;800;0;0;0;150;0;950;0;-950
14.08.2021 08:00:00;14.08.2021 09:00:00;0;0;800;0;0;0;150;0;950;0;-950
14.08.2021 09:00:00;14.08.2021 10:00:00;0;0;800;0;0;0;150;0;950;0;-950
14.08.2021 10:00:00;14.08.2021 11:00:00;0;0;800;0;0;0;150;0;950;0;-950
14.08.2021 11:00:00;14.08.2021 12:00:00;0;0;800;0;0;0;150;0;950;0;-950
14.08.2021 12:00:00;14.08.2021 13:00:00;0;0;800;0;0;0;150;0;950;0;-950
14.08.2021 13:00:00;14.08.2021 14:00:00;0;0;800;0;0;0;150;0;950;0;-950
14.08.2021 14:00:00;14.08.2021 15:00:00;0;0;800;0;0;0;150;0;950;0;-950
14.08.2021 15:00:00;14.08.2021 16:00:00;0;0;800;0;0;0;150;0;950;0;-950
14.08.2021 16:00:00;14.08.2021 17:00:00;0;0;800;0;0;0;150;0;950;0;-950
14.08.2021 17:00:00;14.08.2021 18:00:00;0;0;800;0;0;0;150;0;950;0;-950
14.08.2021 18:00:00;14.08.2021 19:00:00;0;0;800;0;0;0;150;0;950;0;-950
14.08.2021 19:00:00;14.08.2021 20:00:00;0;0;800;0;0;0;150;0;950;0;-950
14.08.2021 20:00:00;14.08.2021 21:00:00;0;0;800;0;0;0;150;0;950;0;-950
14.08.2021 21:00:00;14.08.2021 22:00:00;0;0;800;0;0;0;150;0;950;0;-950
14.08.2021 22:00:00;14.08.2021 23:00:00;0;0;800;0;0;0;150;0;950;0;-950
14.08.2021 23:00:00;15.08.2021 00:00:00;0;0;800;0;0;0;150;0;950;0;-950
15.08.2021 00:00:00;15.08.2021 01:00:00;0;0;800;0;0;0;150;0;950;0;-950
15.08.2021 01:00:00;15.08.2021 02:00:00;0;0;800;0;0;0;150;0;950;0;-950
15.08.2021 02:00:00;15.08.2021 03:00:00;0;0;800;0;0;0;150;0;950;0;-950
15.08.2021 03:00:00;15.08.2021 04:00:00;0;0;800;0;0;0;150;0;950;0;-950
15.08.2021 04:00:00;15.08.2021 05:00:00;0;0;800;0;0;0;150;0;950;0;-950
15.08.2021 05:00:00;15.08.2021 06:00:00;0;0;800;0;0;0;150;0;950;0;-950
15.08.2021 06:00:00;15.08.2021 07:00:00;0;0;800;0;0;0;150;0;950;0;-950
15.08.2021 07:00:00;15.08.2021 08:00:00;0;0;800;0;0;0;150;0;950;0;-950
15.08.2021 08:00:00;15.08.2021 09:00:00;0;0;800;0;0;0;150;0;950;0;-950
15.08.2021 09:00:00;15.08.2021 10:00:00;0;0;800;0;0;0;150;0;950;0;-950
15.08.2021 10:00:00;15.08.2021 11:00:00;0;0;800;0;0;0;150;0;950;0;-950
15.08.2021 11:00:00;15.08.2021 12:00:00;0;0;800;0;0;0;150;0;950;0;-950
15.08.2021 12:00:00;15.08.2021 13:00:00;0;0;800;0;0;0;150;0;950;0;-950
15.08.2021 13:00:00;15.08.2021 14:00:00;0;0;800;0;0;0;150;0;950;0;-950
15.08.2021 14:00:00;15.08.2021 15:00:00;0;0;800;0;0;0;150;0;950;0;-950
15.08.2021 15:00:00;15.08.2021 16:00:00;0;0;800;0;0;0;150;0;950;0;-950
15.08.2021 16:00:00;15.08.2021 17:00:00;0;0;800;0;0;0;150;0;950;0;-950
15.08.2021 17:00:00;15.08.2021 18:00:00;0;0;800;0;0;0;150;0;950;0;-950
15.08.2021 18:00:00;15.08.2021 19:00:00;0;0;800;0;0;0;150;0;950;0;-950
15.08.2021 19:00:00;15.08.2021 20:00:00;0;0;800;0;0;0;150;0;950;0;-950
15.08.2021 20:00:00;15.08.2021 21:00:00;0;0;800;0;0;0;150;0;950;0;-950
15.08.2021 21:00:00;15.08.2021 22:00:00;0;0;800;0;0;0;150;0;950;0;-950
15.08.2021 22:00:00;15.08.2021 23:00:00;0;0;800;0;0;0;150;0;950;0;-950
15.08.2021 23:00:00;16.08.2021 00:00:00;0;0;800;0;0;0;150;0;950;0;-950
16.08.2021 00:00:00;16.08.2021 01:00:00;0;0;800;0;0;0;150;0;950;0;-950
16.08.2021 01:00:00;16.08.2021 02:00:00;0;0;800;0;0;0;150;0;950;0;-950
16.08.2021 02:00:00;16.08.2021 03:00:00;0;0;800;0;0;0;150;0;950;0;-950
16.08.2021 03:00:00;16.08.2021 04:00:00;0;0;800;0;0;0;150;0;950;0;-950
16.08.2021 04:00:00;16.08.2021 05:00:00;0;0;800;0;0;0;150;0;950;0;-950
16.08.2021 05:00:00;16.08.2021 06:00:00;0;0;800;0;0;0;150;0;950;0;-950
16.08.2021 06:00:00;16.08.2021 07:00:00;0;0;800;0;0;0;150;0;950;0;-950
16.08.2021 07:00:00;16.08.2021 08:00:00;0;0;800;0;0;0;150;0;950;0;-950
16.08.2021 08:00:00;16.08.2021 09:00:00;0;0;800;0;0;0;150;0;950;0;-950
16.08.2021 09:00:00;16.08.2021 10:00:00;0;0;800;0;0;0;150;0;950;0;-950
16.08.2021 10:00:00;16.08.2021 11:00:00;0;0;800;0;0;0;150;0;950;0;-950
16.08.2021 11:00:00;16.08.2021 12:00:00;0;0;800;0;0;0;150;0;950;0;-950
16.08.2021 12:00:00;16.08.2021 13:00:00;0;0;800;0;0;0;150;0;950;0;-950
16.08.2021 13:00:00;16.08.2021 14:00:00;0;0;800;0;0;0;150;0;950;0;-950
16.08.2021 14:00:00;16.08.2021 15:00:00;0;0;800;0;0;0;150;0;950;0;-950
16.08.2021 15:00:00;16.08.2021 16:00:00;0;0;800;0;0;0;150;0;950;0;-950
16.08.2021 16:00:00;16.08.2021 17:00:00;0;0;800;0;0;0;150;0;950;0;-950
16.08.2021 17:00:00;16.08.2021 18:00:00;0;0;800;0;0;0;150;0;950;0;-950
16.08.2021 18:00:00;16.08.2021 19:00:00;0;0;800;0;0;0;150;0;950;0;-950
16.08.2021 19:00:00;16.08.2021 20:00:00;0;0;800;0;0;0;150;0;950;0;-950
16.08.2021 20:00:00;16.08.2021 21:00:00;0;0;800;0;0;0;150;0;950;0;-950
16.08.2021 21:00:00;16.08.2021 22:00:00;0;0;800;0;0;0;150;0;950;0;-950
16.08.2021 22:00:00;16.08.2021 23:00:00;0;0;800;0;0;0;150;0;950;0;-950
16.08.2021 23:00:00;17.08.2021 00:00:00;0;0;800;0;0;0;150;0;950;0;-950
17.08.2021 00:00:00;17.08.2021 01:00:00;0;0;800;0;0;0;150;0;950;0;-950
17.08.2021 01:00:00;17.08.2021 02:00:00;0;0;800;0;0;0;150;0;950;0;-950
17.08.2021 02:00:00;17.08.2021 03:00:00;0;0;800;0;0;0;150;0;950;0;-950
17.08.2021 03:00:00;17.08.2021 04:00:00;0;0;800;0;0;0;20.5;0;820.5;0;-820.5
17.08.2021 04:00:00;17.08.2021 05:00:00;0;0;800;0;0;0;0;94.9;800;94.9;-705.1
17.08.2021 05:00:00;17.08.2021 06:00:00;0;0;800;0;0;0;150;0;950;0;-950
17.08.2021 06:00:00;17.08.2021 07:00:00;0;0;800;0;0;0;150;0;950;0;-950
17.08.2021 07:00:00;17.08.2021 08:00:00;0;0;800;0;0;0;91.4;0;891.4;0;-891.4
17.08.2021 08:00:00;17.08.2021 09:00:00;0;0;800;0;0;0;55.7;0;855.7;0;-855.7
17.08.2021 09:00:00;17.08.2021 10:00:00;0;0;796.9;0;0;0;0;0;796.9;0;-796.9
17.08.2021 10:00:00;17.08.2021 11:00:00;0;0;789.8;0;0;0;0;0;789.8;0;-789.8
17.08.2021 11:00:00;17.08.2021 12:00:00;0;0;793.3;0;0;0;0;0;793.3;0;-793.3
17.08.2021 12:00:00;17.08.2021 13:00:00;0;0;800;0;0;0;1.9;0;801.9;0;-801.9
17.08.2021 13:00:00;17.08.2021 14:00:00;0;0;800;0;0;0;6.5;0;806.5;0;-806.5
17.08.2021 14:00:00;17.08.2021 15:00:00;0;0;800;0;0;0;8.1;0;808.1;0;-808.1
17.08.2021 15:00:00;17.08.2021 16:00:00;0;0;800;0;0;0;2.3;0;802.3;0;-802.3
17.08.2021 16:00:00;17.08.2021 17:00:00;0;0;800;0;0;0;8.1;0;808.1;0;-808.1
17.08.2021 17:00:00;17.08.2021 18:00:00;0;0;800;0;0;0;19.1;0;819.1;0;-819.1
17.08.2021 18:00:00;17.08.2021 19:00:00;0;0;800;0;0;0;85.9;0;885.9;0;-885.9
17.08.2021 19:00:00;17.08.2021 20:00:00;0;0;800;0;0;0;84.9;0;884.9;0;-884.9
17.08.2021 20:00:00;17.08.2021 21:00:00;0;0;800;0;0;0;67.9;0;867.9;0;-867.9
17.08.2021 21:00:00;17.08.2021 22:00:00;0;0;800;0;0;0;73.4;0;873.4;0;-873.4
17.08.2021 22:00:00;17.08.2021 23:00:00;0;0;800;0;0;0;103;0;903;0;-903
17.08.2021 23:00:00;18.08.2021 00:00:00;0;0;800;0;0;0;132.3;0;932.3;0;-932.3
18.08.2021 00:00:00;18.08.2021 01:00:00;0;0;755.6;0;0;0;0;86.4;755.6;86.4;-669.2
18.08.2021 01:00:00;18.08.2021 02:00:00;0;0;723.2;0;0;0;0;150;723.2;150;-573.2
18.08.2021 02:00:00;18.08.2021 03:00:00;0;0;734.4;0;0;0;0;150;734.4;150;-584.4
18.08.2021 03:00:00;18.08.2021 04:00:00;0;0;746;0;0;0;0;150;746;150;-596
18.08.2021 04:00:00;18.08.2021 05:00:00;0;0;746.2;0;0;0;0;150;746.2;150;-596.2
18.08.2021 05:00:00;18.08.2021 06:00:00;0;0;732;0;0;0;0;150;732;150;-582
18.08.2021 06:00:00;18.08.2021 07:00:00;0;0;800;0;0;0;49.1;0;849.1;0;-849.1
18.08.2021 07:00:00;18.08.2021 08:00:00;0;0;800;0;0;0;92.8;0;892.8;0;-892.8
18.08.2021 08:00:00;18.08.2021 09:00:00;0;0;800;0;0;0;108.2;0;908.2;0;-908.2
18.08.2021 09:00:00;18.08.2021 10:00:00;0;0;800;0;0;0;95.2;0;895.2;0;-895.2
18.08.2021 10:00:00;18.08.2021 11:00:00;0;0;800;0;0;0;61;0;861;0;-861
18.08.2021 11:00:00;18.08.2021 12:00:00;0;0;730.6;0;0;0;150;0;880.6;0;-880.6
18.08.2021 12:00:00;18.08.2021 13:00:00;0;0;751.3;0;0;0;150;0;901.3;0;-901.3
18.08.2021 13:00:00;18.08.2021 14:00:00;0;0;800;0;0;0;150;0;950;0;-950
18.08.2021 14:00:00;18.08.2021 15:00:00;0;0;800;0;0;0;150;0;950;0;-950
18.08.2021 15:00:00;18.08.2021 16:00:00;0;0;800;0;0;0;150;0;950;0;-950
18.08.2021 16:00:00;18.08.2021 17:00:00;0;0;800;0;0;0;150;0;950;0;-950
18.08.2021 17:00:00;18.08.2021 18:00:00;0;0;800;0;0;0;150;0;950;0;-950
18.08.2021 18:00:00;18.08.2021 19:00:00;0;0;800;0;0;0;150;0;950;0;-950
18.08.2021 19:00:00;18.08.2021 20:00:00;0;0;800;0;0;0;150;0;950;0;-950
18.08.2021 20:00:00;18.08.2021 21:00:00;0;0;800;0;0;0;150;0;950;0;-950
18.08.2021 21:00:00;18.08.2021 22:00:00;0;0;800;0;0;0;150;0;950;0;-950
18.08.2021 22:00:00;18.08.2021 23:00:00;0;0;800;0;0;0;150;0;950;0;-950
18.08.2021 23:00:00;19.08.2021 00:00:00;0;0;800;0;0;0;150;0;950;0;-950
19.08.2021 00:00:00;19.08.2021 01:00:00;0;0;734.6;0;0;0;150;0;884.6;0;-884.6
19.08.2021 01:00:00;19.08.2021 02:00:00;0;0;724.3;0;0;0;150;0;874.3;0;-874.3
19.08.2021 02:00:00;19.08.2021 03:00:00;0;0;718.3;0;0;0;150;0;868.3;0;-868.3
19.08.2021 03:00:00;19.08.2021 04:00:00;0;0;702.4;0;0;0;150;0;852.4;0;-852.4
19.08.2021 04:00:00;19.08.2021 05:00:00;0;0;683.7;0;0;0;150;0;833.7;0;-833.7
19.08.2021 05:00:00;19.08.2021 06:00:00;0;0;662.1;0;0;0;150;0;812.1;0;-812.1
19.08.2021 06:00:00;19.08.2021 07:00:00;0;0;643.8;0;0;0;150;0;793.8;0;-793.8
19.08.2021 07:00:00;19.08.2021 08:00:00;0;0;712.3;0;0;0;150;0;862.3;0;-862.3
19.08.2021 08:00:00;19.08.2021 09:00:00;0;0;735;0;0;0;150;0;885;0;-885
19.08.2021 09:00:00;19.08.2021 10:00:00;0;0;700.1;0;0;0;150;0;850.1;0;-850.1
19.08.2021 10:00:00;19.08.2021 11:00:00;0;0;698.7;0;0;0;150;0;848.7;0;-848.7
19.08.2021 11:00:00;19.08.2021 12:00:00;0;0;708.1;0;0;0;150;0;858.1;0;-858.1
19.08.2021 12:00:00;19.08.2021 13:00:00;0;0;742.1;0;0;0;150;0;892.1;0;-892.1
19.08.2021 13:00:00;19.08.2021 14:00:00;0;0;752.6;0;0;0;150;0;902.6;0;-902.6
19.08.2021 14:00:00;19.08.2021 15:00:00;0;0;760.4;0;0;0;150;0;910.4;0;-910.4
19.08.2021 15:00:00;19.08.2021 16:00:00;0;0;786.4;0;0;0;150;0;936.4;0;-936.4
19.08.2021 16:00:00;19.08.2021 17:00:00;0;0;795.7;0;0;0;150;0;945.7;0;-945.7
19.08.2021 17:00:00;19.08.2021 18:00:00;0;0;800;0;0;0;150;0;950;0;-950
19.08.2021 18:00:00;19.08.2021 19:00:00;0;0;800;0;0;0;150;0;950;0;-950
19.08.2021 19:00:00;19.08.2021 20:00:00;0;0;791.3;0;0;0;150;0;941.3;0;-941.3
19.08.2021 20:00:00;19.08.2021 21:00:00;0;0;800;0;0;0;150;0;950;0;-950
19.08.2021 21:00:00;19.08.2021 22:00:00;0;0;800;0;0;0;150;0;950;0;-950
19.08.2021 22:00:00;19.08.2021 23:00:00;0;0;800;0;0;0;150;0;950;0;-950
19.08.2021 23:00:00;20.08.2021 00:00:00;0;0;800;0;0;0;150;0;950;0;-950
20.08.2021 00:00:00;20.08.2021 01:00:00;0;0;443.5;0;0;0;150;0;593.5;0;-593.5
20.08.2021 01:00:00;20.08.2021 02:00:00;0;0;454.5;0;0;0;150;0;604.5;0;-604.5
20.08.2021 02:00:00;20.08.2021 03:00:00;0;0;493.5;0;0;0;150;0;643.5;0;-643.5
20.08.2021 03:00:00;20.08.2021 04:00:00;0;0;540.6;0;0;0;150;0;690.6;0;-690.6
20.08.2021 04:00:00;20.08.2021 05:00:00;0;0;584.9;0;0;0;150;0;734.9;0;-734.9
20.08.2021 05:00:00;20.08.2021 06:00:00;0;0;662.5;0;0;0;150;0;812.5;0;-812.5
20.08.2021 06:00:00;20.08.2021 07:00:00;0;0;800;0;0;0;150;0;950;0;-950
20.08.2021 07:00:00;20.08.2021 08:00:00;0;0;800;0;0;0;150;0;950;0;-950
20.08.2021 08:00:00;20.08.2021 09:00:00;0;0;800;0;0;0;150;0;950;0;-950
20.08.2021 09:00:00;20.08.2021 10:00:00;0;0;800;0;0;0;150;0;950;0;-950
20.08.2021 10:00:00;20.08.2021 11:00:00;0;0;800;0;0;0;150;0;950;0;-950
20.08.2021 11:00:00;20.08.2021 12:00:00;0;0;800;0;0;0;150;0;950;0;-950
20.08.2021 12:00:00;20.08.2021 13:00:00;0;0;800;0;0;0;150;0;950;0;-950
20.08.2021 13:00:00;20.08.2021 14:00:00;0;0;800;0;0;0;150;0;950;0;-950
20.08.2021 14:00:00;20.08.2021 15:00:00;0;0;800;0;0;0;150;0;950;0;-950
20.08.2021 15:00:00;20.08.2021 16:00:00;0;0;800;0;0;0;150;0;950;0;-950
20.08.2021 16:00:00;20.08.2021 17:00:00;0;0;800;0;0;0;150;0;950;0;-950
20.08.2021 17:00:00;20.08.2021 18:00:00;0;0;800;0;0;0;150;0;950;0;-950
20.08.2021 18:00:00;20.08.2021 19:00:00;0;0;800;0;0;0;150;0;950;0;-950
20.08.2021 19:00:00;20.08.2021 20:00:00;0;0;800;0;0;0;150;0;950;0;-950
20.08.2021 20:00:00;20.08.2021 21:00:00;0;0;800;0;0;0;150;0;950;0;-950
20.08.2021 21:00:00;20.08.2021 22:00:00;0;0;800;0;0;0;150;0;950;0;-950
20.08.2021 22:00:00;20.08.2021 23:00:00;0;0;800;0;0;0;150;0;950;0;-950
20.08.2021 23:00:00;21.08.2021 00:00:00;0;0;800;0;0;0;150;0;950;0;-950
21.08.2021 00:00:00;21.08.2021 01:00:00;0;0;800;0;0;0;150;0;950;0;-950
21.08.2021 01:00:00;21.08.2021 02:00:00;0;0;800;0;0;0;150;0;950;0;-950
21.08.2021 02:00:00;21.08.2021 03:00:00;0;0;800;0;0;0;150;0;950;0;-950
21.08.2021 03:00:00;21.08.2021 04:00:00;0;0;800;0;0;0;150;0;950;0;-950
21.08.2021 04:00:00;21.08.2021 05:00:00;0;0;800;0;0;0;150;0;950;0;-950
21.08.2021 05:00:00;21.08.2021 06:00:00;0;0;800;0;0;0;150;0;950;0;-950
21.08.2021 06:00:00;21.08.2021 07:00:00;0;0;800;0;0;0;150;0;950;0;-950
21.08.2021 07:00:00;21.08.2021 08:00:00;0;0;800;0;0;0;150;0;950;0;-950
21.08.2021 08:00:00;21.08.2021 09:00:00;0;0;800;0;0;0;150;0;950;0;-950
21.08.2021 09:00:00;21.08.2021 10:00:00;0;0;800;0;0;0;150;0;950;0;-950
21.08.2021 10:00:00;21.08.2021 11:00:00;0;0;800;0;0;0;150;0;950;0;-950
21.08.2021 11:00:00;21.08.2021 12:00:00;0;0;800;0;0;0;150;0;950;0;-950
21.08.2021 12:00:00;21.08.2021 13:00:00;0;0;800;0;0;0;150;0;950;0;-950
21.08.2021 13:00:00;21.08.2021 14:00:00;0;0;800;0;0;0;150;0;950;0;-950
21.08.2021 14:00:00;21.08.2021 15:00:00;0;0;800;0;0;0;150;0;950;0;-950
21.08.2021 15:00:00;21.08.2021 16:00:00;0;0;800;0;0;0;150;0;950;0;-950
21.08.2021 16:00:00;21.08.2021 17:00:00;0;0;800;0;0;0;150;0;950;0;-950
21.08.2021 17:00:00;21.08.2021 18:00:00;0;0;800;0;0;0;150;0;950;0;-950
21.08.2021 18:00:00;21.08.2021 19:00:00;0;0;800;0;0;0;150;0;950;0;-950
21.08.2021 19:00:00;21.08.2021 20:00:00;0;0;800;0;0;0;150;0;950;0;-950
21.08.2021 20:00:00;21.08.2021 21:00:00;0;0;800;0;0;0;150;0;950;0;-950
21.08.2021 21:00:00;21.08.2021 22:00:00;0;0;800;0;0;0;150;0;950;0;-950
21.08.2021 22:00:00;21.08.2021 23:00:00;0;0;800;0;0;0;150;0;950;0;-950
21.08.2021 23:00:00;22.08.2021 00:00:00;0;0;800;0;0;0;150;0;950;0;-950
22.08.2021 00:00:00;22.08.2021 01:00:00;0;0;800;0;0;0;150;0;950;0;-950
22.08.2021 01:00:00;22.08.2021 02:00:00;0;0;800;0;0;0;150;0;950;0;-950
22.08.2021 02:00:00;22.08.2021 03:00:00;0;0;800;0;0;0;150;0;950;0;-950
22.08.2021 03:00:00;22.08.2021 04:00:00;0;0;800;0;0;0;150;0;950;0;-950
22.08.2021 04:00:00;22.08.2021 05:00:00;0;0;800;0;0;0;150;0;950;0;-950
22.08.2021 05:00:00;22.08.2021 06:00:00;0;0;800;0;0;0;150;0;950;0;-950
22.08.2021 06:00:00;22.08.2021 07:00:00;0;0;800;0;0;0;150;0;950;0;-950
22.08.2021 07:00:00;22.08.2021 08:00:00;0;0;800;0;0;0;150;0;950;0;-950
22.08.2021 08:00:00;22.08.2021 09:00:00;0;0;800;0;0;0;150;0;950;0;-950
22.08.2021 09:00:00;22.08.2021 10:00:00;0;0;800;0;0;0;150;0;950;0;-950
22.08.2021 10:00:00;22.08.2021 11:00:00;0;0;800;0;0;0;150;0;950;0;-950
22.08.2021 11:00:00;22.08.2021 12:00:00;0;0;800;0;0;0;150;0;950;0;-950
22.08.2021 12:00:00;22.08.2021 13:00:00;0;0;800;0;0;0;150;0;950;0;-950
22.08.2021 13:00:00;22.08.2021 14:00:00;0;0;800;0;0;0;150;0;950;0;-950
22.08.2021 14:00:00;22.08.2021 15:00:00;0;0;800;0;0;0;150;0;950;0;-950
22.08.2021 15:00:00;22.08.2021 16:00:00;0;0;800;0;0;0;150;0;950;0;-950
22.08.2021 16:00:00;22.08.2021 17:00:00;0;0;800;0;0;0;150;0;950;0;-950
22.08.2021 17:00:00;22.08.2021 18:00:00;0;0;800;0;0;0;150;0;950;0;-950
22.08.2021 18:00:00;22.08.2021 19:00:00;0;0;800;0;0;0;150;0;950;0;-950
22.08.2021 19:00:00;22.08.2021 20:00:00;0;0;800;0;0;0;150;0;950;0;-950
22.08.2021 20:00:00;22.08.2021 21:00:00;0;0;800;0;0;0;150;0;950;0;-950
22.08.2021 21:00:00;22.08.2021 22:00:00;0;0;800;0;0;0;150;0;950;0;-950
22.08.2021 22:00:00;22.08.2021 23:00:00;0;0;800;0;0;0;150;0;950;0;-950
22.08.2021 23:00:00;23.08.2021 00:00:00;0;0;800;0;0;0;150;0;950;0;-950
23.08.2021 00:00:00;23.08.2021 01:00:00;0;0;743.3;0;0;0;147.7;0;891;0;-891
23.08.2021 01:00:00;23.08.2021 02:00:00;0;0;766.6;0;0;0;150;0;916.6;0;-916.6
23.08.2021 02:00:00;23.08.2021 03:00:00;0;0;780.8;0;3.2;0;150;0;934;0;-934
23.08.2021 03:00:00;23.08.2021 04:00:00;0;0;791.3;0;2.6;0;150;0;943.9;0;-943.9
23.08.2021 04:00:00;23.08.2021 05:00:00;0;0;793.6;0;7.3;0;150;0;950.9;0;-950.9
23.08.2021 05:00:00;23.08.2021 06:00:00;0;0;900;0;0;0;41.2;0;941.2;0;-941.2
23.08.2021 06:00:00;23.08.2021 07:00:00;0;0;900;0;0;0;80.3;0;980.3;0;-980.3
23.08.2021 07:00:00;23.08.2021 08:00:00;0;0;816.9;0;0;0;84.6;0;901.5;0;-901.5
23.08.2021 08:00:00;23.08.2021 09:00:00;0;0;561;0;0;0;108.1;0;669.1;0;-669.1
23.08.2021 09:00:00;23.08.2021 10:00:00;0;0;558.1;0;0;65.5;0;0;558.1;65.5;-492.6
23.08.2021 10:00:00;23.08.2021 11:00:00;0;0;555.4;0;0;72.4;0;0;555.4;72.4;-483
23.08.2021 11:00:00;23.08.2021 12:00:00;0;0;529.2;0;0;49.8;0;0;529.2;49.8;-479.4
23.08.2021 12:00:00;23.08.2021 13:00:00;0;0;613.2;0;0;125.6;0;0;613.2;125.6;-487.6
23.08.2021 13:00:00;23.08.2021 14:00:00;0;0;603.7;0;0;97.3;0;0;603.7;97.3;-506.4
23.08.2021 14:00:00;23.08.2021 15:00:00;0;0;605;0;0;100.6;0;0;605;100.6;-504.4
23.08.2021 15:00:00;23.08.2021 16:00:00;0;0;589.3;0;0;80.6;0;0;589.3;80.6;-508.7
23.08.2021 16:00:00;23.08.2021 17:00:00;0;0;561.8;0;0;30.1;0;0;561.8;30.1;-531.7
23.08.2021 17:00:00;23.08.2021 18:00:00;0;0;440.1;0;0;0;122.7;0;562.8;0;-562.8
23.08.2021 18:00:00;23.08.2021 19:00:00;0;0;388.2;0;57.6;0;150;0;595.8;0;-595.8
23.08.2021 19:00:00;23.08.2021 20:00:00;0;0;381.3;0;61.4;0;150;0;592.7;0;-592.7
23.08.2021 20:00:00;23.08.2021 21:00:00;0;0;446.2;0;0;0;142.1;0;588.3;0;-588.3
23.08.2021 21:00:00;23.08.2021 22:00:00;0;0;511.5;0;0;0;91.2;0;602.7;0;-602.7
23.08.2021 22:00:00;23.08.2021 23:00:00;0;0;580;0;0;0;0;0;580;0;-580
23.08.2021 23:00:00;24.08.2021 00:00:00;0;0;591;0;0;64.4;0;0;591;64.4;-526.6
24.08.2021 00:00:00;24.08.2021 01:00:00;0;0;590.6;0;112.2;0;150;0;852.8;0;-852.8
24.08.2021 01:00:00;24.08.2021 02:00:00;0;0;579.3;0;152.5;0;150;0;881.8;0;-881.8
24.08.2021 02:00:00;24.08.2021 03:00:00;0;0;554.1;0;202.2;0;150;0;906.3;0;-906.3
24.08.2021 03:00:00;24.08.2021 04:00:00;0;0;567.1;0;206;0;150;0;923.1;0;-923.1
24.08.2021 04:00:00;24.08.2021 05:00:00;0;0;556.8;0;223.1;0;150;0;929.9;0;-929.9
24.08.2021 05:00:00;24.08.2021 06:00:00;0;0;689.3;0;150;0;150;0;989.3;0;-989.3
24.08.2021 06:00:00;24.08.2021 07:00:00;0;0;691.3;0;105.9;0;150;0;947.2;0;-947.2
24.08.2021 07:00:00;24.08.2021 08:00:00;0;0;610.3;0;91.9;0;150;0;852.2;0;-852.2
24.08.2021 08:00:00;24.08.2021 09:00:00;0;0;579.6;0;102.1;0;150;0;831.7;0;-831.7
24.08.2021 09:00:00;24.08.2021 10:00:00;0;0;573;0;115;0;150;0;838;0;-838
24.08.2021 10:00:00;24.08.2021 11:00:00;0;0;615.5;0;83.2;0;150;0;848.7;0;-848.7
24.08.2021 11:00:00;24.08.2021 12:00:00;0;0;644.3;0;68.6;0;150;0;862.9;0;-862.9
24.08.2021 12:00:00;24.08.2021 13:00:00;0;0;606.7;0;76.3;0;150;0;833;0;-833
24.08.2021 13:00:00;24.08.2021 14:00:00;0;0;565.8;0;132.1;0;150;0;847.9;0;-847.9
24.08.2021 14:00:00;24.08.2021 15:00:00;0;0;553.8;0;138.1;0;150;0;841.9;0;-841.9
24.08.2021 15:00:00;24.08.2021 16:00:00;0;0;522.3;0;158.2;0;150;0;830.5;0;-830.5
24.08.2021 16:00:00;24.08.2021 17:00:00;0;0;503.9;0;142.1;0;150;0;796;0;-796
24.08.2021 17:00:00;24.08.2021 18:00:00;0;0;498.1;0;145.1;0;150;0;793.2;0;-793.2
24.08.2021 18:00:00;24.08.2021 19:00:00;0;0;502.7;0;127.4;0;150;0;780.1;0;-780.1
24.08.2021 19:00:00;24.08.2021 20:00:00;0;0;518.3;0;87.7;0;150;0;756;0;-756
24.08.2021 20:00:00;24.08.2021 21:00:00;0;0;477;0;28.6;0;150;0;655.6;0;-655.6
24.08.2021 21:00:00;24.08.2021 22:00:00;0;0;477.2;0;46.6;0;150;0;673.8;0;-673.8
24.08.2021 22:00:00;24.08.2021 23:00:00;0;0;434.2;0;102.9;0;150;0;687.1;0;-687.1
24.08.2021 23:00:00;25.08.2021 00:00:00;0;0;347.7;0;0;0;0;0;347.7;0;-347.7
25.08.2021 00:00:00;25.08.2021 01:00:00;0;0;0;0;0;2.3;0;193;0;195.3;195.3
25.08.2021 01:00:00;25.08.2021 02:00:00;0;0;0;0;0;0;0;188.7;0;188.7;188.7
25.08.2021 02:00:00;25.08.2021 03:00:00;0;0;0;0;0;0;0;179.3;0;179.3;179.3
25.08.2021 03:00:00;25.08.2021 04:00:00;0;0;0;0;0;26.9;0;200;0;226.9;226.9
25.08.2021 04:00:00;25.08.2021 05:00:00;0;0;0;0;0;0;0;178.8;0;178.8;178.8
25.08.2021 05:00:00;25.08.2021 06:00:00;0;0;89.6;0;132.6;0;0;0;222.2;0;-222.2
25.08.2021 06:00:00;25.08.2021 07:00:00;0;0;213.7;0;161.1;0;50;0;424.8;0;-424.8
25.08.2021 07:00:00;25.08.2021 08:00:00;0;0;291;0;66.2;0;50;0;407.2;0;-407.2
25.08.2021 08:00:00;25.08.2021 09:00:00;0;0;299;0;42.4;0;50;0;391.4;0;-391.4
25.08.2021 09:00:00;25.08.2021 10:00:00;0;0;293.2;0;22.3;0;50;0;365.5;0;-365.5
25.08.2021 10:00:00;25.08.2021 11:00:00;0;0;325.2;0;0;0;33.8;0;359;0;-359
25.08.2021 11:00:00;25.08.2021 12:00:00;0;0;319.4;0;0;0;32.3;0;351.7;0;-351.7
25.08.2021 12:00:00;25.08.2021 13:00:00;0;0;287.9;0;6.7;0;50;0;344.6;0;-344.6
25.08.2021 13:00:00;25.08.2021 14:00:00;0;0;252.5;0;89.3;0;0;0;341.8;0;-341.8
25.08.2021 14:00:00;25.08.2021 15:00:00;0;0;315.9;0;21.6;0;0;0;337.5;0;-337.5
25.08.2021 15:00:00;25.08.2021 16:00:00;0;0;259;0;78.2;0;0;0;337.2;0;-337.2
25.08.2021 16:00:00;25.08.2021 17:00:00;0;0;255.6;0;85.5;0;0;0;341.1;0;-341.1
25.08.2021 17:00:00;25.08.2021 18:00:00;0;0;339.6;0;9.3;0;0;0;348.9;0;-348.9
25.08.2021 18:00:00;25.08.2021 19:00:00;0;0;269.8;0;109.6;0;0;0;379.4;0;-379.4
25.08.2021 19:00:00;25.08.2021 20:00:00;0;0;297.5;0;76.1;0;0;0;373.6;0;-373.6
25.08.2021 20:00:00;25.08.2021 21:00:00;0;0;413.9;0;0;0;0;0;413.9;0;-413.9
25.08.2021 21:00:00;25.08.2021 22:00:00;0;0;456.2;0;0;34.4;0;0;456.2;34.4;-421.8
25.08.2021 22:00:00;25.08.2021 23:00:00;0;0;405.1;0;0;0;0;0;405.1;0;-405.1
25.08.2021 23:00:00;26.08.2021 00:00:00;0;0;392.7;0;0;0;0;148.3;392.7;148.3;-244.4
26.08.2021 00:00:00;26.08.2021 01:00:00;0;0;206;0;0;150;0;200;206;350;144
26.08.2021 01:00:00;26.08.2021 02:00:00;0;0;200.9;0;0;24.5;0;200;200.9;224.5;23.6
26.08.2021 02:00:00;26.08.2021 03:00:00;0;0;239.6;0;0;127.6;0;200;239.6;327.6;88
26.08.2021 03:00:00;26.08.2021 04:00:00;0;0;230.1;0;0;44.1;0;200;230.1;244.1;14
26.08.2021 04:00:00;26.08.2021 05:00:00;0;0;209.3;0;0;0;0;18.1;209.3;18.1;-191.2
26.08.2021 05:00:00;26.08.2021 06:00:00;0;0;428.8;0;0;0;0;0;428.8;0;-428.8
26.08.2021 06:00:00;26.08.2021 07:00:00;0;0;634.4;0;0;0;0;0;634.4;0;-634.4
26.08.2021 07:00:00;26.08.2021 08:00:00;0;0;835.7;0;0;0;0;0;835.7;0;-835.7
26.08.2021 08:00:00;26.08.2021 09:00:00;0;0;849.5;0;0;0;0;0;849.5;0;-849.5
26.08.2021 09:00:00;26.08.2021 10:00:00;0;0;859.8;0;0;0;0;0;859.8;0;-859.8
26.08.2021 10:00:00;26.08.2021 11:00:00;0;0;828.1;0;0;0;0;0;828.1;0;-828.1
26.08.2021 11:00:00;26.08.2021 12:00:00;0;0;841.1;0;0;0;0;0;841.1;0;-841.1
26.08.2021 12:00:00;26.08.2021 13:00:00;0;0;866;0;0;0;0;0;866;0;-866
26.08.2021 13:00:00;26.08.2021 14:00:00;0;0;832.6;0;0;0;0;0;832.6;0;-832.6
26.08.2021 14:00:00;26.08.2021 15:00:00;0;0;819.5;0;0;0;0;0;819.5;0;-819.5
26.08.2021 15:00:00;26.08.2021 16:00:00;0;0;772.8;0;0;0;0;0;772.8;0;-772.8
26.08.2021 16:00:00;26.08.2021 17:00:00;0;0;786.7;0;0;0;0;0;786.7;0;-786.7
26.08.2021 17:00:00;26.08.2021 18:00:00;0;0;812.5;0;0;0;0;0;812.5;0;-812.5
26.08.2021 18:00:00;26.08.2021 19:00:00;0;0;804.7;0;0;0;0;0;804.7;0;-804.7
26.08.2021 19:00:00;26.08.2021 20:00:00;0;0;807.7;0;0;0;0;0;807.7;0;-807.7
26.08.2021 20:00:00;26.08.2021 21:00:00;0;0;819.1;0;0;0;0;0;819.1;0;-819.1
26.08.2021 21:00:00;26.08.2021 22:00:00;0;0;845.9;0;0;0;4.4;0;850.3;0;-850.3
26.08.2021 22:00:00;26.08.2021 23:00:00;0;0;837;0;0;0;0;0;837;0;-837
26.08.2021 23:00:00;27.08.2021 00:00:00;0;0;857.5;0;0;0;0;0;857.5;0;-857.5
27.08.2021 00:00:00;27.08.2021 01:00:00;0;0;477.4;0;282.2;0;0;0;759.6;0;-759.6
27.08.2021 01:00:00;27.08.2021 02:00:00;0;0;400.3;0;378.3;0;0;0;778.6;0;-778.6
27.08.2021 02:00:00;27.08.2021 03:00:00;0;0;326.5;0;450;0;14.7;0;791.2;0;-791.2
27.08.2021 03:00:00;27.08.2021 04:00:00;0;0;308.6;0;450;0;49.6;0;808.2;0;-808.2
27.08.2021 04:00:00;27.08.2021 05:00:00;0;0;381.7;0;396.3;0;50;0;828;0;-828
27.08.2021 05:00:00;27.08.2021 06:00:00;0;0;506.2;0;331.3;0;50;0;887.5;0;-887.5
27.08.2021 06:00:00;27.08.2021 07:00:00;0;0;580.2;0;299.3;0;50;0;929.5;0;-929.5
27.08.2021 07:00:00;27.08.2021 08:00:00;0;0;549.6;0;250.7;0;50;0;850.3;0;-850.3
27.08.2021 08:00:00;27.08.2021 09:00:00;0;0;571.2;0;217.3;0;50;0;838.5;0;-838.5
27.08.2021 09:00:00;27.08.2021 10:00:00;0;0;592.4;0;232.5;0;50;0;874.9;0;-874.9
27.08.2021 10:00:00;27.08.2021 11:00:00;0;0;605.7;0;230.2;0;50;0;885.9;0;-885.9
27.08.2021 11:00:00;27.08.2021 12:00:00;0;0;641.6;0;220.2;0;50;0;911.8;0;-911.8
27.08.2021 12:00:00;27.08.2021 13:00:00;0;0;672.1;0;233.6;0;50;0;955.7;0;-955.7
27.08.2021 13:00:00;27.08.2021 14:00:00;0;0;668.8;0;250.4;0;50;0;969.2;0;-969.2
27.08.2021 14:00:00;27.08.2021 15:00:00;0;0;682.3;0;245.8;0;50;0;978.1;0;-978.1
27.08.2021 15:00:00;27.08.2021 16:00:00;0;0;696.2;0;218.8;0;50;0;965;0;-965
27.08.2021 16:00:00;27.08.2021 17:00:00;0;0;739;0;161.8;0;50;0;950.8;0;-950.8
27.08.2021 17:00:00;27.08.2021 18:00:00;0;0;746.2;0;160.2;0;50;0;956.4;0;-956.4
27.08.2021 18:00:00;27.08.2021 19:00:00;0;0;731.2;0;176.6;0;50;0;957.8;0;-957.8
27.08.2021 19:00:00;27.08.2021 20:00:00;0;0;694.9;0;134;0;50;0;878.9;0;-878.9
27.08.2021 20:00:00;27.08.2021 21:00:00;0;0;677.3;0;133.2;0;50;0;860.5;0;-860.5
27.08.2021 21:00:00;27.08.2021 22:00:00;0;0;667.9;0;154.9;0;50;0;872.8;0;-872.8
27.08.2021 22:00:00;27.08.2021 23:00:00;0;0;678.1;0;141.6;0;50;0;869.7;0;-869.7
27.08.2021 23:00:00;28.08.2021 00:00:00;0;0;692.7;0;99.6;0;50;0;842.3;0;-842.3
28.08.2021 00:00:00;28.08.2021 01:00:00;0;0;624.3;0;213.4;0;50;0;887.7;0;-887.7
28.08.2021 01:00:00;28.08.2021 02:00:00;0;0;621.9;0;218.6;0;50;0;890.5;0;-890.5
28.08.2021 02:00:00;28.08.2021 03:00:00;0;0;609.9;0;226.3;0;50;0;886.2;0;-886.2
28.08.2021 03:00:00;28.08.2021 04:00:00;0;0;601.9;0;229.8;0;50;0;881.7;0;-881.7
28.08.2021 04:00:00;28.08.2021 05:00:00;0;0;605.2;0;226.2;0;50;0;881.4;0;-881.4
28.08.2021 05:00:00;28.08.2021 06:00:00;0;0;605;0;228.7;0;50;0;883.7;0;-883.7
28.08.2021 06:00:00;28.08.2021 07:00:00;0;0;622;0;173.9;0;50;0;845.9;0;-845.9
28.08.2021 07:00:00;28.08.2021 08:00:00;0;0;679.1;0;116.9;0;50;0;846;0;-846
28.08.2021 08:00:00;28.08.2021 09:00:00;0;0;682.9;0;78.9;0;50;0;811.8;0;-811.8
28.08.2021 09:00:00;28.08.2021 10:00:00;0;0;675.4;0;138.5;0;50;0;863.9;0;-863.9
28.08.2021 10:00:00;28.08.2021 11:00:00;0;0;692.6;0;99.8;0;50;0;842.4;0;-842.4
28.08.2021 11:00:00;28.08.2021 12:00:00;0;0;703.8;0;102.6;0;50;0;856.4;0;-856.4
28.08.2021 12:00:00;28.08.2021 13:00:00;0;0;704;0;107.7;0;50;0;861.7;0;-861.7
28.08.2021 13:00:00;28.08.2021 14:00:00;0;0;702;0;116.8;0;50;0;868.8;0;-868.8
28.08.2021 14:00:00;28.08.2021 15:00:00;0;0;705.1;0;111.8;0;50;0;866.9;0;-866.9
28.08.2021 15:00:00;28.08.2021 16:00:00;0;0;709;0;137.2;0;50;0;896.2;0;-896.2
28.08.2021 16:00:00;28.08.2021 17:00:00;0;0;710.2;0;137.8;0;50;0;898;0;-898
28.08.2021 17:00:00;28.08.2021 18:00:00;0;0;710.9;0;136;0;50;0;896.9;0;-896.9
28.08.2021 18:00:00;28.08.2021 19:00:00;0;0;710.3;0;123.4;0;50;0;883.7;0;-883.7
28.08.2021 19:00:00;28.08.2021 20:00:00;0;0;709.2;0;111.4;0;50;0;870.6;0;-870.6
28.08.2021 20:00:00;28.08.2021 21:00:00;0;0;702.7;0;123.2;0;50;0;875.9;0;-875.9
28.08.2021 21:00:00;28.08.2021 22:00:00;0;0;687.5;0;158.4;0;50;0;895.9;0;-895.9
28.08.2021 22:00:00;28.08.2021 23:00:00;0;0;606.4;0;234.7;0;50;0;891.1;0;-891.1
28.08.2021 23:00:00;29.08.2021 00:00:00;0;0;619;0;134;0;50;0;803;0;-803
29.08.2021 00:00:00;29.08.2021 01:00:00;0;0;612.8;0;139.6;0;0;0;752.4;0;-752.4
29.08.2021 01:00:00;29.08.2021 02:00:00;0;0;583.8;0;175.6;0;0;0;759.4;0;-759.4
29.08.2021 02:00:00;29.08.2021 03:00:00;0;0;572.1;0;194.1;0;0;0;766.2;0;-766.2
29.08.2021 03:00:00;29.08.2021 04:00:00;0;0;557.3;0;217.7;0;0;0;775;0;-775
29.08.2021 04:00:00;29.08.2021 05:00:00;0;0;556.2;0;216.3;0;0;0;772.5;0;-772.5
29.08.2021 05:00:00;29.08.2021 06:00:00;0;0;550.1;0;222.6;0;0;0;772.7;0;-772.7
29.08.2021 06:00:00;29.08.2021 07:00:00;0;0;561.5;0;146.8;0;50;0;758.3;0;-758.3
29.08.2021 07:00:00;29.08.2021 08:00:00;0;0;477.7;0;277.1;0;50;0;804.8;0;-804.8
29.08.2021 08:00:00;29.08.2021 09:00:00;0;0;586.2;0;184;0;50;0;820.2;0;-820.2
29.08.2021 09:00:00;29.08.2021 10:00:00;0;0;637.4;0;127.6;0;50;0;815;0;-815
29.08.2021 10:00:00;29.08.2021 11:00:00;0;0;644.5;0;102.5;0;50;0;797;0;-797
29.08.2021 11:00:00;29.08.2021 12:00:00;0;0;633.1;0;99.2;0;50;0;782.3;0;-782.3
29.08.2021 12:00:00;29.08.2021 13:00:00;0;0;626.7;0;108.5;0;50;0;785.2;0;-785.2
29.08.2021 13:00:00;29.08.2021 14:00:00;0;0;615.6;0;116.2;0;50;0;781.8;0;-781.8
29.08.2021 14:00:00;29.08.2021 15:00:00;0;0;639.3;0;88.7;0;50;0;778;0;-778
29.08.2021 15:00:00;29.08.2021 16:00:00;0;0;636.4;0;95.1;0;50;0;781.5;0;-781.5
29.08.2021 16:00:00;29.08.2021 17:00:00;0;0;615;0;100.2;0;50;0;765.2;0;-765.2
29.08.2021 17:00:00;29.08.2021 18:00:00;0;0;606.1;0;92.3;0;50;0;748.4;0;-748.4
29.08.2021 18:00:00;29.08.2021 19:00:00;0;0;589.9;0;62.8;0;50;0;702.7;0;-702.7
29.08.2021 19:00:00;29.08.2021 20:00:00;0;0;598.5;0;22.2;0;50;0;670.7;0;-670.7
29.08.2021 20:00:00;29.08.2021 21:00:00;0;0;573.5;0;39.6;0;50;0;663.1;0;-663.1
29.08.2021 21:00:00;29.08.2021 22:00:00;0;0;599.8;0;13.2;0;50;0;663;0;-663
29.08.2021 22:00:00;29.08.2021 23:00:00;0;0;599.2;0;48.6;0;50;0;697.8;0;-697.8
29.08.2021 23:00:00;30.08.2021 00:00:00;0;0;625.9;0;19.5;0;50;0;695.4;0;-695.4
30.08.2021 00:00:00;30.08.2021 01:00:00;0;0;676.3;0;0;0;0;0;676.3;0;-676.3
30.08.2021 01:00:00;30.08.2021 02:00:00;0;0;690;0;0;0;0;0;690;0;-690
30.08.2021 02:00:00;30.08.2021 03:00:00;0;0;708.5;0;0;0;0;0;708.5;0;-708.5
30.08.2021 03:00:00;30.08.2021 04:00:00;0;0;726.2;0;0;0;0;0;726.2;0;-726.2
30.08.2021 04:00:00;30.08.2021 05:00:00;0;0;745.3;0;0;0;0;0;745.3;0;-745.3
30.08.2021 05:00:00;30.08.2021 06:00:00;0;0;623.2;0;111.9;0;50;0;785.1;0;-785.1
30.08.2021 06:00:00;30.08.2021 07:00:00;0;0;712.5;0;42.1;0;50;0;804.6;0;-804.6
30.08.2021 07:00:00;30.08.2021 08:00:00;0;0;710.2;0;0;0;15.3;0;725.5;0;-725.5
30.08.2021 08:00:00;30.08.2021 09:00:00;0;0;657.5;0;40.8;0;50;0;748.3;0;-748.3
30.08.2021 09:00:00;30.08.2021 10:00:00;0;0;650.2;0;36.4;0;50;0;736.6;0;-736.6
30.08.2021 10:00:00;30.08.2021 11:00:00;0;0;665.7;0;31.4;0;50;0;747.1;0;-747.1
30.08.2021 11:00:00;30.08.2021 12:00:00;0;0;660.9;0;53.5;0;50;0;764.4;0;-764.4
30.08.2021 12:00:00;30.08.2021 13:00:00;0;0;680.2;0;1.4;0;50;0;731.6;0;-731.6
30.08.2021 13:00:00;30.08.2021 14:00:00;0;0;688.1;0;1;0;50;0;739.1;0;-739.1
30.08.2021 14:00:00;30.08.2021 15:00:00;0;0;692.7;0;0;0;50;0;742.7;0;-742.7
30.08.2021 15:00:00;30.08.2021 16:00:00;0;0;654.8;0;0;0;50;0;704.8;0;-704.8
30.08.2021 16:00:00;30.08.2021 17:00:00;0;0;659.9;0;0;0;50;0;709.9;0;-709.9
30.08.2021 17:00:00;30.08.2021 18:00:00;0;0;674.9;0;0;0;50;0;724.9;0;-724.9
30.08.2021 18:00:00;30.08.2021 19:00:00;0;0;684.8;0;0;0;50;0;734.8;0;-734.8
30.08.2021 19:00:00;30.08.2021 20:00:00;0;0;681.1;0;0;0;48.2;0;729.3;0;-729.3
30.08.2021 20:00:00;30.08.2021 21:00:00;0;0;753.6;0;0;40;0;0;753.6;40;-713.6
30.08.2021 21:00:00;30.08.2021 22:00:00;0;0;768.2;0;0;101.8;0;0;768.2;101.8;-666.4
30.08.2021 22:00:00;30.08.2021 23:00:00;0;0;804.4;0;0;87.5;0;0;804.4;87.5;-716.9
30.08.2021 23:00:00;31.08.2021 00:00:00;0;0;851.9;0;0;76.6;0;0;851.9;76.6;-775.3
31.08.2021 00:00:00;31.08.2021 01:00:00;0;0;776.2;0;40.5;0;50;0;866.7;0;-866.7
31.08.2021 01:00:00;31.08.2021 02:00:00;0;0;719.7;0;98.7;0;50;0;868.4;0;-868.4
31.08.2021 02:00:00;31.08.2021 03:00:00;0;0;690.1;0;163.1;0;50;0;903.2;0;-903.2
31.08.2021 03:00:00;31.08.2021 04:00:00;0;0;690.1;0;208.2;0;50;0;948.3;0;-948.3
31.08.2021 04:00:00;31.08.2021 05:00:00;0;0;729.5;0;189.5;0;50;0;969;0;-969
31.08.2021 05:00:00;31.08.2021 06:00:00;0;0;773.4;0;148.4;0;50;0;971.8;0;-971.8
31.08.2021 06:00:00;31.08.2021 07:00:00;0;0;778;0;80.2;0;50;0;908.2;0;-908.2
31.08.2021 07:00:00;31.08.2021 08:00:00;0;0;859.8;0;0;27.2;0;0;859.8;27.2;-832.6
31.08.2021 08:00:00;31.08.2021 09:00:00;0;0;745.8;0;0;150;0;0;745.8;150;-595.8
31.08.2021 09:00:00;31.08.2021 10:00:00;0;0;734.5;0;0;150;0;0;734.5;150;-584.5
31.08.2021 10:00:00;31.08.2021 11:00:00;0;0;764.1;0;0;150;0;0;764.1;150;-614.1
31.08.2021 11:00:00;31.08.2021 12:00:00;0;0;722.5;0;0;150;0;0;722.5;150;-572.5
31.08.2021 12:00:00;31.08.2021 13:00:00;0;0;746.8;0;0;150;0;0;746.8;150;-596.8
31.08.2021 13:00:00;31.08.2021 14:00:00;0;0;698.1;0;0;150;0;0;698.1;150;-548.1
31.08.2021 14:00:00;31.08.2021 15:00:00;0;0;680.7;0;0;150;0;0;680.7;150;-530.7
31.08.2021 15:00:00;31.08.2021 16:00:00;0;0;710.1;0;0;143.4;0;0;710.1;143.4;-566.7
31.08.2021 16:00:00;31.08.2021 17:00:00;0;0;684.7;0;0;112.9;0;0;684.7;112.9;-571.8
31.08.2021 17:00:00;31.08.2021 18:00:00;0;0;756.9;0;0;0;0;0;756.9;0;-756.9
31.08.2021 18:00:00;31.08.2021 19:00:00;0;0;777.9;0;0;0;14.8;0;792.7;0;-792.7
31.08.2021 19:00:00;31.08.2021 20:00:00;0;0;790.8;0;0;0;0;0;790.8;0;-790.8
31.08.2021 20:00:00;31.08.2021 21:00:00;0;0;735.8;0;0;0;0;0;735.8;0;-735.8
31.08.2021 21:00:00;31.08.2021 22:00:00;0;0;746.5;0;0;0;0;0;746.5;0;-746.5
31.08.2021 22:00:00;31.08.2021 23:00:00;0;0;623.1;0;0;0;0;0;623.1;0;-623.1
31.08.2021 23:00:00;01.09.2021 00:00:00;0;0;551.4;0;0;150;0;0;551.4;150;-401.4
01.09.2021 00:00:00;01.09.2021 01:00:00;0;0;515.9;0;0;150;0;0;515.9;150;-365.9
01.09.2021 01:00:00;01.09.2021 02:00:00;0;0;566.1;0;0;150;0;67.5;566.1;217.5;-348.6
01.09.2021 02:00:00;01.09.2021 03:00:00;0;0;516.3;0;0;150;0;0;516.3;150;-366.3
01.09.2021 03:00:00;01.09.2021 04:00:00;0;0;583.2;0;0;150;0;0;583.2;150;-433.2
01.09.2021 04:00:00;01.09.2021 05:00:00;0;0;657.5;0;0;8;0;0;657.5;8;-649.5
01.09.2021 05:00:00;01.09.2021 06:00:00;0;0;722.7;0;0;0;50;0;772.7;0;-772.7
01.09.2021 06:00:00;01.09.2021 07:00:00;0;0;799.2;0;0;0;28.2;0;827.4;0;-827.4
01.09.2021 07:00:00;01.09.2021 08:00:00;0;0;824.4;0;0;62.5;0;0;824.4;62.5;-761.9
01.09.2021 08:00:00;01.09.2021 09:00:00;0;0;782.3;0;0;51.5;0;0;782.3;51.5;-730.8
01.09.2021 09:00:00;01.09.2021 10:00:00;0;0;787.8;0;0;84.9;0;0;787.8;84.9;-702.9
01.09.2021 10:00:00;01.09.2021 11:00:00;0;0;765.7;0;0;72;0;0;765.7;72;-693.7
01.09.2021 11:00:00;01.09.2021 12:00:00;0;0;715.8;0;0;30.5;0;0;715.8;30.5;-685.3
01.09.2021 12:00:00;01.09.2021 13:00:00;0;0;690;0;0;42.5;0;0;690;42.5;-647.5
01.09.2021 13:00:00;01.09.2021 14:00:00;0;0;772.3;0;0;116;0;0;772.3;116;-656.3
01.09.2021 14:00:00;01.09.2021 15:00:00;0;0;743.7;0;0;106.6;0;0;743.7;106.6;-637.1
01.09.2021 15:00:00;01.09.2021 16:00:00;0;0;641.7;0;0;62.2;0;0;641.7;62.2;-579.5
01.09.2021 16:00:00;01.09.2021 17:00:00;0;0;616.8;0;0;98.4;0;0;616.8;98.4;-518.4
01.09.2021 17:00:00;01.09.2021 18:00:00;0;0;541;0;0;38.5;0;0;541;38.5;-502.5
01.09.2021 18:00:00;01.09.2021 19:00:00;0;0;490.9;0;0;0;50;0;540.9;0;-540.9
01.09.2021 19:00:00;01.09.2021 20:00:00;0;0;487.5;0;0;0;50;0;537.5;0;-537.5
01.09.2021 20:00:00;01.09.2021 21:00:00;0;0;580.4;0;0;0;50;0;630.4;0;-630.4
01.09.2021 21:00:00;01.09.2021 22:00:00;0;0;584.9;0;0;0;50;0;634.9;0;-634.9
01.09.2021 22:00:00;01.09.2021 23:00:00;0;0;568.7;0;15.5;0;50;0;634.2;0;-634.2
01.09.2021 23:00:00;02.09.2021 00:00:00;0;0;477.4;0;0;0;50;0;527.4;0;-527.4
02.09.2021 00:00:00;02.09.2021 01:00:00;0;0;507.6;0;265.3;0;50;0;822.9;0;-822.9
02.09.2021 01:00:00;02.09.2021 02:00:00;0;0;489.5;0;313.5;0;50;0;853;0;-853
02.09.2021 02:00:00;02.09.2021 03:00:00;0;0;515.2;0;302.9;0;50;0;868.1;0;-868.1
02.09.2021 03:00:00;02.09.2021 04:00:00;0;0;570.9;0;233.9;0;50;0;854.8;0;-854.8
02.09.2021 04:00:00;02.09.2021 05:00:00;0;0;571.9;0;203.8;0;50;0;825.7;0;-825.7
02.09.2021 05:00:00;02.09.2021 06:00:00;0;0;576.5;0;222.1;0;50;0;848.6;0;-848.6
02.09.2021 06:00:00;02.09.2021 07:00:00;0;0;492.8;0;292.4;0;50;0;835.2;0;-835.2
02.09.2021 07:00:00;02.09.2021 08:00:00;0;0;456.7;0;251.9;0;50;0;758.6;0;-758.6
02.09.2021 08:00:00;02.09.2021 09:00:00;0;0;424;0;235.7;0;50;0;709.7;0;-709.7
02.09.2021 09:00:00;02.09.2021 10:00:00;0;0;293.7;0;371.1;0;50;0;714.8;0;-714.8
02.09.2021 10:00:00;02.09.2021 11:00:00;0;0;364.2;0;272.5;0;50;0;686.7;0;-686.7
02.09.2021 11:00:00;02.09.2021 12:00:00;0;0;353.7;0;284.2;0;50;0;687.9;0;-687.9
02.09.2021 12:00:00;02.09.2021 13:00:00;0;0;374.7;0;237.1;0;50;0;661.8;0;-661.8
02.09.2021 13:00:00;02.09.2021 14:00:00;0;0;365.9;0;245.8;0;50;0;661.7;0;-661.7
02.09.2021 14:00:00;02.09.2021 15:00:00;0;0;365.9;0;255.9;0;50;0;671.8;0;-671.8
02.09.2021 15:00:00;02.09.2021 16:00:00;0;0;366.3;0;264.7;0;50;0;681;0;-681
02.09.2021 16:00:00;02.09.2021 17:00:00;0;0;374.5;0;268.1;0;50;0;692.6;0;-692.6
02.09.2021 17:00:00;02.09.2021 18:00:00;0;0;403.5;0;257.2;0;50;0;710.7;0;-710.7
02.09.2021 18:00:00;02.09.2021 19:00:00;0;0;425.2;0;250.5;0;50;0;725.7;0;-725.7
02.09.2021 19:00:00;02.09.2021 20:00:00;0;0;460.7;0;214.8;0;50;0;725.5;0;-725.5
02.09.2021 20:00:00;02.09.2021 21:00:00;0;0;482.8;0;185.2;0;50;0;718;0;-718
02.09.2021 21:00:00;02.09.2021 22:00:00;0;0;526.8;0;143.8;0;50;0;720.6;0;-720.6
02.09.2021 22:00:00;02.09.2021 23:00:00;0;0;542.2;0;160.9;0;50;0;753.1;0;-753.1
02.09.2021 23:00:00;03.09.2021 00:00:00;0;0;595.1;0;124.8;0;40.3;0;760.2;0;-760.2
03.09.2021 00:00:00;03.09.2021 01:00:00;0;0;391.9;0;0;4;0;0;391.9;4;-387.9
03.09.2021 01:00:00;03.09.2021 02:00:00;0;0;451.7;0;0;37.6;0;0;451.7;37.6;-414.1
03.09.2021 02:00:00;03.09.2021 03:00:00;0;0;499.8;0;0;47.1;0;0;499.8;47.1;-452.7
03.09.2021 03:00:00;03.09.2021 04:00:00;0;0;539.8;0;0;4;0;0;539.8;4;-535.8
03.09.2021 04:00:00;03.09.2021 05:00:00;0;0;683.6;0;0;0;0;0;683.6;0;-683.6
03.09.2021 05:00:00;03.09.2021 06:00:00;0;0;743.2;0;8.7;0;50;0;801.9;0;-801.9
03.09.2021 06:00:00;03.09.2021 07:00:00;0;0;873.4;0;0;78.6;0;0;873.4;78.6;-794.8
03.09.2021 07:00:00;03.09.2021 08:00:00;0;0;1000;0;0;105.8;0;0;1000;105.8;-894.2
03.09.2021 08:00:00;03.09.2021 09:00:00;0;0;1000;0;0;115.6;0;0;1000;115.6;-884.4
03.09.2021 09:00:00;03.09.2021 10:00:00;0;0;1000;0;0;125.2;0;0;1000;125.2;-874.8
03.09.2021 10:00:00;03.09.2021 11:00:00;0;0;1000;0;0;126.6;0;0;1000;126.6;-873.4
03.09.2021 11:00:00;03.09.2021 12:00:00;0;0;1000;0;0;122.3;0;0;1000;122.3;-877.7
03.09.2021 12:00:00;03.09.2021 13:00:00;0;0;980.4;0;0;150;0;0;980.4;150;-830.4
03.09.2021 13:00:00;03.09.2021 14:00:00;0;0;968.1;0;0;150;0;0;968.1;150;-818.1
03.09.2021 14:00:00;03.09.2021 15:00:00;0;0;930.1;0;0;150;0;0;930.1;150;-780.1
03.09.2021 15:00:00;03.09.2021 16:00:00;0;0;992.2;0;0;0;50;0;1042.2;0;-1042.2
03.09.2021 16:00:00;03.09.2021 17:00:00;0;0;989.1;0;0;0;16.9;0;1006;0;-1006
03.09.2021 17:00:00;03.09.2021 18:00:00;0;0;1000;0;5;0;50;0;1055;0;-1055
03.09.2021 18:00:00;03.09.2021 19:00:00;0;0;1000;0;46.4;0;50;0;1096.4;0;-1096.4
03.09.2021 19:00:00;03.09.2021 20:00:00;0;0;1000;0;60.2;0;50;0;1110.2;0;-1110.2
03.09.2021 20:00:00;03.09.2021 21:00:00;0;0;1000;0;63.3;0;50;0;1113.3;0;-1113.3
03.09.2021 21:00:00;03.09.2021 22:00:00;0;0;1000;0;49.7;0;50;0;1099.7;0;-1099.7
03.09.2021 22:00:00;03.09.2021 23:00:00;0;0;998.1;0;73.5;0;50;0;1121.6;0;-1121.6
03.09.2021 23:00:00;04.09.2021 00:00:00;0;0;1000;0;40.4;0;50;0;1090.4;0;-1090.4
04.09.2021 00:00:00;04.09.2021 01:00:00;0;0;937.4;0;157.4;0;50;0;1144.8;0;-1144.8
04.09.2021 01:00:00;04.09.2021 02:00:00;0;0;943.9;0;171.9;0;50;0;1165.8;0;-1165.8
04.09.2021 02:00:00;04.09.2021 03:00:00;0;0;942.7;0;192.4;0;50;0;1185.1;0;-1185.1
04.09.2021 03:00:00;04.09.2021 04:00:00;0;0;952.9;0;177.9;0;50;0;1180.8;0;-1180.8
04.09.2021 04:00:00;04.09.2021 05:00:00;0;0;927.8;0;190.3;0;50;0;1168.1;0;-1168.1
04.09.2021 05:00:00;04.09.2021 06:00:00;0;0;884.2;0;218.9;0;50;0;1153.1;0;-1153.1
04.09.2021 06:00:00;04.09.2021 07:00:00;0;0;911.7;0;203.9;0;50;0;1165.6;0;-1165.6
04.09.2021 07:00:00;04.09.2021 08:00:00;0;0;911.7;0;265.9;0;50;0;1227.6;0;-1227.6
04.09.2021 08:00:00;04.09.2021 09:00:00;0;0;914.4;0;139.3;0;50;0;1103.7;0;-1103.7
04.09.2021 09:00:00;04.09.2021 10:00:00;0;0;922;0;101.6;0;50;0;1073.6;0;-1073.6
04.09.2021 10:00:00;04.09.2021 11:00:00;0;0;920.2;0;86.5;0;50;0;1056.7;0;-1056.7
04.09.2021 11:00:00;04.09.2021 12:00:00;0;0;906.7;0;104.2;0;50;0;1060.9;0;-1060.9
04.09.2021 12:00:00;04.09.2021 13:00:00;0;0;892.5;0;123.4;0;50;0;1065.9;0;-1065.9
04.09.2021 13:00:00;04.09.2021 14:00:00;0;0;886.6;0;129.5;0;50;0;1066.1;0;-1066.1
04.09.2021 14:00:00;04.09.2021 15:00:00;0;0;882.4;0;139.5;0;50;0;1071.9;0;-1071.9
04.09.2021 15:00:00;04.09.2021 16:00:00;0;0;875.5;0;176.4;0;50;0;1101.9;0;-1101.9
04.09.2021 16:00:00;04.09.2021 17:00:00;0;0;857.4;0;199.2;0;50;0;1106.6;0;-1106.6
04.09.2021 17:00:00;04.09.2021 18:00:00;0;0;819;0;248.3;0;50;0;1117.3;0;-1117.3
04.09.2021 18:00:00;04.09.2021 19:00:00;0;0;792.3;0;244.6;0;50;0;1086.9;0;-1086.9
04.09.2021 19:00:00;04.09.2021 20:00:00;0;0;779.9;0;254.1;0;50;0;1084;0;-1084
04.09.2021 20:00:00;04.09.2021 21:00:00;0;0;782;0;260.2;0;50;0;1092.2;0;-1092.2
04.09.2021 21:00:00;04.09.2021 22:00:00;0;0;785.1;0;266.9;0;50;0;1102;0;-1102
04.09.2021 22:00:00;04.09.2021 23:00:00;0;0;803.7;0;261.4;0;50;0;1115.1;0;-1115.1
04.09.2021 23:00:00;05.09.2021 00:00:00;0;0;811.2;0;290.6;0;50;0;1151.8;0;-1151.8
05.09.2021 00:00:00;05.09.2021 01:00:00;0;0;715.9;0;348.7;0;50;0;1114.6;0;-1114.6
05.09.2021 01:00:00;05.09.2021 02:00:00;0;0;712.8;0;377.2;0;50;0;1140;0;-1140
05.09.2021 02:00:00;05.09.2021 03:00:00;0;0;718.6;0;390.2;0;50;0;1158.8;0;-1158.8
05.09.2021 03:00:00;05.09.2021 04:00:00;0;0;732.6;0;406.1;0;50;0;1188.7;0;-1188.7
05.09.2021 04:00:00;05.09.2021 05:00:00;0;0;752.6;0;397.7;0;50;0;1200.3;0;-1200.3
05.09.2021 05:00:00;05.09.2021 06:00:00;0;0;761.2;0;391.4;0;50;0;1202.6;0;-1202.6
05.09.2021 06:00:00;05.09.2021 07:00:00;0;0;836.5;0;313.2;0;50;0;1199.7;0;-1199.7
05.09.2021 07:00:00;05.09.2021 08:00:00;0;0;867;0;292.5;0;50;0;1209.5;0;-1209.5
05.09.2021 08:00:00;05.09.2021 09:00:00;0;0;821.9;0;305.6;0;50;0;1177.5;0;-1177.5
05.09.2021 09:00:00;05.09.2021 10:00:00;0;0;809.3;0;302.9;0;50;0;1162.2;0;-1162.2
05.09.2021 10:00:00;05.09.2021 11:00:00;0;0;790.9;0;290.3;0;50;0;1131.2;0;-1131.2
05.09.2021 11:00:00;05.09.2021 12:00:00;0;0;785.2;0;277.2;0;50;0;1112.4;0;-1112.4
05.09.2021 12:00:00;05.09.2021 13:00:00;0;0;758.2;0;271;0;50;0;1079.2;0;-1079.2
05.09.2021 13:00:00;05.09.2021 14:00:00;0;0;734.9;0;265.9;0;50;0;1050.8;0;-1050.8
05.09.2021 14:00:00;05.09.2021 15:00:00;0;0;716.2;0;260.2;0;50;0;1026.4;0;-1026.4
05.09.2021 15:00:00;05.09.2021 16:00:00;0;0;689.9;0;264.2;0;50;0;1004.1;0;-1004.1
05.09.2021 16:00:00;05.09.2021 17:00:00;0;0;689;0;257.5;0;50;0;996.5;0;-996.5
05.09.2021 17:00:00;05.09.2021 18:00:00;0;0;685.7;0;247;0;50;0;982.7;0;-982.7
05.09.2021 18:00:00;05.09.2021 19:00:00;0;0;668.7;0;210.6;0;50;0;929.3;0;-929.3
05.09.2021 19:00:00;05.09.2021 20:00:00;0;0;655.2;0;193.2;0;50;0;898.4;0;-898.4
05.09.2021 20:00:00;05.09.2021 21:00:00;0;0;687.9;0;160;0;50;0;897.9;0;-897.9
05.09.2021 21:00:00;05.09.2021 22:00:00;0;0;691.8;0;149.3;0;50;0;891.1;0;-891.1
05.09.2021 22:00:00;05.09.2021 23:00:00;0;0;726.4;0;155.3;0;50;0;931.7;0;-931.7
05.09.2021 23:00:00;06.09.2021 00:00:00;0;0;717.3;0;189;0;50;0;956.3;0;-956.3
06.09.2021 00:00:00;06.09.2021 01:00:00;0;0;596.6;0;273.9;0;50;0;920.5;0;-920.5
06.09.2021 01:00:00;06.09.2021 02:00:00;0;0;587.5;0;300;0;50;0;937.5;0;-937.5
06.09.2021 02:00:00;06.09.2021 03:00:00;0;0;564.3;0;338.3;0;50;0;952.6;0;-952.6
06.09.2021 03:00:00;06.09.2021 04:00:00;0;0;500.4;0;418.1;0;50;0;968.5;0;-968.5
06.09.2021 04:00:00;06.09.2021 05:00:00;0;0;484.6;0;450;0;50;0;984.6;0;-984.6
06.09.2021 05:00:00;06.09.2021 06:00:00;0;0;498.7;0;415.5;0;50;0;964.2;0;-964.2
06.09.2021 06:00:00;06.09.2021 07:00:00;0;0;400.5;0;401.7;0;50;0;852.2;0;-852.2
06.09.2021 07:00:00;06.09.2021 08:00:00;0;0;432;0;237.7;0;50;0;719.7;0;-719.7
06.09.2021 08:00:00;06.09.2021 09:00:00;0;0;362.2;0;276;0;50;0;688.2;0;-688.2
06.09.2021 09:00:00;06.09.2021 10:00:00;0;0;292.5;0;246.2;0;150;0;688.7;0;-688.7
06.09.2021 10:00:00;06.09.2021 11:00:00;0;0;279.8;0;265.4;0;150;0;695.2;0;-695.2
06.09.2021 11:00:00;06.09.2021 12:00:00;0;0;280.3;0;284.1;0;150;0;714.4;0;-714.4
06.09.2021 12:00:00;06.09.2021 13:00:00;0;0;278.7;0;299.1;0;150;0;727.8;0;-727.8
06.09.2021 13:00:00;06.09.2021 14:00:00;0;0;271.1;0;305.4;0;150;0;726.5;0;-726.5
06.09.2021 14:00:00;06.09.2021 15:00:00;0;0;252.5;0;314.2;0;150;0;716.7;0;-716.7
06.09.2021 15:00:00;06.09.2021 16:00:00;0;0;245.6;0;323.5;0;150;0;719.1;0;-719.1
06.09.2021 16:00:00;06.09.2021 17:00:00;0;0;254.6;0;349.3;0;150;0;753.9;0;-753.9
06.09.2021 17:00:00;06.09.2021 18:00:00;0;0;252;0;366.2;0;150;0;768.2;0;-768.2
06.09.2021 18:00:00;06.09.2021 19:00:00;0;0;207.8;0;450;0;150;0;807.8;0;-807.8
06.09.2021 19:00:00;06.09.2021 20:00:00;0;0;203.2;0;450;0;150;0;803.2;0;-803.2
06.09.2021 20:00:00;06.09.2021 21:00:00;0;0;203.1;0;450;0;150;0;803.1;0;-803.1
06.09.2021 21:00:00;06.09.2021 22:00:00;0;0;208.9;0;450;0;150;0;808.9;0;-808.9
06.09.2021 22:00:00;06.09.2021 23:00:00;0;0;225.5;0;450;0;150;0;825.5;0;-825.5
06.09.2021 23:00:00;07.09.2021 00:00:00;0;0;233;0;450;0;150;0;833;0;-833
07.09.2021 00:00:00;07.09.2021 01:00:00;0;0;484.8;0;441.6;0;150;0;1076.4;0;-1076.4
07.09.2021 01:00:00;07.09.2021 02:00:00;0;0;480.9;0;442.1;0;150;0;1073;0;-1073
07.09.2021 02:00:00;07.09.2021 03:00:00;0;0;475.7;0;450;0;150;0;1075.7;0;-1075.7
07.09.2021 03:00:00;07.09.2021 04:00:00;0;0;469.5;0;450;0;150;0;1069.5;0;-1069.5
07.09.2021 04:00:00;07.09.2021 05:00:00;0;0;437.9;0;450;0;150;0;1037.9;0;-1037.9
07.09.2021 05:00:00;07.09.2021 06:00:00;0;0;394.6;0;450;0;150;0;994.6;0;-994.6
07.09.2021 06:00:00;07.09.2021 07:00:00;0;0;408;0;450;0;0;0;858;0;-858
07.09.2021 07:00:00;07.09.2021 08:00:00;0;0;406.2;0;450;0;0;0;856.2;0;-856.2
07.09.2021 08:00:00;07.09.2021 09:00:00;0;0;396;0;450;0;0;0;846;0;-846
07.09.2021 09:00:00;07.09.2021 10:00:00;0;0;392.2;0;450;0;0;0;842.2;0;-842.2
07.09.2021 10:00:00;07.09.2021 11:00:00;0;0;388.1;0;450;0;0;0;838.1;0;-838.1
07.09.2021 11:00:00;07.09.2021 12:00:00;0;0;359.9;0;450;0;0;0;809.9;0;-809.9
07.09.2021 12:00:00;07.09.2021 13:00:00;0;0;343.1;0;450;0;0;0;793.1;0;-793.1
07.09.2021 13:00:00;07.09.2021 14:00:00;0;0;338.3;0;450;0;0;0;788.3;0;-788.3
07.09.2021 14:00:00;07.09.2021 15:00:00;0;0;322.1;0;450;0;0;0;772.1;0;-772.1
07.09.2021 15:00:00;07.09.2021 16:00:00;0;0;292.8;0;450;0;0;0;742.8;0;-742.8
07.09.2021 16:00:00;07.09.2021 17:00:00;0;0;294.9;0;450;0;0;0;744.9;0;-744.9
07.09.2021 17:00:00;07.09.2021 18:00:00;0;0;285;0;450;0;0;0;735;0;-735
07.09.2021 18:00:00;07.09.2021 19:00:00;0;0;182.2;0;450;0;0;0;632.2;0;-632.2
07.09.2021 19:00:00;07.09.2021 20:00:00;0;0;183;0;450;0;0;0;633;0;-633
07.09.2021 20:00:00;07.09.2021 21:00:00;0;0;191.3;0;450;0;0;0;641.3;0;-641.3
07.09.2021 21:00:00;07.09.2021 22:00:00;0;0;203.1;0;450;0;0;0;653.1;0;-653.1
07.09.2021 22:00:00;07.09.2021 23:00:00;0;0;254.9;0;450;0;0;0;704.9;0;-704.9
07.09.2021 23:00:00;08.09.2021 00:00:00;0;0;262.7;0;342;0;0;0;604.7;0;-604.7
08.09.2021 00:00:00;08.09.2021 01:00:00;0;0;234.8;0;33.8;0;0;0;268.6;0;-268.6
08.09.2021 01:00:00;08.09.2021 02:00:00;0;0;267.1;0;24.6;0;0;0;291.7;0;-291.7
08.09.2021 02:00:00;08.09.2021 03:00:00;0;0;284.6;0;24.4;0;0;0;309;0;-309
08.09.2021 03:00:00;08.09.2021 04:00:00;0;0;166.1;0;232.5;0;0;0;398.6;0;-398.6
08.09.2021 04:00:00;08.09.2021 05:00:00;0;0;226.1;0;450;0;0;0;676.1;0;-676.1
08.09.2021 05:00:00;08.09.2021 06:00:00;0;0;399.7;0;450;0;0;0;849.7;0;-849.7
08.09.2021 06:00:00;08.09.2021 07:00:00;0;0;399.9;0;450;0;0;0;849.9;0;-849.9
08.09.2021 07:00:00;08.09.2021 08:00:00;0;0;460.4;0;450;0;0;0;910.4;0;-910.4
08.09.2021 08:00:00;08.09.2021 09:00:00;0;0;489.7;0;450;0;0;0;939.7;0;-939.7
08.09.2021 09:00:00;08.09.2021 10:00:00;0;0;649.9;0;450;0;0;0;1099.9;0;-1099.9
08.09.2021 10:00:00;08.09.2021 11:00:00;0;0;700;0;450;0;0;0;1150;0;-1150
08.09.2021 11:00:00;08.09.2021 12:00:00;0;0;700;0;450;0;0;0;1150;0;-1150
08.09.2021 12:00:00;08.09.2021 13:00:00;0;0;700;0;450;0;0;0;1150;0;-1150
08.09.2021 13:00:00;08.09.2021 14:00:00;0;0;700;0;450;0;0;0;1150;0;-1150
08.09.2021 14:00:00;08.09.2021 15:00:00;0;0;700;0;450;0;0;0;1150;0;-1150
08.09.2021 15:00:00;08.09.2021 16:00:00;0;0;700;0;450;0;0;0;1150;0;-1150
08.09.2021 16:00:00;08.09.2021 17:00:00;0;0;700;0;450;0;0;0;1150;0;-1150
08.09.2021 17:00:00;08.09.2021 18:00:00;0;0;700;0;450;0;150;0;1300;0;-1300
08.09.2021 18:00:00;08.09.2021 19:00:00;0;0;700;0;450;0;150;0;1300;0;-1300
08.09.2021 19:00:00;08.09.2021 20:00:00;0;0;700;0;450;0;150;0;1300;0;-1300
08.09.2021 20:00:00;08.09.2021 21:00:00;0;0;700;0;450;0;150;0;1300;0;-1300
08.09.2021 21:00:00;08.09.2021 22:00:00;0;0;700;0;450;0;150;0;1300;0;-1300
08.09.2021 22:00:00;08.09.2021 23:00:00;0;0;700;0;450;0;150;0;1300;0;-1300
08.09.2021 23:00:00;09.09.2021 00:00:00;0;0;700;0;450;0;150;0;1300;0;-1300
09.09.2021 00:00:00;09.09.2021 01:00:00;0;0;670.1;0;450;0;150;0;1270.1;0;-1270.1
09.09.2021 01:00:00;09.09.2021 02:00:00;0;0;682.9;0;450;0;150;0;1282.9;0;-1282.9
09.09.2021 02:00:00;09.09.2021 03:00:00;0;0;673;0;450;0;150;0;1273;0;-1273
09.09.2021 03:00:00;09.09.2021 04:00:00;0;0;662.5;0;450;0;150;0;1262.5;0;-1262.5
09.09.2021 04:00:00;09.09.2021 05:00:00;0;0;652.5;0;450;0;150;0;1252.5;0;-1252.5
09.09.2021 05:00:00;09.09.2021 06:00:00;0;0;657.5;0;450;0;150;0;1257.5;0;-1257.5
09.09.2021 06:00:00;09.09.2021 07:00:00;0;0;675.7;0;450;0;150;0;1275.7;0;-1275.7
09.09.2021 07:00:00;09.09.2021 08:00:00;0;0;675.3;0;450;0;150;0;1275.3;0;-1275.3
09.09.2021 08:00:00;09.09.2021 09:00:00;0;0;500;0;294.6;0;150;0;944.6;0;-944.6
09.09.2021 09:00:00;09.09.2021 10:00:00;0;0;497.1;0;311.3;0;150;0;958.4;0;-958.4
09.09.2021 10:00:00;09.09.2021 11:00:00;0;0;535.9;0;343.2;0;150;0;1029.1;0;-1029.1
09.09.2021 11:00:00;09.09.2021 12:00:00;0;0;527.9;0;326.5;0;150;0;1004.4;0;-1004.4
09.09.2021 12:00:00;09.09.2021 13:00:00;0;0;532.1;0;321.9;0;150;0;1004;0;-1004
09.09.2021 13:00:00;09.09.2021 14:00:00;0;0;548.8;0;328.4;0;150;0;1027.2;0;-1027.2
09.09.2021 14:00:00;09.09.2021 15:00:00;0;0;553.3;0;338;0;150;0;1041.3;0;-1041.3
09.09.2021 15:00:00;09.09.2021 16:00:00;0;0;542.3;0;322.7;0;150;0;1015;0;-1015
09.09.2021 16:00:00;09.09.2021 17:00:00;0;0;544.7;0;291.9;0;150;0;986.6;0;-986.6
09.09.2021 17:00:00;09.09.2021 18:00:00;0;0;532.9;0;301.9;0;150;0;984.8;0;-984.8
09.09.2021 18:00:00;09.09.2021 19:00:00;0;0;532.3;0;293.5;0;150;0;975.8;0;-975.8
09.09.2021 19:00:00;09.09.2021 20:00:00;0;0;527.9;0;278.2;0;150;0;956.1;0;-956.1
09.09.2021 20:00:00;09.09.2021 21:00:00;0;0;531.1;0;259.6;0;150;0;940.7;0;-940.7
09.09.2021 21:00:00;09.09.2021 22:00:00;0;0;526.9;0;264.6;0;150;0;941.5;0;-941.5
09.09.2021 22:00:00;09.09.2021 23:00:00;0;0;501.4;0;294.6;0;150;0;946;0;-946
09.09.2021 23:00:00;10.09.2021 00:00:00;0;0;451.5;0;365.1;0;150;0;966.6;0;-966.6
10.09.2021 00:00:00;10.09.2021 01:00:00;0;0;203.6;0;450;0;178;0;831.6;0;-831.6
10.09.2021 01:00:00;10.09.2021 02:00:00;0;0;212.7;0;435.4;0;178;0;826.1;0;-826.1
10.09.2021 02:00:00;10.09.2021 03:00:00;0;0;172.2;0;450;0;178;0;800.2;0;-800.2
10.09.2021 03:00:00;10.09.2021 04:00:00;0;0;175.9;0;450;0;178;0;803.9;0;-803.9
10.09.2021 04:00:00;10.09.2021 05:00:00;0;0;170.4;0;450;0;178;0;798.4;0;-798.4
10.09.2021 05:00:00;10.09.2021 06:00:00;0;0;204.9;0;450;0;178;0;832.9;0;-832.9
10.09.2021 06:00:00;10.09.2021 07:00:00;0;0;184.1;0;450;0;178;0;812.1;0;-812.1
10.09.2021 07:00:00;10.09.2021 08:00:00;0;0;304.1;0;276.9;0;178;0;759;0;-759
10.09.2021 08:00:00;10.09.2021 09:00:00;0;0;406.1;0;216;0;178;0;800.1;0;-800.1
10.09.2021 09:00:00;10.09.2021 10:00:00;0;0;432.8;0;207.3;0;178;0;818.1;0;-818.1
10.09.2021 10:00:00;10.09.2021 11:00:00;0;0;459.2;0;241.4;0;178;0;878.6;0;-878.6
10.09.2021 11:00:00;10.09.2021 12:00:00;0;0;467.4;0;253.5;0;178;0;898.9;0;-898.9
10.09.2021 12:00:00;10.09.2021 13:00:00;0;0;472.4;0;272.3;0;178;0;922.7;0;-922.7
10.09.2021 13:00:00;10.09.2021 14:00:00;0;0;475.3;0;273.3;0;178;0;926.6;0;-926.6
10.09.2021 14:00:00;10.09.2021 15:00:00;0;0;482.5;0;272.2;0;178;0;932.7;0;-932.7
10.09.2021 15:00:00;10.09.2021 16:00:00;0;0;451.1;0;287.4;0;178;0;916.5;0;-916.5
10.09.2021 16:00:00;10.09.2021 17:00:00;0;0;444.6;0;290.4;0;178;0;913;0;-913
10.09.2021 17:00:00;10.09.2021 18:00:00;0;0;465.7;0;267.8;0;178;0;911.5;0;-911.5
10.09.2021 18:00:00;10.09.2021 19:00:00;0;0;556.9;0;397.7;0;178;0;1132.6;0;-1132.6
10.09.2021 19:00:00;10.09.2021 20:00:00;0;0;551.6;0;374;0;178;0;1103.6;0;-1103.6
10.09.2021 20:00:00;10.09.2021 21:00:00;0;0;512.5;0;396.1;0;178;0;1086.6;0;-1086.6
10.09.2021 21:00:00;10.09.2021 22:00:00;0;0;448.1;0;450;0;178;0;1076.1;0;-1076.1
10.09.2021 22:00:00;10.09.2021 23:00:00;0;0;445.9;0;450;0;178;0;1073.9;0;-1073.9
10.09.2021 23:00:00;11.09.2021 00:00:00;0;0;443.5;0;450;0;178;0;1071.5;0;-1071.5
11.09.2021 00:00:00;11.09.2021 01:00:00;0;0;279.9;0;450;0;178;0;907.9;0;-907.9
11.09.2021 01:00:00;11.09.2021 02:00:00;0;0;265.8;0;450;0;178;0;893.8;0;-893.8
11.09.2021 02:00:00;11.09.2021 03:00:00;0;0;263.9;0;450;0;178;0;891.9;0;-891.9
11.09.2021 03:00:00;11.09.2021 04:00:00;0;0;257.7;0;450;0;178;0;885.7;0;-885.7
11.09.2021 04:00:00;11.09.2021 05:00:00;0;0;258;0;450;0;178;0;886;0;-886
11.09.2021 05:00:00;11.09.2021 06:00:00;0;0;262.2;0;450;0;178;0;890.2;0;-890.2
11.09.2021 06:00:00;11.09.2021 07:00:00;0;0;277;0;450;0;178;0;905;0;-905
11.09.2021 07:00:00;11.09.2021 08:00:00;0;0;294;0;450;0;178;0;922;0;-922
11.09.2021 08:00:00;11.09.2021 09:00:00;0;0;282.7;0;450;0;178;0;910.7;0;-910.7
11.09.2021 09:00:00;11.09.2021 10:00:00;0;0;293.3;0;450;0;178;0;921.3;0;-921.3
11.09.2021 10:00:00;11.09.2021 11:00:00;0;0;334.3;0;450;0;178;0;962.3;0;-962.3
11.09.2021 11:00:00;11.09.2021 12:00:00;0;0;329.4;0;450;0;178;0;957.4;0;-957.4
11.09.2021 12:00:00;11.09.2021 13:00:00;0;0;330.9;0;450;0;178;0;958.9;0;-958.9
11.09.2021 13:00:00;11.09.2021 14:00:00;0;0;321.4;0;450;0;178;0;949.4;0;-949.4
11.09.2021 14:00:00;11.09.2021 15:00:00;0;0;304.2;0;450;0;178;0;932.2;0;-932.2
11.09.2021 15:00:00;11.09.2021 16:00:00;0;0;329;0;450;0;178;0;957;0;-957
11.09.2021 16:00:00;11.09.2021 17:00:00;0;0;334.4;0;450;0;178;0;962.4;0;-962.4
11.09.2021 17:00:00;11.09.2021 18:00:00;0;0;332.2;0;450;0;178;0;960.2;0;-960.2
11.09.2021 18:00:00;11.09.2021 19:00:00;0;0;325.1;0;450;0;178;0;953.1;0;-953.1
11.09.2021 19:00:00;11.09.2021 20:00:00;0;0;317.5;0;450;0;178;0;945.5;0;-945.5
11.09.2021 20:00:00;11.09.2021 21:00:00;0;0;305.2;0;450;0;178;0;933.2;0;-933.2
11.09.2021 21:00:00;11.09.2021 22:00:00;0;0;307.8;0;450;0;178;0;935.8;0;-935.8
11.09.2021 22:00:00;11.09.2021 23:00:00;0;0;313.6;0;450;0;178;0;941.6;0;-941.6
11.09.2021 23:00:00;12.09.2021 00:00:00;0;0;284.8;0;450;0;178;0;912.8;0;-912.8
12.09.2021 00:00:00;12.09.2021 01:00:00;0;0;700;0;450;0;178;0;1328;0;-1328
12.09.2021 01:00:00;12.09.2021 02:00:00;0;0;700;0;450;0;178;0;1328;0;-1328
12.09.2021 02:00:00;12.09.2021 03:00:00;0;0;687.9;0;450;0;178;0;1315.9;0;-1315.9
12.09.2021 03:00:00;12.09.2021 04:00:00;0;0;672;0;450;0;178;0;1300;0;-1300
12.09.2021 04:00:00;12.09.2021 05:00:00;0;0;669.7;0;450;0;178;0;1297.7;0;-1297.7
12.09.2021 05:00:00;12.09.2021 06:00:00;0;0;661.1;0;450;0;178;0;1289.1;0;-1289.1
12.09.2021 06:00:00;12.09.2021 07:00:00;0;0;648.9;0;450;0;178;0;1276.9;0;-1276.9
12.09.2021 07:00:00;12.09.2021 08:00:00;0;0;653.1;0;450;0;178;0;1281.1;0;-1281.1
12.09.2021 08:00:00;12.09.2021 09:00:00;0;0;649.9;0;450;0;178;0;1277.9;0;-1277.9
12.09.2021 09:00:00;12.09.2021 10:00:00;0;0;641.6;0;450;0;178;0;1269.6;0;-1269.6
12.09.2021 10:00:00;12.09.2021 11:00:00;0;0;648.5;0;450;0;178;0;1276.5;0;-1276.5
12.09.2021 11:00:00;12.09.2021 12:00:00;0;0;626.8;0;450;0;178;0;1254.8;0;-1254.8
12.09.2021 12:00:00;12.09.2021 13:00:00;0;0;611;0;450;0;178;0;1239;0;-1239
12.09.2021 13:00:00;12.09.2021 14:00:00;0;0;608.8;0;450;0;178;0;1236.8;0;-1236.8
12.09.2021 14:00:00;12.09.2021 15:00:00;0;0;611.7;0;450;0;178;0;1239.7;0;-1239.7
12.09.2021 15:00:00;12.09.2021 16:00:00;0;0;601.9;0;450;0;178;0;1229.9;0;-1229.9
12.09.2021 16:00:00;12.09.2021 17:00:00;0;0;582.1;0;450;0;178;0;1210.1;0;-1210.1
12.09.2021 17:00:00;12.09.2021 18:00:00;0;0;567.1;0;450;0;178;0;1195.1;0;-1195.1
12.09.2021 18:00:00;12.09.2021 19:00:00;0;0;536.6;0;450;0;178;0;1164.6;0;-1164.6
12.09.2021 19:00:00;12.09.2021 20:00:00;0;0;528.8;0;450;0;178;0;1156.8;0;-1156.8
12.09.2021 20:00:00;12.09.2021 21:00:00;0;0;528;0;450;0;178;0;1156;0;-1156
12.09.2021 21:00:00;12.09.2021 22:00:00;0;0;551.8;0;450;0;178;0;1179.8;0;-1179.8
12.09.2021 22:00:00;12.09.2021 23:00:00;0;0;608.1;0;450;0;178;0;1236.1;0;-1236.1
12.09.2021 23:00:00;13.09.2021 00:00:00;0;0;644.4;0;450;0;178;0;1272.4;0;-1272.4
13.09.2021 00:00:00;13.09.2021 01:00:00;0;0;557.8;0;450;0;178;0;1185.8;0;-1185.8
13.09.2021 01:00:00;13.09.2021 02:00:00;0;0;566.9;0;450;0;178;0;1194.9;0;-1194.9
13.09.2021 02:00:00;13.09.2021 03:00:00;0;0;580.8;0;450;0;178;0;1208.8;0;-1208.8
13.09.2021 03:00:00;13.09.2021 04:00:00;0;0;464.7;0;450;0;178;0;1092.7;0;-1092.7
13.09.2021 04:00:00;13.09.2021 05:00:00;0;0;486.4;0;410;0;178;0;1074.4;0;-1074.4
13.09.2021 05:00:00;13.09.2021 06:00:00;0;0;641.5;0;450;0;178;0;1269.5;0;-1269.5
13.09.2021 06:00:00;13.09.2021 07:00:00;0;0;685.7;0;450;0;178;0;1313.7;0;-1313.7
13.09.2021 07:00:00;13.09.2021 08:00:00;0;0;599.1;0;399.6;0;178;0;1176.7;0;-1176.7
13.09.2021 08:00:00;13.09.2021 09:00:00;0;0;580.4;0;364.8;0;178;0;1123.2;0;-1123.2
13.09.2021 09:00:00;13.09.2021 10:00:00;0;0;553.9;0;373.1;0;178;0;1105;0;-1105
13.09.2021 10:00:00;13.09.2021 11:00:00;0;0;578.6;0;344.8;0;178;0;1101.4;0;-1101.4
13.09.2021 11:00:00;13.09.2021 12:00:00;0;0;587.4;0;353;0;178;0;1118.4;0;-1118.4
13.09.2021 12:00:00;13.09.2021 13:00:00;0;0;607.8;0;341.5;0;178;0;1127.3;0;-1127.3
13.09.2021 13:00:00;13.09.2021 14:00:00;0;0;620.7;0;343.2;0;178;0;1141.9;0;-1141.9
13.09.2021 14:00:00;13.09.2021 15:00:00;0;0;634.2;0;342.3;0;178;0;1154.5;0;-1154.5
13.09.2021 15:00:00;13.09.2021 16:00:00;0;0;653.6;0;324.4;0;178;0;1156;0;-1156
13.09.2021 16:00:00;13.09.2021 17:00:00;0;0;674.3;0;306.4;0;178;0;1158.7;0;-1158.7
13.09.2021 17:00:00;13.09.2021 18:00:00;0;0;692.3;0;294.1;0;178;0;1164.4;0;-1164.4
13.09.2021 18:00:00;13.09.2021 19:00:00;0;0;700;0;317.9;0;178;0;1195.9;0;-1195.9
13.09.2021 19:00:00;13.09.2021 20:00:00;0;0;700;0;309.4;0;178;0;1187.4;0;-1187.4
13.09.2021 20:00:00;13.09.2021 21:00:00;0;0;700;0;313.8;0;178;0;1191.8;0;-1191.8
13.09.2021 21:00:00;13.09.2021 22:00:00;0;0;700;0;330.4;0;178;0;1208.4;0;-1208.4
13.09.2021 22:00:00;13.09.2021 23:00:00;0;0;700;0;350.5;0;178;0;1228.5;0;-1228.5
13.09.2021 23:00:00;14.09.2021 00:00:00;0;0;700;0;347;0;178;0;1225;0;-1225
14.09.2021 00:00:00;14.09.2021 01:00:00;0;0;700;0;238.4;0;178;0;1116.4;0;-1116.4
14.09.2021 01:00:00;14.09.2021 02:00:00;0;0;700;0;259.4;0;178;0;1137.4;0;-1137.4
14.09.2021 02:00:00;14.09.2021 03:00:00;0;0;700;0;277;0;178;0;1155;0;-1155
14.09.2021 03:00:00;14.09.2021 04:00:00;0;0;700;0;296.2;0;178;0;1174.2;0;-1174.2
14.09.2021 04:00:00;14.09.2021 05:00:00;0;0;700;0;329.4;0;178;0;1207.4;0;-1207.4
14.09.2021 05:00:00;14.09.2021 06:00:00;0;0;700;0;352;0;178;0;1230;0;-1230
14.09.2021 06:00:00;14.09.2021 07:00:00;0;0;700;0;371.3;0;178;0;1249.3;0;-1249.3
14.09.2021 07:00:00;14.09.2021 08:00:00;0;0;700;0;263.5;0;178;0;1141.5;0;-1141.5
14.09.2021 08:00:00;14.09.2021 09:00:00;0;0;698.8;0;246.4;0;178;0;1123.2;0;-1123.2
14.09.2021 09:00:00;14.09.2021 10:00:00;0;0;682.7;0;270.4;0;178;0;1131.1;0;-1131.1
14.09.2021 10:00:00;14.09.2021 11:00:00;0;0;670.3;0;281.4;0;178;0;1129.7;0;-1129.7
14.09.2021 11:00:00;14.09.2021 12:00:00;0;0;672.6;0;288.6;0;178;0;1139.2;0;-1139.2
14.09.2021 12:00:00;14.09.2021 13:00:00;0;0;663.4;0;299.2;0;178;0;1140.6;0;-1140.6
14.09.2021 13:00:00;14.09.2021 14:00:00;0;0;617;0;320.2;0;178;0;1115.2;0;-1115.2
14.09.2021 14:00:00;14.09.2021 15:00:00;0;0;608.5;0;348.9;0;178;0;1135.4;0;-1135.4
14.09.2021 15:00:00;14.09.2021 16:00:00;0;0;642.6;0;323.1;0;178;0;1143.7;0;-1143.7
14.09.2021 16:00:00;14.09.2021 17:00:00;0;0;700;0;230;0;178;0;1108;0;-1108
14.09.2021 17:00:00;14.09.2021 18:00:00;0;0;700;0;258.2;0;178;0;1136.2;0;-1136.2
14.09.2021 18:00:00;14.09.2021 19:00:00;0;0;700;0;305.4;0;178;0;1183.4;0;-1183.4
14.09.2021 19:00:00;14.09.2021 20:00:00;0;0;700;0;326.3;0;178;0;1204.3;0;-1204.3
14.09.2021 20:00:00;14.09.2021 21:00:00;0;0;700;0;311.3;0;178;0;1189.3;0;-1189.3
14.09.2021 21:00:00;14.09.2021 22:00:00;0;0;700;0;330.9;0;178;0;1208.9;0;-1208.9
14.09.2021 22:00:00;14.09.2021 23:00:00;0;0;689;0;337.9;0;178;0;1204.9;0;-1204.9
14.09.2021 23:00:00;15.09.2021 00:00:00;0;0;620.8;0;450;0;178;0;1248.8;0;-1248.8
15.09.2021 00:00:00;15.09.2021 01:00:00;0;0;700;0;398.5;0;178;0;1276.5;0;-1276.5
15.09.2021 01:00:00;15.09.2021 02:00:00;0;0;700;0;414.9;0;178;0;1292.9;0;-1292.9
15.09.2021 02:00:00;15.09.2021 03:00:00;0;0;700;0;429.4;0;178;0;1307.4;0;-1307.4
15.09.2021 03:00:00;15.09.2021 04:00:00;0;0;686.4;0;450;0;178;0;1314.4;0;-1314.4
15.09.2021 04:00:00;15.09.2021 05:00:00;0;0;700;0;424.6;0;178;0;1302.6;0;-1302.6
15.09.2021 05:00:00;15.09.2021 06:00:00;0;0;700;0;392.6;0;178;0;1270.6;0;-1270.6
15.09.2021 06:00:00;15.09.2021 07:00:00;0;0;622.7;0;450;0;178;0;1250.7;0;-1250.7
15.09.2021 07:00:00;15.09.2021 08:00:00;0;0;454.2;0;433.6;0;178;0;1065.8;0;-1065.8
15.09.2021 08:00:00;15.09.2021 09:00:00;0;0;426.2;0;429.7;0;178;0;1033.9;0;-1033.9
15.09.2021 09:00:00;15.09.2021 10:00:00;0;0;479.8;0;403;0;178;0;1060.8;0;-1060.8
15.09.2021 10:00:00;15.09.2021 11:00:00;0;0;490.2;0;402.6;0;178;0;1070.8;0;-1070.8
15.09.2021 11:00:00;15.09.2021 12:00:00;0;0;530.8;0;380.1;0;178;0;1088.9;0;-1088.9
15.09.2021 12:00:00;15.09.2021 13:00:00;0;0;525.4;0;397.1;0;178;0;1100.5;0;-1100.5
15.09.2021 13:00:00;15.09.2021 14:00:00;0;0;588.4;0;450;0;178;0;1216.4;0;-1216.4
15.09.2021 14:00:00;15.09.2021 15:00:00;0;0;599.7;0;442.1;0;178;0;1219.8;0;-1219.8
15.09.2021 15:00:00;15.09.2021 16:00:00;0;0;673.7;0;376.7;0;178;0;1228.4;0;-1228.4
15.09.2021 16:00:00;15.09.2021 17:00:00;0;0;700;0;369.9;0;178;0;1247.9;0;-1247.9
15.09.2021 17:00:00;15.09.2021 18:00:00;0;0;700;0;353.9;0;178;0;1231.9;0;-1231.9
15.09.2021 18:00:00;15.09.2021 19:00:00;0;0;700;0;275;0;178;0;1153;0;-1153
15.09.2021 19:00:00;15.09.2021 20:00:00;0;0;700;0;261.5;0;178;0;1139.5;0;-1139.5
15.09.2021 20:00:00;15.09.2021 21:00:00;0;0;700;0;253;0;178;0;1131;0;-1131
15.09.2021 21:00:00;15.09.2021 22:00:00;0;0;700;0;242.3;0;178;0;1120.3;0;-1120.3
15.09.2021 22:00:00;15.09.2021 23:00:00;0;0;692.9;0;249;0;178;0;1119.9;0;-1119.9
15.09.2021 23:00:00;16.09.2021 00:00:00;0;0;700;0;319.1;0;178;0;1197.1;0;-1197.1
16.09.2021 00:00:00;16.09.2021 01:00:00;0;0;700;0;400;0;178;0;1278;0;-1278
16.09.2021 01:00:00;16.09.2021 02:00:00;0;0;700;0;400;0;178;0;1278;0;-1278
16.09.2021 02:00:00;16.09.2021 03:00:00;0;0;700;0;400;0;178;0;1278;0;-1278
16.09.2021 03:00:00;16.09.2021 04:00:00;0;0;700;0;400;0;178;0;1278;0;-1278
16.09.2021 04:00:00;16.09.2021 05:00:00;0;0;700;0;400;0;178;0;1278;0;-1278
16.09.2021 05:00:00;16.09.2021 06:00:00;0;0;700;0;400;0;178;0;1278;0;-1278
16.09.2021 06:00:00;16.09.2021 07:00:00;0;0;700;0;400;0;178;0;1278;0;-1278
16.09.2021 07:00:00;16.09.2021 08:00:00;0;0;700;0;384.2;0;178;0;1262.2;0;-1262.2
16.09.2021 08:00:00;16.09.2021 09:00:00;0;0;700;0;356.8;0;178;0;1234.8;0;-1234.8
16.09.2021 09:00:00;16.09.2021 10:00:00;0;0;700;0;400;0;178;0;1278;0;-1278
16.09.2021 10:00:00;16.09.2021 11:00:00;0;0;700;0;400;0;178;0;1278;0;-1278
16.09.2021 11:00:00;16.09.2021 12:00:00;0;0;700;0;400;0;178;0;1278;0;-1278
16.09.2021 12:00:00;16.09.2021 13:00:00;0;0;700;0;400;0;178;0;1278;0;-1278
16.09.2021 13:00:00;16.09.2021 14:00:00;0;0;700;0;400;0;178;0;1278;0;-1278
16.09.2021 14:00:00;16.09.2021 15:00:00;0;0;700;0;400;0;178;0;1278;0;-1278
16.09.2021 15:00:00;16.09.2021 16:00:00;0;0;700;0;400;0;178;0;1278;0;-1278
16.09.2021 16:00:00;16.09.2021 17:00:00;0;0;700;0;400;0;178;0;1278;0;-1278
16.09.2021 17:00:00;16.09.2021 18:00:00;0;0;700;0;400;0;178;0;1278;0;-1278
16.09.2021 18:00:00;16.09.2021 19:00:00;0;0;700;0;400;0;178;0;1278;0;-1278
16.09.2021 19:00:00;16.09.2021 20:00:00;0;0;700;0;400;0;178;0;1278;0;-1278
16.09.2021 20:00:00;16.09.2021 21:00:00;0;0;700;0;400;0;178;0;1278;0;-1278
16.09.2021 21:00:00;16.09.2021 22:00:00;0;0;700;0;400;0;178;0;1278;0;-1278
16.09.2021 22:00:00;16.09.2021 23:00:00;0;0;700;0;400;0;178;0;1278;0;-1278
16.09.2021 23:00:00;17.09.2021 00:00:00;0;0;700;0;400;0;178;0;1278;0;-1278
17.09.2021 00:00:00;17.09.2021 01:00:00;0;0;700;0;400;0;178;0;1278;0;-1278
17.09.2021 01:00:00;17.09.2021 02:00:00;0;0;700;0;400;0;178;0;1278;0;-1278
17.09.2021 02:00:00;17.09.2021 03:00:00;0;0;700;0;400;0;178;0;1278;0;-1278
17.09.2021 03:00:00;17.09.2021 04:00:00;0;0;700;0;400;0;178;0;1278;0;-1278
17.09.2021 04:00:00;17.09.2021 05:00:00;0;0;700;0;400;0;178;0;1278;0;-1278
17.09.2021 05:00:00;17.09.2021 06:00:00;0;0;700;0;400;0;178;0;1278;0;-1278
17.09.2021 06:00:00;17.09.2021 07:00:00;0;0;700;0;400;0;178;0;1278;0;-1278
17.09.2021 07:00:00;17.09.2021 08:00:00;0;0;700;0;400;0;178;0;1278;0;-1278
17.09.2021 08:00:00;17.09.2021 09:00:00;0;0;700;0;400;0;178;0;1278;0;-1278
17.09.2021 09:00:00;17.09.2021 10:00:00;0;0;700;0;400;0;178;0;1278;0;-1278
17.09.2021 10:00:00;17.09.2021 11:00:00;0;0;700;0;400;0;178;0;1278;0;-1278
17.09.2021 11:00:00;17.09.2021 12:00:00;0;0;700;0;400;0;178;0;1278;0;-1278
17.09.2021 12:00:00;17.09.2021 13:00:00;0;0;700;0;400;0;178;0;1278;0;-1278
17.09.2021 13:00:00;17.09.2021 14:00:00;0;0;700;0;400;0;178;0;1278;0;-1278
17.09.2021 14:00:00;17.09.2021 15:00:00;0;0;700;0;400;0;178;0;1278;0;-1278
17.09.2021 15:00:00;17.09.2021 16:00:00;0;0;700;0;400;0;178;0;1278;0;-1278
17.09.2021 16:00:00;17.09.2021 17:00:00;0;0;700;0;400;0;178;0;1278;0;-1278
17.09.2021 17:00:00;17.09.2021 18:00:00;0;0;700;0;400;0;178;0;1278;0;-1278
17.09.2021 18:00:00;17.09.2021 19:00:00;0;0;700;0;400;0;178;0;1278;0;-1278
17.09.2021 19:00:00;17.09.2021 20:00:00;0;0;700;0;400;0;178;0;1278;0;-1278
17.09.2021 20:00:00;17.09.2021 21:00:00;0;0;700;0;400;0;178;0;1278;0;-1278
17.09.2021 21:00:00;17.09.2021 22:00:00;0;0;700;0;400;0;178;0;1278;0;-1278
17.09.2021 22:00:00;17.09.2021 23:00:00;0;0;700;0;400;0;178;0;1278;0;-1278
17.09.2021 23:00:00;18.09.2021 00:00:00;0;0;688.3;0;400;0;178;0;1266.3;0;-1266.3
18.09.2021 00:00:00;18.09.2021 01:00:00;0;0;700;0;400;0;178;0;1278;0;-1278
18.09.2021 01:00:00;18.09.2021 02:00:00;0;0;700;0;400;0;178;0;1278;0;-1278
18.09.2021 02:00:00;18.09.2021 03:00:00;0;0;700;0;400;0;178;0;1278;0;-1278
18.09.2021 03:00:00;18.09.2021 04:00:00;0;0;700;0;400;0;178;0;1278;0;-1278
18.09.2021 04:00:00;18.09.2021 05:00:00;0;0;700;0;400;0;178;0;1278;0;-1278
18.09.2021 05:00:00;18.09.2021 06:00:00;0;0;700;0;400;0;178;0;1278;0;-1278
18.09.2021 06:00:00;18.09.2021 07:00:00;0;0;700;0;400;0;178;0;1278;0;-1278
18.09.2021 07:00:00;18.09.2021 08:00:00;0;0;700;0;400;0;178;0;1278;0;-1278
18.09.2021 08:00:00;18.09.2021 09:00:00;0;0;700;0;400;0;178;0;1278;0;-1278
18.09.2021 09:00:00;18.09.2021 10:00:00;0;0;700;0;400;0;178;0;1278;0;-1278
18.09.2021 10:00:00;18.09.2021 11:00:00;0;0;700;0;400;0;178;0;1278;0;-1278
18.09.2021 11:00:00;18.09.2021 12:00:00;0;0;700;0;400;0;178;0;1278;0;-1278
18.09.2021 12:00:00;18.09.2021 13:00:00;0;0;700;0;400;0;178;0;1278;0;-1278
18.09.2021 13:00:00;18.09.2021 14:00:00;0;0;700;0;400;0;178;0;1278;0;-1278
18.09.2021 14:00:00;18.09.2021 15:00:00;0;0;700;0;400;0;178;0;1278;0;-1278
18.09.2021 15:00:00;18.09.2021 16:00:00;0;0;700;0;400;0;178;0;1278;0;-1278
18.09.2021 16:00:00;18.09.2021 17:00:00;0;0;700;0;400;0;178;0;1278;0;-1278
18.09.2021 17:00:00;18.09.2021 18:00:00;0;0;700;0;400;0;178;0;1278;0;-1278
18.09.2021 18:00:00;18.09.2021 19:00:00;0;0;700;0;400;0;178;0;1278;0;-1278
18.09.2021 19:00:00;18.09.2021 20:00:00;0;0;700;0;400;0;178;0;1278;0;-1278
18.09.2021 20:00:00;18.09.2021 21:00:00;0;0;700;0;400;0;178;0;1278;0;-1278
18.09.2021 21:00:00;18.09.2021 22:00:00;0;0;700;0;400;0;178;0;1278;0;-1278
18.09.2021 22:00:00;18.09.2021 23:00:00;0;0;700;0;400;0;178;0;1278;0;-1278
18.09.2021 23:00:00;19.09.2021 00:00:00;0;0;700;0;400;0;178;0;1278;0;-1278
19.09.2021 00:00:00;19.09.2021 01:00:00;0;0;700;0;400;0;178;0;1278;0;-1278
19.09.2021 01:00:00;19.09.2021 02:00:00;0;0;700;0;400;0;178;0;1278;0;-1278
19.09.2021 02:00:00;19.09.2021 03:00:00;0;0;700;0;400;0;178;0;1278;0;-1278
19.09.2021 03:00:00;19.09.2021 04:00:00;0;0;700;0;400;0;178;0;1278;0;-1278
19.09.2021 04:00:00;19.09.2021 05:00:00;0;0;700;0;400;0;178;0;1278;0;-1278
19.09.2021 05:00:00;19.09.2021 06:00:00;0;0;700;0;400;0;178;0;1278;0;-1278
19.09.2021 06:00:00;19.09.2021 07:00:00;0;0;700;0;400;0;178;0;1278;0;-1278
19.09.2021 07:00:00;19.09.2021 08:00:00;0;0;700;0;400;0;178;0;1278;0;-1278
19.09.2021 08:00:00;19.09.2021 09:00:00;0;0;700;0;400;0;178;0;1278;0;-1278
19.09.2021 09:00:00;19.09.2021 10:00:00;0;0;700;0;400;0;178;0;1278;0;-1278
19.09.2021 10:00:00;19.09.2021 11:00:00;0;0;700;0;400;0;178;0;1278;0;-1278
19.09.2021 11:00:00;19.09.2021 12:00:00;0;0;700;0;400;0;178;0;1278;0;-1278
19.09.2021 12:00:00;19.09.2021 13:00:00;0;0;700;0;400;0;178;0;1278;0;-1278
19.09.2021 13:00:00;19.09.2021 14:00:00;0;0;700;0;400;0;178;0;1278;0;-1278
19.09.2021 14:00:00;19.09.2021 15:00:00;0;0;700;0;400;0;178;0;1278;0;-1278
19.09.2021 15:00:00;19.09.2021 16:00:00;0;0;700;0;400;0;178;0;1278;0;-1278
19.09.2021 16:00:00;19.09.2021 17:00:00;0;0;700;0;400;0;178;0;1278;0;-1278
19.09.2021 17:00:00;19.09.2021 18:00:00;0;0;700;0;400;0;178;0;1278;0;-1278
19.09.2021 18:00:00;19.09.2021 19:00:00;0;0;700;0;400;0;178;0;1278;0;-1278
19.09.2021 19:00:00;19.09.2021 20:00:00;0;0;700;0;400;0;178;0;1278;0;-1278
19.09.2021 20:00:00;19.09.2021 21:00:00;0;0;700;0;400;0;178;0;1278;0;-1278
19.09.2021 21:00:00;19.09.2021 22:00:00;0;0;700;0;400;0;178;0;1278;0;-1278
19.09.2021 22:00:00;19.09.2021 23:00:00;0;0;700;0;400;0;178;0;1278;0;-1278
19.09.2021 23:00:00;20.09.2021 00:00:00;0;0;700;0;400;0;178;0;1278;0;-1278
20.09.2021 00:00:00;20.09.2021 01:00:00;0;0;700;0;400;0;178;0;1278;0;-1278
20.09.2021 01:00:00;20.09.2021 02:00:00;0;0;700;0;400;0;178;0;1278;0;-1278
20.09.2021 02:00:00;20.09.2021 03:00:00;0;0;700;0;400;0;178;0;1278;0;-1278
20.09.2021 03:00:00;20.09.2021 04:00:00;0;0;700;0;400;0;178;0;1278;0;-1278
20.09.2021 04:00:00;20.09.2021 05:00:00;0;0;700;0;400;0;178;0;1278;0;-1278
20.09.2021 05:00:00;20.09.2021 06:00:00;0;0;700;0;400;0;178;0;1278;0;-1278
20.09.2021 06:00:00;20.09.2021 07:00:00;0;0;700;0;400;0;178;0;1278;0;-1278
20.09.2021 07:00:00;20.09.2021 08:00:00;0;0;700;0;400;0;178;0;1278;0;-1278
20.09.2021 08:00:00;20.09.2021 09:00:00;0;0;700;0;400;0;178;0;1278;0;-1278
20.09.2021 09:00:00;20.09.2021 10:00:00;0;0;700;0;400;0;178;0;1278;0;-1278
20.09.2021 10:00:00;20.09.2021 11:00:00;0;0;700;0;400;0;178;0;1278;0;-1278
20.09.2021 11:00:00;20.09.2021 12:00:00;0;0;700;0;400;0;178;0;1278;0;-1278
20.09.2021 12:00:00;20.09.2021 13:00:00;0;0;700;0;400;0;178;0;1278;0;-1278
20.09.2021 13:00:00;20.09.2021 14:00:00;0;0;700;0;400;0;178;0;1278;0;-1278
20.09.2021 14:00:00;20.09.2021 15:00:00;0;0;700;0;400;0;178;0;1278;0;-1278
20.09.2021 15:00:00;20.09.2021 16:00:00;0;0;700;0;400;0;178;0;1278;0;-1278
20.09.2021 16:00:00;20.09.2021 17:00:00;0;0;700;0;400;0;178;0;1278;0;-1278
20.09.2021 17:00:00;20.09.2021 18:00:00;0;0;700;0;400;0;178;0;1278;0;-1278
20.09.2021 18:00:00;20.09.2021 19:00:00;0;0;700;0;400;0;178;0;1278;0;-1278
20.09.2021 19:00:00;20.09.2021 20:00:00;0;0;700;0;400;0;178;0;1278;0;-1278
20.09.2021 20:00:00;20.09.2021 21:00:00;0;0;700;0;400;0;178;0;1278;0;-1278
20.09.2021 21:00:00;20.09.2021 22:00:00;0;0;700;0;400;0;178;0;1278;0;-1278
20.09.2021 22:00:00;20.09.2021 23:00:00;0;0;700;0;400;0;178;0;1278;0;-1278
20.09.2021 23:00:00;21.09.2021 00:00:00;0;0;700;0;400;0;178;0;1278;0;-1278
21.09.2021 00:00:00;21.09.2021 01:00:00;0;0;700;0;400;0;178;0;1278;0;-1278
21.09.2021 01:00:00;21.09.2021 02:00:00;0;0;700;0;400;0;178;0;1278;0;-1278
21.09.2021 02:00:00;21.09.2021 03:00:00;0;0;700;0;400;0;178;0;1278;0;-1278
21.09.2021 03:00:00;21.09.2021 04:00:00;0;0;700;0;400;0;178;0;1278;0;-1278
21.09.2021 04:00:00;21.09.2021 05:00:00;0;0;700;0;400;0;178;0;1278;0;-1278
21.09.2021 05:00:00;21.09.2021 06:00:00;0;0;700;0;400;0;178;0;1278;0;-1278
21.09.2021 06:00:00;21.09.2021 07:00:00;0;0;700;0;400;0;0;0;1100;0;-1100
21.09.2021 07:00:00;21.09.2021 08:00:00;0;0;700;0;400;0;0;0;1100;0;-1100
21.09.2021 08:00:00;21.09.2021 09:00:00;0;0;700;0;400;0;0;0;1100;0;-1100
21.09.2021 09:00:00;21.09.2021 10:00:00;0;0;700;0;400;0;0;0;1100;0;-1100
21.09.2021 10:00:00;21.09.2021 11:00:00;0;0;700;0;400;0;0;0;1100;0;-1100
21.09.2021 11:00:00;21.09.2021 12:00:00;0;0;700;0;400;0;0;0;1100;0;-1100
21.09.2021 12:00:00;21.09.2021 13:00:00;0;0;700;0;400;0;0;0;1100;0;-1100
21.09.2021 13:00:00;21.09.2021 14:00:00;0;0;700;0;400;0;0;0;1100;0;-1100
21.09.2021 14:00:00;21.09.2021 15:00:00;0;0;700;0;400;0;0;0;1100;0;-1100
21.09.2021 15:00:00;21.09.2021 16:00:00;0;0;700;0;400;0;0;0;1100;0;-1100
21.09.2021 16:00:00;21.09.2021 17:00:00;0;0;700;0;400;0;0;0;1100;0;-1100
21.09.2021 17:00:00;21.09.2021 18:00:00;0;0;700;0;400;0;0;0;1100;0;-1100
21.09.2021 18:00:00;21.09.2021 19:00:00;0;0;700;0;400;0;0;0;1100;0;-1100
21.09.2021 19:00:00;21.09.2021 20:00:00;0;0;700;0;400;0;0;0;1100;0;-1100
21.09.2021 20:00:00;21.09.2021 21:00:00;0;0;700;0;400;0;0;0;1100;0;-1100
21.09.2021 21:00:00;21.09.2021 22:00:00;0;0;700;0;400;0;0;0;1100;0;-1100
21.09.2021 22:00:00;21.09.2021 23:00:00;0;0;700;0;400;0;0;0;1100;0;-1100
21.09.2021 23:00:00;22.09.2021 00:00:00;0;0;700;0;400;0;0;0;1100;0;-1100
22.09.2021 00:00:00;22.09.2021 01:00:00;0;0;700;0;400;0;0;0;1100;0;-1100
22.09.2021 01:00:00;22.09.2021 02:00:00;0;0;700;0;400;0;0;0;1100;0;-1100
22.09.2021 02:00:00;22.09.2021 03:00:00;0;0;700;0;400;0;0;0;1100;0;-1100
22.09.2021 03:00:00;22.09.2021 04:00:00;0;0;700;0;400;0;0;0;1100;0;-1100
22.09.2021 04:00:00;22.09.2021 05:00:00;0;0;700;0;400;0;0;0;1100;0;-1100
22.09.2021 05:00:00;22.09.2021 06:00:00;0;0;700;0;400;0;0;0;1100;0;-1100
22.09.2021 06:00:00;22.09.2021 07:00:00;0;0;700;0;400;0;0;0;1100;0;-1100
22.09.2021 07:00:00;22.09.2021 08:00:00;0;0;700;0;400;0;0;0;1100;0;-1100
22.09.2021 08:00:00;22.09.2021 09:00:00;0;0;700;0;400;0;0;0;1100;0;-1100
22.09.2021 09:00:00;22.09.2021 10:00:00;0;0;700;0;400;0;0;0;1100;0;-1100
22.09.2021 10:00:00;22.09.2021 11:00:00;0;0;700;0;400;0;0;0;1100;0;-1100
22.09.2021 11:00:00;22.09.2021 12:00:00;0;0;700;0;400;0;0;0;1100;0;-1100
22.09.2021 12:00:00;22.09.2021 13:00:00;0;0;700;0;400;0;0;0;1100;0;-1100
22.09.2021 13:00:00;22.09.2021 14:00:00;0;0;700;0;400;0;0;0;1100;0;-1100
22.09.2021 14:00:00;22.09.2021 15:00:00;0;0;700;0;400;0;0;0;1100;0;-1100
22.09.2021 15:00:00;22.09.2021 16:00:00;0;0;700;0;400;0;0;0;1100;0;-1100
22.09.2021 16:00:00;22.09.2021 17:00:00;0;0;700;0;400;0;178;0;1278;0;-1278
22.09.2021 17:00:00;22.09.2021 18:00:00;0;0;700;0;400;0;178;0;1278;0;-1278
22.09.2021 18:00:00;22.09.2021 19:00:00;0;0;700;0;400;0;178;0;1278;0;-1278
22.09.2021 19:00:00;22.09.2021 20:00:00;0;0;700;0;400;0;178;0;1278;0;-1278
22.09.2021 20:00:00;22.09.2021 21:00:00;0;0;700;0;400;0;178;0;1278;0;-1278
22.09.2021 21:00:00;22.09.2021 22:00:00;0;0;700;0;400;0;178;0;1278;0;-1278
22.09.2021 22:00:00;22.09.2021 23:00:00;0;0;700;0;400;0;178;0;1278;0;-1278
22.09.2021 23:00:00;23.09.2021 00:00:00;0;0;700;0;400;0;178;0;1278;0;-1278
23.09.2021 00:00:00;23.09.2021 01:00:00;0;0;700;0;400;0;178;0;1278;0;-1278
23.09.2021 01:00:00;23.09.2021 02:00:00;0;0;700;0;400;0;178;0;1278;0;-1278
23.09.2021 02:00:00;23.09.2021 03:00:00;0;0;700;0;400;0;178;0;1278;0;-1278
23.09.2021 03:00:00;23.09.2021 04:00:00;0;0;700;0;400;0;178;0;1278;0;-1278
23.09.2021 04:00:00;23.09.2021 05:00:00;0;0;700;0;400;0;178;0;1278;0;-1278
23.09.2021 05:00:00;23.09.2021 06:00:00;0;0;700;0;400;0;178;0;1278;0;-1278
23.09.2021 06:00:00;23.09.2021 07:00:00;0;0;700;0;400;0;178;0;1278;0;-1278
23.09.2021 07:00:00;23.09.2021 08:00:00;0;0;700;0;400;0;178;0;1278;0;-1278
23.09.2021 08:00:00;23.09.2021 09:00:00;0;0;700;0;400;0;178;0;1278;0;-1278
23.09.2021 09:00:00;23.09.2021 10:00:00;0;0;700;0;400;0;178;0;1278;0;-1278
23.09.2021 10:00:00;23.09.2021 11:00:00;0;0;700;0;400;0;178;0;1278;0;-1278
23.09.2021 11:00:00;23.09.2021 12:00:00;0;0;700;0;400;0;178;0;1278;0;-1278
23.09.2021 12:00:00;23.09.2021 13:00:00;0;0;700;0;400;0;178;0;1278;0;-1278
23.09.2021 13:00:00;23.09.2021 14:00:00;0;0;700;0;379.9;0;178;0;1257.9;0;-1257.9
23.09.2021 14:00:00;23.09.2021 15:00:00;0;0;700;0;184.4;0;124.6;0;1009;0;-1009
23.09.2021 15:00:00;23.09.2021 16:00:00;0;0;700;0;212.9;0;83.7;0;996.6;0;-996.6
23.09.2021 16:00:00;23.09.2021 17:00:00;0;0;601.5;0;386.1;0;178;0;1165.6;0;-1165.6
23.09.2021 17:00:00;23.09.2021 18:00:00;0;0;700;0;400;0;178;0;1278;0;-1278
23.09.2021 18:00:00;23.09.2021 19:00:00;0;0;683.8;0;400;0;178;0;1261.8;0;-1261.8
23.09.2021 19:00:00;23.09.2021 20:00:00;0;0;680.6;0;400;0;178;0;1258.6;0;-1258.6
23.09.2021 20:00:00;23.09.2021 21:00:00;0;0;700;0;400;0;178;0;1278;0;-1278
23.09.2021 21:00:00;23.09.2021 22:00:00;0;0;700;0;400;0;178;0;1278;0;-1278
23.09.2021 22:00:00;23.09.2021 23:00:00;0;0;677.7;0;400;0;178;0;1255.7;0;-1255.7
23.09.2021 23:00:00;24.09.2021 00:00:00;0;0;700;0;354.2;0;0;0;1054.2;0;-1054.2
24.09.2021 00:00:00;24.09.2021 01:00:00;0;0;677.2;0;0;0;0;0;677.2;0;-677.2
24.09.2021 01:00:00;24.09.2021 02:00:00;0;0;700;0;9.8;0;0;0;709.8;0;-709.8
24.09.2021 02:00:00;24.09.2021 03:00:00;0;0;700;0;125.3;0;0;0;825.3;0;-825.3
24.09.2021 03:00:00;24.09.2021 04:00:00;0;0;700;0;343.4;0;0;0;1043.4;0;-1043.4
24.09.2021 04:00:00;24.09.2021 05:00:00;0;0;690.7;0;400;0;178;0;1268.7;0;-1268.7
24.09.2021 05:00:00;24.09.2021 06:00:00;0;0;700;0;400;0;178;0;1278;0;-1278
24.09.2021 06:00:00;24.09.2021 07:00:00;0;0;700;0;400;0;178;0;1278;0;-1278
24.09.2021 07:00:00;24.09.2021 08:00:00;0;0;700;0;400;0;178;0;1278;0;-1278
24.09.2021 08:00:00;24.09.2021 09:00:00;0;0;700;0;394.7;0;178;0;1272.7;0;-1272.7
24.09.2021 09:00:00;24.09.2021 10:00:00;0;0;700;0;398.5;0;178;0;1276.5;0;-1276.5
24.09.2021 10:00:00;24.09.2021 11:00:00;0;0;675.6;0;400;0;178;0;1253.6;0;-1253.6
24.09.2021 11:00:00;24.09.2021 12:00:00;0;0;666;0;400;0;178;0;1244;0;-1244
24.09.2021 12:00:00;24.09.2021 13:00:00;0;0;612.1;0;400;0;178;0;1190.1;0;-1190.1
24.09.2021 13:00:00;24.09.2021 14:00:00;0;0;578.4;0;400;0;178;0;1156.4;0;-1156.4
24.09.2021 14:00:00;24.09.2021 15:00:00;0;0;550.7;0;400;0;178;0;1128.7;0;-1128.7
24.09.2021 15:00:00;24.09.2021 16:00:00;0;0;551.6;0;400;0;178;0;1129.6;0;-1129.6
24.09.2021 16:00:00;24.09.2021 17:00:00;0;0;551.3;0;500;0;100;0;1151.3;0;-1151.3
24.09.2021 17:00:00;24.09.2021 18:00:00;0;0;579.2;0;500;0;100;0;1179.2;0;-1179.2
24.09.2021 18:00:00;24.09.2021 19:00:00;0;0;560.6;0;500;0;100;0;1160.6;0;-1160.6
24.09.2021 19:00:00;24.09.2021 20:00:00;0;0;553;0;500;0;100;0;1153;0;-1153
24.09.2021 20:00:00;24.09.2021 21:00:00;0;0;511.6;0;500;0;100;0;1111.6;0;-1111.6
24.09.2021 21:00:00;24.09.2021 22:00:00;0;0;511.5;0;500;0;100;0;1111.5;0;-1111.5
24.09.2021 22:00:00;24.09.2021 23:00:00;0;0;495.8;0;500;0;100;0;1095.8;0;-1095.8
24.09.2021 23:00:00;25.09.2021 00:00:00;0;0;512.3;0;500;0;100;0;1112.3;0;-1112.3
25.09.2021 00:00:00;25.09.2021 01:00:00;0;0;429.3;0;500;0;178;0;1107.3;0;-1107.3
25.09.2021 01:00:00;25.09.2021 02:00:00;0;0;429.1;0;500;0;178;0;1107.1;0;-1107.1
25.09.2021 02:00:00;25.09.2021 03:00:00;0;0;425.1;0;500;0;178;0;1103.1;0;-1103.1
25.09.2021 03:00:00;25.09.2021 04:00:00;0;0;417.7;0;500;0;178;0;1095.7;0;-1095.7
25.09.2021 04:00:00;25.09.2021 05:00:00;0;0;394.8;0;500;0;178;0;1072.8;0;-1072.8
25.09.2021 05:00:00;25.09.2021 06:00:00;0;0;371.7;0;500;0;178;0;1049.7;0;-1049.7
25.09.2021 06:00:00;25.09.2021 07:00:00;0;0;379.3;0;500;0;178;0;1057.3;0;-1057.3
25.09.2021 07:00:00;25.09.2021 08:00:00;0;0;365.5;0;500;0;178;0;1043.5;0;-1043.5
25.09.2021 08:00:00;25.09.2021 09:00:00;0;0;363.3;0;500;0;178;0;1041.3;0;-1041.3
25.09.2021 09:00:00;25.09.2021 10:00:00;0;0;395.1;0;500;0;178;0;1073.1;0;-1073.1
25.09.2021 10:00:00;25.09.2021 11:00:00;0;0;376.3;0;500;0;178;0;1054.3;0;-1054.3
25.09.2021 11:00:00;25.09.2021 12:00:00;0;0;393.1;0;500;0;178;0;1071.1;0;-1071.1
25.09.2021 12:00:00;25.09.2021 13:00:00;0;0;410;0;500;0;178;0;1088;0;-1088
25.09.2021 13:00:00;25.09.2021 14:00:00;0;0;415.1;0;500;0;178;0;1093.1;0;-1093.1
25.09.2021 14:00:00;25.09.2021 15:00:00;0;0;418.9;0;500;0;178;0;1096.9;0;-1096.9
25.09.2021 15:00:00;25.09.2021 16:00:00;0;0;433.8;0;500;0;178;0;1111.8;0;-1111.8
25.09.2021 16:00:00;25.09.2021 17:00:00;0;0;470.2;0;500;0;178;0;1148.2;0;-1148.2
25.09.2021 17:00:00;25.09.2021 18:00:00;0;0;505;0;500;0;178;0;1183;0;-1183
25.09.2021 18:00:00;25.09.2021 19:00:00;0;0;533.8;0;500;0;178;0;1211.8;0;-1211.8
25.09.2021 19:00:00;25.09.2021 20:00:00;0;0;558.1;0;469.9;0;178;0;1206;0;-1206
25.09.2021 20:00:00;25.09.2021 21:00:00;0;0;604.2;0;436.3;0;178;0;1218.5;0;-1218.5
25.09.2021 21:00:00;25.09.2021 22:00:00;0;0;580.7;0;479.5;0;178;0;1238.2;0;-1238.2
25.09.2021 22:00:00;25.09.2021 23:00:00;0;0;562.1;0;500;0;178;0;1240.1;0;-1240.1
25.09.2021 23:00:00;26.09.2021 00:00:00;0;0;570.1;0;500;0;178;0;1248.1;0;-1248.1
26.09.2021 00:00:00;26.09.2021 01:00:00;0;0;430;0;650;0;178;0;1258;0;-1258
26.09.2021 01:00:00;26.09.2021 02:00:00;0;0;420.8;0;650;0;178;0;1248.8;0;-1248.8
26.09.2021 02:00:00;26.09.2021 03:00:00;0;0;420.8;0;650;0;178;0;1248.8;0;-1248.8
26.09.2021 03:00:00;26.09.2021 04:00:00;0;0;456.2;0;650;0;178;0;1284.2;0;-1284.2
26.09.2021 04:00:00;26.09.2021 05:00:00;0;0;500.1;0;650;0;178;0;1328.1;0;-1328.1
26.09.2021 05:00:00;26.09.2021 06:00:00;0;0;535.6;0;650;0;178;0;1363.6;0;-1363.6
26.09.2021 06:00:00;26.09.2021 07:00:00;0;0;548.1;0;650;0;178;0;1376.1;0;-1376.1
26.09.2021 07:00:00;26.09.2021 08:00:00;0;0;534.1;0;650;0;178;0;1362.1;0;-1362.1
26.09.2021 08:00:00;26.09.2021 09:00:00;0;0;537.6;0;650;0;178;0;1365.6;0;-1365.6
26.09.2021 09:00:00;26.09.2021 10:00:00;0;0;543.2;0;650;0;178;0;1371.2;0;-1371.2
26.09.2021 10:00:00;26.09.2021 11:00:00;0;0;553.6;0;650;0;178;0;1381.6;0;-1381.6
26.09.2021 11:00:00;26.09.2021 12:00:00;0;0;573.1;0;650;0;178;0;1401.1;0;-1401.1
26.09.2021 12:00:00;26.09.2021 13:00:00;0;0;593.2;0;650;0;178;0;1421.2;0;-1421.2
26.09.2021 13:00:00;26.09.2021 14:00:00;0;0;624.3;0;650;0;178;0;1452.3;0;-1452.3
26.09.2021 14:00:00;26.09.2021 15:00:00;0;0;621.9;0;650;0;178;0;1449.9;0;-1449.9
26.09.2021 15:00:00;26.09.2021 16:00:00;0;0;661;0;650;0;178;0;1489;0;-1489
26.09.2021 16:00:00;26.09.2021 17:00:00;0;0;669.9;0;650;0;178;0;1497.9;0;-1497.9
26.09.2021 17:00:00;26.09.2021 18:00:00;0;0;664.1;0;650;0;178;0;1492.1;0;-1492.1
26.09.2021 18:00:00;26.09.2021 19:00:00;0;0;654.8;0;611.5;0;178;0;1444.3;0;-1444.3
26.09.2021 19:00:00;26.09.2021 20:00:00;0;0;667;0;571.1;0;178;0;1416.1;0;-1416.1
26.09.2021 20:00:00;26.09.2021 21:00:00;0;0;611.7;0;631.4;0;178;0;1421.1;0;-1421.1
26.09.2021 21:00:00;26.09.2021 22:00:00;0;0;582.4;0;650;0;178;0;1410.4;0;-1410.4
26.09.2021 22:00:00;26.09.2021 23:00:00;0;0;586.7;0;650;0;178;0;1414.7;0;-1414.7
26.09.2021 23:00:00;27.09.2021 00:00:00;0;0;585.6;0;650;0;178;0;1413.6;0;-1413.6
27.09.2021 00:00:00;27.09.2021 01:00:00;0;0;496.2;0;635.3;0;178;0;1309.5;0;-1309.5
27.09.2021 01:00:00;27.09.2021 02:00:00;0;0;498.2;0;623;0;178;0;1299.2;0;-1299.2
27.09.2021 02:00:00;27.09.2021 03:00:00;0;0;487.3;0;633.7;0;178;0;1299;0;-1299
27.09.2021 03:00:00;27.09.2021 04:00:00;0;0;486;0;650;0;178;0;1314;0;-1314
27.09.2021 04:00:00;27.09.2021 05:00:00;0;0;520;0;650;0;178;0;1348;0;-1348
27.09.2021 05:00:00;27.09.2021 06:00:00;0;0;511.9;0;650;0;178;0;1339.9;0;-1339.9
27.09.2021 06:00:00;27.09.2021 07:00:00;0;0;459.7;0;650;0;178;0;1287.7;0;-1287.7
27.09.2021 07:00:00;27.09.2021 08:00:00;0;0;434.1;0;650;0;178;0;1262.1;0;-1262.1
27.09.2021 08:00:00;27.09.2021 09:00:00;0;0;451.9;0;650;0;178;0;1279.9;0;-1279.9
27.09.2021 09:00:00;27.09.2021 10:00:00;0;0;449;0;650;0;178;0;1277;0;-1277
27.09.2021 10:00:00;27.09.2021 11:00:00;0;0;405.4;0;650;0;178;0;1233.4;0;-1233.4
27.09.2021 11:00:00;27.09.2021 12:00:00;0;0;406.5;0;650;0;178;0;1234.5;0;-1234.5
27.09.2021 12:00:00;27.09.2021 13:00:00;0;0;348;0;647;0;178;0;1173;0;-1173
27.09.2021 13:00:00;27.09.2021 14:00:00;0;0;317.9;0;647;0;178;0;1142.9;0;-1142.9
27.09.2021 14:00:00;27.09.2021 15:00:00;0;0;327.7;0;625;0;178;0;1130.7;0;-1130.7
27.09.2021 15:00:00;27.09.2021 16:00:00;0;0;312.3;0;625;0;178;0;1115.3;0;-1115.3
27.09.2021 16:00:00;27.09.2021 17:00:00;0;0;326;0;625;0;178;0;1129;0;-1129
27.09.2021 17:00:00;27.09.2021 18:00:00;0;0;343.9;0;625;0;178;0;1146.9;0;-1146.9
27.09.2021 18:00:00;27.09.2021 19:00:00;0;0;370.6;0;625;0;178;0;1173.6;0;-1173.6
27.09.2021 19:00:00;27.09.2021 20:00:00;0;0;379.5;0;647;0;178;0;1204.5;0;-1204.5
27.09.2021 20:00:00;27.09.2021 21:00:00;0;0;369.5;0;647;0;178;0;1194.5;0;-1194.5
27.09.2021 21:00:00;27.09.2021 22:00:00;0;0;401.5;0;647;0;178;0;1226.5;0;-1226.5
27.09.2021 22:00:00;27.09.2021 23:00:00;0;0;412.1;0;650;0;178;0;1240.1;0;-1240.1
27.09.2021 23:00:00;28.09.2021 00:00:00;0;0;432.3;0;650;0;178;0;1260.3;0;-1260.3
28.09.2021 00:00:00;28.09.2021 01:00:00;0;0;651.2;0;650;0;178;0;1479.2;0;-1479.2
28.09.2021 01:00:00;28.09.2021 02:00:00;0;0;638.8;0;650;0;178;0;1466.8;0;-1466.8
28.09.2021 02:00:00;28.09.2021 03:00:00;0;0;613.7;0;650;0;178;0;1441.7;0;-1441.7
28.09.2021 03:00:00;28.09.2021 04:00:00;0;0;679.3;0;650;0;178;0;1507.3;0;-1507.3
28.09.2021 04:00:00;28.09.2021 05:00:00;0;0;706.9;0;650;0;178;0;1534.9;0;-1534.9
28.09.2021 05:00:00;28.09.2021 06:00:00;0;0;688.2;0;650;0;178;0;1516.2;0;-1516.2
28.09.2021 06:00:00;28.09.2021 07:00:00;0;0;685;0;650;0;178;0;1513;0;-1513
28.09.2021 07:00:00;28.09.2021 08:00:00;0;0;699.2;0;650;0;178;0;1527.2;0;-1527.2
28.09.2021 08:00:00;28.09.2021 09:00:00;0;0;699.5;0;650;0;178;0;1527.5;0;-1527.5
28.09.2021 09:00:00;28.09.2021 10:00:00;0;0;673;0;650;0;178;0;1501;0;-1501
28.09.2021 10:00:00;28.09.2021 11:00:00;0;0;684.7;0;650;0;178;0;1512.7;0;-1512.7
28.09.2021 11:00:00;28.09.2021 12:00:00;0;0;688.9;0;647;0;178;0;1513.9;0;-1513.9
28.09.2021 12:00:00;28.09.2021 13:00:00;0;0;637.7;0;647;0;178;0;1462.7;0;-1462.7
28.09.2021 13:00:00;28.09.2021 14:00:00;0;0;613.8;0;647;0;178;0;1438.8;0;-1438.8
28.09.2021 14:00:00;28.09.2021 15:00:00;0;0;612.6;0;625;0;178;0;1415.6;0;-1415.6
28.09.2021 15:00:00;28.09.2021 16:00:00;0;0;590.4;0;625;0;178;0;1393.4;0;-1393.4
28.09.2021 16:00:00;28.09.2021 17:00:00;0;0;544.8;0;647;0;178;0;1369.8;0;-1369.8
28.09.2021 17:00:00;28.09.2021 18:00:00;0;0;516.2;0;650;0;178;0;1344.2;0;-1344.2
28.09.2021 18:00:00;28.09.2021 19:00:00;0;0;500.2;0;650;0;178;0;1328.2;0;-1328.2
28.09.2021 19:00:00;28.09.2021 20:00:00;0;0;485;0;650;0;178;0;1313;0;-1313
28.09.2021 20:00:00;28.09.2021 21:00:00;0;0;459.6;0;650;0;178;0;1287.6;0;-1287.6
28.09.2021 21:00:00;28.09.2021 22:00:00;0;0;470.9;0;650;0;178;0;1298.9;0;-1298.9
28.09.2021 22:00:00;28.09.2021 23:00:00;0;0;462.3;0;650;0;178;0;1290.3;0;-1290.3
28.09.2021 23:00:00;29.09.2021 00:00:00;0;0;474.7;0;650;0;178;0;1302.7;0;-1302.7
29.09.2021 00:00:00;29.09.2021 01:00:00;0;0;417;0;650;0;178;0;1245;0;-1245
29.09.2021 01:00:00;29.09.2021 02:00:00;0;0;423.7;0;650;0;178;0;1251.7;0;-1251.7
29.09.2021 02:00:00;29.09.2021 03:00:00;0;0;415.6;0;650;0;178;0;1243.6;0;-1243.6
29.09.2021 03:00:00;29.09.2021 04:00:00;0;0;398.5;0;650;0;178;0;1226.5;0;-1226.5
29.09.2021 04:00:00;29.09.2021 05:00:00;0;0;375.3;0;650;0;178;0;1203.3;0;-1203.3
29.09.2021 05:00:00;29.09.2021 06:00:00;0;0;342;0;650;0;178;0;1170;0;-1170
29.09.2021 06:00:00;29.09.2021 07:00:00;0;0;276.2;0;650;0;178;0;1104.2;0;-1104.2
29.09.2021 07:00:00;29.09.2021 08:00:00;0;0;160.9;0;650;0;178;0;988.9;0;-988.9
29.09.2021 08:00:00;29.09.2021 09:00:00;0;0;158.7;0;650;0;178;0;986.7;0;-986.7
29.09.2021 09:00:00;29.09.2021 10:00:00;0;0;121.2;0;650;0;178;0;949.2;0;-949.2
29.09.2021 10:00:00;29.09.2021 11:00:00;0;0;92.7;0;650;0;178;0;920.7;0;-920.7
29.09.2021 11:00:00;29.09.2021 12:00:00;0;0;105.3;0;650;0;178;0;933.3;0;-933.3
29.09.2021 12:00:00;29.09.2021 13:00:00;0;0;130;0;650;0;178;0;958;0;-958
29.09.2021 13:00:00;29.09.2021 14:00:00;0;0;170.1;0;650;0;178;0;998.1;0;-998.1
29.09.2021 14:00:00;29.09.2021 15:00:00;0;0;162.2;0;650;0;178;0;990.2;0;-990.2
29.09.2021 15:00:00;29.09.2021 16:00:00;0;0;164.1;0;650;0;178;0;992.1;0;-992.1
29.09.2021 16:00:00;29.09.2021 17:00:00;0;0;174.3;0;650;0;178;0;1002.3;0;-1002.3
29.09.2021 17:00:00;29.09.2021 18:00:00;0;0;177.6;0;650;0;178;0;1005.6;0;-1005.6
29.09.2021 18:00:00;29.09.2021 19:00:00;0;0;244.5;0;650;0;178;0;1072.5;0;-1072.5
29.09.2021 19:00:00;29.09.2021 20:00:00;0;0;270.4;0;650;0;178;0;1098.4;0;-1098.4
29.09.2021 20:00:00;29.09.2021 21:00:00;0;0;270.5;0;650;0;178;0;1098.5;0;-1098.5
29.09.2021 21:00:00;29.09.2021 22:00:00;0;0;296;0;650;0;178;0;1124;0;-1124
29.09.2021 22:00:00;29.09.2021 23:00:00;0;0;304.2;0;650;0;178;0;1132.2;0;-1132.2
29.09.2021 23:00:00;30.09.2021 00:00:00;0;0;332.2;0;650;0;178;0;1160.2;0;-1160.2
30.09.2021 00:00:00;30.09.2021 01:00:00;0;0;305.3;0;650;0;178;0;1133.3;0;-1133.3
30.09.2021 01:00:00;30.09.2021 02:00:00;0;0;319;0;650;0;178;0;1147;0;-1147
30.09.2021 02:00:00;30.09.2021 03:00:00;0;0;331.7;0;650;0;178;0;1159.7;0;-1159.7
30.09.2021 03:00:00;30.09.2021 04:00:00;0;0;335;0;650;0;178;0;1163;0;-1163
30.09.2021 04:00:00;30.09.2021 05:00:00;0;0;330.7;0;650;0;178;0;1158.7;0;-1158.7
30.09.2021 05:00:00;30.09.2021 06:00:00;0;0;353.1;0;650;0;178;0;1181.1;0;-1181.1
30.09.2021 06:00:00;30.09.2021 07:00:00;0;0;293.6;0;650;0;178;0;1121.6;0;-1121.6
30.09.2021 07:00:00;30.09.2021 08:00:00;0;0;227.2;0;650;0;178;0;1055.2;0;-1055.2
30.09.2021 08:00:00;30.09.2021 09:00:00;0;0;198;0;650;0;178;0;1026;0;-1026
30.09.2021 09:00:00;30.09.2021 10:00:00;0;0;221.7;0;650;0;178;0;1049.7;0;-1049.7
30.09.2021 10:00:00;30.09.2021 11:00:00;0;0;206.9;0;650;0;178;0;1034.9;0;-1034.9
30.09.2021 11:00:00;30.09.2021 12:00:00;0;0;223.1;0;650;0;178;0;1051.1;0;-1051.1
30.09.2021 12:00:00;30.09.2021 13:00:00;0;0;229.5;0;650;0;178;0;1057.5;0;-1057.5
30.09.2021 13:00:00;30.09.2021 14:00:00;0;0;232;0;650;0;178;0;1060;0;-1060
30.09.2021 14:00:00;30.09.2021 15:00:00;0;0;227.5;0;650;0;178;0;1055.5;0;-1055.5
30.09.2021 15:00:00;30.09.2021 16:00:00;0;0;232.5;0;650;0;178;0;1060.5;0;-1060.5
30.09.2021 16:00:00;30.09.2021 17:00:00;0;0;239.5;0;650;0;178;0;1067.5;0;-1067.5
30.09.2021 17:00:00;30.09.2021 18:00:00;0;0;241.5;0;650;0;178;0;1069.5;0;-1069.5
30.09.2021 18:00:00;30.09.2021 19:00:00;0;0;237.2;0;650;0;178;0;1065.2;0;-1065.2
30.09.2021 19:00:00;30.09.2021 20:00:00;0;0;239.5;0;650;0;178;0;1067.5;0;-1067.5
30.09.2021 20:00:00;30.09.2021 21:00:00;0;0;245.2;0;650;0;178;0;1073.2;0;-1073.2
30.09.2021 21:00:00;30.09.2021 22:00:00;0;0;281.2;0;650;0;178;0;1109.2;0;-1109.2
30.09.2021 22:00:00;30.09.2021 23:00:00;0;0;329;0;650;0;178;0;1157;0;-1157
30.09.2021 23:00:00;01.10.2021 00:00:00;0;0;337.6;0;650;0;178;0;1165.6;0;-1165.6
01.10.2021 00:00:00;01.10.2021 01:00:00;0;0;340.7;0;284.4;0;178;0;803.1;0;-803.1
01.10.2021 01:00:00;01.10.2021 02:00:00;0;0;235.2;0;198.4;0;178;0;611.6;0;-611.6
01.10.2021 02:00:00;01.10.2021 03:00:00;0;0;204.2;0;114.7;0;178;0;496.9;0;-496.9
01.10.2021 03:00:00;01.10.2021 04:00:00;0;0;0;0;598.9;0;61.4;0;660.3;0;-660.3
01.10.2021 04:00:00;01.10.2021 05:00:00;0;0;0;0;581.8;0;157.7;0;739.5;0;-739.5
01.10.2021 05:00:00;01.10.2021 06:00:00;0;0;119.9;0;485.5;0;178;0;783.4;0;-783.4
01.10.2021 06:00:00;01.10.2021 07:00:00;0;0;182;0;650;0;178;0;1010;0;-1010
01.10.2021 07:00:00;01.10.2021 08:00:00;0;0;309.4;0;650;0;178;0;1137.4;0;-1137.4
01.10.2021 08:00:00;01.10.2021 09:00:00;0;0;328.5;0;650;0;178;0;1156.5;0;-1156.5
01.10.2021 09:00:00;01.10.2021 10:00:00;0;0;319.6;0;650;0;178;0;1147.6;0;-1147.6
01.10.2021 10:00:00;01.10.2021 11:00:00;0;0;323.6;0;650;0;178;0;1151.6;0;-1151.6
01.10.2021 11:00:00;01.10.2021 12:00:00;0;0;345.1;0;650;0;178;0;1173.1;0;-1173.1
01.10.2021 12:00:00;01.10.2021 13:00:00;0;0;362.9;0;650;0;178;0;1190.9;0;-1190.9
01.10.2021 13:00:00;01.10.2021 14:00:00;0;0;378.4;0;650;0;178;0;1206.4;0;-1206.4
01.10.2021 14:00:00;01.10.2021 15:00:00;0;0;388.3;0;650;0;178;0;1216.3;0;-1216.3
01.10.2021 15:00:00;01.10.2021 16:00:00;0;0;405.9;0;650;0;178;0;1233.9;0;-1233.9
01.10.2021 16:00:00;01.10.2021 17:00:00;0;0;383.5;0;650;0;178;0;1211.5;0;-1211.5
01.10.2021 17:00:00;01.10.2021 18:00:00;0;0;408.8;0;650;0;178;0;1236.8;0;-1236.8
01.10.2021 18:00:00;01.10.2021 19:00:00;0;0;420.5;0;650;0;178;0;1248.5;0;-1248.5
01.10.2021 19:00:00;01.10.2021 20:00:00;0;0;434.5;0;650;0;178;0;1262.5;0;-1262.5
01.10.2021 20:00:00;01.10.2021 21:00:00;0;0;343.8;0;650;0;178;0;1171.8;0;-1171.8
01.10.2021 21:00:00;01.10.2021 22:00:00;0;0;436.3;0;477;0;178;0;1091.3;0;-1091.3
01.10.2021 22:00:00;01.10.2021 23:00:00;0;0;278.4;0;264.7;0;178;0;721.1;0;-721.1
01.10.2021 23:00:00;02.10.2021 00:00:00;0;0;382.8;0;0;112.1;0;0;382.8;112.1;-270.7
02.10.2021 00:00:00;02.10.2021 01:00:00;0;0;306.2;0;0;349.8;0;0;306.2;349.8;43.6
02.10.2021 01:00:00;02.10.2021 02:00:00;0;0;352.6;0;0;372.2;0;0;352.6;372.2;19.6
02.10.2021 02:00:00;02.10.2021 03:00:00;0;0;410.1;0;0;414.2;0;0;410.1;414.2;4.1
02.10.2021 03:00:00;02.10.2021 04:00:00;0;0;539.8;0;0;302.1;0;0;539.8;302.1;-237.7
02.10.2021 04:00:00;02.10.2021 05:00:00;0;0;712.8;0;0;135.1;0;0;712.8;135.1;-577.7
02.10.2021 05:00:00;02.10.2021 06:00:00;0;0;772.4;0;0;90.2;0;0;772.4;90.2;-682.2
02.10.2021 06:00:00;02.10.2021 07:00:00;0;0;500;0;100;0;100;0;700;0;-700
02.10.2021 07:00:00;02.10.2021 08:00:00;0;0;500;0;100;0;100;0;700;0;-700
02.10.2021 08:00:00;02.10.2021 09:00:00;0;0;500;0;100;0;100;0;700;0;-700
02.10.2021 09:00:00;02.10.2021 10:00:00;0;0;500;0;100;0;100;0;700;0;-700
02.10.2021 10:00:00;02.10.2021 11:00:00;0;0;500;0;100;0;100;0;700;0;-700
02.10.2021 11:00:00;02.10.2021 12:00:00;0;0;500;0;100;0;100;0;700;0;-700
02.10.2021 12:00:00;02.10.2021 13:00:00;0;0;500;0;100;0;100;0;700;0;-700
02.10.2021 13:00:00;02.10.2021 14:00:00;0;0;500;0;100;0;100;0;700;0;-700
02.10.2021 14:00:00;02.10.2021 15:00:00;0;0;500;0;100;0;100;0;700;0;-700
02.10.2021 15:00:00;02.10.2021 16:00:00;0;0;500;0;100;0;100;0;700;0;-700
02.10.2021 16:00:00;02.10.2021 17:00:00;0;0;500;0;100;0;100;0;700;0;-700
02.10.2021 17:00:00;02.10.2021 18:00:00;0;0;500;0;100;0;100;0;700;0;-700
02.10.2021 18:00:00;02.10.2021 19:00:00;0;0;500;0;100;0;100;0;700;0;-700
02.10.2021 19:00:00;02.10.2021 20:00:00;0;0;500;0;100;0;100;0;700;0;-700
02.10.2021 20:00:00;02.10.2021 21:00:00;0;0;500;0;100;0;100;0;700;0;-700
02.10.2021 21:00:00;02.10.2021 22:00:00;0;0;500;0;100;0;100;0;700;0;-700
02.10.2021 22:00:00;02.10.2021 23:00:00;0;0;500;0;100;0;100;0;700;0;-700
02.10.2021 23:00:00;03.10.2021 00:00:00;0;0;148.7;0;0;215.8;0;24.8;148.7;240.6;91.9
03.10.2021 00:00:00;03.10.2021 01:00:00;0;0;439.8;0;0;600;0;250;439.8;850;410.2
03.10.2021 01:00:00;03.10.2021 02:00:00;0;0;384;0;0;600;0;250;384;850;466
03.10.2021 02:00:00;03.10.2021 03:00:00;0;0;332.7;0;0;600;0;250;332.7;850;517.3
03.10.2021 03:00:00;03.10.2021 04:00:00;0;0;302.8;0;0;600;0;250;302.8;850;547.2
03.10.2021 04:00:00;03.10.2021 05:00:00;0;0;299.9;0;0;600;0;250;299.9;850;550.1
03.10.2021 05:00:00;03.10.2021 06:00:00;0;0;299.2;0;0;600;0;250;299.2;850;550.8
03.10.2021 06:00:00;03.10.2021 07:00:00;0;0;294.1;0;0;600;0;250;294.1;850;555.9
03.10.2021 07:00:00;03.10.2021 08:00:00;0;0;276.7;0;0;600;0;250;276.7;850;573.3
03.10.2021 08:00:00;03.10.2021 09:00:00;0;0;98.7;0;0;345.9;0;250;98.7;595.9;497.2
03.10.2021 09:00:00;03.10.2021 10:00:00;0;0;0;0;0;0;0;98.7;0;98.7;98.7
03.10.2021 10:00:00;03.10.2021 11:00:00;0;0;30;0;0;0;0;177;30;177;147
03.10.2021 11:00:00;03.10.2021 12:00:00;0;0;0;0;0;0;0;78.3;0;78.3;78.3
03.10.2021 12:00:00;03.10.2021 13:00:00;0;0;0;0;0;0;0;88.7;0;88.7;88.7
03.10.2021 13:00:00;03.10.2021 14:00:00;0;0;0;0;0;0;0;105.8;0;105.8;105.8
03.10.2021 14:00:00;03.10.2021 15:00:00;0;0;0;0;0;0;0;44.5;0;44.5;44.5
03.10.2021 15:00:00;03.10.2021 16:00:00;0;0;194.6;0;0;14.2;0;0;194.6;14.2;-180.4
03.10.2021 16:00:00;03.10.2021 17:00:00;0;0;339;0;0;267.1;0;0;339;267.1;-71.9
03.10.2021 17:00:00;03.10.2021 18:00:00;0;0;391.4;0;0;148.9;0;0;391.4;148.9;-242.5
03.10.2021 18:00:00;03.10.2021 19:00:00;0;0;425.4;0;0;134.9;0;0;425.4;134.9;-290.5
03.10.2021 19:00:00;03.10.2021 20:00:00;0;0;479.1;0;0;184.1;0;0;479.1;184.1;-295
03.10.2021 20:00:00;03.10.2021 21:00:00;0;0;558.3;0;0;276;0;0;558.3;276;-282.3
03.10.2021 21:00:00;03.10.2021 22:00:00;0;0;561.3;0;0;486.7;0;0;561.3;486.7;-74.6
03.10.2021 22:00:00;03.10.2021 23:00:00;0;0;647.4;0;0;583.8;0;0;647.4;583.8;-63.6
03.10.2021 23:00:00;04.10.2021 00:00:00;0;0;602.2;0;0;600;0;0;602.2;600;-2.2
04.10.2021 00:00:00;04.10.2021 01:00:00;0;0;481.8;0;0;600;0;250;481.8;850;368.2
04.10.2021 01:00:00;04.10.2021 02:00:00;0;0;386.8;0;0;600;0;250;386.8;850;463.2
04.10.2021 02:00:00;04.10.2021 03:00:00;0;0;190.9;0;0;600;0;106.8;190.9;706.8;515.9
04.10.2021 03:00:00;04.10.2021 04:00:00;0;0;240.5;0;0;600;0;0;240.5;600;359.5
04.10.2021 04:00:00;04.10.2021 05:00:00;0;0;409.5;0;0;600;0;0;409.5;600;190.5
04.10.2021 05:00:00;04.10.2021 06:00:00;0;0;274.9;0;0;325.1;0;0;274.9;325.1;50.2
04.10.2021 06:00:00;04.10.2021 07:00:00;0;0;576.6;0;0;343.2;0;0;576.6;343.2;-233.4
04.10.2021 07:00:00;04.10.2021 08:00:00;0;0;680.6;0;0;0;150;0;830.6;0;-830.6
04.10.2021 08:00:00;04.10.2021 09:00:00;0;0;844.9;0;0;0;150;0;994.9;0;-994.9
04.10.2021 09:00:00;04.10.2021 10:00:00;0;0;815.1;0;0;0;5.7;0;820.8;0;-820.8
04.10.2021 10:00:00;04.10.2021 11:00:00;0;0;862.7;0;0;0;18.9;0;881.6;0;-881.6
04.10.2021 11:00:00;04.10.2021 12:00:00;0;0;789.2;0;0;0;87.4;0;876.6;0;-876.6
04.10.2021 12:00:00;04.10.2021 13:00:00;0;0;834.3;0;0;9.2;0;0;834.3;9.2;-825.1
04.10.2021 13:00:00;04.10.2021 14:00:00;0;0;809.5;0;0;0;73.6;0;883.1;0;-883.1
04.10.2021 14:00:00;04.10.2021 15:00:00;0;0;832.9;0;0;0;150;0;982.9;0;-982.9
04.10.2021 15:00:00;04.10.2021 16:00:00;0;0;900;0;67.5;0;150;0;1117.5;0;-1117.5
04.10.2021 16:00:00;04.10.2021 17:00:00;0;0;900;0;155.1;0;150;0;1205.1;0;-1205.1
04.10.2021 17:00:00;04.10.2021 18:00:00;0;0;900;0;194.1;0;150;0;1244.1;0;-1244.1
04.10.2021 18:00:00;04.10.2021 19:00:00;0;0;900;0;206.8;0;150;0;1256.8;0;-1256.8
04.10.2021 19:00:00;04.10.2021 20:00:00;0;0;900;0;193.8;0;150;0;1243.8;0;-1243.8
04.10.2021 20:00:00;04.10.2021 21:00:00;0;0;900;0;156.3;0;150;0;1206.3;0;-1206.3
04.10.2021 21:00:00;04.10.2021 22:00:00;0;0;900;0;0;0;24.4;0;924.4;0;-924.4
04.10.2021 22:00:00;04.10.2021 23:00:00;0;0;900;0;0;195.1;0;0;900;195.1;-704.9
04.10.2021 23:00:00;05.10.2021 00:00:00;0;0;781.1;0;0;600;0;0;781.1;600;-181.1
05.10.2021 00:00:00;05.10.2021 01:00:00;0;0;330.3;0;0;400.2;0;0;330.3;400.2;69.9
05.10.2021 01:00:00;05.10.2021 02:00:00;0;0;346;0;0;397.9;0;0;346;397.9;51.9
05.10.2021 02:00:00;05.10.2021 03:00:00;0;0;333.7;0;0;370.2;0;0;333.7;370.2;36.5
05.10.2021 03:00:00;05.10.2021 04:00:00;0;0;317.1;0;0;198.3;0;0;317.1;198.3;-118.8
05.10.2021 04:00:00;05.10.2021 05:00:00;0;0;527.5;0;0;0;0;0;527.5;0;-527.5
05.10.2021 05:00:00;05.10.2021 06:00:00;0;0;407.1;0;150;0;150;0;707.1;0;-707.1
05.10.2021 06:00:00;05.10.2021 07:00:00;0;0;500;0;100;0;100;0;700;0;-700
05.10.2021 07:00:00;05.10.2021 08:00:00;0;0;500;0;100;0;100;0;700;0;-700
05.10.2021 08:00:00;05.10.2021 09:00:00;0;0;500;0;100;0;100;0;700;0;-700
05.10.2021 09:00:00;05.10.2021 10:00:00;0;0;500;0;100;0;100;0;700;0;-700
05.10.2021 10:00:00;05.10.2021 11:00:00;0;0;500;0;100;0;100;0;700;0;-700
05.10.2021 11:00:00;05.10.2021 12:00:00;0;0;500;0;100;0;100;0;700;0;-700
05.10.2021 12:00:00;05.10.2021 13:00:00;0;0;500;0;100;0;100;0;700;0;-700
05.10.2021 13:00:00;05.10.2021 14:00:00;0;0;500;0;100;0;100;0;700;0;-700
05.10.2021 14:00:00;05.10.2021 15:00:00;0;0;500;0;100;0;100;0;700;0;-700
05.10.2021 15:00:00;05.10.2021 16:00:00;0;0;500;0;100;0;100;0;700;0;-700
05.10.2021 16:00:00;05.10.2021 17:00:00;0;0;500;0;100;0;100;0;700;0;-700
05.10.2021 17:00:00;05.10.2021 18:00:00;0;0;500;0;100;0;100;0;700;0;-700
05.10.2021 18:00:00;05.10.2021 19:00:00;0;0;500;0;100;0;100;0;700;0;-700
05.10.2021 19:00:00;05.10.2021 20:00:00;0;0;500;0;100;0;100;0;700;0;-700
05.10.2021 20:00:00;05.10.2021 21:00:00;0;0;500;0;100;0;100;0;700;0;-700
05.10.2021 21:00:00;05.10.2021 22:00:00;0;0;500;0;100;0;100;0;700;0;-700
05.10.2021 22:00:00;05.10.2021 23:00:00;0;0;500;0;100;0;100;0;700;0;-700
05.10.2021 23:00:00;06.10.2021 00:00:00;0;0;500;0;100;0;100;0;700;0;-700
06.10.2021 00:00:00;06.10.2021 01:00:00;0;0;857.7;0;41.9;0;100;0;999.6;0;-999.6
06.10.2021 01:00:00;06.10.2021 02:00:00;0;0;872.1;0;0;0;71;0;943.1;0;-943.1
06.10.2021 02:00:00;06.10.2021 03:00:00;0;0;824.4;0;25.7;0;100;0;950.1;0;-950.1
06.10.2021 03:00:00;06.10.2021 04:00:00;0;0;752.1;0;132.2;0;100;0;984.3;0;-984.3
06.10.2021 04:00:00;06.10.2021 05:00:00;0;0;547.6;0;416.8;0;82.9;0;1047.3;0;-1047.3
06.10.2021 05:00:00;06.10.2021 06:00:00;0;0;355.8;0;650;0;100;0;1105.8;0;-1105.8
06.10.2021 06:00:00;06.10.2021 07:00:00;0;0;447.6;0;594.8;0;100;0;1142.4;0;-1142.4
06.10.2021 07:00:00;06.10.2021 08:00:00;0;0;621.6;0;492.3;0;100;0;1213.9;0;-1213.9
06.10.2021 08:00:00;06.10.2021 09:00:00;0;0;619.1;0;423.1;0;100;0;1142.2;0;-1142.2
06.10.2021 09:00:00;06.10.2021 10:00:00;0;0;569.2;0;463.7;0;100;0;1132.9;0;-1132.9
06.10.2021 10:00:00;06.10.2021 11:00:00;0;0;552.2;0;531.9;0;100;0;1184.1;0;-1184.1
06.10.2021 11:00:00;06.10.2021 12:00:00;0;0;484.4;0;528.4;0;100;0;1112.8;0;-1112.8
06.10.2021 12:00:00;06.10.2021 13:00:00;0;0;484.5;0;532.4;0;100;0;1116.9;0;-1116.9
06.10.2021 13:00:00;06.10.2021 14:00:00;0;0;522.1;0;489.5;0;100;0;1111.6;0;-1111.6
06.10.2021 14:00:00;06.10.2021 15:00:00;0;0;516.2;0;486.5;0;100;0;1102.7;0;-1102.7
06.10.2021 15:00:00;06.10.2021 16:00:00;0;0;505.2;0;485.5;0;100;0;1090.7;0;-1090.7
06.10.2021 16:00:00;06.10.2021 17:00:00;0;0;500.4;0;486.8;0;100;0;1087.2;0;-1087.2
06.10.2021 17:00:00;06.10.2021 18:00:00;0;0;506.3;0;473.6;0;100;0;1079.9;0;-1079.9
06.10.2021 18:00:00;06.10.2021 19:00:00;0;0;484.9;0;467.4;0;100;0;1052.3;0;-1052.3
06.10.2021 19:00:00;06.10.2021 20:00:00;0;0;493.9;0;442.7;0;100;0;1036.6;0;-1036.6
06.10.2021 20:00:00;06.10.2021 21:00:00;0;0;515.6;0;432.9;0;100;0;1048.5;0;-1048.5
06.10.2021 21:00:00;06.10.2021 22:00:00;0;0;496.4;0;464.7;0;100;0;1061.1;0;-1061.1
06.10.2021 22:00:00;06.10.2021 23:00:00;0;0;499.2;0;437.3;0;100;0;1036.5;0;-1036.5
06.10.2021 23:00:00;07.10.2021 00:00:00;0;0;475;0;359.2;0;100;0;934.2;0;-934.2
07.10.2021 00:00:00;07.10.2021 01:00:00;0;0;423.8;0;338.9;0;100;0;862.7;0;-862.7
07.10.2021 01:00:00;07.10.2021 02:00:00;0;0;399.5;0;280.5;0;100;0;780;0;-780
07.10.2021 02:00:00;07.10.2021 03:00:00;0;0;376.1;0;281.7;0;100;0;757.8;0;-757.8
07.10.2021 03:00:00;07.10.2021 04:00:00;0;0;315.5;0;296.8;0;100;0;712.3;0;-712.3
07.10.2021 04:00:00;07.10.2021 05:00:00;0;0;239.7;0;427;0;100;0;766.7;0;-766.7
07.10.2021 05:00:00;07.10.2021 06:00:00;0;0;90.6;0;650;0;100;0;840.6;0;-840.6
07.10.2021 06:00:00;07.10.2021 07:00:00;0;0;104.2;0;650;0;100;0;854.2;0;-854.2
07.10.2021 07:00:00;07.10.2021 08:00:00;0;0;71.4;0;650;0;100;0;821.4;0;-821.4
07.10.2021 08:00:00;07.10.2021 09:00:00;0;0;157.2;0;543;0;100;0;800.2;0;-800.2
07.10.2021 09:00:00;07.10.2021 10:00:00;0;0;500;0;100;0;100;0;700;0;-700
07.10.2021 10:00:00;07.10.2021 11:00:00;0;0;500;0;100;0;100;0;700;0;-700
07.10.2021 11:00:00;07.10.2021 12:00:00;0;0;500;0;100;0;100;0;700;0;-700
07.10.2021 12:00:00;07.10.2021 13:00:00;0;0;500;0;100;0;100;0;700;0;-700
07.10.2021 13:00:00;07.10.2021 14:00:00;0;0;500;0;100;0;100;0;700;0;-700
07.10.2021 14:00:00;07.10.2021 15:00:00;0;0;500;0;100;0;100;0;700;0;-700
07.10.2021 15:00:00;07.10.2021 16:00:00;0;0;500;0;100;0;100;0;700;0;-700
07.10.2021 16:00:00;07.10.2021 17:00:00;0;0;500;0;100;0;100;0;700;0;-700
07.10.2021 17:00:00;07.10.2021 18:00:00;0;0;500;0;100;0;100;0;700;0;-700
07.10.2021 18:00:00;07.10.2021 19:00:00;0;0;500;0;100;0;100;0;700;0;-700
07.10.2021 19:00:00;07.10.2021 20:00:00;0;0;500;0;100;0;100;0;700;0;-700
07.10.2021 20:00:00;07.10.2021 21:00:00;0;0;500;0;100;0;100;0;700;0;-700
07.10.2021 21:00:00;07.10.2021 22:00:00;0;0;500;0;100;0;100;0;700;0;-700
07.10.2021 22:00:00;07.10.2021 23:00:00;0;0;500;0;100;0;100;0;700;0;-700
07.10.2021 23:00:00;08.10.2021 00:00:00;0;0;500;0;100;0;100;0;700;0;-700
08.10.2021 00:00:00;08.10.2021 01:00:00;0;0;500;0;100;0;100;0;700;0;-700
08.10.2021 01:00:00;08.10.2021 02:00:00;0;0;500;0;100;0;100;0;700;0;-700
08.10.2021 02:00:00;08.10.2021 03:00:00;0;0;500;0;100;0;100;0;700;0;-700
08.10.2021 03:00:00;08.10.2021 04:00:00;0;0;500;0;100;0;100;0;700;0;-700
08.10.2021 04:00:00;08.10.2021 05:00:00;0;0;500;0;100;0;100;0;700;0;-700
08.10.2021 05:00:00;08.10.2021 06:00:00;0;0;500;0;100;0;100;0;700;0;-700
08.10.2021 06:00:00;08.10.2021 07:00:00;0;0;500;0;100;0;100;0;700;0;-700
08.10.2021 07:00:00;08.10.2021 08:00:00;0;0;500;0;100;0;100;0;700;0;-700
08.10.2021 08:00:00;08.10.2021 09:00:00;0;0;500;0;100;0;100;0;700;0;-700
08.10.2021 09:00:00;08.10.2021 10:00:00;0;0;500;0;100;0;100;0;700;0;-700
08.10.2021 10:00:00;08.10.2021 11:00:00;0;0;500;0;100;0;100;0;700;0;-700
08.10.2021 11:00:00;08.10.2021 12:00:00;0;0;500;0;100;0;100;0;700;0;-700
08.10.2021 12:00:00;08.10.2021 13:00:00;0;0;500;0;100;0;100;0;700;0;-700
08.10.2021 13:00:00;08.10.2021 14:00:00;0;0;500;0;100;0;100;0;700;0;-700
08.10.2021 14:00:00;08.10.2021 15:00:00;0;0;500;0;100;0;100;0;700;0;-700
08.10.2021 15:00:00;08.10.2021 16:00:00;0;0;500;0;100;0;100;0;700;0;-700
08.10.2021 16:00:00;08.10.2021 17:00:00;0;0;500;0;100;0;100;0;700;0;-700
08.10.2021 17:00:00;08.10.2021 18:00:00;0;0;500;0;100;0;100;0;700;0;-700
08.10.2021 18:00:00;08.10.2021 19:00:00;0;0;500;0;100;0;100;0;700;0;-700
08.10.2021 19:00:00;08.10.2021 20:00:00;0;0;500;0;100;0;100;0;700;0;-700
08.10.2021 20:00:00;08.10.2021 21:00:00;0;0;500;0;100;0;100;0;700;0;-700
08.10.2021 21:00:00;08.10.2021 22:00:00;0;0;500;0;100;0;100;0;700;0;-700
08.10.2021 22:00:00;08.10.2021 23:00:00;0;0;500;0;100;0;100;0;700;0;-700
08.10.2021 23:00:00;09.10.2021 00:00:00;0;0;500;0;100;0;100;0;700;0;-700
09.10.2021 00:00:00;09.10.2021 01:00:00;0;0;500;0;100;0;100;0;700;0;-700
09.10.2021 01:00:00;09.10.2021 02:00:00;0;0;500;0;100;0;100;0;700;0;-700
09.10.2021 02:00:00;09.10.2021 03:00:00;0;0;500;0;100;0;100;0;700;0;-700
09.10.2021 03:00:00;09.10.2021 04:00:00;0;0;500;0;100;0;100;0;700;0;-700
09.10.2021 04:00:00;09.10.2021 05:00:00;0;0;500;0;100;0;100;0;700;0;-700
09.10.2021 05:00:00;09.10.2021 06:00:00;0;0;500;0;100;0;100;0;700;0;-700
09.10.2021 06:00:00;09.10.2021 07:00:00;0;0;500;0;100;0;100;0;700;0;-700
09.10.2021 07:00:00;09.10.2021 08:00:00;0;0;500;0;100;0;100;0;700;0;-700
09.10.2021 08:00:00;09.10.2021 09:00:00;0;0;500;0;100;0;100;0;700;0;-700
09.10.2021 09:00:00;09.10.2021 10:00:00;0;0;500;0;100;0;100;0;700;0;-700
09.10.2021 10:00:00;09.10.2021 11:00:00;0;0;500;0;100;0;100;0;700;0;-700
09.10.2021 11:00:00;09.10.2021 12:00:00;0;0;500;0;100;0;100;0;700;0;-700
09.10.2021 12:00:00;09.10.2021 13:00:00;0;0;500;0;100;0;100;0;700;0;-700
09.10.2021 13:00:00;09.10.2021 14:00:00;0;0;500;0;100;0;100;0;700;0;-700
09.10.2021 14:00:00;09.10.2021 15:00:00;0;0;500;0;100;0;100;0;700;0;-700
09.10.2021 15:00:00;09.10.2021 16:00:00;0;0;500;0;100;0;100;0;700;0;-700
09.10.2021 16:00:00;09.10.2021 17:00:00;0;0;500;0;100;0;100;0;700;0;-700
09.10.2021 17:00:00;09.10.2021 18:00:00;0;0;500;0;100;0;100;0;700;0;-700
09.10.2021 18:00:00;09.10.2021 19:00:00;0;0;500;0;100;0;100;0;700;0;-700
09.10.2021 19:00:00;09.10.2021 20:00:00;0;0;500;0;100;0;100;0;700;0;-700
09.10.2021 20:00:00;09.10.2021 21:00:00;0;0;500;0;100;0;100;0;700;0;-700
09.10.2021 21:00:00;09.10.2021 22:00:00;0;0;500;0;100;0;100;0;700;0;-700
09.10.2021 22:00:00;09.10.2021 23:00:00;0;0;500;0;100;0;100;0;700;0;-700
09.10.2021 23:00:00;10.10.2021 00:00:00;0;0;500;0;100;0;100;0;700;0;-700
10.10.2021 00:00:00;10.10.2021 01:00:00;0;0;600;0;0;0;11;0;611;0;-611
10.10.2021 01:00:00;10.10.2021 02:00:00;0;0;416.6;0;0;226.4;0;0;416.6;226.4;-190.2
10.10.2021 02:00:00;10.10.2021 03:00:00;0;0;384.8;0;0;337.4;0;0;384.8;337.4;-47.4
10.10.2021 03:00:00;10.10.2021 04:00:00;0;0;339.1;0;0;414.1;0;0;339.1;414.1;75
10.10.2021 04:00:00;10.10.2021 05:00:00;0;0;378.5;0;0;427.2;0;0;378.5;427.2;48.7
10.10.2021 05:00:00;10.10.2021 06:00:00;0;0;449.9;0;0;282.1;0;0;449.9;282.1;-167.8
10.10.2021 06:00:00;10.10.2021 07:00:00;0;0;600;0;0;17.4;0;0;600;17.4;-582.6
10.10.2021 07:00:00;10.10.2021 08:00:00;0;0;600;0;0;0;91.3;0;691.3;0;-691.3
10.10.2021 08:00:00;10.10.2021 09:00:00;0;0;600;0;100;0;100;0;800;0;-800
10.10.2021 09:00:00;10.10.2021 10:00:00;0;0;600;0;100;0;100;0;800;0;-800
10.10.2021 10:00:00;10.10.2021 11:00:00;0;0;600;0;100;0;100;0;800;0;-800
10.10.2021 11:00:00;10.10.2021 12:00:00;0;0;600;0;100;0;100;0;800;0;-800
10.10.2021 12:00:00;10.10.2021 13:00:00;0;0;600;0;100;0;100;0;800;0;-800
10.10.2021 13:00:00;10.10.2021 14:00:00;0;0;600;0;100;0;100;0;800;0;-800
10.10.2021 14:00:00;10.10.2021 15:00:00;0;0;600;0;100;0;100;0;800;0;-800
10.10.2021 15:00:00;10.10.2021 16:00:00;0;0;600;0;100;0;100;0;800;0;-800
10.10.2021 16:00:00;10.10.2021 17:00:00;0;0;600;0;100;0;100;0;800;0;-800
10.10.2021 17:00:00;10.10.2021 18:00:00;0;0;600;0;100;0;100;0;800;0;-800
10.10.2021 18:00:00;10.10.2021 19:00:00;0;0;600;0;100;0;100;0;800;0;-800
10.10.2021 19:00:00;10.10.2021 20:00:00;0;0;600;0;100;0;100;0;800;0;-800
10.10.2021 20:00:00;10.10.2021 21:00:00;0;0;600;0;100;0;100;0;800;0;-800
10.10.2021 21:00:00;10.10.2021 22:00:00;0;0;600;0;100;0;100;0;800;0;-800
10.10.2021 22:00:00;10.10.2021 23:00:00;0;0;600;0;100;0;100;0;800;0;-800
10.10.2021 23:00:00;11.10.2021 00:00:00;0;0;394.3;0;0;0;0;0;394.3;0;-394.3
11.10.2021 00:00:00;11.10.2021 01:00:00;0;0;313.3;0;0;288.5;0;0;313.3;288.5;-24.8
11.10.2021 01:00:00;11.10.2021 02:00:00;0;0;332.3;0;0;337.3;0;0;332.3;337.3;5
11.10.2021 02:00:00;11.10.2021 03:00:00;0;0;362.8;0;0;414.6;0;0;362.8;414.6;51.8
11.10.2021 03:00:00;11.10.2021 04:00:00;0;0;405.3;0;0;402.1;0;0;405.3;402.1;-3.2
11.10.2021 04:00:00;11.10.2021 05:00:00;0;0;475.3;0;0;274.7;0;0;475.3;274.7;-200.6
11.10.2021 05:00:00;11.10.2021 06:00:00;0;0;666;0;100;0;100;0;866;0;-866
11.10.2021 06:00:00;11.10.2021 07:00:00;0;0;700;0;100;0;100;0;900;0;-900
11.10.2021 07:00:00;11.10.2021 08:00:00;0;0;685.8;0;83.7;0;100;0;869.5;0;-869.5
11.10.2021 08:00:00;11.10.2021 09:00:00;0;0;648.2;0;31.9;0;100;0;780.1;0;-780.1
11.10.2021 09:00:00;11.10.2021 10:00:00;0;0;577;0;100;0;100;0;777;0;-777
11.10.2021 10:00:00;11.10.2021 11:00:00;0;0;550;0;100;0;100;0;750;0;-750
11.10.2021 11:00:00;11.10.2021 12:00:00;0;0;546.6;0;100;0;100;0;746.6;0;-746.6
11.10.2021 12:00:00;11.10.2021 13:00:00;0;0;523.8;0;100;0;100;0;723.8;0;-723.8
11.10.2021 13:00:00;11.10.2021 14:00:00;0;0;554.4;0;100;0;100;0;754.4;0;-754.4
11.10.2021 14:00:00;11.10.2021 15:00:00;0;0;590.4;0;100;0;100;0;790.4;0;-790.4
11.10.2021 15:00:00;11.10.2021 16:00:00;0;0;600.5;0;100;0;100;0;800.5;0;-800.5
11.10.2021 16:00:00;11.10.2021 17:00:00;0;0;617.8;0;100;0;100;0;817.8;0;-817.8
11.10.2021 17:00:00;11.10.2021 18:00:00;0;0;647.1;0;100;0;100;0;847.1;0;-847.1
11.10.2021 18:00:00;11.10.2021 19:00:00;0;0;663;0;100;0;100;0;863;0;-863
11.10.2021 19:00:00;11.10.2021 20:00:00;0;0;644.3;0;100;0;100;0;844.3;0;-844.3
11.10.2021 20:00:00;11.10.2021 21:00:00;0;0;656.5;0;100;0;100;0;856.5;0;-856.5
11.10.2021 21:00:00;11.10.2021 22:00:00;0;0;690.7;0;100;0;100;0;890.7;0;-890.7
11.10.2021 22:00:00;11.10.2021 23:00:00;0;0;700;0;100;0;100;0;900;0;-900
11.10.2021 23:00:00;12.10.2021 00:00:00;0;0;700;0;100;0;100;0;900;0;-900
12.10.2021 00:00:00;12.10.2021 01:00:00;0;0;576.9;0;100;0;100;0;776.9;0;-776.9
12.10.2021 01:00:00;12.10.2021 02:00:00;0;0;615.6;0;100;0;100;0;815.6;0;-815.6
12.10.2021 02:00:00;12.10.2021 03:00:00;0;0;638.4;0;100;0;100;0;838.4;0;-838.4
12.10.2021 03:00:00;12.10.2021 04:00:00;0;0;638.8;0;100;0;100;0;838.8;0;-838.8
12.10.2021 04:00:00;12.10.2021 05:00:00;0;0;664.4;0;100;0;100;0;864.4;0;-864.4
12.10.2021 05:00:00;12.10.2021 06:00:00;0;0;651.3;0;100;0;100;0;851.3;0;-851.3
12.10.2021 06:00:00;12.10.2021 07:00:00;0;0;697.6;0;100;0;100;0;897.6;0;-897.6
12.10.2021 07:00:00;12.10.2021 08:00:00;0;0;649.4;0;100;0;100;0;849.4;0;-849.4
12.10.2021 08:00:00;12.10.2021 09:00:00;0;0;677.6;0;100;0;100;0;877.6;0;-877.6
12.10.2021 09:00:00;12.10.2021 10:00:00;0;0;700;0;100;0;100;0;900;0;-900
12.10.2021 10:00:00;12.10.2021 11:00:00;0;0;700;0;100;0;100;0;900;0;-900
12.10.2021 11:00:00;12.10.2021 12:00:00;0;0;700;0;100;0;100;0;900;0;-900
12.10.2021 12:00:00;12.10.2021 13:00:00;0;0;700;0;100;0;100;0;900;0;-900
12.10.2021 13:00:00;12.10.2021 14:00:00;0;0;700;0;100;0;100;0;900;0;-900
12.10.2021 14:00:00;12.10.2021 15:00:00;0;0;700;0;100;0;100;0;900;0;-900
12.10.2021 15:00:00;12.10.2021 16:00:00;0;0;700;0;100;0;100;0;900;0;-900
12.10.2021 16:00:00;12.10.2021 17:00:00;0;0;700;0;100;0;100;0;900;0;-900
12.10.2021 17:00:00;12.10.2021 18:00:00;0;0;700;0;100;0;100;0;900;0;-900
12.10.2021 18:00:00;12.10.2021 19:00:00;0;0;700;0;100;0;100;0;900;0;-900
12.10.2021 19:00:00;12.10.2021 20:00:00;0;0;700;0;100;0;100;0;900;0;-900
12.10.2021 20:00:00;12.10.2021 21:00:00;0;0;700;0;100;0;100;0;900;0;-900
12.10.2021 21:00:00;12.10.2021 22:00:00;0;0;700;0;100;0;100;0;900;0;-900
12.10.2021 22:00:00;12.10.2021 23:00:00;0;0;700;0;100;0;100;0;900;0;-900
12.10.2021 23:00:00;13.10.2021 00:00:00;0;0;700;0;100;0;100;0;900;0;-900
13.10.2021 00:00:00;13.10.2021 01:00:00;0;0;682.7;0;100;0;100;0;882.7;0;-882.7
13.10.2021 01:00:00;13.10.2021 02:00:00;0;0;700;0;100;0;100;0;900;0;-900
13.10.2021 02:00:00;13.10.2021 03:00:00;0;0;700;0;100;0;100;0;900;0;-900
13.10.2021 03:00:00;13.10.2021 04:00:00;0;0;700;0;100;0;100;0;900;0;-900
13.10.2021 04:00:00;13.10.2021 05:00:00;0;0;700;0;100;0;100;0;900;0;-900
13.10.2021 05:00:00;13.10.2021 06:00:00;0;0;700;0;100;0;100;0;900;0;-900
13.10.2021 06:00:00;13.10.2021 07:00:00;0;0;700;0;100;0;100;0;900;0;-900
13.10.2021 07:00:00;13.10.2021 08:00:00;0;0;687.5;0;54.4;0;100;0;841.9;0;-841.9
13.10.2021 08:00:00;13.10.2021 09:00:00;0;0;674.4;0;21.5;0;100;0;795.9;0;-795.9
13.10.2021 09:00:00;13.10.2021 10:00:00;0;0;672.5;0;51.7;0;100;0;824.2;0;-824.2
13.10.2021 10:00:00;13.10.2021 11:00:00;0;0;686.7;0;100;0;100;0;886.7;0;-886.7
13.10.2021 11:00:00;13.10.2021 12:00:00;0;0;699.5;0;100;0;100;0;899.5;0;-899.5
13.10.2021 12:00:00;13.10.2021 13:00:00;0;0;700;0;100;0;100;0;900;0;-900
13.10.2021 13:00:00;13.10.2021 14:00:00;0;0;698.6;0;100;0;100;0;898.6;0;-898.6
13.10.2021 14:00:00;13.10.2021 15:00:00;0;0;690.8;0;100;0;100;0;890.8;0;-890.8
13.10.2021 15:00:00;13.10.2021 16:00:00;0;0;700;0;100;0;100;0;900;0;-900
13.10.2021 16:00:00;13.10.2021 17:00:00;0;0;700;0;100;0;100;0;900;0;-900
13.10.2021 17:00:00;13.10.2021 18:00:00;0;0;700;0;100;0;100;0;900;0;-900
13.10.2021 18:00:00;13.10.2021 19:00:00;0;0;621.2;0;100;0;100;0;821.2;0;-821.2
13.10.2021 19:00:00;13.10.2021 20:00:00;0;0;558.6;0;100;0;100;0;758.6;0;-758.6
13.10.2021 20:00:00;13.10.2021 21:00:00;0;0;547.9;0;100;0;100;0;747.9;0;-747.9
13.10.2021 21:00:00;13.10.2021 22:00:00;0;0;495.5;0;100;0;100;0;695.5;0;-695.5
13.10.2021 22:00:00;13.10.2021 23:00:00;0;0;476;0;100;0;100;0;676;0;-676
13.10.2021 23:00:00;14.10.2021 00:00:00;0;0;496.4;0;100;0;100;0;696.4;0;-696.4
14.10.2021 00:00:00;14.10.2021 01:00:00;0;0;93.4;0;0;0;100;0;193.4;0;-193.4
14.10.2021 01:00:00;14.10.2021 02:00:00;0;0;0;0;0;36.9;0;0;0;36.9;36.9
14.10.2021 02:00:00;14.10.2021 03:00:00;0;0;0;0;0;207.4;0;0;0;207.4;207.4
14.10.2021 03:00:00;14.10.2021 04:00:00;0;0;0;0;0;363.7;0;0;0;363.7;363.7
14.10.2021 04:00:00;14.10.2021 05:00:00;0;0;0;36.3;0;480.9;0;0;0;517.2;517.2
14.10.2021 05:00:00;14.10.2021 06:00:00;0;0;0;3.3;0;538.8;0;0;0;542.1;542.1
14.10.2021 06:00:00;14.10.2021 07:00:00;0;0;0;0;0;406.1;0;0;0;406.1;406.1
14.10.2021 07:00:00;14.10.2021 08:00:00;0;0;38.2;0;0;304.6;0;0;38.2;304.6;266.4
14.10.2021 08:00:00;14.10.2021 09:00:00;0;0;0;0;0;243.7;0;0;0;243.7;243.7
14.10.2021 09:00:00;14.10.2021 10:00:00;0;0;101.5;0;0;349.3;0;0;101.5;349.3;247.8
14.10.2021 10:00:00;14.10.2021 11:00:00;0;0;96.4;0;0;325.2;0;0;96.4;325.2;228.8
14.10.2021 11:00:00;14.10.2021 12:00:00;0;0;232.9;0;0;469.1;0;0;232.9;469.1;236.2
14.10.2021 12:00:00;14.10.2021 13:00:00;0;0;237.3;0;0;415;0;0;237.3;415;177.7
14.10.2021 13:00:00;14.10.2021 14:00:00;0;0;232.9;0;0;400.7;0;0;232.9;400.7;167.8
14.10.2021 14:00:00;14.10.2021 15:00:00;0;0;246.8;0;0;440.9;0;0;246.8;440.9;194.1
14.10.2021 15:00:00;14.10.2021 16:00:00;0;0;277.9;0;0;482;0;0;277.9;482;204.1
14.10.2021 16:00:00;14.10.2021 17:00:00;0;0;592.2;0;0;580.9;0;0;592.2;580.9;-11.3
14.10.2021 17:00:00;14.10.2021 18:00:00;0;0;599.8;0;0;600;0;0;599.8;600;0.2
14.10.2021 18:00:00;14.10.2021 19:00:00;0;0;364.7;0;0;5.4;0;0;364.7;5.4;-359.3
14.10.2021 19:00:00;14.10.2021 20:00:00;0;0;213;0;0;0;100;0;313;0;-313
14.10.2021 20:00:00;14.10.2021 21:00:00;0;0;190.9;0;0;0;100;0;290.9;0;-290.9
14.10.2021 21:00:00;14.10.2021 22:00:00;0;0;46.4;0;0;191.2;0;0;46.4;191.2;144.8
14.10.2021 22:00:00;14.10.2021 23:00:00;0;0;0;0;0;255.4;0;250;0;505.4;505.4
14.10.2021 23:00:00;15.10.2021 00:00:00;0;0;0;0;0;438.4;0;250;0;688.4;688.4
15.10.2021 00:00:00;15.10.2021 01:00:00;0;0;0;47;0;600;0;250;0;897;897
15.10.2021 01:00:00;15.10.2021 02:00:00;0;0;0;36.1;0;600;0;250;0;886.1;886.1
15.10.2021 02:00:00;15.10.2021 03:00:00;0;0;0;9.9;0;600;0;250;0;859.9;859.9
15.10.2021 03:00:00;15.10.2021 04:00:00;0;0;0;25.2;0;526;0;250;0;801.2;801.2
15.10.2021 04:00:00;15.10.2021 05:00:00;0;0;0;106.1;0;428.2;0;250;0;784.3;784.3
15.10.2021 05:00:00;15.10.2021 06:00:00;0;0;0;166.7;0;248.7;0;250;0;665.4;665.4
15.10.2021 06:00:00;15.10.2021 07:00:00;0;0;0;2.2;0;0;0;202.1;0;204.3;204.3
15.10.2021 07:00:00;15.10.2021 08:00:00;0;0;98.5;0;0;42.5;0;0;98.5;42.5;-56
15.10.2021 08:00:00;15.10.2021 09:00:00;0;0;163.7;0;0;186.1;0;0;163.7;186.1;22.4
15.10.2021 09:00:00;15.10.2021 10:00:00;0;0;144.3;0;0;391.6;0;0;144.3;391.6;247.3
15.10.2021 10:00:00;15.10.2021 11:00:00;0;0;120.4;0;0;504.3;0;0;120.4;504.3;383.9
15.10.2021 11:00:00;15.10.2021 12:00:00;0;0;43.9;0;0;600;0;0;43.9;600;556.1
15.10.2021 12:00:00;15.10.2021 13:00:00;0;0;0;0;0;600;0;80.4;0;680.4;680.4
15.10.2021 13:00:00;15.10.2021 14:00:00;0;0;0;0;0;600;0;155;0;755;755
15.10.2021 14:00:00;15.10.2021 15:00:00;0;0;0;0;0;600;0;213;0;813;813
15.10.2021 15:00:00;15.10.2021 16:00:00;0;0;0;0;0;600;0;237.5;0;837.5;837.5
15.10.2021 16:00:00;15.10.2021 17:00:00;0;0;0;19.4;0;600;0;250;0;869.4;869.4
15.10.2021 17:00:00;15.10.2021 18:00:00;0;0;0;39;0;600;0;250;0;889;889
15.10.2021 18:00:00;15.10.2021 19:00:00;0;0;0;18.5;0;600;0;250;0;868.5;868.5
15.10.2021 19:00:00;15.10.2021 20:00:00;0;0;17.6;0;0;600;0;250;17.6;850;832.4
15.10.2021 20:00:00;15.10.2021 21:00:00;0;0;65.8;0;0;600;0;250;65.8;850;784.2
15.10.2021 21:00:00;15.10.2021 22:00:00;0;0;66.2;0;0;600;0;250;66.2;850;783.8
15.10.2021 22:00:00;15.10.2021 23:00:00;0;0;62.3;0;0;600;0;250;62.3;850;787.7
15.10.2021 23:00:00;16.10.2021 00:00:00;0;0;29.4;0;0;600;0;250;29.4;850;820.6
16.10.2021 00:00:00;16.10.2021 01:00:00;0;0;0;10;0;600;0;250;0;860;860
16.10.2021 01:00:00;16.10.2021 02:00:00;0;0;0;32.7;0;600;0;250;0;882.7;882.7
16.10.2021 02:00:00;16.10.2021 03:00:00;0;0;0;25.3;0;600;0;250;0;875.3;875.3
16.10.2021 03:00:00;16.10.2021 04:00:00;0;0;0;11.5;0;600;0;250;0;861.5;861.5
16.10.2021 04:00:00;16.10.2021 05:00:00;0;0;0;6.1;0;600;0;250;0;856.1;856.1
16.10.2021 05:00:00;16.10.2021 06:00:00;0;0;0;0;0;600;0;220;0;820;820
16.10.2021 06:00:00;16.10.2021 07:00:00;0;0;0;0;0;600;0;235.6;0;835.6;835.6
16.10.2021 07:00:00;16.10.2021 08:00:00;0;0;0;0;0;600;0;173.6;0;773.6;773.6
16.10.2021 08:00:00;16.10.2021 09:00:00;0;0;0;0;0;600;0;212.4;0;812.4;812.4
16.10.2021 09:00:00;16.10.2021 10:00:00;0;0;0;0;0;600;0;112.7;0;712.7;712.7
16.10.2021 10:00:00;16.10.2021 11:00:00;0;0;0;0;0;600;0;159.1;0;759.1;759.1
16.10.2021 11:00:00;16.10.2021 12:00:00;0;0;16.3;0;0;600;0;250;16.3;850;833.7
16.10.2021 12:00:00;16.10.2021 13:00:00;0;0;10.6;0;0;600;0;250;10.6;850;839.4
16.10.2021 13:00:00;16.10.2021 14:00:00;0;0;24.1;0;0;600;0;242.6;24.1;842.6;818.5
16.10.2021 14:00:00;16.10.2021 15:00:00;0;0;0;0;0;600;0;206;0;806;806
16.10.2021 15:00:00;16.10.2021 16:00:00;0;0;0;0;0;600;0;192.2;0;792.2;792.2
16.10.2021 16:00:00;16.10.2021 17:00:00;0;0;0;0;0;600;0;140;0;740;740
16.10.2021 17:00:00;16.10.2021 18:00:00;0;0;0;0;0;600;0;2.4;0;602.4;602.4
16.10.2021 18:00:00;16.10.2021 19:00:00;0;0;0;0;0;600;0;41.6;0;641.6;641.6
16.10.2021 19:00:00;16.10.2021 20:00:00;0;0;0;0;0;600;0;48.8;0;648.8;648.8
16.10.2021 20:00:00;16.10.2021 21:00:00;0;0;0;0;0;600;0;136.4;0;736.4;736.4
16.10.2021 21:00:00;16.10.2021 22:00:00;0;0;0;0;0;600;0;197.1;0;797.1;797.1
16.10.2021 22:00:00;16.10.2021 23:00:00;0;0;0;0;0;600;0;115.2;0;715.2;715.2
16.10.2021 23:00:00;17.10.2021 00:00:00;0;0;0;0;0;600;0;146.1;0;746.1;746.1
17.10.2021 00:00:00;17.10.2021 01:00:00;0;0;0;200;0;100;0;250;0;550;550
17.10.2021 01:00:00;17.10.2021 02:00:00;0;0;0;200;0;100;0;250;0;550;550
17.10.2021 02:00:00;17.10.2021 03:00:00;0;0;0;200;0;100;0;250;0;550;550
17.10.2021 03:00:00;17.10.2021 04:00:00;0;0;0;200;0;100;0;250;0;550;550
17.10.2021 04:00:00;17.10.2021 05:00:00;0;0;0;200;0;100;0;250;0;550;550
17.10.2021 05:00:00;17.10.2021 06:00:00;0;0;0;200;0;100;0;250;0;550;550
17.10.2021 06:00:00;17.10.2021 07:00:00;0;0;0;190;0;100;0;250;0;540;540
17.10.2021 07:00:00;17.10.2021 08:00:00;0;0;0;155.9;0;100;0;250;0;505.9;505.9
17.10.2021 08:00:00;17.10.2021 09:00:00;0;0;0;161;0;100;0;250;0;511;511
17.10.2021 09:00:00;17.10.2021 10:00:00;0;0;0;111.2;0;100;0;250;0;461.2;461.2
17.10.2021 10:00:00;17.10.2021 11:00:00;0;0;0;112;0;100;0;250;0;462;462
17.10.2021 11:00:00;17.10.2021 12:00:00;0;0;0;86.7;0;100;0;250;0;436.7;436.7
17.10.2021 12:00:00;17.10.2021 13:00:00;0;0;0;57.3;0;100;0;250;0;407.3;407.3
17.10.2021 13:00:00;17.10.2021 14:00:00;0;0;0;62;0;100;0;250;0;412;412
17.10.2021 14:00:00;17.10.2021 15:00:00;0;0;0;58.1;0;100;0;250;0;408.1;408.1
17.10.2021 15:00:00;17.10.2021 16:00:00;0;0;0;40.5;0;100;0;250;0;390.5;390.5
17.10.2021 16:00:00;17.10.2021 17:00:00;0;0;0;23.5;0;100;0;250;0;373.5;373.5
17.10.2021 17:00:00;17.10.2021 18:00:00;0;0;0;12;0;100;0;250;0;362;362
17.10.2021 18:00:00;17.10.2021 19:00:00;0;0;23;0;0;100;0;250;23;350;327
17.10.2021 19:00:00;17.10.2021 20:00:00;0;0;22.9;0;0;100;0;250;22.9;350;327.1
17.10.2021 20:00:00;17.10.2021 21:00:00;0;0;26.2;0;0;100;0;250;26.2;350;323.8
17.10.2021 21:00:00;17.10.2021 22:00:00;0;0;5.6;0;0;100;0;250;5.6;350;344.4
17.10.2021 22:00:00;17.10.2021 23:00:00;0;0;0;9.3;0;100;0;250;0;359.3;359.3
17.10.2021 23:00:00;18.10.2021 00:00:00;0;0;0;60.7;0;100;0;250;0;410.7;410.7
18.10.2021 00:00:00;18.10.2021 01:00:00;0;0;168.9;0;0;500;0;0;168.9;500;331.1
18.10.2021 01:00:00;18.10.2021 02:00:00;0;0;113.7;0;0;500;0;0;113.7;500;386.3
18.10.2021 02:00:00;18.10.2021 03:00:00;0;0;100.3;0;0;500;0;0;100.3;500;399.7
18.10.2021 03:00:00;18.10.2021 04:00:00;0;0;232.8;0;0;500;0;0;232.8;500;267.2
18.10.2021 04:00:00;18.10.2021 05:00:00;0;0;390.6;0;0;500;0;0;390.6;500;109.4
18.10.2021 05:00:00;18.10.2021 06:00:00;0;0;379.5;0;0;500;0;0;379.5;500;120.5
18.10.2021 06:00:00;18.10.2021 07:00:00;0;0;429.7;0;0;500;0;0;429.7;500;70.3
18.10.2021 07:00:00;18.10.2021 08:00:00;0;0;727.8;0;0;500;0;0;727.8;500;-227.8
18.10.2021 08:00:00;18.10.2021 09:00:00;0;0;800;0;0;311.5;0;0;800;311.5;-488.5
18.10.2021 09:00:00;18.10.2021 10:00:00;0;0;800;0;0;255.9;0;0;800;255.9;-544.1
18.10.2021 10:00:00;18.10.2021 11:00:00;0;0;800;0;0;194.2;0;0;800;194.2;-605.8
18.10.2021 11:00:00;18.10.2021 12:00:00;0;0;800;0;0;173.5;0;0;800;173.5;-626.5
18.10.2021 12:00:00;18.10.2021 13:00:00;0;0;800;0;0;189.4;0;0;800;189.4;-610.6
18.10.2021 13:00:00;18.10.2021 14:00:00;0;0;800;0;0;185.3;0;0;800;185.3;-614.7
18.10.2021 14:00:00;18.10.2021 15:00:00;0;0;800;0;0;185.4;0;0;800;185.4;-614.6
18.10.2021 15:00:00;18.10.2021 16:00:00;0;0;800;0;0;115.1;0;0;800;115.1;-684.9
18.10.2021 16:00:00;18.10.2021 17:00:00;0;0;800;0;0;80.7;0;0;800;80.7;-719.3
18.10.2021 17:00:00;18.10.2021 18:00:00;0;0;800;0;0;101.6;0;0;800;101.6;-698.4
18.10.2021 18:00:00;18.10.2021 19:00:00;0;0;800;0;0;138.7;0;0;800;138.7;-661.3
18.10.2021 19:00:00;18.10.2021 20:00:00;0;0;800;0;0;194.6;0;0;800;194.6;-605.4
18.10.2021 20:00:00;18.10.2021 21:00:00;0;0;800;0;0;179.1;0;0;800;179.1;-620.9
18.10.2021 21:00:00;18.10.2021 22:00:00;0;0;752.3;0;0;134.3;0;0;752.3;134.3;-618
18.10.2021 22:00:00;18.10.2021 23:00:00;0;0;627.9;0;0;5.4;0;0;627.9;5.4;-622.5
18.10.2021 23:00:00;19.10.2021 00:00:00;0;0;549.5;0;0;0;100;0;649.5;0;-649.5
19.10.2021 00:00:00;19.10.2021 01:00:00;0;0;445;0;100;0;100;0;645;0;-645
19.10.2021 01:00:00;19.10.2021 02:00:00;0;0;419.9;0;100;0;100;0;619.9;0;-619.9
19.10.2021 02:00:00;19.10.2021 03:00:00;0;0;382.2;0;100;0;100;0;582.2;0;-582.2
19.10.2021 03:00:00;19.10.2021 04:00:00;0;0;389;0;100;0;100;0;589;0;-589
19.10.2021 04:00:00;19.10.2021 05:00:00;0;0;408.1;0;100;0;100;0;608.1;0;-608.1
19.10.2021 05:00:00;19.10.2021 06:00:00;0;0;369.9;0;100;0;100;0;569.9;0;-569.9
19.10.2021 06:00:00;19.10.2021 07:00:00;0;0;212.7;0;100;0;100;0;412.7;0;-412.7
19.10.2021 07:00:00;19.10.2021 08:00:00;0;0;124.3;0;100;0;100;0;324.3;0;-324.3
19.10.2021 08:00:00;19.10.2021 09:00:00;0;0;163.2;0;100;0;100;0;363.2;0;-363.2
19.10.2021 09:00:00;19.10.2021 10:00:00;0;0;138.9;0;100;0;100;0;338.9;0;-338.9
19.10.2021 10:00:00;19.10.2021 11:00:00;0;0;129.5;0;100;0;100;0;329.5;0;-329.5
19.10.2021 11:00:00;19.10.2021 12:00:00;0;0;143.3;0;100;0;100;0;343.3;0;-343.3
19.10.2021 12:00:00;19.10.2021 13:00:00;0;0;128.7;0;100;0;100;0;328.7;0;-328.7
19.10.2021 13:00:00;19.10.2021 14:00:00;0;0;115.3;0;100;0;100;0;315.3;0;-315.3
19.10.2021 14:00:00;19.10.2021 15:00:00;0;0;108;0;100;0;100;0;308;0;-308
19.10.2021 15:00:00;19.10.2021 16:00:00;0;0;1.4;0;37.1;0;100;0;138.5;0;-138.5
19.10.2021 16:00:00;19.10.2021 17:00:00;0;0;0;0;0;0;93.6;0;93.6;0;-93.6
19.10.2021 17:00:00;19.10.2021 18:00:00;0;0;0;0;0;0;96.3;0;96.3;0;-96.3
19.10.2021 18:00:00;19.10.2021 19:00:00;0;0;1.1;0;0;0;100;0;101.1;0;-101.1
19.10.2021 19:00:00;19.10.2021 20:00:00;0;0;24.2;0;60.7;0;100;0;184.9;0;-184.9
19.10.2021 20:00:00;19.10.2021 21:00:00;0;0;158.7;0;0;0;100;0;258.7;0;-258.7
19.10.2021 21:00:00;19.10.2021 22:00:00;0;0;263.5;0;0;0;26.4;0;289.9;0;-289.9
19.10.2021 22:00:00;19.10.2021 23:00:00;0;0;322.3;0;0;0;28.9;0;351.2;0;-351.2
19.10.2021 23:00:00;20.10.2021 00:00:00;0;0;441.9;0;0;88.4;0;0;441.9;88.4;-353.5
20.10.2021 00:00:00;20.10.2021 01:00:00;0;0;114.7;0;0;443;0;0;114.7;443;328.3
20.10.2021 01:00:00;20.10.2021 02:00:00;0;0;0;0;0;439.9;0;250;0;689.9;689.9
20.10.2021 02:00:00;20.10.2021 03:00:00;0;0;0;0;0;428.5;0;250;0;678.5;678.5
20.10.2021 03:00:00;20.10.2021 04:00:00;0;0;0;149.6;0;500;0;250;0;899.6;899.6
20.10.2021 04:00:00;20.10.2021 05:00:00;0;0;0;133.7;0;500;0;250;0;883.7;883.7
20.10.2021 05:00:00;20.10.2021 06:00:00;0;0;68.2;0;0;467.2;0;0;68.2;467.2;399
20.10.2021 06:00:00;20.10.2021 07:00:00;0;0;211.3;0;0;117.1;0;0;211.3;117.1;-94.2
20.10.2021 07:00:00;20.10.2021 08:00:00;0;0;256;0;0;0;100;0;356;0;-356
20.10.2021 08:00:00;20.10.2021 09:00:00;0;0;205.7;0;0;0;100;0;305.7;0;-305.7
20.10.2021 09:00:00;20.10.2021 10:00:00;0;0;275.4;0;0;0;100;0;375.4;0;-375.4
20.10.2021 10:00:00;20.10.2021 11:00:00;0;0;281.3;0;0;0;100;0;381.3;0;-381.3
20.10.2021 11:00:00;20.10.2021 12:00:00;0;0;306.2;0;0;0;100;0;406.2;0;-406.2
20.10.2021 12:00:00;20.10.2021 13:00:00;0;0;294.3;0;0;0;100;0;394.3;0;-394.3
20.10.2021 13:00:00;20.10.2021 14:00:00;0;0;301.6;0;0;0;100;0;401.6;0;-401.6
20.10.2021 14:00:00;20.10.2021 15:00:00;0;0;302.7;0;0;0;100;0;402.7;0;-402.7
20.10.2021 15:00:00;20.10.2021 16:00:00;0;0;316.2;0;0;0;100;0;416.2;0;-416.2
20.10.2021 16:00:00;20.10.2021 17:00:00;0;0;269;0;74;0;100;0;443;0;-443
20.10.2021 17:00:00;20.10.2021 18:00:00;0;0;250.5;0;100;0;100;0;450.5;0;-450.5
20.10.2021 18:00:00;20.10.2021 19:00:00;0;0;254.7;0;100;0;100;0;454.7;0;-454.7
20.10.2021 19:00:00;20.10.2021 20:00:00;0;0;307.5;0;60;0;100;0;467.5;0;-467.5
20.10.2021 20:00:00;20.10.2021 21:00:00;0;0;272.9;0;0;0;100;0;372.9;0;-372.9
20.10.2021 21:00:00;20.10.2021 22:00:00;0;0;357.9;0;0;0;13.3;0;371.2;0;-371.2
20.10.2021 22:00:00;20.10.2021 23:00:00;0;0;420.6;0;0;61.4;0;0;420.6;61.4;-359.2
20.10.2021 23:00:00;21.10.2021 00:00:00;0;0;280.1;0;0;28.6;0;0;280.1;28.6;-251.5
21.10.2021 00:00:00;21.10.2021 01:00:00;0;0;0;0;0;368.5;0;250;0;618.5;618.5
21.10.2021 01:00:00;21.10.2021 02:00:00;0;0;0;0;0;274.5;0;250;0;524.5;524.5
21.10.2021 02:00:00;21.10.2021 03:00:00;0;0;0;38.6;0;168.7;0;250;0;457.3;457.3
21.10.2021 03:00:00;21.10.2021 04:00:00;0;0;0;41.6;0;0;0;171.5;0;213.1;213.1
21.10.2021 04:00:00;21.10.2021 05:00:00;0;0;0;0;100;0;63.4;0;163.4;0;-163.4
21.10.2021 05:00:00;21.10.2021 06:00:00;0;0;31.8;0;100;0;100;0;231.8;0;-231.8
21.10.2021 06:00:00;21.10.2021 07:00:00;0;0;0;98.9;100;0;100;0;200;98.9;-101.1
21.10.2021 07:00:00;21.10.2021 08:00:00;0;0;0;111.6;100;0;100;0;200;111.6;-88.4
21.10.2021 08:00:00;21.10.2021 09:00:00;0;0;0;119;100;0;100;0;200;119;-81
21.10.2021 09:00:00;21.10.2021 10:00:00;0;0;0;128.1;100;0;100;0;200;128.1;-71.9
21.10.2021 10:00:00;21.10.2021 11:00:00;0;0;0;127.8;100;0;100;0;200;127.8;-72.2
21.10.2021 11:00:00;21.10.2021 12:00:00;0;0;0;126.6;100;0;100;0;200;126.6;-73.4
21.10.2021 12:00:00;21.10.2021 13:00:00;0;0;0;130.7;100;0;100;0;200;130.7;-69.3
21.10.2021 13:00:00;21.10.2021 14:00:00;0;0;0;140;100;0;100;0;200;140;-60
21.10.2021 14:00:00;21.10.2021 15:00:00;0;0;0;151.2;100;0;100;0;200;151.2;-48.8
21.10.2021 15:00:00;21.10.2021 16:00:00;0;0;0;142.4;100;0;100;0;200;142.4;-57.6
21.10.2021 16:00:00;21.10.2021 17:00:00;0;0;0;146.7;100;0;100;0;200;146.7;-53.3
21.10.2021 17:00:00;21.10.2021 18:00:00;0;0;0;154.8;100;0;100;0;200;154.8;-45.2
21.10.2021 18:00:00;21.10.2021 19:00:00;0;0;0;180.5;100;0;100;0;200;180.5;-19.5
21.10.2021 19:00:00;21.10.2021 20:00:00;0;0;0;165.3;100;0;100;0;200;165.3;-34.7
21.10.2021 20:00:00;21.10.2021 21:00:00;0;0;0;2.8;37.6;0;100;0;137.6;2.8;-134.8
21.10.2021 21:00:00;21.10.2021 22:00:00;0;0;0;0;0;34.8;0;0;0;34.8;34.8
21.10.2021 22:00:00;21.10.2021 23:00:00;0;0;48.9;0;0;323.5;0;0;48.9;323.5;274.6
21.10.2021 23:00:00;22.10.2021 00:00:00;0;0;0;0;0;500;0;153;0;653;653
22.10.2021 00:00:00;22.10.2021 01:00:00;0;0;0;0;0;500;0;217.8;0;717.8;717.8
22.10.2021 01:00:00;22.10.2021 02:00:00;0;0;0;0;0;500;0;194.9;0;694.9;694.9
22.10.2021 02:00:00;22.10.2021 03:00:00;0;0;0;0;0;500;0;190.6;0;690.6;690.6
22.10.2021 03:00:00;22.10.2021 04:00:00;0;0;0;0;0;500;0;192;0;692;692
22.10.2021 04:00:00;22.10.2021 05:00:00;0;0;0;0;0;500;0;188.3;0;688.3;688.3
22.10.2021 05:00:00;22.10.2021 06:00:00;0;0;0;0;0;500;0;230.3;0;730.3;730.3
22.10.2021 06:00:00;22.10.2021 07:00:00;0;0;0;0;0;316.5;0;0;0;316.5;316.5
22.10.2021 07:00:00;22.10.2021 08:00:00;0;0;0;0;0;207.6;0;0;0;207.6;207.6
22.10.2021 08:00:00;22.10.2021 09:00:00;0;0;132.6;0;0;199.4;0;0;132.6;199.4;66.8
22.10.2021 09:00:00;22.10.2021 10:00:00;0;0;165;0;0;202.2;0;0;165;202.2;37.2
22.10.2021 10:00:00;22.10.2021 11:00:00;0;0;191.8;0;0;211;0;0;191.8;211;19.2
22.10.2021 11:00:00;22.10.2021 12:00:00;0;0;192.8;0;0;229.1;0;0;192.8;229.1;36.3
22.10.2021 12:00:00;22.10.2021 13:00:00;0;0;247.6;0;0;300.8;0;0;247.6;300.8;53.2
22.10.2021 13:00:00;22.10.2021 14:00:00;0;0;286.2;0;0;388.3;0;0;286.2;388.3;102.1
22.10.2021 14:00:00;22.10.2021 15:00:00;0;0;280.7;0;0;427.8;0;0;280.7;427.8;147.1
22.10.2021 15:00:00;22.10.2021 16:00:00;0;0;251.7;0;0;431.7;0;0;251.7;431.7;180
22.10.2021 16:00:00;22.10.2021 17:00:00;0;0;227.5;0;0;500;0;0;227.5;500;272.5
22.10.2021 17:00:00;22.10.2021 18:00:00;0;0;234.1;0;0;500;0;0;234.1;500;265.9
22.10.2021 18:00:00;22.10.2021 19:00:00;0;0;192.5;0;0;440.9;0;0;192.5;440.9;248.4
22.10.2021 19:00:00;22.10.2021 20:00:00;0;0;214.3;0;0;488.1;0;0;214.3;488.1;273.8
22.10.2021 20:00:00;22.10.2021 21:00:00;0;0;164;0;0;470;0;0;164;470;306
22.10.2021 21:00:00;22.10.2021 22:00:00;0;0;147.2;0;0;491.1;0;0;147.2;491.1;343.9
22.10.2021 22:00:00;22.10.2021 23:00:00;0;0;0;0;0;500;0;51.9;0;551.9;551.9
22.10.2021 23:00:00;23.10.2021 00:00:00;0;0;0;0;0;500;0;207.8;0;707.8;707.8
23.10.2021 00:00:00;23.10.2021 01:00:00;0;0;0;93;0;500;0;250;0;843;843
23.10.2021 01:00:00;23.10.2021 02:00:00;0;0;0;93.3;0;500;0;250;0;843.3;843.3
23.10.2021 02:00:00;23.10.2021 03:00:00;0;0;0;88.7;0;500;0;250;0;838.7;838.7
23.10.2021 03:00:00;23.10.2021 04:00:00;0;0;0;59.5;0;500;0;250;0;809.5;809.5
23.10.2021 04:00:00;23.10.2021 05:00:00;0;0;0;23;0;500;0;250;0;773;773
23.10.2021 05:00:00;23.10.2021 06:00:00;0;0;0;27.9;0;494.7;0;0;0;522.6;522.6
23.10.2021 06:00:00;23.10.2021 07:00:00;0;0;0;0;0;0;26.3;0;26.3;0;-26.3
23.10.2021 07:00:00;23.10.2021 08:00:00;0;0;228.1;0;0;0;150;0;378.1;0;-378.1
23.10.2021 08:00:00;23.10.2021 09:00:00;0;0;338.4;0;100;0;150;0;588.4;0;-588.4
23.10.2021 09:00:00;23.10.2021 10:00:00;0;0;384.7;0;100;0;150;0;634.7;0;-634.7
23.10.2021 10:00:00;23.10.2021 11:00:00;0;0;441.6;0;92.4;0;150;0;684;0;-684
23.10.2021 11:00:00;23.10.2021 12:00:00;0;0;440.6;0;100;0;150;0;690.6;0;-690.6
23.10.2021 12:00:00;23.10.2021 13:00:00;0;0;471.4;0;100;0;150;0;721.4;0;-721.4
23.10.2021 13:00:00;23.10.2021 14:00:00;0;0;495.8;0;100;0;150;0;745.8;0;-745.8
23.10.2021 14:00:00;23.10.2021 15:00:00;0;0;470.9;0;100;0;150;0;720.9;0;-720.9
23.10.2021 15:00:00;23.10.2021 16:00:00;0;0;490.7;0;100;0;150;0;740.7;0;-740.7
23.10.2021 16:00:00;23.10.2021 17:00:00;0;0;522.6;0;100;0;150;0;772.6;0;-772.6
23.10.2021 17:00:00;23.10.2021 18:00:00;0;0;548.1;0;100;0;150;0;798.1;0;-798.1
23.10.2021 18:00:00;23.10.2021 19:00:00;0;0;503.6;0;100;0;150;0;753.6;0;-753.6
23.10.2021 19:00:00;23.10.2021 20:00:00;0;0;544.7;0;100;0;150;0;794.7;0;-794.7
23.10.2021 20:00:00;23.10.2021 21:00:00;0;0;557.4;0;100;0;150;0;807.4;0;-807.4
23.10.2021 21:00:00;23.10.2021 22:00:00;0;0;462;0;100;0;150;0;712;0;-712
23.10.2021 22:00:00;23.10.2021 23:00:00;0;0;344.2;0;100;0;150;0;594.2;0;-594.2
23.10.2021 23:00:00;24.10.2021 00:00:00;0;0;221.7;0;100;0;150;0;471.7;0;-471.7
24.10.2021 00:00:00;24.10.2021 01:00:00;0;0;66.9;0;100;0;150;0;316.9;0;-316.9
24.10.2021 01:00:00;24.10.2021 02:00:00;0;0;38.6;0;100;0;150;0;288.6;0;-288.6
24.10.2021 02:00:00;24.10.2021 03:00:00;0;0;0;24.3;100;0;150;0;250;24.3;-225.7
24.10.2021 03:00:00;24.10.2021 04:00:00;0;0;0;159.9;100;0;150;0;250;159.9;-90.1
24.10.2021 04:00:00;24.10.2021 05:00:00;0;0;0;200;100;0;150;0;250;200;-50
24.10.2021 05:00:00;24.10.2021 06:00:00;0;0;0;200;100;0;150;0;250;200;-50
24.10.2021 06:00:00;24.10.2021 07:00:00;0;0;0;200;100;0;150;0;250;200;-50
24.10.2021 07:00:00;24.10.2021 08:00:00;0;0;0;200;100;0;150;0;250;200;-50
24.10.2021 08:00:00;24.10.2021 09:00:00;0;0;0;200;100;0;150;0;250;200;-50
24.10.2021 09:00:00;24.10.2021 10:00:00;0;0;0;178;100;0;150;0;250;178;-72
24.10.2021 10:00:00;24.10.2021 11:00:00;0;0;0;86;100;0;150;0;250;86;-164
24.10.2021 11:00:00;24.10.2021 12:00:00;0;0;0;59.9;100;0;150;0;250;59.9;-190.1
24.10.2021 12:00:00;24.10.2021 13:00:00;0;0;0;31.6;100;0;150;0;250;31.6;-218.4
24.10.2021 13:00:00;24.10.2021 14:00:00;0;0;0;14;100;0;150;0;250;14;-236
24.10.2021 14:00:00;24.10.2021 15:00:00;0;0;18.6;0;100;0;150;0;268.6;0;-268.6
24.10.2021 15:00:00;24.10.2021 16:00:00;0;0;51.5;0;100;0;150;0;301.5;0;-301.5
24.10.2021 16:00:00;24.10.2021 17:00:00;0;0;77.7;0;100;0;150;0;327.7;0;-327.7
24.10.2021 17:00:00;24.10.2021 18:00:00;0;0;0;37.7;476.2;0;200;0;676.2;37.7;-638.5
24.10.2021 18:00:00;24.10.2021 19:00:00;0;0;0;11.2;431.2;0;200;0;631.2;11.2;-620
24.10.2021 19:00:00;24.10.2021 20:00:00;0;0;0;46.4;471.8;0;200;0;671.8;46.4;-625.4
24.10.2021 20:00:00;24.10.2021 21:00:00;0;0;0;48.4;351.4;0;200;0;551.4;48.4;-503
24.10.2021 21:00:00;24.10.2021 22:00:00;0;0;0;42.3;249.3;0;200;0;449.3;42.3;-407
24.10.2021 22:00:00;24.10.2021 23:00:00;0;0;0;0;38;0;94.5;0;132.5;0;-132.5
24.10.2021 23:00:00;25.10.2021 00:00:00;0;0;0;88.5;0;0;0;0;0;88.5;88.5
25.10.2021 00:00:00;25.10.2021 01:00:00;0;0;0;0;168.5;0;66.7;0;235.2;0;-235.2
25.10.2021 01:00:00;25.10.2021 02:00:00;0;0;0;0;185.8;0;176.4;0;362.2;0;-362.2
25.10.2021 02:00:00;25.10.2021 03:00:00;0;0;0;0;216.9;0;178;0;394.9;0;-394.9
25.10.2021 03:00:00;25.10.2021 04:00:00;0;0;22.7;0;222.7;0;178;0;423.4;0;-423.4
25.10.2021 04:00:00;25.10.2021 05:00:00;0;0;152.2;0;342.8;0;178;0;673;0;-673
25.10.2021 05:00:00;25.10.2021 06:00:00;0;0;205.7;0;404.4;0;178;0;788.1;0;-788.1
25.10.2021 06:00:00;25.10.2021 07:00:00;0;0;275.1;0;400.3;0;178;0;853.4;0;-853.4
25.10.2021 07:00:00;25.10.2021 08:00:00;0;0;261.7;0;362;0;178;0;801.7;0;-801.7
25.10.2021 08:00:00;25.10.2021 09:00:00;0;0;275.5;0;332.8;0;178;0;786.3;0;-786.3
25.10.2021 09:00:00;25.10.2021 10:00:00;0;0;228.4;0;292;0;178;0;698.4;0;-698.4
25.10.2021 10:00:00;25.10.2021 11:00:00;0;0;245.5;0;280;0;178;0;703.5;0;-703.5
25.10.2021 11:00:00;25.10.2021 12:00:00;0;0;236.6;0;260.5;0;178;0;675.1;0;-675.1
25.10.2021 12:00:00;25.10.2021 13:00:00;0;0;232.7;0;281.7;0;178;0;692.4;0;-692.4
25.10.2021 13:00:00;25.10.2021 14:00:00;0;0;217;0;297.2;0;178;0;692.2;0;-692.2
25.10.2021 14:00:00;25.10.2021 15:00:00;0;0;206.8;0;285.4;0;178;0;670.2;0;-670.2
25.10.2021 15:00:00;25.10.2021 16:00:00;0;0;236.2;0;289;0;178;0;703.2;0;-703.2
25.10.2021 16:00:00;25.10.2021 17:00:00;0;0;264.7;0;267.1;0;178;0;709.8;0;-709.8
25.10.2021 17:00:00;25.10.2021 18:00:00;0;0;273.6;0;261.6;0;178;0;713.2;0;-713.2
25.10.2021 18:00:00;25.10.2021 19:00:00;0;0;284.9;0;249.5;0;178;0;712.4;0;-712.4
25.10.2021 19:00:00;25.10.2021 20:00:00;0;0;273.3;0;257;0;178;0;708.3;0;-708.3
25.10.2021 20:00:00;25.10.2021 21:00:00;0;0;347.1;0;210.7;0;178;0;735.8;0;-735.8
25.10.2021 21:00:00;25.10.2021 22:00:00;0;0;326.6;0;270.9;0;178;0;775.5;0;-775.5
25.10.2021 22:00:00;25.10.2021 23:00:00;0;0;306;0;338.3;0;178;0;822.3;0;-822.3
25.10.2021 23:00:00;26.10.2021 00:00:00;0;0;265;0;385.8;0;178;0;828.8;0;-828.8
26.10.2021 00:00:00;26.10.2021 01:00:00;0;0;223.9;0;282.1;0;178;0;684;0;-684
26.10.2021 01:00:00;26.10.2021 02:00:00;0;0;267.1;0;319.3;0;178;0;764.4;0;-764.4
26.10.2021 02:00:00;26.10.2021 03:00:00;0;0;257.8;0;330.2;0;178;0;766;0;-766
26.10.2021 03:00:00;26.10.2021 04:00:00;0;0;264;0;353.4;0;178;0;795.4;0;-795.4
26.10.2021 04:00:00;26.10.2021 05:00:00;0;0;362;0;405.5;0;178;0;945.5;0;-945.5
26.10.2021 05:00:00;26.10.2021 06:00:00;0;0;387.3;0;373.1;0;178;0;938.4;0;-938.4
26.10.2021 06:00:00;26.10.2021 07:00:00;0;0;581.6;0;353.9;0;0;0;935.5;0;-935.5
26.10.2021 07:00:00;26.10.2021 08:00:00;0;0;400;0;429;0;0;0;829;0;-829
26.10.2021 08:00:00;26.10.2021 09:00:00;0;0;400;0;428;0;0;0;828;0;-828
26.10.2021 09:00:00;26.10.2021 10:00:00;0;0;400;0;438.7;0;0;0;838.7;0;-838.7
26.10.2021 10:00:00;26.10.2021 11:00:00;0;0;369.7;0;480.6;0;0;0;850.3;0;-850.3
26.10.2021 11:00:00;26.10.2021 12:00:00;0;0;234.2;0;600;0;0;0;834.2;0;-834.2
26.10.2021 12:00:00;26.10.2021 13:00:00;0;0;185.3;0;600;0;0;0;785.3;0;-785.3
26.10.2021 13:00:00;26.10.2021 14:00:00;0;0;158.2;0;600;0;100;0;858.2;0;-858.2
26.10.2021 14:00:00;26.10.2021 15:00:00;0;0;156.6;0;600;0;100;0;856.6;0;-856.6
26.10.2021 15:00:00;26.10.2021 16:00:00;0;0;131.8;0;600;0;100;0;831.8;0;-831.8
26.10.2021 16:00:00;26.10.2021 17:00:00;0;0;187.2;0;559.3;0;100;0;846.5;0;-846.5
26.10.2021 17:00:00;26.10.2021 18:00:00;0;0;279.2;0;449.5;0;100;0;828.7;0;-828.7
26.10.2021 18:00:00;26.10.2021 19:00:00;0;0;340.8;0;408.2;0;100;0;849;0;-849
26.10.2021 19:00:00;26.10.2021 20:00:00;0;0;362.2;0;392.8;0;100;0;855;0;-855
26.10.2021 20:00:00;26.10.2021 21:00:00;0;0;369.8;0;378.4;0;100;0;848.2;0;-848.2
26.10.2021 21:00:00;26.10.2021 22:00:00;0;0;386.5;0;383.2;0;100;0;869.7;0;-869.7
26.10.2021 22:00:00;26.10.2021 23:00:00;0;0;336.7;0;361.9;0;100;0;798.6;0;-798.6
26.10.2021 23:00:00;27.10.2021 00:00:00;0;0;250.3;0;340.9;0;100;0;691.2;0;-691.2
27.10.2021 00:00:00;27.10.2021 01:00:00;0;0;279;0;414.8;0;100;0;793.8;0;-793.8
27.10.2021 01:00:00;27.10.2021 02:00:00;0;0;128.6;0;544.3;0;100;0;772.9;0;-772.9
27.10.2021 02:00:00;27.10.2021 03:00:00;0;0;0;75.4;596.9;0;100;0;696.9;75.4;-621.5
27.10.2021 03:00:00;27.10.2021 04:00:00;0;0;0;83.1;316;0;94.2;0;410.2;83.1;-327.1
27.10.2021 04:00:00;27.10.2021 05:00:00;0;0;0;163.3;311.6;0;0;0;311.6;163.3;-148.3
27.10.2021 05:00:00;27.10.2021 06:00:00;0;0;0;200;257.6;0;0;0;257.6;200;-57.6
27.10.2021 06:00:00;27.10.2021 07:00:00;0;0;0;200;232.8;0;100;0;332.8;200;-132.8
27.10.2021 07:00:00;27.10.2021 08:00:00;0;0;0;200;464.1;0;100;0;564.1;200;-364.1
27.10.2021 08:00:00;27.10.2021 09:00:00;0;0;0;200;455.2;0;100;0;555.2;200;-355.2
27.10.2021 09:00:00;27.10.2021 10:00:00;0;0;0;200;418.1;0;100;0;518.1;200;-318.1
27.10.2021 10:00:00;27.10.2021 11:00:00;0;0;0;200;419.9;0;100;0;519.9;200;-319.9
27.10.2021 11:00:00;27.10.2021 12:00:00;0;0;0;200;465.5;0;100;0;565.5;200;-365.5
27.10.2021 12:00:00;27.10.2021 13:00:00;0;0;0;200;543.3;0;100;0;643.3;200;-443.3
27.10.2021 13:00:00;27.10.2021 14:00:00;0;0;0;200;487.4;0;100;0;587.4;200;-387.4
27.10.2021 14:00:00;27.10.2021 15:00:00;0;0;0;200;397.1;0;100;0;497.1;200;-297.1
27.10.2021 15:00:00;27.10.2021 16:00:00;0;0;0;200;353.5;0;100;0;453.5;200;-253.5
27.10.2021 16:00:00;27.10.2021 17:00:00;0;0;0;200;400.1;0;100;0;500.1;200;-300.1
27.10.2021 17:00:00;27.10.2021 18:00:00;0;0;0;200;305.3;0;100;0;405.3;200;-205.3
27.10.2021 18:00:00;27.10.2021 19:00:00;0;0;0;171;434;0;100;0;534;171;-363
27.10.2021 19:00:00;27.10.2021 20:00:00;0;0;0;55;351.9;0;100;0;451.9;55;-396.9
27.10.2021 20:00:00;27.10.2021 21:00:00;0;0;27.7;0;299.8;0;100;0;427.5;0;-427.5
27.10.2021 21:00:00;27.10.2021 22:00:00;0;0;0;7.9;171.5;0;0;0;171.5;7.9;-163.6
27.10.2021 22:00:00;27.10.2021 23:00:00;0;0;0;156.9;36.9;0;0;0;36.9;156.9;120
27.10.2021 23:00:00;28.10.2021 00:00:00;0;0;0;0;0;0;0;118.8;0;118.8;118.8
28.10.2021 00:00:00;28.10.2021 01:00:00;0;0;0;200;42.2;0;0;0;42.2;200;157.8
28.10.2021 01:00:00;28.10.2021 02:00:00;0;0;0;200;11.4;0;0;0;11.4;200;188.6
28.10.2021 02:00:00;28.10.2021 03:00:00;0;0;0;142.8;0;0;0;19.4;0;162.2;162.2
28.10.2021 03:00:00;28.10.2021 04:00:00;0;0;0;170.4;30.2;0;0;0;30.2;170.4;140.2
28.10.2021 04:00:00;28.10.2021 05:00:00;0;0;0;85.6;311.1;0;0;0;311.1;85.6;-225.5
28.10.2021 05:00:00;28.10.2021 06:00:00;0;0;0;84.9;600;0;0;0;600;84.9;-515.1
28.10.2021 06:00:00;28.10.2021 07:00:00;0;0;199.7;0;600;0;100;0;899.7;0;-899.7
28.10.2021 07:00:00;28.10.2021 08:00:00;0;0;187.4;0;550.1;0;100;0;837.5;0;-837.5
28.10.2021 08:00:00;28.10.2021 09:00:00;0;0;293.8;0;457.3;0;100;0;851.1;0;-851.1
28.10.2021 09:00:00;28.10.2021 10:00:00;0;0;300;0;514.4;0;100;0;914.4;0;-914.4
28.10.2021 10:00:00;28.10.2021 11:00:00;0;0;300;0;512.4;0;100;0;912.4;0;-912.4
28.10.2021 11:00:00;28.10.2021 12:00:00;0;0;300;0;546;0;100;0;946;0;-946
28.10.2021 12:00:00;28.10.2021 13:00:00;0;0;300;0;579.5;0;100;0;979.5;0;-979.5
28.10.2021 13:00:00;28.10.2021 14:00:00;0;0;300;0;576.5;0;100;0;976.5;0;-976.5
28.10.2021 14:00:00;28.10.2021 15:00:00;0;0;300;0;553.9;0;100;0;953.9;0;-953.9
28.10.2021 15:00:00;28.10.2021 16:00:00;0;0;277.4;0;533.8;0;100;0;911.2;0;-911.2
28.10.2021 16:00:00;28.10.2021 17:00:00;0;0;262.4;0;532.1;0;100;0;894.5;0;-894.5
28.10.2021 17:00:00;28.10.2021 18:00:00;0;0;263.3;0;541.2;0;100;0;904.5;0;-904.5
28.10.2021 18:00:00;28.10.2021 19:00:00;0;0;284.2;0;534.7;0;100;0;918.9;0;-918.9
28.10.2021 19:00:00;28.10.2021 20:00:00;0;0;141.1;0;600;0;100;0;841.1;0;-841.1
28.10.2021 20:00:00;28.10.2021 21:00:00;0;0;210.3;0;530;0;0;0;740.3;0;-740.3
28.10.2021 21:00:00;28.10.2021 22:00:00;0;0;214.9;0;519.2;0;0;0;734.1;0;-734.1
28.10.2021 22:00:00;28.10.2021 23:00:00;0;0;182.2;0;538.3;0;0;0;720.5;0;-720.5
28.10.2021 23:00:00;29.10.2021 00:00:00;0;0;61.7;0;22.1;0;0;0;83.8;0;-83.8
29.10.2021 00:00:00;29.10.2021 01:00:00;0;0;0;0;0;0;0;173;0;173;173
29.10.2021 01:00:00;29.10.2021 02:00:00;0;0;0;0;0;91.5;0;200;0;291.5;291.5
29.10.2021 02:00:00;29.10.2021 03:00:00;0;0;0;0;0;117.5;0;200;0;317.5;317.5
29.10.2021 03:00:00;29.10.2021 04:00:00;0;0;0;0;0;128;0;200;0;328;328
29.10.2021 04:00:00;29.10.2021 05:00:00;0;0;0;0;0;103.9;0;200;0;303.9;303.9
29.10.2021 05:00:00;29.10.2021 06:00:00;0;0;19.7;0;335.3;0;0;0;355;0;-355
29.10.2021 06:00:00;29.10.2021 07:00:00;0;0;0;0;600;0;77.9;0;677.9;0;-677.9
29.10.2021 07:00:00;29.10.2021 08:00:00;0;0;0;0;600;0;66.1;0;666.1;0;-666.1
29.10.2021 08:00:00;29.10.2021 09:00:00;0;0;50.6;0;563.4;0;0;0;614;0;-614
29.10.2021 09:00:00;29.10.2021 10:00:00;0;0;27.5;0;582.6;0;0;0;610.1;0;-610.1
29.10.2021 10:00:00;29.10.2021 11:00:00;0;0;40.7;0;600;0;18.9;0;659.6;0;-659.6
29.10.2021 11:00:00;29.10.2021 12:00:00;0;0;0;0;600;0;87.1;0;687.1;0;-687.1
29.10.2021 12:00:00;29.10.2021 13:00:00;0;0;18.1;0;600;0;100;0;718.1;0;-718.1
29.10.2021 13:00:00;29.10.2021 14:00:00;0;0;23.4;0;600;0;100;0;723.4;0;-723.4
29.10.2021 14:00:00;29.10.2021 15:00:00;0;0;0;0;600;0;31.4;0;631.4;0;-631.4
29.10.2021 15:00:00;29.10.2021 16:00:00;0;0;0;0;600;0;76;0;676;0;-676
29.10.2021 16:00:00;29.10.2021 17:00:00;0;0;0;0;600;0;65.3;0;665.3;0;-665.3
29.10.2021 17:00:00;29.10.2021 18:00:00;0;0;0;0;600;0;80.3;0;680.3;0;-680.3
29.10.2021 18:00:00;29.10.2021 19:00:00;0;0;31.9;0;600;0;100;0;731.9;0;-731.9
29.10.2021 19:00:00;29.10.2021 20:00:00;0;0;0;28.9;600;0;100;0;700;28.9;-671.1
29.10.2021 20:00:00;29.10.2021 21:00:00;0;0;0;0;600;0;16.8;0;616.8;0;-616.8
29.10.2021 21:00:00;29.10.2021 22:00:00;0;0;0;87.6;600;0;100;0;700;87.6;-612.4
29.10.2021 22:00:00;29.10.2021 23:00:00;0;0;0;64.9;600;0;62.7;0;662.7;64.9;-597.8
29.10.2021 23:00:00;30.10.2021 00:00:00;0;0;0;200;232.9;0;0;0;232.9;200;-32.9
30.10.2021 00:00:00;30.10.2021 01:00:00;0;0;0;200;76.3;0;0;0;76.3;200;123.7
30.10.2021 01:00:00;30.10.2021 02:00:00;0;0;0;200;224.4;0;0;0;224.4;200;-24.4
30.10.2021 02:00:00;30.10.2021 03:00:00;0;0;0;200;114.4;0;0;0;114.4;200;85.6
30.10.2021 03:00:00;30.10.2021 04:00:00;0;0;0;200;139.8;0;0;0;139.8;200;60.2
30.10.2021 04:00:00;30.10.2021 05:00:00;0;0;0;200;200.9;0;0;0;200.9;200;-0.9
30.10.2021 05:00:00;30.10.2021 06:00:00;0;0;0;200;285.3;0;0;0;285.3;200;-85.3
30.10.2021 06:00:00;30.10.2021 07:00:00;0;0;0;200;340.9;0;0;0;340.9;200;-140.9
30.10.2021 07:00:00;30.10.2021 08:00:00;0;0;0;200;346.1;0;0;0;346.1;200;-146.1
30.10.2021 08:00:00;30.10.2021 09:00:00;0;0;0;200;575.1;0;0;0;575.1;200;-375.1
30.10.2021 09:00:00;30.10.2021 10:00:00;0;0;0;200;600;0;98.8;0;698.8;200;-498.8
30.10.2021 10:00:00;30.10.2021 11:00:00;0;0;0;200;600;0;79.2;0;679.2;200;-479.2
30.10.2021 11:00:00;30.10.2021 12:00:00;0;0;0;200;600;0;52.9;0;652.9;200;-452.9
30.10.2021 12:00:00;30.10.2021 13:00:00;0;0;0;200;600;0;100;0;700;200;-500
30.10.2021 13:00:00;30.10.2021 14:00:00;0;0;0;200;600;0;100;0;700;200;-500
30.10.2021 14:00:00;30.10.2021 15:00:00;0;0;0;200;600;0;100;0;700;200;-500
30.10.2021 15:00:00;30.10.2021 16:00:00;0;0;0;29.1;600;0;100;0;700;29.1;-670.9
30.10.2021 16:00:00;30.10.2021 17:00:00;0;0;57.4;0;600;0;100;0;757.4;0;-757.4
30.10.2021 17:00:00;30.10.2021 18:00:00;0;0;154.2;0;535.3;0;100;0;789.5;0;-789.5
30.10.2021 18:00:00;30.10.2021 19:00:00;0;0;280.6;0;475.2;0;100;0;855.8;0;-855.8
30.10.2021 19:00:00;30.10.2021 20:00:00;0;0;317;0;469.7;0;100;0;886.7;0;-886.7
30.10.2021 20:00:00;30.10.2021 21:00:00;0;0;361.8;0;365.2;0;100;0;827;0;-827
30.10.2021 21:00:00;30.10.2021 22:00:00;0;0;229.3;0;211.9;0;100;0;541.2;0;-541.2
30.10.2021 22:00:00;30.10.2021 23:00:00;0;0;0;122;325.7;0;100;0;425.7;122;-303.7
30.10.2021 23:00:00;31.10.2021 00:00:00;0;0;0;133.6;110.8;0;100;0;210.8;133.6;-77.2
31.10.2021 00:00:00;31.10.2021 01:00:00;0;0;0;200;600;0;100;0;700;200;-500
31.10.2021 01:00:00;31.10.2021 02:00:00;0;0;0;200;600;0;100;0;700;200;-500
31.10.2021 02:00:00;31.10.2021 02:00:00;0;0;0;200;534;0;100;0;634;200;-434
31.10.2021 02:00:00;31.10.2021 03:00:00;0;0;0;200;375.4;0;100;0;475.4;200;-275.4
31.10.2021 03:00:00;31.10.2021 04:00:00;0;0;0;200;407.4;0;100;0;507.4;200;-307.4
31.10.2021 04:00:00;31.10.2021 05:00:00;0;0;0;200;496.3;0;0;0;496.3;200;-296.3
31.10.2021 05:00:00;31.10.2021 06:00:00;0;0;0;200;546.5;0;41.9;0;588.4;200;-388.4
31.10.2021 06:00:00;31.10.2021 07:00:00;0;0;0;200;600;0;99.2;0;699.2;200;-499.2
31.10.2021 07:00:00;31.10.2021 08:00:00;0;0;0;200;600;0;100;0;700;200;-500
31.10.2021 08:00:00;31.10.2021 09:00:00;0;0;0;200;600;0;100;0;700;200;-500
31.10.2021 09:00:00;31.10.2021 10:00:00;0;0;0;100.7;600;0;100;0;700;100.7;-599.3
31.10.2021 10:00:00;31.10.2021 11:00:00;0;0;141.8;0;600;0;100;0;841.8;0;-841.8
31.10.2021 11:00:00;31.10.2021 12:00:00;0;0;365.2;0;600;0;100;0;1065.2;0;-1065.2
31.10.2021 12:00:00;31.10.2021 13:00:00;0;0;400;0;600;0;100;0;1100;0;-1100
31.10.2021 13:00:00;31.10.2021 14:00:00;0;0;400;0;600;0;100;0;1100;0;-1100
31.10.2021 14:00:00;31.10.2021 15:00:00;0;0;400;0;600;0;100;0;1100;0;-1100
31.10.2021 15:00:00;31.10.2021 16:00:00;0;0;400;0;600;0;100;0;1100;0;-1100
31.10.2021 16:00:00;31.10.2021 17:00:00;0;0;400;0;600;0;100;0;1100;0;-1100
31.10.2021 17:00:00;31.10.2021 18:00:00;0;0;400;0;600;0;100;0;1100;0;-1100
31.10.2021 18:00:00;31.10.2021 19:00:00;0;0;400;0;600;0;100;0;1100;0;-1100
31.10.2021 19:00:00;31.10.2021 20:00:00;0;0;400;0;600;0;100;0;1100;0;-1100
31.10.2021 20:00:00;31.10.2021 21:00:00;0;0;400;0;600;0;100;0;1100;0;-1100
31.10.2021 21:00:00;31.10.2021 22:00:00;0;0;400;0;600;0;100;0;1100;0;-1100
31.10.2021 22:00:00;31.10.2021 23:00:00;0;0;141.8;0;600;0;100;0;841.8;0;-841.8
31.10.2021 23:00:00;01.11.2021 00:00:00;0;0;0;47.6;600;0;100;0;700;47.6;-652.4
01.11.2021 00:00:00;01.11.2021 01:00:00;0;0;0;200;600;0;100;0;700;200;-500
01.11.2021 01:00:00;01.11.2021 02:00:00;0;0;0;200;600;0;70.2;0;670.2;200;-470.2
01.11.2021 02:00:00;01.11.2021 03:00:00;0;0;0;200;600;0;87.7;0;687.7;200;-487.7
01.11.2021 03:00:00;01.11.2021 04:00:00;0;0;0;200;600;0;100;0;700;200;-500
01.11.2021 04:00:00;01.11.2021 05:00:00;0;0;0;200;600;0;100;0;700;200;-500
01.11.2021 05:00:00;01.11.2021 06:00:00;0;0;0;200;600;0;100;0;700;200;-500
01.11.2021 06:00:00;01.11.2021 07:00:00;0;0;0;200;600;0;100;0;700;200;-500
01.11.2021 07:00:00;01.11.2021 08:00:00;0;0;0;138.6;600;0;100;0;700;138.6;-561.4
01.11.2021 08:00:00;01.11.2021 09:00:00;0;0;0;113.2;600;0;100;0;700;113.2;-586.8
01.11.2021 09:00:00;01.11.2021 10:00:00;0;0;0;74.5;600;0;100;0;700;74.5;-625.5
01.11.2021 10:00:00;01.11.2021 11:00:00;0;0;0;67.3;600;0;100;0;700;67.3;-632.7
01.11.2021 11:00:00;01.11.2021 12:00:00;0;0;0;42.4;600;0;85.8;0;685.8;42.4;-643.4
01.11.2021 12:00:00;01.11.2021 13:00:00;0;0;0;0;600;0;73.6;0;673.6;0;-673.6
01.11.2021 13:00:00;01.11.2021 14:00:00;0;0;0;0;600;0;89.3;0;689.3;0;-689.3
01.11.2021 14:00:00;01.11.2021 15:00:00;0;0;1.6;0;600;0;100;0;701.6;0;-701.6
01.11.2021 15:00:00;01.11.2021 16:00:00;0;0;0;0;600;0;73.2;0;673.2;0;-673.2
01.11.2021 16:00:00;01.11.2021 17:00:00;0;0;0;0;600;0;31;0;631;0;-631
01.11.2021 17:00:00;01.11.2021 18:00:00;0;0;0;28;587.4;0;0;0;587.4;28;-559.4
01.11.2021 18:00:00;01.11.2021 19:00:00;0;0;0;29;550.6;0;0;0;550.6;29;-521.6
01.11.2021 19:00:00;01.11.2021 20:00:00;0;0;0;45;503;0;0;0;503;45;-458
01.11.2021 20:00:00;01.11.2021 21:00:00;0;0;0;1.7;524.9;0;0;0;524.9;1.7;-523.2
01.11.2021 21:00:00;01.11.2021 22:00:00;0;0;0;13.7;554.2;0;38.2;0;592.4;13.7;-578.7
01.11.2021 22:00:00;01.11.2021 23:00:00;0;0;0;80.1;470.3;0;0;0;470.3;80.1;-390.2
01.11.2021 23:00:00;02.11.2021 00:00:00;0;0;0;0;195.7;0;0;0;195.7;0;-195.7
02.11.2021 00:00:00;02.11.2021 01:00:00;0;0;0;0;0;130.4;0;0;0;130.4;130.4
02.11.2021 01:00:00;02.11.2021 02:00:00;0;0;0;0;0;120;0;0;0;120;120
02.11.2021 02:00:00;02.11.2021 03:00:00;0;0;0;0;0;117.6;0;0;0;117.6;117.6
02.11.2021 03:00:00;02.11.2021 04:00:00;0;0;0;0;0;129.9;0;0;0;129.9;129.9
02.11.2021 04:00:00;02.11.2021 05:00:00;0;0;0;0;0;150.9;0;0;0;150.9;150.9
02.11.2021 05:00:00;02.11.2021 06:00:00;0;0;0;200;600;0;100;0;700;200;-500
02.11.2021 06:00:00;02.11.2021 07:00:00;0;0;0;34.1;600;0;0;0;600;34.1;-565.9
02.11.2021 07:00:00;02.11.2021 08:00:00;0;0;87;0;600;0;0;0;687;0;-687
02.11.2021 08:00:00;02.11.2021 09:00:00;0;0;112.3;0;600;0;0;0;712.3;0;-712.3
02.11.2021 09:00:00;02.11.2021 10:00:00;0;0;153.5;0;600;0;0;0;753.5;0;-753.5
02.11.2021 10:00:00;02.11.2021 11:00:00;0;0;159.4;0;600;0;0;0;759.4;0;-759.4
02.11.2021 11:00:00;02.11.2021 12:00:00;0;0;165.9;0;600;0;0;0;765.9;0;-765.9
02.11.2021 12:00:00;02.11.2021 13:00:00;0;0;162.6;0;600;0;0;0;762.6;0;-762.6
02.11.2021 13:00:00;02.11.2021 14:00:00;0;0;102.6;0;600;0;100;0;802.6;0;-802.6
02.11.2021 14:00:00;02.11.2021 15:00:00;0;0;53.6;0;600;0;100;0;753.6;0;-753.6
02.11.2021 15:00:00;02.11.2021 16:00:00;0;0;44.2;0;600;0;100;0;744.2;0;-744.2
02.11.2021 16:00:00;02.11.2021 17:00:00;0;0;51.1;0;600;0;100;0;751.1;0;-751.1
02.11.2021 17:00:00;02.11.2021 18:00:00;0;0;33.1;0;600;0;100;0;733.1;0;-733.1
02.11.2021 18:00:00;02.11.2021 19:00:00;0;0;35.3;0;600;0;100;0;735.3;0;-735.3
02.11.2021 19:00:00;02.11.2021 20:00:00;0;0;45.6;0;600;0;100;0;745.6;0;-745.6
02.11.2021 20:00:00;02.11.2021 21:00:00;0;0;64.7;0;600;0;100;0;764.7;0;-764.7
02.11.2021 21:00:00;02.11.2021 22:00:00;0;0;100.3;0;600;0;100;0;800.3;0;-800.3
02.11.2021 22:00:00;02.11.2021 23:00:00;0;0;159.4;0;600;0;100;0;859.4;0;-859.4
02.11.2021 23:00:00;03.11.2021 00:00:00;0;0;182.7;0;600;0;100;0;882.7;0;-882.7
03.11.2021 00:00:00;03.11.2021 01:00:00;0;0;180.7;0;600;0;100;0;880.7;0;-880.7
03.11.2021 01:00:00;03.11.2021 02:00:00;0;0;237.3;0;600;0;100;0;937.3;0;-937.3
03.11.2021 02:00:00;03.11.2021 03:00:00;0;0;295.4;0;600;0;100;0;995.4;0;-995.4
03.11.2021 03:00:00;03.11.2021 04:00:00;0;0;324;0;600;0;100;0;1024;0;-1024
03.11.2021 04:00:00;03.11.2021 05:00:00;0;0;388.3;0;600;0;100;0;1088.3;0;-1088.3
03.11.2021 05:00:00;03.11.2021 06:00:00;0;0;400;0;600;0;100;0;1100;0;-1100
03.11.2021 06:00:00;03.11.2021 07:00:00;0;0;400;0;600;0;100;0;1100;0;-1100
03.11.2021 07:00:00;03.11.2021 08:00:00;0;0;400;0;600;0;100;0;1100;0;-1100
03.11.2021 08:00:00;03.11.2021 09:00:00;0;0;400;0;600;0;100;0;1100;0;-1100
03.11.2021 09:00:00;03.11.2021 10:00:00;0;0;400;0;600;0;100;0;1100;0;-1100
03.11.2021 10:00:00;03.11.2021 11:00:00;0;0;400;0;600;0;100;0;1100;0;-1100
03.11.2021 11:00:00;03.11.2021 12:00:00;0;0;400;0;600;0;100;0;1100;0;-1100
03.11.2021 12:00:00;03.11.2021 13:00:00;0;0;400;0;600;0;100;0;1100;0;-1100
03.11.2021 13:00:00;03.11.2021 14:00:00;0;0;400;0;600;0;100;0;1100;0;-1100
03.11.2021 14:00:00;03.11.2021 15:00:00;0;0;400;0;600;0;100;0;1100;0;-1100
03.11.2021 15:00:00;03.11.2021 16:00:00;0;0;400;0;600;0;100;0;1100;0;-1100
03.11.2021 16:00:00;03.11.2021 17:00:00;0;0;400;0;600;0;100;0;1100;0;-1100
03.11.2021 17:00:00;03.11.2021 18:00:00;0;0;400;0;600;0;100;0;1100;0;-1100
03.11.2021 18:00:00;03.11.2021 19:00:00;0;0;400;0;600;0;100;0;1100;0;-1100
03.11.2021 19:00:00;03.11.2021 20:00:00;0;0;400;0;600;0;100;0;1100;0;-1100
03.11.2021 20:00:00;03.11.2021 21:00:00;0;0;400;0;600;0;100;0;1100;0;-1100
03.11.2021 21:00:00;03.11.2021 22:00:00;0;0;400;0;600;0;100;0;1100;0;-1100
03.11.2021 22:00:00;03.11.2021 23:00:00;0;0;400;0;600;0;100;0;1100;0;-1100
03.11.2021 23:00:00;04.11.2021 00:00:00;0;0;400;0;600;0;100;0;1100;0;-1100
04.11.2021 00:00:00;04.11.2021 01:00:00;0;0;622.2;0;600;0;100;0;1322.2;0;-1322.2
04.11.2021 01:00:00;04.11.2021 02:00:00;0;0;606;0;600;0;100;0;1306;0;-1306
04.11.2021 02:00:00;04.11.2021 03:00:00;0;0;604.2;0;600;0;100;0;1304.2;0;-1304.2
04.11.2021 03:00:00;04.11.2021 04:00:00;0;0;638.8;0;600;0;100;0;1338.8;0;-1338.8
04.11.2021 04:00:00;04.11.2021 05:00:00;0;0;662.9;0;600;0;100;0;1362.9;0;-1362.9
04.11.2021 05:00:00;04.11.2021 06:00:00;0;0;699.4;0;558.6;0;100;0;1358;0;-1358
04.11.2021 06:00:00;04.11.2021 07:00:00;0;0;704.6;0;466.4;0;100;0;1271;0;-1271
04.11.2021 07:00:00;04.11.2021 08:00:00;0;0;713.5;0;334.5;0;100;0;1148;0;-1148
04.11.2021 08:00:00;04.11.2021 09:00:00;0;0;700.3;0;341.6;0;100;0;1141.9;0;-1141.9
04.11.2021 09:00:00;04.11.2021 10:00:00;0;0;698.8;0;343.2;0;100;0;1142;0;-1142
04.11.2021 10:00:00;04.11.2021 11:00:00;0;0;691.5;0;341.9;0;100;0;1133.4;0;-1133.4
04.11.2021 11:00:00;04.11.2021 12:00:00;0;0;664.3;0;356.5;0;100;0;1120.8;0;-1120.8
04.11.2021 12:00:00;04.11.2021 13:00:00;0;0;612.3;0;388.6;0;100;0;1100.9;0;-1100.9
04.11.2021 13:00:00;04.11.2021 14:00:00;0;0;623.1;0;388.3;0;100;0;1111.4;0;-1111.4
04.11.2021 14:00:00;04.11.2021 15:00:00;0;0;589;0;402.5;0;100;0;1091.5;0;-1091.5
04.11.2021 15:00:00;04.11.2021 16:00:00;0;0;645.8;0;306.4;0;100;0;1052.2;0;-1052.2
04.11.2021 16:00:00;04.11.2021 17:00:00;0;0;658.6;0;294.9;0;100;0;1053.5;0;-1053.5
04.11.2021 17:00:00;04.11.2021 18:00:00;0;0;630.8;0;343.8;0;100;0;1074.6;0;-1074.6
04.11.2021 18:00:00;04.11.2021 19:00:00;0;0;594.1;0;363.7;0;100;0;1057.8;0;-1057.8
04.11.2021 19:00:00;04.11.2021 20:00:00;0;0;567.4;0;415.4;0;100;0;1082.8;0;-1082.8
04.11.2021 20:00:00;04.11.2021 21:00:00;0;0;527.5;0;481.3;0;100;0;1108.8;0;-1108.8
04.11.2021 21:00:00;04.11.2021 22:00:00;0;0;484.6;0;554;0;100;0;1138.6;0;-1138.6
04.11.2021 22:00:00;04.11.2021 23:00:00;0;0;465.7;0;600;0;100;0;1165.7;0;-1165.7
04.11.2021 23:00:00;05.11.2021 00:00:00;0;0;445.3;0;600;0;100;0;1145.3;0;-1145.3
05.11.2021 00:00:00;05.11.2021 01:00:00;0;0;259.7;0;648.6;0;0;0;908.3;0;-908.3
05.11.2021 01:00:00;05.11.2021 02:00:00;0;0;96.3;0;595.1;0;0;0;691.4;0;-691.4
05.11.2021 02:00:00;05.11.2021 03:00:00;0;0;0;0;650;0;33.5;0;683.5;0;-683.5
05.11.2021 03:00:00;05.11.2021 04:00:00;0;0;0;0;650;0;98.8;0;748.8;0;-748.8
05.11.2021 04:00:00;05.11.2021 05:00:00;0;0;0;0;650;0;160.2;0;810.2;0;-810.2
05.11.2021 05:00:00;05.11.2021 06:00:00;0;0;349.8;0;650;0;178;0;1177.8;0;-1177.8
05.11.2021 06:00:00;05.11.2021 07:00:00;0;0;297.8;0;650;0;178;0;1125.8;0;-1125.8
05.11.2021 07:00:00;05.11.2021 08:00:00;0;0;269;0;650;0;178;0;1097;0;-1097
05.11.2021 08:00:00;05.11.2021 09:00:00;0;0;309.2;0;650;0;178;0;1137.2;0;-1137.2
05.11.2021 09:00:00;05.11.2021 10:00:00;0;0;296.7;0;650;0;178;0;1124.7;0;-1124.7
05.11.2021 10:00:00;05.11.2021 11:00:00;0;0;339.9;0;623.4;0;178;0;1141.3;0;-1141.3
05.11.2021 11:00:00;05.11.2021 12:00:00;0;0;322.7;0;616.2;0;178;0;1116.9;0;-1116.9
05.11.2021 12:00:00;05.11.2021 13:00:00;0;0;287.4;0;650;0;178;0;1115.4;0;-1115.4
05.11.2021 13:00:00;05.11.2021 14:00:00;0;0;288.8;0;650;0;178;0;1116.8;0;-1116.8
05.11.2021 14:00:00;05.11.2021 15:00:00;0;0;265;0;650;0;178;0;1093;0;-1093
05.11.2021 15:00:00;05.11.2021 16:00:00;0;0;238.2;0;650;0;178;0;1066.2;0;-1066.2
05.11.2021 16:00:00;05.11.2021 17:00:00;0;0;148.9;0;650;0;178;0;976.9;0;-976.9
05.11.2021 17:00:00;05.11.2021 18:00:00;0;0;25;0;650;0;178;0;853;0;-853
05.11.2021 18:00:00;05.11.2021 19:00:00;0;0;0;0;650;0;37.3;0;687.3;0;-687.3
05.11.2021 19:00:00;05.11.2021 20:00:00;0;0;0;0;589.1;0;0;0;589.1;0;-589.1
05.11.2021 20:00:00;05.11.2021 21:00:00;0;0;0;0;511.6;0;0;0;511.6;0;-511.6
05.11.2021 21:00:00;05.11.2021 22:00:00;0;0;0;0;277.1;0;0;0;277.1;0;-277.1
05.11.2021 22:00:00;05.11.2021 23:00:00;0;0;0;0;0;0;0;103.3;0;103.3;103.3
05.11.2021 23:00:00;06.11.2021 00:00:00;0;0;0;0;0;35.2;0;250;0;285.2;285.2
06.11.2021 00:00:00;06.11.2021 01:00:00;0;0;0;121.7;0;600;0;250;0;971.7;971.7
06.11.2021 01:00:00;06.11.2021 02:00:00;0;0;0;95.9;0;600;0;250;0;945.9;945.9
06.11.2021 02:00:00;06.11.2021 03:00:00;0;0;0;90.8;0;600;0;250;0;940.8;940.8
06.11.2021 03:00:00;06.11.2021 04:00:00;0;0;0;68.3;0;600;0;250;0;918.3;918.3
06.11.2021 04:00:00;06.11.2021 05:00:00;0;0;0;22.6;0;600;0;250;0;872.6;872.6
06.11.2021 05:00:00;06.11.2021 06:00:00;0;0;0;6.3;0;600;0;250;0;856.3;856.3
06.11.2021 06:00:00;06.11.2021 07:00:00;0;0;0;0.4;0;600;0;250;0;850.4;850.4
06.11.2021 07:00:00;06.11.2021 08:00:00;0;0;196.5;0;0;585.9;0;250;196.5;835.9;639.4
06.11.2021 08:00:00;06.11.2021 09:00:00;0;0;229.2;0;0;600;0;250;229.2;850;620.8
06.11.2021 09:00:00;06.11.2021 10:00:00;0;0;296.4;0;0;406.3;0;250;296.4;656.3;359.9
06.11.2021 10:00:00;06.11.2021 11:00:00;0;0;0;0;0;79.3;0;250;0;329.3;329.3
06.11.2021 11:00:00;06.11.2021 12:00:00;0;0;75.9;0;0;113.7;0;250;75.9;363.7;287.8
06.11.2021 12:00:00;06.11.2021 13:00:00;0;0;149.9;0;0;156.1;0;250;149.9;406.1;256.2
06.11.2021 13:00:00;06.11.2021 14:00:00;0;0;233.9;0;0;238.5;0;250;233.9;488.5;254.6
06.11.2021 14:00:00;06.11.2021 15:00:00;0;0;277.7;0;0;52.7;0;250;277.7;302.7;25
06.11.2021 15:00:00;06.11.2021 16:00:00;0;0;259.1;0;0;0;0;0;259.1;0;-259.1
06.11.2021 16:00:00;06.11.2021 17:00:00;0;0;315.2;0;0;0;0;0;315.2;0;-315.2
06.11.2021 17:00:00;06.11.2021 18:00:00;0;0;385.6;0;0;12.5;0;0;385.6;12.5;-373.1
06.11.2021 18:00:00;06.11.2021 19:00:00;0;0;440;0;0;28.6;0;0;440;28.6;-411.4
06.11.2021 19:00:00;06.11.2021 20:00:00;0;0;445.7;0;0;194.7;0;0;445.7;194.7;-251
06.11.2021 20:00:00;06.11.2021 21:00:00;0;0;174.7;0;0;101.8;0;0;174.7;101.8;-72.9
06.11.2021 21:00:00;06.11.2021 22:00:00;0;0;54;0;0;0;0;0;54;0;-54
06.11.2021 22:00:00;06.11.2021 23:00:00;0;0;0;0;0;0;0;178.8;0;178.8;178.8
06.11.2021 23:00:00;07.11.2021 00:00:00;0;0;0;0;0;53.6;0;250;0;303.6;303.6
07.11.2021 00:00:00;07.11.2021 01:00:00;0;0;0;98.6;0;518.2;0;250;0;866.8;866.8
07.11.2021 01:00:00;07.11.2021 02:00:00;0;0;0;81.7;0;519.8;0;250;0;851.5;851.5
07.11.2021 02:00:00;07.11.2021 03:00:00;0;0;0;156.8;0;433;0;250;0;839.8;839.8
07.11.2021 03:00:00;07.11.2021 04:00:00;0;0;0;178.7;0;437.5;0;250;0;866.2;866.2
07.11.2021 04:00:00;07.11.2021 05:00:00;0;0;0;200;0;447.2;0;250;0;897.2;897.2
07.11.2021 05:00:00;07.11.2021 06:00:00;0;0;0;200;0;409.3;0;250;0;859.3;859.3
07.11.2021 06:00:00;07.11.2021 07:00:00;0;0;0;200;0;399.9;0;250;0;849.9;849.9
07.11.2021 07:00:00;07.11.2021 08:00:00;0;0;0;16.2;0;341.3;0;250;0;607.5;607.5
07.11.2021 08:00:00;07.11.2021 09:00:00;0;0;0;29.7;0;168.1;0;250;0;447.8;447.8
07.11.2021 09:00:00;07.11.2021 10:00:00;0;0;404.4;0;184.6;0;7.2;0;596.2;0;-596.2
07.11.2021 10:00:00;07.11.2021 11:00:00;0;0;274.6;0;99.9;0;0;0;374.5;0;-374.5
07.11.2021 11:00:00;07.11.2021 12:00:00;0;0;373;0;138.3;0;0;0;511.3;0;-511.3
07.11.2021 12:00:00;07.11.2021 13:00:00;0;0;423.3;0;116.6;0;0;0;539.9;0;-539.9
07.11.2021 13:00:00;07.11.2021 14:00:00;0;0;710;0;0;0;84.6;0;794.6;0;-794.6
07.11.2021 14:00:00;07.11.2021 15:00:00;0;0;641.1;0;0;0;188.1;0;829.2;0;-829.2
07.11.2021 15:00:00;07.11.2021 16:00:00;0;0;594.1;0;100.6;0;200;0;894.7;0;-894.7
07.11.2021 16:00:00;07.11.2021 17:00:00;0;0;611.1;0;79.2;0;200;0;890.3;0;-890.3
07.11.2021 17:00:00;07.11.2021 18:00:00;0;0;619.2;0;87.9;0;200;0;907.1;0;-907.1
07.11.2021 18:00:00;07.11.2021 19:00:00;0;0;695.2;0;1.8;0;200;0;897;0;-897
07.11.2021 19:00:00;07.11.2021 20:00:00;0;0;721.1;0;0;0;166.2;0;887.3;0;-887.3
07.11.2021 20:00:00;07.11.2021 21:00:00;0;0;699.3;0;0;0;190.4;0;889.7;0;-889.7
07.11.2021 21:00:00;07.11.2021 22:00:00;0;0;693.3;0;29.6;0;200;0;922.9;0;-922.9
07.11.2021 22:00:00;07.11.2021 23:00:00;0;0;843;0;0;0;24.4;0;867.4;0;-867.4
07.11.2021 23:00:00;08.11.2021 00:00:00;0;0;752.7;0;0;0;0;0;752.7;0;-752.7
08.11.2021 00:00:00;08.11.2021 01:00:00;0;0;900;0;34.7;0;0;0;934.7;0;-934.7
08.11.2021 01:00:00;08.11.2021 02:00:00;0;0;900;0;59.1;0;0;0;959.1;0;-959.1
08.11.2021 02:00:00;08.11.2021 03:00:00;0;0;900;0;78.8;0;0;0;978.8;0;-978.8
08.11.2021 03:00:00;08.11.2021 04:00:00;0;0;900;0;0;0;79.7;0;979.7;0;-979.7
08.11.2021 04:00:00;08.11.2021 05:00:00;0;0;900;0;0;0;103.9;0;1003.9;0;-1003.9
08.11.2021 05:00:00;08.11.2021 06:00:00;0;0;841.1;0;72.7;0;200;0;1113.8;0;-1113.8
08.11.2021 06:00:00;08.11.2021 07:00:00;0;0;846.3;0;32.2;0;200;0;1078.5;0;-1078.5
08.11.2021 07:00:00;08.11.2021 08:00:00;0;0;753.5;0;0;0;200;0;953.5;0;-953.5
08.11.2021 08:00:00;08.11.2021 09:00:00;0;0;696.5;0;0;0;200;0;896.5;0;-896.5
08.11.2021 09:00:00;08.11.2021 10:00:00;0;0;755.6;0;0;0;200;0;955.6;0;-955.6
08.11.2021 10:00:00;08.11.2021 11:00:00;0;0;769.5;0;0;0;200;0;969.5;0;-969.5
08.11.2021 11:00:00;08.11.2021 12:00:00;0;0;774.7;0;0;0;200;0;974.7;0;-974.7
08.11.2021 12:00:00;08.11.2021 13:00:00;0;0;805.2;0;0;0;200;0;1005.2;0;-1005.2
08.11.2021 13:00:00;08.11.2021 14:00:00;0;0;747.7;0;0;0;200;0;947.7;0;-947.7
08.11.2021 14:00:00;08.11.2021 15:00:00;0;0;657.4;0;0;0;200;0;857.4;0;-857.4
08.11.2021 15:00:00;08.11.2021 16:00:00;0;0;638.7;0;0;0;200;0;838.7;0;-838.7
08.11.2021 16:00:00;08.11.2021 17:00:00;0;0;581.1;0;58.9;0;200;0;840;0;-840
08.11.2021 17:00:00;08.11.2021 18:00:00;0;0;492.2;0;154.6;0;200;0;846.8;0;-846.8
08.11.2021 18:00:00;08.11.2021 19:00:00;0;0;441.1;0;214.1;0;200;0;855.2;0;-855.2
08.11.2021 19:00:00;08.11.2021 20:00:00;0;0;337.7;0;342.7;0;200;0;880.4;0;-880.4
08.11.2021 20:00:00;08.11.2021 21:00:00;0;0;452.1;0;250.8;0;200;0;902.9;0;-902.9
08.11.2021 21:00:00;08.11.2021 22:00:00;0;0;394.8;0;336.7;0;200;0;931.5;0;-931.5
08.11.2021 22:00:00;08.11.2021 23:00:00;0;0;367.9;0;398.8;0;200;0;966.7;0;-966.7
08.11.2021 23:00:00;09.11.2021 00:00:00;0;0;394;0;385.4;0;200;0;979.4;0;-979.4
09.11.2021 00:00:00;09.11.2021 01:00:00;0;0;386.3;0;452.6;0;200;0;1038.9;0;-1038.9
09.11.2021 01:00:00;09.11.2021 02:00:00;0;0;357.8;0;459.6;0;200;0;1017.4;0;-1017.4
09.11.2021 02:00:00;09.11.2021 03:00:00;0;0;236.5;0;538.9;0;200;0;975.4;0;-975.4
09.11.2021 03:00:00;09.11.2021 04:00:00;0;0;81.8;0;650;0;200;0;931.8;0;-931.8
09.11.2021 04:00:00;09.11.2021 05:00:00;0;0;0;0;650;0;200;0;850;0;-850
09.11.2021 05:00:00;09.11.2021 06:00:00;0;0;8.7;0;650;0;149.2;0;807.9;0;-807.9
09.11.2021 06:00:00;09.11.2021 07:00:00;0;0;4;0;533;0;0;0;537;0;-537
09.11.2021 07:00:00;09.11.2021 08:00:00;0;0;35.8;0;398.4;0;0;0;434.2;0;-434.2
09.11.2021 08:00:00;09.11.2021 09:00:00;0;0;77.9;0;335.4;0;0;0;413.3;0;-413.3
09.11.2021 09:00:00;09.11.2021 10:00:00;0;0;73.5;0;280.5;0;0;0;354;0;-354
09.11.2021 10:00:00;09.11.2021 11:00:00;0;0;73.2;0;177.2;0;0;0;250.4;0;-250.4
09.11.2021 11:00:00;09.11.2021 12:00:00;0;0;116.9;0;169.3;0;0;0;286.2;0;-286.2
09.11.2021 12:00:00;09.11.2021 13:00:00;0;0;133.5;0;192.3;0;0;0;325.8;0;-325.8
09.11.2021 13:00:00;09.11.2021 14:00:00;0;0;137.5;0;330;0;0;0;467.5;0;-467.5
09.11.2021 14:00:00;09.11.2021 15:00:00;0;0;147.3;0;223.1;0;200;0;570.4;0;-570.4
09.11.2021 15:00:00;09.11.2021 16:00:00;0;0;211.9;0;302.1;0;200;0;714;0;-714
09.11.2021 16:00:00;09.11.2021 17:00:00;0;0;286.4;0;298.9;0;200;0;785.3;0;-785.3
09.11.2021 17:00:00;09.11.2021 18:00:00;0;0;286.5;0;318.5;0;200;0;805;0;-805
09.11.2021 18:00:00;09.11.2021 19:00:00;0;0;312.4;0;330.8;0;200;0;843.2;0;-843.2
09.11.2021 19:00:00;09.11.2021 20:00:00;0;0;313.9;0;342.9;0;200;0;856.8;0;-856.8
09.11.2021 20:00:00;09.11.2021 21:00:00;0;0;206.5;0;312.8;0;200;0;719.3;0;-719.3
09.11.2021 21:00:00;09.11.2021 22:00:00;0;0;0;0;189;0;94;0;283;0;-283
09.11.2021 22:00:00;09.11.2021 23:00:00;0;0;16.9;0;0;0;0;0;16.9;0;-16.9
09.11.2021 23:00:00;10.11.2021 00:00:00;0;0;0;0;0;226.4;0;250;0;476.4;476.4
10.11.2021 00:00:00;10.11.2021 01:00:00;0;0;46;0;0;337;0;250;46;587;541
10.11.2021 01:00:00;10.11.2021 02:00:00;0;0;100.8;0;0;348.5;0;250;100.8;598.5;497.7
10.11.2021 02:00:00;10.11.2021 03:00:00;0;0;122.5;0;0;349.3;0;250;122.5;599.3;476.8
10.11.2021 03:00:00;10.11.2021 04:00:00;0;0;26;0;0;268.5;0;250;26;518.5;492.5
10.11.2021 04:00:00;10.11.2021 05:00:00;0;0;0;0;0;246;0;250;0;496;496
10.11.2021 05:00:00;10.11.2021 06:00:00;0;0;0;0;0;207.8;0;250;0;457.8;457.8
10.11.2021 06:00:00;10.11.2021 07:00:00;0;0;0;200;0;0;0;1.7;0;201.7;201.7
10.11.2021 07:00:00;10.11.2021 08:00:00;0;0;0;0;219.5;0;178;0;397.5;0;-397.5
10.11.2021 08:00:00;10.11.2021 09:00:00;0;0;0;0;168.3;0;178;0;346.3;0;-346.3
10.11.2021 09:00:00;10.11.2021 10:00:00;0;0;0;36.4;193.4;0;0;0;193.4;36.4;-157
10.11.2021 10:00:00;10.11.2021 11:00:00;0;0;0;131;149;0;0;0;149;131;-18
10.11.2021 11:00:00;10.11.2021 12:00:00;0;0;0;110.1;102.1;0;0;0;102.1;110.1;8
10.11.2021 12:00:00;10.11.2021 13:00:00;0;0;0;0;135.8;0;13;0;148.8;0;-148.8
10.11.2021 13:00:00;10.11.2021 14:00:00;0;0;0;0;78.5;0;87.1;0;165.6;0;-165.6
10.11.2021 14:00:00;10.11.2021 15:00:00;0;0;0;0;66.2;0;11.6;0;77.8;0;-77.8
10.11.2021 15:00:00;10.11.2021 16:00:00;0;0;0;81.5;12.3;0;0;0;12.3;81.5;69.2
10.11.2021 16:00:00;10.11.2021 17:00:00;0;0;0;126.1;0;0;0;57.5;0;183.6;183.6
10.11.2021 17:00:00;10.11.2021 18:00:00;0;0;0;48.1;0;0;0;229.8;0;277.9;277.9
10.11.2021 18:00:00;10.11.2021 19:00:00;0;0;0;112.5;0;63.3;0;250;0;425.8;425.8
10.11.2021 19:00:00;10.11.2021 20:00:00;0;0;0;97.8;0;100.9;0;250;0;448.7;448.7
10.11.2021 20:00:00;10.11.2021 21:00:00;0;0;0;0;0;217.1;0;250;0;467.1;467.1
10.11.2021 21:00:00;10.11.2021 22:00:00;0;0;0;0;0;289.9;0;250;0;539.9;539.9
10.11.2021 22:00:00;10.11.2021 23:00:00;0;0;0;0;0;316.3;0;250;0;566.3;566.3
10.11.2021 23:00:00;11.11.2021 00:00:00;0;0;43.3;0;0;579.9;0;0;43.3;579.9;536.6
11.11.2021 00:00:00;11.11.2021 01:00:00;0;0;0;0;0;436.2;0;132.1;0;568.3;568.3
11.11.2021 01:00:00;11.11.2021 02:00:00;0;0;0;0;0;381.2;0;162;0;543.2;543.2
11.11.2021 02:00:00;11.11.2021 03:00:00;0;0;0;0;0;457.9;0;99.2;0;557.1;557.1
11.11.2021 03:00:00;11.11.2021 04:00:00;0;0;0;0;0;524.8;0;74.9;0;599.7;599.7
11.11.2021 04:00:00;11.11.2021 05:00:00;0;0;0;0;0;370.7;0;250;0;620.7;620.7
11.11.2021 05:00:00;11.11.2021 06:00:00;0;0;0;0;0;414.7;0;250;0;664.7;664.7
11.11.2021 06:00:00;11.11.2021 07:00:00;0;0;0;76;0;326.2;0;250;0;652.2;652.2
11.11.2021 07:00:00;11.11.2021 08:00:00;0;0;0;153.4;0;52.8;0;250;0;456.2;456.2
11.11.2021 08:00:00;11.11.2021 09:00:00;0;0;0;153.8;0;2.2;0;250;0;406;406
11.11.2021 09:00:00;11.11.2021 10:00:00;0;0;0;32.2;0;0;0;250;0;282.2;282.2
11.11.2021 10:00:00;11.11.2021 11:00:00;0;0;0;0;0;0;0;145.6;0;145.6;145.6
11.11.2021 11:00:00;11.11.2021 12:00:00;0;0;0;18.7;119.1;0;0;0;119.1;18.7;-100.4
11.11.2021 12:00:00;11.11.2021 13:00:00;0;0;0;76.9;219.8;0;0;0;219.8;76.9;-142.9
11.11.2021 13:00:00;11.11.2021 14:00:00;0;0;0;77.3;186.1;0;0;0;186.1;77.3;-108.8
11.11.2021 14:00:00;11.11.2021 15:00:00;0;0;0;23.9;110.8;0;0;0;110.8;23.9;-86.9
11.11.2021 15:00:00;11.11.2021 16:00:00;0;0;0;47.3;9.2;0;0;0;9.2;47.3;38.1
11.11.2021 16:00:00;11.11.2021 17:00:00;0;0;0;0;0;0;0;122.8;0;122.8;122.8
11.11.2021 17:00:00;11.11.2021 18:00:00;0;0;0;40.1;163.4;0;0;0;163.4;40.1;-123.3
11.11.2021 18:00:00;11.11.2021 19:00:00;0;0;0;90.5;288.4;0;0;0;288.4;90.5;-197.9
11.11.2021 19:00:00;11.11.2021 20:00:00;0;0;0;98.2;192.6;0;0;0;192.6;98.2;-94.4
11.11.2021 20:00:00;11.11.2021 21:00:00;0;0;0;142;52.2;0;0;0;52.2;142;89.8
11.11.2021 21:00:00;11.11.2021 22:00:00;0;0;0;120.3;24;0;0;0;24;120.3;96.3
11.11.2021 22:00:00;11.11.2021 23:00:00;0;0;0;200;0;0;0;163;0;363;363
11.11.2021 23:00:00;12.11.2021 00:00:00;0;0;0;200;0;203.1;0;250;0;653.1;653.1
12.11.2021 00:00:00;12.11.2021 01:00:00;0;0;0;200;0;149.6;0;250;0;599.6;599.6
12.11.2021 01:00:00;12.11.2021 02:00:00;0;0;0;200;0;73.7;0;250;0;523.7;523.7
12.11.2021 02:00:00;12.11.2021 03:00:00;0;0;0;200;0;72.3;0;250;0;522.3;522.3
12.11.2021 03:00:00;12.11.2021 04:00:00;0;0;0;163.7;0;22.4;0;250;0;436.1;436.1
12.11.2021 04:00:00;12.11.2021 05:00:00;0;0;0;34;0;3.3;0;250;0;287.3;287.3
12.11.2021 05:00:00;12.11.2021 06:00:00;0;0;0;0;69.5;0;0;0;69.5;0;-69.5
12.11.2021 06:00:00;12.11.2021 07:00:00;0;0;215.2;0;210.8;0;0;0;426;0;-426
12.11.2021 07:00:00;12.11.2021 08:00:00;0;0;344.1;0;95.8;0;0;0;439.9;0;-439.9
12.11.2021 08:00:00;12.11.2021 09:00:00;0;0;426.9;0;17.1;0;0;0;444;0;-444
12.11.2021 09:00:00;12.11.2021 10:00:00;0;0;448.5;0;0;0;0;0;448.5;0;-448.5
12.11.2021 10:00:00;12.11.2021 11:00:00;0;0;528.1;0;0;0;0;0;528.1;0;-528.1
12.11.2021 11:00:00;12.11.2021 12:00:00;0;0;676.6;0;0;0;0;0;676.6;0;-676.6
12.11.2021 12:00:00;12.11.2021 13:00:00;0;0;698;0;51.5;0;32.1;0;781.6;0;-781.6
12.11.2021 13:00:00;12.11.2021 14:00:00;0;0;688.8;0;7.9;0;142.3;0;839;0;-839
12.11.2021 14:00:00;12.11.2021 15:00:00;0;0;688.8;0;9.9;0;150;0;848.7;0;-848.7
12.11.2021 15:00:00;12.11.2021 16:00:00;0;0;659;0;39;0;150;0;848;0;-848
12.11.2021 16:00:00;12.11.2021 17:00:00;0;0;597.1;0;95;0;150;0;842.1;0;-842.1
12.11.2021 17:00:00;12.11.2021 18:00:00;0;0;502.8;0;194;0;150;0;846.8;0;-846.8
12.11.2021 18:00:00;12.11.2021 19:00:00;0;0;443.7;0;246;0;150;0;839.7;0;-839.7
12.11.2021 19:00:00;12.11.2021 20:00:00;0;0;415.1;0;272.2;0;150;0;837.3;0;-837.3
12.11.2021 20:00:00;12.11.2021 21:00:00;0;0;398.5;0;308.9;0;150;0;857.4;0;-857.4
12.11.2021 21:00:00;12.11.2021 22:00:00;0;0;384.2;0;329.4;0;150;0;863.6;0;-863.6
12.11.2021 22:00:00;12.11.2021 23:00:00;0;0;327.1;0;321.8;0;150;0;798.9;0;-798.9
12.11.2021 23:00:00;13.11.2021 00:00:00;0;0;330.5;0;312;0;150;0;792.5;0;-792.5
13.11.2021 00:00:00;13.11.2021 01:00:00;0;0;552.4;0;420.9;0;150;0;1123.3;0;-1123.3
13.11.2021 01:00:00;13.11.2021 02:00:00;0;0;454.5;0;562.3;0;150;0;1166.8;0;-1166.8
13.11.2021 02:00:00;13.11.2021 03:00:00;0;0;420.1;0;636.5;0;150;0;1206.6;0;-1206.6
13.11.2021 03:00:00;13.11.2021 04:00:00;0;0;448.2;0;650;0;150;0;1248.2;0;-1248.2
13.11.2021 04:00:00;13.11.2021 05:00:00;0;0;497;0;626.4;0;150;0;1273.4;0;-1273.4
13.11.2021 05:00:00;13.11.2021 06:00:00;0;0;597.1;0;630.7;0;150;0;1377.8;0;-1377.8
13.11.2021 06:00:00;13.11.2021 07:00:00;0;0;721.5;0;510.6;0;150;0;1382.1;0;-1382.1
13.11.2021 07:00:00;13.11.2021 08:00:00;0;0;842.7;0;453.2;0;150;0;1445.9;0;-1445.9
13.11.2021 08:00:00;13.11.2021 09:00:00;0;0;828.6;0;445;0;150;0;1423.6;0;-1423.6
13.11.2021 09:00:00;13.11.2021 10:00:00;0;0;807.3;0;432.4;0;150;0;1389.7;0;-1389.7
13.11.2021 10:00:00;13.11.2021 11:00:00;0;0;816.5;0;346.6;0;150;0;1313.1;0;-1313.1
13.11.2021 11:00:00;13.11.2021 12:00:00;0;0;823.8;0;335.7;0;150;0;1309.5;0;-1309.5
13.11.2021 12:00:00;13.11.2021 13:00:00;0;0;826.8;0;331.9;0;150;0;1308.7;0;-1308.7
13.11.2021 13:00:00;13.11.2021 14:00:00;0;0;841.4;0;311.7;0;150;0;1303.1;0;-1303.1
13.11.2021 14:00:00;13.11.2021 15:00:00;0;0;854.3;0;279.4;0;150;0;1283.7;0;-1283.7
13.11.2021 15:00:00;13.11.2021 16:00:00;0;0;864.1;0;264.7;0;150;0;1278.8;0;-1278.8
13.11.2021 16:00:00;13.11.2021 17:00:00;0;0;890.1;0;243.5;0;150;0;1283.6;0;-1283.6
13.11.2021 17:00:00;13.11.2021 18:00:00;0;0;914.8;0;229.4;0;150;0;1294.2;0;-1294.2
13.11.2021 18:00:00;13.11.2021 19:00:00;0;0;939;0;219.3;0;150;0;1308.3;0;-1308.3
13.11.2021 19:00:00;13.11.2021 20:00:00;0;0;971.9;0;196.9;0;150;0;1318.8;0;-1318.8
13.11.2021 20:00:00;13.11.2021 21:00:00;0;0;995.1;0;210.5;0;150;0;1355.6;0;-1355.6
13.11.2021 21:00:00;13.11.2021 22:00:00;0;0;979.8;0;152.6;0;150;0;1282.4;0;-1282.4
13.11.2021 22:00:00;13.11.2021 23:00:00;0;0;911.8;0;205.7;0;150;0;1267.5;0;-1267.5
13.11.2021 23:00:00;14.11.2021 00:00:00;0;0;869;0;208.7;0;150;0;1227.7;0;-1227.7
14.11.2021 00:00:00;14.11.2021 01:00:00;0;0;845.9;0;269.1;0;150;0;1265;0;-1265
14.11.2021 01:00:00;14.11.2021 02:00:00;0;0;791.7;0;235.5;0;150;0;1177.2;0;-1177.2
14.11.2021 02:00:00;14.11.2021 03:00:00;0;0;749.2;0;205;0;150;0;1104.2;0;-1104.2
14.11.2021 03:00:00;14.11.2021 04:00:00;0;0;712.7;0;201.2;0;150;0;1063.9;0;-1063.9
14.11.2021 04:00:00;14.11.2021 05:00:00;0;0;706.4;0;274.3;0;150;0;1130.7;0;-1130.7
14.11.2021 05:00:00;14.11.2021 06:00:00;0;0;724;0;325;0;150;0;1199;0;-1199
14.11.2021 06:00:00;14.11.2021 07:00:00;0;0;607;0;300.4;0;150;0;1057.4;0;-1057.4
14.11.2021 07:00:00;14.11.2021 08:00:00;0;0;631.4;0;357;0;150;0;1138.4;0;-1138.4
14.11.2021 08:00:00;14.11.2021 09:00:00;0;0;634;0;349.6;0;150;0;1133.6;0;-1133.6
14.11.2021 09:00:00;14.11.2021 10:00:00;0;0;541.6;0;439.8;0;150;0;1131.4;0;-1131.4
14.11.2021 10:00:00;14.11.2021 11:00:00;0;0;399.1;0;549;0;150;0;1098.1;0;-1098.1
14.11.2021 11:00:00;14.11.2021 12:00:00;0;0;290;0;643.4;0;150;0;1083.4;0;-1083.4
14.11.2021 12:00:00;14.11.2021 13:00:00;0;0;280.3;0;650;0;150;0;1080.3;0;-1080.3
14.11.2021 13:00:00;14.11.2021 14:00:00;0;0;286.8;0;650;0;150;0;1086.8;0;-1086.8
14.11.2021 14:00:00;14.11.2021 15:00:00;0;0;322.4;0;650;0;150;0;1122.4;0;-1122.4
14.11.2021 15:00:00;14.11.2021 16:00:00;0;0;435.5;0;578.7;0;150;0;1164.2;0;-1164.2
14.11.2021 16:00:00;14.11.2021 17:00:00;0;0;555.1;0;487.5;0;150;0;1192.6;0;-1192.6
14.11.2021 17:00:00;14.11.2021 18:00:00;0;0;615.5;0;460.3;0;150;0;1225.8;0;-1225.8
14.11.2021 18:00:00;14.11.2021 19:00:00;0;0;635;0;432.8;0;150;0;1217.8;0;-1217.8
14.11.2021 19:00:00;14.11.2021 20:00:00;0;0;701.3;0;349.8;0;150;0;1201.1;0;-1201.1
14.11.2021 20:00:00;14.11.2021 21:00:00;0;0;716.7;0;311.7;0;150;0;1178.4;0;-1178.4
14.11.2021 21:00:00;14.11.2021 22:00:00;0;0;671.3;0;242.6;0;150;0;1063.9;0;-1063.9
14.11.2021 22:00:00;14.11.2021 23:00:00;0;0;617.5;0;227.3;0;150;0;994.8;0;-994.8
14.11.2021 23:00:00;15.11.2021 00:00:00;0;0;582.1;0;280.4;0;150;0;1012.5;0;-1012.5
15.11.2021 00:00:00;15.11.2021 01:00:00;0;0;631.5;0;361.4;0;150;0;1142.9;0;-1142.9
15.11.2021 01:00:00;15.11.2021 02:00:00;0;0;601.1;0;372.8;0;150;0;1123.9;0;-1123.9
15.11.2021 02:00:00;15.11.2021 03:00:00;0;0;626.8;0;343.3;0;150;0;1120.1;0;-1120.1
15.11.2021 03:00:00;15.11.2021 04:00:00;0;0;577.1;0;361.8;0;150;0;1088.9;0;-1088.9
15.11.2021 04:00:00;15.11.2021 05:00:00;0;0;610.4;0;373.9;0;150;0;1134.3;0;-1134.3
15.11.2021 05:00:00;15.11.2021 06:00:00;0;0;647.9;0;359;0;150;0;1156.9;0;-1156.9
15.11.2021 06:00:00;15.11.2021 07:00:00;0;0;779.6;0;141;0;148.3;0;1068.9;0;-1068.9
15.11.2021 07:00:00;15.11.2021 08:00:00;0;0;824.8;0;33.6;0;70.1;0;928.5;0;-928.5
15.11.2021 08:00:00;15.11.2021 09:00:00;0;0;779.8;0;0;0;123.5;0;903.3;0;-903.3
15.11.2021 09:00:00;15.11.2021 10:00:00;0;0;754.6;0;0;0;127.8;0;882.4;0;-882.4
15.11.2021 10:00:00;15.11.2021 11:00:00;0;0;653.9;0;37.3;0;150;0;841.2;0;-841.2
15.11.2021 11:00:00;15.11.2021 12:00:00;0;0;498.8;0;163.5;0;150;0;812.3;0;-812.3
15.11.2021 12:00:00;15.11.2021 13:00:00;0;0;454.7;0;178.9;0;150;0;783.6;0;-783.6
15.11.2021 13:00:00;15.11.2021 14:00:00;0;0;457.4;0;169;0;150;0;776.4;0;-776.4
15.11.2021 14:00:00;15.11.2021 15:00:00;0;0;417.6;0;194.5;0;150;0;762.1;0;-762.1
15.11.2021 15:00:00;15.11.2021 16:00:00;0;0;378.7;0;195;0;150;0;723.7;0;-723.7
15.11.2021 16:00:00;15.11.2021 17:00:00;0;0;391.2;0;197.3;0;150;0;738.5;0;-738.5
15.11.2021 17:00:00;15.11.2021 18:00:00;0;0;369;0;218.1;0;150;0;737.1;0;-737.1
15.11.2021 18:00:00;15.11.2021 19:00:00;0;0;394.2;0;196.1;0;150;0;740.3;0;-740.3
15.11.2021 19:00:00;15.11.2021 20:00:00;0;0;520;0;83.8;0;150;0;753.8;0;-753.8
15.11.2021 20:00:00;15.11.2021 21:00:00;0;0;564.4;0;45.1;0;150;0;759.5;0;-759.5
15.11.2021 21:00:00;15.11.2021 22:00:00;0;0;596.8;0;35.7;0;150;0;782.5;0;-782.5
15.11.2021 22:00:00;15.11.2021 23:00:00;0;0;503.4;0;178.3;0;150;0;831.7;0;-831.7
15.11.2021 23:00:00;16.11.2021 00:00:00;0;0;465.1;0;231.7;0;150;0;846.8;0;-846.8
16.11.2021 00:00:00;16.11.2021 01:00:00;0;0;617.7;0;132.2;0;150;0;899.9;0;-899.9
16.11.2021 01:00:00;16.11.2021 02:00:00;0;0;509.1;0;237.3;0;150;0;896.4;0;-896.4
16.11.2021 02:00:00;16.11.2021 03:00:00;0;0;468;0;312;0;150;0;930;0;-930
16.11.2021 03:00:00;16.11.2021 04:00:00;0;0;450.8;0;368;0;150;0;968.8;0;-968.8
16.11.2021 04:00:00;16.11.2021 05:00:00;0;0;496;0;372.7;0;150;0;1018.7;0;-1018.7
16.11.2021 05:00:00;16.11.2021 06:00:00;0;0;681;0;282.5;0;150;0;1113.5;0;-1113.5
16.11.2021 06:00:00;16.11.2021 07:00:00;0;0;705.3;0;230.3;0;150;0;1085.6;0;-1085.6
16.11.2021 07:00:00;16.11.2021 08:00:00;0;0;697.8;0;125;0;150;0;972.8;0;-972.8
16.11.2021 08:00:00;16.11.2021 09:00:00;0;0;705;0;113.5;0;150;0;968.5;0;-968.5
16.11.2021 09:00:00;16.11.2021 10:00:00;0;0;711.3;0;119.2;0;150;0;980.5;0;-980.5
16.11.2021 10:00:00;16.11.2021 11:00:00;0;0;709.9;0;120.6;0;150;0;980.5;0;-980.5
16.11.2021 11:00:00;16.11.2021 12:00:00;0;0;699.7;0;116.6;0;150;0;966.3;0;-966.3
16.11.2021 12:00:00;16.11.2021 13:00:00;0;0;713.2;0;101.4;0;150;0;964.6;0;-964.6
16.11.2021 13:00:00;16.11.2021 14:00:00;0;0;722.2;0;91.6;0;150;0;963.8;0;-963.8
16.11.2021 14:00:00;16.11.2021 15:00:00;0;0;729.1;0;62.7;0;150;0;941.8;0;-941.8
16.11.2021 15:00:00;16.11.2021 16:00:00;0;0;714.3;0;45.9;0;150;0;910.2;0;-910.2
16.11.2021 16:00:00;16.11.2021 17:00:00;0;0;684.8;0;42.3;0;150;0;877.1;0;-877.1
16.11.2021 17:00:00;16.11.2021 18:00:00;0;0;676.9;0;75;0;150;0;901.9;0;-901.9
16.11.2021 18:00:00;16.11.2021 19:00:00;0;0;650.4;0;123.4;0;150;0;923.8;0;-923.8
16.11.2021 19:00:00;16.11.2021 20:00:00;0;0;603.2;0;169.7;0;150;0;922.9;0;-922.9
16.11.2021 20:00:00;16.11.2021 21:00:00;0;0;552.6;0;217.3;0;150;0;919.9;0;-919.9
16.11.2021 21:00:00;16.11.2021 22:00:00;0;0;484.8;0;291.1;0;150;0;925.9;0;-925.9
16.11.2021 22:00:00;16.11.2021 23:00:00;0;0;449.2;0;364.2;0;150;0;963.4;0;-963.4
16.11.2021 23:00:00;17.11.2021 00:00:00;0;0;377.4;0;453.1;0;0;0;830.5;0;-830.5
17.11.2021 00:00:00;17.11.2021 01:00:00;0;0;253.5;0;482.4;0;0;0;735.9;0;-735.9
17.11.2021 01:00:00;17.11.2021 02:00:00;0;0;250.4;0;474.6;0;0;0;725;0;-725
17.11.2021 02:00:00;17.11.2021 03:00:00;0;0;201.6;0;238.8;0;0;0;440.4;0;-440.4
17.11.2021 03:00:00;17.11.2021 04:00:00;0;0;209.3;0;118.1;0;0;0;327.4;0;-327.4
17.11.2021 04:00:00;17.11.2021 05:00:00;0;0;183.4;0;255.6;0;0;0;439;0;-439
17.11.2021 05:00:00;17.11.2021 06:00:00;0;0;249.8;0;479.5;0;0;0;729.3;0;-729.3
17.11.2021 06:00:00;17.11.2021 07:00:00;0;0;394.8;0;446.9;0;0;0;841.7;0;-841.7
17.11.2021 07:00:00;17.11.2021 08:00:00;0;0;391.1;0;358.3;0;0;0;749.4;0;-749.4
17.11.2021 08:00:00;17.11.2021 09:00:00;0;0;473.1;0;298.3;0;0;0;771.4;0;-771.4
17.11.2021 09:00:00;17.11.2021 10:00:00;0;0;467.6;0;181;0;116.8;0;765.4;0;-765.4
17.11.2021 10:00:00;17.11.2021 11:00:00;0;0;430.8;0;137.3;0;150;0;718.1;0;-718.1
17.11.2021 11:00:00;17.11.2021 12:00:00;0;0;449.2;0;129.1;0;150;0;728.3;0;-728.3
17.11.2021 12:00:00;17.11.2021 13:00:00;0;0;504.7;0;91.7;0;150;0;746.4;0;-746.4
17.11.2021 13:00:00;17.11.2021 14:00:00;0;0;497;0;78.4;0;150;0;725.4;0;-725.4
17.11.2021 14:00:00;17.11.2021 15:00:00;0;0;542;0;92.9;0;150;0;784.9;0;-784.9
17.11.2021 15:00:00;17.11.2021 16:00:00;0;0;571.7;0;124.4;0;150;0;846.1;0;-846.1
17.11.2021 16:00:00;17.11.2021 17:00:00;0;0;582.3;0;129.1;0;150;0;861.4;0;-861.4
17.11.2021 17:00:00;17.11.2021 18:00:00;0;0;572.7;0;181.1;0;150;0;903.8;0;-903.8
17.11.2021 18:00:00;17.11.2021 19:00:00;0;0;520.4;0;255.1;0;150;0;925.5;0;-925.5
17.11.2021 19:00:00;17.11.2021 20:00:00;0;0;510.6;0;341.3;0;150;0;1001.9;0;-1001.9
17.11.2021 20:00:00;17.11.2021 21:00:00;0;0;491.6;0;378.8;0;150;0;1020.4;0;-1020.4
17.11.2021 21:00:00;17.11.2021 22:00:00;0;0;431.1;0;470.7;0;150;0;1051.8;0;-1051.8
17.11.2021 22:00:00;17.11.2021 23:00:00;0;0;366.9;0;474.5;0;150;0;991.4;0;-991.4
17.11.2021 23:00:00;18.11.2021 00:00:00;0;0;0;0;650;0;104.8;0;754.8;0;-754.8
18.11.2021 00:00:00;18.11.2021 01:00:00;0;0;0;0;599.3;0;0;0;599.3;0;-599.3
18.11.2021 01:00:00;18.11.2021 02:00:00;0;0;0;61.4;340;0;0;0;340;61.4;-278.6
18.11.2021 02:00:00;18.11.2021 03:00:00;0;0;0;190.8;273.3;0;0;0;273.3;190.8;-82.5
18.11.2021 03:00:00;18.11.2021 04:00:00;0;0;0;200;258.4;0;0;0;258.4;200;-58.4
18.11.2021 04:00:00;18.11.2021 05:00:00;0;0;0;199.6;483;0;0;0;483;199.6;-283.4
18.11.2021 05:00:00;18.11.2021 06:00:00;0;0;0;0;607.8;0;0;0;607.8;0;-607.8
18.11.2021 06:00:00;18.11.2021 07:00:00;0;0;0;0;650;0;94.8;0;744.8;0;-744.8
18.11.2021 07:00:00;18.11.2021 08:00:00;0;0;63.1;0;517.6;0;49.7;0;630.4;0;-630.4
18.11.2021 08:00:00;18.11.2021 09:00:00;0;0;158.1;0;346.1;0;78.9;0;583.1;0;-583.1
18.11.2021 09:00:00;18.11.2021 10:00:00;0;0;252.9;0;206.4;0;112.7;0;572;0;-572
18.11.2021 10:00:00;18.11.2021 11:00:00;0;0;363.1;0;129.6;0;61.1;0;553.8;0;-553.8
18.11.2021 11:00:00;18.11.2021 12:00:00;0;0;473.1;0;23.6;0;40;0;536.7;0;-536.7
18.11.2021 12:00:00;18.11.2021 13:00:00;0;0;534.9;0;0;0;0;0;534.9;0;-534.9
18.11.2021 13:00:00;18.11.2021 14:00:00;0;0;572.5;0;0;0;0;0;572.5;0;-572.5
18.11.2021 14:00:00;18.11.2021 15:00:00;0;0;546.5;0;0;0;0;0;546.5;0;-546.5
18.11.2021 15:00:00;18.11.2021 16:00:00;0;0;524;0;0;0;0;0;524;0;-524
18.11.2021 16:00:00;18.11.2021 17:00:00;0;0;518.9;0;0;0;0;0;518.9;0;-518.9
18.11.2021 17:00:00;18.11.2021 18:00:00;0;0;585.4;0;0;6.2;0;0;585.4;6.2;-579.2
18.11.2021 18:00:00;18.11.2021 19:00:00;0;0;519.5;0;0;0;120.9;0;640.4;0;-640.4
18.11.2021 19:00:00;18.11.2021 20:00:00;0;0;437.2;0;101.1;0;150;0;688.3;0;-688.3
18.11.2021 20:00:00;18.11.2021 21:00:00;0;0;395.1;0;155.6;0;150;0;700.7;0;-700.7
18.11.2021 21:00:00;18.11.2021 22:00:00;0;0;334.1;0;202.3;0;150;0;686.4;0;-686.4
18.11.2021 22:00:00;18.11.2021 23:00:00;0;0;174.3;0;104.7;0;5.7;0;284.7;0;-284.7
18.11.2021 23:00:00;19.11.2021 00:00:00;0;0;0;0;206.5;0;0;0;206.5;0;-206.5
19.11.2021 00:00:00;19.11.2021 01:00:00;0;0;101.6;0;51.7;0;0;0;153.3;0;-153.3
19.11.2021 01:00:00;19.11.2021 02:00:00;0;0;195.6;0;89.2;0;0;0;284.8;0;-284.8
19.11.2021 02:00:00;19.11.2021 03:00:00;0;0;291.8;0;64.5;0;0;0;356.3;0;-356.3
19.11.2021 03:00:00;19.11.2021 04:00:00;0;0;382.2;0;51.8;0;0;0;434;0;-434
19.11.2021 04:00:00;19.11.2021 05:00:00;0;0;417.9;0;140.1;0;0;0;558;0;-558
19.11.2021 05:00:00;19.11.2021 06:00:00;0;0;475.2;0;0;0;62.3;0;537.5;0;-537.5
19.11.2021 06:00:00;19.11.2021 07:00:00;0;0;458.7;0;7.1;0;150;0;615.8;0;-615.8
19.11.2021 07:00:00;19.11.2021 08:00:00;0;0;484;0;2.7;0;150;0;636.7;0;-636.7
19.11.2021 08:00:00;19.11.2021 09:00:00;0;0;393.4;0;51.6;0;150;0;595;0;-595
19.11.2021 09:00:00;19.11.2021 10:00:00;0;0;392.3;0;0;0;150;0;542.3;0;-542.3
19.11.2021 10:00:00;19.11.2021 11:00:00;0;0;307.2;0;0;0;150;0;457.2;0;-457.2
19.11.2021 11:00:00;19.11.2021 12:00:00;0;0;207.2;0;0;0;150;0;357.2;0;-357.2
19.11.2021 12:00:00;19.11.2021 13:00:00;0;0;106.9;0;75.6;0;150;0;332.5;0;-332.5
19.11.2021 13:00:00;19.11.2021 14:00:00;0;0;25.4;0;242.1;0;14.5;0;282;0;-282
19.11.2021 14:00:00;19.11.2021 15:00:00;0;0;25.6;0;150;0;0;0;175.6;0;-175.6
19.11.2021 15:00:00;19.11.2021 16:00:00;0;0;0;0;63.2;0;0;0;63.2;0;-63.2
19.11.2021 16:00:00;19.11.2021 17:00:00;0;0;0;0;111.9;0;0;0;111.9;0;-111.9
19.11.2021 17:00:00;19.11.2021 18:00:00;0;0;0;0;77.3;0;0;0;77.3;0;-77.3
19.11.2021 18:00:00;19.11.2021 19:00:00;0;0;0;0;0;0;0;170.6;0;170.6;170.6
19.11.2021 19:00:00;19.11.2021 20:00:00;0;0;0;200;0;344.3;0;250;0;794.3;794.3
19.11.2021 20:00:00;19.11.2021 21:00:00;0;0;0;200;0;466.6;0;250;0;916.6;916.6
19.11.2021 21:00:00;19.11.2021 22:00:00;0;0;0;200;0;520.4;0;250;0;970.4;970.4
19.11.2021 22:00:00;19.11.2021 23:00:00;0;0;0;200;0;522.6;0;250;0;972.6;972.6
19.11.2021 23:00:00;20.11.2021 00:00:00;0;0;0;200;0;488.8;0;250;0;938.8;938.8
20.11.2021 00:00:00;20.11.2021 01:00:00;0;0;0;106.5;0;531;0;250;0;887.5;887.5
20.11.2021 01:00:00;20.11.2021 02:00:00;0;0;0;24.2;0;553.8;0;250;0;828;828
20.11.2021 02:00:00;20.11.2021 03:00:00;0;0;0;0;0;499;0;250;0;749;749
20.11.2021 03:00:00;20.11.2021 04:00:00;0;0;0;0;0;413.3;0;250;0;663.3;663.3
20.11.2021 04:00:00;20.11.2021 05:00:00;0;0;102.7;0;0;444.3;0;250;102.7;694.3;591.6
20.11.2021 05:00:00;20.11.2021 06:00:00;0;0;0;0;0;299.9;0;250;0;549.9;549.9
20.11.2021 06:00:00;20.11.2021 07:00:00;0;0;19;0;0;0;0;204.8;19;204.8;185.8
20.11.2021 07:00:00;20.11.2021 08:00:00;0;0;2.1;0;0;0;0;0;2.1;0;-2.1
20.11.2021 08:00:00;20.11.2021 09:00:00;0;0;621.8;0;0;0;0;0;621.8;0;-621.8
20.11.2021 09:00:00;20.11.2021 10:00:00;0;0;674.3;0;0;0;74.8;0;749.1;0;-749.1
20.11.2021 10:00:00;20.11.2021 11:00:00;0;0;638.7;0;0;0;0;0;638.7;0;-638.7
20.11.2021 11:00:00;20.11.2021 12:00:00;0;0;615.7;0;0;0;0;0;615.7;0;-615.7
20.11.2021 12:00:00;20.11.2021 13:00:00;0;0;585.2;0;0;0;0;0;585.2;0;-585.2
20.11.2021 13:00:00;20.11.2021 14:00:00;0;0;578.6;0;22.9;0;0;0;601.5;0;-601.5
20.11.2021 14:00:00;20.11.2021 15:00:00;0;0;507.2;0;87.6;0;0;0;594.8;0;-594.8
20.11.2021 15:00:00;20.11.2021 16:00:00;0;0;522.2;0;62.9;0;0;0;585.1;0;-585.1
20.11.2021 16:00:00;20.11.2021 17:00:00;0;0;590.7;0;19.9;0;0;0;610.6;0;-610.6
20.11.2021 17:00:00;20.11.2021 18:00:00;0;0;660.9;0;0;0;134.2;0;795.1;0;-795.1
20.11.2021 18:00:00;20.11.2021 19:00:00;0;0;637.1;0;1.3;0;150;0;788.4;0;-788.4
20.11.2021 19:00:00;20.11.2021 20:00:00;0;0;572.3;0;70.8;0;150;0;793.1;0;-793.1
20.11.2021 20:00:00;20.11.2021 21:00:00;0;0;598.4;0;10.4;0;110.6;0;719.4;0;-719.4
20.11.2021 21:00:00;20.11.2021 22:00:00;0;0;599.5;0;11.5;0;150;0;761;0;-761
20.11.2021 22:00:00;20.11.2021 23:00:00;0;0;580.5;0;92.8;0;99.2;0;772.5;0;-772.5
20.11.2021 23:00:00;21.11.2021 00:00:00;0;0;648.1;0;19.5;0;0;0;667.6;0;-667.6
21.11.2021 00:00:00;21.11.2021 01:00:00;0;0;365.6;0;159.5;0;150;0;675.1;0;-675.1
21.11.2021 01:00:00;21.11.2021 02:00:00;0;0;404.6;0;170.5;0;150;0;725.1;0;-725.1
21.11.2021 02:00:00;21.11.2021 03:00:00;0;0;412.2;0;178.4;0;150;0;740.6;0;-740.6
21.11.2021 03:00:00;21.11.2021 04:00:00;0;0;453.2;0;164.5;0;150;0;767.7;0;-767.7
21.11.2021 04:00:00;21.11.2021 05:00:00;0;0;488.6;0;148.6;0;150;0;787.2;0;-787.2
21.11.2021 05:00:00;21.11.2021 06:00:00;0;0;544.9;0;107.1;0;150;0;802;0;-802
21.11.2021 06:00:00;21.11.2021 07:00:00;0;0;596.4;0;51.8;0;150;0;798.2;0;-798.2
21.11.2021 07:00:00;21.11.2021 08:00:00;0;0;679.5;0;10.8;0;150;0;840.3;0;-840.3
21.11.2021 08:00:00;21.11.2021 09:00:00;0;0;704.9;0;0;0;150;0;854.9;0;-854.9
21.11.2021 09:00:00;21.11.2021 10:00:00;0;0;709.2;0;0;0;150;0;859.2;0;-859.2
21.11.2021 10:00:00;21.11.2021 11:00:00;0;0;677.3;0;0;0;150;0;827.3;0;-827.3
21.11.2021 11:00:00;21.11.2021 12:00:00;0;0;675.3;0;0;0;150;0;825.3;0;-825.3
21.11.2021 12:00:00;21.11.2021 13:00:00;0;0;720.4;0;0;0;87.5;0;807.9;0;-807.9
21.11.2021 13:00:00;21.11.2021 14:00:00;0;0;760.3;0;0;0;50.8;0;811.1;0;-811.1
21.11.2021 14:00:00;21.11.2021 15:00:00;0;0;806.7;0;0;30.4;0;0;806.7;30.4;-776.3
21.11.2021 15:00:00;21.11.2021 16:00:00;0;0;842.5;0;0;90.2;0;0;842.5;90.2;-752.3
21.11.2021 16:00:00;21.11.2021 17:00:00;0;0;848.3;0;0;118.5;0;0;848.3;118.5;-729.8
21.11.2021 17:00:00;21.11.2021 18:00:00;0;0;848.3;0;0;115;0;0;848.3;115;-733.3
21.11.2021 18:00:00;21.11.2021 19:00:00;0;0;845.2;0;0;118.4;0;0;845.2;118.4;-726.8
21.11.2021 19:00:00;21.11.2021 20:00:00;0;0;815.4;0;0;107.5;0;0;815.4;107.5;-707.9
21.11.2021 20:00:00;21.11.2021 21:00:00;0;0;740.7;0;0;17.3;0;0;740.7;17.3;-723.4
21.11.2021 21:00:00;21.11.2021 22:00:00;0;0;647.2;0;0;0;99.1;0;746.3;0;-746.3
21.11.2021 22:00:00;21.11.2021 23:00:00;0;0;593.9;0;0;0;150;0;743.9;0;-743.9
21.11.2021 23:00:00;22.11.2021 00:00:00;0;0;595.5;0;0;0;150;0;745.5;0;-745.5
22.11.2021 00:00:00;22.11.2021 01:00:00;0;0;110.8;0;583.7;0;150;0;844.5;0;-844.5
22.11.2021 01:00:00;22.11.2021 02:00:00;0;0;23.9;0;650;0;150;0;823.9;0;-823.9
22.11.2021 02:00:00;22.11.2021 03:00:00;0;0;8.2;0;650;0;150;0;808.2;0;-808.2
22.11.2021 03:00:00;22.11.2021 04:00:00;0;0;0;6;650;0;150;0;800;6;-794
22.11.2021 04:00:00;22.11.2021 05:00:00;0;0;0;82.6;650;0;150;0;800;82.6;-717.4
22.11.2021 05:00:00;22.11.2021 06:00:00;0;0;0;200;650;0;150;0;800;200;-600
22.11.2021 06:00:00;22.11.2021 07:00:00;0;0;0;200;650;0;150;0;800;200;-600
22.11.2021 07:00:00;22.11.2021 08:00:00;0;0;0;200;650;0;150;0;800;200;-600
22.11.2021 08:00:00;22.11.2021 09:00:00;0;0;0;200;650;0;150;0;800;200;-600
22.11.2021 09:00:00;22.11.2021 10:00:00;0;0;0;200;650;0;150;0;800;200;-600
22.11.2021 10:00:00;22.11.2021 11:00:00;0;0;0;200;650;0;150;0;800;200;-600
22.11.2021 11:00:00;22.11.2021 12:00:00;0;0;0;200;650;0;150;0;800;200;-600
22.11.2021 12:00:00;22.11.2021 13:00:00;0;0;0;200;623.2;0;150;0;773.2;200;-573.2
22.11.2021 13:00:00;22.11.2021 14:00:00;0;0;0;200;611.5;0;150;0;761.5;200;-561.5
22.11.2021 14:00:00;22.11.2021 15:00:00;0;0;0;200;641;0;150;0;791;200;-591
22.11.2021 15:00:00;22.11.2021 16:00:00;0;0;0;200;650;0;150;0;800;200;-600
22.11.2021 16:00:00;22.11.2021 17:00:00;0;0;0;200;650;0;150;0;800;200;-600
22.11.2021 17:00:00;22.11.2021 18:00:00;0;0;0;200;646.1;0;150;0;796.1;200;-596.1
22.11.2021 18:00:00;22.11.2021 19:00:00;0;0;0;200;650;0;150;0;800;200;-600
22.11.2021 19:00:00;22.11.2021 20:00:00;0;0;0;200;650;0;150;0;800;200;-600
22.11.2021 20:00:00;22.11.2021 21:00:00;0;0;0;200;650;0;150;0;800;200;-600
22.11.2021 21:00:00;22.11.2021 22:00:00;0;0;0;200;650;0;150;0;800;200;-600
22.11.2021 22:00:00;22.11.2021 23:00:00;0;0;0;178.2;650;0;150;0;800;178.2;-621.8
22.11.2021 23:00:00;23.11.2021 00:00:00;0;0;0;156.5;650;0;150;0;800;156.5;-643.5
23.11.2021 00:00:00;23.11.2021 01:00:00;0;0;94.7;0;650;0;150;0;894.7;0;-894.7
23.11.2021 01:00:00;23.11.2021 02:00:00;0;0;133.1;0;650;0;150;0;933.1;0;-933.1
23.11.2021 02:00:00;23.11.2021 03:00:00;0;0;142.8;0;650;0;150;0;942.8;0;-942.8
23.11.2021 03:00:00;23.11.2021 04:00:00;0;0;134.9;0;650;0;150;0;934.9;0;-934.9
23.11.2021 04:00:00;23.11.2021 05:00:00;0;0;119.2;0;650;0;150;0;919.2;0;-919.2
23.11.2021 05:00:00;23.11.2021 06:00:00;0;0;0;134.2;650;0;150;0;800;134.2;-665.8
23.11.2021 06:00:00;23.11.2021 07:00:00;0;0;0;200.2;597.2;0;150;0;747.2;200.2;-547
23.11.2021 07:00:00;23.11.2021 08:00:00;0;0;0;176.3;473.4;0;150;0;623.4;176.3;-447.1
23.11.2021 08:00:00;23.11.2021 09:00:00;0;0;0;141.6;385.7;0;150;0;535.7;141.6;-394.1
23.11.2021 09:00:00;23.11.2021 10:00:00;0;0;0;121;252.2;0;150;0;402.2;121;-281.2
23.11.2021 10:00:00;23.11.2021 11:00:00;0;0;0;70.4;154.7;0;123.3;0;278;70.4;-207.6
23.11.2021 11:00:00;23.11.2021 12:00:00;0;0;0;117.2;167.8;0;0;0;167.8;117.2;-50.6
23.11.2021 12:00:00;23.11.2021 13:00:00;0;0;0;166.6;167.7;0;0;0;167.7;166.6;-1.1
23.11.2021 13:00:00;23.11.2021 14:00:00;0;0;0;233.1;141.8;0;0;0;141.8;233.1;91.3
23.11.2021 14:00:00;23.11.2021 15:00:00;0;0;0;300;0;0;0;77.1;0;377.1;377.1
23.11.2021 15:00:00;23.11.2021 16:00:00;0;0;0;300;0;0;0;133.9;0;433.9;433.9
23.11.2021 16:00:00;23.11.2021 17:00:00;0;0;0;300;0;0;0;139.1;0;439.1;439.1
23.11.2021 17:00:00;23.11.2021 18:00:00;0;0;0;300;0;0;0;119.3;0;419.3;419.3
23.11.2021 18:00:00;23.11.2021 19:00:00;0;0;0;300;0;0;0;156;0;456;456
23.11.2021 19:00:00;23.11.2021 20:00:00;0;0;0;300;150.5;0;0;0;150.5;300;149.5
23.11.2021 20:00:00;23.11.2021 21:00:00;0;0;0;300;381.8;0;0;0;381.8;300;-81.8
23.11.2021 21:00:00;23.11.2021 22:00:00;0;0;0;151.3;306.7;0;0;0;306.7;151.3;-155.4
23.11.2021 22:00:00;23.11.2021 23:00:00;0;0;0;28.5;178.4;0;0;0;178.4;28.5;-149.9
23.11.2021 23:00:00;24.11.2021 00:00:00;0;0;68.2;0;128.5;0;0;0;196.7;0;-196.7
24.11.2021 00:00:00;24.11.2021 01:00:00;0;0;109.2;0;0;0;0;0;109.2;0;-109.2
24.11.2021 01:00:00;24.11.2021 02:00:00;0;0;156.8;0;0;0;0;0;156.8;0;-156.8
24.11.2021 02:00:00;24.11.2021 03:00:00;0;0;250.5;0;0;0;0;0;250.5;0;-250.5
24.11.2021 03:00:00;24.11.2021 04:00:00;0;0;349.4;0;0;0;0;0;349.4;0;-349.4
24.11.2021 04:00:00;24.11.2021 05:00:00;0;0;270.1;0;209.3;0;0;0;479.4;0;-479.4
24.11.2021 05:00:00;24.11.2021 06:00:00;0;0;148.5;0;512.1;0;150;0;810.6;0;-810.6
24.11.2021 06:00:00;24.11.2021 07:00:00;0;0;86.7;0;600.3;0;150;0;837;0;-837
24.11.2021 07:00:00;24.11.2021 08:00:00;0;0;3.4;0;650;0;150;0;803.4;0;-803.4
24.11.2021 08:00:00;24.11.2021 09:00:00;0;0;0;35.7;650;0;150;0;800;35.7;-764.3
24.11.2021 09:00:00;24.11.2021 10:00:00;0;0;0;60.2;650;0;150;0;800;60.2;-739.8
24.11.2021 10:00:00;24.11.2021 11:00:00;0;0;0;166.3;650;0;150;0;800;166.3;-633.7
24.11.2021 11:00:00;24.11.2021 12:00:00;0;0;0;205.3;650;0;150;0;800;205.3;-594.7
24.11.2021 12:00:00;24.11.2021 13:00:00;0;0;0;171.6;650;0;150;0;800;171.6;-628.4
24.11.2021 13:00:00;24.11.2021 14:00:00;0;0;0;137.2;650;0;150;0;800;137.2;-662.8
24.11.2021 14:00:00;24.11.2021 15:00:00;0;0;0;90.2;650;0;150;0;800;90.2;-709.8
24.11.2021 15:00:00;24.11.2021 16:00:00;0;0;0;121.1;650;0;150;0;800;121.1;-678.9
24.11.2021 16:00:00;24.11.2021 17:00:00;0;0;0;74.6;650;0;150;0;800;74.6;-725.4
24.11.2021 17:00:00;24.11.2021 18:00:00;0;0;0;25;650;0;150;0;800;25;-775
24.11.2021 18:00:00;24.11.2021 19:00:00;0;0;6.5;0;650;0;150;0;806.5;0;-806.5
24.11.2021 19:00:00;24.11.2021 20:00:00;0;0;40.8;0;650;0;150;0;840.8;0;-840.8
24.11.2021 20:00:00;24.11.2021 21:00:00;0;0;102.6;0;611.1;0;150;0;863.7;0;-863.7
24.11.2021 21:00:00;24.11.2021 22:00:00;0;0;236.1;0;531.8;0;150;0;917.9;0;-917.9
24.11.2021 22:00:00;24.11.2021 23:00:00;0;0;192.3;0;591.3;0;150;0;933.6;0;-933.6
24.11.2021 23:00:00;25.11.2021 00:00:00;0;0;267.1;0;535.2;0;150;0;952.3;0;-952.3
25.11.2021 00:00:00;25.11.2021 01:00:00;0;0;55.4;0;650;0;150;0;855.4;0;-855.4
25.11.2021 01:00:00;25.11.2021 02:00:00;0;0;59.2;0;650;0;150;0;859.2;0;-859.2
25.11.2021 02:00:00;25.11.2021 03:00:00;0;0;50;0;650;0;150;0;850;0;-850
25.11.2021 03:00:00;25.11.2021 04:00:00;0;0;42.3;0;650;0;150;0;842.3;0;-842.3
25.11.2021 04:00:00;25.11.2021 05:00:00;0;0;4.8;0;650;0;150;0;804.8;0;-804.8
25.11.2021 05:00:00;25.11.2021 06:00:00;0;0;0;54;650;0;150;0;800;54;-746
25.11.2021 06:00:00;25.11.2021 07:00:00;0;0;0;40.9;650;0;150;0;800;40.9;-759.1
25.11.2021 07:00:00;25.11.2021 08:00:00;0;0;0;30;650;0;150;0;800;30;-770
25.11.2021 08:00:00;25.11.2021 09:00:00;0;0;0;34.2;617.8;0;150;0;767.8;34.2;-733.6
25.11.2021 09:00:00;25.11.2021 10:00:00;0;0;68.5;0;511.9;0;150;0;730.4;0;-730.4
25.11.2021 10:00:00;25.11.2021 11:00:00;0;0;114.3;0;480.5;0;150;0;744.8;0;-744.8
25.11.2021 11:00:00;25.11.2021 12:00:00;0;0;149.2;0;443.2;0;150;0;742.4;0;-742.4
25.11.2021 12:00:00;25.11.2021 13:00:00;0;0;170.5;0;432.2;0;150;0;752.7;0;-752.7
25.11.2021 13:00:00;25.11.2021 14:00:00;0;0;201.2;0;415.8;0;150;0;767;0;-767
25.11.2021 14:00:00;25.11.2021 15:00:00;0;0;203.8;0;406.6;0;150;0;760.4;0;-760.4
25.11.2021 15:00:00;25.11.2021 16:00:00;0;0;271.3;0;424.8;0;150;0;846.1;0;-846.1
25.11.2021 16:00:00;25.11.2021 17:00:00;0;0;308.9;0;398.4;0;150;0;857.3;0;-857.3
25.11.2021 17:00:00;25.11.2021 18:00:00;0;0;365.3;0;371.1;0;150;0;886.4;0;-886.4
25.11.2021 18:00:00;25.11.2021 19:00:00;0;0;418.9;0;346.9;0;150;0;915.8;0;-915.8
25.11.2021 19:00:00;25.11.2021 20:00:00;0;0;460.2;0;333.7;0;150;0;943.9;0;-943.9
25.11.2021 20:00:00;25.11.2021 21:00:00;0;0;478.1;0;344.8;0;150;0;972.9;0;-972.9
25.11.2021 21:00:00;25.11.2021 22:00:00;0;0;520.2;0;343.5;0;150;0;1013.7;0;-1013.7
25.11.2021 22:00:00;25.11.2021 23:00:00;0;0;499.5;0;414;0;150;0;1063.5;0;-1063.5
25.11.2021 23:00:00;26.11.2021 00:00:00;0;0;504.3;0;447.2;0;150;0;1101.5;0;-1101.5
26.11.2021 00:00:00;26.11.2021 01:00:00;0;0;438.2;0;650;0;150;0;1238.2;0;-1238.2
26.11.2021 01:00:00;26.11.2021 02:00:00;0;0;471.5;0;650;0;150;0;1271.5;0;-1271.5
26.11.2021 02:00:00;26.11.2021 03:00:00;0;0;477.5;0;650;0;150;0;1277.5;0;-1277.5
26.11.2021 03:00:00;26.11.2021 04:00:00;0;0;486.9;0;650;0;150;0;1286.9;0;-1286.9
26.11.2021 04:00:00;26.11.2021 05:00:00;0;0;493.7;0;650;0;150;0;1293.7;0;-1293.7
26.11.2021 05:00:00;26.11.2021 06:00:00;0;0;443;0;650;0;150;0;1243;0;-1243
26.11.2021 06:00:00;26.11.2021 07:00:00;0;0;516.8;0;538;0;150;0;1204.8;0;-1204.8
26.11.2021 07:00:00;26.11.2021 08:00:00;0;0;599.3;0;317.3;0;150;0;1066.6;0;-1066.6
26.11.2021 08:00:00;26.11.2021 09:00:00;0;0;601.2;0;294.6;0;150;0;1045.8;0;-1045.8
26.11.2021 09:00:00;26.11.2021 10:00:00;0;0;448.8;0;459.4;0;150;0;1058.2;0;-1058.2
26.11.2021 10:00:00;26.11.2021 11:00:00;0;0;339.7;0;561.8;0;150;0;1051.5;0;-1051.5
26.11.2021 11:00:00;26.11.2021 12:00:00;0;0;316.9;0;582.6;0;150;0;1049.5;0;-1049.5
26.11.2021 12:00:00;26.11.2021 13:00:00;0;0;275.5;0;627.2;0;150;0;1052.7;0;-1052.7
26.11.2021 13:00:00;26.11.2021 14:00:00;0;0;248.6;0;650;0;150;0;1048.6;0;-1048.6
26.11.2021 14:00:00;26.11.2021 15:00:00;0;0;252.1;0;626.4;0;150;0;1028.5;0;-1028.5
26.11.2021 15:00:00;26.11.2021 16:00:00;0;0;274.5;0;591.6;0;150;0;1016.1;0;-1016.1
26.11.2021 16:00:00;26.11.2021 17:00:00;0;0;303.2;0;563.8;0;150;0;1017;0;-1017
26.11.2021 17:00:00;26.11.2021 18:00:00;0;0;330.7;0;545.3;0;150;0;1026;0;-1026
26.11.2021 18:00:00;26.11.2021 19:00:00;0;0;293.4;0;606.5;0;150;0;1049.9;0;-1049.9
26.11.2021 19:00:00;26.11.2021 20:00:00;0;0;287.6;0;644.9;0;150;0;1082.5;0;-1082.5
26.11.2021 20:00:00;26.11.2021 21:00:00;0;0;398.2;0;565.4;0;150;0;1113.6;0;-1113.6
26.11.2021 21:00:00;26.11.2021 22:00:00;0;0;335.7;0;650;0;150;0;1135.7;0;-1135.7
26.11.2021 22:00:00;26.11.2021 23:00:00;0;0;336.7;0;650;0;150;0;1136.7;0;-1136.7
26.11.2021 23:00:00;27.11.2021 00:00:00;0;0;365.2;0;648.8;0;150;0;1164;0;-1164
27.11.2021 00:00:00;27.11.2021 01:00:00;0;0;386.2;0;650;0;150;0;1186.2;0;-1186.2
27.11.2021 01:00:00;27.11.2021 02:00:00;0;0;408.7;0;650;0;150;0;1208.7;0;-1208.7
27.11.2021 02:00:00;27.11.2021 03:00:00;0;0;417.9;0;650;0;150;0;1217.9;0;-1217.9
27.11.2021 03:00:00;27.11.2021 04:00:00;0;0;417;0;650;0;150;0;1217;0;-1217
27.11.2021 04:00:00;27.11.2021 05:00:00;0;0;413.6;0;650;0;150;0;1213.6;0;-1213.6
27.11.2021 05:00:00;27.11.2021 06:00:00;0;0;395.6;0;650;0;150;0;1195.6;0;-1195.6
27.11.2021 06:00:00;27.11.2021 07:00:00;0;0;372.6;0;650;0;150;0;1172.6;0;-1172.6
27.11.2021 07:00:00;27.11.2021 08:00:00;0;0;367.7;0;650;0;150;0;1167.7;0;-1167.7
27.11.2021 08:00:00;27.11.2021 09:00:00;0;0;326.9;0;650;0;150;0;1126.9;0;-1126.9
27.11.2021 09:00:00;27.11.2021 10:00:00;0;0;288.2;0;650;0;150;0;1088.2;0;-1088.2
27.11.2021 10:00:00;27.11.2021 11:00:00;0;0;245.2;0;650;0;150;0;1045.2;0;-1045.2
27.11.2021 11:00:00;27.11.2021 12:00:00;0;0;364.7;0;525.5;0;150;0;1040.2;0;-1040.2
27.11.2021 12:00:00;27.11.2021 13:00:00;0;0;325.3;0;565.2;0;150;0;1040.5;0;-1040.5
27.11.2021 13:00:00;27.11.2021 14:00:00;0;0;316.2;0;578;0;150;0;1044.2;0;-1044.2
27.11.2021 14:00:00;27.11.2021 15:00:00;0;0;292.7;0;605.6;0;150;0;1048.3;0;-1048.3
27.11.2021 15:00:00;27.11.2021 16:00:00;0;0;327.8;0;599.5;0;150;0;1077.3;0;-1077.3
27.11.2021 16:00:00;27.11.2021 17:00:00;0;0;388.9;0;570.5;0;150;0;1109.4;0;-1109.4
27.11.2021 17:00:00;27.11.2021 18:00:00;0;0;396.1;0;650;0;150;0;1196.1;0;-1196.1
27.11.2021 18:00:00;27.11.2021 19:00:00;0;0;374.7;0;650;0;150;0;1174.7;0;-1174.7
27.11.2021 19:00:00;27.11.2021 20:00:00;0;0;361.7;0;650;0;150;0;1161.7;0;-1161.7
27.11.2021 20:00:00;27.11.2021 21:00:00;0;0;413.8;0;650;0;150;0;1213.8;0;-1213.8
27.11.2021 21:00:00;27.11.2021 22:00:00;0;0;459.5;0;650;0;150;0;1259.5;0;-1259.5
27.11.2021 22:00:00;27.11.2021 23:00:00;0;0;506.2;0;650;0;150;0;1306.2;0;-1306.2
27.11.2021 23:00:00;28.11.2021 00:00:00;0;0;510.9;0;650;0;150;0;1310.9;0;-1310.9
28.11.2021 00:00:00;28.11.2021 01:00:00;0;0;354.1;0;650;0;150;0;1154.1;0;-1154.1
28.11.2021 01:00:00;28.11.2021 02:00:00;0;0;388.1;0;650;0;150;0;1188.1;0;-1188.1
28.11.2021 02:00:00;28.11.2021 03:00:00;0;0;400.2;0;650;0;150;0;1200.2;0;-1200.2
28.11.2021 03:00:00;28.11.2021 04:00:00;0;0;404.2;0;650;0;150;0;1204.2;0;-1204.2
28.11.2021 04:00:00;28.11.2021 05:00:00;0;0;405.8;0;650;0;150;0;1205.8;0;-1205.8
28.11.2021 05:00:00;28.11.2021 06:00:00;0;0;415.5;0;650;0;150;0;1215.5;0;-1215.5
28.11.2021 06:00:00;28.11.2021 07:00:00;0;0;505.9;0;650;0;150;0;1305.9;0;-1305.9
28.11.2021 07:00:00;28.11.2021 08:00:00;0;0;487;0;650;0;150;0;1287;0;-1287
28.11.2021 08:00:00;28.11.2021 09:00:00;0;0;545.1;0;650;0;150;0;1345.1;0;-1345.1
28.11.2021 09:00:00;28.11.2021 10:00:00;0;0;510.2;0;650;0;150;0;1310.2;0;-1310.2
28.11.2021 10:00:00;28.11.2021 11:00:00;0;0;485.6;0;650;0;150;0;1285.6;0;-1285.6
28.11.2021 11:00:00;28.11.2021 12:00:00;0;0;464.8;0;650;0;150;0;1264.8;0;-1264.8
28.11.2021 12:00:00;28.11.2021 13:00:00;0;0;439.8;0;650;0;150;0;1239.8;0;-1239.8
28.11.2021 13:00:00;28.11.2021 14:00:00;0;0;409.2;0;650;0;150;0;1209.2;0;-1209.2
28.11.2021 14:00:00;28.11.2021 15:00:00;0;0;380.1;0;650;0;150;0;1180.1;0;-1180.1
28.11.2021 15:00:00;28.11.2021 16:00:00;0;0;353.4;0;650;0;150;0;1153.4;0;-1153.4
28.11.2021 16:00:00;28.11.2021 17:00:00;0;0;448.9;0;551.7;0;150;0;1150.6;0;-1150.6
28.11.2021 17:00:00;28.11.2021 18:00:00;0;0;614.6;0;372.3;0;150;0;1136.9;0;-1136.9
28.11.2021 18:00:00;28.11.2021 19:00:00;0;0;633.5;0;336.6;0;150;0;1120.1;0;-1120.1
28.11.2021 19:00:00;28.11.2021 20:00:00;0;0;568.9;0;372.2;0;150;0;1091.1;0;-1091.1
28.11.2021 20:00:00;28.11.2021 21:00:00;0;0;436.2;0;524.3;0;150;0;1110.5;0;-1110.5
28.11.2021 21:00:00;28.11.2021 22:00:00;0;0;349.6;0;650;0;150;0;1149.6;0;-1149.6
28.11.2021 22:00:00;28.11.2021 23:00:00;0;0;370.7;0;650;0;150;0;1170.7;0;-1170.7
28.11.2021 23:00:00;29.11.2021 00:00:00;0;0;372.8;0;650;0;150;0;1172.8;0;-1172.8
29.11.2021 00:00:00;29.11.2021 01:00:00;0;0;405.6;0;650;0;150;0;1205.6;0;-1205.6
29.11.2021 01:00:00;29.11.2021 02:00:00;0;0;434.9;0;650;0;150;0;1234.9;0;-1234.9
29.11.2021 02:00:00;29.11.2021 03:00:00;0;0;446;0;650;0;150;0;1246;0;-1246
29.11.2021 03:00:00;29.11.2021 04:00:00;0;0;443.4;0;650;0;150;0;1243.4;0;-1243.4
29.11.2021 04:00:00;29.11.2021 05:00:00;0;0;441.8;0;650;0;150;0;1241.8;0;-1241.8
29.11.2021 05:00:00;29.11.2021 06:00:00;0;0;620;0;445.1;0;150;0;1215.1;0;-1215.1
29.11.2021 06:00:00;29.11.2021 07:00:00;0;0;569.3;0;434.3;0;150;0;1153.6;0;-1153.6
29.11.2021 07:00:00;29.11.2021 08:00:00;0;0;671.6;0;256.6;0;150;0;1078.2;0;-1078.2
29.11.2021 08:00:00;29.11.2021 09:00:00;0;0;636.9;0;305.3;0;150;0;1092.2;0;-1092.2
29.11.2021 09:00:00;29.11.2021 10:00:00;0;0;555.1;0;389.2;0;150;0;1094.3;0;-1094.3
29.11.2021 10:00:00;29.11.2021 11:00:00;0;0;539.3;0;393.1;0;150;0;1082.4;0;-1082.4
29.11.2021 11:00:00;29.11.2021 12:00:00;0;0;447.6;0;475.6;0;150;0;1073.2;0;-1073.2
29.11.2021 12:00:00;29.11.2021 13:00:00;0;0;386.9;0;537.8;0;150;0;1074.7;0;-1074.7
29.11.2021 13:00:00;29.11.2021 14:00:00;0;0;291.3;0;650;0;150;0;1091.3;0;-1091.3
29.11.2021 14:00:00;29.11.2021 15:00:00;0;0;301.4;0;650;0;150;0;1101.4;0;-1101.4
29.11.2021 15:00:00;29.11.2021 16:00:00;0;0;321;0;634.1;0;150;0;1105.1;0;-1105.1
29.11.2021 16:00:00;29.11.2021 17:00:00;0;0;335.6;0;629.7;0;150;0;1115.3;0;-1115.3
29.11.2021 17:00:00;29.11.2021 18:00:00;0;0;442;0;538.1;0;150;0;1130.1;0;-1130.1
29.11.2021 18:00:00;29.11.2021 19:00:00;0;0;446;0;544.8;0;150;0;1140.8;0;-1140.8
29.11.2021 19:00:00;29.11.2021 20:00:00;0;0;362.6;0;636.2;0;150;0;1148.8;0;-1148.8
29.11.2021 20:00:00;29.11.2021 21:00:00;0;0;339.1;0;650;0;150;0;1139.1;0;-1139.1
29.11.2021 21:00:00;29.11.2021 22:00:00;0;0;286.4;0;650;0;150;0;1086.4;0;-1086.4
29.11.2021 22:00:00;29.11.2021 23:00:00;0;0;382.3;0;650;0;150;0;1182.3;0;-1182.3
29.11.2021 23:00:00;30.11.2021 00:00:00;0;0;395.9;0;650;0;150;0;1195.9;0;-1195.9
30.11.2021 00:00:00;30.11.2021 01:00:00;0;0;392.4;0;650;0;150;0;1192.4;0;-1192.4
30.11.2021 01:00:00;30.11.2021 02:00:00;0;0;431.2;0;650;0;150;0;1231.2;0;-1231.2
30.11.2021 02:00:00;30.11.2021 03:00:00;0;0;453.3;0;650;0;150;0;1253.3;0;-1253.3
30.11.2021 03:00:00;30.11.2021 04:00:00;0;0;472.1;0;650;0;150;0;1272.1;0;-1272.1
30.11.2021 04:00:00;30.11.2021 05:00:00;0;0;495.2;0;650;0;150;0;1295.2;0;-1295.2
30.11.2021 05:00:00;30.11.2021 06:00:00;0;0;458.4;0;650;0;150;0;1258.4;0;-1258.4
30.11.2021 06:00:00;30.11.2021 07:00:00;0;0;411.9;0;650;0;150;0;1211.9;0;-1211.9
30.11.2021 07:00:00;30.11.2021 08:00:00;0;0;511.4;0;569.2;0;150;0;1230.6;0;-1230.6
30.11.2021 08:00:00;30.11.2021 09:00:00;0;0;658.7;0;367.6;0;150;0;1176.3;0;-1176.3
30.11.2021 09:00:00;30.11.2021 10:00:00;0;0;676.9;0;319.3;0;150;0;1146.2;0;-1146.2
30.11.2021 10:00:00;30.11.2021 11:00:00;0;0;735.4;0;244.2;0;150;0;1129.6;0;-1129.6
30.11.2021 11:00:00;30.11.2021 12:00:00;0;0;724.3;0;254.2;0;150;0;1128.5;0;-1128.5
30.11.2021 12:00:00;30.11.2021 13:00:00;0;0;721;0;234.8;0;150;0;1105.8;0;-1105.8
30.11.2021 13:00:00;30.11.2021 14:00:00;0;0;746.4;0;190.3;0;150;0;1086.7;0;-1086.7
30.11.2021 14:00:00;30.11.2021 15:00:00;0;0;759.4;0;111.1;0;150;0;1020.5;0;-1020.5
30.11.2021 15:00:00;30.11.2021 16:00:00;0;0;759;0;84.9;0;150;0;993.9;0;-993.9
30.11.2021 16:00:00;30.11.2021 17:00:00;0;0;780;0;56.8;0;150;0;986.8;0;-986.8
30.11.2021 17:00:00;30.11.2021 18:00:00;0;0;788.3;0;66.2;0;150;0;1004.5;0;-1004.5
30.11.2021 18:00:00;30.11.2021 19:00:00;0;0;745.8;0;53.1;0;150;0;948.9;0;-948.9
30.11.2021 19:00:00;30.11.2021 20:00:00;0;0;720.7;0;83;0;150;0;953.7;0;-953.7
30.11.2021 20:00:00;30.11.2021 21:00:00;0;0;660.4;0;108.6;0;150;0;919;0;-919
30.11.2021 21:00:00;30.11.2021 22:00:00;0;0;608.1;0;157.3;0;150;0;915.4;0;-915.4
30.11.2021 22:00:00;30.11.2021 23:00:00;0;0;427.8;0;339.7;0;150;0;917.5;0;-917.5
30.11.2021 23:00:00;01.12.2021 00:00:00;0;0;474.5;0;287.3;0;150;0;911.8;0;-911.8
01.12.2021 00:00:00;01.12.2021 01:00:00;0;0;574.7;0;275.2;0;150;0;999.9;0;-999.9
01.12.2021 01:00:00;01.12.2021 02:00:00;0;0;513.6;0;374.4;0;150;0;1038;0;-1038
01.12.2021 02:00:00;01.12.2021 03:00:00;0;0;446.3;0;467.6;0;150;0;1063.9;0;-1063.9
01.12.2021 03:00:00;01.12.2021 04:00:00;0;0;444.9;0;491.2;0;150;0;1086.1;0;-1086.1
01.12.2021 04:00:00;01.12.2021 05:00:00;0;0;451.5;0;486;0;150;0;1087.5;0;-1087.5
01.12.2021 05:00:00;01.12.2021 06:00:00;0;0;388.6;0;520.3;0;150;0;1058.9;0;-1058.9
01.12.2021 06:00:00;01.12.2021 07:00:00;0;0;599.5;0;287.1;0;150;0;1036.6;0;-1036.6
01.12.2021 07:00:00;01.12.2021 08:00:00;0;0;752.2;0;61.7;0;150;0;963.9;0;-963.9
01.12.2021 08:00:00;01.12.2021 09:00:00;0;0;793.7;0;39.3;0;150;0;983;0;-983
01.12.2021 09:00:00;01.12.2021 10:00:00;0;0;802;0;0;0;150;0;952;0;-952
01.12.2021 10:00:00;01.12.2021 11:00:00;0;0;751;0;0;0;150;0;901;0;-901
01.12.2021 11:00:00;01.12.2021 12:00:00;0;0;728.7;0;38;0;150;0;916.7;0;-916.7
01.12.2021 12:00:00;01.12.2021 13:00:00;0;0;726.1;0;42.8;0;150;0;918.9;0;-918.9
01.12.2021 13:00:00;01.12.2021 14:00:00;0;0;694.2;0;118.4;0;150;0;962.6;0;-962.6
01.12.2021 14:00:00;01.12.2021 15:00:00;0;0;763.9;0;63.9;0;150;0;977.8;0;-977.8
01.12.2021 15:00:00;01.12.2021 16:00:00;0;0;771.2;0;85.2;0;150;0;1006.4;0;-1006.4
01.12.2021 16:00:00;01.12.2021 17:00:00;0;0;840.5;0;70.5;0;150;0;1061;0;-1061
01.12.2021 17:00:00;01.12.2021 18:00:00;0;0;863.3;0;110.1;0;150;0;1123.4;0;-1123.4
01.12.2021 18:00:00;01.12.2021 19:00:00;0;0;894.9;0;114.6;0;150;0;1159.5;0;-1159.5
01.12.2021 19:00:00;01.12.2021 20:00:00;0;0;829.3;0;225;0;150;0;1204.3;0;-1204.3
01.12.2021 20:00:00;01.12.2021 21:00:00;0;0;545.7;0;553.3;0;150;0;1249;0;-1249
01.12.2021 21:00:00;01.12.2021 22:00:00;0;0;438.1;0;603.5;0;150;0;1191.6;0;-1191.6
01.12.2021 22:00:00;01.12.2021 23:00:00;0;0;442.8;0;650;0;150;0;1242.8;0;-1242.8
01.12.2021 23:00:00;02.12.2021 00:00:00;0;0;480.8;0;650;0;150;0;1280.8;0;-1280.8
02.12.2021 00:00:00;02.12.2021 01:00:00;0;0;664.8;0;552;0;0;0;1216.8;0;-1216.8
02.12.2021 01:00:00;02.12.2021 02:00:00;0;0;654.4;0;469.5;0;0;0;1123.9;0;-1123.9
02.12.2021 02:00:00;02.12.2021 03:00:00;0;0;664.4;0;584.1;0;0;0;1248.5;0;-1248.5
02.12.2021 03:00:00;02.12.2021 04:00:00;0;0;647.1;0;620;0;150;0;1417.1;0;-1417.1
02.12.2021 04:00:00;02.12.2021 05:00:00;0;0;640.3;0;609.1;0;150;0;1399.4;0;-1399.4
02.12.2021 05:00:00;02.12.2021 06:00:00;0;0;594.6;0;598;0;150;0;1342.6;0;-1342.6
02.12.2021 06:00:00;02.12.2021 07:00:00;0;0;835.1;0;293.8;0;150;0;1278.9;0;-1278.9
02.12.2021 07:00:00;02.12.2021 08:00:00;0;0;895.6;0;96.7;0;150;0;1142.3;0;-1142.3
02.12.2021 08:00:00;02.12.2021 09:00:00;0;0;901.5;0;25.3;0;150;0;1076.8;0;-1076.8
02.12.2021 09:00:00;02.12.2021 10:00:00;0;0;889.7;0;27.4;0;150;0;1067.1;0;-1067.1
02.12.2021 10:00:00;02.12.2021 11:00:00;0;0;859.4;0;28;0;150;0;1037.4;0;-1037.4
02.12.2021 11:00:00;02.12.2021 12:00:00;0;0;868.7;0;4.5;0;150;0;1023.2;0;-1023.2
02.12.2021 12:00:00;02.12.2021 13:00:00;0;0;835.1;0;0;0;150;0;985.1;0;-985.1
02.12.2021 13:00:00;02.12.2021 14:00:00;0;0;796.2;0;2.5;0;150;0;948.7;0;-948.7
02.12.2021 14:00:00;02.12.2021 15:00:00;0;0;758.6;0;0;0;150;0;908.6;0;-908.6
02.12.2021 15:00:00;02.12.2021 16:00:00;0;0;778.1;0;26.8;0;150;0;954.9;0;-954.9
02.12.2021 16:00:00;02.12.2021 17:00:00;0;0;806.1;0;1.9;0;150;0;958;0;-958
02.12.2021 17:00:00;02.12.2021 18:00:00;0;0;787.3;0;0;0;150;0;937.3;0;-937.3
02.12.2021 18:00:00;02.12.2021 19:00:00;0;0;783.6;0;0;0;150;0;933.6;0;-933.6
02.12.2021 19:00:00;02.12.2021 20:00:00;0;0;738.1;0;0;0;150;0;888.1;0;-888.1
02.12.2021 20:00:00;02.12.2021 21:00:00;0;0;724.4;0;0;0;150;0;874.4;0;-874.4
02.12.2021 21:00:00;02.12.2021 22:00:00;0;0;726.5;0;17.6;0;150;0;894.1;0;-894.1
02.12.2021 22:00:00;02.12.2021 23:00:00;0;0;702;0;64.9;0;150;0;916.9;0;-916.9
02.12.2021 23:00:00;03.12.2021 00:00:00;0;0;696.8;0;81.9;0;150;0;928.7;0;-928.7
03.12.2021 00:00:00;03.12.2021 01:00:00;0;0;764.3;0;110.9;0;150;0;1025.2;0;-1025.2
03.12.2021 01:00:00;03.12.2021 02:00:00;0;0;705.9;0;209;0;150;0;1064.9;0;-1064.9
03.12.2021 02:00:00;03.12.2021 03:00:00;0;0;676.1;0;268.2;0;150;0;1094.3;0;-1094.3
03.12.2021 03:00:00;03.12.2021 04:00:00;0;0;631.3;0;324.4;0;150;0;1105.7;0;-1105.7
03.12.2021 04:00:00;03.12.2021 05:00:00;0;0;588;0;367.6;0;150;0;1105.6;0;-1105.6
03.12.2021 05:00:00;03.12.2021 06:00:00;0;0;512.7;0;416.9;0;150;0;1079.6;0;-1079.6
03.12.2021 06:00:00;03.12.2021 07:00:00;0;0;494;0;419;0;150;0;1063;0;-1063
03.12.2021 07:00:00;03.12.2021 08:00:00;0;0;593.5;0;210.9;0;150;0;954.4;0;-954.4
03.12.2021 08:00:00;03.12.2021 09:00:00;0;0;601.9;0;182.7;0;150;0;934.6;0;-934.6
03.12.2021 09:00:00;03.12.2021 10:00:00;0;0;528.8;0;245.3;0;150;0;924.1;0;-924.1
03.12.2021 10:00:00;03.12.2021 11:00:00;0;0;457.9;0;329.1;0;150;0;937;0;-937
03.12.2021 11:00:00;03.12.2021 12:00:00;0;0;471.6;0;332.8;0;150;0;954.4;0;-954.4
03.12.2021 12:00:00;03.12.2021 13:00:00;0;0;512.6;0;332.1;0;150;0;994.7;0;-994.7
03.12.2021 13:00:00;03.12.2021 14:00:00;0;0;436.7;0;404;0;150;0;990.7;0;-990.7
03.12.2021 14:00:00;03.12.2021 15:00:00;0;0;455.9;0;389.8;0;150;0;995.7;0;-995.7
03.12.2021 15:00:00;03.12.2021 16:00:00;0;0;437.8;0;543;0;150;0;1130.8;0;-1130.8
03.12.2021 16:00:00;03.12.2021 17:00:00;0;0;416.9;0;583.2;0;150;0;1150.1;0;-1150.1
03.12.2021 17:00:00;03.12.2021 18:00:00;0;0;382.8;0;639.4;0;150;0;1172.2;0;-1172.2
03.12.2021 18:00:00;03.12.2021 19:00:00;0;0;395.3;0;650;0;150;0;1195.3;0;-1195.3
03.12.2021 19:00:00;03.12.2021 20:00:00;0;0;429.6;0;650;0;150;0;1229.6;0;-1229.6
03.12.2021 20:00:00;03.12.2021 21:00:00;0;0;421.5;0;650;0;150;0;1221.5;0;-1221.5
03.12.2021 21:00:00;03.12.2021 22:00:00;0;0;425;0;650;0;150;0;1225;0;-1225
03.12.2021 22:00:00;03.12.2021 23:00:00;0;0;461.6;0;650;0;150;0;1261.6;0;-1261.6
03.12.2021 23:00:00;04.12.2021 00:00:00;0;0;459.1;0;650;0;150;0;1259.1;0;-1259.1
04.12.2021 00:00:00;04.12.2021 01:00:00;0;0;445.6;0;650;0;150;0;1245.6;0;-1245.6
04.12.2021 01:00:00;04.12.2021 02:00:00;0;0;456.7;0;650;0;150;0;1256.7;0;-1256.7
04.12.2021 02:00:00;04.12.2021 03:00:00;0;0;472.7;0;650;0;150;0;1272.7;0;-1272.7
04.12.2021 03:00:00;04.12.2021 04:00:00;0;0;485.3;0;650;0;150;0;1285.3;0;-1285.3
04.12.2021 04:00:00;04.12.2021 05:00:00;0;0;489.7;0;650;0;150;0;1289.7;0;-1289.7
04.12.2021 05:00:00;04.12.2021 06:00:00;0;0;481;0;650;0;150;0;1281;0;-1281
04.12.2021 06:00:00;04.12.2021 07:00:00;0;0;488.4;0;650;0;150;0;1288.4;0;-1288.4
04.12.2021 07:00:00;04.12.2021 08:00:00;0;0;428.2;0;650;0;150;0;1228.2;0;-1228.2
04.12.2021 08:00:00;04.12.2021 09:00:00;0;0;427.6;0;650;0;150;0;1227.6;0;-1227.6
04.12.2021 09:00:00;04.12.2021 10:00:00;0;0;384;0;650;0;150;0;1184;0;-1184
04.12.2021 10:00:00;04.12.2021 11:00:00;0;0;333.5;0;650;0;150;0;1133.5;0;-1133.5
04.12.2021 11:00:00;04.12.2021 12:00:00;0;0;336.4;0;650;0;150;0;1136.4;0;-1136.4
04.12.2021 12:00:00;04.12.2021 13:00:00;0;0;325.2;0;650;0;150;0;1125.2;0;-1125.2
04.12.2021 13:00:00;04.12.2021 14:00:00;0;0;339.3;0;650;0;150;0;1139.3;0;-1139.3
04.12.2021 14:00:00;04.12.2021 15:00:00;0;0;331.2;0;650;0;150;0;1131.2;0;-1131.2
04.12.2021 15:00:00;04.12.2021 16:00:00;0;0;332.7;0;650;0;150;0;1132.7;0;-1132.7
04.12.2021 16:00:00;04.12.2021 17:00:00;0;0;350.8;0;650;0;150;0;1150.8;0;-1150.8
04.12.2021 17:00:00;04.12.2021 18:00:00;0;0;360.1;0;650;0;150;0;1160.1;0;-1160.1
04.12.2021 18:00:00;04.12.2021 19:00:00;0;0;368.8;0;650;0;150;0;1168.8;0;-1168.8
04.12.2021 19:00:00;04.12.2021 20:00:00;0;0;355.7;0;650;0;150;0;1155.7;0;-1155.7
04.12.2021 20:00:00;04.12.2021 21:00:00;0;0;369.6;0;650;0;150;0;1169.6;0;-1169.6
04.12.2021 21:00:00;04.12.2021 22:00:00;0;0;400.5;0;650;0;150;0;1200.5;0;-1200.5
04.12.2021 22:00:00;04.12.2021 23:00:00;0;0;401.7;0;650;0;150;0;1201.7;0;-1201.7
04.12.2021 23:00:00;05.12.2021 00:00:00;0;0;411.9;0;650;0;150;0;1211.9;0;-1211.9
05.12.2021 00:00:00;05.12.2021 01:00:00;0;0;402.6;0;650;0;150;0;1202.6;0;-1202.6
05.12.2021 01:00:00;05.12.2021 02:00:00;0;0;417.2;0;650;0;150;0;1217.2;0;-1217.2
05.12.2021 02:00:00;05.12.2021 03:00:00;0;0;423.6;0;650;0;150;0;1223.6;0;-1223.6
05.12.2021 03:00:00;05.12.2021 04:00:00;0;0;421.6;0;650;0;150;0;1221.6;0;-1221.6
05.12.2021 04:00:00;05.12.2021 05:00:00;0;0;407.8;0;650;0;150;0;1207.8;0;-1207.8
05.12.2021 05:00:00;05.12.2021 06:00:00;0;0;395.8;0;650;0;150;0;1195.8;0;-1195.8
05.12.2021 06:00:00;05.12.2021 07:00:00;0;0;406;0;650;0;150;0;1206;0;-1206
05.12.2021 07:00:00;05.12.2021 08:00:00;0;0;370.9;0;650;0;150;0;1170.9;0;-1170.9
05.12.2021 08:00:00;05.12.2021 09:00:00;0;0;353.2;0;634.8;0;150;0;1138;0;-1138
05.12.2021 09:00:00;05.12.2021 10:00:00;0;0;413.5;0;582.7;0;150;0;1146.2;0;-1146.2
05.12.2021 10:00:00;05.12.2021 11:00:00;0;0;453.4;0;534.9;0;150;0;1138.3;0;-1138.3
05.12.2021 11:00:00;05.12.2021 12:00:00;0;0;307.3;0;650;0;150;0;1107.3;0;-1107.3
05.12.2021 12:00:00;05.12.2021 13:00:00;0;0;288;0;650;0;150;0;1088;0;-1088
05.12.2021 13:00:00;05.12.2021 14:00:00;0;0;353.1;0;571.3;0;150;0;1074.4;0;-1074.4
05.12.2021 14:00:00;05.12.2021 15:00:00;0;0;349.1;0;555.8;0;150;0;1054.9;0;-1054.9
05.12.2021 15:00:00;05.12.2021 16:00:00;0;0;345.1;0;549.7;0;150;0;1044.8;0;-1044.8
05.12.2021 16:00:00;05.12.2021 17:00:00;0;0;397.8;0;500.8;0;150;0;1048.6;0;-1048.6
05.12.2021 17:00:00;05.12.2021 18:00:00;0;0;394.7;0;513.9;0;150;0;1058.6;0;-1058.6
05.12.2021 18:00:00;05.12.2021 19:00:00;0;0;381.7;0;537.3;0;150;0;1069;0;-1069
05.12.2021 19:00:00;05.12.2021 20:00:00;0;0;332;0;571.8;0;150;0;1053.8;0;-1053.8
05.12.2021 20:00:00;05.12.2021 21:00:00;0;0;377.9;0;544.8;0;150;0;1072.7;0;-1072.7
05.12.2021 21:00:00;05.12.2021 22:00:00;0;0;310.9;0;627.7;0;150;0;1088.6;0;-1088.6
05.12.2021 22:00:00;05.12.2021 23:00:00;0;0;317.2;0;636.2;0;150;0;1103.4;0;-1103.4
05.12.2021 23:00:00;06.12.2021 00:00:00;0;0;309.4;0;650;0;150;0;1109.4;0;-1109.4
06.12.2021 00:00:00;06.12.2021 01:00:00;0;0;344.5;0;650;0;150;0;1144.5;0;-1144.5
06.12.2021 01:00:00;06.12.2021 02:00:00;0;0;374.5;0;650;0;150;0;1174.5;0;-1174.5
06.12.2021 02:00:00;06.12.2021 03:00:00;0;0;392.6;0;650;0;150;0;1192.6;0;-1192.6
06.12.2021 03:00:00;06.12.2021 04:00:00;0;0;391.5;0;650;0;150;0;1191.5;0;-1191.5
06.12.2021 04:00:00;06.12.2021 05:00:00;0;0;388.2;0;650;0;150;0;1188.2;0;-1188.2
06.12.2021 05:00:00;06.12.2021 06:00:00;0;0;312.5;0;650;0;150;0;1112.5;0;-1112.5
06.12.2021 06:00:00;06.12.2021 07:00:00;0;0;296.7;0;650;0;150;0;1096.7;0;-1096.7
06.12.2021 07:00:00;06.12.2021 08:00:00;0;0;284.3;0;585.5;0;150;0;1019.8;0;-1019.8
06.12.2021 08:00:00;06.12.2021 09:00:00;0;0;370;0;463.5;0;150;0;983.5;0;-983.5
06.12.2021 09:00:00;06.12.2021 10:00:00;0;0;362.7;0;461.6;0;150;0;974.3;0;-974.3
06.12.2021 10:00:00;06.12.2021 11:00:00;0;0;334.3;0;485;0;150;0;969.3;0;-969.3
06.12.2021 11:00:00;06.12.2021 12:00:00;0;0;299.1;0;542.3;0;150;0;991.4;0;-991.4
06.12.2021 12:00:00;06.12.2021 13:00:00;0;0;233.1;0;589.4;0;150;0;972.5;0;-972.5
06.12.2021 13:00:00;06.12.2021 14:00:00;0;0;158.3;0;650;0;150;0;958.3;0;-958.3
06.12.2021 14:00:00;06.12.2021 15:00:00;0;0;199;0;574;0;150;0;923;0;-923
06.12.2021 15:00:00;06.12.2021 16:00:00;0;0;173;0;586.6;0;150;0;909.6;0;-909.6
06.12.2021 16:00:00;06.12.2021 17:00:00;0;0;226.5;0;547.3;0;150;0;923.8;0;-923.8
06.12.2021 17:00:00;06.12.2021 18:00:00;0;0;185;0;577.1;0;150;0;912.1;0;-912.1
06.12.2021 18:00:00;06.12.2021 19:00:00;0;0;141.2;0;627.1;0;150;0;918.3;0;-918.3
06.12.2021 19:00:00;06.12.2021 20:00:00;0;0;196;0;572.6;0;150;0;918.6;0;-918.6
06.12.2021 20:00:00;06.12.2021 21:00:00;0;0;154.3;0;635.7;0;150;0;940;0;-940
06.12.2021 21:00:00;06.12.2021 22:00:00;0;0;166.1;0;650;0;150;0;966.1;0;-966.1
06.12.2021 22:00:00;06.12.2021 23:00:00;0;0;172.5;0;650;0;150;0;972.5;0;-972.5
06.12.2021 23:00:00;07.12.2021 00:00:00;0;0;207.9;0;650;0;150;0;1007.9;0;-1007.9
07.12.2021 00:00:00;07.12.2021 01:00:00;0;0;297.1;0;650;0;150;0;1097.1;0;-1097.1
07.12.2021 01:00:00;07.12.2021 02:00:00;0;0;322.3;0;650;0;150;0;1122.3;0;-1122.3
07.12.2021 02:00:00;07.12.2021 03:00:00;0;0;348.1;0;650;0;150;0;1148.1;0;-1148.1
07.12.2021 03:00:00;07.12.2021 04:00:00;0;0;363.4;0;650;0;150;0;1163.4;0;-1163.4
07.12.2021 04:00:00;07.12.2021 05:00:00;0;0;360;0;650;0;150;0;1160;0;-1160
07.12.2021 05:00:00;07.12.2021 06:00:00;0;0;325.2;0;650;0;150;0;1125.2;0;-1125.2
07.12.2021 06:00:00;07.12.2021 07:00:00;0;0;279.4;0;650;0;150;0;1079.4;0;-1079.4
07.12.2021 07:00:00;07.12.2021 08:00:00;0;0;215.4;0;650;0;150;0;1015.4;0;-1015.4
07.12.2021 08:00:00;07.12.2021 09:00:00;0;0;270.5;0;594.3;0;150;0;1014.8;0;-1014.8
07.12.2021 09:00:00;07.12.2021 10:00:00;0;0;274.8;0;575.4;0;150;0;1000.2;0;-1000.2
07.12.2021 10:00:00;07.12.2021 11:00:00;0;0;284.7;0;572.7;0;150;0;1007.4;0;-1007.4
07.12.2021 11:00:00;07.12.2021 12:00:00;0;0;282.8;0;590.6;0;150;0;1023.4;0;-1023.4
07.12.2021 12:00:00;07.12.2021 13:00:00;0;0;285.9;0;611.1;0;150;0;1047;0;-1047
07.12.2021 13:00:00;07.12.2021 14:00:00;0;0;303.3;0;603.2;0;150;0;1056.5;0;-1056.5
07.12.2021 14:00:00;07.12.2021 15:00:00;0;0;331.7;0;569.7;0;150;0;1051.4;0;-1051.4
07.12.2021 15:00:00;07.12.2021 16:00:00;0;0;376.3;0;531.2;0;150;0;1057.5;0;-1057.5
07.12.2021 16:00:00;07.12.2021 17:00:00;0;0;393.2;0;546.1;0;150;0;1089.3;0;-1089.3
07.12.2021 17:00:00;07.12.2021 18:00:00;0;0;388.8;0;595.7;0;150;0;1134.5;0;-1134.5
07.12.2021 18:00:00;07.12.2021 19:00:00;0;0;398.1;0;617.3;0;150;0;1165.4;0;-1165.4
07.12.2021 19:00:00;07.12.2021 20:00:00;0;0;398.6;0;650;0;150;0;1198.6;0;-1198.6
07.12.2021 20:00:00;07.12.2021 21:00:00;0;0;427.9;0;650;0;150;0;1227.9;0;-1227.9
07.12.2021 21:00:00;07.12.2021 22:00:00;0;0;458.3;0;650;0;150;0;1258.3;0;-1258.3
07.12.2021 22:00:00;07.12.2021 23:00:00;0;0;433.9;0;650;0;150;0;1233.9;0;-1233.9
07.12.2021 23:00:00;08.12.2021 00:00:00;0;0;486.5;0;650;0;150;0;1286.5;0;-1286.5
08.12.2021 00:00:00;08.12.2021 01:00:00;0;0;494.5;0;650;0;150;0;1294.5;0;-1294.5
08.12.2021 01:00:00;08.12.2021 02:00:00;0;0;521.6;0;650;0;150;0;1321.6;0;-1321.6
08.12.2021 02:00:00;08.12.2021 03:00:00;0;0;530.4;0;650;0;150;0;1330.4;0;-1330.4
08.12.2021 03:00:00;08.12.2021 04:00:00;0;0;525.1;0;650;0;150;0;1325.1;0;-1325.1
08.12.2021 04:00:00;08.12.2021 05:00:00;0;0;516.5;0;650;0;150;0;1316.5;0;-1316.5
08.12.2021 05:00:00;08.12.2021 06:00:00;0;0;486.8;0;650;0;150;0;1286.8;0;-1286.8
08.12.2021 06:00:00;08.12.2021 07:00:00;0;0;447.7;0;650;0;150;0;1247.7;0;-1247.7
08.12.2021 07:00:00;08.12.2021 08:00:00;0;0;361.9;0;650;0;150;0;1161.9;0;-1161.9
08.12.2021 08:00:00;08.12.2021 09:00:00;0;0;379.9;0;626.4;0;150;0;1156.3;0;-1156.3
08.12.2021 09:00:00;08.12.2021 10:00:00;0;0;338;0;649.1;0;150;0;1137.1;0;-1137.1
08.12.2021 10:00:00;08.12.2021 11:00:00;0;0;334.4;0;604.1;0;150;0;1088.5;0;-1088.5
08.12.2021 11:00:00;08.12.2021 12:00:00;0;0;326.2;0;627.7;0;150;0;1103.9;0;-1103.9
08.12.2021 12:00:00;08.12.2021 13:00:00;0;0;315.3;0;635.7;0;150;0;1101;0;-1101
08.12.2021 13:00:00;08.12.2021 14:00:00;0;0;298.3;0;637.6;0;150;0;1085.9;0;-1085.9
08.12.2021 14:00:00;08.12.2021 15:00:00;0;0;291.6;0;610.7;0;150;0;1052.3;0;-1052.3
08.12.2021 15:00:00;08.12.2021 16:00:00;0;0;303.1;0;577.6;0;150;0;1030.7;0;-1030.7
08.12.2021 16:00:00;08.12.2021 17:00:00;0;0;317;0;576.6;0;150;0;1043.6;0;-1043.6
08.12.2021 17:00:00;08.12.2021 18:00:00;0;0;309.1;0;615.9;0;150;0;1075;0;-1075
08.12.2021 18:00:00;08.12.2021 19:00:00;0;0;330.3;0;601;0;150;0;1081.3;0;-1081.3
08.12.2021 19:00:00;08.12.2021 20:00:00;0;0;447.3;0;469.3;0;150;0;1066.6;0;-1066.6
08.12.2021 20:00:00;08.12.2021 21:00:00;0;0;532.6;0;399.3;0;150;0;1081.9;0;-1081.9
08.12.2021 21:00:00;08.12.2021 22:00:00;0;0;543.3;0;399.2;0;150;0;1092.5;0;-1092.5
08.12.2021 22:00:00;08.12.2021 23:00:00;0;0;526.2;0;403.4;0;150;0;1079.6;0;-1079.6
08.12.2021 23:00:00;09.12.2021 00:00:00;0;0;539.3;0;390.6;0;150;0;1079.9;0;-1079.9
09.12.2021 00:00:00;09.12.2021 01:00:00;0;0;473.7;0;171.4;0;150;0;795.1;0;-795.1
09.12.2021 01:00:00;09.12.2021 02:00:00;0;0;466.5;0;210.1;0;150;0;826.6;0;-826.6
09.12.2021 02:00:00;09.12.2021 03:00:00;0;0;465.9;0;222.5;0;150;0;838.4;0;-838.4
09.12.2021 03:00:00;09.12.2021 04:00:00;0;0;477.7;0;213.3;0;150;0;841;0;-841
09.12.2021 04:00:00;09.12.2021 05:00:00;0;0;501.5;0;176.8;0;150;0;828.3;0;-828.3
09.12.2021 05:00:00;09.12.2021 06:00:00;0;0;498.2;0;148;0;150;0;796.2;0;-796.2
09.12.2021 06:00:00;09.12.2021 07:00:00;0;0;499.1;0;83.9;0;150;0;733;0;-733
09.12.2021 07:00:00;09.12.2021 08:00:00;0;0;608;0;28.4;0;150;0;786.4;0;-786.4
09.12.2021 08:00:00;09.12.2021 09:00:00;0;0;547.2;0;0;0;150;0;697.2;0;-697.2
09.12.2021 09:00:00;09.12.2021 10:00:00;0;0;493.2;0;0;0;150;0;643.2;0;-643.2
09.12.2021 10:00:00;09.12.2021 11:00:00;0;0;520.3;0;0;0;109.9;0;630.2;0;-630.2
09.12.2021 11:00:00;09.12.2021 12:00:00;0;0;500.2;0;0;0;138.5;0;638.7;0;-638.7
09.12.2021 12:00:00;09.12.2021 13:00:00;0;0;517.2;0;0;0;150;0;667.2;0;-667.2
09.12.2021 13:00:00;09.12.2021 14:00:00;0;0;514.9;0;0;0;150;0;664.9;0;-664.9
09.12.2021 14:00:00;09.12.2021 15:00:00;0;0;442.1;0;0;0;149.4;0;591.5;0;-591.5
09.12.2021 15:00:00;09.12.2021 16:00:00;0;0;377.8;0;0;0;129.6;0;507.4;0;-507.4
09.12.2021 16:00:00;09.12.2021 17:00:00;0;0;507.7;0;0;0;150;0;657.7;0;-657.7
09.12.2021 17:00:00;09.12.2021 18:00:00;0;0;521.8;0;14.7;0;150;0;686.5;0;-686.5
09.12.2021 18:00:00;09.12.2021 19:00:00;0;0;455.1;0;0;0;150;0;605.1;0;-605.1
09.12.2021 19:00:00;09.12.2021 20:00:00;0;0;466.7;0;5.3;0;150;0;622;0;-622
09.12.2021 20:00:00;09.12.2021 21:00:00;0;0;417.5;0;0;0;150;0;567.5;0;-567.5
09.12.2021 21:00:00;09.12.2021 22:00:00;0;0;428.3;0;30;0;150;0;608.3;0;-608.3
09.12.2021 22:00:00;09.12.2021 23:00:00;0;0;392.4;0;62.3;0;150;0;604.7;0;-604.7
09.12.2021 23:00:00;10.12.2021 00:00:00;0;0;425;0;101.3;0;150;0;676.3;0;-676.3
10.12.2021 00:00:00;10.12.2021 01:00:00;0;0;349;0;285.1;0;150;0;784.1;0;-784.1
10.12.2021 01:00:00;10.12.2021 02:00:00;0;0;344.3;0;346.7;0;150;0;841;0;-841
10.12.2021 02:00:00;10.12.2021 03:00:00;0;0;298.4;0;431;0;150;0;879.4;0;-879.4
10.12.2021 03:00:00;10.12.2021 04:00:00;0;0;241.1;0;511.4;0;150;0;902.5;0;-902.5
10.12.2021 04:00:00;10.12.2021 05:00:00;0;0;269.1;0;478.3;0;150;0;897.4;0;-897.4
10.12.2021 05:00:00;10.12.2021 06:00:00;0;0;206.6;0;502.8;0;150;0;859.4;0;-859.4
10.12.2021 06:00:00;10.12.2021 07:00:00;0;0;182.3;0;514.3;0;150;0;846.6;0;-846.6
10.12.2021 07:00:00;10.12.2021 08:00:00;0;0;353.6;0;507.5;0;150;0;1011.1;0;-1011.1
10.12.2021 08:00:00;10.12.2021 09:00:00;0;0;490;0;332.6;0;150;0;972.6;0;-972.6
10.12.2021 09:00:00;10.12.2021 10:00:00;0;0;500.9;0;316.7;0;150;0;967.6;0;-967.6
10.12.2021 10:00:00;10.12.2021 11:00:00;0;0;533.6;0;279.9;0;150;0;963.5;0;-963.5
10.12.2021 11:00:00;10.12.2021 12:00:00;0;0;552;0;258.8;0;150;0;960.8;0;-960.8
10.12.2021 12:00:00;10.12.2021 13:00:00;0;0;567.7;0;233.3;0;150;0;951;0;-951
10.12.2021 13:00:00;10.12.2021 14:00:00;0;0;583.6;0;216.5;0;150;0;950.1;0;-950.1
10.12.2021 14:00:00;10.12.2021 15:00:00;0;0;598.7;0;191.2;0;150;0;939.9;0;-939.9
10.12.2021 15:00:00;10.12.2021 16:00:00;0;0;633.8;0;180.1;0;150;0;963.9;0;-963.9
10.12.2021 16:00:00;10.12.2021 17:00:00;0;0;679.5;0;143.5;0;150;0;973;0;-973
10.12.2021 17:00:00;10.12.2021 18:00:00;0;0;700.8;0;145.7;0;150;0;996.5;0;-996.5
10.12.2021 18:00:00;10.12.2021 19:00:00;0;0;713.3;0;153;0;150;0;1016.3;0;-1016.3
10.12.2021 19:00:00;10.12.2021 20:00:00;0;0;694.2;0;174.4;0;150;0;1018.6;0;-1018.6
10.12.2021 20:00:00;10.12.2021 21:00:00;0;0;689.3;0;200.6;0;150;0;1039.9;0;-1039.9
10.12.2021 21:00:00;10.12.2021 22:00:00;0;0;665;0;228.8;0;150;0;1043.8;0;-1043.8
10.12.2021 22:00:00;10.12.2021 23:00:00;0;0;706.1;0;197.3;0;150;0;1053.4;0;-1053.4
10.12.2021 23:00:00;11.12.2021 00:00:00;0;0;722.6;0;212.5;0;150;0;1085.1;0;-1085.1
11.12.2021 00:00:00;11.12.2021 01:00:00;0;0;777.8;0;257.1;0;150;0;1184.9;0;-1184.9
11.12.2021 01:00:00;11.12.2021 02:00:00;0;0;744.4;0;311.7;0;150;0;1206.1;0;-1206.1
11.12.2021 02:00:00;11.12.2021 03:00:00;0;0;690.8;0;387.6;0;150;0;1228.4;0;-1228.4
11.12.2021 03:00:00;11.12.2021 04:00:00;0;0;669;0;427.4;0;150;0;1246.4;0;-1246.4
11.12.2021 04:00:00;11.12.2021 05:00:00;0;0;620.5;0;490.4;0;150;0;1260.9;0;-1260.9
11.12.2021 05:00:00;11.12.2021 06:00:00;0;0;592.5;0;475;0;150;0;1217.5;0;-1217.5
11.12.2021 06:00:00;11.12.2021 07:00:00;0;0;605.9;0;427.6;0;150;0;1183.5;0;-1183.5
11.12.2021 07:00:00;11.12.2021 08:00:00;0;0;597.4;0;509;0;150;0;1256.4;0;-1256.4
11.12.2021 08:00:00;11.12.2021 09:00:00;0;0;646.9;0;419.4;0;150;0;1216.3;0;-1216.3
11.12.2021 09:00:00;11.12.2021 10:00:00;0;0;676;0;366.6;0;150;0;1192.6;0;-1192.6
11.12.2021 10:00:00;11.12.2021 11:00:00;0;0;733.9;0;269.6;0;150;0;1153.5;0;-1153.5
11.12.2021 11:00:00;11.12.2021 12:00:00;0;0;754.2;0;237;0;150;0;1141.2;0;-1141.2
11.12.2021 12:00:00;11.12.2021 13:00:00;0;0;746.9;0;228.4;0;150;0;1125.3;0;-1125.3
11.12.2021 13:00:00;11.12.2021 14:00:00;0;0;739;0;219.6;0;150;0;1108.6;0;-1108.6
11.12.2021 14:00:00;11.12.2021 15:00:00;0;0;753.6;0;185;0;150;0;1088.6;0;-1088.6
11.12.2021 15:00:00;11.12.2021 16:00:00;0;0;766.3;0;175.8;0;150;0;1092.1;0;-1092.1
11.12.2021 16:00:00;11.12.2021 17:00:00;0;0;786.7;0;168.7;0;150;0;1105.4;0;-1105.4
11.12.2021 17:00:00;11.12.2021 18:00:00;0;0;798;0;157.2;0;150;0;1105.2;0;-1105.2
11.12.2021 18:00:00;11.12.2021 19:00:00;0;0;804.1;0;140.4;0;150;0;1094.5;0;-1094.5
11.12.2021 19:00:00;11.12.2021 20:00:00;0;0;797.8;0;149.8;0;150;0;1097.6;0;-1097.6
11.12.2021 20:00:00;11.12.2021 21:00:00;0;0;839.4;0;138;0;150;0;1127.4;0;-1127.4
11.12.2021 21:00:00;11.12.2021 22:00:00;0;0;815.3;0;175.1;0;150;0;1140.4;0;-1140.4
11.12.2021 22:00:00;11.12.2021 23:00:00;0;0;829.6;0;156.2;0;150;0;1135.8;0;-1135.8
11.12.2021 23:00:00;12.12.2021 00:00:00;0;0;844;0;174.1;0;150;0;1168.1;0;-1168.1
12.12.2021 00:00:00;12.12.2021 01:00:00;0;0;585.4;0;409.4;0;150;0;1144.8;0;-1144.8
12.12.2021 01:00:00;12.12.2021 02:00:00;0;0;537.3;0;495;0;150;0;1182.3;0;-1182.3
12.12.2021 02:00:00;12.12.2021 03:00:00;0;0;463.1;0;606.2;0;150;0;1219.3;0;-1219.3
12.12.2021 03:00:00;12.12.2021 04:00:00;0;0;430.4;0;650;0;150;0;1230.4;0;-1230.4
12.12.2021 04:00:00;12.12.2021 05:00:00;0;0;435.8;0;650;0;150;0;1235.8;0;-1235.8
12.12.2021 05:00:00;12.12.2021 06:00:00;0;0;440.2;0;602.5;0;150;0;1192.7;0;-1192.7
12.12.2021 06:00:00;12.12.2021 07:00:00;0;0;535.6;0;477.5;0;150;0;1163.1;0;-1163.1
12.12.2021 07:00:00;12.12.2021 08:00:00;0;0;657.8;0;343.3;0;150;0;1151.1;0;-1151.1
12.12.2021 08:00:00;12.12.2021 09:00:00;0;0;685.2;0;272.7;0;150;0;1107.9;0;-1107.9
12.12.2021 09:00:00;12.12.2021 10:00:00;0;0;668.2;0;249.3;0;150;0;1067.5;0;-1067.5
12.12.2021 10:00:00;12.12.2021 11:00:00;0;0;664.1;0;220.8;0;150;0;1034.9;0;-1034.9
12.12.2021 11:00:00;12.12.2021 12:00:00;0;0;649.2;0;203.5;0;150;0;1002.7;0;-1002.7
12.12.2021 12:00:00;12.12.2021 13:00:00;0;0;643;0;188.3;0;150;0;981.3;0;-981.3
12.12.2021 13:00:00;12.12.2021 14:00:00;0;0;638.4;0;173.2;0;150;0;961.6;0;-961.6
12.12.2021 14:00:00;12.12.2021 15:00:00;0;0;650.5;0;132.2;0;150;0;932.7;0;-932.7
12.12.2021 15:00:00;12.12.2021 16:00:00;0;0;672;0;87.9;0;150;0;909.9;0;-909.9
12.12.2021 16:00:00;12.12.2021 17:00:00;0;0;689;0;74.9;0;150;0;913.9;0;-913.9
12.12.2021 17:00:00;12.12.2021 18:00:00;0;0;675.3;0;88.5;0;150;0;913.8;0;-913.8
12.12.2021 18:00:00;12.12.2021 19:00:00;0;0;673.6;0;90.3;0;150;0;913.9;0;-913.9
12.12.2021 19:00:00;12.12.2021 20:00:00;0;0;677.5;0;66.7;0;150;0;894.2;0;-894.2
12.12.2021 20:00:00;12.12.2021 21:00:00;0;0;726;0;63.7;0;150;0;939.7;0;-939.7
12.12.2021 21:00:00;12.12.2021 22:00:00;0;0;715.7;0;89.5;0;150;0;955.2;0;-955.2
12.12.2021 22:00:00;12.12.2021 23:00:00;0;0;747.9;0;65;0;150;0;962.9;0;-962.9
12.12.2021 23:00:00;13.12.2021 00:00:00;0;0;752.8;0;99.1;0;150;0;1001.9;0;-1001.9
13.12.2021 00:00:00;13.12.2021 01:00:00;0;0;699.7;0;298;0;150;0;1147.7;0;-1147.7
13.12.2021 01:00:00;13.12.2021 02:00:00;0;0;701.2;0;314.5;0;150;0;1165.7;0;-1165.7
13.12.2021 02:00:00;13.12.2021 03:00:00;0;0;733.8;0;303.3;0;150;0;1187.1;0;-1187.1
13.12.2021 03:00:00;13.12.2021 04:00:00;0;0;753.9;0;279.1;0;150;0;1183;0;-1183
13.12.2021 04:00:00;13.12.2021 05:00:00;0;0;755.9;0;253.9;0;150;0;1159.8;0;-1159.8
13.12.2021 05:00:00;13.12.2021 06:00:00;0;0;763.3;0;186.8;0;150;0;1100.1;0;-1100.1
13.12.2021 06:00:00;13.12.2021 07:00:00;0;0;704.7;0;136.2;0;150;0;990.9;0;-990.9
13.12.2021 07:00:00;13.12.2021 08:00:00;0;0;762.4;0;41.2;0;150;0;953.6;0;-953.6
13.12.2021 08:00:00;13.12.2021 09:00:00;0;0;638.9;0;123;0;150;0;911.9;0;-911.9
13.12.2021 09:00:00;13.12.2021 10:00:00;0;0;477.5;0;262.5;0;150;0;890;0;-890
13.12.2021 10:00:00;13.12.2021 11:00:00;0;0;332.1;0;423.2;0;150;0;905.3;0;-905.3
13.12.2021 11:00:00;13.12.2021 12:00:00;0;0;278.4;0;483.7;0;150;0;912.1;0;-912.1
13.12.2021 12:00:00;13.12.2021 13:00:00;0;0;300.5;0;468.3;0;150;0;918.8;0;-918.8
13.12.2021 13:00:00;13.12.2021 14:00:00;0;0;341.8;0;420.8;0;150;0;912.6;0;-912.6
13.12.2021 14:00:00;13.12.2021 15:00:00;0;0;482.8;0;262.9;0;150;0;895.7;0;-895.7
13.12.2021 15:00:00;13.12.2021 16:00:00;0;0;503.2;0;197.9;0;150;0;851.1;0;-851.1
13.12.2021 16:00:00;13.12.2021 17:00:00;0;0;492.2;0;246.6;0;150;0;888.8;0;-888.8
13.12.2021 17:00:00;13.12.2021 18:00:00;0;0;473;0;325.2;0;150;0;948.2;0;-948.2
13.12.2021 18:00:00;13.12.2021 19:00:00;0;0;388.1;0;388.9;0;150;0;927;0;-927
13.12.2021 19:00:00;13.12.2021 20:00:00;0;0;367.7;0;451.3;0;150;0;969;0;-969
13.12.2021 20:00:00;13.12.2021 21:00:00;0;0;308.4;0;533.2;0;150;0;991.6;0;-991.6
13.12.2021 21:00:00;13.12.2021 22:00:00;0;0;253.6;0;650;0;150;0;1053.6;0;-1053.6
13.12.2021 22:00:00;13.12.2021 23:00:00;0;0;321.8;0;643.4;0;150;0;1115.2;0;-1115.2
13.12.2021 23:00:00;14.12.2021 00:00:00;0;0;300.3;0;650;0;150;0;1100.3;0;-1100.3
14.12.2021 00:00:00;14.12.2021 01:00:00;0;0;335.8;0;650;0;150;0;1135.8;0;-1135.8
14.12.2021 01:00:00;14.12.2021 02:00:00;0;0;367.9;0;650;0;150;0;1167.9;0;-1167.9
14.12.2021 02:00:00;14.12.2021 03:00:00;0;0;344.5;0;650;0;150;0;1144.5;0;-1144.5
14.12.2021 03:00:00;14.12.2021 04:00:00;0;0;338.7;0;650;0;150;0;1138.7;0;-1138.7
14.12.2021 04:00:00;14.12.2021 05:00:00;0;0;314.9;0;650;0;150;0;1114.9;0;-1114.9
14.12.2021 05:00:00;14.12.2021 06:00:00;0;0;278.6;0;650;0;150;0;1078.6;0;-1078.6
14.12.2021 06:00:00;14.12.2021 07:00:00;0;0;169.3;0;650;0;150;0;969.3;0;-969.3
14.12.2021 07:00:00;14.12.2021 08:00:00;0;0;257.4;0;650;0;150;0;1057.4;0;-1057.4
14.12.2021 08:00:00;14.12.2021 09:00:00;0;0;266.3;0;650;0;150;0;1066.3;0;-1066.3
14.12.2021 09:00:00;14.12.2021 10:00:00;0;0;350.9;0;633.4;0;150;0;1134.3;0;-1134.3
14.12.2021 10:00:00;14.12.2021 11:00:00;0;0;477.8;0;627;0;150;0;1254.8;0;-1254.8
14.12.2021 11:00:00;14.12.2021 12:00:00;0;0;545.6;0;385.3;0;150;0;1080.9;0;-1080.9
14.12.2021 12:00:00;14.12.2021 13:00:00;0;0;642.6;0;288.8;0;150;0;1081.4;0;-1081.4
14.12.2021 13:00:00;14.12.2021 14:00:00;0;0;724.3;0;210.2;0;150;0;1084.5;0;-1084.5
14.12.2021 14:00:00;14.12.2021 15:00:00;0;0;684.2;0;249.6;0;150;0;1083.8;0;-1083.8
14.12.2021 15:00:00;14.12.2021 16:00:00;0;0;541.3;0;341.5;0;150;0;1032.8;0;-1032.8
14.12.2021 16:00:00;14.12.2021 17:00:00;0;0;335.7;0;512.8;0;150;0;998.5;0;-998.5
14.12.2021 17:00:00;14.12.2021 18:00:00;0;0;246.1;0;650;0;150;0;1046.1;0;-1046.1
14.12.2021 18:00:00;14.12.2021 19:00:00;0;0;328.3;0;546;0;150;0;1024.3;0;-1024.3
14.12.2021 19:00:00;14.12.2021 20:00:00;0;0;419.6;0;448;0;150;0;1017.6;0;-1017.6
14.12.2021 20:00:00;14.12.2021 21:00:00;0;0;319.3;0;498.1;0;150;0;967.4;0;-967.4
14.12.2021 21:00:00;14.12.2021 22:00:00;0;0;275.4;0;569.1;0;150;0;994.5;0;-994.5
14.12.2021 22:00:00;14.12.2021 23:00:00;0;0;384.2;0;482.2;0;150;0;1016.4;0;-1016.4
14.12.2021 23:00:00;15.12.2021 00:00:00;0;0;323;0;439.1;0;150;0;912.1;0;-912.1
15.12.2021 00:00:00;15.12.2021 01:00:00;0;0;526;0;446;0;150;0;1122;0;-1122
15.12.2021 01:00:00;15.12.2021 02:00:00;0;0;519.8;0;379.3;0;150;0;1049.1;0;-1049.1
15.12.2021 02:00:00;15.12.2021 03:00:00;0;0;496;0;329.6;0;150;0;975.6;0;-975.6
15.12.2021 03:00:00;15.12.2021 04:00:00;0;0;541.7;0;69.8;0;150;0;761.5;0;-761.5
15.12.2021 04:00:00;15.12.2021 05:00:00;0;0;501.6;0;273.1;0;150;0;924.7;0;-924.7
15.12.2021 05:00:00;15.12.2021 06:00:00;0;0;551.9;0;485.8;0;150;0;1187.7;0;-1187.7
15.12.2021 06:00:00;15.12.2021 07:00:00;0;0;325.9;0;650;0;150;0;1125.9;0;-1125.9
15.12.2021 07:00:00;15.12.2021 08:00:00;0;0;597.8;0;337.2;0;150;0;1085;0;-1085
15.12.2021 08:00:00;15.12.2021 09:00:00;0;0;763.3;0;201.1;0;150;0;1114.4;0;-1114.4
15.12.2021 09:00:00;15.12.2021 10:00:00;0;0;778.7;0;153.6;0;150;0;1082.3;0;-1082.3
15.12.2021 10:00:00;15.12.2021 11:00:00;0;0;735.9;0;127.9;0;150;0;1013.8;0;-1013.8
15.12.2021 11:00:00;15.12.2021 12:00:00;0;0;706.5;0;123;0;150;0;979.5;0;-979.5
15.12.2021 12:00:00;15.12.2021 13:00:00;0;0;703.1;0;109.5;0;150;0;962.6;0;-962.6
15.12.2021 13:00:00;15.12.2021 14:00:00;0;0;696;0;89.2;0;150;0;935.2;0;-935.2
15.12.2021 14:00:00;15.12.2021 15:00:00;0;0;668.8;0;72.4;0;150;0;891.2;0;-891.2
15.12.2021 15:00:00;15.12.2021 16:00:00;0;0;644.7;0;74.9;0;150;0;869.6;0;-869.6
15.12.2021 16:00:00;15.12.2021 17:00:00;0;0;635.7;0;80.6;0;150;0;866.3;0;-866.3
15.12.2021 17:00:00;15.12.2021 18:00:00;0;0;646.3;0;75.3;0;150;0;871.6;0;-871.6
15.12.2021 18:00:00;15.12.2021 19:00:00;0;0;629.8;0;87.3;0;150;0;867.1;0;-867.1
15.12.2021 19:00:00;15.12.2021 20:00:00;0;0;610.2;0;85.7;0;150;0;845.9;0;-845.9
15.12.2021 20:00:00;15.12.2021 21:00:00;0;0;572.8;0;113.3;0;150;0;836.1;0;-836.1
15.12.2021 21:00:00;15.12.2021 22:00:00;0;0;550.4;0;126.2;0;150;0;826.6;0;-826.6
15.12.2021 22:00:00;15.12.2021 23:00:00;0;0;565.8;0;59.9;0;150;0;775.7;0;-775.7
15.12.2021 23:00:00;16.12.2021 00:00:00;0;0;377.7;0;0;10.2;0;0;377.7;10.2;-367.5
16.12.2021 00:00:00;16.12.2021 01:00:00;0;0;104.8;0;0;216.7;0;0;104.8;216.7;111.9
16.12.2021 01:00:00;16.12.2021 02:00:00;0;0;84;0;0;230.9;0;0;84;230.9;146.9
16.12.2021 02:00:00;16.12.2021 03:00:00;0;0;52.3;0;0;189.4;0;0;52.3;189.4;137.1
16.12.2021 03:00:00;16.12.2021 04:00:00;0;0;89.6;0;0;159;0;0;89.6;159;69.4
16.12.2021 04:00:00;16.12.2021 05:00:00;0;0;296.1;0;0;0;96.8;0;392.9;0;-392.9
16.12.2021 05:00:00;16.12.2021 06:00:00;0;0;433.4;0;109.4;0;150;0;692.8;0;-692.8
16.12.2021 06:00:00;16.12.2021 07:00:00;0;0;262.8;0;30.2;0;150;0;443;0;-443
16.12.2021 07:00:00;16.12.2021 08:00:00;0;0;416.8;0;93;0;150;0;659.8;0;-659.8
16.12.2021 08:00:00;16.12.2021 09:00:00;0;0;454.3;0;43.1;0;150;0;647.4;0;-647.4
16.12.2021 09:00:00;16.12.2021 10:00:00;0;0;470.1;0;26.2;0;150;0;646.3;0;-646.3
16.12.2021 10:00:00;16.12.2021 11:00:00;0;0;534;0;11;0;150;0;695;0;-695
16.12.2021 11:00:00;16.12.2021 12:00:00;0;0;479.6;0;0;0;150;0;629.6;0;-629.6
16.12.2021 12:00:00;16.12.2021 13:00:00;0;0;486.4;0;0;0;150;0;636.4;0;-636.4
16.12.2021 13:00:00;16.12.2021 14:00:00;0;0;466.6;0;0;0;150;0;616.6;0;-616.6
16.12.2021 14:00:00;16.12.2021 15:00:00;0;0;461;0;0;0;150;0;611;0;-611
16.12.2021 15:00:00;16.12.2021 16:00:00;0;0;478.1;0;0;0;150;0;628.1;0;-628.1
16.12.2021 16:00:00;16.12.2021 17:00:00;0;0;501.4;0;0;0;150;0;651.4;0;-651.4
16.12.2021 17:00:00;16.12.2021 18:00:00;0;0;486;0;18.4;0;150;0;654.4;0;-654.4
16.12.2021 18:00:00;16.12.2021 19:00:00;0;0;525.4;0;7.2;0;150;0;682.6;0;-682.6
16.12.2021 19:00:00;16.12.2021 20:00:00;0;0;555.3;0;0;0;150;0;705.3;0;-705.3
16.12.2021 20:00:00;16.12.2021 21:00:00;0;0;558.8;0;0;0;150;0;708.8;0;-708.8
16.12.2021 21:00:00;16.12.2021 22:00:00;0;0;605.6;0;0;0;40.6;0;646.2;0;-646.2
16.12.2021 22:00:00;16.12.2021 23:00:00;0;0;735.9;0;0;55;0;0;735.9;55;-680.9
16.12.2021 23:00:00;17.12.2021 00:00:00;0;0;749.7;0;0;59.6;0;0;749.7;59.6;-690.1
17.12.2021 00:00:00;17.12.2021 01:00:00;0;0;571.7;0;0;45.1;0;0;571.7;45.1;-526.6
17.12.2021 01:00:00;17.12.2021 02:00:00;0;0;552.2;0;0;111.4;0;0;552.2;111.4;-440.8
17.12.2021 02:00:00;17.12.2021 03:00:00;0;0;590.9;0;0;168;0;0;590.9;168;-422.9
17.12.2021 03:00:00;17.12.2021 04:00:00;0;0;659.4;0;0;312.1;0;0;659.4;312.1;-347.3
17.12.2021 04:00:00;17.12.2021 05:00:00;0;0;747.1;0;0;134.4;0;0;747.1;134.4;-612.7
17.12.2021 05:00:00;17.12.2021 06:00:00;0;0;727.2;0;0;90.6;0;0;727.2;90.6;-636.6
17.12.2021 06:00:00;17.12.2021 07:00:00;0;0;594.2;0;0;48.8;0;0;594.2;48.8;-545.4
17.12.2021 07:00:00;17.12.2021 08:00:00;0;0;523;0;0;0;27.9;0;550.9;0;-550.9
17.12.2021 08:00:00;17.12.2021 09:00:00;0;0;492.6;0;0;0;150;0;642.6;0;-642.6
17.12.2021 09:00:00;17.12.2021 10:00:00;0;0;503.6;0;11.7;0;150;0;665.3;0;-665.3
17.12.2021 10:00:00;17.12.2021 11:00:00;0;0;501;0;104.7;0;150;0;755.7;0;-755.7
17.12.2021 11:00:00;17.12.2021 12:00:00;0;0;550.1;0;103;0;150;0;803.1;0;-803.1
17.12.2021 12:00:00;17.12.2021 13:00:00;0;0;476.4;0;369.5;0;150;0;995.9;0;-995.9
17.12.2021 13:00:00;17.12.2021 14:00:00;0;0;469.2;0;441.1;0;150;0;1060.3;0;-1060.3
17.12.2021 14:00:00;17.12.2021 15:00:00;0;0;450.2;0;506;0;150;0;1106.2;0;-1106.2
17.12.2021 15:00:00;17.12.2021 16:00:00;0;0;460.6;0;539.5;0;150;0;1150.1;0;-1150.1
17.12.2021 16:00:00;17.12.2021 17:00:00;0;0;473.6;0;556.6;0;150;0;1180.2;0;-1180.2
17.12.2021 17:00:00;17.12.2021 18:00:00;0;0;566.6;0;485.1;0;150;0;1201.7;0;-1201.7
17.12.2021 18:00:00;17.12.2021 19:00:00;0;0;583.1;0;474.8;0;150;0;1207.9;0;-1207.9
17.12.2021 19:00:00;17.12.2021 20:00:00;0;0;578;0;461.7;0;150;0;1189.7;0;-1189.7
17.12.2021 20:00:00;17.12.2021 21:00:00;0;0;579;0;450.2;0;150;0;1179.2;0;-1179.2
17.12.2021 21:00:00;17.12.2021 22:00:00;0;0;530.3;0;411;0;150;0;1091.3;0;-1091.3
17.12.2021 22:00:00;17.12.2021 23:00:00;0;0;605.7;0;392.9;0;150;0;1148.6;0;-1148.6
17.12.2021 23:00:00;18.12.2021 00:00:00;0;0;577.6;0;345.5;0;150;0;1073.1;0;-1073.1
18.12.2021 00:00:00;18.12.2021 01:00:00;0;0;637.7;0;326.6;0;150;0;1114.3;0;-1114.3
18.12.2021 01:00:00;18.12.2021 02:00:00;0;0;668.6;0;327.9;0;150;0;1146.5;0;-1146.5
18.12.2021 02:00:00;18.12.2021 03:00:00;0;0;636.9;0;321.5;0;150;0;1108.4;0;-1108.4
18.12.2021 03:00:00;18.12.2021 04:00:00;0;0;608.3;0;290.7;0;150;0;1049;0;-1049
18.12.2021 04:00:00;18.12.2021 05:00:00;0;0;634;0;327.5;0;150;0;1111.5;0;-1111.5
18.12.2021 05:00:00;18.12.2021 06:00:00;0;0;623.1;0;375.7;0;150;0;1148.8;0;-1148.8
18.12.2021 06:00:00;18.12.2021 07:00:00;0;0;493.1;0;445.8;0;150;0;1088.9;0;-1088.9
18.12.2021 07:00:00;18.12.2021 08:00:00;0;0;484.1;0;436.6;0;150;0;1070.7;0;-1070.7
18.12.2021 08:00:00;18.12.2021 09:00:00;0;0;527.7;0;368.7;0;150;0;1046.4;0;-1046.4
18.12.2021 09:00:00;18.12.2021 10:00:00;0;0;604.3;0;223.1;0;150;0;977.4;0;-977.4
18.12.2021 10:00:00;18.12.2021 11:00:00;0;0;606.3;0;170.6;0;150;0;926.9;0;-926.9
18.12.2021 11:00:00;18.12.2021 12:00:00;0;0;576.9;0;183.7;0;150;0;910.6;0;-910.6
18.12.2021 12:00:00;18.12.2021 13:00:00;0;0;575.3;0;187.7;0;150;0;913;0;-913
18.12.2021 13:00:00;18.12.2021 14:00:00;0;0;560.3;0;215.7;0;150;0;926;0;-926
18.12.2021 14:00:00;18.12.2021 15:00:00;0;0;524.4;0;252.9;0;150;0;927.3;0;-927.3
18.12.2021 15:00:00;18.12.2021 16:00:00;0;0;535.9;0;279.2;0;150;0;965.1;0;-965.1
18.12.2021 16:00:00;18.12.2021 17:00:00;0;0;532.8;0;303.3;0;150;0;986.1;0;-986.1
18.12.2021 17:00:00;18.12.2021 18:00:00;0;0;525.7;0;287.2;0;150;0;962.9;0;-962.9
18.12.2021 18:00:00;18.12.2021 19:00:00;0;0;535.3;0;246.5;0;150;0;931.8;0;-931.8
18.12.2021 19:00:00;18.12.2021 20:00:00;0;0;518.6;0;220.8;0;150;0;889.4;0;-889.4
18.12.2021 20:00:00;18.12.2021 21:00:00;0;0;470.1;0;195.4;0;150;0;815.5;0;-815.5
18.12.2021 21:00:00;18.12.2021 22:00:00;0;0;438.1;0;177.2;0;150;0;765.3;0;-765.3
18.12.2021 22:00:00;18.12.2021 23:00:00;0;0;423.4;0;80.5;0;150;0;653.9;0;-653.9
18.12.2021 23:00:00;19.12.2021 00:00:00;0;0;381.2;0;0;43.1;0;0;381.2;43.1;-338.1
19.12.2021 00:00:00;19.12.2021 01:00:00;0;0;0;0;0;24.8;0;25.2;0;50;50
19.12.2021 01:00:00;19.12.2021 02:00:00;0;0;0;0;0;44.4;0;200;0;244.4;244.4
19.12.2021 02:00:00;19.12.2021 03:00:00;0;0;0;0;0;31.5;0;200;0;231.5;231.5
19.12.2021 03:00:00;19.12.2021 04:00:00;0;0;0;0;0;0;0;51.5;0;51.5;51.5
19.12.2021 04:00:00;19.12.2021 05:00:00;0;0;30.3;0;0;0;0;0;30.3;0;-30.3
19.12.2021 05:00:00;19.12.2021 06:00:00;0;0;189;0;0;0;0;0;189;0;-189
19.12.2021 06:00:00;19.12.2021 07:00:00;0;0;85.1;0;0;0;0;0;85.1;0;-85.1
19.12.2021 07:00:00;19.12.2021 08:00:00;0;0;183.3;0;65.8;0;150;0;399.1;0;-399.1
19.12.2021 08:00:00;19.12.2021 09:00:00;0;0;327;0;105.2;0;150;0;582.2;0;-582.2
19.12.2021 09:00:00;19.12.2021 10:00:00;0;0;556;0;291.7;0;150;0;997.7;0;-997.7
19.12.2021 10:00:00;19.12.2021 11:00:00;0;0;578.4;0;255.6;0;150;0;984;0;-984
19.12.2021 11:00:00;19.12.2021 12:00:00;0;0;591.4;0;213.1;0;150;0;954.5;0;-954.5
19.12.2021 12:00:00;19.12.2021 13:00:00;0;0;580.3;0;199.5;0;150;0;929.8;0;-929.8
19.12.2021 13:00:00;19.12.2021 14:00:00;0;0;570.2;0;169.2;0;150;0;889.4;0;-889.4
19.12.2021 14:00:00;19.12.2021 15:00:00;0;0;555.6;0;134.9;0;150;0;840.5;0;-840.5
19.12.2021 15:00:00;19.12.2021 16:00:00;0;0;559;0;119.2;0;150;0;828.2;0;-828.2
19.12.2021 16:00:00;19.12.2021 17:00:00;0;0;575.3;0;143.4;0;150;0;868.7;0;-868.7
19.12.2021 17:00:00;19.12.2021 18:00:00;0;0;577.2;0;123.9;0;150;0;851.1;0;-851.1
19.12.2021 18:00:00;19.12.2021 19:00:00;0;0;621.6;0;45.2;0;150;0;816.8;0;-816.8
19.12.2021 19:00:00;19.12.2021 20:00:00;0;0;625.9;0;0;0;150;0;775.9;0;-775.9
19.12.2021 20:00:00;19.12.2021 21:00:00;0;0;648.4;0;27.7;0;150;0;826.1;0;-826.1
19.12.2021 21:00:00;19.12.2021 22:00:00;0;0;665.4;0;37.4;0;150;0;852.8;0;-852.8
19.12.2021 22:00:00;19.12.2021 23:00:00;0;0;743.2;0;0;0;150;0;893.2;0;-893.2
19.12.2021 23:00:00;20.12.2021 00:00:00;0;0;757;0;0;0;150;0;907;0;-907
20.12.2021 00:00:00;20.12.2021 01:00:00;0;0;872.6;0;0;0;150;0;1022.6;0;-1022.6
20.12.2021 01:00:00;20.12.2021 02:00:00;0;0;763;0;0;0;150;0;913;0;-913
20.12.2021 02:00:00;20.12.2021 03:00:00;0;0;868.7;0;0;0;150;0;1018.7;0;-1018.7
20.12.2021 03:00:00;20.12.2021 04:00:00;0;0;895;0;0;0;150;0;1045;0;-1045
20.12.2021 04:00:00;20.12.2021 05:00:00;0;0;931;0;0;0;150;0;1081;0;-1081
20.12.2021 05:00:00;20.12.2021 06:00:00;0;0;921.1;0;0;0;150;0;1071.1;0;-1071.1
20.12.2021 06:00:00;20.12.2021 07:00:00;0;0;932.2;0;0;0;150;0;1082.2;0;-1082.2
20.12.2021 07:00:00;20.12.2021 08:00:00;0;0;1000;0;31.7;0;150;0;1181.7;0;-1181.7
20.12.2021 08:00:00;20.12.2021 09:00:00;0;0;1000;0;7;0;150;0;1157;0;-1157
20.12.2021 09:00:00;20.12.2021 10:00:00;0;0;988.1;0;0;0;150;0;1138.1;0;-1138.1
20.12.2021 10:00:00;20.12.2021 11:00:00;0;0;975.2;0;0;0;150;0;1125.2;0;-1125.2
20.12.2021 11:00:00;20.12.2021 12:00:00;0;0;970.5;0;0;0;150;0;1120.5;0;-1120.5
20.12.2021 12:00:00;20.12.2021 13:00:00;0;0;973.3;0;0;0;150;0;1123.3;0;-1123.3
20.12.2021 13:00:00;20.12.2021 14:00:00;0;0;962;0;0;0;150;0;1112;0;-1112
20.12.2021 14:00:00;20.12.2021 15:00:00;0;0;921.1;0;0;0;150;0;1071.1;0;-1071.1
20.12.2021 15:00:00;20.12.2021 16:00:00;0;0;911.6;0;0;0;150;0;1061.6;0;-1061.6
20.12.2021 16:00:00;20.12.2021 17:00:00;0;0;965.6;0;0;0;150;0;1115.6;0;-1115.6
20.12.2021 17:00:00;20.12.2021 18:00:00;0;0;992.7;0;0;0;150;0;1142.7;0;-1142.7
20.12.2021 18:00:00;20.12.2021 19:00:00;0;0;1000;0;13.6;0;150;0;1163.6;0;-1163.6
20.12.2021 19:00:00;20.12.2021 20:00:00;0;0;1000;0;47.9;0;150;0;1197.9;0;-1197.9
20.12.2021 20:00:00;20.12.2021 21:00:00;0;0;1000;0;84.7;0;150;0;1234.7;0;-1234.7
20.12.2021 21:00:00;20.12.2021 22:00:00;0;0;1000;0;113.6;0;150;0;1263.6;0;-1263.6
20.12.2021 22:00:00;20.12.2021 23:00:00;0;0;1000;0;140.9;0;150;0;1290.9;0;-1290.9
20.12.2021 23:00:00;21.12.2021 00:00:00;0;0;1000;0;211.9;0;150;0;1361.9;0;-1361.9
21.12.2021 00:00:00;21.12.2021 01:00:00;0;0;1000;0;220.3;0;150;0;1370.3;0;-1370.3
21.12.2021 01:00:00;21.12.2021 02:00:00;0;0;1000;0;267.2;0;150;0;1417.2;0;-1417.2
21.12.2021 02:00:00;21.12.2021 03:00:00;0;0;913.1;0;409.2;0;150;0;1472.3;0;-1472.3
21.12.2021 03:00:00;21.12.2021 04:00:00;0;0;863.7;0;476.7;0;150;0;1490.4;0;-1490.4
21.12.2021 04:00:00;21.12.2021 05:00:00;0;0;897.2;0;431;0;150;0;1478.2;0;-1478.2
21.12.2021 05:00:00;21.12.2021 06:00:00;0;0;758.6;0;565.7;0;150;0;1474.3;0;-1474.3
21.12.2021 06:00:00;21.12.2021 07:00:00;0;0;848.8;0;360.2;0;150;0;1359;0;-1359
21.12.2021 07:00:00;21.12.2021 08:00:00;0;0;855.3;0;290.1;0;150;0;1295.4;0;-1295.4
21.12.2021 08:00:00;21.12.2021 09:00:00;0;0;872.4;0;239.8;0;150;0;1262.2;0;-1262.2
21.12.2021 09:00:00;21.12.2021 10:00:00;0;0;887.5;0;257.3;0;150;0;1294.8;0;-1294.8
21.12.2021 10:00:00;21.12.2021 11:00:00;0;0;800.5;0;335.7;0;150;0;1286.2;0;-1286.2
21.12.2021 11:00:00;21.12.2021 12:00:00;0;0;736.7;0;361.6;0;150;0;1248.3;0;-1248.3
21.12.2021 12:00:00;21.12.2021 13:00:00;0;0;709.7;0;379.5;0;150;0;1239.2;0;-1239.2
21.12.2021 13:00:00;21.12.2021 14:00:00;0;0;678.4;0;400.1;0;150;0;1228.5;0;-1228.5
21.12.2021 14:00:00;21.12.2021 15:00:00;0;0;716.8;0;341.2;0;150;0;1208;0;-1208
21.12.2021 15:00:00;21.12.2021 16:00:00;0;0;662.4;0;402.9;0;150;0;1215.3;0;-1215.3
21.12.2021 16:00:00;21.12.2021 17:00:00;0;0;670.6;0;397.2;0;150;0;1217.8;0;-1217.8
21.12.2021 17:00:00;21.12.2021 18:00:00;0;0;714.6;0;358.9;0;150;0;1223.5;0;-1223.5
21.12.2021 18:00:00;21.12.2021 19:00:00;0;0;645.5;0;357.7;0;150;0;1153.2;0;-1153.2
21.12.2021 19:00:00;21.12.2021 20:00:00;0;0;569.3;0;442.8;0;150;0;1162.1;0;-1162.1
21.12.2021 20:00:00;21.12.2021 21:00:00;0;0;615.1;0;405.8;0;150;0;1170.9;0;-1170.9
21.12.2021 21:00:00;21.12.2021 22:00:00;0;0;613;0;416;0;150;0;1179;0;-1179
21.12.2021 22:00:00;21.12.2021 23:00:00;0;0;693;0;356.8;0;150;0;1199.8;0;-1199.8
21.12.2021 23:00:00;22.12.2021 00:00:00;0;0;679.2;0;391.4;0;150;0;1220.6;0;-1220.6
22.12.2021 00:00:00;22.12.2021 01:00:00;0;0;803.7;0;650;0;150;0;1603.7;0;-1603.7
22.12.2021 01:00:00;22.12.2021 02:00:00;0;0;831.1;0;650;0;150;0;1631.1;0;-1631.1
22.12.2021 02:00:00;22.12.2021 03:00:00;0;0;831.7;0;650;0;150;0;1631.7;0;-1631.7
22.12.2021 03:00:00;22.12.2021 04:00:00;0;0;819.8;0;650;0;150;0;1619.8;0;-1619.8
22.12.2021 04:00:00;22.12.2021 05:00:00;0;0;861.1;0;650;0;150;0;1661.1;0;-1661.1
22.12.2021 05:00:00;22.12.2021 06:00:00;0;0;906.5;0;650;0;150;0;1706.5;0;-1706.5
22.12.2021 06:00:00;22.12.2021 07:00:00;0;0;810.2;0;650;0;150;0;1610.2;0;-1610.2
22.12.2021 07:00:00;22.12.2021 08:00:00;0;0;917.2;0;470.6;0;150;0;1537.8;0;-1537.8
22.12.2021 08:00:00;22.12.2021 09:00:00;0;0;1000;0;371.3;0;150;0;1521.3;0;-1521.3
22.12.2021 09:00:00;22.12.2021 10:00:00;0;0;1000;0;298.3;0;150;0;1448.3;0;-1448.3
22.12.2021 10:00:00;22.12.2021 11:00:00;0;0;1000;0;208.5;0;150;0;1358.5;0;-1358.5
22.12.2021 11:00:00;22.12.2021 12:00:00;0;0;1000;0;132.2;0;150;0;1282.2;0;-1282.2
22.12.2021 12:00:00;22.12.2021 13:00:00;0;0;1000;0;117.7;0;150;0;1267.7;0;-1267.7
22.12.2021 13:00:00;22.12.2021 14:00:00;0;0;1000;0;155;0;150;0;1305;0;-1305
22.12.2021 14:00:00;22.12.2021 15:00:00;0;0;1000;0;205.6;0;150;0;1355.6;0;-1355.6
22.12.2021 15:00:00;22.12.2021 16:00:00;0;0;1000;0;216.2;0;150;0;1366.2;0;-1366.2
22.12.2021 16:00:00;22.12.2021 17:00:00;0;0;1000;0;231.3;0;150;0;1381.3;0;-1381.3
22.12.2021 17:00:00;22.12.2021 18:00:00;0;0;1000;0;324.3;0;150;0;1474.3;0;-1474.3
22.12.2021 18:00:00;22.12.2021 19:00:00;0;0;1000;0;286.2;0;150;0;1436.2;0;-1436.2
22.12.2021 19:00:00;22.12.2021 20:00:00;0;0;1000;0;341.7;0;150;0;1491.7;0;-1491.7
22.12.2021 20:00:00;22.12.2021 21:00:00;0;0;1000;0;303;0;150;0;1453;0;-1453
22.12.2021 21:00:00;22.12.2021 22:00:00;0;0;1000;0;320.6;0;150;0;1470.6;0;-1470.6
22.12.2021 22:00:00;22.12.2021 23:00:00;0;0;1000;0;335.5;0;150;0;1485.5;0;-1485.5
22.12.2021 23:00:00;23.12.2021 00:00:00;0;0;1000;0;306.5;0;150;0;1456.5;0;-1456.5
23.12.2021 00:00:00;23.12.2021 01:00:00;0;0;1000;0;197.6;0;150;0;1347.6;0;-1347.6
23.12.2021 01:00:00;23.12.2021 02:00:00;0;0;1000;0;159.7;0;150;0;1309.7;0;-1309.7
23.12.2021 02:00:00;23.12.2021 03:00:00;0;0;1000;0;154.6;0;150;0;1304.6;0;-1304.6
23.12.2021 03:00:00;23.12.2021 04:00:00;0;0;1000;0;151.4;0;150;0;1301.4;0;-1301.4
23.12.2021 04:00:00;23.12.2021 05:00:00;0;0;1000;0;147.2;0;150;0;1297.2;0;-1297.2
23.12.2021 05:00:00;23.12.2021 06:00:00;0;0;1000;0;103.5;0;150;0;1253.5;0;-1253.5
23.12.2021 06:00:00;23.12.2021 07:00:00;0;0;1000;0;0;0;138.2;0;1138.2;0;-1138.2
23.12.2021 07:00:00;23.12.2021 08:00:00;0;0;922.3;0;0;0;119.3;0;1041.6;0;-1041.6
23.12.2021 08:00:00;23.12.2021 09:00:00;0;0;926.9;0;0;0;71.3;0;998.2;0;-998.2
23.12.2021 09:00:00;23.12.2021 10:00:00;0;0;844.1;0;0;0;93.2;0;937.3;0;-937.3
23.12.2021 10:00:00;23.12.2021 11:00:00;0;0;729.8;0;16.3;0;150;0;896.1;0;-896.1
23.12.2021 11:00:00;23.12.2021 12:00:00;0;0;669.5;0;2.5;0;150;0;822;0;-822
23.12.2021 12:00:00;23.12.2021 13:00:00;0;0;666.1;0;0;0;150;0;816.1;0;-816.1
23.12.2021 13:00:00;23.12.2021 14:00:00;0;0;717.5;0;8.1;0;150;0;875.6;0;-875.6
23.12.2021 14:00:00;23.12.2021 15:00:00;0;0;711.3;0;53.4;0;150;0;914.7;0;-914.7
23.12.2021 15:00:00;23.12.2021 16:00:00;0;0;762.4;0;86.9;0;150;0;999.3;0;-999.3
23.12.2021 16:00:00;23.12.2021 17:00:00;0;0;842.5;0;110.6;0;150;0;1103.1;0;-1103.1
23.12.2021 17:00:00;23.12.2021 18:00:00;0;0;898.9;0;98.2;0;150;0;1147.1;0;-1147.1
23.12.2021 18:00:00;23.12.2021 19:00:00;0;0;962.4;0;79.9;0;150;0;1192.3;0;-1192.3
23.12.2021 19:00:00;23.12.2021 20:00:00;0;0;992;0;65.6;0;150;0;1207.6;0;-1207.6
23.12.2021 20:00:00;23.12.2021 21:00:00;0;0;999.3;0;63;0;150;0;1212.3;0;-1212.3
23.12.2021 21:00:00;23.12.2021 22:00:00;0;0;1000;0;24.6;0;150;0;1174.6;0;-1174.6
23.12.2021 22:00:00;23.12.2021 23:00:00;0;0;1000;0;0;0;35.5;0;1035.5;0;-1035.5
23.12.2021 23:00:00;24.12.2021 00:00:00;0;0;1000;0;0;0;43.1;0;1043.1;0;-1043.1
24.12.2021 00:00:00;24.12.2021 01:00:00;0;0;1000;0;0;106.8;0;0;1000;106.8;-893.2
24.12.2021 01:00:00;24.12.2021 02:00:00;0;0;1000;0;0;85.2;0;0;1000;85.2;-914.8
24.12.2021 02:00:00;24.12.2021 03:00:00;0;0;1000;0;0;108.6;0;0;1000;108.6;-891.4
24.12.2021 03:00:00;24.12.2021 04:00:00;0;0;963.1;0;0;90;0;0;963.1;90;-873.1
24.12.2021 04:00:00;24.12.2021 05:00:00;0;0;910.7;0;0;85.7;0;0;910.7;85.7;-825
24.12.2021 05:00:00;24.12.2021 06:00:00;0;0;874.7;0;0;96;0;0;874.7;96;-778.7
24.12.2021 06:00:00;24.12.2021 07:00:00;0;0;795.3;0;0;82;0;0;795.3;82;-713.3
24.12.2021 07:00:00;24.12.2021 08:00:00;0;0;836.9;0;0;142.6;0;0;836.9;142.6;-694.3
24.12.2021 08:00:00;24.12.2021 09:00:00;0;0;946.3;0;0;167.4;0;0;946.3;167.4;-778.9
24.12.2021 09:00:00;24.12.2021 10:00:00;0;0;1000;0;0;247.6;0;0;1000;247.6;-752.4
24.12.2021 10:00:00;24.12.2021 11:00:00;0;0;1000;0;0;295.9;0;0;1000;295.9;-704.1
24.12.2021 11:00:00;24.12.2021 12:00:00;0;0;1000;0;0;297.6;0;0;1000;297.6;-702.4
24.12.2021 12:00:00;24.12.2021 13:00:00;0;0;1000;0;0;296;0;0;1000;296;-704
24.12.2021 13:00:00;24.12.2021 14:00:00;0;0;1000;0;0;307.4;0;0;1000;307.4;-692.6
24.12.2021 14:00:00;24.12.2021 15:00:00;0;0;1000;0;0;312.6;0;0;1000;312.6;-687.4
24.12.2021 15:00:00;24.12.2021 16:00:00;0;0;1000;0;0;275.1;0;0;1000;275.1;-724.9
24.12.2021 16:00:00;24.12.2021 17:00:00;0;0;1000;0;0;238.3;0;0;1000;238.3;-761.7
24.12.2021 17:00:00;24.12.2021 18:00:00;0;0;1000;0;0;174;0;0;1000;174;-826
24.12.2021 18:00:00;24.12.2021 19:00:00;0;0;1000;0;0;135.4;0;0;1000;135.4;-864.6
24.12.2021 19:00:00;24.12.2021 20:00:00;0;0;991;0;0;84.2;0;0;991;84.2;-906.8
24.12.2021 20:00:00;24.12.2021 21:00:00;0;0;860.9;0;0;11.6;0;0;860.9;11.6;-849.3
24.12.2021 21:00:00;24.12.2021 22:00:00;0;0;746.2;0;0;0;92.4;0;838.6;0;-838.6
24.12.2021 22:00:00;24.12.2021 23:00:00;0;0;866.8;0;0;0;8.6;0;875.4;0;-875.4
24.12.2021 23:00:00;25.12.2021 00:00:00;0;0;735.3;0;0;0;145.9;0;881.2;0;-881.2
25.12.2021 00:00:00;25.12.2021 01:00:00;0;0;983.8;0;0;0;14.2;0;998;0;-998
25.12.2021 01:00:00;25.12.2021 02:00:00;0;0;845.1;0;0;0;150;0;995.1;0;-995.1
25.12.2021 02:00:00;25.12.2021 03:00:00;0;0;843.9;0;0;0;150;0;993.9;0;-993.9
25.12.2021 03:00:00;25.12.2021 04:00:00;0;0;825.5;0;32.8;0;150;0;1008.3;0;-1008.3
25.12.2021 04:00:00;25.12.2021 05:00:00;0;0;809.7;0;44.4;0;150;0;1004.1;0;-1004.1
25.12.2021 05:00:00;25.12.2021 06:00:00;0;0;770.5;0;47.4;0;150;0;967.9;0;-967.9
25.12.2021 06:00:00;25.12.2021 07:00:00;0;0;628.5;0;88;0;150;0;866.5;0;-866.5
25.12.2021 07:00:00;25.12.2021 08:00:00;0;0;611.9;0;55.3;0;150;0;817.2;0;-817.2
25.12.2021 08:00:00;25.12.2021 09:00:00;0;0;622.3;0;0;0;150;0;772.3;0;-772.3
25.12.2021 09:00:00;25.12.2021 10:00:00;0;0;579.5;0;0;0;150;0;729.5;0;-729.5
25.12.2021 10:00:00;25.12.2021 11:00:00;0;0;584.2;0;0;0;150;0;734.2;0;-734.2
25.12.2021 11:00:00;25.12.2021 12:00:00;0;0;559.1;0;0;0;150;0;709.1;0;-709.1
25.12.2021 12:00:00;25.12.2021 13:00:00;0;0;531.6;0;0;0;150;0;681.6;0;-681.6
25.12.2021 13:00:00;25.12.2021 14:00:00;0;0;498.6;0;0;0;150;0;648.6;0;-648.6
25.12.2021 14:00:00;25.12.2021 15:00:00;0;0;496.3;0;0;0;150;0;646.3;0;-646.3
25.12.2021 15:00:00;25.12.2021 16:00:00;0;0;716.6;0;17.2;0;150;0;883.8;0;-883.8
25.12.2021 16:00:00;25.12.2021 17:00:00;0;0;777.1;0;9.8;0;150;0;936.9;0;-936.9
25.12.2021 17:00:00;25.12.2021 18:00:00;0;0;819.9;0;23.8;0;150;0;993.7;0;-993.7
25.12.2021 18:00:00;25.12.2021 19:00:00;0;0;855.8;0;23.1;0;150;0;1028.9;0;-1028.9
25.12.2021 19:00:00;25.12.2021 20:00:00;0;0;941.8;0;0;0;150;0;1091.8;0;-1091.8
25.12.2021 20:00:00;25.12.2021 21:00:00;0;0;997.2;0;0;0;150;0;1147.2;0;-1147.2
25.12.2021 21:00:00;25.12.2021 22:00:00;0;0;1000;0;12.9;0;150;0;1162.9;0;-1162.9
25.12.2021 22:00:00;25.12.2021 23:00:00;0;0;1000;0;55;0;150;0;1205;0;-1205
25.12.2021 23:00:00;26.12.2021 00:00:00;0;0;1000;0;51.1;0;150;0;1201.1;0;-1201.1
26.12.2021 00:00:00;26.12.2021 01:00:00;0;0;1000;0;526.6;0;150;0;1676.6;0;-1676.6
26.12.2021 01:00:00;26.12.2021 02:00:00;0;0;1000;0;555.8;0;150;0;1705.8;0;-1705.8
26.12.2021 02:00:00;26.12.2021 03:00:00;0;0;1000;0;581.4;0;150;0;1731.4;0;-1731.4
26.12.2021 03:00:00;26.12.2021 04:00:00;0;0;1000;0;589.7;0;150;0;1739.7;0;-1739.7
26.12.2021 04:00:00;26.12.2021 05:00:00;0;0;1000;0;588.7;0;150;0;1738.7;0;-1738.7
26.12.2021 05:00:00;26.12.2021 06:00:00;0;0;1000;0;590.8;0;150;0;1740.8;0;-1740.8
26.12.2021 06:00:00;26.12.2021 07:00:00;0;0;1000;0;578.1;0;150;0;1728.1;0;-1728.1
26.12.2021 07:00:00;26.12.2021 08:00:00;0;0;1000;0;526.9;0;150;0;1676.9;0;-1676.9
26.12.2021 08:00:00;26.12.2021 09:00:00;0;0;1000;0;507.7;0;150;0;1657.7;0;-1657.7
26.12.2021 09:00:00;26.12.2021 10:00:00;0;0;1000;0;490.8;0;150;0;1640.8;0;-1640.8
26.12.2021 10:00:00;26.12.2021 11:00:00;0;0;1000;0;444;0;150;0;1594;0;-1594
26.12.2021 11:00:00;26.12.2021 12:00:00;0;0;1000;0;430.6;0;150;0;1580.6;0;-1580.6
26.12.2021 12:00:00;26.12.2021 13:00:00;0;0;1000;0;402;0;150;0;1552;0;-1552
26.12.2021 13:00:00;26.12.2021 14:00:00;0;0;1000;0;388.1;0;150;0;1538.1;0;-1538.1
26.12.2021 14:00:00;26.12.2021 15:00:00;0;0;1000;0;399.2;0;150;0;1549.2;0;-1549.2
26.12.2021 15:00:00;26.12.2021 16:00:00;0;0;1000;0;398.4;0;150;0;1548.4;0;-1548.4
26.12.2021 16:00:00;26.12.2021 17:00:00;0;0;1000;0;413.4;0;150;0;1563.4;0;-1563.4
26.12.2021 17:00:00;26.12.2021 18:00:00;0;0;1000;0;442.9;0;150;0;1592.9;0;-1592.9
26.12.2021 18:00:00;26.12.2021 19:00:00;0;0;1000;0;456.7;0;150;0;1606.7;0;-1606.7
26.12.2021 19:00:00;26.12.2021 20:00:00;0;0;1000;0;456.4;0;150;0;1606.4;0;-1606.4
26.12.2021 20:00:00;26.12.2021 21:00:00;0;0;1000;0;468.8;0;150;0;1618.8;0;-1618.8
26.12.2021 21:00:00;26.12.2021 22:00:00;0;0;1000;0;484.1;0;150;0;1634.1;0;-1634.1
26.12.2021 22:00:00;26.12.2021 23:00:00;0;0;1000;0;500;0;150;0;1650;0;-1650
26.12.2021 23:00:00;27.12.2021 00:00:00;0;0;1000;0;519.7;0;150;0;1669.7;0;-1669.7
27.12.2021 00:00:00;27.12.2021 01:00:00;0;0;916.5;0;650;0;150;0;1716.5;0;-1716.5
27.12.2021 01:00:00;27.12.2021 02:00:00;0;0;920;0;650;0;150;0;1720;0;-1720
27.12.2021 02:00:00;27.12.2021 03:00:00;0;0;917.3;0;650;0;150;0;1717.3;0;-1717.3
27.12.2021 03:00:00;27.12.2021 04:00:00;0;0;920.6;0;650;0;150;0;1720.6;0;-1720.6
27.12.2021 04:00:00;27.12.2021 05:00:00;0;0;935;0;650;0;150;0;1735;0;-1735
27.12.2021 05:00:00;27.12.2021 06:00:00;0;0;926.1;0;650;0;150;0;1726.1;0;-1726.1
27.12.2021 06:00:00;27.12.2021 07:00:00;0;0;879.2;0;650;0;150;0;1679.2;0;-1679.2
27.12.2021 07:00:00;27.12.2021 08:00:00;0;0;878.3;0;650;0;150;0;1678.3;0;-1678.3
27.12.2021 08:00:00;27.12.2021 09:00:00;0;0;913.3;0;610.8;0;150;0;1674.1;0;-1674.1
27.12.2021 09:00:00;27.12.2021 10:00:00;0;0;993.4;0;488.7;0;150;0;1632.1;0;-1632.1
27.12.2021 10:00:00;27.12.2021 11:00:00;0;0;1000;0;441.4;0;150;0;1591.4;0;-1591.4
27.12.2021 11:00:00;27.12.2021 12:00:00;0;0;1000;0;436.8;0;150;0;1586.8;0;-1586.8
27.12.2021 12:00:00;27.12.2021 13:00:00;0;0;1000;0;423.1;0;150;0;1573.1;0;-1573.1
27.12.2021 13:00:00;27.12.2021 14:00:00;0;0;1000;0;418.4;0;150;0;1568.4;0;-1568.4
27.12.2021 14:00:00;27.12.2021 15:00:00;0;0;1000;0;415.3;0;150;0;1565.3;0;-1565.3
27.12.2021 15:00:00;27.12.2021 16:00:00;0;0;1000;0;416.9;0;150;0;1566.9;0;-1566.9
27.12.2021 16:00:00;27.12.2021 17:00:00;0;0;1000;0;439.2;0;150;0;1589.2;0;-1589.2
27.12.2021 17:00:00;27.12.2021 18:00:00;0;0;1000;0;473.7;0;150;0;1623.7;0;-1623.7
27.12.2021 18:00:00;27.12.2021 19:00:00;0;0;1000;0;408;0;150;0;1558;0;-1558
27.12.2021 19:00:00;27.12.2021 20:00:00;0;0;974.2;0;455.3;0;150;0;1579.5;0;-1579.5
27.12.2021 20:00:00;27.12.2021 21:00:00;0;0;944.5;0;514.9;0;150;0;1609.4;0;-1609.4
27.12.2021 21:00:00;27.12.2021 22:00:00;0;0;879.4;0;584.4;0;150;0;1613.8;0;-1613.8
27.12.2021 22:00:00;27.12.2021 23:00:00;0;0;907.8;0;551.5;0;150;0;1609.3;0;-1609.3
27.12.2021 23:00:00;28.12.2021 00:00:00;0;0;879.2;0;604.1;0;150;0;1633.3;0;-1633.3
28.12.2021 00:00:00;28.12.2021 01:00:00;0;0;1000;0;610.1;0;150;0;1760.1;0;-1760.1
28.12.2021 01:00:00;28.12.2021 02:00:00;0;0;993.8;0;642.4;0;150;0;1786.2;0;-1786.2
28.12.2021 02:00:00;28.12.2021 03:00:00;0;0;938.4;0;650;0;150;0;1738.4;0;-1738.4
28.12.2021 03:00:00;28.12.2021 04:00:00;0;0;865.9;0;650;0;0;0;1515.9;0;-1515.9
28.12.2021 04:00:00;28.12.2021 05:00:00;0;0;931.6;0;628.4;0;0;0;1560;0;-1560
28.12.2021 05:00:00;28.12.2021 06:00:00;0;0;931.7;0;650;0;150;0;1731.7;0;-1731.7
28.12.2021 06:00:00;28.12.2021 07:00:00;0;0;1000;0;594.3;0;150;0;1744.3;0;-1744.3
28.12.2021 07:00:00;28.12.2021 08:00:00;0;0;1000;0;599.1;0;150;0;1749.1;0;-1749.1
28.12.2021 08:00:00;28.12.2021 09:00:00;0;0;1000;0;580.2;0;150;0;1730.2;0;-1730.2
28.12.2021 09:00:00;28.12.2021 10:00:00;0;0;1000;0;553.1;0;150;0;1703.1;0;-1703.1
28.12.2021 10:00:00;28.12.2021 11:00:00;0;0;1000;0;539.7;0;150;0;1689.7;0;-1689.7
28.12.2021 11:00:00;28.12.2021 12:00:00;0;0;1000;0;536.6;0;150;0;1686.6;0;-1686.6
28.12.2021 12:00:00;28.12.2021 13:00:00;0;0;1000;0;538.3;0;150;0;1688.3;0;-1688.3
28.12.2021 13:00:00;28.12.2021 14:00:00;0;0;1000;0;545.8;0;150;0;1695.8;0;-1695.8
28.12.2021 14:00:00;28.12.2021 15:00:00;0;0;1000;0;525.8;0;150;0;1675.8;0;-1675.8
28.12.2021 15:00:00;28.12.2021 16:00:00;0;0;1000;0;523.8;0;150;0;1673.8;0;-1673.8
28.12.2021 16:00:00;28.12.2021 17:00:00;0;0;1000;0;538.2;0;150;0;1688.2;0;-1688.2
28.12.2021 17:00:00;28.12.2021 18:00:00;0;0;1000;0;585.1;0;150;0;1735.1;0;-1735.1
28.12.2021 18:00:00;28.12.2021 19:00:00;0;0;1000;0;598.8;0;150;0;1748.8;0;-1748.8
28.12.2021 19:00:00;28.12.2021 20:00:00;0;0;1000;0;614.3;0;150;0;1764.3;0;-1764.3
28.12.2021 20:00:00;28.12.2021 21:00:00;0;0;1000;0;608.4;0;150;0;1758.4;0;-1758.4
28.12.2021 21:00:00;28.12.2021 22:00:00;0;0;1000;0;603.4;0;150;0;1753.4;0;-1753.4
28.12.2021 22:00:00;28.12.2021 23:00:00;0;0;1000;0;621.3;0;150;0;1771.3;0;-1771.3
28.12.2021 23:00:00;29.12.2021 00:00:00;0;0;1000;0;650;0;150;0;1800;0;-1800
29.12.2021 00:00:00;29.12.2021 01:00:00;0;0;1000;0;637;0;150;0;1787;0;-1787
29.12.2021 01:00:00;29.12.2021 02:00:00;0;0;1000;0;650;0;150;0;1800;0;-1800
29.12.2021 02:00:00;29.12.2021 03:00:00;0;0;1000;0;650;0;150;0;1800;0;-1800
29.12.2021 03:00:00;29.12.2021 04:00:00;0;0;1000;0;650;0;150;0;1800;0;-1800
29.12.2021 04:00:00;29.12.2021 05:00:00;0;0;992.9;0;650;0;150;0;1792.9;0;-1792.9
29.12.2021 05:00:00;29.12.2021 06:00:00;0;0;935.1;0;650;0;150;0;1735.1;0;-1735.1
29.12.2021 06:00:00;29.12.2021 07:00:00;0;0;779.2;0;650;0;150;0;1579.2;0;-1579.2
29.12.2021 07:00:00;29.12.2021 08:00:00;0;0;772.7;0;650;0;150;0;1572.7;0;-1572.7
29.12.2021 08:00:00;29.12.2021 09:00:00;0;0;755.5;0;650;0;150;0;1555.5;0;-1555.5
29.12.2021 09:00:00;29.12.2021 10:00:00;0;0;767.3;0;650;0;150;0;1567.3;0;-1567.3
29.12.2021 10:00:00;29.12.2021 11:00:00;0;0;750.9;0;650;0;150;0;1550.9;0;-1550.9
29.12.2021 11:00:00;29.12.2021 12:00:00;0;0;748.7;0;650;0;150;0;1548.7;0;-1548.7
29.12.2021 12:00:00;29.12.2021 13:00:00;0;0;749.4;0;650;0;150;0;1549.4;0;-1549.4
29.12.2021 13:00:00;29.12.2021 14:00:00;0;0;766.1;0;650;0;150;0;1566.1;0;-1566.1
29.12.2021 14:00:00;29.12.2021 15:00:00;0;0;773.9;0;650;0;150;0;1573.9;0;-1573.9
29.12.2021 15:00:00;29.12.2021 16:00:00;0;0;798.8;0;650;0;150;0;1598.8;0;-1598.8
29.12.2021 16:00:00;29.12.2021 17:00:00;0;0;848.6;0;650;0;150;0;1648.6;0;-1648.6
29.12.2021 17:00:00;29.12.2021 18:00:00;0;0;862.8;0;650;0;150;0;1662.8;0;-1662.8
29.12.2021 18:00:00;29.12.2021 19:00:00;0;0;883;0;650;0;150;0;1683;0;-1683
29.12.2021 19:00:00;29.12.2021 20:00:00;0;0;910.4;0;650;0;150;0;1710.4;0;-1710.4
29.12.2021 20:00:00;29.12.2021 21:00:00;0;0;947.8;0;650;0;150;0;1747.8;0;-1747.8
29.12.2021 21:00:00;29.12.2021 22:00:00;0;0;968.1;0;650;0;150;0;1768.1;0;-1768.1
29.12.2021 22:00:00;29.12.2021 23:00:00;0;0;1000;0;643.8;0;150;0;1793.8;0;-1793.8
29.12.2021 23:00:00;30.12.2021 00:00:00;0;0;1000;0;650;0;150;0;1800;0;-1800
30.12.2021 00:00:00;30.12.2021 01:00:00;0;0;1000;0;450.9;0;150;0;1600.9;0;-1600.9
30.12.2021 01:00:00;30.12.2021 02:00:00;0;0;1000;0;405.7;0;150;0;1555.7;0;-1555.7
30.12.2021 02:00:00;30.12.2021 03:00:00;0;0;1000;0;242.4;0;0;0;1242.4;0;-1242.4
30.12.2021 03:00:00;30.12.2021 04:00:00;0;0;767.1;0;0;0;0;0;767.1;0;-767.1
30.12.2021 04:00:00;30.12.2021 05:00:00;0;0;736.5;0;132.2;0;0;0;868.7;0;-868.7
30.12.2021 05:00:00;30.12.2021 06:00:00;0;0;816.2;0;465.4;0;150;0;1431.6;0;-1431.6
30.12.2021 06:00:00;30.12.2021 07:00:00;0;0;832.1;0;620;0;150;0;1602.1;0;-1602.1
30.12.2021 07:00:00;30.12.2021 08:00:00;0;0;929.9;0;609.4;0;150;0;1689.3;0;-1689.3
30.12.2021 08:00:00;30.12.2021 09:00:00;0;0;957.4;0;557.9;0;150;0;1665.3;0;-1665.3
30.12.2021 09:00:00;30.12.2021 10:00:00;0;0;991.4;0;485;0;150;0;1626.4;0;-1626.4
30.12.2021 10:00:00;30.12.2021 11:00:00;0;0;1000;0;463.5;0;150;0;1613.5;0;-1613.5
30.12.2021 11:00:00;30.12.2021 12:00:00;0;0;1000;0;462.5;0;150;0;1612.5;0;-1612.5
30.12.2021 12:00:00;30.12.2021 13:00:00;0;0;1000;0;481.8;0;150;0;1631.8;0;-1631.8
30.12.2021 13:00:00;30.12.2021 14:00:00;0;0;1000;0;490.5;0;150;0;1640.5;0;-1640.5
30.12.2021 14:00:00;30.12.2021 15:00:00;0;0;1000;0;509.4;0;150;0;1659.4;0;-1659.4
30.12.2021 15:00:00;30.12.2021 16:00:00;0;0;1000;0;535.7;0;150;0;1685.7;0;-1685.7
30.12.2021 16:00:00;30.12.2021 17:00:00;0;0;1000;0;567.8;0;150;0;1717.8;0;-1717.8
30.12.2021 17:00:00;30.12.2021 18:00:00;0;0;1000;0;599.5;0;150;0;1749.5;0;-1749.5
30.12.2021 18:00:00;30.12.2021 19:00:00;0;0;1000;0;624.9;0;150;0;1774.9;0;-1774.9
30.12.2021 19:00:00;30.12.2021 20:00:00;0;0;1000;0;640.3;0;150;0;1790.3;0;-1790.3
30.12.2021 20:00:00;30.12.2021 21:00:00;0;0;920.4;0;650;0;150;0;1720.4;0;-1720.4
30.12.2021 21:00:00;30.12.2021 22:00:00;0;0;925.5;0;650;0;150;0;1725.5;0;-1725.5
30.12.2021 22:00:00;30.12.2021 23:00:00;0;0;946.4;0;650;0;150;0;1746.4;0;-1746.4
30.12.2021 23:00:00;31.12.2021 00:00:00;0;0;966;0;650;0;150;0;1766;0;-1766
31.12.2021 00:00:00;31.12.2021 01:00:00;0;0;812.3;0;217.1;0;0;0;1029.4;0;-1029.4
31.12.2021 01:00:00;31.12.2021 02:00:00;0;0;567.2;0;231.1;0;0;0;798.3;0;-798.3
31.12.2021 02:00:00;31.12.2021 03:00:00;0;0;592.2;0;227.3;0;0;0;819.5;0;-819.5
31.12.2021 03:00:00;31.12.2021 04:00:00;0;0;573.1;0;144.7;0;0;0;717.8;0;-717.8
31.12.2021 04:00:00;31.12.2021 05:00:00;0;0;659.7;0;150.9;0;0;0;810.6;0;-810.6
31.12.2021 05:00:00;31.12.2021 06:00:00;0;0;652.5;0;57.5;0;0;0;710;0;-710
31.12.2021 06:00:00;31.12.2021 07:00:00;0;0;754.4;0;0;0;0;0;754.4;0;-754.4
31.12.2021 07:00:00;31.12.2021 08:00:00;0;0;1000;0;0;0;145.8;0;1145.8;0;-1145.8
31.12.2021 08:00:00;31.12.2021 09:00:00;0;0;1000;0;58.4;0;150;0;1208.4;0;-1208.4
31.12.2021 09:00:00;31.12.2021 10:00:00;0;0;1000;0;64.8;0;150;0;1214.8;0;-1214.8
31.12.2021 10:00:00;31.12.2021 11:00:00;0;0;1000;0;116.2;0;150;0;1266.2;0;-1266.2
31.12.2021 11:00:00;31.12.2021 12:00:00;0;0;1000;0;160.2;0;150;0;1310.2;0;-1310.2
31.12.2021 12:00:00;31.12.2021 13:00:00;0;0;1000;0;194.3;0;150;0;1344.3;0;-1344.3
31.12.2021 13:00:00;31.12.2021 14:00:00;0;0;1000;0;172.7;0;150;0;1322.7;0;-1322.7
31.12.2021 14:00:00;31.12.2021 15:00:00;0;0;1000;0;146.9;0;150;0;1296.9;0;-1296.9
31.12.2021 15:00:00;31.12.2021 16:00:00;0;0;1000;0;167.1;0;150;0;1317.1;0;-1317.1
31.12.2021 16:00:00;31.12.2021 17:00:00;0;0;1000;0;158;0;150;0;1308;0;-1308
31.12.2021 17:00:00;31.12.2021 18:00:00;0;0;1000;0;184.2;0;150;0;1334.2;0;-1334.2
31.12.2021 18:00:00;31.12.2021 19:00:00;0;0;986.7;0;221.1;0;150;0;1357.8;0;-1357.8
31.12.2021 19:00:00;31.12.2021 20:00:00;0;0;986;0;216.5;0;150;0;1352.5;0;-1352.5
31.12.2021 20:00:00;31.12.2021 21:00:00;0;0;919.5;0;87.6;0;150;0;1157.1;0;-1157.1
31.12.2021 21:00:00;31.12.2021 22:00:00;0;0;886.6;0;113.7;0;150;0;1150.3;0;-1150.3
31.12.2021 22:00:00;31.12.2021 23:00:00;0;0;906.5;0;114.9;0;150;0;1171.4;0;-1171.4
31.12.2021 23:00:00;01.01.2022 00:00:00;0;0;1000;0;0;0;68.3;0;1068.3;0;-1068.3