Delivery Start (CET);Delivery End (CET);NO4 Fossil Gas (MW);NO4 Hydro Run Of River And Poundage (MW);NO4 Hydro Water Reservoir (MW);NO4 Other (MW);NO4 Other Renewable (MW);NO4 Wind Onshore (MW);NO4 Total (MW)
01.01.2020 00:00:00;01.01.2020 01:00:00;219;45;3129;0;;151;3544
01.01.2020 01:00:00;01.01.2020 02:00:00;220;45;3123;0;;127;3515
01.01.2020 02:00:00;01.01.2020 03:00:00;219;45;3001;0;;107;3372
01.01.2020 03:00:00;01.01.2020 04:00:00;222;45;2723;0;;101;3091
01.01.2020 04:00:00;01.01.2020 05:00:00;219;45;2698;0;;96;3058
01.01.2020 05:00:00;01.01.2020 06:00:00;217;45;2177;0;;98;2537
01.01.2020 06:00:00;01.01.2020 07:00:00;218;45;1789;0;;92;2144
01.01.2020 07:00:00;01.01.2020 08:00:00;216;46;1783;0;;100;2145
01.01.2020 08:00:00;01.01.2020 09:00:00;223;46;2033;0;;97;2399
01.01.2020 09:00:00;01.01.2020 10:00:00;219;46;2158;0;;82;2505
01.01.2020 10:00:00;01.01.2020 11:00:00;220;46;2431;0;;89;2786
01.01.2020 11:00:00;01.01.2020 12:00:00;221;46;2811;0;;131;3209
01.01.2020 12:00:00;01.01.2020 13:00:00;166;47;3057;0;;112;3382
01.01.2020 13:00:00;01.01.2020 14:00:00;156;47;3150;0;;124;3477
01.01.2020 14:00:00;01.01.2020 15:00:00;159;48;3275;0;;144;3626
01.01.2020 15:00:00;01.01.2020 16:00:00;155;48;3370;0;;180;3753
01.01.2020 16:00:00;01.01.2020 17:00:00;157;48;3382;0;;182;3769
01.01.2020 17:00:00;01.01.2020 18:00:00;150;48;3363;0;;186;3747
01.01.2020 18:00:00;01.01.2020 19:00:00;155;48;3354;0;;232;3789
01.01.2020 19:00:00;01.01.2020 20:00:00;153;48;3293;0;;243;3737
01.01.2020 20:00:00;01.01.2020 21:00:00;151;48;2933;0;;236;3368
01.01.2020 21:00:00;01.01.2020 22:00:00;150;48;2688;0;;249;3135
01.01.2020 22:00:00;01.01.2020 23:00:00;152;48;1946;0;;242;2388
01.01.2020 23:00:00;02.01.2020 00:00:00;150;48;1689;0;;223;2110
02.01.2020 00:00:00;02.01.2020 01:00:00;154;52;1539;0;;281;2026
02.01.2020 01:00:00;02.01.2020 02:00:00;170;52;1539;0;;266;2027
02.01.2020 02:00:00;02.01.2020 03:00:00;195;52;1526;0;;261;2034
02.01.2020 03:00:00;02.01.2020 04:00:00;183;52;1576;0;;252;2063
02.01.2020 04:00:00;02.01.2020 05:00:00;187;52;1799;0;;213;2251
02.01.2020 05:00:00;02.01.2020 06:00:00;189;52;2049;0;;207;2497
02.01.2020 06:00:00;02.01.2020 07:00:00;191;52;2406;0;;151;2800
02.01.2020 07:00:00;02.01.2020 08:00:00;195;52;2580;0;;110;2937
02.01.2020 08:00:00;02.01.2020 09:00:00;200;52;2769;0;;89;3110
02.01.2020 09:00:00;02.01.2020 10:00:00;199;52;2782;0;;96;3129
02.01.2020 10:00:00;02.01.2020 11:00:00;208;52;2961;0;;110;3331
02.01.2020 11:00:00;02.01.2020 12:00:00;204;52;2987;0;;140;3383
02.01.2020 12:00:00;02.01.2020 13:00:00;204;52;2976;0;;192;3424
02.01.2020 13:00:00;02.01.2020 14:00:00;198;52;2989;0;;191;3430
02.01.2020 14:00:00;02.01.2020 15:00:00;207;52;3065;0;;208;3532
02.01.2020 15:00:00;02.01.2020 16:00:00;204;53;3185;0;;285;3727
02.01.2020 16:00:00;02.01.2020 17:00:00;206;52;3194;0;;296;3748
02.01.2020 17:00:00;02.01.2020 18:00:00;207;53;3169;0;;266;3695
02.01.2020 18:00:00;02.01.2020 19:00:00;208;53;3139;0;;269;3669
02.01.2020 19:00:00;02.01.2020 20:00:00;208;53;2865;0;;273;3399
02.01.2020 20:00:00;02.01.2020 21:00:00;207;53;2516;0;;250;3026
02.01.2020 21:00:00;02.01.2020 22:00:00;207;53;2242;0;;260;2762
02.01.2020 22:00:00;02.01.2020 23:00:00;206;53;2147;0;;194;2600
02.01.2020 23:00:00;03.01.2020 00:00:00;207;53;1813;0;;210;2283
03.01.2020 00:00:00;03.01.2020 01:00:00;211;61;1297;0;;206;1775
03.01.2020 01:00:00;03.01.2020 02:00:00;221;62;1267;0;;195;1745
03.01.2020 02:00:00;03.01.2020 03:00:00;216;61;1174;0;;202;1653
03.01.2020 03:00:00;03.01.2020 04:00:00;217;61;1181;0;;191;1650
03.01.2020 04:00:00;03.01.2020 05:00:00;216;61;1206;0;;185;1668
03.01.2020 05:00:00;03.01.2020 06:00:00;213;61;1388;0;;180;1842
03.01.2020 06:00:00;03.01.2020 07:00:00;215;61;1986;0;;151;2413
03.01.2020 07:00:00;03.01.2020 08:00:00;212;61;2529;0;;164;2966
03.01.2020 08:00:00;03.01.2020 09:00:00;212;61;3004;0;;174;3451
03.01.2020 09:00:00;03.01.2020 10:00:00;216;61;3080;0;;186;3543
03.01.2020 10:00:00;03.01.2020 11:00:00;212;61;3123;0;;173;3569
03.01.2020 11:00:00;03.01.2020 12:00:00;220;60;3141;0;;190;3611
03.01.2020 12:00:00;03.01.2020 13:00:00;218;60;3076;0;;236;3590
03.01.2020 13:00:00;03.01.2020 14:00:00;218;60;3093;0;;218;3589
03.01.2020 14:00:00;03.01.2020 15:00:00;216;59;3115;0;;214;3604
03.01.2020 15:00:00;03.01.2020 16:00:00;214;59;3235;0;;170;3678
03.01.2020 16:00:00;03.01.2020 17:00:00;216;59;3283;0;;187;3745
03.01.2020 17:00:00;03.01.2020 18:00:00;216;58;3313;0;;178;3765
03.01.2020 18:00:00;03.01.2020 19:00:00;214;58;3283;0;;161;3716
03.01.2020 19:00:00;03.01.2020 20:00:00;216;58;3213;0;;150;3637
03.01.2020 20:00:00;03.01.2020 21:00:00;223;57;2812;0;;150;3242
03.01.2020 21:00:00;03.01.2020 22:00:00;218;57;2541;0;;130;2946
03.01.2020 22:00:00;03.01.2020 23:00:00;218;56;2212;0;;115;2601
03.01.2020 23:00:00;04.01.2020 00:00:00;218;56;1630;0;;106;2010
04.01.2020 00:00:00;04.01.2020 01:00:00;215;60;1667;0;;110;2052
04.01.2020 01:00:00;04.01.2020 02:00:00;218;60;1407;0;;135;1820
04.01.2020 02:00:00;04.01.2020 03:00:00;214;60;1366;0;;187;1827
04.01.2020 03:00:00;04.01.2020 04:00:00;210;60;1534;0;;211;2015
04.01.2020 04:00:00;04.01.2020 05:00:00;216;59;1468;0;;249;1992
04.01.2020 05:00:00;04.01.2020 06:00:00;216;59;1442;0;;268;1985
04.01.2020 06:00:00;04.01.2020 07:00:00;213;59;1450;0;;353;2075
04.01.2020 07:00:00;04.01.2020 08:00:00;213;58;1729;0;;354;2354
04.01.2020 08:00:00;04.01.2020 09:00:00;219;58;1898;0;;360;2535
04.01.2020 09:00:00;04.01.2020 10:00:00;218;58;2160;0;;330;2766
04.01.2020 10:00:00;04.01.2020 11:00:00;219;57;2186;0;;317;2779
04.01.2020 11:00:00;04.01.2020 12:00:00;217;57;2159;0;;315;2748
04.01.2020 12:00:00;04.01.2020 13:00:00;211;56;2353;0;;333;2953
04.01.2020 13:00:00;04.01.2020 14:00:00;219;56;2362;0;;342;2979
04.01.2020 14:00:00;04.01.2020 15:00:00;218;55;2380;0;;328;2981
04.01.2020 15:00:00;04.01.2020 16:00:00;217;55;2624;0;;312;3208
04.01.2020 16:00:00;04.01.2020 17:00:00;218;54;3167;0;;293;3732
04.01.2020 17:00:00;04.01.2020 18:00:00;217;54;3149;0;;280;3700
04.01.2020 18:00:00;04.01.2020 19:00:00;216;54;3123;0;;274;3667
04.01.2020 19:00:00;04.01.2020 20:00:00;211;53;3137;0;;280;3681
04.01.2020 20:00:00;04.01.2020 21:00:00;210;53;3085;0;;264;3612
04.01.2020 21:00:00;04.01.2020 22:00:00;212;52;3094;0;;267;3625
04.01.2020 22:00:00;04.01.2020 23:00:00;216;52;3045;0;;274;3587
04.01.2020 23:00:00;05.01.2020 00:00:00;215;52;2764;0;;291;3322
05.01.2020 00:00:00;05.01.2020 01:00:00;214;56;2828;0;;285;3383
05.01.2020 01:00:00;05.01.2020 02:00:00;212;56;2801;0;;276;3345
05.01.2020 02:00:00;05.01.2020 03:00:00;211;56;2640;0;;261;3168
05.01.2020 03:00:00;05.01.2020 04:00:00;216;56;2825;0;;261;3358
05.01.2020 04:00:00;05.01.2020 05:00:00;215;56;2998;0;;260;3529
05.01.2020 05:00:00;05.01.2020 06:00:00;217;56;3064;0;;269;3606
05.01.2020 06:00:00;05.01.2020 07:00:00;214;55;3062;0;;245;3576
05.01.2020 07:00:00;05.01.2020 08:00:00;213;55;3137;0;;232;3637
05.01.2020 08:00:00;05.01.2020 09:00:00;214;55;3052;0;;206;3527
05.01.2020 09:00:00;05.01.2020 10:00:00;214;55;3104;0;;206;3579
05.01.2020 10:00:00;05.01.2020 11:00:00;216;55;3070;0;;199;3540
05.01.2020 11:00:00;05.01.2020 12:00:00;213;54;3048;0;;196;3511
05.01.2020 12:00:00;05.01.2020 13:00:00;214;54;3098;0;;185;3551
05.01.2020 13:00:00;05.01.2020 14:00:00;217;54;3099;0;;210;3580
05.01.2020 14:00:00;05.01.2020 15:00:00;214;54;3095;0;;197;3560
05.01.2020 15:00:00;05.01.2020 16:00:00;220;54;3091;0;;182;3547
05.01.2020 16:00:00;05.01.2020 17:00:00;220;54;3121;0;;185;3580
05.01.2020 17:00:00;05.01.2020 18:00:00;222;54;3100;0;;194;3570
05.01.2020 18:00:00;05.01.2020 19:00:00;220;54;3129;0;;179;3582
05.01.2020 19:00:00;05.01.2020 20:00:00;220;54;3129;0;;152;3555
05.01.2020 20:00:00;05.01.2020 21:00:00;219;53;3069;0;;171;3512
05.01.2020 21:00:00;05.01.2020 22:00:00;219;53;3013;0;;189;3474
05.01.2020 22:00:00;05.01.2020 23:00:00;217;53;3038;0;;183;3491
05.01.2020 23:00:00;06.01.2020 00:00:00;218;53;2718;0;;168;3157
06.01.2020 00:00:00;06.01.2020 01:00:00;219;49;2798;0;;140;3206
06.01.2020 01:00:00;06.01.2020 02:00:00;219;50;2684;0;;126;3079
06.01.2020 02:00:00;06.01.2020 03:00:00;221;48;2781;0;;152;3202
06.01.2020 03:00:00;06.01.2020 04:00:00;219;49;2707;0;;177;3152
06.01.2020 04:00:00;06.01.2020 05:00:00;216;48;2699;0;;139;3102
06.01.2020 05:00:00;06.01.2020 06:00:00;215;49;2899;0;;122;3285
06.01.2020 06:00:00;06.01.2020 07:00:00;218;49;3019;0;;134;3420
06.01.2020 07:00:00;06.01.2020 08:00:00;215;50;3210;0;;138;3613
06.01.2020 08:00:00;06.01.2020 09:00:00;217;52;3238;0;;146;3653
06.01.2020 09:00:00;06.01.2020 10:00:00;213;52;3285;0;;154;3704
06.01.2020 10:00:00;06.01.2020 11:00:00;197;52;3486;0;;143;3878
06.01.2020 11:00:00;06.01.2020 12:00:00;197;52;3504;0;;127;3880
06.01.2020 12:00:00;06.01.2020 13:00:00;196;52;3535;0;;93;3876
06.01.2020 13:00:00;06.01.2020 14:00:00;199;52;3517;0;;86;3854
06.01.2020 14:00:00;06.01.2020 15:00:00;196;52;3508;0;;80;3836
06.01.2020 15:00:00;06.01.2020 16:00:00;196;52;3602;0;;77;3927
06.01.2020 16:00:00;06.01.2020 17:00:00;201;53;3637;0;;75;3966
06.01.2020 17:00:00;06.01.2020 18:00:00;200;53;3623;0;;99;3975
06.01.2020 18:00:00;06.01.2020 19:00:00;198;53;3650;0;;115;4016
06.01.2020 19:00:00;06.01.2020 20:00:00;199;54;3627;0;;131;4011
06.01.2020 20:00:00;06.01.2020 21:00:00;198;55;3581;0;;146;3980
06.01.2020 21:00:00;06.01.2020 22:00:00;199;55;3558;0;;155;3967
06.01.2020 22:00:00;06.01.2020 23:00:00;196;56;3340;0;;161;3753
06.01.2020 23:00:00;07.01.2020 00:00:00;197;54;3237;0;;185;3673
07.01.2020 00:00:00;07.01.2020 01:00:00;199;57;2766;0;;219;3241
07.01.2020 01:00:00;07.01.2020 02:00:00;193;56;2657;0;;225;3131
07.01.2020 02:00:00;07.01.2020 03:00:00;198;57;2589;0;;248;3092
07.01.2020 03:00:00;07.01.2020 04:00:00;198;58;2512;0;;255;3023
07.01.2020 04:00:00;07.01.2020 05:00:00;194;58;2556;0;;231;3039
07.01.2020 05:00:00;07.01.2020 06:00:00;196;58;2838;0;;227;3319
07.01.2020 06:00:00;07.01.2020 07:00:00;198;57;3011;0;;244;3510
07.01.2020 07:00:00;07.01.2020 08:00:00;197;58;3396;0;;252;3903
07.01.2020 08:00:00;07.01.2020 09:00:00;197;58;3512;0;;234;4001
07.01.2020 09:00:00;07.01.2020 10:00:00;191;58;3559;0;;250;4058
07.01.2020 10:00:00;07.01.2020 11:00:00;196;59;3648;0;;266;4169
07.01.2020 11:00:00;07.01.2020 12:00:00;197;59;3662;0;;267;4185
07.01.2020 12:00:00;07.01.2020 13:00:00;198;61;3684;0;;244;4187
07.01.2020 13:00:00;07.01.2020 14:00:00;198;61;3697;0;;259;4215
07.01.2020 14:00:00;07.01.2020 15:00:00;200;61;3686;0;;267;4214
07.01.2020 15:00:00;07.01.2020 16:00:00;196;61;3667;0;;252;4176
07.01.2020 16:00:00;07.01.2020 17:00:00;195;58;3592;0;;261;4106
07.01.2020 17:00:00;07.01.2020 18:00:00;195;61;3542;0;;259;4057
07.01.2020 18:00:00;07.01.2020 19:00:00;195;61;3511;0;;230;3997
07.01.2020 19:00:00;07.01.2020 20:00:00;195;61;3364;0;;185;3805
07.01.2020 20:00:00;07.01.2020 21:00:00;196;61;3163;0;;197;3617
07.01.2020 21:00:00;07.01.2020 22:00:00;196;61;2733;0;;222;3212
07.01.2020 22:00:00;07.01.2020 23:00:00;195;60;2444;0;;229;2928
07.01.2020 23:00:00;08.01.2020 00:00:00;196;60;2134;0;;228;2618
08.01.2020 00:00:00;08.01.2020 01:00:00;196;62;1443;0;;233;1934
08.01.2020 01:00:00;08.01.2020 02:00:00;198;61;1378;0;;254;1891
08.01.2020 02:00:00;08.01.2020 03:00:00;193;61;1275;0;;304;1833
08.01.2020 03:00:00;08.01.2020 04:00:00;197;61;1284;0;;308;1850
08.01.2020 04:00:00;08.01.2020 05:00:00;198;61;1288;0;;299;1846
08.01.2020 05:00:00;08.01.2020 06:00:00;196;61;1773;0;;310;2340
08.01.2020 06:00:00;08.01.2020 07:00:00;198;61;2545;0;;294;3098
08.01.2020 07:00:00;08.01.2020 08:00:00;196;61;2863;0;;290;3410
08.01.2020 08:00:00;08.01.2020 09:00:00;199;62;3248;0;;276;3785
08.01.2020 09:00:00;08.01.2020 10:00:00;197;62;3158;0;;260;3677
08.01.2020 10:00:00;08.01.2020 11:00:00;197;63;3169;0;;255;3684
08.01.2020 11:00:00;08.01.2020 12:00:00;189;63;3116;0;;228;3596
08.01.2020 12:00:00;08.01.2020 13:00:00;193;58;3119;0;;206;3576
08.01.2020 13:00:00;08.01.2020 14:00:00;192;60;3242;0;;203;3697
08.01.2020 14:00:00;08.01.2020 15:00:00;192;60;3381;0;;228;3861
08.01.2020 15:00:00;08.01.2020 16:00:00;193;58;3477;0;;226;3954
08.01.2020 16:00:00;08.01.2020 17:00:00;194;61;3486;0;;252;3993
08.01.2020 17:00:00;08.01.2020 18:00:00;192;62;3423;0;;239;3916
08.01.2020 18:00:00;08.01.2020 19:00:00;191;61;3406;0;;260;3918
08.01.2020 19:00:00;08.01.2020 20:00:00;189;59;3430;0;;291;3969
08.01.2020 20:00:00;08.01.2020 21:00:00;194;59;3272;0;;303;3828
08.01.2020 21:00:00;08.01.2020 22:00:00;193;59;3103;0;;301;3656
08.01.2020 22:00:00;08.01.2020 23:00:00;192;58;2860;0;;282;3392
08.01.2020 23:00:00;09.01.2020 00:00:00;194;58;2501;0;;268;3021
09.01.2020 00:00:00;09.01.2020 01:00:00;198;64;2498;0;;238;2998
09.01.2020 01:00:00;09.01.2020 02:00:00;194;63;2484;0;;256;2997
09.01.2020 02:00:00;09.01.2020 03:00:00;192;63;2321;0;;246;2822
09.01.2020 03:00:00;09.01.2020 04:00:00;191;63;2302;0;;262;2818
09.01.2020 04:00:00;09.01.2020 05:00:00;194;63;2685;0;;279;3221
09.01.2020 05:00:00;09.01.2020 06:00:00;191;63;3225;0;;266;3745
09.01.2020 06:00:00;09.01.2020 07:00:00;196;63;3441;0;;281;3981
09.01.2020 07:00:00;09.01.2020 08:00:00;193;65;3498;0;;283;4039
09.01.2020 08:00:00;09.01.2020 09:00:00;193;66;3480;0;;294;4033
09.01.2020 09:00:00;09.01.2020 10:00:00;194;65;3505;0;;289;4053
09.01.2020 10:00:00;09.01.2020 11:00:00;194;65;3522;0;;291;4072
09.01.2020 11:00:00;09.01.2020 12:00:00;195;64;3607;0;;281;4147
09.01.2020 12:00:00;09.01.2020 13:00:00;156;64;3677;0;;268;4165
09.01.2020 13:00:00;09.01.2020 14:00:00;164;65;3733;0;;277;4239
09.01.2020 14:00:00;09.01.2020 15:00:00;188;65;3797;0;;253;4303
09.01.2020 15:00:00;09.01.2020 16:00:00;190;65;3806;0;;257;4318
09.01.2020 16:00:00;09.01.2020 17:00:00;176;65;3829;0;;286;4356
09.01.2020 17:00:00;09.01.2020 18:00:00;181;65;3797;0;;287;4330
09.01.2020 18:00:00;09.01.2020 19:00:00;182;64;3757;0;;279;4282
09.01.2020 19:00:00;09.01.2020 20:00:00;192;64;3736;0;;286;4278
09.01.2020 20:00:00;09.01.2020 21:00:00;200;64;3703;0;;265;4232
09.01.2020 21:00:00;09.01.2020 22:00:00;200;62;3689;0;;294;4245
09.01.2020 22:00:00;09.01.2020 23:00:00;205;61;3632;0;;290;4188
09.01.2020 23:00:00;10.01.2020 00:00:00;211;62;3588;0;;287;4148
10.01.2020 00:00:00;10.01.2020 01:00:00;214;59;3357;0;;302;3932
10.01.2020 01:00:00;10.01.2020 02:00:00;213;58;3316;0;;277;3864
10.01.2020 02:00:00;10.01.2020 03:00:00;220;58;3204;0;;252;3734
10.01.2020 03:00:00;10.01.2020 04:00:00;219;58;3258;0;;243;3778
10.01.2020 04:00:00;10.01.2020 05:00:00;218;58;3313;0;;235;3824
10.01.2020 05:00:00;10.01.2020 06:00:00;218;58;3415;0;;198;3889
10.01.2020 06:00:00;10.01.2020 07:00:00;218;58;3510;0;;173;3959
10.01.2020 07:00:00;10.01.2020 08:00:00;219;60;3443;0;;164;3886
10.01.2020 08:00:00;10.01.2020 09:00:00;221;60;3396;0;;164;3841
10.01.2020 09:00:00;10.01.2020 10:00:00;221;60;3325;0;;161;3767
10.01.2020 10:00:00;10.01.2020 11:00:00;220;60;3322;0;;156;3758
10.01.2020 11:00:00;10.01.2020 12:00:00;198;60;3358;0;;144;3760
10.01.2020 12:00:00;10.01.2020 13:00:00;188;62;3387;0;;127;3764
10.01.2020 13:00:00;10.01.2020 14:00:00;189;62;3387;0;;123;3761
10.01.2020 14:00:00;10.01.2020 15:00:00;201;62;3407;0;;129;3799
10.01.2020 15:00:00;10.01.2020 16:00:00;200;62;3368;0;;127;3757
10.01.2020 16:00:00;10.01.2020 17:00:00;199;62;3358;0;;137;3756
10.01.2020 17:00:00;10.01.2020 18:00:00;217;62;3310;0;;153;3742
10.01.2020 18:00:00;10.01.2020 19:00:00;214;61;3239;0;;166;3680
10.01.2020 19:00:00;10.01.2020 20:00:00;217;61;3306;0;;197;3781
10.01.2020 20:00:00;10.01.2020 21:00:00;213;61;3297;0;;188;3759
10.01.2020 21:00:00;10.01.2020 22:00:00;216;61;3441;0;;180;3898
10.01.2020 22:00:00;10.01.2020 23:00:00;214;61;3491;0;;202;3968
10.01.2020 23:00:00;11.01.2020 00:00:00;216;59;3378;0;;201;3854
11.01.2020 00:00:00;11.01.2020 01:00:00;218;57;3470;0;;198;3943
11.01.2020 01:00:00;11.01.2020 02:00:00;215;57;3420;0;;178;3870
11.01.2020 02:00:00;11.01.2020 03:00:00;216;57;3255;0;;185;3713
11.01.2020 03:00:00;11.01.2020 04:00:00;217;57;3046;0;;183;3503
11.01.2020 04:00:00;11.01.2020 05:00:00;215;56;2888;0;;199;3358
11.01.2020 05:00:00;11.01.2020 06:00:00;215;56;2830;0;;188;3289
11.01.2020 06:00:00;11.01.2020 07:00:00;216;56;2867;0;;194;3333
11.01.2020 07:00:00;11.01.2020 08:00:00;215;56;2955;0;;203;3429
11.01.2020 08:00:00;11.01.2020 09:00:00;215;57;3109;0;;214;3595
11.01.2020 09:00:00;11.01.2020 10:00:00;219;56;3188;0;;233;3696
11.01.2020 10:00:00;11.01.2020 11:00:00;215;56;3215;0;;231;3717
11.01.2020 11:00:00;11.01.2020 12:00:00;216;56;2939;0;;241;3452
11.01.2020 12:00:00;11.01.2020 13:00:00;216;56;2793;0;;196;3261
11.01.2020 13:00:00;11.01.2020 14:00:00;214;56;2687;0;;206;3163
11.01.2020 14:00:00;11.01.2020 15:00:00;217;56;2652;0;;185;3110
11.01.2020 15:00:00;11.01.2020 16:00:00;214;56;2872;0;;178;3320
11.01.2020 16:00:00;11.01.2020 17:00:00;207;56;3034;0;;176;3473
11.01.2020 17:00:00;11.01.2020 18:00:00;208;56;3034;0;;190;3488
11.01.2020 18:00:00;11.01.2020 19:00:00;215;56;2866;0;;208;3345
11.01.2020 19:00:00;11.01.2020 20:00:00;211;56;2632;0;;196;3095
11.01.2020 20:00:00;11.01.2020 21:00:00;211;56;2422;0;;197;2886
11.01.2020 21:00:00;11.01.2020 22:00:00;214;57;2246;0;;189;2706
11.01.2020 22:00:00;11.01.2020 23:00:00;215;57;1966;0;;182;2420
11.01.2020 23:00:00;12.01.2020 00:00:00;215;57;1479;0;;180;1931
12.01.2020 00:00:00;12.01.2020 01:00:00;216;59;1549;0;;183;2007
12.01.2020 01:00:00;12.01.2020 02:00:00;217;59;1480;0;;187;1943
12.01.2020 02:00:00;12.01.2020 03:00:00;217;59;1294;0;;191;1761
12.01.2020 03:00:00;12.01.2020 04:00:00;214;59;1290;0;;172;1735
12.01.2020 04:00:00;12.01.2020 05:00:00;217;59;1212;0;;193;1681
12.01.2020 05:00:00;12.01.2020 06:00:00;216;59;1351;0;;176;1802
12.01.2020 06:00:00;12.01.2020 07:00:00;217;59;1145;0;;215;1636
12.01.2020 07:00:00;12.01.2020 08:00:00;217;59;1381;0;;224;1881
12.01.2020 08:00:00;12.01.2020 09:00:00;217;59;1956;0;;273;2505
12.01.2020 09:00:00;12.01.2020 10:00:00;218;59;2246;0;;284;2807
12.01.2020 10:00:00;12.01.2020 11:00:00;216;58;2437;0;;304;3015
12.01.2020 11:00:00;12.01.2020 12:00:00;216;59;2730;0;;297;3302
12.01.2020 12:00:00;12.01.2020 13:00:00;214;58;2759;0;;295;3326
12.01.2020 13:00:00;12.01.2020 14:00:00;217;58;2820;0;;270;3365
12.01.2020 14:00:00;12.01.2020 15:00:00;219;58;2943;0;;295;3515
12.01.2020 15:00:00;12.01.2020 16:00:00;217;58;3145;0;;293;3713
12.01.2020 16:00:00;12.01.2020 17:00:00;217;58;3390;0;;268;3933
12.01.2020 17:00:00;12.01.2020 18:00:00;214;59;3545;0;;267;4085
12.01.2020 18:00:00;12.01.2020 19:00:00;214;58;3539;0;;261;4072
12.01.2020 19:00:00;12.01.2020 20:00:00;211;59;3442;0;;264;3976
12.01.2020 20:00:00;12.01.2020 21:00:00;212;59;3196;0;;243;3710
12.01.2020 21:00:00;12.01.2020 22:00:00;217;59;3047;0;;233;3556
12.01.2020 22:00:00;12.01.2020 23:00:00;215;59;2964;0;;214;3452
12.01.2020 23:00:00;13.01.2020 00:00:00;214;59;2624;0;;197;3094
13.01.2020 00:00:00;13.01.2020 01:00:00;215;61;2349;0;;230;2855
13.01.2020 01:00:00;13.01.2020 02:00:00;213;61;2534;0;;210;3018
13.01.2020 02:00:00;13.01.2020 03:00:00;216;61;2523;0;;193;2993
13.01.2020 03:00:00;13.01.2020 04:00:00;217;61;2678;0;;191;3147
13.01.2020 04:00:00;13.01.2020 05:00:00;216;62;2896;0;;205;3379
13.01.2020 05:00:00;13.01.2020 06:00:00;215;62;3213;0;;183;3673
13.01.2020 06:00:00;13.01.2020 07:00:00;217;62;3403;0;;205;3887
13.01.2020 07:00:00;13.01.2020 08:00:00;213;64;3397;0;;201;3875
13.01.2020 08:00:00;13.01.2020 09:00:00;212;63;3377;0;;209;3861
13.01.2020 09:00:00;13.01.2020 10:00:00;204;62;3319;0;;206;3791
13.01.2020 10:00:00;13.01.2020 11:00:00;200;62;3357;0;;193;3812
13.01.2020 11:00:00;13.01.2020 12:00:00;201;62;3310;0;;175;3748
13.01.2020 12:00:00;13.01.2020 13:00:00;203;62;3199;0;;146;3610
13.01.2020 13:00:00;13.01.2020 14:00:00;199;61;3229;0;;162;3651
13.01.2020 14:00:00;13.01.2020 15:00:00;201;61;3238;0;;165;3665
13.01.2020 15:00:00;13.01.2020 16:00:00;201;61;3270;0;;199;3731
13.01.2020 16:00:00;13.01.2020 17:00:00;201;61;3334;0;;211;3807
13.01.2020 17:00:00;13.01.2020 18:00:00;202;61;3355;0;;242;3860
13.01.2020 18:00:00;13.01.2020 19:00:00;206;61;3096;0;;263;3626
13.01.2020 19:00:00;13.01.2020 20:00:00;212;61;3022;0;;263;3558
13.01.2020 20:00:00;13.01.2020 21:00:00;214;61;3019;0;;281;3575
13.01.2020 21:00:00;13.01.2020 22:00:00;210;58;3031;0;;278;3577
13.01.2020 22:00:00;13.01.2020 23:00:00;211;58;3006;0;;286;3561
13.01.2020 23:00:00;14.01.2020 00:00:00;211;58;2512;0;;266;3047
14.01.2020 00:00:00;14.01.2020 01:00:00;213;57;2213;0;;246;2729
14.01.2020 01:00:00;14.01.2020 02:00:00;212;57;1624;0;;213;2106
14.01.2020 02:00:00;14.01.2020 03:00:00;215;57;1448;0;;198;1918
14.01.2020 03:00:00;14.01.2020 04:00:00;213;57;1363;0;;144;1777
14.01.2020 04:00:00;14.01.2020 05:00:00;212;57;1560;0;;144;1973
14.01.2020 05:00:00;14.01.2020 06:00:00;214;57;1900;0;;135;2306
14.01.2020 06:00:00;14.01.2020 07:00:00;214;57;2651;0;;149;3071
14.01.2020 07:00:00;14.01.2020 08:00:00;212;59;3301;0;;139;3711
14.01.2020 08:00:00;14.01.2020 09:00:00;214;58;3295;0;;149;3716
14.01.2020 09:00:00;14.01.2020 10:00:00;197;58;3222;0;;142;3619
14.01.2020 10:00:00;14.01.2020 11:00:00;197;58;3251;0;;141;3647
14.01.2020 11:00:00;14.01.2020 12:00:00;197;58;3247;0;;129;3631
14.01.2020 12:00:00;14.01.2020 13:00:00;195;58;3287;0;;111;3651
14.01.2020 13:00:00;14.01.2020 14:00:00;197;58;3283;0;;120;3658
14.01.2020 14:00:00;14.01.2020 15:00:00;196;58;3256;0;;128;3638
14.01.2020 15:00:00;14.01.2020 16:00:00;183;58;3265;0;;136;3642
14.01.2020 16:00:00;14.01.2020 17:00:00;187;58;3265;0;;168;3678
14.01.2020 17:00:00;14.01.2020 18:00:00;200;58;3252;0;;204;3714
14.01.2020 18:00:00;14.01.2020 19:00:00;214;58;3266;0;;197;3735
14.01.2020 19:00:00;14.01.2020 20:00:00;208;58;3186;0;;215;3667
14.01.2020 20:00:00;14.01.2020 21:00:00;212;58;2945;0;;217;3432
14.01.2020 21:00:00;14.01.2020 22:00:00;214;56;2538;0;;221;3029
14.01.2020 22:00:00;14.01.2020 23:00:00;214;56;2272;0;;212;2754
14.01.2020 23:00:00;15.01.2020 00:00:00;213;56;1827;0;;220;2316
15.01.2020 00:00:00;15.01.2020 01:00:00;211;52;1671;0;;206;2140
15.01.2020 01:00:00;15.01.2020 02:00:00;208;52;1580;0;;208;2048
15.01.2020 02:00:00;15.01.2020 03:00:00;205;52;1530;0;;199;1986
15.01.2020 03:00:00;15.01.2020 04:00:00;206;52;1528;0;;183;1969
15.01.2020 04:00:00;15.01.2020 05:00:00;205;52;1532;0;;164;1953
15.01.2020 05:00:00;15.01.2020 06:00:00;199;52;1893;0;;163;2307
15.01.2020 06:00:00;15.01.2020 07:00:00;201;52;2596;0;;152;3001
15.01.2020 07:00:00;15.01.2020 08:00:00;198;54;3216;0;;155;3623
15.01.2020 08:00:00;15.01.2020 09:00:00;198;54;3386;0;;163;3801
15.01.2020 09:00:00;15.01.2020 10:00:00;199;54;3369;0;;172;3794
15.01.2020 10:00:00;15.01.2020 11:00:00;200;54;3382;0;;178;3814
15.01.2020 11:00:00;15.01.2020 12:00:00;201;54;3317;0;;177;3749
15.01.2020 12:00:00;15.01.2020 13:00:00;183;54;3335;0;;179;3751
15.01.2020 13:00:00;15.01.2020 14:00:00;185;54;3358;0;;187;3784
15.01.2020 14:00:00;15.01.2020 15:00:00;182;50;3364;0;;195;3791
15.01.2020 15:00:00;15.01.2020 16:00:00;185;50;3437;0;;192;3864
15.01.2020 16:00:00;15.01.2020 17:00:00;180;49;3445;0;;191;3865
15.01.2020 17:00:00;15.01.2020 18:00:00;182;49;3377;0;;185;3793
15.01.2020 18:00:00;15.01.2020 19:00:00;182;49;3385;0;;171;3787
15.01.2020 19:00:00;15.01.2020 20:00:00;182;49;3423;0;;150;3804
15.01.2020 20:00:00;15.01.2020 21:00:00;184;49;3340;0;;150;3723
15.01.2020 21:00:00;15.01.2020 22:00:00;194;47;3173;0;;145;3559
15.01.2020 22:00:00;15.01.2020 23:00:00;192;47;2670;0;;129;3038
15.01.2020 23:00:00;16.01.2020 00:00:00;194;47;2300;0;;116;2657
16.01.2020 00:00:00;16.01.2020 01:00:00;193;49;2345;0;;106;2693
16.01.2020 01:00:00;16.01.2020 02:00:00;193;50;2314;0;;117;2674
16.01.2020 02:00:00;16.01.2020 03:00:00;197;50;2340;0;;114;2701
16.01.2020 03:00:00;16.01.2020 04:00:00;198;50;2422;0;;99;2769
16.01.2020 04:00:00;16.01.2020 05:00:00;201;49;2586;0;;108;2944
16.01.2020 05:00:00;16.01.2020 06:00:00;198;50;2806;0;;117;3171
16.01.2020 06:00:00;16.01.2020 07:00:00;198;50;3109;0;;129;3486
16.01.2020 07:00:00;16.01.2020 08:00:00;197;52;3284;0;;121;3654
16.01.2020 08:00:00;16.01.2020 09:00:00;197;52;3448;0;;113;3810
16.01.2020 09:00:00;16.01.2020 10:00:00;198;52;3403;0;;101;3754
16.01.2020 10:00:00;16.01.2020 11:00:00;201;52;3377;0;;110;3740
16.01.2020 11:00:00;16.01.2020 12:00:00;199;52;3388;0;;107;3746
16.01.2020 12:00:00;16.01.2020 13:00:00;200;52;3347;0;;107;3706
16.01.2020 13:00:00;16.01.2020 14:00:00;213;52;3431;0;;104;3800
16.01.2020 14:00:00;16.01.2020 15:00:00;199;52;3443;0;;98;3792
16.01.2020 15:00:00;16.01.2020 16:00:00;192;52;3499;0;;86;3829
16.01.2020 16:00:00;16.01.2020 17:00:00;195;52;3560;0;;78;3885
16.01.2020 17:00:00;16.01.2020 18:00:00;197;53;3514;0;;72;3836
16.01.2020 18:00:00;16.01.2020 19:00:00;194;53;3493;0;;69;3809
16.01.2020 19:00:00;16.01.2020 20:00:00;195;53;3466;0;;69;3783
16.01.2020 20:00:00;16.01.2020 21:00:00;200;53;3357;0;;68;3678
16.01.2020 21:00:00;16.01.2020 22:00:00;201;51;3293;0;;62;3607
16.01.2020 22:00:00;16.01.2020 23:00:00;199;51;3047;0;;63;3360
16.01.2020 23:00:00;17.01.2020 00:00:00;197;51;2688;0;;68;3004
17.01.2020 00:00:00;17.01.2020 01:00:00;202;51;2589;0;;83;2925
17.01.2020 01:00:00;17.01.2020 02:00:00;196;51;2529;0;;94;2870
17.01.2020 02:00:00;17.01.2020 03:00:00;218;51;2465;0;;136;2870
17.01.2020 03:00:00;17.01.2020 04:00:00;216;51;2474;0;;165;2906
17.01.2020 04:00:00;17.01.2020 05:00:00;211;51;2670;0;;166;3098
17.01.2020 05:00:00;17.01.2020 06:00:00;214;51;2813;0;;165;3243
17.01.2020 06:00:00;17.01.2020 07:00:00;213;51;3082;0;;164;3510
17.01.2020 07:00:00;17.01.2020 08:00:00;215;53;3340;0;;174;3782
17.01.2020 08:00:00;17.01.2020 09:00:00;216;54;3391;0;;190;3851
17.01.2020 09:00:00;17.01.2020 10:00:00;215;53;3477;0;;181;3926
17.01.2020 10:00:00;17.01.2020 11:00:00;212;53;3489;0;;183;3937
17.01.2020 11:00:00;17.01.2020 12:00:00;214;52;3466;0;;149;3881
17.01.2020 12:00:00;17.01.2020 13:00:00;200;52;3448;0;;119;3819
17.01.2020 13:00:00;17.01.2020 14:00:00;198;54;3438;0;;89;3779
17.01.2020 14:00:00;17.01.2020 15:00:00;200;54;3499;0;;80;3833
17.01.2020 15:00:00;17.01.2020 16:00:00;198;54;3479;0;;93;3824
17.01.2020 16:00:00;17.01.2020 17:00:00;199;54;3544;0;;108;3905
17.01.2020 17:00:00;17.01.2020 18:00:00;202;54;3569;0;;144;3969
17.01.2020 18:00:00;17.01.2020 19:00:00;197;52;3498;0;;176;3923
17.01.2020 19:00:00;17.01.2020 20:00:00;202;52;3462;0;;197;3913
17.01.2020 20:00:00;17.01.2020 21:00:00;200;52;3357;0;;205;3814
17.01.2020 21:00:00;17.01.2020 22:00:00;203;52;3236;0;;216;3707
17.01.2020 22:00:00;17.01.2020 23:00:00;201;52;3093;0;;227;3573
17.01.2020 23:00:00;18.01.2020 00:00:00;199;52;2825;0;;231;3307
18.01.2020 00:00:00;18.01.2020 01:00:00;197;54;2563;0;;242;3056
18.01.2020 01:00:00;18.01.2020 02:00:00;198;54;2626;0;;228;3106
18.01.2020 02:00:00;18.01.2020 03:00:00;201;54;2480;0;;216;2951
18.01.2020 03:00:00;18.01.2020 04:00:00;200;54;2506;0;;204;2964
18.01.2020 04:00:00;18.01.2020 05:00:00;200;53;2506;0;;184;2943
18.01.2020 05:00:00;18.01.2020 06:00:00;199;53;2493;0;;143;2888
18.01.2020 06:00:00;18.01.2020 07:00:00;199;53;2447;0;;127;2826
18.01.2020 07:00:00;18.01.2020 08:00:00;197;53;2540;0;;113;2903
18.01.2020 08:00:00;18.01.2020 09:00:00;196;53;2598;0;;125;2972
18.01.2020 09:00:00;18.01.2020 10:00:00;197;54;2857;0;;138;3246
18.01.2020 10:00:00;18.01.2020 11:00:00;198;54;2962;0;;153;3367
18.01.2020 11:00:00;18.01.2020 12:00:00;200;54;2912;0;;164;3330
18.01.2020 12:00:00;18.01.2020 13:00:00;201;53;2899;0;;173;3326
18.01.2020 13:00:00;18.01.2020 14:00:00;202;54;2830;0;;183;3269
18.01.2020 14:00:00;18.01.2020 15:00:00;201;53;2830;0;;190;3274
18.01.2020 15:00:00;18.01.2020 16:00:00;203;54;2971;0;;196;3424
18.01.2020 16:00:00;18.01.2020 17:00:00;199;53;3098;0;;203;3553
18.01.2020 17:00:00;18.01.2020 18:00:00;201;55;3117;0;;213;3586
18.01.2020 18:00:00;18.01.2020 19:00:00;200;55;3022;0;;218;3495
18.01.2020 19:00:00;18.01.2020 20:00:00;202;53;2936;0;;227;3418
18.01.2020 20:00:00;18.01.2020 21:00:00;204;53;2721;0;;232;3210
18.01.2020 21:00:00;18.01.2020 22:00:00;201;53;2608;0;;242;3104
18.01.2020 22:00:00;18.01.2020 23:00:00;201;53;2622;0;;244;3120
18.01.2020 23:00:00;19.01.2020 00:00:00;204;53;2584;0;;238;3079
19.01.2020 00:00:00;19.01.2020 01:00:00;202;52;2527;0;;251;3032
19.01.2020 01:00:00;19.01.2020 02:00:00;200;52;2549;0;;261;3062
19.01.2020 02:00:00;19.01.2020 03:00:00;200;51;2523;0;;258;3032
19.01.2020 03:00:00;19.01.2020 04:00:00;201;51;2511;0;;245;3008
19.01.2020 04:00:00;19.01.2020 05:00:00;194;51;2502;0;;248;2995
19.01.2020 05:00:00;19.01.2020 06:00:00;202;51;2431;0;;271;2955
19.01.2020 06:00:00;19.01.2020 07:00:00;201;51;2503;0;;275;3030
19.01.2020 07:00:00;19.01.2020 08:00:00;201;51;2524;0;;272;3048
19.01.2020 08:00:00;19.01.2020 09:00:00;200;51;2617;0;;261;3129
19.01.2020 09:00:00;19.01.2020 10:00:00;200;51;2675;0;;235;3161
19.01.2020 10:00:00;19.01.2020 11:00:00;201;51;2728;0;;201;3181
19.01.2020 11:00:00;19.01.2020 12:00:00;201;51;2757;0;;200;3209
19.01.2020 12:00:00;19.01.2020 13:00:00;200;51;2730;0;;199;3180
19.01.2020 13:00:00;19.01.2020 14:00:00;198;51;2729;0;;216;3194
19.01.2020 14:00:00;19.01.2020 15:00:00;199;51;2729;0;;216;3195
19.01.2020 15:00:00;19.01.2020 16:00:00;197;51;2929;0;;235;3412
19.01.2020 16:00:00;19.01.2020 17:00:00;192;51;3107;0;;253;3603
19.01.2020 17:00:00;19.01.2020 18:00:00;197;53;3169;0;;279;3698
19.01.2020 18:00:00;19.01.2020 19:00:00;200;51;3160;0;;275;3686
19.01.2020 19:00:00;19.01.2020 20:00:00;199;51;3105;0;;264;3619
19.01.2020 20:00:00;19.01.2020 21:00:00;198;51;2971;0;;281;3501
19.01.2020 21:00:00;19.01.2020 22:00:00;200;51;3067;0;;301;3619
19.01.2020 22:00:00;19.01.2020 23:00:00;204;51;2868;0;;273;3396
19.01.2020 23:00:00;20.01.2020 00:00:00;199;51;2764;0;;290;3304
20.01.2020 00:00:00;20.01.2020 01:00:00;184;50;2760;0;;283;3277
20.01.2020 01:00:00;20.01.2020 02:00:00;186;51;2710;0;;278;3225
20.01.2020 02:00:00;20.01.2020 03:00:00;193;50;2622;0;;277;3142
20.01.2020 03:00:00;20.01.2020 04:00:00;192;51;2558;0;;288;3089
20.01.2020 04:00:00;20.01.2020 05:00:00;193;51;2623;0;;275;3142
20.01.2020 05:00:00;20.01.2020 06:00:00;194;51;2615;0;;271;3131
20.01.2020 06:00:00;20.01.2020 07:00:00;195;51;2547;0;;268;3061
20.01.2020 07:00:00;20.01.2020 08:00:00;195;53;2753;0;;282;3283
20.01.2020 08:00:00;20.01.2020 09:00:00;196;55;2762;0;;298;3311
20.01.2020 09:00:00;20.01.2020 10:00:00;198;55;2759;0;;306;3318
20.01.2020 10:00:00;20.01.2020 11:00:00;194;55;2777;0;;324;3350
20.01.2020 11:00:00;20.01.2020 12:00:00;195;55;2796;0;;342;3388
20.01.2020 12:00:00;20.01.2020 13:00:00;199;56;2846;0;;326;3427
20.01.2020 13:00:00;20.01.2020 14:00:00;205;57;2839;0;;335;3436
20.01.2020 14:00:00;20.01.2020 15:00:00;201;57;2823;0;;318;3399
20.01.2020 15:00:00;20.01.2020 16:00:00;207;58;2889;0;;293;3447
20.01.2020 16:00:00;20.01.2020 17:00:00;209;59;2863;0;;258;3389
20.01.2020 17:00:00;20.01.2020 18:00:00;206;57;2861;0;;257;3381
20.01.2020 18:00:00;20.01.2020 19:00:00;206;58;2784;0;;268;3316
20.01.2020 19:00:00;20.01.2020 20:00:00;206;59;2598;0;;289;3152
20.01.2020 20:00:00;20.01.2020 21:00:00;204;59;2398;0;;270;2931
20.01.2020 21:00:00;20.01.2020 22:00:00;199;58;2310;0;;266;2833
20.01.2020 22:00:00;20.01.2020 23:00:00;206;57;2094;0;;277;2634
20.01.2020 23:00:00;21.01.2020 00:00:00;204;58;1835;0;;267;2364
21.01.2020 00:00:00;21.01.2020 01:00:00;201;62;1901;0;;290;2454
21.01.2020 01:00:00;21.01.2020 02:00:00;202;63;1900;0;;305;2470
21.01.2020 02:00:00;21.01.2020 03:00:00;205;62;1847;0;;342;2456
21.01.2020 03:00:00;21.01.2020 04:00:00;203;64;1831;0;;368;2466
21.01.2020 04:00:00;21.01.2020 05:00:00;205;64;1998;0;;365;2632
21.01.2020 05:00:00;21.01.2020 06:00:00;204;64;2087;0;;348;2703
21.01.2020 06:00:00;21.01.2020 07:00:00;200;64;2303;0;;360;2927
21.01.2020 07:00:00;21.01.2020 08:00:00;198;66;2558;0;;365;3187
21.01.2020 08:00:00;21.01.2020 09:00:00;203;66;2572;0;;376;3217
21.01.2020 09:00:00;21.01.2020 10:00:00;206;66;2626;0;;371;3269
21.01.2020 10:00:00;21.01.2020 11:00:00;205;66;2612;0;;369;3252
21.01.2020 11:00:00;21.01.2020 12:00:00;205;66;2597;0;;352;3220
21.01.2020 12:00:00;21.01.2020 13:00:00;206;65;2604;0;;347;3222
21.01.2020 13:00:00;21.01.2020 14:00:00;205;65;2497;0;;338;3105
21.01.2020 14:00:00;21.01.2020 15:00:00;206;65;2454;0;;329;3054
21.01.2020 15:00:00;21.01.2020 16:00:00;203;65;2529;0;;301;3098
21.01.2020 16:00:00;21.01.2020 17:00:00;202;66;2534;0;;277;3079
21.01.2020 17:00:00;21.01.2020 18:00:00;199;66;2684;0;;241;3190
21.01.2020 18:00:00;21.01.2020 19:00:00;204;66;2720;0;;206;3196
21.01.2020 19:00:00;21.01.2020 20:00:00;203;66;2663;0;;233;3165
21.01.2020 20:00:00;21.01.2020 21:00:00;206;62;2361;0;;235;2864
21.01.2020 21:00:00;21.01.2020 22:00:00;205;61;2112;0;;253;2631
21.01.2020 22:00:00;21.01.2020 23:00:00;206;62;2107;0;;258;2633
21.01.2020 23:00:00;22.01.2020 00:00:00;181;62;1930;0;;268;2441
22.01.2020 00:00:00;22.01.2020 01:00:00;205;62;1468;0;;258;1993
22.01.2020 01:00:00;22.01.2020 02:00:00;206;62;1487;0;;294;2049
22.01.2020 02:00:00;22.01.2020 03:00:00;205;61;1489;0;;319;2074
22.01.2020 03:00:00;22.01.2020 04:00:00;206;61;1470;0;;327;2064
22.01.2020 04:00:00;22.01.2020 05:00:00;201;61;1816;0;;311;2389
22.01.2020 05:00:00;22.01.2020 06:00:00;203;61;2268;0;;333;2865
22.01.2020 06:00:00;22.01.2020 07:00:00;203;61;2483;0;;328;3075
22.01.2020 07:00:00;22.01.2020 08:00:00;206;63;2788;0;;322;3379
22.01.2020 08:00:00;22.01.2020 09:00:00;207;64;2819;0;;315;3405
22.01.2020 09:00:00;22.01.2020 10:00:00;206;63;2772;0;;303;3344
22.01.2020 10:00:00;22.01.2020 11:00:00;204;63;2831;0;;306;3404
22.01.2020 11:00:00;22.01.2020 12:00:00;199;62;2758;0;;306;3325
22.01.2020 12:00:00;22.01.2020 13:00:00;201;62;2680;0;;287;3230
22.01.2020 13:00:00;22.01.2020 14:00:00;199;62;2706;0;;263;3230
22.01.2020 14:00:00;22.01.2020 15:00:00;201;62;2704;0;;260;3227
22.01.2020 15:00:00;22.01.2020 16:00:00;198;62;2835;0;;255;3350
22.01.2020 16:00:00;22.01.2020 17:00:00;198;61;2907;0;;254;3420
22.01.2020 17:00:00;22.01.2020 18:00:00;196;61;2892;0;;232;3381
22.01.2020 18:00:00;22.01.2020 19:00:00;199;60;2884;0;;212;3355
22.01.2020 19:00:00;22.01.2020 20:00:00;197;60;2858;0;;196;3311
22.01.2020 20:00:00;22.01.2020 21:00:00;197;58;2881;0;;208;3344
22.01.2020 21:00:00;22.01.2020 22:00:00;198;58;2900;0;;187;3343
22.01.2020 22:00:00;22.01.2020 23:00:00;196;57;2869;0;;185;3307
22.01.2020 23:00:00;23.01.2020 00:00:00;200;57;2823;0;;171;3251
23.01.2020 00:00:00;23.01.2020 01:00:00;186;58;2731;0;;157;3132
23.01.2020 01:00:00;23.01.2020 02:00:00;196;58;2707;0;;148;3109
23.01.2020 02:00:00;23.01.2020 03:00:00;196;58;2693;0;;146;3093
23.01.2020 03:00:00;23.01.2020 04:00:00;198;58;2665;0;;163;3084
23.01.2020 04:00:00;23.01.2020 05:00:00;200;58;2762;0;;182;3202
23.01.2020 05:00:00;23.01.2020 06:00:00;198;58;2743;0;;199;3198
23.01.2020 06:00:00;23.01.2020 07:00:00;200;57;2750;0;;212;3219
23.01.2020 07:00:00;23.01.2020 08:00:00;202;59;2661;0;;218;3140
23.01.2020 08:00:00;23.01.2020 09:00:00;206;59;2489;0;;241;2995
23.01.2020 09:00:00;23.01.2020 10:00:00;199;59;2469;0;;242;2969
23.01.2020 10:00:00;23.01.2020 11:00:00;199;58;2416;0;;248;2921
23.01.2020 11:00:00;23.01.2020 12:00:00;200;59;2408;0;;249;2916
23.01.2020 12:00:00;23.01.2020 13:00:00;196;59;2507;0;;250;3012
23.01.2020 13:00:00;23.01.2020 14:00:00;193;60;2546;0;;249;3048
23.01.2020 14:00:00;23.01.2020 15:00:00;194;61;2557;0;;247;3059
23.01.2020 15:00:00;23.01.2020 16:00:00;211;61;2549;0;;256;3077
23.01.2020 16:00:00;23.01.2020 17:00:00;204;60;2599;0;;235;3098
23.01.2020 17:00:00;23.01.2020 18:00:00;188;61;2595;0;;211;3055
23.01.2020 18:00:00;23.01.2020 19:00:00;190;61;2555;0;;208;3014
23.01.2020 19:00:00;23.01.2020 20:00:00;184;61;2471;0;;228;2944
23.01.2020 20:00:00;23.01.2020 21:00:00;187;58;2414;0;;238;2897
23.01.2020 21:00:00;23.01.2020 22:00:00;187;58;2360;0;;241;2846
23.01.2020 22:00:00;23.01.2020 23:00:00;189;58;2253;0;;242;2742
23.01.2020 23:00:00;24.01.2020 00:00:00;190;57;1902;0;;229;2378
24.01.2020 00:00:00;24.01.2020 01:00:00;189;56;1996;0;;233;2474
24.01.2020 01:00:00;24.01.2020 02:00:00;189;56;2101;0;;233;2579
24.01.2020 02:00:00;24.01.2020 03:00:00;190;56;2032;0;;249;2527
24.01.2020 03:00:00;24.01.2020 04:00:00;189;56;2051;0;;203;2499
24.01.2020 04:00:00;24.01.2020 05:00:00;191;56;2227;0;;194;2668
24.01.2020 05:00:00;24.01.2020 06:00:00;189;56;2345;0;;163;2753
24.01.2020 06:00:00;24.01.2020 07:00:00;190;55;2502;0;;133;2880
24.01.2020 07:00:00;24.01.2020 08:00:00;194;57;2678;0;;140;3069
24.01.2020 08:00:00;24.01.2020 09:00:00;192;57;2639;0;;140;3028
24.01.2020 09:00:00;24.01.2020 10:00:00;192;59;2590;0;;133;2974
24.01.2020 10:00:00;24.01.2020 11:00:00;192;58;2562;0;;121;2933
24.01.2020 11:00:00;24.01.2020 12:00:00;191;58;2598;0;;111;2958
24.01.2020 12:00:00;24.01.2020 13:00:00;193;58;2619;0;;116;2986
24.01.2020 13:00:00;24.01.2020 14:00:00;190;58;2595;0;;95;2938
24.01.2020 14:00:00;24.01.2020 15:00:00;194;56;2567;0;;85;2902
24.01.2020 15:00:00;24.01.2020 16:00:00;188;56;2565;0;;60;2869
24.01.2020 16:00:00;24.01.2020 17:00:00;186;56;2574;0;;50;2866
24.01.2020 17:00:00;24.01.2020 18:00:00;182;56;2575;0;;62;2875
24.01.2020 18:00:00;24.01.2020 19:00:00;186;56;2532;0;;54;2828
24.01.2020 19:00:00;24.01.2020 20:00:00;214;56;2541;0;;40;2851
24.01.2020 20:00:00;24.01.2020 21:00:00;215;54;2479;0;;37;2785
24.01.2020 21:00:00;24.01.2020 22:00:00;215;54;2449;0;;36;2754
24.01.2020 22:00:00;24.01.2020 23:00:00;218;54;2380;0;;45;2697
24.01.2020 23:00:00;25.01.2020 00:00:00;212;54;2184;0;;51;2501
25.01.2020 00:00:00;25.01.2020 01:00:00;215;57;2299;0;;38;2609
25.01.2020 01:00:00;25.01.2020 02:00:00;216;57;2254;0;;40;2567
25.01.2020 02:00:00;25.01.2020 03:00:00;220;57;2249;0;;43;2569
25.01.2020 03:00:00;25.01.2020 04:00:00;215;56;2278;0;;69;2618
25.01.2020 04:00:00;25.01.2020 05:00:00;217;56;2295;0;;94;2662
25.01.2020 05:00:00;25.01.2020 06:00:00;217;56;2283;0;;105;2661
25.01.2020 06:00:00;25.01.2020 07:00:00;214;56;2390;0;;123;2783
25.01.2020 07:00:00;25.01.2020 08:00:00;214;56;2603;0;;165;3038
25.01.2020 08:00:00;25.01.2020 09:00:00;212;56;2625;0;;196;3089
25.01.2020 09:00:00;25.01.2020 10:00:00;211;55;2695;0;;201;3162
25.01.2020 10:00:00;25.01.2020 11:00:00;215;55;2724;0;;198;3192
25.01.2020 11:00:00;25.01.2020 12:00:00;215;55;2789;0;;224;3283
25.01.2020 12:00:00;25.01.2020 13:00:00;214;54;2797;0;;205;3270
25.01.2020 13:00:00;25.01.2020 14:00:00;218;54;2777;0;;219;3268
25.01.2020 14:00:00;25.01.2020 15:00:00;213;54;2732;0;;244;3243
25.01.2020 15:00:00;25.01.2020 16:00:00;211;53;2760;0;;243;3267
25.01.2020 16:00:00;25.01.2020 17:00:00;210;53;2822;0;;246;3331
25.01.2020 17:00:00;25.01.2020 18:00:00;204;53;2925;0;;252;3434
25.01.2020 18:00:00;25.01.2020 19:00:00;209;53;2893;0;;246;3401
25.01.2020 19:00:00;25.01.2020 20:00:00;205;53;2841;0;;215;3314
25.01.2020 20:00:00;25.01.2020 21:00:00;209;53;2720;0;;194;3176
25.01.2020 21:00:00;25.01.2020 22:00:00;199;53;2660;0;;201;3113
25.01.2020 22:00:00;25.01.2020 23:00:00;201;52;2591;0;;232;3076
25.01.2020 23:00:00;26.01.2020 00:00:00;208;52;2435;0;;240;2935
26.01.2020 00:00:00;26.01.2020 01:00:00;210;50;2281;0;;233;2774
26.01.2020 01:00:00;26.01.2020 02:00:00;208;50;2255;0;;236;2749
26.01.2020 02:00:00;26.01.2020 03:00:00;208;50;2291;0;;236;2785
26.01.2020 03:00:00;26.01.2020 04:00:00;207;50;2257;0;;248;2762
26.01.2020 04:00:00;26.01.2020 05:00:00;207;50;2280;0;;261;2798
26.01.2020 05:00:00;26.01.2020 06:00:00;204;50;2268;0;;265;2787
26.01.2020 06:00:00;26.01.2020 07:00:00;205;50;2307;0;;274;2836
26.01.2020 07:00:00;26.01.2020 08:00:00;205;50;2487;0;;262;3004
26.01.2020 08:00:00;26.01.2020 09:00:00;206;50;2543;0;;245;3044
26.01.2020 09:00:00;26.01.2020 10:00:00;205;49;2664;0;;234;3152
26.01.2020 10:00:00;26.01.2020 11:00:00;207;49;2703;0;;218;3177
26.01.2020 11:00:00;26.01.2020 12:00:00;209;51;2766;0;;201;3227
26.01.2020 12:00:00;26.01.2020 13:00:00;210;49;2844;0;;196;3299
26.01.2020 13:00:00;26.01.2020 14:00:00;216;49;2828;0;;179;3272
26.01.2020 14:00:00;26.01.2020 15:00:00;203;49;2711;0;;175;3138
26.01.2020 15:00:00;26.01.2020 16:00:00;209;51;2818;0;;177;3255
26.01.2020 16:00:00;26.01.2020 17:00:00;210;51;3040;0;;174;3475
26.01.2020 17:00:00;26.01.2020 18:00:00;210;51;3186;0;;181;3628
26.01.2020 18:00:00;26.01.2020 19:00:00;212;51;3195;0;;199;3657
26.01.2020 19:00:00;26.01.2020 20:00:00;212;51;3066;0;;205;3534
26.01.2020 20:00:00;26.01.2020 21:00:00;210;51;2953;0;;214;3428
26.01.2020 21:00:00;26.01.2020 22:00:00;209;51;2857;0;;226;3343
26.01.2020 22:00:00;26.01.2020 23:00:00;212;51;2729;0;;236;3228
26.01.2020 23:00:00;27.01.2020 00:00:00;213;48;2656;0;;224;3141
27.01.2020 00:00:00;27.01.2020 01:00:00;212;46;2492;19;;202;2971
27.01.2020 01:00:00;27.01.2020 02:00:00;212;46;2491;22;;209;2980
27.01.2020 02:00:00;27.01.2020 03:00:00;208;46;2435;22;;197;2908
27.01.2020 03:00:00;27.01.2020 04:00:00;211;46;2446;20;;199;2922
27.01.2020 04:00:00;27.01.2020 05:00:00;212;46;2575;20;;200;3053
27.01.2020 05:00:00;27.01.2020 06:00:00;212;46;2631;22;;205;3116
27.01.2020 06:00:00;27.01.2020 07:00:00;214;46;2757;22;;214;3253
27.01.2020 07:00:00;27.01.2020 08:00:00;209;46;3009;21;;219;3504
27.01.2020 08:00:00;27.01.2020 09:00:00;211;45;3127;21;;219;3623
27.01.2020 09:00:00;27.01.2020 10:00:00;211;45;3104;21;;213;3594
27.01.2020 10:00:00;27.01.2020 11:00:00;212;45;3156;21;;213;3647
27.01.2020 11:00:00;27.01.2020 12:00:00;213;45;3128;21;;227;3634
27.01.2020 12:00:00;27.01.2020 13:00:00;212;45;3120;21;;239;3637
27.01.2020 13:00:00;27.01.2020 14:00:00;204;45;3183;28;;221;3681
27.01.2020 14:00:00;27.01.2020 15:00:00;215;45;3186;21;;216;3683
27.01.2020 15:00:00;27.01.2020 16:00:00;213;45;3344;18;;216;3836
27.01.2020 16:00:00;27.01.2020 17:00:00;212;45;3521;20;;215;4013
27.01.2020 17:00:00;27.01.2020 18:00:00;210;45;3636;31;;215;4137
27.01.2020 18:00:00;27.01.2020 19:00:00;211;44;3452;28;;214;3949
27.01.2020 19:00:00;27.01.2020 20:00:00;209;44;3302;19;;216;3790
27.01.2020 20:00:00;27.01.2020 21:00:00;212;44;3076;18;;216;3566
27.01.2020 21:00:00;27.01.2020 22:00:00;212;44;2953;18;;219;3446
27.01.2020 22:00:00;27.01.2020 23:00:00;211;44;2869;17;;219;3360
27.01.2020 23:00:00;28.01.2020 00:00:00;211;44;2782;16;;221;3274
28.01.2020 00:00:00;28.01.2020 01:00:00;208;45;2579;16;;216;3064
28.01.2020 01:00:00;28.01.2020 02:00:00;211;45;2538;13;;220;3027
28.01.2020 02:00:00;28.01.2020 03:00:00;209;45;2565;13;;214;3046
28.01.2020 03:00:00;28.01.2020 04:00:00;210;45;2589;12;;221;3077
28.01.2020 04:00:00;28.01.2020 05:00:00;210;45;2633;11;;218;3117
28.01.2020 05:00:00;28.01.2020 06:00:00;205;45;2510;14;;214;2988
28.01.2020 06:00:00;28.01.2020 07:00:00;209;45;2807;14;;212;3287
28.01.2020 07:00:00;28.01.2020 08:00:00;208;45;3452;14;;217;3936
28.01.2020 08:00:00;28.01.2020 09:00:00;207;44;3515;14;;216;3996
28.01.2020 09:00:00;28.01.2020 10:00:00;205;44;3333;12;;222;3816
28.01.2020 10:00:00;28.01.2020 11:00:00;209;44;3321;14;;224;3812
28.01.2020 11:00:00;28.01.2020 12:00:00;206;44;3323;14;;220;3807
28.01.2020 12:00:00;28.01.2020 13:00:00;206;44;3245;14;;221;3730
28.01.2020 13:00:00;28.01.2020 14:00:00;204;44;3307;14;;223;3792
28.01.2020 14:00:00;28.01.2020 15:00:00;205;44;3416;13;;221;3899
28.01.2020 15:00:00;28.01.2020 16:00:00;209;44;3379;11;;220;3863
28.01.2020 16:00:00;28.01.2020 17:00:00;209;44;3533;11;;225;4022
28.01.2020 17:00:00;28.01.2020 18:00:00;207;44;3674;13;;230;4168
28.01.2020 18:00:00;28.01.2020 19:00:00;208;44;3608;12;;229;4101
28.01.2020 19:00:00;28.01.2020 20:00:00;208;44;3472;12;;233;3969
28.01.2020 20:00:00;28.01.2020 21:00:00;206;44;3100;14;;233;3597
28.01.2020 21:00:00;28.01.2020 22:00:00;211;44;2873;15;;238;3381
28.01.2020 22:00:00;28.01.2020 23:00:00;209;44;2784;16;;239;3292
28.01.2020 23:00:00;29.01.2020 00:00:00;204;44;2556;17;;240;3061
29.01.2020 00:00:00;29.01.2020 01:00:00;210;44;2475;16;;232;2977
29.01.2020 01:00:00;29.01.2020 02:00:00;211;44;2401;16;;238;2910
29.01.2020 02:00:00;29.01.2020 03:00:00;210;43;2360;17;;238;2868
29.01.2020 03:00:00;29.01.2020 04:00:00;211;44;2375;15;;240;2885
29.01.2020 04:00:00;29.01.2020 05:00:00;212;44;2465;14;;245;2980
29.01.2020 05:00:00;29.01.2020 06:00:00;211;44;2477;13;;252;2997
29.01.2020 06:00:00;29.01.2020 07:00:00;210;43;2697;13;;247;3210
29.01.2020 07:00:00;29.01.2020 08:00:00;215;44;2815;13;;266;3353
29.01.2020 08:00:00;29.01.2020 09:00:00;213;44;2891;13;;276;3437
29.01.2020 09:00:00;29.01.2020 10:00:00;214;44;2851;14;;295;3418
29.01.2020 10:00:00;29.01.2020 11:00:00;212;45;2846;14;;300;3417
29.01.2020 11:00:00;29.01.2020 12:00:00;214;45;2856;16;;305;3436
29.01.2020 12:00:00;29.01.2020 13:00:00;215;45;2848;13;;309;3430
29.01.2020 13:00:00;29.01.2020 14:00:00;211;45;2825;13;;311;3405
29.01.2020 14:00:00;29.01.2020 15:00:00;217;45;2837;13;;305;3417
29.01.2020 15:00:00;29.01.2020 16:00:00;212;45;2857;12;;298;3424
29.01.2020 16:00:00;29.01.2020 17:00:00;207;45;2921;15;;307;3495
29.01.2020 17:00:00;29.01.2020 18:00:00;203;45;2979;13;;319;3559
29.01.2020 18:00:00;29.01.2020 19:00:00;206;45;2893;14;;314;3472
29.01.2020 19:00:00;29.01.2020 20:00:00;213;45;2844;14;;317;3433
29.01.2020 20:00:00;29.01.2020 21:00:00;214;45;2714;13;;315;3301
29.01.2020 21:00:00;29.01.2020 22:00:00;215;45;2667;14;;319;3260
29.01.2020 22:00:00;29.01.2020 23:00:00;216;45;2533;13;;316;3123
29.01.2020 23:00:00;30.01.2020 00:00:00;215;45;2481;14;;317;3072
30.01.2020 00:00:00;30.01.2020 01:00:00;216;46;2418;14;;236;2930
30.01.2020 01:00:00;30.01.2020 02:00:00;212;46;2405;13;;227;2903
30.01.2020 02:00:00;30.01.2020 03:00:00;211;46;2383;13;;227;2880
30.01.2020 03:00:00;30.01.2020 04:00:00;212;46;2390;12;;225;2885
30.01.2020 04:00:00;30.01.2020 05:00:00;213;46;2431;12;;224;2926
30.01.2020 05:00:00;30.01.2020 06:00:00;211;46;2515;12;;220;3004
30.01.2020 06:00:00;30.01.2020 07:00:00;210;46;2660;13;;205;3134
30.01.2020 07:00:00;30.01.2020 08:00:00;211;48;2859;12;;229;3359
30.01.2020 08:00:00;30.01.2020 09:00:00;214;49;3161;13;;235;3672
30.01.2020 09:00:00;30.01.2020 10:00:00;213;49;3082;14;;239;3597
30.01.2020 10:00:00;30.01.2020 11:00:00;213;49;3141;15;;309;3727
30.01.2020 11:00:00;30.01.2020 12:00:00;212;47;3129;17;;303;3708
30.01.2020 12:00:00;30.01.2020 13:00:00;211;48;3130;16;;292;3697
30.01.2020 13:00:00;30.01.2020 14:00:00;211;48;3104;20;;316;3699
30.01.2020 14:00:00;30.01.2020 15:00:00;214;46;3037;23;;333;3653
30.01.2020 15:00:00;30.01.2020 16:00:00;208;46;3105;20;;339;3718
30.01.2020 16:00:00;30.01.2020 17:00:00;212;46;3172;23;;341;3794
30.01.2020 17:00:00;30.01.2020 18:00:00;212;46;3305;21;;334;3918
30.01.2020 18:00:00;30.01.2020 19:00:00;210;46;3242;22;;331;3851
30.01.2020 19:00:00;30.01.2020 20:00:00;213;45;2900;23;;332;3513
30.01.2020 20:00:00;30.01.2020 21:00:00;211;43;2722;23;;335;3334
30.01.2020 21:00:00;30.01.2020 22:00:00;210;43;2639;25;;325;3242
30.01.2020 22:00:00;30.01.2020 23:00:00;211;43;2531;24;;329;3138
30.01.2020 23:00:00;31.01.2020 00:00:00;207;43;2266;21;;326;2863
31.01.2020 00:00:00;31.01.2020 01:00:00;209;45;2109;20;;333;2716
31.01.2020 01:00:00;31.01.2020 02:00:00;211;43;2124;20;;335;2733
31.01.2020 02:00:00;31.01.2020 03:00:00;208;43;2092;25;;334;2702
31.01.2020 03:00:00;31.01.2020 04:00:00;215;43;2085;23;;319;2685
31.01.2020 04:00:00;31.01.2020 05:00:00;209;45;2229;22;;316;2821
31.01.2020 05:00:00;31.01.2020 06:00:00;210;45;2346;22;;323;2946
31.01.2020 06:00:00;31.01.2020 07:00:00;211;45;2493;22;;325;3096
31.01.2020 07:00:00;31.01.2020 08:00:00;210;45;2547;23;;322;3147
31.01.2020 08:00:00;31.01.2020 09:00:00;210;45;2570;22;;342;3189
31.01.2020 09:00:00;31.01.2020 10:00:00;212;45;2643;20;;346;3266
31.01.2020 10:00:00;31.01.2020 11:00:00;215;45;2570;20;;351;3201
31.01.2020 11:00:00;31.01.2020 12:00:00;214;45;2555;19;;360;3193
31.01.2020 12:00:00;31.01.2020 13:00:00;215;45;2616;20;;359;3255
31.01.2020 13:00:00;31.01.2020 14:00:00;214;45;2609;19;;351;3238
31.01.2020 14:00:00;31.01.2020 15:00:00;213;42;2633;20;;333;3241
31.01.2020 15:00:00;31.01.2020 16:00:00;213;42;2617;18;;350;3240
31.01.2020 16:00:00;31.01.2020 17:00:00;212;42;2653;18;;348;3273
31.01.2020 17:00:00;31.01.2020 18:00:00;211;42;2638;17;;346;3254
31.01.2020 18:00:00;31.01.2020 19:00:00;215;42;2635;13;;351;3256
31.01.2020 19:00:00;31.01.2020 20:00:00;215;43;2560;14;;360;3192
31.01.2020 20:00:00;31.01.2020 21:00:00;213;42;2524;11;;360;3150
31.01.2020 21:00:00;31.01.2020 22:00:00;215;41;2503;8;;376;3143
31.01.2020 22:00:00;31.01.2020 23:00:00;212;41;2437;13;;376;3079
31.01.2020 23:00:00;01.02.2020 00:00:00;215;40;2381;18;;377;3031
01.02.2020 00:00:00;01.02.2020 01:00:00;214;38;1981;13;;374;2620
01.02.2020 01:00:00;01.02.2020 02:00:00;213;38;1869;17;;376;2513
01.02.2020 02:00:00;01.02.2020 03:00:00;213;38;1805;20;;377;2453
01.02.2020 03:00:00;01.02.2020 04:00:00;213;38;1810;20;;375;2456
01.02.2020 04:00:00;01.02.2020 05:00:00;213;38;1769;20;;369;2409
01.02.2020 05:00:00;01.02.2020 06:00:00;216;38;1796;15;;353;2418
01.02.2020 06:00:00;01.02.2020 07:00:00;210;38;1827;15;;359;2449
01.02.2020 07:00:00;01.02.2020 08:00:00;215;37;1929;16;;358;2555
01.02.2020 08:00:00;01.02.2020 09:00:00;214;37;1942;16;;348;2557
01.02.2020 09:00:00;01.02.2020 10:00:00;212;37;2070;17;;358;2694
01.02.2020 10:00:00;01.02.2020 11:00:00;215;37;2153;17;;340;2762
01.02.2020 11:00:00;01.02.2020 12:00:00;213;37;2120;11;;339;2720
01.02.2020 12:00:00;01.02.2020 13:00:00;211;37;2112;11;;326;2697
01.02.2020 13:00:00;01.02.2020 14:00:00;213;37;2088;12;;328;2678
01.02.2020 14:00:00;01.02.2020 15:00:00;213;36;2070;13;;311;2643
01.02.2020 15:00:00;01.02.2020 16:00:00;212;36;2093;18;;308;2667
01.02.2020 16:00:00;01.02.2020 17:00:00;212;36;2262;18;;326;2854
01.02.2020 17:00:00;01.02.2020 18:00:00;212;36;2375;16;;352;2991
01.02.2020 18:00:00;01.02.2020 19:00:00;211;36;2318;18;;340;2923
01.02.2020 19:00:00;01.02.2020 20:00:00;215;36;2286;19;;331;2887
01.02.2020 20:00:00;01.02.2020 21:00:00;212;36;2156;20;;312;2736
01.02.2020 21:00:00;01.02.2020 22:00:00;216;36;2094;16;;287;2649
01.02.2020 22:00:00;01.02.2020 23:00:00;210;36;2022;15;;272;2555
01.02.2020 23:00:00;02.02.2020 00:00:00;212;36;1931;15;;252;2446
02.02.2020 00:00:00;02.02.2020 01:00:00;212;37;1870;15;;238;2372
02.02.2020 01:00:00;02.02.2020 02:00:00;212;38;1828;13;;221;2312
02.02.2020 02:00:00;02.02.2020 03:00:00;207;38;1779;12;;216;2252
02.02.2020 03:00:00;02.02.2020 04:00:00;207;38;1809;11;;210;2275
02.02.2020 04:00:00;02.02.2020 05:00:00;206;38;1779;9;;206;2238
02.02.2020 05:00:00;02.02.2020 06:00:00;209;38;1820;8;;204;2279
02.02.2020 06:00:00;02.02.2020 07:00:00;207;38;1929;7;;198;2379
02.02.2020 07:00:00;02.02.2020 08:00:00;205;39;2108;5;;209;2566
02.02.2020 08:00:00;02.02.2020 09:00:00;207;39;2319;3;;215;2783
02.02.2020 09:00:00;02.02.2020 10:00:00;206;40;2474;5;;202;2927
02.02.2020 10:00:00;02.02.2020 11:00:00;208;40;2519;4;;185;2956
02.02.2020 11:00:00;02.02.2020 12:00:00;206;40;2493;1;;186;2926
02.02.2020 12:00:00;02.02.2020 13:00:00;209;40;2485;1;;216;2951
02.02.2020 13:00:00;02.02.2020 14:00:00;209;40;2503;6;;262;3020
02.02.2020 14:00:00;02.02.2020 15:00:00;209;40;2533;6;;271;3059
02.02.2020 15:00:00;02.02.2020 16:00:00;211;40;2505;4;;275;3035
02.02.2020 16:00:00;02.02.2020 17:00:00;209;40;2577;10;;288;3124
02.02.2020 17:00:00;02.02.2020 18:00:00;204;40;2600;12;;300;3156
02.02.2020 18:00:00;02.02.2020 19:00:00;210;40;2606;14;;297;3167
02.02.2020 19:00:00;02.02.2020 20:00:00;209;40;2590;14;;298;3151
02.02.2020 20:00:00;02.02.2020 21:00:00;208;40;2614;14;;296;3172
02.02.2020 21:00:00;02.02.2020 22:00:00;206;40;2611;14;;292;3163
02.02.2020 22:00:00;02.02.2020 23:00:00;207;40;2548;14;;272;3081
02.02.2020 23:00:00;03.02.2020 00:00:00;210;40;2557;14;;255;3076
03.02.2020 00:00:00;03.02.2020 01:00:00;208;38;2387;13;;270;2916
03.02.2020 01:00:00;03.02.2020 02:00:00;209;38;2340;12;;296;2895
03.02.2020 02:00:00;03.02.2020 03:00:00;211;38;2268;12;;320;2849
03.02.2020 03:00:00;03.02.2020 04:00:00;208;38;2265;12;;324;2847
03.02.2020 04:00:00;03.02.2020 05:00:00;208;38;2360;12;;320;2938
03.02.2020 05:00:00;03.02.2020 06:00:00;204;40;2391;12;;322;2969
03.02.2020 06:00:00;03.02.2020 07:00:00;211;40;2603;12;;299;3165
03.02.2020 07:00:00;03.02.2020 08:00:00;211;40;2795;12;;276;3334
03.02.2020 08:00:00;03.02.2020 09:00:00;213;42;2811;12;;266;3344
03.02.2020 09:00:00;03.02.2020 10:00:00;214;41;2836;12;;258;3361
03.02.2020 10:00:00;03.02.2020 11:00:00;214;41;3028;12;;244;3539
03.02.2020 11:00:00;03.02.2020 12:00:00;213;41;2957;12;;235;3458
03.02.2020 12:00:00;03.02.2020 13:00:00;211;41;2998;13;;234;3497
03.02.2020 13:00:00;03.02.2020 14:00:00;212;41;3053;12;;237;3555
03.02.2020 14:00:00;03.02.2020 15:00:00;197;41;3240;12;;228;3718
03.02.2020 15:00:00;03.02.2020 16:00:00;200;41;3400;11;;220;3872
03.02.2020 16:00:00;03.02.2020 17:00:00;199;41;3422;11;;214;3887
03.02.2020 17:00:00;03.02.2020 18:00:00;204;41;3485;10;;188;3928
03.02.2020 18:00:00;03.02.2020 19:00:00;205;41;3357;10;;184;3797
03.02.2020 19:00:00;03.02.2020 20:00:00;207;41;3214;10;;159;3631
03.02.2020 20:00:00;03.02.2020 21:00:00;205;41;2812;9;;152;3219
03.02.2020 21:00:00;03.02.2020 22:00:00;206;40;2655;9;;143;3053
03.02.2020 22:00:00;03.02.2020 23:00:00;205;38;2579;9;;152;2983
03.02.2020 23:00:00;04.02.2020 00:00:00;203;38;2498;9;;136;2884
04.02.2020 00:00:00;04.02.2020 01:00:00;213;37;2412;11;;122;2795
04.02.2020 01:00:00;04.02.2020 02:00:00;204;37;2388;11;;98;2738
04.02.2020 02:00:00;04.02.2020 03:00:00;204;37;2416;10;;135;2802
04.02.2020 03:00:00;04.02.2020 04:00:00;206;37;2386;10;;137;2776
04.02.2020 04:00:00;04.02.2020 05:00:00;207;37;2375;8;;141;2768
04.02.2020 05:00:00;04.02.2020 06:00:00;207;37;2526;8;;131;2909
04.02.2020 06:00:00;04.02.2020 07:00:00;207;40;3044;6;;159;3456
04.02.2020 07:00:00;04.02.2020 08:00:00;211;40;4073;3;;162;4489
04.02.2020 08:00:00;04.02.2020 09:00:00;206;40;4183;2;;172;4603
04.02.2020 09:00:00;04.02.2020 10:00:00;205;40;4100;3;;157;4505
04.02.2020 10:00:00;04.02.2020 11:00:00;209;40;4069;3;;173;4494
04.02.2020 11:00:00;04.02.2020 12:00:00;204;40;4010;2;;187;4443
04.02.2020 12:00:00;04.02.2020 13:00:00;203;41;3868;2;;180;4294
04.02.2020 13:00:00;04.02.2020 14:00:00;200;40;3642;3;;193;4078
04.02.2020 14:00:00;04.02.2020 15:00:00;203;40;3297;7;;208;3755
04.02.2020 15:00:00;04.02.2020 16:00:00;202;40;3006;16;;231;3495
04.02.2020 16:00:00;04.02.2020 17:00:00;205;40;2829;16;;222;3312
04.02.2020 17:00:00;04.02.2020 18:00:00;203;40;2735;18;;247;3243
04.02.2020 18:00:00;04.02.2020 19:00:00;214;40;2575;22;;230;3081
04.02.2020 19:00:00;04.02.2020 20:00:00;216;40;2523;16;;250;3045
04.02.2020 20:00:00;04.02.2020 21:00:00;215;40;2453;18;;260;2986
04.02.2020 21:00:00;04.02.2020 22:00:00;216;40;2553;19;;255;3083
04.02.2020 22:00:00;04.02.2020 23:00:00;218;37;2509;19;;265;3048
04.02.2020 23:00:00;05.02.2020 00:00:00;215;37;2357;21;;261;2891
05.02.2020 00:00:00;05.02.2020 01:00:00;212;38;2363;9;;276;2898
05.02.2020 01:00:00;05.02.2020 02:00:00;215;38;2345;7;;281;2886
05.02.2020 02:00:00;05.02.2020 03:00:00;216;38;2364;8;;301;2927
05.02.2020 03:00:00;05.02.2020 04:00:00;215;38;2312;16;;316;2897
05.02.2020 04:00:00;05.02.2020 05:00:00;215;38;2369;13;;368;3003
05.02.2020 05:00:00;05.02.2020 06:00:00;214;38;2426;20;;349;3047
05.02.2020 06:00:00;05.02.2020 07:00:00;213;39;2578;19;;365;3214
05.02.2020 07:00:00;05.02.2020 08:00:00;213;39;2588;14;;374;3228
05.02.2020 08:00:00;05.02.2020 09:00:00;214;38;2493;20;;315;3080
05.02.2020 09:00:00;05.02.2020 10:00:00;213;38;2479;19;;308;3057
05.02.2020 10:00:00;05.02.2020 11:00:00;214;38;2458;11;;316;3037
05.02.2020 11:00:00;05.02.2020 12:00:00;213;38;2521;8;;290;3070
05.02.2020 12:00:00;05.02.2020 13:00:00;215;38;2515;12;;290;3070
05.02.2020 13:00:00;05.02.2020 14:00:00;215;38;2513;11;;290;3067
05.02.2020 14:00:00;05.02.2020 15:00:00;212;39;2555;15;;312;3133
05.02.2020 15:00:00;05.02.2020 16:00:00;210;39;2534;20;;316;3119
05.02.2020 16:00:00;05.02.2020 17:00:00;216;39;2559;18;;306;3138
05.02.2020 17:00:00;05.02.2020 18:00:00;215;39;2550;14;;318;3136
05.02.2020 18:00:00;05.02.2020 19:00:00;214;39;2472;15;;303;3043
05.02.2020 19:00:00;05.02.2020 20:00:00;215;37;2455;13;;315;3035
05.02.2020 20:00:00;05.02.2020 21:00:00;214;37;2432;18;;339;3040
05.02.2020 21:00:00;05.02.2020 22:00:00;219;37;2429;16;;341;3042
05.02.2020 22:00:00;05.02.2020 23:00:00;214;37;2361;20;;335;2967
05.02.2020 23:00:00;06.02.2020 00:00:00;217;37;2221;15;;350;2840
06.02.2020 00:00:00;06.02.2020 01:00:00;211;37;2275;30;;343;2896
06.02.2020 01:00:00;06.02.2020 02:00:00;210;35;2245;32;;327;2849
06.02.2020 02:00:00;06.02.2020 03:00:00;209;35;2238;23;;320;2825
06.02.2020 03:00:00;06.02.2020 04:00:00;207;35;2276;21;;304;2843
06.02.2020 04:00:00;06.02.2020 05:00:00;210;35;2315;18;;290;2868
06.02.2020 05:00:00;06.02.2020 06:00:00;206;37;2362;15;;282;2902
06.02.2020 06:00:00;06.02.2020 07:00:00;211;38;2453;16;;273;2991
06.02.2020 07:00:00;06.02.2020 08:00:00;211;38;2529;15;;275;3068
06.02.2020 08:00:00;06.02.2020 09:00:00;209;37;2668;13;;222;3149
06.02.2020 09:00:00;06.02.2020 10:00:00;209;37;2651;15;;171;3083
06.02.2020 10:00:00;06.02.2020 11:00:00;207;39;2665;12;;177;3100
06.02.2020 11:00:00;06.02.2020 12:00:00;208;39;2692;19;;160;3118
06.02.2020 12:00:00;06.02.2020 13:00:00;211;39;2612;14;;157;3033
06.02.2020 13:00:00;06.02.2020 14:00:00;207;39;2573;4;;155;2978
06.02.2020 14:00:00;06.02.2020 15:00:00;209;39;2579;8;;167;3002
06.02.2020 15:00:00;06.02.2020 16:00:00;203;39;2689;8;;181;3120
06.02.2020 16:00:00;06.02.2020 17:00:00;204;39;2863;4;;170;3280
06.02.2020 17:00:00;06.02.2020 18:00:00;209;39;2918;3;;165;3334
06.02.2020 18:00:00;06.02.2020 19:00:00;209;39;2967;1;;150;3366
06.02.2020 19:00:00;06.02.2020 20:00:00;209;39;2964;1;;160;3373
06.02.2020 20:00:00;06.02.2020 21:00:00;209;39;2998;1;;159;3406
06.02.2020 21:00:00;06.02.2020 22:00:00;209;39;2954;1;;170;3373
06.02.2020 22:00:00;06.02.2020 23:00:00;209;39;2749;2;;182;3181
06.02.2020 23:00:00;07.02.2020 00:00:00;210;36;2693;7;;173;3119
07.02.2020 00:00:00;07.02.2020 01:00:00;210;39;2714;13;;187;3163
07.02.2020 01:00:00;07.02.2020 02:00:00;211;39;2481;15;;190;2936
07.02.2020 02:00:00;07.02.2020 03:00:00;211;39;2302;22;;181;2755
07.02.2020 03:00:00;07.02.2020 04:00:00;211;39;2290;19;;173;2732
07.02.2020 04:00:00;07.02.2020 05:00:00;214;38;2290;14;;186;2742
07.02.2020 05:00:00;07.02.2020 06:00:00;212;40;2386;12;;234;2884
07.02.2020 06:00:00;07.02.2020 07:00:00;214;41;2222;16;;269;2762
07.02.2020 07:00:00;07.02.2020 08:00:00;214;41;2284;18;;279;2836
07.02.2020 08:00:00;07.02.2020 09:00:00;213;43;2276;16;;273;2821
07.02.2020 09:00:00;07.02.2020 10:00:00;214;42;2217;8;;294;2775
07.02.2020 10:00:00;07.02.2020 11:00:00;214;42;2203;9;;293;2761
07.02.2020 11:00:00;07.02.2020 12:00:00;214;42;2214;6;;303;2779
07.02.2020 12:00:00;07.02.2020 13:00:00;214;42;2199;15;;267;2737
07.02.2020 13:00:00;07.02.2020 14:00:00;214;42;2195;18;;255;2724
07.02.2020 14:00:00;07.02.2020 15:00:00;213;42;2246;10;;224;2735
07.02.2020 15:00:00;07.02.2020 16:00:00;218;42;2220;9;;205;2694
07.02.2020 16:00:00;07.02.2020 17:00:00;214;42;2267;8;;215;2746
07.02.2020 17:00:00;07.02.2020 18:00:00;216;42;2346;1;;227;2832
07.02.2020 18:00:00;07.02.2020 19:00:00;215;42;2385;1;;220;2863
07.02.2020 19:00:00;07.02.2020 20:00:00;218;42;2308;1;;240;2809
07.02.2020 20:00:00;07.02.2020 21:00:00;219;42;2238;1;;266;2766
07.02.2020 21:00:00;07.02.2020 22:00:00;216;43;2220;2;;248;2729
07.02.2020 22:00:00;07.02.2020 23:00:00;215;42;2174;7;;248;2686
07.02.2020 23:00:00;08.02.2020 00:00:00;215;40;2152;9;;230;2646
08.02.2020 00:00:00;08.02.2020 01:00:00;217;37;2259;12;;247;2772
08.02.2020 01:00:00;08.02.2020 02:00:00;214;37;2218;11;;259;2739
08.02.2020 02:00:00;08.02.2020 03:00:00;213;37;2184;11;;284;2729
08.02.2020 03:00:00;08.02.2020 04:00:00;215;37;2173;8;;279;2712
08.02.2020 04:00:00;08.02.2020 05:00:00;214;37;2161;9;;306;2727
08.02.2020 05:00:00;08.02.2020 06:00:00;212;37;2169;5;;323;2746
08.02.2020 06:00:00;08.02.2020 07:00:00;214;37;2156;7;;316;2730
08.02.2020 07:00:00;08.02.2020 08:00:00;213;37;2206;6;;317;2779
08.02.2020 08:00:00;08.02.2020 09:00:00;216;37;2284;7;;314;2858
08.02.2020 09:00:00;08.02.2020 10:00:00;206;37;2442;10;;299;2994
08.02.2020 10:00:00;08.02.2020 11:00:00;205;37;2452;5;;294;2993
08.02.2020 11:00:00;08.02.2020 12:00:00;204;37;2450;4;;274;2969
08.02.2020 12:00:00;08.02.2020 13:00:00;207;37;2457;1;;264;2966
08.02.2020 13:00:00;08.02.2020 14:00:00;202;37;2362;1;;221;2823
08.02.2020 14:00:00;08.02.2020 15:00:00;194;37;2346;2;;200;2779
08.02.2020 15:00:00;08.02.2020 16:00:00;201;37;2396;5;;200;2839
08.02.2020 16:00:00;08.02.2020 17:00:00;213;37;2519;4;;195;2968
08.02.2020 17:00:00;08.02.2020 18:00:00;215;37;2545;6;;194;2997
08.02.2020 18:00:00;08.02.2020 19:00:00;214;38;2463;7;;188;2910
08.02.2020 19:00:00;08.02.2020 20:00:00;215;37;2441;9;;185;2887
08.02.2020 20:00:00;08.02.2020 21:00:00;214;37;2252;14;;194;2711
08.02.2020 21:00:00;08.02.2020 22:00:00;215;37;2261;17;;214;2744
08.02.2020 22:00:00;08.02.2020 23:00:00;213;37;2190;17;;197;2654
08.02.2020 23:00:00;09.02.2020 00:00:00;216;37;2106;13;;181;2553
09.02.2020 00:00:00;09.02.2020 01:00:00;216;39;1952;7;;161;2375
09.02.2020 01:00:00;09.02.2020 02:00:00;215;39;1836;2;;155;2247
09.02.2020 02:00:00;09.02.2020 03:00:00;213;39;1750;0;;121;2123
09.02.2020 03:00:00;09.02.2020 04:00:00;212;38;1649;2;;124;2025
09.02.2020 04:00:00;09.02.2020 05:00:00;208;38;1220;6;;130;1602
09.02.2020 05:00:00;09.02.2020 06:00:00;209;38;888;4;;112;1251
09.02.2020 06:00:00;09.02.2020 07:00:00;209;38;891;4;;88;1230
09.02.2020 07:00:00;09.02.2020 08:00:00;214;38;987;3;;82;1324
09.02.2020 08:00:00;09.02.2020 09:00:00;214;38;1007;7;;73;1339
09.02.2020 09:00:00;09.02.2020 10:00:00;212;38;1495;15;;66;1826
09.02.2020 10:00:00;09.02.2020 11:00:00;213;38;1615;25;;49;1940
09.02.2020 11:00:00;09.02.2020 12:00:00;204;38;1643;24;;30;1939
09.02.2020 12:00:00;09.02.2020 13:00:00;200;38;1636;33;;41;1948
09.02.2020 13:00:00;09.02.2020 14:00:00;199;38;1670;19;;56;1982
09.02.2020 14:00:00;09.02.2020 15:00:00;200;38;1675;35;;63;2011
09.02.2020 15:00:00;09.02.2020 16:00:00;201;38;1666;31;;75;2011
09.02.2020 16:00:00;09.02.2020 17:00:00;202;38;1705;29;;81;2055
09.02.2020 17:00:00;09.02.2020 18:00:00;201;38;1837;29;;100;2205
09.02.2020 18:00:00;09.02.2020 19:00:00;202;39;1837;30;;129;2237
09.02.2020 19:00:00;09.02.2020 20:00:00;201;38;1669;30;;166;2104
09.02.2020 20:00:00;09.02.2020 21:00:00;199;38;1505;30;;212;1984
09.02.2020 21:00:00;09.02.2020 22:00:00;218;38;1558;30;;217;2061
09.02.2020 22:00:00;09.02.2020 23:00:00;218;38;1555;31;;214;2056
09.02.2020 23:00:00;10.02.2020 00:00:00;216;38;1541;29;;213;2037
10.02.2020 00:00:00;10.02.2020 01:00:00;216;38;1676;27;;182;2139
10.02.2020 01:00:00;10.02.2020 02:00:00;216;38;1636;32;;228;2150
10.02.2020 02:00:00;10.02.2020 03:00:00;213;38;1512;28;;205;1996
10.02.2020 03:00:00;10.02.2020 04:00:00;212;38;1532;21;;189;1992
10.02.2020 04:00:00;10.02.2020 05:00:00;220;38;1520;24;;201;2003
10.02.2020 05:00:00;10.02.2020 06:00:00;215;38;1471;27;;166;1917
10.02.2020 06:00:00;10.02.2020 07:00:00;215;38;1585;24;;167;2029
10.02.2020 07:00:00;10.02.2020 08:00:00;215;38;2057;21;;170;2501
10.02.2020 08:00:00;10.02.2020 09:00:00;215;42;2305;20;;148;2730
10.02.2020 09:00:00;10.02.2020 10:00:00;212;42;2132;18;;126;2530
10.02.2020 10:00:00;10.02.2020 11:00:00;212;42;2030;7;;127;2418
10.02.2020 11:00:00;10.02.2020 12:00:00;210;42;2007;11;;118;2388
10.02.2020 12:00:00;10.02.2020 13:00:00;199;43;1940;7;;105;2294
10.02.2020 13:00:00;10.02.2020 14:00:00;193;42;2008;1;;98;2342
10.02.2020 14:00:00;10.02.2020 15:00:00;196;42;1974;1;;114;2327
10.02.2020 15:00:00;10.02.2020 16:00:00;195;42;2002;3;;108;2350
10.02.2020 16:00:00;10.02.2020 17:00:00;193;42;2112;1;;100;2448
10.02.2020 17:00:00;10.02.2020 18:00:00;193;42;2319;1;;68;2623
10.02.2020 18:00:00;10.02.2020 19:00:00;193;42;2281;3;;73;2592
10.02.2020 19:00:00;10.02.2020 20:00:00;193;42;2168;6;;80;2489
10.02.2020 20:00:00;10.02.2020 21:00:00;195;42;2143;8;;88;2476
10.02.2020 21:00:00;10.02.2020 22:00:00;195;42;1952;9;;111;2309
10.02.2020 22:00:00;10.02.2020 23:00:00;196;42;1815;11;;119;2183
10.02.2020 23:00:00;11.02.2020 00:00:00;195;42;1669;13;;123;2042
11.02.2020 00:00:00;11.02.2020 01:00:00;194;44;1668;14;;120;2040
11.02.2020 01:00:00;11.02.2020 02:00:00;197;44;1579;15;;124;1959
11.02.2020 02:00:00;11.02.2020 03:00:00;196;44;1681;16;;124;2061
11.02.2020 03:00:00;11.02.2020 04:00:00;186;44;1647;17;;126;2020
11.02.2020 04:00:00;11.02.2020 05:00:00;198;44;1618;18;;122;2000
11.02.2020 05:00:00;11.02.2020 06:00:00;195;44;1762;18;;136;2155
11.02.2020 06:00:00;11.02.2020 07:00:00;191;44;2017;19;;138;2409
11.02.2020 07:00:00;11.02.2020 08:00:00;192;44;2383;19;;114;2752
11.02.2020 08:00:00;11.02.2020 09:00:00;188;44;2360;19;;115;2726
11.02.2020 09:00:00;11.02.2020 10:00:00;194;43;2291;19;;106;2653
11.02.2020 10:00:00;11.02.2020 11:00:00;194;44;2293;19;;110;2660
11.02.2020 11:00:00;11.02.2020 12:00:00;195;43;2244;19;;90;2591
11.02.2020 12:00:00;11.02.2020 13:00:00;193;44;2209;20;;88;2554
11.02.2020 13:00:00;11.02.2020 14:00:00;196;43;2204;21;;86;2550
11.02.2020 14:00:00;11.02.2020 15:00:00;194;44;2218;20;;91;2567
11.02.2020 15:00:00;11.02.2020 16:00:00;191;43;2225;15;;86;2560
11.02.2020 16:00:00;11.02.2020 17:00:00;194;43;2325;16;;104;2682
11.02.2020 17:00:00;11.02.2020 18:00:00;204;43;2356;12;;114;2729
11.02.2020 18:00:00;11.02.2020 19:00:00;215;43;2349;7;;135;2749
11.02.2020 19:00:00;11.02.2020 20:00:00;209;43;2321;6;;144;2723
11.02.2020 20:00:00;11.02.2020 21:00:00;213;43;2172;4;;160;2592
11.02.2020 21:00:00;11.02.2020 22:00:00;214;43;2056;4;;148;2465
11.02.2020 22:00:00;11.02.2020 23:00:00;215;43;1901;5;;189;2353
11.02.2020 23:00:00;12.02.2020 00:00:00;215;43;1845;5;;187;2295
12.02.2020 00:00:00;12.02.2020 01:00:00;216;43;1928;4;;188;2379
12.02.2020 01:00:00;12.02.2020 02:00:00;214;42;1888;3;;181;2328
12.02.2020 02:00:00;12.02.2020 03:00:00;213;41;1905;1;;180;2340
12.02.2020 03:00:00;12.02.2020 04:00:00;216;40;1916;1;;162;2335
12.02.2020 04:00:00;12.02.2020 05:00:00;216;41;2113;1;;166;2537
12.02.2020 05:00:00;12.02.2020 06:00:00;217;44;2309;1;;164;2735
12.02.2020 06:00:00;12.02.2020 07:00:00;217;44;2407;2;;161;2831
12.02.2020 07:00:00;12.02.2020 08:00:00;216;44;2607;3;;159;3029
12.02.2020 08:00:00;12.02.2020 09:00:00;217;44;2578;0;;159;2998
12.02.2020 09:00:00;12.02.2020 10:00:00;216;43;2566;2;;164;2991
12.02.2020 10:00:00;12.02.2020 11:00:00;214;45;2598;4;;160;3021
12.02.2020 11:00:00;12.02.2020 12:00:00;216;44;2538;3;;166;2967
12.02.2020 12:00:00;12.02.2020 13:00:00;216;44;2528;3;;170;2961
12.02.2020 13:00:00;12.02.2020 14:00:00;214;45;2498;3;;167;2927
12.02.2020 14:00:00;12.02.2020 15:00:00;214;45;2507;3;;161;2930
12.02.2020 15:00:00;12.02.2020 16:00:00;213;45;2493;3;;160;2914
12.02.2020 16:00:00;12.02.2020 17:00:00;213;45;2513;4;;160;2935
12.02.2020 17:00:00;12.02.2020 18:00:00;215;45;2553;4;;165;2982
12.02.2020 18:00:00;12.02.2020 19:00:00;212;45;2502;2;;159;2920
12.02.2020 19:00:00;12.02.2020 20:00:00;198;45;2493;0;;172;2908
12.02.2020 20:00:00;12.02.2020 21:00:00;198;45;2479;0;;155;2877
12.02.2020 21:00:00;12.02.2020 22:00:00;197;45;2421;0;;135;2798
12.02.2020 22:00:00;12.02.2020 23:00:00;199;45;2373;3;;155;2775
12.02.2020 23:00:00;13.02.2020 00:00:00;200;43;2327;2;;157;2729
13.02.2020 00:00:00;13.02.2020 01:00:00;199;41;2291;3;;178;2712
13.02.2020 01:00:00;13.02.2020 02:00:00;199;41;2312;3;;194;2749
13.02.2020 02:00:00;13.02.2020 03:00:00;196;41;2326;1;;198;2762
13.02.2020 03:00:00;13.02.2020 04:00:00;193;41;2323;1;;199;2757
13.02.2020 04:00:00;13.02.2020 05:00:00;197;41;2275;1;;185;2699
13.02.2020 05:00:00;13.02.2020 06:00:00;198;43;2315;0;;169;2725
13.02.2020 06:00:00;13.02.2020 07:00:00;200;44;2489;0;;181;2914
13.02.2020 07:00:00;13.02.2020 08:00:00;193;44;2973;0;;192;3402
13.02.2020 08:00:00;13.02.2020 09:00:00;200;44;3139;0;;169;3552
13.02.2020 09:00:00;13.02.2020 10:00:00;203;44;3051;1;;170;3469
13.02.2020 10:00:00;13.02.2020 11:00:00;203;44;2973;2;;135;3357
13.02.2020 11:00:00;13.02.2020 12:00:00;204;44;2939;3;;144;3334
13.02.2020 12:00:00;13.02.2020 13:00:00;192;44;2974;8;;149;3367
13.02.2020 13:00:00;13.02.2020 14:00:00;195;44;2863;15;;160;3277
13.02.2020 14:00:00;13.02.2020 15:00:00;201;44;2811;20;;196;3272
13.02.2020 15:00:00;13.02.2020 16:00:00;204;44;2757;24;;226;3255
13.02.2020 16:00:00;13.02.2020 17:00:00;206;44;2857;21;;235;3363
13.02.2020 17:00:00;13.02.2020 18:00:00;203;44;3017;18;;230;3512
13.02.2020 18:00:00;13.02.2020 19:00:00;200;44;2847;19;;216;3326
13.02.2020 19:00:00;13.02.2020 20:00:00;202;43;2720;19;;232;3216
13.02.2020 20:00:00;13.02.2020 21:00:00;203;43;2679;13;;255;3193
13.02.2020 21:00:00;13.02.2020 22:00:00;207;43;2667;11;;254;3182
13.02.2020 22:00:00;13.02.2020 23:00:00;202;43;2643;9;;233;3130
13.02.2020 23:00:00;14.02.2020 00:00:00;204;43;2537;12;;209;3005
14.02.2020 00:00:00;14.02.2020 01:00:00;202;43;2911;12;;211;3379
14.02.2020 01:00:00;14.02.2020 02:00:00;207;43;3004;9;;216;3479
14.02.2020 02:00:00;14.02.2020 03:00:00;205;43;3027;12;;233;3520
14.02.2020 03:00:00;14.02.2020 04:00:00;209;43;3035;20;;234;3541
14.02.2020 04:00:00;14.02.2020 05:00:00;208;43;3076;20;;259;3606
14.02.2020 05:00:00;14.02.2020 06:00:00;208;43;3094;15;;231;3591
14.02.2020 06:00:00;14.02.2020 07:00:00;208;42;2953;15;;204;3422
14.02.2020 07:00:00;14.02.2020 08:00:00;209;43;3070;14;;200;3536
14.02.2020 08:00:00;14.02.2020 09:00:00;201;43;3090;18;;183;3535
14.02.2020 09:00:00;14.02.2020 10:00:00;207;43;3005;17;;162;3434
14.02.2020 10:00:00;14.02.2020 11:00:00;207;43;2981;16;;135;3382
14.02.2020 11:00:00;14.02.2020 12:00:00;206;43;2986;8;;133;3376
14.02.2020 12:00:00;14.02.2020 13:00:00;206;43;2949;6;;144;3348
14.02.2020 13:00:00;14.02.2020 14:00:00;205;39;2966;8;;147;3365
14.02.2020 14:00:00;14.02.2020 15:00:00;201;39;2967;10;;145;3362
14.02.2020 15:00:00;14.02.2020 16:00:00;202;39;2962;6;;152;3361
14.02.2020 16:00:00;14.02.2020 17:00:00;209;38;2857;8;;152;3264
14.02.2020 17:00:00;14.02.2020 18:00:00;197;38;2790;10;;135;3170
14.02.2020 18:00:00;14.02.2020 19:00:00;208;38;2611;15;;99;2971
14.02.2020 19:00:00;14.02.2020 20:00:00;206;38;2560;7;;96;2907
14.02.2020 20:00:00;14.02.2020 21:00:00;206;38;2266;0;;106;2616
14.02.2020 21:00:00;14.02.2020 22:00:00;207;38;2210;0;;109;2564
14.02.2020 22:00:00;14.02.2020 23:00:00;205;38;2157;1;;111;2512
14.02.2020 23:00:00;15.02.2020 00:00:00;198;38;2148;1;;90;2475
15.02.2020 00:00:00;15.02.2020 01:00:00;199;35;2072;4;;91;2401
15.02.2020 01:00:00;15.02.2020 02:00:00;205;35;2036;5;;70;2351
15.02.2020 02:00:00;15.02.2020 03:00:00;208;35;1927;12;;98;2280
15.02.2020 03:00:00;15.02.2020 04:00:00;207;35;1897;20;;113;2272
15.02.2020 04:00:00;15.02.2020 05:00:00;205;35;1940;27;;119;2326
15.02.2020 05:00:00;15.02.2020 06:00:00;207;35;2061;33;;122;2458
15.02.2020 06:00:00;15.02.2020 07:00:00;210;35;2068;33;;160;2506
15.02.2020 07:00:00;15.02.2020 08:00:00;210;35;2158;33;;161;2597
15.02.2020 08:00:00;15.02.2020 09:00:00;211;35;2251;32;;138;2667
15.02.2020 09:00:00;15.02.2020 10:00:00;208;35;2320;32;;114;2709
15.02.2020 10:00:00;15.02.2020 11:00:00;201;35;2309;32;;93;2670
15.02.2020 11:00:00;15.02.2020 12:00:00;200;35;2359;33;;105;2732
15.02.2020 12:00:00;15.02.2020 13:00:00;198;35;2255;32;;137;2657
15.02.2020 13:00:00;15.02.2020 14:00:00;201;35;2244;30;;128;2638
15.02.2020 14:00:00;15.02.2020 15:00:00;200;35;2260;29;;143;2667
15.02.2020 15:00:00;15.02.2020 16:00:00;208;35;2333;26;;146;2748
15.02.2020 16:00:00;15.02.2020 17:00:00;207;35;2373;25;;165;2805
15.02.2020 17:00:00;15.02.2020 18:00:00;206;35;2356;24;;186;2807
15.02.2020 18:00:00;15.02.2020 19:00:00;207;35;2248;21;;159;2670
15.02.2020 19:00:00;15.02.2020 20:00:00;206;35;2167;19;;151;2578
15.02.2020 20:00:00;15.02.2020 21:00:00;208;35;1859;16;;154;2272
15.02.2020 21:00:00;15.02.2020 22:00:00;209;34;1665;14;;158;2080
15.02.2020 22:00:00;15.02.2020 23:00:00;209;35;1562;12;;137;1955
15.02.2020 23:00:00;16.02.2020 00:00:00;207;34;1500;13;;99;1853
16.02.2020 00:00:00;16.02.2020 01:00:00;209;35;1693;9;;60;2006
16.02.2020 01:00:00;16.02.2020 02:00:00;208;35;1662;15;;72;1992
16.02.2020 02:00:00;16.02.2020 03:00:00;209;36;1370;21;;69;1705
16.02.2020 03:00:00;16.02.2020 04:00:00;207;36;1193;26;;68;1530
16.02.2020 04:00:00;16.02.2020 05:00:00;209;36;1103;25;;78;1451
16.02.2020 05:00:00;16.02.2020 06:00:00;207;35;1079;31;;94;1446
16.02.2020 06:00:00;16.02.2020 07:00:00;204;36;1035;34;;109;1418
16.02.2020 07:00:00;16.02.2020 08:00:00;210;35;1138;29;;128;1540
16.02.2020 08:00:00;16.02.2020 09:00:00;209;35;1444;24;;136;1848
16.02.2020 09:00:00;16.02.2020 10:00:00;204;35;1607;22;;166;2034
16.02.2020 10:00:00;16.02.2020 11:00:00;204;35;1812;18;;190;2259
16.02.2020 11:00:00;16.02.2020 12:00:00;208;35;1844;16;;203;2306
16.02.2020 12:00:00;16.02.2020 13:00:00;209;35;1792;12;;232;2280
16.02.2020 13:00:00;16.02.2020 14:00:00;208;35;1792;8;;256;2299
16.02.2020 14:00:00;16.02.2020 15:00:00;209;35;1741;20;;297;2302
16.02.2020 15:00:00;16.02.2020 16:00:00;207;35;1755;26;;287;2310
16.02.2020 16:00:00;16.02.2020 17:00:00;207;35;1865;33;;320;2460
16.02.2020 17:00:00;16.02.2020 18:00:00;207;35;1931;32;;315;2520
16.02.2020 18:00:00;16.02.2020 19:00:00;208;35;1934;30;;301;2508
16.02.2020 19:00:00;16.02.2020 20:00:00;207;35;1910;24;;272;2448
16.02.2020 20:00:00;16.02.2020 21:00:00;206;35;1865;20;;266;2392
16.02.2020 21:00:00;16.02.2020 22:00:00;207;35;1866;20;;237;2365
16.02.2020 22:00:00;16.02.2020 23:00:00;208;35;1799;17;;221;2280
16.02.2020 23:00:00;17.02.2020 00:00:00;206;35;1746;11;;222;2220
17.02.2020 00:00:00;17.02.2020 01:00:00;202;37;1463;2;;192;1896
17.02.2020 01:00:00;17.02.2020 02:00:00;203;37;1444;0;;153;1837
17.02.2020 02:00:00;17.02.2020 03:00:00;203;37;1397;0;;120;1757
17.02.2020 03:00:00;17.02.2020 04:00:00;203;37;1369;1;;101;1711
17.02.2020 04:00:00;17.02.2020 05:00:00;201;37;1372;3;;72;1685
17.02.2020 05:00:00;17.02.2020 06:00:00;202;37;1534;4;;55;1832
17.02.2020 06:00:00;17.02.2020 07:00:00;201;37;2154;2;;54;2448
17.02.2020 07:00:00;17.02.2020 08:00:00;202;37;2298;1;;55;2593
17.02.2020 08:00:00;17.02.2020 09:00:00;202;41;2266;1;;47;2557
17.02.2020 09:00:00;17.02.2020 10:00:00;202;41;2228;0;;48;2519
17.02.2020 10:00:00;17.02.2020 11:00:00;200;41;2262;1;;73;2577
17.02.2020 11:00:00;17.02.2020 12:00:00;202;41;2273;5;;89;2610
17.02.2020 12:00:00;17.02.2020 13:00:00;200;41;2381;1;;97;2720
17.02.2020 13:00:00;17.02.2020 14:00:00;198;41;2221;2;;113;2575
17.02.2020 14:00:00;17.02.2020 15:00:00;198;41;2254;5;;129;2627
17.02.2020 15:00:00;17.02.2020 16:00:00;200;42;2221;5;;123;2591
17.02.2020 16:00:00;17.02.2020 17:00:00;198;42;2242;4;;149;2635
17.02.2020 17:00:00;17.02.2020 18:00:00;201;42;2261;3;;146;2653
17.02.2020 18:00:00;17.02.2020 19:00:00;202;42;2234;2;;144;2624
17.02.2020 19:00:00;17.02.2020 20:00:00;203;41;2168;4;;147;2563
17.02.2020 20:00:00;17.02.2020 21:00:00;201;42;2162;4;;150;2559
17.02.2020 21:00:00;17.02.2020 22:00:00;202;42;2156;7;;149;2556
17.02.2020 22:00:00;17.02.2020 23:00:00;201;42;1991;7;;154;2395
17.02.2020 23:00:00;18.02.2020 00:00:00;199;41;1670;5;;167;2082
18.02.2020 00:00:00;18.02.2020 01:00:00;202;39;1735;5;;179;2160
18.02.2020 01:00:00;18.02.2020 02:00:00;202;39;1671;5;;203;2120
18.02.2020 02:00:00;18.02.2020 03:00:00;199;39;1598;8;;229;2073
18.02.2020 03:00:00;18.02.2020 04:00:00;200;39;1523;6;;241;2009
18.02.2020 04:00:00;18.02.2020 05:00:00;201;39;1528;4;;252;2024
18.02.2020 05:00:00;18.02.2020 06:00:00;201;39;1600;4;;260;2104
18.02.2020 06:00:00;18.02.2020 07:00:00;201;39;1971;4;;235;2450
18.02.2020 07:00:00;18.02.2020 08:00:00;201;39;2125;2;;261;2628
18.02.2020 08:00:00;18.02.2020 09:00:00;201;39;2119;2;;273;2634
18.02.2020 09:00:00;18.02.2020 10:00:00;200;39;2115;2;;312;2668
18.02.2020 10:00:00;18.02.2020 11:00:00;202;39;2102;3;;299;2645
18.02.2020 11:00:00;18.02.2020 12:00:00;203;39;2044;3;;306;2595
18.02.2020 12:00:00;18.02.2020 13:00:00;203;40;2004;6;;283;2536
18.02.2020 13:00:00;18.02.2020 14:00:00;201;40;2002;6;;266;2515
18.02.2020 14:00:00;18.02.2020 15:00:00;201;40;2043;6;;269;2559
18.02.2020 15:00:00;18.02.2020 16:00:00;198;41;2050;7;;258;2554
18.02.2020 16:00:00;18.02.2020 17:00:00;198;40;2099;6;;212;2555
18.02.2020 17:00:00;18.02.2020 18:00:00;202;40;2143;4;;180;2569
18.02.2020 18:00:00;18.02.2020 19:00:00;201;40;2143;4;;163;2551
18.02.2020 19:00:00;18.02.2020 20:00:00;203;40;2126;4;;150;2523
18.02.2020 20:00:00;18.02.2020 21:00:00;203;40;2104;2;;132;2481
18.02.2020 21:00:00;18.02.2020 22:00:00;202;40;2060;1;;138;2441
18.02.2020 22:00:00;18.02.2020 23:00:00;201;40;1968;0;;158;2367
18.02.2020 23:00:00;19.02.2020 00:00:00;206;40;1887;3;;162;2298
19.02.2020 00:00:00;19.02.2020 01:00:00;203;37;1898;1;;165;2304
19.02.2020 01:00:00;19.02.2020 02:00:00;206;37;1910;1;;177;2331
19.02.2020 02:00:00;19.02.2020 03:00:00;212;37;1927;2;;174;2352
19.02.2020 03:00:00;19.02.2020 04:00:00;202;37;1993;1;;176;2409
19.02.2020 04:00:00;19.02.2020 05:00:00;202;37;2088;1;;167;2495
19.02.2020 05:00:00;19.02.2020 06:00:00;203;39;2290;1;;136;2669
19.02.2020 06:00:00;19.02.2020 07:00:00;205;38;2527;1;;104;2875
19.02.2020 07:00:00;19.02.2020 08:00:00;204;40;2679;1;;95;3019
19.02.2020 08:00:00;19.02.2020 09:00:00;209;41;2641;1;;88;2980
19.02.2020 09:00:00;19.02.2020 10:00:00;210;41;2800;1;;83;3135
19.02.2020 10:00:00;19.02.2020 11:00:00;210;41;2916;1;;78;3246
19.02.2020 11:00:00;19.02.2020 12:00:00;214;41;2888;1;;93;3237
19.02.2020 12:00:00;19.02.2020 13:00:00;210;41;2858;1;;108;3218
19.02.2020 13:00:00;19.02.2020 14:00:00;202;41;2709;1;;111;3064
19.02.2020 14:00:00;19.02.2020 15:00:00;205;41;2681;1;;137;3065
19.02.2020 15:00:00;19.02.2020 16:00:00;209;41;2794;1;;120;3165
19.02.2020 16:00:00;19.02.2020 17:00:00;207;41;2842;1;;114;3205
19.02.2020 17:00:00;19.02.2020 18:00:00;205;41;3024;1;;119;3390
19.02.2020 18:00:00;19.02.2020 19:00:00;209;41;3238;1;;122;3611
19.02.2020 19:00:00;19.02.2020 20:00:00;208;41;3156;1;;154;3560
19.02.2020 20:00:00;19.02.2020 21:00:00;209;39;3018;3;;169;3438
19.02.2020 21:00:00;19.02.2020 22:00:00;207;38;2825;5;;199;3274
19.02.2020 22:00:00;19.02.2020 23:00:00;204;38;2753;9;;212;3216
19.02.2020 23:00:00;20.02.2020 00:00:00;207;38;2733;14;;218;3210
20.02.2020 00:00:00;20.02.2020 01:00:00;209;39;2469;18;;234;2969
20.02.2020 01:00:00;20.02.2020 02:00:00;209;38;2343;17;;249;2856
20.02.2020 02:00:00;20.02.2020 03:00:00;205;38;2273;17;;239;2772
20.02.2020 03:00:00;20.02.2020 04:00:00;207;38;2223;23;;224;2715
20.02.2020 04:00:00;20.02.2020 05:00:00;205;38;2205;28;;207;2683
20.02.2020 05:00:00;20.02.2020 06:00:00;205;38;2223;31;;210;2707
20.02.2020 06:00:00;20.02.2020 07:00:00;205;38;2245;32;;219;2739
20.02.2020 07:00:00;20.02.2020 08:00:00;203;40;2269;33;;227;2772
20.02.2020 08:00:00;20.02.2020 09:00:00;207;41;2197;33;;261;2739
20.02.2020 09:00:00;20.02.2020 10:00:00;199;40;2205;32;;268;2744
20.02.2020 10:00:00;20.02.2020 11:00:00;204;40;2227;32;;275;2778
20.02.2020 11:00:00;20.02.2020 12:00:00;202;40;2208;29;;245;2724
20.02.2020 12:00:00;20.02.2020 13:00:00;203;40;2088;23;;257;2611
20.02.2020 13:00:00;20.02.2020 14:00:00;205;40;2098;23;;282;2648
20.02.2020 14:00:00;20.02.2020 15:00:00;203;40;2049;23;;302;2617
20.02.2020 15:00:00;20.02.2020 16:00:00;194;40;2026;30;;332;2622
20.02.2020 16:00:00;20.02.2020 17:00:00;193;40;2022;29;;353;2637
20.02.2020 17:00:00;20.02.2020 18:00:00;202;40;2059;28;;356;2685
20.02.2020 18:00:00;20.02.2020 19:00:00;202;40;2030;28;;367;2667
20.02.2020 19:00:00;20.02.2020 20:00:00;203;40;1998;28;;358;2627
20.02.2020 20:00:00;20.02.2020 21:00:00;204;40;1922;27;;336;2529
20.02.2020 21:00:00;20.02.2020 22:00:00;206;39;1902;26;;282;2455
20.02.2020 22:00:00;20.02.2020 23:00:00;206;37;1845;25;;268;2381
20.02.2020 23:00:00;21.02.2020 00:00:00;207;37;1793;24;;281;2342
21.02.2020 00:00:00;21.02.2020 01:00:00;200;36;1812;22;;300;2370
21.02.2020 01:00:00;21.02.2020 02:00:00;203;36;1737;21;;289;2286
21.02.2020 02:00:00;21.02.2020 03:00:00;201;36;1642;19;;297;2195
21.02.2020 03:00:00;21.02.2020 04:00:00;200;36;1797;16;;290;2339
21.02.2020 04:00:00;21.02.2020 05:00:00;202;36;1772;13;;273;2296
21.02.2020 05:00:00;21.02.2020 06:00:00;202;36;1840;11;;277;2366
21.02.2020 06:00:00;21.02.2020 07:00:00;204;36;1926;10;;282;2458
21.02.2020 07:00:00;21.02.2020 08:00:00;204;36;2186;7;;291;2724
21.02.2020 08:00:00;21.02.2020 09:00:00;203;36;2249;5;;308;2801
21.02.2020 09:00:00;21.02.2020 10:00:00;201;35;2221;4;;304;2765
21.02.2020 10:00:00;21.02.2020 11:00:00;203;36;2092;4;;270;2605
21.02.2020 11:00:00;21.02.2020 12:00:00;198;35;1996;6;;270;2505
21.02.2020 12:00:00;21.02.2020 13:00:00;197;36;1977;26;;323;2559
21.02.2020 13:00:00;21.02.2020 14:00:00;202;36;1961;33;;351;2583
21.02.2020 14:00:00;21.02.2020 15:00:00;202;33;1943;27;;348;2553
21.02.2020 15:00:00;21.02.2020 16:00:00;200;33;1954;26;;323;2536
21.02.2020 16:00:00;21.02.2020 17:00:00;200;32;1941;27;;326;2526
21.02.2020 17:00:00;21.02.2020 18:00:00;198;32;1970;28;;323;2551
21.02.2020 18:00:00;21.02.2020 19:00:00;213;32;1965;31;;310;2551
21.02.2020 19:00:00;21.02.2020 20:00:00;213;32;1937;30;;336;2548
21.02.2020 20:00:00;21.02.2020 21:00:00;212;33;1811;27;;329;2412
21.02.2020 21:00:00;21.02.2020 22:00:00;215;33;1755;24;;348;2375
21.02.2020 22:00:00;21.02.2020 23:00:00;214;33;1766;23;;354;2390
21.02.2020 23:00:00;22.02.2020 00:00:00;213;33;1582;23;;352;2203
22.02.2020 00:00:00;22.02.2020 01:00:00;212;33;1576;22;;327;2170
22.02.2020 01:00:00;22.02.2020 02:00:00;213;33;1099;21;;335;1701
22.02.2020 02:00:00;22.02.2020 03:00:00;214;33;1022;27;;345;1641
22.02.2020 03:00:00;22.02.2020 04:00:00;214;33;1071;29;;337;1684
22.02.2020 04:00:00;22.02.2020 05:00:00;215;33;1112;30;;349;1739
22.02.2020 05:00:00;22.02.2020 06:00:00;215;33;1170;30;;367;1815
22.02.2020 06:00:00;22.02.2020 07:00:00;215;33;1432;28;;381;2089
22.02.2020 07:00:00;22.02.2020 08:00:00;216;33;1557;25;;365;2196
22.02.2020 08:00:00;22.02.2020 09:00:00;216;33;1760;29;;379;2417
22.02.2020 09:00:00;22.02.2020 10:00:00;216;34;1874;30;;383;2537
22.02.2020 10:00:00;22.02.2020 11:00:00;217;34;1931;29;;384;2595
22.02.2020 11:00:00;22.02.2020 12:00:00;214;34;1907;28;;379;2562
22.02.2020 12:00:00;22.02.2020 13:00:00;204;34;1891;30;;374;2533
22.02.2020 13:00:00;22.02.2020 14:00:00;210;33;1894;32;;361;2530
22.02.2020 14:00:00;22.02.2020 15:00:00;213;33;1903;34;;363;2546
22.02.2020 15:00:00;22.02.2020 16:00:00;210;33;1919;33;;352;2547
22.02.2020 16:00:00;22.02.2020 17:00:00;207;33;1946;30;;346;2562
22.02.2020 17:00:00;22.02.2020 18:00:00;208;33;1987;24;;329;2581
22.02.2020 18:00:00;22.02.2020 19:00:00;201;33;1962;21;;333;2550
22.02.2020 19:00:00;22.02.2020 20:00:00;201;33;1950;19;;314;2517
22.02.2020 20:00:00;22.02.2020 21:00:00;201;33;1800;20;;284;2338
22.02.2020 21:00:00;22.02.2020 22:00:00;210;33;1545;18;;244;2050
22.02.2020 22:00:00;22.02.2020 23:00:00;211;33;1527;8;;243;2022
22.02.2020 23:00:00;23.02.2020 00:00:00;211;33;1472;9;;263;1988
23.02.2020 00:00:00;23.02.2020 01:00:00;210;32;1350;7;;263;1862
23.02.2020 01:00:00;23.02.2020 02:00:00;210;32;1316;8;;242;1808
23.02.2020 02:00:00;23.02.2020 03:00:00;209;31;1318;11;;216;1785
23.02.2020 03:00:00;23.02.2020 04:00:00;209;32;1308;12;;241;1802
23.02.2020 04:00:00;23.02.2020 05:00:00;208;32;1342;10;;238;1830
23.02.2020 05:00:00;23.02.2020 06:00:00;210;32;1337;12;;218;1809
23.02.2020 06:00:00;23.02.2020 07:00:00;214;32;1322;16;;203;1787
23.02.2020 07:00:00;23.02.2020 08:00:00;213;31;1404;18;;193;1859
23.02.2020 08:00:00;23.02.2020 09:00:00;214;32;1614;19;;218;2097
23.02.2020 09:00:00;23.02.2020 10:00:00;191;31;1881;29;;231;2363
23.02.2020 10:00:00;23.02.2020 11:00:00;191;32;1885;31;;247;2386
23.02.2020 11:00:00;23.02.2020 12:00:00;191;32;1882;29;;207;2341
23.02.2020 12:00:00;23.02.2020 13:00:00;191;33;1872;28;;152;2276
23.02.2020 13:00:00;23.02.2020 14:00:00;185;32;1908;30;;135;2290
23.02.2020 14:00:00;23.02.2020 15:00:00;188;33;1887;30;;129;2267
23.02.2020 15:00:00;23.02.2020 16:00:00;175;32;1926;26;;122;2281
23.02.2020 16:00:00;23.02.2020 17:00:00;198;32;1911;25;;111;2277
23.02.2020 17:00:00;23.02.2020 18:00:00;198;33;2047;24;;104;2406
23.02.2020 18:00:00;23.02.2020 19:00:00;199;32;2175;24;;116;2546
23.02.2020 19:00:00;23.02.2020 20:00:00;196;33;2012;26;;121;2388
23.02.2020 20:00:00;23.02.2020 21:00:00;199;32;1904;31;;124;2290
23.02.2020 21:00:00;23.02.2020 22:00:00;208;33;1877;31;;120;2269
23.02.2020 22:00:00;23.02.2020 23:00:00;208;32;1876;32;;117;2265
23.02.2020 23:00:00;24.02.2020 00:00:00;209;32;1792;30;;169;2232
24.02.2020 00:00:00;24.02.2020 01:00:00;209;32;1586;33;;232;2092
24.02.2020 01:00:00;24.02.2020 02:00:00;209;32;1498;30;;240;2009
24.02.2020 02:00:00;24.02.2020 03:00:00;209;31;1601;28;;261;2130
24.02.2020 03:00:00;24.02.2020 04:00:00;211;33;1839;25;;275;2383
24.02.2020 04:00:00;24.02.2020 05:00:00;209;33;1822;28;;262;2354
24.02.2020 05:00:00;24.02.2020 06:00:00;209;33;1950;28;;232;2452
24.02.2020 06:00:00;24.02.2020 07:00:00;208;33;2099;22;;211;2573
24.02.2020 07:00:00;24.02.2020 08:00:00;208;35;2177;22;;211;2653
24.02.2020 08:00:00;24.02.2020 09:00:00;209;40;2223;22;;197;2691
24.02.2020 09:00:00;24.02.2020 10:00:00;193;39;2264;22;;195;2713
24.02.2020 10:00:00;24.02.2020 11:00:00;196;40;2252;21;;194;2703
24.02.2020 11:00:00;24.02.2020 12:00:00;195;39;2273;16;;180;2703
24.02.2020 12:00:00;24.02.2020 13:00:00;196;40;2276;23;;218;2753
24.02.2020 13:00:00;24.02.2020 14:00:00;196;39;2298;21;;230;2784
24.02.2020 14:00:00;24.02.2020 15:00:00;195;40;2351;8;;211;2805
24.02.2020 15:00:00;24.02.2020 16:00:00;195;39;2307;8;;187;2736
24.02.2020 16:00:00;24.02.2020 17:00:00;194;39;2390;10;;156;2789
24.02.2020 17:00:00;24.02.2020 18:00:00;198;40;2471;6;;161;2876
24.02.2020 18:00:00;24.02.2020 19:00:00;198;39;2636;7;;142;3022
24.02.2020 19:00:00;24.02.2020 20:00:00;199;40;2665;4;;123;3031
24.02.2020 20:00:00;24.02.2020 21:00:00;201;39;2867;1;;92;3200
24.02.2020 21:00:00;24.02.2020 22:00:00;200;39;2904;1;;74;3218
24.02.2020 22:00:00;24.02.2020 23:00:00;202;35;2925;0;;57;3219
24.02.2020 23:00:00;25.02.2020 00:00:00;203;35;2457;2;;94;2791
25.02.2020 00:00:00;25.02.2020 01:00:00;203;35;2459;1;;95;2793
25.02.2020 01:00:00;25.02.2020 02:00:00;202;35;2307;0;;92;2636
25.02.2020 02:00:00;25.02.2020 03:00:00;199;35;2252;0;;96;2582
25.02.2020 03:00:00;25.02.2020 04:00:00;199;35;2239;2;;69;2544
25.02.2020 04:00:00;25.02.2020 05:00:00;199;35;2287;1;;73;2595
25.02.2020 05:00:00;25.02.2020 06:00:00;198;35;2528;0;;51;2812
25.02.2020 06:00:00;25.02.2020 07:00:00;201;38;3059;0;;52;3350
25.02.2020 07:00:00;25.02.2020 08:00:00;198;39;3737;0;;51;4025
25.02.2020 08:00:00;25.02.2020 09:00:00;198;41;3385;1;;50;3675
25.02.2020 09:00:00;25.02.2020 10:00:00;197;41;3127;4;;53;3422
25.02.2020 10:00:00;25.02.2020 11:00:00;197;41;3319;3;;56;3616
25.02.2020 11:00:00;25.02.2020 12:00:00;199;41;3273;2;;44;3559
25.02.2020 12:00:00;25.02.2020 13:00:00;200;41;3157;4;;49;3451
25.02.2020 13:00:00;25.02.2020 14:00:00;199;40;3139;5;;65;3448
25.02.2020 14:00:00;25.02.2020 15:00:00;195;38;3200;4;;69;3506
25.02.2020 15:00:00;25.02.2020 16:00:00;187;38;3138;3;;100;3466
25.02.2020 16:00:00;25.02.2020 17:00:00;185;38;3151;1;;125;3500
25.02.2020 17:00:00;25.02.2020 18:00:00;196;41;3425;1;;125;3788
25.02.2020 18:00:00;25.02.2020 19:00:00;198;41;3295;0;;117;3651
25.02.2020 19:00:00;25.02.2020 20:00:00;201;39;3298;1;;131;3670
25.02.2020 20:00:00;25.02.2020 21:00:00;202;38;2995;2;;119;3356
25.02.2020 21:00:00;25.02.2020 22:00:00;201;38;2646;3;;115;3003
25.02.2020 22:00:00;25.02.2020 23:00:00;204;38;2594;5;;123;2964
25.02.2020 23:00:00;26.02.2020 00:00:00;203;38;2486;5;;121;2853
26.02.2020 00:00:00;26.02.2020 01:00:00;205;38;2721;5;;109;3078
26.02.2020 01:00:00;26.02.2020 02:00:00;202;38;2767;13;;114;3134
26.02.2020 02:00:00;26.02.2020 03:00:00;202;38;2827;22;;117;3206
26.02.2020 03:00:00;26.02.2020 04:00:00;204;38;2802;23;;84;3151
26.02.2020 04:00:00;26.02.2020 05:00:00;201;38;2815;21;;81;3156
26.02.2020 05:00:00;26.02.2020 06:00:00;200;38;2933;18;;75;3264
26.02.2020 06:00:00;26.02.2020 07:00:00;199;41;3349;19;;69;3677
26.02.2020 07:00:00;26.02.2020 08:00:00;199;41;3504;18;;65;3827
26.02.2020 08:00:00;26.02.2020 09:00:00;199;39;3667;14;;67;3986
26.02.2020 09:00:00;26.02.2020 10:00:00;199;39;3630;11;;87;3966
26.02.2020 10:00:00;26.02.2020 11:00:00;197;39;3568;8;;95;3907
26.02.2020 11:00:00;26.02.2020 12:00:00;195;39;3349;10;;127;3720
26.02.2020 12:00:00;26.02.2020 13:00:00;195;39;3400;10;;140;3784
26.02.2020 13:00:00;26.02.2020 14:00:00;196;39;3292;12;;163;3702
26.02.2020 14:00:00;26.02.2020 15:00:00;197;40;3238;7;;212;3694
26.02.2020 15:00:00;26.02.2020 16:00:00;200;39;3131;4;;276;3650
26.02.2020 16:00:00;26.02.2020 17:00:00;200;39;3106;3;;305;3653
26.02.2020 17:00:00;26.02.2020 18:00:00;194;40;3127;3;;309;3673
26.02.2020 18:00:00;26.02.2020 19:00:00;198;40;3229;4;;295;3766
26.02.2020 19:00:00;26.02.2020 20:00:00;198;40;3207;2;;247;3694
26.02.2020 20:00:00;26.02.2020 21:00:00;195;37;3161;0;;215;3608
26.02.2020 21:00:00;26.02.2020 22:00:00;194;37;3265;0;;185;3681
26.02.2020 22:00:00;26.02.2020 23:00:00;194;36;3411;3;;130;3774
26.02.2020 23:00:00;27.02.2020 00:00:00;193;37;3332;6;;129;3697
27.02.2020 00:00:00;27.02.2020 01:00:00;192;36;3293;3;;115;3639
27.02.2020 01:00:00;27.02.2020 02:00:00;194;36;3223;6;;120;3579
27.02.2020 02:00:00;27.02.2020 03:00:00;191;36;3193;11;;134;3565
27.02.2020 03:00:00;27.02.2020 04:00:00;192;36;3220;18;;140;3606
27.02.2020 04:00:00;27.02.2020 05:00:00;193;36;3195;20;;151;3595
27.02.2020 05:00:00;27.02.2020 06:00:00;194;36;3228;21;;193;3672
27.02.2020 06:00:00;27.02.2020 07:00:00;195;39;3454;22;;192;3902
27.02.2020 07:00:00;27.02.2020 08:00:00;194;39;3733;22;;196;4184
27.02.2020 08:00:00;27.02.2020 09:00:00;194;43;3569;23;;171;4000
27.02.2020 09:00:00;27.02.2020 10:00:00;195;43;3512;23;;191;3964
27.02.2020 10:00:00;27.02.2020 11:00:00;193;43;3687;24;;226;4173
27.02.2020 11:00:00;27.02.2020 12:00:00;192;43;3939;24;;237;4435
27.02.2020 12:00:00;27.02.2020 13:00:00;188;43;3671;25;;230;4157
27.02.2020 13:00:00;27.02.2020 14:00:00;193;43;3558;21;;216;4031
27.02.2020 14:00:00;27.02.2020 15:00:00;189;43;3583;25;;212;4052
27.02.2020 15:00:00;27.02.2020 16:00:00;193;43;3674;21;;195;4126
27.02.2020 16:00:00;27.02.2020 17:00:00;198;43;3798;25;;201;4265
27.02.2020 17:00:00;27.02.2020 18:00:00;198;43;3809;24;;205;4279
27.02.2020 18:00:00;27.02.2020 19:00:00;198;43;3871;25;;210;4347
27.02.2020 19:00:00;27.02.2020 20:00:00;201;43;3850;28;;181;4303
27.02.2020 20:00:00;27.02.2020 21:00:00;197;43;3765;27;;178;4210
27.02.2020 21:00:00;27.02.2020 22:00:00;198;43;3645;27;;177;4090
27.02.2020 22:00:00;27.02.2020 23:00:00;195;43;3592;28;;194;4052
27.02.2020 23:00:00;28.02.2020 00:00:00;195;43;3435;29;;168;3870
28.02.2020 00:00:00;28.02.2020 01:00:00;195;43;3406;26;;142;3812
28.02.2020 01:00:00;28.02.2020 02:00:00;195;43;3387;24;;113;3762
28.02.2020 02:00:00;28.02.2020 03:00:00;197;43;3494;28;;95;3857
28.02.2020 03:00:00;28.02.2020 04:00:00;194;43;3626;29;;95;3987
28.02.2020 04:00:00;28.02.2020 05:00:00;196;43;3722;30;;127;4118
28.02.2020 05:00:00;28.02.2020 06:00:00;195;43;3541;31;;161;3971
28.02.2020 06:00:00;28.02.2020 07:00:00;201;43;3631;29;;167;4071
28.02.2020 07:00:00;28.02.2020 08:00:00;202;43;3524;31;;188;3988
28.02.2020 08:00:00;28.02.2020 09:00:00;201;43;3540;30;;221;4035
28.02.2020 09:00:00;28.02.2020 10:00:00;204;43;3376;30;;223;3876
28.02.2020 10:00:00;28.02.2020 11:00:00;202;43;3346;27;;242;3860
28.02.2020 11:00:00;28.02.2020 12:00:00;203;43;3328;23;;244;3841
28.02.2020 12:00:00;28.02.2020 13:00:00;200;43;3223;17;;242;3725
28.02.2020 13:00:00;28.02.2020 14:00:00;198;39;3160;17;;238;3652
28.02.2020 14:00:00;28.02.2020 15:00:00;202;39;3161;21;;211;3634
28.02.2020 15:00:00;28.02.2020 16:00:00;198;39;3179;22;;160;3598
28.02.2020 16:00:00;28.02.2020 17:00:00;203;39;3178;17;;158;3595
28.02.2020 17:00:00;28.02.2020 18:00:00;202;39;3180;20;;145;3586
28.02.2020 18:00:00;28.02.2020 19:00:00;203;39;3242;21;;140;3645
28.02.2020 19:00:00;28.02.2020 20:00:00;212;39;3213;22;;147;3633
28.02.2020 20:00:00;28.02.2020 21:00:00;211;38;3182;22;;145;3598
28.02.2020 21:00:00;28.02.2020 22:00:00;207;38;3154;26;;139;3564
28.02.2020 22:00:00;28.02.2020 23:00:00;210;38;3340;26;;144;3758
28.02.2020 23:00:00;29.02.2020 00:00:00;213;38;3323;25;;123;3722
29.02.2020 00:00:00;29.02.2020 01:00:00;214;33;2682;22;;145;3096
29.02.2020 01:00:00;29.02.2020 02:00:00;214;33;2622;23;;145;3037
29.02.2020 02:00:00;29.02.2020 03:00:00;213;33;2639;19;;131;3035
29.02.2020 03:00:00;29.02.2020 04:00:00;205;33;2343;14;;159;2754
29.02.2020 04:00:00;29.02.2020 05:00:00;205;33;2277;6;;148;2669
29.02.2020 05:00:00;29.02.2020 06:00:00;213;33;1950;8;;146;2350
29.02.2020 06:00:00;29.02.2020 07:00:00;209;33;2028;5;;158;2433
29.02.2020 07:00:00;29.02.2020 08:00:00;210;34;2349;4;;163;2760
29.02.2020 08:00:00;29.02.2020 09:00:00;212;34;2583;4;;192;3025
29.02.2020 09:00:00;29.02.2020 10:00:00;208;35;2648;4;;246;3141
29.02.2020 10:00:00;29.02.2020 11:00:00;210;35;2655;2;;229;3131
29.02.2020 11:00:00;29.02.2020 12:00:00;197;35;2574;1;;248;3055
29.02.2020 12:00:00;29.02.2020 13:00:00;196;35;2545;1;;223;3000
29.02.2020 13:00:00;29.02.2020 14:00:00;199;35;2494;1;;219;2948
29.02.2020 14:00:00;29.02.2020 15:00:00;195;35;2469;2;;240;2941
29.02.2020 15:00:00;29.02.2020 16:00:00;196;34;2468;2;;227;2927
29.02.2020 16:00:00;29.02.2020 17:00:00;195;34;2467;5;;212;2913
29.02.2020 17:00:00;29.02.2020 18:00:00;210;34;2683;4;;211;3142
29.02.2020 18:00:00;29.02.2020 19:00:00;209;34;2750;3;;191;3187
29.02.2020 19:00:00;29.02.2020 20:00:00;209;33;2421;2;;139;2804
29.02.2020 20:00:00;29.02.2020 21:00:00;207;33;1854;1;;101;2196
29.02.2020 21:00:00;29.02.2020 22:00:00;208;33;1715;1;;100;2057
29.02.2020 22:00:00;29.02.2020 23:00:00;208;33;1780;0;;78;2099
29.02.2020 23:00:00;01.03.2020 00:00:00;211;33;1636;1;;108;1989
01.03.2020 00:00:00;01.03.2020 01:00:00;211;32;1488;1;;102;1834
01.03.2020 01:00:00;01.03.2020 02:00:00;209;32;1475;1;;72;1789
01.03.2020 02:00:00;01.03.2020 03:00:00;210;32;1489;1;;78;1810
01.03.2020 03:00:00;01.03.2020 04:00:00;197;32;1496;1;;88;1814
01.03.2020 04:00:00;01.03.2020 05:00:00;201;32;1475;1;;88;1797
01.03.2020 05:00:00;01.03.2020 06:00:00;201;32;1488;1;;90;1812
01.03.2020 06:00:00;01.03.2020 07:00:00;195;32;1531;1;;76;1835
01.03.2020 07:00:00;01.03.2020 08:00:00;198;32;1531;2;;74;1837
01.03.2020 08:00:00;01.03.2020 09:00:00;200;32;1596;5;;58;1891
01.03.2020 09:00:00;01.03.2020 10:00:00;200;32;1625;2;;53;1912
01.03.2020 10:00:00;01.03.2020 11:00:00;202;32;1675;4;;47;1960
01.03.2020 11:00:00;01.03.2020 12:00:00;200;32;1712;3;;54;2001
01.03.2020 12:00:00;01.03.2020 13:00:00;197;32;1632;3;;44;1908
01.03.2020 13:00:00;01.03.2020 14:00:00;199;32;1622;3;;37;1893
01.03.2020 14:00:00;01.03.2020 15:00:00;201;32;1599;3;;33;1868
01.03.2020 15:00:00;01.03.2020 16:00:00;198;32;1670;3;;37;1940
01.03.2020 16:00:00;01.03.2020 17:00:00;195;32;2212;2;;44;2485
01.03.2020 17:00:00;01.03.2020 18:00:00;197;32;2399;2;;40;2670
01.03.2020 18:00:00;01.03.2020 19:00:00;199;32;2463;2;;44;2740
01.03.2020 19:00:00;01.03.2020 20:00:00;200;32;2367;3;;43;2645
01.03.2020 20:00:00;01.03.2020 21:00:00;202;32;2305;2;;49;2590
01.03.2020 21:00:00;01.03.2020 22:00:00;202;32;2275;2;;55;2566
01.03.2020 22:00:00;01.03.2020 23:00:00;201;32;2244;1;;61;2539
01.03.2020 23:00:00;02.03.2020 00:00:00;203;32;2146;1;;62;2444
02.03.2020 00:00:00;02.03.2020 01:00:00;203;33;1972;1;;80;2289
02.03.2020 01:00:00;02.03.2020 02:00:00;201;33;1999;1;;79;2313
02.03.2020 02:00:00;02.03.2020 03:00:00;202;33;2082;1;;95;2413
02.03.2020 03:00:00;02.03.2020 04:00:00;201;33;2079;1;;117;2431
02.03.2020 04:00:00;02.03.2020 05:00:00;201;33;2263;1;;135;2633
02.03.2020 05:00:00;02.03.2020 06:00:00;202;33;2448;1;;134;2818
02.03.2020 06:00:00;02.03.2020 07:00:00;199;33;2772;0;;126;3130
02.03.2020 07:00:00;02.03.2020 08:00:00;202;33;3007;0;;153;3395
02.03.2020 08:00:00;02.03.2020 09:00:00;201;35;3090;1;;171;3498
02.03.2020 09:00:00;02.03.2020 10:00:00;201;36;3089;1;;164;3491
02.03.2020 10:00:00;02.03.2020 11:00:00;198;36;3034;0;;165;3433
02.03.2020 11:00:00;02.03.2020 12:00:00;196;36;2994;1;;170;3397
02.03.2020 12:00:00;02.03.2020 13:00:00;199;36;2971;1;;147;3354
02.03.2020 13:00:00;02.03.2020 14:00:00;198;36;2997;0;;134;3365
02.03.2020 14:00:00;02.03.2020 15:00:00;199;36;3017;0;;123;3375
02.03.2020 15:00:00;02.03.2020 16:00:00;198;36;2983;1;;129;3347
02.03.2020 16:00:00;02.03.2020 17:00:00;201;36;2947;1;;155;3340
02.03.2020 17:00:00;02.03.2020 18:00:00;198;36;2978;2;;178;3392
02.03.2020 18:00:00;02.03.2020 19:00:00;202;38;3011;2;;161;3414
02.03.2020 19:00:00;02.03.2020 20:00:00;198;36;2993;2;;154;3383
02.03.2020 20:00:00;02.03.2020 21:00:00;201;36;2987;2;;178;3404
02.03.2020 21:00:00;02.03.2020 22:00:00;198;36;2987;2;;185;3408
02.03.2020 22:00:00;02.03.2020 23:00:00;200;36;2883;1;;180;3300
02.03.2020 23:00:00;03.03.2020 00:00:00;200;36;2786;0;;180;3202
03.03.2020 00:00:00;03.03.2020 01:00:00;199;38;2874;1;;207;3319
03.03.2020 01:00:00;03.03.2020 02:00:00;200;38;2902;2;;202;3344
03.03.2020 02:00:00;03.03.2020 03:00:00;201;38;2920;2;;200;3361
03.03.2020 03:00:00;03.03.2020 04:00:00;202;38;2946;2;;190;3378
03.03.2020 04:00:00;03.03.2020 05:00:00;201;38;2855;2;;183;3279
03.03.2020 05:00:00;03.03.2020 06:00:00;194;38;2729;2;;159;3122
03.03.2020 06:00:00;03.03.2020 07:00:00;178;38;2741;2;;134;3093
03.03.2020 07:00:00;03.03.2020 08:00:00;182;38;2913;2;;145;3280
03.03.2020 08:00:00;03.03.2020 09:00:00;157;38;2945;3;;127;3270
03.03.2020 09:00:00;03.03.2020 10:00:00;155;38;2954;3;;126;3276
03.03.2020 10:00:00;03.03.2020 11:00:00;206;38;2942;6;;118;3310
03.03.2020 11:00:00;03.03.2020 12:00:00;204;38;2853;10;;116;3221
03.03.2020 12:00:00;03.03.2020 13:00:00;202;38;2820;24;;130;3214
03.03.2020 13:00:00;03.03.2020 14:00:00;206;38;2683;34;;147;3108
03.03.2020 14:00:00;03.03.2020 15:00:00;202;38;2619;33;;155;3047
03.03.2020 15:00:00;03.03.2020 16:00:00;197;38;2695;30;;143;3103
03.03.2020 16:00:00;03.03.2020 17:00:00;194;38;2655;28;;140;3055
03.03.2020 17:00:00;03.03.2020 18:00:00;197;38;2679;26;;143;3083
03.03.2020 18:00:00;03.03.2020 19:00:00;201;38;2982;25;;161;3407
03.03.2020 19:00:00;03.03.2020 20:00:00;200;38;2887;23;;136;3284
03.03.2020 20:00:00;03.03.2020 21:00:00;201;38;2720;24;;145;3128
03.03.2020 21:00:00;03.03.2020 22:00:00;200;38;2661;26;;160;3085
03.03.2020 22:00:00;03.03.2020 23:00:00;201;38;2606;27;;188;3060
03.03.2020 23:00:00;04.03.2020 00:00:00;203;38;2452;27;;216;2936
04.03.2020 00:00:00;04.03.2020 01:00:00;200;38;2479;27;;252;2996
04.03.2020 01:00:00;04.03.2020 02:00:00;200;38;2457;27;;256;2978
04.03.2020 02:00:00;04.03.2020 03:00:00;199;38;2489;21;;264;3011
04.03.2020 03:00:00;04.03.2020 04:00:00;202;38;2497;27;;257;3021
04.03.2020 04:00:00;04.03.2020 05:00:00;202;38;2547;25;;261;3073
04.03.2020 05:00:00;04.03.2020 06:00:00;202;38;2654;21;;252;3167
04.03.2020 06:00:00;04.03.2020 07:00:00;203;38;2587;25;;241;3094
04.03.2020 07:00:00;04.03.2020 08:00:00;203;38;2676;26;;239;3182
04.03.2020 08:00:00;04.03.2020 09:00:00;204;38;2703;25;;242;3212
04.03.2020 09:00:00;04.03.2020 10:00:00;203;38;2723;25;;265;3254
04.03.2020 10:00:00;04.03.2020 11:00:00;198;38;2724;25;;289;3274
04.03.2020 11:00:00;04.03.2020 12:00:00;200;38;2713;25;;308;3284
04.03.2020 12:00:00;04.03.2020 13:00:00;197;38;2696;24;;302;3257
04.03.2020 13:00:00;04.03.2020 14:00:00;193;38;2589;25;;310;3155
04.03.2020 14:00:00;04.03.2020 15:00:00;196;38;2644;26;;330;3234
04.03.2020 15:00:00;04.03.2020 16:00:00;196;38;2620;25;;351;3230
04.03.2020 16:00:00;04.03.2020 17:00:00;195;38;2610;29;;347;3219
04.03.2020 17:00:00;04.03.2020 18:00:00;192;38;2647;29;;344;3250
04.03.2020 18:00:00;04.03.2020 19:00:00;199;38;3137;27;;363;3764
04.03.2020 19:00:00;04.03.2020 20:00:00;200;38;2783;26;;336;3383
04.03.2020 20:00:00;04.03.2020 21:00:00;200;38;2767;29;;339;3373
04.03.2020 21:00:00;04.03.2020 22:00:00;199;38;2805;29;;328;3399
04.03.2020 22:00:00;04.03.2020 23:00:00;195;38;2706;29;;342;3310
04.03.2020 23:00:00;05.03.2020 00:00:00;200;38;2580;27;;328;3173
05.03.2020 00:00:00;05.03.2020 01:00:00;194;38;2644;24;;312;3212
05.03.2020 01:00:00;05.03.2020 02:00:00;193;38;2705;23;;296;3255
05.03.2020 02:00:00;05.03.2020 03:00:00;193;38;2714;26;;288;3259
05.03.2020 03:00:00;05.03.2020 04:00:00;192;38;2776;28;;304;3338
05.03.2020 04:00:00;05.03.2020 05:00:00;193;38;2858;27;;290;3406
05.03.2020 05:00:00;05.03.2020 06:00:00;199;38;2803;27;;280;3347
05.03.2020 06:00:00;05.03.2020 07:00:00;197;38;2769;19;;281;3304
05.03.2020 07:00:00;05.03.2020 08:00:00;197;38;2895;13;;281;3424
05.03.2020 08:00:00;05.03.2020 09:00:00;195;38;2955;19;;284;3491
05.03.2020 09:00:00;05.03.2020 10:00:00;195;38;2936;24;;286;3479
05.03.2020 10:00:00;05.03.2020 11:00:00;195;38;2949;24;;254;3460
05.03.2020 11:00:00;05.03.2020 12:00:00;196;38;2938;26;;240;3438
05.03.2020 12:00:00;05.03.2020 13:00:00;194;38;2913;24;;235;3404
05.03.2020 13:00:00;05.03.2020 14:00:00;193;38;2830;22;;216;3299
05.03.2020 14:00:00;05.03.2020 15:00:00;191;38;2849;19;;198;3295
05.03.2020 15:00:00;05.03.2020 16:00:00;185;38;2923;16;;198;3360
05.03.2020 16:00:00;05.03.2020 17:00:00;186;38;2895;13;;183;3315
05.03.2020 17:00:00;05.03.2020 18:00:00;195;38;2907;8;;181;3329
05.03.2020 18:00:00;05.03.2020 19:00:00;192;37;2928;3;;157;3317
05.03.2020 19:00:00;05.03.2020 20:00:00;193;37;3042;3;;122;3397
05.03.2020 20:00:00;05.03.2020 21:00:00;193;37;3038;2;;120;3390
05.03.2020 21:00:00;05.03.2020 22:00:00;194;37;3029;0;;108;3368
05.03.2020 22:00:00;05.03.2020 23:00:00;194;37;2918;0;;94;3243
05.03.2020 23:00:00;06.03.2020 00:00:00;196;37;2810;0;;81;3124
06.03.2020 00:00:00;06.03.2020 01:00:00;197;34;2964;0;;83;3278
06.03.2020 01:00:00;06.03.2020 02:00:00;194;34;2744;1;;87;3060
06.03.2020 02:00:00;06.03.2020 03:00:00;196;34;2895;1;;83;3209
06.03.2020 03:00:00;06.03.2020 04:00:00;195;34;2931;1;;87;3248
06.03.2020 04:00:00;06.03.2020 05:00:00;194;34;2987;1;;85;3301
06.03.2020 05:00:00;06.03.2020 06:00:00;193;34;2845;0;;78;3150
06.03.2020 06:00:00;06.03.2020 07:00:00;193;34;2914;1;;87;3229
06.03.2020 07:00:00;06.03.2020 08:00:00;194;34;3126;1;;86;3441
06.03.2020 08:00:00;06.03.2020 09:00:00;196;34;3106;2;;92;3430
06.03.2020 09:00:00;06.03.2020 10:00:00;196;34;3100;3;;97;3430
06.03.2020 10:00:00;06.03.2020 11:00:00;191;34;3175;6;;94;3500
06.03.2020 11:00:00;06.03.2020 12:00:00;191;34;3028;7;;94;3354
06.03.2020 12:00:00;06.03.2020 13:00:00;192;34;3023;8;;102;3359
06.03.2020 13:00:00;06.03.2020 14:00:00;192;34;2919;11;;119;3275
06.03.2020 14:00:00;06.03.2020 15:00:00;189;33;2808;12;;148;3190
06.03.2020 15:00:00;06.03.2020 16:00:00;193;32;2729;9;;166;3129
06.03.2020 16:00:00;06.03.2020 17:00:00;192;32;2859;8;;180;3271
06.03.2020 17:00:00;06.03.2020 18:00:00;194;32;2776;9;;184;3195
06.03.2020 18:00:00;06.03.2020 19:00:00;195;32;2806;4;;202;3239
06.03.2020 19:00:00;06.03.2020 20:00:00;214;34;2851;1;;185;3285
06.03.2020 20:00:00;06.03.2020 21:00:00;210;34;2852;0;;172;3268
06.03.2020 21:00:00;06.03.2020 22:00:00;211;34;2655;0;;164;3064
06.03.2020 22:00:00;06.03.2020 23:00:00;211;32;2798;2;;162;3205
06.03.2020 23:00:00;07.03.2020 00:00:00;213;32;2617;8;;168;3038
07.03.2020 00:00:00;07.03.2020 01:00:00;211;31;2596;3;;148;2989
07.03.2020 01:00:00;07.03.2020 02:00:00;212;31;2604;4;;143;2994
07.03.2020 02:00:00;07.03.2020 03:00:00;211;31;2603;7;;136;2988
07.03.2020 03:00:00;07.03.2020 04:00:00;213;31;2619;5;;151;3019
07.03.2020 04:00:00;07.03.2020 05:00:00;212;31;2646;3;;165;3057
07.03.2020 05:00:00;07.03.2020 06:00:00;211;31;2385;4;;165;2796
07.03.2020 06:00:00;07.03.2020 07:00:00;211;31;2422;3;;169;2836
07.03.2020 07:00:00;07.03.2020 08:00:00;211;31;2600;6;;178;3026
07.03.2020 08:00:00;07.03.2020 09:00:00;212;31;2816;7;;175;3241
07.03.2020 09:00:00;07.03.2020 10:00:00;195;31;2965;7;;166;3364
07.03.2020 10:00:00;07.03.2020 11:00:00;196;31;2999;7;;159;3392
07.03.2020 11:00:00;07.03.2020 12:00:00;197;31;2913;6;;160;3307
07.03.2020 12:00:00;07.03.2020 13:00:00;193;31;2825;3;;126;3178
07.03.2020 13:00:00;07.03.2020 14:00:00;195;31;2769;1;;115;3111
07.03.2020 14:00:00;07.03.2020 15:00:00;193;31;2759;8;;129;3120
07.03.2020 15:00:00;07.03.2020 16:00:00;192;31;2766;10;;109;3108
07.03.2020 16:00:00;07.03.2020 17:00:00;196;31;2737;15;;97;3076
07.03.2020 17:00:00;07.03.2020 18:00:00;197;31;2737;19;;131;3115
07.03.2020 18:00:00;07.03.2020 19:00:00;193;31;2631;19;;166;3040
07.03.2020 19:00:00;07.03.2020 20:00:00;198;31;2567;21;;173;2990
07.03.2020 20:00:00;07.03.2020 21:00:00;198;31;2435;22;;169;2855
07.03.2020 21:00:00;07.03.2020 22:00:00;196;31;2381;24;;156;2788
07.03.2020 22:00:00;07.03.2020 23:00:00;196;31;2332;25;;140;2724
07.03.2020 23:00:00;08.03.2020 00:00:00;197;31;2201;23;;148;2600
08.03.2020 00:00:00;08.03.2020 01:00:00;198;31;1776;22;;129;2156
08.03.2020 01:00:00;08.03.2020 02:00:00;190;31;1717;24;;90;2052
08.03.2020 02:00:00;08.03.2020 03:00:00;198;31;1655;28;;86;1998
08.03.2020 03:00:00;08.03.2020 04:00:00;196;31;1435;29;;103;1794
08.03.2020 04:00:00;08.03.2020 05:00:00;196;31;1379;30;;130;1766
08.03.2020 05:00:00;08.03.2020 06:00:00;199;31;1372;30;;143;1775
08.03.2020 06:00:00;08.03.2020 07:00:00;199;31;1402;30;;160;1822
08.03.2020 07:00:00;08.03.2020 08:00:00;196;31;1494;30;;149;1900
08.03.2020 08:00:00;08.03.2020 09:00:00;194;31;1615;29;;173;2042
08.03.2020 09:00:00;08.03.2020 10:00:00;201;31;1631;29;;198;2090
08.03.2020 10:00:00;08.03.2020 11:00:00;199;31;1745;28;;240;2243
08.03.2020 11:00:00;08.03.2020 12:00:00;200;31;1678;28;;250;2187
08.03.2020 12:00:00;08.03.2020 13:00:00;200;31;1593;28;;259;2111
08.03.2020 13:00:00;08.03.2020 14:00:00;200;31;1574;26;;274;2105
08.03.2020 14:00:00;08.03.2020 15:00:00;194;31;1497;27;;286;2035
08.03.2020 15:00:00;08.03.2020 16:00:00;194;31;1610;27;;270;2132
08.03.2020 16:00:00;08.03.2020 17:00:00;197;31;1725;27;;257;2237
08.03.2020 17:00:00;08.03.2020 18:00:00;199;31;1860;27;;245;2362
08.03.2020 18:00:00;08.03.2020 19:00:00;199;31;1955;26;;241;2452
08.03.2020 19:00:00;08.03.2020 20:00:00;195;31;1927;23;;202;2378
08.03.2020 20:00:00;08.03.2020 21:00:00;195;31;1910;19;;203;2358
08.03.2020 21:00:00;08.03.2020 22:00:00;199;31;1893;20;;165;2308
08.03.2020 22:00:00;08.03.2020 23:00:00;196;31;1806;18;;163;2214
08.03.2020 23:00:00;09.03.2020 00:00:00;197;31;1679;19;;142;2068
09.03.2020 00:00:00;09.03.2020 01:00:00;200;33;1536;15;;112;1896
09.03.2020 01:00:00;09.03.2020 02:00:00;199;33;1508;11;;108;1859
09.03.2020 02:00:00;09.03.2020 03:00:00;202;33;1533;10;;106;1884
09.03.2020 03:00:00;09.03.2020 04:00:00;202;33;1601;8;;96;1940
09.03.2020 04:00:00;09.03.2020 05:00:00;200;33;1634;7;;93;1967
09.03.2020 05:00:00;09.03.2020 06:00:00;201;33;1757;5;;118;2114
09.03.2020 06:00:00;09.03.2020 07:00:00;200;33;1886;5;;125;2249
09.03.2020 07:00:00;09.03.2020 08:00:00;201;33;2116;4;;158;2512
09.03.2020 08:00:00;09.03.2020 09:00:00;199;37;2209;7;;159;2611
09.03.2020 09:00:00;09.03.2020 10:00:00;198;36;2225;9;;170;2638
09.03.2020 10:00:00;09.03.2020 11:00:00;194;35;2161;21;;195;2606
09.03.2020 11:00:00;09.03.2020 12:00:00;198;35;2096;21;;230;2580
09.03.2020 12:00:00;09.03.2020 13:00:00;193;35;2030;27;;253;2538
09.03.2020 13:00:00;09.03.2020 14:00:00;196;35;2043;33;;269;2576
09.03.2020 14:00:00;09.03.2020 15:00:00;196;35;2029;27;;257;2544
09.03.2020 15:00:00;09.03.2020 16:00:00;198;35;2042;22;;240;2537
09.03.2020 16:00:00;09.03.2020 17:00:00;198;35;2072;18;;244;2567
09.03.2020 17:00:00;09.03.2020 18:00:00;198;35;2171;14;;247;2665
09.03.2020 18:00:00;09.03.2020 19:00:00;198;35;2167;11;;250;2661
09.03.2020 19:00:00;09.03.2020 20:00:00;198;35;2155;11;;237;2636
09.03.2020 20:00:00;09.03.2020 21:00:00;189;35;2052;24;;258;2558
09.03.2020 21:00:00;09.03.2020 22:00:00;193;35;1998;22;;261;2509
09.03.2020 22:00:00;09.03.2020 23:00:00;195;36;1899;24;;254;2408
09.03.2020 23:00:00;10.03.2020 00:00:00;193;35;1813;22;;218;2281
10.03.2020 00:00:00;10.03.2020 01:00:00;198;34;2000;20;;209;2461
10.03.2020 01:00:00;10.03.2020 02:00:00;197;34;1999;20;;277;2527
10.03.2020 02:00:00;10.03.2020 03:00:00;195;34;1984;21;;325;2559
10.03.2020 03:00:00;10.03.2020 04:00:00;200;34;1972;19;;328;2553
10.03.2020 04:00:00;10.03.2020 05:00:00;197;34;2012;8;;294;2545
10.03.2020 05:00:00;10.03.2020 06:00:00;196;34;2027;7;;333;2597
10.03.2020 06:00:00;10.03.2020 07:00:00;199;34;2346;3;;307;2889
10.03.2020 07:00:00;10.03.2020 08:00:00;200;35;2625;0;;292;3152
10.03.2020 08:00:00;10.03.2020 09:00:00;201;35;2875;4;;264;3379
10.03.2020 09:00:00;10.03.2020 10:00:00;199;35;2855;4;;250;3343
10.03.2020 10:00:00;10.03.2020 11:00:00;200;35;2669;4;;242;3150
10.03.2020 11:00:00;10.03.2020 12:00:00;200;35;2678;6;;244;3163
10.03.2020 12:00:00;10.03.2020 13:00:00;199;35;2509;4;;252;2999
10.03.2020 13:00:00;10.03.2020 14:00:00;199;35;2475;4;;260;2973
10.03.2020 14:00:00;10.03.2020 15:00:00;192;35;2390;6;;253;2876
10.03.2020 15:00:00;10.03.2020 16:00:00;187;35;2210;10;;245;2687
10.03.2020 16:00:00;10.03.2020 17:00:00;188;35;2035;13;;257;2528
10.03.2020 17:00:00;10.03.2020 18:00:00;197;35;2153;15;;257;2657
10.03.2020 18:00:00;10.03.2020 19:00:00;199;35;2160;14;;240;2648
10.03.2020 19:00:00;10.03.2020 20:00:00;196;35;2026;19;;226;2502
10.03.2020 20:00:00;10.03.2020 21:00:00;199;35;1935;28;;202;2399
10.03.2020 21:00:00;10.03.2020 22:00:00;201;35;1884;29;;160;2309
10.03.2020 22:00:00;10.03.2020 23:00:00;198;35;1826;28;;143;2230
10.03.2020 23:00:00;11.03.2020 00:00:00;199;35;1793;28;;141;2196
11.03.2020 00:00:00;11.03.2020 01:00:00;198;36;1879;29;;143;2285
11.03.2020 01:00:00;11.03.2020 02:00:00;197;36;1846;29;;157;2265
11.03.2020 02:00:00;11.03.2020 03:00:00;197;36;1866;30;;181;2310
11.03.2020 03:00:00;11.03.2020 04:00:00;195;36;1899;30;;178;2338
11.03.2020 04:00:00;11.03.2020 05:00:00;193;36;1911;30;;184;2354
11.03.2020 05:00:00;11.03.2020 06:00:00;195;36;1905;31;;190;2357
11.03.2020 06:00:00;11.03.2020 07:00:00;194;35;2014;30;;202;2475
11.03.2020 07:00:00;11.03.2020 08:00:00;198;36;2047;30;;203;2514
11.03.2020 08:00:00;11.03.2020 09:00:00;193;36;2066;30;;205;2530
11.03.2020 09:00:00;11.03.2020 10:00:00;193;36;1963;21;;221;2434
11.03.2020 10:00:00;11.03.2020 11:00:00;191;36;1941;26;;241;2435
11.03.2020 11:00:00;11.03.2020 12:00:00;194;36;1851;29;;246;2356
11.03.2020 12:00:00;11.03.2020 13:00:00;194;36;1823;32;;237;2322
11.03.2020 13:00:00;11.03.2020 14:00:00;190;36;1808;30;;230;2294
11.03.2020 14:00:00;11.03.2020 15:00:00;192;36;1801;27;;230;2286
11.03.2020 15:00:00;11.03.2020 16:00:00;194;35;1827;26;;209;2291
11.03.2020 16:00:00;11.03.2020 17:00:00;192;36;1697;25;;191;2141
11.03.2020 17:00:00;11.03.2020 18:00:00;191;36;1749;21;;191;2188
11.03.2020 18:00:00;11.03.2020 19:00:00;192;36;1905;26;;200;2359
11.03.2020 19:00:00;11.03.2020 20:00:00;193;36;1893;26;;197;2345
11.03.2020 20:00:00;11.03.2020 21:00:00;193;36;1840;25;;164;2258
11.03.2020 21:00:00;11.03.2020 22:00:00;194;36;1778;24;;166;2198
11.03.2020 22:00:00;11.03.2020 23:00:00;194;36;1714;24;;170;2138
11.03.2020 23:00:00;12.03.2020 00:00:00;196;36;1731;24;;160;2147
12.03.2020 00:00:00;12.03.2020 01:00:00;192;35;1718;23;;168;2136
12.03.2020 01:00:00;12.03.2020 02:00:00;194;35;1656;21;;167;2073
12.03.2020 02:00:00;12.03.2020 03:00:00;193;35;1633;20;;169;2050
12.03.2020 03:00:00;12.03.2020 04:00:00;189;35;1612;20;;160;2016
12.03.2020 04:00:00;12.03.2020 05:00:00;188;35;1641;19;;186;2069
12.03.2020 05:00:00;12.03.2020 06:00:00;186;35;1682;20;;186;2109
12.03.2020 06:00:00;12.03.2020 07:00:00;183;35;1855;21;;168;2262
12.03.2020 07:00:00;12.03.2020 08:00:00;183;35;1935;22;;158;2333
12.03.2020 08:00:00;12.03.2020 09:00:00;185;36;1989;18;;139;2367
12.03.2020 09:00:00;12.03.2020 10:00:00;182;35;1919;24;;153;2313
12.03.2020 10:00:00;12.03.2020 11:00:00;180;35;1899;21;;172;2307
12.03.2020 11:00:00;12.03.2020 12:00:00;182;35;1961;21;;213;2412
12.03.2020 12:00:00;12.03.2020 13:00:00;185;35;2108;21;;252;2601
12.03.2020 13:00:00;12.03.2020 14:00:00;185;35;1804;21;;270;2315
12.03.2020 14:00:00;12.03.2020 15:00:00;185;35;1790;21;;263;2294
12.03.2020 15:00:00;12.03.2020 16:00:00;184;35;1839;24;;282;2364
12.03.2020 16:00:00;12.03.2020 17:00:00;186;35;1868;25;;259;2373
12.03.2020 17:00:00;12.03.2020 18:00:00;186;35;1865;24;;252;2362
12.03.2020 18:00:00;12.03.2020 19:00:00;185;35;1896;21;;259;2396
12.03.2020 19:00:00;12.03.2020 20:00:00;187;35;1957;19;;238;2436
12.03.2020 20:00:00;12.03.2020 21:00:00;188;35;1902;20;;230;2375
12.03.2020 21:00:00;12.03.2020 22:00:00;188;35;1889;22;;249;2383
12.03.2020 22:00:00;12.03.2020 23:00:00;191;35;1897;9;;304;2436
12.03.2020 23:00:00;13.03.2020 00:00:00;192;35;1899;4;;345;2475
13.03.2020 00:00:00;13.03.2020 01:00:00;192;36;1812;2;;375;2417
13.03.2020 01:00:00;13.03.2020 02:00:00;195;36;1762;1;;390;2384
13.03.2020 02:00:00;13.03.2020 03:00:00;194;36;1750;6;;381;2367
13.03.2020 03:00:00;13.03.2020 04:00:00;195;36;1753;15;;374;2373
13.03.2020 04:00:00;13.03.2020 05:00:00;196;36;1779;12;;342;2365
13.03.2020 05:00:00;13.03.2020 06:00:00;194;36;1828;10;;298;2366
13.03.2020 06:00:00;13.03.2020 07:00:00;192;36;1862;3;;246;2339
13.03.2020 07:00:00;13.03.2020 08:00:00;197;35;1988;0;;195;2415
13.03.2020 08:00:00;13.03.2020 09:00:00;193;36;2013;0;;165;2407
13.03.2020 09:00:00;13.03.2020 10:00:00;196;35;1936;1;;177;2345
13.03.2020 10:00:00;13.03.2020 11:00:00;195;35;1970;4;;175;2379
13.03.2020 11:00:00;13.03.2020 12:00:00;197;35;1977;16;;174;2399
13.03.2020 12:00:00;13.03.2020 13:00:00;195;35;1967;17;;171;2385
13.03.2020 13:00:00;13.03.2020 14:00:00;193;34;1916;17;;143;2303
13.03.2020 14:00:00;13.03.2020 15:00:00;193;31;1927;14;;146;2311
13.03.2020 15:00:00;13.03.2020 16:00:00;187;31;1993;11;;173;2395
13.03.2020 16:00:00;13.03.2020 17:00:00;188;31;1982;19;;174;2394
13.03.2020 17:00:00;13.03.2020 18:00:00;190;31;2041;16;;213;2491
13.03.2020 18:00:00;13.03.2020 19:00:00;192;31;2131;17;;245;2616
13.03.2020 19:00:00;13.03.2020 20:00:00;189;31;2056;17;;271;2564
13.03.2020 20:00:00;13.03.2020 21:00:00;194;31;2038;14;;309;2586
13.03.2020 21:00:00;13.03.2020 22:00:00;195;31;2040;17;;310;2593
13.03.2020 22:00:00;13.03.2020 23:00:00;195;31;1987;18;;325;2556
13.03.2020 23:00:00;14.03.2020 00:00:00;195;31;2001;22;;312;2561
14.03.2020 00:00:00;14.03.2020 01:00:00;215;31;2219;19;;289;2773
14.03.2020 01:00:00;14.03.2020 02:00:00;217;30;2190;15;;259;2711
14.03.2020 02:00:00;14.03.2020 03:00:00;216;30;2165;12;;237;2660
14.03.2020 03:00:00;14.03.2020 04:00:00;214;30;2221;8;;206;2679
14.03.2020 04:00:00;14.03.2020 05:00:00;217;30;2349;7;;196;2799
14.03.2020 05:00:00;14.03.2020 06:00:00;211;30;2317;4;;196;2758
14.03.2020 06:00:00;14.03.2020 07:00:00;214;30;2235;3;;194;2676
14.03.2020 07:00:00;14.03.2020 08:00:00;214;30;2356;4;;187;2791
14.03.2020 08:00:00;14.03.2020 09:00:00;213;30;2489;4;;169;2905
14.03.2020 09:00:00;14.03.2020 10:00:00;211;30;2657;5;;163;3066
14.03.2020 10:00:00;14.03.2020 11:00:00;211;30;2740;2;;150;3133
14.03.2020 11:00:00;14.03.2020 12:00:00;208;30;2678;2;;103;3021
14.03.2020 12:00:00;14.03.2020 13:00:00;206;30;2590;1;;125;2952
14.03.2020 13:00:00;14.03.2020 14:00:00;206;30;2488;5;;130;2859
14.03.2020 14:00:00;14.03.2020 15:00:00;207;30;2443;23;;142;2845
14.03.2020 15:00:00;14.03.2020 16:00:00;209;30;2562;33;;142;2976
14.03.2020 16:00:00;14.03.2020 17:00:00;210;30;2524;34;;185;2983
14.03.2020 17:00:00;14.03.2020 18:00:00;210;29;2458;32;;233;2962
14.03.2020 18:00:00;14.03.2020 19:00:00;208;29;2374;30;;253;2894
14.03.2020 19:00:00;14.03.2020 20:00:00;207;29;2248;18;;296;2798
14.03.2020 20:00:00;14.03.2020 21:00:00;214;29;2067;15;;303;2628
14.03.2020 21:00:00;14.03.2020 22:00:00;213;29;1912;9;;332;2495
14.03.2020 22:00:00;14.03.2020 23:00:00;214;29;1823;9;;352;2427
14.03.2020 23:00:00;15.03.2020 00:00:00;213;29;1788;27;;386;2443
15.03.2020 00:00:00;15.03.2020 01:00:00;214;29;1811;25;;386;2465
15.03.2020 01:00:00;15.03.2020 02:00:00;214;29;1794;21;;386;2444
15.03.2020 02:00:00;15.03.2020 03:00:00;209;29;1748;28;;373;2387
15.03.2020 03:00:00;15.03.2020 04:00:00;214;29;1767;32;;384;2426
15.03.2020 04:00:00;15.03.2020 05:00:00;216;29;1747;26;;385;2403
15.03.2020 05:00:00;15.03.2020 06:00:00;216;29;1493;26;;374;2138
15.03.2020 06:00:00;15.03.2020 07:00:00;214;29;1315;28;;334;1920
15.03.2020 07:00:00;15.03.2020 08:00:00;214;29;1284;20;;271;1818
15.03.2020 08:00:00;15.03.2020 09:00:00;215;29;1362;17;;231;1854
15.03.2020 09:00:00;15.03.2020 10:00:00;216;29;1623;11;;236;2115
15.03.2020 10:00:00;15.03.2020 11:00:00;216;30;1832;0;;244;2322
15.03.2020 11:00:00;15.03.2020 12:00:00;217;30;1814;6;;220;2287
15.03.2020 12:00:00;15.03.2020 13:00:00;215;30;1835;2;;188;2270
15.03.2020 13:00:00;15.03.2020 14:00:00;216;30;1831;2;;176;2255
15.03.2020 14:00:00;15.03.2020 15:00:00;212;30;1813;3;;174;2232
15.03.2020 15:00:00;15.03.2020 16:00:00;214;30;1807;6;;167;2224
15.03.2020 16:00:00;15.03.2020 17:00:00;212;30;1806;5;;149;2202
15.03.2020 17:00:00;15.03.2020 18:00:00;215;30;1903;3;;135;2286
15.03.2020 18:00:00;15.03.2020 19:00:00;217;30;1954;1;;127;2329
15.03.2020 19:00:00;15.03.2020 20:00:00;217;30;1921;0;;85;2253
15.03.2020 20:00:00;15.03.2020 21:00:00;215;30;1888;3;;89;2225
15.03.2020 21:00:00;15.03.2020 22:00:00;216;30;1852;8;;66;2172
15.03.2020 22:00:00;15.03.2020 23:00:00;217;30;1794;9;;70;2120
15.03.2020 23:00:00;16.03.2020 00:00:00;217;30;1766;3;;65;2081
16.03.2020 00:00:00;16.03.2020 01:00:00;217;29;1502;11;;165;1924
16.03.2020 01:00:00;16.03.2020 02:00:00;216;29;1665;27;;190;2127
16.03.2020 02:00:00;16.03.2020 03:00:00;216;29;1750;23;;185;2203
16.03.2020 03:00:00;16.03.2020 04:00:00;215;29;1790;25;;183;2242
16.03.2020 04:00:00;16.03.2020 05:00:00;216;29;1815;22;;185;2267
16.03.2020 05:00:00;16.03.2020 06:00:00;218;29;1835;16;;179;2277
16.03.2020 06:00:00;16.03.2020 07:00:00;217;29;1945;18;;152;2361
16.03.2020 07:00:00;16.03.2020 08:00:00;215;29;2393;12;;166;2815
16.03.2020 08:00:00;16.03.2020 09:00:00;215;34;2526;8;;248;3031
16.03.2020 09:00:00;16.03.2020 10:00:00;216;34;2562;9;;316;3137
16.03.2020 10:00:00;16.03.2020 11:00:00;211;34;2631;21;;331;3228
16.03.2020 11:00:00;16.03.2020 12:00:00;214;34;2675;27;;329;3279
16.03.2020 12:00:00;16.03.2020 13:00:00;215;34;2727;30;;349;3355
16.03.2020 13:00:00;16.03.2020 14:00:00;211;34;2720;25;;349;3339
16.03.2020 14:00:00;16.03.2020 15:00:00;209;34;2708;29;;385;3365
16.03.2020 15:00:00;16.03.2020 16:00:00;209;34;2662;29;;385;3319
16.03.2020 16:00:00;16.03.2020 17:00:00;211;34;2560;28;;414;3247
16.03.2020 17:00:00;16.03.2020 18:00:00;210;34;2470;25;;376;3115
16.03.2020 18:00:00;16.03.2020 19:00:00;212;34;2464;23;;319;3052
16.03.2020 19:00:00;16.03.2020 20:00:00;211;34;2350;22;;328;2945
16.03.2020 20:00:00;16.03.2020 21:00:00;209;34;2222;20;;300;2785
16.03.2020 21:00:00;16.03.2020 22:00:00;210;34;2128;9;;247;2628
16.03.2020 22:00:00;16.03.2020 23:00:00;210;33;2196;3;;238;2680
16.03.2020 23:00:00;17.03.2020 00:00:00;204;33;2110;5;;228;2580
17.03.2020 00:00:00;17.03.2020 01:00:00;208;33;1918;7;;210;2376
17.03.2020 01:00:00;17.03.2020 02:00:00;205;32;1883;15;;217;2352
17.03.2020 02:00:00;17.03.2020 03:00:00;207;33;1888;21;;192;2341
17.03.2020 03:00:00;17.03.2020 04:00:00;211;32;1880;30;;197;2350
17.03.2020 04:00:00;17.03.2020 05:00:00;209;33;1886;29;;197;2354
17.03.2020 05:00:00;17.03.2020 06:00:00;211;32;1885;26;;205;2359
17.03.2020 06:00:00;17.03.2020 07:00:00;212;33;1893;26;;213;2377
17.03.2020 07:00:00;17.03.2020 08:00:00;213;32;1895;26;;210;2376
17.03.2020 08:00:00;17.03.2020 09:00:00;214;32;1938;26;;193;2403
17.03.2020 09:00:00;17.03.2020 10:00:00;213;32;1974;26;;169;2414
17.03.2020 10:00:00;17.03.2020 11:00:00;213;32;1964;25;;146;2380
17.03.2020 11:00:00;17.03.2020 12:00:00;214;32;1947;24;;144;2361
17.03.2020 12:00:00;17.03.2020 13:00:00;212;32;1894;21;;140;2299
17.03.2020 13:00:00;17.03.2020 14:00:00;214;32;1906;14;;157;2323
17.03.2020 14:00:00;17.03.2020 15:00:00;211;33;1945;11;;170;2370
17.03.2020 15:00:00;17.03.2020 16:00:00;216;33;1929;14;;156;2348
17.03.2020 16:00:00;17.03.2020 17:00:00;217;33;1861;16;;154;2281
17.03.2020 17:00:00;17.03.2020 18:00:00;216;33;1851;12;;128;2240
17.03.2020 18:00:00;17.03.2020 19:00:00;218;33;1916;11;;117;2295
17.03.2020 19:00:00;17.03.2020 20:00:00;219;32;1902;14;;126;2293
17.03.2020 20:00:00;17.03.2020 21:00:00;217;32;1901;12;;144;2306
17.03.2020 21:00:00;17.03.2020 22:00:00;220;32;1923;17;;164;2356
17.03.2020 22:00:00;17.03.2020 23:00:00;219;32;1900;16;;163;2330
17.03.2020 23:00:00;18.03.2020 00:00:00;218;32;1833;3;;145;2231
18.03.2020 00:00:00;18.03.2020 01:00:00;198;31;1773;9;;149;2160
18.03.2020 01:00:00;18.03.2020 02:00:00;197;31;1723;18;;158;2127
18.03.2020 02:00:00;18.03.2020 03:00:00;200;31;1740;11;;167;2149
18.03.2020 03:00:00;18.03.2020 04:00:00;195;31;1754;10;;151;2141
18.03.2020 04:00:00;18.03.2020 05:00:00;198;31;1728;13;;143;2113
18.03.2020 05:00:00;18.03.2020 06:00:00;195;31;1731;10;;129;2096
18.03.2020 06:00:00;18.03.2020 07:00:00;192;31;1790;10;;124;2147
18.03.2020 07:00:00;18.03.2020 08:00:00;191;31;1963;6;;144;2335
18.03.2020 08:00:00;18.03.2020 09:00:00;192;32;2278;8;;155;2665
18.03.2020 09:00:00;18.03.2020 10:00:00;192;32;2396;9;;189;2818
18.03.2020 10:00:00;18.03.2020 11:00:00;191;32;2445;8;;159;2835
18.03.2020 11:00:00;18.03.2020 12:00:00;190;32;2450;10;;180;2862
18.03.2020 12:00:00;18.03.2020 13:00:00;187;32;2293;11;;129;2652
18.03.2020 13:00:00;18.03.2020 14:00:00;190;32;2315;2;;127;2666
18.03.2020 14:00:00;18.03.2020 15:00:00;190;33;2283;2;;119;2627
18.03.2020 15:00:00;18.03.2020 16:00:00;193;33;2274;1;;128;2629
18.03.2020 16:00:00;18.03.2020 17:00:00;191;33;2292;2;;136;2654
18.03.2020 17:00:00;18.03.2020 18:00:00;191;33;2265;3;;171;2663
18.03.2020 18:00:00;18.03.2020 19:00:00;189;32;2181;2;;199;2603
18.03.2020 19:00:00;18.03.2020 20:00:00;191;32;2006;1;;230;2460
18.03.2020 20:00:00;18.03.2020 21:00:00;190;32;1975;0;;304;2501
18.03.2020 21:00:00;18.03.2020 22:00:00;188;32;2045;1;;340;2606
18.03.2020 22:00:00;18.03.2020 23:00:00;186;32;1848;6;;321;2393
18.03.2020 23:00:00;19.03.2020 00:00:00;188;32;1849;6;;317;2392
19.03.2020 00:00:00;19.03.2020 01:00:00;190;34;1868;10;;324;2426
19.03.2020 01:00:00;19.03.2020 02:00:00;191;34;1874;20;;310;2429
19.03.2020 02:00:00;19.03.2020 03:00:00;190;34;1867;16;;305;2412
19.03.2020 03:00:00;19.03.2020 04:00:00;190;34;1873;9;;253;2359
19.03.2020 04:00:00;19.03.2020 05:00:00;190;34;1868;9;;229;2330
19.03.2020 05:00:00;19.03.2020 06:00:00;190;34;1910;14;;237;2385
19.03.2020 06:00:00;19.03.2020 07:00:00;193;34;1952;14;;200;2393
19.03.2020 07:00:00;19.03.2020 08:00:00;193;34;2014;13;;167;2421
19.03.2020 08:00:00;19.03.2020 09:00:00;192;33;2101;7;;153;2486
19.03.2020 09:00:00;19.03.2020 10:00:00;192;33;2120;3;;131;2479
19.03.2020 10:00:00;19.03.2020 11:00:00;194;33;2057;3;;137;2424
19.03.2020 11:00:00;19.03.2020 12:00:00;193;33;2046;3;;149;2424
19.03.2020 12:00:00;19.03.2020 13:00:00;195;33;2078;3;;176;2485
19.03.2020 13:00:00;19.03.2020 14:00:00;197;33;2038;3;;191;2462
19.03.2020 14:00:00;19.03.2020 15:00:00;196;33;2052;2;;201;2484
19.03.2020 15:00:00;19.03.2020 16:00:00;195;33;2066;1;;216;2511
19.03.2020 16:00:00;19.03.2020 17:00:00;196;33;2064;1;;193;2487
19.03.2020 17:00:00;19.03.2020 18:00:00;199;33;2131;1;;199;2563
19.03.2020 18:00:00;19.03.2020 19:00:00;196;33;2518;2;;163;2912
19.03.2020 19:00:00;19.03.2020 20:00:00;194;33;2372;3;;157;2759
19.03.2020 20:00:00;19.03.2020 21:00:00;193;33;2503;2;;158;2889
19.03.2020 21:00:00;19.03.2020 22:00:00;193;32;2445;4;;151;2825
19.03.2020 22:00:00;19.03.2020 23:00:00;195;32;2430;5;;169;2831
19.03.2020 23:00:00;20.03.2020 00:00:00;196;32;2428;3;;153;2812
20.03.2020 00:00:00;20.03.2020 01:00:00;196;33;2548;7;;162;2946
20.03.2020 01:00:00;20.03.2020 02:00:00;198;33;2427;11;;175;2844
20.03.2020 02:00:00;20.03.2020 03:00:00;196;33;2527;9;;194;2959
20.03.2020 03:00:00;20.03.2020 04:00:00;197;33;2653;9;;181;3073
20.03.2020 04:00:00;20.03.2020 05:00:00;195;33;2523;11;;185;2947
20.03.2020 05:00:00;20.03.2020 06:00:00;195;33;2408;10;;178;2824
20.03.2020 06:00:00;20.03.2020 07:00:00;196;33;2567;14;;193;3003
20.03.2020 07:00:00;20.03.2020 08:00:00;196;33;2867;14;;179;3289
20.03.2020 08:00:00;20.03.2020 09:00:00;196;33;3024;9;;185;3447
20.03.2020 09:00:00;20.03.2020 10:00:00;195;33;3049;5;;166;3448
20.03.2020 10:00:00;20.03.2020 11:00:00;197;33;3004;3;;131;3368
20.03.2020 11:00:00;20.03.2020 12:00:00;198;33;2886;7;;132;3256
20.03.2020 12:00:00;20.03.2020 13:00:00;197;32;2856;3;;125;3213
20.03.2020 13:00:00;20.03.2020 14:00:00;197;31;2751;0;;132;3111
20.03.2020 14:00:00;20.03.2020 15:00:00;198;29;2709;9;;135;3080
20.03.2020 15:00:00;20.03.2020 16:00:00;199;28;2555;11;;146;2939
20.03.2020 16:00:00;20.03.2020 17:00:00;193;28;2462;16;;142;2841
20.03.2020 17:00:00;20.03.2020 18:00:00;198;29;2586;23;;148;2984
20.03.2020 18:00:00;20.03.2020 19:00:00;198;28;2672;22;;160;3080
20.03.2020 19:00:00;20.03.2020 20:00:00;202;28;2656;22;;163;3071
20.03.2020 20:00:00;20.03.2020 21:00:00;199;28;2426;22;;162;2837
20.03.2020 21:00:00;20.03.2020 22:00:00;196;28;2394;19;;150;2787
20.03.2020 22:00:00;20.03.2020 23:00:00;196;28;2375;14;;134;2747
20.03.2020 23:00:00;21.03.2020 00:00:00;198;28;2355;7;;141;2729
21.03.2020 00:00:00;21.03.2020 01:00:00;195;29;2310;2;;125;2661
21.03.2020 01:00:00;21.03.2020 02:00:00;199;29;2216;4;;134;2582
21.03.2020 02:00:00;21.03.2020 03:00:00;200;29;2215;3;;144;2591
21.03.2020 03:00:00;21.03.2020 04:00:00;200;29;2234;2;;169;2634
21.03.2020 04:00:00;21.03.2020 05:00:00;199;29;2229;4;;171;2632
21.03.2020 05:00:00;21.03.2020 06:00:00;199;29;2196;5;;189;2618
21.03.2020 06:00:00;21.03.2020 07:00:00;199;29;2178;7;;204;2617
21.03.2020 07:00:00;21.03.2020 08:00:00;194;29;2211;8;;215;2657
21.03.2020 08:00:00;21.03.2020 09:00:00;193;29;2295;9;;237;2763
21.03.2020 09:00:00;21.03.2020 10:00:00;196;29;2287;5;;227;2744
21.03.2020 10:00:00;21.03.2020 11:00:00;197;29;2196;5;;251;2678
21.03.2020 11:00:00;21.03.2020 12:00:00;197;29;2125;6;;272;2629
21.03.2020 12:00:00;21.03.2020 13:00:00;197;29;2062;4;;305;2597
21.03.2020 13:00:00;21.03.2020 14:00:00;197;29;1931;5;;326;2488
21.03.2020 14:00:00;21.03.2020 15:00:00;194;29;1871;12;;337;2443
21.03.2020 15:00:00;21.03.2020 16:00:00;194;29;1952;19;;347;2541
21.03.2020 16:00:00;21.03.2020 17:00:00;197;29;2250;17;;350;2843
21.03.2020 17:00:00;21.03.2020 18:00:00;199;29;2565;25;;361;3179
21.03.2020 18:00:00;21.03.2020 19:00:00;200;29;2872;24;;362;3487
21.03.2020 19:00:00;21.03.2020 20:00:00;199;29;2894;27;;362;3511
21.03.2020 20:00:00;21.03.2020 21:00:00;198;29;2638;20;;360;3245
21.03.2020 21:00:00;21.03.2020 22:00:00;201;29;2495;16;;367;3108
21.03.2020 22:00:00;21.03.2020 23:00:00;199;29;2479;15;;355;3077
21.03.2020 23:00:00;22.03.2020 00:00:00;199;29;2425;9;;340;3002
22.03.2020 00:00:00;22.03.2020 01:00:00;199;29;2299;20;;353;2900
22.03.2020 01:00:00;22.03.2020 02:00:00;197;29;2197;21;;362;2806
22.03.2020 02:00:00;22.03.2020 03:00:00;199;29;1994;17;;357;2596
22.03.2020 03:00:00;22.03.2020 04:00:00;199;29;1922;19;;352;2521
22.03.2020 04:00:00;22.03.2020 05:00:00;198;29;1753;12;;343;2335
22.03.2020 05:00:00;22.03.2020 06:00:00;197;29;1747;12;;350;2335
22.03.2020 06:00:00;22.03.2020 07:00:00;199;29;1682;16;;360;2286
22.03.2020 07:00:00;22.03.2020 08:00:00;199;29;1593;28;;373;2222
22.03.2020 08:00:00;22.03.2020 09:00:00;198;29;1705;30;;372;2334
22.03.2020 09:00:00;22.03.2020 10:00:00;196;28;1739;32;;379;2374
22.03.2020 10:00:00;22.03.2020 11:00:00;198;29;1542;27;;378;2174
22.03.2020 11:00:00;22.03.2020 12:00:00;196;29;1501;25;;375;2126
22.03.2020 12:00:00;22.03.2020 13:00:00;197;29;1543;30;;361;2160
22.03.2020 13:00:00;22.03.2020 14:00:00;199;29;1476;34;;393;2131
22.03.2020 14:00:00;22.03.2020 15:00:00;198;29;1533;31;;395;2186
22.03.2020 15:00:00;22.03.2020 16:00:00;201;29;1578;29;;400;2237
22.03.2020 16:00:00;22.03.2020 17:00:00;201;29;1629;30;;394;2283
22.03.2020 17:00:00;22.03.2020 18:00:00;199;29;1916;32;;384;2560
22.03.2020 18:00:00;22.03.2020 19:00:00;195;29;2100;32;;382;2738
22.03.2020 19:00:00;22.03.2020 20:00:00;199;29;2308;26;;384;2946
22.03.2020 20:00:00;22.03.2020 21:00:00;193;29;2359;22;;399;3002
22.03.2020 21:00:00;22.03.2020 22:00:00;194;29;2363;12;;399;2997
22.03.2020 22:00:00;22.03.2020 23:00:00;196;29;2345;16;;381;2967
22.03.2020 23:00:00;23.03.2020 00:00:00;198;29;2158;11;;381;2777
23.03.2020 00:00:00;23.03.2020 01:00:00;193;29;2195;11;;375;2803
23.03.2020 01:00:00;23.03.2020 02:00:00;198;29;2112;11;;370;2720
23.03.2020 02:00:00;23.03.2020 03:00:00;198;29;2156;14;;369;2766
23.03.2020 03:00:00;23.03.2020 04:00:00;200;29;2214;10;;352;2805
23.03.2020 04:00:00;23.03.2020 05:00:00;198;29;2274;7;;341;2849
23.03.2020 05:00:00;23.03.2020 06:00:00;200;29;2429;8;;324;2990
23.03.2020 06:00:00;23.03.2020 07:00:00;200;29;2476;6;;311;3022
23.03.2020 07:00:00;23.03.2020 08:00:00;201;29;2572;5;;315;3122
23.03.2020 08:00:00;23.03.2020 09:00:00;201;30;2593;18;;323;3165
23.03.2020 09:00:00;23.03.2020 10:00:00;201;32;2391;21;;337;2982
23.03.2020 10:00:00;23.03.2020 11:00:00;200;33;2427;26;;341;3027
23.03.2020 11:00:00;23.03.2020 12:00:00;201;33;2405;21;;353;3013
23.03.2020 12:00:00;23.03.2020 13:00:00;201;33;2365;25;;354;2978
23.03.2020 13:00:00;23.03.2020 14:00:00;201;33;2368;27;;366;2995
23.03.2020 14:00:00;23.03.2020 15:00:00;200;33;2407;27;;363;3030
23.03.2020 15:00:00;23.03.2020 16:00:00;202;33;2401;28;;382;3046
23.03.2020 16:00:00;23.03.2020 17:00:00;200;33;2401;29;;387;3050
23.03.2020 17:00:00;23.03.2020 18:00:00;199;33;2418;28;;387;3065
23.03.2020 18:00:00;23.03.2020 19:00:00;200;33;2330;28;;383;2974
23.03.2020 19:00:00;23.03.2020 20:00:00;198;34;2287;27;;386;2932
23.03.2020 20:00:00;23.03.2020 21:00:00;197;34;2252;27;;389;2899
23.03.2020 21:00:00;23.03.2020 22:00:00;200;34;2246;27;;381;2888
23.03.2020 22:00:00;23.03.2020 23:00:00;200;34;2223;26;;377;2860
23.03.2020 23:00:00;24.03.2020 00:00:00;200;34;2073;27;;381;2715
24.03.2020 00:00:00;24.03.2020 01:00:00;204;35;1867;27;;393;2526
24.03.2020 01:00:00;24.03.2020 02:00:00;205;36;1727;28;;399;2395
24.03.2020 02:00:00;24.03.2020 03:00:00;202;35;1670;25;;390;2322
24.03.2020 03:00:00;24.03.2020 04:00:00;206;36;1728;24;;381;2375
24.03.2020 04:00:00;24.03.2020 05:00:00;204;35;1895;25;;392;2551
24.03.2020 05:00:00;24.03.2020 06:00:00;205;35;2092;27;;392;2751
24.03.2020 06:00:00;24.03.2020 07:00:00;204;35;2114;27;;398;2778
24.03.2020 07:00:00;24.03.2020 08:00:00;202;35;2180;28;;399;2844
24.03.2020 08:00:00;24.03.2020 09:00:00;204;35;2212;30;;394;2875
24.03.2020 09:00:00;24.03.2020 10:00:00;202;35;2224;30;;390;2881
24.03.2020 10:00:00;24.03.2020 11:00:00;200;35;2266;31;;373;2905
24.03.2020 11:00:00;24.03.2020 12:00:00;202;36;2303;14;;367;2922
24.03.2020 12:00:00;24.03.2020 13:00:00;201;36;2307;22;;384;2950
24.03.2020 13:00:00;24.03.2020 14:00:00;203;36;2271;25;;386;2921
24.03.2020 14:00:00;24.03.2020 15:00:00;206;36;2231;22;;375;2870
24.03.2020 15:00:00;24.03.2020 16:00:00;204;37;2244;18;;350;2853
24.03.2020 16:00:00;24.03.2020 17:00:00;204;38;2244;13;;360;2859
24.03.2020 17:00:00;24.03.2020 18:00:00;195;37;2230;8;;355;2825
24.03.2020 18:00:00;24.03.2020 19:00:00;189;38;2250;16;;360;2853
24.03.2020 19:00:00;24.03.2020 20:00:00;201;37;2186;19;;356;2799
24.03.2020 20:00:00;24.03.2020 21:00:00;203;38;2134;19;;331;2725
24.03.2020 21:00:00;24.03.2020 22:00:00;203;38;2184;9;;346;2780
24.03.2020 22:00:00;24.03.2020 23:00:00;201;37;2058;12;;330;2638
24.03.2020 23:00:00;25.03.2020 00:00:00;201;38;1778;9;;304;2330
25.03.2020 00:00:00;25.03.2020 01:00:00;200;38;2064;7;;284;2593
25.03.2020 01:00:00;25.03.2020 02:00:00;201;38;1933;5;;277;2454
25.03.2020 02:00:00;25.03.2020 03:00:00;202;38;1900;2;;285;2427
25.03.2020 03:00:00;25.03.2020 04:00:00;201;38;1915;1;;261;2416
25.03.2020 04:00:00;25.03.2020 05:00:00;202;38;2069;1;;265;2575
25.03.2020 05:00:00;25.03.2020 06:00:00;201;38;2212;9;;272;2732
25.03.2020 06:00:00;25.03.2020 07:00:00;197;38;2155;13;;281;2684
25.03.2020 07:00:00;25.03.2020 08:00:00;200;38;2210;13;;287;2748
25.03.2020 08:00:00;25.03.2020 09:00:00;201;38;2236;13;;283;2771
25.03.2020 09:00:00;25.03.2020 10:00:00;201;39;2241;12;;291;2784
25.03.2020 10:00:00;25.03.2020 11:00:00;200;39;2264;16;;347;2866
25.03.2020 11:00:00;25.03.2020 12:00:00;203;39;2259;10;;350;2861
25.03.2020 12:00:00;25.03.2020 13:00:00;194;39;2340;13;;361;2947
25.03.2020 13:00:00;25.03.2020 14:00:00;201;39;2333;13;;357;2943
25.03.2020 14:00:00;25.03.2020 15:00:00;199;39;2339;15;;327;2919
25.03.2020 15:00:00;25.03.2020 16:00:00;199;39;2349;17;;321;2925
25.03.2020 16:00:00;25.03.2020 17:00:00;196;39;2398;16;;317;2966
25.03.2020 17:00:00;25.03.2020 18:00:00;198;39;2550;20;;340;3147
25.03.2020 18:00:00;25.03.2020 19:00:00;201;39;2547;17;;336;3140
25.03.2020 19:00:00;25.03.2020 20:00:00;199;39;2612;16;;321;3187
25.03.2020 20:00:00;25.03.2020 21:00:00;203;39;2627;16;;318;3203
25.03.2020 21:00:00;25.03.2020 22:00:00;204;39;2639;17;;328;3227
25.03.2020 22:00:00;25.03.2020 23:00:00;203;39;2653;19;;333;3247
25.03.2020 23:00:00;26.03.2020 00:00:00;203;39;2577;22;;321;3162
26.03.2020 00:00:00;26.03.2020 01:00:00;202;43;2652;21;;320;3238
26.03.2020 01:00:00;26.03.2020 02:00:00;203;42;2651;15;;312;3223
26.03.2020 02:00:00;26.03.2020 03:00:00;201;42;2650;11;;294;3198
26.03.2020 03:00:00;26.03.2020 04:00:00;201;42;2689;7;;266;3205
26.03.2020 04:00:00;26.03.2020 05:00:00;202;42;2673;6;;244;3167
26.03.2020 05:00:00;26.03.2020 06:00:00;200;42;2664;3;;253;3162
26.03.2020 06:00:00;26.03.2020 07:00:00;202;42;2761;2;;274;3281
26.03.2020 07:00:00;26.03.2020 08:00:00;200;42;2777;6;;304;3329
26.03.2020 08:00:00;26.03.2020 09:00:00;201;41;2814;10;;311;3377
26.03.2020 09:00:00;26.03.2020 10:00:00;198;42;2838;9;;315;3402
26.03.2020 10:00:00;26.03.2020 11:00:00;202;42;2769;20;;319;3352
26.03.2020 11:00:00;26.03.2020 12:00:00;201;42;2728;24;;332;3327
26.03.2020 12:00:00;26.03.2020 13:00:00;201;42;2731;22;;344;3340
26.03.2020 13:00:00;26.03.2020 14:00:00;201;42;2719;19;;361;3342
26.03.2020 14:00:00;26.03.2020 15:00:00;198;42;2713;26;;373;3352
26.03.2020 15:00:00;26.03.2020 16:00:00;200;42;2694;27;;381;3344
26.03.2020 16:00:00;26.03.2020 17:00:00;203;42;2688;29;;388;3350
26.03.2020 17:00:00;26.03.2020 18:00:00;204;42;2681;32;;383;3342
26.03.2020 18:00:00;26.03.2020 19:00:00;204;42;2686;31;;400;3363
26.03.2020 19:00:00;26.03.2020 20:00:00;204;42;2672;31;;415;3364
26.03.2020 20:00:00;26.03.2020 21:00:00;202;42;2621;18;;407;3290
26.03.2020 21:00:00;26.03.2020 22:00:00;201;42;2622;17;;401;3283
26.03.2020 22:00:00;26.03.2020 23:00:00;203;42;2593;12;;409;3259
26.03.2020 23:00:00;27.03.2020 00:00:00;203;42;2563;17;;409;3234
27.03.2020 00:00:00;27.03.2020 01:00:00;202;43;2481;15;;410;3151
27.03.2020 01:00:00;27.03.2020 02:00:00;203;42;2531;17;;405;3198
27.03.2020 02:00:00;27.03.2020 03:00:00;197;42;2538;12;;395;3184
27.03.2020 03:00:00;27.03.2020 04:00:00;197;42;2569;14;;374;3196
27.03.2020 04:00:00;27.03.2020 05:00:00;188;42;2564;10;;379;3183
27.03.2020 05:00:00;27.03.2020 06:00:00;198;42;2599;9;;364;3212
27.03.2020 06:00:00;27.03.2020 07:00:00;200;42;2622;10;;361;3235
27.03.2020 07:00:00;27.03.2020 08:00:00;199;42;2703;9;;350;3303
27.03.2020 08:00:00;27.03.2020 09:00:00;199;42;2715;11;;346;3313
27.03.2020 09:00:00;27.03.2020 10:00:00;200;41;2744;13;;342;3340
27.03.2020 10:00:00;27.03.2020 11:00:00;199;41;2702;19;;340;3301
27.03.2020 11:00:00;27.03.2020 12:00:00;200;41;2714;13;;344;3312
27.03.2020 12:00:00;27.03.2020 13:00:00;201;41;2702;10;;342;3296
27.03.2020 13:00:00;27.03.2020 14:00:00;200;39;2711;11;;360;3321
27.03.2020 14:00:00;27.03.2020 15:00:00;198;37;2687;12;;354;3288
27.03.2020 15:00:00;27.03.2020 16:00:00;200;37;2655;11;;345;3248
27.03.2020 16:00:00;27.03.2020 17:00:00;203;37;2626;10;;337;3213
27.03.2020 17:00:00;27.03.2020 18:00:00;197;37;2596;8;;307;3145
27.03.2020 18:00:00;27.03.2020 19:00:00;197;37;2612;6;;291;3143
27.03.2020 19:00:00;27.03.2020 20:00:00;199;37;2662;4;;263;3165
27.03.2020 20:00:00;27.03.2020 21:00:00;202;37;2560;8;;218;3025
27.03.2020 21:00:00;27.03.2020 22:00:00;203;36;2508;11;;203;2961
27.03.2020 22:00:00;27.03.2020 23:00:00;202;37;2427;15;;188;2869
27.03.2020 23:00:00;28.03.2020 00:00:00;203;36;2342;13;;210;2804
28.03.2020 00:00:00;28.03.2020 01:00:00;202;38;2357;32;;197;2826
28.03.2020 01:00:00;28.03.2020 02:00:00;201;38;2260;33;;203;2735
28.03.2020 02:00:00;28.03.2020 03:00:00;205;38;2246;27;;240;2756
28.03.2020 03:00:00;28.03.2020 04:00:00;203;38;2245;26;;258;2770
28.03.2020 04:00:00;28.03.2020 05:00:00;203;38;2239;23;;232;2735
28.03.2020 05:00:00;28.03.2020 06:00:00;205;38;2241;23;;238;2745
28.03.2020 06:00:00;28.03.2020 07:00:00;202;38;2321;22;;273;2856
28.03.2020 07:00:00;28.03.2020 08:00:00;204;37;2320;21;;291;2873
28.03.2020 08:00:00;28.03.2020 09:00:00;203;38;2318;21;;318;2898
28.03.2020 09:00:00;28.03.2020 10:00:00;204;37;2309;22;;331;2903
28.03.2020 10:00:00;28.03.2020 11:00:00;201;37;2287;22;;341;2888
28.03.2020 11:00:00;28.03.2020 12:00:00;201;37;2217;23;;350;2828
28.03.2020 12:00:00;28.03.2020 13:00:00;203;37;2018;23;;388;2669
28.03.2020 13:00:00;28.03.2020 14:00:00;202;37;1826;23;;395;2483
28.03.2020 14:00:00;28.03.2020 15:00:00;203;33;1722;22;;403;2383
28.03.2020 15:00:00;28.03.2020 16:00:00;224;33;1779;23;;395;2454
28.03.2020 16:00:00;28.03.2020 17:00:00;224;33;2047;23;;392;2719
28.03.2020 17:00:00;28.03.2020 18:00:00;224;33;2297;21;;400;2975
28.03.2020 18:00:00;28.03.2020 19:00:00;221;33;2417;19;;400;3090
28.03.2020 19:00:00;28.03.2020 20:00:00;223;33;2385;21;;396;3058
28.03.2020 20:00:00;28.03.2020 21:00:00;223;33;2335;21;;397;3009
28.03.2020 21:00:00;28.03.2020 22:00:00;224;32;2190;21;;388;2855
28.03.2020 22:00:00;28.03.2020 23:00:00;223;32;2099;22;;393;2769
28.03.2020 23:00:00;29.03.2020 00:00:00;225;32;2019;22;;393;2691
29.03.2020 00:00:00;29.03.2020 01:00:00;215;33;2023;18;;371;2660
29.03.2020 01:00:00;29.03.2020 03:00:00;215;32;2012;18;;350;2627
29.03.2020 03:00:00;29.03.2020 04:00:00;218;32;1893;19;;342;2504
29.03.2020 04:00:00;29.03.2020 05:00:00;217;32;1816;21;;334;2420
29.03.2020 05:00:00;29.03.2020 06:00:00;215;32;1838;22;;323;2430
29.03.2020 06:00:00;29.03.2020 07:00:00;215;32;1854;22;;316;2439
29.03.2020 07:00:00;29.03.2020 08:00:00;217;32;1915;21;;300;2485
29.03.2020 08:00:00;29.03.2020 09:00:00;215;32;2015;22;;293;2577
29.03.2020 09:00:00;29.03.2020 10:00:00;214;32;2039;21;;281;2587
29.03.2020 10:00:00;29.03.2020 11:00:00;208;32;2046;21;;265;2572
29.03.2020 11:00:00;29.03.2020 12:00:00;213;32;2068;20;;251;2584
29.03.2020 12:00:00;29.03.2020 13:00:00;213;32;2027;18;;248;2538
29.03.2020 13:00:00;29.03.2020 14:00:00;214;32;2026;18;;229;2519
29.03.2020 14:00:00;29.03.2020 15:00:00;214;32;1995;18;;230;2489
29.03.2020 15:00:00;29.03.2020 16:00:00;213;32;2007;15;;232;2499
29.03.2020 16:00:00;29.03.2020 17:00:00;214;32;2091;11;;229;2577
29.03.2020 17:00:00;29.03.2020 18:00:00;212;32;2194;10;;219;2667
29.03.2020 18:00:00;29.03.2020 19:00:00;211;32;2375;10;;231;2859
29.03.2020 19:00:00;29.03.2020 20:00:00;213;32;2470;9;;236;2960
29.03.2020 20:00:00;29.03.2020 21:00:00;213;32;2657;9;;240;3151
29.03.2020 21:00:00;29.03.2020 22:00:00;214;31;2615;10;;252;3122
29.03.2020 22:00:00;29.03.2020 23:00:00;216;32;2506;10;;252;3016
29.03.2020 23:00:00;30.03.2020 00:00:00;212;31;2465;10;;249;2967
30.03.2020 00:00:00;30.03.2020 01:00:00;216;31;2341;6;;247;2841
30.03.2020 01:00:00;30.03.2020 02:00:00;211;30;2367;8;;252;2868
30.03.2020 02:00:00;30.03.2020 03:00:00;209;31;2331;9;;254;2834
30.03.2020 03:00:00;30.03.2020 04:00:00;217;30;2355;11;;257;2870
30.03.2020 04:00:00;30.03.2020 05:00:00;216;30;2300;12;;274;2832
30.03.2020 05:00:00;30.03.2020 06:00:00;215;30;2378;12;;263;2898
30.03.2020 06:00:00;30.03.2020 07:00:00;215;30;2489;12;;256;3002
30.03.2020 07:00:00;30.03.2020 08:00:00;215;33;2691;13;;223;3175
30.03.2020 08:00:00;30.03.2020 09:00:00;217;35;2768;13;;222;3255
30.03.2020 09:00:00;30.03.2020 10:00:00;216;35;2842;13;;227;3333
30.03.2020 10:00:00;30.03.2020 11:00:00;214;35;2871;15;;217;3352
30.03.2020 11:00:00;30.03.2020 12:00:00;214;35;3034;17;;207;3507
30.03.2020 12:00:00;30.03.2020 13:00:00;215;35;3068;17;;189;3524
30.03.2020 13:00:00;30.03.2020 14:00:00;213;35;2826;13;;181;3268
30.03.2020 14:00:00;30.03.2020 15:00:00;216;35;2792;11;;164;3218
30.03.2020 15:00:00;30.03.2020 16:00:00;216;35;2781;11;;159;3202
30.03.2020 16:00:00;30.03.2020 17:00:00;216;35;2668;12;;159;3090
30.03.2020 17:00:00;30.03.2020 18:00:00;215;35;2593;11;;161;3015
30.03.2020 18:00:00;30.03.2020 19:00:00;215;35;2669;4;;173;3096
30.03.2020 19:00:00;30.03.2020 20:00:00;216;35;2772;9;;180;3212
30.03.2020 20:00:00;30.03.2020 21:00:00;213;35;3149;21;;192;3610
30.03.2020 21:00:00;30.03.2020 22:00:00;214;34;3021;28;;223;3520
30.03.2020 22:00:00;30.03.2020 23:00:00;213;35;2620;28;;227;3123
30.03.2020 23:00:00;31.03.2020 00:00:00;217;34;2569;28;;262;3110
31.03.2020 00:00:00;31.03.2020 01:00:00;218;34;2570;34;;293;3149
31.03.2020 01:00:00;31.03.2020 02:00:00;216;34;2442;34;;284;3010
31.03.2020 02:00:00;31.03.2020 03:00:00;217;34;2349;29;;293;2922
31.03.2020 03:00:00;31.03.2020 04:00:00;215;34;2314;28;;314;2905
31.03.2020 04:00:00;31.03.2020 05:00:00;218;34;2278;27;;325;2882
31.03.2020 05:00:00;31.03.2020 06:00:00;215;34;2267;27;;345;2888
31.03.2020 06:00:00;31.03.2020 07:00:00;214;34;2325;24;;344;2941
31.03.2020 07:00:00;31.03.2020 08:00:00;219;34;2413;16;;326;3008
31.03.2020 08:00:00;31.03.2020 09:00:00;215;34;2458;17;;292;3016
31.03.2020 09:00:00;31.03.2020 10:00:00;217;34;2415;20;;294;2980
31.03.2020 10:00:00;31.03.2020 11:00:00;215;34;2378;26;;312;2965
31.03.2020 11:00:00;31.03.2020 12:00:00;215;34;2333;19;;337;2938
31.03.2020 12:00:00;31.03.2020 13:00:00;210;34;2157;22;;332;2755
31.03.2020 13:00:00;31.03.2020 14:00:00;210;34;2063;12;;304;2623
31.03.2020 14:00:00;31.03.2020 15:00:00;208;34;2235;13;;279;2769
31.03.2020 15:00:00;31.03.2020 16:00:00;201;34;2197;22;;228;2682
31.03.2020 16:00:00;31.03.2020 17:00:00;202;34;2153;23;;201;2613
31.03.2020 17:00:00;31.03.2020 18:00:00;208;34;2229;15;;186;2672
31.03.2020 18:00:00;31.03.2020 19:00:00;211;34;2210;10;;198;2663
31.03.2020 19:00:00;31.03.2020 20:00:00;212;34;2282;5;;241;2774
31.03.2020 20:00:00;31.03.2020 21:00:00;215;34;2309;15;;262;2835
31.03.2020 21:00:00;31.03.2020 22:00:00;213;34;2271;20;;272;2810
31.03.2020 22:00:00;31.03.2020 23:00:00;215;34;2209;18;;277;2753
31.03.2020 23:00:00;01.04.2020 00:00:00;214;34;2094;19;;273;2634
01.04.2020 00:00:00;01.04.2020 01:00:00;215;38;2377;23;;252;2905
01.04.2020 01:00:00;01.04.2020 02:00:00;217;38;2331;20;;243;2849
01.04.2020 02:00:00;01.04.2020 03:00:00;216;38;2334;17;;233;2838
01.04.2020 03:00:00;01.04.2020 04:00:00;214;38;2443;15;;200;2910
01.04.2020 04:00:00;01.04.2020 05:00:00;215;38;2528;11;;182;2974
01.04.2020 05:00:00;01.04.2020 06:00:00;215;38;2591;5;;133;2982
01.04.2020 06:00:00;01.04.2020 07:00:00;215;38;2682;8;;122;3065
01.04.2020 07:00:00;01.04.2020 08:00:00;214;37;2678;5;;109;3043
01.04.2020 08:00:00;01.04.2020 09:00:00;217;39;2789;3;;123;3171
01.04.2020 09:00:00;01.04.2020 10:00:00;216;39;2754;4;;95;3108
01.04.2020 10:00:00;01.04.2020 11:00:00;216;39;2804;1;;103;3163
01.04.2020 11:00:00;01.04.2020 12:00:00;214;39;2770;3;;114;3140
01.04.2020 12:00:00;01.04.2020 13:00:00;217;39;2783;2;;116;3157
01.04.2020 13:00:00;01.04.2020 14:00:00;215;39;2746;1;;117;3118
01.04.2020 14:00:00;01.04.2020 15:00:00;216;39;2651;1;;123;3030
01.04.2020 15:00:00;01.04.2020 16:00:00;216;39;2589;1;;124;2969
01.04.2020 16:00:00;01.04.2020 17:00:00;216;39;2561;2;;114;2932
01.04.2020 17:00:00;01.04.2020 18:00:00;215;39;2632;6;;108;3000
01.04.2020 18:00:00;01.04.2020 19:00:00;215;39;2624;9;;107;2994
01.04.2020 19:00:00;01.04.2020 20:00:00;218;39;2584;11;;106;2958
01.04.2020 20:00:00;01.04.2020 21:00:00;215;39;2487;11;;95;2847
01.04.2020 21:00:00;01.04.2020 22:00:00;213;39;2372;16;;80;2720
01.04.2020 22:00:00;01.04.2020 23:00:00;216;39;2321;22;;81;2679
01.04.2020 23:00:00;02.04.2020 00:00:00;217;39;2298;23;;73;2650
02.04.2020 00:00:00;02.04.2020 01:00:00;207;38;1939;18;;58;2260
02.04.2020 01:00:00;02.04.2020 02:00:00;209;38;1952;25;;63;2287
02.04.2020 02:00:00;02.04.2020 03:00:00;211;38;1939;31;;57;2276
02.04.2020 03:00:00;02.04.2020 04:00:00;209;38;1940;30;;64;2281
02.04.2020 04:00:00;02.04.2020 05:00:00;208;38;1990;31;;80;2347
02.04.2020 05:00:00;02.04.2020 06:00:00;204;38;2170;31;;84;2527
02.04.2020 06:00:00;02.04.2020 07:00:00;210;38;2367;29;;82;2726
02.04.2020 07:00:00;02.04.2020 08:00:00;212;38;2544;29;;94;2917
02.04.2020 08:00:00;02.04.2020 09:00:00;211;38;2537;29;;88;2903
02.04.2020 09:00:00;02.04.2020 10:00:00;210;36;2509;29;;83;2867
02.04.2020 10:00:00;02.04.2020 11:00:00;210;36;2401;29;;85;2761
02.04.2020 11:00:00;02.04.2020 12:00:00;212;36;2286;17;;88;2639
02.04.2020 12:00:00;02.04.2020 13:00:00;211;36;2267;17;;93;2624
02.04.2020 13:00:00;02.04.2020 14:00:00;211;36;2258;17;;93;2615
02.04.2020 14:00:00;02.04.2020 15:00:00;208;36;2188;18;;92;2542
02.04.2020 15:00:00;02.04.2020 16:00:00;206;36;2154;17;;97;2510
02.04.2020 16:00:00;02.04.2020 17:00:00;204;36;2183;16;;83;2522
02.04.2020 17:00:00;02.04.2020 18:00:00;207;36;2216;16;;75;2550
02.04.2020 18:00:00;02.04.2020 19:00:00;208;36;2183;20;;78;2525
02.04.2020 19:00:00;02.04.2020 20:00:00;210;36;2206;11;;78;2541
02.04.2020 20:00:00;02.04.2020 21:00:00;209;36;2134;10;;60;2449
02.04.2020 21:00:00;02.04.2020 22:00:00;211;36;2053;6;;40;2346
02.04.2020 22:00:00;02.04.2020 23:00:00;211;36;1945;1;;26;2219
02.04.2020 23:00:00;03.04.2020 00:00:00;210;36;1802;0;;21;2069
03.04.2020 00:00:00;03.04.2020 01:00:00;211;36;1574;3;;27;1851
03.04.2020 01:00:00;03.04.2020 02:00:00;210;36;1515;1;;18;1780
03.04.2020 02:00:00;03.04.2020 03:00:00;208;36;1499;1;;16;1760
03.04.2020 03:00:00;03.04.2020 04:00:00;209;36;1542;0;;13;1800
03.04.2020 04:00:00;03.04.2020 05:00:00;208;36;1587;0;;10;1841
03.04.2020 05:00:00;03.04.2020 06:00:00;210;36;1671;1;;12;1930
03.04.2020 06:00:00;03.04.2020 07:00:00;210;36;1802;0;;11;2059
03.04.2020 07:00:00;03.04.2020 08:00:00;212;36;1919;0;;15;2182
03.04.2020 08:00:00;03.04.2020 09:00:00;209;36;2021;0;;15;2281
03.04.2020 09:00:00;03.04.2020 10:00:00;203;35;1952;0;;17;2207
03.04.2020 10:00:00;03.04.2020 11:00:00;207;35;1934;0;;27;2203
03.04.2020 11:00:00;03.04.2020 12:00:00;208;35;1926;0;;35;2204
03.04.2020 12:00:00;03.04.2020 13:00:00;206;36;1851;0;;48;2141
03.04.2020 13:00:00;03.04.2020 14:00:00;202;36;1826;1;;52;2117
03.04.2020 14:00:00;03.04.2020 15:00:00;210;32;1882;1;;63;2188
03.04.2020 15:00:00;03.04.2020 16:00:00;209;32;1879;1;;49;2170
03.04.2020 16:00:00;03.04.2020 17:00:00;209;32;1909;0;;66;2216
03.04.2020 17:00:00;03.04.2020 18:00:00;209;32;1938;1;;58;2238
03.04.2020 18:00:00;03.04.2020 19:00:00;210;32;1984;0;;61;2287
03.04.2020 19:00:00;03.04.2020 20:00:00;213;32;2022;1;;76;2344
03.04.2020 20:00:00;03.04.2020 21:00:00;211;32;2084;3;;90;2420
03.04.2020 21:00:00;03.04.2020 22:00:00;210;32;1989;3;;72;2306
03.04.2020 22:00:00;03.04.2020 23:00:00;209;32;1953;3;;80;2277
03.04.2020 23:00:00;04.04.2020 00:00:00;210;32;1955;2;;62;2261
04.04.2020 00:00:00;04.04.2020 01:00:00;205;31;2198;3;;53;2490
04.04.2020 01:00:00;04.04.2020 02:00:00;206;31;2188;2;;72;2499
04.04.2020 02:00:00;04.04.2020 03:00:00;207;31;2181;2;;69;2490
04.04.2020 03:00:00;04.04.2020 04:00:00;206;31;2187;2;;67;2493
04.04.2020 04:00:00;04.04.2020 05:00:00;207;31;2232;3;;101;2574
04.04.2020 05:00:00;04.04.2020 06:00:00;204;31;2199;3;;109;2546
04.04.2020 06:00:00;04.04.2020 07:00:00;206;31;2239;1;;105;2582
04.04.2020 07:00:00;04.04.2020 08:00:00;206;31;2244;0;;105;2586
04.04.2020 08:00:00;04.04.2020 09:00:00;205;31;2314;0;;107;2657
04.04.2020 09:00:00;04.04.2020 10:00:00;208;31;2350;1;;121;2711
04.04.2020 10:00:00;04.04.2020 11:00:00;206;31;2275;0;;148;2660
04.04.2020 11:00:00;04.04.2020 12:00:00;203;31;2242;2;;157;2635
04.04.2020 12:00:00;04.04.2020 13:00:00;205;31;2140;2;;162;2540
04.04.2020 13:00:00;04.04.2020 14:00:00;205;31;2088;4;;156;2484
04.04.2020 14:00:00;04.04.2020 15:00:00;200;31;2050;7;;161;2449
04.04.2020 15:00:00;04.04.2020 16:00:00;203;31;2102;6;;168;2510
04.04.2020 16:00:00;04.04.2020 17:00:00;206;31;2125;4;;178;2544
04.04.2020 17:00:00;04.04.2020 18:00:00;205;31;2207;4;;168;2615
04.04.2020 18:00:00;04.04.2020 19:00:00;204;31;2230;5;;160;2630
04.04.2020 19:00:00;04.04.2020 20:00:00;203;31;2305;4;;170;2713
04.04.2020 20:00:00;04.04.2020 21:00:00;206;31;2486;6;;174;2903
04.04.2020 21:00:00;04.04.2020 22:00:00;207;31;2461;9;;164;2872
04.04.2020 22:00:00;04.04.2020 23:00:00;206;31;2395;6;;177;2815
04.04.2020 23:00:00;05.04.2020 00:00:00;206;31;2412;9;;177;2835
05.04.2020 00:00:00;05.04.2020 01:00:00;209;32;2500;8;;175;2924
05.04.2020 01:00:00;05.04.2020 02:00:00;203;32;2475;7;;178;2895
05.04.2020 02:00:00;05.04.2020 03:00:00;202;32;2483;6;;171;2894
05.04.2020 03:00:00;05.04.2020 04:00:00;205;32;2476;6;;163;2882
05.04.2020 04:00:00;05.04.2020 05:00:00;206;32;2483;7;;172;2900
05.04.2020 05:00:00;05.04.2020 06:00:00;207;32;2501;6;;159;2905
05.04.2020 06:00:00;05.04.2020 07:00:00;206;32;2441;9;;151;2839
05.04.2020 07:00:00;05.04.2020 08:00:00;200;32;2448;7;;159;2846
05.04.2020 08:00:00;05.04.2020 09:00:00;210;32;2511;11;;196;2960
05.04.2020 09:00:00;05.04.2020 10:00:00;206;32;2520;12;;221;2991
05.04.2020 10:00:00;05.04.2020 11:00:00;206;32;2319;12;;239;2808
05.04.2020 11:00:00;05.04.2020 12:00:00;202;32;1890;8;;272;2404
05.04.2020 12:00:00;05.04.2020 13:00:00;203;32;1850;9;;278;2372
05.04.2020 13:00:00;05.04.2020 14:00:00;200;32;1770;6;;289;2297
05.04.2020 14:00:00;05.04.2020 15:00:00;203;32;1747;5;;271;2258
05.04.2020 15:00:00;05.04.2020 16:00:00;202;32;1673;5;;247;2159
05.04.2020 16:00:00;05.04.2020 17:00:00;206;32;1695;1;;212;2146
05.04.2020 17:00:00;05.04.2020 18:00:00;205;32;2095;1;;169;2502
05.04.2020 18:00:00;05.04.2020 19:00:00;196;32;2154;0;;146;2528
05.04.2020 19:00:00;05.04.2020 20:00:00;198;32;2310;1;;125;2666
05.04.2020 20:00:00;05.04.2020 21:00:00;204;32;2557;5;;93;2891
05.04.2020 21:00:00;05.04.2020 22:00:00;205;32;2522;11;;81;2851
05.04.2020 22:00:00;05.04.2020 23:00:00;207;32;2315;16;;78;2648
05.04.2020 23:00:00;06.04.2020 00:00:00;207;32;1936;16;;82;2273
06.04.2020 00:00:00;06.04.2020 01:00:00;208;33;1755;13;;78;2087
06.04.2020 01:00:00;06.04.2020 02:00:00;207;35;1729;25;;83;2079
06.04.2020 02:00:00;06.04.2020 03:00:00;205;34;1738;29;;112;2118
06.04.2020 03:00:00;06.04.2020 04:00:00;198;35;1734;21;;100;2088
06.04.2020 04:00:00;06.04.2020 05:00:00;192;34;1745;20;;106;2097
06.04.2020 05:00:00;06.04.2020 06:00:00;205;35;1952;21;;119;2332
06.04.2020 06:00:00;06.04.2020 07:00:00;206;34;2240;25;;120;2625
06.04.2020 07:00:00;06.04.2020 08:00:00;204;35;2424;23;;123;2809
06.04.2020 08:00:00;06.04.2020 09:00:00;206;36;2457;23;;121;2843
06.04.2020 09:00:00;06.04.2020 10:00:00;204;38;2487;24;;141;2894
06.04.2020 10:00:00;06.04.2020 11:00:00;206;37;2455;21;;150;2869
06.04.2020 11:00:00;06.04.2020 12:00:00;206;36;2391;23;;148;2804
06.04.2020 12:00:00;06.04.2020 13:00:00;206;37;2334;27;;155;2759
06.04.2020 13:00:00;06.04.2020 14:00:00;180;37;2208;28;;144;2597
06.04.2020 14:00:00;06.04.2020 15:00:00;180;37;2063;23;;130;2433
06.04.2020 15:00:00;06.04.2020 16:00:00;180;37;1985;22;;119;2343
06.04.2020 16:00:00;06.04.2020 17:00:00;189;37;1992;25;;140;2383
06.04.2020 17:00:00;06.04.2020 18:00:00;193;37;2057;27;;152;2466
06.04.2020 18:00:00;06.04.2020 19:00:00;197;37;2064;29;;169;2496
06.04.2020 19:00:00;06.04.2020 20:00:00;204;36;2124;30;;197;2591
06.04.2020 20:00:00;06.04.2020 21:00:00;203;37;2136;27;;223;2626
06.04.2020 21:00:00;06.04.2020 22:00:00;205;37;2106;26;;249;2623
06.04.2020 22:00:00;06.04.2020 23:00:00;203;36;1875;27;;244;2385
06.04.2020 23:00:00;07.04.2020 00:00:00;206;37;1635;25;;250;2153
07.04.2020 00:00:00;07.04.2020 01:00:00;204;34;1613;26;;220;2097
07.04.2020 01:00:00;07.04.2020 02:00:00;205;34;1571;26;;222;2058
07.04.2020 02:00:00;07.04.2020 03:00:00;199;34;1597;23;;221;2074
07.04.2020 03:00:00;07.04.2020 04:00:00;202;34;1614;20;;222;2092
07.04.2020 04:00:00;07.04.2020 05:00:00;200;34;1669;6;;234;2143
07.04.2020 05:00:00;07.04.2020 06:00:00;202;33;1878;5;;245;2363
07.04.2020 06:00:00;07.04.2020 07:00:00;202;34;2172;11;;251;2670
07.04.2020 07:00:00;07.04.2020 08:00:00;206;34;2098;14;;245;2597
07.04.2020 08:00:00;07.04.2020 09:00:00;203;35;2151;14;;242;2645
07.04.2020 09:00:00;07.04.2020 10:00:00;207;37;1966;18;;239;2467
07.04.2020 10:00:00;07.04.2020 11:00:00;206;36;1847;23;;239;2351
07.04.2020 11:00:00;07.04.2020 12:00:00;180;37;1733;7;;253;2210
07.04.2020 12:00:00;07.04.2020 13:00:00;180;37;1666;5;;270;2158
07.04.2020 13:00:00;07.04.2020 14:00:00;180;37;1524;21;;267;2029
07.04.2020 14:00:00;07.04.2020 15:00:00;180;38;1470;25;;306;2019
07.04.2020 15:00:00;07.04.2020 16:00:00;202;38;1436;18;;316;2010
07.04.2020 16:00:00;07.04.2020 17:00:00;204;38;1424;15;;320;2001
07.04.2020 17:00:00;07.04.2020 18:00:00;204;38;1878;18;;320;2458
07.04.2020 18:00:00;07.04.2020 19:00:00;205;38;1930;3;;302;2478
07.04.2020 19:00:00;07.04.2020 20:00:00;205;39;2021;7;;295;2567
07.04.2020 20:00:00;07.04.2020 21:00:00;204;38;2165;19;;329;2755
07.04.2020 21:00:00;07.04.2020 22:00:00;205;39;2180;29;;338;2791
07.04.2020 22:00:00;07.04.2020 23:00:00;206;39;2065;37;;348;2695
07.04.2020 23:00:00;08.04.2020 00:00:00;205;39;1894;34;;339;2511
08.04.2020 00:00:00;08.04.2020 01:00:00;203;40;1594;25;;347;2209
08.04.2020 01:00:00;08.04.2020 02:00:00;216;40;1559;29;;329;2173
08.04.2020 02:00:00;08.04.2020 03:00:00;212;40;1526;22;;329;2129
08.04.2020 03:00:00;08.04.2020 04:00:00;214;40;1520;10;;312;2096
08.04.2020 04:00:00;08.04.2020 05:00:00;214;40;1516;6;;265;2041
08.04.2020 05:00:00;08.04.2020 06:00:00;215;40;1491;3;;242;1991
08.04.2020 06:00:00;08.04.2020 07:00:00;214;40;1453;15;;255;1977
08.04.2020 07:00:00;08.04.2020 08:00:00;216;40;1488;27;;267;2038
08.04.2020 08:00:00;08.04.2020 09:00:00;215;40;1511;35;;260;2061
08.04.2020 09:00:00;08.04.2020 10:00:00;218;40;1561;36;;254;2109
08.04.2020 10:00:00;08.04.2020 11:00:00;216;40;1623;32;;268;2179
08.04.2020 11:00:00;08.04.2020 12:00:00;217;40;1612;24;;237;2130
08.04.2020 12:00:00;08.04.2020 13:00:00;216;40;1608;25;;223;2112
08.04.2020 13:00:00;08.04.2020 14:00:00;215;40;1512;27;;237;2031
08.04.2020 14:00:00;08.04.2020 15:00:00;215;40;1516;28;;250;2049
08.04.2020 15:00:00;08.04.2020 16:00:00;217;40;1486;27;;210;1980
08.04.2020 16:00:00;08.04.2020 17:00:00;215;40;1482;21;;162;1920
08.04.2020 17:00:00;08.04.2020 18:00:00;216;40;1504;18;;150;1928
08.04.2020 18:00:00;08.04.2020 19:00:00;215;40;1569;19;;155;1998
08.04.2020 19:00:00;08.04.2020 20:00:00;215;41;1611;24;;199;2090
08.04.2020 20:00:00;08.04.2020 21:00:00;217;40;1647;27;;216;2147
08.04.2020 21:00:00;08.04.2020 22:00:00;216;41;1634;26;;229;2146
08.04.2020 22:00:00;08.04.2020 23:00:00;217;40;1564;25;;262;2108
08.04.2020 23:00:00;09.04.2020 00:00:00;217;41;1510;22;;263;2053
09.04.2020 00:00:00;09.04.2020 01:00:00;218;36;1593;22;;310;2179
09.04.2020 01:00:00;09.04.2020 02:00:00;218;36;1549;18;;291;2112
09.04.2020 02:00:00;09.04.2020 03:00:00;218;35;1537;10;;284;2084
09.04.2020 03:00:00;09.04.2020 04:00:00;217;35;1482;12;;280;2026
09.04.2020 04:00:00;09.04.2020 05:00:00;219;35;1480;12;;270;2016
09.04.2020 05:00:00;09.04.2020 06:00:00;218;35;1436;11;;279;1979
09.04.2020 06:00:00;09.04.2020 07:00:00;220;35;1247;11;;277;1790
09.04.2020 07:00:00;09.04.2020 08:00:00;219;35;1165;8;;264;1691
09.04.2020 08:00:00;09.04.2020 09:00:00;218;35;1288;9;;251;1801
09.04.2020 09:00:00;09.04.2020 10:00:00;217;34;1418;10;;249;1928
09.04.2020 10:00:00;09.04.2020 11:00:00;218;34;1675;11;;247;2185
09.04.2020 11:00:00;09.04.2020 12:00:00;210;34;1704;7;;233;2188
09.04.2020 12:00:00;09.04.2020 13:00:00;214;34;1706;8;;222;2184
09.04.2020 13:00:00;09.04.2020 14:00:00;216;34;1748;8;;190;2196
09.04.2020 14:00:00;09.04.2020 15:00:00;214;35;1745;7;;180;2181
09.04.2020 15:00:00;09.04.2020 16:00:00;215;35;1759;6;;162;2177
09.04.2020 16:00:00;09.04.2020 17:00:00;217;35;1756;4;;143;2155
09.04.2020 17:00:00;09.04.2020 18:00:00;217;35;1780;5;;136;2173
09.04.2020 18:00:00;09.04.2020 19:00:00;217;35;1817;9;;151;2229
09.04.2020 19:00:00;09.04.2020 20:00:00;208;35;1828;12;;171;2254
09.04.2020 20:00:00;09.04.2020 21:00:00;207;34;1850;16;;177;2284
09.04.2020 21:00:00;09.04.2020 22:00:00;214;34;1852;17;;190;2307
09.04.2020 22:00:00;09.04.2020 23:00:00;217;34;1928;16;;212;2407
09.04.2020 23:00:00;10.04.2020 00:00:00;213;34;1911;13;;221;2392
10.04.2020 00:00:00;10.04.2020 01:00:00;213;35;2020;14;;208;2490
10.04.2020 01:00:00;10.04.2020 02:00:00;216;35;2051;14;;212;2528
10.04.2020 02:00:00;10.04.2020 03:00:00;216;35;2010;10;;207;2478
10.04.2020 03:00:00;10.04.2020 04:00:00;216;35;1997;8;;210;2466
10.04.2020 04:00:00;10.04.2020 05:00:00;213;35;1979;5;;190;2422
10.04.2020 05:00:00;10.04.2020 06:00:00;215;35;1976;8;;184;2418
10.04.2020 06:00:00;10.04.2020 07:00:00;214;34;1954;14;;182;2398
10.04.2020 07:00:00;10.04.2020 08:00:00;216;34;1939;8;;151;2348
10.04.2020 08:00:00;10.04.2020 09:00:00;215;34;1723;11;;156;2139
10.04.2020 09:00:00;10.04.2020 10:00:00;217;34;1719;10;;185;2165
10.04.2020 10:00:00;10.04.2020 11:00:00;217;34;1674;12;;188;2125
10.04.2020 11:00:00;10.04.2020 12:00:00;216;34;1704;5;;192;2151
10.04.2020 12:00:00;10.04.2020 13:00:00;217;34;1674;8;;178;2111
10.04.2020 13:00:00;10.04.2020 14:00:00;211;34;1636;13;;172;2066
10.04.2020 14:00:00;10.04.2020 15:00:00;213;32;1628;12;;185;2070
10.04.2020 15:00:00;10.04.2020 16:00:00;215;32;1648;6;;167;2068
10.04.2020 16:00:00;10.04.2020 17:00:00;213;32;1781;9;;175;2210
10.04.2020 17:00:00;10.04.2020 18:00:00;216;32;1818;10;;138;2214
10.04.2020 18:00:00;10.04.2020 19:00:00;217;32;1891;10;;148;2298
10.04.2020 19:00:00;10.04.2020 20:00:00;208;32;1960;11;;160;2371
10.04.2020 20:00:00;10.04.2020 21:00:00;205;35;2117;10;;148;2515
10.04.2020 21:00:00;10.04.2020 22:00:00;204;32;1909;11;;145;2301
10.04.2020 22:00:00;10.04.2020 23:00:00;213;32;1928;7;;168;2348
10.04.2020 23:00:00;11.04.2020 00:00:00;213;32;1985;7;;168;2405
11.04.2020 00:00:00;11.04.2020 01:00:00;212;32;2134;8;;161;2547
11.04.2020 01:00:00;11.04.2020 02:00:00;213;32;2020;13;;161;2439
11.04.2020 02:00:00;11.04.2020 03:00:00;213;32;1985;11;;145;2386
11.04.2020 03:00:00;11.04.2020 04:00:00;215;32;2007;7;;157;2418
11.04.2020 04:00:00;11.04.2020 05:00:00;215;32;2007;12;;154;2420
11.04.2020 05:00:00;11.04.2020 06:00:00;215;32;1994;13;;134;2388
11.04.2020 06:00:00;11.04.2020 07:00:00;216;32;2053;10;;125;2436
11.04.2020 07:00:00;11.04.2020 08:00:00;218;32;2073;10;;109;2442
11.04.2020 08:00:00;11.04.2020 09:00:00;217;32;2057;11;;87;2404
11.04.2020 09:00:00;11.04.2020 10:00:00;218;32;2395;12;;90;2747
11.04.2020 10:00:00;11.04.2020 11:00:00;216;32;2386;8;;86;2728
11.04.2020 11:00:00;11.04.2020 12:00:00;217;32;2398;6;;77;2730
11.04.2020 12:00:00;11.04.2020 13:00:00;219;32;2349;7;;65;2672
11.04.2020 13:00:00;11.04.2020 14:00:00;217;32;2326;7;;57;2639
11.04.2020 14:00:00;11.04.2020 15:00:00;213;32;2127;5;;62;2439
11.04.2020 15:00:00;11.04.2020 16:00:00;213;32;2177;5;;60;2487
11.04.2020 16:00:00;11.04.2020 17:00:00;212;32;2358;5;;68;2675
11.04.2020 17:00:00;11.04.2020 18:00:00;213;32;2340;3;;64;2652
11.04.2020 18:00:00;11.04.2020 19:00:00;208;32;2349;1;;51;2641
11.04.2020 19:00:00;11.04.2020 20:00:00;206;32;2342;0;;42;2622
11.04.2020 20:00:00;11.04.2020 21:00:00;208;32;2292;1;;39;2572
11.04.2020 21:00:00;11.04.2020 22:00:00;212;32;2119;10;;37;2410
11.04.2020 22:00:00;11.04.2020 23:00:00;215;31;2123;9;;33;2411
11.04.2020 23:00:00;12.04.2020 00:00:00;215;32;1941;12;;41;2241
12.04.2020 00:00:00;12.04.2020 01:00:00;214;31;1953;15;;53;2266
12.04.2020 01:00:00;12.04.2020 02:00:00;213;31;1749;23;;64;2080
12.04.2020 02:00:00;12.04.2020 03:00:00;215;31;1570;24;;70;1910
12.04.2020 03:00:00;12.04.2020 04:00:00;214;31;1423;23;;80;1771
12.04.2020 04:00:00;12.04.2020 05:00:00;212;31;1408;22;;76;1749
12.04.2020 05:00:00;12.04.2020 06:00:00;215;31;1476;20;;85;1827
12.04.2020 06:00:00;12.04.2020 07:00:00;216;31;1489;20;;92;1848
12.04.2020 07:00:00;12.04.2020 08:00:00;217;31;1445;20;;87;1800
12.04.2020 08:00:00;12.04.2020 09:00:00;216;31;1485;20;;89;1841
12.04.2020 09:00:00;12.04.2020 10:00:00;216;31;1492;13;;136;1888
12.04.2020 10:00:00;12.04.2020 11:00:00;216;31;1491;7;;152;1897
12.04.2020 11:00:00;12.04.2020 12:00:00;217;32;1514;7;;169;1939
12.04.2020 12:00:00;12.04.2020 13:00:00;216;32;1501;7;;169;1925
12.04.2020 13:00:00;12.04.2020 14:00:00;217;32;1409;6;;167;1831
12.04.2020 14:00:00;12.04.2020 15:00:00;217;31;1319;5;;172;1744
12.04.2020 15:00:00;12.04.2020 16:00:00;216;32;1335;4;;189;1776
12.04.2020 16:00:00;12.04.2020 17:00:00;216;31;1373;4;;164;1788
12.04.2020 17:00:00;12.04.2020 18:00:00;217;32;1482;4;;154;1889
12.04.2020 18:00:00;12.04.2020 19:00:00;217;31;1460;3;;156;1867
12.04.2020 19:00:00;12.04.2020 20:00:00;217;32;1473;2;;154;1878
12.04.2020 20:00:00;12.04.2020 21:00:00;219;34;1472;3;;148;1876
12.04.2020 21:00:00;12.04.2020 22:00:00;217;32;1421;11;;154;1835
12.04.2020 22:00:00;12.04.2020 23:00:00;216;31;1439;10;;169;1865
12.04.2020 23:00:00;13.04.2020 00:00:00;217;31;1406;10;;208;1872
13.04.2020 00:00:00;13.04.2020 01:00:00;215;31;1305;7;;223;1781
13.04.2020 01:00:00;13.04.2020 02:00:00;217;31;1222;11;;244;1725
13.04.2020 02:00:00;13.04.2020 03:00:00;216;31;1198;12;;245;1702
13.04.2020 03:00:00;13.04.2020 04:00:00;216;31;1012;11;;244;1514
13.04.2020 04:00:00;13.04.2020 05:00:00;218;31;1145;17;;235;1646
13.04.2020 05:00:00;13.04.2020 06:00:00;215;31;1147;19;;254;1666
13.04.2020 06:00:00;13.04.2020 07:00:00;215;31;1224;18;;255;1743
13.04.2020 07:00:00;13.04.2020 08:00:00;217;31;1281;19;;242;1790
13.04.2020 08:00:00;13.04.2020 09:00:00;218;31;1286;20;;228;1783
13.04.2020 09:00:00;13.04.2020 10:00:00;218;31;1335;12;;259;1855
13.04.2020 10:00:00;13.04.2020 11:00:00;218;31;1341;21;;267;1878
13.04.2020 11:00:00;13.04.2020 12:00:00;217;31;1343;22;;280;1893
13.04.2020 12:00:00;13.04.2020 13:00:00;216;31;1338;31;;283;1899
13.04.2020 13:00:00;13.04.2020 14:00:00;217;31;1280;19;;294;1841
13.04.2020 14:00:00;13.04.2020 15:00:00;218;31;1222;25;;307;1803
13.04.2020 15:00:00;13.04.2020 16:00:00;213;31;1155;21;;292;1712
13.04.2020 16:00:00;13.04.2020 17:00:00;216;31;1194;20;;292;1753
13.04.2020 17:00:00;13.04.2020 18:00:00;219;31;1266;16;;298;1830
13.04.2020 18:00:00;13.04.2020 19:00:00;218;31;1319;14;;296;1878
13.04.2020 19:00:00;13.04.2020 20:00:00;216;31;1390;17;;283;1937
13.04.2020 20:00:00;13.04.2020 21:00:00;217;33;1452;18;;272;1992
13.04.2020 21:00:00;13.04.2020 22:00:00;218;31;1446;19;;250;1964
13.04.2020 22:00:00;13.04.2020 23:00:00;218;31;1438;13;;226;1926
13.04.2020 23:00:00;14.04.2020 00:00:00;216;31;1439;13;;196;1895
14.04.2020 00:00:00;14.04.2020 01:00:00;216;33;1454;13;;188;1904
14.04.2020 01:00:00;14.04.2020 02:00:00;218;33;1449;4;;170;1874
14.04.2020 02:00:00;14.04.2020 03:00:00;217;33;1479;0;;136;1865
14.04.2020 03:00:00;14.04.2020 04:00:00;216;33;1471;0;;101;1821
14.04.2020 04:00:00;14.04.2020 05:00:00;218;33;1464;1;;85;1801
14.04.2020 05:00:00;14.04.2020 06:00:00;217;33;1641;0;;68;1959
14.04.2020 06:00:00;14.04.2020 07:00:00;219;33;2210;0;;49;2511
14.04.2020 07:00:00;14.04.2020 08:00:00;204;33;2168;0;;34;2439
14.04.2020 08:00:00;14.04.2020 09:00:00;202;33;1819;0;;30;2084
14.04.2020 09:00:00;14.04.2020 10:00:00;203;33;1802;0;;34;2072
14.04.2020 10:00:00;14.04.2020 11:00:00;202;33;1796;0;;38;2069
14.04.2020 11:00:00;14.04.2020 12:00:00;203;33;1803;1;;35;2075
14.04.2020 12:00:00;14.04.2020 13:00:00;199;33;1939;2;;42;2215
14.04.2020 13:00:00;14.04.2020 14:00:00;202;33;1976;3;;56;2270
14.04.2020 14:00:00;14.04.2020 15:00:00;202;33;1939;5;;73;2252
14.04.2020 15:00:00;14.04.2020 16:00:00;199;33;1943;8;;82;2265
14.04.2020 16:00:00;14.04.2020 17:00:00;200;33;1951;14;;89;2287
14.04.2020 17:00:00;14.04.2020 18:00:00;201;33;2017;13;;114;2378
14.04.2020 18:00:00;14.04.2020 19:00:00;201;33;1966;21;;117;2338
14.04.2020 19:00:00;14.04.2020 20:00:00;201;33;1917;21;;118;2290
14.04.2020 20:00:00;14.04.2020 21:00:00;201;33;1814;20;;129;2197
14.04.2020 21:00:00;14.04.2020 22:00:00;202;33;1763;18;;118;2134
14.04.2020 22:00:00;14.04.2020 23:00:00;202;33;1805;17;;111;2168
14.04.2020 23:00:00;15.04.2020 00:00:00;202;33;1781;18;;112;2146
15.04.2020 00:00:00;15.04.2020 01:00:00;208;33;1705;19;;98;2063
15.04.2020 01:00:00;15.04.2020 02:00:00;206;33;1714;17;;90;2060
15.04.2020 02:00:00;15.04.2020 03:00:00;208;33;1714;14;;86;2055
15.04.2020 03:00:00;15.04.2020 04:00:00;210;33;1714;18;;80;2055
15.04.2020 04:00:00;15.04.2020 05:00:00;207;33;1702;28;;106;2076
15.04.2020 05:00:00;15.04.2020 06:00:00;207;33;1714;20;;73;2047
15.04.2020 06:00:00;15.04.2020 07:00:00;208;33;1702;12;;94;2049
15.04.2020 07:00:00;15.04.2020 08:00:00;208;34;1781;18;;117;2158
15.04.2020 08:00:00;15.04.2020 09:00:00;207;35;1826;14;;145;2227
15.04.2020 09:00:00;15.04.2020 10:00:00;206;35;1843;5;;157;2246
15.04.2020 10:00:00;15.04.2020 11:00:00;206;35;1876;4;;183;2304
15.04.2020 11:00:00;15.04.2020 12:00:00;209;35;1858;7;;182;2291
15.04.2020 12:00:00;15.04.2020 13:00:00;208;35;1764;11;;206;2224
15.04.2020 13:00:00;15.04.2020 14:00:00;209;35;1745;11;;217;2217
15.04.2020 14:00:00;15.04.2020 15:00:00;209;35;1786;9;;216;2255
15.04.2020 15:00:00;15.04.2020 16:00:00;207;35;1831;5;;207;2285
15.04.2020 16:00:00;15.04.2020 17:00:00;208;35;1826;2;;186;2257
15.04.2020 17:00:00;15.04.2020 18:00:00;182;35;1872;2;;162;2253
15.04.2020 18:00:00;15.04.2020 19:00:00;199;35;1900;0;;151;2285
15.04.2020 19:00:00;15.04.2020 20:00:00;205;35;1889;0;;152;2281
15.04.2020 20:00:00;15.04.2020 21:00:00;207;35;1872;0;;129;2243
15.04.2020 21:00:00;15.04.2020 22:00:00;207;35;1843;0;;116;2201
15.04.2020 22:00:00;15.04.2020 23:00:00;206;35;1826;3;;108;2178
15.04.2020 23:00:00;16.04.2020 00:00:00;204;35;1816;1;;107;2163
16.04.2020 00:00:00;16.04.2020 01:00:00;205;35;1717;0;;101;2058
16.04.2020 01:00:00;16.04.2020 02:00:00;209;35;1707;0;;116;2067
16.04.2020 02:00:00;16.04.2020 03:00:00;209;35;1666;1;;115;2026
16.04.2020 03:00:00;16.04.2020 04:00:00;182;35;1660;1;;102;1980
16.04.2020 04:00:00;16.04.2020 05:00:00;205;35;1681;0;;101;2022
16.04.2020 05:00:00;16.04.2020 06:00:00;208;35;1718;1;;93;2055
16.04.2020 06:00:00;16.04.2020 07:00:00;207;35;1758;2;;80;2082
16.04.2020 07:00:00;16.04.2020 08:00:00;203;35;1845;1;;64;2148
16.04.2020 08:00:00;16.04.2020 09:00:00;208;36;1909;0;;70;2223
16.04.2020 09:00:00;16.04.2020 10:00:00;206;36;1922;3;;63;2230
16.04.2020 10:00:00;16.04.2020 11:00:00;206;36;1919;2;;44;2207
16.04.2020 11:00:00;16.04.2020 12:00:00;190;36;1995;4;;43;2268
16.04.2020 12:00:00;16.04.2020 13:00:00;207;36;2000;2;;46;2291
16.04.2020 13:00:00;16.04.2020 14:00:00;197;36;1979;1;;32;2245
16.04.2020 14:00:00;16.04.2020 15:00:00;206;36;1884;0;;24;2150
16.04.2020 15:00:00;16.04.2020 16:00:00;203;36;1912;4;;31;2186
16.04.2020 16:00:00;16.04.2020 17:00:00;203;36;1925;8;;36;2208
16.04.2020 17:00:00;16.04.2020 18:00:00;203;36;1894;10;;53;2196
16.04.2020 18:00:00;16.04.2020 19:00:00;206;36;1895;6;;72;2215
16.04.2020 19:00:00;16.04.2020 20:00:00;208;36;1888;5;;79;2216
16.04.2020 20:00:00;16.04.2020 21:00:00;208;36;1897;5;;77;2223
16.04.2020 21:00:00;16.04.2020 22:00:00;208;36;1744;1;;74;2063
16.04.2020 22:00:00;16.04.2020 23:00:00;209;36;1733;1;;97;2076
16.04.2020 23:00:00;17.04.2020 00:00:00;208;36;1891;3;;100;2238
17.04.2020 00:00:00;17.04.2020 01:00:00;209;36;1878;13;;96;2232
17.04.2020 01:00:00;17.04.2020 02:00:00;207;36;1801;11;;100;2155
17.04.2020 02:00:00;17.04.2020 03:00:00;207;36;1770;10;;111;2134
17.04.2020 03:00:00;17.04.2020 04:00:00;207;36;1732;13;;124;2112
17.04.2020 04:00:00;17.04.2020 05:00:00;207;36;1774;14;;139;2170
17.04.2020 05:00:00;17.04.2020 06:00:00;209;36;1760;12;;145;2162
17.04.2020 06:00:00;17.04.2020 07:00:00;208;36;1705;13;;148;2110
17.04.2020 07:00:00;17.04.2020 08:00:00;207;36;1840;14;;152;2249
17.04.2020 08:00:00;17.04.2020 09:00:00;207;36;1858;9;;180;2290
17.04.2020 09:00:00;17.04.2020 10:00:00;206;36;1871;11;;194;2318
17.04.2020 10:00:00;17.04.2020 11:00:00;207;36;1855;15;;164;2277
17.04.2020 11:00:00;17.04.2020 12:00:00;201;36;1843;22;;186;2288
17.04.2020 12:00:00;17.04.2020 13:00:00;193;36;1789;23;;184;2225
17.04.2020 13:00:00;17.04.2020 14:00:00;194;36;1774;21;;183;2208
17.04.2020 14:00:00;17.04.2020 15:00:00;196;36;1738;20;;189;2179
17.04.2020 15:00:00;17.04.2020 16:00:00;204;35;1740;21;;203;2203
17.04.2020 16:00:00;17.04.2020 17:00:00;207;35;1699;18;;179;2138
17.04.2020 17:00:00;17.04.2020 18:00:00;208;35;1689;16;;189;2137
17.04.2020 18:00:00;17.04.2020 19:00:00;210;35;1704;16;;193;2158
17.04.2020 19:00:00;17.04.2020 20:00:00;210;35;1721;17;;209;2192
17.04.2020 20:00:00;17.04.2020 21:00:00;211;35;1769;14;;208;2237
17.04.2020 21:00:00;17.04.2020 22:00:00;209;35;1747;15;;196;2202
17.04.2020 22:00:00;17.04.2020 23:00:00;209;35;1748;14;;204;2210
17.04.2020 23:00:00;18.04.2020 00:00:00;209;35;1705;14;;203;2166
18.04.2020 00:00:00;18.04.2020 01:00:00;208;34;1730;15;;201;2188
18.04.2020 01:00:00;18.04.2020 02:00:00;210;34;1829;12;;187;2272
18.04.2020 02:00:00;18.04.2020 03:00:00;210;34;1845;12;;180;2281
18.04.2020 03:00:00;18.04.2020 04:00:00;211;34;1860;9;;173;2287
18.04.2020 04:00:00;18.04.2020 05:00:00;209;34;1849;10;;165;2267
18.04.2020 05:00:00;18.04.2020 06:00:00;211;34;1836;9;;163;2253
18.04.2020 06:00:00;18.04.2020 07:00:00;211;34;1734;10;;153;2142
18.04.2020 07:00:00;18.04.2020 08:00:00;208;34;1770;7;;142;2161
18.04.2020 08:00:00;18.04.2020 09:00:00;209;34;1798;3;;128;2172
18.04.2020 09:00:00;18.04.2020 10:00:00;209;34;1863;2;;119;2227
18.04.2020 10:00:00;18.04.2020 11:00:00;211;34;1898;3;;108;2254
18.04.2020 11:00:00;18.04.2020 12:00:00;209;34;1811;4;;106;2164
18.04.2020 12:00:00;18.04.2020 13:00:00;210;34;1821;4;;98;2167
18.04.2020 13:00:00;18.04.2020 14:00:00;209;34;1795;3;;102;2143
18.04.2020 14:00:00;18.04.2020 15:00:00;211;34;1859;1;;103;2208
18.04.2020 15:00:00;18.04.2020 16:00:00;211;34;1865;1;;103;2214
18.04.2020 16:00:00;18.04.2020 17:00:00;209;34;1852;1;;105;2201
18.04.2020 17:00:00;18.04.2020 18:00:00;210;34;1916;1;;101;2262
18.04.2020 18:00:00;18.04.2020 19:00:00;212;34;1963;2;;91;2302
18.04.2020 19:00:00;18.04.2020 20:00:00;211;34;2034;1;;99;2379
18.04.2020 20:00:00;18.04.2020 21:00:00;211;34;2014;3;;100;2362
18.04.2020 21:00:00;18.04.2020 22:00:00;210;34;2075;6;;103;2428
18.04.2020 22:00:00;18.04.2020 23:00:00;211;34;2170;9;;102;2526
18.04.2020 23:00:00;19.04.2020 00:00:00;211;34;2139;9;;97;2490
19.04.2020 00:00:00;19.04.2020 01:00:00;205;34;2128;3;;88;2458
19.04.2020 01:00:00;19.04.2020 02:00:00;205;34;2121;9;;78;2447
19.04.2020 02:00:00;19.04.2020 03:00:00;207;34;2117;9;;99;2466
19.04.2020 03:00:00;19.04.2020 04:00:00;206;34;2130;5;;105;2480
19.04.2020 04:00:00;19.04.2020 05:00:00;204;34;2145;4;;82;2469
19.04.2020 05:00:00;19.04.2020 06:00:00;204;34;2172;4;;61;2475
19.04.2020 06:00:00;19.04.2020 07:00:00;203;34;2127;3;;45;2412
19.04.2020 07:00:00;19.04.2020 08:00:00;201;34;2100;3;;53;2391
19.04.2020 08:00:00;19.04.2020 09:00:00;202;34;2171;4;;72;2483
19.04.2020 09:00:00;19.04.2020 10:00:00;200;34;2228;2;;87;2551
19.04.2020 10:00:00;19.04.2020 11:00:00;207;34;2161;1;;84;2487
19.04.2020 11:00:00;19.04.2020 12:00:00;206;34;2067;2;;122;2431
19.04.2020 12:00:00;19.04.2020 13:00:00;207;34;2045;4;;108;2398
19.04.2020 13:00:00;19.04.2020 14:00:00;208;34;1915;6;;123;2286
19.04.2020 14:00:00;19.04.2020 15:00:00;207;34;1906;6;;109;2262
19.04.2020 15:00:00;19.04.2020 16:00:00;208;34;1925;7;;122;2296
19.04.2020 16:00:00;19.04.2020 17:00:00;208;34;1990;8;;138;2378
19.04.2020 17:00:00;19.04.2020 18:00:00;208;34;2111;10;;160;2523
19.04.2020 18:00:00;19.04.2020 19:00:00;201;34;2081;13;;187;2516
19.04.2020 19:00:00;19.04.2020 20:00:00;203;34;2129;12;;214;2592
19.04.2020 20:00:00;19.04.2020 21:00:00;201;34;2092;12;;202;2541
19.04.2020 21:00:00;19.04.2020 22:00:00;201;34;1975;11;;217;2438
19.04.2020 22:00:00;19.04.2020 23:00:00;202;34;1962;11;;229;2438
19.04.2020 23:00:00;20.04.2020 00:00:00;201;34;1913;14;;243;2405
20.04.2020 00:00:00;20.04.2020 01:00:00;203;34;1830;15;;242;2324
20.04.2020 01:00:00;20.04.2020 02:00:00;199;34;1817;15;;238;2303
20.04.2020 02:00:00;20.04.2020 03:00:00;201;34;1648;13;;241;2137
20.04.2020 03:00:00;20.04.2020 04:00:00;202;34;1621;14;;243;2114
20.04.2020 04:00:00;20.04.2020 05:00:00;203;34;1673;14;;234;2158
20.04.2020 05:00:00;20.04.2020 06:00:00;203;34;1972;11;;229;2449
20.04.2020 06:00:00;20.04.2020 07:00:00;205;34;1798;8;;224;2269
20.04.2020 07:00:00;20.04.2020 08:00:00;203;33;1796;8;;230;2270
20.04.2020 08:00:00;20.04.2020 09:00:00;203;33;1826;8;;239;2309
20.04.2020 09:00:00;20.04.2020 10:00:00;205;34;1888;8;;230;2365
20.04.2020 10:00:00;20.04.2020 11:00:00;204;34;2063;12;;215;2528
20.04.2020 11:00:00;20.04.2020 12:00:00;201;34;2072;12;;191;2510
20.04.2020 12:00:00;20.04.2020 13:00:00;202;34;1997;13;;189;2435
20.04.2020 13:00:00;20.04.2020 14:00:00;204;34;2058;12;;184;2492
20.04.2020 14:00:00;20.04.2020 15:00:00;179;32;2078;13;;174;2476
20.04.2020 15:00:00;20.04.2020 16:00:00;179;32;2082;9;;171;2473
20.04.2020 16:00:00;20.04.2020 17:00:00;179;32;2122;6;;165;2504
20.04.2020 17:00:00;20.04.2020 18:00:00;179;32;2209;6;;160;2586
20.04.2020 18:00:00;20.04.2020 19:00:00;179;32;2221;5;;149;2586
20.04.2020 19:00:00;20.04.2020 20:00:00;179;32;2194;5;;155;2565
20.04.2020 20:00:00;20.04.2020 21:00:00;179;32;2249;6;;163;2629
20.04.2020 21:00:00;20.04.2020 22:00:00;179;32;2219;7;;165;2602
20.04.2020 22:00:00;20.04.2020 23:00:00;179;32;2092;8;;172;2483
20.04.2020 23:00:00;21.04.2020 00:00:00;179;32;2102;9;;172;2494
21.04.2020 00:00:00;21.04.2020 01:00:00;178;34;1969;10;;178;2369
21.04.2020 01:00:00;21.04.2020 02:00:00;178;34;1872;13;;200;2297
21.04.2020 02:00:00;21.04.2020 03:00:00;178;34;1749;12;;200;2173
21.04.2020 03:00:00;21.04.2020 04:00:00;200;34;1933;14;;191;2372
21.04.2020 04:00:00;21.04.2020 05:00:00;200;34;1784;14;;176;2208
21.04.2020 05:00:00;21.04.2020 06:00:00;200;34;2083;13;;170;2500
21.04.2020 06:00:00;21.04.2020 07:00:00;178;33;2261;10;;187;2669
21.04.2020 07:00:00;21.04.2020 08:00:00;178;33;2392;9;;176;2788
21.04.2020 08:00:00;21.04.2020 09:00:00;178;34;2425;9;;177;2823
21.04.2020 09:00:00;21.04.2020 10:00:00;178;34;2431;8;;178;2829
21.04.2020 10:00:00;21.04.2020 11:00:00;178;34;2380;5;;181;2778
21.04.2020 11:00:00;21.04.2020 12:00:00;178;35;2307;8;;188;2716
21.04.2020 12:00:00;21.04.2020 13:00:00;178;35;2213;7;;126;2559
21.04.2020 13:00:00;21.04.2020 14:00:00;178;35;2146;6;;170;2535
21.04.2020 14:00:00;21.04.2020 15:00:00;178;35;2134;0;;169;2516
21.04.2020 15:00:00;21.04.2020 16:00:00;178;35;2005;0;;165;2383
21.04.2020 16:00:00;21.04.2020 17:00:00;178;35;1933;0;;155;2301
21.04.2020 17:00:00;21.04.2020 18:00:00;178;35;2069;0;;153;2435
21.04.2020 18:00:00;21.04.2020 19:00:00;178;35;2329;1;;146;2689
21.04.2020 19:00:00;21.04.2020 20:00:00;178;35;2293;1;;147;2654
21.04.2020 20:00:00;21.04.2020 21:00:00;178;35;2284;0;;153;2650
21.04.2020 21:00:00;21.04.2020 22:00:00;178;35;2328;1;;163;2705
21.04.2020 22:00:00;21.04.2020 23:00:00;178;35;2294;1;;158;2666
21.04.2020 23:00:00;22.04.2020 00:00:00;178;35;2275;0;;153;2641
22.04.2020 00:00:00;22.04.2020 01:00:00;178;36;2166;0;;146;2526
22.04.2020 01:00:00;22.04.2020 02:00:00;178;36;2027;0;;155;2396
22.04.2020 02:00:00;22.04.2020 03:00:00;178;36;1883;0;;171;2268
22.04.2020 03:00:00;22.04.2020 04:00:00;178;36;1942;1;;166;2323
22.04.2020 04:00:00;22.04.2020 05:00:00;178;35;2030;1;;165;2409
22.04.2020 05:00:00;22.04.2020 06:00:00;178;35;2272;1;;156;2642
22.04.2020 06:00:00;22.04.2020 07:00:00;178;35;2366;1;;148;2728
22.04.2020 07:00:00;22.04.2020 08:00:00;178;35;2576;2;;148;2939
22.04.2020 08:00:00;22.04.2020 09:00:00;178;35;2567;2;;151;2933
22.04.2020 09:00:00;22.04.2020 10:00:00;178;34;2532;2;;144;2890
22.04.2020 10:00:00;22.04.2020 11:00:00;178;34;2526;2;;140;2880
22.04.2020 11:00:00;22.04.2020 12:00:00;178;35;2495;2;;131;2841
22.04.2020 12:00:00;22.04.2020 13:00:00;178;34;2335;3;;127;2677
22.04.2020 13:00:00;22.04.2020 14:00:00;178;35;2188;4;;124;2529
22.04.2020 14:00:00;22.04.2020 15:00:00;178;35;2115;3;;134;2465
22.04.2020 15:00:00;22.04.2020 16:00:00;178;35;2132;4;;135;2484
22.04.2020 16:00:00;22.04.2020 17:00:00;178;35;2272;4;;141;2630
22.04.2020 17:00:00;22.04.2020 18:00:00;178;35;2316;4;;125;2658
22.04.2020 18:00:00;22.04.2020 19:00:00;178;35;2283;4;;119;2619
22.04.2020 19:00:00;22.04.2020 20:00:00;178;35;2290;3;;124;2630
22.04.2020 20:00:00;22.04.2020 21:00:00;178;35;2282;4;;117;2616
22.04.2020 21:00:00;22.04.2020 22:00:00;178;35;2287;4;;118;2622
22.04.2020 22:00:00;22.04.2020 23:00:00;178;35;2235;3;;117;2568
22.04.2020 23:00:00;23.04.2020 00:00:00;178;35;2122;4;;118;2457
23.04.2020 00:00:00;23.04.2020 01:00:00;178;37;2073;6;;118;2412
23.04.2020 01:00:00;23.04.2020 02:00:00;178;37;2078;9;;114;2416
23.04.2020 02:00:00;23.04.2020 03:00:00;178;37;2083;6;;117;2421
23.04.2020 03:00:00;23.04.2020 04:00:00;178;37;2091;4;;115;2425
23.04.2020 04:00:00;23.04.2020 05:00:00;178;37;2087;2;;122;2426
23.04.2020 05:00:00;23.04.2020 06:00:00;178;37;2128;2;;120;2465
23.04.2020 06:00:00;23.04.2020 07:00:00;178;39;2164;2;;119;2502
23.04.2020 07:00:00;23.04.2020 08:00:00;178;39;2277;2;;118;2614
23.04.2020 08:00:00;23.04.2020 09:00:00;178;39;2401;1;;118;2737
23.04.2020 09:00:00;23.04.2020 10:00:00;178;39;2353;2;;115;2687
23.04.2020 10:00:00;23.04.2020 11:00:00;178;39;2373;4;;116;2710
23.04.2020 11:00:00;23.04.2020 12:00:00;178;39;2337;4;;117;2675
23.04.2020 12:00:00;23.04.2020 13:00:00;178;39;2299;4;;119;2639
23.04.2020 13:00:00;23.04.2020 14:00:00;178;37;2097;3;;125;2440
23.04.2020 14:00:00;23.04.2020 15:00:00;178;36;2121;2;;120;2457
23.04.2020 15:00:00;23.04.2020 16:00:00;178;36;2070;0;;123;2407
23.04.2020 16:00:00;23.04.2020 17:00:00;178;36;2033;1;;133;2381
23.04.2020 17:00:00;23.04.2020 18:00:00;178;36;1981;1;;138;2334
23.04.2020 18:00:00;23.04.2020 19:00:00;178;38;1967;2;;143;2328
23.04.2020 19:00:00;23.04.2020 20:00:00;178;38;1953;4;;160;2333
23.04.2020 20:00:00;23.04.2020 21:00:00;178;39;2024;3;;166;2410
23.04.2020 21:00:00;23.04.2020 22:00:00;178;39;2033;2;;167;2419
23.04.2020 22:00:00;23.04.2020 23:00:00;178;38;1982;1;;178;2377
23.04.2020 23:00:00;24.04.2020 00:00:00;178;36;1956;2;;185;2357
24.04.2020 00:00:00;24.04.2020 01:00:00;178;37;1591;3;;190;1999
24.04.2020 01:00:00;24.04.2020 02:00:00;178;37;1634;4;;193;2046
24.04.2020 02:00:00;24.04.2020 03:00:00;178;37;1622;4;;196;2037
24.04.2020 03:00:00;24.04.2020 04:00:00;178;37;1620;5;;195;2035
24.04.2020 04:00:00;24.04.2020 05:00:00;178;37;1639;6;;207;2067
24.04.2020 05:00:00;24.04.2020 06:00:00;178;37;1708;4;;215;2142
24.04.2020 06:00:00;24.04.2020 07:00:00;178;37;1859;1;;212;2287
24.04.2020 07:00:00;24.04.2020 08:00:00;178;39;2029;0;;218;2464
24.04.2020 08:00:00;24.04.2020 09:00:00;178;39;2030;3;;214;2464
24.04.2020 09:00:00;24.04.2020 10:00:00;178;39;2058;11;;223;2509
24.04.2020 10:00:00;24.04.2020 11:00:00;178;39;2063;11;;232;2523
24.04.2020 11:00:00;24.04.2020 12:00:00;178;37;2054;2;;229;2500
24.04.2020 12:00:00;24.04.2020 13:00:00;178;35;2047;2;;236;2498
24.04.2020 13:00:00;24.04.2020 14:00:00;178;35;1955;8;;239;2415
24.04.2020 14:00:00;24.04.2020 15:00:00;178;37;1927;11;;247;2400
24.04.2020 15:00:00;24.04.2020 16:00:00;178;36;1842;6;;234;2296
24.04.2020 16:00:00;24.04.2020 17:00:00;178;37;1780;8;;233;2236
24.04.2020 17:00:00;24.04.2020 18:00:00;178;37;1787;5;;231;2238
24.04.2020 18:00:00;24.04.2020 19:00:00;178;37;1787;9;;227;2238
24.04.2020 19:00:00;24.04.2020 20:00:00;178;37;1783;7;;211;2216
24.04.2020 20:00:00;24.04.2020 21:00:00;178;37;1744;6;;188;2153
24.04.2020 21:00:00;24.04.2020 22:00:00;178;37;1780;6;;177;2178
24.04.2020 22:00:00;24.04.2020 23:00:00;178;37;1749;5;;194;2163
24.04.2020 23:00:00;25.04.2020 00:00:00;178;37;1759;6;;195;2175
25.04.2020 00:00:00;25.04.2020 01:00:00;178;39;1664;6;;232;2119
25.04.2020 01:00:00;25.04.2020 02:00:00;178;38;1716;9;;259;2200
25.04.2020 02:00:00;25.04.2020 03:00:00;178;38;1695;13;;283;2207
25.04.2020 03:00:00;25.04.2020 04:00:00;178;38;1701;15;;301;2233
25.04.2020 04:00:00;25.04.2020 05:00:00;178;38;1721;17;;308;2262
25.04.2020 05:00:00;25.04.2020 06:00:00;178;36;1743;17;;306;2280
25.04.2020 06:00:00;25.04.2020 07:00:00;178;36;1697;18;;312;2241
25.04.2020 07:00:00;25.04.2020 08:00:00;178;36;1837;14;;321;2386
25.04.2020 08:00:00;25.04.2020 09:00:00;178;36;1876;21;;325;2436
25.04.2020 09:00:00;25.04.2020 10:00:00;178;36;1942;23;;358;2537
25.04.2020 10:00:00;25.04.2020 11:00:00;178;36;1921;18;;348;2501
25.04.2020 11:00:00;25.04.2020 12:00:00;178;36;1870;15;;348;2447
25.04.2020 12:00:00;25.04.2020 13:00:00;178;36;1801;16;;359;2390
25.04.2020 13:00:00;25.04.2020 14:00:00;178;36;1745;19;;363;2341
25.04.2020 14:00:00;25.04.2020 15:00:00;178;36;1701;20;;356;2291
25.04.2020 15:00:00;25.04.2020 16:00:00;178;36;1619;15;;346;2194
25.04.2020 16:00:00;25.04.2020 17:00:00;178;37;1643;14;;340;2212
25.04.2020 17:00:00;25.04.2020 18:00:00;178;37;1707;13;;340;2275
25.04.2020 18:00:00;25.04.2020 19:00:00;178;37;1760;14;;331;2320
25.04.2020 19:00:00;25.04.2020 20:00:00;178;37;1805;15;;327;2362
25.04.2020 20:00:00;25.04.2020 21:00:00;178;37;1808;17;;316;2356
25.04.2020 21:00:00;25.04.2020 22:00:00;178;37;1845;17;;307;2384
25.04.2020 22:00:00;25.04.2020 23:00:00;178;37;1823;15;;293;2346
25.04.2020 23:00:00;26.04.2020 00:00:00;178;37;1763;15;;286;2279
26.04.2020 00:00:00;26.04.2020 01:00:00;178;38;1851;10;;284;2361
26.04.2020 01:00:00;26.04.2020 02:00:00;178;38;1852;10;;275;2353
26.04.2020 02:00:00;26.04.2020 03:00:00;178;38;1844;12;;260;2332
26.04.2020 03:00:00;26.04.2020 04:00:00;178;38;1864;11;;258;2349
26.04.2020 04:00:00;26.04.2020 05:00:00;178;38;1880;10;;261;2367
26.04.2020 05:00:00;26.04.2020 06:00:00;178;38;1915;11;;242;2384
26.04.2020 06:00:00;26.04.2020 07:00:00;178;38;1917;6;;254;2393
26.04.2020 07:00:00;26.04.2020 08:00:00;178;40;1935;4;;250;2407
26.04.2020 08:00:00;26.04.2020 09:00:00;178;40;1944;1;;242;2405
26.04.2020 09:00:00;26.04.2020 10:00:00;178;40;1976;1;;256;2451
26.04.2020 10:00:00;26.04.2020 11:00:00;178;40;1999;3;;249;2469
26.04.2020 11:00:00;26.04.2020 12:00:00;178;40;2013;4;;240;2475
26.04.2020 12:00:00;26.04.2020 13:00:00;178;38;1987;3;;219;2425
26.04.2020 13:00:00;26.04.2020 14:00:00;178;38;1985;3;;209;2413
26.04.2020 14:00:00;26.04.2020 15:00:00;178;37;1990;1;;195;2401
26.04.2020 15:00:00;26.04.2020 16:00:00;178;37;1987;2;;176;2380
26.04.2020 16:00:00;26.04.2020 17:00:00;178;37;2016;3;;172;2406
26.04.2020 17:00:00;26.04.2020 18:00:00;178;37;2021;1;;172;2409
26.04.2020 18:00:00;26.04.2020 19:00:00;178;39;2012;0;;172;2401
26.04.2020 19:00:00;26.04.2020 20:00:00;178;40;2011;0;;161;2390
26.04.2020 20:00:00;26.04.2020 21:00:00;178;39;2017;0;;175;2409
26.04.2020 21:00:00;26.04.2020 22:00:00;178;37;2029;0;;161;2405
26.04.2020 22:00:00;26.04.2020 23:00:00;178;37;2000;0;;176;2391
26.04.2020 23:00:00;27.04.2020 00:00:00;178;37;1956;0;;172;2343
27.04.2020 00:00:00;27.04.2020 01:00:00;178;39;1938;0;;176;2331
27.04.2020 01:00:00;27.04.2020 02:00:00;178;39;1918;1;;168;2304
27.04.2020 02:00:00;27.04.2020 03:00:00;178;39;1898;6;;181;2302
27.04.2020 03:00:00;27.04.2020 04:00:00;178;39;1891;1;;160;2269
27.04.2020 04:00:00;27.04.2020 05:00:00;178;39;1917;1;;165;2300
27.04.2020 05:00:00;27.04.2020 06:00:00;178;39;2001;1;;193;2412
27.04.2020 06:00:00;27.04.2020 07:00:00;178;39;2108;0;;188;2513
27.04.2020 07:00:00;27.04.2020 08:00:00;178;39;2186;0;;172;2575
27.04.2020 08:00:00;27.04.2020 09:00:00;178;45;2188;0;;147;2558
27.04.2020 09:00:00;27.04.2020 10:00:00;178;45;2196;0;;131;2550
27.04.2020 10:00:00;27.04.2020 11:00:00;178;45;2175;0;;122;2520
27.04.2020 11:00:00;27.04.2020 12:00:00;178;45;2178;1;;117;2519
27.04.2020 12:00:00;27.04.2020 13:00:00;178;45;2182;1;;120;2526
27.04.2020 13:00:00;27.04.2020 14:00:00;178;45;2102;2;;119;2446
27.04.2020 14:00:00;27.04.2020 15:00:00;178;45;2048;3;;95;2369
27.04.2020 15:00:00;27.04.2020 16:00:00;178;45;2060;3;;117;2403
27.04.2020 16:00:00;27.04.2020 17:00:00;178;45;2047;3;;111;2384
27.04.2020 17:00:00;27.04.2020 18:00:00;178;45;2034;3;;117;2377
27.04.2020 18:00:00;27.04.2020 19:00:00;178;45;2034;1;;105;2363
27.04.2020 19:00:00;27.04.2020 20:00:00;178;45;2037;1;;83;2344
27.04.2020 20:00:00;27.04.2020 21:00:00;178;45;2029;3;;81;2336
27.04.2020 21:00:00;27.04.2020 22:00:00;178;45;2049;3;;75;2350
27.04.2020 22:00:00;27.04.2020 23:00:00;178;45;2012;4;;67;2306
27.04.2020 23:00:00;28.04.2020 00:00:00;178;45;1971;4;;67;2265
28.04.2020 00:00:00;28.04.2020 01:00:00;178;45;1997;2;;58;2280
28.04.2020 01:00:00;28.04.2020 02:00:00;178;45;1963;5;;44;2235
28.04.2020 02:00:00;28.04.2020 03:00:00;178;45;1951;8;;38;2220
28.04.2020 03:00:00;28.04.2020 04:00:00;178;45;1947;13;;31;2214
28.04.2020 04:00:00;28.04.2020 05:00:00;178;45;1951;13;;29;2216
28.04.2020 05:00:00;28.04.2020 06:00:00;178;45;1969;9;;28;2229
28.04.2020 06:00:00;28.04.2020 07:00:00;178;45;2026;9;;26;2284
28.04.2020 07:00:00;28.04.2020 08:00:00;178;48;2265;8;;24;2523
28.04.2020 08:00:00;28.04.2020 09:00:00;178;48;2380;11;;29;2646
28.04.2020 09:00:00;28.04.2020 10:00:00;178;47;2386;11;;29;2651
28.04.2020 10:00:00;28.04.2020 11:00:00;178;47;2395;13;;29;2662
28.04.2020 11:00:00;28.04.2020 12:00:00;178;44;2350;17;;22;2611
28.04.2020 12:00:00;28.04.2020 13:00:00;178;44;2326;19;;23;2590
28.04.2020 13:00:00;28.04.2020 14:00:00;178;44;2313;17;;25;2577
28.04.2020 14:00:00;28.04.2020 15:00:00;178;44;2281;19;;21;2543
28.04.2020 15:00:00;28.04.2020 16:00:00;178;44;2258;19;;23;2522
28.04.2020 16:00:00;28.04.2020 17:00:00;178;44;2215;20;;25;2482
28.04.2020 17:00:00;28.04.2020 18:00:00;178;44;2155;19;;23;2419
28.04.2020 18:00:00;28.04.2020 19:00:00;178;44;2118;17;;22;2379
28.04.2020 19:00:00;28.04.2020 20:00:00;178;44;2126;18;;26;2392
28.04.2020 20:00:00;28.04.2020 21:00:00;178;44;2164;21;;32;2439
28.04.2020 21:00:00;28.04.2020 22:00:00;178;44;2156;25;;38;2441
28.04.2020 22:00:00;28.04.2020 23:00:00;178;44;2095;26;;51;2394
28.04.2020 23:00:00;29.04.2020 00:00:00;178;44;2024;26;;60;2332
29.04.2020 00:00:00;29.04.2020 01:00:00;178;47;1965;24;;69;2283
29.04.2020 01:00:00;29.04.2020 02:00:00;178;47;1927;27;;82;2261
29.04.2020 02:00:00;29.04.2020 03:00:00;178;47;1918;29;;93;2265
29.04.2020 03:00:00;29.04.2020 04:00:00;178;47;1931;28;;85;2269
29.04.2020 04:00:00;29.04.2020 05:00:00;178;47;1892;27;;92;2236
29.04.2020 05:00:00;29.04.2020 06:00:00;178;47;1893;27;;91;2236
29.04.2020 06:00:00;29.04.2020 07:00:00;178;47;1964;27;;88;2304
29.04.2020 07:00:00;29.04.2020 08:00:00;178;47;2282;27;;87;2621
29.04.2020 08:00:00;29.04.2020 09:00:00;178;47;2358;27;;83;2693
29.04.2020 09:00:00;29.04.2020 10:00:00;178;47;2259;27;;83;2594
29.04.2020 10:00:00;29.04.2020 11:00:00;178;47;2243;26;;76;2570
29.04.2020 11:00:00;29.04.2020 12:00:00;178;47;2254;27;;89;2595
29.04.2020 12:00:00;29.04.2020 13:00:00;178;47;2237;27;;76;2565
29.04.2020 13:00:00;29.04.2020 14:00:00;178;47;2243;25;;62;2555
29.04.2020 14:00:00;29.04.2020 15:00:00;178;47;2223;23;;55;2526
29.04.2020 15:00:00;29.04.2020 16:00:00;178;47;2176;21;;54;2476
29.04.2020 16:00:00;29.04.2020 17:00:00;178;47;2143;20;;47;2435
29.04.2020 17:00:00;29.04.2020 18:00:00;178;47;2135;17;;44;2421
29.04.2020 18:00:00;29.04.2020 19:00:00;178;47;2082;19;;36;2362
29.04.2020 19:00:00;29.04.2020 20:00:00;178;47;2075;21;;38;2359
29.04.2020 20:00:00;29.04.2020 21:00:00;178;47;2090;20;;41;2376
29.04.2020 21:00:00;29.04.2020 22:00:00;178;47;2101;18;;41;2385
29.04.2020 22:00:00;29.04.2020 23:00:00;178;47;2085;18;;46;2374
29.04.2020 23:00:00;30.04.2020 00:00:00;178;47;1987;21;;51;2284
30.04.2020 00:00:00;30.04.2020 01:00:00;178;47;2028;26;;50;2329
30.04.2020 01:00:00;30.04.2020 02:00:00;178;45;2031;26;;56;2336
30.04.2020 02:00:00;30.04.2020 03:00:00;178;45;2029;29;;65;2346
30.04.2020 03:00:00;30.04.2020 04:00:00;178;45;1994;27;;63;2307
30.04.2020 04:00:00;30.04.2020 05:00:00;178;45;1947;27;;63;2260
30.04.2020 05:00:00;30.04.2020 06:00:00;178;47;1942;27;;60;2254
30.04.2020 06:00:00;30.04.2020 07:00:00;178;48;1920;27;;61;2234
30.04.2020 07:00:00;30.04.2020 08:00:00;178;48;2081;27;;58;2392
30.04.2020 08:00:00;30.04.2020 09:00:00;178;48;2148;27;;78;2479
30.04.2020 09:00:00;30.04.2020 10:00:00;178;48;2089;27;;75;2417
30.04.2020 10:00:00;30.04.2020 11:00:00;178;48;2080;26;;74;2406
30.04.2020 11:00:00;30.04.2020 12:00:00;178;48;2010;27;;79;2342
30.04.2020 12:00:00;30.04.2020 13:00:00;178;48;1999;27;;74;2326
30.04.2020 13:00:00;30.04.2020 14:00:00;178;48;1952;25;;71;2274
30.04.2020 14:00:00;30.04.2020 15:00:00;178;46;1961;24;;65;2274
30.04.2020 15:00:00;30.04.2020 16:00:00;178;46;1974;20;;62;2280
30.04.2020 16:00:00;30.04.2020 17:00:00;178;46;1977;13;;43;2257
30.04.2020 17:00:00;30.04.2020 18:00:00;178;46;1955;11;;30;2220
30.04.2020 18:00:00;30.04.2020 19:00:00;178;46;1919;12;;30;2185
30.04.2020 19:00:00;30.04.2020 20:00:00;178;46;1871;10;;27;2132
30.04.2020 20:00:00;30.04.2020 21:00:00;178;46;1785;8;;33;2050
30.04.2020 21:00:00;30.04.2020 22:00:00;178;46;1783;7;;35;2049
30.04.2020 22:00:00;30.04.2020 23:00:00;178;46;1750;5;;36;2015
30.04.2020 23:00:00;01.05.2020 00:00:00;178;46;1596;7;;42;1869
01.05.2020 00:00:00;01.05.2020 01:00:00;180;43;1491;4;;49;1767
01.05.2020 01:00:00;01.05.2020 02:00:00;180;43;1441;4;;49;1717
01.05.2020 02:00:00;01.05.2020 03:00:00;180;43;1458;9;;53;1743
01.05.2020 03:00:00;01.05.2020 04:00:00;180;43;1457;12;;52;1744
01.05.2020 04:00:00;01.05.2020 05:00:00;180;43;1456;11;;60;1750
01.05.2020 05:00:00;01.05.2020 06:00:00;180;43;1439;12;;69;1743
01.05.2020 06:00:00;01.05.2020 07:00:00;180;43;1466;15;;69;1773
01.05.2020 07:00:00;01.05.2020 08:00:00;180;43;1520;13;;63;1819
01.05.2020 08:00:00;01.05.2020 09:00:00;180;43;1586;10;;65;1884
01.05.2020 09:00:00;01.05.2020 10:00:00;160;43;1638;10;;66;1917
01.05.2020 10:00:00;01.05.2020 11:00:00;140;43;1774;12;;62;2031
01.05.2020 11:00:00;01.05.2020 12:00:00;120;43;1769;16;;65;2013
01.05.2020 12:00:00;01.05.2020 13:00:00;96;43;1764;18;;63;1984
01.05.2020 13:00:00;01.05.2020 14:00:00;96;43;1758;10;;51;1958
01.05.2020 14:00:00;01.05.2020 15:00:00;96;43;1682;12;;54;1887
01.05.2020 15:00:00;01.05.2020 16:00:00;96;43;1652;11;;55;1857
01.05.2020 16:00:00;01.05.2020 17:00:00;96;43;1689;11;;56;1895
01.05.2020 17:00:00;01.05.2020 18:00:00;96;43;1822;9;;62;2032
01.05.2020 18:00:00;01.05.2020 19:00:00;96;43;1850;15;;62;2066
01.05.2020 19:00:00;01.05.2020 20:00:00;96;43;1853;18;;70;2080
01.05.2020 20:00:00;01.05.2020 21:00:00;96;43;1810;12;;63;2024
01.05.2020 21:00:00;01.05.2020 22:00:00;96;43;1816;15;;65;2035
01.05.2020 22:00:00;01.05.2020 23:00:00;96;43;1830;11;;71;2051
01.05.2020 23:00:00;02.05.2020 00:00:00;96;43;1793;11;;63;2006
02.05.2020 00:00:00;02.05.2020 01:00:00;180;40;1849;4;;73;2146
02.05.2020 01:00:00;02.05.2020 02:00:00;180;40;1716;7;;75;2018
02.05.2020 02:00:00;02.05.2020 03:00:00;180;40;1704;13;;63;2000
02.05.2020 03:00:00;02.05.2020 04:00:00;180;40;1713;19;;62;2014
02.05.2020 04:00:00;02.05.2020 05:00:00;180;40;1726;23;;57;2026
02.05.2020 05:00:00;02.05.2020 06:00:00;180;40;1706;28;;58;2012
02.05.2020 06:00:00;02.05.2020 07:00:00;180;40;1626;25;;50;1921
02.05.2020 07:00:00;02.05.2020 08:00:00;180;40;1762;27;;55;2064
02.05.2020 08:00:00;02.05.2020 09:00:00;180;40;2000;28;;57;2305
02.05.2020 09:00:00;02.05.2020 10:00:00;180;40;2215;27;;68;2530
02.05.2020 10:00:00;02.05.2020 11:00:00;180;40;2305;26;;85;2636
02.05.2020 11:00:00;02.05.2020 12:00:00;180;40;2304;23;;85;2632
02.05.2020 12:00:00;02.05.2020 13:00:00;180;39;2205;24;;79;2527
02.05.2020 13:00:00;02.05.2020 14:00:00;180;39;1914;26;;90;2249
02.05.2020 14:00:00;02.05.2020 15:00:00;180;39;1622;24;;97;1962
02.05.2020 15:00:00;02.05.2020 16:00:00;180;39;1586;27;;90;1922
02.05.2020 16:00:00;02.05.2020 17:00:00;180;40;1644;27;;97;1988
02.05.2020 17:00:00;02.05.2020 18:00:00;180;40;2205;21;;95;2541
02.05.2020 18:00:00;02.05.2020 19:00:00;180;39;2238;26;;110;2593
02.05.2020 19:00:00;02.05.2020 20:00:00;180;40;2207;19;;119;2565
02.05.2020 20:00:00;02.05.2020 21:00:00;180;40;2103;15;;130;2468
02.05.2020 21:00:00;02.05.2020 22:00:00;180;40;2071;17;;123;2431
02.05.2020 22:00:00;02.05.2020 23:00:00;180;40;2281;27;;126;2654
02.05.2020 23:00:00;03.05.2020 00:00:00;180;40;2151;27;;120;2518
03.05.2020 00:00:00;03.05.2020 01:00:00;180;39;1956;25;;127;2327
03.05.2020 01:00:00;03.05.2020 02:00:00;180;39;1960;20;;137;2336
03.05.2020 02:00:00;03.05.2020 03:00:00;180;39;1952;17;;124;2312
03.05.2020 03:00:00;03.05.2020 04:00:00;180;39;1955;17;;129;2320
03.05.2020 04:00:00;03.05.2020 05:00:00;180;39;2074;14;;114;2421
03.05.2020 05:00:00;03.05.2020 06:00:00;180;39;1919;14;;115;2267
03.05.2020 06:00:00;03.05.2020 07:00:00;180;39;1728;12;;117;2076
03.05.2020 07:00:00;03.05.2020 08:00:00;180;39;1804;9;;113;2145
03.05.2020 08:00:00;03.05.2020 09:00:00;180;39;1853;5;;100;2177
03.05.2020 09:00:00;03.05.2020 10:00:00;180;39;1963;4;;86;2272
03.05.2020 10:00:00;03.05.2020 11:00:00;180;39;2028;2;;76;2325
03.05.2020 11:00:00;03.05.2020 12:00:00;180;39;2027;2;;91;2339
03.05.2020 12:00:00;03.05.2020 13:00:00;180;39;2058;1;;86;2364
03.05.2020 13:00:00;03.05.2020 14:00:00;180;39;1976;0;;75;2270
03.05.2020 14:00:00;03.05.2020 15:00:00;180;40;1654;0;;88;1962
03.05.2020 15:00:00;03.05.2020 16:00:00;180;40;1674;0;;77;1971
03.05.2020 16:00:00;03.05.2020 17:00:00;180;40;1887;0;;54;2161
03.05.2020 17:00:00;03.05.2020 18:00:00;180;40;2036;0;;47;2303
03.05.2020 18:00:00;03.05.2020 19:00:00;180;40;2121;1;;29;2371
03.05.2020 19:00:00;03.05.2020 20:00:00;180;40;2149;1;;32;2402
03.05.2020 20:00:00;03.05.2020 21:00:00;180;40;2137;1;;38;2396
03.05.2020 21:00:00;03.05.2020 22:00:00;180;40;2134;1;;33;2388
03.05.2020 22:00:00;03.05.2020 23:00:00;180;40;2092;1;;25;2338
03.05.2020 23:00:00;04.05.2020 00:00:00;180;40;1953;1;;16;2190
04.05.2020 00:00:00;04.05.2020 01:00:00;180;38;1733;0;;15;1966
04.05.2020 01:00:00;04.05.2020 02:00:00;180;38;1651;0;;6;1875
04.05.2020 02:00:00;04.05.2020 03:00:00;193;38;1692;0;;9;1932
04.05.2020 03:00:00;04.05.2020 04:00:00;198;38;1730;0;;12;1978
04.05.2020 04:00:00;04.05.2020 05:00:00;199;38;1732;3;;12;1984
04.05.2020 05:00:00;04.05.2020 06:00:00;198;38;1861;6;;14;2117
04.05.2020 06:00:00;04.05.2020 07:00:00;196;41;1862;6;;17;2122
04.05.2020 07:00:00;04.05.2020 08:00:00;199;41;2105;5;;24;2374
04.05.2020 08:00:00;04.05.2020 09:00:00;216;40;2205;4;;31;2496
04.05.2020 09:00:00;04.05.2020 10:00:00;213;40;2241;6;;29;2529
04.05.2020 10:00:00;04.05.2020 11:00:00;215;40;2302;5;;33;2595
04.05.2020 11:00:00;04.05.2020 12:00:00;215;40;2271;5;;32;2563
04.05.2020 12:00:00;04.05.2020 13:00:00;213;40;2287;6;;36;2582
04.05.2020 13:00:00;04.05.2020 14:00:00;210;39;2282;7;;44;2582
04.05.2020 14:00:00;04.05.2020 15:00:00;210;39;2313;7;;53;2622
04.05.2020 15:00:00;04.05.2020 16:00:00;215;38;2270;7;;57;2587
04.05.2020 16:00:00;04.05.2020 17:00:00;214;38;2164;7;;65;2488
04.05.2020 17:00:00;04.05.2020 18:00:00;215;39;2136;6;;60;2456
04.05.2020 18:00:00;04.05.2020 19:00:00;216;40;2043;7;;70;2376
04.05.2020 19:00:00;04.05.2020 20:00:00;202;40;2043;5;;83;2373
04.05.2020 20:00:00;04.05.2020 21:00:00;199;40;2013;7;;88;2347
04.05.2020 21:00:00;04.05.2020 22:00:00;201;40;2005;6;;121;2373
04.05.2020 22:00:00;04.05.2020 23:00:00;202;39;2000;8;;151;2400
04.05.2020 23:00:00;05.05.2020 00:00:00;204;38;1865;10;;158;2275
05.05.2020 00:00:00;05.05.2020 01:00:00;201;38;1787;8;;152;2186
05.05.2020 01:00:00;05.05.2020 02:00:00;202;38;1663;3;;156;2062
05.05.2020 02:00:00;05.05.2020 03:00:00;202;38;1649;1;;183;2073
05.05.2020 03:00:00;05.05.2020 04:00:00;201;38;1644;0;;190;2073
05.05.2020 04:00:00;05.05.2020 05:00:00;203;38;1661;1;;206;2109
05.05.2020 05:00:00;05.05.2020 06:00:00;203;38;1851;3;;199;2294
05.05.2020 06:00:00;05.05.2020 07:00:00;201;38;2029;15;;216;2499
05.05.2020 07:00:00;05.05.2020 08:00:00;200;38;2106;19;;212;2575
05.05.2020 08:00:00;05.05.2020 09:00:00;201;39;2145;21;;220;2626
05.05.2020 09:00:00;05.05.2020 10:00:00;203;39;2084;19;;219;2564
05.05.2020 10:00:00;05.05.2020 11:00:00;203;39;2026;19;;212;2499
05.05.2020 11:00:00;05.05.2020 12:00:00;203;39;1920;20;;260;2442
05.05.2020 12:00:00;05.05.2020 13:00:00;205;39;1846;25;;298;2413
05.05.2020 13:00:00;05.05.2020 14:00:00;206;40;1758;30;;326;2360
05.05.2020 14:00:00;05.05.2020 15:00:00;205;40;1727;29;;346;2347
05.05.2020 15:00:00;05.05.2020 16:00:00;203;40;1910;28;;362;2543
05.05.2020 16:00:00;05.05.2020 17:00:00;201;40;1837;28;;377;2483
05.05.2020 17:00:00;05.05.2020 18:00:00;205;40;1832;26;;361;2464
05.05.2020 18:00:00;05.05.2020 19:00:00;202;40;1839;27;;350;2458
05.05.2020 19:00:00;05.05.2020 20:00:00;201;40;1826;25;;362;2454
05.05.2020 20:00:00;05.05.2020 21:00:00;202;40;1777;25;;362;2406
05.05.2020 21:00:00;05.05.2020 22:00:00;201;40;1627;21;;350;2239
05.05.2020 22:00:00;05.05.2020 23:00:00;203;40;1726;26;;343;2338
05.05.2020 23:00:00;06.05.2020 00:00:00;202;40;1536;20;;332;2130
06.05.2020 00:00:00;06.05.2020 01:00:00;202;39;1581;11;;325;2158
06.05.2020 01:00:00;06.05.2020 02:00:00;204;38;1577;12;;326;2157
06.05.2020 02:00:00;06.05.2020 03:00:00;204;38;1556;13;;313;2124
06.05.2020 03:00:00;06.05.2020 04:00:00;202;38;1563;9;;313;2125
06.05.2020 04:00:00;06.05.2020 05:00:00;204;38;1616;11;;309;2178
06.05.2020 05:00:00;06.05.2020 06:00:00;203;38;1685;11;;295;2232
06.05.2020 06:00:00;06.05.2020 07:00:00;203;38;1591;10;;272;2114
06.05.2020 07:00:00;06.05.2020 08:00:00;204;40;1619;16;;264;2143
06.05.2020 08:00:00;06.05.2020 09:00:00;206;40;1625;8;;256;2135
06.05.2020 09:00:00;06.05.2020 10:00:00;205;41;1618;10;;255;2129
06.05.2020 10:00:00;06.05.2020 11:00:00;180;40;1691;10;;256;2177
06.05.2020 11:00:00;06.05.2020 12:00:00;180;40;1701;15;;247;2183
06.05.2020 12:00:00;06.05.2020 13:00:00;199;40;1692;14;;225;2170
06.05.2020 13:00:00;06.05.2020 14:00:00;200;38;1592;10;;238;2078
06.05.2020 14:00:00;06.05.2020 15:00:00;199;38;1548;15;;237;2037
06.05.2020 15:00:00;06.05.2020 16:00:00;202;39;1601;14;;249;2105
06.05.2020 16:00:00;06.05.2020 17:00:00;203;39;1631;11;;270;2154
06.05.2020 17:00:00;06.05.2020 18:00:00;199;39;1621;12;;279;2150
06.05.2020 18:00:00;06.05.2020 19:00:00;201;39;1563;11;;284;2098
06.05.2020 19:00:00;06.05.2020 20:00:00;207;39;1605;15;;304;2170
06.05.2020 20:00:00;06.05.2020 21:00:00;206;39;1632;15;;336;2228
06.05.2020 21:00:00;06.05.2020 22:00:00;203;39;1602;22;;340;2206
06.05.2020 22:00:00;06.05.2020 23:00:00;202;39;1487;23;;352;2103
06.05.2020 23:00:00;07.05.2020 00:00:00;201;39;1430;23;;343;2036
07.05.2020 00:00:00;07.05.2020 01:00:00;198;40;1338;25;;318;1919
07.05.2020 01:00:00;07.05.2020 02:00:00;199;40;1341;21;;311;1912
07.05.2020 02:00:00;07.05.2020 03:00:00;204;40;1345;28;;311;1928
07.05.2020 03:00:00;07.05.2020 04:00:00;205;40;1366;21;;307;1939
07.05.2020 04:00:00;07.05.2020 05:00:00;206;40;1353;22;;299;1920
07.05.2020 05:00:00;07.05.2020 06:00:00;205;40;1360;25;;291;1921
07.05.2020 06:00:00;07.05.2020 07:00:00;202;40;1433;23;;303;2001
07.05.2020 07:00:00;07.05.2020 08:00:00;203;40;1598;19;;293;2153
07.05.2020 08:00:00;07.05.2020 09:00:00;202;40;1685;18;;272;2217
07.05.2020 09:00:00;07.05.2020 10:00:00;203;40;1710;21;;268;2242
07.05.2020 10:00:00;07.05.2020 11:00:00;202;40;1741;17;;290;2290
07.05.2020 11:00:00;07.05.2020 12:00:00;202;40;1767;20;;246;2275
07.05.2020 12:00:00;07.05.2020 13:00:00;201;40;1705;17;;234;2197
07.05.2020 13:00:00;07.05.2020 14:00:00;200;40;1714;8;;213;2175
07.05.2020 14:00:00;07.05.2020 15:00:00;199;40;1723;10;;204;2176
07.05.2020 15:00:00;07.05.2020 16:00:00;201;40;1744;10;;186;2181
07.05.2020 16:00:00;07.05.2020 17:00:00;201;40;1789;14;;178;2222
07.05.2020 17:00:00;07.05.2020 18:00:00;202;40;1808;12;;160;2222
07.05.2020 18:00:00;07.05.2020 19:00:00;203;40;2030;13;;173;2459
07.05.2020 19:00:00;07.05.2020 20:00:00;203;40;2095;6;;158;2502
07.05.2020 20:00:00;07.05.2020 21:00:00;201;40;2096;6;;142;2485
07.05.2020 21:00:00;07.05.2020 22:00:00;200;40;2095;8;;140;2483
07.05.2020 22:00:00;07.05.2020 23:00:00;201;40;2077;4;;132;2454
07.05.2020 23:00:00;08.05.2020 00:00:00;202;40;1918;3;;112;2275
08.05.2020 00:00:00;08.05.2020 01:00:00;201;40;1843;3;;107;2194
08.05.2020 01:00:00;08.05.2020 02:00:00;202;40;1730;4;;116;2092
08.05.2020 02:00:00;08.05.2020 03:00:00;203;40;1687;0;;114;2044
08.05.2020 03:00:00;08.05.2020 04:00:00;202;40;1684;0;;140;2066
08.05.2020 04:00:00;08.05.2020 05:00:00;202;40;1719;0;;148;2109
08.05.2020 05:00:00;08.05.2020 06:00:00;203;40;1820;0;;150;2213
08.05.2020 06:00:00;08.05.2020 07:00:00;202;40;1942;0;;146;2330
08.05.2020 07:00:00;08.05.2020 08:00:00;202;41;1962;0;;132;2337
08.05.2020 08:00:00;08.05.2020 09:00:00;203;42;2067;0;;128;2440
08.05.2020 09:00:00;08.05.2020 10:00:00;203;42;2121;0;;126;2492
08.05.2020 10:00:00;08.05.2020 11:00:00;199;42;2258;2;;121;2622
08.05.2020 11:00:00;08.05.2020 12:00:00;193;42;2224;2;;115;2576
08.05.2020 12:00:00;08.05.2020 13:00:00;199;41;2078;2;;104;2424
08.05.2020 13:00:00;08.05.2020 14:00:00;201;41;1892;1;;81;2216
08.05.2020 14:00:00;08.05.2020 15:00:00;197;41;1848;0;;94;2180
08.05.2020 15:00:00;08.05.2020 16:00:00;196;39;1635;0;;79;1949
08.05.2020 16:00:00;08.05.2020 17:00:00;195;39;1673;0;;81;1988
08.05.2020 17:00:00;08.05.2020 18:00:00;202;39;1754;0;;82;2077
08.05.2020 18:00:00;08.05.2020 19:00:00;203;39;1805;1;;75;2123
08.05.2020 19:00:00;08.05.2020 20:00:00;204;39;1860;0;;70;2173
08.05.2020 20:00:00;08.05.2020 21:00:00;203;41;1895;0;;58;2197
08.05.2020 21:00:00;08.05.2020 22:00:00;204;41;1963;0;;51;2259
08.05.2020 22:00:00;08.05.2020 23:00:00;201;40;1825;0;;46;2112
08.05.2020 23:00:00;09.05.2020 00:00:00;202;39;1642;0;;44;1927
09.05.2020 00:00:00;09.05.2020 01:00:00;202;40;1880;0;;51;2173
09.05.2020 01:00:00;09.05.2020 02:00:00;200;39;1803;1;;60;2103
09.05.2020 02:00:00;09.05.2020 03:00:00;202;40;1725;3;;69;2039
09.05.2020 03:00:00;09.05.2020 04:00:00;203;40;1703;3;;69;2018
09.05.2020 04:00:00;09.05.2020 05:00:00;203;40;1710;1;;63;2017
09.05.2020 05:00:00;09.05.2020 06:00:00;205;40;1757;2;;63;2067
09.05.2020 06:00:00;09.05.2020 07:00:00;204;40;1987;2;;68;2301
09.05.2020 07:00:00;09.05.2020 08:00:00;202;40;2000;3;;65;2310
09.05.2020 08:00:00;09.05.2020 09:00:00;202;40;2127;6;;60;2435
09.05.2020 09:00:00;09.05.2020 10:00:00;195;40;2152;8;;76;2471
09.05.2020 10:00:00;09.05.2020 11:00:00;202;40;2154;10;;68;2474
09.05.2020 11:00:00;09.05.2020 12:00:00;203;40;2121;10;;79;2453
09.05.2020 12:00:00;09.05.2020 13:00:00;202;40;2043;6;;73;2364
09.05.2020 13:00:00;09.05.2020 14:00:00;203;40;2024;9;;89;2365
09.05.2020 14:00:00;09.05.2020 15:00:00;204;38;2006;8;;95;2351
09.05.2020 15:00:00;09.05.2020 16:00:00;204;38;1984;5;;104;2335
09.05.2020 16:00:00;09.05.2020 17:00:00;204;38;1945;9;;98;2294
09.05.2020 17:00:00;09.05.2020 18:00:00;203;40;1995;4;;103;2345
09.05.2020 18:00:00;09.05.2020 19:00:00;203;40;2012;2;;97;2354
09.05.2020 19:00:00;09.05.2020 20:00:00;205;40;1997;0;;71;2313
09.05.2020 20:00:00;09.05.2020 21:00:00;204;40;1940;1;;69;2254
09.05.2020 21:00:00;09.05.2020 22:00:00;202;40;1924;0;;83;2249
09.05.2020 22:00:00;09.05.2020 23:00:00;204;40;1946;0;;73;2263
09.05.2020 23:00:00;10.05.2020 00:00:00;203;40;1853;2;;73;2171
10.05.2020 00:00:00;10.05.2020 01:00:00;203;36;1691;3;;69;2002
10.05.2020 01:00:00;10.05.2020 02:00:00;203;36;1493;1;;77;1810
10.05.2020 02:00:00;10.05.2020 03:00:00;199;36;1436;1;;83;1755
10.05.2020 03:00:00;10.05.2020 04:00:00;199;36;1414;3;;82;1734
10.05.2020 04:00:00;10.05.2020 05:00:00;198;36;1392;2;;79;1707
10.05.2020 05:00:00;10.05.2020 06:00:00;196;36;1373;3;;79;1687
10.05.2020 06:00:00;10.05.2020 07:00:00;197;36;1359;0;;77;1669
10.05.2020 07:00:00;10.05.2020 08:00:00;196;36;1391;0;;73;1696
10.05.2020 08:00:00;10.05.2020 09:00:00;198;36;1601;0;;62;1897
10.05.2020 09:00:00;10.05.2020 10:00:00;196;37;1708;1;;57;1999
10.05.2020 10:00:00;10.05.2020 11:00:00;198;36;1736;0;;53;2023
10.05.2020 11:00:00;10.05.2020 12:00:00;196;37;1645;0;;59;1937
10.05.2020 12:00:00;10.05.2020 13:00:00;198;36;1590;0;;51;1875
10.05.2020 13:00:00;10.05.2020 14:00:00;196;37;1532;0;;46;1811
10.05.2020 14:00:00;10.05.2020 15:00:00;196;36;1395;0;;42;1669
10.05.2020 15:00:00;10.05.2020 16:00:00;196;37;1292;0;;42;1567
10.05.2020 16:00:00;10.05.2020 17:00:00;194;36;1376;1;;27;1634
10.05.2020 17:00:00;10.05.2020 18:00:00;196;36;1538;1;;30;1801
10.05.2020 18:00:00;10.05.2020 19:00:00;195;36;1694;2;;29;1956
10.05.2020 19:00:00;10.05.2020 20:00:00;197;37;1747;4;;31;2016
10.05.2020 20:00:00;10.05.2020 21:00:00;197;36;1551;3;;32;1819
10.05.2020 21:00:00;10.05.2020 22:00:00;201;36;1695;3;;37;1972
10.05.2020 22:00:00;10.05.2020 23:00:00;194;36;1764;5;;37;2036
10.05.2020 23:00:00;11.05.2020 00:00:00;180;37;1654;7;;34;1912
11.05.2020 00:00:00;11.05.2020 01:00:00;180;37;1284;4;;44;1549
11.05.2020 01:00:00;11.05.2020 02:00:00;180;38;1282;9;;58;1567
11.05.2020 02:00:00;11.05.2020 03:00:00;180;37;1255;10;;88;1570
11.05.2020 03:00:00;11.05.2020 04:00:00;180;37;1242;7;;115;1581
11.05.2020 04:00:00;11.05.2020 05:00:00;180;37;1200;7;;131;1555
11.05.2020 05:00:00;11.05.2020 06:00:00;180;40;1357;9;;148;1734
11.05.2020 06:00:00;11.05.2020 07:00:00;196;40;1875;9;;157;2277
11.05.2020 07:00:00;11.05.2020 08:00:00;195;40;2108;9;;171;2523
11.05.2020 08:00:00;11.05.2020 09:00:00;195;42;2028;6;;175;2446
11.05.2020 09:00:00;11.05.2020 10:00:00;197;42;2015;7;;183;2444
11.05.2020 10:00:00;11.05.2020 11:00:00;197;42;2023;7;;153;2422
11.05.2020 11:00:00;11.05.2020 12:00:00;197;42;2065;10;;141;2455
11.05.2020 12:00:00;11.05.2020 13:00:00;197;42;1997;9;;143;2388
11.05.2020 13:00:00;11.05.2020 14:00:00;196;41;1941;6;;110;2294
11.05.2020 14:00:00;11.05.2020 15:00:00;197;41;1738;8;;101;2085
11.05.2020 15:00:00;11.05.2020 16:00:00;196;41;1760;12;;108;2117
11.05.2020 16:00:00;11.05.2020 17:00:00;197;41;1799;7;;112;2156
11.05.2020 17:00:00;11.05.2020 18:00:00;196;41;1815;9;;106;2167
11.05.2020 18:00:00;11.05.2020 19:00:00;198;42;1851;9;;99;2199
11.05.2020 19:00:00;11.05.2020 20:00:00;202;41;1822;9;;92;2166
11.05.2020 20:00:00;11.05.2020 21:00:00;201;42;1916;6;;122;2287
11.05.2020 21:00:00;11.05.2020 22:00:00;204;42;1914;4;;115;2279
11.05.2020 22:00:00;11.05.2020 23:00:00;203;42;1897;8;;108;2258
11.05.2020 23:00:00;12.05.2020 00:00:00;203;42;1880;9;;123;2257
12.05.2020 00:00:00;12.05.2020 01:00:00;205;42;1951;8;;169;2375
12.05.2020 01:00:00;12.05.2020 02:00:00;205;40;1926;7;;151;2329
12.05.2020 02:00:00;12.05.2020 03:00:00;205;39;1888;2;;161;2295
12.05.2020 03:00:00;12.05.2020 04:00:00;204;41;1896;2;;179;2322
12.05.2020 04:00:00;12.05.2020 05:00:00;203;42;1931;5;;193;2374
12.05.2020 05:00:00;12.05.2020 06:00:00;203;42;2064;3;;210;2522
12.05.2020 06:00:00;12.05.2020 07:00:00;206;42;2169;1;;197;2615
12.05.2020 07:00:00;12.05.2020 08:00:00;205;42;2283;0;;197;2727
12.05.2020 08:00:00;12.05.2020 09:00:00;204;42;2330;0;;182;2758
12.05.2020 09:00:00;12.05.2020 10:00:00;203;42;2316;2;;191;2754
12.05.2020 10:00:00;12.05.2020 11:00:00;204;42;2362;5;;187;2800
12.05.2020 11:00:00;12.05.2020 12:00:00;202;42;2355;7;;190;2796
12.05.2020 12:00:00;12.05.2020 13:00:00;200;42;2258;6;;183;2689
12.05.2020 13:00:00;12.05.2020 14:00:00;199;42;2152;1;;168;2562
12.05.2020 14:00:00;12.05.2020 15:00:00;196;42;2055;3;;168;2464
12.05.2020 15:00:00;12.05.2020 16:00:00;190;42;2049;5;;208;2494
12.05.2020 16:00:00;12.05.2020 17:00:00;190;42;1998;11;;216;2457
12.05.2020 17:00:00;12.05.2020 18:00:00;183;42;1967;9;;214;2415
12.05.2020 18:00:00;12.05.2020 19:00:00;200;42;1897;6;;215;2360
12.05.2020 19:00:00;12.05.2020 20:00:00;203;42;1944;6;;216;2411
12.05.2020 20:00:00;12.05.2020 21:00:00;199;42;1929;9;;208;2387
12.05.2020 21:00:00;12.05.2020 22:00:00;197;43;2017;5;;213;2475
12.05.2020 22:00:00;12.05.2020 23:00:00;201;42;2081;7;;214;2545
12.05.2020 23:00:00;13.05.2020 00:00:00;203;42;1857;5;;219;2326
13.05.2020 00:00:00;13.05.2020 01:00:00;201;42;2093;7;;216;2559
13.05.2020 01:00:00;13.05.2020 02:00:00;204;42;2071;4;;217;2538
13.05.2020 02:00:00;13.05.2020 03:00:00;201;42;2091;2;;201;2537
13.05.2020 03:00:00;13.05.2020 04:00:00;203;42;2072;3;;215;2535
13.05.2020 04:00:00;13.05.2020 05:00:00;202;42;2065;3;;237;2549
13.05.2020 05:00:00;13.05.2020 06:00:00;204;42;2062;2;;218;2528
13.05.2020 06:00:00;13.05.2020 07:00:00;203;42;2142;3;;195;2585
13.05.2020 07:00:00;13.05.2020 08:00:00;204;42;2312;4;;186;2748
13.05.2020 08:00:00;13.05.2020 09:00:00;203;42;2366;4;;166;2781
13.05.2020 09:00:00;13.05.2020 10:00:00;203;40;2374;5;;164;2786
13.05.2020 10:00:00;13.05.2020 11:00:00;193;40;2373;9;;161;2776
13.05.2020 11:00:00;13.05.2020 12:00:00;204;40;2326;10;;172;2752
13.05.2020 12:00:00;13.05.2020 13:00:00;205;40;2252;8;;166;2671
13.05.2020 13:00:00;13.05.2020 14:00:00;204;40;2243;7;;138;2632
13.05.2020 14:00:00;13.05.2020 15:00:00;202;40;2267;7;;124;2640
13.05.2020 15:00:00;13.05.2020 16:00:00;204;40;2207;6;;120;2577
13.05.2020 16:00:00;13.05.2020 17:00:00;205;40;2238;5;;104;2592
13.05.2020 17:00:00;13.05.2020 18:00:00;205;40;2227;4;;83;2559
13.05.2020 18:00:00;13.05.2020 19:00:00;203;40;2382;6;;73;2704
13.05.2020 19:00:00;13.05.2020 20:00:00;202;40;2386;5;;72;2705
13.05.2020 20:00:00;13.05.2020 21:00:00;203;40;2472;2;;71;2788
13.05.2020 21:00:00;13.05.2020 22:00:00;204;40;2523;2;;68;2837
13.05.2020 22:00:00;13.05.2020 23:00:00;206;40;2587;2;;55;2890
13.05.2020 23:00:00;14.05.2020 00:00:00;206;40;2473;2;;59;2780
14.05.2020 00:00:00;14.05.2020 01:00:00;206;37;2957;2;;45;3247
14.05.2020 01:00:00;14.05.2020 02:00:00;204;37;2901;2;;68;3212
14.05.2020 02:00:00;14.05.2020 03:00:00;204;37;2883;2;;61;3187
14.05.2020 03:00:00;14.05.2020 04:00:00;202;37;2902;2;;75;3218
14.05.2020 04:00:00;14.05.2020 05:00:00;203;37;2906;1;;97;3244
14.05.2020 05:00:00;14.05.2020 06:00:00;200;37;2495;1;;121;2854
14.05.2020 06:00:00;14.05.2020 07:00:00;199;37;2411;1;;136;2784
14.05.2020 07:00:00;14.05.2020 08:00:00;199;37;2804;1;;139;3180
14.05.2020 08:00:00;14.05.2020 09:00:00;197;37;2812;1;;144;3191
14.05.2020 09:00:00;14.05.2020 10:00:00;199;36;2767;1;;141;3144
14.05.2020 10:00:00;14.05.2020 11:00:00;198;36;2570;1;;141;2946
14.05.2020 11:00:00;14.05.2020 12:00:00;198;36;2582;1;;155;2972
14.05.2020 12:00:00;14.05.2020 13:00:00;198;36;2760;2;;150;3146
14.05.2020 13:00:00;14.05.2020 14:00:00;196;37;2550;1;;136;2920
14.05.2020 14:00:00;14.05.2020 15:00:00;197;36;2522;1;;124;2880
14.05.2020 15:00:00;14.05.2020 16:00:00;196;36;2138;2;;135;2507
14.05.2020 16:00:00;14.05.2020 17:00:00;195;36;2133;3;;148;2515
14.05.2020 17:00:00;14.05.2020 18:00:00;198;36;2091;6;;145;2476
14.05.2020 18:00:00;14.05.2020 19:00:00;200;36;2221;9;;152;2618
14.05.2020 19:00:00;14.05.2020 20:00:00;201;36;2233;5;;183;2658
14.05.2020 20:00:00;14.05.2020 21:00:00;201;36;2327;6;;221;2791
14.05.2020 21:00:00;14.05.2020 22:00:00;197;36;2411;7;;240;2891
14.05.2020 22:00:00;14.05.2020 23:00:00;198;36;2411;9;;201;2855
14.05.2020 23:00:00;15.05.2020 00:00:00;201;36;2183;7;;205;2632
15.05.2020 00:00:00;15.05.2020 01:00:00;202;36;2061;7;;194;2500
15.05.2020 01:00:00;15.05.2020 02:00:00;201;36;1978;10;;178;2403
15.05.2020 02:00:00;15.05.2020 03:00:00;200;36;2024;14;;193;2467
15.05.2020 03:00:00;15.05.2020 04:00:00;199;36;2016;16;;205;2472
15.05.2020 04:00:00;15.05.2020 05:00:00;200;36;2068;19;;202;2525
15.05.2020 05:00:00;15.05.2020 06:00:00;200;36;2253;18;;226;2733
15.05.2020 06:00:00;15.05.2020 07:00:00;201;36;2467;19;;226;2949
15.05.2020 07:00:00;15.05.2020 08:00:00;203;35;2682;23;;244;3187
15.05.2020 08:00:00;15.05.2020 09:00:00;203;35;2694;21;;256;3209
15.05.2020 09:00:00;15.05.2020 10:00:00;202;34;2618;20;;284;3158
15.05.2020 10:00:00;15.05.2020 11:00:00;203;34;2545;24;;287;3093
15.05.2020 11:00:00;15.05.2020 12:00:00;200;34;2222;18;;320;2794
15.05.2020 12:00:00;15.05.2020 13:00:00;203;34;2196;17;;326;2776
15.05.2020 13:00:00;15.05.2020 14:00:00;201;35;1998;14;;343;2591
15.05.2020 14:00:00;15.05.2020 15:00:00;195;35;1819;8;;324;2381
15.05.2020 15:00:00;15.05.2020 16:00:00;200;35;1683;3;;281;2202
15.05.2020 16:00:00;15.05.2020 17:00:00;203;35;1667;10;;277;2192
15.05.2020 17:00:00;15.05.2020 18:00:00;202;35;1760;12;;267;2276
15.05.2020 18:00:00;15.05.2020 19:00:00;203;35;2064;12;;271;2585
15.05.2020 19:00:00;15.05.2020 20:00:00;200;35;2072;14;;258;2579
15.05.2020 20:00:00;15.05.2020 21:00:00;203;35;2127;11;;250;2626
15.05.2020 21:00:00;15.05.2020 22:00:00;201;35;2217;23;;234;2710
15.05.2020 22:00:00;15.05.2020 23:00:00;204;36;2191;24;;197;2652
15.05.2020 23:00:00;16.05.2020 00:00:00;204;36;1640;27;;160;2067
16.05.2020 00:00:00;16.05.2020 01:00:00;204;35;1525;26;;176;1966
16.05.2020 01:00:00;16.05.2020 02:00:00;202;35;1477;26;;149;1889
16.05.2020 02:00:00;16.05.2020 03:00:00;205;35;1453;27;;155;1875
16.05.2020 03:00:00;16.05.2020 04:00:00;203;35;1450;29;;174;1891
16.05.2020 04:00:00;16.05.2020 05:00:00;199;35;1443;27;;192;1896
16.05.2020 05:00:00;16.05.2020 06:00:00;204;35;1422;26;;180;1867
16.05.2020 06:00:00;16.05.2020 07:00:00;204;35;1494;25;;185;1943
16.05.2020 07:00:00;16.05.2020 08:00:00;203;35;1469;25;;182;1914
16.05.2020 08:00:00;16.05.2020 09:00:00;202;36;1558;26;;185;2007
16.05.2020 09:00:00;16.05.2020 10:00:00;204;37;1583;26;;188;2038
16.05.2020 10:00:00;16.05.2020 11:00:00;202;38;1595;23;;182;2040
16.05.2020 11:00:00;16.05.2020 12:00:00;204;38;1561;23;;172;1998
16.05.2020 12:00:00;16.05.2020 13:00:00;203;36;1484;24;;166;1913
16.05.2020 13:00:00;16.05.2020 14:00:00;202;36;1445;24;;154;1861
16.05.2020 14:00:00;16.05.2020 15:00:00;205;36;1456;23;;137;1857
16.05.2020 15:00:00;16.05.2020 16:00:00;202;36;1465;20;;113;1836
16.05.2020 16:00:00;16.05.2020 17:00:00;202;36;1465;15;;102;1820
16.05.2020 17:00:00;16.05.2020 18:00:00;202;36;1491;23;;107;1859
16.05.2020 18:00:00;16.05.2020 19:00:00;202;36;1496;23;;96;1853
16.05.2020 19:00:00;16.05.2020 20:00:00;202;36;1525;23;;81;1867
16.05.2020 20:00:00;16.05.2020 21:00:00;201;36;1517;23;;78;1855
16.05.2020 21:00:00;16.05.2020 22:00:00;204;36;1529;22;;80;1871
16.05.2020 22:00:00;16.05.2020 23:00:00;202;36;1525;22;;72;1857
16.05.2020 23:00:00;17.05.2020 00:00:00;203;36;1507;16;;52;1814
17.05.2020 00:00:00;17.05.2020 01:00:00;202;35;1573;12;;62;1884
17.05.2020 01:00:00;17.05.2020 02:00:00;203;35;1471;6;;45;1760
17.05.2020 02:00:00;17.05.2020 03:00:00;201;35;1465;6;;37;1744
17.05.2020 03:00:00;17.05.2020 04:00:00;201;35;1484;10;;44;1774
17.05.2020 04:00:00;17.05.2020 05:00:00;203;35;1424;7;;37;1706
17.05.2020 05:00:00;17.05.2020 06:00:00;202;35;1418;0;;42;1697
17.05.2020 06:00:00;17.05.2020 07:00:00;202;35;1459;0;;33;1729
17.05.2020 07:00:00;17.05.2020 08:00:00;203;35;1508;0;;23;1769
17.05.2020 08:00:00;17.05.2020 09:00:00;205;35;1550;0;;23;1813
17.05.2020 09:00:00;17.05.2020 10:00:00;200;35;1549;0;;19;1803
17.05.2020 10:00:00;17.05.2020 11:00:00;200;35;1571;1;;20;1827
17.05.2020 11:00:00;17.05.2020 12:00:00;189;35;1557;0;;25;1806
17.05.2020 12:00:00;17.05.2020 13:00:00;201;35;1545;0;;32;1813
17.05.2020 13:00:00;17.05.2020 14:00:00;202;35;1479;1;;23;1740
17.05.2020 14:00:00;17.05.2020 15:00:00;203;35;1498;0;;27;1763
17.05.2020 15:00:00;17.05.2020 16:00:00;125;35;1498;0;;31;1689
17.05.2020 16:00:00;17.05.2020 17:00:00;125;35;1524;0;;30;1714
17.05.2020 17:00:00;17.05.2020 18:00:00;50;35;1817;0;;32;1934
17.05.2020 18:00:00;17.05.2020 19:00:00;50;35;2022;0;;36;2143
17.05.2020 19:00:00;17.05.2020 20:00:00;50;35;2343;0;;31;2459
17.05.2020 20:00:00;17.05.2020 21:00:00;49;35;2522;1;;26;2633
17.05.2020 21:00:00;17.05.2020 22:00:00;47;35;2674;2;;23;2781
17.05.2020 22:00:00;17.05.2020 23:00:00;48;35;2627;1;;20;2731
17.05.2020 23:00:00;18.05.2020 00:00:00;48;35;2516;1;;20;2620
18.05.2020 00:00:00;18.05.2020 01:00:00;49;35;2584;0;;21;2689
18.05.2020 01:00:00;18.05.2020 02:00:00;47;35;2488;0;;11;2581
18.05.2020 02:00:00;18.05.2020 03:00:00;50;35;2423;0;;9;2517
18.05.2020 03:00:00;18.05.2020 04:00:00;50;35;2322;0;;8;2415
18.05.2020 04:00:00;18.05.2020 05:00:00;50;35;2562;0;;12;2659
18.05.2020 05:00:00;18.05.2020 06:00:00;48;35;2632;0;;14;2729
18.05.2020 06:00:00;18.05.2020 07:00:00;47;35;2831;0;;19;2932
18.05.2020 07:00:00;18.05.2020 08:00:00;49;36;3053;0;;23;3161
18.05.2020 08:00:00;18.05.2020 09:00:00;50;36;3061;0;;30;3177
18.05.2020 09:00:00;18.05.2020 10:00:00;49;35;2944;0;;32;3060
18.05.2020 10:00:00;18.05.2020 11:00:00;47;35;3006;0;;28;3116
18.05.2020 11:00:00;18.05.2020 12:00:00;49;35;2976;0;;24;3084
18.05.2020 12:00:00;18.05.2020 13:00:00;48;35;2865;0;;21;2969
18.05.2020 13:00:00;18.05.2020 14:00:00;50;35;2673;0;;22;2780
18.05.2020 14:00:00;18.05.2020 15:00:00;47;35;2609;0;;19;2710
18.05.2020 15:00:00;18.05.2020 16:00:00;42;35;2527;0;;22;2626
18.05.2020 16:00:00;18.05.2020 17:00:00;47;35;2495;0;;28;2605
18.05.2020 17:00:00;18.05.2020 18:00:00;69;35;2505;0;;21;2630
18.05.2020 18:00:00;18.05.2020 19:00:00;69;35;2502;0;;21;2627
18.05.2020 19:00:00;18.05.2020 20:00:00;70;35;2428;0;;17;2550
18.05.2020 20:00:00;18.05.2020 21:00:00;72;35;2371;0;;15;2493
18.05.2020 21:00:00;18.05.2020 22:00:00;73;35;2409;0;;14;2531
18.05.2020 22:00:00;18.05.2020 23:00:00;74;35;2672;0;;11;2792
18.05.2020 23:00:00;19.05.2020 00:00:00;70;35;2322;0;;10;2437
19.05.2020 00:00:00;19.05.2020 01:00:00;72;34;2665;0;;7;2778
19.05.2020 01:00:00;19.05.2020 02:00:00;64;34;2458;0;;8;2564
19.05.2020 02:00:00;19.05.2020 03:00:00;68;34;2497;0;;5;2604
19.05.2020 03:00:00;19.05.2020 04:00:00;70;34;2457;0;;5;2566
19.05.2020 04:00:00;19.05.2020 05:00:00;73;34;2451;0;;5;2563
19.05.2020 05:00:00;19.05.2020 06:00:00;73;34;2542;0;;4;2653
19.05.2020 06:00:00;19.05.2020 07:00:00;73;34;2685;0;;3;2795
19.05.2020 07:00:00;19.05.2020 08:00:00;71;35;2906;0;;3;3015
19.05.2020 08:00:00;19.05.2020 09:00:00;74;34;2875;0;;2;2985
19.05.2020 09:00:00;19.05.2020 10:00:00;76;34;2844;0;;2;2956
19.05.2020 10:00:00;19.05.2020 11:00:00;72;34;2837;0;;3;2946
19.05.2020 11:00:00;19.05.2020 12:00:00;73;35;2840;0;;3;2951
19.05.2020 12:00:00;19.05.2020 13:00:00;72;35;2581;0;;3;2691
19.05.2020 13:00:00;19.05.2020 14:00:00;73;35;2661;0;;5;2774
19.05.2020 14:00:00;19.05.2020 15:00:00;65;35;2631;0;;6;2737
19.05.2020 15:00:00;19.05.2020 16:00:00;50;35;2549;0;;6;2640
19.05.2020 16:00:00;19.05.2020 17:00:00;50;36;2587;0;;6;2679
19.05.2020 17:00:00;19.05.2020 18:00:00;50;35;2857;0;;7;2949
19.05.2020 18:00:00;19.05.2020 19:00:00;50;35;2890;0;;8;2983
19.05.2020 19:00:00;19.05.2020 20:00:00;50;35;2898;0;;7;2990
19.05.2020 20:00:00;19.05.2020 21:00:00;50;35;2885;0;;7;2977
19.05.2020 21:00:00;19.05.2020 22:00:00;50;35;2885;0;;5;2975
19.05.2020 22:00:00;19.05.2020 23:00:00;50;35;2884;0;;5;2974
19.05.2020 23:00:00;20.05.2020 00:00:00;50;35;2605;0;;5;2695
20.05.2020 00:00:00;20.05.2020 01:00:00;50;34;2549;0;;4;2637
20.05.2020 01:00:00;20.05.2020 02:00:00;50;34;2448;0;;3;2535
20.05.2020 02:00:00;20.05.2020 03:00:00;50;34;2353;0;;3;2440
20.05.2020 03:00:00;20.05.2020 04:00:00;65;34;2345;0;;3;2447
20.05.2020 04:00:00;20.05.2020 05:00:00;65;34;2334;0;;2;2435
20.05.2020 05:00:00;20.05.2020 06:00:00;65;34;2505;0;;2;2606
20.05.2020 06:00:00;20.05.2020 07:00:00;57;34;2793;0;;3;2887
20.05.2020 07:00:00;20.05.2020 08:00:00;58;34;3171;0;;4;3267
20.05.2020 08:00:00;20.05.2020 09:00:00;59;34;3166;0;;5;3264
20.05.2020 09:00:00;20.05.2020 10:00:00;59;34;3004;0;;8;3105
20.05.2020 10:00:00;20.05.2020 11:00:00;58;34;3066;0;;10;3168
20.05.2020 11:00:00;20.05.2020 12:00:00;59;34;3056;0;;10;3159
20.05.2020 12:00:00;20.05.2020 13:00:00;59;34;3063;0;;7;3163
20.05.2020 13:00:00;20.05.2020 14:00:00;58;34;2981;1;;9;3083
20.05.2020 14:00:00;20.05.2020 15:00:00;57;34;2989;3;;9;3092
20.05.2020 15:00:00;20.05.2020 16:00:00;55;34;3021;3;;12;3125
20.05.2020 16:00:00;20.05.2020 17:00:00;58;34;2999;4;;9;3104
20.05.2020 17:00:00;20.05.2020 18:00:00;58;34;2850;4;;12;2958
20.05.2020 18:00:00;20.05.2020 19:00:00;59;34;2844;3;;17;2957
20.05.2020 19:00:00;20.05.2020 20:00:00;57;34;2929;3;;19;3042
20.05.2020 20:00:00;20.05.2020 21:00:00;59;34;2903;4;;19;3019
20.05.2020 21:00:00;20.05.2020 22:00:00;58;34;2904;2;;21;3019
20.05.2020 22:00:00;20.05.2020 23:00:00;60;34;2877;3;;22;2996
20.05.2020 23:00:00;21.05.2020 00:00:00;58;34;2750;2;;25;2869
21.05.2020 00:00:00;21.05.2020 01:00:00;40;35;2810;1;;32;2918
21.05.2020 01:00:00;21.05.2020 02:00:00;40;35;2729;1;;51;2856
21.05.2020 02:00:00;21.05.2020 03:00:00;39;35;2647;0;;53;2774
21.05.2020 03:00:00;21.05.2020 04:00:00;38;35;2641;0;;50;2764
21.05.2020 04:00:00;21.05.2020 05:00:00;44;35;2610;0;;57;2746
21.05.2020 05:00:00;21.05.2020 06:00:00;41;35;2510;0;;52;2638
21.05.2020 06:00:00;21.05.2020 07:00:00;40;35;2366;0;;50;2491
21.05.2020 07:00:00;21.05.2020 08:00:00;40;35;2545;0;;40;2660
21.05.2020 08:00:00;21.05.2020 09:00:00;38;35;2764;0;;43;2880
21.05.2020 09:00:00;21.05.2020 10:00:00;39;35;2757;0;;38;2869
21.05.2020 10:00:00;21.05.2020 11:00:00;39;35;2753;0;;41;2868
21.05.2020 11:00:00;21.05.2020 12:00:00;33;35;2792;0;;40;2900
21.05.2020 12:00:00;21.05.2020 13:00:00;33;35;2778;0;;36;2882
21.05.2020 13:00:00;21.05.2020 14:00:00;36;35;2669;0;;27;2767
21.05.2020 14:00:00;21.05.2020 15:00:00;13;35;2299;0;;38;2385
21.05.2020 15:00:00;21.05.2020 16:00:00;14;36;2669;0;;41;2760
21.05.2020 16:00:00;21.05.2020 17:00:00;16;35;2767;0;;63;2881
21.05.2020 17:00:00;21.05.2020 18:00:00;15;35;2762;0;;63;2875
21.05.2020 18:00:00;21.05.2020 19:00:00;14;35;2763;1;;68;2881
21.05.2020 19:00:00;21.05.2020 20:00:00;13;35;2762;2;;66;2878
21.05.2020 20:00:00;21.05.2020 21:00:00;13;35;2474;5;;67;2594
21.05.2020 21:00:00;21.05.2020 22:00:00;13;35;2452;6;;59;2565
21.05.2020 22:00:00;21.05.2020 23:00:00;16;35;2088;4;;39;2182
21.05.2020 23:00:00;22.05.2020 00:00:00;13;35;1939;6;;41;2034
22.05.2020 00:00:00;22.05.2020 01:00:00;14;38;1430;8;;34;1524
22.05.2020 01:00:00;22.05.2020 02:00:00;14;38;1402;11;;31;1496
22.05.2020 02:00:00;22.05.2020 03:00:00;14;38;1407;12;;28;1499
22.05.2020 03:00:00;22.05.2020 04:00:00;14;38;1420;15;;31;1518
22.05.2020 04:00:00;22.05.2020 05:00:00;13;38;1411;18;;42;1522
22.05.2020 05:00:00;22.05.2020 06:00:00;16;38;1744;17;;43;1858
22.05.2020 06:00:00;22.05.2020 07:00:00;15;38;1777;16;;35;1881
22.05.2020 07:00:00;22.05.2020 08:00:00;15;38;1660;17;;37;1767
22.05.2020 08:00:00;22.05.2020 09:00:00;19;38;2012;18;;35;2122
22.05.2020 09:00:00;22.05.2020 10:00:00;17;38;2051;16;;39;2161
22.05.2020 10:00:00;22.05.2020 11:00:00;18;38;1910;16;;38;2020
22.05.2020 11:00:00;22.05.2020 12:00:00;17;38;1664;19;;33;1771
22.05.2020 12:00:00;22.05.2020 13:00:00;17;38;1656;18;;35;1764
22.05.2020 13:00:00;22.05.2020 14:00:00;17;39;1471;22;;38;1587
22.05.2020 14:00:00;22.05.2020 15:00:00;19;39;1254;21;;38;1371
22.05.2020 15:00:00;22.05.2020 16:00:00;17;37;1171;23;;41;1289
22.05.2020 16:00:00;22.05.2020 17:00:00;17;37;1119;23;;42;1238
22.05.2020 17:00:00;22.05.2020 18:00:00;18;37;1134;23;;38;1250
22.05.2020 18:00:00;22.05.2020 19:00:00;19;37;1144;22;;44;1266
22.05.2020 19:00:00;22.05.2020 20:00:00;0;38;1114;24;;48;1224
22.05.2020 20:00:00;22.05.2020 21:00:00;0;38;1070;24;;54;1186
22.05.2020 21:00:00;22.05.2020 22:00:00;0;38;1059;25;;67;1189
22.05.2020 22:00:00;22.05.2020 23:00:00;0;38;1037;24;;78;1177
22.05.2020 23:00:00;23.05.2020 00:00:00;0;38;1024;26;;95;1183
23.05.2020 00:00:00;23.05.2020 01:00:00;0;38;1076;26;;85;1225
23.05.2020 01:00:00;23.05.2020 02:00:00;0;38;1070;27;;98;1233
23.05.2020 02:00:00;23.05.2020 03:00:00;0;38;1065;28;;105;1236
23.05.2020 03:00:00;23.05.2020 04:00:00;15;38;1044;28;;110;1235
23.05.2020 04:00:00;23.05.2020 05:00:00;12;38;1004;28;;111;1193
23.05.2020 05:00:00;23.05.2020 06:00:00;15;38;978;28;;105;1164
23.05.2020 06:00:00;23.05.2020 07:00:00;11;38;1027;28;;116;1220
23.05.2020 07:00:00;23.05.2020 08:00:00;12;38;1017;28;;122;1217
23.05.2020 08:00:00;23.05.2020 09:00:00;14;38;1078;28;;133;1291
23.05.2020 09:00:00;23.05.2020 10:00:00;14;38;1162;27;;144;1385
23.05.2020 10:00:00;23.05.2020 11:00:00;16;38;1172;26;;144;1396
23.05.2020 11:00:00;23.05.2020 12:00:00;16;38;1151;26;;165;1396
23.05.2020 12:00:00;23.05.2020 13:00:00;17;38;1153;25;;177;1410
23.05.2020 13:00:00;23.05.2020 14:00:00;16;38;1145;26;;199;1424
23.05.2020 14:00:00;23.05.2020 15:00:00;11;38;1118;27;;220;1414
23.05.2020 15:00:00;23.05.2020 16:00:00;13;38;1099;25;;202;1377
23.05.2020 16:00:00;23.05.2020 17:00:00;12;38;1109;25;;204;1388
23.05.2020 17:00:00;23.05.2020 18:00:00;12;38;1171;23;;201;1445
23.05.2020 18:00:00;23.05.2020 19:00:00;11;39;1181;22;;192;1445
23.05.2020 19:00:00;23.05.2020 20:00:00;11;40;1214;23;;170;1458
23.05.2020 20:00:00;23.05.2020 21:00:00;11;40;1209;21;;151;1432
23.05.2020 21:00:00;23.05.2020 22:00:00;5;40;1218;25;;140;1428
23.05.2020 22:00:00;23.05.2020 23:00:00;12;40;1198;25;;151;1426
23.05.2020 23:00:00;24.05.2020 00:00:00;14;40;1104;27;;147;1332
24.05.2020 00:00:00;24.05.2020 01:00:00;13;45;918;22;;149;1147
24.05.2020 01:00:00;24.05.2020 02:00:00;13;45;785;27;;153;1023
24.05.2020 02:00:00;24.05.2020 03:00:00;15;45;707;31;;166;964
24.05.2020 03:00:00;24.05.2020 04:00:00;15;45;681;29;;184;954
24.05.2020 04:00:00;24.05.2020 05:00:00;13;45;659;27;;190;934
24.05.2020 05:00:00;24.05.2020 06:00:00;16;45;661;26;;195;943
24.05.2020 06:00:00;24.05.2020 07:00:00;13;45;695;25;;188;966
24.05.2020 07:00:00;24.05.2020 08:00:00;15;44;734;27;;160;980
24.05.2020 08:00:00;24.05.2020 09:00:00;14;45;915;26;;144;1144
24.05.2020 09:00:00;24.05.2020 10:00:00;13;44;1044;25;;167;1293
24.05.2020 10:00:00;24.05.2020 11:00:00;15;45;1060;25;;171;1316
24.05.2020 11:00:00;24.05.2020 12:00:00;14;44;1073;26;;173;1330
24.05.2020 12:00:00;24.05.2020 13:00:00;14;44;1073;27;;184;1342
24.05.2020 13:00:00;24.05.2020 14:00:00;13;46;1062;24;;170;1315
24.05.2020 14:00:00;24.05.2020 15:00:00;16;43;1065;25;;166;1315
24.05.2020 15:00:00;24.05.2020 16:00:00;9;43;1067;24;;180;1323
24.05.2020 16:00:00;24.05.2020 17:00:00;12;45;1149;17;;168;1391
24.05.2020 17:00:00;24.05.2020 18:00:00;14;46;1294;26;;137;1517
24.05.2020 18:00:00;24.05.2020 19:00:00;19;46;1594;25;;111;1795
24.05.2020 19:00:00;24.05.2020 20:00:00;17;46;2054;27;;94;2238
24.05.2020 20:00:00;24.05.2020 21:00:00;18;46;2115;24;;77;2280
24.05.2020 21:00:00;24.05.2020 22:00:00;17;46;2073;23;;74;2233
24.05.2020 22:00:00;24.05.2020 23:00:00;17;47;2006;22;;80;2172
24.05.2020 23:00:00;25.05.2020 00:00:00;17;46;1898;20;;79;2060
25.05.2020 00:00:00;25.05.2020 01:00:00;17;54;1939;19;;86;2115
25.05.2020 01:00:00;25.05.2020 02:00:00;14;54;1644;21;;76;1809
25.05.2020 02:00:00;25.05.2020 03:00:00;7;54;1652;18;;73;1804
25.05.2020 03:00:00;25.05.2020 04:00:00;8;53;1508;16;;59;1644
25.05.2020 04:00:00;25.05.2020 05:00:00;18;53;1515;12;;54;1652
25.05.2020 05:00:00;25.05.2020 06:00:00;17;53;1517;8;;63;1658
25.05.2020 06:00:00;25.05.2020 07:00:00;18;54;1547;13;;66;1698
25.05.2020 07:00:00;25.05.2020 08:00:00;18;52;1730;8;;74;1882
25.05.2020 08:00:00;25.05.2020 09:00:00;19;54;1844;8;;83;2008
25.05.2020 09:00:00;25.05.2020 10:00:00;18;50;1840;9;;83;2000
25.05.2020 10:00:00;25.05.2020 11:00:00;19;53;1896;9;;98;2075
25.05.2020 11:00:00;25.05.2020 12:00:00;20;53;1933;7;;97;2110
25.05.2020 12:00:00;25.05.2020 13:00:00;18;54;2041;7;;100;2220
25.05.2020 13:00:00;25.05.2020 14:00:00;19;53;1848;7;;112;2039
25.05.2020 14:00:00;25.05.2020 15:00:00;21;53;1721;5;;114;1914
25.05.2020 15:00:00;25.05.2020 16:00:00;20;54;1663;7;;113;1857
25.05.2020 16:00:00;25.05.2020 17:00:00;18;54;1945;6;;130;2153
25.05.2020 17:00:00;25.05.2020 18:00:00;20;56;1981;6;;124;2187
25.05.2020 18:00:00;25.05.2020 19:00:00;15;55;1725;7;;114;1916
25.05.2020 19:00:00;25.05.2020 20:00:00;17;56;1660;4;;102;1839
25.05.2020 20:00:00;25.05.2020 21:00:00;16;55;1649;3;;96;1819
25.05.2020 21:00:00;25.05.2020 22:00:00;17;57;1598;2;;92;1766
25.05.2020 22:00:00;25.05.2020 23:00:00;18;54;1589;2;;99;1762
25.05.2020 23:00:00;26.05.2020 00:00:00;18;55;1583;3;;90;1749
26.05.2020 00:00:00;26.05.2020 01:00:00;17;61;1484;4;;92;1658
26.05.2020 01:00:00;26.05.2020 02:00:00;17;61;1457;5;;83;1623
26.05.2020 02:00:00;26.05.2020 03:00:00;18;61;1466;9;;82;1636
26.05.2020 03:00:00;26.05.2020 04:00:00;17;61;1467;9;;67;1621
26.05.2020 04:00:00;26.05.2020 05:00:00;17;60;1436;8;;72;1593
26.05.2020 05:00:00;26.05.2020 06:00:00;19;60;1427;17;;81;1604
26.05.2020 06:00:00;26.05.2020 07:00:00;16;60;1474;17;;83;1650
26.05.2020 07:00:00;26.05.2020 08:00:00;18;62;1730;9;;94;1913
26.05.2020 08:00:00;26.05.2020 09:00:00;12;64;2290;7;;94;2467
26.05.2020 09:00:00;26.05.2020 10:00:00;13;64;1735;9;;98;1919
26.05.2020 10:00:00;26.05.2020 11:00:00;14;64;1714;9;;106;1907
26.05.2020 11:00:00;26.05.2020 12:00:00;11;61;1718;10;;115;1915
26.05.2020 12:00:00;26.05.2020 13:00:00;12;61;1839;10;;129;2051
26.05.2020 13:00:00;26.05.2020 14:00:00;12;61;1900;8;;110;2091
26.05.2020 14:00:00;26.05.2020 15:00:00;10;61;1833;13;;108;2025
26.05.2020 15:00:00;26.05.2020 16:00:00;12;59;1653;12;;94;1830
26.05.2020 16:00:00;26.05.2020 17:00:00;14;59;1598;18;;76;1765
26.05.2020 17:00:00;26.05.2020 18:00:00;15;59;1594;20;;85;1773
26.05.2020 18:00:00;26.05.2020 19:00:00;15;59;1601;19;;81;1775
26.05.2020 19:00:00;26.05.2020 20:00:00;15;60;1600;22;;67;1764
26.05.2020 20:00:00;26.05.2020 21:00:00;12;60;1574;17;;73;1736
26.05.2020 21:00:00;26.05.2020 22:00:00;15;60;1536;15;;78;1704
26.05.2020 22:00:00;26.05.2020 23:00:00;12;60;1522;11;;80;1685
26.05.2020 23:00:00;27.05.2020 00:00:00;10;60;1469;12;;84;1635
27.05.2020 00:00:00;27.05.2020 01:00:00;14;64;1316;13;;86;1493
27.05.2020 01:00:00;27.05.2020 02:00:00;13;64;1228;15;;94;1414
27.05.2020 02:00:00;27.05.2020 03:00:00;12;64;1194;8;;122;1400
27.05.2020 03:00:00;27.05.2020 04:00:00;16;64;1167;2;;159;1408
27.05.2020 04:00:00;27.05.2020 05:00:00;16;64;1157;4;;158;1399
27.05.2020 05:00:00;27.05.2020 06:00:00;16;64;1250;5;;159;1494
27.05.2020 06:00:00;27.05.2020 07:00:00;15;66;1368;6;;135;1590
27.05.2020 07:00:00;27.05.2020 08:00:00;16;68;1479;11;;136;1710
27.05.2020 08:00:00;27.05.2020 09:00:00;14;67;1527;8;;130;1746
27.05.2020 09:00:00;27.05.2020 10:00:00;14;67;1521;5;;128;1735
27.05.2020 10:00:00;27.05.2020 11:00:00;12;67;1573;5;;139;1796
27.05.2020 11:00:00;27.05.2020 12:00:00;12;69;1514;8;;141;1744
27.05.2020 12:00:00;27.05.2020 13:00:00;11;68;1498;15;;140;1732
27.05.2020 13:00:00;27.05.2020 14:00:00;15;70;1535;18;;141;1779
27.05.2020 14:00:00;27.05.2020 15:00:00;13;72;1559;11;;144;1799
27.05.2020 15:00:00;27.05.2020 16:00:00;12;71;1544;12;;139;1778
27.05.2020 16:00:00;27.05.2020 17:00:00;10;71;1518;15;;123;1737
27.05.2020 17:00:00;27.05.2020 18:00:00;11;71;1485;9;;128;1704
27.05.2020 18:00:00;27.05.2020 19:00:00;10;69;1440;12;;129;1660
27.05.2020 19:00:00;27.05.2020 20:00:00;12;68;1438;18;;141;1677
27.05.2020 20:00:00;27.05.2020 21:00:00;10;67;1430;11;;140;1658
27.05.2020 21:00:00;27.05.2020 22:00:00;11;68;1459;17;;154;1709
27.05.2020 22:00:00;27.05.2020 23:00:00;10;68;1406;17;;157;1658
27.05.2020 23:00:00;28.05.2020 00:00:00;12;68;1277;9;;156;1522
28.05.2020 00:00:00;28.05.2020 01:00:00;11;73;1175;9;;153;1421
28.05.2020 01:00:00;28.05.2020 02:00:00;10;73;989;10;;151;1233
28.05.2020 02:00:00;28.05.2020 03:00:00;12;73;970;12;;139;1206
28.05.2020 03:00:00;28.05.2020 04:00:00;12;72;982;12;;146;1224
28.05.2020 04:00:00;28.05.2020 05:00:00;10;72;1005;9;;158;1254
28.05.2020 05:00:00;28.05.2020 06:00:00;10;72;1249;4;;149;1484
28.05.2020 06:00:00;28.05.2020 07:00:00;12;72;1330;2;;151;1567
28.05.2020 07:00:00;28.05.2020 08:00:00;11;72;1529;2;;146;1760
28.05.2020 08:00:00;28.05.2020 09:00:00;11;70;1537;7;;110;1735
28.05.2020 09:00:00;28.05.2020 10:00:00;10;72;1568;15;;109;1774
28.05.2020 10:00:00;28.05.2020 11:00:00;11;70;1440;7;;122;1650
28.05.2020 11:00:00;28.05.2020 12:00:00;10;73;1501;4;;115;1703
28.05.2020 12:00:00;28.05.2020 13:00:00;8;73;1474;5;;121;1681
28.05.2020 13:00:00;28.05.2020 14:00:00;12;73;1500;11;;125;1721
28.05.2020 14:00:00;28.05.2020 15:00:00;16;73;1455;12;;151;1707
28.05.2020 15:00:00;28.05.2020 16:00:00;15;73;1441;8;;167;1704
28.05.2020 16:00:00;28.05.2020 17:00:00;12;73;1497;6;;184;1772
28.05.2020 17:00:00;28.05.2020 18:00:00;8;73;1434;9;;219;1743
28.05.2020 18:00:00;28.05.2020 19:00:00;13;73;1487;7;;233;1813
28.05.2020 19:00:00;28.05.2020 20:00:00;13;74;1503;6;;238;1834
28.05.2020 20:00:00;28.05.2020 21:00:00;9;74;1466;5;;219;1773
28.05.2020 21:00:00;28.05.2020 22:00:00;9;73;1467;7;;220;1776
28.05.2020 22:00:00;28.05.2020 23:00:00;7;73;1456;6;;212;1754
28.05.2020 23:00:00;29.05.2020 00:00:00;10;74;1448;2;;212;1746
29.05.2020 00:00:00;29.05.2020 01:00:00;16;79;1358;7;;200;1660
29.05.2020 01:00:00;29.05.2020 02:00:00;6;78;1318;2;;201;1605
29.05.2020 02:00:00;29.05.2020 03:00:00;6;76;1298;2;;207;1589
29.05.2020 03:00:00;29.05.2020 04:00:00;8;76;1318;7;;211;1620
29.05.2020 04:00:00;29.05.2020 05:00:00;8;76;1326;13;;205;1628
29.05.2020 05:00:00;29.05.2020 06:00:00;8;78;1375;13;;187;1661
29.05.2020 06:00:00;29.05.2020 07:00:00;7;78;1459;12;;193;1749
29.05.2020 07:00:00;29.05.2020 08:00:00;6;78;1605;8;;210;1907
29.05.2020 08:00:00;29.05.2020 09:00:00;5;78;1611;9;;186;1889
29.05.2020 09:00:00;29.05.2020 10:00:00;4;78;1576;8;;180;1846
29.05.2020 10:00:00;29.05.2020 11:00:00;3;78;1609;8;;197;1895
29.05.2020 11:00:00;29.05.2020 12:00:00;0;76;1580;7;;185;1848
29.05.2020 12:00:00;29.05.2020 13:00:00;0;78;1569;6;;188;1841
29.05.2020 13:00:00;29.05.2020 14:00:00;0;78;1505;8;;190;1781
29.05.2020 14:00:00;29.05.2020 15:00:00;0;77;1513;9;;193;1792
29.05.2020 15:00:00;29.05.2020 16:00:00;0;75;1448;8;;190;1721
29.05.2020 16:00:00;29.05.2020 17:00:00;0;76;1441;9;;186;1712
29.05.2020 17:00:00;29.05.2020 18:00:00;0;77;1419;13;;152;1661
29.05.2020 18:00:00;29.05.2020 19:00:00;0;77;1412;15;;146;1650
29.05.2020 19:00:00;29.05.2020 20:00:00;0;77;1415;15;;136;1643
29.05.2020 20:00:00;29.05.2020 21:00:00;0;77;1407;18;;142;1644
29.05.2020 21:00:00;29.05.2020 22:00:00;0;78;1413;12;;138;1641
29.05.2020 22:00:00;29.05.2020 23:00:00;0;78;1411;6;;123;1618
29.05.2020 23:00:00;30.05.2020 00:00:00;3;78;1401;4;;140;1626
30.05.2020 00:00:00;30.05.2020 01:00:00;12;77;1528;4;;143;1764
30.05.2020 01:00:00;30.05.2020 02:00:00;15;77;1499;4;;142;1737
30.05.2020 02:00:00;30.05.2020 03:00:00;17;77;1465;5;;125;1689
30.05.2020 03:00:00;30.05.2020 04:00:00;18;77;1398;7;;121;1621
30.05.2020 04:00:00;30.05.2020 05:00:00;16;77;1364;7;;118;1582
30.05.2020 05:00:00;30.05.2020 06:00:00;14;77;1444;5;;110;1650
30.05.2020 06:00:00;30.05.2020 07:00:00;16;77;1506;2;;123;1724
30.05.2020 07:00:00;30.05.2020 08:00:00;17;76;1664;2;;154;1913
30.05.2020 08:00:00;30.05.2020 09:00:00;16;76;1831;2;;160;2085
30.05.2020 09:00:00;30.05.2020 10:00:00;16;76;1997;2;;174;2265
30.05.2020 10:00:00;30.05.2020 11:00:00;20;76;1996;2;;184;2278
30.05.2020 11:00:00;30.05.2020 12:00:00;18;76;1902;2;;171;2169
30.05.2020 12:00:00;30.05.2020 13:00:00;17;76;1701;2;;171;1967
30.05.2020 13:00:00;30.05.2020 14:00:00;14;76;1601;2;;181;1874
30.05.2020 14:00:00;30.05.2020 15:00:00;18;76;1437;3;;185;1719
30.05.2020 15:00:00;30.05.2020 16:00:00;14;76;1442;4;;186;1722
30.05.2020 16:00:00;30.05.2020 17:00:00;19;76;1564;4;;179;1842
30.05.2020 17:00:00;30.05.2020 18:00:00;21;76;1662;4;;174;1937
30.05.2020 18:00:00;30.05.2020 19:00:00;20;77;1715;4;;165;1981
30.05.2020 19:00:00;30.05.2020 20:00:00;19;77;1694;4;;150;1944
30.05.2020 20:00:00;30.05.2020 21:00:00;22;78;1745;4;;143;1992
30.05.2020 21:00:00;30.05.2020 22:00:00;22;78;1725;4;;123;1952
30.05.2020 22:00:00;30.05.2020 23:00:00;17;78;1610;4;;102;1811
30.05.2020 23:00:00;31.05.2020 00:00:00;19;78;1517;3;;88;1705
31.05.2020 00:00:00;31.05.2020 01:00:00;22;79;1603;3;;92;1799
31.05.2020 01:00:00;31.05.2020 02:00:00;20;79;1593;4;;116;1812
31.05.2020 02:00:00;31.05.2020 03:00:00;20;79;1621;3;;123;1846
31.05.2020 03:00:00;31.05.2020 04:00:00;21;79;1582;3;;133;1818
31.05.2020 04:00:00;31.05.2020 05:00:00;17;79;1522;3;;128;1749
31.05.2020 05:00:00;31.05.2020 06:00:00;16;78;1541;4;;143;1782
31.05.2020 06:00:00;31.05.2020 07:00:00;16;77;1545;3;;138;1779
31.05.2020 07:00:00;31.05.2020 08:00:00;18;77;1635;3;;152;1885
31.05.2020 08:00:00;31.05.2020 09:00:00;15;77;1645;3;;163;1903
31.05.2020 09:00:00;31.05.2020 10:00:00;16;77;1567;2;;151;1813
31.05.2020 10:00:00;31.05.2020 11:00:00;18;77;1301;3;;140;1539
31.05.2020 11:00:00;31.05.2020 12:00:00;11;77;1187;2;;152;1429
31.05.2020 12:00:00;31.05.2020 13:00:00;14;77;1110;2;;179;1382
31.05.2020 13:00:00;31.05.2020 14:00:00;13;78;1131;2;;212;1436
31.05.2020 14:00:00;31.05.2020 15:00:00;21;79;1123;2;;208;1433
31.05.2020 15:00:00;31.05.2020 16:00:00;19;79;1107;2;;194;1401
31.05.2020 16:00:00;31.05.2020 17:00:00;21;80;1116;2;;190;1409
31.05.2020 17:00:00;31.05.2020 18:00:00;22;81;1258;2;;194;1557
31.05.2020 18:00:00;31.05.2020 19:00:00;23;81;1507;2;;175;1788
31.05.2020 19:00:00;31.05.2020 20:00:00;25;82;1940;2;;158;2207
31.05.2020 20:00:00;31.05.2020 21:00:00;24;82;2273;2;;161;2542
31.05.2020 21:00:00;31.05.2020 22:00:00;25;82;2284;2;;158;2551
31.05.2020 22:00:00;31.05.2020 23:00:00;23;78;2032;3;;168;2304
31.05.2020 23:00:00;01.06.2020 00:00:00;21;78;1858;5;;184;2146
01.06.2020 00:00:00;01.06.2020 01:00:00;21;78;1756;5;;171;2031
01.06.2020 01:00:00;01.06.2020 02:00:00;22;78;1679;4;;163;1946
01.06.2020 02:00:00;01.06.2020 03:00:00;20;78;1694;6;;155;1953
01.06.2020 03:00:00;01.06.2020 04:00:00;24;78;1684;8;;141;1935
01.06.2020 04:00:00;01.06.2020 05:00:00;23;78;1652;9;;152;1914
01.06.2020 05:00:00;01.06.2020 06:00:00;24;77;1744;6;;144;1995
01.06.2020 06:00:00;01.06.2020 07:00:00;21;77;2060;7;;145;2310
01.06.2020 07:00:00;01.06.2020 08:00:00;21;77;2425;9;;130;2662
01.06.2020 08:00:00;01.06.2020 09:00:00;21;77;2250;9;;132;2489
01.06.2020 09:00:00;01.06.2020 10:00:00;23;79;2409;7;;143;2661
01.06.2020 10:00:00;01.06.2020 11:00:00;25;79;2397;5;;172;2678
01.06.2020 11:00:00;01.06.2020 12:00:00;9;79;2404;4;;160;2656
01.06.2020 12:00:00;01.06.2020 13:00:00;12;79;2411;4;;140;2646
01.06.2020 13:00:00;01.06.2020 14:00:00;21;79;2381;4;;137;2622
01.06.2020 14:00:00;01.06.2020 15:00:00;20;79;2211;4;;149;2463
01.06.2020 15:00:00;01.06.2020 16:00:00;24;80;2202;3;;138;2447
01.06.2020 16:00:00;01.06.2020 17:00:00;21;80;2198;5;;127;2431
01.06.2020 17:00:00;01.06.2020 18:00:00;25;81;1976;4;;129;2215
01.06.2020 18:00:00;01.06.2020 19:00:00;24;84;1932;4;;127;2171
01.06.2020 19:00:00;01.06.2020 20:00:00;25;84;2270;4;;123;2506
01.06.2020 20:00:00;01.06.2020 21:00:00;22;84;2330;3;;134;2573
01.06.2020 21:00:00;01.06.2020 22:00:00;24;84;2168;4;;130;2410
01.06.2020 22:00:00;01.06.2020 23:00:00;23;84;1977;5;;155;2244
01.06.2020 23:00:00;02.06.2020 00:00:00;24;84;1789;6;;170;2073
02.06.2020 00:00:00;02.06.2020 01:00:00;24;85;1831;7;;132;2079
02.06.2020 01:00:00;02.06.2020 02:00:00;25;85;1682;8;;135;1935
02.06.2020 02:00:00;02.06.2020 03:00:00;23;85;1607;6;;140;1861
02.06.2020 03:00:00;02.06.2020 04:00:00;23;85;1609;2;;130;1849
02.06.2020 04:00:00;02.06.2020 05:00:00;25;85;1647;2;;120;1879
02.06.2020 05:00:00;02.06.2020 06:00:00;24;85;1814;2;;125;2050
02.06.2020 06:00:00;02.06.2020 07:00:00;21;85;2110;2;;120;2338
02.06.2020 07:00:00;02.06.2020 08:00:00;21;85;2269;4;;120;2499
02.06.2020 08:00:00;02.06.2020 09:00:00;23;87;2722;4;;123;2959
02.06.2020 09:00:00;02.06.2020 10:00:00;23;87;2738;4;;125;2977
02.06.2020 10:00:00;02.06.2020 11:00:00;24;87;2694;7;;139;2951
02.06.2020 11:00:00;02.06.2020 12:00:00;26;87;2692;6;;124;2935
02.06.2020 12:00:00;02.06.2020 13:00:00;23;87;2738;8;;106;2962
02.06.2020 13:00:00;02.06.2020 14:00:00;24;87;2676;10;;107;2904
02.06.2020 14:00:00;02.06.2020 15:00:00;24;87;2238;10;;86;2445
02.06.2020 15:00:00;02.06.2020 16:00:00;22;85;2209;8;;58;2382
02.06.2020 16:00:00;02.06.2020 17:00:00;23;85;2142;6;;56;2312
02.06.2020 17:00:00;02.06.2020 18:00:00;26;85;2081;5;;52;2249
02.06.2020 18:00:00;02.06.2020 19:00:00;26;85;2084;5;;38;2238
02.06.2020 19:00:00;02.06.2020 20:00:00;22;86;2105;3;;38;2254
02.06.2020 20:00:00;02.06.2020 21:00:00;19;86;2145;2;;44;2296
02.06.2020 21:00:00;02.06.2020 22:00:00;23;86;2088;2;;51;2250
02.06.2020 22:00:00;02.06.2020 23:00:00;23;86;2057;2;;47;2215
02.06.2020 23:00:00;03.06.2020 00:00:00;23;86;2003;2;;43;2157
03.06.2020 00:00:00;03.06.2020 01:00:00;23;88;1974;2;;49;2136
03.06.2020 01:00:00;03.06.2020 02:00:00;23;87;2053;2;;56;2221
03.06.2020 02:00:00;03.06.2020 03:00:00;23;87;2077;2;;59;2248
03.06.2020 03:00:00;03.06.2020 04:00:00;28;87;2072;2;;61;2250
03.06.2020 04:00:00;03.06.2020 05:00:00;25;87;1915;2;;49;2078
03.06.2020 05:00:00;03.06.2020 06:00:00;22;87;1877;2;;57;2045
03.06.2020 06:00:00;03.06.2020 07:00:00;26;86;2025;2;;60;2199
03.06.2020 07:00:00;03.06.2020 08:00:00;24;86;2332;2;;56;2500
03.06.2020 08:00:00;03.06.2020 09:00:00;25;88;2346;2;;55;2516
03.06.2020 09:00:00;03.06.2020 10:00:00;25;88;2353;2;;54;2522
03.06.2020 10:00:00;03.06.2020 11:00:00;14;87;2358;2;;40;2501
03.06.2020 11:00:00;03.06.2020 12:00:00;23;87;2351;2;;31;2494
03.06.2020 12:00:00;03.06.2020 13:00:00;21;87;2277;2;;25;2412
03.06.2020 13:00:00;03.06.2020 14:00:00;22;87;2379;2;;19;2509
03.06.2020 14:00:00;03.06.2020 15:00:00;23;87;2370;2;;21;2503
03.06.2020 15:00:00;03.06.2020 16:00:00;10;88;2306;2;;20;2426
03.06.2020 16:00:00;03.06.2020 17:00:00;9;88;2334;2;;20;2453
03.06.2020 17:00:00;03.06.2020 18:00:00;16;87;2336;2;;16;2457
03.06.2020 18:00:00;03.06.2020 19:00:00;21;87;2349;2;;15;2474
03.06.2020 19:00:00;03.06.2020 20:00:00;22;87;2312;3;;13;2437
03.06.2020 20:00:00;03.06.2020 21:00:00;20;87;2253;5;;15;2380
03.06.2020 21:00:00;03.06.2020 22:00:00;23;87;2295;7;;20;2432
03.06.2020 22:00:00;03.06.2020 23:00:00;26;87;2217;7;;25;2362
03.06.2020 23:00:00;04.06.2020 00:00:00;20;87;2064;8;;35;2214
04.06.2020 00:00:00;04.06.2020 01:00:00;22;93;1891;8;;37;2051
04.06.2020 01:00:00;04.06.2020 02:00:00;12;92;1851;21;;51;2027
04.06.2020 02:00:00;04.06.2020 03:00:00;13;92;1820;27;;71;2023
04.06.2020 03:00:00;04.06.2020 04:00:00;20;92;1823;29;;66;2030
04.06.2020 04:00:00;04.06.2020 05:00:00;19;91;1818;26;;58;2012
04.06.2020 05:00:00;04.06.2020 06:00:00;21;91;1815;24;;54;2005
04.06.2020 06:00:00;04.06.2020 07:00:00;18;91;1870;23;;57;2059
04.06.2020 07:00:00;04.06.2020 08:00:00;20;91;2008;30;;54;2203
04.06.2020 08:00:00;04.06.2020 09:00:00;22;91;2091;32;;52;2288
04.06.2020 09:00:00;04.06.2020 10:00:00;21;92;2093;32;;51;2289
04.06.2020 10:00:00;04.06.2020 11:00:00;17;91;2084;30;;51;2273
04.06.2020 11:00:00;04.06.2020 12:00:00;14;91;2027;24;;58;2214
04.06.2020 12:00:00;04.06.2020 13:00:00;11;92;2018;28;;65;2214
04.06.2020 13:00:00;04.06.2020 14:00:00;8;92;1996;28;;70;2194
04.06.2020 14:00:00;04.06.2020 15:00:00;8;93;2007;28;;83;2219
04.06.2020 15:00:00;04.06.2020 16:00:00;9;94;2032;28;;87;2250
04.06.2020 16:00:00;04.06.2020 17:00:00;10;94;1997;29;;95;2225
04.06.2020 17:00:00;04.06.2020 18:00:00;17;94;1969;28;;100;2208
04.06.2020 18:00:00;04.06.2020 19:00:00;18;94;1950;24;;97;2183
04.06.2020 19:00:00;04.06.2020 20:00:00;17;95;1992;24;;104;2232
04.06.2020 20:00:00;04.06.2020 21:00:00;17;95;1985;16;;103;2216
04.06.2020 21:00:00;04.06.2020 22:00:00;19;95;1998;23;;109;2244
04.06.2020 22:00:00;04.06.2020 23:00:00;21;95;1988;25;;104;2233
04.06.2020 23:00:00;05.06.2020 00:00:00;18;95;1975;28;;117;2233
05.06.2020 00:00:00;05.06.2020 01:00:00;20;96;1888;29;;106;2139
05.06.2020 01:00:00;05.06.2020 02:00:00;18;96;1869;22;;124;2129
05.06.2020 02:00:00;05.06.2020 03:00:00;19;96;1836;27;;146;2124
05.06.2020 03:00:00;05.06.2020 04:00:00;19;96;1835;29;;160;2139
05.06.2020 04:00:00;05.06.2020 05:00:00;20;95;1836;28;;148;2127
05.06.2020 05:00:00;05.06.2020 06:00:00;18;95;1852;15;;150;2130
05.06.2020 06:00:00;05.06.2020 07:00:00;16;96;1868;13;;140;2133
05.06.2020 07:00:00;05.06.2020 08:00:00;18;96;2079;13;;139;2345
05.06.2020 08:00:00;05.06.2020 09:00:00;17;96;2117;10;;123;2363
05.06.2020 09:00:00;05.06.2020 10:00:00;20;98;2110;13;;102;2343
05.06.2020 10:00:00;05.06.2020 11:00:00;22;98;2101;10;;97;2328
05.06.2020 11:00:00;05.06.2020 12:00:00;22;98;2102;10;;81;2313
05.06.2020 12:00:00;05.06.2020 13:00:00;22;98;2084;10;;76;2290
05.06.2020 13:00:00;05.06.2020 14:00:00;20;98;2086;8;;70;2282
05.06.2020 14:00:00;05.06.2020 15:00:00;20;98;2060;8;;73;2259
05.06.2020 15:00:00;05.06.2020 16:00:00;22;98;2064;5;;70;2259
05.06.2020 16:00:00;05.06.2020 17:00:00;22;98;2006;5;;74;2205
05.06.2020 17:00:00;05.06.2020 18:00:00;18;93;2014;5;;85;2215
05.06.2020 18:00:00;05.06.2020 19:00:00;23;96;2012;7;;97;2235
05.06.2020 19:00:00;05.06.2020 20:00:00;23;98;1995;9;;101;2226
05.06.2020 20:00:00;05.06.2020 21:00:00;23;98;1946;9;;122;2198
05.06.2020 21:00:00;05.06.2020 22:00:00;22;95;1790;9;;129;2045
05.06.2020 22:00:00;05.06.2020 23:00:00;21;98;1781;9;;135;2044
05.06.2020 23:00:00;06.06.2020 00:00:00;24;98;1768;15;;148;2053
06.06.2020 00:00:00;06.06.2020 01:00:00;22;97;1778;10;;170;2077
06.06.2020 01:00:00;06.06.2020 02:00:00;28;97;1639;8;;162;1934
06.06.2020 02:00:00;06.06.2020 03:00:00;25;97;1558;6;;163;1849
06.06.2020 03:00:00;06.06.2020 04:00:00;22;97;1556;7;;164;1846
06.06.2020 04:00:00;06.06.2020 05:00:00;25;97;1768;9;;155;2054
06.06.2020 05:00:00;06.06.2020 06:00:00;24;97;1823;14;;133;2091
06.06.2020 06:00:00;06.06.2020 07:00:00;23;97;1874;17;;131;2142
06.06.2020 07:00:00;06.06.2020 08:00:00;20;97;2047;14;;115;2293
06.06.2020 08:00:00;06.06.2020 09:00:00;22;97;2045;16;;104;2284
06.06.2020 09:00:00;06.06.2020 10:00:00;19;97;1880;21;;88;2105
06.06.2020 10:00:00;06.06.2020 11:00:00;22;97;2024;22;;96;2261
06.06.2020 11:00:00;06.06.2020 12:00:00;21;97;2052;21;;101;2292
06.06.2020 12:00:00;06.06.2020 13:00:00;23;97;1790;19;;97;2026
06.06.2020 13:00:00;06.06.2020 14:00:00;23;97;1751;17;;112;2000
06.06.2020 14:00:00;06.06.2020 15:00:00;26;97;1713;17;;127;1980
06.06.2020 15:00:00;06.06.2020 16:00:00;25;97;1816;17;;154;2109
06.06.2020 16:00:00;06.06.2020 17:00:00;26;97;1825;20;;155;2123
06.06.2020 17:00:00;06.06.2020 18:00:00;24;97;2013;23;;137;2294
06.06.2020 18:00:00;06.06.2020 19:00:00;25;97;2021;26;;132;2301
06.06.2020 19:00:00;06.06.2020 20:00:00;27;93;2039;27;;142;2328
06.06.2020 20:00:00;06.06.2020 21:00:00;25;93;2026;24;;130;2298
06.06.2020 21:00:00;06.06.2020 22:00:00;26;93;2007;20;;131;2277
06.06.2020 22:00:00;06.06.2020 23:00:00;24;96;1999;24;;146;2289
06.06.2020 23:00:00;07.06.2020 00:00:00;22;93;1916;29;;172;2232
07.06.2020 00:00:00;07.06.2020 01:00:00;22;90;1821;23;;171;2127
07.06.2020 01:00:00;07.06.2020 02:00:00;20;90;1660;14;;149;1933
07.06.2020 02:00:00;07.06.2020 03:00:00;22;90;1629;16;;150;1907
07.06.2020 03:00:00;07.06.2020 04:00:00;18;91;1626;12;;113;1860
07.06.2020 04:00:00;07.06.2020 05:00:00;19;91;1545;8;;90;1753
07.06.2020 05:00:00;07.06.2020 06:00:00;22;89;1583;6;;73;1773
07.06.2020 06:00:00;07.06.2020 07:00:00;22;91;1669;5;;78;1865
07.06.2020 07:00:00;07.06.2020 08:00:00;21;91;1651;5;;77;1845
07.06.2020 08:00:00;07.06.2020 09:00:00;23;91;1672;29;;84;1899
07.06.2020 09:00:00;07.06.2020 10:00:00;23;91;1710;24;;142;1990
07.06.2020 10:00:00;07.06.2020 11:00:00;21;91;1821;23;;211;2167
07.06.2020 11:00:00;07.06.2020 12:00:00;21;90;1821;21;;230;2183
07.06.2020 12:00:00;07.06.2020 13:00:00;21;90;1826;14;;191;2142
07.06.2020 13:00:00;07.06.2020 14:00:00;20;94;1819;3;;149;2085
07.06.2020 14:00:00;07.06.2020 15:00:00;21;92;1821;2;;152;2088
07.06.2020 15:00:00;07.06.2020 16:00:00;16;91;1842;3;;171;2123
07.06.2020 16:00:00;07.06.2020 17:00:00;20;91;1895;9;;161;2176
07.06.2020 17:00:00;07.06.2020 18:00:00;19;91;1880;12;;153;2155
07.06.2020 18:00:00;07.06.2020 19:00:00;20;91;1879;7;;160;2157
07.06.2020 19:00:00;07.06.2020 20:00:00;20;92;1862;4;;174;2152
07.06.2020 20:00:00;07.06.2020 21:00:00;22;93;1875;10;;176;2176
07.06.2020 21:00:00;07.06.2020 22:00:00;21;93;1823;16;;188;2141
07.06.2020 22:00:00;07.06.2020 23:00:00;22;93;1751;19;;211;2096
07.06.2020 23:00:00;08.06.2020 00:00:00;18;91;1720;15;;248;2092
08.06.2020 00:00:00;08.06.2020 01:00:00;20;92;1761;10;;279;2162
08.06.2020 01:00:00;08.06.2020 02:00:00;21;92;1770;14;;297;2194
08.06.2020 02:00:00;08.06.2020 03:00:00;22;93;1763;19;;295;2192
08.06.2020 03:00:00;08.06.2020 04:00:00;22;93;1773;16;;297;2201
08.06.2020 04:00:00;08.06.2020 05:00:00;21;93;1827;9;;280;2230
08.06.2020 05:00:00;08.06.2020 06:00:00;21;93;1821;9;;264;2208
08.06.2020 06:00:00;08.06.2020 07:00:00;22;93;1958;10;;278;2361
08.06.2020 07:00:00;08.06.2020 08:00:00;23;93;2122;7;;314;2559
08.06.2020 08:00:00;08.06.2020 09:00:00;22;93;2204;7;;312;2638
08.06.2020 09:00:00;08.06.2020 10:00:00;20;93;2178;7;;296;2594
08.06.2020 10:00:00;08.06.2020 11:00:00;21;93;2150;8;;305;2577
08.06.2020 11:00:00;08.06.2020 12:00:00;20;93;2183;7;;300;2603
08.06.2020 12:00:00;08.06.2020 13:00:00;23;94;2172;7;;287;2583
08.06.2020 13:00:00;08.06.2020 14:00:00;22;98;2207;6;;273;2606
08.06.2020 14:00:00;08.06.2020 15:00:00;22;98;2232;5;;246;2603
08.06.2020 15:00:00;08.06.2020 16:00:00;24;94;2226;6;;223;2573
08.06.2020 16:00:00;08.06.2020 17:00:00;22;96;2226;5;;207;2556
08.06.2020 17:00:00;08.06.2020 18:00:00;23;98;2217;5;;205;2548
08.06.2020 18:00:00;08.06.2020 19:00:00;23;98;2212;6;;200;2539
08.06.2020 19:00:00;08.06.2020 20:00:00;22;98;2212;6;;181;2519
08.06.2020 20:00:00;08.06.2020 21:00:00;21;98;2201;5;;163;2488
08.06.2020 21:00:00;08.06.2020 22:00:00;21;98;2211;4;;148;2482
08.06.2020 22:00:00;08.06.2020 23:00:00;23;98;2160;3;;109;2393
08.06.2020 23:00:00;09.06.2020 00:00:00;22;97;2143;3;;87;2352
09.06.2020 00:00:00;09.06.2020 01:00:00;24;101;2052;4;;77;2258
09.06.2020 01:00:00;09.06.2020 02:00:00;21;101;2115;4;;73;2314
09.06.2020 02:00:00;09.06.2020 03:00:00;21;101;2171;4;;70;2367
09.06.2020 03:00:00;09.06.2020 04:00:00;26;101;2060;3;;57;2247
09.06.2020 04:00:00;09.06.2020 05:00:00;22;101;1948;3;;64;2138
09.06.2020 05:00:00;09.06.2020 06:00:00;0;101;1961;3;;50;2115
09.06.2020 06:00:00;09.06.2020 07:00:00;0;101;2138;2;;49;2290
09.06.2020 07:00:00;09.06.2020 08:00:00;0;101;2316;2;;45;2464
09.06.2020 08:00:00;09.06.2020 09:00:00;0;101;2356;2;;41;2500
09.06.2020 09:00:00;09.06.2020 10:00:00;0;101;2335;2;;29;2467
09.06.2020 10:00:00;09.06.2020 11:00:00;0;101;2313;2;;31;2447
09.06.2020 11:00:00;09.06.2020 12:00:00;0;102;2299;2;;28;2431
09.06.2020 12:00:00;09.06.2020 13:00:00;0;102;2288;2;;31;2423
09.06.2020 13:00:00;09.06.2020 14:00:00;0;101;2298;2;;36;2437
09.06.2020 14:00:00;09.06.2020 15:00:00;0;102;2263;2;;31;2398
09.06.2020 15:00:00;09.06.2020 16:00:00;18;102;2193;7;;33;2353
09.06.2020 16:00:00;09.06.2020 17:00:00;17;102;2178;7;;30;2334
09.06.2020 17:00:00;09.06.2020 18:00:00;23;102;2193;7;;25;2350
09.06.2020 18:00:00;09.06.2020 19:00:00;23;102;2193;7;;21;2346
09.06.2020 19:00:00;09.06.2020 20:00:00;21;102;2198;7;;22;2350
09.06.2020 20:00:00;09.06.2020 21:00:00;21;102;2194;7;;19;2343
09.06.2020 21:00:00;09.06.2020 22:00:00;21;102;2175;7;;23;2328
09.06.2020 22:00:00;09.06.2020 23:00:00;21;102;2151;7;;22;2303
09.06.2020 23:00:00;10.06.2020 00:00:00;21;102;1963;7;;26;2119
10.06.2020 00:00:00;10.06.2020 01:00:00;22;101;2052;7;;27;2209
10.06.2020 01:00:00;10.06.2020 02:00:00;22;101;2003;7;;22;2155
10.06.2020 02:00:00;10.06.2020 03:00:00;22;101;1888;7;;35;2053
10.06.2020 03:00:00;10.06.2020 04:00:00;23;101;1779;7;;40;1950
10.06.2020 04:00:00;10.06.2020 05:00:00;21;101;1724;5;;39;1890
10.06.2020 05:00:00;10.06.2020 06:00:00;21;101;1756;6;;43;1927
10.06.2020 06:00:00;10.06.2020 07:00:00;20;101;1935;1;;79;2136
10.06.2020 07:00:00;10.06.2020 08:00:00;18;100;2163;1;;78;2360
10.06.2020 08:00:00;10.06.2020 09:00:00;23;100;2237;1;;64;2425
10.06.2020 09:00:00;10.06.2020 10:00:00;23;100;2236;0;;66;2425
10.06.2020 10:00:00;10.06.2020 11:00:00;23;100;2213;1;;78;2415
10.06.2020 11:00:00;10.06.2020 12:00:00;25;100;2189;3;;86;2403
10.06.2020 12:00:00;10.06.2020 13:00:00;23;92;2146;2;;86;2349
10.06.2020 13:00:00;10.06.2020 14:00:00;26;92;2128;1;;95;2342
10.06.2020 14:00:00;10.06.2020 15:00:00;21;94;2101;0;;121;2337
10.06.2020 15:00:00;10.06.2020 16:00:00;22;99;2099;0;;130;2350
10.06.2020 16:00:00;10.06.2020 17:00:00;22;100;2039;1;;123;2285
10.06.2020 17:00:00;10.06.2020 18:00:00;27;100;1973;1;;127;2228
10.06.2020 18:00:00;10.06.2020 19:00:00;22;100;1975;1;;132;2230
10.06.2020 19:00:00;10.06.2020 20:00:00;22;100;1971;0;;130;2223
10.06.2020 20:00:00;10.06.2020 21:00:00;19;100;2013;0;;113;2245
10.06.2020 21:00:00;10.06.2020 22:00:00;21;100;2007;0;;128;2256
10.06.2020 22:00:00;10.06.2020 23:00:00;23;100;1926;0;;137;2186
10.06.2020 23:00:00;11.06.2020 00:00:00;25;100;1822;0;;140;2087
11.06.2020 00:00:00;11.06.2020 01:00:00;25;101;1645;0;;94;1865
11.06.2020 01:00:00;11.06.2020 02:00:00;26;101;1513;0;;95;1735
11.06.2020 02:00:00;11.06.2020 03:00:00;24;100;1484;0;;90;1698
11.06.2020 03:00:00;11.06.2020 04:00:00;22;100;1486;0;;96;1704
11.06.2020 04:00:00;11.06.2020 05:00:00;21;100;1485;0;;96;1702
11.06.2020 05:00:00;11.06.2020 06:00:00;24;99;1571;0;;87;1781
11.06.2020 06:00:00;11.06.2020 07:00:00;24;99;1859;5;;131;2118
11.06.2020 07:00:00;11.06.2020 08:00:00;21;99;2162;5;;130;2417
11.06.2020 08:00:00;11.06.2020 09:00:00;25;99;2256;6;;129;2515
11.06.2020 09:00:00;11.06.2020 10:00:00;23;99;2237;7;;125;2491
11.06.2020 10:00:00;11.06.2020 11:00:00;23;99;2228;6;;128;2484
11.06.2020 11:00:00;11.06.2020 12:00:00;25;99;2208;6;;121;2459
11.06.2020 12:00:00;11.06.2020 13:00:00;25;99;2171;6;;116;2417
11.06.2020 13:00:00;11.06.2020 14:00:00;26;99;2143;6;;127;2401
11.06.2020 14:00:00;11.06.2020 15:00:00;26;98;2163;7;;122;2416
11.06.2020 15:00:00;11.06.2020 16:00:00;26;98;2126;6;;122;2378
11.06.2020 16:00:00;11.06.2020 17:00:00;25;98;2013;5;;108;2249
11.06.2020 17:00:00;11.06.2020 18:00:00;26;98;2000;5;;118;2247
11.06.2020 18:00:00;11.06.2020 19:00:00;22;98;1956;5;;122;2203
11.06.2020 19:00:00;11.06.2020 20:00:00;24;98;1995;5;;125;2247
11.06.2020 20:00:00;11.06.2020 21:00:00;25;98;2001;5;;117;2246
11.06.2020 21:00:00;11.06.2020 22:00:00;24;98;1982;5;;126;2235
11.06.2020 22:00:00;11.06.2020 23:00:00;27;98;1822;5;;138;2090
11.06.2020 23:00:00;12.06.2020 00:00:00;25;98;1717;5;;143;1988
12.06.2020 00:00:00;12.06.2020 01:00:00;23;100;1634;5;;157;1919
12.06.2020 01:00:00;12.06.2020 02:00:00;24;100;1521;5;;163;1813
12.06.2020 02:00:00;12.06.2020 03:00:00;19;100;1321;5;;159;1604
12.06.2020 03:00:00;12.06.2020 04:00:00;20;100;1283;5;;157;1565
12.06.2020 04:00:00;12.06.2020 05:00:00;21;100;1327;5;;157;1610
12.06.2020 05:00:00;12.06.2020 06:00:00;22;99;1507;5;;172;1805
12.06.2020 06:00:00;12.06.2020 07:00:00;23;99;1876;3;;190;2191
12.06.2020 07:00:00;12.06.2020 08:00:00;20;99;2147;3;;176;2445
12.06.2020 08:00:00;12.06.2020 09:00:00;22;98;2292;3;;172;2587
12.06.2020 09:00:00;12.06.2020 10:00:00;21;96;2183;3;;165;2468
12.06.2020 10:00:00;12.06.2020 11:00:00;16;96;2017;3;;177;2309
12.06.2020 11:00:00;12.06.2020 12:00:00;17;98;2020;3;;175;2313
12.06.2020 12:00:00;12.06.2020 13:00:00;15;98;2026;3;;172;2314
12.06.2020 13:00:00;12.06.2020 14:00:00;14;98;2034;3;;168;2317
12.06.2020 14:00:00;12.06.2020 15:00:00;19;98;2022;3;;181;2323
12.06.2020 15:00:00;12.06.2020 16:00:00;19;98;1953;3;;193;2266
12.06.2020 16:00:00;12.06.2020 17:00:00;18;98;1957;3;;188;2264
12.06.2020 17:00:00;12.06.2020 18:00:00;18;98;1958;3;;181;2258
12.06.2020 18:00:00;12.06.2020 19:00:00;19;98;1947;3;;174;2241
12.06.2020 19:00:00;12.06.2020 20:00:00;18;99;1942;3;;166;2228
12.06.2020 20:00:00;12.06.2020 21:00:00;16;99;1888;3;;170;2176
12.06.2020 21:00:00;12.06.2020 22:00:00;16;99;1870;4;;166;2155
12.06.2020 22:00:00;12.06.2020 23:00:00;17;99;1759;4;;171;2050
12.06.2020 23:00:00;13.06.2020 00:00:00;19;99;1666;5;;153;1942
13.06.2020 00:00:00;13.06.2020 01:00:00;20;100;1497;7;;136;1760
13.06.2020 01:00:00;13.06.2020 02:00:00;15;100;1401;10;;157;1683
13.06.2020 02:00:00;13.06.2020 03:00:00;18;99;1411;16;;152;1696
13.06.2020 03:00:00;13.06.2020 04:00:00;17;99;1406;19;;138;1679
13.06.2020 04:00:00;13.06.2020 05:00:00;16;99;1405;25;;125;1670
13.06.2020 05:00:00;13.06.2020 06:00:00;16;99;1423;27;;143;1708
13.06.2020 06:00:00;13.06.2020 07:00:00;17;99;1531;22;;140;1809
13.06.2020 07:00:00;13.06.2020 08:00:00;18;99;1788;21;;124;2050
13.06.2020 08:00:00;13.06.2020 09:00:00;16;99;1933;21;;105;2174
13.06.2020 09:00:00;13.06.2020 10:00:00;15;99;1973;20;;90;2197
13.06.2020 10:00:00;13.06.2020 11:00:00;17;99;1959;19;;92;2186
13.06.2020 11:00:00;13.06.2020 12:00:00;15;99;1945;21;;87;2167
13.06.2020 12:00:00;13.06.2020 13:00:00;15;99;1902;18;;80;2114
13.06.2020 13:00:00;13.06.2020 14:00:00;17;99;1887;16;;83;2102
13.06.2020 14:00:00;13.06.2020 15:00:00;16;99;1878;18;;80;2091
13.06.2020 15:00:00;13.06.2020 16:00:00;16;99;1834;19;;64;2032
13.06.2020 16:00:00;13.06.2020 17:00:00;16;95;1825;14;;65;2015
13.06.2020 17:00:00;13.06.2020 18:00:00;17;94;1861;10;;64;2046
13.06.2020 18:00:00;13.06.2020 19:00:00;17;98;1835;9;;76;2035
13.06.2020 19:00:00;13.06.2020 20:00:00;18;98;1800;8;;74;1998
13.06.2020 20:00:00;13.06.2020 21:00:00;19;98;1692;10;;69;1888
13.06.2020 21:00:00;13.06.2020 22:00:00;20;94;1538;11;;69;1732
13.06.2020 22:00:00;13.06.2020 23:00:00;23;94;1410;10;;90;1627
13.06.2020 23:00:00;14.06.2020 00:00:00;21;94;1432;7;;79;1633
14.06.2020 00:00:00;14.06.2020 01:00:00;22;99;1529;6;;91;1747
14.06.2020 01:00:00;14.06.2020 02:00:00;24;99;1448;4;;109;1684
14.06.2020 02:00:00;14.06.2020 03:00:00;23;95;1428;6;;103;1655
14.06.2020 03:00:00;14.06.2020 04:00:00;23;95;1409;6;;113;1646
14.06.2020 04:00:00;14.06.2020 05:00:00;23;95;1395;6;;121;1640
14.06.2020 05:00:00;14.06.2020 06:00:00;24;94;1371;7;;140;1636
14.06.2020 06:00:00;14.06.2020 07:00:00;22;94;1453;9;;145;1723
14.06.2020 07:00:00;14.06.2020 08:00:00;23;94;1649;7;;145;1918
14.06.2020 08:00:00;14.06.2020 09:00:00;22;94;1818;7;;137;2078
14.06.2020 09:00:00;14.06.2020 10:00:00;23;94;1917;8;;149;2191
14.06.2020 10:00:00;14.06.2020 11:00:00;22;94;1953;10;;143;2222
14.06.2020 11:00:00;14.06.2020 12:00:00;24;94;1891;8;;161;2178
14.06.2020 12:00:00;14.06.2020 13:00:00;23;94;1915;10;;135;2177
14.06.2020 13:00:00;14.06.2020 14:00:00;21;95;1915;12;;135;2178
14.06.2020 14:00:00;14.06.2020 15:00:00;23;95;1920;13;;134;2185
14.06.2020 15:00:00;14.06.2020 16:00:00;20;99;1919;13;;137;2188
14.06.2020 16:00:00;14.06.2020 17:00:00;20;99;1909;14;;127;2169
14.06.2020 17:00:00;14.06.2020 18:00:00;81;95;1913;12;;116;2217
14.06.2020 18:00:00;14.06.2020 19:00:00;82;95;1916;8;;98;2199
14.06.2020 19:00:00;14.06.2020 20:00:00;83;95;1970;5;;88;2241
14.06.2020 20:00:00;14.06.2020 21:00:00;81;92;2020;6;;104;2303
14.06.2020 21:00:00;14.06.2020 22:00:00;83;98;2020;9;;141;2351
14.06.2020 22:00:00;14.06.2020 23:00:00;85;99;2021;9;;145;2359
14.06.2020 23:00:00;15.06.2020 00:00:00;84;95;1938;8;;140;2265
15.06.2020 00:00:00;15.06.2020 01:00:00;98;96;1925;8;;191;2318
15.06.2020 01:00:00;15.06.2020 02:00:00;100;96;1818;10;;204;2228
15.06.2020 02:00:00;15.06.2020 03:00:00;98;95;1670;7;;206;2076
15.06.2020 03:00:00;15.06.2020 04:00:00;98;96;1652;6;;208;2060
15.06.2020 04:00:00;15.06.2020 05:00:00;100;95;1687;5;;208;2095
15.06.2020 05:00:00;15.06.2020 06:00:00;98;95;1750;5;;201;2149
15.06.2020 06:00:00;15.06.2020 07:00:00;103;95;1947;5;;185;2335
15.06.2020 07:00:00;15.06.2020 08:00:00;99;95;2019;5;;174;2392
15.06.2020 08:00:00;15.06.2020 09:00:00;100;94;2130;5;;191;2520
15.06.2020 09:00:00;15.06.2020 10:00:00;144;94;2076;5;;195;2514
15.06.2020 10:00:00;15.06.2020 11:00:00;143;95;2073;4;;193;2508
15.06.2020 11:00:00;15.06.2020 12:00:00;143;94;2078;5;;181;2501
15.06.2020 12:00:00;15.06.2020 13:00:00;141;94;2102;5;;180;2522
15.06.2020 13:00:00;15.06.2020 14:00:00;143;95;2132;4;;186;2560
15.06.2020 14:00:00;15.06.2020 15:00:00;140;99;2131;4;;192;2566
15.06.2020 15:00:00;15.06.2020 16:00:00;146;99;2103;4;;191;2543
15.06.2020 16:00:00;15.06.2020 17:00:00;145;99;2100;5;;183;2532
15.06.2020 17:00:00;15.06.2020 18:00:00;143;95;2103;6;;177;2524
15.06.2020 18:00:00;15.06.2020 19:00:00;143;95;2103;5;;182;2528
15.06.2020 19:00:00;15.06.2020 20:00:00;143;94;2114;4;;176;2531
15.06.2020 20:00:00;15.06.2020 21:00:00;143;94;2114;4;;162;2517
15.06.2020 21:00:00;15.06.2020 22:00:00;141;98;2091;4;;154;2488
15.06.2020 22:00:00;15.06.2020 23:00:00;141;98;2059;4;;147;2449
15.06.2020 23:00:00;16.06.2020 00:00:00;141;99;1993;4;;145;2382
16.06.2020 00:00:00;16.06.2020 01:00:00;143;100;1883;4;;143;2273
16.06.2020 01:00:00;16.06.2020 02:00:00;143;100;1879;3;;135;2260
16.06.2020 02:00:00;16.06.2020 03:00:00;144;100;1850;3;;135;2232
16.06.2020 03:00:00;16.06.2020 04:00:00;144;100;1843;3;;136;2226
16.06.2020 04:00:00;16.06.2020 05:00:00;142;100;1852;3;;135;2232
16.06.2020 05:00:00;16.06.2020 06:00:00;145;100;1866;3;;137;2251
16.06.2020 06:00:00;16.06.2020 07:00:00;145;100;1964;3;;135;2347
16.06.2020 07:00:00;16.06.2020 08:00:00;146;100;2204;3;;121;2574
16.06.2020 08:00:00;16.06.2020 09:00:00;146;100;2225;4;;121;2596
16.06.2020 09:00:00;16.06.2020 10:00:00;145;100;2218;4;;123;2590
16.06.2020 10:00:00;16.06.2020 11:00:00;144;100;2209;6;;109;2568
16.06.2020 11:00:00;16.06.2020 12:00:00;143;100;2228;5;;121;2597
16.06.2020 12:00:00;16.06.2020 13:00:00;138;100;2111;4;;120;2473
16.06.2020 13:00:00;16.06.2020 14:00:00;144;100;2109;4;;121;2478
16.06.2020 14:00:00;16.06.2020 15:00:00;144;100;2145;4;;125;2518
16.06.2020 15:00:00;16.06.2020 16:00:00;144;100;2125;6;;127;2502
16.06.2020 16:00:00;16.06.2020 17:00:00;143;100;2064;5;;124;2436
16.06.2020 17:00:00;16.06.2020 18:00:00;145;100;2038;5;;125;2413
16.06.2020 18:00:00;16.06.2020 19:00:00;147;100;2060;4;;134;2445
16.06.2020 19:00:00;16.06.2020 20:00:00;145;100;2061;4;;132;2442
16.06.2020 20:00:00;16.06.2020 21:00:00;145;100;2026;4;;124;2399
16.06.2020 21:00:00;16.06.2020 22:00:00;145;100;2032;4;;122;2403
16.06.2020 22:00:00;16.06.2020 23:00:00;143;100;1966;4;;123;2336
16.06.2020 23:00:00;17.06.2020 00:00:00;145;100;1894;4;;113;2256
17.06.2020 00:00:00;17.06.2020 01:00:00;151;99;1848;4;;111;2213
17.06.2020 01:00:00;17.06.2020 02:00:00;151;99;1835;4;;102;2191
17.06.2020 02:00:00;17.06.2020 03:00:00;151;99;1810;7;;94;2161
17.06.2020 03:00:00;17.06.2020 04:00:00;151;99;1787;10;;101;2148
17.06.2020 04:00:00;17.06.2020 05:00:00;152;99;1743;11;;90;2095
17.06.2020 05:00:00;17.06.2020 06:00:00;153;99;1807;12;;81;2152
17.06.2020 06:00:00;17.06.2020 07:00:00;150;99;2073;12;;71;2405
17.06.2020 07:00:00;17.06.2020 08:00:00;150;99;2246;11;;49;2555
17.06.2020 08:00:00;17.06.2020 09:00:00;151;99;2265;10;;42;2567
17.06.2020 09:00:00;17.06.2020 10:00:00;152;100;2306;10;;33;2601
17.06.2020 10:00:00;17.06.2020 11:00:00;152;98;2241;10;;18;2519
17.06.2020 11:00:00;17.06.2020 12:00:00;153;98;2208;12;;16;2487
17.06.2020 12:00:00;17.06.2020 13:00:00;146;98;2187;9;;9;2449
17.06.2020 13:00:00;17.06.2020 14:00:00;146;98;2183;11;;5;2443
17.06.2020 14:00:00;17.06.2020 15:00:00;126;100;2184;11;;3;2424
17.06.2020 15:00:00;17.06.2020 16:00:00;137;100;2162;5;;5;2409
17.06.2020 16:00:00;17.06.2020 17:00:00;126;100;2198;6;;7;2437
17.06.2020 17:00:00;17.06.2020 18:00:00;139;100;2155;5;;8;2407
17.06.2020 18:00:00;17.06.2020 19:00:00;137;100;2178;4;;11;2430
17.06.2020 19:00:00;17.06.2020 20:00:00;146;100;2175;4;;12;2437
17.06.2020 20:00:00;17.06.2020 21:00:00;141;100;2172;4;;12;2429
17.06.2020 21:00:00;17.06.2020 22:00:00;145;99;2168;4;;15;2431
17.06.2020 22:00:00;17.06.2020 23:00:00;147;100;2105;4;;20;2376
17.06.2020 23:00:00;18.06.2020 00:00:00;146;100;2019;4;;26;2295
18.06.2020 00:00:00;18.06.2020 01:00:00;146;97;1930;3;;31;2207
18.06.2020 01:00:00;18.06.2020 02:00:00;145;97;1885;3;;39;2169
18.06.2020 02:00:00;18.06.2020 03:00:00;147;97;1884;3;;50;2181
18.06.2020 03:00:00;18.06.2020 04:00:00;145;97;1883;3;;49;2177
18.06.2020 04:00:00;18.06.2020 05:00:00;143;97;1863;3;;43;2149
18.06.2020 05:00:00;18.06.2020 06:00:00;147;97;1892;3;;44;2183
18.06.2020 06:00:00;18.06.2020 07:00:00;150;97;2107;3;;39;2396
18.06.2020 07:00:00;18.06.2020 08:00:00;149;97;2221;3;;37;2507
18.06.2020 08:00:00;18.06.2020 09:00:00;150;97;2184;3;;42;2476
18.06.2020 09:00:00;18.06.2020 10:00:00;152;97;2220;3;;53;2525
18.06.2020 10:00:00;18.06.2020 11:00:00;148;97;2264;3;;68;2580
18.06.2020 11:00:00;18.06.2020 12:00:00;144;97;2298;3;;77;2619
18.06.2020 12:00:00;18.06.2020 13:00:00;146;97;2259;3;;79;2584
18.06.2020 13:00:00;18.06.2020 14:00:00;135;97;2223;3;;90;2548
18.06.2020 14:00:00;18.06.2020 15:00:00;143;97;2198;3;;111;2552
18.06.2020 15:00:00;18.06.2020 16:00:00;145;97;2180;3;;131;2556
18.06.2020 16:00:00;18.06.2020 17:00:00;146;97;2201;3;;133;2580
18.06.2020 17:00:00;18.06.2020 18:00:00;146;97;2139;3;;135;2520
18.06.2020 18:00:00;18.06.2020 19:00:00;146;97;2193;3;;156;2595
18.06.2020 19:00:00;18.06.2020 20:00:00;148;98;2196;3;;158;2603
18.06.2020 20:00:00;18.06.2020 21:00:00;150;97;2177;3;;164;2591
18.06.2020 21:00:00;18.06.2020 22:00:00;152;97;2184;3;;174;2610
18.06.2020 22:00:00;18.06.2020 23:00:00;150;97;2183;3;;174;2607
18.06.2020 23:00:00;19.06.2020 00:00:00;149;97;2175;3;;171;2595
19.06.2020 00:00:00;19.06.2020 01:00:00;149;100;1982;0;;176;2407
19.06.2020 01:00:00;19.06.2020 02:00:00;150;99;1975;0;;169;2393
19.06.2020 02:00:00;19.06.2020 03:00:00;149;98;1905;0;;166;2318
19.06.2020 03:00:00;19.06.2020 04:00:00;150;99;1899;0;;165;2313
19.06.2020 04:00:00;19.06.2020 05:00:00;147;99;1810;0;;167;2223
19.06.2020 05:00:00;19.06.2020 06:00:00;151;99;1791;0;;161;2202
19.06.2020 06:00:00;19.06.2020 07:00:00;152;99;1804;0;;162;2217
19.06.2020 07:00:00;19.06.2020 08:00:00;150;99;1933;0;;154;2336
19.06.2020 08:00:00;19.06.2020 09:00:00;149;102;2165;0;;153;2569
19.06.2020 09:00:00;19.06.2020 10:00:00;146;102;2145;0;;151;2544
19.06.2020 10:00:00;19.06.2020 11:00:00;145;101;2129;0;;156;2531
19.06.2020 11:00:00;19.06.2020 12:00:00;145;102;2122;0;;152;2521
19.06.2020 12:00:00;19.06.2020 13:00:00;126;98;2134;0;;150;2508
19.06.2020 13:00:00;19.06.2020 14:00:00;126;101;2130;0;;155;2512
19.06.2020 14:00:00;19.06.2020 15:00:00;126;102;2123;0;;159;2510
19.06.2020 15:00:00;19.06.2020 16:00:00;126;102;2114;0;;156;2498
19.06.2020 16:00:00;19.06.2020 17:00:00;145;102;2093;0;;153;2493
19.06.2020 17:00:00;19.06.2020 18:00:00;152;102;2151;0;;147;2552
19.06.2020 18:00:00;19.06.2020 19:00:00;150;102;2149;0;;152;2553
19.06.2020 19:00:00;19.06.2020 20:00:00;152;102;2145;0;;147;2546
19.06.2020 20:00:00;19.06.2020 21:00:00;151;102;2044;0;;146;2443
19.06.2020 21:00:00;19.06.2020 22:00:00;151;102;2020;0;;153;2426
19.06.2020 22:00:00;19.06.2020 23:00:00;150;102;1981;0;;151;2384
19.06.2020 23:00:00;20.06.2020 00:00:00;149;102;1960;0;;142;2353
20.06.2020 00:00:00;20.06.2020 01:00:00;153;102;1723;0;;125;2103
20.06.2020 01:00:00;20.06.2020 02:00:00;146;102;1531;0;;117;1896
20.06.2020 02:00:00;20.06.2020 03:00:00;126;102;1430;0;;128;1786
20.06.2020 03:00:00;20.06.2020 04:00:00;149;102;1412;0;;123;1786
20.06.2020 04:00:00;20.06.2020 05:00:00;152;102;1407;0;;116;1777
20.06.2020 05:00:00;20.06.2020 06:00:00;153;103;1454;0;;120;1830
20.06.2020 06:00:00;20.06.2020 07:00:00;150;103;1708;0;;122;2083
20.06.2020 07:00:00;20.06.2020 08:00:00;151;103;1790;0;;117;2161
20.06.2020 08:00:00;20.06.2020 09:00:00;151;103;1849;0;;116;2219
20.06.2020 09:00:00;20.06.2020 10:00:00;150;103;1938;0;;101;2292
20.06.2020 10:00:00;20.06.2020 11:00:00;151;103;2046;0;;87;2387
20.06.2020 11:00:00;20.06.2020 12:00:00;149;103;2046;0;;81;2379
20.06.2020 12:00:00;20.06.2020 13:00:00;149;103;1993;0;;68;2313
20.06.2020 13:00:00;20.06.2020 14:00:00;149;103;1983;0;;51;2286
20.06.2020 14:00:00;20.06.2020 15:00:00;147;103;1992;0;;29;2271
20.06.2020 15:00:00;20.06.2020 16:00:00;152;103;2014;0;;22;2291
20.06.2020 16:00:00;20.06.2020 17:00:00;150;103;2042;0;;25;2320
20.06.2020 17:00:00;20.06.2020 18:00:00;151;103;2091;0;;20;2365
20.06.2020 18:00:00;20.06.2020 19:00:00;151;103;2094;0;;16;2364
20.06.2020 19:00:00;20.06.2020 20:00:00;151;102;2089;0;;14;2356
20.06.2020 20:00:00;20.06.2020 21:00:00;149;103;2087;0;;15;2354
20.06.2020 21:00:00;20.06.2020 22:00:00;153;102;2067;0;;16;2338
20.06.2020 22:00:00;20.06.2020 23:00:00;152;102;1995;0;;14;2263
20.06.2020 23:00:00;21.06.2020 00:00:00;149;102;1951;0;;16;2218
21.06.2020 00:00:00;21.06.2020 01:00:00;144;104;1849;0;;20;2117
21.06.2020 01:00:00;21.06.2020 02:00:00;147;103;1776;0;;18;2044
21.06.2020 02:00:00;21.06.2020 03:00:00;141;103;1716;0;;24;1984
21.06.2020 03:00:00;21.06.2020 04:00:00;146;103;1695;0;;32;1976
21.06.2020 04:00:00;21.06.2020 05:00:00;144;103;1648;0;;28;1923
21.06.2020 05:00:00;21.06.2020 06:00:00;147;104;1663;0;;39;1953
21.06.2020 06:00:00;21.06.2020 07:00:00;143;104;1818;0;;46;2111
21.06.2020 07:00:00;21.06.2020 08:00:00;145;104;1860;0;;44;2153
21.06.2020 08:00:00;21.06.2020 09:00:00;149;104;1868;0;;33;2154
21.06.2020 09:00:00;21.06.2020 10:00:00;146;104;1895;0;;28;2173
21.06.2020 10:00:00;21.06.2020 11:00:00;142;104;1930;0;;20;2196
21.06.2020 11:00:00;21.06.2020 12:00:00;146;104;1910;0;;17;2177
21.06.2020 12:00:00;21.06.2020 13:00:00;145;104;1904;0;;15;2168
21.06.2020 13:00:00;21.06.2020 14:00:00;145;104;1923;0;;11;2183
21.06.2020 14:00:00;21.06.2020 15:00:00;144;104;1923;0;;10;2181
21.06.2020 15:00:00;21.06.2020 16:00:00;142;104;1936;0;;10;2192
21.06.2020 16:00:00;21.06.2020 17:00:00;133;104;1950;0;;12;2199
21.06.2020 17:00:00;21.06.2020 18:00:00;136;104;1994;0;;18;2252
21.06.2020 18:00:00;21.06.2020 19:00:00;144;104;2015;0;;21;2284
21.06.2020 19:00:00;21.06.2020 20:00:00;145;104;2030;0;;23;2302
21.06.2020 20:00:00;21.06.2020 21:00:00;146;104;2055;0;;22;2327
21.06.2020 21:00:00;21.06.2020 22:00:00;145;103;2085;0;;26;2359
21.06.2020 22:00:00;21.06.2020 23:00:00;144;103;2049;0;;28;2324
21.06.2020 23:00:00;22.06.2020 00:00:00;145;103;1902;0;;29;2179
22.06.2020 00:00:00;22.06.2020 01:00:00;150;101;1903;0;;44;2198
22.06.2020 01:00:00;22.06.2020 02:00:00;152;101;1883;0;;53;2189
22.06.2020 02:00:00;22.06.2020 03:00:00;152;101;1875;0;;66;2194
22.06.2020 03:00:00;22.06.2020 04:00:00;151;101;1879;0;;76;2207
22.06.2020 04:00:00;22.06.2020 05:00:00;152;101;1872;0;;76;2201
22.06.2020 05:00:00;22.06.2020 06:00:00;152;101;1886;0;;74;2213
22.06.2020 06:00:00;22.06.2020 07:00:00;151;101;1901;0;;72;2225
22.06.2020 07:00:00;22.06.2020 08:00:00;151;101;2133;0;;62;2447
22.06.2020 08:00:00;22.06.2020 09:00:00;151;99;2151;0;;57;2458
22.06.2020 09:00:00;22.06.2020 10:00:00;153;99;2257;0;;65;2574
22.06.2020 10:00:00;22.06.2020 11:00:00;149;98;2145;0;;79;2471
22.06.2020 11:00:00;22.06.2020 12:00:00;149;98;2216;0;;77;2540
22.06.2020 12:00:00;22.06.2020 13:00:00;153;98;2177;0;;72;2500
22.06.2020 13:00:00;22.06.2020 14:00:00;147;98;2246;0;;74;2565
22.06.2020 14:00:00;22.06.2020 15:00:00;164;98;2212;0;;67;2541
22.06.2020 15:00:00;22.06.2020 16:00:00;165;99;2167;0;;60;2491
22.06.2020 16:00:00;22.06.2020 17:00:00;164;99;2161;0;;60;2484
22.06.2020 17:00:00;22.06.2020 18:00:00;164;99;2152;0;;54;2469
22.06.2020 18:00:00;22.06.2020 19:00:00;164;99;2117;0;;44;2424
22.06.2020 19:00:00;22.06.2020 20:00:00;198;99;2081;0;;42;2420
22.06.2020 20:00:00;22.06.2020 21:00:00;194;99;2092;0;;36;2421
22.06.2020 21:00:00;22.06.2020 22:00:00;185;99;2095;0;;35;2414
22.06.2020 22:00:00;22.06.2020 23:00:00;196;99;2091;0;;30;2416
22.06.2020 23:00:00;23.06.2020 00:00:00;198;99;2033;0;;27;2357
23.06.2020 00:00:00;23.06.2020 01:00:00;197;98;2006;0;;34;2335
23.06.2020 01:00:00;23.06.2020 02:00:00;210;98;1910;0;;42;2260
23.06.2020 02:00:00;23.06.2020 03:00:00;185;98;1898;0;;40;2221
23.06.2020 03:00:00;23.06.2020 04:00:00;207;98;1876;0;;40;2221
23.06.2020 04:00:00;23.06.2020 05:00:00;208;100;1924;0;;38;2270
23.06.2020 05:00:00;23.06.2020 06:00:00;209;100;1883;0;;43;2235
23.06.2020 06:00:00;23.06.2020 07:00:00;209;100;1880;0;;43;2232
23.06.2020 07:00:00;23.06.2020 08:00:00;209;100;1945;0;;39;2293
23.06.2020 08:00:00;23.06.2020 09:00:00;209;100;1874;0;;39;2222
23.06.2020 09:00:00;23.06.2020 10:00:00;209;100;1895;0;;42;2246
23.06.2020 10:00:00;23.06.2020 11:00:00;204;100;1883;0;;39;2226
23.06.2020 11:00:00;23.06.2020 12:00:00;203;100;1934;0;;38;2275
23.06.2020 12:00:00;23.06.2020 13:00:00;203;100;1957;0;;25;2285
23.06.2020 13:00:00;23.06.2020 14:00:00;209;99;1989;0;;18;2315
23.06.2020 14:00:00;23.06.2020 15:00:00;208;98;1988;0;;16;2310
23.06.2020 15:00:00;23.06.2020 16:00:00;210;99;1991;0;;19;2319
23.06.2020 16:00:00;23.06.2020 17:00:00;209;100;1992;0;;12;2313
23.06.2020 17:00:00;23.06.2020 18:00:00;213;100;1983;0;;13;2309
23.06.2020 18:00:00;23.06.2020 19:00:00;210;100;1970;0;;6;2286
23.06.2020 19:00:00;23.06.2020 20:00:00;207;100;1982;0;;4;2293
23.06.2020 20:00:00;23.06.2020 21:00:00;209;100;1965;0;;5;2279
23.06.2020 21:00:00;23.06.2020 22:00:00;206;98;1968;0;;4;2276
23.06.2020 22:00:00;23.06.2020 23:00:00;208;98;1964;0;;4;2274
23.06.2020 23:00:00;24.06.2020 00:00:00;209;98;1943;0;;10;2260
24.06.2020 00:00:00;24.06.2020 01:00:00;220;98;1830;0;;27;2175
24.06.2020 01:00:00;24.06.2020 02:00:00;221;98;1811;0;;47;2177
24.06.2020 02:00:00;24.06.2020 03:00:00;223;98;1792;0;;67;2180
24.06.2020 03:00:00;24.06.2020 04:00:00;221;98;1755;0;;67;2141
24.06.2020 04:00:00;24.06.2020 05:00:00;220;98;1744;0;;74;2136
24.06.2020 05:00:00;24.06.2020 06:00:00;220;98;1747;0;;94;2159
24.06.2020 06:00:00;24.06.2020 07:00:00;218;98;1742;0;;108;2166
24.06.2020 07:00:00;24.06.2020 08:00:00;222;98;1805;0;;101;2226
24.06.2020 08:00:00;24.06.2020 09:00:00;216;99;1812;0;;81;2208
24.06.2020 09:00:00;24.06.2020 10:00:00;218;99;1853;0;;88;2258
24.06.2020 10:00:00;24.06.2020 11:00:00;219;98;1890;0;;63;2270
24.06.2020 11:00:00;24.06.2020 12:00:00;219;98;1897;0;;84;2298
24.06.2020 12:00:00;24.06.2020 13:00:00;216;98;1880;0;;78;2272
24.06.2020 13:00:00;24.06.2020 14:00:00;218;98;1858;0;;71;2245
24.06.2020 14:00:00;24.06.2020 15:00:00;219;96;1856;0;;105;2276
24.06.2020 15:00:00;24.06.2020 16:00:00;223;96;1858;0;;112;2289
24.06.2020 16:00:00;24.06.2020 17:00:00;220;100;1862;0;;123;2305
24.06.2020 17:00:00;24.06.2020 18:00:00;218;100;1886;0;;112;2316
24.06.2020 18:00:00;24.06.2020 19:00:00;219;100;1888;0;;103;2310
24.06.2020 19:00:00;24.06.2020 20:00:00;219;100;1865;0;;97;2281
24.06.2020 20:00:00;24.06.2020 21:00:00;217;100;1868;0;;89;2274
24.06.2020 21:00:00;24.06.2020 22:00:00;217;98;1872;0;;88;2275
24.06.2020 22:00:00;24.06.2020 23:00:00;213;98;2001;0;;103;2415
24.06.2020 23:00:00;25.06.2020 00:00:00;219;98;1993;0;;117;2427
25.06.2020 00:00:00;25.06.2020 01:00:00;220;98;1978;0;;130;2426
25.06.2020 01:00:00;25.06.2020 02:00:00;219;98;1937;0;;147;2401
25.06.2020 02:00:00;25.06.2020 03:00:00;218;98;1955;0;;177;2448
25.06.2020 03:00:00;25.06.2020 04:00:00;220;98;1946;0;;184;2448
25.06.2020 04:00:00;25.06.2020 05:00:00;219;98;1931;0;;174;2422
25.06.2020 05:00:00;25.06.2020 06:00:00;220;98;1898;0;;171;2387
25.06.2020 06:00:00;25.06.2020 07:00:00;213;98;1935;0;;175;2421
25.06.2020 07:00:00;25.06.2020 08:00:00;220;98;1959;0;;183;2460
25.06.2020 08:00:00;25.06.2020 09:00:00;220;100;2033;0;;162;2515
25.06.2020 09:00:00;25.06.2020 10:00:00;218;101;1997;0;;148;2464
25.06.2020 10:00:00;25.06.2020 11:00:00;218;100;2084;0;;165;2567
25.06.2020 11:00:00;25.06.2020 12:00:00;195;100;2030;0;;191;2516
25.06.2020 12:00:00;25.06.2020 13:00:00;219;100;1999;0;;204;2522
25.06.2020 13:00:00;25.06.2020 14:00:00;218;100;2029;0;;248;2595
25.06.2020 14:00:00;25.06.2020 15:00:00;215;98;2022;0;;279;2614
25.06.2020 15:00:00;25.06.2020 16:00:00;213;100;1982;0;;254;2549
25.06.2020 16:00:00;25.06.2020 17:00:00;213;100;1977;0;;259;2549
25.06.2020 17:00:00;25.06.2020 18:00:00;221;100;1983;0;;298;2602
25.06.2020 18:00:00;25.06.2020 19:00:00;219;100;2001;0;;301;2621
25.06.2020 19:00:00;25.06.2020 20:00:00;219;100;1973;0;;293;2585
25.06.2020 20:00:00;25.06.2020 21:00:00;220;100;1937;0;;291;2548
25.06.2020 21:00:00;25.06.2020 22:00:00;216;98;1970;0;;295;2579
25.06.2020 22:00:00;25.06.2020 23:00:00;220;98;1956;0;;287;2561
25.06.2020 23:00:00;26.06.2020 00:00:00;220;98;1938;0;;298;2554
26.06.2020 00:00:00;26.06.2020 01:00:00;220;99;1819;0;;301;2439
26.06.2020 01:00:00;26.06.2020 02:00:00;219;97;1730;0;;293;2339
26.06.2020 02:00:00;26.06.2020 03:00:00;219;97;1720;0;;325;2361
26.06.2020 03:00:00;26.06.2020 04:00:00;216;97;1712;0;;358;2383
26.06.2020 04:00:00;26.06.2020 05:00:00;221;97;1714;0;;357;2389
26.06.2020 05:00:00;26.06.2020 06:00:00;220;97;1736;0;;374;2427
26.06.2020 06:00:00;26.06.2020 07:00:00;220;97;1793;0;;401;2511
26.06.2020 07:00:00;26.06.2020 08:00:00;215;99;1884;0;;410;2608
26.06.2020 08:00:00;26.06.2020 09:00:00;216;101;1919;0;;406;2642
26.06.2020 09:00:00;26.06.2020 10:00:00;221;100;1970;0;;423;2714
26.06.2020 10:00:00;26.06.2020 11:00:00;220;101;1947;0;;413;2681
26.06.2020 11:00:00;26.06.2020 12:00:00;218;101;1965;0;;397;2681
26.06.2020 12:00:00;26.06.2020 13:00:00;205;101;1966;0;;367;2639
26.06.2020 13:00:00;26.06.2020 14:00:00;205;101;1950;0;;313;2569
26.06.2020 14:00:00;26.06.2020 15:00:00;207;99;1922;0;;272;2500
26.06.2020 15:00:00;26.06.2020 16:00:00;217;99;1921;0;;265;2502
26.06.2020 16:00:00;26.06.2020 17:00:00;219;99;1960;0;;256;2534
26.06.2020 17:00:00;26.06.2020 18:00:00;219;99;1985;0;;211;2514
26.06.2020 18:00:00;26.06.2020 19:00:00;218;99;2024;0;;183;2524
26.06.2020 19:00:00;26.06.2020 20:00:00;219;99;2066;0;;169;2553
26.06.2020 20:00:00;26.06.2020 21:00:00;217;95;2224;0;;161;2697
26.06.2020 21:00:00;26.06.2020 22:00:00;222;95;2251;0;;160;2728
26.06.2020 22:00:00;26.06.2020 23:00:00;220;95;2216;0;;155;2686
26.06.2020 23:00:00;27.06.2020 00:00:00;216;96;2201;0;;161;2674
27.06.2020 00:00:00;27.06.2020 01:00:00;219;101;2558;0;;165;3043
27.06.2020 01:00:00;27.06.2020 02:00:00;220;101;2640;0;;154;3115
27.06.2020 02:00:00;27.06.2020 03:00:00;220;97;2148;0;;140;2605
27.06.2020 03:00:00;27.06.2020 04:00:00;219;93;1829;0;;128;2269
27.06.2020 04:00:00;27.06.2020 05:00:00;221;93;1831;0;;121;2266
27.06.2020 05:00:00;27.06.2020 06:00:00;219;93;1808;0;;119;2239
27.06.2020 06:00:00;27.06.2020 07:00:00;222;94;1810;0;;116;2242
27.06.2020 07:00:00;27.06.2020 08:00:00;220;94;1840;0;;118;2272
27.06.2020 08:00:00;27.06.2020 09:00:00;221;95;1975;0;;122;2413
27.06.2020 09:00:00;27.06.2020 10:00:00;218;96;1966;0;;132;2412
27.06.2020 10:00:00;27.06.2020 11:00:00;218;96;1970;0;;143;2427
27.06.2020 11:00:00;27.06.2020 12:00:00;222;100;1962;0;;139;2423
27.06.2020 12:00:00;27.06.2020 13:00:00;220;100;1932;0;;143;2395
27.06.2020 13:00:00;27.06.2020 14:00:00;216;97;1886;0;;144;2343
27.06.2020 14:00:00;27.06.2020 15:00:00;217;97;1878;0;;144;2336
27.06.2020 15:00:00;27.06.2020 16:00:00;218;97;1862;0;;142;2319
27.06.2020 16:00:00;27.06.2020 17:00:00;218;97;1933;0;;143;2391
27.06.2020 17:00:00;27.06.2020 18:00:00;215;97;2305;0;;141;2758
27.06.2020 18:00:00;27.06.2020 19:00:00;219;98;2554;0;;139;3010
27.06.2020 19:00:00;27.06.2020 20:00:00;222;98;2436;0;;143;2899
27.06.2020 20:00:00;27.06.2020 21:00:00;219;101;2009;0;;153;2482
27.06.2020 21:00:00;27.06.2020 22:00:00;221;100;1750;0;;160;2231
27.06.2020 22:00:00;27.06.2020 23:00:00;220;100;1752;0;;161;2233
27.06.2020 23:00:00;28.06.2020 00:00:00;221;100;1744;0;;164;2229
28.06.2020 00:00:00;28.06.2020 01:00:00;217;100;1719;0;;158;2194
28.06.2020 01:00:00;28.06.2020 02:00:00;218;100;1585;0;;161;2064
28.06.2020 02:00:00;28.06.2020 03:00:00;219;100;1526;0;;170;2015
28.06.2020 03:00:00;28.06.2020 04:00:00;216;100;1523;0;;169;2008
28.06.2020 04:00:00;28.06.2020 05:00:00;222;100;1473;0;;163;1958
28.06.2020 05:00:00;28.06.2020 06:00:00;221;100;1495;0;;151;1967
28.06.2020 06:00:00;28.06.2020 07:00:00;220;101;1556;0;;143;2020
28.06.2020 07:00:00;28.06.2020 08:00:00;219;101;1576;0;;124;2020
28.06.2020 08:00:00;28.06.2020 09:00:00;219;100;1758;0;;110;2187
28.06.2020 09:00:00;28.06.2020 10:00:00;220;101;1959;0;;104;2384
28.06.2020 10:00:00;28.06.2020 11:00:00;217;100;1804;0;;123;2244
28.06.2020 11:00:00;28.06.2020 12:00:00;220;100;1696;0;;130;2146
28.06.2020 12:00:00;28.06.2020 13:00:00;219;100;1695;0;;108;2122
28.06.2020 13:00:00;28.06.2020 14:00:00;216;100;1703;0;;101;2120
28.06.2020 14:00:00;28.06.2020 15:00:00;216;101;1694;0;;99;2110
28.06.2020 15:00:00;28.06.2020 16:00:00;217;100;1688;0;;106;2111
28.06.2020 16:00:00;28.06.2020 17:00:00;215;100;1690;0;;115;2120
28.06.2020 17:00:00;28.06.2020 18:00:00;214;100;1698;0;;111;2123
28.06.2020 18:00:00;28.06.2020 19:00:00;212;100;1811;0;;107;2230
28.06.2020 19:00:00;28.06.2020 20:00:00;213;100;1846;0;;105;2264
28.06.2020 20:00:00;28.06.2020 21:00:00;210;102;1960;0;;101;2373
28.06.2020 21:00:00;28.06.2020 22:00:00;215;102;2044;0;;92;2453
28.06.2020 22:00:00;28.06.2020 23:00:00;215;102;2060;0;;85;2462
28.06.2020 23:00:00;29.06.2020 00:00:00;212;102;1923;0;;85;2322
29.06.2020 00:00:00;29.06.2020 01:00:00;210;99;1894;0;;80;2283
29.06.2020 01:00:00;29.06.2020 02:00:00;211;98;1896;0;;78;2283
29.06.2020 02:00:00;29.06.2020 03:00:00;211;99;1868;0;;74;2252
29.06.2020 03:00:00;29.06.2020 04:00:00;211;99;1814;0;;72;2196
29.06.2020 04:00:00;29.06.2020 05:00:00;208;99;1763;0;;80;2150
29.06.2020 05:00:00;29.06.2020 06:00:00;207;99;1779;0;;70;2155
29.06.2020 06:00:00;29.06.2020 07:00:00;207;97;1658;0;;65;2027
29.06.2020 07:00:00;29.06.2020 08:00:00;207;98;1786;0;;70;2161
29.06.2020 08:00:00;29.06.2020 09:00:00;208;99;1911;0;;83;2301
29.06.2020 09:00:00;29.06.2020 10:00:00;209;99;1953;0;;97;2358
29.06.2020 10:00:00;29.06.2020 11:00:00;218;99;1955;0;;105;2377
29.06.2020 11:00:00;29.06.2020 12:00:00;219;99;1935;0;;102;2355
29.06.2020 12:00:00;29.06.2020 13:00:00;218;97;1875;0;;117;2307
29.06.2020 13:00:00;29.06.2020 14:00:00;217;97;1876;0;;151;2341
29.06.2020 14:00:00;29.06.2020 15:00:00;215;97;1884;0;;167;2363
29.06.2020 15:00:00;29.06.2020 16:00:00;215;97;1905;0;;176;2393
29.06.2020 16:00:00;29.06.2020 17:00:00;217;97;1859;0;;187;2360
29.06.2020 17:00:00;29.06.2020 18:00:00;218;97;1844;0;;189;2348
29.06.2020 18:00:00;29.06.2020 19:00:00;218;97;1771;0;;209;2295
29.06.2020 19:00:00;29.06.2020 20:00:00;220;97;1730;0;;207;2254
29.06.2020 20:00:00;29.06.2020 21:00:00;219;96;1752;0;;211;2278
29.06.2020 21:00:00;29.06.2020 22:00:00;218;97;1736;0;;213;2264
29.06.2020 22:00:00;29.06.2020 23:00:00;221;97;1729;0;;216;2263
29.06.2020 23:00:00;30.06.2020 00:00:00;221;97;1723;0;;226;2267
30.06.2020 00:00:00;30.06.2020 01:00:00;219;98;1692;0;;221;2230
30.06.2020 01:00:00;30.06.2020 02:00:00;220;97;1695;0;;217;2229
30.06.2020 02:00:00;30.06.2020 03:00:00;216;97;1690;0;;221;2224
30.06.2020 03:00:00;30.06.2020 04:00:00;214;97;1678;0;;241;2230
30.06.2020 04:00:00;30.06.2020 05:00:00;215;97;1677;0;;248;2237
30.06.2020 05:00:00;30.06.2020 06:00:00;218;97;1659;0;;260;2234
30.06.2020 06:00:00;30.06.2020 07:00:00;221;97;1700;0;;246;2264
30.06.2020 07:00:00;30.06.2020 08:00:00;220;100;1585;0;;239;2144
30.06.2020 08:00:00;30.06.2020 09:00:00;220;100;1855;0;;250;2425
30.06.2020 09:00:00;30.06.2020 10:00:00;223;98;1744;0;;252;2317
30.06.2020 10:00:00;30.06.2020 11:00:00;223;100;1878;0;;255;2456
30.06.2020 11:00:00;30.06.2020 12:00:00;222;100;1899;0;;251;2472
30.06.2020 12:00:00;30.06.2020 13:00:00;221;100;2006;0;;273;2600
30.06.2020 13:00:00;30.06.2020 14:00:00;216;100;2249;0;;292;2857
30.06.2020 14:00:00;30.06.2020 15:00:00;214;101;2050;0;;287;2652
30.06.2020 15:00:00;30.06.2020 16:00:00;212;96;2052;0;;275;2635
30.06.2020 16:00:00;30.06.2020 17:00:00;222;101;1821;0;;244;2388
30.06.2020 17:00:00;30.06.2020 18:00:00;222;101;1807;0;;246;2376
30.06.2020 18:00:00;30.06.2020 19:00:00;224;101;1832;0;;225;2382
30.06.2020 19:00:00;30.06.2020 20:00:00;219;101;1799;0;;202;2321
30.06.2020 20:00:00;30.06.2020 21:00:00;219;101;1787;0;;201;2308
30.06.2020 21:00:00;30.06.2020 22:00:00;223;98;1769;0;;183;2273
30.06.2020 22:00:00;30.06.2020 23:00:00;218;98;1748;0;;166;2230
30.06.2020 23:00:00;01.07.2020 00:00:00;220;99;1609;0;;122;2050
01.07.2020 00:00:00;01.07.2020 01:00:00;223;98;1237;0;;159;1717
01.07.2020 01:00:00;01.07.2020 02:00:00;221;98;1178;0;;143;1640
01.07.2020 02:00:00;01.07.2020 03:00:00;220;98;1129;0;;113;1560
01.07.2020 03:00:00;01.07.2020 04:00:00;221;98;1067;0;;100;1486
01.07.2020 04:00:00;01.07.2020 05:00:00;218;97;1061;0;;89;1465
01.07.2020 05:00:00;01.07.2020 06:00:00;220;97;1272;0;;82;1671
01.07.2020 06:00:00;01.07.2020 07:00:00;221;97;1572;0;;104;1994
01.07.2020 07:00:00;01.07.2020 08:00:00;223;97;1751;0;;104;2175
01.07.2020 08:00:00;01.07.2020 09:00:00;217;99;1886;0;;100;2302
01.07.2020 09:00:00;01.07.2020 10:00:00;217;99;1911;0;;116;2343
01.07.2020 10:00:00;01.07.2020 11:00:00;220;97;1900;0;;134;2351
01.07.2020 11:00:00;01.07.2020 12:00:00;219;98;1904;0;;138;2359
01.07.2020 12:00:00;01.07.2020 13:00:00;216;98;1907;0;;138;2359
01.07.2020 13:00:00;01.07.2020 14:00:00;215;98;1901;0;;140;2354
01.07.2020 14:00:00;01.07.2020 15:00:00;217;99;1903;0;;145;2364
01.07.2020 15:00:00;01.07.2020 16:00:00;217;99;1905;0;;150;2371
01.07.2020 16:00:00;01.07.2020 17:00:00;213;99;1896;0;;144;2352
01.07.2020 17:00:00;01.07.2020 18:00:00;214;99;1876;0;;164;2353
01.07.2020 18:00:00;01.07.2020 19:00:00;216;99;1871;0;;154;2340
01.07.2020 19:00:00;01.07.2020 20:00:00;216;99;1867;0;;149;2331
01.07.2020 20:00:00;01.07.2020 21:00:00;217;99;1820;0;;132;2268
01.07.2020 21:00:00;01.07.2020 22:00:00;216;99;1836;0;;106;2257
01.07.2020 22:00:00;01.07.2020 23:00:00;217;99;1824;0;;109;2249
01.07.2020 23:00:00;02.07.2020 00:00:00;217;99;1778;0;;87;2181
02.07.2020 00:00:00;02.07.2020 01:00:00;199;98;1677;;15;107;2096
02.07.2020 01:00:00;02.07.2020 02:00:00;199;98;1627;;16;125;2065
02.07.2020 02:00:00;02.07.2020 03:00:00;199;98;1592;;17;163;2069
02.07.2020 03:00:00;02.07.2020 04:00:00;200;98;1597;;19;170;2084
02.07.2020 04:00:00;02.07.2020 05:00:00;200;98;1599;;20;163;2080
02.07.2020 05:00:00;02.07.2020 06:00:00;200;98;1607;;19;148;2072
02.07.2020 06:00:00;02.07.2020 07:00:00;200;98;1626;;20;130;2074
02.07.2020 07:00:00;02.07.2020 08:00:00;198;99;1798;;21;130;2246
02.07.2020 08:00:00;02.07.2020 09:00:00;199;99;1869;;20;142;2329
02.07.2020 09:00:00;02.07.2020 10:00:00;200;99;1864;;18;153;2334
02.07.2020 10:00:00;02.07.2020 11:00:00;199;97;1875;;21;162;2354
02.07.2020 11:00:00;02.07.2020 12:00:00;199;98;1882;;19;156;2354
02.07.2020 12:00:00;02.07.2020 13:00:00;199;99;1871;;16;172;2357
02.07.2020 13:00:00;02.07.2020 14:00:00;199;99;1888;;15;179;2380
02.07.2020 14:00:00;02.07.2020 15:00:00;199;99;1884;;12;203;2397
02.07.2020 15:00:00;02.07.2020 16:00:00;199;99;1894;;8;206;2406
02.07.2020 16:00:00;02.07.2020 17:00:00;200;99;1860;;8;194;2361
02.07.2020 17:00:00;02.07.2020 18:00:00;197;97;1822;;20;203;2339
02.07.2020 18:00:00;02.07.2020 19:00:00;197;97;1811;;16;164;2285
02.07.2020 19:00:00;02.07.2020 20:00:00;197;97;1805;;21;158;2278
02.07.2020 20:00:00;02.07.2020 21:00:00;197;97;1799;;18;147;2258
02.07.2020 21:00:00;02.07.2020 22:00:00;197;97;1768;;19;132;2213
02.07.2020 22:00:00;02.07.2020 23:00:00;197;98;1737;;23;126;2181
02.07.2020 23:00:00;03.07.2020 00:00:00;197;97;1699;;24;116;2133
03.07.2020 00:00:00;03.07.2020 01:00:00;197;99;1699;;22;108;2125
03.07.2020 01:00:00;03.07.2020 02:00:00;197;98;1654;;21;106;2076
03.07.2020 02:00:00;03.07.2020 03:00:00;196;99;1636;;22;100;2053
03.07.2020 03:00:00;03.07.2020 04:00:00;197;99;1628;;19;81;2024
03.07.2020 04:00:00;03.07.2020 05:00:00;197;99;1629;;22;65;2012
03.07.2020 05:00:00;03.07.2020 06:00:00;197;99;1638;;19;71;2024
03.07.2020 06:00:00;03.07.2020 07:00:00;197;99;1769;;18;78;2161
03.07.2020 07:00:00;03.07.2020 08:00:00;197;99;1898;;17;70;2281
03.07.2020 08:00:00;03.07.2020 09:00:00;197;99;1913;;20;78;2307
03.07.2020 09:00:00;03.07.2020 10:00:00;197;96;1893;;18;63;2267
03.07.2020 10:00:00;03.07.2020 11:00:00;197;96;1878;;19;47;2237
03.07.2020 11:00:00;03.07.2020 12:00:00;196;95;1897;;19;33;2240
03.07.2020 12:00:00;03.07.2020 13:00:00;197;95;1899;;20;19;2230
03.07.2020 13:00:00;03.07.2020 14:00:00;196;95;1830;;21;12;2154
03.07.2020 14:00:00;03.07.2020 15:00:00;196;94;1787;;20;14;2111
03.07.2020 15:00:00;03.07.2020 16:00:00;197;95;1794;;16;21;2123
03.07.2020 16:00:00;03.07.2020 17:00:00;197;95;1819;;18;28;2157
03.07.2020 17:00:00;03.07.2020 18:00:00;198;95;1938;;15;33;2279
03.07.2020 18:00:00;03.07.2020 19:00:00;197;95;2053;;19;33;2397
03.07.2020 19:00:00;03.07.2020 20:00:00;197;96;2046;;20;39;2398
03.07.2020 20:00:00;03.07.2020 21:00:00;197;95;2038;;22;36;2388
03.07.2020 21:00:00;03.07.2020 22:00:00;197;95;1996;;24;32;2344
03.07.2020 22:00:00;03.07.2020 23:00:00;196;95;1931;;24;43;2289
03.07.2020 23:00:00;04.07.2020 00:00:00;197;95;1751;;24;46;2113
04.07.2020 00:00:00;04.07.2020 01:00:00;197;96;1592;;22;42;1949
04.07.2020 01:00:00;04.07.2020 02:00:00;196;96;1287;;23;46;1648
04.07.2020 02:00:00;04.07.2020 03:00:00;196;95;1191;;22;39;1543
04.07.2020 03:00:00;04.07.2020 04:00:00;196;94;1184;;25;48;1547
04.07.2020 04:00:00;04.07.2020 05:00:00;197;95;1175;;21;49;1537
04.07.2020 05:00:00;04.07.2020 06:00:00;200;95;1177;;20;51;1543
04.07.2020 06:00:00;04.07.2020 07:00:00;200;95;1282;;22;52;1651
04.07.2020 07:00:00;04.07.2020 08:00:00;199;95;1507;;23;64;1888
04.07.2020 08:00:00;04.07.2020 09:00:00;199;94;1691;;22;53;2059
04.07.2020 09:00:00;04.07.2020 10:00:00;200;94;1662;;23;46;2025
04.07.2020 10:00:00;04.07.2020 11:00:00;199;94;1568;;21;52;1934
04.07.2020 11:00:00;04.07.2020 12:00:00;199;94;1479;;19;49;1840
04.07.2020 12:00:00;04.07.2020 13:00:00;198;94;1508;;14;50;1864
04.07.2020 13:00:00;04.07.2020 14:00:00;200;94;1535;;24;59;1912
04.07.2020 14:00:00;04.07.2020 15:00:00;200;94;1530;;18;63;1905
04.07.2020 15:00:00;04.07.2020 16:00:00;200;95;1694;;24;51;2064
04.07.2020 16:00:00;04.07.2020 17:00:00;201;95;1872;;19;56;2243
04.07.2020 17:00:00;04.07.2020 18:00:00;201;94;1921;;16;46;2278
04.07.2020 18:00:00;04.07.2020 19:00:00;201;94;1975;;16;42;2328
04.07.2020 19:00:00;04.07.2020 20:00:00;201;95;2001;;20;49;2366
04.07.2020 20:00:00;04.07.2020 21:00:00;200;96;1991;;20;51;2358
04.07.2020 21:00:00;04.07.2020 22:00:00;200;96;2009;;19;46;2370
04.07.2020 22:00:00;04.07.2020 23:00:00;200;95;1982;;17;24;2318
04.07.2020 23:00:00;05.07.2020 00:00:00;200;95;1953;;16;16;2280
05.07.2020 00:00:00;05.07.2020 01:00:00;199;95;1853;;14;8;2169
05.07.2020 01:00:00;05.07.2020 02:00:00;198;95;1360;;18;5;1676
05.07.2020 02:00:00;05.07.2020 03:00:00;197;94;1157;;17;3;1468
05.07.2020 03:00:00;05.07.2020 04:00:00;196;94;1091;;18;3;1402
05.07.2020 04:00:00;05.07.2020 05:00:00;196;94;1019;;13;3;1325
05.07.2020 05:00:00;05.07.2020 06:00:00;197;94;1025;;15;3;1334
05.07.2020 06:00:00;05.07.2020 07:00:00;197;93;1070;;15;5;1380
05.07.2020 07:00:00;05.07.2020 08:00:00;197;93;1124;;19;8;1441
05.07.2020 08:00:00;05.07.2020 09:00:00;197;94;1259;;18;17;1585
05.07.2020 09:00:00;05.07.2020 10:00:00;197;94;1415;;16;29;1751
05.07.2020 10:00:00;05.07.2020 11:00:00;197;94;1460;;20;52;1823
05.07.2020 11:00:00;05.07.2020 12:00:00;196;94;1401;;18;63;1772
05.07.2020 12:00:00;05.07.2020 13:00:00;197;94;1344;;17;56;1708
05.07.2020 13:00:00;05.07.2020 14:00:00;196;93;1156;;18;29;1492
05.07.2020 14:00:00;05.07.2020 15:00:00;196;93;1091;;18;20;1418
05.07.2020 15:00:00;05.07.2020 16:00:00;196;93;1022;;18;27;1356
05.07.2020 16:00:00;05.07.2020 17:00:00;196;93;1016;;17;31;1353
05.07.2020 17:00:00;05.07.2020 18:00:00;196;97;1022;;14;26;1355
05.07.2020 18:00:00;05.07.2020 19:00:00;197;97;1042;;12;22;1370
05.07.2020 19:00:00;05.07.2020 20:00:00;198;98;1136;;19;36;1487
05.07.2020 20:00:00;05.07.2020 21:00:00;197;96;1263;;19;40;1615
05.07.2020 21:00:00;05.07.2020 22:00:00;198;96;1237;;18;40;1589
05.07.2020 22:00:00;05.07.2020 23:00:00;198;96;1188;;20;47;1549
05.07.2020 23:00:00;06.07.2020 00:00:00;198;96;1141;;21;45;1501
06.07.2020 00:00:00;06.07.2020 01:00:00;201;95;971;;22;44;1333
06.07.2020 01:00:00;06.07.2020 02:00:00;200;94;924;;23;72;1313
06.07.2020 02:00:00;06.07.2020 03:00:00;201;93;878;;20;86;1278
06.07.2020 03:00:00;06.07.2020 04:00:00;201;93;850;;20;87;1251
06.07.2020 04:00:00;06.07.2020 05:00:00;200;95;1092;;18;84;1489
06.07.2020 05:00:00;06.07.2020 06:00:00;199;95;1184;;21;79;1578
06.07.2020 06:00:00;06.07.2020 07:00:00;200;95;1195;;18;76;1584
06.07.2020 07:00:00;06.07.2020 08:00:00;185;95;1401;;17;69;1767
06.07.2020 08:00:00;06.07.2020 09:00:00;168;94;1737;;19;46;2064
06.07.2020 09:00:00;06.07.2020 10:00:00;167;93;1732;;16;41;2049
06.07.2020 10:00:00;06.07.2020 11:00:00;167;90;1603;;18;35;1913
06.07.2020 11:00:00;06.07.2020 12:00:00;168;90;1604;;19;42;1923
06.07.2020 12:00:00;06.07.2020 13:00:00;168;90;1731;;21;59;2069
06.07.2020 13:00:00;06.07.2020 14:00:00;168;90;1724;;20;81;2083
06.07.2020 14:00:00;06.07.2020 15:00:00;168;90;1784;;21;99;2162
06.07.2020 15:00:00;06.07.2020 16:00:00;168;90;1806;;19;86;2169
06.07.2020 16:00:00;06.07.2020 17:00:00;168;91;1620;;20;86;1985
06.07.2020 17:00:00;06.07.2020 18:00:00;168;91;1729;;19;91;2098
06.07.2020 18:00:00;06.07.2020 19:00:00;167;91;1729;;18;75;2080
06.07.2020 19:00:00;06.07.2020 20:00:00;168;91;1735;;17;76;2087
06.07.2020 20:00:00;06.07.2020 21:00:00;168;91;1740;;17;84;2100
06.07.2020 21:00:00;06.07.2020 22:00:00;168;91;1720;;20;87;2086
06.07.2020 22:00:00;06.07.2020 23:00:00;168;91;1558;;19;96;1932
06.07.2020 23:00:00;07.07.2020 00:00:00;168;91;1365;;17;84;1725
07.07.2020 00:00:00;07.07.2020 01:00:00;168;89;1222;;19;91;1589
07.07.2020 01:00:00;07.07.2020 02:00:00;168;90;1205;;19;98;1580
07.07.2020 02:00:00;07.07.2020 03:00:00;168;89;1197;;17;113;1584
07.07.2020 03:00:00;07.07.2020 04:00:00;168;89;1182;;18;135;1592
07.07.2020 04:00:00;07.07.2020 05:00:00;167;89;1191;;19;136;1602
07.07.2020 05:00:00;07.07.2020 06:00:00;167;89;1272;;19;141;1688
07.07.2020 06:00:00;07.07.2020 07:00:00;167;89;1502;;19;109;1886
07.07.2020 07:00:00;07.07.2020 08:00:00;167;89;1690;;17;91;2054
07.07.2020 08:00:00;07.07.2020 09:00:00;167;89;1703;;18;98;2075
07.07.2020 09:00:00;07.07.2020 10:00:00;167;89;1744;;18;118;2136
07.07.2020 10:00:00;07.07.2020 11:00:00;167;89;1744;;17;123;2140
07.07.2020 11:00:00;07.07.2020 12:00:00;166;89;1743;;19;134;2151
07.07.2020 12:00:00;07.07.2020 13:00:00;165;89;1747;;18;142;2161
07.07.2020 13:00:00;07.07.2020 14:00:00;165;89;1749;;18;122;2143
07.07.2020 14:00:00;07.07.2020 15:00:00;166;89;1757;;18;74;2104
07.07.2020 15:00:00;07.07.2020 16:00:00;166;89;1770;;22;41;2088
07.07.2020 16:00:00;07.07.2020 17:00:00;166;90;1753;;17;49;2075
07.07.2020 17:00:00;07.07.2020 18:00:00;166;90;1734;;21;44;2055
07.07.2020 18:00:00;07.07.2020 19:00:00;166;90;1715;;22;41;2034
07.07.2020 19:00:00;07.07.2020 20:00:00;165;90;1735;;19;39;2048
07.07.2020 20:00:00;07.07.2020 21:00:00;166;90;2160;;17;33;2466
07.07.2020 21:00:00;07.07.2020 22:00:00;166;90;2256;;16;16;2544
07.07.2020 22:00:00;07.07.2020 23:00:00;167;90;2146;;18;7;2428
07.07.2020 23:00:00;08.07.2020 00:00:00;167;90;2018;;19;9;2303
08.07.2020 00:00:00;08.07.2020 01:00:00;167;89;2005;;18;10;2289
08.07.2020 01:00:00;08.07.2020 02:00:00;167;89;2092;;18;8;2374
08.07.2020 02:00:00;08.07.2020 03:00:00;167;89;2181;;21;5;2463
08.07.2020 03:00:00;08.07.2020 04:00:00;167;89;2165;;20;9;2450
08.07.2020 04:00:00;08.07.2020 05:00:00;168;89;2170;;15;15;2457
08.07.2020 05:00:00;08.07.2020 06:00:00;168;89;2171;;15;14;2457
08.07.2020 06:00:00;08.07.2020 07:00:00;167;89;1920;;19;17;2212
08.07.2020 07:00:00;08.07.2020 08:00:00;165;89;1758;;20;17;2049
08.07.2020 08:00:00;08.07.2020 09:00:00;164;87;1777;;21;23;2072
08.07.2020 09:00:00;08.07.2020 10:00:00;164;87;1768;;20;25;2064
08.07.2020 10:00:00;08.07.2020 11:00:00;165;86;1943;;19;24;2237
08.07.2020 11:00:00;08.07.2020 12:00:00;164;86;2083;;18;23;2374
08.07.2020 12:00:00;08.07.2020 13:00:00;164;86;2155;;21;26;2452
08.07.2020 13:00:00;08.07.2020 14:00:00;164;86;2179;;17;24;2470
08.07.2020 14:00:00;08.07.2020 15:00:00;165;86;1844;;18;22;2135
08.07.2020 15:00:00;08.07.2020 16:00:00;170;86;1827;;16;19;2118
08.07.2020 16:00:00;08.07.2020 17:00:00;171;86;1805;;17;16;2095
08.07.2020 17:00:00;08.07.2020 18:00:00;171;86;1804;;17;14;2092
08.07.2020 18:00:00;08.07.2020 19:00:00;171;87;1805;;20;11;2094
08.07.2020 19:00:00;08.07.2020 20:00:00;172;87;1805;;21;10;2095
08.07.2020 20:00:00;08.07.2020 21:00:00;172;87;1805;;24;10;2098
08.07.2020 21:00:00;08.07.2020 22:00:00;194;87;1835;;24;11;2151
08.07.2020 22:00:00;08.07.2020 23:00:00;197;87;1822;;24;6;2136
08.07.2020 23:00:00;09.07.2020 00:00:00;197;86;1791;;23;6;2103
09.07.2020 00:00:00;09.07.2020 01:00:00;197;85;1740;;24;4;2050
09.07.2020 01:00:00;09.07.2020 02:00:00;197;85;1710;;25;4;2021
09.07.2020 02:00:00;09.07.2020 03:00:00;196;85;1698;;23;7;2009
09.07.2020 03:00:00;09.07.2020 04:00:00;197;85;1696;;20;11;2009
09.07.2020 04:00:00;09.07.2020 05:00:00;196;85;1705;;18;4;2008
09.07.2020 05:00:00;09.07.2020 06:00:00;196;85;1726;;19;1;2027
09.07.2020 06:00:00;09.07.2020 07:00:00;196;85;1774;;20;1;2076
09.07.2020 07:00:00;09.07.2020 08:00:00;190;85;1808;;21;1;2105
09.07.2020 08:00:00;09.07.2020 09:00:00;172;87;1806;;13;3;2081
09.07.2020 09:00:00;09.07.2020 10:00:00;172;87;1829;;13;7;2108
09.07.2020 10:00:00;09.07.2020 11:00:00;171;87;1857;;12;26;2153
09.07.2020 11:00:00;09.07.2020 12:00:00;170;87;1829;;10;33;2129
09.07.2020 12:00:00;09.07.2020 13:00:00;169;87;1795;;13;30;2094
09.07.2020 13:00:00;09.07.2020 14:00:00;169;86;1803;;12;33;2103
09.07.2020 14:00:00;09.07.2020 15:00:00;168;85;1796;;14;46;2109
09.07.2020 15:00:00;09.07.2020 16:00:00;167;85;1807;;7;28;2094
09.07.2020 16:00:00;09.07.2020 17:00:00;167;85;1785;;7;40;2084
09.07.2020 17:00:00;09.07.2020 18:00:00;167;86;1799;;10;37;2099
09.07.2020 18:00:00;09.07.2020 19:00:00;168;86;1797;;13;54;2118
09.07.2020 19:00:00;09.07.2020 20:00:00;170;87;1795;;15;69;2136
09.07.2020 20:00:00;09.07.2020 21:00:00;171;86;1811;;18;68;2154
09.07.2020 21:00:00;09.07.2020 22:00:00;171;86;1820;;17;77;2171
09.07.2020 22:00:00;09.07.2020 23:00:00;171;87;1788;;18;85;2149
09.07.2020 23:00:00;10.07.2020 00:00:00;172;86;1773;;18;81;2130
10.07.2020 00:00:00;10.07.2020 01:00:00;172;85;1706;;18;83;2064
10.07.2020 01:00:00;10.07.2020 02:00:00;172;86;1675;;18;80;2031
10.07.2020 02:00:00;10.07.2020 03:00:00;172;85;1662;;18;85;2022
10.07.2020 03:00:00;10.07.2020 04:00:00;173;85;1643;;18;85;2004
10.07.2020 04:00:00;10.07.2020 05:00:00;173;85;1641;;19;87;2005
10.07.2020 05:00:00;10.07.2020 06:00:00;172;86;1649;;17;91;2015
10.07.2020 06:00:00;10.07.2020 07:00:00;172;85;1692;;15;92;2056
10.07.2020 07:00:00;10.07.2020 08:00:00;171;85;1782;;17;102;2157
10.07.2020 08:00:00;10.07.2020 09:00:00;172;86;1819;;14;92;2183
10.07.2020 09:00:00;10.07.2020 10:00:00;172;85;1856;;15;92;2220
10.07.2020 10:00:00;10.07.2020 11:00:00;172;85;1844;;10;97;2208
10.07.2020 11:00:00;10.07.2020 12:00:00;173;85;1843;;10;87;2198
10.07.2020 12:00:00;10.07.2020 13:00:00;172;85;1828;;11;80;2176
10.07.2020 13:00:00;10.07.2020 14:00:00;172;85;1862;;9;79;2207
10.07.2020 14:00:00;10.07.2020 15:00:00;172;85;1946;;9;83;2295
10.07.2020 15:00:00;10.07.2020 16:00:00;172;85;1836;;9;58;2160
10.07.2020 16:00:00;10.07.2020 17:00:00;189;85;1757;;9;57;2097
10.07.2020 17:00:00;10.07.2020 18:00:00;196;85;1778;;10;55;2124
10.07.2020 18:00:00;10.07.2020 19:00:00;196;85;1781;;9;25;2096
10.07.2020 19:00:00;10.07.2020 20:00:00;196;85;1788;;10;19;2098
10.07.2020 20:00:00;10.07.2020 21:00:00;196;85;1737;;9;25;2052
10.07.2020 21:00:00;10.07.2020 22:00:00;196;85;1712;;10;25;2028
10.07.2020 22:00:00;10.07.2020 23:00:00;197;85;1700;;10;13;2005
10.07.2020 23:00:00;11.07.2020 00:00:00;197;85;1689;;10;13;1994
11.07.2020 00:00:00;11.07.2020 01:00:00;197;85;1631;;10;11;1934
11.07.2020 01:00:00;11.07.2020 02:00:00;197;85;1592;;12;11;1897
11.07.2020 02:00:00;11.07.2020 03:00:00;196;85;1591;;12;15;1899
11.07.2020 03:00:00;11.07.2020 04:00:00;196;85;1555;;16;16;1868
11.07.2020 04:00:00;11.07.2020 05:00:00;196;85;1351;;17;18;1667
11.07.2020 05:00:00;11.07.2020 06:00:00;196;85;1505;;19;24;1829
11.07.2020 06:00:00;11.07.2020 07:00:00;196;84;1606;;17;32;1935
11.07.2020 07:00:00;11.07.2020 08:00:00;196;84;1602;;20;40;1942
11.07.2020 08:00:00;11.07.2020 09:00:00;196;84;1632;;21;34;1967
11.07.2020 09:00:00;11.07.2020 10:00:00;195;84;1662;;19;26;1986
11.07.2020 10:00:00;11.07.2020 11:00:00;197;84;1686;;19;16;2002
11.07.2020 11:00:00;11.07.2020 12:00:00;196;84;1684;;23;14;2001
11.07.2020 12:00:00;11.07.2020 13:00:00;197;84;1641;;18;11;1951
11.07.2020 13:00:00;11.07.2020 14:00:00;197;84;1614;;16;10;1921
11.07.2020 14:00:00;11.07.2020 15:00:00;196;84;1467;;18;9;1774
11.07.2020 15:00:00;11.07.2020 16:00:00;196;84;1403;;22;13;1718
11.07.2020 16:00:00;11.07.2020 17:00:00;196;84;1400;;21;12;1713
11.07.2020 17:00:00;11.07.2020 18:00:00;197;85;1483;;22;13;1800
11.07.2020 18:00:00;11.07.2020 19:00:00;196;85;1684;;20;15;2000
11.07.2020 19:00:00;11.07.2020 20:00:00;197;85;1712;;22;21;2037
11.07.2020 20:00:00;11.07.2020 21:00:00;196;85;1715;;23;23;2042
11.07.2020 21:00:00;11.07.2020 22:00:00;197;85;1725;;25;16;2048
11.07.2020 22:00:00;11.07.2020 23:00:00;197;85;1628;;24;12;1946
11.07.2020 23:00:00;12.07.2020 00:00:00;197;86;1687;;22;4;1996
12.07.2020 00:00:00;12.07.2020 01:00:00;197;86;1694;;21;4;2002
12.07.2020 01:00:00;12.07.2020 02:00:00;196;86;1674;;22;6;1984
12.07.2020 02:00:00;12.07.2020 03:00:00;196;86;1689;;22;13;2006
12.07.2020 03:00:00;12.07.2020 04:00:00;196;86;1648;;24;11;1965
12.07.2020 04:00:00;12.07.2020 05:00:00;196;86;1648;;27;12;1969
12.07.2020 05:00:00;12.07.2020 06:00:00;196;86;1623;;25;23;1953
12.07.2020 06:00:00;12.07.2020 07:00:00;196;86;1640;;27;38;1987
12.07.2020 07:00:00;12.07.2020 08:00:00;196;86;1656;;24;19;1981
12.07.2020 08:00:00;12.07.2020 09:00:00;197;87;1640;;18;13;1955
12.07.2020 09:00:00;12.07.2020 10:00:00;197;87;1597;;24;13;1918
12.07.2020 10:00:00;12.07.2020 11:00:00;197;87;1625;;23;14;1946
12.07.2020 11:00:00;12.07.2020 12:00:00;197;87;1615;;23;11;1933
12.07.2020 12:00:00;12.07.2020 13:00:00;197;87;1633;;22;12;1951
12.07.2020 13:00:00;12.07.2020 14:00:00;196;87;1632;;21;15;1951
12.07.2020 14:00:00;12.07.2020 15:00:00;195;87;1637;;22;12;1953
12.07.2020 15:00:00;12.07.2020 16:00:00;197;87;1647;;22;7;1960
12.07.2020 16:00:00;12.07.2020 17:00:00;197;87;1609;;22;9;1924
12.07.2020 17:00:00;12.07.2020 18:00:00;196;87;1675;;22;9;1989
12.07.2020 18:00:00;12.07.2020 19:00:00;196;88;1746;;21;8;2059
12.07.2020 19:00:00;12.07.2020 20:00:00;196;88;1751;;23;8;2066
12.07.2020 20:00:00;12.07.2020 21:00:00;197;88;1742;;21;7;2055
12.07.2020 21:00:00;12.07.2020 22:00:00;197;88;1748;;21;6;2060
12.07.2020 22:00:00;12.07.2020 23:00:00;197;88;1755;;19;6;2065
12.07.2020 23:00:00;13.07.2020 00:00:00;197;88;1730;;21;3;2039
13.07.2020 00:00:00;13.07.2020 01:00:00;197;81;1677;;18;2;1975
13.07.2020 01:00:00;13.07.2020 02:00:00;196;89;1671;;21;1;1978
13.07.2020 02:00:00;13.07.2020 03:00:00;197;89;1664;;21;1;1972
13.07.2020 03:00:00;13.07.2020 04:00:00;197;89;1661;;23;0;1970
13.07.2020 04:00:00;13.07.2020 05:00:00;196;89;1652;;19;1;1957
13.07.2020 05:00:00;13.07.2020 06:00:00;196;88;1680;;20;0;1984
13.07.2020 06:00:00;13.07.2020 07:00:00;196;88;1847;;22;1;2154
13.07.2020 07:00:00;13.07.2020 08:00:00;196;88;1815;;16;1;2116
13.07.2020 08:00:00;13.07.2020 09:00:00;197;86;1812;;21;3;2119
13.07.2020 09:00:00;13.07.2020 10:00:00;196;83;1927;;21;4;2231
13.07.2020 10:00:00;13.07.2020 11:00:00;196;83;1947;;18;6;2250
13.07.2020 11:00:00;13.07.2020 12:00:00;197;82;1977;;18;7;2281
13.07.2020 12:00:00;13.07.2020 13:00:00;197;82;1965;;9;10;2263
13.07.2020 13:00:00;13.07.2020 14:00:00;197;82;1946;;13;16;2254
13.07.2020 14:00:00;13.07.2020 15:00:00;197;82;1936;;13;32;2260
13.07.2020 15:00:00;13.07.2020 16:00:00;197;82;1919;;18;28;2244
13.07.2020 16:00:00;13.07.2020 17:00:00;198;83;1911;;9;25;2226
13.07.2020 17:00:00;13.07.2020 18:00:00;200;82;1777;;9;25;2093
13.07.2020 18:00:00;13.07.2020 19:00:00;200;82;1751;;15;20;2068
13.07.2020 19:00:00;13.07.2020 20:00:00;201;82;1765;;19;17;2084
13.07.2020 20:00:00;13.07.2020 21:00:00;201;82;1779;;20;13;2095
13.07.2020 21:00:00;13.07.2020 22:00:00;201;82;1780;;16;11;2090
13.07.2020 22:00:00;13.07.2020 23:00:00;201;82;1777;;20;10;2090
13.07.2020 23:00:00;14.07.2020 00:00:00;201;82;1767;;13;20;2083
14.07.2020 00:00:00;14.07.2020 01:00:00;201;82;1671;;18;26;1998
14.07.2020 01:00:00;14.07.2020 02:00:00;200;82;1656;;18;20;1976
14.07.2020 02:00:00;14.07.2020 03:00:00;201;82;1630;;19;18;1950
14.07.2020 03:00:00;14.07.2020 04:00:00;200;82;1592;;15;19;1908
14.07.2020 04:00:00;14.07.2020 05:00:00;200;82;1577;;15;21;1895
14.07.2020 05:00:00;14.07.2020 06:00:00;201;82;1585;;13;28;1909
14.07.2020 06:00:00;14.07.2020 07:00:00;201;82;1629;;11;47;1970
14.07.2020 07:00:00;14.07.2020 08:00:00;200;81;1637;;12;39;1969
14.07.2020 08:00:00;14.07.2020 09:00:00;198;82;1707;;11;34;2032
14.07.2020 09:00:00;14.07.2020 10:00:00;198;82;1751;;7;32;2070
14.07.2020 10:00:00;14.07.2020 11:00:00;197;82;1729;;5;32;2045
14.07.2020 11:00:00;14.07.2020 12:00:00;196;82;1728;;5;30;2041
14.07.2020 12:00:00;14.07.2020 13:00:00;197;82;1731;;6;28;2044
14.07.2020 13:00:00;14.07.2020 14:00:00;197;82;1726;;10;27;2042
14.07.2020 14:00:00;14.07.2020 15:00:00;197;82;1733;;7;22;2041
14.07.2020 15:00:00;14.07.2020 16:00:00;196;83;1718;;7;20;2024
14.07.2020 16:00:00;14.07.2020 17:00:00;196;83;1665;;8;24;1976
14.07.2020 17:00:00;14.07.2020 18:00:00;197;83;1672;;9;21;1982
14.07.2020 18:00:00;14.07.2020 19:00:00;196;83;1791;;10;21;2101
14.07.2020 19:00:00;14.07.2020 20:00:00;196;83;1900;;11;33;2223
14.07.2020 20:00:00;14.07.2020 21:00:00;196;83;1972;;10;39;2300
14.07.2020 21:00:00;14.07.2020 22:00:00;195;83;1745;;9;37;2069
14.07.2020 22:00:00;14.07.2020 23:00:00;195;83;1948;;14;39;2279
14.07.2020 23:00:00;15.07.2020 00:00:00;196;83;1966;;18;44;2307
15.07.2020 00:00:00;15.07.2020 01:00:00;196;82;2033;;16;47;2374
15.07.2020 01:00:00;15.07.2020 02:00:00;196;82;1945;;17;77;2317
15.07.2020 02:00:00;15.07.2020 03:00:00;196;82;1822;;12;120;2232
15.07.2020 03:00:00;15.07.2020 04:00:00;196;82;1784;;15;175;2252
15.07.2020 04:00:00;15.07.2020 05:00:00;195;81;1749;;17;174;2216
15.07.2020 05:00:00;15.07.2020 06:00:00;195;81;1580;;16;192;2064
15.07.2020 06:00:00;15.07.2020 07:00:00;195;81;1553;;15;196;2040
15.07.2020 07:00:00;15.07.2020 08:00:00;195;81;1560;;15;180;2031
15.07.2020 08:00:00;15.07.2020 09:00:00;195;81;1744;;19;158;2197
15.07.2020 09:00:00;15.07.2020 10:00:00;195;79;1754;;17;130;2175
15.07.2020 10:00:00;15.07.2020 11:00:00;196;79;1800;;18;74;2167
15.07.2020 11:00:00;15.07.2020 12:00:00;195;79;1819;;14;46;2153
15.07.2020 12:00:00;15.07.2020 13:00:00;196;81;1816;;6;26;2125
15.07.2020 13:00:00;15.07.2020 14:00:00;196;81;1822;;7;27;2133
15.07.2020 14:00:00;15.07.2020 15:00:00;196;81;1820;;6;16;2119
15.07.2020 15:00:00;15.07.2020 16:00:00;196;76;1816;;6;9;2103
15.07.2020 16:00:00;15.07.2020 17:00:00;196;74;1723;;5;13;2011
15.07.2020 17:00:00;15.07.2020 18:00:00;196;75;1729;;6;16;2022
15.07.2020 18:00:00;15.07.2020 19:00:00;196;75;1827;;6;22;2126
15.07.2020 19:00:00;15.07.2020 20:00:00;196;75;1801;;6;32;2110
15.07.2020 20:00:00;15.07.2020 21:00:00;196;74;1797;;6;17;2090
15.07.2020 21:00:00;15.07.2020 22:00:00;196;75;1815;;6;15;2107
15.07.2020 22:00:00;15.07.2020 23:00:00;195;75;1786;;6;18;2080
15.07.2020 23:00:00;16.07.2020 00:00:00;196;75;1734;;7;24;2036
16.07.2020 00:00:00;16.07.2020 01:00:00;196;75;1888;;6;33;2198
16.07.2020 01:00:00;16.07.2020 02:00:00;196;75;1821;;6;52;2150
16.07.2020 02:00:00;16.07.2020 03:00:00;196;75;1785;;6;66;2128
16.07.2020 03:00:00;16.07.2020 04:00:00;196;75;1719;;5;82;2077
16.07.2020 04:00:00;16.07.2020 05:00:00;196;75;1694;;6;75;2046
16.07.2020 05:00:00;16.07.2020 06:00:00;196;75;1735;;7;70;2083
16.07.2020 06:00:00;16.07.2020 07:00:00;196;75;1771;;7;62;2111
16.07.2020 07:00:00;16.07.2020 08:00:00;196;74;1826;;8;14;2118
16.07.2020 08:00:00;16.07.2020 09:00:00;195;74;1945;;14;10;2238
16.07.2020 09:00:00;16.07.2020 10:00:00;195;74;1980;;13;15;2277
16.07.2020 10:00:00;16.07.2020 11:00:00;195;75;2030;;12;14;2326
16.07.2020 11:00:00;16.07.2020 12:00:00;195;75;2090;;14;8;2382
16.07.2020 12:00:00;16.07.2020 13:00:00;192;75;2076;;15;3;2361
16.07.2020 13:00:00;16.07.2020 14:00:00;187;75;2064;;14;1;2341
16.07.2020 14:00:00;16.07.2020 15:00:00;189;74;1980;;15;5;2263
16.07.2020 15:00:00;16.07.2020 16:00:00;189;74;1983;;17;6;2269
16.07.2020 16:00:00;16.07.2020 17:00:00;189;74;1913;;18;5;2199
16.07.2020 17:00:00;16.07.2020 18:00:00;189;75;1916;;11;4;2195
16.07.2020 18:00:00;16.07.2020 19:00:00;189;75;1910;;17;2;2193
16.07.2020 19:00:00;16.07.2020 20:00:00;188;75;1907;;18;1;2189
16.07.2020 20:00:00;16.07.2020 21:00:00;188;75;1903;;18;0;2184
16.07.2020 21:00:00;16.07.2020 22:00:00;188;75;1892;;17;1;2173
16.07.2020 22:00:00;16.07.2020 23:00:00;192;75;1814;;17;11;2109
16.07.2020 23:00:00;17.07.2020 00:00:00;195;75;1762;;19;34;2085
17.07.2020 00:00:00;17.07.2020 01:00:00;197;77;1699;;18;55;2046
17.07.2020 01:00:00;17.07.2020 02:00:00;197;77;1665;;21;66;2026
17.07.2020 02:00:00;17.07.2020 03:00:00;197;77;1617;;19;73;1983
17.07.2020 03:00:00;17.07.2020 04:00:00;198;77;1605;;21;63;1964
17.07.2020 04:00:00;17.07.2020 05:00:00;198;77;1600;;20;68;1963
17.07.2020 05:00:00;17.07.2020 06:00:00;198;78;1594;;20;68;1958
17.07.2020 06:00:00;17.07.2020 07:00:00;197;77;1637;;20;84;2015
17.07.2020 07:00:00;17.07.2020 08:00:00;196;77;1739;;21;117;2150
17.07.2020 08:00:00;17.07.2020 09:00:00;196;78;1856;;22;101;2253
17.07.2020 09:00:00;17.07.2020 10:00:00;195;78;1946;;20;94;2333
17.07.2020 10:00:00;17.07.2020 11:00:00;173;78;1979;;19;68;2317
17.07.2020 11:00:00;17.07.2020 12:00:00;162;78;2025;;19;60;2344
17.07.2020 12:00:00;17.07.2020 13:00:00;159;78;2024;;19;46;2326
17.07.2020 13:00:00;17.07.2020 14:00:00;157;79;2034;;19;55;2344
17.07.2020 14:00:00;17.07.2020 15:00:00;163;78;2030;;19;42;2332
17.07.2020 15:00:00;17.07.2020 16:00:00;162;79;2002;;20;37;2300
17.07.2020 16:00:00;17.07.2020 17:00:00;164;78;1953;;16;33;2244
17.07.2020 17:00:00;17.07.2020 18:00:00;163;78;1873;;20;34;2168
17.07.2020 18:00:00;17.07.2020 19:00:00;163;78;1827;;20;49;2137
17.07.2020 19:00:00;17.07.2020 20:00:00;161;78;1801;;21;66;2127
17.07.2020 20:00:00;17.07.2020 21:00:00;168;78;1764;;20;61;2091
17.07.2020 21:00:00;17.07.2020 22:00:00;163;78;1744;;22;66;2073
17.07.2020 22:00:00;17.07.2020 23:00:00;163;78;1744;;20;122;2127
17.07.2020 23:00:00;18.07.2020 00:00:00;164;78;1720;;20;96;2078
18.07.2020 00:00:00;18.07.2020 01:00:00;165;78;1822;;20;128;2213
18.07.2020 01:00:00;18.07.2020 02:00:00;166;79;1791;;19;150;2205
18.07.2020 02:00:00;18.07.2020 03:00:00;167;79;1769;;19;148;2182
18.07.2020 03:00:00;18.07.2020 04:00:00;166;79;1746;;19;145;2155
18.07.2020 04:00:00;18.07.2020 05:00:00;167;79;1722;;19;145;2132
18.07.2020 05:00:00;18.07.2020 06:00:00;170;78;1688;;20;141;2097
18.07.2020 06:00:00;18.07.2020 07:00:00;170;78;1713;;22;141;2124
18.07.2020 07:00:00;18.07.2020 08:00:00;171;79;1760;;22;101;2133
18.07.2020 08:00:00;18.07.2020 09:00:00;172;79;1858;;19;111;2239
18.07.2020 09:00:00;18.07.2020 10:00:00;172;79;1906;;15;87;2259
18.07.2020 10:00:00;18.07.2020 11:00:00;171;79;1861;;21;99;2231
18.07.2020 11:00:00;18.07.2020 12:00:00;171;76;1891;;24;89;2251
18.07.2020 12:00:00;18.07.2020 13:00:00;168;76;1946;;22;87;2299
18.07.2020 13:00:00;18.07.2020 14:00:00;167;76;1881;;21;77;2222
18.07.2020 14:00:00;18.07.2020 15:00:00;168;76;1891;;22;69;2226
18.07.2020 15:00:00;18.07.2020 16:00:00;169;76;1897;;23;51;2216
18.07.2020 16:00:00;18.07.2020 17:00:00;167;76;1911;;23;31;2208
18.07.2020 17:00:00;18.07.2020 18:00:00;166;76;1913;;22;20;2197
18.07.2020 18:00:00;18.07.2020 19:00:00;165;76;1947;;21;15;2224
18.07.2020 19:00:00;18.07.2020 20:00:00;166;76;1937;;22;11;2212
18.07.2020 20:00:00;18.07.2020 21:00:00;166;76;1842;;21;13;2118
18.07.2020 21:00:00;18.07.2020 22:00:00;166;76;2231;;23;20;2516
18.07.2020 22:00:00;18.07.2020 23:00:00;165;75;2298;;19;29;2586
18.07.2020 23:00:00;19.07.2020 00:00:00;165;75;2292;;13;42;2587
19.07.2020 00:00:00;19.07.2020 01:00:00;164;80;2120;;17;55;2436
19.07.2020 01:00:00;19.07.2020 02:00:00;164;80;1937;;21;64;2266
19.07.2020 02:00:00;19.07.2020 03:00:00;164;81;1779;;20;77;2121
19.07.2020 03:00:00;19.07.2020 04:00:00;164;81;1690;;20;78;2033
19.07.2020 04:00:00;19.07.2020 05:00:00;164;80;1695;;21;110;2070
19.07.2020 05:00:00;19.07.2020 06:00:00;164;79;2048;;23;132;2446
19.07.2020 06:00:00;19.07.2020 07:00:00;164;79;2126;;23;142;2534
19.07.2020 07:00:00;19.07.2020 08:00:00;164;78;2226;;22;171;2661
19.07.2020 08:00:00;19.07.2020 09:00:00;164;76;2314;;21;165;2740
19.07.2020 09:00:00;19.07.2020 10:00:00;164;79;2356;;17;134;2750
19.07.2020 10:00:00;19.07.2020 11:00:00;164;77;2438;;18;115;2812
19.07.2020 11:00:00;19.07.2020 12:00:00;164;76;2432;;22;79;2773
19.07.2020 12:00:00;19.07.2020 13:00:00;164;76;2434;;21;73;2768
19.07.2020 13:00:00;19.07.2020 14:00:00;164;76;2418;;21;54;2733
19.07.2020 14:00:00;19.07.2020 15:00:00;164;76;2429;;20;31;2720
19.07.2020 15:00:00;19.07.2020 16:00:00;164;76;2416;;19;14;2689
19.07.2020 16:00:00;19.07.2020 17:00:00;164;79;2436;;16;13;2708
19.07.2020 17:00:00;19.07.2020 18:00:00;164;78;2371;;21;16;2650
19.07.2020 18:00:00;19.07.2020 19:00:00;164;79;2440;;22;14;2719
19.07.2020 19:00:00;19.07.2020 20:00:00;164;78;2448;;21;11;2722
19.07.2020 20:00:00;19.07.2020 21:00:00;164;78;2435;;20;12;2709
19.07.2020 21:00:00;19.07.2020 22:00:00;164;78;2438;;21;11;2712
19.07.2020 22:00:00;19.07.2020 23:00:00;164;78;2439;;20;9;2710
19.07.2020 23:00:00;20.07.2020 00:00:00;164;77;2415;;20;10;2686
20.07.2020 00:00:00;20.07.2020 01:00:00;164;80;2351;;17;6;2618
20.07.2020 01:00:00;20.07.2020 02:00:00;164;82;2306;;16;5;2573
20.07.2020 02:00:00;20.07.2020 03:00:00;164;81;2328;;16;6;2595
20.07.2020 03:00:00;20.07.2020 04:00:00;164;82;2294;;18;7;2565
20.07.2020 04:00:00;20.07.2020 05:00:00;164;82;2309;;21;10;2586
20.07.2020 05:00:00;20.07.2020 06:00:00;164;81;2298;;20;12;2575
20.07.2020 06:00:00;20.07.2020 07:00:00;164;82;2335;;21;17;2619
20.07.2020 07:00:00;20.07.2020 08:00:00;164;82;2452;;20;16;2734
20.07.2020 08:00:00;20.07.2020 09:00:00;164;82;2487;;23;10;2766
20.07.2020 09:00:00;20.07.2020 10:00:00;164;78;2538;;22;6;2808
20.07.2020 10:00:00;20.07.2020 11:00:00;164;79;2610;;23;7;2883
20.07.2020 11:00:00;20.07.2020 12:00:00;164;78;2605;;25;7;2879
20.07.2020 12:00:00;20.07.2020 13:00:00;164;77;2699;;23;5;2968
20.07.2020 13:00:00;20.07.2020 14:00:00;164;79;2623;;22;3;2891
20.07.2020 14:00:00;20.07.2020 15:00:00;168;81;2593;;22;2;2866
20.07.2020 15:00:00;20.07.2020 16:00:00;170;82;2585;;25;10;2872
20.07.2020 16:00:00;20.07.2020 17:00:00;169;81;2544;;22;19;2835
20.07.2020 17:00:00;20.07.2020 18:00:00;170;82;2441;;23;35;2751
20.07.2020 18:00:00;20.07.2020 19:00:00;185;82;2440;;23;38;2768
20.07.2020 19:00:00;20.07.2020 20:00:00;197;81;2450;;23;38;2789
20.07.2020 20:00:00;20.07.2020 21:00:00;197;82;2435;;24;45;2783
20.07.2020 21:00:00;20.07.2020 22:00:00;196;81;2433;;22;27;2759
20.07.2020 22:00:00;20.07.2020 23:00:00;196;81;2446;;14;25;2762
20.07.2020 23:00:00;21.07.2020 00:00:00;197;81;2315;;20;37;2650
21.07.2020 00:00:00;21.07.2020 01:00:00;196;80;2282;;21;53;2632
21.07.2020 01:00:00;21.07.2020 02:00:00;196;81;2219;;22;60;2578
21.07.2020 02:00:00;21.07.2020 03:00:00;196;80;2149;;25;48;2498
21.07.2020 03:00:00;21.07.2020 04:00:00;196;81;2133;;22;32;2464
21.07.2020 04:00:00;21.07.2020 05:00:00;197;81;2098;;24;29;2429
21.07.2020 05:00:00;21.07.2020 06:00:00;197;81;2156;;24;29;2487
21.07.2020 06:00:00;21.07.2020 07:00:00;197;81;2033;;25;31;2367
21.07.2020 07:00:00;21.07.2020 08:00:00;196;81;2105;;21;32;2435
21.07.2020 08:00:00;21.07.2020 09:00:00;196;81;2179;;24;21;2501
21.07.2020 09:00:00;21.07.2020 10:00:00;196;82;2191;;25;10;2504
21.07.2020 10:00:00;21.07.2020 11:00:00;195;82;2188;;23;32;2520
21.07.2020 11:00:00;21.07.2020 12:00:00;196;82;2170;;19;40;2507
21.07.2020 12:00:00;21.07.2020 13:00:00;196;82;2124;;23;50;2475
21.07.2020 13:00:00;21.07.2020 14:00:00;196;82;2130;;25;70;2503
21.07.2020 14:00:00;21.07.2020 15:00:00;196;82;2066;;24;91;2459
21.07.2020 15:00:00;21.07.2020 16:00:00;196;81;2027;;19;112;2435
21.07.2020 16:00:00;21.07.2020 17:00:00;196;81;2007;;24;97;2405
21.07.2020 17:00:00;21.07.2020 18:00:00;196;81;2002;;24;84;2387
21.07.2020 18:00:00;21.07.2020 19:00:00;197;81;2023;;24;72;2397
21.07.2020 19:00:00;21.07.2020 20:00:00;196;81;2096;;23;64;2460
21.07.2020 20:00:00;21.07.2020 21:00:00;197;81;2029;;19;63;2389
21.07.2020 21:00:00;21.07.2020 22:00:00;197;82;2001;;24;57;2361
21.07.2020 22:00:00;21.07.2020 23:00:00;197;82;2041;;27;54;2401
21.07.2020 23:00:00;22.07.2020 00:00:00;196;82;1994;;26;58;2356
22.07.2020 00:00:00;22.07.2020 01:00:00;196;81;1752;;22;56;2107
22.07.2020 01:00:00;22.07.2020 02:00:00;195;81;1624;;24;53;1977
22.07.2020 02:00:00;22.07.2020 03:00:00;195;82;1556;;27;58;1918
22.07.2020 03:00:00;22.07.2020 04:00:00;195;81;1563;;24;58;1921
22.07.2020 04:00:00;22.07.2020 05:00:00;196;81;1575;;24;46;1922
22.07.2020 05:00:00;22.07.2020 06:00:00;197;80;1660;;25;30;1992
22.07.2020 06:00:00;22.07.2020 07:00:00;196;81;1765;;25;22;2089
22.07.2020 07:00:00;22.07.2020 08:00:00;197;81;1798;;25;20;2121
22.07.2020 08:00:00;22.07.2020 09:00:00;196;80;1865;;25;28;2194
22.07.2020 09:00:00;22.07.2020 10:00:00;196;81;1950;;21;33;2281
22.07.2020 10:00:00;22.07.2020 11:00:00;196;83;2018;;23;40;2360
22.07.2020 11:00:00;22.07.2020 12:00:00;197;83;2014;;22;49;2365
22.07.2020 12:00:00;22.07.2020 13:00:00;197;83;1996;;24;58;2358
22.07.2020 13:00:00;22.07.2020 14:00:00;196;83;2002;;21;66;2368
22.07.2020 14:00:00;22.07.2020 15:00:00;198;83;1992;;24;77;2374
22.07.2020 15:00:00;22.07.2020 16:00:00;200;83;1955;;23;94;2355
22.07.2020 16:00:00;22.07.2020 17:00:00;200;84;1921;;22;95;2322
22.07.2020 17:00:00;22.07.2020 18:00:00;200;82;1881;;16;102;2281
22.07.2020 18:00:00;22.07.2020 19:00:00;200;82;1921;;19;94;2316
22.07.2020 19:00:00;22.07.2020 20:00:00;201;84;1938;;21;107;2351
22.07.2020 20:00:00;22.07.2020 21:00:00;201;84;1925;;21;135;2366
22.07.2020 21:00:00;22.07.2020 22:00:00;200;84;1922;;23;142;2371
22.07.2020 22:00:00;22.07.2020 23:00:00;200;84;1795;;22;159;2260
22.07.2020 23:00:00;23.07.2020 00:00:00;200;84;1601;;22;163;2070
23.07.2020 00:00:00;23.07.2020 01:00:00;199;84;1948;;15;158;2404
23.07.2020 01:00:00;23.07.2020 02:00:00;199;83;1909;;10;154;2355
23.07.2020 02:00:00;23.07.2020 03:00:00;199;84;1813;;13;172;2281
23.07.2020 03:00:00;23.07.2020 04:00:00;199;84;1734;;13;154;2184
23.07.2020 04:00:00;23.07.2020 05:00:00;198;84;1686;;16;154;2138
23.07.2020 05:00:00;23.07.2020 06:00:00;199;82;1951;;14;168;2414
23.07.2020 06:00:00;23.07.2020 07:00:00;199;83;2023;;16;148;2469
23.07.2020 07:00:00;23.07.2020 08:00:00;199;82;2077;;15;152;2525
23.07.2020 08:00:00;23.07.2020 09:00:00;200;82;2101;;16;140;2539
23.07.2020 09:00:00;23.07.2020 10:00:00;200;82;2134;;12;110;2538
23.07.2020 10:00:00;23.07.2020 11:00:00;198;82;2112;;12;101;2505
23.07.2020 11:00:00;23.07.2020 12:00:00;196;85;2109;;18;100;2508
23.07.2020 12:00:00;23.07.2020 13:00:00;196;85;2057;;16;88;2442
23.07.2020 13:00:00;23.07.2020 14:00:00;196;85;2073;;15;80;2449
23.07.2020 14:00:00;23.07.2020 15:00:00;196;85;2069;;14;65;2429
23.07.2020 15:00:00;23.07.2020 16:00:00;196;85;2076;;10;58;2425
23.07.2020 16:00:00;23.07.2020 17:00:00;196;85;2071;;10;59;2421
23.07.2020 17:00:00;23.07.2020 18:00:00;195;84;2066;;11;68;2424
23.07.2020 18:00:00;23.07.2020 19:00:00;196;84;2130;;12;70;2492
23.07.2020 19:00:00;23.07.2020 20:00:00;196;84;2126;;17;66;2489
23.07.2020 20:00:00;23.07.2020 21:00:00;196;84;2233;;18;62;2593
23.07.2020 21:00:00;23.07.2020 22:00:00;197;85;2239;;17;56;2594
23.07.2020 22:00:00;23.07.2020 23:00:00;196;84;2282;;18;52;2632
23.07.2020 23:00:00;24.07.2020 00:00:00;188;85;2181;;18;46;2518
24.07.2020 00:00:00;24.07.2020 01:00:00;156;87;2051;;18;37;2349
24.07.2020 01:00:00;24.07.2020 02:00:00;156;87;2000;;14;34;2291
24.07.2020 02:00:00;24.07.2020 03:00:00;155;86;1908;;15;29;2193
24.07.2020 03:00:00;24.07.2020 04:00:00;155;85;1965;;22;25;2252
24.07.2020 04:00:00;24.07.2020 05:00:00;155;85;2031;;24;24;2319
24.07.2020 05:00:00;24.07.2020 06:00:00;155;85;2227;;20;17;2504
24.07.2020 06:00:00;24.07.2020 07:00:00;155;85;2214;;19;11;2484
24.07.2020 07:00:00;24.07.2020 08:00:00;155;85;2319;;23;8;2590
24.07.2020 08:00:00;24.07.2020 09:00:00;156;87;2359;;21;9;2632
24.07.2020 09:00:00;24.07.2020 10:00:00;156;88;2444;;24;8;2720
24.07.2020 10:00:00;24.07.2020 11:00:00;156;88;2449;;21;14;2728
24.07.2020 11:00:00;24.07.2020 12:00:00;156;88;2544;;22;21;2831
24.07.2020 12:00:00;24.07.2020 13:00:00;156;88;2458;;20;26;2748
24.07.2020 13:00:00;24.07.2020 14:00:00;156;88;2301;;20;40;2605
24.07.2020 14:00:00;24.07.2020 15:00:00;155;88;2293;;16;88;2640
24.07.2020 15:00:00;24.07.2020 16:00:00;156;88;2240;;7;97;2588
24.07.2020 16:00:00;24.07.2020 17:00:00;155;88;2236;;9;102;2590
24.07.2020 17:00:00;24.07.2020 18:00:00;155;88;2221;;12;89;2565
24.07.2020 18:00:00;24.07.2020 19:00:00;156;90;2271;;19;59;2595
24.07.2020 19:00:00;24.07.2020 20:00:00;154;90;2278;;15;44;2581
24.07.2020 20:00:00;24.07.2020 21:00:00;152;90;2275;;11;22;2550
24.07.2020 21:00:00;24.07.2020 22:00:00;154;90;2272;;11;16;2543
24.07.2020 22:00:00;24.07.2020 23:00:00;156;90;2285;;14;12;2557
24.07.2020 23:00:00;25.07.2020 00:00:00;157;91;2259;;15;9;2531
25.07.2020 00:00:00;25.07.2020 01:00:00;156;92;2303;;17;23;2591
25.07.2020 01:00:00;25.07.2020 02:00:00;155;92;2314;;18;34;2613
25.07.2020 02:00:00;25.07.2020 03:00:00;155;91;2293;;19;33;2591
25.07.2020 03:00:00;25.07.2020 04:00:00;154;91;2302;;19;37;2603
25.07.2020 04:00:00;25.07.2020 05:00:00;153;91;2319;;20;84;2667
25.07.2020 05:00:00;25.07.2020 06:00:00;155;91;2267;;20;188;2721
25.07.2020 06:00:00;25.07.2020 07:00:00;155;91;2242;;18;248;2754
25.07.2020 07:00:00;25.07.2020 08:00:00;155;91;2233;;18;267;2764
25.07.2020 08:00:00;25.07.2020 09:00:00;155;91;2237;;22;287;2792
25.07.2020 09:00:00;25.07.2020 10:00:00;155;91;2281;;23;290;2840
25.07.2020 10:00:00;25.07.2020 11:00:00;155;91;2333;;22;292;2893
25.07.2020 11:00:00;25.07.2020 12:00:00;155;91;2283;;20;287;2836
25.07.2020 12:00:00;25.07.2020 13:00:00;155;91;2252;;22;283;2803
25.07.2020 13:00:00;25.07.2020 14:00:00;155;91;2199;;22;283;2750
25.07.2020 14:00:00;25.07.2020 15:00:00;155;91;2177;;24;304;2751
25.07.2020 15:00:00;25.07.2020 16:00:00;155;91;2198;;23;303;2770
25.07.2020 16:00:00;25.07.2020 17:00:00;154;91;2220;;25;306;2796
25.07.2020 17:00:00;25.07.2020 18:00:00;;;;2780;;;2780
25.07.2020 18:00:00;25.07.2020 19:00:00;;;;2807;;;2807
25.07.2020 19:00:00;25.07.2020 20:00:00;;;;2776;;;2776
25.07.2020 20:00:00;25.07.2020 21:00:00;;;;2753;;;2753
25.07.2020 21:00:00;25.07.2020 22:00:00;;;;2766;;;2766
25.07.2020 22:00:00;25.07.2020 23:00:00;154;92;2257;;25;304;2832
25.07.2020 23:00:00;26.07.2020 00:00:00;154;92;2229;;22;304;2801
26.07.2020 00:00:00;26.07.2020 01:00:00;156;90;2200;;25;291;2762
26.07.2020 01:00:00;26.07.2020 02:00:00;156;90;2154;;25;238;2663
26.07.2020 02:00:00;26.07.2020 03:00:00;155;90;2131;;25;268;2669
26.07.2020 03:00:00;26.07.2020 04:00:00;155;90;2068;;25;208;2546
26.07.2020 04:00:00;26.07.2020 05:00:00;155;90;2048;;26;210;2529
26.07.2020 05:00:00;26.07.2020 06:00:00;155;90;2013;;27;226;2511
26.07.2020 06:00:00;26.07.2020 07:00:00;155;91;1987;;25;265;2523
26.07.2020 07:00:00;26.07.2020 08:00:00;155;90;1930;;25;273;2473
26.07.2020 08:00:00;26.07.2020 09:00:00;155;91;2000;;22;297;2565
26.07.2020 09:00:00;26.07.2020 10:00:00;156;91;1992;;24;302;2565
26.07.2020 10:00:00;26.07.2020 11:00:00;156;90;1977;;22;304;2549
26.07.2020 11:00:00;26.07.2020 12:00:00;156;90;1772;;24;295;2337
26.07.2020 12:00:00;26.07.2020 13:00:00;155;91;1622;;20;269;2157
26.07.2020 13:00:00;26.07.2020 14:00:00;155;91;1509;;14;266;2035
26.07.2020 14:00:00;26.07.2020 15:00:00;155;91;1414;;16;290;1966
26.07.2020 15:00:00;26.07.2020 16:00:00;156;91;1430;;21;269;1967
26.07.2020 16:00:00;26.07.2020 17:00:00;155;91;1452;;18;242;1958
26.07.2020 17:00:00;26.07.2020 18:00:00;154;91;1676;;23;216;2160
26.07.2020 18:00:00;26.07.2020 19:00:00;155;91;1854;;18;180;2298
26.07.2020 19:00:00;26.07.2020 20:00:00;155;91;1849;;15;161;2271
26.07.2020 20:00:00;26.07.2020 21:00:00;154;90;1794;;17;176;2231
26.07.2020 21:00:00;26.07.2020 22:00:00;155;90;1804;;19;191;2259
26.07.2020 22:00:00;26.07.2020 23:00:00;155;90;1755;;21;211;2232
26.07.2020 23:00:00;27.07.2020 00:00:00;155;90;1723;;19;215;2202
27.07.2020 00:00:00;27.07.2020 01:00:00;156;89;1584;;18;216;2063
27.07.2020 01:00:00;27.07.2020 02:00:00;155;88;1502;;17;227;1989
27.07.2020 02:00:00;27.07.2020 03:00:00;155;89;1486;;17;197;1944
27.07.2020 03:00:00;27.07.2020 04:00:00;155;89;1459;;17;202;1922
27.07.2020 04:00:00;27.07.2020 05:00:00;155;88;1559;;18;223;2043
27.07.2020 05:00:00;27.07.2020 06:00:00;154;88;1886;;19;229;2376
27.07.2020 06:00:00;27.07.2020 07:00:00;154;88;2053;;19;249;2563
27.07.2020 07:00:00;27.07.2020 08:00:00;154;89;2352;;19;267;2881
27.07.2020 08:00:00;27.07.2020 09:00:00;155;87;2370;;20;264;2896
27.07.2020 09:00:00;27.07.2020 10:00:00;156;87;2408;;19;248;2918
27.07.2020 10:00:00;27.07.2020 11:00:00;158;87;2390;;16;264;2915
27.07.2020 11:00:00;27.07.2020 12:00:00;158;87;2421;;18;261;2945
27.07.2020 12:00:00;27.07.2020 13:00:00;156;87;2465;;18;277;3003
27.07.2020 13:00:00;27.07.2020 14:00:00;159;88;2481;;18;268;3014
27.07.2020 14:00:00;27.07.2020 15:00:00;160;89;2475;;18;222;2964
27.07.2020 15:00:00;27.07.2020 16:00:00;159;88;2474;;21;192;2934
27.07.2020 16:00:00;27.07.2020 17:00:00;159;89;2459;;21;162;2890
27.07.2020 17:00:00;27.07.2020 18:00:00;158;87;2467;;16;136;2864
27.07.2020 18:00:00;27.07.2020 19:00:00;159;88;2448;;17;105;2817
27.07.2020 19:00:00;27.07.2020 20:00:00;159;87;2441;;19;68;2774
27.07.2020 20:00:00;27.07.2020 21:00:00;158;87;2378;;13;74;2710
27.07.2020 21:00:00;27.07.2020 22:00:00;160;88;2344;;15;60;2667
27.07.2020 22:00:00;27.07.2020 23:00:00;160;87;2215;;18;63;2543
27.07.2020 23:00:00;28.07.2020 00:00:00;160;88;2008;;16;73;2345
28.07.2020 00:00:00;28.07.2020 01:00:00;160;88;2012;;16;71;2347
28.07.2020 01:00:00;28.07.2020 02:00:00;159;88;2022;;18;50;2337
28.07.2020 02:00:00;28.07.2020 03:00:00;160;86;2027;;17;57;2347
28.07.2020 03:00:00;28.07.2020 04:00:00;159;87;2004;;16;58;2324
28.07.2020 04:00:00;28.07.2020 05:00:00;157;87;2000;;17;50;2311
28.07.2020 05:00:00;28.07.2020 06:00:00;153;86;1995;;16;38;2288
28.07.2020 06:00:00;28.07.2020 07:00:00;154;87;2004;;17;36;2298
28.07.2020 07:00:00;28.07.2020 08:00:00;154;87;2084;;16;54;2395
28.07.2020 08:00:00;28.07.2020 09:00:00;155;84;2138;;17;103;2497
28.07.2020 09:00:00;28.07.2020 10:00:00;155;85;2170;;17;106;2533
28.07.2020 10:00:00;28.07.2020 11:00:00;156;85;2144;;17;137;2539
28.07.2020 11:00:00;28.07.2020 12:00:00;156;85;2077;;17;145;2480
28.07.2020 12:00:00;28.07.2020 13:00:00;153;84;2021;;16;130;2404
28.07.2020 13:00:00;28.07.2020 14:00:00;155;85;1982;;17;136;2375
28.07.2020 14:00:00;28.07.2020 15:00:00;156;85;1918;;15;138;2312
28.07.2020 15:00:00;28.07.2020 16:00:00;155;85;1919;;13;130;2302
28.07.2020 16:00:00;28.07.2020 17:00:00;154;84;1992;;16;141;2387
28.07.2020 17:00:00;28.07.2020 18:00:00;153;85;1959;;16;140;2353
28.07.2020 18:00:00;28.07.2020 19:00:00;152;85;1902;;15;144;2298
28.07.2020 19:00:00;28.07.2020 20:00:00;152;85;1851;;15;138;2241
28.07.2020 20:00:00;28.07.2020 21:00:00;154;87;1842;;11;197;2291
28.07.2020 21:00:00;28.07.2020 22:00:00;154;87;1853;;5;214;2313
28.07.2020 22:00:00;28.07.2020 23:00:00;155;87;1835;;16;221;2314
28.07.2020 23:00:00;29.07.2020 00:00:00;154;87;1807;;9;232;2289
29.07.2020 00:00:00;29.07.2020 01:00:00;156;85;1831;;7;214;2293
29.07.2020 01:00:00;29.07.2020 02:00:00;153;85;1714;;5;202;2159
29.07.2020 02:00:00;29.07.2020 03:00:00;156;85;1707;;8;199;2155
29.07.2020 03:00:00;29.07.2020 04:00:00;155;85;1607;;6;211;2064
29.07.2020 04:00:00;29.07.2020 05:00:00;155;85;1572;;6;194;2012
29.07.2020 05:00:00;29.07.2020 06:00:00;155;85;1705;;13;183;2141
29.07.2020 06:00:00;29.07.2020 07:00:00;155;85;1805;;16;126;2187
29.07.2020 07:00:00;29.07.2020 08:00:00;154;85;1926;;18;98;2281
29.07.2020 08:00:00;29.07.2020 09:00:00;154;85;1974;;17;109;2339
29.07.2020 09:00:00;29.07.2020 10:00:00;154;85;2023;;14;117;2393
29.07.2020 10:00:00;29.07.2020 11:00:00;154;85;2044;;17;127;2427
29.07.2020 11:00:00;29.07.2020 12:00:00;153;85;2008;;18;134;2398
29.07.2020 12:00:00;29.07.2020 13:00:00;148;85;1805;;17;127;2182
29.07.2020 13:00:00;29.07.2020 14:00:00;147;86;1840;;19;123;2215
29.07.2020 14:00:00;29.07.2020 15:00:00;145;86;1941;;16;131;2319
29.07.2020 15:00:00;29.07.2020 16:00:00;142;86;1975;;16;101;2320
29.07.2020 16:00:00;29.07.2020 17:00:00;143;85;2148;;12;91;2479
29.07.2020 17:00:00;29.07.2020 18:00:00;157;85;2211;;16;73;2542
29.07.2020 18:00:00;29.07.2020 19:00:00;181;86;2251;;17;57;2592
29.07.2020 19:00:00;29.07.2020 20:00:00;183;86;2247;;17;33;2566
29.07.2020 20:00:00;29.07.2020 21:00:00;185;85;2223;;17;41;2551
29.07.2020 21:00:00;29.07.2020 22:00:00;187;85;2271;;16;56;2615
29.07.2020 22:00:00;29.07.2020 23:00:00;188;85;2234;;15;63;2585
29.07.2020 23:00:00;30.07.2020 00:00:00;194;85;2212;;18;66;2575
30.07.2020 00:00:00;30.07.2020 01:00:00;195;84;2005;;19;58;2361
30.07.2020 01:00:00;30.07.2020 02:00:00;196;84;1870;;16;46;2212
30.07.2020 02:00:00;30.07.2020 03:00:00;195;84;1856;;17;35;2187
30.07.2020 03:00:00;30.07.2020 04:00:00;195;84;1824;;16;33;2152
30.07.2020 04:00:00;30.07.2020 05:00:00;196;84;1786;;16;41;2123
30.07.2020 05:00:00;30.07.2020 06:00:00;195;84;1851;;17;37;2184
30.07.2020 06:00:00;30.07.2020 07:00:00;195;84;2193;;19;50;2541
30.07.2020 07:00:00;30.07.2020 08:00:00;195;84;2251;;18;56;2604
30.07.2020 08:00:00;30.07.2020 09:00:00;195;84;2281;;17;63;2640
30.07.2020 09:00:00;30.07.2020 10:00:00;195;84;2295;;17;73;2664
30.07.2020 10:00:00;30.07.2020 11:00:00;195;85;2274;;17;61;2632
30.07.2020 11:00:00;30.07.2020 12:00:00;193;85;2247;;16;37;2578
30.07.2020 12:00:00;30.07.2020 13:00:00;193;85;2224;;18;29;2549
30.07.2020 13:00:00;30.07.2020 14:00:00;193;85;2230;;17;23;2548
30.07.2020 14:00:00;30.07.2020 15:00:00;195;85;2166;;19;18;2483
30.07.2020 15:00:00;30.07.2020 16:00:00;190;84;2136;;19;16;2445
30.07.2020 16:00:00;30.07.2020 17:00:00;190;84;2149;;15;19;2457
30.07.2020 17:00:00;30.07.2020 18:00:00;190;84;2292;;17;20;2603
30.07.2020 18:00:00;30.07.2020 19:00:00;156;84;2317;;18;19;2594
30.07.2020 19:00:00;30.07.2020 20:00:00;145;84;2288;;19;7;2543
30.07.2020 20:00:00;30.07.2020 21:00:00;144;84;2319;;21;6;2574
30.07.2020 21:00:00;30.07.2020 22:00:00;144;84;2390;;20;5;2643
30.07.2020 22:00:00;30.07.2020 23:00:00;144;84;2424;;20;10;2682
30.07.2020 23:00:00;31.07.2020 00:00:00;145;84;2376;;18;14;2637
31.07.2020 00:00:00;31.07.2020 01:00:00;145;82;2054;;19;34;2334
31.07.2020 01:00:00;31.07.2020 02:00:00;145;82;1958;;19;63;2267
31.07.2020 02:00:00;31.07.2020 03:00:00;146;83;1861;;19;72;2181
31.07.2020 03:00:00;31.07.2020 04:00:00;146;83;1806;;19;70;2124
31.07.2020 04:00:00;31.07.2020 05:00:00;146;83;1863;;20;58;2170
31.07.2020 05:00:00;31.07.2020 06:00:00;148;83;2107;;18;32;2388
31.07.2020 06:00:00;31.07.2020 07:00:00;148;82;2334;;13;30;2607
31.07.2020 07:00:00;31.07.2020 08:00:00;147;83;2432;;17;28;2707
31.07.2020 08:00:00;31.07.2020 09:00:00;147;83;2374;;18;20;2642
31.07.2020 09:00:00;31.07.2020 10:00:00;146;83;2374;;12;16;2631
31.07.2020 10:00:00;31.07.2020 11:00:00;146;82;2394;;18;21;2661
31.07.2020 11:00:00;31.07.2020 12:00:00;146;82;2408;;16;28;2680
31.07.2020 12:00:00;31.07.2020 13:00:00;146;82;2396;;16;26;2666
31.07.2020 13:00:00;31.07.2020 14:00:00;146;82;2341;;16;33;2618
31.07.2020 14:00:00;31.07.2020 15:00:00;147;83;2404;;19;47;2700
31.07.2020 15:00:00;31.07.2020 16:00:00;147;83;2429;;14;48;2721
31.07.2020 16:00:00;31.07.2020 17:00:00;148;83;2484;;18;54;2787
31.07.2020 17:00:00;31.07.2020 18:00:00;148;82;2488;;18;44;2780
31.07.2020 18:00:00;31.07.2020 19:00:00;150;83;2532;;17;27;2809
31.07.2020 19:00:00;31.07.2020 20:00:00;149;83;2526;;18;24;2800
31.07.2020 20:00:00;31.07.2020 21:00:00;150;83;2531;;19;18;2801
31.07.2020 21:00:00;31.07.2020 22:00:00;149;83;2529;;19;13;2793
31.07.2020 22:00:00;31.07.2020 23:00:00;150;83;2522;;20;6;2781
31.07.2020 23:00:00;01.08.2020 00:00:00;152;82;2518;;22;6;2780
01.08.2020 00:00:00;01.08.2020 01:00:00;151;78;2414;;21;7;2671
01.08.2020 01:00:00;01.08.2020 02:00:00;149;79;2389;;22;9;2648
01.08.2020 02:00:00;01.08.2020 03:00:00;150;79;2411;;23;10;2673
01.08.2020 03:00:00;01.08.2020 04:00:00;150;79;2424;;23;13;2689
01.08.2020 04:00:00;01.08.2020 05:00:00;150;79;2401;;22;18;2670
01.08.2020 05:00:00;01.08.2020 06:00:00;148;78;2406;;20;19;2671
01.08.2020 06:00:00;01.08.2020 07:00:00;148;78;2380;;20;18;2644
01.08.2020 07:00:00;01.08.2020 08:00:00;148;78;2406;;20;12;2664
01.08.2020 08:00:00;01.08.2020 09:00:00;148;78;2475;;19;11;2731
01.08.2020 09:00:00;01.08.2020 10:00:00;147;78;2488;;19;10;2742
01.08.2020 10:00:00;01.08.2020 11:00:00;148;78;2512;;19;8;2765
01.08.2020 11:00:00;01.08.2020 12:00:00;150;78;2489;;21;9;2747
01.08.2020 12:00:00;01.08.2020 13:00:00;151;78;2477;;20;10;2736
01.08.2020 13:00:00;01.08.2020 14:00:00;151;78;2462;;20;11;2722
01.08.2020 14:00:00;01.08.2020 15:00:00;151;78;2490;;20;10;2749
01.08.2020 15:00:00;01.08.2020 16:00:00;151;78;2491;;18;11;2749
01.08.2020 16:00:00;01.08.2020 17:00:00;151;78;2495;;17;14;2755
01.08.2020 17:00:00;01.08.2020 18:00:00;152;78;2509;;17;13;2769
01.08.2020 18:00:00;01.08.2020 19:00:00;151;78;2503;;18;13;2763
01.08.2020 19:00:00;01.08.2020 20:00:00;150;79;2486;;20;14;2749
01.08.2020 20:00:00;01.08.2020 21:00:00;150;78;2474;;18;14;2734
01.08.2020 21:00:00;01.08.2020 22:00:00;150;79;2492;;20;18;2759
01.08.2020 22:00:00;01.08.2020 23:00:00;150;79;2480;;19;29;2757
01.08.2020 23:00:00;02.08.2020 00:00:00;149;79;2455;;18;37;2738
02.08.2020 00:00:00;02.08.2020 01:00:00;149;77;2432;;19;41;2718
02.08.2020 01:00:00;02.08.2020 02:00:00;149;77;2379;;18;41;2664
02.08.2020 02:00:00;02.08.2020 03:00:00;149;78;2345;;19;52;2643
02.08.2020 03:00:00;02.08.2020 04:00:00;150;78;2363;;19;62;2672
02.08.2020 04:00:00;02.08.2020 05:00:00;150;78;2346;;20;63;2657
02.08.2020 05:00:00;02.08.2020 06:00:00;148;78;2298;;21;63;2608
02.08.2020 06:00:00;02.08.2020 07:00:00;147;78;2292;;22;74;2613
02.08.2020 07:00:00;02.08.2020 08:00:00;145;78;2373;;17;72;2685
02.08.2020 08:00:00;02.08.2020 09:00:00;144;78;2472;;21;75;2790
02.08.2020 09:00:00;02.08.2020 10:00:00;144;78;2501;;21;76;2820
02.08.2020 10:00:00;02.08.2020 11:00:00;144;77;2523;;21;80;2845
02.08.2020 11:00:00;02.08.2020 12:00:00;144;77;2490;;22;83;2816
02.08.2020 12:00:00;02.08.2020 13:00:00;144;78;2466;;22;85;2795
02.08.2020 13:00:00;02.08.2020 14:00:00;144;78;2468;;16;83;2789
02.08.2020 14:00:00;02.08.2020 15:00:00;144;78;2447;;20;74;2763
02.08.2020 15:00:00;02.08.2020 16:00:00;144;78;2418;;21;77;2738
02.08.2020 16:00:00;02.08.2020 17:00:00;145;78;2425;;22;102;2772
02.08.2020 17:00:00;02.08.2020 18:00:00;146;78;2425;;22;127;2798
02.08.2020 18:00:00;02.08.2020 19:00:00;146;78;2417;;23;139;2803
02.08.2020 19:00:00;02.08.2020 20:00:00;146;78;2420;;22;118;2784
02.08.2020 20:00:00;02.08.2020 21:00:00;145;78;2416;;22;153;2814
02.08.2020 21:00:00;02.08.2020 22:00:00;144;78;2392;;21;191;2826
02.08.2020 22:00:00;02.08.2020 23:00:00;144;78;2364;;20;206;2812
02.08.2020 23:00:00;03.08.2020 00:00:00;144;78;2319;;22;237;2800
03.08.2020 00:00:00;03.08.2020 01:00:00;145;77;2226;;21;213;2682
03.08.2020 01:00:00;03.08.2020 02:00:00;144;77;2174;;23;192;2610
03.08.2020 02:00:00;03.08.2020 03:00:00;144;77;2135;;22;160;2538
03.08.2020 03:00:00;03.08.2020 04:00:00;144;77;2088;;23;141;2473
03.08.2020 04:00:00;03.08.2020 05:00:00;145;77;2060;;22;117;2421
03.08.2020 05:00:00;03.08.2020 06:00:00;146;77;2031;;22;106;2382
03.08.2020 06:00:00;03.08.2020 07:00:00;146;78;2140;;22;103;2489
03.08.2020 07:00:00;03.08.2020 08:00:00;145;78;2410;;19;107;2759
03.08.2020 08:00:00;03.08.2020 09:00:00;145;76;2434;;22;67;2744
03.08.2020 09:00:00;03.08.2020 10:00:00;184;74;2459;;22;44;2783
03.08.2020 10:00:00;03.08.2020 11:00:00;196;74;2535;;20;35;2860
03.08.2020 11:00:00;03.08.2020 12:00:00;195;74;2529;;14;30;2842
03.08.2020 12:00:00;03.08.2020 13:00:00;195;74;2488;;23;18;2798
03.08.2020 13:00:00;03.08.2020 14:00:00;195;74;2463;;23;24;2779
03.08.2020 14:00:00;03.08.2020 15:00:00;194;73;2389;;23;33;2712
03.08.2020 15:00:00;03.08.2020 16:00:00;194;74;2364;;22;30;2684
03.08.2020 16:00:00;03.08.2020 17:00:00;195;74;2345;;25;22;2661
03.08.2020 17:00:00;03.08.2020 18:00:00;195;76;2332;;25;15;2643
03.08.2020 18:00:00;03.08.2020 19:00:00;195;76;2366;;23;15;2675
03.08.2020 19:00:00;03.08.2020 20:00:00;195;77;2380;;24;10;2686
03.08.2020 20:00:00;03.08.2020 21:00:00;195;76;2381;;25;7;2684
03.08.2020 21:00:00;03.08.2020 22:00:00;195;76;2413;;22;4;2710
03.08.2020 22:00:00;03.08.2020 23:00:00;194;77;2428;;19;1;2719
03.08.2020 23:00:00;04.08.2020 00:00:00;195;76;2410;;18;0;2699
04.08.2020 00:00:00;04.08.2020 01:00:00;195;76;2114;;13;5;2403
04.08.2020 01:00:00;04.08.2020 02:00:00;194;76;2081;;18;21;2390
04.08.2020 02:00:00;04.08.2020 03:00:00;196;76;2070;;17;33;2392
04.08.2020 03:00:00;04.08.2020 04:00:00;195;76;2063;;20;27;2381
04.08.2020 04:00:00;04.08.2020 05:00:00;194;76;2087;;22;22;2401
04.08.2020 05:00:00;04.08.2020 06:00:00;194;76;2099;;19;24;2412
04.08.2020 06:00:00;04.08.2020 07:00:00;195;77;2102;;14;21;2409
04.08.2020 07:00:00;04.08.2020 08:00:00;195;77;2193;;16;27;2508
04.08.2020 08:00:00;04.08.2020 09:00:00;195;77;2367;;19;27;2685
04.08.2020 09:00:00;04.08.2020 10:00:00;195;77;2427;;20;18;2737
04.08.2020 10:00:00;04.08.2020 11:00:00;195;77;2410;;19;17;2718
04.08.2020 11:00:00;04.08.2020 12:00:00;194;77;2456;;16;12;2755
04.08.2020 12:00:00;04.08.2020 13:00:00;195;77;2427;;19;21;2739
04.08.2020 13:00:00;04.08.2020 14:00:00;195;77;2429;;16;24;2741
04.08.2020 14:00:00;04.08.2020 15:00:00;195;77;2439;;19;38;2768
04.08.2020 15:00:00;04.08.2020 16:00:00;195;77;2395;;19;33;2719
04.08.2020 16:00:00;04.08.2020 17:00:00;195;78;2393;;22;43;2731
04.08.2020 17:00:00;04.08.2020 18:00:00;195;78;2408;;19;59;2759
04.08.2020 18:00:00;04.08.2020 19:00:00;195;78;2417;;20;85;2795
04.08.2020 19:00:00;04.08.2020 20:00:00;195;78;2450;;23;48;2794
04.08.2020 20:00:00;04.08.2020 21:00:00;196;78;2484;;23;34;2815
04.08.2020 21:00:00;04.08.2020 22:00:00;195;78;2527;;23;34;2857
04.08.2020 22:00:00;04.08.2020 23:00:00;195;78;2513;;25;27;2838
04.08.2020 23:00:00;05.08.2020 00:00:00;195;78;2296;;24;30;2623
05.08.2020 00:00:00;05.08.2020 01:00:00;194;74;2290;;24;33;2615
05.08.2020 01:00:00;05.08.2020 02:00:00;194;74;2253;;23;31;2575
05.08.2020 02:00:00;05.08.2020 03:00:00;194;74;2229;;24;29;2550
05.08.2020 03:00:00;05.08.2020 04:00:00;193;74;2398;;23;23;2711
05.08.2020 04:00:00;05.08.2020 05:00:00;194;74;2370;;22;23;2683
05.08.2020 05:00:00;05.08.2020 06:00:00;194;74;2324;;23;17;2632
05.08.2020 06:00:00;05.08.2020 07:00:00;195;74;2217;;22;11;2519
05.08.2020 07:00:00;05.08.2020 08:00:00;196;75;2174;;22;12;2479
05.08.2020 08:00:00;05.08.2020 09:00:00;195;74;2168;;22;11;2470
05.08.2020 09:00:00;05.08.2020 10:00:00;195;74;2397;;21;9;2696
05.08.2020 10:00:00;05.08.2020 11:00:00;194;74;2455;;22;6;2751
05.08.2020 11:00:00;05.08.2020 12:00:00;194;74;2488;;12;6;2774
05.08.2020 12:00:00;05.08.2020 13:00:00;194;74;2365;;14;6;2653
05.08.2020 13:00:00;05.08.2020 14:00:00;195;74;2390;;15;10;2684
05.08.2020 14:00:00;05.08.2020 15:00:00;194;74;2368;;21;7;2664
05.08.2020 15:00:00;05.08.2020 16:00:00;194;74;2380;;23;7;2678
05.08.2020 16:00:00;05.08.2020 17:00:00;193;74;2413;;23;4;2707
05.08.2020 17:00:00;05.08.2020 18:00:00;194;74;2482;;23;3;2776
05.08.2020 18:00:00;05.08.2020 19:00:00;194;73;2446;;21;1;2735
05.08.2020 19:00:00;05.08.2020 20:00:00;195;73;2488;;22;4;2782
05.08.2020 20:00:00;05.08.2020 21:00:00;195;73;2531;;22;6;2827
05.08.2020 21:00:00;05.08.2020 22:00:00;195;73;2580;;24;5;2877
05.08.2020 22:00:00;05.08.2020 23:00:00;195;73;2545;;23;6;2842
05.08.2020 23:00:00;06.08.2020 00:00:00;194;73;2458;;25;13;2763
06.08.2020 00:00:00;06.08.2020 01:00:00;194;72;2454;;22;16;2758
06.08.2020 01:00:00;06.08.2020 02:00:00;194;72;2404;;22;24;2716
06.08.2020 02:00:00;06.08.2020 03:00:00;194;72;2372;;23;37;2698
06.08.2020 03:00:00;06.08.2020 04:00:00;194;71;2373;;23;43;2704
06.08.2020 04:00:00;06.08.2020 05:00:00;194;71;2389;;23;44;2721
06.08.2020 05:00:00;06.08.2020 06:00:00;193;71;2389;;22;58;2733
06.08.2020 06:00:00;06.08.2020 07:00:00;193;70;2428;;20;77;2788
06.08.2020 07:00:00;06.08.2020 08:00:00;195;69;2467;;21;70;2822
06.08.2020 08:00:00;06.08.2020 09:00:00;195;68;2564;;24;50;2901
06.08.2020 09:00:00;06.08.2020 10:00:00;195;68;2591;;26;47;2927
06.08.2020 10:00:00;06.08.2020 11:00:00;195;68;2597;;24;48;2932
06.08.2020 11:00:00;06.08.2020 12:00:00;198;68;2610;;22;36;2934
06.08.2020 12:00:00;06.08.2020 13:00:00;196;69;2588;;24;20;2897
06.08.2020 13:00:00;06.08.2020 14:00:00;199;69;2528;;21;19;2836
06.08.2020 14:00:00;06.08.2020 15:00:00;199;69;2553;;20;26;2867
06.08.2020 15:00:00;06.08.2020 16:00:00;199;68;2570;;23;23;2883
06.08.2020 16:00:00;06.08.2020 17:00:00;199;68;2543;;26;33;2869
06.08.2020 17:00:00;06.08.2020 18:00:00;199;68;2517;;24;48;2856
06.08.2020 18:00:00;06.08.2020 19:00:00;199;69;2517;;23;48;2856
06.08.2020 19:00:00;06.08.2020 20:00:00;199;69;2500;;24;69;2861
06.08.2020 20:00:00;06.08.2020 21:00:00;189;69;2455;;24;149;2886
06.08.2020 21:00:00;06.08.2020 22:00:00;160;69;2536;;24;143;2932
06.08.2020 22:00:00;06.08.2020 23:00:00;160;69;2486;;25;147;2887
06.08.2020 23:00:00;07.08.2020 00:00:00;159;70;2373;;26;139;2767
07.08.2020 00:00:00;07.08.2020 01:00:00;157;68;2296;;25;77;2623
07.08.2020 01:00:00;07.08.2020 02:00:00;155;68;2220;;24;83;2550
07.08.2020 02:00:00;07.08.2020 03:00:00;154;69;2188;;24;113;2548
07.08.2020 03:00:00;07.08.2020 04:00:00;154;69;2180;;23;103;2529
07.08.2020 04:00:00;07.08.2020 05:00:00;154;69;2181;;26;81;2511
07.08.2020 05:00:00;07.08.2020 06:00:00;153;69;2209;;24;51;2506
07.08.2020 06:00:00;07.08.2020 07:00:00;153;69;2323;;25;40;2610
07.08.2020 07:00:00;07.08.2020 08:00:00;154;69;2503;;24;52;2802
07.08.2020 08:00:00;07.08.2020 09:00:00;172;69;2630;;24;56;2951
07.08.2020 09:00:00;07.08.2020 10:00:00;168;69;2722;;25;46;3030
07.08.2020 10:00:00;07.08.2020 11:00:00;175;70;2674;;22;68;3009
07.08.2020 11:00:00;07.08.2020 12:00:00;194;70;2624;;21;64;2973
07.08.2020 12:00:00;07.08.2020 13:00:00;194;69;2616;;21;61;2961
07.08.2020 13:00:00;07.08.2020 14:00:00;194;69;2604;;23;87;2977
07.08.2020 14:00:00;07.08.2020 15:00:00;194;69;2564;;22;81;2930
07.08.2020 15:00:00;07.08.2020 16:00:00;194;67;2563;;21;73;2918
07.08.2020 16:00:00;07.08.2020 17:00:00;194;67;2562;;22;71;2916
07.08.2020 17:00:00;07.08.2020 18:00:00;194;67;2534;;21;69;2885
07.08.2020 18:00:00;07.08.2020 19:00:00;193;67;2477;;22;28;2787
07.08.2020 19:00:00;07.08.2020 20:00:00;195;67;2480;;23;37;2802
07.08.2020 20:00:00;07.08.2020 21:00:00;195;67;2491;;24;45;2822
07.08.2020 21:00:00;07.08.2020 22:00:00;195;67;2510;;22;31;2825
07.08.2020 22:00:00;07.08.2020 23:00:00;195;65;2536;;22;38;2856
07.08.2020 23:00:00;08.08.2020 00:00:00;195;65;2483;;25;42;2810
08.08.2020 00:00:00;08.08.2020 01:00:00;194;64;2369;;21;50;2698
08.08.2020 01:00:00;08.08.2020 02:00:00;195;64;2316;;23;46;2644
08.08.2020 02:00:00;08.08.2020 03:00:00;194;64;2288;;25;48;2619
08.08.2020 03:00:00;08.08.2020 04:00:00;194;64;2293;;25;35;2611
08.08.2020 04:00:00;08.08.2020 05:00:00;195;64;2270;;23;48;2600
08.08.2020 05:00:00;08.08.2020 06:00:00;194;64;2252;;19;58;2587
08.08.2020 06:00:00;08.08.2020 07:00:00;194;64;2249;;12;58;2577
08.08.2020 07:00:00;08.08.2020 08:00:00;194;64;2221;;11;53;2543
08.08.2020 08:00:00;08.08.2020 09:00:00;195;64;2303;;13;43;2618
08.08.2020 09:00:00;08.08.2020 10:00:00;196;66;2395;;18;36;2711
08.08.2020 10:00:00;08.08.2020 11:00:00;196;67;2414;;21;39;2737
08.08.2020 11:00:00;08.08.2020 12:00:00;195;66;2406;;22;31;2720
08.08.2020 12:00:00;08.08.2020 13:00:00;195;67;2311;;24;25;2622
08.08.2020 13:00:00;08.08.2020 14:00:00;194;66;2267;;23;20;2570
08.08.2020 14:00:00;08.08.2020 15:00:00;195;66;2158;;23;18;2460
08.08.2020 15:00:00;08.08.2020 16:00:00;195;67;2044;;24;22;2352
08.08.2020 16:00:00;08.08.2020 17:00:00;195;63;1960;;24;31;2273
08.08.2020 17:00:00;08.08.2020 18:00:00;195;65;1991;;22;48;2321
08.08.2020 18:00:00;08.08.2020 19:00:00;194;65;2070;;23;86;2438
08.08.2020 19:00:00;08.08.2020 20:00:00;195;66;2137;;24;99;2521
08.08.2020 20:00:00;08.08.2020 21:00:00;196;66;2194;;24;85;2565
08.08.2020 21:00:00;08.08.2020 22:00:00;197;66;2255;;26;88;2632
08.08.2020 22:00:00;08.08.2020 23:00:00;196;65;2228;;24;129;2642
08.08.2020 23:00:00;09.08.2020 00:00:00;196;65;2206;;25;139;2631
09.08.2020 00:00:00;09.08.2020 01:00:00;196;66;2149;;21;177;2609
09.08.2020 01:00:00;09.08.2020 02:00:00;195;63;2077;;22;118;2475
09.08.2020 02:00:00;09.08.2020 03:00:00;196;63;2065;;23;102;2449
09.08.2020 03:00:00;09.08.2020 04:00:00;195;63;2043;;24;220;2545
09.08.2020 04:00:00;09.08.2020 05:00:00;196;63;2023;;23;273;2578
09.08.2020 05:00:00;09.08.2020 06:00:00;196;64;2007;;26;235;2528
09.08.2020 06:00:00;09.08.2020 07:00:00;196;64;1985;;25;189;2459
09.08.2020 07:00:00;09.08.2020 08:00:00;196;63;2053;;25;100;2437
09.08.2020 08:00:00;09.08.2020 09:00:00;197;63;2183;;24;62;2529
09.08.2020 09:00:00;09.08.2020 10:00:00;197;63;2305;;24;61;2650
09.08.2020 10:00:00;09.08.2020 11:00:00;197;63;2353;;25;54;2692
09.08.2020 11:00:00;09.08.2020 12:00:00;196;63;2399;;26;48;2732
09.08.2020 12:00:00;09.08.2020 13:00:00;195;63;2410;;26;82;2776
09.08.2020 13:00:00;09.08.2020 14:00:00;195;63;2468;;21;103;2850
09.08.2020 14:00:00;09.08.2020 15:00:00;195;64;2432;;21;119;2831
09.08.2020 15:00:00;09.08.2020 16:00:00;194;64;2422;;26;143;2849
09.08.2020 16:00:00;09.08.2020 17:00:00;194;64;2416;;25;135;2834
09.08.2020 17:00:00;09.08.2020 18:00:00;194;64;2558;;24;139;2979
09.08.2020 18:00:00;09.08.2020 19:00:00;194;64;2502;;17;158;2935
09.08.2020 19:00:00;09.08.2020 20:00:00;194;64;2531;;24;152;2965
09.08.2020 20:00:00;09.08.2020 21:00:00;195;64;2524;;24;203;3010
09.08.2020 21:00:00;09.08.2020 22:00:00;196;67;2472;;25;222;2982
09.08.2020 22:00:00;09.08.2020 23:00:00;196;68;2437;;22;180;2903
09.08.2020 23:00:00;10.08.2020 00:00:00;196;67;2341;;17;142;2763
10.08.2020 00:00:00;10.08.2020 01:00:00;196;68;2214;;18;143;2639
10.08.2020 01:00:00;10.08.2020 02:00:00;196;68;2128;;18;102;2512
10.08.2020 02:00:00;10.08.2020 03:00:00;195;68;2100;;19;130;2512
10.08.2020 03:00:00;10.08.2020 04:00:00;195;67;2091;;18;174;2545
10.08.2020 04:00:00;10.08.2020 05:00:00;196;67;2094;;10;144;2511
10.08.2020 05:00:00;10.08.2020 06:00:00;198;67;2102;;13;157;2537
10.08.2020 06:00:00;10.08.2020 07:00:00;198;68;2226;;11;146;2649
10.08.2020 07:00:00;10.08.2020 08:00:00;199;67;2380;;9;132;2787
10.08.2020 08:00:00;10.08.2020 09:00:00;200;68;2431;;7;86;2792
10.08.2020 09:00:00;10.08.2020 10:00:00;201;67;2401;;7;103;2779
10.08.2020 10:00:00;10.08.2020 11:00:00;201;67;2413;;8;115;2804
10.08.2020 11:00:00;10.08.2020 12:00:00;201;67;2421;;9;99;2797
10.08.2020 12:00:00;10.08.2020 13:00:00;200;66;2395;;6;100;2767
10.08.2020 13:00:00;10.08.2020 14:00:00;200;66;2426;;5;98;2795
10.08.2020 14:00:00;10.08.2020 15:00:00;199;66;2437;;5;83;2790
10.08.2020 15:00:00;10.08.2020 16:00:00;199;66;2438;;8;83;2794
10.08.2020 16:00:00;10.08.2020 17:00:00;197;66;2438;;8;87;2796
10.08.2020 17:00:00;10.08.2020 18:00:00;183;66;2430;;9;73;2761
10.08.2020 18:00:00;10.08.2020 19:00:00;183;66;2439;;10;61;2759
10.08.2020 19:00:00;10.08.2020 20:00:00;183;66;2424;;10;61;2744
10.08.2020 20:00:00;10.08.2020 21:00:00;183;66;2419;;14;61;2743
10.08.2020 21:00:00;10.08.2020 22:00:00;184;66;2408;;16;42;2716
10.08.2020 22:00:00;10.08.2020 23:00:00;184;63;2392;;17;44;2700
10.08.2020 23:00:00;11.08.2020 00:00:00;185;61;2377;;17;63;2703
11.08.2020 00:00:00;11.08.2020 01:00:00;184;62;2374;;19;53;2692
11.08.2020 01:00:00;11.08.2020 02:00:00;183;62;2347;;15;57;2664
11.08.2020 02:00:00;11.08.2020 03:00:00;180;62;2321;;16;68;2647
11.08.2020 03:00:00;11.08.2020 04:00:00;179;62;2293;;21;62;2617
11.08.2020 04:00:00;11.08.2020 05:00:00;179;62;2282;;20;73;2616
11.08.2020 05:00:00;11.08.2020 06:00:00;179;61;2306;;21;65;2632
11.08.2020 06:00:00;11.08.2020 07:00:00;179;60;2431;;21;65;2756
11.08.2020 07:00:00;11.08.2020 08:00:00;180;62;2598;;22;46;2908
11.08.2020 08:00:00;11.08.2020 09:00:00;179;62;2614;;21;48;2924
11.08.2020 09:00:00;11.08.2020 10:00:00;180;63;2571;;22;34;2870
11.08.2020 10:00:00;11.08.2020 11:00:00;181;66;2579;;21;33;2880
11.08.2020 11:00:00;11.08.2020 12:00:00;181;67;2586;;20;33;2887
11.08.2020 12:00:00;11.08.2020 13:00:00;181;67;2575;;22;36;2881
11.08.2020 13:00:00;11.08.2020 14:00:00;180;67;2569;;20;36;2872
11.08.2020 14:00:00;11.08.2020 15:00:00;179;67;2577;;21;35;2879
11.08.2020 15:00:00;11.08.2020 16:00:00;179;67;2581;;21;28;2876
11.08.2020 16:00:00;11.08.2020 17:00:00;179;63;2578;;22;22;2864
11.08.2020 17:00:00;11.08.2020 18:00:00;179;63;2539;;20;22;2823
11.08.2020 18:00:00;11.08.2020 19:00:00;179;64;2523;;21;33;2820
11.08.2020 19:00:00;11.08.2020 20:00:00;179;66;2518;;21;23;2807
11.08.2020 20:00:00;11.08.2020 21:00:00;180;64;2537;;21;17;2819
11.08.2020 21:00:00;11.08.2020 22:00:00;180;64;2585;;19;15;2863
11.08.2020 22:00:00;11.08.2020 23:00:00;181;64;2574;;22;20;2861
11.08.2020 23:00:00;12.08.2020 00:00:00;182;64;2548;;18;17;2829
12.08.2020 00:00:00;12.08.2020 01:00:00;182;63;2462;;21;9;2737
12.08.2020 01:00:00;12.08.2020 02:00:00;181;63;2392;;23;7;2666
12.08.2020 02:00:00;12.08.2020 03:00:00;180;62;2370;;23;5;2640
12.08.2020 03:00:00;12.08.2020 04:00:00;179;62;2350;;23;6;2620
12.08.2020 04:00:00;12.08.2020 05:00:00;179;62;2342;;22;7;2612
12.08.2020 05:00:00;12.08.2020 06:00:00;179;60;2363;;22;5;2629
12.08.2020 06:00:00;12.08.2020 07:00:00;179;59;2421;;23;6;2688
12.08.2020 07:00:00;12.08.2020 08:00:00;179;59;2558;;24;8;2828
12.08.2020 08:00:00;12.08.2020 09:00:00;180;61;2566;;22;6;2835
12.08.2020 09:00:00;12.08.2020 10:00:00;181;61;2604;;19;5;2870
12.08.2020 10:00:00;12.08.2020 11:00:00;180;59;2654;;22;6;2921
12.08.2020 11:00:00;12.08.2020 12:00:00;180;59;2629;;22;6;2896
12.08.2020 12:00:00;12.08.2020 13:00:00;181;59;2610;;21;7;2878
12.08.2020 13:00:00;12.08.2020 14:00:00;181;57;2568;;21;7;2834
12.08.2020 14:00:00;12.08.2020 15:00:00;182;56;2571;;21;8;2838
12.08.2020 15:00:00;12.08.2020 16:00:00;180;56;2598;;25;8;2867
12.08.2020 16:00:00;12.08.2020 17:00:00;179;58;2589;;17;11;2854
12.08.2020 17:00:00;12.08.2020 18:00:00;179;58;2551;;21;10;2819
12.08.2020 18:00:00;12.08.2020 19:00:00;179;58;2548;;23;11;2819
12.08.2020 19:00:00;12.08.2020 20:00:00;179;58;2613;;24;10;2884
12.08.2020 20:00:00;12.08.2020 21:00:00;179;58;2644;;23;10;2914
12.08.2020 21:00:00;12.08.2020 22:00:00;181;59;2709;;23;9;2981
12.08.2020 22:00:00;12.08.2020 23:00:00;180;58;2664;;24;9;2935
12.08.2020 23:00:00;13.08.2020 00:00:00;180;58;2617;;23;7;2885
13.08.2020 00:00:00;13.08.2020 01:00:00;180;55;2845;;23;9;3112
13.08.2020 01:00:00;13.08.2020 02:00:00;181;54;2832;;22;7;3096
13.08.2020 02:00:00;13.08.2020 03:00:00;181;54;2736;;25;7;3003
13.08.2020 03:00:00;13.08.2020 04:00:00;180;54;2745;;22;11;3012
13.08.2020 04:00:00;13.08.2020 05:00:00;180;54;2744;;23;10;3011
13.08.2020 05:00:00;13.08.2020 06:00:00;179;54;2764;;23;10;3030
13.08.2020 06:00:00;13.08.2020 07:00:00;179;54;2798;;23;11;3065
13.08.2020 07:00:00;13.08.2020 08:00:00;179;56;2806;;21;9;3071
13.08.2020 08:00:00;13.08.2020 09:00:00;179;56;2807;;18;16;3076
13.08.2020 09:00:00;13.08.2020 10:00:00;179;56;2788;;15;17;3055
13.08.2020 10:00:00;13.08.2020 11:00:00;179;56;2812;;16;17;3080
13.08.2020 11:00:00;13.08.2020 12:00:00;179;56;2813;;20;7;3075
13.08.2020 12:00:00;13.08.2020 13:00:00;179;55;2839;;18;5;3096
13.08.2020 13:00:00;13.08.2020 14:00:00;180;55;2861;;19;8;3123
13.08.2020 14:00:00;13.08.2020 15:00:00;180;56;2925;;16;12;3189
13.08.2020 15:00:00;13.08.2020 16:00:00;180;56;2978;;12;11;3237
13.08.2020 16:00:00;13.08.2020 17:00:00;179;58;2905;;16;9;3167
13.08.2020 17:00:00;13.08.2020 18:00:00;178;58;2870;;14;11;3131
13.08.2020 18:00:00;13.08.2020 19:00:00;179;58;2876;;17;22;3152
13.08.2020 19:00:00;13.08.2020 20:00:00;179;59;2873;;17;39;3167
13.08.2020 20:00:00;13.08.2020 21:00:00;179;59;2859;;11;54;3162
13.08.2020 21:00:00;13.08.2020 22:00:00;179;60;2855;;15;66;3175
13.08.2020 22:00:00;13.08.2020 23:00:00;179;60;2817;;18;59;3133
13.08.2020 23:00:00;14.08.2020 00:00:00;180;60;2588;;19;62;2909
14.08.2020 00:00:00;14.08.2020 01:00:00;179;63;2620;;20;58;2940
14.08.2020 01:00:00;14.08.2020 02:00:00;180;63;2668;;20;58;2989
14.08.2020 02:00:00;14.08.2020 03:00:00;181;63;2681;;20;49;2994
14.08.2020 03:00:00;14.08.2020 04:00:00;180;63;2716;;17;51;3027
14.08.2020 04:00:00;14.08.2020 05:00:00;179;63;2710;;15;51;3018
14.08.2020 05:00:00;14.08.2020 06:00:00;179;63;2682;;18;31;2973
14.08.2020 06:00:00;14.08.2020 07:00:00;153;63;2713;;17;31;2977
14.08.2020 07:00:00;14.08.2020 08:00:00;107;63;2806;;19;33;3028
14.08.2020 08:00:00;14.08.2020 09:00:00;105;59;2863;;21;79;3127
14.08.2020 09:00:00;14.08.2020 10:00:00;108;61;2869;;20;78;3136
14.08.2020 10:00:00;14.08.2020 11:00:00;115;63;2886;;19;84;3167
14.08.2020 11:00:00;14.08.2020 12:00:00;156;60;2871;;20;75;3182
14.08.2020 12:00:00;14.08.2020 13:00:00;164;64;2855;;21;150;3254
14.08.2020 13:00:00;14.08.2020 14:00:00;157;65;2795;;20;163;3200
14.08.2020 14:00:00;14.08.2020 15:00:00;160;64;2821;;22;182;3249
14.08.2020 15:00:00;14.08.2020 16:00:00;159;64;2841;;24;194;3282
14.08.2020 16:00:00;14.08.2020 17:00:00;168;60;2788;;20;189;3225
14.08.2020 17:00:00;14.08.2020 18:00:00;168;60;2777;;21;193;3219
14.08.2020 18:00:00;14.08.2020 19:00:00;167;60;2566;;20;200;3013
14.08.2020 19:00:00;14.08.2020 20:00:00;169;60;2496;;23;192;2940
14.08.2020 20:00:00;14.08.2020 21:00:00;170;60;2553;;22;196;3001
14.08.2020 21:00:00;14.08.2020 22:00:00;171;60;2575;;21;206;3033
14.08.2020 22:00:00;14.08.2020 23:00:00;172;60;2539;;23;205;2999
14.08.2020 23:00:00;15.08.2020 00:00:00;173;60;2374;;22;202;2831
15.08.2020 00:00:00;15.08.2020 01:00:00;172;59;2376;;22;223;2852
15.08.2020 01:00:00;15.08.2020 02:00:00;172;58;2358;;19;221;2828
15.08.2020 02:00:00;15.08.2020 03:00:00;172;58;2315;;22;194;2761
15.08.2020 03:00:00;15.08.2020 04:00:00;169;56;2260;;21;123;2629
15.08.2020 04:00:00;15.08.2020 05:00:00;170;56;2244;;20;82;2572
15.08.2020 05:00:00;15.08.2020 06:00:00;171;56;2297;;22;70;2616
15.08.2020 06:00:00;15.08.2020 07:00:00;171;57;2309;;23;85;2645
15.08.2020 07:00:00;15.08.2020 08:00:00;171;57;2429;;21;92;2770
15.08.2020 08:00:00;15.08.2020 09:00:00;171;57;2513;;20;93;2854
15.08.2020 09:00:00;15.08.2020 10:00:00;170;56;2553;;22;137;2938
15.08.2020 10:00:00;15.08.2020 11:00:00;169;56;2538;;17;148;2928
15.08.2020 11:00:00;15.08.2020 12:00:00;167;57;2557;;21;146;2948
15.08.2020 12:00:00;15.08.2020 13:00:00;168;57;2493;;20;114;2852
15.08.2020 13:00:00;15.08.2020 14:00:00;170;57;2491;;23;106;2847
15.08.2020 14:00:00;15.08.2020 15:00:00;170;58;2484;;25;131;2868
15.08.2020 15:00:00;15.08.2020 16:00:00;172;57;2459;;21;158;2867
15.08.2020 16:00:00;15.08.2020 17:00:00;171;56;2430;;19;227;2903
15.08.2020 17:00:00;15.08.2020 18:00:00;170;60;2400;;19;232;2881
15.08.2020 18:00:00;15.08.2020 19:00:00;170;62;2450;;13;238;2933
15.08.2020 19:00:00;15.08.2020 20:00:00;172;62;2441;;11;247;2933
15.08.2020 20:00:00;15.08.2020 21:00:00;172;62;2464;;8;255;2961
15.08.2020 21:00:00;15.08.2020 22:00:00;174;62;2508;;5;279;3028
15.08.2020 22:00:00;15.08.2020 23:00:00;176;61;2514;;7;251;3009
15.08.2020 23:00:00;16.08.2020 00:00:00;176;61;2501;;6;255;2999
16.08.2020 00:00:00;16.08.2020 01:00:00;177;61;2445;;5;256;2944
16.08.2020 01:00:00;16.08.2020 02:00:00;178;62;2306;;7;270;2823
16.08.2020 02:00:00;16.08.2020 03:00:00;179;62;2224;;7;264;2736
16.08.2020 03:00:00;16.08.2020 04:00:00;178;62;2313;;8;285;2846
16.08.2020 04:00:00;16.08.2020 05:00:00;176;62;2325;;8;289;2860
16.08.2020 05:00:00;16.08.2020 06:00:00;174;62;2314;;15;300;2865
16.08.2020 06:00:00;16.08.2020 07:00:00;174;62;2308;;15;289;2848
16.08.2020 07:00:00;16.08.2020 08:00:00;173;62;2381;;17;258;2891
16.08.2020 08:00:00;16.08.2020 09:00:00;173;61;2509;;16;274;3033
16.08.2020 09:00:00;16.08.2020 10:00:00;174;61;2527;;18;295;3075
16.08.2020 10:00:00;16.08.2020 11:00:00;175;61;2535;;18;298;3087
16.08.2020 11:00:00;16.08.2020 12:00:00;175;62;2470;;22;291;3020
16.08.2020 12:00:00;16.08.2020 13:00:00;175;61;2481;;19;300;3036
16.08.2020 13:00:00;16.08.2020 14:00:00;177;61;2487;;17;288;3030
16.08.2020 14:00:00;16.08.2020 15:00:00;176;61;2523;;11;302;3073
16.08.2020 15:00:00;16.08.2020 16:00:00;176;61;2644;;4;304;3189
16.08.2020 16:00:00;16.08.2020 17:00:00;176;61;2670;;3;301;3211
16.08.2020 17:00:00;16.08.2020 18:00:00;176;61;2687;;11;310;3245
16.08.2020 18:00:00;16.08.2020 19:00:00;176;61;2676;;16;296;3225
16.08.2020 19:00:00;16.08.2020 20:00:00;176;60;2645;;15;295;3191
16.08.2020 20:00:00;16.08.2020 21:00:00;176;61;2642;;16;304;3199
16.08.2020 21:00:00;16.08.2020 22:00:00;177;61;2649;;17;304;3208
16.08.2020 22:00:00;16.08.2020 23:00:00;177;60;2616;;18;314;3185
16.08.2020 23:00:00;17.08.2020 00:00:00;177;60;2583;;16;315;3151
17.08.2020 00:00:00;17.08.2020 01:00:00;178;62;2507;;16;314;3077
17.08.2020 01:00:00;17.08.2020 02:00:00;178;62;2366;;17;316;2939
17.08.2020 02:00:00;17.08.2020 03:00:00;178;61;2335;;13;307;2894
17.08.2020 03:00:00;17.08.2020 04:00:00;178;61;2314;;13;315;2881
17.08.2020 04:00:00;17.08.2020 05:00:00;177;61;2332;;14;316;2900
17.08.2020 05:00:00;17.08.2020 06:00:00;177;61;2366;;18;318;2940
17.08.2020 06:00:00;17.08.2020 07:00:00;177;61;2163;;19;314;2734
17.08.2020 07:00:00;17.08.2020 08:00:00;177;60;2271;;18;309;2835
17.08.2020 08:00:00;17.08.2020 09:00:00;177;60;2327;;17;301;2882
17.08.2020 09:00:00;17.08.2020 10:00:00;176;60;2425;;12;291;2964
17.08.2020 10:00:00;17.08.2020 11:00:00;176;59;2481;;10;291;3017
17.08.2020 11:00:00;17.08.2020 12:00:00;176;59;2475;;9;282;3001
17.08.2020 12:00:00;17.08.2020 13:00:00;175;59;2478;;6;280;2998
17.08.2020 13:00:00;17.08.2020 14:00:00;188;59;2489;;8;269;3013
17.08.2020 14:00:00;17.08.2020 15:00:00;198;59;2538;;8;266;3069
17.08.2020 15:00:00;17.08.2020 16:00:00;200;59;2447;;8;279;2993
17.08.2020 16:00:00;17.08.2020 17:00:00;182;57;2393;;9;278;2919
17.08.2020 17:00:00;17.08.2020 18:00:00;177;59;2304;;8;276;2824
17.08.2020 18:00:00;17.08.2020 19:00:00;177;61;2310;;15;267;2830
17.08.2020 19:00:00;17.08.2020 20:00:00;177;60;2302;;15;252;2806
17.08.2020 20:00:00;17.08.2020 21:00:00;178;63;2305;;15;248;2809
17.08.2020 21:00:00;17.08.2020 22:00:00;179;63;2316;;13;235;2806
17.08.2020 22:00:00;17.08.2020 23:00:00;178;63;2282;;16;218;2757
17.08.2020 23:00:00;18.08.2020 00:00:00;178;64;2205;;15;232;2694
18.08.2020 00:00:00;18.08.2020 01:00:00;179;60;2118;;15;242;2614
18.08.2020 01:00:00;18.08.2020 02:00:00;179;60;2072;;16;231;2558
18.08.2020 02:00:00;18.08.2020 03:00:00;179;60;2051;;13;217;2520
18.08.2020 03:00:00;18.08.2020 04:00:00;178;60;2070;;13;137;2458
18.08.2020 04:00:00;18.08.2020 05:00:00;179;60;2077;;13;105;2434
18.08.2020 05:00:00;18.08.2020 06:00:00;179;60;2086;;13;91;2429
18.08.2020 06:00:00;18.08.2020 07:00:00;178;58;2247;;14;93;2590
18.08.2020 07:00:00;18.08.2020 08:00:00;178;56;2344;;14;100;2692
18.08.2020 08:00:00;18.08.2020 09:00:00;179;59;2406;;15;89;2748
18.08.2020 09:00:00;18.08.2020 10:00:00;178;62;2472;;14;84;2810
18.08.2020 10:00:00;18.08.2020 11:00:00;178;62;2528;;15;85;2868
18.08.2020 11:00:00;18.08.2020 12:00:00;178;62;2425;;16;80;2761
18.08.2020 12:00:00;18.08.2020 13:00:00;178;62;2416;;16;73;2745
18.08.2020 13:00:00;18.08.2020 14:00:00;177;62;2415;;16;82;2752
18.08.2020 14:00:00;18.08.2020 15:00:00;177;62;2405;;15;95;2754
18.08.2020 15:00:00;18.08.2020 16:00:00;177;63;2409;;16;112;2777
18.08.2020 16:00:00;18.08.2020 17:00:00;176;63;2467;;16;99;2821
18.08.2020 17:00:00;18.08.2020 18:00:00;177;63;2388;;17;91;2736
18.08.2020 18:00:00;18.08.2020 19:00:00;176;63;2509;;17;97;2862
18.08.2020 19:00:00;18.08.2020 20:00:00;177;63;2437;;15;79;2771
18.08.2020 20:00:00;18.08.2020 21:00:00;177;63;2457;;15;77;2789
18.08.2020 21:00:00;18.08.2020 22:00:00;177;63;2503;;14;71;2828
18.08.2020 22:00:00;18.08.2020 23:00:00;177;63;2464;;16;77;2797
18.08.2020 23:00:00;19.08.2020 00:00:00;177;63;2389;;15;56;2700
19.08.2020 00:00:00;19.08.2020 01:00:00;177;63;2415;;15;41;2711
19.08.2020 01:00:00;19.08.2020 02:00:00;178;63;2262;;17;28;2548
19.08.2020 02:00:00;19.08.2020 03:00:00;177;63;2254;;16;21;2531
19.08.2020 03:00:00;19.08.2020 04:00:00;177;63;2250;;15;15;2520
19.08.2020 04:00:00;19.08.2020 05:00:00;177;63;2292;;16;14;2562
19.08.2020 05:00:00;19.08.2020 06:00:00;177;63;2333;;16;15;2604
19.08.2020 06:00:00;19.08.2020 07:00:00;177;63;2481;;16;19;2756
19.08.2020 07:00:00;19.08.2020 08:00:00;176;62;2565;;16;18;2837
19.08.2020 08:00:00;19.08.2020 09:00:00;175;62;2582;;17;17;2853
19.08.2020 09:00:00;19.08.2020 10:00:00;174;61;2609;;16;16;2876
19.08.2020 10:00:00;19.08.2020 11:00:00;174;62;2616;;19;26;2897
19.08.2020 11:00:00;19.08.2020 12:00:00;172;61;2610;;18;39;2900
19.08.2020 12:00:00;19.08.2020 13:00:00;168;61;2606;;17;63;2915
19.08.2020 13:00:00;19.08.2020 14:00:00;167;62;2595;;18;64;2906
19.08.2020 14:00:00;19.08.2020 15:00:00;165;62;2583;;18;74;2902
19.08.2020 15:00:00;19.08.2020 16:00:00;168;62;2559;;20;72;2881
19.08.2020 16:00:00;19.08.2020 17:00:00;168;63;2545;;18;63;2857
19.08.2020 17:00:00;19.08.2020 18:00:00;169;59;2521;;19;90;2858
19.08.2020 18:00:00;19.08.2020 19:00:00;169;60;2522;;16;59;2826
19.08.2020 19:00:00;19.08.2020 20:00:00;170;59;2485;;16;80;2810
19.08.2020 20:00:00;19.08.2020 21:00:00;171;59;2551;;21;90;2892
19.08.2020 21:00:00;19.08.2020 22:00:00;171;60;2538;;19;51;2839
19.08.2020 22:00:00;19.08.2020 23:00:00;172;60;2593;;22;28;2875
19.08.2020 23:00:00;20.08.2020 00:00:00;173;59;2593;;23;13;2861
20.08.2020 00:00:00;20.08.2020 01:00:00;173;59;2482;;21;50;2785
20.08.2020 01:00:00;20.08.2020 02:00:00;175;59;2245;;22;40;2541
20.08.2020 02:00:00;20.08.2020 03:00:00;175;58;2205;;22;27;2487
20.08.2020 03:00:00;20.08.2020 04:00:00;175;57;2196;;21;35;2484
20.08.2020 04:00:00;20.08.2020 05:00:00;176;59;2205;;20;36;2496
20.08.2020 05:00:00;20.08.2020 06:00:00;176;59;2251;;20;23;2529
20.08.2020 06:00:00;20.08.2020 07:00:00;176;58;2445;;22;22;2723
20.08.2020 07:00:00;20.08.2020 08:00:00;176;58;2651;;21;38;2944
20.08.2020 08:00:00;20.08.2020 09:00:00;176;57;2758;;19;28;3038
20.08.2020 09:00:00;20.08.2020 10:00:00;176;55;2777;;20;20;3048
20.08.2020 10:00:00;20.08.2020 11:00:00;176;57;2752;;18;18;3021
20.08.2020 11:00:00;20.08.2020 12:00:00;176;58;2769;;20;10;3033
20.08.2020 12:00:00;20.08.2020 13:00:00;176;59;2792;;18;8;3053
20.08.2020 13:00:00;20.08.2020 14:00:00;175;59;2802;;17;5;3058
20.08.2020 14:00:00;20.08.2020 15:00:00;175;59;2817;;20;3;3074
20.08.2020 15:00:00;20.08.2020 16:00:00;175;59;2813;;21;3;3071
20.08.2020 16:00:00;20.08.2020 17:00:00;174;57;2811;;19;3;3064
20.08.2020 17:00:00;20.08.2020 18:00:00;172;57;2805;;21;3;3058
20.08.2020 18:00:00;20.08.2020 19:00:00;172;58;2776;;20;4;3030
20.08.2020 19:00:00;20.08.2020 20:00:00;173;57;2748;;22;4;3004
20.08.2020 20:00:00;20.08.2020 21:00:00;174;59;2735;;23;2;2993
20.08.2020 21:00:00;20.08.2020 22:00:00;174;59;2779;;18;3;3033
20.08.2020 22:00:00;20.08.2020 23:00:00;176;57;2759;;21;4;3017
20.08.2020 23:00:00;21.08.2020 00:00:00;176;58;2647;;20;3;2904
21.08.2020 00:00:00;21.08.2020 01:00:00;176;55;2407;;20;4;2662
21.08.2020 01:00:00;21.08.2020 02:00:00;177;55;2364;;20;8;2624
21.08.2020 02:00:00;21.08.2020 03:00:00;177;55;2347;;22;8;2609
21.08.2020 03:00:00;21.08.2020 04:00:00;177;55;2339;;21;20;2612
21.08.2020 04:00:00;21.08.2020 05:00:00;178;55;2329;;20;28;2610
21.08.2020 05:00:00;21.08.2020 06:00:00;177;55;2354;;18;28;2632
21.08.2020 06:00:00;21.08.2020 07:00:00;177;55;2322;;18;32;2604
21.08.2020 07:00:00;21.08.2020 08:00:00;177;54;2423;;23;32;2709
21.08.2020 08:00:00;21.08.2020 09:00:00;175;55;2493;;23;39;2785
21.08.2020 09:00:00;21.08.2020 10:00:00;176;56;2477;;22;43;2774
21.08.2020 10:00:00;21.08.2020 11:00:00;175;56;2466;;22;48;2767
21.08.2020 11:00:00;21.08.2020 12:00:00;199;57;2449;;19;57;2781
21.08.2020 12:00:00;21.08.2020 13:00:00;199;57;2389;;18;63;2726
21.08.2020 13:00:00;21.08.2020 14:00:00;197;57;2215;;17;68;2554
21.08.2020 14:00:00;21.08.2020 15:00:00;198;57;2237;;16;81;2589
21.08.2020 15:00:00;21.08.2020 16:00:00;198;52;2193;;17;79;2539
21.08.2020 16:00:00;21.08.2020 17:00:00;198;55;2208;;17;87;2565
21.08.2020 17:00:00;21.08.2020 18:00:00;199;55;2119;;18;112;2503
21.08.2020 18:00:00;21.08.2020 19:00:00;201;55;2089;;16;122;2483
21.08.2020 19:00:00;21.08.2020 20:00:00;201;55;2059;;17;143;2475
21.08.2020 20:00:00;21.08.2020 21:00:00;202;55;1999;;17;160;2433
21.08.2020 21:00:00;21.08.2020 22:00:00;201;56;2015;;17;207;2496
21.08.2020 22:00:00;21.08.2020 23:00:00;202;56;2002;;18;200;2478
21.08.2020 23:00:00;22.08.2020 00:00:00;200;56;1948;;19;223;2446
22.08.2020 00:00:00;22.08.2020 01:00:00;196;55;2136;;18;235;2640
22.08.2020 01:00:00;22.08.2020 02:00:00;198;54;2129;;19;240;2640
22.08.2020 02:00:00;22.08.2020 03:00:00;199;55;2114;;21;255;2644
22.08.2020 03:00:00;22.08.2020 04:00:00;200;55;2034;;18;260;2567
22.08.2020 04:00:00;22.08.2020 05:00:00;199;55;1960;;18;291;2523
22.08.2020 05:00:00;22.08.2020 06:00:00;199;55;1931;;18;299;2502
22.08.2020 06:00:00;22.08.2020 07:00:00;199;55;1938;;19;288;2499
22.08.2020 07:00:00;22.08.2020 08:00:00;197;55;2083;;19;306;2660
22.08.2020 08:00:00;22.08.2020 09:00:00;196;56;2149;;18;317;2736
22.08.2020 09:00:00;22.08.2020 10:00:00;195;54;2241;;21;325;2836
22.08.2020 10:00:00;22.08.2020 11:00:00;197;54;2288;;19;308;2866
22.08.2020 11:00:00;22.08.2020 12:00:00;196;54;2262;;16;305;2833
22.08.2020 12:00:00;22.08.2020 13:00:00;196;54;2263;;16;313;2842
22.08.2020 13:00:00;22.08.2020 14:00:00;197;54;2246;;17;311;2825
22.08.2020 14:00:00;22.08.2020 15:00:00;197;54;2227;;17;222;2717
22.08.2020 15:00:00;22.08.2020 16:00:00;196;55;2235;;18;146;2650
22.08.2020 16:00:00;22.08.2020 17:00:00;195;55;2228;;18;164;2660
22.08.2020 17:00:00;22.08.2020 18:00:00;198;55;2297;;19;175;2744
22.08.2020 18:00:00;22.08.2020 19:00:00;194;55;2306;;20;168;2743
22.08.2020 19:00:00;22.08.2020 20:00:00;193;56;2370;;19;152;2790
22.08.2020 20:00:00;22.08.2020 21:00:00;196;56;2369;;21;147;2789
22.08.2020 21:00:00;22.08.2020 22:00:00;196;57;2362;;21;141;2777
22.08.2020 22:00:00;22.08.2020 23:00:00;197;57;2317;;21;129;2721
22.08.2020 23:00:00;23.08.2020 00:00:00;197;57;2284;;20;138;2696
23.08.2020 00:00:00;23.08.2020 01:00:00;196;59;2107;;20;142;2524
23.08.2020 01:00:00;23.08.2020 02:00:00;197;59;2009;;22;138;2425
23.08.2020 02:00:00;23.08.2020 03:00:00;199;60;1949;;23;152;2383
23.08.2020 03:00:00;23.08.2020 04:00:00;198;60;1867;;25;149;2299
23.08.2020 04:00:00;23.08.2020 05:00:00;198;59;1783;;23;157;2220
23.08.2020 05:00:00;23.08.2020 06:00:00;197;59;1711;;26;159;2152
23.08.2020 06:00:00;23.08.2020 07:00:00;198;60;1788;;26;143;2215
23.08.2020 07:00:00;23.08.2020 08:00:00;200;60;1867;;26;144;2297
23.08.2020 08:00:00;23.08.2020 09:00:00;199;60;1972;;23;129;2383
23.08.2020 09:00:00;23.08.2020 10:00:00;198;60;2076;;25;117;2476
23.08.2020 10:00:00;23.08.2020 11:00:00;199;60;2076;;23;100;2458
23.08.2020 11:00:00;23.08.2020 12:00:00;199;64;2125;;23;97;2508
23.08.2020 12:00:00;23.08.2020 13:00:00;201;64;2157;;19;84;2525
23.08.2020 13:00:00;23.08.2020 14:00:00;203;63;2201;;19;73;2559
23.08.2020 14:00:00;23.08.2020 15:00:00;197;63;2207;;21;69;2557
23.08.2020 15:00:00;23.08.2020 16:00:00;197;63;2238;;22;71;2591
23.08.2020 16:00:00;23.08.2020 17:00:00;196;64;2244;;21;86;2611
23.08.2020 17:00:00;23.08.2020 18:00:00;197;64;2302;;19;106;2688
23.08.2020 18:00:00;23.08.2020 19:00:00;198;64;2323;;20;99;2704
23.08.2020 19:00:00;23.08.2020 20:00:00;203;63;2327;;15;75;2683
23.08.2020 20:00:00;23.08.2020 21:00:00;205;62;2284;;19;172;2742
23.08.2020 21:00:00;23.08.2020 22:00:00;205;62;2304;;22;201;2794
23.08.2020 22:00:00;23.08.2020 23:00:00;205;62;2305;;21;164;2757
23.08.2020 23:00:00;24.08.2020 00:00:00;204;62;2264;;23;103;2656
24.08.2020 00:00:00;24.08.2020 01:00:00;203;69;1959;;24;99;2354
24.08.2020 01:00:00;24.08.2020 02:00:00;202;69;1886;;25;69;2251
24.08.2020 02:00:00;24.08.2020 03:00:00;202;69;1857;;24;48;2200
24.08.2020 03:00:00;24.08.2020 04:00:00;201;69;2061;;24;44;2399
24.08.2020 04:00:00;24.08.2020 05:00:00;201;69;1914;;24;44;2252
24.08.2020 05:00:00;24.08.2020 06:00:00;201;69;1924;;24;58;2276
24.08.2020 06:00:00;24.08.2020 07:00:00;201;71;2096;;24;66;2458
24.08.2020 07:00:00;24.08.2020 08:00:00;187;71;2179;;24;65;2526
24.08.2020 08:00:00;24.08.2020 09:00:00;169;66;2301;;24;92;2652
24.08.2020 09:00:00;24.08.2020 10:00:00;168;64;2261;;23;113;2629
24.08.2020 10:00:00;24.08.2020 11:00:00;169;65;2236;;24;127;2621
24.08.2020 11:00:00;24.08.2020 12:00:00;170;65;2255;;24;123;2637
24.08.2020 12:00:00;24.08.2020 13:00:00;170;65;2163;;23;125;2546
24.08.2020 13:00:00;24.08.2020 14:00:00;169;64;2153;;24;152;2562
24.08.2020 14:00:00;24.08.2020 15:00:00;170;64;2146;;24;147;2551
24.08.2020 15:00:00;24.08.2020 16:00:00;170;64;2155;;21;157;2567
24.08.2020 16:00:00;24.08.2020 17:00:00;169;64;2155;;25;170;2583
24.08.2020 17:00:00;24.08.2020 18:00:00;170;64;2114;;26;182;2556
24.08.2020 18:00:00;24.08.2020 19:00:00;170;67;2073;;25;188;2523
24.08.2020 19:00:00;24.08.2020 20:00:00;171;69;2056;;26;174;2496
24.08.2020 20:00:00;24.08.2020 21:00:00;171;65;2078;;26;141;2481
24.08.2020 21:00:00;24.08.2020 22:00:00;170;64;2061;;27;137;2459
24.08.2020 22:00:00;24.08.2020 23:00:00;170;64;2033;;25;114;2406
24.08.2020 23:00:00;25.08.2020 00:00:00;171;63;1999;;24;99;2356
25.08.2020 00:00:00;25.08.2020 01:00:00;171;61;1801;;23;100;2156
25.08.2020 01:00:00;25.08.2020 02:00:00;171;60;1788;;25;101;2145
25.08.2020 02:00:00;25.08.2020 03:00:00;172;59;1754;;24;120;2129
25.08.2020 03:00:00;25.08.2020 04:00:00;172;59;1750;;24;98;2103
25.08.2020 04:00:00;25.08.2020 05:00:00;172;59;1728;;24;78;2061
25.08.2020 05:00:00;25.08.2020 06:00:00;173;59;1760;;24;42;2058
25.08.2020 06:00:00;25.08.2020 07:00:00;172;59;1885;;24;44;2184
25.08.2020 07:00:00;25.08.2020 08:00:00;172;60;2052;;24;44;2352
25.08.2020 08:00:00;25.08.2020 09:00:00;172;60;2105;;25;43;2405
25.08.2020 09:00:00;25.08.2020 10:00:00;172;61;2091;;25;46;2395
25.08.2020 10:00:00;25.08.2020 11:00:00;172;61;2180;;23;54;2490
25.08.2020 11:00:00;25.08.2020 12:00:00;172;61;2212;;19;55;2519
25.08.2020 12:00:00;25.08.2020 13:00:00;172;61;2214;;20;41;2508
25.08.2020 13:00:00;25.08.2020 14:00:00;172;60;2252;;23;32;2539
25.08.2020 14:00:00;25.08.2020 15:00:00;171;61;2255;;22;26;2535
25.08.2020 15:00:00;25.08.2020 16:00:00;172;61;2288;;23;25;2569
25.08.2020 16:00:00;25.08.2020 17:00:00;172;62;2286;;25;25;2570
25.08.2020 17:00:00;25.08.2020 18:00:00;172;63;2238;;24;28;2525
25.08.2020 18:00:00;25.08.2020 19:00:00;172;63;2350;;24;23;2632
25.08.2020 19:00:00;25.08.2020 20:00:00;172;60;2395;;21;23;2671
25.08.2020 20:00:00;25.08.2020 21:00:00;173;59;2488;;24;19;2763
25.08.2020 21:00:00;25.08.2020 22:00:00;173;59;2546;;26;12;2816
25.08.2020 22:00:00;25.08.2020 23:00:00;173;59;2498;;22;9;2761
25.08.2020 23:00:00;26.08.2020 00:00:00;173;59;2397;;23;5;2657
26.08.2020 00:00:00;26.08.2020 01:00:00;173;56;2274;;23;4;2530
26.08.2020 01:00:00;26.08.2020 02:00:00;173;56;2247;;23;2;2501
26.08.2020 02:00:00;26.08.2020 03:00:00;173;56;2232;;21;2;2484
26.08.2020 03:00:00;26.08.2020 04:00:00;173;55;2207;;17;5;2457
26.08.2020 04:00:00;26.08.2020 05:00:00;172;55;2214;;20;22;2483
26.08.2020 05:00:00;26.08.2020 06:00:00;173;55;2275;;21;37;2561
26.08.2020 06:00:00;26.08.2020 07:00:00;174;55;2426;;23;31;2709
26.08.2020 07:00:00;26.08.2020 08:00:00;174;56;2604;;21;29;2884
26.08.2020 08:00:00;26.08.2020 09:00:00;175;57;2591;;21;20;2864
26.08.2020 09:00:00;26.08.2020 10:00:00;175;58;2570;;24;17;2844
26.08.2020 10:00:00;26.08.2020 11:00:00;174;61;2587;;22;17;2861
26.08.2020 11:00:00;26.08.2020 12:00:00;173;60;2562;;22;25;2842
26.08.2020 12:00:00;26.08.2020 13:00:00;173;59;2581;;22;31;2866
26.08.2020 13:00:00;26.08.2020 14:00:00;173;56;2588;;11;44;2872
26.08.2020 14:00:00;26.08.2020 15:00:00;174;56;2579;;25;46;2880
26.08.2020 15:00:00;26.08.2020 16:00:00;174;57;2607;;21;48;2907
26.08.2020 16:00:00;26.08.2020 17:00:00;175;57;2591;;18;54;2895
26.08.2020 17:00:00;26.08.2020 18:00:00;175;57;2592;;20;70;2914
26.08.2020 18:00:00;26.08.2020 19:00:00;176;55;2566;;21;62;2880
26.08.2020 19:00:00;26.08.2020 20:00:00;177;56;2542;;20;51;2846
26.08.2020 20:00:00;26.08.2020 21:00:00;177;55;2550;;24;45;2851
26.08.2020 21:00:00;26.08.2020 22:00:00;176;55;2524;;21;36;2812
26.08.2020 22:00:00;26.08.2020 23:00:00;174;55;2503;;20;29;2781
26.08.2020 23:00:00;27.08.2020 00:00:00;177;55;2426;;21;24;2703
27.08.2020 00:00:00;27.08.2020 01:00:00;177;51;2444;;17;25;2714
27.08.2020 01:00:00;27.08.2020 02:00:00;177;51;2375;;23;29;2655
27.08.2020 02:00:00;27.08.2020 03:00:00;177;51;2362;;22;48;2660
27.08.2020 03:00:00;27.08.2020 04:00:00;177;51;2393;;21;63;2705
27.08.2020 04:00:00;27.08.2020 05:00:00;177;51;2351;;21;41;2641
27.08.2020 05:00:00;27.08.2020 06:00:00;177;51;2406;;24;61;2719
27.08.2020 06:00:00;27.08.2020 07:00:00;177;51;2376;;20;80;2704
27.08.2020 07:00:00;27.08.2020 08:00:00;177;51;2502;;24;74;2828
27.08.2020 08:00:00;27.08.2020 09:00:00;176;49;2546;;21;94;2886
27.08.2020 09:00:00;27.08.2020 10:00:00;176;49;2519;;22;116;2882
27.08.2020 10:00:00;27.08.2020 11:00:00;176;48;2559;;23;123;2929
27.08.2020 11:00:00;27.08.2020 12:00:00;175;48;2517;;22;125;2887
27.08.2020 12:00:00;27.08.2020 13:00:00;175;48;2492;;24;149;2888
27.08.2020 13:00:00;27.08.2020 14:00:00;174;48;2511;;24;145;2902
27.08.2020 14:00:00;27.08.2020 15:00:00;173;48;2544;;19;143;2927
27.08.2020 15:00:00;27.08.2020 16:00:00;173;49;2502;;11;141;2876
27.08.2020 16:00:00;27.08.2020 17:00:00;174;50;2530;;9;169;2932
27.08.2020 17:00:00;27.08.2020 18:00:00;176;51;2478;;20;225;2950
27.08.2020 18:00:00;27.08.2020 19:00:00;176;51;2304;;17;249;2797
27.08.2020 19:00:00;27.08.2020 20:00:00;176;50;2325;;22;251;2824
27.08.2020 20:00:00;27.08.2020 21:00:00;176;50;2326;;22;211;2785
27.08.2020 21:00:00;27.08.2020 22:00:00;175;51;2330;;23;202;2781
27.08.2020 22:00:00;27.08.2020 23:00:00;185;51;2331;;20;208;2795
27.08.2020 23:00:00;28.08.2020 00:00:00;200;50;2311;;21;173;2755
28.08.2020 00:00:00;28.08.2020 01:00:00;201;50;2301;;20;172;2744
28.08.2020 01:00:00;28.08.2020 02:00:00;200;50;2232;;21;165;2668
28.08.2020 02:00:00;28.08.2020 03:00:00;200;52;2208;;21;167;2648
28.08.2020 03:00:00;28.08.2020 04:00:00;184;51;2212;;23;165;2635
28.08.2020 04:00:00;28.08.2020 05:00:00;176;51;2240;;22;161;2650
28.08.2020 05:00:00;28.08.2020 06:00:00;176;52;2249;;22;160;2659
28.08.2020 06:00:00;28.08.2020 07:00:00;176;52;2271;;16;155;2670
28.08.2020 07:00:00;28.08.2020 08:00:00;176;51;2368;;20;153;2768
28.08.2020 08:00:00;28.08.2020 09:00:00;174;51;2449;;22;148;2844
28.08.2020 09:00:00;28.08.2020 10:00:00;174;54;2528;;21;131;2908
28.08.2020 10:00:00;28.08.2020 11:00:00;174;54;2520;;18;123;2889
28.08.2020 11:00:00;28.08.2020 12:00:00;174;53;2511;;22;135;2895
28.08.2020 12:00:00;28.08.2020 13:00:00;175;53;2518;;22;120;2888
28.08.2020 13:00:00;28.08.2020 14:00:00;175;53;2498;;23;111;2860
28.08.2020 14:00:00;28.08.2020 15:00:00;174;56;2492;;17;111;2850
28.08.2020 15:00:00;28.08.2020 16:00:00;174;55;2418;;19;118;2784
28.08.2020 16:00:00;28.08.2020 17:00:00;174;54;2407;;22;104;2761
28.08.2020 17:00:00;28.08.2020 18:00:00;174;55;2532;;23;85;2869
28.08.2020 18:00:00;28.08.2020 19:00:00;173;54;2452;;22;78;2779
28.08.2020 19:00:00;28.08.2020 20:00:00;173;55;2710;;22;77;3037
28.08.2020 20:00:00;28.08.2020 21:00:00;173;54;2727;;23;50;3027
28.08.2020 21:00:00;28.08.2020 22:00:00;173;54;2714;;23;30;2994
28.08.2020 22:00:00;28.08.2020 23:00:00;174;54;2656;;21;33;2938
28.08.2020 23:00:00;29.08.2020 00:00:00;173;54;2630;;22;49;2928
29.08.2020 00:00:00;29.08.2020 01:00:00;172;51;2257;;21;43;2544
29.08.2020 01:00:00;29.08.2020 02:00:00;172;49;2221;;21;62;2525
29.08.2020 02:00:00;29.08.2020 03:00:00;173;47;2342;;23;92;2677
29.08.2020 03:00:00;29.08.2020 04:00:00;173;47;2436;;12;122;2790
29.08.2020 04:00:00;29.08.2020 05:00:00;173;49;2585;;12;122;2941
29.08.2020 05:00:00;29.08.2020 06:00:00;173;45;2638;;23;96;2975
29.08.2020 06:00:00;29.08.2020 07:00:00;173;45;2651;;22;98;2989
29.08.2020 07:00:00;29.08.2020 08:00:00;173;45;2756;;21;95;3090
29.08.2020 08:00:00;29.08.2020 09:00:00;173;46;2812;;23;86;3140
29.08.2020 09:00:00;29.08.2020 10:00:00;173;45;2702;;22;76;3018
29.08.2020 10:00:00;29.08.2020 11:00:00;172;46;2908;;23;61;3210
29.08.2020 11:00:00;29.08.2020 12:00:00;177;44;2893;;21;54;3189
29.08.2020 12:00:00;29.08.2020 13:00:00;199;43;2920;;20;41;3223
29.08.2020 13:00:00;29.08.2020 14:00:00;200;43;2923;;22;20;3208
29.08.2020 14:00:00;29.08.2020 15:00:00;201;43;2883;;22;14;3163
29.08.2020 15:00:00;29.08.2020 16:00:00;200;45;2904;;24;14;3187
29.08.2020 16:00:00;29.08.2020 17:00:00;187;47;2889;;23;22;3168
29.08.2020 17:00:00;29.08.2020 18:00:00;170;46;2879;;21;27;3143
29.08.2020 18:00:00;29.08.2020 19:00:00;172;49;2837;;22;34;3114
29.08.2020 19:00:00;29.08.2020 20:00:00;173;48;2841;;23;24;3109
29.08.2020 20:00:00;29.08.2020 21:00:00;172;49;2848;;22;24;3115
29.08.2020 21:00:00;29.08.2020 22:00:00;172;49;2835;;21;37;3114
29.08.2020 22:00:00;29.08.2020 23:00:00;174;49;2667;;22;40;2952
29.08.2020 23:00:00;30.08.2020 00:00:00;175;48;2570;;24;53;2870
30.08.2020 00:00:00;30.08.2020 01:00:00;175;46;2726;;22;78;3047
30.08.2020 01:00:00;30.08.2020 02:00:00;176;44;2711;;21;93;3045
30.08.2020 02:00:00;30.08.2020 03:00:00;177;44;2726;;21;82;3050
30.08.2020 03:00:00;30.08.2020 04:00:00;177;42;2727;;21;67;3034
30.08.2020 04:00:00;30.08.2020 05:00:00;177;39;2720;;20;64;3020
30.08.2020 05:00:00;30.08.2020 06:00:00;177;39;2719;;24;62;3021
30.08.2020 06:00:00;30.08.2020 07:00:00;176;41;2724;;24;50;3015
30.08.2020 07:00:00;30.08.2020 08:00:00;176;39;2745;;22;54;3036
30.08.2020 08:00:00;30.08.2020 09:00:00;175;41;2766;;21;42;3045
30.08.2020 09:00:00;30.08.2020 10:00:00;175;45;2767;;22;49;3058
30.08.2020 10:00:00;30.08.2020 11:00:00;175;45;2748;;22;45;3035
30.08.2020 11:00:00;30.08.2020 12:00:00;176;45;2766;;20;47;3054
30.08.2020 12:00:00;30.08.2020 13:00:00;176;45;2731;;22;44;3018
30.08.2020 13:00:00;30.08.2020 14:00:00;177;45;2739;;21;38;3020
30.08.2020 14:00:00;30.08.2020 15:00:00;176;45;2715;;22;41;2999
30.08.2020 15:00:00;30.08.2020 16:00:00;176;45;2771;;23;61;3076
30.08.2020 16:00:00;30.08.2020 17:00:00;175;45;2784;;20;69;3093
30.08.2020 17:00:00;30.08.2020 18:00:00;176;45;2803;;14;61;3099
30.08.2020 18:00:00;30.08.2020 19:00:00;177;48;2809;;14;58;3106
30.08.2020 19:00:00;30.08.2020 20:00:00;178;42;2835;;13;64;3132
30.08.2020 20:00:00;30.08.2020 21:00:00;179;41;2859;;13;57;3149
30.08.2020 21:00:00;30.08.2020 22:00:00;179;41;2848;;14;47;3129
30.08.2020 22:00:00;30.08.2020 23:00:00;179;42;2824;;19;32;3096
30.08.2020 23:00:00;31.08.2020 00:00:00;179;49;2788;;21;41;3078
31.08.2020 00:00:00;31.08.2020 01:00:00;179;47;2703;;21;51;3001
31.08.2020 01:00:00;31.08.2020 02:00:00;179;49;2669;;21;79;2997
31.08.2020 02:00:00;31.08.2020 03:00:00;179;47;2613;;22;85;2946
31.08.2020 03:00:00;31.08.2020 04:00:00;180;47;2623;;23;101;2974
31.08.2020 04:00:00;31.08.2020 05:00:00;180;47;2639;;23;104;2993
31.08.2020 05:00:00;31.08.2020 06:00:00;180;47;2667;;24;94;3012
31.08.2020 06:00:00;31.08.2020 07:00:00;179;49;2761;;22;122;3133
31.08.2020 07:00:00;31.08.2020 08:00:00;179;47;2846;;23;130;3225
31.08.2020 08:00:00;31.08.2020 09:00:00;179;49;2961;;20;74;3283
31.08.2020 09:00:00;31.08.2020 10:00:00;178;48;2925;;21;73;3245
31.08.2020 10:00:00;31.08.2020 11:00:00;178;47;2918;;21;77;3241
31.08.2020 11:00:00;31.08.2020 12:00:00;176;47;2938;;22;70;3253
31.08.2020 12:00:00;31.08.2020 13:00:00;176;42;2890;;22;73;3203
31.08.2020 13:00:00;31.08.2020 14:00:00;175;42;2883;;21;90;3211
31.08.2020 14:00:00;31.08.2020 15:00:00;175;40;2857;;23;101;3196
31.08.2020 15:00:00;31.08.2020 16:00:00;175;45;2863;;19;91;3193
31.08.2020 16:00:00;31.08.2020 17:00:00;175;42;2835;;19;101;3172
31.08.2020 17:00:00;31.08.2020 18:00:00;175;42;2804;;17;124;3162
31.08.2020 18:00:00;31.08.2020 19:00:00;175;44;2790;;21;189;3219
31.08.2020 19:00:00;31.08.2020 20:00:00;175;45;2811;;22;199;3252
31.08.2020 20:00:00;31.08.2020 21:00:00;175;45;2806;;18;222;3266
31.08.2020 21:00:00;31.08.2020 22:00:00;175;45;2803;;22;207;3252
31.08.2020 22:00:00;31.08.2020 23:00:00;175;43;2751;;27;203;3199
31.08.2020 23:00:00;01.09.2020 00:00:00;176;43;2713;;26;182;3140
01.09.2020 00:00:00;01.09.2020 01:00:00;175;43;2678;;19;160;3075
01.09.2020 01:00:00;01.09.2020 02:00:00;178;42;2642;;16;157;3035
01.09.2020 02:00:00;01.09.2020 03:00:00;178;44;2618;;18;168;3026
01.09.2020 03:00:00;01.09.2020 04:00:00;178;43;2614;;24;168;3027
01.09.2020 04:00:00;01.09.2020 05:00:00;179;45;2622;;24;165;3035
01.09.2020 05:00:00;01.09.2020 06:00:00;180;46;2651;;24;143;3044
01.09.2020 06:00:00;01.09.2020 07:00:00;179;44;2705;;23;146;3097
01.09.2020 07:00:00;01.09.2020 08:00:00;179;44;2709;;25;124;3081
01.09.2020 08:00:00;01.09.2020 09:00:00;178;45;2831;;25;86;3165
01.09.2020 09:00:00;01.09.2020 10:00:00;178;49;2836;;23;93;3179
01.09.2020 10:00:00;01.09.2020 11:00:00;178;48;2819;;24;93;3162
01.09.2020 11:00:00;01.09.2020 12:00:00;178;48;2830;;24;106;3186
01.09.2020 12:00:00;01.09.2020 13:00:00;177;49;2848;;22;113;3209
01.09.2020 13:00:00;01.09.2020 14:00:00;177;49;2826;;20;118;3190
01.09.2020 14:00:00;01.09.2020 15:00:00;177;49;2794;;22;118;3160
01.09.2020 15:00:00;01.09.2020 16:00:00;178;49;2784;;14;102;3127
01.09.2020 16:00:00;01.09.2020 17:00:00;179;49;2782;;20;102;3132
01.09.2020 17:00:00;01.09.2020 18:00:00;177;49;2735;;22;81;3064
01.09.2020 18:00:00;01.09.2020 19:00:00;176;49;2780;;20;77;3102
01.09.2020 19:00:00;01.09.2020 20:00:00;176;49;2810;;20;88;3143
01.09.2020 20:00:00;01.09.2020 21:00:00;176;49;2826;;20;106;3177
01.09.2020 21:00:00;01.09.2020 22:00:00;175;46;2805;;19;157;3202
01.09.2020 22:00:00;01.09.2020 23:00:00;175;51;2739;;22;195;3182
01.09.2020 23:00:00;02.09.2020 00:00:00;175;49;2724;;22;177;3147
02.09.2020 00:00:00;02.09.2020 01:00:00;174;49;2661;;23;161;3068
02.09.2020 01:00:00;02.09.2020 02:00:00;175;49;2610;;24;159;3017
02.09.2020 02:00:00;02.09.2020 03:00:00;175;49;2624;;26;147;3021
02.09.2020 03:00:00;02.09.2020 04:00:00;175;47;2603;;25;182;3032
02.09.2020 04:00:00;02.09.2020 05:00:00;174;48;2557;;23;186;2988
02.09.2020 05:00:00;02.09.2020 06:00:00;174;48;2548;;23;160;2953
02.09.2020 06:00:00;02.09.2020 07:00:00;174;48;2601;;22;163;3008
02.09.2020 07:00:00;02.09.2020 08:00:00;174;46;2655;;14;154;3043
02.09.2020 08:00:00;02.09.2020 09:00:00;173;47;2654;;23;112;3009
02.09.2020 09:00:00;02.09.2020 10:00:00;172;43;2626;;25;67;2933
02.09.2020 10:00:00;02.09.2020 11:00:00;172;43;2648;;23;50;2936
02.09.2020 11:00:00;02.09.2020 12:00:00;171;41;2668;;22;79;2981
02.09.2020 12:00:00;02.09.2020 13:00:00;170;41;2700;;14;101;3026
02.09.2020 13:00:00;02.09.2020 14:00:00;167;43;2760;;13;100;3083
02.09.2020 14:00:00;02.09.2020 15:00:00;169;41;2761;;20;109;3100
02.09.2020 15:00:00;02.09.2020 16:00:00;169;40;2787;;11;118;3125
02.09.2020 16:00:00;02.09.2020 17:00:00;169;40;2777;;16;127;3129
02.09.2020 17:00:00;02.09.2020 18:00:00;168;39;2771;;23;125;3126
02.09.2020 18:00:00;02.09.2020 19:00:00;169;41;2769;;20;88;3087
02.09.2020 19:00:00;02.09.2020 20:00:00;168;42;2790;;21;64;3085
02.09.2020 20:00:00;02.09.2020 21:00:00;169;42;2834;;23;96;3164
02.09.2020 21:00:00;02.09.2020 22:00:00;168;42;2797;;23;105;3135
02.09.2020 22:00:00;02.09.2020 23:00:00;167;42;2796;;24;124;3153
02.09.2020 23:00:00;03.09.2020 00:00:00;169;42;2735;;23;151;3120
03.09.2020 00:00:00;03.09.2020 01:00:00;170;43;2635;;23;172;3043
03.09.2020 01:00:00;03.09.2020 02:00:00;172;43;2614;;23;148;3000
03.09.2020 02:00:00;03.09.2020 03:00:00;172;43;2603;;22;113;2953
03.09.2020 03:00:00;03.09.2020 04:00:00;171;43;2575;;22;115;2926
03.09.2020 04:00:00;03.09.2020 05:00:00;171;43;2531;;22;195;2962
03.09.2020 05:00:00;03.09.2020 06:00:00;171;44;2463;;20;244;2942
03.09.2020 06:00:00;03.09.2020 07:00:00;171;42;2247;;22;263;2745
03.09.2020 07:00:00;03.09.2020 08:00:00;171;40;2339;;23;230;2803
03.09.2020 08:00:00;03.09.2020 09:00:00;172;38;2356;;22;260;2848
03.09.2020 09:00:00;03.09.2020 10:00:00;171;37;2396;;25;257;2886
03.09.2020 10:00:00;03.09.2020 11:00:00;169;36;2321;;17;264;2807
03.09.2020 11:00:00;03.09.2020 12:00:00;168;36;2189;;23;297;2713
03.09.2020 12:00:00;03.09.2020 13:00:00;166;37;2186;;20;293;2702
03.09.2020 13:00:00;03.09.2020 14:00:00;166;37;2330;;20;286;2839
03.09.2020 14:00:00;03.09.2020 15:00:00;165;38;2318;;18;257;2796
03.09.2020 15:00:00;03.09.2020 16:00:00;164;38;2345;;14;228;2789
03.09.2020 16:00:00;03.09.2020 17:00:00;163;39;2344;;19;220;2785
03.09.2020 17:00:00;03.09.2020 18:00:00;162;39;2336;;23;206;2766
03.09.2020 18:00:00;03.09.2020 19:00:00;162;41;2328;;23;194;2748
03.09.2020 19:00:00;03.09.2020 20:00:00;166;42;2352;;24;186;2770
03.09.2020 20:00:00;03.09.2020 21:00:00;167;41;2390;;23;189;2810
03.09.2020 21:00:00;03.09.2020 22:00:00;167;41;2381;;21;197;2807
03.09.2020 22:00:00;03.09.2020 23:00:00;168;42;2366;;24;213;2813
03.09.2020 23:00:00;04.09.2020 00:00:00;169;42;2365;;25;225;2826
04.09.2020 00:00:00;04.09.2020 01:00:00;168;42;2328;;27;251;2816
04.09.2020 01:00:00;04.09.2020 02:00:00;168;42;2266;;23;227;2726
04.09.2020 02:00:00;04.09.2020 03:00:00;168;42;2270;;25;233;2738
04.09.2020 03:00:00;04.09.2020 04:00:00;166;43;2230;;23;284;2746
04.09.2020 04:00:00;04.09.2020 05:00:00;166;42;2223;;22;336;2789
04.09.2020 05:00:00;04.09.2020 06:00:00;169;43;2260;;25;288;2785
04.09.2020 06:00:00;04.09.2020 07:00:00;169;43;2311;;22;290;2835
04.09.2020 07:00:00;04.09.2020 08:00:00;167;41;2387;;23;349;2967
04.09.2020 08:00:00;04.09.2020 09:00:00;167;42;2542;;19;321;3091
04.09.2020 09:00:00;04.09.2020 10:00:00;167;41;2479;;22;317;3026
04.09.2020 10:00:00;04.09.2020 11:00:00;166;42;2482;;23;316;3029
04.09.2020 11:00:00;04.09.2020 12:00:00;165;41;2481;;21;275;2983
04.09.2020 12:00:00;04.09.2020 13:00:00;164;43;2459;;21;266;2953
04.09.2020 13:00:00;04.09.2020 14:00:00;165;44;2457;;23;200;2889
04.09.2020 14:00:00;04.09.2020 15:00:00;165;44;2439;;25;170;2843
04.09.2020 15:00:00;04.09.2020 16:00:00;167;45;2493;;20;153;2878
04.09.2020 16:00:00;04.09.2020 17:00:00;167;45;2480;;18;131;2841
04.09.2020 17:00:00;04.09.2020 18:00:00;166;45;2500;;18;116;2845
04.09.2020 18:00:00;04.09.2020 19:00:00;164;45;2465;;18;132;2824
04.09.2020 19:00:00;04.09.2020 20:00:00;163;45;2451;;17;130;2806
04.09.2020 20:00:00;04.09.2020 21:00:00;162;46;2459;;23;118;2808
04.09.2020 21:00:00;04.09.2020 22:00:00;164;45;2443;;21;114;2787
04.09.2020 22:00:00;04.09.2020 23:00:00;167;46;2419;;20;131;2783
04.09.2020 23:00:00;05.09.2020 00:00:00;168;47;2399;;23;122;2759
05.09.2020 00:00:00;05.09.2020 01:00:00;169;44;2355;;24;107;2699
05.09.2020 01:00:00;05.09.2020 02:00:00;169;46;2337;;21;141;2714
05.09.2020 02:00:00;05.09.2020 03:00:00;169;44;2318;;22;176;2729
05.09.2020 03:00:00;05.09.2020 04:00:00;169;46;2317;;25;181;2738
05.09.2020 04:00:00;05.09.2020 05:00:00;169;46;2304;;24;145;2688
05.09.2020 05:00:00;05.09.2020 06:00:00;168;46;2343;;23;111;2691
05.09.2020 06:00:00;05.09.2020 07:00:00;167;45;2347;;23;114;2696
05.09.2020 07:00:00;05.09.2020 08:00:00;166;47;2386;;23;120;2742
05.09.2020 08:00:00;05.09.2020 09:00:00;167;46;2420;;22;135;2790
05.09.2020 09:00:00;05.09.2020 10:00:00;166;46;2421;;24;80;2737
05.09.2020 10:00:00;05.09.2020 11:00:00;164;46;2401;;17;72;2700
05.09.2020 11:00:00;05.09.2020 12:00:00;164;48;2319;;20;62;2613
05.09.2020 12:00:00;05.09.2020 13:00:00;164;47;2390;;24;71;2696
05.09.2020 13:00:00;05.09.2020 14:00:00;166;48;2376;;24;87;2701
05.09.2020 14:00:00;05.09.2020 15:00:00;181;47;2362;;23;81;2694
05.09.2020 15:00:00;05.09.2020 16:00:00;201;48;2447;;26;85;2807
05.09.2020 16:00:00;05.09.2020 17:00:00;201;48;2502;;24;76;2851
05.09.2020 17:00:00;05.09.2020 18:00:00;202;49;2459;;22;74;2806
05.09.2020 18:00:00;05.09.2020 19:00:00;203;49;2458;;22;61;2793
05.09.2020 19:00:00;05.09.2020 20:00:00;204;49;2370;;22;54;2699
05.09.2020 20:00:00;05.09.2020 21:00:00;204;49;2359;;21;56;2689
05.09.2020 21:00:00;05.09.2020 22:00:00;175;49;2335;;21;57;2637
05.09.2020 22:00:00;05.09.2020 23:00:00;173;50;2302;;19;43;2587
05.09.2020 23:00:00;06.09.2020 00:00:00;173;49;2268;;22;39;2551
06.09.2020 00:00:00;06.09.2020 01:00:00;173;54;2380;;21;62;2690
06.09.2020 01:00:00;06.09.2020 02:00:00;173;55;2420;;14;83;2745
06.09.2020 02:00:00;06.09.2020 03:00:00;173;55;2389;;22;102;2741
06.09.2020 03:00:00;06.09.2020 04:00:00;173;56;2240;;20;91;2580
06.09.2020 04:00:00;06.09.2020 05:00:00;173;55;2261;;20;87;2596
06.09.2020 05:00:00;06.09.2020 06:00:00;173;56;2265;;18;60;2572
06.09.2020 06:00:00;06.09.2020 07:00:00;173;58;2176;;21;70;2498
06.09.2020 07:00:00;06.09.2020 08:00:00;174;58;2085;;20;78;2415
06.09.2020 08:00:00;06.09.2020 09:00:00;174;58;2159;;21;70;2482
06.09.2020 09:00:00;06.09.2020 10:00:00;174;59;2338;;23;62;2656
06.09.2020 10:00:00;06.09.2020 11:00:00;174;60;2334;;23;88;2679
06.09.2020 11:00:00;06.09.2020 12:00:00;174;60;2265;;23;108;2630
06.09.2020 12:00:00;06.09.2020 13:00:00;174;60;2196;;23;152;2605
06.09.2020 13:00:00;06.09.2020 14:00:00;174;60;2232;;23;138;2627
06.09.2020 14:00:00;06.09.2020 15:00:00;174;60;2264;;23;143;2664
06.09.2020 15:00:00;06.09.2020 16:00:00;174;60;2298;;26;151;2709
06.09.2020 16:00:00;06.09.2020 17:00:00;174;60;2262;;25;158;2679
06.09.2020 17:00:00;06.09.2020 18:00:00;175;59;2282;;25;112;2653
06.09.2020 18:00:00;06.09.2020 19:00:00;175;59;2396;;26;114;2770
06.09.2020 19:00:00;06.09.2020 20:00:00;175;59;2402;;19;127;2782
06.09.2020 20:00:00;06.09.2020 21:00:00;175;59;2425;;15;132;2806
06.09.2020 21:00:00;06.09.2020 22:00:00;174;59;2328;;17;120;2698
06.09.2020 22:00:00;06.09.2020 23:00:00;174;58;2295;;14;129;2670
06.09.2020 23:00:00;07.09.2020 00:00:00;174;58;2292;;15;144;2683
07.09.2020 00:00:00;07.09.2020 01:00:00;175;61;2376;;13;151;2776
07.09.2020 01:00:00;07.09.2020 02:00:00;175;62;2399;;14;145;2795
07.09.2020 02:00:00;07.09.2020 03:00:00;175;61;2304;;17;147;2704
07.09.2020 03:00:00;07.09.2020 04:00:00;175;61;2224;;14;165;2639
07.09.2020 04:00:00;07.09.2020 05:00:00;175;61;2216;;15;162;2629
07.09.2020 05:00:00;07.09.2020 06:00:00;174;60;2264;;15;156;2669
07.09.2020 06:00:00;07.09.2020 07:00:00;175;60;2356;;17;135;2743
07.09.2020 07:00:00;07.09.2020 08:00:00;176;60;2452;;16;93;2797
07.09.2020 08:00:00;07.09.2020 09:00:00;175;58;2431;;14;72;2750
07.09.2020 09:00:00;07.09.2020 10:00:00;175;60;2520;;15;107;2877
07.09.2020 10:00:00;07.09.2020 11:00:00;175;58;2705;;14;120;3072
07.09.2020 11:00:00;07.09.2020 12:00:00;175;59;2647;;17;126;3024
07.09.2020 12:00:00;07.09.2020 13:00:00;175;58;2544;;16;173;2966
07.09.2020 13:00:00;07.09.2020 14:00:00;175;58;2453;;17;184;2887
07.09.2020 14:00:00;07.09.2020 15:00:00;175;57;2423;;18;175;2848
07.09.2020 15:00:00;07.09.2020 16:00:00;175;57;2453;;19;158;2862
07.09.2020 16:00:00;07.09.2020 17:00:00;173;56;2439;;18;100;2786
07.09.2020 17:00:00;07.09.2020 18:00:00;172;56;2527;;20;92;2867
07.09.2020 18:00:00;07.09.2020 19:00:00;172;53;2493;;17;156;2891
07.09.2020 19:00:00;07.09.2020 20:00:00;170;53;2485;;17;181;2906
07.09.2020 20:00:00;07.09.2020 21:00:00;173;53;2485;;20;231;2962
07.09.2020 21:00:00;07.09.2020 22:00:00;201;52;2452;;18;277;3000
07.09.2020 22:00:00;07.09.2020 23:00:00;176;52;2370;;22;333;2953
07.09.2020 23:00:00;08.09.2020 00:00:00;170;52;2268;;20;360;2870
08.09.2020 00:00:00;08.09.2020 01:00:00;168;53;2267;;20;353;2861
08.09.2020 01:00:00;08.09.2020 02:00:00;166;55;2113;;21;361;2716
08.09.2020 02:00:00;08.09.2020 03:00:00;167;55;2030;;21;398;2671
08.09.2020 03:00:00;08.09.2020 04:00:00;168;55;2022;;21;406;2672
08.09.2020 04:00:00;08.09.2020 05:00:00;167;55;2176;;22;404;2824
08.09.2020 05:00:00;08.09.2020 06:00:00;168;55;2234;;23;402;2882
08.09.2020 06:00:00;08.09.2020 07:00:00;168;55;2338;;22;423;3006
08.09.2020 07:00:00;08.09.2020 08:00:00;168;55;2415;;23;436;3097
08.09.2020 08:00:00;08.09.2020 09:00:00;168;56;2449;;21;394;3088
08.09.2020 09:00:00;08.09.2020 10:00:00;168;56;2293;;23;363;2903
08.09.2020 10:00:00;08.09.2020 11:00:00;167;56;2212;;18;392;2845
08.09.2020 11:00:00;08.09.2020 12:00:00;166;56;2261;;12;369;2864
08.09.2020 12:00:00;08.09.2020 13:00:00;166;56;2275;;12;296;2805
08.09.2020 13:00:00;08.09.2020 14:00:00;167;55;2272;;13;252;2759
08.09.2020 14:00:00;08.09.2020 15:00:00;168;55;2285;;12;245;2765
08.09.2020 15:00:00;08.09.2020 16:00:00;168;55;2321;;17;223;2784
08.09.2020 16:00:00;08.09.2020 17:00:00;167;56;2366;;19;272;2880
08.09.2020 17:00:00;08.09.2020 18:00:00;168;56;2425;;20;310;2979
08.09.2020 18:00:00;08.09.2020 19:00:00;168;57;2378;;18;244;2865
08.09.2020 19:00:00;08.09.2020 20:00:00;167;57;2368;;20;250;2862
08.09.2020 20:00:00;08.09.2020 21:00:00;167;57;2375;;14;282;2895
08.09.2020 21:00:00;08.09.2020 22:00:00;167;58;2370;;20;292;2907
08.09.2020 22:00:00;08.09.2020 23:00:00;167;58;2148;;19;333;2725
08.09.2020 23:00:00;09.09.2020 00:00:00;168;58;1993;;17;334;2570
09.09.2020 00:00:00;09.09.2020 01:00:00;168;63;1888;;11;338;2468
09.09.2020 01:00:00;09.09.2020 02:00:00;170;62;1828;;16;352;2428
09.09.2020 02:00:00;09.09.2020 03:00:00;170;62;1757;;19;344;2352
09.09.2020 03:00:00;09.09.2020 04:00:00;170;62;1753;;17;341;2343
09.09.2020 04:00:00;09.09.2020 05:00:00;170;62;1747;;17;329;2325
09.09.2020 05:00:00;09.09.2020 06:00:00;171;61;1782;;22;324;2360
09.09.2020 06:00:00;09.09.2020 07:00:00;171;61;1896;;20;299;2447
09.09.2020 07:00:00;09.09.2020 08:00:00;171;61;2106;;23;283;2644
09.09.2020 08:00:00;09.09.2020 09:00:00;171;61;2476;;21;266;2995
09.09.2020 09:00:00;09.09.2020 10:00:00;171;58;2470;;23;287;3009
09.09.2020 10:00:00;09.09.2020 11:00:00;167;58;2372;;24;293;2914
09.09.2020 11:00:00;09.09.2020 12:00:00;170;59;2386;;21;306;2942
09.09.2020 12:00:00;09.09.2020 13:00:00;170;57;2318;;19;284;2848
09.09.2020 13:00:00;09.09.2020 14:00:00;169;56;2335;;18;228;2806
09.09.2020 14:00:00;09.09.2020 15:00:00;169;58;2351;;18;207;2803
09.09.2020 15:00:00;09.09.2020 16:00:00;169;55;2387;;21;226;2858
09.09.2020 16:00:00;09.09.2020 17:00:00;168;55;2388;;19;240;2870
09.09.2020 17:00:00;09.09.2020 18:00:00;168;55;2569;;19;252;3063
09.09.2020 18:00:00;09.09.2020 19:00:00;168;55;2579;;21;214;3037
09.09.2020 19:00:00;09.09.2020 20:00:00;170;55;2584;;22;255;3086
09.09.2020 20:00:00;09.09.2020 21:00:00;171;55;2613;;19;205;3063
09.09.2020 21:00:00;09.09.2020 22:00:00;172;56;2579;;24;180;3011
09.09.2020 22:00:00;09.09.2020 23:00:00;172;55;2615;;22;178;3042
09.09.2020 23:00:00;10.09.2020 00:00:00;172;55;2658;;24;136;3045
10.09.2020 00:00:00;10.09.2020 01:00:00;172;58;2544;;20;107;2901
10.09.2020 01:00:00;10.09.2020 02:00:00;172;58;2309;;20;102;2661
10.09.2020 02:00:00;10.09.2020 03:00:00;172;58;2231;;20;55;2536
10.09.2020 03:00:00;10.09.2020 04:00:00;172;58;2352;;17;57;2656
10.09.2020 04:00:00;10.09.2020 05:00:00;173;60;2399;;14;75;2721
10.09.2020 05:00:00;10.09.2020 06:00:00;173;58;2445;;14;88;2778
10.09.2020 06:00:00;10.09.2020 07:00:00;172;57;2648;;14;89;2980
10.09.2020 07:00:00;10.09.2020 08:00:00;172;57;2771;;18;85;3103
10.09.2020 08:00:00;10.09.2020 09:00:00;172;59;2811;;17;104;3163
10.09.2020 09:00:00;10.09.2020 10:00:00;65;57;2805;;15;98;3040
10.09.2020 10:00:00;10.09.2020 11:00:00;44;57;2788;;19;130;3038
10.09.2020 11:00:00;10.09.2020 12:00:00;46;57;2787;;18;121;3029
10.09.2020 12:00:00;10.09.2020 13:00:00;46;57;2770;;18;140;3031
10.09.2020 13:00:00;10.09.2020 14:00:00;48;57;2762;;15;160;3042
10.09.2020 14:00:00;10.09.2020 15:00:00;51;57;2779;;11;173;3071
10.09.2020 15:00:00;10.09.2020 16:00:00;58;57;2756;;8;174;3053
10.09.2020 16:00:00;10.09.2020 17:00:00;79;57;2772;;17;110;3035
10.09.2020 17:00:00;10.09.2020 18:00:00;94;58;2782;;16;137;3087
10.09.2020 18:00:00;10.09.2020 19:00:00;111;59;2771;;18;139;3098
10.09.2020 19:00:00;10.09.2020 20:00:00;136;60;2795;;17;145;3153
10.09.2020 20:00:00;10.09.2020 21:00:00;136;60;3172;;12;142;3522
10.09.2020 21:00:00;10.09.2020 22:00:00;138;61;3168;;15;154;3536
10.09.2020 22:00:00;10.09.2020 23:00:00;130;61;3106;;14;190;3501
10.09.2020 23:00:00;11.09.2020 00:00:00;134;61;2832;;17;170;3214
11.09.2020 00:00:00;11.09.2020 01:00:00;144;60;2646;;15;145;3010
11.09.2020 01:00:00;11.09.2020 02:00:00;144;60;2549;;18;157;2928
11.09.2020 02:00:00;11.09.2020 03:00:00;142;62;2532;;15;157;2908
11.09.2020 03:00:00;11.09.2020 04:00:00;160;62;2528;;15;134;2899
11.09.2020 04:00:00;11.09.2020 05:00:00;158;60;2526;;12;174;2930
11.09.2020 05:00:00;11.09.2020 06:00:00;157;60;2518;;9;164;2908
11.09.2020 06:00:00;11.09.2020 07:00:00;158;64;2000;;9;141;2372
11.09.2020 07:00:00;11.09.2020 08:00:00;158;58;2087;;8;128;2439
11.09.2020 08:00:00;11.09.2020 09:00:00;157;59;2143;;7;139;2505
11.09.2020 09:00:00;11.09.2020 10:00:00;148;62;2133;;7;151;2501
11.09.2020 10:00:00;11.09.2020 11:00:00;146;62;2128;;10;179;2525
11.09.2020 11:00:00;11.09.2020 12:00:00;144;62;2209;;10;212;2637
11.09.2020 12:00:00;11.09.2020 13:00:00;143;62;2157;;8;280;2650
11.09.2020 13:00:00;11.09.2020 14:00:00;142;62;2137;;9;259;2609
11.09.2020 14:00:00;11.09.2020 15:00:00;142;62;2140;;13;248;2605
11.09.2020 15:00:00;11.09.2020 16:00:00;144;62;2164;;13;205;2588
11.09.2020 16:00:00;11.09.2020 17:00:00;144;62;2158;;14;177;2555
11.09.2020 17:00:00;11.09.2020 18:00:00;143;62;2156;;15;165;2541
11.09.2020 18:00:00;11.09.2020 19:00:00;142;61;2034;;16;149;2402
11.09.2020 19:00:00;11.09.2020 20:00:00;144;62;2004;;12;193;2415
11.09.2020 20:00:00;11.09.2020 21:00:00;145;62;1978;;16;194;2395
11.09.2020 21:00:00;11.09.2020 22:00:00;143;61;1989;;16;188;2397
11.09.2020 22:00:00;11.09.2020 23:00:00;141;63;1999;;16;190;2409
11.09.2020 23:00:00;12.09.2020 00:00:00;144;60;1953;;14;199;2370
12.09.2020 00:00:00;12.09.2020 01:00:00;145;63;1922;;15;210;2355
12.09.2020 01:00:00;12.09.2020 02:00:00;147;65;2018;;15;187;2432
12.09.2020 02:00:00;12.09.2020 03:00:00;148;65;1968;;17;167;2365
12.09.2020 03:00:00;12.09.2020 04:00:00;147;64;1901;;15;158;2285
12.09.2020 04:00:00;12.09.2020 05:00:00;143;63;1876;;15;167;2264
12.09.2020 05:00:00;12.09.2020 06:00:00;144;65;1867;;19;184;2279
12.09.2020 06:00:00;12.09.2020 07:00:00;145;65;1913;;20;205;2348
12.09.2020 07:00:00;12.09.2020 08:00:00;147;64;1914;;17;246;2388
12.09.2020 08:00:00;12.09.2020 09:00:00;148;65;1972;;19;213;2417
12.09.2020 09:00:00;12.09.2020 10:00:00;149;65;2036;;19;150;2419
12.09.2020 10:00:00;12.09.2020 11:00:00;150;64;2168;;18;111;2511
12.09.2020 11:00:00;12.09.2020 12:00:00;151;64;2143;;19;140;2517
12.09.2020 12:00:00;12.09.2020 13:00:00;152;66;2074;;17;176;2485
12.09.2020 13:00:00;12.09.2020 14:00:00;153;66;2042;;19;169;2449
12.09.2020 14:00:00;12.09.2020 15:00:00;154;66;1970;;17;154;2361
12.09.2020 15:00:00;12.09.2020 16:00:00;155;66;1959;;17;148;2345
12.09.2020 16:00:00;12.09.2020 17:00:00;156;66;1980;;18;153;2373
12.09.2020 17:00:00;12.09.2020 18:00:00;156;66;1999;;22;137;2380
12.09.2020 18:00:00;12.09.2020 19:00:00;156;66;1995;;18;132;2367
12.09.2020 19:00:00;12.09.2020 20:00:00;149;66;1979;;17;156;2367
12.09.2020 20:00:00;12.09.2020 21:00:00;146;66;2005;;18;157;2392
12.09.2020 21:00:00;12.09.2020 22:00:00;141;66;2017;;20;154;2398
12.09.2020 22:00:00;12.09.2020 23:00:00;140;66;1931;;20;144;2301
12.09.2020 23:00:00;13.09.2020 00:00:00;143;66;1841;;20;143;2213
13.09.2020 00:00:00;13.09.2020 01:00:00;145;67;1854;;22;86;2174
13.09.2020 01:00:00;13.09.2020 02:00:00;146;67;1838;;20;45;2116
13.09.2020 02:00:00;13.09.2020 03:00:00;144;67;1813;;21;40;2085
13.09.2020 03:00:00;13.09.2020 04:00:00;143;68;1789;;20;44;2064
13.09.2020 04:00:00;13.09.2020 05:00:00;136;67;1801;;23;37;2064
13.09.2020 05:00:00;13.09.2020 06:00:00;130;67;1785;;20;32;2034
13.09.2020 06:00:00;13.09.2020 07:00:00;144;65;1802;;21;36;2068
13.09.2020 07:00:00;13.09.2020 08:00:00;145;68;1906;;20;49;2188
13.09.2020 08:00:00;13.09.2020 09:00:00;145;66;1945;;18;60;2234
13.09.2020 09:00:00;13.09.2020 10:00:00;152;66;2039;;18;64;2339
13.09.2020 10:00:00;13.09.2020 11:00:00;159;68;2093;;20;72;2412
13.09.2020 11:00:00;13.09.2020 12:00:00;154;66;2024;;20;51;2315
13.09.2020 12:00:00;13.09.2020 13:00:00;157;66;2043;;14;44;2324
13.09.2020 13:00:00;13.09.2020 14:00:00;159;68;2073;;19;51;2370
13.09.2020 14:00:00;13.09.2020 15:00:00;157;66;1903;;21;60;2207
13.09.2020 15:00:00;13.09.2020 16:00:00;154;66;1997;;20;57;2294
13.09.2020 16:00:00;13.09.2020 17:00:00;151;68;2110;;21;48;2398
13.09.2020 17:00:00;13.09.2020 18:00:00;92;66;2134;;17;64;2373
13.09.2020 18:00:00;13.09.2020 19:00:00;77;66;2140;;20;56;2359
13.09.2020 19:00:00;13.09.2020 20:00:00;76;68;2157;;19;54;2374
13.09.2020 20:00:00;13.09.2020 21:00:00;75;68;2176;;17;47;2383
13.09.2020 21:00:00;13.09.2020 22:00:00;73;68;2177;;15;31;2364
13.09.2020 22:00:00;13.09.2020 23:00:00;70;67;2101;;18;31;2287
13.09.2020 23:00:00;14.09.2020 00:00:00;47;68;2006;;18;64;2203
14.09.2020 00:00:00;14.09.2020 01:00:00;36;66;2004;;17;83;2206
14.09.2020 01:00:00;14.09.2020 02:00:00;38;66;1979;;13;54;2150
14.09.2020 02:00:00;14.09.2020 03:00:00;38;66;1957;;18;30;2109
14.09.2020 03:00:00;14.09.2020 04:00:00;38;66;1976;;17;52;2149
14.09.2020 04:00:00;14.09.2020 05:00:00;38;66;1962;;19;64;2149
14.09.2020 05:00:00;14.09.2020 06:00:00;38;67;1947;;21;82;2155
14.09.2020 06:00:00;14.09.2020 07:00:00;38;66;2052;;20;115;2291
14.09.2020 07:00:00;14.09.2020 08:00:00;38;67;2172;;23;101;2401
14.09.2020 08:00:00;14.09.2020 09:00:00;37;70;2253;;22;98;2480
14.09.2020 09:00:00;14.09.2020 10:00:00;36;71;2306;;23;83;2519
14.09.2020 10:00:00;14.09.2020 11:00:00;35;71;2352;;20;59;2537
14.09.2020 11:00:00;14.09.2020 12:00:00;33;70;2359;;18;36;2516
14.09.2020 12:00:00;14.09.2020 13:00:00;29;67;2346;;23;37;2502
14.09.2020 13:00:00;14.09.2020 14:00:00;28;68;2339;;20;43;2498
14.09.2020 14:00:00;14.09.2020 15:00:00;28;67;2315;;19;52;2481
14.09.2020 15:00:00;14.09.2020 16:00:00;28;67;2305;;19;81;2500
14.09.2020 16:00:00;14.09.2020 17:00:00;28;65;2257;;21;81;2452
14.09.2020 17:00:00;14.09.2020 18:00:00;28;65;2326;;19;86;2524
14.09.2020 18:00:00;14.09.2020 19:00:00;28;68;2606;;18;65;2785
14.09.2020 19:00:00;14.09.2020 20:00:00;28;65;2683;;21;76;2873
14.09.2020 20:00:00;14.09.2020 21:00:00;28;65;2496;;20;73;2682
14.09.2020 21:00:00;14.09.2020 22:00:00;28;65;2286;;21;48;2448
14.09.2020 22:00:00;14.09.2020 23:00:00;28;65;2233;;20;46;2392
14.09.2020 23:00:00;15.09.2020 00:00:00;28;65;2157;;20;38;2308
15.09.2020 00:00:00;15.09.2020 01:00:00;28;68;2087;;21;40;2244
15.09.2020 01:00:00;15.09.2020 02:00:00;28;65;2069;;22;24;2208
15.09.2020 02:00:00;15.09.2020 03:00:00;28;69;2068;;20;22;2207
15.09.2020 03:00:00;15.09.2020 04:00:00;28;69;2096;;23;11;2227
15.09.2020 04:00:00;15.09.2020 05:00:00;28;66;2066;;22;15;2197
15.09.2020 05:00:00;15.09.2020 06:00:00;28;69;2059;;17;23;2196
15.09.2020 06:00:00;15.09.2020 07:00:00;28;70;2137;;19;19;2273
15.09.2020 07:00:00;15.09.2020 08:00:00;27;69;2281;;22;13;2412
15.09.2020 08:00:00;15.09.2020 09:00:00;26;70;2427;;21;17;2561
15.09.2020 09:00:00;15.09.2020 10:00:00;26;71;2625;;21;16;2759
15.09.2020 10:00:00;15.09.2020 11:00:00;26;69;2662;;22;9;2788
15.09.2020 11:00:00;15.09.2020 12:00:00;26;69;2583;;24;12;2714
15.09.2020 12:00:00;15.09.2020 13:00:00;26;69;2478;;25;16;2614
15.09.2020 13:00:00;15.09.2020 14:00:00;26;71;2438;;26;13;2574
15.09.2020 14:00:00;15.09.2020 15:00:00;26;69;2471;;24;13;2603
15.09.2020 15:00:00;15.09.2020 16:00:00;26;70;2454;;24;6;2580
15.09.2020 16:00:00;15.09.2020 17:00:00;26;71;2420;;23;7;2547
15.09.2020 17:00:00;15.09.2020 18:00:00;26;69;2430;;19;5;2549
15.09.2020 18:00:00;15.09.2020 19:00:00;26;70;2420;;21;6;2543
15.09.2020 19:00:00;15.09.2020 20:00:00;26;69;2569;;24;24;2712
15.09.2020 20:00:00;15.09.2020 21:00:00;26;69;2558;;17;43;2713
15.09.2020 21:00:00;15.09.2020 22:00:00;26;71;2434;;21;50;2602
15.09.2020 22:00:00;15.09.2020 23:00:00;26;70;2106;;21;46;2269
15.09.2020 23:00:00;16.09.2020 00:00:00;26;71;1990;;21;60;2168
16.09.2020 00:00:00;16.09.2020 01:00:00;26;72;1804;;21;51;1974
16.09.2020 01:00:00;16.09.2020 02:00:00;26;72;1651;;24;39;1812
16.09.2020 02:00:00;16.09.2020 03:00:00;26;74;1673;;23;40;1836
16.09.2020 03:00:00;16.09.2020 04:00:00;26;73;1686;;27;31;1843
16.09.2020 04:00:00;16.09.2020 05:00:00;26;73;1692;;24;12;1827
16.09.2020 05:00:00;16.09.2020 06:00:00;26;73;1761;;25;8;1893
16.09.2020 06:00:00;16.09.2020 07:00:00;26;71;1855;;24;7;1983
16.09.2020 07:00:00;16.09.2020 08:00:00;26;73;1982;;24;14;2119
16.09.2020 08:00:00;16.09.2020 09:00:00;26;73;2142;;26;17;2284
16.09.2020 09:00:00;16.09.2020 10:00:00;26;73;2194;;23;27;2343
16.09.2020 10:00:00;16.09.2020 11:00:00;26;73;2186;;21;52;2358
16.09.2020 11:00:00;16.09.2020 12:00:00;26;73;2140;;23;161;2423
16.09.2020 12:00:00;16.09.2020 13:00:00;26;71;2076;;23;177;2373
16.09.2020 13:00:00;16.09.2020 14:00:00;26;73;2098;;24;176;2397
16.09.2020 14:00:00;16.09.2020 15:00:00;26;70;2099;;14;194;2403
16.09.2020 15:00:00;16.09.2020 16:00:00;26;70;2126;;17;205;2444
16.09.2020 16:00:00;16.09.2020 17:00:00;26;70;2125;;24;176;2421
16.09.2020 17:00:00;16.09.2020 18:00:00;26;70;2142;;24;117;2379
16.09.2020 18:00:00;16.09.2020 19:00:00;26;70;2213;;23;119;2451
16.09.2020 19:00:00;16.09.2020 20:00:00;26;72;2273;;25;91;2487
16.09.2020 20:00:00;16.09.2020 21:00:00;26;70;2261;;24;52;2433
16.09.2020 21:00:00;16.09.2020 22:00:00;26;70;2263;;23;30;2412
16.09.2020 22:00:00;16.09.2020 23:00:00;26;70;2221;;22;30;2369
16.09.2020 23:00:00;17.09.2020 00:00:00;26;70;2145;;25;44;2310
17.09.2020 00:00:00;17.09.2020 01:00:00;26;72;2137;;23;72;2330
17.09.2020 01:00:00;17.09.2020 02:00:00;26;72;2106;;24;95;2323
17.09.2020 02:00:00;17.09.2020 03:00:00;26;70;2043;;24;103;2266
17.09.2020 03:00:00;17.09.2020 04:00:00;26;70;2025;;24;116;2261
17.09.2020 04:00:00;17.09.2020 05:00:00;26;72;2027;;22;164;2311
17.09.2020 05:00:00;17.09.2020 06:00:00;26;70;2079;;22;213;2410
17.09.2020 06:00:00;17.09.2020 07:00:00;26;70;2171;;23;220;2510
17.09.2020 07:00:00;17.09.2020 08:00:00;26;70;2273;;23;231;2623
17.09.2020 08:00:00;17.09.2020 09:00:00;26;70;2282;;24;274;2676
17.09.2020 09:00:00;17.09.2020 10:00:00;26;72;2278;;24;308;2708
17.09.2020 10:00:00;17.09.2020 11:00:00;26;72;2204;;24;328;2654
17.09.2020 11:00:00;17.09.2020 12:00:00;26;70;2221;;24;339;2680
17.09.2020 12:00:00;17.09.2020 13:00:00;14;72;2186;;22;344;2638
17.09.2020 13:00:00;17.09.2020 14:00:00;0;75;2199;;22;347;2643
17.09.2020 14:00:00;17.09.2020 15:00:00;0;73;2219;;18;377;2687
17.09.2020 15:00:00;17.09.2020 16:00:00;0;72;2181;;24;388;2665
17.09.2020 16:00:00;17.09.2020 17:00:00;0;72;2192;;21;367;2652
17.09.2020 17:00:00;17.09.2020 18:00:00;0;72;2197;;23;382;2674
17.09.2020 18:00:00;17.09.2020 19:00:00;0;72;2166;;24;398;2660
17.09.2020 19:00:00;17.09.2020 20:00:00;0;72;2168;;21;366;2627
17.09.2020 20:00:00;17.09.2020 21:00:00;0;71;2174;;23;376;2644
17.09.2020 21:00:00;17.09.2020 22:00:00;0;72;2124;;24;436;2656
17.09.2020 22:00:00;17.09.2020 23:00:00;0;72;2082;;23;478;2655
17.09.2020 23:00:00;18.09.2020 00:00:00;0;73;2011;;24;499;2607
18.09.2020 00:00:00;18.09.2020 01:00:00;0;73;1770;;25;530;2398
18.09.2020 01:00:00;18.09.2020 02:00:00;0;73;1698;;24;530;2325
18.09.2020 02:00:00;18.09.2020 03:00:00;0;74;1675;;25;537;2311
18.09.2020 03:00:00;18.09.2020 04:00:00;0;74;1678;;22;543;2317
18.09.2020 04:00:00;18.09.2020 05:00:00;0;74;1666;;22;509;2271
18.09.2020 05:00:00;18.09.2020 06:00:00;0;76;1679;;22;415;2192
18.09.2020 06:00:00;18.09.2020 07:00:00;0;77;1769;;23;372;2241
18.09.2020 07:00:00;18.09.2020 08:00:00;0;79;1945;;23;567;2614
18.09.2020 08:00:00;18.09.2020 09:00:00;0;80;2151;;22;562;2815
18.09.2020 09:00:00;18.09.2020 10:00:00;0;82;2137;;23;532;2774
18.09.2020 10:00:00;18.09.2020 11:00:00;0;79;2121;;25;525;2750
18.09.2020 11:00:00;18.09.2020 12:00:00;0;77;2161;;25;513;2776
18.09.2020 12:00:00;18.09.2020 13:00:00;0;77;2133;;25;486;2721
18.09.2020 13:00:00;18.09.2020 14:00:00;0;78;2159;;22;452;2711
18.09.2020 14:00:00;18.09.2020 15:00:00;0;79;2127;;23;432;2661
18.09.2020 15:00:00;18.09.2020 16:00:00;0;79;2148;;23;421;2671
18.09.2020 16:00:00;18.09.2020 17:00:00;0;79;2175;;24;432;2710
18.09.2020 17:00:00;18.09.2020 18:00:00;0;79;2151;;24;454;2708
18.09.2020 18:00:00;18.09.2020 19:00:00;0;75;2220;;23;498;2816
18.09.2020 19:00:00;18.09.2020 20:00:00;0;78;2221;;24;517;2840
18.09.2020 20:00:00;18.09.2020 21:00:00;0;79;2189;;23;500;2791
18.09.2020 21:00:00;18.09.2020 22:00:00;0;78;2183;;21;503;2785
18.09.2020 22:00:00;18.09.2020 23:00:00;0;78;2086;;22;495;2681
18.09.2020 23:00:00;19.09.2020 00:00:00;0;79;2050;;21;511;2661
19.09.2020 00:00:00;19.09.2020 01:00:00;0;78;2008;;14;515;2615
19.09.2020 01:00:00;19.09.2020 02:00:00;0;78;2010;;12;520;2620
19.09.2020 02:00:00;19.09.2020 03:00:00;0;78;2033;;21;557;2689
19.09.2020 03:00:00;19.09.2020 04:00:00;0;78;2044;;21;547;2690
19.09.2020 04:00:00;19.09.2020 05:00:00;0;78;2049;;24;535;2686
19.09.2020 05:00:00;19.09.2020 06:00:00;0;78;2052;;24;520;2674
19.09.2020 06:00:00;19.09.2020 07:00:00;0;74;2082;;24;517;2697
19.09.2020 07:00:00;19.09.2020 08:00:00;0;78;2216;;25;501;2820
19.09.2020 08:00:00;19.09.2020 09:00:00;0;78;2282;;25;470;2855
19.09.2020 09:00:00;19.09.2020 10:00:00;0;78;2301;;22;430;2831
19.09.2020 10:00:00;19.09.2020 11:00:00;0;78;2443;;24;394;2939
19.09.2020 11:00:00;19.09.2020 12:00:00;0;78;2422;;24;385;2909
19.09.2020 12:00:00;19.09.2020 13:00:00;0;78;2391;;23;344;2836
19.09.2020 13:00:00;19.09.2020 14:00:00;0;74;2387;;24;340;2825
19.09.2020 14:00:00;19.09.2020 15:00:00;0;78;2437;;26;335;2876
19.09.2020 15:00:00;19.09.2020 16:00:00;0;77;2515;;24;296;2912
19.09.2020 16:00:00;19.09.2020 17:00:00;0;77;2528;;25;231;2861
19.09.2020 17:00:00;19.09.2020 18:00:00;0;77;2574;;26;175;2852
19.09.2020 18:00:00;19.09.2020 19:00:00;0;79;2592;;22;162;2855
19.09.2020 19:00:00;19.09.2020 20:00:00;0;79;2646;;22;174;2921
19.09.2020 20:00:00;19.09.2020 21:00:00;0;75;2675;;24;191;2965
19.09.2020 21:00:00;19.09.2020 22:00:00;0;75;2661;;24;206;2966
19.09.2020 22:00:00;19.09.2020 23:00:00;0;80;2583;;25;238;2926
19.09.2020 23:00:00;20.09.2020 00:00:00;0;80;2440;;25;249;2794
20.09.2020 00:00:00;20.09.2020 01:00:00;0;85;2190;;25;267;2567
20.09.2020 01:00:00;20.09.2020 02:00:00;0;85;2089;;24;332;2530
20.09.2020 02:00:00;20.09.2020 03:00:00;0;85;2062;;25;329;2501
20.09.2020 03:00:00;20.09.2020 04:00:00;0;85;2007;;27;321;2440
20.09.2020 04:00:00;20.09.2020 05:00:00;0;84;1939;;26;354;2403
20.09.2020 05:00:00;20.09.2020 06:00:00;0;84;1916;;25;390;2415
20.09.2020 06:00:00;20.09.2020 07:00:00;0;84;1883;;24;450;2441
20.09.2020 07:00:00;20.09.2020 08:00:00;0;84;1851;;24;457;2416
20.09.2020 08:00:00;20.09.2020 09:00:00;0;84;1913;;24;458;2479
20.09.2020 09:00:00;20.09.2020 10:00:00;0;85;1955;;26;505;2571
20.09.2020 10:00:00;20.09.2020 11:00:00;0;85;1971;;23;500;2579
20.09.2020 11:00:00;20.09.2020 12:00:00;0;85;2050;;26;421;2582
20.09.2020 12:00:00;20.09.2020 13:00:00;0;85;2077;;27;501;2690
20.09.2020 13:00:00;20.09.2020 14:00:00;0;85;2014;;26;392;2517
20.09.2020 14:00:00;20.09.2020 15:00:00;0;85;2027;;24;311;2447
20.09.2020 15:00:00;20.09.2020 16:00:00;0;85;2089;;26;285;2485
20.09.2020 16:00:00;20.09.2020 17:00:00;0;85;2196;;26;247;2554
20.09.2020 17:00:00;20.09.2020 18:00:00;0;85;2207;;27;327;2646
20.09.2020 18:00:00;20.09.2020 19:00:00;0;85;2234;;26;258;2603
20.09.2020 19:00:00;20.09.2020 20:00:00;0;85;2256;;28;266;2635
20.09.2020 20:00:00;20.09.2020 21:00:00;0;85;2239;;26;310;2660
20.09.2020 21:00:00;20.09.2020 22:00:00;0;85;2211;;24;290;2610
20.09.2020 22:00:00;20.09.2020 23:00:00;0;84;2163;;25;241;2513
20.09.2020 23:00:00;21.09.2020 00:00:00;0;85;2500;;27;222;2834
21.09.2020 00:00:00;21.09.2020 01:00:00;0;86;2548;;25;237;2896
21.09.2020 01:00:00;21.09.2020 02:00:00;0;86;2530;;23;248;2887
21.09.2020 02:00:00;21.09.2020 03:00:00;0;86;2417;;25;218;2746
21.09.2020 03:00:00;21.09.2020 04:00:00;0;86;2426;;23;274;2809
21.09.2020 04:00:00;21.09.2020 05:00:00;0;86;2462;;24;316;2888
21.09.2020 05:00:00;21.09.2020 06:00:00;0;86;2498;;18;355;2957
21.09.2020 06:00:00;21.09.2020 07:00:00;0;84;2431;;21;410;2946
21.09.2020 07:00:00;21.09.2020 08:00:00;0;83;2480;;19;435;3017
21.09.2020 08:00:00;21.09.2020 09:00:00;0;83;2494;;21;453;3051
21.09.2020 09:00:00;21.09.2020 10:00:00;0;82;2521;;22;432;3057
21.09.2020 10:00:00;21.09.2020 11:00:00;0;82;2543;;20;448;3093
21.09.2020 11:00:00;21.09.2020 12:00:00;0;82;2459;;20;398;2959
21.09.2020 12:00:00;21.09.2020 13:00:00;0;82;2477;;17;328;2904
21.09.2020 13:00:00;21.09.2020 14:00:00;0;82;2501;;19;298;2900
21.09.2020 14:00:00;21.09.2020 15:00:00;0;82;2522;;21;297;2922
21.09.2020 15:00:00;21.09.2020 16:00:00;0;82;2437;;16;449;2984
21.09.2020 16:00:00;21.09.2020 17:00:00;0;82;2344;;22;467;2915
21.09.2020 17:00:00;21.09.2020 18:00:00;0;80;2392;;18;420;2910
21.09.2020 18:00:00;21.09.2020 19:00:00;0;82;2465;;18;216;2781
21.09.2020 19:00:00;21.09.2020 20:00:00;0;84;2481;;19;159;2743
21.09.2020 20:00:00;21.09.2020 21:00:00;0;84;2536;;17;222;2859
21.09.2020 21:00:00;21.09.2020 22:00:00;0;83;2552;;17;323;2975
21.09.2020 22:00:00;21.09.2020 23:00:00;0;83;2577;;19;308;2987
21.09.2020 23:00:00;22.09.2020 00:00:00;0;81;2527;;17;310;2935
22.09.2020 00:00:00;22.09.2020 01:00:00;0;83;2371;;18;305;2777
22.09.2020 01:00:00;22.09.2020 02:00:00;0;81;2299;;18;244;2642
22.09.2020 02:00:00;22.09.2020 03:00:00;0;84;2303;;12;173;2572
22.09.2020 03:00:00;22.09.2020 04:00:00;0;84;2352;;14;115;2565
22.09.2020 04:00:00;22.09.2020 05:00:00;0;82;2327;;15;167;2591
22.09.2020 05:00:00;22.09.2020 06:00:00;0;82;2326;;17;240;2665
22.09.2020 06:00:00;22.09.2020 07:00:00;0;84;2264;;16;303;2667
22.09.2020 07:00:00;22.09.2020 08:00:00;0;81;2301;;17;364;2763
22.09.2020 08:00:00;22.09.2020 09:00:00;0;80;2196;;17;402;2695
22.09.2020 09:00:00;22.09.2020 10:00:00;0;84;2219;;15;382;2700
22.09.2020 10:00:00;22.09.2020 11:00:00;0;86;2187;;19;371;2663
22.09.2020 11:00:00;22.09.2020 12:00:00;0;86;2306;;19;365;2776
22.09.2020 12:00:00;22.09.2020 13:00:00;0;85;2373;;20;348;2826
22.09.2020 13:00:00;22.09.2020 14:00:00;0;85;2468;;21;235;2809
22.09.2020 14:00:00;22.09.2020 15:00:00;0;86;2342;;23;216;2667
22.09.2020 15:00:00;22.09.2020 16:00:00;0;86;2278;;21;150;2535
22.09.2020 16:00:00;22.09.2020 17:00:00;0;86;2341;;23;160;2610
22.09.2020 17:00:00;22.09.2020 18:00:00;0;86;2397;;22;169;2674
22.09.2020 18:00:00;22.09.2020 19:00:00;17;84;2467;;20;175;2763
22.09.2020 19:00:00;22.09.2020 20:00:00;28;86;2405;;21;213;2753
22.09.2020 20:00:00;22.09.2020 21:00:00;33;86;2416;;24;193;2752
22.09.2020 21:00:00;22.09.2020 22:00:00;38;86;2438;;21;180;2763
22.09.2020 22:00:00;22.09.2020 23:00:00;57;85;2412;;21;177;2752
22.09.2020 23:00:00;23.09.2020 00:00:00;91;85;2384;;22;127;2709
23.09.2020 00:00:00;23.09.2020 01:00:00;93;83;2294;;21;110;2601
23.09.2020 01:00:00;23.09.2020 02:00:00;96;83;2397;;24;132;2732
23.09.2020 02:00:00;23.09.2020 03:00:00;96;84;2429;;23;170;2802
23.09.2020 03:00:00;23.09.2020 04:00:00;98;84;2428;;23;172;2805
23.09.2020 04:00:00;23.09.2020 05:00:00;99;84;2445;;23;176;2827
23.09.2020 05:00:00;23.09.2020 06:00:00;98;84;2406;;22;183;2793
23.09.2020 06:00:00;23.09.2020 07:00:00;114;84;2407;;26;231;2862
23.09.2020 07:00:00;23.09.2020 08:00:00;121;85;2349;;23;281;2859
23.09.2020 08:00:00;23.09.2020 09:00:00;125;87;2332;;22;306;2872
23.09.2020 09:00:00;23.09.2020 10:00:00;129;87;2419;;22;352;3009
23.09.2020 10:00:00;23.09.2020 11:00:00;129;87;2380;;20;360;2976
23.09.2020 11:00:00;23.09.2020 12:00:00;128;87;2282;;24;367;2888
23.09.2020 12:00:00;23.09.2020 13:00:00;128;88;2257;;23;416;2912
23.09.2020 13:00:00;23.09.2020 14:00:00;127;87;2167;;25;407;2813
23.09.2020 14:00:00;23.09.2020 15:00:00;127;88;2225;;25;434;2899
23.09.2020 15:00:00;23.09.2020 16:00:00;125;88;2182;;22;453;2870
23.09.2020 16:00:00;23.09.2020 17:00:00;124;88;2133;;22;484;2851
23.09.2020 17:00:00;23.09.2020 18:00:00;124;87;2026;;23;506;2766
23.09.2020 18:00:00;23.09.2020 19:00:00;125;86;2015;;24;478;2728
23.09.2020 19:00:00;23.09.2020 20:00:00;127;87;1988;;22;436;2660
23.09.2020 20:00:00;23.09.2020 21:00:00;127;88;1938;;24;392;2569
23.09.2020 21:00:00;23.09.2020 22:00:00;127;85;1936;;23;167;2338
23.09.2020 22:00:00;23.09.2020 23:00:00;127;85;1989;;24;189;2414
23.09.2020 23:00:00;24.09.2020 00:00:00;128;85;2012;;0;370;2595
24.09.2020 00:00:00;24.09.2020 01:00:00;130;88;1929;;0;373;2520
24.09.2020 01:00:00;24.09.2020 02:00:00;129;88;1892;;0;336;2445
24.09.2020 02:00:00;24.09.2020 03:00:00;129;87;1866;;0;340;2422
24.09.2020 03:00:00;24.09.2020 04:00:00;131;87;1874;;0;342;2434
24.09.2020 04:00:00;24.09.2020 05:00:00;132;87;1875;;9;339;2442
24.09.2020 05:00:00;24.09.2020 06:00:00;132;86;1916;;11;309;2454
24.09.2020 06:00:00;24.09.2020 07:00:00;132;85;1987;;12;188;2404
24.09.2020 07:00:00;24.09.2020 08:00:00;131;86;2117;;11;165;2510
24.09.2020 08:00:00;24.09.2020 09:00:00;131;86;2173;;12;179;2581
24.09.2020 09:00:00;24.09.2020 10:00:00;132;84;2325;;12;178;2731
24.09.2020 10:00:00;24.09.2020 11:00:00;133;85;2370;;12;204;2804
24.09.2020 11:00:00;24.09.2020 12:00:00;132;84;2381;;11;203;2811
24.09.2020 12:00:00;24.09.2020 13:00:00;132;84;2402;;11;202;2831
24.09.2020 13:00:00;24.09.2020 14:00:00;133;84;2382;;11;171;2781
24.09.2020 14:00:00;24.09.2020 15:00:00;132;83;2350;;12;162;2739
24.09.2020 15:00:00;24.09.2020 16:00:00;132;84;2465;;17;138;2836
24.09.2020 16:00:00;24.09.2020 17:00:00;133;82;2475;;17;116;2823
24.09.2020 17:00:00;24.09.2020 18:00:00;133;85;2513;;20;131;2882
24.09.2020 18:00:00;24.09.2020 19:00:00;133;85;2605;;17;172;3012
24.09.2020 19:00:00;24.09.2020 20:00:00;132;86;2600;;21;137;2976
24.09.2020 20:00:00;24.09.2020 21:00:00;131;87;2682;;22;155;3077
24.09.2020 21:00:00;24.09.2020 22:00:00;130;87;2618;;22;129;2986
24.09.2020 22:00:00;24.09.2020 23:00:00;130;87;2521;;22;148;2908
24.09.2020 23:00:00;25.09.2020 00:00:00;129;86;2390;;14;265;2884
25.09.2020 00:00:00;25.09.2020 01:00:00;129;85;2346;;13;328;2901
25.09.2020 01:00:00;25.09.2020 02:00:00;125;87;2177;;2;338;2729
25.09.2020 02:00:00;25.09.2020 03:00:00;110;86;2107;;0;328;2631
25.09.2020 03:00:00;25.09.2020 04:00:00;115;87;2096;;0;291;2589
25.09.2020 04:00:00;25.09.2020 05:00:00;120;86;2089;;1;233;2529
25.09.2020 05:00:00;25.09.2020 06:00:00;124;86;2141;;13;222;2586
25.09.2020 06:00:00;25.09.2020 07:00:00;127;86;2296;;9;256;2774
25.09.2020 07:00:00;25.09.2020 08:00:00;126;86;2450;;10;217;2889
25.09.2020 08:00:00;25.09.2020 09:00:00;129;86;2597;;11;195;3018
25.09.2020 09:00:00;25.09.2020 10:00:00;134;85;2690;;11;160;3080
25.09.2020 10:00:00;25.09.2020 11:00:00;134;86;2676;;6;162;3064
25.09.2020 11:00:00;25.09.2020 12:00:00;131;86;2663;;11;152;3043
25.09.2020 12:00:00;25.09.2020 13:00:00;131;87;2651;;12;71;2952
25.09.2020 13:00:00;25.09.2020 14:00:00;130;85;2678;;12;53;2958
25.09.2020 14:00:00;25.09.2020 15:00:00;127;83;2661;;13;81;2965
25.09.2020 15:00:00;25.09.2020 16:00:00;127;84;2618;;11;148;2988
25.09.2020 16:00:00;25.09.2020 17:00:00;126;84;2567;;12;288;3077
25.09.2020 17:00:00;25.09.2020 18:00:00;121;84;2356;;13;472;3046
25.09.2020 18:00:00;25.09.2020 19:00:00;122;84;2281;;9;463;2959
25.09.2020 19:00:00;25.09.2020 20:00:00;128;84;2346;;6;412;2976
25.09.2020 20:00:00;25.09.2020 21:00:00;132;84;2301;;8;309;2834
25.09.2020 21:00:00;25.09.2020 22:00:00;134;84;2296;;8;193;2715
25.09.2020 22:00:00;25.09.2020 23:00:00;144;83;2291;;11;210;2739
25.09.2020 23:00:00;26.09.2020 00:00:00;149;83;2311;;13;212;2768
26.09.2020 00:00:00;26.09.2020 01:00:00;148;80;2430;;15;177;2850
26.09.2020 01:00:00;26.09.2020 02:00:00;147;81;2411;;17;199;2855
26.09.2020 02:00:00;26.09.2020 03:00:00;148;81;2388;;18;211;2846
26.09.2020 03:00:00;26.09.2020 04:00:00;151;79;2398;;19;191;2838
26.09.2020 04:00:00;26.09.2020 05:00:00;148;79;2408;;17;199;2851
26.09.2020 05:00:00;26.09.2020 06:00:00;143;80;2392;;19;181;2815
26.09.2020 06:00:00;26.09.2020 07:00:00;142;79;2410;;17;141;2789
26.09.2020 07:00:00;26.09.2020 08:00:00;142;79;2462;;17;105;2805
26.09.2020 08:00:00;26.09.2020 09:00:00;145;76;2560;;16;102;2899
26.09.2020 09:00:00;26.09.2020 10:00:00;146;78;2649;;16;102;2991
26.09.2020 10:00:00;26.09.2020 11:00:00;146;77;2761;;17;103;3104
26.09.2020 11:00:00;26.09.2020 12:00:00;146;77;2786;;16;80;3105
26.09.2020 12:00:00;26.09.2020 13:00:00;146;75;2742;;18;79;3060
26.09.2020 13:00:00;26.09.2020 14:00:00;146;77;2696;;20;64;3003
26.09.2020 14:00:00;26.09.2020 15:00:00;141;77;2638;;16;58;2930
26.09.2020 15:00:00;26.09.2020 16:00:00;137;78;2618;;21;73;2927
26.09.2020 16:00:00;26.09.2020 17:00:00;137;76;2644;;19;94;2970
26.09.2020 17:00:00;26.09.2020 18:00:00;137;76;2650;;22;105;2990
26.09.2020 18:00:00;26.09.2020 19:00:00;137;76;2599;;20;104;2936
26.09.2020 19:00:00;26.09.2020 20:00:00;137;75;2536;;20;93;2861
26.09.2020 20:00:00;26.09.2020 21:00:00;136;75;2473;;23;97;2804
26.09.2020 21:00:00;26.09.2020 22:00:00;136;75;2421;;20;64;2716
26.09.2020 22:00:00;26.09.2020 23:00:00;135;75;2393;;15;62;2680
26.09.2020 23:00:00;27.09.2020 00:00:00;138;75;2371;;22;82;2688
27.09.2020 00:00:00;27.09.2020 01:00:00;138;69;1879;;18;119;2223
27.09.2020 01:00:00;27.09.2020 02:00:00;141;69;1878;;18;134;2240
27.09.2020 02:00:00;27.09.2020 03:00:00;141;69;2028;;19;94;2351
27.09.2020 03:00:00;27.09.2020 04:00:00;138;68;2007;;21;117;2351
27.09.2020 04:00:00;27.09.2020 05:00:00;138;68;2062;;22;150;2440
27.09.2020 05:00:00;27.09.2020 06:00:00;139;68;2191;;17;158;2573
27.09.2020 06:00:00;27.09.2020 07:00:00;142;68;2261;;17;146;2634
27.09.2020 07:00:00;27.09.2020 08:00:00;143;67;2289;;16;132;2647
27.09.2020 08:00:00;27.09.2020 09:00:00;142;67;2287;;15;130;2641
27.09.2020 09:00:00;27.09.2020 10:00:00;144;67;2322;;15;145;2693
27.09.2020 10:00:00;27.09.2020 11:00:00;146;69;2431;;17;170;2833
27.09.2020 11:00:00;27.09.2020 12:00:00;145;68;2529;;17;207;2966
27.09.2020 12:00:00;27.09.2020 13:00:00;145;69;2488;;16;247;2965
27.09.2020 13:00:00;27.09.2020 14:00:00;143;69;2477;;19;261;2969
27.09.2020 14:00:00;27.09.2020 15:00:00;138;69;2445;;10;275;2937
27.09.2020 15:00:00;27.09.2020 16:00:00;135;68;2390;;6;324;2923
27.09.2020 16:00:00;27.09.2020 17:00:00;140;68;2385;;9;345;2947
27.09.2020 17:00:00;27.09.2020 18:00:00;166;68;2394;;8;384;3020
27.09.2020 18:00:00;27.09.2020 19:00:00;165;70;2405;;8;380;3028
27.09.2020 19:00:00;27.09.2020 20:00:00;157;67;2425;;7;388;3044
27.09.2020 20:00:00;27.09.2020 21:00:00;160;66;2414;;5;414;3059
27.09.2020 21:00:00;27.09.2020 22:00:00;169;66;2323;;6;428;2992
27.09.2020 22:00:00;27.09.2020 23:00:00;143;65;2253;;2;468;2931
27.09.2020 23:00:00;28.09.2020 00:00:00;120;64;2219;;0;446;2849
28.09.2020 00:00:00;28.09.2020 01:00:00;121;67;2227;;0;446;2861
28.09.2020 01:00:00;28.09.2020 02:00:00;121;67;2136;;0;440;2764
28.09.2020 02:00:00;28.09.2020 03:00:00;138;67;2142;;3;428;2778
28.09.2020 03:00:00;28.09.2020 04:00:00;159;67;2154;;2;389;2771
28.09.2020 04:00:00;28.09.2020 05:00:00;166;67;2167;;0;360;2760
28.09.2020 05:00:00;28.09.2020 06:00:00;164;67;2352;;0;352;2935
28.09.2020 06:00:00;28.09.2020 07:00:00;174;66;2252;;0;331;2823
28.09.2020 07:00:00;28.09.2020 08:00:00;175;66;2409;;0;308;2958
28.09.2020 08:00:00;28.09.2020 09:00:00;174;68;2476;;0;275;2993
28.09.2020 09:00:00;28.09.2020 10:00:00;177;74;2502;;0;285;3038
28.09.2020 10:00:00;28.09.2020 11:00:00;177;74;2534;;0;264;3049
28.09.2020 11:00:00;28.09.2020 12:00:00;175;74;2493;;0;269;3011
28.09.2020 12:00:00;28.09.2020 13:00:00;176;74;2399;;0;222;2871
28.09.2020 13:00:00;28.09.2020 14:00:00;175;75;2485;;0;210;2945
28.09.2020 14:00:00;28.09.2020 15:00:00;175;74;2499;;0;172;2920
28.09.2020 15:00:00;28.09.2020 16:00:00;116;73;2444;;0;174;2807
28.09.2020 16:00:00;28.09.2020 17:00:00;0;72;2446;;0;212;2730
28.09.2020 17:00:00;28.09.2020 18:00:00;0;70;2368;;3;218;2659
28.09.2020 18:00:00;28.09.2020 19:00:00;0;70;2357;;4;230;2661
28.09.2020 19:00:00;28.09.2020 20:00:00;0;71;2332;;4;260;2667
28.09.2020 20:00:00;28.09.2020 21:00:00;0;71;2228;;0;258;2557
28.09.2020 21:00:00;28.09.2020 22:00:00;0;71;2219;;0;227;2517
28.09.2020 22:00:00;28.09.2020 23:00:00;0;73;2084;;0;316;2473
28.09.2020 23:00:00;29.09.2020 00:00:00;0;73;1954;;0;267;2294
29.09.2020 00:00:00;29.09.2020 01:00:00;0;68;2007;;0;266;2341
29.09.2020 01:00:00;29.09.2020 02:00:00;0;68;2002;;0;258;2328
29.09.2020 02:00:00;29.09.2020 03:00:00;0;68;2017;;0;246;2331
29.09.2020 03:00:00;29.09.2020 04:00:00;0;69;2048;;0;248;2365
29.09.2020 04:00:00;29.09.2020 05:00:00;0;69;2063;;0;264;2396
29.09.2020 05:00:00;29.09.2020 06:00:00;0;69;2149;;0;254;2472
29.09.2020 06:00:00;29.09.2020 07:00:00;0;68;2343;;0;244;2655
29.09.2020 07:00:00;29.09.2020 08:00:00;0;68;2485;;0;235;2788
29.09.2020 08:00:00;29.09.2020 09:00:00;0;66;2559;;0;238;2863
29.09.2020 09:00:00;29.09.2020 10:00:00;0;66;2556;;0;258;2880
29.09.2020 10:00:00;29.09.2020 11:00:00;0;66;2536;;0;238;2840
29.09.2020 11:00:00;29.09.2020 12:00:00;0;66;2507;;0;235;2808
29.09.2020 12:00:00;29.09.2020 13:00:00;0;66;2488;;0;181;2735
29.09.2020 13:00:00;29.09.2020 14:00:00;0;66;2482;;0;176;2724
29.09.2020 14:00:00;29.09.2020 15:00:00;0;66;2512;;0;191;2769
29.09.2020 15:00:00;29.09.2020 16:00:00;0;66;2583;;0;219;2868
29.09.2020 16:00:00;29.09.2020 17:00:00;0;67;2577;;0;194;2838
29.09.2020 17:00:00;29.09.2020 18:00:00;0;67;2600;;0;189;2856
29.09.2020 18:00:00;29.09.2020 19:00:00;0;67;2524;;0;181;2772
29.09.2020 19:00:00;29.09.2020 20:00:00;0;67;2605;;0;106;2778
29.09.2020 20:00:00;29.09.2020 21:00:00;0;67;2710;;0;114;2891
29.09.2020 21:00:00;29.09.2020 22:00:00;0;67;2700;;0;106;2873
29.09.2020 22:00:00;29.09.2020 23:00:00;0;66;2651;;0;99;2816
29.09.2020 23:00:00;30.09.2020 00:00:00;0;66;2561;;0;127;2754
30.09.2020 00:00:00;30.09.2020 01:00:00;0;63;2641;;0;136;2840
30.09.2020 01:00:00;30.09.2020 02:00:00;0;63;2617;;0;146;2826
30.09.2020 02:00:00;30.09.2020 03:00:00;0;63;2583;;0;127;2773
30.09.2020 03:00:00;30.09.2020 04:00:00;0;63;2583;;0;134;2780
30.09.2020 04:00:00;30.09.2020 05:00:00;0;63;2605;;0;126;2794
30.09.2020 05:00:00;30.09.2020 06:00:00;0;62;2614;;0;115;2791
30.09.2020 06:00:00;30.09.2020 07:00:00;0;62;2714;;0;112;2888
30.09.2020 07:00:00;30.09.2020 08:00:00;0;64;2799;;0;106;2969
30.09.2020 08:00:00;30.09.2020 09:00:00;0;67;2855;;0;106;3028
30.09.2020 09:00:00;30.09.2020 10:00:00;0;68;2866;;0;116;3050
30.09.2020 10:00:00;30.09.2020 11:00:00;0;67;2862;;0;128;3057
30.09.2020 11:00:00;30.09.2020 12:00:00;0;68;2796;;0;124;2988
30.09.2020 12:00:00;30.09.2020 13:00:00;0;66;2758;;0;134;2958
30.09.2020 13:00:00;30.09.2020 14:00:00;0;67;2643;;0;121;2831
30.09.2020 14:00:00;30.09.2020 15:00:00;0;67;2641;;0;115;2823
30.09.2020 15:00:00;30.09.2020 16:00:00;0;67;2637;;0;110;2814
30.09.2020 16:00:00;30.09.2020 17:00:00;0;67;2641;;0;116;2824
30.09.2020 17:00:00;30.09.2020 18:00:00;0;67;2611;;0;112;2790
30.09.2020 18:00:00;30.09.2020 19:00:00;0;67;2701;;0;113;2881
30.09.2020 19:00:00;30.09.2020 20:00:00;0;67;2728;;0;108;2903
30.09.2020 20:00:00;30.09.2020 21:00:00;0;67;2722;;0;103;2892
30.09.2020 21:00:00;30.09.2020 22:00:00;0;67;2718;;0;98;2883
30.09.2020 22:00:00;30.09.2020 23:00:00;0;67;2650;;0;100;2817
30.09.2020 23:00:00;01.10.2020 00:00:00;0;67;2587;;0;110;2764
01.10.2020 00:00:00;01.10.2020 01:00:00;0;67;2542;;0;105;2714
01.10.2020 01:00:00;01.10.2020 02:00:00;0;67;2454;;0;109;2630
01.10.2020 02:00:00;01.10.2020 03:00:00;0;66;2433;;0;80;2579
01.10.2020 03:00:00;01.10.2020 04:00:00;0;66;2401;;0;71;2538
01.10.2020 04:00:00;01.10.2020 05:00:00;0;66;2358;;0;83;2507
01.10.2020 05:00:00;01.10.2020 06:00:00;0;66;2471;;0;62;2599
01.10.2020 06:00:00;01.10.2020 07:00:00;0;66;2556;;0;81;2703
01.10.2020 07:00:00;01.10.2020 08:00:00;0;68;2546;;0;70;2684
01.10.2020 08:00:00;01.10.2020 09:00:00;0;64;2577;;0;59;2700
01.10.2020 09:00:00;01.10.2020 10:00:00;0;65;2580;;0;81;2726
01.10.2020 10:00:00;01.10.2020 11:00:00;0;63;2589;;0;78;2730
01.10.2020 11:00:00;01.10.2020 12:00:00;0;63;2578;;0;88;2729
01.10.2020 12:00:00;01.10.2020 13:00:00;0;65;2552;;0;123;2740
01.10.2020 13:00:00;01.10.2020 14:00:00;0;63;2548;;0;129;2740
01.10.2020 14:00:00;01.10.2020 15:00:00;0;64;2542;;0;126;2732
01.10.2020 15:00:00;01.10.2020 16:00:00;0;64;2562;;0;126;2752
01.10.2020 16:00:00;01.10.2020 17:00:00;0;64;2527;;0;117;2708
01.10.2020 17:00:00;01.10.2020 18:00:00;0;64;2580;;0;100;2744
01.10.2020 18:00:00;01.10.2020 19:00:00;0;62;2605;;10;104;2781
01.10.2020 19:00:00;01.10.2020 20:00:00;0;62;2600;;11;134;2807
01.10.2020 20:00:00;01.10.2020 21:00:00;0;62;2542;;11;121;2736
01.10.2020 21:00:00;01.10.2020 22:00:00;0;62;2556;;10;94;2722
01.10.2020 22:00:00;01.10.2020 23:00:00;0;62;2469;;10;106;2647
01.10.2020 23:00:00;02.10.2020 00:00:00;0;62;2391;;10;112;2575
02.10.2020 00:00:00;02.10.2020 01:00:00;0;57;2338;;0;141;2536
02.10.2020 01:00:00;02.10.2020 02:00:00;0;57;2260;;0;212;2529
02.10.2020 02:00:00;02.10.2020 03:00:00;0;57;2139;;0;246;2442
02.10.2020 03:00:00;02.10.2020 04:00:00;0;57;2023;;0;249;2329
02.10.2020 04:00:00;02.10.2020 05:00:00;0;58;2022;;0;291;2371
02.10.2020 05:00:00;02.10.2020 06:00:00;0;58;2174;;0;305;2537
02.10.2020 06:00:00;02.10.2020 07:00:00;0;58;2300;;0;318;2676
02.10.2020 07:00:00;02.10.2020 08:00:00;0;57;2410;;0;336;2803
02.10.2020 08:00:00;02.10.2020 09:00:00;0;57;2499;;0;348;2904
02.10.2020 09:00:00;02.10.2020 10:00:00;0;57;2522;;0;362;2941
02.10.2020 10:00:00;02.10.2020 11:00:00;0;57;2502;;0;324;2883
02.10.2020 11:00:00;02.10.2020 12:00:00;0;58;2437;;0;322;2817
02.10.2020 12:00:00;02.10.2020 13:00:00;0;58;2458;;0;263;2779
02.10.2020 13:00:00;02.10.2020 14:00:00;0;58;2519;;0;250;2827
02.10.2020 14:00:00;02.10.2020 15:00:00;0;57;2531;;0;260;2848
02.10.2020 15:00:00;02.10.2020 16:00:00;0;57;2464;;0;256;2777
02.10.2020 16:00:00;02.10.2020 17:00:00;0;57;2487;;0;270;2814
02.10.2020 17:00:00;02.10.2020 18:00:00;0;56;2483;;0;284;2823
02.10.2020 18:00:00;02.10.2020 19:00:00;0;57;2465;;0;320;2842
02.10.2020 19:00:00;02.10.2020 20:00:00;0;57;2452;;0;372;2881
02.10.2020 20:00:00;02.10.2020 21:00:00;0;57;2375;;0;416;2848
02.10.2020 21:00:00;02.10.2020 22:00:00;0;56;2305;;0;417;2778
02.10.2020 22:00:00;02.10.2020 23:00:00;0;56;2176;;0;439;2671
02.10.2020 23:00:00;03.10.2020 00:00:00;0;57;2072;;0;430;2559
03.10.2020 00:00:00;03.10.2020 01:00:00;0;55;1892;;0;430;2377
03.10.2020 01:00:00;03.10.2020 02:00:00;0;55;1792;;0;427;2274
03.10.2020 02:00:00;03.10.2020 03:00:00;0;55;1746;;0;409;2210
03.10.2020 03:00:00;03.10.2020 04:00:00;0;55;1828;;0;405;2288
03.10.2020 04:00:00;03.10.2020 05:00:00;0;55;1916;;0;390;2361
03.10.2020 05:00:00;03.10.2020 06:00:00;0;55;1782;;0;378;2215
03.10.2020 06:00:00;03.10.2020 07:00:00;0;55;1724;;0;342;2121
03.10.2020 07:00:00;03.10.2020 08:00:00;0;54;2038;;0;302;2394
03.10.2020 08:00:00;03.10.2020 09:00:00;0;54;2115;;0;296;2465
03.10.2020 09:00:00;03.10.2020 10:00:00;0;54;2150;;0;311;2515
03.10.2020 10:00:00;03.10.2020 11:00:00;0;53;2162;;0;331;2546
03.10.2020 11:00:00;03.10.2020 12:00:00;0;54;2161;;0;323;2538
03.10.2020 12:00:00;03.10.2020 13:00:00;0;54;2133;;0;299;2486
03.10.2020 13:00:00;03.10.2020 14:00:00;0;54;2166;;0;309;2529
03.10.2020 14:00:00;03.10.2020 15:00:00;0;53;2186;;0;329;2568
03.10.2020 15:00:00;03.10.2020 16:00:00;0;53;2158;;0;318;2529
03.10.2020 16:00:00;03.10.2020 17:00:00;0;53;2132;;0;314;2499
03.10.2020 17:00:00;03.10.2020 18:00:00;0;53;2155;;0;312;2520
03.10.2020 18:00:00;03.10.2020 19:00:00;0;53;2119;;0;307;2479
03.10.2020 19:00:00;03.10.2020 20:00:00;0;53;2113;;0;294;2460
03.10.2020 20:00:00;03.10.2020 21:00:00;0;53;2089;;0;272;2414
03.10.2020 21:00:00;03.10.2020 22:00:00;0;53;2103;;0;279;2435
03.10.2020 22:00:00;03.10.2020 23:00:00;0;53;2083;;0;274;2410
03.10.2020 23:00:00;04.10.2020 00:00:00;0;53;1958;;0;283;2294
04.10.2020 00:00:00;04.10.2020 01:00:00;0;51;1822;;0;281;2154
04.10.2020 01:00:00;04.10.2020 02:00:00;0;51;1836;;0;301;2188
04.10.2020 02:00:00;04.10.2020 03:00:00;0;51;1822;;0;292;2165
04.10.2020 03:00:00;04.10.2020 04:00:00;0;51;1839;;0;293;2183
04.10.2020 04:00:00;04.10.2020 05:00:00;0;51;1798;;0;312;2161
04.10.2020 05:00:00;04.10.2020 06:00:00;0;50;1750;;0;281;2081
04.10.2020 06:00:00;04.10.2020 07:00:00;0;49;1689;;0;288;2026
04.10.2020 07:00:00;04.10.2020 08:00:00;0;49;1945;;0;288;2282
04.10.2020 08:00:00;04.10.2020 09:00:00;0;50;2122;;0;277;2449
04.10.2020 09:00:00;04.10.2020 10:00:00;0;50;2177;;0;313;2540
04.10.2020 10:00:00;04.10.2020 11:00:00;0;50;2223;;0;281;2554
04.10.2020 11:00:00;04.10.2020 12:00:00;0;50;2161;;0;312;2523
04.10.2020 12:00:00;04.10.2020 13:00:00;0;50;2203;;0;322;2575
04.10.2020 13:00:00;04.10.2020 14:00:00;0;51;2202;;0;281;2534
04.10.2020 14:00:00;04.10.2020 15:00:00;0;50;2203;;0;291;2544
04.10.2020 15:00:00;04.10.2020 16:00:00;0;50;2119;;0;298;2467
04.10.2020 16:00:00;04.10.2020 17:00:00;0;50;2091;;0;339;2480
04.10.2020 17:00:00;04.10.2020 18:00:00;0;50;2088;;0;399;2537
04.10.2020 18:00:00;04.10.2020 19:00:00;0;50;2101;;0;366;2517
04.10.2020 19:00:00;04.10.2020 20:00:00;0;50;2064;;0;357;2471
04.10.2020 20:00:00;04.10.2020 21:00:00;0;50;2061;;0;359;2470
04.10.2020 21:00:00;04.10.2020 22:00:00;0;50;2029;;0;369;2448
04.10.2020 22:00:00;04.10.2020 23:00:00;0;50;2022;;0;373;2445
04.10.2020 23:00:00;05.10.2020 00:00:00;0;50;1994;;0;358;2402
05.10.2020 00:00:00;05.10.2020 01:00:00;0;49;1940;;0;382;2371
05.10.2020 01:00:00;05.10.2020 02:00:00;0;49;1885;;0;417;2351
05.10.2020 02:00:00;05.10.2020 03:00:00;0;49;1847;;0;394;2290
05.10.2020 03:00:00;05.10.2020 04:00:00;0;48;1806;;0;359;2213
05.10.2020 04:00:00;05.10.2020 05:00:00;0;48;1820;;0;352;2220
05.10.2020 05:00:00;05.10.2020 06:00:00;0;48;1881;;0;385;2314
05.10.2020 06:00:00;05.10.2020 07:00:00;0;48;2003;;0;380;2431
05.10.2020 07:00:00;05.10.2020 08:00:00;0;48;2189;;0;371;2608
05.10.2020 08:00:00;05.10.2020 09:00:00;0;49;2267;;0;334;2650
05.10.2020 09:00:00;05.10.2020 10:00:00;0;46;2325;;0;348;2719
05.10.2020 10:00:00;05.10.2020 11:00:00;0;46;2299;;0;352;2697
05.10.2020 11:00:00;05.10.2020 12:00:00;0;43;2274;;0;391;2708
05.10.2020 12:00:00;05.10.2020 13:00:00;0;43;2218;;0;400;2661
05.10.2020 13:00:00;05.10.2020 14:00:00;0;44;2184;;0;407;2635
05.10.2020 14:00:00;05.10.2020 15:00:00;0;43;2188;;0;406;2637
05.10.2020 15:00:00;05.10.2020 16:00:00;0;43;2159;;0;404;2606
05.10.2020 16:00:00;05.10.2020 17:00:00;0;43;2155;;0;415;2613
05.10.2020 17:00:00;05.10.2020 18:00:00;0;43;2145;;0;401;2589
05.10.2020 18:00:00;05.10.2020 19:00:00;0;43;2175;;0;410;2628
05.10.2020 19:00:00;05.10.2020 20:00:00;0;43;2180;;0;421;2644
05.10.2020 20:00:00;05.10.2020 21:00:00;0;43;2170;;0;422;2635
05.10.2020 21:00:00;05.10.2020 22:00:00;0;43;2093;;0;418;2554
05.10.2020 22:00:00;05.10.2020 23:00:00;0;43;2054;;0;444;2541
05.10.2020 23:00:00;06.10.2020 00:00:00;0;43;2026;;0;446;2515
06.10.2020 00:00:00;06.10.2020 01:00:00;0;42;1928;;0;454;2424
06.10.2020 01:00:00;06.10.2020 02:00:00;0;42;1930;;0;457;2429
06.10.2020 02:00:00;06.10.2020 03:00:00;0;42;1913;;0;462;2417
06.10.2020 03:00:00;06.10.2020 04:00:00;0;42;1849;;0;462;2353
06.10.2020 04:00:00;06.10.2020 05:00:00;0;42;1846;;0;467;2355
06.10.2020 05:00:00;06.10.2020 06:00:00;0;42;1864;;0;474;2380
06.10.2020 06:00:00;06.10.2020 07:00:00;0;42;1920;;0;475;2437
06.10.2020 07:00:00;06.10.2020 08:00:00;0;42;1973;;0;507;2522
06.10.2020 08:00:00;06.10.2020 09:00:00;0;42;2094;;0;471;2607
06.10.2020 09:00:00;06.10.2020 10:00:00;0;41;2120;;0;475;2636
06.10.2020 10:00:00;06.10.2020 11:00:00;0;41;2121;;0;462;2624
06.10.2020 11:00:00;06.10.2020 12:00:00;0;41;2121;;0;449;2611
06.10.2020 12:00:00;06.10.2020 13:00:00;0;41;2075;;0;473;2589
06.10.2020 13:00:00;06.10.2020 14:00:00;0;42;2096;;0;475;2613
06.10.2020 14:00:00;06.10.2020 15:00:00;0;41;2074;;0;486;2601
06.10.2020 15:00:00;06.10.2020 16:00:00;0;42;2064;;0;506;2612
06.10.2020 16:00:00;06.10.2020 17:00:00;0;42;2021;;0;510;2573
06.10.2020 17:00:00;06.10.2020 18:00:00;0;41;1971;;0;519;2531
06.10.2020 18:00:00;06.10.2020 19:00:00;0;41;1979;;0;526;2546
06.10.2020 19:00:00;06.10.2020 20:00:00;0;41;1985;;0;510;2536
06.10.2020 20:00:00;06.10.2020 21:00:00;0;41;1945;;0;485;2471
06.10.2020 21:00:00;06.10.2020 22:00:00;0;41;1930;;0;506;2477
06.10.2020 22:00:00;06.10.2020 23:00:00;0;42;1941;;0;509;2492
06.10.2020 23:00:00;07.10.2020 00:00:00;0;42;1893;;0;514;2449
07.10.2020 00:00:00;07.10.2020 01:00:00;0;40;1818;;0;507;2365
07.10.2020 01:00:00;07.10.2020 02:00:00;0;40;1689;;0;482;2211
07.10.2020 02:00:00;07.10.2020 03:00:00;0;40;1676;;0;509;2225
07.10.2020 03:00:00;07.10.2020 04:00:00;0;40;1696;;0;464;2200
07.10.2020 04:00:00;07.10.2020 05:00:00;0;40;1665;;0;458;2163
07.10.2020 05:00:00;07.10.2020 06:00:00;0;40;1708;;0;493;2241
07.10.2020 06:00:00;07.10.2020 07:00:00;0;40;1757;;0;501;2298
07.10.2020 07:00:00;07.10.2020 08:00:00;0;40;1908;;0;439;2387
07.10.2020 08:00:00;07.10.2020 09:00:00;0;40;1985;;0;430;2455
07.10.2020 09:00:00;07.10.2020 10:00:00;0;40;2047;;0;409;2496
07.10.2020 10:00:00;07.10.2020 11:00:00;0;40;2175;;0;423;2638
07.10.2020 11:00:00;07.10.2020 12:00:00;0;39;2135;;0;386;2560
07.10.2020 12:00:00;07.10.2020 13:00:00;0;39;2171;;0;378;2588
07.10.2020 13:00:00;07.10.2020 14:00:00;0;39;2201;;0;401;2641
07.10.2020 14:00:00;07.10.2020 15:00:00;0;39;2157;;0;415;2611
07.10.2020 15:00:00;07.10.2020 16:00:00;0;39;2148;;0;432;2619
07.10.2020 16:00:00;07.10.2020 17:00:00;0;39;2133;;0;437;2609
07.10.2020 17:00:00;07.10.2020 18:00:00;0;39;2157;;0;397;2593
07.10.2020 18:00:00;07.10.2020 19:00:00;0;40;2133;;0;426;2599
07.10.2020 19:00:00;07.10.2020 20:00:00;0;40;2066;;0;478;2584
07.10.2020 20:00:00;07.10.2020 21:00:00;0;40;2024;;0;460;2524
07.10.2020 21:00:00;07.10.2020 22:00:00;0;40;2036;;0;469;2545
07.10.2020 22:00:00;07.10.2020 23:00:00;0;40;1955;;0;456;2451
07.10.2020 23:00:00;08.10.2020 00:00:00;0;40;1921;;0;457;2418
08.10.2020 00:00:00;08.10.2020 01:00:00;0;40;1841;;0;470;2351
08.10.2020 01:00:00;08.10.2020 02:00:00;0;40;1778;;0;473;2291
08.10.2020 02:00:00;08.10.2020 03:00:00;0;40;1779;;0;456;2275
08.10.2020 03:00:00;08.10.2020 04:00:00;0;40;1765;;0;434;2239
08.10.2020 04:00:00;08.10.2020 05:00:00;0;40;1780;;0;402;2222
08.10.2020 05:00:00;08.10.2020 06:00:00;0;40;1853;;0;374;2267
08.10.2020 06:00:00;08.10.2020 07:00:00;0;41;1901;;0;367;2309
08.10.2020 07:00:00;08.10.2020 08:00:00;0;41;1976;;0;363;2380
08.10.2020 08:00:00;08.10.2020 09:00:00;0;41;2069;;0;360;2470
08.10.2020 09:00:00;08.10.2020 10:00:00;0;41;2169;;0;278;2488
08.10.2020 10:00:00;08.10.2020 11:00:00;0;41;2318;;0;280;2639
08.10.2020 11:00:00;08.10.2020 12:00:00;0;40;2353;;0;265;2658
08.10.2020 12:00:00;08.10.2020 13:00:00;0;38;2428;;0;244;2710
08.10.2020 13:00:00;08.10.2020 14:00:00;0;37;2434;;0;236;2707
08.10.2020 14:00:00;08.10.2020 15:00:00;0;37;2408;;0;211;2656
08.10.2020 15:00:00;08.10.2020 16:00:00;0;37;2412;;0;254;2703
08.10.2020 16:00:00;08.10.2020 17:00:00;0;37;2390;;8;278;2713
08.10.2020 17:00:00;08.10.2020 18:00:00;0;37;2410;;8;320;2775
08.10.2020 18:00:00;08.10.2020 19:00:00;0;39;2363;;9;351;2762
08.10.2020 19:00:00;08.10.2020 20:00:00;0;38;2364;;5;320;2727
08.10.2020 20:00:00;08.10.2020 21:00:00;0;38;2317;;8;320;2683
08.10.2020 21:00:00;08.10.2020 22:00:00;0;38;2329;;7;352;2726
08.10.2020 22:00:00;08.10.2020 23:00:00;0;38;2283;;8;349;2678
08.10.2020 23:00:00;09.10.2020 00:00:00;0;38;2296;;8;335;2677
09.10.2020 00:00:00;09.10.2020 01:00:00;0;40;2143;;8;270;2461
09.10.2020 01:00:00;09.10.2020 02:00:00;0;40;2124;;8;254;2426
09.10.2020 02:00:00;09.10.2020 03:00:00;0;40;2109;;7;231;2387
09.10.2020 03:00:00;09.10.2020 04:00:00;0;40;2103;;8;229;2380
09.10.2020 04:00:00;09.10.2020 05:00:00;0;40;2055;;8;239;2342
09.10.2020 05:00:00;09.10.2020 06:00:00;0;40;2047;;8;211;2306
09.10.2020 06:00:00;09.10.2020 07:00:00;0;40;2084;;7;243;2374
09.10.2020 07:00:00;09.10.2020 08:00:00;0;40;2210;;8;304;2562
09.10.2020 08:00:00;09.10.2020 09:00:00;0;39;2317;;8;239;2603
09.10.2020 09:00:00;09.10.2020 10:00:00;0;39;2431;;6;206;2682
09.10.2020 10:00:00;09.10.2020 11:00:00;0;39;2500;;7;163;2709
09.10.2020 11:00:00;09.10.2020 12:00:00;0;39;2479;;9;123;2650
09.10.2020 12:00:00;09.10.2020 13:00:00;0;39;2579;;9;103;2730
09.10.2020 13:00:00;09.10.2020 14:00:00;0;39;2612;;9;92;2752
09.10.2020 14:00:00;09.10.2020 15:00:00;0;39;2637;;7;50;2733
09.10.2020 15:00:00;09.10.2020 16:00:00;0;41;2646;;9;41;2737
09.10.2020 16:00:00;09.10.2020 17:00:00;0;41;2661;;9;32;2743
09.10.2020 17:00:00;09.10.2020 18:00:00;0;41;2685;;9;21;2756
09.10.2020 18:00:00;09.10.2020 19:00:00;0;41;2664;;11;22;2738
09.10.2020 19:00:00;09.10.2020 20:00:00;0;41;2643;;10;17;2711
09.10.2020 20:00:00;09.10.2020 21:00:00;0;40;2700;;11;20;2771
09.10.2020 21:00:00;09.10.2020 22:00:00;0;40;2668;;0;21;2729
09.10.2020 22:00:00;09.10.2020 23:00:00;0;40;2622;;9;21;2692
09.10.2020 23:00:00;10.10.2020 00:00:00;0;40;2605;;10;23;2678
10.10.2020 00:00:00;10.10.2020 01:00:00;0;39;2451;;0;20;2510
10.10.2020 01:00:00;10.10.2020 02:00:00;0;39;2395;;0;21;2455
10.10.2020 02:00:00;10.10.2020 03:00:00;0;40;2379;;0;18;2437
10.10.2020 03:00:00;10.10.2020 04:00:00;0;39;2398;;0;16;2453
10.10.2020 04:00:00;10.10.2020 05:00:00;0;40;2421;;0;7;2468
10.10.2020 05:00:00;10.10.2020 06:00:00;0;40;2406;;0;22;2468
10.10.2020 06:00:00;10.10.2020 07:00:00;0;40;2431;;0;22;2493
10.10.2020 07:00:00;10.10.2020 08:00:00;0;40;2429;;0;17;2486
10.10.2020 08:00:00;10.10.2020 09:00:00;0;39;2471;;0;17;2527
10.10.2020 09:00:00;10.10.2020 10:00:00;0;40;2544;;0;40;2624
10.10.2020 10:00:00;10.10.2020 11:00:00;0;40;2582;;0;84;2706
10.10.2020 11:00:00;10.10.2020 12:00:00;0;41;2538;;0;114;2693
10.10.2020 12:00:00;10.10.2020 13:00:00;0;41;2451;;0;135;2627
10.10.2020 13:00:00;10.10.2020 14:00:00;0;43;2403;;0;166;2612
10.10.2020 14:00:00;10.10.2020 15:00:00;0;41;2389;;0;126;2556
10.10.2020 15:00:00;10.10.2020 16:00:00;0;42;2392;;0;117;2551
10.10.2020 16:00:00;10.10.2020 17:00:00;0;42;2408;;0;91;2541
10.10.2020 17:00:00;10.10.2020 18:00:00;0;42;2418;;0;77;2537
10.10.2020 18:00:00;10.10.2020 19:00:00;0;42;2379;;0;74;2495
10.10.2020 19:00:00;10.10.2020 20:00:00;0;42;2435;;1;70;2548
10.10.2020 20:00:00;10.10.2020 21:00:00;0;42;2481;;7;77;2607
10.10.2020 21:00:00;10.10.2020 22:00:00;0;42;2451;;7;79;2579
10.10.2020 22:00:00;10.10.2020 23:00:00;0;42;2401;;7;96;2546
10.10.2020 23:00:00;11.10.2020 00:00:00;0;43;2351;;8;104;2506
11.10.2020 00:00:00;11.10.2020 01:00:00;0;43;2267;;10;117;2437
11.10.2020 01:00:00;11.10.2020 02:00:00;0;43;2264;;11;108;2426
11.10.2020 02:00:00;11.10.2020 03:00:00;0;43;2280;;10;120;2453
11.10.2020 03:00:00;11.10.2020 04:00:00;0;43;2224;;10;139;2416
11.10.2020 04:00:00;11.10.2020 05:00:00;0;43;2203;;10;129;2385
11.10.2020 05:00:00;11.10.2020 06:00:00;0;43;2235;;10;108;2396
11.10.2020 06:00:00;11.10.2020 07:00:00;0;42;2275;;12;107;2436
11.10.2020 07:00:00;11.10.2020 08:00:00;0;42;2295;;11;127;2475
11.10.2020 08:00:00;11.10.2020 09:00:00;0;42;2318;;9;128;2497
11.10.2020 09:00:00;11.10.2020 10:00:00;0;42;2354;;11;114;2521
11.10.2020 10:00:00;11.10.2020 11:00:00;0;42;2439;;9;110;2600
11.10.2020 11:00:00;11.10.2020 12:00:00;0;42;2457;;10;104;2613
11.10.2020 12:00:00;11.10.2020 13:00:00;0;41;2464;;12;71;2588
11.10.2020 13:00:00;11.10.2020 14:00:00;0;41;2574;;9;39;2663
11.10.2020 14:00:00;11.10.2020 15:00:00;0;41;2627;;8;28;2704
11.10.2020 15:00:00;11.10.2020 16:00:00;0;41;2631;;8;25;2705
11.10.2020 16:00:00;11.10.2020 17:00:00;0;41;2688;;9;27;2765
11.10.2020 17:00:00;11.10.2020 18:00:00;0;41;2714;;10;30;2795
11.10.2020 18:00:00;11.10.2020 19:00:00;0;41;2673;;8;34;2756
11.10.2020 19:00:00;11.10.2020 20:00:00;0;41;2617;;8;28;2694
11.10.2020 20:00:00;11.10.2020 21:00:00;0;41;2672;;10;22;2745
11.10.2020 21:00:00;11.10.2020 22:00:00;0;41;2659;;7;23;2730
11.10.2020 22:00:00;11.10.2020 23:00:00;0;41;2669;;7;19;2736
11.10.2020 23:00:00;12.10.2020 00:00:00;0;40;2634;;7;20;2701
12.10.2020 00:00:00;12.10.2020 01:00:00;0;42;2490;;8;20;2560
12.10.2020 01:00:00;12.10.2020 02:00:00;0;41;2451;;10;24;2526
12.10.2020 02:00:00;12.10.2020 03:00:00;0;41;2461;;11;23;2536
12.10.2020 03:00:00;12.10.2020 04:00:00;0;41;2422;;11;21;2495
12.10.2020 04:00:00;12.10.2020 05:00:00;0;41;2422;;11;22;2496
12.10.2020 05:00:00;12.10.2020 06:00:00;0;41;2483;;10;27;2561
12.10.2020 06:00:00;12.10.2020 07:00:00;0;42;2562;;10;42;2656
12.10.2020 07:00:00;12.10.2020 08:00:00;0;42;2612;;13;43;2710
12.10.2020 08:00:00;12.10.2020 09:00:00;0;42;2722;;12;43;2819
12.10.2020 09:00:00;12.10.2020 10:00:00;0;42;2687;;12;57;2798
12.10.2020 10:00:00;12.10.2020 11:00:00;0;43;2740;;16;55;2854
12.10.2020 11:00:00;12.10.2020 12:00:00;0;42;2823;;15;48;2928
12.10.2020 12:00:00;12.10.2020 13:00:00;0;42;2841;;16;56;2955
12.10.2020 13:00:00;12.10.2020 14:00:00;0;42;2979;;14;44;3079
12.10.2020 14:00:00;12.10.2020 15:00:00;0;42;2988;;18;31;3079
12.10.2020 15:00:00;12.10.2020 16:00:00;0;42;3023;;13;32;3110
12.10.2020 16:00:00;12.10.2020 17:00:00;0;42;3009;;15;34;3100
12.10.2020 17:00:00;12.10.2020 18:00:00;0;42;2986;;14;41;3083
12.10.2020 18:00:00;12.10.2020 19:00:00;0;42;2875;;14;61;2992
12.10.2020 19:00:00;12.10.2020 20:00:00;0;42;2876;;15;61;2994
12.10.2020 20:00:00;12.10.2020 21:00:00;0;42;2883;;17;57;2999
12.10.2020 21:00:00;12.10.2020 22:00:00;0;41;2876;;15;66;2998
12.10.2020 22:00:00;12.10.2020 23:00:00;0;42;2874;;17;59;2992
12.10.2020 23:00:00;13.10.2020 00:00:00;0;41;2800;;14;72;2927
13.10.2020 00:00:00;13.10.2020 01:00:00;0;41;2655;;17;54;2767
13.10.2020 01:00:00;13.10.2020 02:00:00;0;41;2613;;17;63;2734
13.10.2020 02:00:00;13.10.2020 03:00:00;0;41;2560;;17;42;2660
13.10.2020 03:00:00;13.10.2020 04:00:00;0;41;2575;;16;51;2683
13.10.2020 04:00:00;13.10.2020 05:00:00;0;41;2547;;16;62;2666
13.10.2020 05:00:00;13.10.2020 06:00:00;0;41;2559;;16;83;2699
13.10.2020 06:00:00;13.10.2020 07:00:00;0;41;2666;;15;89;2811
13.10.2020 07:00:00;13.10.2020 08:00:00;0;41;2662;;17;76;2796
13.10.2020 08:00:00;13.10.2020 09:00:00;0;41;2717;;16;66;2840
13.10.2020 09:00:00;13.10.2020 10:00:00;0;41;2756;;17;47;2861
13.10.2020 10:00:00;13.10.2020 11:00:00;0;41;2817;;18;22;2898
13.10.2020 11:00:00;13.10.2020 12:00:00;0;41;2814;;20;19;2894
13.10.2020 12:00:00;13.10.2020 13:00:00;0;41;2834;;15;24;2914
13.10.2020 13:00:00;13.10.2020 14:00:00;0;41;2835;;16;41;2933
13.10.2020 14:00:00;13.10.2020 15:00:00;0;41;2861;;16;64;2982
13.10.2020 15:00:00;13.10.2020 16:00:00;0;41;2881;;18;54;2994
13.10.2020 16:00:00;13.10.2020 17:00:00;0;41;2870;;20;54;2985
13.10.2020 17:00:00;13.10.2020 18:00:00;0;40;2915;;16;62;3033
13.10.2020 18:00:00;13.10.2020 19:00:00;0;41;3011;;17;52;3121
13.10.2020 19:00:00;13.10.2020 20:00:00;0;41;2986;;17;43;3087
13.10.2020 20:00:00;13.10.2020 21:00:00;0;40;2991;;16;54;3101
13.10.2020 21:00:00;13.10.2020 22:00:00;0;41;3001;;18;61;3121
13.10.2020 22:00:00;13.10.2020 23:00:00;0;40;2943;;4;95;3082
13.10.2020 23:00:00;14.10.2020 00:00:00;0;40;2857;;0;123;3020
14.10.2020 00:00:00;14.10.2020 01:00:00;0;38;2672;;0;146;2856
14.10.2020 01:00:00;14.10.2020 02:00:00;0;38;2552;;0;195;2785
14.10.2020 02:00:00;14.10.2020 03:00:00;0;38;2516;;0;279;2833
14.10.2020 03:00:00;14.10.2020 04:00:00;0;38;2407;;1;304;2750
14.10.2020 04:00:00;14.10.2020 05:00:00;0;38;2385;;18;350;2791
14.10.2020 05:00:00;14.10.2020 06:00:00;0;38;2371;;18;327;2754
14.10.2020 06:00:00;14.10.2020 07:00:00;0;38;2462;;18;273;2791
14.10.2020 07:00:00;14.10.2020 08:00:00;0;38;2645;;20;271;2974
14.10.2020 08:00:00;14.10.2020 09:00:00;0;38;2640;;1;259;2938
14.10.2020 09:00:00;14.10.2020 10:00:00;0;38;2586;;1;385;3010
14.10.2020 10:00:00;14.10.2020 11:00:00;0;38;2563;;22;387;3010
14.10.2020 11:00:00;14.10.2020 12:00:00;0;38;2566;;1;324;2929
14.10.2020 12:00:00;14.10.2020 13:00:00;0;39;2577;;1;354;2971
14.10.2020 13:00:00;14.10.2020 14:00:00;0;39;2547;;1;367;2954
14.10.2020 14:00:00;14.10.2020 15:00:00;0;39;2515;;2;423;2979
14.10.2020 15:00:00;14.10.2020 16:00:00;0;39;2495;;2;444;2980
14.10.2020 16:00:00;14.10.2020 17:00:00;0;40;2373;;4;456;2873
14.10.2020 17:00:00;14.10.2020 18:00:00;0;40;2328;;18;474;2860
14.10.2020 18:00:00;14.10.2020 19:00:00;0;40;2302;;17;477;2836
14.10.2020 19:00:00;14.10.2020 20:00:00;0;40;2384;;17;466;2907
14.10.2020 20:00:00;14.10.2020 21:00:00;0;40;2434;;16;438;2928
14.10.2020 21:00:00;14.10.2020 22:00:00;0;40;2479;;18;394;2931
14.10.2020 22:00:00;14.10.2020 23:00:00;0;39;2458;;19;383;2899
14.10.2020 23:00:00;15.10.2020 00:00:00;0;39;2431;;16;327;2813
15.10.2020 00:00:00;15.10.2020 01:00:00;0;41;2455;;18;316;2830
15.10.2020 01:00:00;15.10.2020 02:00:00;0;41;2434;;16;338;2829
15.10.2020 02:00:00;15.10.2020 03:00:00;0;41;2464;;15;307;2827
15.10.2020 03:00:00;15.10.2020 04:00:00;0;41;2460;;16;278;2795
15.10.2020 04:00:00;15.10.2020 05:00:00;0;41;2489;;14;241;2785
15.10.2020 05:00:00;15.10.2020 06:00:00;0;40;2558;;15;248;2861
15.10.2020 06:00:00;15.10.2020 07:00:00;0;41;2549;;13;250;2853
15.10.2020 07:00:00;15.10.2020 08:00:00;0;40;2610;;14;218;2882
15.10.2020 08:00:00;15.10.2020 09:00:00;0;41;2748;;15;190;2994
15.10.2020 09:00:00;15.10.2020 10:00:00;0;40;2791;;15;184;3030
15.10.2020 10:00:00;15.10.2020 11:00:00;0;41;2810;;16;236;3103
15.10.2020 11:00:00;15.10.2020 12:00:00;0;41;2793;;16;259;3109
15.10.2020 12:00:00;15.10.2020 13:00:00;0;41;2698;;10;254;3003
15.10.2020 13:00:00;15.10.2020 14:00:00;0;41;2690;;12;170;2913
15.10.2020 14:00:00;15.10.2020 15:00:00;0;41;2701;;0;170;2912
15.10.2020 15:00:00;15.10.2020 16:00:00;0;40;2757;;0;156;2953
15.10.2020 16:00:00;15.10.2020 17:00:00;0;40;2769;;0;126;2935
15.10.2020 17:00:00;15.10.2020 18:00:00;0;41;2778;;0;97;2916
15.10.2020 18:00:00;15.10.2020 19:00:00;0;41;2807;;0;94;2942
15.10.2020 19:00:00;15.10.2020 20:00:00;0;41;2793;;0;99;2933
15.10.2020 20:00:00;15.10.2020 21:00:00;0;41;2799;;0;109;2949
15.10.2020 21:00:00;15.10.2020 22:00:00;0;41;2799;;0;137;2977
15.10.2020 22:00:00;15.10.2020 23:00:00;0;41;2758;;0;151;2950
15.10.2020 23:00:00;16.10.2020 00:00:00;0;41;2682;;0;156;2879
16.10.2020 00:00:00;16.10.2020 01:00:00;0;40;2657;;4;160;2861
16.10.2020 01:00:00;16.10.2020 02:00:00;0;40;2601;;18;170;2829
16.10.2020 02:00:00;16.10.2020 03:00:00;0;39;2567;;17;169;2792
16.10.2020 03:00:00;16.10.2020 04:00:00;0;39;2550;;18;151;2758
16.10.2020 04:00:00;16.10.2020 05:00:00;0;39;2522;;20;161;2742
16.10.2020 05:00:00;16.10.2020 06:00:00;0;39;2515;;19;139;2712
16.10.2020 06:00:00;16.10.2020 07:00:00;0;39;2643;;20;144;2846
16.10.2020 07:00:00;16.10.2020 08:00:00;0;39;2645;;21;212;2917
16.10.2020 08:00:00;16.10.2020 09:00:00;0;39;2699;;23;230;2991
16.10.2020 09:00:00;16.10.2020 10:00:00;0;39;2779;;14;189;3021
16.10.2020 10:00:00;16.10.2020 11:00:00;0;39;2760;;15;179;2993
16.10.2020 11:00:00;16.10.2020 12:00:00;0;40;2734;;9;179;2962
16.10.2020 12:00:00;16.10.2020 13:00:00;0;40;2735;;14;166;2955
16.10.2020 13:00:00;16.10.2020 14:00:00;0;40;2738;;18;171;2967
16.10.2020 14:00:00;16.10.2020 15:00:00;0;40;2808;;22;166;3036
16.10.2020 15:00:00;16.10.2020 16:00:00;0;37;2810;;21;141;3009
16.10.2020 16:00:00;16.10.2020 17:00:00;0;38;2827;;24;134;3023
16.10.2020 17:00:00;16.10.2020 18:00:00;0;37;2856;;22;125;3040
16.10.2020 18:00:00;16.10.2020 19:00:00;0;38;2862;;22;102;3024
16.10.2020 19:00:00;16.10.2020 20:00:00;0;38;2722;;23;108;2891
16.10.2020 20:00:00;16.10.2020 21:00:00;0;38;2666;;25;105;2834
16.10.2020 21:00:00;16.10.2020 22:00:00;0;37;2673;;21;117;2848
16.10.2020 22:00:00;16.10.2020 23:00:00;0;38;2746;;21;91;2896
16.10.2020 23:00:00;17.10.2020 00:00:00;0;38;2655;;23;112;2828
17.10.2020 00:00:00;17.10.2020 01:00:00;0;48;2703;;22;71;2844
17.10.2020 01:00:00;17.10.2020 02:00:00;0;48;2472;;21;35;2576
17.10.2020 02:00:00;17.10.2020 03:00:00;0;49;2450;;24;64;2587
17.10.2020 03:00:00;17.10.2020 04:00:00;0;49;2418;;23;39;2529
17.10.2020 04:00:00;17.10.2020 05:00:00;0;49;2387;;16;30;2482
17.10.2020 05:00:00;17.10.2020 06:00:00;0;48;2392;;22;34;2496
17.10.2020 06:00:00;17.10.2020 07:00:00;0;48;2400;;23;35;2506
17.10.2020 07:00:00;17.10.2020 08:00:00;0;48;2472;;22;59;2601
17.10.2020 08:00:00;17.10.2020 09:00:00;0;48;2551;;23;156;2778
17.10.2020 09:00:00;17.10.2020 10:00:00;0;49;2604;;22;195;2870
17.10.2020 10:00:00;17.10.2020 11:00:00;0;49;2679;;22;227;2977
17.10.2020 11:00:00;17.10.2020 12:00:00;0;49;2694;;21;227;2991
17.10.2020 12:00:00;17.10.2020 13:00:00;0;49;2616;;22;269;2956
17.10.2020 13:00:00;17.10.2020 14:00:00;0;48;2505;;23;286;2862
17.10.2020 14:00:00;17.10.2020 15:00:00;0;48;2465;;23;304;2840
17.10.2020 15:00:00;17.10.2020 16:00:00;0;48;2467;;24;291;2830
17.10.2020 16:00:00;17.10.2020 17:00:00;0;48;2548;;21;286;2903
17.10.2020 17:00:00;17.10.2020 18:00:00;0;47;2649;;21;268;2985
17.10.2020 18:00:00;17.10.2020 19:00:00;0;47;2732;;23;213;3015
17.10.2020 19:00:00;17.10.2020 20:00:00;0;46;2707;;22;165;2940
17.10.2020 20:00:00;17.10.2020 21:00:00;0;46;2621;;19;122;2808
17.10.2020 21:00:00;17.10.2020 22:00:00;0;46;2558;;21;82;2707
17.10.2020 22:00:00;17.10.2020 23:00:00;0;46;2481;;21;90;2638
17.10.2020 23:00:00;18.10.2020 00:00:00;0;46;2426;;20;88;2580
18.10.2020 00:00:00;18.10.2020 01:00:00;0;47;2412;;23;66;2548
18.10.2020 01:00:00;18.10.2020 02:00:00;0;47;2385;;23;47;2502
18.10.2020 02:00:00;18.10.2020 03:00:00;0;47;2418;;25;29;2519
18.10.2020 03:00:00;18.10.2020 04:00:00;0;46;2419;;23;30;2518
18.10.2020 04:00:00;18.10.2020 05:00:00;0;46;2393;;23;54;2516
18.10.2020 05:00:00;18.10.2020 06:00:00;0;46;2496;;20;40;2602
18.10.2020 06:00:00;18.10.2020 07:00:00;0;47;2655;;20;50;2772
18.10.2020 07:00:00;18.10.2020 08:00:00;0;47;2812;;23;40;2922
18.10.2020 08:00:00;18.10.2020 09:00:00;0;47;2916;;23;44;3030
18.10.2020 09:00:00;18.10.2020 10:00:00;0;47;2941;;21;46;3055
18.10.2020 10:00:00;18.10.2020 11:00:00;0;47;2949;;23;52;3071
18.10.2020 11:00:00;18.10.2020 12:00:00;0;47;2943;;23;36;3049
18.10.2020 12:00:00;18.10.2020 13:00:00;0;47;2920;;24;22;3013
18.10.2020 13:00:00;18.10.2020 14:00:00;0;47;2906;;20;26;2999
18.10.2020 14:00:00;18.10.2020 15:00:00;0;47;2895;;15;21;2978
18.10.2020 15:00:00;18.10.2020 16:00:00;0;47;2942;;21;37;3047
18.10.2020 16:00:00;18.10.2020 17:00:00;0;47;2917;;23;21;3008
18.10.2020 17:00:00;18.10.2020 18:00:00;0;47;2933;;22;33;3035
18.10.2020 18:00:00;18.10.2020 19:00:00;0;47;2733;;22;27;2829
18.10.2020 19:00:00;18.10.2020 20:00:00;0;47;2607;;20;19;2693
18.10.2020 20:00:00;18.10.2020 21:00:00;0;46;2544;;22;24;2636
18.10.2020 21:00:00;18.10.2020 22:00:00;0;46;2529;;23;22;2620
18.10.2020 22:00:00;18.10.2020 23:00:00;0;46;2721;;23;33;2823
18.10.2020 23:00:00;19.10.2020 00:00:00;0;46;2790;;23;29;2888
19.10.2020 00:00:00;19.10.2020 01:00:00;0;47;2951;;22;24;3044
19.10.2020 01:00:00;19.10.2020 02:00:00;0;47;2940;;24;42;3053
19.10.2020 02:00:00;19.10.2020 03:00:00;0;47;2934;;23;30;3034
19.10.2020 03:00:00;19.10.2020 04:00:00;0;47;2899;;23;19;2988
19.10.2020 04:00:00;19.10.2020 05:00:00;0;47;2904;;23;20;2994
19.10.2020 05:00:00;19.10.2020 06:00:00;0;47;2848;;23;28;2946
19.10.2020 06:00:00;19.10.2020 07:00:00;0;47;3000;;23;26;3096
19.10.2020 07:00:00;19.10.2020 08:00:00;0;47;3135;;22;28;3232
19.10.2020 08:00:00;19.10.2020 09:00:00;0;46;3009;;22;44;3121
19.10.2020 09:00:00;19.10.2020 10:00:00;0;46;2961;;24;57;3088
19.10.2020 10:00:00;19.10.2020 11:00:00;0;45;2971;;23;81;3120
19.10.2020 11:00:00;19.10.2020 12:00:00;0;45;2955;;24;76;3100
19.10.2020 12:00:00;19.10.2020 13:00:00;0;46;3072;;22;86;3226
19.10.2020 13:00:00;19.10.2020 14:00:00;0;47;3112;;23;101;3283
19.10.2020 14:00:00;19.10.2020 15:00:00;0;48;3125;;22;105;3300
19.10.2020 15:00:00;19.10.2020 16:00:00;0;48;3153;;22;126;3349
19.10.2020 16:00:00;19.10.2020 17:00:00;0;48;3143;;24;143;3358
19.10.2020 17:00:00;19.10.2020 18:00:00;0;48;3126;;24;127;3325
19.10.2020 18:00:00;19.10.2020 19:00:00;0;48;3139;;21;126;3334
19.10.2020 19:00:00;19.10.2020 20:00:00;0;47;3136;;24;125;3332
19.10.2020 20:00:00;19.10.2020 21:00:00;0;47;3109;;24;119;3299
19.10.2020 21:00:00;19.10.2020 22:00:00;0;47;3105;;23;80;3255
19.10.2020 22:00:00;19.10.2020 23:00:00;0;47;3047;;22;74;3190
19.10.2020 23:00:00;20.10.2020 00:00:00;0;46;2975;;21;70;3112
20.10.2020 00:00:00;20.10.2020 01:00:00;0;42;2996;;10;82;3130
20.10.2020 01:00:00;20.10.2020 02:00:00;0;42;2952;;8;112;3114
20.10.2020 02:00:00;20.10.2020 03:00:00;0;42;2947;;20;130;3139
20.10.2020 03:00:00;20.10.2020 04:00:00;0;42;2949;;16;112;3119
20.10.2020 04:00:00;20.10.2020 05:00:00;0;42;2935;;21;104;3102
20.10.2020 05:00:00;20.10.2020 06:00:00;0;42;2946;;22;98;3108
20.10.2020 06:00:00;20.10.2020 07:00:00;0;42;3007;;22;110;3181
20.10.2020 07:00:00;20.10.2020 08:00:00;0;41;3139;;21;111;3312
20.10.2020 08:00:00;20.10.2020 09:00:00;0;42;3202;;19;107;3370
20.10.2020 09:00:00;20.10.2020 10:00:00;0;42;3220;;18;115;3395
20.10.2020 10:00:00;20.10.2020 11:00:00;0;41;3193;;17;127;3378
20.10.2020 11:00:00;20.10.2020 12:00:00;0;42;3193;;23;125;3383
20.10.2020 12:00:00;20.10.2020 13:00:00;0;42;3108;;24;133;3307
20.10.2020 13:00:00;20.10.2020 14:00:00;0;41;3123;;19;102;3285
20.10.2020 14:00:00;20.10.2020 15:00:00;0;42;3141;;11;108;3302
20.10.2020 15:00:00;20.10.2020 16:00:00;0;41;3169;;11;137;3358
20.10.2020 16:00:00;20.10.2020 17:00:00;0;41;3151;;21;127;3340
20.10.2020 17:00:00;20.10.2020 18:00:00;0;41;3148;;13;126;3328
20.10.2020 18:00:00;20.10.2020 19:00:00;0;41;3091;;18;138;3288
20.10.2020 19:00:00;20.10.2020 20:00:00;0;41;3115;;20;144;3320
20.10.2020 20:00:00;20.10.2020 21:00:00;0;42;3089;;15;148;3294
20.10.2020 21:00:00;20.10.2020 22:00:00;0;42;3083;;21;165;3311
20.10.2020 22:00:00;20.10.2020 23:00:00;0;42;3030;;20;152;3244
20.10.2020 23:00:00;21.10.2020 00:00:00;0;42;2993;;19;157;3211
21.10.2020 00:00:00;21.10.2020 01:00:00;0;40;2969;;18;168;3195
21.10.2020 01:00:00;21.10.2020 02:00:00;0;40;2985;;20;164;3209
21.10.2020 02:00:00;21.10.2020 03:00:00;0;40;3082;;1;175;3298
21.10.2020 03:00:00;21.10.2020 04:00:00;0;39;3083;;8;206;3336
21.10.2020 04:00:00;21.10.2020 05:00:00;0;39;3031;;9;252;3331
21.10.2020 05:00:00;21.10.2020 06:00:00;0;39;2946;;18;288;3291
21.10.2020 06:00:00;21.10.2020 07:00:00;0;39;3013;;9;242;3303
21.10.2020 07:00:00;21.10.2020 08:00:00;0;39;3112;;10;267;3428
21.10.2020 08:00:00;21.10.2020 09:00:00;0;39;3119;;7;317;3482
21.10.2020 09:00:00;21.10.2020 10:00:00;0;39;3070;;18;358;3485
21.10.2020 10:00:00;21.10.2020 11:00:00;0;39;2983;;13;354;3389
21.10.2020 11:00:00;21.10.2020 12:00:00;0;39;2797;;18;372;3226
21.10.2020 12:00:00;21.10.2020 13:00:00;0;39;2787;;3;385;3214
21.10.2020 13:00:00;21.10.2020 14:00:00;0;39;2744;;3;386;3172
21.10.2020 14:00:00;21.10.2020 15:00:00;0;39;2757;;15;384;3195
21.10.2020 15:00:00;21.10.2020 16:00:00;0;39;2731;;0;365;3135
21.10.2020 16:00:00;21.10.2020 17:00:00;0;39;2674;;3;354;3070
21.10.2020 17:00:00;21.10.2020 18:00:00;0;39;2784;;10;386;3219
21.10.2020 18:00:00;21.10.2020 19:00:00;0;39;2882;;4;397;3322
21.10.2020 19:00:00;21.10.2020 20:00:00;0;39;2829;;16;389;3273
21.10.2020 20:00:00;21.10.2020 21:00:00;0;39;2866;;9;386;3300
21.10.2020 21:00:00;21.10.2020 22:00:00;0;39;2865;;8;403;3315
21.10.2020 22:00:00;21.10.2020 23:00:00;0;39;2711;;8;419;3177
21.10.2020 23:00:00;22.10.2020 00:00:00;0;39;2577;;10;391;3017
22.10.2020 00:00:00;22.10.2020 01:00:00;0;37;2205;;10;362;2614
22.10.2020 01:00:00;22.10.2020 02:00:00;0;37;2133;;4;355;2529
22.10.2020 02:00:00;22.10.2020 03:00:00;0;37;1948;;4;364;2353
22.10.2020 03:00:00;22.10.2020 04:00:00;0;37;2080;;4;369;2490
22.10.2020 04:00:00;22.10.2020 05:00:00;0;37;2380;;5;353;2775
22.10.2020 05:00:00;22.10.2020 06:00:00;0;37;2696;;6;304;3043
22.10.2020 06:00:00;22.10.2020 07:00:00;0;37;2837;;4;257;3135
22.10.2020 07:00:00;22.10.2020 08:00:00;0;37;2986;;4;221;3248
22.10.2020 08:00:00;22.10.2020 09:00:00;0;37;3055;;8;229;3329
22.10.2020 09:00:00;22.10.2020 10:00:00;0;37;3059;;14;223;3333
22.10.2020 10:00:00;22.10.2020 11:00:00;0;36;3005;;16;205;3262
22.10.2020 11:00:00;22.10.2020 12:00:00;0;36;3027;;0;189;3252
22.10.2020 12:00:00;22.10.2020 13:00:00;0;36;3027;;0;194;3257
22.10.2020 13:00:00;22.10.2020 14:00:00;0;37;3030;;0;199;3266
22.10.2020 14:00:00;22.10.2020 15:00:00;0;36;3067;;13;210;3326
22.10.2020 15:00:00;22.10.2020 16:00:00;0;36;3105;;16;217;3374
22.10.2020 16:00:00;22.10.2020 17:00:00;0;36;3146;;0;213;3395
22.10.2020 17:00:00;22.10.2020 18:00:00;0;36;3337;;0;262;3635
22.10.2020 18:00:00;22.10.2020 19:00:00;0;36;3674;;0;233;3943
22.10.2020 19:00:00;22.10.2020 20:00:00;0;36;3453;;0;254;3743
22.10.2020 20:00:00;22.10.2020 21:00:00;0;36;3162;;0;259;3457
22.10.2020 21:00:00;22.10.2020 22:00:00;0;36;3138;;0;244;3418
22.10.2020 22:00:00;22.10.2020 23:00:00;0;36;3095;;0;213;3344
22.10.2020 23:00:00;23.10.2020 00:00:00;0;36;3106;;0;185;3327
23.10.2020 00:00:00;23.10.2020 01:00:00;0;36;2491;;0;168;2695
23.10.2020 01:00:00;23.10.2020 02:00:00;0;36;2324;;0;165;2525
23.10.2020 02:00:00;23.10.2020 03:00:00;0;36;2195;;0;152;2383
23.10.2020 03:00:00;23.10.2020 04:00:00;0;36;2394;;0;151;2581
23.10.2020 04:00:00;23.10.2020 05:00:00;0;36;2796;;0;146;2978
23.10.2020 05:00:00;23.10.2020 06:00:00;0;36;2904;;0;151;3091
23.10.2020 06:00:00;23.10.2020 07:00:00;0;36;3177;;0;152;3365
23.10.2020 07:00:00;23.10.2020 08:00:00;0;35;3319;;0;155;3509
23.10.2020 08:00:00;23.10.2020 09:00:00;0;35;3454;;0;156;3645
23.10.2020 09:00:00;23.10.2020 10:00:00;0;35;3466;;0;159;3660
23.10.2020 10:00:00;23.10.2020 11:00:00;0;35;3309;;0;160;3504
23.10.2020 11:00:00;23.10.2020 12:00:00;0;35;3287;;0;159;3481
23.10.2020 12:00:00;23.10.2020 13:00:00;0;35;3165;;0;155;3355
23.10.2020 13:00:00;23.10.2020 14:00:00;0;36;3200;;0;172;3408
23.10.2020 14:00:00;23.10.2020 15:00:00;0;33;3233;;0;190;3456
23.10.2020 15:00:00;23.10.2020 16:00:00;0;32;3315;;0;181;3528
23.10.2020 16:00:00;23.10.2020 17:00:00;0;32;3385;;0;181;3598
23.10.2020 17:00:00;23.10.2020 18:00:00;0;32;3390;;8;230;3660
23.10.2020 18:00:00;23.10.2020 19:00:00;0;32;3354;;9;267;3662
23.10.2020 19:00:00;23.10.2020 20:00:00;0;32;3206;;20;285;3543
23.10.2020 20:00:00;23.10.2020 21:00:00;0;32;3141;;19;335;3527
23.10.2020 21:00:00;23.10.2020 22:00:00;0;32;3090;;20;322;3464
23.10.2020 22:00:00;23.10.2020 23:00:00;0;32;3062;;22;302;3418
23.10.2020 23:00:00;24.10.2020 00:00:00;0;32;3128;;21;263;3444
24.10.2020 00:00:00;24.10.2020 01:00:00;0;32;3227;;22;244;3525
24.10.2020 01:00:00;24.10.2020 02:00:00;0;32;3256;;23;252;3563
24.10.2020 02:00:00;24.10.2020 03:00:00;0;32;3264;;21;249;3566
24.10.2020 03:00:00;24.10.2020 04:00:00;0;32;3234;;20;273;3559
24.10.2020 04:00:00;24.10.2020 05:00:00;0;32;3207;;21;320;3580
24.10.2020 05:00:00;24.10.2020 06:00:00;0;32;3159;;23;341;3555
24.10.2020 06:00:00;24.10.2020 07:00:00;0;32;3197;;23;332;3584
24.10.2020 07:00:00;24.10.2020 08:00:00;0;32;3311;;22;307;3672
24.10.2020 08:00:00;24.10.2020 09:00:00;0;32;3409;;19;268;3728
24.10.2020 09:00:00;24.10.2020 10:00:00;0;32;3480;;21;277;3810
24.10.2020 10:00:00;24.10.2020 11:00:00;0;32;3522;;21;284;3859
24.10.2020 11:00:00;24.10.2020 12:00:00;0;32;3478;;21;266;3797
24.10.2020 12:00:00;24.10.2020 13:00:00;0;32;3465;;21;284;3802
24.10.2020 13:00:00;24.10.2020 14:00:00;0;32;3467;;20;294;3813
24.10.2020 14:00:00;24.10.2020 15:00:00;0;32;3477;;16;305;3830
24.10.2020 15:00:00;24.10.2020 16:00:00;0;32;3527;;19;276;3854
24.10.2020 16:00:00;24.10.2020 17:00:00;0;32;3623;;20;223;3898
24.10.2020 17:00:00;24.10.2020 18:00:00;0;32;3656;;19;204;3911
24.10.2020 18:00:00;24.10.2020 19:00:00;0;32;3583;;19;201;3835
24.10.2020 19:00:00;24.10.2020 20:00:00;0;32;3571;;22;184;3809
24.10.2020 20:00:00;24.10.2020 21:00:00;0;32;3557;;21;187;3797
24.10.2020 21:00:00;24.10.2020 22:00:00;0;32;3501;;22;167;3722
24.10.2020 22:00:00;24.10.2020 23:00:00;0;32;3481;;22;157;3692
24.10.2020 23:00:00;25.10.2020 00:00:00;0;32;3239;;21;164;3456
25.10.2020 00:00:00;25.10.2020 01:00:00;0;36;2450;;22;141;2649
25.10.2020 01:00:00;25.10.2020 02:00:00;0;37;1973;;21;127;2158
25.10.2020 02:00:00;25.10.2020 02:00:00;0;38;1685;;22;110;1855
25.10.2020 02:00:00;25.10.2020 03:00:00;0;38;1535;;22;107;1702
25.10.2020 03:00:00;25.10.2020 04:00:00;0;38;1453;;21;85;1597
25.10.2020 04:00:00;25.10.2020 05:00:00;0;37;1402;;21;121;1581
25.10.2020 05:00:00;25.10.2020 06:00:00;0;37;1392;;20;119;1568
25.10.2020 06:00:00;25.10.2020 07:00:00;0;38;1496;;22;139;1695
25.10.2020 07:00:00;25.10.2020 08:00:00;0;38;1735;;23;149;1945
25.10.2020 08:00:00;25.10.2020 09:00:00;0;37;1986;;21;158;2202
25.10.2020 09:00:00;25.10.2020 10:00:00;0;37;2091;;21;183;2332
25.10.2020 10:00:00;25.10.2020 11:00:00;0;38;2127;;22;224;2411
25.10.2020 11:00:00;25.10.2020 12:00:00;0;38;2166;;20;236;2460
25.10.2020 12:00:00;25.10.2020 13:00:00;0;38;2212;;22;248;2520
25.10.2020 13:00:00;25.10.2020 14:00:00;0;38;2214;;9;309;2570
25.10.2020 14:00:00;25.10.2020 15:00:00;0;38;2688;;7;379;3112
25.10.2020 15:00:00;25.10.2020 16:00:00;0;37;3002;;8;389;3436
25.10.2020 16:00:00;25.10.2020 17:00:00;0;38;3014;;8;399;3459
25.10.2020 17:00:00;25.10.2020 18:00:00;0;39;3053;;9;409;3510
25.10.2020 18:00:00;25.10.2020 19:00:00;0;38;2956;;8;447;3449
25.10.2020 19:00:00;25.10.2020 20:00:00;0;38;2889;;5;462;3394
25.10.2020 20:00:00;25.10.2020 21:00:00;0;39;2912;;6;468;3425
25.10.2020 21:00:00;25.10.2020 22:00:00;0;39;2839;;6;476;3360
25.10.2020 22:00:00;25.10.2020 23:00:00;0;37;2655;;6;478;3176
25.10.2020 23:00:00;26.10.2020 00:00:00;0;35;2463;;7;495;3000
26.10.2020 00:00:00;26.10.2020 01:00:00;0;32;2327;;6;523;2888
26.10.2020 01:00:00;26.10.2020 02:00:00;0;32;2324;;6;525;2887
26.10.2020 02:00:00;26.10.2020 03:00:00;0;32;2342;;11;534;2919
26.10.2020 03:00:00;26.10.2020 04:00:00;0;32;2415;;14;526;2987
26.10.2020 04:00:00;26.10.2020 05:00:00;0;32;2856;;17;502;3407
26.10.2020 05:00:00;26.10.2020 06:00:00;0;32;3008;;17;481;3538
26.10.2020 06:00:00;26.10.2020 07:00:00;0;32;3155;;18;481;3686
26.10.2020 07:00:00;26.10.2020 08:00:00;0;32;2929;;18;498;3477
26.10.2020 08:00:00;26.10.2020 09:00:00;0;37;2952;;18;481;3488
26.10.2020 09:00:00;26.10.2020 10:00:00;0;37;2926;;18;486;3467
26.10.2020 10:00:00;26.10.2020 11:00:00;0;37;2926;;18;487;3468
26.10.2020 11:00:00;26.10.2020 12:00:00;0;37;2865;;18;463;3383
26.10.2020 12:00:00;26.10.2020 13:00:00;0;37;2741;;18;467;3263
26.10.2020 13:00:00;26.10.2020 14:00:00;0;36;2727;;0;410;3173
26.10.2020 14:00:00;26.10.2020 15:00:00;0;36;2848;;19;361;3264
26.10.2020 15:00:00;26.10.2020 16:00:00;0;37;2931;;20;389;3377
26.10.2020 16:00:00;26.10.2020 17:00:00;0;37;2933;;1;416;3387
26.10.2020 17:00:00;26.10.2020 18:00:00;0;37;2855;;1;407;3300
26.10.2020 18:00:00;26.10.2020 19:00:00;0;37;2721;;20;333;3111
26.10.2020 19:00:00;26.10.2020 20:00:00;0;37;2677;;19;295;3028
26.10.2020 20:00:00;26.10.2020 21:00:00;0;37;2587;;19;297;2940
26.10.2020 21:00:00;26.10.2020 22:00:00;0;36;2623;;10;318;2987
26.10.2020 22:00:00;26.10.2020 23:00:00;0;36;2521;;0;361;2918
26.10.2020 23:00:00;27.10.2020 00:00:00;0;36;2624;;0;348;3008
27.10.2020 00:00:00;27.10.2020 01:00:00;0;35;2560;;0;313;2908
27.10.2020 01:00:00;27.10.2020 02:00:00;0;35;2218;;0;319;2572
27.10.2020 02:00:00;27.10.2020 03:00:00;0;36;2189;;0;314;2539
27.10.2020 03:00:00;27.10.2020 04:00:00;0;35;2193;;0;307;2535
27.10.2020 04:00:00;27.10.2020 05:00:00;0;35;2410;;0;336;2781
27.10.2020 05:00:00;27.10.2020 06:00:00;0;35;2585;;0;363;2983
27.10.2020 06:00:00;27.10.2020 07:00:00;0;35;2729;;0;420;3184
27.10.2020 07:00:00;27.10.2020 08:00:00;0;35;2863;;0;399;3297
27.10.2020 08:00:00;27.10.2020 09:00:00;0;36;3044;;0;397;3477
27.10.2020 09:00:00;27.10.2020 10:00:00;0;36;3085;;0;329;3450
27.10.2020 10:00:00;27.10.2020 11:00:00;0;35;2955;;0;281;3271
27.10.2020 11:00:00;27.10.2020 12:00:00;0;35;3082;;0;255;3372
27.10.2020 12:00:00;27.10.2020 13:00:00;0;36;3066;;0;189;3291
27.10.2020 13:00:00;27.10.2020 14:00:00;0;36;3061;;1;152;3250
27.10.2020 14:00:00;27.10.2020 15:00:00;0;36;3115;;11;117;3279
27.10.2020 15:00:00;27.10.2020 16:00:00;0;36;3022;;14;91;3163
27.10.2020 16:00:00;27.10.2020 17:00:00;0;36;3166;;21;51;3274
27.10.2020 17:00:00;27.10.2020 18:00:00;0;36;3207;;20;39;3302
27.10.2020 18:00:00;27.10.2020 19:00:00;0;36;3210;;17;30;3293
27.10.2020 19:00:00;27.10.2020 20:00:00;0;36;3012;;0;26;3074
27.10.2020 20:00:00;27.10.2020 21:00:00;0;36;2945;;0;13;2994
27.10.2020 21:00:00;27.10.2020 22:00:00;0;36;2803;;0;9;2848
27.10.2020 22:00:00;27.10.2020 23:00:00;0;36;2693;;0;14;2743
27.10.2020 23:00:00;28.10.2020 00:00:00;0;36;2240;;0;16;2292
28.10.2020 00:00:00;28.10.2020 01:00:00;0;38;1978;;0;17;2033
28.10.2020 01:00:00;28.10.2020 02:00:00;0;38;1882;;0;16;1936
28.10.2020 02:00:00;28.10.2020 03:00:00;0;38;1930;;0;31;1999
28.10.2020 03:00:00;28.10.2020 04:00:00;0;38;2000;;0;59;2097
28.10.2020 04:00:00;28.10.2020 05:00:00;0;38;2020;;0;72;2130
28.10.2020 05:00:00;28.10.2020 06:00:00;0;38;2292;;0;86;2416
28.10.2020 06:00:00;28.10.2020 07:00:00;0;38;2680;;0;110;2828
28.10.2020 07:00:00;28.10.2020 08:00:00;0;38;3056;;0;120;3214
28.10.2020 08:00:00;28.10.2020 09:00:00;0;38;2923;;0;117;3078
28.10.2020 09:00:00;28.10.2020 10:00:00;0;38;2940;;0;102;3080
28.10.2020 10:00:00;28.10.2020 11:00:00;0;38;2958;;0;91;3087
28.10.2020 11:00:00;28.10.2020 12:00:00;0;38;3089;;0;91;3218
28.10.2020 12:00:00;28.10.2020 13:00:00;0;38;3196;;0;78;3312
28.10.2020 13:00:00;28.10.2020 14:00:00;0;38;3208;;0;42;3288
28.10.2020 14:00:00;28.10.2020 15:00:00;0;38;3250;;1;29;3318
28.10.2020 15:00:00;28.10.2020 16:00:00;0;38;3283;;9;34;3364
28.10.2020 16:00:00;28.10.2020 17:00:00;0;38;3317;;8;40;3403
28.10.2020 17:00:00;28.10.2020 18:00:00;0;37;3309;;17;49;3412
28.10.2020 18:00:00;28.10.2020 19:00:00;0;37;3309;;2;48;3396
28.10.2020 19:00:00;28.10.2020 20:00:00;0;38;3286;;21;61;3406
28.10.2020 20:00:00;28.10.2020 21:00:00;0;38;3072;;19;61;3190
28.10.2020 21:00:00;28.10.2020 22:00:00;0;38;2737;;20;53;2848
28.10.2020 22:00:00;28.10.2020 23:00:00;0;38;2460;;21;44;2563
28.10.2020 23:00:00;29.10.2020 00:00:00;0;38;2271;;20;65;2394
29.10.2020 00:00:00;29.10.2020 01:00:00;0;37;2129;;20;47;2233
29.10.2020 01:00:00;29.10.2020 02:00:00;0;37;2092;;17;57;2203
29.10.2020 02:00:00;29.10.2020 03:00:00;0;37;2005;;14;74;2130
29.10.2020 03:00:00;29.10.2020 04:00:00;0;37;1959;;18;78;2092
29.10.2020 04:00:00;29.10.2020 05:00:00;0;37;2068;;16;82;2203
29.10.2020 05:00:00;29.10.2020 06:00:00;0;37;2607;;20;91;2755
29.10.2020 06:00:00;29.10.2020 07:00:00;0;37;3065;;18;122;3242
29.10.2020 07:00:00;29.10.2020 08:00:00;0;37;3022;;15;145;3219
29.10.2020 08:00:00;29.10.2020 09:00:00;0;37;3143;;20;161;3361
29.10.2020 09:00:00;29.10.2020 10:00:00;0;37;3118;;19;162;3336
29.10.2020 10:00:00;29.10.2020 11:00:00;0;37;3109;;20;190;3356
29.10.2020 11:00:00;29.10.2020 12:00:00;0;37;3120;;15;214;3386
29.10.2020 12:00:00;29.10.2020 13:00:00;0;37;3092;;15;234;3378
29.10.2020 13:00:00;29.10.2020 14:00:00;0;37;3080;;21;207;3345
29.10.2020 14:00:00;29.10.2020 15:00:00;0;37;3167;;21;177;3402
29.10.2020 15:00:00;29.10.2020 16:00:00;0;36;3209;;21;251;3517
29.10.2020 16:00:00;29.10.2020 17:00:00;0;36;3141;;23;273;3473
29.10.2020 17:00:00;29.10.2020 18:00:00;0;36;3262;;22;311;3631
29.10.2020 18:00:00;29.10.2020 19:00:00;0;36;3345;;22;346;3749
29.10.2020 19:00:00;29.10.2020 20:00:00;0;36;3340;;22;305;3703
29.10.2020 20:00:00;29.10.2020 21:00:00;0;36;3221;;22;189;3468
29.10.2020 21:00:00;29.10.2020 22:00:00;0;36;3175;;20;234;3465
29.10.2020 22:00:00;29.10.2020 23:00:00;0;36;3165;;18;254;3473
29.10.2020 23:00:00;30.10.2020 00:00:00;0;36;2921;;19;162;3138
30.10.2020 00:00:00;30.10.2020 01:00:00;0;38;2655;;22;223;2938
30.10.2020 01:00:00;30.10.2020 02:00:00;0;38;2370;;22;316;2746
30.10.2020 02:00:00;30.10.2020 03:00:00;0;38;2297;;11;256;2602
30.10.2020 03:00:00;30.10.2020 04:00:00;0;38;2033;;11;231;2313
30.10.2020 04:00:00;30.10.2020 05:00:00;0;38;2186;;18;210;2452
30.10.2020 05:00:00;30.10.2020 06:00:00;0;38;2829;;19;184;3070
30.10.2020 06:00:00;30.10.2020 07:00:00;0;38;3012;;20;178;3248
30.10.2020 07:00:00;30.10.2020 08:00:00;0;38;3170;;19;177;3404
30.10.2020 08:00:00;30.10.2020 09:00:00;0;38;3221;;18;161;3438
30.10.2020 09:00:00;30.10.2020 10:00:00;0;38;3208;;19;160;3425
30.10.2020 10:00:00;30.10.2020 11:00:00;0;38;3151;;20;152;3361
30.10.2020 11:00:00;30.10.2020 12:00:00;0;38;3179;;19;161;3397
30.10.2020 12:00:00;30.10.2020 13:00:00;0;38;3082;;19;174;3313
30.10.2020 13:00:00;30.10.2020 14:00:00;0;35;3068;;23;176;3302
30.10.2020 14:00:00;30.10.2020 15:00:00;0;35;3081;;23;170;3309
30.10.2020 15:00:00;30.10.2020 16:00:00;0;34;2824;;23;200;3081
30.10.2020 16:00:00;30.10.2020 17:00:00;0;34;2875;;22;214;3145
30.10.2020 17:00:00;30.10.2020 18:00:00;0;34;2884;;22;204;3144
30.10.2020 18:00:00;30.10.2020 19:00:00;0;34;2876;;23;196;3129
30.10.2020 19:00:00;30.10.2020 20:00:00;0;30;2888;;23;204;3145
30.10.2020 20:00:00;30.10.2020 21:00:00;0;28;2880;;17;259;3184
30.10.2020 21:00:00;30.10.2020 22:00:00;0;29;2861;;17;316;3223
30.10.2020 22:00:00;30.10.2020 23:00:00;0;28;2990;;19;419;3456
30.10.2020 23:00:00;31.10.2020 00:00:00;0;28;2700;;17;437;3182
31.10.2020 00:00:00;31.10.2020 01:00:00;0;28;2572;;25;436;3061
31.10.2020 01:00:00;31.10.2020 02:00:00;0;28;2386;;24;428;2866
31.10.2020 02:00:00;31.10.2020 03:00:00;0;27;2254;;24;396;2701
31.10.2020 03:00:00;31.10.2020 04:00:00;0;27;2240;;23;387;2677
31.10.2020 04:00:00;31.10.2020 05:00:00;0;28;2263;;24;381;2696
31.10.2020 05:00:00;31.10.2020 06:00:00;0;28;2411;;25;400;2864
31.10.2020 06:00:00;31.10.2020 07:00:00;0;29;2578;;22;426;3055
31.10.2020 07:00:00;31.10.2020 08:00:00;0;29;2809;;27;459;3324
31.10.2020 08:00:00;31.10.2020 09:00:00;0;27;2822;;24;459;3332
31.10.2020 09:00:00;31.10.2020 10:00:00;0;27;2890;;22;441;3380
31.10.2020 10:00:00;31.10.2020 11:00:00;0;27;2897;;23;431;3378
31.10.2020 11:00:00;31.10.2020 12:00:00;0;28;2881;;18;392;3319
31.10.2020 12:00:00;31.10.2020 13:00:00;0;27;2865;;22;406;3320
31.10.2020 13:00:00;31.10.2020 14:00:00;0;28;2880;;23;394;3325
31.10.2020 14:00:00;31.10.2020 15:00:00;0;28;2731;;22;397;3178
31.10.2020 15:00:00;31.10.2020 16:00:00;0;28;2624;;22;385;3059
31.10.2020 16:00:00;31.10.2020 17:00:00;0;28;2760;;22;397;3207
31.10.2020 17:00:00;31.10.2020 18:00:00;0;28;2532;;20;375;2955
31.10.2020 18:00:00;31.10.2020 19:00:00;0;28;2449;;20;416;2913
31.10.2020 19:00:00;31.10.2020 20:00:00;0;28;2348;;21;405;2802
31.10.2020 20:00:00;31.10.2020 21:00:00;0;28;2115;;23;383;2549
31.10.2020 21:00:00;31.10.2020 22:00:00;0;27;1955;;23;385;2390
31.10.2020 22:00:00;31.10.2020 23:00:00;0;27;1706;;22;368;2123
31.10.2020 23:00:00;01.11.2020 00:00:00;0;27;1496;;23;375;1921
01.11.2020 00:00:00;01.11.2020 01:00:00;0;28;1180;;23;384;1615
01.11.2020 01:00:00;01.11.2020 02:00:00;0;29;1061;;24;437;1551
01.11.2020 02:00:00;01.11.2020 03:00:00;0;28;1056;;22;434;1540
01.11.2020 03:00:00;01.11.2020 04:00:00;0;29;1044;;24;469;1566
01.11.2020 04:00:00;01.11.2020 05:00:00;0;28;1064;;11;454;1557
01.11.2020 05:00:00;01.11.2020 06:00:00;0;28;1044;;11;492;1575
01.11.2020 06:00:00;01.11.2020 07:00:00;0;29;1086;;14;498;1627
01.11.2020 07:00:00;01.11.2020 08:00:00;0;28;1240;;21;483;1772
01.11.2020 08:00:00;01.11.2020 09:00:00;0;30;1493;;18;487;2028
01.11.2020 09:00:00;01.11.2020 10:00:00;0;29;1605;;21;529;2184
01.11.2020 10:00:00;01.11.2020 11:00:00;0;31;1724;;18;569;2342
01.11.2020 11:00:00;01.11.2020 12:00:00;0;30;1749;;21;570;2370
01.11.2020 12:00:00;01.11.2020 13:00:00;0;31;1623;;21;566;2241
01.11.2020 13:00:00;01.11.2020 14:00:00;0;31;1572;;24;531;2158
01.11.2020 14:00:00;01.11.2020 15:00:00;0;31;1583;;22;469;2105
01.11.2020 15:00:00;01.11.2020 16:00:00;0;31;1611;;23;446;2111
01.11.2020 16:00:00;01.11.2020 17:00:00;0;31;1858;;8;459;2356
01.11.2020 17:00:00;01.11.2020 18:00:00;0;31;1966;;8;427;2432
01.11.2020 18:00:00;01.11.2020 19:00:00;0;30;1802;;9;421;2262
01.11.2020 19:00:00;01.11.2020 20:00:00;0;31;1554;;7;445;2037
01.11.2020 20:00:00;01.11.2020 21:00:00;0;29;1232;;7;504;1772
01.11.2020 21:00:00;01.11.2020 22:00:00;0;30;1117;;3;507;1657
01.11.2020 22:00:00;01.11.2020 23:00:00;0;29;1072;;11;524;1636
01.11.2020 23:00:00;02.11.2020 00:00:00;0;29;1024;;11;373;1437
02.11.2020 00:00:00;02.11.2020 01:00:00;0;34;871;;11;475;1391
02.11.2020 01:00:00;02.11.2020 02:00:00;0;34;799;;10;454;1297
02.11.2020 02:00:00;02.11.2020 03:00:00;0;34;791;;15;455;1295
02.11.2020 03:00:00;02.11.2020 04:00:00;0;34;781;;16;444;1275
02.11.2020 04:00:00;02.11.2020 05:00:00;0;35;790;;0;437;1262
02.11.2020 05:00:00;02.11.2020 06:00:00;0;35;819;;0;453;1307
02.11.2020 06:00:00;02.11.2020 07:00:00;0;34;898;;0;474;1406
02.11.2020 07:00:00;02.11.2020 08:00:00;0;36;1202;;0;472;1710
02.11.2020 08:00:00;02.11.2020 09:00:00;0;37;1496;;0;464;1997
02.11.2020 09:00:00;02.11.2020 10:00:00;0;37;1372;;0;447;1856
02.11.2020 10:00:00;02.11.2020 11:00:00;0;41;1492;;0;476;2009
02.11.2020 11:00:00;02.11.2020 12:00:00;0;43;1561;;0;457;2061
02.11.2020 12:00:00;02.11.2020 13:00:00;0;42;1476;;0;455;1973
02.11.2020 13:00:00;02.11.2020 14:00:00;0;43;1398;;0;468;1909
02.11.2020 14:00:00;02.11.2020 15:00:00;0;43;1377;;0;454;1874
02.11.2020 15:00:00;02.11.2020 16:00:00;0;44;1533;;1;466;2044
02.11.2020 16:00:00;02.11.2020 17:00:00;0;44;1670;;7;462;2183
02.11.2020 17:00:00;02.11.2020 18:00:00;0;45;1804;;13;478;2340
02.11.2020 18:00:00;02.11.2020 19:00:00;0;45;1681;;17;478;2221
02.11.2020 19:00:00;02.11.2020 20:00:00;0;45;1551;;16;494;2106
02.11.2020 20:00:00;02.11.2020 21:00:00;0;45;1432;;16;458;1951
02.11.2020 21:00:00;02.11.2020 22:00:00;0;46;1298;;16;405;1765
02.11.2020 22:00:00;02.11.2020 23:00:00;0;45;1280;;18;350;1693
02.11.2020 23:00:00;03.11.2020 00:00:00;0;46;1243;;18;331;1638
03.11.2020 00:00:00;03.11.2020 01:00:00;0;44;1012;;21;371;1448
03.11.2020 01:00:00;03.11.2020 02:00:00;0;43;957;;19;349;1368
03.11.2020 02:00:00;03.11.2020 03:00:00;0;45;957;;18;271;1291
03.11.2020 03:00:00;03.11.2020 04:00:00;0;45;971;;20;306;1342
03.11.2020 04:00:00;03.11.2020 05:00:00;0;46;966;;18;473;1503
03.11.2020 05:00:00;03.11.2020 06:00:00;0;47;1072;;21;469;1609
03.11.2020 06:00:00;03.11.2020 07:00:00;0;47;1529;;20;487;2083
03.11.2020 07:00:00;03.11.2020 08:00:00;0;49;2021;;21;441;2532
03.11.2020 08:00:00;03.11.2020 09:00:00;0;50;2195;;20;375;2640
03.11.2020 09:00:00;03.11.2020 10:00:00;0;49;2248;;20;355;2672
03.11.2020 10:00:00;03.11.2020 11:00:00;0;51;2280;;20;355;2706
03.11.2020 11:00:00;03.11.2020 12:00:00;0;51;2273;;22;382;2728
03.11.2020 12:00:00;03.11.2020 13:00:00;0;51;2105;;21;359;2536
03.11.2020 13:00:00;03.11.2020 14:00:00;0;50;2040;;23;379;2492
03.11.2020 14:00:00;03.11.2020 15:00:00;0;50;2095;;21;353;2519
03.11.2020 15:00:00;03.11.2020 16:00:00;0;50;2239;;22;376;2687
03.11.2020 16:00:00;03.11.2020 17:00:00;0;49;2279;;21;415;2764
03.11.2020 17:00:00;03.11.2020 18:00:00;0;49;2293;;22;430;2794
03.11.2020 18:00:00;03.11.2020 19:00:00;0;48;2338;;22;431;2839
03.11.2020 19:00:00;03.11.2020 20:00:00;0;48;2358;;22;472;2900
03.11.2020 20:00:00;03.11.2020 21:00:00;0;47;2173;;22;477;2719
03.11.2020 21:00:00;03.11.2020 22:00:00;0;45;1844;;22;515;2426
03.11.2020 22:00:00;03.11.2020 23:00:00;0;47;1580;;21;492;2140
03.11.2020 23:00:00;04.11.2020 00:00:00;0;45;1175;;24;510;1754
04.11.2020 00:00:00;04.11.2020 01:00:00;0;58;1120;;21;543;1742
04.11.2020 01:00:00;04.11.2020 02:00:00;0;58;1042;;22;493;1615
04.11.2020 02:00:00;04.11.2020 03:00:00;0;58;1020;;22;489;1589
04.11.2020 03:00:00;04.11.2020 04:00:00;0;58;1015;;25;481;1579
04.11.2020 04:00:00;04.11.2020 05:00:00;0;58;1011;;22;446;1537
04.11.2020 05:00:00;04.11.2020 06:00:00;0;58;1198;;23;419;1698
04.11.2020 06:00:00;04.11.2020 07:00:00;0;58;1483;;22;355;1918
04.11.2020 07:00:00;04.11.2020 08:00:00;0;58;1729;;22;323;2132
04.11.2020 08:00:00;04.11.2020 09:00:00;0;58;1773;;22;364;2217
04.11.2020 09:00:00;04.11.2020 10:00:00;0;58;1803;;21;404;2286
04.11.2020 10:00:00;04.11.2020 11:00:00;0;59;1895;;18;403;2375
04.11.2020 11:00:00;04.11.2020 12:00:00;0;59;1882;;20;408;2369
04.11.2020 12:00:00;04.11.2020 13:00:00;0;58;1805;;16;371;2250
04.11.2020 13:00:00;04.11.2020 14:00:00;0;58;1791;;16;382;2247
04.11.2020 14:00:00;04.11.2020 15:00:00;0;58;1812;;18;407;2295
04.11.2020 15:00:00;04.11.2020 16:00:00;0;57;1604;;16;432;2109
04.11.2020 16:00:00;04.11.2020 17:00:00;0;57;1767;;16;424;2264
04.11.2020 17:00:00;04.11.2020 18:00:00;0;57;1625;;22;423;2127
04.11.2020 18:00:00;04.11.2020 19:00:00;0;57;1421;;23;435;1936
04.11.2020 19:00:00;04.11.2020 20:00:00;0;57;1394;;24;470;1945
04.11.2020 20:00:00;04.11.2020 21:00:00;0;57;1325;;22;460;1864
04.11.2020 21:00:00;04.11.2020 22:00:00;0;58;1217;;24;439;1738
04.11.2020 22:00:00;04.11.2020 23:00:00;0;57;1174;;23;410;1664
04.11.2020 23:00:00;05.11.2020 00:00:00;0;57;1053;;21;365;1496
05.11.2020 00:00:00;05.11.2020 01:00:00;0;64;1124;;21;394;1603
05.11.2020 01:00:00;05.11.2020 02:00:00;0;65;1025;;23;479;1592
05.11.2020 02:00:00;05.11.2020 03:00:00;0;65;1012;;22;545;1644
05.11.2020 03:00:00;05.11.2020 04:00:00;0;65;1000;;23;537;1625
05.11.2020 04:00:00;05.11.2020 05:00:00;0;65;987;;23;502;1577
05.11.2020 05:00:00;05.11.2020 06:00:00;0;65;1027;;19;526;1637
05.11.2020 06:00:00;05.11.2020 07:00:00;0;65;1123;;20;414;1622
05.11.2020 07:00:00;05.11.2020 08:00:00;0;65;1272;;22;354;1713
05.11.2020 08:00:00;05.11.2020 09:00:00;0;66;1386;;22;336;1810
05.11.2020 09:00:00;05.11.2020 10:00:00;0;66;1371;;20;369;1826
05.11.2020 10:00:00;05.11.2020 11:00:00;0;66;1329;;24;498;1917
05.11.2020 11:00:00;05.11.2020 12:00:00;0;66;1276;;20;491;1853
05.11.2020 12:00:00;05.11.2020 13:00:00;0;66;1232;;22;486;1806
05.11.2020 13:00:00;05.11.2020 14:00:00;0;66;1278;;20;457;1821
05.11.2020 14:00:00;05.11.2020 15:00:00;0;65;1267;;11;429;1772
05.11.2020 15:00:00;05.11.2020 16:00:00;0;66;1272;;11;414;1763
05.11.2020 16:00:00;05.11.2020 17:00:00;0;66;1294;;16;423;1799
05.11.2020 17:00:00;05.11.2020 18:00:00;0;65;1281;;15;446;1807
05.11.2020 18:00:00;05.11.2020 19:00:00;0;65;1261;;19;454;1799
05.11.2020 19:00:00;05.11.2020 20:00:00;0;65;1240;;8;476;1789
05.11.2020 20:00:00;05.11.2020 21:00:00;0;65;1234;;8;474;1781
05.11.2020 21:00:00;05.11.2020 22:00:00;0;67;1175;;8;472;1722
05.11.2020 22:00:00;05.11.2020 23:00:00;0;66;1092;;6;481;1645
05.11.2020 23:00:00;06.11.2020 00:00:00;0;69;984;;7;475;1535
06.11.2020 00:00:00;06.11.2020 01:00:00;0;19;976;;6;463;1464
06.11.2020 01:00:00;06.11.2020 02:00:00;0;18;923;;7;444;1392
06.11.2020 02:00:00;06.11.2020 03:00:00;0;18;980;;7;393;1398
06.11.2020 03:00:00;06.11.2020 04:00:00;0;16;1041;;10;245;1312
06.11.2020 04:00:00;06.11.2020 05:00:00;0;16;1121;;13;154;1304
06.11.2020 05:00:00;06.11.2020 06:00:00;0;16;1285;;14;243;1558
06.11.2020 06:00:00;06.11.2020 07:00:00;0;17;1420;;16;333;1786
06.11.2020 07:00:00;06.11.2020 08:00:00;0;18;1409;;17;452;1896
06.11.2020 08:00:00;06.11.2020 09:00:00;0;18;1441;;17;483;1959
06.11.2020 09:00:00;06.11.2020 10:00:00;0;18;1460;;18;478;1974
06.11.2020 10:00:00;06.11.2020 11:00:00;0;17;1435;;16;442;1910
06.11.2020 11:00:00;06.11.2020 12:00:00;0;18;1407;;18;503;1946
06.11.2020 12:00:00;06.11.2020 13:00:00;0;18;1402;;18;443;1881
06.11.2020 13:00:00;06.11.2020 14:00:00;0;18;1371;;17;394;1800
06.11.2020 14:00:00;06.11.2020 15:00:00;0;18;1354;;17;433;1822
06.11.2020 15:00:00;06.11.2020 16:00:00;0;18;1384;;19;373;1794
06.11.2020 16:00:00;06.11.2020 17:00:00;0;46;1413;;19;346;1824
06.11.2020 17:00:00;06.11.2020 18:00:00;0;61;1412;;18;360;1851
06.11.2020 18:00:00;06.11.2020 19:00:00;0;61;1403;;20;411;1895
06.11.2020 19:00:00;06.11.2020 20:00:00;0;63;1402;;18;412;1895
06.11.2020 20:00:00;06.11.2020 21:00:00;0;60;1391;;21;498;1970
06.11.2020 21:00:00;06.11.2020 22:00:00;0;60;1376;;19;443;1898
06.11.2020 22:00:00;06.11.2020 23:00:00;0;60;1390;;20;442;1912
06.11.2020 23:00:00;07.11.2020 00:00:00;0;63;1396;;18;472;1949
07.11.2020 00:00:00;07.11.2020 01:00:00;0;63;1406;;17;507;1993
07.11.2020 01:00:00;07.11.2020 02:00:00;0;63;1412;;19;422;1916
07.11.2020 02:00:00;07.11.2020 03:00:00;0;61;1419;;22;298;1800
07.11.2020 03:00:00;07.11.2020 04:00:00;0;62;1406;;21;283;1772
07.11.2020 04:00:00;07.11.2020 05:00:00;0;61;1410;;22;270;1763
07.11.2020 05:00:00;07.11.2020 06:00:00;0;61;1428;;23;295;1807
07.11.2020 06:00:00;07.11.2020 07:00:00;0;63;1397;;21;386;1867
07.11.2020 07:00:00;07.11.2020 08:00:00;0;62;1401;;22;455;1940
07.11.2020 08:00:00;07.11.2020 09:00:00;0;62;1521;;20;485;2088
07.11.2020 09:00:00;07.11.2020 10:00:00;0;63;1621;;19;505;2208
07.11.2020 10:00:00;07.11.2020 11:00:00;0;64;1687;;20;546;2317
07.11.2020 11:00:00;07.11.2020 12:00:00;0;63;1704;;0;538;2305
07.11.2020 12:00:00;07.11.2020 13:00:00;0;63;1686;;0;560;2309
07.11.2020 13:00:00;07.11.2020 14:00:00;0;63;1650;;0;541;2254
07.11.2020 14:00:00;07.11.2020 15:00:00;0;62;1710;;0;543;2315
07.11.2020 15:00:00;07.11.2020 16:00:00;0;62;1771;;0;572;2405
07.11.2020 16:00:00;07.11.2020 17:00:00;0;62;1878;;0;554;2494
07.11.2020 17:00:00;07.11.2020 18:00:00;0;61;1919;;0;516;2496
07.11.2020 18:00:00;07.11.2020 19:00:00;0;61;1867;;0;511;2439
07.11.2020 19:00:00;07.11.2020 20:00:00;0;61;1750;;0;499;2310
07.11.2020 20:00:00;07.11.2020 21:00:00;0;61;1701;;0;527;2289
07.11.2020 21:00:00;07.11.2020 22:00:00;0;62;1700;;0;498;2260
07.11.2020 22:00:00;07.11.2020 23:00:00;0;61;1689;;12;505;2267
07.11.2020 23:00:00;08.11.2020 00:00:00;0;60;1596;;15;505;2176
08.11.2020 00:00:00;08.11.2020 01:00:00;0;60;1541;;17;489;2107
08.11.2020 01:00:00;08.11.2020 02:00:00;0;60;1522;;20;496;2098
08.11.2020 02:00:00;08.11.2020 03:00:00;0;60;1534;;20;457;2071
08.11.2020 03:00:00;08.11.2020 04:00:00;0;60;1531;;18;484;2093
08.11.2020 04:00:00;08.11.2020 05:00:00;0;60;1533;;17;443;2053
08.11.2020 05:00:00;08.11.2020 06:00:00;0;60;1570;;20;392;2042
08.11.2020 06:00:00;08.11.2020 07:00:00;0;60;1576;;20;366;2022
08.11.2020 07:00:00;08.11.2020 08:00:00;0;59;1633;;19;346;2057
08.11.2020 08:00:00;08.11.2020 09:00:00;0;59;1934;;20;337;2350
08.11.2020 09:00:00;08.11.2020 10:00:00;0;60;2311;;18;331;2720
08.11.2020 10:00:00;08.11.2020 11:00:00;0;60;2408;;18;281;2767
08.11.2020 11:00:00;08.11.2020 12:00:00;0;60;2300;;18;220;2598
08.11.2020 12:00:00;08.11.2020 13:00:00;0;60;2246;;19;190;2515
08.11.2020 13:00:00;08.11.2020 14:00:00;0;59;2246;;22;192;2519
08.11.2020 14:00:00;08.11.2020 15:00:00;0;59;2238;;23;288;2608
08.11.2020 15:00:00;08.11.2020 16:00:00;0;60;2224;;22;375;2681
08.11.2020 16:00:00;08.11.2020 17:00:00;0;60;2283;;22;384;2749
08.11.2020 17:00:00;08.11.2020 18:00:00;0;58;2409;;24;438;2929
08.11.2020 18:00:00;08.11.2020 19:00:00;0;58;2309;;21;471;2859
08.11.2020 19:00:00;08.11.2020 20:00:00;0;58;2054;;22;449;2583
08.11.2020 20:00:00;08.11.2020 21:00:00;0;60;1853;;22;314;2249
08.11.2020 21:00:00;08.11.2020 22:00:00;0;61;1739;;24;360;2184
08.11.2020 22:00:00;08.11.2020 23:00:00;0;61;1601;;23;480;2165
08.11.2020 23:00:00;09.11.2020 00:00:00;0;61;1495;;18;501;2075
09.11.2020 00:00:00;09.11.2020 01:00:00;0;66;1652;;25;473;2216
09.11.2020 01:00:00;09.11.2020 02:00:00;0;66;1782;;22;434;2304
09.11.2020 02:00:00;09.11.2020 03:00:00;0;65;1739;;18;403;2225
09.11.2020 03:00:00;09.11.2020 04:00:00;0;65;1731;;16;429;2241
09.11.2020 04:00:00;09.11.2020 05:00:00;0;65;1760;;19;468;2312
09.11.2020 05:00:00;09.11.2020 06:00:00;0;65;1828;;19;451;2363
09.11.2020 06:00:00;09.11.2020 07:00:00;0;65;1768;;20;448;2301
09.11.2020 07:00:00;09.11.2020 08:00:00;0;65;1889;;17;433;2404
09.11.2020 08:00:00;09.11.2020 09:00:00;0;66;1971;;19;467;2523
09.11.2020 09:00:00;09.11.2020 10:00:00;0;64;2201;;13;463;2741
09.11.2020 10:00:00;09.11.2020 11:00:00;0;60;2301;;15;436;2812
09.11.2020 11:00:00;09.11.2020 12:00:00;0;60;2331;;15;415;2821
09.11.2020 12:00:00;09.11.2020 13:00:00;0;60;2305;;14;428;2807
09.11.2020 13:00:00;09.11.2020 14:00:00;0;60;2318;;11;470;2859
09.11.2020 14:00:00;09.11.2020 15:00:00;0;61;2317;;12;450;2840
09.11.2020 15:00:00;09.11.2020 16:00:00;0;61;2493;;13;431;2998
09.11.2020 16:00:00;09.11.2020 17:00:00;0;60;2615;;11;418;3104
09.11.2020 17:00:00;09.11.2020 18:00:00;0;60;2596;;18;405;3079
09.11.2020 18:00:00;09.11.2020 19:00:00;0;60;2608;;16;416;3100
09.11.2020 19:00:00;09.11.2020 20:00:00;0;60;2662;;16;430;3168
09.11.2020 20:00:00;09.11.2020 21:00:00;0;60;2712;;16;401;3189
09.11.2020 21:00:00;09.11.2020 22:00:00;0;60;2709;;13;396;3178
09.11.2020 22:00:00;09.11.2020 23:00:00;0;60;2719;;16;379;3174
09.11.2020 23:00:00;10.11.2020 00:00:00;0;59;2705;;17;357;3138
10.11.2020 00:00:00;10.11.2020 01:00:00;0;64;2802;;18;316;3200
10.11.2020 01:00:00;10.11.2020 02:00:00;0;64;2770;;11;232;3077
10.11.2020 02:00:00;10.11.2020 03:00:00;0;64;2753;;9;229;3055
10.11.2020 03:00:00;10.11.2020 04:00:00;0;63;2766;;10;158;2997
10.11.2020 04:00:00;10.11.2020 05:00:00;0;64;2894;;8;153;3119
10.11.2020 05:00:00;10.11.2020 06:00:00;0;64;2881;;8;136;3089
10.11.2020 06:00:00;10.11.2020 07:00:00;0;63;3110;;9;124;3306
10.11.2020 07:00:00;10.11.2020 08:00:00;0;69;3640;;9;128;3846
10.11.2020 08:00:00;10.11.2020 09:00:00;0;69;3676;;8;148;3901
10.11.2020 09:00:00;10.11.2020 10:00:00;0;69;3679;;6;155;3909
10.11.2020 10:00:00;10.11.2020 11:00:00;0;69;3678;;7;167;3921
10.11.2020 11:00:00;10.11.2020 12:00:00;0;66;3673;;6;171;3916
10.11.2020 12:00:00;10.11.2020 13:00:00;0;66;3626;;8;210;3910
10.11.2020 13:00:00;10.11.2020 14:00:00;0;66;3629;;10;252;3957
10.11.2020 14:00:00;10.11.2020 15:00:00;0;66;3653;;11;272;4002
10.11.2020 15:00:00;10.11.2020 16:00:00;0;60;3782;;9;265;4116
10.11.2020 16:00:00;10.11.2020 17:00:00;0;60;3456;;7;245;3768
10.11.2020 17:00:00;10.11.2020 18:00:00;0;60;3216;;9;229;3514
10.11.2020 18:00:00;10.11.2020 19:00:00;0;60;3202;;9;216;3487
10.11.2020 19:00:00;10.11.2020 20:00:00;0;60;3121;;10;210;3401
10.11.2020 20:00:00;10.11.2020 21:00:00;0;60;3169;;8;197;3434
10.11.2020 21:00:00;10.11.2020 22:00:00;0;60;3140;;7;202;3409
10.11.2020 22:00:00;10.11.2020 23:00:00;0;60;3087;;7;179;3333
10.11.2020 23:00:00;11.11.2020 00:00:00;0;60;2907;;8;231;3206
11.11.2020 00:00:00;11.11.2020 01:00:00;0;60;2883;;7;223;3173
11.11.2020 01:00:00;11.11.2020 02:00:00;0;60;2771;;7;169;3007
11.11.2020 02:00:00;11.11.2020 03:00:00;0;60;2748;;4;153;2965
11.11.2020 03:00:00;11.11.2020 04:00:00;0;61;2760;;4;155;2980
11.11.2020 04:00:00;11.11.2020 05:00:00;0;61;2769;;3;190;3023
11.11.2020 05:00:00;11.11.2020 06:00:00;0;61;2828;;0;133;3022
11.11.2020 06:00:00;11.11.2020 07:00:00;0;61;2887;;0;126;3074
11.11.2020 07:00:00;11.11.2020 08:00:00;0;61;3356;;0;119;3536
11.11.2020 08:00:00;11.11.2020 09:00:00;0;61;3493;;0;120;3674
11.11.2020 09:00:00;11.11.2020 10:00:00;0;59;3368;;0;131;3558
11.11.2020 10:00:00;11.11.2020 11:00:00;0;58;3273;;0;112;3443
11.11.2020 11:00:00;11.11.2020 12:00:00;0;58;3252;;5;117;3432
11.11.2020 12:00:00;11.11.2020 13:00:00;0;59;3264;;9;154;3486
11.11.2020 13:00:00;11.11.2020 14:00:00;0;58;3307;;17;154;3536
11.11.2020 14:00:00;11.11.2020 15:00:00;0;56;3294;;16;200;3566
11.11.2020 15:00:00;11.11.2020 16:00:00;0;56;3206;;21;238;3521
11.11.2020 16:00:00;11.11.2020 17:00:00;0;55;3183;;19;262;3519
11.11.2020 17:00:00;11.11.2020 18:00:00;0;55;3113;;18;254;3440
11.11.2020 18:00:00;11.11.2020 19:00:00;0;55;3015;;20;237;3327
11.11.2020 19:00:00;11.11.2020 20:00:00;0;55;2944;;19;241;3259
11.11.2020 20:00:00;11.11.2020 21:00:00;0;56;2749;;20;244;3069
11.11.2020 21:00:00;11.11.2020 22:00:00;0;56;2585;;21;297;2959
11.11.2020 22:00:00;11.11.2020 23:00:00;0;56;2520;;21;286;2883
11.11.2020 23:00:00;12.11.2020 00:00:00;0;56;2485;;20;292;2853
12.11.2020 00:00:00;12.11.2020 01:00:00;0;53;2278;;20;280;2631
12.11.2020 01:00:00;12.11.2020 02:00:00;0;53;2299;;22;253;2627
12.11.2020 02:00:00;12.11.2020 03:00:00;0;53;2250;;22;226;2551
12.11.2020 03:00:00;12.11.2020 04:00:00;0;53;2149;;20;250;2472
12.11.2020 04:00:00;12.11.2020 05:00:00;0;53;2151;;20;313;2537
12.11.2020 05:00:00;12.11.2020 06:00:00;0;53;2170;;20;358;2601
12.11.2020 06:00:00;12.11.2020 07:00:00;0;53;2209;;19;397;2678
12.11.2020 07:00:00;12.11.2020 08:00:00;0;53;2260;;21;413;2747
12.11.2020 08:00:00;12.11.2020 09:00:00;0;53;2257;;22;424;2756
12.11.2020 09:00:00;12.11.2020 10:00:00;0;52;2254;;21;397;2724
12.11.2020 10:00:00;12.11.2020 11:00:00;0;50;2235;;17;350;2652
12.11.2020 11:00:00;12.11.2020 12:00:00;0;50;2234;;18;310;2612
12.11.2020 12:00:00;12.11.2020 13:00:00;0;50;2230;;22;408;2710
12.11.2020 13:00:00;12.11.2020 14:00:00;0;49;2288;;21;376;2734
12.11.2020 14:00:00;12.11.2020 15:00:00;0;50;2275;;21;375;2721
12.11.2020 15:00:00;12.11.2020 16:00:00;0;50;2278;;20;369;2717
12.11.2020 16:00:00;12.11.2020 17:00:00;0;50;2317;;23;370;2760
12.11.2020 17:00:00;12.11.2020 18:00:00;0;50;2272;;17;379;2718
12.11.2020 18:00:00;12.11.2020 19:00:00;0;50;2231;;15;380;2676
12.11.2020 19:00:00;12.11.2020 20:00:00;0;50;2231;;0;434;2715
12.11.2020 20:00:00;12.11.2020 21:00:00;0;50;2213;;0;447;2710
12.11.2020 21:00:00;12.11.2020 22:00:00;0;50;2188;;0;453;2691
12.11.2020 22:00:00;12.11.2020 23:00:00;0;50;2155;;6;443;2654
12.11.2020 23:00:00;13.11.2020 00:00:00;0;50;2115;;16;465;2646
13.11.2020 00:00:00;13.11.2020 01:00:00;0;53;1942;;16;423;2434
13.11.2020 01:00:00;13.11.2020 02:00:00;0;53;1932;;16;404;2405
13.11.2020 02:00:00;13.11.2020 03:00:00;0;53;1946;;15;389;2403
13.11.2020 03:00:00;13.11.2020 04:00:00;0;53;1881;;14;363;2311
13.11.2020 04:00:00;13.11.2020 05:00:00;0;53;1831;;15;367;2266
13.11.2020 05:00:00;13.11.2020 06:00:00;0;53;1804;;16;334;2207
13.11.2020 06:00:00;13.11.2020 07:00:00;0;53;1753;;17;304;2127
13.11.2020 07:00:00;13.11.2020 08:00:00;0;53;1802;;16;302;2173
13.11.2020 08:00:00;13.11.2020 09:00:00;0;53;1897;;17;282;2249
13.11.2020 09:00:00;13.11.2020 10:00:00;0;53;1815;;17;263;2148
13.11.2020 10:00:00;13.11.2020 11:00:00;0;53;1901;;17;228;2199
13.11.2020 11:00:00;13.11.2020 12:00:00;0;53;2064;;19;186;2322
13.11.2020 12:00:00;13.11.2020 13:00:00;0;53;2039;;18;160;2270
13.11.2020 13:00:00;13.11.2020 14:00:00;0;53;1915;;17;165;2150
13.11.2020 14:00:00;13.11.2020 15:00:00;0;53;1834;;20;175;2082
13.11.2020 15:00:00;13.11.2020 16:00:00;0;51;1842;;21;206;2120
13.11.2020 16:00:00;13.11.2020 17:00:00;0;51;1822;;21;211;2105
13.11.2020 17:00:00;13.11.2020 18:00:00;0;51;1806;;21;209;2087
13.11.2020 18:00:00;13.11.2020 19:00:00;0;51;1768;;22;209;2050
13.11.2020 19:00:00;13.11.2020 20:00:00;0;51;1758;;20;239;2068
13.11.2020 20:00:00;13.11.2020 21:00:00;0;51;1721;;20;280;2072
13.11.2020 21:00:00;13.11.2020 22:00:00;0;51;1658;;22;392;2123
13.11.2020 22:00:00;13.11.2020 23:00:00;0;50;1592;;22;430;2094
13.11.2020 23:00:00;14.11.2020 00:00:00;0;50;1528;;11;449;2038
14.11.2020 00:00:00;14.11.2020 01:00:00;0;51;1603;;19;492;2165
14.11.2020 01:00:00;14.11.2020 02:00:00;0;51;1589;;20;515;2175
14.11.2020 02:00:00;14.11.2020 03:00:00;0;51;1544;;19;537;2151
14.11.2020 03:00:00;14.11.2020 04:00:00;0;51;1488;;21;516;2076
14.11.2020 04:00:00;14.11.2020 05:00:00;0;51;1499;;21;491;2062
14.11.2020 05:00:00;14.11.2020 06:00:00;0;51;1527;;20;453;2051
14.11.2020 06:00:00;14.11.2020 07:00:00;0;51;1523;;19;421;2014
14.11.2020 07:00:00;14.11.2020 08:00:00;0;51;1732;;22;401;2206
14.11.2020 08:00:00;14.11.2020 09:00:00;0;51;1754;;20;452;2277
14.11.2020 09:00:00;14.11.2020 10:00:00;0;51;1697;;22;511;2281
14.11.2020 10:00:00;14.11.2020 11:00:00;0;55;1681;;22;498;2256
14.11.2020 11:00:00;14.11.2020 12:00:00;0;52;1675;;20;490;2237
14.11.2020 12:00:00;14.11.2020 13:00:00;0;51;1711;;23;495;2280
14.11.2020 13:00:00;14.11.2020 14:00:00;0;51;1720;;22;495;2288
14.11.2020 14:00:00;14.11.2020 15:00:00;0;51;1723;;24;525;2323
14.11.2020 15:00:00;14.11.2020 16:00:00;0;51;1700;;23;493;2267
14.11.2020 16:00:00;14.11.2020 17:00:00;0;51;1813;;21;473;2358
14.11.2020 17:00:00;14.11.2020 18:00:00;0;51;1778;;22;464;2315
14.11.2020 18:00:00;14.11.2020 19:00:00;0;50;1618;;21;473;2162
14.11.2020 19:00:00;14.11.2020 20:00:00;0;50;1526;;20;491;2087
14.11.2020 20:00:00;14.11.2020 21:00:00;0;50;1384;;21;471;1926
14.11.2020 21:00:00;14.11.2020 22:00:00;0;50;1368;;22;439;1879
14.11.2020 22:00:00;14.11.2020 23:00:00;0;50;1366;;22;506;1944
14.11.2020 23:00:00;15.11.2020 00:00:00;0;49;1360;;21;540;1970
15.11.2020 00:00:00;15.11.2020 01:00:00;0;46;1475;;25;544;2090
15.11.2020 01:00:00;15.11.2020 02:00:00;0;47;1139;;24;547;1757
15.11.2020 02:00:00;15.11.2020 03:00:00;0;46;1045;;20;560;1671
15.11.2020 03:00:00;15.11.2020 04:00:00;0;46;1033;;22;530;1631
15.11.2020 04:00:00;15.11.2020 05:00:00;0;46;952;;23;508;1529
15.11.2020 05:00:00;15.11.2020 06:00:00;0;46;953;;24;487;1510
15.11.2020 06:00:00;15.11.2020 07:00:00;0;46;940;;22;528;1536
15.11.2020 07:00:00;15.11.2020 08:00:00;0;46;1044;;16;478;1584
15.11.2020 08:00:00;15.11.2020 09:00:00;0;46;1073;;23;457;1599
15.11.2020 09:00:00;15.11.2020 10:00:00;0;46;1305;;21;471;1843
15.11.2020 10:00:00;15.11.2020 11:00:00;0;46;1424;;23;451;1944
15.11.2020 11:00:00;15.11.2020 12:00:00;0;46;1447;;23;477;1993
15.11.2020 12:00:00;15.11.2020 13:00:00;0;46;1522;;25;495;2088
15.11.2020 13:00:00;15.11.2020 14:00:00;0;46;1513;;24;479;2062
15.11.2020 14:00:00;15.11.2020 15:00:00;0;46;1506;;21;404;1977
15.11.2020 15:00:00;15.11.2020 16:00:00;0;46;1471;;23;384;1924
15.11.2020 16:00:00;15.11.2020 17:00:00;0;47;1470;;20;369;1906
15.11.2020 17:00:00;15.11.2020 18:00:00;0;46;1468;;18;385;1917
15.11.2020 18:00:00;15.11.2020 19:00:00;0;46;1456;;21;318;1841
15.11.2020 19:00:00;15.11.2020 20:00:00;0;47;1439;;23;289;1798
15.11.2020 20:00:00;15.11.2020 21:00:00;0;46;1318;;24;245;1633
15.11.2020 21:00:00;15.11.2020 22:00:00;0;47;1243;;24;220;1534
15.11.2020 22:00:00;15.11.2020 23:00:00;0;47;1117;;24;224;1412
15.11.2020 23:00:00;16.11.2020 00:00:00;0;45;1064;;24;232;1365
16.11.2020 00:00:00;16.11.2020 01:00:00;0;47;928;;22;268;1265
16.11.2020 01:00:00;16.11.2020 02:00:00;0;45;891;;23;272;1231
16.11.2020 02:00:00;16.11.2020 03:00:00;0;45;864;;24;216;1149
16.11.2020 03:00:00;16.11.2020 04:00:00;0;45;846;;23;234;1148
16.11.2020 04:00:00;16.11.2020 05:00:00;0;45;878;;23;247;1193
16.11.2020 05:00:00;16.11.2020 06:00:00;0;45;883;;26;272;1226
16.11.2020 06:00:00;16.11.2020 07:00:00;0;47;944;;25;270;1286
16.11.2020 07:00:00;16.11.2020 08:00:00;0;47;1377;;23;265;1712
16.11.2020 08:00:00;16.11.2020 09:00:00;0;45;1381;;27;251;1704
16.11.2020 09:00:00;16.11.2020 10:00:00;0;45;1408;;12;274;1739
16.11.2020 10:00:00;16.11.2020 11:00:00;0;45;1452;;21;298;1816
16.11.2020 11:00:00;16.11.2020 12:00:00;0;45;1460;;23;324;1852
16.11.2020 12:00:00;16.11.2020 13:00:00;0;46;1479;;25;282;1832
16.11.2020 13:00:00;16.11.2020 14:00:00;0;46;1506;;25;272;1849
16.11.2020 14:00:00;16.11.2020 15:00:00;0;46;1501;;21;262;1830
16.11.2020 15:00:00;16.11.2020 16:00:00;0;45;1510;;24;252;1831
16.11.2020 16:00:00;16.11.2020 17:00:00;0;46;1491;;23;300;1860
16.11.2020 17:00:00;16.11.2020 18:00:00;0;46;1463;;22;359;1890
16.11.2020 18:00:00;16.11.2020 19:00:00;0;46;1531;;23;408;2008
16.11.2020 19:00:00;16.11.2020 20:00:00;0;46;1547;;22;514;2129
16.11.2020 20:00:00;16.11.2020 21:00:00;0;47;1519;;23;538;2127
16.11.2020 21:00:00;16.11.2020 22:00:00;0;47;1350;;25;530;1952
16.11.2020 22:00:00;16.11.2020 23:00:00;0;47;1149;;23;533;1752
16.11.2020 23:00:00;17.11.2020 00:00:00;0;48;1091;;23;519;1681
17.11.2020 00:00:00;17.11.2020 01:00:00;0;45;935;;25;520;1525
17.11.2020 01:00:00;17.11.2020 02:00:00;0;44;899;;25;524;1492
17.11.2020 02:00:00;17.11.2020 03:00:00;0;44;897;;26;542;1509
17.11.2020 03:00:00;17.11.2020 04:00:00;0;45;905;;26;527;1503
17.11.2020 04:00:00;17.11.2020 05:00:00;0;45;927;;24;525;1521
17.11.2020 05:00:00;17.11.2020 06:00:00;0;46;982;;24;529;1581
17.11.2020 06:00:00;17.11.2020 07:00:00;0;46;1231;;22;540;1839
17.11.2020 07:00:00;17.11.2020 08:00:00;0;46;1543;;23;524;2136
17.11.2020 08:00:00;17.11.2020 09:00:00;0;47;1688;;24;521;2280
17.11.2020 09:00:00;17.11.2020 10:00:00;0;47;1695;;25;508;2275
17.11.2020 10:00:00;17.11.2020 11:00:00;0;49;1685;;25;504;2263
17.11.2020 11:00:00;17.11.2020 12:00:00;0;49;1729;;26;509;2313
17.11.2020 12:00:00;17.11.2020 13:00:00;0;49;1767;;26;503;2345
17.11.2020 13:00:00;17.11.2020 14:00:00;0;49;1763;;20;471;2303
17.11.2020 14:00:00;17.11.2020 15:00:00;0;49;1772;;28;378;2227
17.11.2020 15:00:00;17.11.2020 16:00:00;0;47;1755;;26;360;2188
17.11.2020 16:00:00;17.11.2020 17:00:00;0;46;1693;;25;369;2133
17.11.2020 17:00:00;17.11.2020 18:00:00;0;48;1568;;23;396;2035
17.11.2020 18:00:00;17.11.2020 19:00:00;0;48;1426;;21;485;1980
17.11.2020 19:00:00;17.11.2020 20:00:00;0;48;1368;;22;507;1945
17.11.2020 20:00:00;17.11.2020 21:00:00;0;49;1293;;22;527;1891
17.11.2020 21:00:00;17.11.2020 22:00:00;0;49;1203;;18;542;1812
17.11.2020 22:00:00;17.11.2020 23:00:00;0;49;1112;;18;510;1689
17.11.2020 23:00:00;18.11.2020 00:00:00;0;48;1119;;15;437;1619
18.11.2020 00:00:00;18.11.2020 01:00:00;0;43;1008;;10;436;1497
18.11.2020 01:00:00;18.11.2020 02:00:00;0;45;992;;10;397;1444
18.11.2020 02:00:00;18.11.2020 03:00:00;0;45;966;;10;322;1343
18.11.2020 03:00:00;18.11.2020 04:00:00;0;45;979;;9;328;1361
18.11.2020 04:00:00;18.11.2020 05:00:00;0;45;996;;9;451;1501
18.11.2020 05:00:00;18.11.2020 06:00:00;0;46;1110;;10;431;1597
18.11.2020 06:00:00;18.11.2020 07:00:00;0;47;1286;;10;380;1723
18.11.2020 07:00:00;18.11.2020 08:00:00;0;48;1783;;8;304;2143
18.11.2020 08:00:00;18.11.2020 09:00:00;0;50;1926;;1;344;2321
18.11.2020 09:00:00;18.11.2020 10:00:00;0;50;1944;;0;391;2385
18.11.2020 10:00:00;18.11.2020 11:00:00;0;50;1994;;0;297;2341
18.11.2020 11:00:00;18.11.2020 12:00:00;0;50;2013;;0;309;2372
18.11.2020 12:00:00;18.11.2020 13:00:00;0;50;2067;;0;413;2530
18.11.2020 13:00:00;18.11.2020 14:00:00;0;51;2099;;0;464;2614
18.11.2020 14:00:00;18.11.2020 15:00:00;0;51;2134;;0;451;2636
18.11.2020 15:00:00;18.11.2020 16:00:00;0;53;2307;;0;402;2762
18.11.2020 16:00:00;18.11.2020 17:00:00;0;53;2449;;0;455;2957
18.11.2020 17:00:00;18.11.2020 18:00:00;0;53;2294;;0;464;2811
18.11.2020 18:00:00;18.11.2020 19:00:00;0;52;2212;;0;494;2758
18.11.2020 19:00:00;18.11.2020 20:00:00;0;52;2140;;0;480;2672
18.11.2020 20:00:00;18.11.2020 21:00:00;0;51;1989;;0;473;2513
18.11.2020 21:00:00;18.11.2020 22:00:00;0;51;1860;;0;407;2318
18.11.2020 22:00:00;18.11.2020 23:00:00;0;51;1479;;0;325;1855
18.11.2020 23:00:00;19.11.2020 00:00:00;0;50;1315;;0;293;1658
19.11.2020 00:00:00;19.11.2020 01:00:00;0;56;1105;;1;287;1449
19.11.2020 01:00:00;19.11.2020 02:00:00;0;54;1052;;13;197;1316
19.11.2020 02:00:00;19.11.2020 03:00:00;0;55;987;;14;204;1260
19.11.2020 03:00:00;19.11.2020 04:00:00;0;58;956;;14;154;1182
19.11.2020 04:00:00;19.11.2020 05:00:00;0;58;1044;;15;180;1297
19.11.2020 05:00:00;19.11.2020 06:00:00;0;59;1074;;16;189;1338
19.11.2020 06:00:00;19.11.2020 07:00:00;0;60;1328;;16;188;1592
19.11.2020 07:00:00;19.11.2020 08:00:00;0;59;2002;;13;165;2239
19.11.2020 08:00:00;19.11.2020 09:00:00;0;59;2059;;13;125;2256
19.11.2020 09:00:00;19.11.2020 10:00:00;0;59;2016;;13;151;2239
19.11.2020 10:00:00;19.11.2020 11:00:00;0;58;2025;;12;158;2253
19.11.2020 11:00:00;19.11.2020 12:00:00;0;58;2037;;4;166;2265
19.11.2020 12:00:00;19.11.2020 13:00:00;0;59;2049;;12;246;2366
19.11.2020 13:00:00;19.11.2020 14:00:00;0;59;2069;;11;393;2532
19.11.2020 14:00:00;19.11.2020 15:00:00;0;55;2312;;14;409;2790
19.11.2020 15:00:00;19.11.2020 16:00:00;0;55;2358;;15;378;2806
19.11.2020 16:00:00;19.11.2020 17:00:00;0;55;1981;;15;376;2427
19.11.2020 17:00:00;19.11.2020 18:00:00;0;55;1814;;19;387;2275
19.11.2020 18:00:00;19.11.2020 19:00:00;0;55;1911;;19;416;2401
19.11.2020 19:00:00;19.11.2020 20:00:00;0;55;1904;;18;447;2424
19.11.2020 20:00:00;19.11.2020 21:00:00;0;55;1774;;18;476;2323
19.11.2020 21:00:00;19.11.2020 22:00:00;0;55;1755;;17;473;2300
19.11.2020 22:00:00;19.11.2020 23:00:00;0;55;1699;;19;491;2264
19.11.2020 23:00:00;20.11.2020 00:00:00;0;54;1394;;19;535;2002
20.11.2020 00:00:00;20.11.2020 01:00:00;0;55;1278;;20;566;1919
20.11.2020 01:00:00;20.11.2020 02:00:00;0;54;1157;;20;574;1805
20.11.2020 02:00:00;20.11.2020 03:00:00;0;54;1138;;23;566;1781
20.11.2020 03:00:00;20.11.2020 04:00:00;0;56;1165;;18;579;1818
20.11.2020 04:00:00;20.11.2020 05:00:00;0;55;1156;;21;544;1776
20.11.2020 05:00:00;20.11.2020 06:00:00;0;55;1194;;19;552;1820
20.11.2020 06:00:00;20.11.2020 07:00:00;0;55;1216;;18;508;1797
20.11.2020 07:00:00;20.11.2020 08:00:00;0;55;1388;;20;499;1962
20.11.2020 08:00:00;20.11.2020 09:00:00;0;55;1594;;18;410;2077
20.11.2020 09:00:00;20.11.2020 10:00:00;0;55;1709;;18;387;2169
20.11.2020 10:00:00;20.11.2020 11:00:00;0;55;1829;;18;434;2336
20.11.2020 11:00:00;20.11.2020 12:00:00;0;55;1860;;21;412;2348
20.11.2020 12:00:00;20.11.2020 13:00:00;0;55;1959;;22;350;2386
20.11.2020 13:00:00;20.11.2020 14:00:00;0;55;1983;;22;342;2402
20.11.2020 14:00:00;20.11.2020 15:00:00;0;53;1868;;21;312;2254
20.11.2020 15:00:00;20.11.2020 16:00:00;0;49;1861;;21;306;2237
20.11.2020 16:00:00;20.11.2020 17:00:00;0;50;1897;;21;317;2285
20.11.2020 17:00:00;20.11.2020 18:00:00;0;50;1928;;18;201;2197
20.11.2020 18:00:00;20.11.2020 19:00:00;0;50;1948;;20;209;2227
20.11.2020 19:00:00;20.11.2020 20:00:00;0;50;1911;;22;213;2196
20.11.2020 20:00:00;20.11.2020 21:00:00;0;51;1937;;14;179;2181
20.11.2020 21:00:00;20.11.2020 22:00:00;0;51;1922;;16;132;2121
20.11.2020 22:00:00;20.11.2020 23:00:00;0;51;1915;;17;127;2110
20.11.2020 23:00:00;21.11.2020 00:00:00;0;50;1747;;20;145;1962
21.11.2020 00:00:00;21.11.2020 01:00:00;0;44;1820;;16;132;2012
21.11.2020 01:00:00;21.11.2020 02:00:00;0;43;1703;;17;166;1929
21.11.2020 02:00:00;21.11.2020 03:00:00;0;43;1506;;19;206;1774
21.11.2020 03:00:00;21.11.2020 04:00:00;0;43;1285;;16;285;1629
21.11.2020 04:00:00;21.11.2020 05:00:00;0;43;1135;;11;402;1591
21.11.2020 05:00:00;21.11.2020 06:00:00;0;43;1140;;17;459;1659
21.11.2020 06:00:00;21.11.2020 07:00:00;0;42;1121;;15;466;1644
21.11.2020 07:00:00;21.11.2020 08:00:00;0;42;1169;;14;462;1687
21.11.2020 08:00:00;21.11.2020 09:00:00;0;43;1193;;3;475;1714
21.11.2020 09:00:00;21.11.2020 10:00:00;0;43;1231;;0;448;1722
21.11.2020 10:00:00;21.11.2020 11:00:00;0;42;1318;;1;480;1841
21.11.2020 11:00:00;21.11.2020 12:00:00;0;43;1352;;13;492;1900
21.11.2020 12:00:00;21.11.2020 13:00:00;0;42;1397;;14;504;1957
21.11.2020 13:00:00;21.11.2020 14:00:00;0;42;1411;;12;525;1990
21.11.2020 14:00:00;21.11.2020 15:00:00;0;42;1465;;12;521;2040
21.11.2020 15:00:00;21.11.2020 16:00:00;0;42;1499;;13;541;2095
21.11.2020 16:00:00;21.11.2020 17:00:00;0;42;1570;;10;533;2155
21.11.2020 17:00:00;21.11.2020 18:00:00;0;42;1574;;9;559;2184
21.11.2020 18:00:00;21.11.2020 19:00:00;0;43;1476;;9;545;2073
21.11.2020 19:00:00;21.11.2020 20:00:00;0;42;1236;;10;527;1815
21.11.2020 20:00:00;21.11.2020 21:00:00;0;43;1126;;10;505;1684
21.11.2020 21:00:00;21.11.2020 22:00:00;0;43;1050;;10;490;1593
21.11.2020 22:00:00;21.11.2020 23:00:00;0;42;996;;12;479;1529
21.11.2020 23:00:00;22.11.2020 00:00:00;0;42;1007;;10;461;1520
22.11.2020 00:00:00;22.11.2020 01:00:00;0;38;915;;10;400;1363
22.11.2020 01:00:00;22.11.2020 02:00:00;0;37;906;;11;390;1344
22.11.2020 02:00:00;22.11.2020 03:00:00;0;37;916;;14;354;1321
22.11.2020 03:00:00;22.11.2020 04:00:00;0;38;887;;14;321;1260
22.11.2020 04:00:00;22.11.2020 05:00:00;0;38;895;;14;265;1212
22.11.2020 05:00:00;22.11.2020 06:00:00;0;38;889;;17;241;1185
22.11.2020 06:00:00;22.11.2020 07:00:00;0;37;873;;12;220;1142
22.11.2020 07:00:00;22.11.2020 08:00:00;0;37;907;;7;188;1139
22.11.2020 08:00:00;22.11.2020 09:00:00;0;38;964;;15;159;1176
22.11.2020 09:00:00;22.11.2020 10:00:00;0;38;987;;17;121;1163
22.11.2020 10:00:00;22.11.2020 11:00:00;0;38;992;;15;104;1149
22.11.2020 11:00:00;22.11.2020 12:00:00;0;39;1046;;16;92;1193
22.11.2020 12:00:00;22.11.2020 13:00:00;0;39;1064;;17;65;1185
22.11.2020 13:00:00;22.11.2020 14:00:00;0;39;1076;;18;59;1192
22.11.2020 14:00:00;22.11.2020 15:00:00;0;39;1079;;16;42;1176
22.11.2020 15:00:00;22.11.2020 16:00:00;0;39;1101;;16;20;1176
22.11.2020 16:00:00;22.11.2020 17:00:00;0;39;1128;;16;14;1197
22.11.2020 17:00:00;22.11.2020 18:00:00;0;39;1209;;16;17;1281
22.11.2020 18:00:00;22.11.2020 19:00:00;0;39;1169;;15;17;1240
22.11.2020 19:00:00;22.11.2020 20:00:00;0;39;1151;;15;19;1224
22.11.2020 20:00:00;22.11.2020 21:00:00;0;39;1147;;16;15;1217
22.11.2020 21:00:00;22.11.2020 22:00:00;0;39;1129;;14;16;1198
22.11.2020 22:00:00;22.11.2020 23:00:00;0;39;1089;;14;8;1150
22.11.2020 23:00:00;23.11.2020 00:00:00;0;38;1032;;15;20;1105
23.11.2020 00:00:00;23.11.2020 01:00:00;0;41;959;;17;32;1049
23.11.2020 01:00:00;23.11.2020 02:00:00;0;41;956;;18;42;1057
23.11.2020 02:00:00;23.11.2020 03:00:00;0;41;932;;18;43;1034
23.11.2020 03:00:00;23.11.2020 04:00:00;0;41;930;;17;50;1038
23.11.2020 04:00:00;23.11.2020 05:00:00;0;41;940;;18;62;1061
23.11.2020 05:00:00;23.11.2020 06:00:00;0;42;1053;;17;83;1195
23.11.2020 06:00:00;23.11.2020 07:00:00;0;42;1171;;16;107;1336
23.11.2020 07:00:00;23.11.2020 08:00:00;0;42;1461;;15;124;1642
23.11.2020 08:00:00;23.11.2020 09:00:00;0;42;1652;;16;122;1832
23.11.2020 09:00:00;23.11.2020 10:00:00;0;42;1615;;16;161;1834
23.11.2020 10:00:00;23.11.2020 11:00:00;0;42;1637;;18;181;1878
23.11.2020 11:00:00;23.11.2020 12:00:00;0;42;1572;;16;202;1832
23.11.2020 12:00:00;23.11.2020 13:00:00;0;44;1510;;14;157;1725
23.11.2020 13:00:00;23.11.2020 14:00:00;0;45;1534;;19;139;1737
23.11.2020 14:00:00;23.11.2020 15:00:00;0;45;1497;;18;124;1684
23.11.2020 15:00:00;23.11.2020 16:00:00;0;45;1526;;19;134;1724
23.11.2020 16:00:00;23.11.2020 17:00:00;0;45;1538;;11;172;1766
23.11.2020 17:00:00;23.11.2020 18:00:00;0;46;1612;;19;144;1821
23.11.2020 18:00:00;23.11.2020 19:00:00;0;46;1787;;19;147;1999
23.11.2020 19:00:00;23.11.2020 20:00:00;0;46;1821;;20;134;2021
23.11.2020 20:00:00;23.11.2020 21:00:00;0;46;1687;;19;143;1895
23.11.2020 21:00:00;23.11.2020 22:00:00;0;45;1659;;20;136;1860
23.11.2020 22:00:00;23.11.2020 23:00:00;0;45;1640;;21;126;1832
23.11.2020 23:00:00;24.11.2020 00:00:00;0;45;1417;;19;135;1616
24.11.2020 00:00:00;24.11.2020 01:00:00;0;46;1520;;21;114;1701
24.11.2020 01:00:00;24.11.2020 02:00:00;0;45;1516;;19;111;1691
24.11.2020 02:00:00;24.11.2020 03:00:00;0;45;1522;;20;103;1690
24.11.2020 03:00:00;24.11.2020 04:00:00;0;45;1541;;19;107;1712
24.11.2020 04:00:00;24.11.2020 05:00:00;0;45;1602;;18;106;1771
24.11.2020 05:00:00;24.11.2020 06:00:00;0;45;1710;;22;129;1906
24.11.2020 06:00:00;24.11.2020 07:00:00;0;46;1937;;13;141;2137
24.11.2020 07:00:00;24.11.2020 08:00:00;0;47;2491;;17;172;2727
24.11.2020 08:00:00;24.11.2020 09:00:00;0;47;2613;;12;199;2871
24.11.2020 09:00:00;24.11.2020 10:00:00;0;46;2671;;19;237;2973
24.11.2020 10:00:00;24.11.2020 11:00:00;0;52;2341;;18;256;2667
24.11.2020 11:00:00;24.11.2020 12:00:00;0;52;2333;;21;285;2691
24.11.2020 12:00:00;24.11.2020 13:00:00;0;52;2584;;20;309;2965
24.11.2020 13:00:00;24.11.2020 14:00:00;0;52;2774;;19;321;3166
24.11.2020 14:00:00;24.11.2020 15:00:00;0;51;2791;;21;337;3200
24.11.2020 15:00:00;24.11.2020 16:00:00;0;53;2736;;21;358;3168
24.11.2020 16:00:00;24.11.2020 17:00:00;0;53;2826;;20;335;3234
24.11.2020 17:00:00;24.11.2020 18:00:00;0;53;2980;;18;358;3409
24.11.2020 18:00:00;24.11.2020 19:00:00;0;53;2879;;22;361;3315
24.11.2020 19:00:00;24.11.2020 20:00:00;0;53;2914;;20;338;3325
24.11.2020 20:00:00;24.11.2020 21:00:00;0;53;2857;;18;333;3261
24.11.2020 21:00:00;24.11.2020 22:00:00;0;53;2576;;18;294;2941
24.11.2020 22:00:00;24.11.2020 23:00:00;0;53;1869;;17;303;2242
24.11.2020 23:00:00;25.11.2020 00:00:00;0;52;1777;;20;376;2225
25.11.2020 00:00:00;25.11.2020 01:00:00;0;52;1587;;17;415;2071
25.11.2020 01:00:00;25.11.2020 02:00:00;0;52;1332;;15;386;1785
25.11.2020 02:00:00;25.11.2020 03:00:00;0;52;1294;;19;341;1706
25.11.2020 03:00:00;25.11.2020 04:00:00;0;52;1296;;18;316;1682
25.11.2020 04:00:00;25.11.2020 05:00:00;0;52;1300;;19;308;1679
25.11.2020 05:00:00;25.11.2020 06:00:00;0;52;1315;;20;312;1699
25.11.2020 06:00:00;25.11.2020 07:00:00;0;53;1602;;16;310;1981
25.11.2020 07:00:00;25.11.2020 08:00:00;0;53;2165;;18;304;2540
25.11.2020 08:00:00;25.11.2020 09:00:00;0;53;2216;;16;291;2576
25.11.2020 09:00:00;25.11.2020 10:00:00;0;53;2195;;16;264;2528
25.11.2020 10:00:00;25.11.2020 11:00:00;0;53;2086;;19;250;2408
25.11.2020 11:00:00;25.11.2020 12:00:00;0;53;2017;;19;240;2329
25.11.2020 12:00:00;25.11.2020 13:00:00;0;53;2127;;18;193;2391
25.11.2020 13:00:00;25.11.2020 14:00:00;0;53;2335;;18;180;2586
25.11.2020 14:00:00;25.11.2020 15:00:00;0;53;2378;;18;149;2598
25.11.2020 15:00:00;25.11.2020 16:00:00;0;53;2403;;17;146;2619
25.11.2020 16:00:00;25.11.2020 17:00:00;0;53;2355;;17;117;2542
25.11.2020 17:00:00;25.11.2020 18:00:00;0;53;2345;;15;107;2520
25.11.2020 18:00:00;25.11.2020 19:00:00;0;53;2239;;20;72;2384
25.11.2020 19:00:00;25.11.2020 20:00:00;0;53;2275;;22;83;2433
25.11.2020 20:00:00;25.11.2020 21:00:00;0;53;2048;;21;51;2173
25.11.2020 21:00:00;25.11.2020 22:00:00;0;53;2015;;23;51;2142
25.11.2020 22:00:00;25.11.2020 23:00:00;0;53;1752;;23;53;1881
25.11.2020 23:00:00;26.11.2020 00:00:00;0;53;1659;;23;51;1786
26.11.2020 00:00:00;26.11.2020 01:00:00;0;47;1867;;19;26;1959
26.11.2020 01:00:00;26.11.2020 02:00:00;0;47;1829;;22;28;1926
26.11.2020 02:00:00;26.11.2020 03:00:00;0;47;1739;;21;9;1816
26.11.2020 03:00:00;26.11.2020 04:00:00;0;47;1727;;20;7;1801
26.11.2020 04:00:00;26.11.2020 05:00:00;0;47;1817;;21;5;1890
26.11.2020 05:00:00;26.11.2020 06:00:00;0;47;1964;;21;1;2033
26.11.2020 06:00:00;26.11.2020 07:00:00;0;47;2258;;23;6;2334
26.11.2020 07:00:00;26.11.2020 08:00:00;0;47;2488;;21;5;2561
26.11.2020 08:00:00;26.11.2020 09:00:00;0;49;2492;;20;5;2566
26.11.2020 09:00:00;26.11.2020 10:00:00;0;48;2436;;23;5;2512
26.11.2020 10:00:00;26.11.2020 11:00:00;0;48;2457;;15;8;2528
26.11.2020 11:00:00;26.11.2020 12:00:00;0;48;2441;;19;5;2513
26.11.2020 12:00:00;26.11.2020 13:00:00;0;48;2435;;21;5;2509
26.11.2020 13:00:00;26.11.2020 14:00:00;0;49;2447;;15;9;2520
26.11.2020 14:00:00;26.11.2020 15:00:00;0;48;2482;;8;19;2557
26.11.2020 15:00:00;26.11.2020 16:00:00;0;48;2439;;17;19;2523
26.11.2020 16:00:00;26.11.2020 17:00:00;0;49;2230;;15;22;2316
26.11.2020 17:00:00;26.11.2020 18:00:00;0;49;2201;;18;47;2315
26.11.2020 18:00:00;26.11.2020 19:00:00;0;48;2244;;19;67;2378
26.11.2020 19:00:00;26.11.2020 20:00:00;0;48;2254;;20;109;2431
26.11.2020 20:00:00;26.11.2020 21:00:00;0;48;2255;;19;205;2527
26.11.2020 21:00:00;26.11.2020 22:00:00;0;48;2528;;20;282;2878
26.11.2020 22:00:00;26.11.2020 23:00:00;0;48;2567;;21;273;2909
26.11.2020 23:00:00;27.11.2020 00:00:00;0;47;2567;;23;286;2923
27.11.2020 00:00:00;27.11.2020 01:00:00;0;47;2738;;22;333;3140
27.11.2020 01:00:00;27.11.2020 02:00:00;0;46;2701;;21;331;3099
27.11.2020 02:00:00;27.11.2020 03:00:00;0;46;2707;;23;362;3138
27.11.2020 03:00:00;27.11.2020 04:00:00;0;46;2707;;21;435;3209
27.11.2020 04:00:00;27.11.2020 05:00:00;0;46;2653;;21;447;3167
27.11.2020 05:00:00;27.11.2020 06:00:00;0;46;2704;;17;427;3194
27.11.2020 06:00:00;27.11.2020 07:00:00;0;47;2817;;18;425;3307
27.11.2020 07:00:00;27.11.2020 08:00:00;0;47;3162;;16;454;3679
27.11.2020 08:00:00;27.11.2020 09:00:00;0;46;3480;;17;535;4078
27.11.2020 09:00:00;27.11.2020 10:00:00;0;42;3489;;17;514;4062
27.11.2020 10:00:00;27.11.2020 11:00:00;0;42;3415;;15;542;4014
27.11.2020 11:00:00;27.11.2020 12:00:00;0;42;3290;;15;564;3911
27.11.2020 12:00:00;27.11.2020 13:00:00;0;42;3224;;16;561;3843
27.11.2020 13:00:00;27.11.2020 14:00:00;0;42;3145;;21;526;3734
27.11.2020 14:00:00;27.11.2020 15:00:00;0;43;3190;;21;431;3685
27.11.2020 15:00:00;27.11.2020 16:00:00;0;42;3354;;20;266;3682
27.11.2020 16:00:00;27.11.2020 17:00:00;0;42;3465;;19;251;3777
27.11.2020 17:00:00;27.11.2020 18:00:00;0;42;3524;;21;217;3804
27.11.2020 18:00:00;27.11.2020 19:00:00;0;42;3552;;20;258;3872
27.11.2020 19:00:00;27.11.2020 20:00:00;0;42;3533;;21;221;3817
27.11.2020 20:00:00;27.11.2020 21:00:00;0;42;3533;;21;270;3866
27.11.2020 21:00:00;27.11.2020 22:00:00;0;42;3486;;20;308;3856
27.11.2020 22:00:00;27.11.2020 23:00:00;0;43;3418;;20;308;3789
27.11.2020 23:00:00;28.11.2020 00:00:00;0;43;3147;;18;333;3541
28.11.2020 00:00:00;28.11.2020 01:00:00;0;40;3441;;20;370;3871
28.11.2020 01:00:00;28.11.2020 02:00:00;0;41;3429;;20;368;3858
28.11.2020 02:00:00;28.11.2020 03:00:00;0;41;3446;;23;334;3844
28.11.2020 03:00:00;28.11.2020 04:00:00;0;41;3442;;20;329;3832
28.11.2020 04:00:00;28.11.2020 05:00:00;0;41;3425;;23;340;3829
28.11.2020 05:00:00;28.11.2020 06:00:00;0;41;3424;;21;341;3827
28.11.2020 06:00:00;28.11.2020 07:00:00;0;41;3431;;13;365;3850
28.11.2020 07:00:00;28.11.2020 08:00:00;0;41;3421;;21;319;3802
28.11.2020 08:00:00;28.11.2020 09:00:00;0;41;3474;;23;324;3862
28.11.2020 09:00:00;28.11.2020 10:00:00;0;41;3719;;22;365;4147
28.11.2020 10:00:00;28.11.2020 11:00:00;0;41;3678;;24;361;4104
28.11.2020 11:00:00;28.11.2020 12:00:00;0;41;3727;;21;354;4143
28.11.2020 12:00:00;28.11.2020 13:00:00;0;41;3677;;22;345;4085
28.11.2020 13:00:00;28.11.2020 14:00:00;0;41;3657;;24;354;4076
28.11.2020 14:00:00;28.11.2020 15:00:00;0;41;3681;;22;347;4091
28.11.2020 15:00:00;28.11.2020 16:00:00;0;41;3671;;22;382;4116
28.11.2020 16:00:00;28.11.2020 17:00:00;0;41;3675;;20;338;4074
28.11.2020 17:00:00;28.11.2020 18:00:00;0;40;3639;;23;281;3983
28.11.2020 18:00:00;28.11.2020 19:00:00;0;40;3596;;22;308;3966
28.11.2020 19:00:00;28.11.2020 20:00:00;0;40;3530;;21;361;3952
28.11.2020 20:00:00;28.11.2020 21:00:00;0;40;3453;;21;396;3910
28.11.2020 21:00:00;28.11.2020 22:00:00;0;40;3463;;21;510;4034
28.11.2020 22:00:00;28.11.2020 23:00:00;0;40;3301;;22;517;3880
28.11.2020 23:00:00;29.11.2020 00:00:00;0;40;3206;;21;541;3808
29.11.2020 00:00:00;29.11.2020 01:00:00;0;41;3302;;21;535;3899
29.11.2020 01:00:00;29.11.2020 02:00:00;0;41;3264;;22;546;3873
29.11.2020 02:00:00;29.11.2020 03:00:00;0;41;3251;;20;539;3851
29.11.2020 03:00:00;29.11.2020 04:00:00;0;41;3247;;20;525;3833
29.11.2020 04:00:00;29.11.2020 05:00:00;0;41;3224;;20;505;3790
29.11.2020 05:00:00;29.11.2020 06:00:00;0;41;3287;;21;385;3734
29.11.2020 06:00:00;29.11.2020 07:00:00;0;41;3290;;19;334;3684
29.11.2020 07:00:00;29.11.2020 08:00:00;0;41;3340;;22;378;3781
29.11.2020 08:00:00;29.11.2020 09:00:00;0;41;3413;;22;411;3887
29.11.2020 09:00:00;29.11.2020 10:00:00;0;41;3502;;17;348;3908
29.11.2020 10:00:00;29.11.2020 11:00:00;0;41;3561;;16;283;3901
29.11.2020 11:00:00;29.11.2020 12:00:00;0;42;3584;;17;340;3983
29.11.2020 12:00:00;29.11.2020 13:00:00;0;43;3573;;20;435;4071
29.11.2020 13:00:00;29.11.2020 14:00:00;0;43;3582;;16;440;4081
29.11.2020 14:00:00;29.11.2020 15:00:00;0;43;3652;;16;484;4195
29.11.2020 15:00:00;29.11.2020 16:00:00;0;43;3653;;20;512;4228
29.11.2020 16:00:00;29.11.2020 17:00:00;0;43;3608;;20;512;4183
29.11.2020 17:00:00;29.11.2020 18:00:00;0;43;3579;;20;475;4117
29.11.2020 18:00:00;29.11.2020 19:00:00;0;43;3577;;20;356;3996
29.11.2020 19:00:00;29.11.2020 20:00:00;0;43;3574;;20;330;3967
29.11.2020 20:00:00;29.11.2020 21:00:00;0;43;3538;;20;352;3953
29.11.2020 21:00:00;29.11.2020 22:00:00;0;43;3527;;17;364;3951
29.11.2020 22:00:00;29.11.2020 23:00:00;0;43;3462;;20;484;4009
29.11.2020 23:00:00;30.11.2020 00:00:00;0;43;3343;;7;516;3909
30.11.2020 00:00:00;30.11.2020 01:00:00;0;47;3023;;9;518;3597
30.11.2020 01:00:00;30.11.2020 02:00:00;0;46;2922;;9;495;3472
30.11.2020 02:00:00;30.11.2020 03:00:00;0;46;2886;;9;509;3450
30.11.2020 03:00:00;30.11.2020 04:00:00;0;46;2868;;8;520;3442
30.11.2020 04:00:00;30.11.2020 05:00:00;0;46;2777;;9;551;3383
30.11.2020 05:00:00;30.11.2020 06:00:00;0;46;2807;;8;562;3423
30.11.2020 06:00:00;30.11.2020 07:00:00;0;46;2745;;7;571;3369
30.11.2020 07:00:00;30.11.2020 08:00:00;0;46;3096;;7;554;3703
30.11.2020 08:00:00;30.11.2020 09:00:00;0;49;3534;;9;579;4171
30.11.2020 09:00:00;30.11.2020 10:00:00;0;49;3588;;10;574;4221
30.11.2020 10:00:00;30.11.2020 11:00:00;0;49;3724;;9;583;4365
30.11.2020 11:00:00;30.11.2020 12:00:00;0;49;3778;;8;559;4394
30.11.2020 12:00:00;30.11.2020 13:00:00;0;49;3786;;7;535;4377
30.11.2020 13:00:00;30.11.2020 14:00:00;0;49;3764;;8;517;4338
30.11.2020 14:00:00;30.11.2020 15:00:00;0;49;3746;;8;501;4304
30.11.2020 15:00:00;30.11.2020 16:00:00;0;49;3900;;8;509;4466
30.11.2020 16:00:00;30.11.2020 17:00:00;0;49;3765;;8;569;4391
30.11.2020 17:00:00;30.11.2020 18:00:00;0;49;3642;;9;547;4247
30.11.2020 18:00:00;30.11.2020 19:00:00;0;49;3627;;8;513;4197
30.11.2020 19:00:00;30.11.2020 20:00:00;0;49;3597;;10;497;4153
30.11.2020 20:00:00;30.11.2020 21:00:00;0;49;3565;;9;490;4113
30.11.2020 21:00:00;30.11.2020 22:00:00;0;49;3512;;9;503;4073
30.11.2020 22:00:00;30.11.2020 23:00:00;0;49;3438;;9;482;3978
30.11.2020 23:00:00;01.12.2020 00:00:00;0;49;3313;;16;428;3806
01.12.2020 00:00:00;01.12.2020 01:00:00;0;49;3274;;15;275;3613
01.12.2020 01:00:00;01.12.2020 02:00:00;0;49;3178;;17;240;3484
01.12.2020 02:00:00;01.12.2020 03:00:00;0;49;3155;;16;303;3523
01.12.2020 03:00:00;01.12.2020 04:00:00;0;49;3166;;16;466;3697
01.12.2020 04:00:00;01.12.2020 05:00:00;0;49;3206;;16;459;3730
01.12.2020 05:00:00;01.12.2020 06:00:00;0;49;3106;;16;399;3570
01.12.2020 06:00:00;01.12.2020 07:00:00;0;49;3133;;18;363;3563
01.12.2020 07:00:00;01.12.2020 08:00:00;0;49;3200;;18;374;3641
01.12.2020 08:00:00;01.12.2020 09:00:00;0;49;3308;;17;357;3731
01.12.2020 09:00:00;01.12.2020 10:00:00;0;49;3279;;12;260;3600
01.12.2020 10:00:00;01.12.2020 11:00:00;0;49;3189;;19;232;3489
01.12.2020 11:00:00;01.12.2020 12:00:00;0;49;3200;;18;314;3581
01.12.2020 12:00:00;01.12.2020 13:00:00;0;49;3126;;19;345;3539
01.12.2020 13:00:00;01.12.2020 14:00:00;0;49;3340;;20;278;3687
01.12.2020 14:00:00;01.12.2020 15:00:00;0;48;3366;;17;267;3698
01.12.2020 15:00:00;01.12.2020 16:00:00;0;48;3498;;18;263;3827
01.12.2020 16:00:00;01.12.2020 17:00:00;0;48;3746;;18;278;4090
01.12.2020 17:00:00;01.12.2020 18:00:00;0;48;4036;;17;183;4284
01.12.2020 18:00:00;01.12.2020 19:00:00;0;48;3978;;16;139;4181
01.12.2020 19:00:00;01.12.2020 20:00:00;0;48;3980;;19;133;4180
01.12.2020 20:00:00;01.12.2020 21:00:00;0;48;3964;;19;180;4211
01.12.2020 21:00:00;01.12.2020 22:00:00;0;48;3862;;21;235;4166
01.12.2020 22:00:00;01.12.2020 23:00:00;0;48;3747;;19;280;4094
01.12.2020 23:00:00;02.12.2020 00:00:00;0;48;3637;;15;332;4032
02.12.2020 00:00:00;02.12.2020 01:00:00;0;47;3567;;16;407;4037
02.12.2020 01:00:00;02.12.2020 02:00:00;0;48;3218;;17;489;3772
02.12.2020 02:00:00;02.12.2020 03:00:00;0;47;3156;;17;498;3718
02.12.2020 03:00:00;02.12.2020 04:00:00;0;47;2782;;17;510;3356
02.12.2020 04:00:00;02.12.2020 05:00:00;0;47;2542;;15;500;3104
02.12.2020 05:00:00;02.12.2020 06:00:00;0;47;2513;;18;485;3063
02.12.2020 06:00:00;02.12.2020 07:00:00;0;47;2712;;16;520;3295
02.12.2020 07:00:00;02.12.2020 08:00:00;0;47;2692;;14;558;3311
02.12.2020 08:00:00;02.12.2020 09:00:00;0;47;2597;;13;576;3233
02.12.2020 09:00:00;02.12.2020 10:00:00;0;47;2678;;13;531;3269
02.12.2020 10:00:00;02.12.2020 11:00:00;0;47;2707;;13;540;3307
02.12.2020 11:00:00;02.12.2020 12:00:00;0;47;2910;;13;551;3521
02.12.2020 12:00:00;02.12.2020 13:00:00;0;47;3109;;14;587;3757
02.12.2020 13:00:00;02.12.2020 14:00:00;0;47;3298;;17;602;3964
02.12.2020 14:00:00;02.12.2020 15:00:00;0;47;3298;;18;589;3952
02.12.2020 15:00:00;02.12.2020 16:00:00;0;47;3207;;18;567;3839
02.12.2020 16:00:00;02.12.2020 17:00:00;0;47;3122;;20;567;3756
02.12.2020 17:00:00;02.12.2020 18:00:00;0;47;2888;;18;564;3517
02.12.2020 18:00:00;02.12.2020 19:00:00;0;47;2820;;14;520;3401
02.12.2020 19:00:00;02.12.2020 20:00:00;0;47;2608;;19;510;3184
02.12.2020 20:00:00;02.12.2020 21:00:00;0;47;2649;;22;472;3190
02.12.2020 21:00:00;02.12.2020 22:00:00;0;47;2683;;20;441;3191
02.12.2020 22:00:00;02.12.2020 23:00:00;0;47;2682;;20;464;3213
02.12.2020 23:00:00;03.12.2020 00:00:00;0;47;2490;;20;447;3004
03.12.2020 00:00:00;03.12.2020 01:00:00;0;44;2460;;22;440;2966
03.12.2020 01:00:00;03.12.2020 02:00:00;0;44;2339;;23;429;2835
03.12.2020 02:00:00;03.12.2020 03:00:00;0;44;2266;;19;457;2786
03.12.2020 03:00:00;03.12.2020 04:00:00;0;44;2138;;18;459;2659
03.12.2020 04:00:00;03.12.2020 05:00:00;0;44;2244;;18;447;2753
03.12.2020 05:00:00;03.12.2020 06:00:00;0;44;2638;;19;432;3133
03.12.2020 06:00:00;03.12.2020 07:00:00;0;44;2740;;10;436;3230
03.12.2020 07:00:00;03.12.2020 08:00:00;0;44;2814;;15;392;3265
03.12.2020 08:00:00;03.12.2020 09:00:00;0;44;2823;;14;373;3254
03.12.2020 09:00:00;03.12.2020 10:00:00;0;44;2880;;12;329;3265
03.12.2020 10:00:00;03.12.2020 11:00:00;0;26;2722;;5;333;3086
03.12.2020 11:00:00;03.12.2020 12:00:00;0;6;2584;;1;355;2946
03.12.2020 12:00:00;03.12.2020 13:00:00;0;6;2533;;1;353;2893
03.12.2020 13:00:00;03.12.2020 14:00:00;0;6;2587;;1;359;2953
03.12.2020 14:00:00;03.12.2020 15:00:00;0;38;2733;;6;368;3145
03.12.2020 15:00:00;03.12.2020 16:00:00;0;50;2782;;10;365;3207
03.12.2020 16:00:00;03.12.2020 17:00:00;0;50;2775;;10;388;3223
03.12.2020 17:00:00;03.12.2020 18:00:00;0;50;2723;;10;356;3139
03.12.2020 18:00:00;03.12.2020 19:00:00;0;50;2638;;15;334;3037
03.12.2020 19:00:00;03.12.2020 20:00:00;0;50;2623;;17;366;3056
03.12.2020 20:00:00;03.12.2020 21:00:00;0;50;2630;;16;358;3054
03.12.2020 21:00:00;03.12.2020 22:00:00;0;50;2619;;17;364;3050
03.12.2020 22:00:00;03.12.2020 23:00:00;0;49;2653;;20;334;3056
03.12.2020 23:00:00;04.12.2020 00:00:00;0;50;2667;;19;329;3065
04.12.2020 00:00:00;04.12.2020 01:00:00;0;49;3259;;19;346;3673
04.12.2020 01:00:00;04.12.2020 02:00:00;0;48;3056;;19;381;3504
04.12.2020 02:00:00;04.12.2020 03:00:00;0;49;2852;;20;369;3290
04.12.2020 03:00:00;04.12.2020 04:00:00;0;49;2869;;20;321;3259
04.12.2020 04:00:00;04.12.2020 05:00:00;0;49;2905;;22;323;3299
04.12.2020 05:00:00;04.12.2020 06:00:00;0;48;3357;;20;362;3787
04.12.2020 06:00:00;04.12.2020 07:00:00;0;49;3343;;21;363;3776
04.12.2020 07:00:00;04.12.2020 08:00:00;0;49;3590;;21;343;4003
04.12.2020 08:00:00;04.12.2020 09:00:00;0;51;3606;;21;315;3993
04.12.2020 09:00:00;04.12.2020 10:00:00;0;50;3647;;20;340;4057
04.12.2020 10:00:00;04.12.2020 11:00:00;0;50;3729;;12;339;4130
04.12.2020 11:00:00;04.12.2020 12:00:00;0;50;3760;;24;323;4157
04.12.2020 12:00:00;04.12.2020 13:00:00;0;50;3781;;22;306;4159
04.12.2020 13:00:00;04.12.2020 14:00:00;0;50;3785;;19;322;4176
04.12.2020 14:00:00;04.12.2020 15:00:00;0;47;3815;;19;301;4182
04.12.2020 15:00:00;04.12.2020 16:00:00;0;46;3770;;20;301;4137
04.12.2020 16:00:00;04.12.2020 17:00:00;0;46;3777;;20;278;4121
04.12.2020 17:00:00;04.12.2020 18:00:00;0;46;3795;;19;273;4133
04.12.2020 18:00:00;04.12.2020 19:00:00;0;46;3849;;21;306;4222
04.12.2020 19:00:00;04.12.2020 20:00:00;0;45;3847;;20;302;4214
04.12.2020 20:00:00;04.12.2020 21:00:00;0;45;3822;;21;268;4156
04.12.2020 21:00:00;04.12.2020 22:00:00;0;45;3811;;21;233;4110
04.12.2020 22:00:00;04.12.2020 23:00:00;0;45;3784;;23;262;4114
04.12.2020 23:00:00;05.12.2020 00:00:00;0;45;3688;;18;295;4046
05.12.2020 00:00:00;05.12.2020 01:00:00;0;44;3615;;24;305;3988
05.12.2020 01:00:00;05.12.2020 02:00:00;0;44;3529;;25;280;3878
05.12.2020 02:00:00;05.12.2020 03:00:00;0;44;3484;;23;299;3850
05.12.2020 03:00:00;05.12.2020 04:00:00;0;44;3490;;25;298;3857
05.12.2020 04:00:00;05.12.2020 05:00:00;0;44;3496;;24;270;3834
05.12.2020 05:00:00;05.12.2020 06:00:00;0;44;3515;;24;282;3865
05.12.2020 06:00:00;05.12.2020 07:00:00;0;44;3545;;24;276;3889
05.12.2020 07:00:00;05.12.2020 08:00:00;0;44;3615;;25;286;3970
05.12.2020 08:00:00;05.12.2020 09:00:00;0;44;3686;;25;259;4014
05.12.2020 09:00:00;05.12.2020 10:00:00;0;43;3779;;23;248;4093
05.12.2020 10:00:00;05.12.2020 11:00:00;0;44;3795;;24;255;4118
05.12.2020 11:00:00;05.12.2020 12:00:00;0;44;3823;;23;228;4118
05.12.2020 12:00:00;05.12.2020 13:00:00;0;44;3813;;19;211;4087
05.12.2020 13:00:00;05.12.2020 14:00:00;0;45;3822;;21;177;4065
05.12.2020 14:00:00;05.12.2020 15:00:00;0;45;3835;;22;222;4124
05.12.2020 15:00:00;05.12.2020 16:00:00;0;45;3778;;22;374;4219
05.12.2020 16:00:00;05.12.2020 17:00:00;0;45;3819;;26;327;4217
05.12.2020 17:00:00;05.12.2020 18:00:00;0;45;3805;;26;269;4145
05.12.2020 18:00:00;05.12.2020 19:00:00;0;45;3752;;24;216;4037
05.12.2020 19:00:00;05.12.2020 20:00:00;0;45;3710;;25;196;3976
05.12.2020 20:00:00;05.12.2020 21:00:00;0;45;3605;;24;226;3900
05.12.2020 21:00:00;05.12.2020 22:00:00;0;45;3559;;26;273;3903
05.12.2020 22:00:00;05.12.2020 23:00:00;0;45;3503;;26;291;3865
05.12.2020 23:00:00;06.12.2020 00:00:00;0;45;3460;;26;266;3797
06.12.2020 00:00:00;06.12.2020 01:00:00;0;43;3577;;27;250;3897
06.12.2020 01:00:00;06.12.2020 02:00:00;0;43;3541;;26;267;3877
06.12.2020 02:00:00;06.12.2020 03:00:00;0;43;3559;;27;209;3838
06.12.2020 03:00:00;06.12.2020 04:00:00;0;42;3551;;28;175;3796
06.12.2020 04:00:00;06.12.2020 05:00:00;0;42;3554;;26;193;3815
06.12.2020 05:00:00;06.12.2020 06:00:00;0;42;3567;;22;168;3799
06.12.2020 06:00:00;06.12.2020 07:00:00;0;42;3615;;21;170;3848
06.12.2020 07:00:00;06.12.2020 08:00:00;0;42;3586;;21;176;3825
06.12.2020 08:00:00;06.12.2020 09:00:00;0;42;3647;;25;190;3904
06.12.2020 09:00:00;06.12.2020 10:00:00;0;42;3695;;23;197;3957
06.12.2020 10:00:00;06.12.2020 11:00:00;0;42;3751;;23;226;4042
06.12.2020 11:00:00;06.12.2020 12:00:00;0;42;3781;;22;250;4095
06.12.2020 12:00:00;06.12.2020 13:00:00;0;42;3776;;25;258;4101
06.12.2020 13:00:00;06.12.2020 14:00:00;0;42;3965;;21;250;4278
06.12.2020 14:00:00;06.12.2020 15:00:00;0;42;4033;;23;247;4345
06.12.2020 15:00:00;06.12.2020 16:00:00;0;41;4026;;24;239;4330
06.12.2020 16:00:00;06.12.2020 17:00:00;0;42;3893;;26;228;4189
06.12.2020 17:00:00;06.12.2020 18:00:00;0;42;3863;;27;236;4168
06.12.2020 18:00:00;06.12.2020 19:00:00;0;42;3852;;24;231;4149
06.12.2020 19:00:00;06.12.2020 20:00:00;0;42;3826;;24;224;4116
06.12.2020 20:00:00;06.12.2020 21:00:00;0;42;3772;;21;239;4074
06.12.2020 21:00:00;06.12.2020 22:00:00;0;42;3768;;18;220;4048
06.12.2020 22:00:00;06.12.2020 23:00:00;0;42;3781;;19;229;4071
06.12.2020 23:00:00;07.12.2020 00:00:00;0;42;3753;;17;229;4041
07.12.2020 00:00:00;07.12.2020 01:00:00;0;42;3750;;12;176;3980
07.12.2020 01:00:00;07.12.2020 02:00:00;0;42;3426;;13;92;3573
07.12.2020 02:00:00;07.12.2020 03:00:00;0;42;3342;;17;80;3481
07.12.2020 03:00:00;07.12.2020 04:00:00;0;42;3265;;16;72;3395
07.12.2020 04:00:00;07.12.2020 05:00:00;0;42;3268;;18;45;3373
07.12.2020 05:00:00;07.12.2020 06:00:00;0;42;3390;;17;31;3480
07.12.2020 06:00:00;07.12.2020 07:00:00;0;43;3942;;20;15;4020
07.12.2020 07:00:00;07.12.2020 08:00:00;0;43;4078;;16;11;4148
07.12.2020 08:00:00;07.12.2020 09:00:00;0;47;4170;;18;18;4253
07.12.2020 09:00:00;07.12.2020 10:00:00;0;46;4173;;15;22;4256
07.12.2020 10:00:00;07.12.2020 11:00:00;0;47;4216;;16;27;4306
07.12.2020 11:00:00;07.12.2020 12:00:00;0;47;4218;;13;29;4307
07.12.2020 12:00:00;07.12.2020 13:00:00;0;47;4211;;13;24;4295
07.12.2020 13:00:00;07.12.2020 14:00:00;0;47;4097;;13;23;4180
07.12.2020 14:00:00;07.12.2020 15:00:00;0;47;4019;;15;33;4114
07.12.2020 15:00:00;07.12.2020 16:00:00;0;47;4006;;18;41;4112
07.12.2020 16:00:00;07.12.2020 17:00:00;0;47;3963;;16;70;4096
07.12.2020 17:00:00;07.12.2020 18:00:00;0;46;3870;;20;69;4005
07.12.2020 18:00:00;07.12.2020 19:00:00;0;46;3828;;16;82;3972
07.12.2020 19:00:00;07.12.2020 20:00:00;0;46;3789;;21;98;3954
07.12.2020 20:00:00;07.12.2020 21:00:00;0;47;3769;;21;129;3966
07.12.2020 21:00:00;07.12.2020 22:00:00;0;47;3860;;22;144;4073
07.12.2020 22:00:00;07.12.2020 23:00:00;0;47;3807;;22;153;4029
07.12.2020 23:00:00;08.12.2020 00:00:00;0;47;3691;;23;177;3938
08.12.2020 00:00:00;08.12.2020 01:00:00;0;44;3643;;24;173;3884
08.12.2020 01:00:00;08.12.2020 02:00:00;0;44;3606;;21;181;3852
08.12.2020 02:00:00;08.12.2020 03:00:00;0;44;3617;;21;176;3858
08.12.2020 03:00:00;08.12.2020 04:00:00;0;44;3588;;18;178;3828
08.12.2020 04:00:00;08.12.2020 05:00:00;0;44;3567;;23;172;3806
08.12.2020 05:00:00;08.12.2020 06:00:00;0;44;3640;;21;182;3887
08.12.2020 06:00:00;08.12.2020 07:00:00;0;45;3691;;24;178;3938
08.12.2020 07:00:00;08.12.2020 08:00:00;0;44;3794;;22;168;4028
08.12.2020 08:00:00;08.12.2020 09:00:00;0;44;3785;;23;161;4013
08.12.2020 09:00:00;08.12.2020 10:00:00;0;44;3839;;20;151;4054
08.12.2020 10:00:00;08.12.2020 11:00:00;1;43;4010;;20;155;4229
08.12.2020 11:00:00;08.12.2020 12:00:00;3;43;4000;;20;176;4242
08.12.2020 12:00:00;08.12.2020 13:00:00;3;43;4039;;20;160;4265
08.12.2020 13:00:00;08.12.2020 14:00:00;3;43;3984;;21;164;4215
08.12.2020 14:00:00;08.12.2020 15:00:00;3;43;3930;;23;199;4198
08.12.2020 15:00:00;08.12.2020 16:00:00;3;43;3949;;20;183;4198
08.12.2020 16:00:00;08.12.2020 17:00:00;3;43;3889;;21;183;4139
08.12.2020 17:00:00;08.12.2020 18:00:00;3;43;3902;;23;228;4199
08.12.2020 18:00:00;08.12.2020 19:00:00;3;43;3924;;24;245;4239
08.12.2020 19:00:00;08.12.2020 20:00:00;3;43;3915;;22;244;4227
08.12.2020 20:00:00;08.12.2020 21:00:00;3;43;3902;;25;249;4222
08.12.2020 21:00:00;08.12.2020 22:00:00;3;43;3918;;26;245;4235
08.12.2020 22:00:00;08.12.2020 23:00:00;3;43;3837;;23;249;4155
08.12.2020 23:00:00;09.12.2020 00:00:00;3;43;3793;;24;255;4118
09.12.2020 00:00:00;09.12.2020 01:00:00;3;42;3712;;20;268;4045
09.12.2020 01:00:00;09.12.2020 02:00:00;3;42;3655;;22;280;4002
09.12.2020 02:00:00;09.12.2020 03:00:00;3;42;3640;;22;320;4027
09.12.2020 03:00:00;09.12.2020 04:00:00;3;43;3629;;21;323;4019
09.12.2020 04:00:00;09.12.2020 05:00:00;3;42;3630;;19;340;4034
09.12.2020 05:00:00;09.12.2020 06:00:00;3;43;3635;;18;336;4035
09.12.2020 06:00:00;09.12.2020 07:00:00;3;43;3718;;15;345;4124
09.12.2020 07:00:00;09.12.2020 08:00:00;3;42;3853;;15;314;4227
09.12.2020 08:00:00;09.12.2020 09:00:00;3;42;3841;;12;337;4235
09.12.2020 09:00:00;09.12.2020 10:00:00;3;42;3846;;9;342;4242
09.12.2020 10:00:00;09.12.2020 11:00:00;3;42;3976;;9;349;4379
09.12.2020 11:00:00;09.12.2020 12:00:00;3;42;3996;;9;333;4383
09.12.2020 12:00:00;09.12.2020 13:00:00;3;42;3957;;9;349;4360
09.12.2020 13:00:00;09.12.2020 14:00:00;3;42;3924;;9;404;4382
09.12.2020 14:00:00;09.12.2020 15:00:00;3;42;3912;;13;417;4387
09.12.2020 15:00:00;09.12.2020 16:00:00;3;41;3919;;15;435;4413
09.12.2020 16:00:00;09.12.2020 17:00:00;3;41;3922;;17;434;4417
09.12.2020 17:00:00;09.12.2020 18:00:00;3;41;3880;;20;449;4393
09.12.2020 18:00:00;09.12.2020 19:00:00;3;41;3857;;20;436;4357
09.12.2020 19:00:00;09.12.2020 20:00:00;3;41;3842;;19;397;4302
09.12.2020 20:00:00;09.12.2020 21:00:00;3;41;3822;;19;348;4233
09.12.2020 21:00:00;09.12.2020 22:00:00;3;41;3790;;19;307;4160
09.12.2020 22:00:00;09.12.2020 23:00:00;3;42;3754;;19;318;4136
09.12.2020 23:00:00;10.12.2020 00:00:00;3;42;3705;;19;335;4104
10.12.2020 00:00:00;10.12.2020 01:00:00;3;41;3633;;22;296;3995
10.12.2020 01:00:00;10.12.2020 02:00:00;3;41;3640;;22;324;4030
10.12.2020 02:00:00;10.12.2020 03:00:00;3;41;3773;;22;346;4185
10.12.2020 03:00:00;10.12.2020 04:00:00;3;41;3748;;22;364;4178
10.12.2020 04:00:00;10.12.2020 05:00:00;3;41;3628;;22;340;4034
10.12.2020 05:00:00;10.12.2020 06:00:00;3;41;3511;;22;298;3875
10.12.2020 06:00:00;10.12.2020 07:00:00;3;41;3472;;22;279;3817
10.12.2020 07:00:00;10.12.2020 08:00:00;3;41;3549;;22;221;3836
10.12.2020 08:00:00;10.12.2020 09:00:00;3;41;3571;;21;184;3820
10.12.2020 09:00:00;10.12.2020 10:00:00;3;42;3820;;21;196;4082
10.12.2020 10:00:00;10.12.2020 11:00:00;3;42;3814;;21;197;4077
10.12.2020 11:00:00;10.12.2020 12:00:00;3;42;3643;;21;195;3904
10.12.2020 12:00:00;10.12.2020 13:00:00;3;42;3872;;22;147;4086
10.12.2020 13:00:00;10.12.2020 14:00:00;3;42;3756;;22;87;3910
10.12.2020 14:00:00;10.12.2020 15:00:00;3;42;3702;;22;90;3859
10.12.2020 15:00:00;10.12.2020 16:00:00;3;42;3878;;22;88;4033
10.12.2020 16:00:00;10.12.2020 17:00:00;3;42;4014;;10;87;4156
10.12.2020 17:00:00;10.12.2020 18:00:00;3;42;3959;;14;82;4100
10.12.2020 18:00:00;10.12.2020 19:00:00;3;42;3909;;14;73;4041
10.12.2020 19:00:00;10.12.2020 20:00:00;3;42;3878;;18;83;4024
10.12.2020 20:00:00;10.12.2020 21:00:00;3;42;3897;;12;115;4069
10.12.2020 21:00:00;10.12.2020 22:00:00;3;42;3895;;17;118;4075
10.12.2020 22:00:00;10.12.2020 23:00:00;3;42;3857;;17;141;4060
10.12.2020 23:00:00;11.12.2020 00:00:00;3;41;3848;;21;161;4074
11.12.2020 00:00:00;11.12.2020 01:00:00;3;40;3739;;18;188;3988
11.12.2020 01:00:00;11.12.2020 02:00:00;3;40;3695;;17;175;3930
11.12.2020 02:00:00;11.12.2020 03:00:00;3;40;3652;;18;173;3886
11.12.2020 03:00:00;11.12.2020 04:00:00;3;40;3641;;18;197;3899
11.12.2020 04:00:00;11.12.2020 05:00:00;3;39;3657;;18;224;3941
11.12.2020 05:00:00;11.12.2020 06:00:00;3;39;3653;;18;229;3942
11.12.2020 06:00:00;11.12.2020 07:00:00;3;39;3708;;17;212;3979
11.12.2020 07:00:00;11.12.2020 08:00:00;3;39;3807;;19;214;4082
11.12.2020 08:00:00;11.12.2020 09:00:00;3;39;3868;;15;223;4148
11.12.2020 09:00:00;11.12.2020 10:00:00;3;40;3835;;18;194;4090
11.12.2020 10:00:00;11.12.2020 11:00:00;3;40;3822;;15;190;4070
11.12.2020 11:00:00;11.12.2020 12:00:00;3;40;3860;;16;168;4087
11.12.2020 12:00:00;11.12.2020 13:00:00;3;41;3890;;17;172;4123
11.12.2020 13:00:00;11.12.2020 14:00:00;3;41;4015;;14;184;4257
11.12.2020 14:00:00;11.12.2020 15:00:00;3;39;4020;;18;195;4275
11.12.2020 15:00:00;11.12.2020 16:00:00;3;39;3988;;16;170;4216
11.12.2020 16:00:00;11.12.2020 17:00:00;3;39;3980;;18;176;4216
11.12.2020 17:00:00;11.12.2020 18:00:00;3;39;3965;;18;189;4214
11.12.2020 18:00:00;11.12.2020 19:00:00;3;39;3998;;20;186;4246
11.12.2020 19:00:00;11.12.2020 20:00:00;3;39;3926;;17;203;4188
11.12.2020 20:00:00;11.12.2020 21:00:00;3;39;3912;;13;201;4168
11.12.2020 21:00:00;11.12.2020 22:00:00;3;39;3947;;14;194;4197
11.12.2020 22:00:00;11.12.2020 23:00:00;3;39;3916;;15;209;4182
11.12.2020 23:00:00;12.12.2020 00:00:00;3;39;3892;;15;225;4174
12.12.2020 00:00:00;12.12.2020 01:00:00;3;34;3825;;18;225;4105
12.12.2020 01:00:00;12.12.2020 02:00:00;3;33;3781;;18;240;4075
12.12.2020 02:00:00;12.12.2020 03:00:00;3;33;3754;;16;220;4026
12.12.2020 03:00:00;12.12.2020 04:00:00;3;33;3776;;16;221;4049
12.12.2020 04:00:00;12.12.2020 05:00:00;3;33;3739;;16;224;4015
12.12.2020 05:00:00;12.12.2020 06:00:00;3;33;3779;;17;222;4054
12.12.2020 06:00:00;12.12.2020 07:00:00;3;33;3767;;16;232;4051
12.12.2020 07:00:00;12.12.2020 08:00:00;3;33;3761;;16;291;4104
12.12.2020 08:00:00;12.12.2020 09:00:00;3;34;3900;;16;238;4191
12.12.2020 09:00:00;12.12.2020 10:00:00;3;35;3936;;15;251;4240
12.12.2020 10:00:00;12.12.2020 11:00:00;3;35;3918;;12;264;4232
12.12.2020 11:00:00;12.12.2020 12:00:00;3;34;3904;;14;246;4201
12.12.2020 12:00:00;12.12.2020 13:00:00;3;34;3844;;12;208;4101
12.12.2020 13:00:00;12.12.2020 14:00:00;3;34;3858;;19;192;4106
12.12.2020 14:00:00;12.12.2020 15:00:00;3;34;3868;;15;147;4067
12.12.2020 15:00:00;12.12.2020 16:00:00;3;34;3975;;18;117;4147
12.12.2020 16:00:00;12.12.2020 17:00:00;3;34;4009;;20;102;4168
12.12.2020 17:00:00;12.12.2020 18:00:00;3;34;3995;;23;110;4165
12.12.2020 18:00:00;12.12.2020 19:00:00;3;34;3994;;20;93;4144
12.12.2020 19:00:00;12.12.2020 20:00:00;3;34;4001;;19;87;4144
12.12.2020 20:00:00;12.12.2020 21:00:00;3;34;3964;;18;70;4089
12.12.2020 21:00:00;12.12.2020 22:00:00;3;34;3976;;19;54;4086
12.12.2020 22:00:00;12.12.2020 23:00:00;3;34;3945;;18;49;4049
12.12.2020 23:00:00;13.12.2020 00:00:00;3;35;3906;;19;40;4003
13.12.2020 00:00:00;13.12.2020 01:00:00;3;34;3822;;21;44;3924
13.12.2020 01:00:00;13.12.2020 02:00:00;3;34;3799;;21;45;3902
13.12.2020 02:00:00;13.12.2020 03:00:00;3;34;3764;;22;52;3875
13.12.2020 03:00:00;13.12.2020 04:00:00;3;34;3724;;22;60;3843
13.12.2020 04:00:00;13.12.2020 05:00:00;3;34;3740;;22;59;3858
13.12.2020 05:00:00;13.12.2020 06:00:00;3;34;3738;;25;108;3908
13.12.2020 06:00:00;13.12.2020 07:00:00;3;34;3773;;22;111;3943
13.12.2020 07:00:00;13.12.2020 08:00:00;3;34;3814;;21;105;3977
13.12.2020 08:00:00;13.12.2020 09:00:00;3;34;3863;;23;101;4024
13.12.2020 09:00:00;13.12.2020 10:00:00;3;34;3926;;24;107;4094
13.12.2020 10:00:00;13.12.2020 11:00:00;3;34;3988;;24;126;4175
13.12.2020 11:00:00;13.12.2020 12:00:00;3;34;3934;;23;177;4171
13.12.2020 12:00:00;13.12.2020 13:00:00;3;33;3904;;20;161;4121
13.12.2020 13:00:00;13.12.2020 14:00:00;3;34;3976;;23;170;4206
13.12.2020 14:00:00;13.12.2020 15:00:00;3;33;3978;;23;173;4210
13.12.2020 15:00:00;13.12.2020 16:00:00;3;33;3996;;25;167;4224
13.12.2020 16:00:00;13.12.2020 17:00:00;3;33;3968;;22;182;4208
13.12.2020 17:00:00;13.12.2020 18:00:00;3;33;3957;;24;253;4270
13.12.2020 18:00:00;13.12.2020 19:00:00;3;33;3946;;24;379;4385
13.12.2020 19:00:00;13.12.2020 20:00:00;3;33;3842;;24;404;4306
13.12.2020 20:00:00;13.12.2020 21:00:00;3;33;3788;;23;397;4244
13.12.2020 21:00:00;13.12.2020 22:00:00;3;33;3790;;25;384;4235
13.12.2020 22:00:00;13.12.2020 23:00:00;3;34;3713;;24;385;4159
13.12.2020 23:00:00;14.12.2020 00:00:00;3;34;3501;;25;401;3964
14.12.2020 00:00:00;14.12.2020 01:00:00;0;34;3459;;25;435;3953
14.12.2020 01:00:00;14.12.2020 02:00:00;0;34;3401;;23;445;3903
14.12.2020 02:00:00;14.12.2020 03:00:00;0;34;3347;;26;440;3847
14.12.2020 03:00:00;14.12.2020 04:00:00;0;34;3305;;20;427;3786
14.12.2020 04:00:00;14.12.2020 05:00:00;0;34;3332;;20;423;3809
14.12.2020 05:00:00;14.12.2020 06:00:00;0;35;3332;;22;431;3820
14.12.2020 06:00:00;14.12.2020 07:00:00;0;34;3484;;22;421;3961
14.12.2020 07:00:00;14.12.2020 08:00:00;0;35;3656;;23;416;4130
14.12.2020 08:00:00;14.12.2020 09:00:00;0;38;3778;;23;382;4221
14.12.2020 09:00:00;14.12.2020 10:00:00;0;36;3771;;26;369;4202
14.12.2020 10:00:00;14.12.2020 11:00:00;0;36;3773;;23;333;4165
14.12.2020 11:00:00;14.12.2020 12:00:00;0;36;3796;;23;336;4191
14.12.2020 12:00:00;14.12.2020 13:00:00;0;36;3798;;19;348;4201
14.12.2020 13:00:00;14.12.2020 14:00:00;0;35;3792;;21;322;4170
14.12.2020 14:00:00;14.12.2020 15:00:00;0;35;3821;;23;319;4198
14.12.2020 15:00:00;14.12.2020 16:00:00;0;35;3828;;22;324;4209
14.12.2020 16:00:00;14.12.2020 17:00:00;0;35;3809;;20;301;4165
14.12.2020 17:00:00;14.12.2020 18:00:00;0;35;3769;;25;290;4119
14.12.2020 18:00:00;14.12.2020 19:00:00;0;35;3772;;26;290;4123
14.12.2020 19:00:00;14.12.2020 20:00:00;0;35;3753;;23;299;4110
14.12.2020 20:00:00;14.12.2020 21:00:00;0;35;3785;;23;281;4124
14.12.2020 21:00:00;14.12.2020 22:00:00;0;35;3921;;24;235;4215
14.12.2020 22:00:00;14.12.2020 23:00:00;0;35;3907;;26;205;4173
14.12.2020 23:00:00;15.12.2020 00:00:00;0;35;3813;;27;215;4090
15.12.2020 00:00:00;15.12.2020 01:00:00;0;35;3713;;25;224;3997
15.12.2020 01:00:00;15.12.2020 02:00:00;0;35;3721;;24;206;3986
15.12.2020 02:00:00;15.12.2020 03:00:00;0;35;3720;;27;189;3971
15.12.2020 03:00:00;15.12.2020 04:00:00;0;35;3722;;27;164;3948
15.12.2020 04:00:00;15.12.2020 05:00:00;0;35;3708;;27;173;3943
15.12.2020 05:00:00;15.12.2020 06:00:00;0;35;3776;;28;156;3995
15.12.2020 06:00:00;15.12.2020 07:00:00;0;36;3891;;20;156;4103
15.12.2020 07:00:00;15.12.2020 08:00:00;0;35;4049;;20;148;4252
15.12.2020 08:00:00;15.12.2020 09:00:00;0;35;4095;;22;121;4273
15.12.2020 09:00:00;15.12.2020 10:00:00;0;35;4102;;21;108;4266
15.12.2020 10:00:00;15.12.2020 11:00:00;1;35;4123;;19;90;4268
15.12.2020 11:00:00;15.12.2020 12:00:00;3;35;4145;;20;73;4276
15.12.2020 12:00:00;15.12.2020 13:00:00;3;35;4176;;21;59;4294
15.12.2020 13:00:00;15.12.2020 14:00:00;3;35;4140;;22;50;4250
15.12.2020 14:00:00;15.12.2020 15:00:00;3;36;4206;;24;47;4316
15.12.2020 15:00:00;15.12.2020 16:00:00;3;35;4333;;23;44;4438
15.12.2020 16:00:00;15.12.2020 17:00:00;3;35;4275;;25;47;4385
15.12.2020 17:00:00;15.12.2020 18:00:00;3;35;4157;;21;71;4287
15.12.2020 18:00:00;15.12.2020 19:00:00;3;35;4106;;22;79;4245
15.12.2020 19:00:00;15.12.2020 20:00:00;3;35;4100;;0;55;4193
15.12.2020 20:00:00;15.12.2020 21:00:00;3;35;4067;;0;53;4158
15.12.2020 21:00:00;15.12.2020 22:00:00;3;35;4062;;0;88;4188
15.12.2020 22:00:00;15.12.2020 23:00:00;3;35;4008;;0;87;4133
15.12.2020 23:00:00;16.12.2020 00:00:00;3;35;3906;;0;100;4044
16.12.2020 00:00:00;16.12.2020 01:00:00;3;36;3857;;4;203;4103
16.12.2020 01:00:00;16.12.2020 02:00:00;3;36;3795;;19;258;4111
16.12.2020 02:00:00;16.12.2020 03:00:00;3;36;3717;;20;262;4038
16.12.2020 03:00:00;16.12.2020 04:00:00;3;36;3713;;19;270;4041
16.12.2020 04:00:00;16.12.2020 05:00:00;3;36;3710;;17;270;4036
16.12.2020 05:00:00;16.12.2020 06:00:00;3;36;3762;;17;247;4065
16.12.2020 06:00:00;16.12.2020 07:00:00;3;36;3836;;18;275;4168
16.12.2020 07:00:00;16.12.2020 08:00:00;3;36;3805;;19;346;4209
16.12.2020 08:00:00;16.12.2020 09:00:00;3;36;3794;;17;359;4209
16.12.2020 09:00:00;16.12.2020 10:00:00;3;36;3790;;17;402;4248
16.12.2020 10:00:00;16.12.2020 11:00:00;3;36;3823;;18;412;4292
16.12.2020 11:00:00;16.12.2020 12:00:00;3;36;3813;;18;411;4281
16.12.2020 12:00:00;16.12.2020 13:00:00;3;36;3799;;15;364;4217
16.12.2020 13:00:00;16.12.2020 14:00:00;3;36;3792;;14;382;4227
16.12.2020 14:00:00;16.12.2020 15:00:00;3;36;3831;;16;368;4254
16.12.2020 15:00:00;16.12.2020 16:00:00;3;36;3880;;16;388;4323
16.12.2020 16:00:00;16.12.2020 17:00:00;3;35;4044;;16;380;4478
16.12.2020 17:00:00;16.12.2020 18:00:00;3;35;4010;;16;319;4383
16.12.2020 18:00:00;16.12.2020 19:00:00;3;35;3981;;17;246;4282
16.12.2020 19:00:00;16.12.2020 20:00:00;3;35;3968;;14;180;4200
16.12.2020 20:00:00;16.12.2020 21:00:00;3;35;3987;;17;143;4185
16.12.2020 21:00:00;16.12.2020 22:00:00;3;35;3892;;17;199;4146
16.12.2020 22:00:00;16.12.2020 23:00:00;3;35;3851;;18;206;4113
16.12.2020 23:00:00;17.12.2020 00:00:00;3;35;3826;;19;247;4130
17.12.2020 00:00:00;17.12.2020 01:00:00;3;35;3779;;20;266;4103
17.12.2020 01:00:00;17.12.2020 02:00:00;3;35;3749;;19;317;4123
17.12.2020 02:00:00;17.12.2020 03:00:00;3;35;3658;;21;348;4065
17.12.2020 03:00:00;17.12.2020 04:00:00;3;35;3662;;21;394;4115
17.12.2020 04:00:00;17.12.2020 05:00:00;3;35;3632;;19;382;4071
17.12.2020 05:00:00;17.12.2020 06:00:00;3;35;3707;;22;378;4145
17.12.2020 06:00:00;17.12.2020 07:00:00;3;35;3689;;24;367;4118
17.12.2020 07:00:00;17.12.2020 08:00:00;3;35;3777;;24;377;4216
17.12.2020 08:00:00;17.12.2020 09:00:00;3;35;3904;;18;402;4362
17.12.2020 09:00:00;17.12.2020 10:00:00;3;35;3879;;20;426;4363
17.12.2020 10:00:00;17.12.2020 11:00:00;3;35;3841;;21;432;4332
17.12.2020 11:00:00;17.12.2020 12:00:00;3;35;3857;;22;447;4364
17.12.2020 12:00:00;17.12.2020 13:00:00;3;35;3858;;22;455;4373
17.12.2020 13:00:00;17.12.2020 14:00:00;3;35;3897;;20;445;4400
17.12.2020 14:00:00;17.12.2020 15:00:00;3;35;3931;;17;450;4436
17.12.2020 15:00:00;17.12.2020 16:00:00;3;35;3971;;16;456;4481
17.12.2020 16:00:00;17.12.2020 17:00:00;3;35;3955;;19;451;4463
17.12.2020 17:00:00;17.12.2020 18:00:00;3;35;3983;;21;448;4490
17.12.2020 18:00:00;17.12.2020 19:00:00;3;34;3966;;19;443;4465
17.12.2020 19:00:00;17.12.2020 20:00:00;3;35;3902;;23;461;4424
17.12.2020 20:00:00;17.12.2020 21:00:00;3;35;3901;;20;472;4431
17.12.2020 21:00:00;17.12.2020 22:00:00;3;35;3873;;22;499;4432
17.12.2020 22:00:00;17.12.2020 23:00:00;3;35;3796;;22;524;4380
17.12.2020 23:00:00;18.12.2020 00:00:00;3;35;3705;;23;544;4310
18.12.2020 00:00:00;18.12.2020 01:00:00;3;35;3640;;24;557;4259
18.12.2020 01:00:00;18.12.2020 02:00:00;3;35;3616;;19;554;4227
18.12.2020 02:00:00;18.12.2020 03:00:00;3;35;3590;;18;537;4183
18.12.2020 03:00:00;18.12.2020 04:00:00;3;35;3612;;18;539;4207
18.12.2020 04:00:00;18.12.2020 05:00:00;3;35;3577;;22;501;4138
18.12.2020 05:00:00;18.12.2020 06:00:00;3;35;3604;;22;498;4162
18.12.2020 06:00:00;18.12.2020 07:00:00;3;35;3708;;23;507;4276
18.12.2020 07:00:00;18.12.2020 08:00:00;3;35;3866;;24;463;4391
18.12.2020 08:00:00;18.12.2020 09:00:00;3;31;3965;;23;414;4436
18.12.2020 09:00:00;18.12.2020 10:00:00;3;29;4052;;24;368;4476
18.12.2020 10:00:00;18.12.2020 11:00:00;3;29;3960;;23;347;4362
18.12.2020 11:00:00;18.12.2020 12:00:00;3;29;3961;;20;317;4330
18.12.2020 12:00:00;18.12.2020 13:00:00;3;29;4052;;25;303;4412
18.12.2020 13:00:00;18.12.2020 14:00:00;3;29;4024;;23;287;4366
18.12.2020 14:00:00;18.12.2020 15:00:00;3;29;3977;;17;266;4292
18.12.2020 15:00:00;18.12.2020 16:00:00;3;29;4135;;19;240;4426
18.12.2020 16:00:00;18.12.2020 17:00:00;3;29;4007;;17;226;4282
18.12.2020 17:00:00;18.12.2020 18:00:00;3;29;4018;;19;219;4288
18.12.2020 18:00:00;18.12.2020 19:00:00;3;29;4013;;22;213;4280
18.12.2020 19:00:00;18.12.2020 20:00:00;3;29;3993;;21;201;4247
18.12.2020 20:00:00;18.12.2020 21:00:00;3;29;3968;;22;157;4179
18.12.2020 21:00:00;18.12.2020 22:00:00;3;29;3959;;25;126;4142
18.12.2020 22:00:00;18.12.2020 23:00:00;3;29;3906;;21;117;4076
18.12.2020 23:00:00;19.12.2020 00:00:00;3;29;3775;;25;119;3951
19.12.2020 00:00:00;19.12.2020 01:00:00;3;28;3746;;17;124;3918
19.12.2020 01:00:00;19.12.2020 02:00:00;3;28;3687;;23;117;3858
19.12.2020 02:00:00;19.12.2020 03:00:00;3;28;3625;;24;128;3808
19.12.2020 03:00:00;19.12.2020 04:00:00;3;27;3548;;22;144;3744
19.12.2020 04:00:00;19.12.2020 05:00:00;3;27;3538;;22;154;3744
19.12.2020 05:00:00;19.12.2020 06:00:00;3;28;3552;;22;164;3769
19.12.2020 06:00:00;19.12.2020 07:00:00;3;27;3501;;22;188;3741
19.12.2020 07:00:00;19.12.2020 08:00:00;3;28;3485;;19;198;3733
19.12.2020 08:00:00;19.12.2020 09:00:00;3;28;3680;;19;168;3898
19.12.2020 09:00:00;19.12.2020 10:00:00;3;28;3796;;19;164;4010
19.12.2020 10:00:00;19.12.2020 11:00:00;3;28;3789;;19;163;4002
19.12.2020 11:00:00;19.12.2020 12:00:00;3;28;3782;;17;183;4013
19.12.2020 12:00:00;19.12.2020 13:00:00;3;27;3743;;16;177;3966
19.12.2020 13:00:00;19.12.2020 14:00:00;3;27;3749;;17;180;3976
19.12.2020 14:00:00;19.12.2020 15:00:00;3;27;3771;;17;185;4003
19.12.2020 15:00:00;19.12.2020 16:00:00;3;28;3754;;17;202;4004
19.12.2020 16:00:00;19.12.2020 17:00:00;3;28;3765;;19;194;4009
19.12.2020 17:00:00;19.12.2020 18:00:00;3;28;3747;;15;225;4018
19.12.2020 18:00:00;19.12.2020 19:00:00;3;28;3669;;21;270;3991
19.12.2020 19:00:00;19.12.2020 20:00:00;3;28;3478;;16;293;3818
19.12.2020 20:00:00;19.12.2020 21:00:00;3;28;3456;;13;298;3798
19.12.2020 21:00:00;19.12.2020 22:00:00;3;28;3515;;16;301;3863
19.12.2020 22:00:00;19.12.2020 23:00:00;3;28;3455;;18;288;3792
19.12.2020 23:00:00;20.12.2020 00:00:00;3;28;3117;;19;326;3493
20.12.2020 00:00:00;20.12.2020 01:00:00;3;24;2722;;14;337;3100
20.12.2020 01:00:00;20.12.2020 02:00:00;3;25;2525;;14;412;2979
20.12.2020 02:00:00;20.12.2020 03:00:00;3;25;2427;;16;406;2877
20.12.2020 03:00:00;20.12.2020 04:00:00;3;25;2426;;17;407;2878
20.12.2020 04:00:00;20.12.2020 05:00:00;3;25;2410;;16;417;2871
20.12.2020 05:00:00;20.12.2020 06:00:00;3;25;2449;;18;431;2926
20.12.2020 06:00:00;20.12.2020 07:00:00;3;25;2387;;18;433;2866
20.12.2020 07:00:00;20.12.2020 08:00:00;3;25;2425;;17;401;2871
20.12.2020 08:00:00;20.12.2020 09:00:00;3;25;2891;;15;382;3316
20.12.2020 09:00:00;20.12.2020 10:00:00;3;25;3172;;20;369;3589
20.12.2020 10:00:00;20.12.2020 11:00:00;3;25;3188;;20;368;3604
20.12.2020 11:00:00;20.12.2020 12:00:00;3;25;3453;;14;378;3873
20.12.2020 12:00:00;20.12.2020 13:00:00;3;25;3480;;14;395;3917
20.12.2020 13:00:00;20.12.2020 14:00:00;3;25;3521;;9;353;3911
20.12.2020 14:00:00;20.12.2020 15:00:00;3;25;3547;;18;404;3997
20.12.2020 15:00:00;20.12.2020 16:00:00;3;25;3648;;17;405;4098
20.12.2020 16:00:00;20.12.2020 17:00:00;3;25;3606;;17;407;4058
20.12.2020 17:00:00;20.12.2020 18:00:00;3;25;3617;;19;407;4071
20.12.2020 18:00:00;20.12.2020 19:00:00;3;25;3636;;20;325;4009
20.12.2020 19:00:00;20.12.2020 20:00:00;3;25;3635;;21;300;3984
20.12.2020 20:00:00;20.12.2020 21:00:00;3;25;3636;;20;347;4031
20.12.2020 21:00:00;20.12.2020 22:00:00;3;25;3729;;20;383;4160
20.12.2020 22:00:00;20.12.2020 23:00:00;3;25;3660;;21;390;4099
20.12.2020 23:00:00;21.12.2020 00:00:00;3;25;3080;;20;441;3569
21.12.2020 00:00:00;21.12.2020 01:00:00;0;10;2442;;20;399;2871
21.12.2020 01:00:00;21.12.2020 02:00:00;0;11;2463;;21;447;2942
21.12.2020 02:00:00;21.12.2020 03:00:00;0;11;2352;;18;505;2886
21.12.2020 03:00:00;21.12.2020 04:00:00;0;11;2292;;18;505;2826
21.12.2020 04:00:00;21.12.2020 05:00:00;0;11;2511;;23;466;3011
21.12.2020 05:00:00;21.12.2020 06:00:00;0;11;2791;;22;476;3300
21.12.2020 06:00:00;21.12.2020 07:00:00;0;11;3133;;21;482;3647
21.12.2020 07:00:00;21.12.2020 08:00:00;0;11;3553;;22;507;4093
21.12.2020 08:00:00;21.12.2020 09:00:00;0;12;3633;;22;499;4166
21.12.2020 09:00:00;21.12.2020 10:00:00;0;13;3632;;22;489;4156
21.12.2020 10:00:00;21.12.2020 11:00:00;0;13;3630;;26;403;4072
21.12.2020 11:00:00;21.12.2020 12:00:00;0;17;3637;;25;391;4070
21.12.2020 12:00:00;21.12.2020 13:00:00;0;40;3742;;24;401;4207
21.12.2020 13:00:00;21.12.2020 14:00:00;0;39;3749;;24;401;4213
21.12.2020 14:00:00;21.12.2020 15:00:00;0;39;3738;;17;429;4223
21.12.2020 15:00:00;21.12.2020 16:00:00;0;39;3775;;20;382;4216
21.12.2020 16:00:00;21.12.2020 17:00:00;0;39;3770;;22;355;4186
21.12.2020 17:00:00;21.12.2020 18:00:00;0;39;3768;;24;323;4154
21.12.2020 18:00:00;21.12.2020 19:00:00;0;39;3713;;24;349;4125
21.12.2020 19:00:00;21.12.2020 20:00:00;0;39;3717;;24;273;4053
21.12.2020 20:00:00;21.12.2020 21:00:00;0;39;3660;;24;220;3943
21.12.2020 21:00:00;21.12.2020 22:00:00;0;39;3633;;21;258;3951
21.12.2020 22:00:00;21.12.2020 23:00:00;0;39;3367;;22;285;3713
21.12.2020 23:00:00;22.12.2020 00:00:00;0;39;2130;;26;302;2497
22.12.2020 00:00:00;22.12.2020 01:00:00;0;38;1254;;27;269;1588
22.12.2020 01:00:00;22.12.2020 02:00:00;0;38;1183;;27;252;1500
22.12.2020 02:00:00;22.12.2020 03:00:00;0;37;1111;;20;246;1414
22.12.2020 03:00:00;22.12.2020 04:00:00;0;37;1103;;25;233;1398
22.12.2020 04:00:00;22.12.2020 05:00:00;0;37;1094;;25;268;1424
22.12.2020 05:00:00;22.12.2020 06:00:00;0;37;1380;;25;292;1734
22.12.2020 06:00:00;22.12.2020 07:00:00;0;37;1989;;25;301;2352
22.12.2020 07:00:00;22.12.2020 08:00:00;0;37;3061;;22;333;3453
22.12.2020 08:00:00;22.12.2020 09:00:00;0;37;3527;;27;334;3925
22.12.2020 09:00:00;22.12.2020 10:00:00;0;37;3526;;27;359;3949
22.12.2020 10:00:00;22.12.2020 11:00:00;1;36;3522;;24;362;3945
22.12.2020 11:00:00;22.12.2020 12:00:00;3;36;3575;;18;348;3980
22.12.2020 12:00:00;22.12.2020 13:00:00;3;36;3627;;12;340;4018
22.12.2020 13:00:00;22.12.2020 14:00:00;3;36;3674;;24;347;4084
22.12.2020 14:00:00;22.12.2020 15:00:00;3;36;3694;;27;344;4104
22.12.2020 15:00:00;22.12.2020 16:00:00;3;36;3733;;22;336;4130
22.12.2020 16:00:00;22.12.2020 17:00:00;3;36;3704;;22;347;4112
22.12.2020 17:00:00;22.12.2020 18:00:00;3;36;3723;;18;328;4108
22.12.2020 18:00:00;22.12.2020 19:00:00;3;36;3752;;20;309;4120
22.12.2020 19:00:00;22.12.2020 20:00:00;3;36;3727;;23;312;4101
22.12.2020 20:00:00;22.12.2020 21:00:00;3;36;3689;;14;307;4049
22.12.2020 21:00:00;22.12.2020 22:00:00;3;36;3721;;17;289;4066
22.12.2020 22:00:00;22.12.2020 23:00:00;3;36;3711;;21;289;4060
22.12.2020 23:00:00;23.12.2020 00:00:00;3;36;3670;;25;318;4052
23.12.2020 00:00:00;23.12.2020 01:00:00;3;36;3529;;14;376;3958
23.12.2020 01:00:00;23.12.2020 02:00:00;3;36;3541;;0;413;3993
23.12.2020 02:00:00;23.12.2020 03:00:00;3;36;3355;;0;400;3794
23.12.2020 03:00:00;23.12.2020 04:00:00;3;36;3254;;0;404;3697
23.12.2020 04:00:00;23.12.2020 05:00:00;3;36;3182;;0;381;3602
23.12.2020 05:00:00;23.12.2020 06:00:00;3;36;3041;;0;295;3375
23.12.2020 06:00:00;23.12.2020 07:00:00;3;36;3106;;0;331;3476
23.12.2020 07:00:00;23.12.2020 08:00:00;3;36;3209;;23;390;3661
23.12.2020 08:00:00;23.12.2020 09:00:00;3;36;3294;;24;387;3744
23.12.2020 09:00:00;23.12.2020 10:00:00;3;36;3345;;26;424;3834
23.12.2020 10:00:00;23.12.2020 11:00:00;3;36;3368;;26;435;3868
23.12.2020 11:00:00;23.12.2020 12:00:00;3;35;3430;;19;427;3914
23.12.2020 12:00:00;23.12.2020 13:00:00;3;35;3426;;12;377;3853
23.12.2020 13:00:00;23.12.2020 14:00:00;3;36;3457;;12;355;3863
23.12.2020 14:00:00;23.12.2020 15:00:00;3;36;3410;;20;344;3813
23.12.2020 15:00:00;23.12.2020 16:00:00;3;35;3441;;25;347;3851
23.12.2020 16:00:00;23.12.2020 17:00:00;3;35;3448;;25;315;3826
23.12.2020 17:00:00;23.12.2020 18:00:00;3;35;3423;;25;305;3791
23.12.2020 18:00:00;23.12.2020 19:00:00;3;35;3398;;22;296;3754
23.12.2020 19:00:00;23.12.2020 20:00:00;3;35;3373;;20;284;3715
23.12.2020 20:00:00;23.12.2020 21:00:00;3;35;3214;;21;241;3514
23.12.2020 21:00:00;23.12.2020 22:00:00;3;35;3023;;25;250;3336
23.12.2020 22:00:00;23.12.2020 23:00:00;3;35;3004;;25;247;3314
23.12.2020 23:00:00;24.12.2020 00:00:00;3;35;3179;;27;223;3467
24.12.2020 00:00:00;24.12.2020 01:00:00;3;35;3193;;26;203;3460
24.12.2020 01:00:00;24.12.2020 02:00:00;3;35;2762;;27;189;3016
24.12.2020 02:00:00;24.12.2020 03:00:00;3;35;2105;;13;180;2336
24.12.2020 03:00:00;24.12.2020 04:00:00;3;35;1776;;26;175;2015
24.12.2020 04:00:00;24.12.2020 05:00:00;3;35;1538;;24;157;1757
24.12.2020 05:00:00;24.12.2020 06:00:00;3;35;1820;;25;145;2028
24.12.2020 06:00:00;24.12.2020 07:00:00;3;35;2093;;23;145;2299
24.12.2020 07:00:00;24.12.2020 08:00:00;3;35;3083;;26;143;3290
24.12.2020 08:00:00;24.12.2020 09:00:00;3;35;3593;;22;157;3810
24.12.2020 09:00:00;24.12.2020 10:00:00;3;35;3786;;23;156;4003
24.12.2020 10:00:00;24.12.2020 11:00:00;3;35;3747;;19;172;3976
24.12.2020 11:00:00;24.12.2020 12:00:00;3;35;3644;;13;210;3905
24.12.2020 12:00:00;24.12.2020 13:00:00;3;35;3545;;23;255;3861
24.12.2020 13:00:00;24.12.2020 14:00:00;3;35;3512;;24;267;3841
24.12.2020 14:00:00;24.12.2020 15:00:00;3;35;3524;;26;246;3834
24.12.2020 15:00:00;24.12.2020 16:00:00;3;35;3569;;22;236;3865
24.12.2020 16:00:00;24.12.2020 17:00:00;3;35;3562;;23;240;3863
24.12.2020 17:00:00;24.12.2020 18:00:00;3;35;3545;;23;258;3864
24.12.2020 18:00:00;24.12.2020 19:00:00;3;35;3480;;21;272;3811
24.12.2020 19:00:00;24.12.2020 20:00:00;3;35;3478;;17;279;3812
24.12.2020 20:00:00;24.12.2020 21:00:00;3;35;3401;;20;301;3760
24.12.2020 21:00:00;24.12.2020 22:00:00;3;35;3468;;23;297;3826
24.12.2020 22:00:00;24.12.2020 23:00:00;3;35;3468;;23;301;3830
24.12.2020 23:00:00;25.12.2020 00:00:00;3;35;3466;;24;274;3802
25.12.2020 00:00:00;25.12.2020 01:00:00;3;34;3401;;25;246;3709
25.12.2020 01:00:00;25.12.2020 02:00:00;3;34;3532;;18;264;3851
25.12.2020 02:00:00;25.12.2020 03:00:00;3;34;3502;;26;315;3880
25.12.2020 03:00:00;25.12.2020 04:00:00;3;34;3030;;26;294;3387
25.12.2020 04:00:00;25.12.2020 05:00:00;3;34;3011;;26;305;3379
25.12.2020 05:00:00;25.12.2020 06:00:00;3;34;3153;;25;368;3583
25.12.2020 06:00:00;25.12.2020 07:00:00;3;34;3281;;27;411;3756
25.12.2020 07:00:00;25.12.2020 08:00:00;3;34;3585;;26;436;4084
25.12.2020 08:00:00;25.12.2020 09:00:00;3;34;3709;;27;440;4213
25.12.2020 09:00:00;25.12.2020 10:00:00;3;34;3691;;29;454;4211
25.12.2020 10:00:00;25.12.2020 11:00:00;3;34;3738;;27;458;4260
25.12.2020 11:00:00;25.12.2020 12:00:00;3;34;3735;;25;496;4293
25.12.2020 12:00:00;25.12.2020 13:00:00;3;34;4021;;20;526;4604
25.12.2020 13:00:00;25.12.2020 14:00:00;3;34;4042;;23;550;4652
25.12.2020 14:00:00;25.12.2020 15:00:00;3;32;4046;;23;570;4674
25.12.2020 15:00:00;25.12.2020 16:00:00;3;32;4081;;24;582;4722
25.12.2020 16:00:00;25.12.2020 17:00:00;3;32;4049;;24;578;4686
25.12.2020 17:00:00;25.12.2020 18:00:00;3;32;3728;;24;589;4376
25.12.2020 18:00:00;25.12.2020 19:00:00;3;32;3584;;26;591;4236
25.12.2020 19:00:00;25.12.2020 20:00:00;3;32;3495;;26;590;4146
25.12.2020 20:00:00;25.12.2020 21:00:00;3;32;3457;;28;579;4099
25.12.2020 21:00:00;25.12.2020 22:00:00;3;32;3450;;24;573;4082
25.12.2020 22:00:00;25.12.2020 23:00:00;3;32;3368;;26;567;3996
25.12.2020 23:00:00;26.12.2020 00:00:00;3;32;3296;;28;570;3929
26.12.2020 00:00:00;26.12.2020 01:00:00;3;32;3182;;25;564;3806
26.12.2020 01:00:00;26.12.2020 02:00:00;3;32;3182;;29;569;3815
26.12.2020 02:00:00;26.12.2020 03:00:00;3;32;3164;;26;583;3808
26.12.2020 03:00:00;26.12.2020 04:00:00;3;32;3183;;25;601;3844
26.12.2020 04:00:00;26.12.2020 05:00:00;3;32;3200;;28;603;3866
26.12.2020 05:00:00;26.12.2020 06:00:00;3;32;3246;;28;588;3897
26.12.2020 06:00:00;26.12.2020 07:00:00;3;32;3208;;27;597;3867
26.12.2020 07:00:00;26.12.2020 08:00:00;3;32;3349;;25;593;4002
26.12.2020 08:00:00;26.12.2020 09:00:00;3;32;3444;;27;589;4095
26.12.2020 09:00:00;26.12.2020 10:00:00;3;32;3526;;24;585;4170
26.12.2020 10:00:00;26.12.2020 11:00:00;3;32;3595;;26;563;4219
26.12.2020 11:00:00;26.12.2020 12:00:00;3;32;3573;;24;578;4210
26.12.2020 12:00:00;26.12.2020 13:00:00;3;32;3560;;25;583;4203
26.12.2020 13:00:00;26.12.2020 14:00:00;3;32;3546;;26;576;4183
26.12.2020 14:00:00;26.12.2020 15:00:00;3;32;3557;;24;564;4180
26.12.2020 15:00:00;26.12.2020 16:00:00;3;32;3526;;15;575;4151
26.12.2020 16:00:00;26.12.2020 17:00:00;3;32;3536;;10;580;4161
26.12.2020 17:00:00;26.12.2020 18:00:00;3;32;3499;;4;566;4104
26.12.2020 18:00:00;26.12.2020 19:00:00;3;32;3523;;0;543;4101
26.12.2020 19:00:00;26.12.2020 20:00:00;3;32;3348;;8;526;3917
26.12.2020 20:00:00;26.12.2020 21:00:00;3;32;2503;;25;532;3095
26.12.2020 21:00:00;26.12.2020 22:00:00;3;32;1981;;25;510;2551
26.12.2020 22:00:00;26.12.2020 23:00:00;3;32;1660;;25;491;2211
26.12.2020 23:00:00;27.12.2020 00:00:00;3;32;1270;;25;474;1804
27.12.2020 00:00:00;27.12.2020 01:00:00;3;31;1252;;24;463;1773
27.12.2020 01:00:00;27.12.2020 02:00:00;3;31;1191;;23;434;1682
27.12.2020 02:00:00;27.12.2020 03:00:00;3;31;1153;;15;416;1618
27.12.2020 03:00:00;27.12.2020 04:00:00;3;31;1136;;24;419;1613
27.12.2020 04:00:00;27.12.2020 05:00:00;3;31;1126;;24;410;1594
27.12.2020 05:00:00;27.12.2020 06:00:00;3;31;1116;;27;391;1568
27.12.2020 06:00:00;27.12.2020 07:00:00;3;31;1133;;25;382;1574
27.12.2020 07:00:00;27.12.2020 08:00:00;3;31;1136;;24;380;1574
27.12.2020 08:00:00;27.12.2020 09:00:00;3;31;1165;;22;366;1587
27.12.2020 09:00:00;27.12.2020 10:00:00;3;31;1162;;23;358;1577
27.12.2020 10:00:00;27.12.2020 11:00:00;3;31;1274;;24;371;1703
27.12.2020 11:00:00;27.12.2020 12:00:00;3;31;1345;;25;362;1766
27.12.2020 12:00:00;27.12.2020 13:00:00;3;31;1432;;25;305;1796
27.12.2020 13:00:00;27.12.2020 14:00:00;3;31;1424;;24;259;1741
27.12.2020 14:00:00;27.12.2020 15:00:00;3;31;1509;;28;234;1805
27.12.2020 15:00:00;27.12.2020 16:00:00;3;31;1651;;24;240;1949
27.12.2020 16:00:00;27.12.2020 17:00:00;3;31;1770;;27;250;2081
27.12.2020 17:00:00;27.12.2020 18:00:00;3;31;1980;;27;219;2260
27.12.2020 18:00:00;27.12.2020 19:00:00;3;31;2155;;26;187;2402
27.12.2020 19:00:00;27.12.2020 20:00:00;3;31;2043;;26;183;2286
27.12.2020 20:00:00;27.12.2020 21:00:00;3;31;1852;;26;191;2103
27.12.2020 21:00:00;27.12.2020 22:00:00;3;31;1689;;26;208;1957
27.12.2020 22:00:00;27.12.2020 23:00:00;3;31;1799;;25;228;2086
27.12.2020 23:00:00;28.12.2020 00:00:00;3;31;1184;;26;249;1493
28.12.2020 00:00:00;28.12.2020 01:00:00;0;32;1150;;27;267;1476
28.12.2020 01:00:00;28.12.2020 02:00:00;0;32;1160;;24;311;1527
28.12.2020 02:00:00;28.12.2020 03:00:00;0;32;1189;;24;369;1614
28.12.2020 03:00:00;28.12.2020 04:00:00;0;32;1180;;25;417;1654
28.12.2020 04:00:00;28.12.2020 05:00:00;0;32;1372;;26;447;1877
28.12.2020 05:00:00;28.12.2020 06:00:00;0;32;2153;;28;420;2633
28.12.2020 06:00:00;28.12.2020 07:00:00;0;32;3016;;26;443;3517
28.12.2020 07:00:00;28.12.2020 08:00:00;0;32;3452;;26;487;3997
28.12.2020 08:00:00;28.12.2020 09:00:00;0;32;3523;;25;495;4075
28.12.2020 09:00:00;28.12.2020 10:00:00;0;35;3590;;24;509;4158
28.12.2020 10:00:00;28.12.2020 11:00:00;0;35;3658;;25;522;4240
28.12.2020 11:00:00;28.12.2020 12:00:00;0;35;3737;;27;555;4354
28.12.2020 12:00:00;28.12.2020 13:00:00;0;35;3723;;23;566;4347
28.12.2020 13:00:00;28.12.2020 14:00:00;0;35;3692;;27;555;4309
28.12.2020 14:00:00;28.12.2020 15:00:00;0;35;3690;;24;547;4296
28.12.2020 15:00:00;28.12.2020 16:00:00;0;35;3702;;16;534;4287
28.12.2020 16:00:00;28.12.2020 17:00:00;0;35;3697;;26;534;4292
28.12.2020 17:00:00;28.12.2020 18:00:00;0;35;3669;;26;557;4287
28.12.2020 18:00:00;28.12.2020 19:00:00;0;36;3574;;26;556;4192
28.12.2020 19:00:00;28.12.2020 20:00:00;0;36;3573;;27;548;4184
28.12.2020 20:00:00;28.12.2020 21:00:00;0;36;3568;;25;550;4179
28.12.2020 21:00:00;28.12.2020 22:00:00;0;35;3593;;27;552;4207
28.12.2020 22:00:00;28.12.2020 23:00:00;0;36;3522;;26;554;4138
28.12.2020 23:00:00;29.12.2020 00:00:00;0;35;3516;;27;551;4129
29.12.2020 00:00:00;29.12.2020 01:00:00;0;35;3624;;25;539;4223
29.12.2020 01:00:00;29.12.2020 02:00:00;0;35;3622;;27;504;4188
29.12.2020 02:00:00;29.12.2020 03:00:00;0;35;3582;;25;507;4149
29.12.2020 03:00:00;29.12.2020 04:00:00;0;35;3576;;25;514;4150
29.12.2020 04:00:00;29.12.2020 05:00:00;0;35;3603;;25;499;4162
29.12.2020 05:00:00;29.12.2020 06:00:00;0;35;3612;;25;406;4078
29.12.2020 06:00:00;29.12.2020 07:00:00;0;35;3582;;24;355;3996
29.12.2020 07:00:00;29.12.2020 08:00:00;0;35;3582;;27;427;4071
29.12.2020 08:00:00;29.12.2020 09:00:00;0;35;3697;;26;509;4267
29.12.2020 09:00:00;29.12.2020 10:00:00;0;35;3658;;24;414;4131
29.12.2020 10:00:00;29.12.2020 11:00:00;0;37;3736;;23;418;4214
29.12.2020 11:00:00;29.12.2020 12:00:00;3;37;3842;;56;498;4436
29.12.2020 12:00:00;29.12.2020 13:00:00;3;37;3820;;57;527;4444
29.12.2020 13:00:00;29.12.2020 14:00:00;3;37;3790;;57;539;4426
29.12.2020 14:00:00;29.12.2020 15:00:00;3;37;3800;;57;552;4449
29.12.2020 15:00:00;29.12.2020 16:00:00;3;37;3772;;49;559;4420
29.12.2020 16:00:00;29.12.2020 17:00:00;3;37;3766;;58;551;4415
29.12.2020 17:00:00;29.12.2020 18:00:00;3;37;3745;;56;541;4382
29.12.2020 18:00:00;29.12.2020 19:00:00;3;37;3736;;56;541;4373
29.12.2020 19:00:00;29.12.2020 20:00:00;3;37;3736;;58;471;4305
29.12.2020 20:00:00;29.12.2020 21:00:00;3;37;3713;;58;465;4276
29.12.2020 21:00:00;29.12.2020 22:00:00;3;37;3710;;56;425;4231
29.12.2020 22:00:00;29.12.2020 23:00:00;3;37;3669;;57;469;4235
29.12.2020 23:00:00;30.12.2020 00:00:00;3;37;3638;;59;476;4213
30.12.2020 00:00:00;30.12.2020 01:00:00;3;37;3494;;56;461;4051
30.12.2020 01:00:00;30.12.2020 02:00:00;3;37;3400;;57;427;3924
30.12.2020 02:00:00;30.12.2020 03:00:00;3;37;3393;;53;424;3910
30.12.2020 03:00:00;30.12.2020 04:00:00;3;37;3200;;49;432;3721
30.12.2020 04:00:00;30.12.2020 05:00:00;3;37;3105;;47;396;3588
30.12.2020 05:00:00;30.12.2020 06:00:00;3;37;3208;;44;366;3658
30.12.2020 06:00:00;30.12.2020 07:00:00;3;37;3422;;46;388;3896
30.12.2020 07:00:00;30.12.2020 08:00:00;3;37;3664;;46;398;4148
30.12.2020 08:00:00;30.12.2020 09:00:00;3;37;3764;;49;411;4264
30.12.2020 09:00:00;30.12.2020 10:00:00;3;37;3796;;49;363;4248
30.12.2020 10:00:00;30.12.2020 11:00:00;3;37;3803;;43;421;4307
30.12.2020 11:00:00;30.12.2020 12:00:00;3;37;3847;;41;398;4326
30.12.2020 12:00:00;30.12.2020 13:00:00;3;37;3883;;48;379;4350
30.12.2020 13:00:00;30.12.2020 14:00:00;3;37;3863;;44;313;4260
30.12.2020 14:00:00;30.12.2020 15:00:00;3;37;3863;;42;260;4205
30.12.2020 15:00:00;30.12.2020 16:00:00;3;37;3836;;44;224;4144
30.12.2020 16:00:00;30.12.2020 17:00:00;3;37;3825;;44;240;4149
30.12.2020 17:00:00;30.12.2020 18:00:00;3;37;3816;;45;234;4135
30.12.2020 18:00:00;30.12.2020 19:00:00;3;37;3770;;46;246;4102
30.12.2020 19:00:00;30.12.2020 20:00:00;3;37;3744;;46;299;4129
30.12.2020 20:00:00;30.12.2020 21:00:00;3;37;3707;;45;320;4112
30.12.2020 21:00:00;30.12.2020 22:00:00;3;37;3731;;49;294;4114
30.12.2020 22:00:00;30.12.2020 23:00:00;3;37;3668;;51;280;4039
30.12.2020 23:00:00;31.12.2020 00:00:00;3;37;3603;;46;427;4116
31.12.2020 00:00:00;31.12.2020 01:00:00;3;37;3586;;50;450;4126
31.12.2020 01:00:00;31.12.2020 02:00:00;3;37;3548;;49;451;4088
31.12.2020 02:00:00;31.12.2020 03:00:00;3;37;3488;;51;444;4023
31.12.2020 03:00:00;31.12.2020 04:00:00;3;37;3458;;48;520;4066
31.12.2020 04:00:00;31.12.2020 05:00:00;3;37;3441;;51;511;4043
31.12.2020 05:00:00;31.12.2020 06:00:00;3;37;3529;;49;495;4113
31.12.2020 06:00:00;31.12.2020 07:00:00;3;37;3568;;51;460;4119
31.12.2020 07:00:00;31.12.2020 08:00:00;3;37;3645;;50;446;4181
31.12.2020 08:00:00;31.12.2020 09:00:00;3;37;3702;;49;370;4161
31.12.2020 09:00:00;31.12.2020 10:00:00;3;37;3755;;48;381;4224
31.12.2020 10:00:00;31.12.2020 11:00:00;3;37;3782;;48;396;4266
31.12.2020 11:00:00;31.12.2020 12:00:00;3;37;3796;;46;460;4342
31.12.2020 12:00:00;31.12.2020 13:00:00;3;37;3811;;48;488;4387
31.12.2020 13:00:00;31.12.2020 14:00:00;3;37;3794;;49;483;4366
31.12.2020 14:00:00;31.12.2020 15:00:00;3;37;3823;;48;472;4383
31.12.2020 15:00:00;31.12.2020 16:00:00;3;37;3846;;49;505;4440
31.12.2020 16:00:00;31.12.2020 17:00:00;3;37;3808;;47;503;4398
31.12.2020 17:00:00;31.12.2020 18:00:00;3;37;3774;;51;510;4375
31.12.2020 18:00:00;31.12.2020 19:00:00;3;37;3730;;51;507;4328
31.12.2020 19:00:00;31.12.2020 20:00:00;3;37;3687;;52;502;4281
31.12.2020 20:00:00;31.12.2020 21:00:00;3;37;3664;;53;485;4242
31.12.2020 21:00:00;31.12.2020 22:00:00;3;37;3648;;53;490;4231
31.12.2020 22:00:00;31.12.2020 23:00:00;3;37;3574;;53;465;4132
31.12.2020 23:00:00;01.01.2021 00:00:00;3;37;3545;;55;478;4118