Delivery Start (CET);Delivery End (CET);NO4 Fossil Gas (MW);NO4 Hydro Run Of River And Poundage (MW);NO4 Hydro Water Reservoir (MW);NO4 Other (MW);NO4 Other Renewable (MW);NO4 Wind Offshore (MW);NO4 Wind Onshore (MW);NO4 Total (MW)
01.01.2023 00:00:00;01.01.2023 01:00:00;200;133;1295;;39;;589;2256
01.01.2023 01:00:00;01.01.2023 02:00:00;201;130;1328;;44;;551;2254
01.01.2023 02:00:00;01.01.2023 03:00:00;200;133;1221;;44;;497;2095
01.01.2023 03:00:00;01.01.2023 04:00:00;200;131;1197;;40;;440;2008
01.01.2023 04:00:00;01.01.2023 05:00:00;200;131;1209;;39;;419;1998
01.01.2023 05:00:00;01.01.2023 06:00:00;200;132;1296;;36;;436;2100
01.01.2023 06:00:00;01.01.2023 07:00:00;200;133;1264;;34;;564;2195
01.01.2023 07:00:00;01.01.2023 08:00:00;200;133;1280;;30;;637;2280
01.01.2023 08:00:00;01.01.2023 09:00:00;200;131;1258;;33;;589;2211
01.01.2023 09:00:00;01.01.2023 10:00:00;201;132;1324;;36;;577;2270
01.01.2023 10:00:00;01.01.2023 11:00:00;200;133;1328;;40;;524;2225
01.01.2023 11:00:00;01.01.2023 12:00:00;200;136;1383;;50;;527;2296
01.01.2023 12:00:00;01.01.2023 13:00:00;200;133;1322;;40;;563;2258
01.01.2023 13:00:00;01.01.2023 14:00:00;200;133;1380;;37;;519;2269
01.01.2023 14:00:00;01.01.2023 15:00:00;200;132;1476;;38;;493;2339
01.01.2023 15:00:00;01.01.2023 16:00:00;200;134;2000;;39;;419;2792
01.01.2023 16:00:00;01.01.2023 17:00:00;200;152;3091;;38;;407;3888
01.01.2023 17:00:00;01.01.2023 18:00:00;196;152;3042;;39;;364;3793
01.01.2023 18:00:00;01.01.2023 19:00:00;200;151;2933;;36;;266;3586
01.01.2023 19:00:00;01.01.2023 20:00:00;200;152;2821;;37;;226;3436
01.01.2023 20:00:00;01.01.2023 21:00:00;199;156;2775;;37;;233;3400
01.01.2023 21:00:00;01.01.2023 22:00:00;199;158;2880;;39;;281;3557
01.01.2023 22:00:00;01.01.2023 23:00:00;199;154;3249;;42;;322;3966
01.01.2023 23:00:00;02.01.2023 00:00:00;198;157;3246;;44;;309;3954
02.01.2023 00:00:00;02.01.2023 01:00:00;195;135;3316;;49;;271;3966
02.01.2023 01:00:00;02.01.2023 02:00:00;195;137;3358;;50;;226;3966
02.01.2023 02:00:00;02.01.2023 03:00:00;196;134;3316;;52;;251;3949
02.01.2023 03:00:00;02.01.2023 04:00:00;192;138;3311;;51;;232;3924
02.01.2023 04:00:00;02.01.2023 05:00:00;196;136;3398;;50;;217;3997
02.01.2023 05:00:00;02.01.2023 06:00:00;196;134;3398;;50;;177;3955
02.01.2023 06:00:00;02.01.2023 07:00:00;195;137;3423;;49;;134;3938
02.01.2023 07:00:00;02.01.2023 08:00:00;196;153;3631;;46;;107;4133
02.01.2023 08:00:00;02.01.2023 09:00:00;196;154;3778;;46;;154;4328
02.01.2023 09:00:00;02.01.2023 10:00:00;195;157;3672;;46;;188;4258
02.01.2023 10:00:00;02.01.2023 11:00:00;195;156;3729;;47;;236;4363
02.01.2023 11:00:00;02.01.2023 12:00:00;195;160;3773;;48;;275;4451
02.01.2023 12:00:00;02.01.2023 13:00:00;195;158;3792;;48;;311;4504
02.01.2023 13:00:00;02.01.2023 14:00:00;195;159;3772;;51;;282;4459
02.01.2023 14:00:00;02.01.2023 15:00:00;195;157;3852;;50;;301;4555
02.01.2023 15:00:00;02.01.2023 16:00:00;195;160;3824;;48;;329;4556
02.01.2023 16:00:00;02.01.2023 17:00:00;195;156;3816;;50;;292;4509
02.01.2023 17:00:00;02.01.2023 18:00:00;199;155;3796;;49;;218;4417
02.01.2023 18:00:00;02.01.2023 19:00:00;199;155;3787;;50;;175;4366
02.01.2023 19:00:00;02.01.2023 20:00:00;201;155;3741;;47;;136;4280
02.01.2023 20:00:00;02.01.2023 21:00:00;200;154;3696;;45;;114;4209
02.01.2023 21:00:00;02.01.2023 22:00:00;198;154;3673;;45;;88;4158
02.01.2023 22:00:00;02.01.2023 23:00:00;197;154;3662;;49;;85;4147
02.01.2023 23:00:00;03.01.2023 00:00:00;197;155;3630;;50;;90;4122
03.01.2023 00:00:00;03.01.2023 01:00:00;197;144;3327;;47;;118;3833
03.01.2023 01:00:00;03.01.2023 02:00:00;198;141;3274;;48;;189;3850
03.01.2023 02:00:00;03.01.2023 03:00:00;197;141;3279;;47;;245;3909
03.01.2023 03:00:00;03.01.2023 04:00:00;197;143;3278;;48;;190;3856
03.01.2023 04:00:00;03.01.2023 05:00:00;197;145;3310;;50;;170;3872
03.01.2023 05:00:00;03.01.2023 06:00:00;197;145;3302;;46;;228;3918
03.01.2023 06:00:00;03.01.2023 07:00:00;197;147;3409;;48;;273;4074
03.01.2023 07:00:00;03.01.2023 08:00:00;194;144;3480;;42;;266;4126
03.01.2023 08:00:00;03.01.2023 09:00:00;193;140;3264;;44;;265;3906
03.01.2023 09:00:00;03.01.2023 10:00:00;192;139;3182;;46;;266;3825
03.01.2023 10:00:00;03.01.2023 11:00:00;194;143;3129;;46;;261;3773
03.01.2023 11:00:00;03.01.2023 12:00:00;195;151;3105;;43;;288;3782
03.01.2023 12:00:00;03.01.2023 13:00:00;195;155;3053;;40;;244;3687
03.01.2023 13:00:00;03.01.2023 14:00:00;195;149;3459;;41;;209;4053
03.01.2023 14:00:00;03.01.2023 15:00:00;195;153;3723;;41;;201;4313
03.01.2023 15:00:00;03.01.2023 16:00:00;196;147;3735;;43;;175;4296
03.01.2023 16:00:00;03.01.2023 17:00:00;196;150;3725;;43;;157;4271
03.01.2023 17:00:00;03.01.2023 18:00:00;195;152;3737;;41;;110;4235
03.01.2023 18:00:00;03.01.2023 19:00:00;196;150;3689;;44;;57;4136
03.01.2023 19:00:00;03.01.2023 20:00:00;195;152;3671;;43;;61;4122
03.01.2023 20:00:00;03.01.2023 21:00:00;195;151;3639;;44;;85;4114
03.01.2023 21:00:00;03.01.2023 22:00:00;195;152;3609;;45;;125;4126
03.01.2023 22:00:00;03.01.2023 23:00:00;195;157;3748;;44;;193;4337
03.01.2023 23:00:00;04.01.2023 00:00:00;195;154;3791;;46;;237;4423
04.01.2023 00:00:00;04.01.2023 01:00:00;195;149;3704;;48;;297;4393
04.01.2023 01:00:00;04.01.2023 02:00:00;195;147;3687;;49;;323;4401
04.01.2023 02:00:00;04.01.2023 03:00:00;195;145;3531;;51;;358;4280
04.01.2023 03:00:00;04.01.2023 04:00:00;196;145;3378;;50;;385;4154
04.01.2023 04:00:00;04.01.2023 05:00:00;196;147;3408;;49;;408;4208
04.01.2023 05:00:00;04.01.2023 06:00:00;196;147;3369;;50;;439;4201
04.01.2023 06:00:00;04.01.2023 07:00:00;196;148;3500;;50;;423;4317
04.01.2023 07:00:00;04.01.2023 08:00:00;196;145;3582;;48;;483;4454
04.01.2023 08:00:00;04.01.2023 09:00:00;196;132;3551;;40;;524;4443
04.01.2023 09:00:00;04.01.2023 10:00:00;196;132;3571;;43;;606;4548
04.01.2023 10:00:00;04.01.2023 11:00:00;194;135;3539;;39;;643;4550
04.01.2023 11:00:00;04.01.2023 12:00:00;197;142;3511;;46;;662;4558
04.01.2023 12:00:00;04.01.2023 13:00:00;197;143;3515;;46;;635;4536
04.01.2023 13:00:00;04.01.2023 14:00:00;197;141;3490;;47;;640;4515
04.01.2023 14:00:00;04.01.2023 15:00:00;197;141;3467;;46;;677;4528
04.01.2023 15:00:00;04.01.2023 16:00:00;197;141;3461;;47;;610;4456
04.01.2023 16:00:00;04.01.2023 17:00:00;197;142;3433;;48;;620;4440
04.01.2023 17:00:00;04.01.2023 18:00:00;197;142;3436;;47;;643;4465
04.01.2023 18:00:00;04.01.2023 19:00:00;197;142;3440;;47;;666;4492
04.01.2023 19:00:00;04.01.2023 20:00:00;196;142;3449;;46;;650;4483
04.01.2023 20:00:00;04.01.2023 21:00:00;196;140;3419;;47;;647;4449
04.01.2023 21:00:00;04.01.2023 22:00:00;196;141;3362;;48;;627;4374
04.01.2023 22:00:00;04.01.2023 23:00:00;196;143;3267;;48;;534;4188
04.01.2023 23:00:00;05.01.2023 00:00:00;196;143;3012;;49;;475;3875
05.01.2023 00:00:00;05.01.2023 01:00:00;196;139;2916;;49;;481;3781
05.01.2023 01:00:00;05.01.2023 02:00:00;196;139;3144;;49;;514;4042
05.01.2023 02:00:00;05.01.2023 03:00:00;196;142;3194;;47;;526;4105
05.01.2023 03:00:00;05.01.2023 04:00:00;195;139;3153;;47;;466;4000
05.01.2023 04:00:00;05.01.2023 05:00:00;196;139;3208;;48;;439;4030
05.01.2023 05:00:00;05.01.2023 06:00:00;196;138;3243;;47;;473;4097
05.01.2023 06:00:00;05.01.2023 07:00:00;196;137;3255;;46;;505;4139
05.01.2023 07:00:00;05.01.2023 08:00:00;197;144;3650;;40;;539;4570
05.01.2023 08:00:00;05.01.2023 09:00:00;197;146;3845;;39;;504;4731
05.01.2023 09:00:00;05.01.2023 10:00:00;197;148;3718;;42;;509;4614
05.01.2023 10:00:00;05.01.2023 11:00:00;196;146;3590;;38;;492;4462
05.01.2023 11:00:00;05.01.2023 12:00:00;196;145;3562;;43;;527;4473
05.01.2023 12:00:00;05.01.2023 13:00:00;197;146;3572;;43;;546;4504
05.01.2023 13:00:00;05.01.2023 14:00:00;197;146;3475;;44;;644;4506
05.01.2023 14:00:00;05.01.2023 15:00:00;196;146;3486;;45;;658;4531
05.01.2023 15:00:00;05.01.2023 16:00:00;197;143;3496;;39;;658;4533
05.01.2023 16:00:00;05.01.2023 17:00:00;197;140;3466;;47;;668;4518
05.01.2023 17:00:00;05.01.2023 18:00:00;197;138;3404;;46;;713;4498
05.01.2023 18:00:00;05.01.2023 19:00:00;197;138;3404;;47;;763;4549
05.01.2023 19:00:00;05.01.2023 20:00:00;197;138;3363;;45;;779;4522
05.01.2023 20:00:00;05.01.2023 21:00:00;197;133;3360;;45;;804;4539
05.01.2023 21:00:00;05.01.2023 22:00:00;197;134;3302;;47;;843;4523
05.01.2023 22:00:00;05.01.2023 23:00:00;197;134;3220;;45;;887;4483
05.01.2023 23:00:00;06.01.2023 00:00:00;197;133;3151;;47;;884;4412
06.01.2023 00:00:00;06.01.2023 01:00:00;197;134;3077;;50;;889;4347
06.01.2023 01:00:00;06.01.2023 02:00:00;197;133;3063;;47;;893;4333
06.01.2023 02:00:00;06.01.2023 03:00:00;197;131;3012;;47;;814;4201
06.01.2023 03:00:00;06.01.2023 04:00:00;197;131;3015;;42;;831;4216
06.01.2023 04:00:00;06.01.2023 05:00:00;197;130;3004;;45;;842;4218
06.01.2023 05:00:00;06.01.2023 06:00:00;198;133;3050;;40;;775;4196
06.01.2023 06:00:00;06.01.2023 07:00:00;198;135;3126;;46;;791;4296
06.01.2023 07:00:00;06.01.2023 08:00:00;198;136;3255;;40;;772;4401
06.01.2023 08:00:00;06.01.2023 09:00:00;196;137;3337;;42;;748;4460
06.01.2023 09:00:00;06.01.2023 10:00:00;198;136;3416;;41;;672;4463
06.01.2023 10:00:00;06.01.2023 11:00:00;198;137;3475;;38;;629;4477
06.01.2023 11:00:00;06.01.2023 12:00:00;198;137;3738;;45;;649;4767
06.01.2023 12:00:00;06.01.2023 13:00:00;198;142;3735;;45;;660;4780
06.01.2023 13:00:00;06.01.2023 14:00:00;198;138;3464;;45;;629;4474
06.01.2023 14:00:00;06.01.2023 15:00:00;198;136;3418;;45;;595;4392
06.01.2023 15:00:00;06.01.2023 16:00:00;199;134;3411;;47;;570;4361
06.01.2023 16:00:00;06.01.2023 17:00:00;200;134;3433;;48;;537;4352
06.01.2023 17:00:00;06.01.2023 18:00:00;200;133;3371;;53;;650;4407
06.01.2023 18:00:00;06.01.2023 19:00:00;200;133;3300;;48;;712;4393
06.01.2023 19:00:00;06.01.2023 20:00:00;203;129;3137;;42;;790;4301
06.01.2023 20:00:00;06.01.2023 21:00:00;203;125;3070;;42;;743;4183
06.01.2023 21:00:00;06.01.2023 22:00:00;202;125;3061;;46;;723;4157
06.01.2023 22:00:00;06.01.2023 23:00:00;204;126;3048;;42;;762;4182
06.01.2023 23:00:00;07.01.2023 00:00:00;204;129;3106;;44;;812;4295
07.01.2023 00:00:00;07.01.2023 01:00:00;203;130;3026;;44;;849;4252
07.01.2023 01:00:00;07.01.2023 02:00:00;203;134;3045;;46;;869;4297
07.01.2023 02:00:00;07.01.2023 03:00:00;203;131;2968;;47;;896;4245
07.01.2023 03:00:00;07.01.2023 04:00:00;203;133;2798;;43;;875;4052
07.01.2023 04:00:00;07.01.2023 05:00:00;203;132;2821;;47;;855;4058
07.01.2023 05:00:00;07.01.2023 06:00:00;202;134;2849;;48;;801;4034
07.01.2023 06:00:00;07.01.2023 07:00:00;202;134;2859;;43;;811;4049
07.01.2023 07:00:00;07.01.2023 08:00:00;202;132;2964;;34;;833;4165
07.01.2023 08:00:00;07.01.2023 09:00:00;201;131;3063;;39;;830;4264
07.01.2023 09:00:00;07.01.2023 10:00:00;201;132;3073;;42;;832;4280
07.01.2023 10:00:00;07.01.2023 11:00:00;197;132;3085;;46;;828;4288
07.01.2023 11:00:00;07.01.2023 12:00:00;197;134;3098;;46;;816;4291
07.01.2023 12:00:00;07.01.2023 13:00:00;197;133;3105;;49;;755;4239
07.01.2023 13:00:00;07.01.2023 14:00:00;196;134;3138;;44;;747;4259
07.01.2023 14:00:00;07.01.2023 15:00:00;196;135;3299;;46;;771;4447
07.01.2023 15:00:00;07.01.2023 16:00:00;197;135;3416;;44;;763;4555
07.01.2023 16:00:00;07.01.2023 17:00:00;197;136;3421;;42;;796;4592
07.01.2023 17:00:00;07.01.2023 18:00:00;198;136;3423;;45;;783;4585
07.01.2023 18:00:00;07.01.2023 19:00:00;198;135;3408;;44;;751;4536
07.01.2023 19:00:00;07.01.2023 20:00:00;198;136;3369;;43;;734;4480
07.01.2023 20:00:00;07.01.2023 21:00:00;197;142;3078;;44;;742;4203
07.01.2023 21:00:00;07.01.2023 22:00:00;197;139;3002;;43;;752;4133
07.01.2023 22:00:00;07.01.2023 23:00:00;198;135;2977;;43;;788;4141
07.01.2023 23:00:00;08.01.2023 00:00:00;198;135;2589;;47;;776;3745
08.01.2023 00:00:00;08.01.2023 01:00:00;198;131;1594;;41;;803;2767
08.01.2023 01:00:00;08.01.2023 02:00:00;198;122;1536;;43;;782;2681
08.01.2023 02:00:00;08.01.2023 03:00:00;198;120;1475;;38;;788;2619
08.01.2023 03:00:00;08.01.2023 04:00:00;198;123;1304;;39;;778;2442
08.01.2023 04:00:00;08.01.2023 05:00:00;198;111;1396;;41;;761;2507
08.01.2023 05:00:00;08.01.2023 06:00:00;199;116;1585;;39;;742;2681
08.01.2023 06:00:00;08.01.2023 07:00:00;199;123;1601;;37;;729;2689
08.01.2023 07:00:00;08.01.2023 08:00:00;199;117;1417;;35;;695;2463
08.01.2023 08:00:00;08.01.2023 09:00:00;199;125;2281;;32;;687;3324
08.01.2023 09:00:00;08.01.2023 10:00:00;199;133;2877;;33;;682;3924
08.01.2023 10:00:00;08.01.2023 11:00:00;199;140;3139;;31;;684;4193
08.01.2023 11:00:00;08.01.2023 12:00:00;200;140;3158;;30;;688;4216
08.01.2023 12:00:00;08.01.2023 13:00:00;199;144;3166;;34;;723;4266
08.01.2023 13:00:00;08.01.2023 14:00:00;199;145;3231;;36;;739;4350
08.01.2023 14:00:00;08.01.2023 15:00:00;199;144;3150;;34;;779;4306
08.01.2023 15:00:00;08.01.2023 16:00:00;198;145;3173;;36;;752;4304
08.01.2023 16:00:00;08.01.2023 17:00:00;198;147;3253;;35;;762;4395
08.01.2023 17:00:00;08.01.2023 18:00:00;195;145;3284;;32;;766;4422
08.01.2023 18:00:00;08.01.2023 19:00:00;199;142;3224;;32;;777;4374
08.01.2023 19:00:00;08.01.2023 20:00:00;199;143;3227;;33;;764;4366
08.01.2023 20:00:00;08.01.2023 21:00:00;199;142;3311;;38;;709;4399
08.01.2023 21:00:00;08.01.2023 22:00:00;199;144;3321;;35;;712;4411
08.01.2023 22:00:00;08.01.2023 23:00:00;199;142;3279;;33;;744;4397
08.01.2023 23:00:00;09.01.2023 00:00:00;199;142;3208;;34;;760;4343
09.01.2023 00:00:00;09.01.2023 01:00:00;197;138;3021;;41;;748;4145
09.01.2023 01:00:00;09.01.2023 02:00:00;196;132;2581;;41;;778;3728
09.01.2023 02:00:00;09.01.2023 03:00:00;196;130;2094;;42;;789;3251
09.01.2023 03:00:00;09.01.2023 04:00:00;196;141;1678;;45;;790;2850
09.01.2023 04:00:00;09.01.2023 05:00:00;197;129;1923;;41;;796;3086
09.01.2023 05:00:00;09.01.2023 06:00:00;196;127;2699;;43;;789;3854
09.01.2023 06:00:00;09.01.2023 07:00:00;196;142;2837;;56;;775;4006
09.01.2023 07:00:00;09.01.2023 08:00:00;197;136;2960;;45;;816;4154
09.01.2023 08:00:00;09.01.2023 09:00:00;196;128;3077;;46;;829;4276
09.01.2023 09:00:00;09.01.2023 10:00:00;196;128;3178;;42;;841;4385
09.01.2023 10:00:00;09.01.2023 11:00:00;195;129;3445;;43;;882;4694
09.01.2023 11:00:00;09.01.2023 12:00:00;175;130;3148;;43;;877;4373
09.01.2023 12:00:00;09.01.2023 13:00:00;175;129;3077;;47;;859;4287
09.01.2023 13:00:00;09.01.2023 14:00:00;175;130;3133;;47;;856;4341
09.01.2023 14:00:00;09.01.2023 15:00:00;175;130;3133;;48;;820;4306
09.01.2023 15:00:00;09.01.2023 16:00:00;175;129;3125;;51;;842;4322
09.01.2023 16:00:00;09.01.2023 17:00:00;179;129;3115;;48;;834;4305
09.01.2023 17:00:00;09.01.2023 18:00:00;196;130;3130;;45;;811;4312
09.01.2023 18:00:00;09.01.2023 19:00:00;196;129;3124;;42;;738;4229
09.01.2023 19:00:00;09.01.2023 20:00:00;196;129;3125;;42;;767;4259
09.01.2023 20:00:00;09.01.2023 21:00:00;196;129;3133;;45;;778;4281
09.01.2023 21:00:00;09.01.2023 22:00:00;196;129;3120;;45;;725;4215
09.01.2023 22:00:00;09.01.2023 23:00:00;197;128;3082;;47;;698;4152
09.01.2023 23:00:00;10.01.2023 00:00:00;197;129;3052;;48;;722;4148
10.01.2023 00:00:00;10.01.2023 01:00:00;197;122;2910;;47;;737;4013
10.01.2023 01:00:00;10.01.2023 02:00:00;197;120;2899;;46;;725;3987
10.01.2023 02:00:00;10.01.2023 03:00:00;197;121;2915;;40;;715;3988
10.01.2023 03:00:00;10.01.2023 04:00:00;197;120;2897;;41;;672;3927
10.01.2023 04:00:00;10.01.2023 05:00:00;196;121;2920;;37;;630;3904
10.01.2023 05:00:00;10.01.2023 06:00:00;196;122;2944;;39;;597;3898
10.01.2023 06:00:00;10.01.2023 07:00:00;196;122;3036;;40;;655;4049
10.01.2023 07:00:00;10.01.2023 08:00:00;188;131;3152;;41;;656;4168
10.01.2023 08:00:00;10.01.2023 09:00:00;180;133;3288;;42;;672;4315
10.01.2023 09:00:00;10.01.2023 10:00:00;180;134;3389;;49;;654;4406
10.01.2023 10:00:00;10.01.2023 11:00:00;180;136;3391;;48;;633;4388
10.01.2023 11:00:00;10.01.2023 12:00:00;183;139;3254;;39;;661;4276
10.01.2023 12:00:00;10.01.2023 13:00:00;184;139;3207;;36;;558;4124
10.01.2023 13:00:00;10.01.2023 14:00:00;185;139;3292;;37;;554;4207
10.01.2023 14:00:00;10.01.2023 15:00:00;185;139;3344;;35;;589;4292
10.01.2023 15:00:00;10.01.2023 16:00:00;184;140;3363;;38;;580;4305
10.01.2023 16:00:00;10.01.2023 17:00:00;184;140;3341;;38;;497;4200
10.01.2023 17:00:00;10.01.2023 18:00:00;184;139;3276;;38;;507;4144
10.01.2023 18:00:00;10.01.2023 19:00:00;184;139;3255;;40;;607;4225
10.01.2023 19:00:00;10.01.2023 20:00:00;184;140;3249;;40;;609;4222
10.01.2023 20:00:00;10.01.2023 21:00:00;184;132;3244;;43;;566;4169
10.01.2023 21:00:00;10.01.2023 22:00:00;184;129;3233;;39;;508;4093
10.01.2023 22:00:00;10.01.2023 23:00:00;184;129;3203;;40;;524;4080
10.01.2023 23:00:00;11.01.2023 00:00:00;184;130;3148;;41;;536;4039
11.01.2023 00:00:00;11.01.2023 01:00:00;184;134;2971;;41;;539;3869
11.01.2023 01:00:00;11.01.2023 02:00:00;184;134;2179;;39;;517;3053
11.01.2023 02:00:00;11.01.2023 03:00:00;184;135;1417;;41;;538;2315
11.01.2023 03:00:00;11.01.2023 04:00:00;184;135;1277;;46;;635;2277
11.01.2023 04:00:00;11.01.2023 05:00:00;184;136;1440;;43;;671;2474
11.01.2023 05:00:00;11.01.2023 06:00:00;184;136;1604;;44;;688;2656
11.01.2023 06:00:00;11.01.2023 07:00:00;184;149;2462;;41;;710;3546
11.01.2023 07:00:00;11.01.2023 08:00:00;184;156;2981;;41;;709;4071
11.01.2023 08:00:00;11.01.2023 09:00:00;184;143;3164;;40;;704;4235
11.01.2023 09:00:00;11.01.2023 10:00:00;184;145;3186;;39;;706;4260
11.01.2023 10:00:00;11.01.2023 11:00:00;184;145;3169;;41;;774;4313
11.01.2023 11:00:00;11.01.2023 12:00:00;185;143;3119;;40;;754;4241
11.01.2023 12:00:00;11.01.2023 13:00:00;188;144;3166;;36;;707;4241
11.01.2023 13:00:00;11.01.2023 14:00:00;189;144;3117;;39;;704;4193
11.01.2023 14:00:00;11.01.2023 15:00:00;188;146;2946;;41;;759;4080
11.01.2023 15:00:00;11.01.2023 16:00:00;188;145;2823;;41;;772;3969
11.01.2023 16:00:00;11.01.2023 17:00:00;187;145;2795;;42;;740;3909
11.01.2023 17:00:00;11.01.2023 18:00:00;187;139;2297;;42;;791;3456
11.01.2023 18:00:00;11.01.2023 19:00:00;187;140;1966;;42;;809;3144
11.01.2023 19:00:00;11.01.2023 20:00:00;187;144;1829;;41;;779;2980
11.01.2023 20:00:00;11.01.2023 21:00:00;187;141;1659;;42;;779;2808
11.01.2023 21:00:00;11.01.2023 22:00:00;187;142;1693;;39;;819;2880
11.01.2023 22:00:00;11.01.2023 23:00:00;187;141;1783;;38;;823;2972
11.01.2023 23:00:00;12.01.2023 00:00:00;187;140;1464;;39;;763;2593
12.01.2023 00:00:00;12.01.2023 01:00:00;186;136;1243;;36;;758;2359
12.01.2023 01:00:00;12.01.2023 02:00:00;186;137;1130;;36;;728;2217
12.01.2023 02:00:00;12.01.2023 03:00:00;186;136;1102;;36;;664;2124
12.01.2023 03:00:00;12.01.2023 04:00:00;186;134;1069;;39;;543;1971
12.01.2023 04:00:00;12.01.2023 05:00:00;185;135;1283;;40;;474;2117
12.01.2023 05:00:00;12.01.2023 06:00:00;185;137;1384;;41;;495;2242
12.01.2023 06:00:00;12.01.2023 07:00:00;185;139;2344;;39;;545;3252
12.01.2023 07:00:00;12.01.2023 08:00:00;185;142;3034;;40;;530;3931
12.01.2023 08:00:00;12.01.2023 09:00:00;185;144;3029;;41;;550;3949
12.01.2023 09:00:00;12.01.2023 10:00:00;185;147;3018;;42;;465;3857
12.01.2023 10:00:00;12.01.2023 11:00:00;185;149;2968;;47;;379;3728
12.01.2023 11:00:00;12.01.2023 12:00:00;185;147;3033;;37;;369;3771
12.01.2023 12:00:00;12.01.2023 13:00:00;185;146;2846;;38;;403;3618
12.01.2023 13:00:00;12.01.2023 14:00:00;184;148;2943;;33;;376;3684
12.01.2023 14:00:00;12.01.2023 15:00:00;184;149;2922;;33;;431;3719
12.01.2023 15:00:00;12.01.2023 16:00:00;184;144;2568;;40;;465;3401
12.01.2023 16:00:00;12.01.2023 17:00:00;184;147;2512;;42;;378;3263
12.01.2023 17:00:00;12.01.2023 18:00:00;184;148;3019;;37;;275;3663
12.01.2023 18:00:00;12.01.2023 19:00:00;184;145;3002;;38;;235;3604
12.01.2023 19:00:00;12.01.2023 20:00:00;184;147;3115;;38;;208;3692
12.01.2023 20:00:00;12.01.2023 21:00:00;184;140;3139;;38;;193;3694
12.01.2023 21:00:00;12.01.2023 22:00:00;184;139;3299;;38;;175;3835
12.01.2023 22:00:00;12.01.2023 23:00:00;184;139;3292;;37;;163;3815
12.01.2023 23:00:00;13.01.2023 00:00:00;184;139;3307;;37;;171;3838
13.01.2023 00:00:00;13.01.2023 01:00:00;184;136;2910;;38;;166;3434
13.01.2023 01:00:00;13.01.2023 02:00:00;184;134;2405;;39;;157;2919
13.01.2023 02:00:00;13.01.2023 03:00:00;184;133;2376;;38;;150;2881
13.01.2023 03:00:00;13.01.2023 04:00:00;184;132;2297;;36;;150;2799
13.01.2023 04:00:00;13.01.2023 05:00:00;184;132;2081;;38;;133;2568
13.01.2023 05:00:00;13.01.2023 06:00:00;184;134;2877;;40;;120;3355
13.01.2023 06:00:00;13.01.2023 07:00:00;184;133;3611;;42;;110;4080
13.01.2023 07:00:00;13.01.2023 08:00:00;184;153;3684;;38;;110;4169
13.01.2023 08:00:00;13.01.2023 09:00:00;185;156;3693;;29;;100;4163
13.01.2023 09:00:00;13.01.2023 10:00:00;184;155;3706;;27;;109;4181
13.01.2023 10:00:00;13.01.2023 11:00:00;185;156;3690;;32;;86;4149
13.01.2023 11:00:00;13.01.2023 12:00:00;185;155;3697;;31;;102;4170
13.01.2023 12:00:00;13.01.2023 13:00:00;183;155;3593;;39;;118;4088
13.01.2023 13:00:00;13.01.2023 14:00:00;185;155;3534;;36;;138;4048
13.01.2023 14:00:00;13.01.2023 15:00:00;185;150;3628;;38;;123;4124
13.01.2023 15:00:00;13.01.2023 16:00:00;185;150;3819;;38;;124;4316
13.01.2023 16:00:00;13.01.2023 17:00:00;185;152;3884;;40;;156;4417
13.01.2023 17:00:00;13.01.2023 18:00:00;185;155;3879;;39;;170;4428
13.01.2023 18:00:00;13.01.2023 19:00:00;185;154;3867;;38;;201;4445
13.01.2023 19:00:00;13.01.2023 20:00:00;186;153;3855;;36;;241;4471
13.01.2023 20:00:00;13.01.2023 21:00:00;186;145;3580;;37;;290;4238
13.01.2023 21:00:00;13.01.2023 22:00:00;196;140;3562;;39;;354;4291
13.01.2023 22:00:00;13.01.2023 23:00:00;193;137;3514;;40;;421;4305
13.01.2023 23:00:00;14.01.2023 00:00:00;179;136;3384;;41;;402;4142
14.01.2023 00:00:00;14.01.2023 01:00:00;179;130;3165;;42;;448;3964
14.01.2023 01:00:00;14.01.2023 02:00:00;179;130;3140;;41;;436;3926
14.01.2023 02:00:00;14.01.2023 03:00:00;179;130;3194;;41;;353;3897
14.01.2023 03:00:00;14.01.2023 04:00:00;179;130;3252;;40;;309;3910
14.01.2023 04:00:00;14.01.2023 05:00:00;179;131;3174;;40;;212;3736
14.01.2023 05:00:00;14.01.2023 06:00:00;179;131;3157;;42;;164;3673
14.01.2023 06:00:00;14.01.2023 07:00:00;179;131;3225;;42;;156;3733
14.01.2023 07:00:00;14.01.2023 08:00:00;177;132;3238;;38;;216;3801
14.01.2023 08:00:00;14.01.2023 09:00:00;180;141;3578;;38;;231;4168
14.01.2023 09:00:00;14.01.2023 10:00:00;179;146;3832;;38;;223;4418
14.01.2023 10:00:00;14.01.2023 11:00:00;179;149;3696;;41;;310;4375
14.01.2023 11:00:00;14.01.2023 12:00:00;180;151;3761;;43;;327;4462
14.01.2023 12:00:00;14.01.2023 13:00:00;181;150;3427;;37;;315;4110
14.01.2023 13:00:00;14.01.2023 14:00:00;181;144;3417;;40;;340;4122
14.01.2023 14:00:00;14.01.2023 15:00:00;181;143;3405;;40;;390;4159
14.01.2023 15:00:00;14.01.2023 16:00:00;181;143;3373;;41;;380;4118
14.01.2023 16:00:00;14.01.2023 17:00:00;181;144;3479;;43;;402;4249
14.01.2023 17:00:00;14.01.2023 18:00:00;181;143;3504;;46;;366;4240
14.01.2023 18:00:00;14.01.2023 19:00:00;181;143;3512;;45;;356;4237
14.01.2023 19:00:00;14.01.2023 20:00:00;181;142;3473;;46;;285;4127
14.01.2023 20:00:00;14.01.2023 21:00:00;181;142;3359;;42;;296;4020
14.01.2023 21:00:00;14.01.2023 22:00:00;181;143;3281;;41;;283;3929
14.01.2023 22:00:00;14.01.2023 23:00:00;183;142;3177;;41;;289;3832
14.01.2023 23:00:00;15.01.2023 00:00:00;183;141;3123;;47;;291;3785
15.01.2023 00:00:00;15.01.2023 01:00:00;183;129;2629;;46;;288;3275
15.01.2023 01:00:00;15.01.2023 02:00:00;180;129;2538;;41;;293;3181
15.01.2023 02:00:00;15.01.2023 03:00:00;181;129;1974;;36;;274;2594
15.01.2023 03:00:00;15.01.2023 04:00:00;182;126;1849;;36;;264;2457
15.01.2023 04:00:00;15.01.2023 05:00:00;182;129;1816;;36;;306;2469
15.01.2023 05:00:00;15.01.2023 06:00:00;182;129;1832;;39;;326;2508
15.01.2023 06:00:00;15.01.2023 07:00:00;181;129;1926;;38;;315;2589
15.01.2023 07:00:00;15.01.2023 08:00:00;182;130;2017;;37;;293;2659
15.01.2023 08:00:00;15.01.2023 09:00:00;180;130;2102;;35;;274;2721
15.01.2023 09:00:00;15.01.2023 10:00:00;181;129;2621;;36;;240;3207
15.01.2023 10:00:00;15.01.2023 11:00:00;181;131;2898;;35;;245;3490
15.01.2023 11:00:00;15.01.2023 12:00:00;181;132;2966;;36;;284;3599
15.01.2023 12:00:00;15.01.2023 13:00:00;181;135;2872;;35;;285;3508
15.01.2023 13:00:00;15.01.2023 14:00:00;183;136;2633;;36;;375;3363
15.01.2023 14:00:00;15.01.2023 15:00:00;184;132;2574;;34;;407;3331
15.01.2023 15:00:00;15.01.2023 16:00:00;184;132;2608;;34;;423;3381
15.01.2023 16:00:00;15.01.2023 17:00:00;184;132;2932;;36;;453;3737
15.01.2023 17:00:00;15.01.2023 18:00:00;184;134;2738;;40;;482;3578
15.01.2023 18:00:00;15.01.2023 19:00:00;184;143;2783;;42;;468;3620
15.01.2023 19:00:00;15.01.2023 20:00:00;184;151;2412;;42;;381;3170
15.01.2023 20:00:00;15.01.2023 21:00:00;184;158;2364;;39;;278;3023
15.01.2023 21:00:00;15.01.2023 22:00:00;183;158;2424;;39;;196;3000
15.01.2023 22:00:00;15.01.2023 23:00:00;183;170;2987;;36;;185;3561
15.01.2023 23:00:00;16.01.2023 00:00:00;182;161;3271;;37;;141;3792
16.01.2023 00:00:00;16.01.2023 01:00:00;177;153;2999;;40;;129;3498
16.01.2023 01:00:00;16.01.2023 02:00:00;177;152;2963;;53;;189;3534
16.01.2023 02:00:00;16.01.2023 03:00:00;177;152;3033;;50;;194;3606
16.01.2023 03:00:00;16.01.2023 04:00:00;177;151;2976;;43;;188;3535
16.01.2023 04:00:00;16.01.2023 05:00:00;176;152;3058;;43;;169;3598
16.01.2023 05:00:00;16.01.2023 06:00:00;177;157;3213;;39;;151;3737
16.01.2023 06:00:00;16.01.2023 07:00:00;176;159;3471;;41;;139;3986
16.01.2023 07:00:00;16.01.2023 08:00:00;176;162;3650;;39;;142;4169
16.01.2023 08:00:00;16.01.2023 09:00:00;176;153;3712;;42;;180;4263
16.01.2023 09:00:00;16.01.2023 10:00:00;176;155;3740;;41;;167;4279
16.01.2023 10:00:00;16.01.2023 11:00:00;176;155;3812;;42;;182;4367
16.01.2023 11:00:00;16.01.2023 12:00:00;176;155;3851;;40;;166;4388
16.01.2023 12:00:00;16.01.2023 13:00:00;177;155;3833;;42;;209;4416
16.01.2023 13:00:00;16.01.2023 14:00:00;176;155;3799;;44;;209;4383
16.01.2023 14:00:00;16.01.2023 15:00:00;176;155;3674;;43;;200;4248
16.01.2023 15:00:00;16.01.2023 16:00:00;176;146;3433;;45;;211;4011
16.01.2023 16:00:00;16.01.2023 17:00:00;176;145;3473;;49;;187;4030
16.01.2023 17:00:00;16.01.2023 18:00:00;177;146;3578;;48;;153;4102
16.01.2023 18:00:00;16.01.2023 19:00:00;177;144;3709;;46;;181;4257
16.01.2023 19:00:00;16.01.2023 20:00:00;177;142;3786;;45;;193;4343
16.01.2023 20:00:00;16.01.2023 21:00:00;177;136;3772;;46;;172;4303
16.01.2023 21:00:00;16.01.2023 22:00:00;177;134;3758;;44;;170;4283
16.01.2023 22:00:00;16.01.2023 23:00:00;177;133;3657;;45;;184;4196
16.01.2023 23:00:00;17.01.2023 00:00:00;176;132;3589;;46;;171;4114
17.01.2023 00:00:00;17.01.2023 01:00:00;176;135;3493;;48;;169;4021
17.01.2023 01:00:00;17.01.2023 02:00:00;177;137;3232;;49;;145;3740
17.01.2023 02:00:00;17.01.2023 03:00:00;177;136;3203;;48;;132;3696
17.01.2023 03:00:00;17.01.2023 04:00:00;176;132;3080;;47;;168;3603
17.01.2023 04:00:00;17.01.2023 05:00:00;176;135;3119;;46;;141;3617
17.01.2023 05:00:00;17.01.2023 06:00:00;176;140;3283;;46;;120;3765
17.01.2023 06:00:00;17.01.2023 07:00:00;176;141;3343;;49;;124;3833
17.01.2023 07:00:00;17.01.2023 08:00:00;177;144;3401;;36;;104;3862
17.01.2023 08:00:00;17.01.2023 09:00:00;177;144;3282;;37;;132;3772
17.01.2023 09:00:00;17.01.2023 10:00:00;177;143;3209;;35;;164;3728
17.01.2023 10:00:00;17.01.2023 11:00:00;178;146;3269;;36;;152;3781
17.01.2023 11:00:00;17.01.2023 12:00:00;180;146;3274;;37;;167;3804
17.01.2023 12:00:00;17.01.2023 13:00:00;180;144;3390;;32;;238;3984
17.01.2023 13:00:00;17.01.2023 14:00:00;181;38;3525;;32;;318;4094
17.01.2023 14:00:00;17.01.2023 15:00:00;181;37;3518;;34;;356;4126
17.01.2023 15:00:00;17.01.2023 16:00:00;181;37;3585;;40;;398;4241
17.01.2023 16:00:00;17.01.2023 17:00:00;181;37;3421;;40;;457;4136
17.01.2023 17:00:00;17.01.2023 18:00:00;181;37;3246;;40;;394;3898
17.01.2023 18:00:00;17.01.2023 19:00:00;181;37;3057;;44;;367;3686
17.01.2023 19:00:00;17.01.2023 20:00:00;181;37;3071;;42;;447;3778
17.01.2023 20:00:00;17.01.2023 21:00:00;182;37;3188;;41;;451;3899
17.01.2023 21:00:00;17.01.2023 22:00:00;182;37;3419;;41;;376;4055
17.01.2023 22:00:00;17.01.2023 23:00:00;182;37;3484;;40;;344;4087
17.01.2023 23:00:00;18.01.2023 00:00:00;182;37;3413;;41;;375;4048
18.01.2023 00:00:00;18.01.2023 01:00:00;182;36;3218;;44;;357;3837
18.01.2023 01:00:00;18.01.2023 02:00:00;182;36;3189;;45;;413;3865
18.01.2023 02:00:00;18.01.2023 03:00:00;182;36;3175;;43;;351;3787
18.01.2023 03:00:00;18.01.2023 04:00:00;182;36;3180;;44;;421;3863
18.01.2023 04:00:00;18.01.2023 05:00:00;182;36;3217;;43;;403;3881
18.01.2023 05:00:00;18.01.2023 06:00:00;181;36;3345;;44;;485;4091
18.01.2023 06:00:00;18.01.2023 07:00:00;181;36;3402;;45;;507;4171
18.01.2023 07:00:00;18.01.2023 08:00:00;181;36;3454;;39;;572;4282
18.01.2023 08:00:00;18.01.2023 09:00:00;181;37;3375;;42;;613;4248
18.01.2023 09:00:00;18.01.2023 10:00:00;181;37;3373;;47;;617;4255
18.01.2023 10:00:00;18.01.2023 11:00:00;181;37;3366;;46;;632;4262
18.01.2023 11:00:00;18.01.2023 12:00:00;182;37;3361;;47;;631;4258
18.01.2023 12:00:00;18.01.2023 13:00:00;182;36;3356;;39;;636;4249
18.01.2023 13:00:00;18.01.2023 14:00:00;181;147;3279;;43;;629;4279
18.01.2023 14:00:00;18.01.2023 15:00:00;182;146;3298;;43;;623;4292
18.01.2023 15:00:00;18.01.2023 16:00:00;183;148;3296;;42;;622;4291
18.01.2023 16:00:00;18.01.2023 17:00:00;183;148;3275;;45;;631;4282
18.01.2023 17:00:00;18.01.2023 18:00:00;182;150;3320;;45;;572;4269
18.01.2023 18:00:00;18.01.2023 19:00:00;182;146;3295;;46;;586;4255
18.01.2023 19:00:00;18.01.2023 20:00:00;182;146;3278;;45;;635;4286
18.01.2023 20:00:00;18.01.2023 21:00:00;182;140;3015;;47;;633;4017
18.01.2023 21:00:00;18.01.2023 22:00:00;181;142;2575;;44;;591;3533
18.01.2023 22:00:00;18.01.2023 23:00:00;181;141;2849;;38;;581;3790
18.01.2023 23:00:00;19.01.2023 00:00:00;181;141;2983;;39;;583;3927
19.01.2023 00:00:00;19.01.2023 01:00:00;181;139;3240;;44;;578;4182
19.01.2023 01:00:00;19.01.2023 02:00:00;182;138;3245;;44;;551;4160
19.01.2023 02:00:00;19.01.2023 03:00:00;182;139;3244;;43;;542;4150
19.01.2023 03:00:00;19.01.2023 04:00:00;181;139;3212;;46;;521;4099
19.01.2023 04:00:00;19.01.2023 05:00:00;181;140;3216;;47;;490;4074
19.01.2023 05:00:00;19.01.2023 06:00:00;181;140;3212;;46;;496;4075
19.01.2023 06:00:00;19.01.2023 07:00:00;181;144;3395;;46;;510;4276
19.01.2023 07:00:00;19.01.2023 08:00:00;181;146;3534;;40;;540;4441
19.01.2023 08:00:00;19.01.2023 09:00:00;181;144;3462;;41;;560;4388
19.01.2023 09:00:00;19.01.2023 10:00:00;181;145;3461;;43;;539;4369
19.01.2023 10:00:00;19.01.2023 11:00:00;181;156;3453;;34;;546;4370
19.01.2023 11:00:00;19.01.2023 12:00:00;182;149;3464;;37;;590;4422
19.01.2023 12:00:00;19.01.2023 13:00:00;182;149;3361;;21;;546;4259
19.01.2023 13:00:00;19.01.2023 14:00:00;181;149;3497;;21;;482;4330
19.01.2023 14:00:00;19.01.2023 15:00:00;182;146;3504;;34;;482;4348
19.01.2023 15:00:00;19.01.2023 16:00:00;180;146;3443;;35;;519;4323
19.01.2023 16:00:00;19.01.2023 17:00:00;181;147;3457;;37;;469;4291
19.01.2023 17:00:00;19.01.2023 18:00:00;181;147;3412;;40;;415;4195
19.01.2023 18:00:00;19.01.2023 19:00:00;181;148;3462;;40;;378;4209
19.01.2023 19:00:00;19.01.2023 20:00:00;182;149;3447;;40;;365;4183
19.01.2023 20:00:00;19.01.2023 21:00:00;181;145;3435;;42;;403;4206
19.01.2023 21:00:00;19.01.2023 22:00:00;182;144;3420;;43;;360;4149
19.01.2023 22:00:00;19.01.2023 23:00:00;180;143;3377;;44;;346;4090
19.01.2023 23:00:00;20.01.2023 00:00:00;180;142;3372;;40;;427;4161
20.01.2023 00:00:00;20.01.2023 01:00:00;180;144;3308;;42;;395;4069
20.01.2023 01:00:00;20.01.2023 02:00:00;180;143;3243;;44;;400;4010
20.01.2023 02:00:00;20.01.2023 03:00:00;180;142;3202;;43;;414;3981
20.01.2023 03:00:00;20.01.2023 04:00:00;180;142;3186;;45;;478;4031
20.01.2023 04:00:00;20.01.2023 05:00:00;180;143;3199;;47;;465;4034
20.01.2023 05:00:00;20.01.2023 06:00:00;182;144;3208;;48;;446;4028
20.01.2023 06:00:00;20.01.2023 07:00:00;182;156;3292;;47;;369;4046
20.01.2023 07:00:00;20.01.2023 08:00:00;182;150;3512;;42;;255;4141
20.01.2023 08:00:00;20.01.2023 09:00:00;182;151;3666;;42;;198;4239
20.01.2023 09:00:00;20.01.2023 10:00:00;182;159;3729;;40;;233;4343
20.01.2023 10:00:00;20.01.2023 11:00:00;182;153;3633;;45;;279;4292
20.01.2023 11:00:00;20.01.2023 12:00:00;182;146;3474;;43;;330;4175
20.01.2023 12:00:00;20.01.2023 13:00:00;182;147;3306;;43;;343;4021
20.01.2023 13:00:00;20.01.2023 14:00:00;182;146;3525;;44;;279;4176
20.01.2023 14:00:00;20.01.2023 15:00:00;181;144;3554;;44;;266;4189
20.01.2023 15:00:00;20.01.2023 16:00:00;180;145;3509;;44;;303;4181
20.01.2023 16:00:00;20.01.2023 17:00:00;181;147;3441;;47;;362;4178
20.01.2023 17:00:00;20.01.2023 18:00:00;180;149;3512;;47;;402;4290
20.01.2023 18:00:00;20.01.2023 19:00:00;181;150;3452;;49;;413;4245
20.01.2023 19:00:00;20.01.2023 20:00:00;181;150;3383;;45;;411;4170
20.01.2023 20:00:00;20.01.2023 21:00:00;181;144;3327;;47;;447;4146
20.01.2023 21:00:00;20.01.2023 22:00:00;181;143;3232;;47;;417;4020
20.01.2023 22:00:00;20.01.2023 23:00:00;181;140;3032;;45;;345;3743
20.01.2023 23:00:00;21.01.2023 00:00:00;182;139;2826;;45;;335;3527
21.01.2023 00:00:00;21.01.2023 01:00:00;183;131;3083;;42;;333;3772
21.01.2023 01:00:00;21.01.2023 02:00:00;182;132;3259;;45;;340;3958
21.01.2023 02:00:00;21.01.2023 03:00:00;181;131;3370;;44;;344;4070
21.01.2023 03:00:00;21.01.2023 04:00:00;181;131;3390;;44;;332;4078
21.01.2023 04:00:00;21.01.2023 05:00:00;181;131;3349;;45;;290;3996
21.01.2023 05:00:00;21.01.2023 06:00:00;181;130;3305;;44;;261;3921
21.01.2023 06:00:00;21.01.2023 07:00:00;181;132;3191;;44;;231;3779
21.01.2023 07:00:00;21.01.2023 08:00:00;181;133;3169;;39;;239;3761
21.01.2023 08:00:00;21.01.2023 09:00:00;181;147;3047;;38;;274;3687
21.01.2023 09:00:00;21.01.2023 10:00:00;182;150;3262;;41;;292;3927
21.01.2023 10:00:00;21.01.2023 11:00:00;182;147;3397;;42;;412;4180
21.01.2023 11:00:00;21.01.2023 12:00:00;182;152;3530;;43;;461;4368
21.01.2023 12:00:00;21.01.2023 13:00:00;182;150;3662;;44;;484;4522
21.01.2023 13:00:00;21.01.2023 14:00:00;182;151;3469;;43;;566;4411
21.01.2023 14:00:00;21.01.2023 15:00:00;182;151;3240;;43;;664;4280
21.01.2023 15:00:00;21.01.2023 16:00:00;182;153;3224;;42;;688;4289
21.01.2023 16:00:00;21.01.2023 17:00:00;182;151;3202;;44;;668;4247
21.01.2023 17:00:00;21.01.2023 18:00:00;182;149;3125;;45;;683;4184
21.01.2023 18:00:00;21.01.2023 19:00:00;182;148;3124;;45;;706;4205
21.01.2023 19:00:00;21.01.2023 20:00:00;182;149;2948;;42;;733;4054
21.01.2023 20:00:00;21.01.2023 21:00:00;182;150;3032;;43;;742;4149
21.01.2023 21:00:00;21.01.2023 22:00:00;182;148;3030;;44;;756;4160
21.01.2023 22:00:00;21.01.2023 23:00:00;182;149;3005;;43;;758;4137
21.01.2023 23:00:00;22.01.2023 00:00:00;181;150;2994;;44;;723;4092
22.01.2023 00:00:00;22.01.2023 01:00:00;181;143;3208;;45;;693;4270
22.01.2023 01:00:00;22.01.2023 02:00:00;181;139;3293;;45;;686;4344
22.01.2023 02:00:00;22.01.2023 03:00:00;182;141;3298;;42;;701;4364
22.01.2023 03:00:00;22.01.2023 04:00:00;181;139;3195;;43;;707;4265
22.01.2023 04:00:00;22.01.2023 05:00:00;182;137;3136;;42;;687;4184
22.01.2023 05:00:00;22.01.2023 06:00:00;182;140;3181;;39;;665;4207
22.01.2023 06:00:00;22.01.2023 07:00:00;180;138;3145;;36;;611;4110
22.01.2023 07:00:00;22.01.2023 08:00:00;180;137;3114;;32;;639;4102
22.01.2023 08:00:00;22.01.2023 09:00:00;180;138;3017;;36;;665;4036
22.01.2023 09:00:00;22.01.2023 10:00:00;180;139;3031;;38;;657;4045
22.01.2023 10:00:00;22.01.2023 11:00:00;182;141;3063;;41;;655;4082
22.01.2023 11:00:00;22.01.2023 12:00:00;181;139;3073;;41;;593;4027
22.01.2023 12:00:00;22.01.2023 13:00:00;182;137;2771;;40;;563;3693
22.01.2023 13:00:00;22.01.2023 14:00:00;183;141;2293;;41;;585;3243
22.01.2023 14:00:00;22.01.2023 15:00:00;181;141;2283;;36;;664;3305
22.01.2023 15:00:00;22.01.2023 16:00:00;181;140;2289;;40;;634;3284
22.01.2023 16:00:00;22.01.2023 17:00:00;181;140;2277;;39;;672;3309
22.01.2023 17:00:00;22.01.2023 18:00:00;181;139;2234;;38;;664;3256
22.01.2023 18:00:00;22.01.2023 19:00:00;180;140;2220;;40;;733;3313
22.01.2023 19:00:00;22.01.2023 20:00:00;180;138;2214;;42;;786;3360
22.01.2023 20:00:00;22.01.2023 21:00:00;181;139;2215;;46;;786;3367
22.01.2023 21:00:00;22.01.2023 22:00:00;182;137;2207;;43;;793;3362
22.01.2023 22:00:00;22.01.2023 23:00:00;182;137;2190;;44;;819;3372
22.01.2023 23:00:00;23.01.2023 00:00:00;183;136;2179;;46;;827;3371
23.01.2023 00:00:00;23.01.2023 01:00:00;181;133;2354;;49;;880;3597
23.01.2023 01:00:00;23.01.2023 02:00:00;179;137;2051;;48;;850;3265
23.01.2023 02:00:00;23.01.2023 03:00:00;179;139;2022;;46;;812;3198
23.01.2023 03:00:00;23.01.2023 04:00:00;180;139;2152;;48;;797;3316
23.01.2023 04:00:00;23.01.2023 05:00:00;178;132;2455;;45;;844;3654
23.01.2023 05:00:00;23.01.2023 06:00:00;179;133;2473;;42;;841;3668
23.01.2023 06:00:00;23.01.2023 07:00:00;178;134;2539;;43;;806;3700
23.01.2023 07:00:00;23.01.2023 08:00:00;179;143;2449;;39;;821;3631
23.01.2023 08:00:00;23.01.2023 09:00:00;180;142;2426;;42;;827;3617
23.01.2023 09:00:00;23.01.2023 10:00:00;178;144;2600;;39;;869;3830
23.01.2023 10:00:00;23.01.2023 11:00:00;179;147;2610;;43;;843;3822
23.01.2023 11:00:00;23.01.2023 12:00:00;178;146;2618;;41;;825;3808
23.01.2023 12:00:00;23.01.2023 13:00:00;179;147;2738;;40;;826;3930
23.01.2023 13:00:00;23.01.2023 14:00:00;177;145;2816;;44;;746;3928
23.01.2023 14:00:00;23.01.2023 15:00:00;178;143;2515;;46;;823;3705
23.01.2023 15:00:00;23.01.2023 16:00:00;178;146;2498;;45;;842;3709
23.01.2023 16:00:00;23.01.2023 17:00:00;179;151;2642;;47;;813;3832
23.01.2023 17:00:00;23.01.2023 18:00:00;179;147;2698;;51;;853;3928
23.01.2023 18:00:00;23.01.2023 19:00:00;178;150;2680;;51;;716;3775
23.01.2023 19:00:00;23.01.2023 20:00:00;178;146;2506;;51;;637;3518
23.01.2023 20:00:00;23.01.2023 21:00:00;178;139;2258;;50;;647;3272
23.01.2023 21:00:00;23.01.2023 22:00:00;146;138;2173;;48;;714;3219
23.01.2023 22:00:00;23.01.2023 23:00:00;137;140;2121;;46;;691;3135
23.01.2023 23:00:00;24.01.2023 00:00:00;177;138;2140;;48;;721;3224
24.01.2023 00:00:00;24.01.2023 01:00:00;177;137;1788;;45;;769;2916
24.01.2023 01:00:00;24.01.2023 02:00:00;177;136;1902;;45;;703;2963
24.01.2023 02:00:00;24.01.2023 03:00:00;178;134;2148;;46;;687;3193
24.01.2023 03:00:00;24.01.2023 04:00:00;177;131;2301;;42;;647;3298
24.01.2023 04:00:00;24.01.2023 05:00:00;177;131;2500;;44;;663;3515
24.01.2023 05:00:00;24.01.2023 06:00:00;178;133;2856;;41;;654;3862
24.01.2023 06:00:00;24.01.2023 07:00:00;178;141;2908;;41;;642;3910
24.01.2023 07:00:00;24.01.2023 08:00:00;178;153;2966;;44;;626;3967
24.01.2023 08:00:00;24.01.2023 09:00:00;178;154;2856;;56;;574;3818
24.01.2023 09:00:00;24.01.2023 10:00:00;178;153;2966;;55;;564;3916
24.01.2023 10:00:00;24.01.2023 11:00:00;178;157;2841;;57;;547;3780
24.01.2023 11:00:00;24.01.2023 12:00:00;180;157;3038;;54;;544;3973
24.01.2023 12:00:00;24.01.2023 13:00:00;191;161;3084;;37;;546;4019
24.01.2023 13:00:00;24.01.2023 14:00:00;197;159;3076;;25;;463;3920
24.01.2023 14:00:00;24.01.2023 15:00:00;197;157;3083;;14;;476;3927
24.01.2023 15:00:00;24.01.2023 16:00:00;178;157;3065;;20;;418;3838
24.01.2023 16:00:00;24.01.2023 17:00:00;178;156;2891;;20;;482;3727
24.01.2023 17:00:00;24.01.2023 18:00:00;178;149;2733;;42;;626;3728
24.01.2023 18:00:00;24.01.2023 19:00:00;178;150;2569;;39;;750;3686
24.01.2023 19:00:00;24.01.2023 20:00:00;178;147;2480;;37;;715;3557
24.01.2023 20:00:00;24.01.2023 21:00:00;178;132;2202;;38;;632;3182
24.01.2023 21:00:00;24.01.2023 22:00:00;178;133;1809;;36;;606;2762
24.01.2023 22:00:00;24.01.2023 23:00:00;178;131;1170;;38;;584;2101
24.01.2023 23:00:00;25.01.2023 00:00:00;179;132;983;;37;;585;1916
25.01.2023 00:00:00;25.01.2023 01:00:00;179;141;827;1186;39;0;626;2998
25.01.2023 01:00:00;25.01.2023 02:00:00;179;129;821;1166;37;0;551;2883
25.01.2023 02:00:00;25.01.2023 03:00:00;179;129;814;1157;35;0;497;2811
25.01.2023 03:00:00;25.01.2023 04:00:00;179;130;801;1145;35;0;457;2747
25.01.2023 04:00:00;25.01.2023 05:00:00;178;131;811;1156;36;0;333;2645
25.01.2023 05:00:00;25.01.2023 06:00:00;178;133;893;1224;20;0;362;2810
25.01.2023 06:00:00;25.01.2023 07:00:00;179;157;1254;1610;20;0;399;3619
25.01.2023 07:00:00;25.01.2023 08:00:00;178;166;2098;2459;17;0;389;5307
25.01.2023 08:00:00;25.01.2023 09:00:00;178;185;2234;2621;24;0;408;5650
25.01.2023 09:00:00;25.01.2023 10:00:00;179;188;2348;2738;23;0;476;5952
25.01.2023 10:00:00;25.01.2023 11:00:00;179;194;2320;2717;24;0;556;5990
25.01.2023 11:00:00;25.01.2023 12:00:00;180;200;2259;2671;32;0;580;5922
25.01.2023 12:00:00;25.01.2023 13:00:00;180;200;2250;2661;31;0;631;5953
25.01.2023 13:00:00;25.01.2023 14:00:00;180;202;2358;2771;31;0;653;6195
25.01.2023 14:00:00;25.01.2023 15:00:00;180;203;2462;2871;26;0;661;6403
25.01.2023 15:00:00;25.01.2023 16:00:00;181;201;2589;2989;18;0;698;6676
25.01.2023 16:00:00;25.01.2023 17:00:00;180;202;2773;3185;30;0;619;6989
25.01.2023 17:00:00;25.01.2023 18:00:00;180;200;2708;3121;33;0;550;6792
25.01.2023 18:00:00;25.01.2023 19:00:00;181;200;2696;3111;34;0;549;6771
25.01.2023 19:00:00;25.01.2023 20:00:00;181;209;2709;3134;35;0;504;6772
25.01.2023 20:00:00;25.01.2023 21:00:00;181;205;2743;3164;35;0;455;6783
25.01.2023 21:00:00;25.01.2023 22:00:00;181;207;2859;3282;35;0;494;7058
25.01.2023 22:00:00;25.01.2023 23:00:00;182;211;2840;3266;33;0;460;6992
25.01.2023 23:00:00;26.01.2023 00:00:00;182;217;2837;3271;35;0;486;7028
26.01.2023 00:00:00;26.01.2023 01:00:00;182;200;2896;;34;;454;3766
26.01.2023 01:00:00;26.01.2023 02:00:00;181;202;2910;;35;;473;3801
26.01.2023 02:00:00;26.01.2023 03:00:00;180;210;2917;;34;;489;3830
26.01.2023 03:00:00;26.01.2023 04:00:00;181;211;2864;;38;;491;3785
26.01.2023 04:00:00;26.01.2023 05:00:00;182;208;2827;;37;;585;3839
26.01.2023 05:00:00;26.01.2023 06:00:00;182;211;2825;;36;;626;3880
26.01.2023 06:00:00;26.01.2023 07:00:00;182;219;2432;;37;;610;3480
26.01.2023 07:00:00;26.01.2023 08:00:00;182;227;2741;;36;;616;3802
26.01.2023 08:00:00;26.01.2023 09:00:00;182;222;2657;;36;;601;3698
26.01.2023 09:00:00;26.01.2023 10:00:00;182;223;2669;;35;;592;3701
26.01.2023 10:00:00;26.01.2023 11:00:00;181;219;2681;;35;;599;3715
26.01.2023 11:00:00;26.01.2023 12:00:00;181;216;2820;;37;;574;3828
26.01.2023 12:00:00;26.01.2023 13:00:00;181;216;2841;;40;;586;3864
26.01.2023 13:00:00;26.01.2023 14:00:00;181;215;2839;;41;;578;3854
26.01.2023 14:00:00;26.01.2023 15:00:00;182;217;2920;;41;;545;3905
26.01.2023 15:00:00;26.01.2023 16:00:00;183;215;3029;;44;;506;3977
26.01.2023 16:00:00;26.01.2023 17:00:00;183;214;3025;;40;;518;3980
26.01.2023 17:00:00;26.01.2023 18:00:00;183;215;2856;;38;;505;3797
26.01.2023 18:00:00;26.01.2023 19:00:00;183;214;2576;;41;;553;3567
26.01.2023 19:00:00;26.01.2023 20:00:00;183;212;2526;;41;;544;3506
26.01.2023 20:00:00;26.01.2023 21:00:00;183;207;2752;;41;;374;3557
26.01.2023 21:00:00;26.01.2023 22:00:00;183;213;2880;;41;;365;3682
26.01.2023 22:00:00;26.01.2023 23:00:00;182;215;2987;;38;;485;3907
26.01.2023 23:00:00;27.01.2023 00:00:00;182;213;2915;;40;;465;3815
27.01.2023 00:00:00;27.01.2023 01:00:00;183;212;2903;;40;;456;3794
27.01.2023 01:00:00;27.01.2023 02:00:00;183;210;2879;;43;;498;3813
27.01.2023 02:00:00;27.01.2023 03:00:00;182;211;2917;;40;;409;3759
27.01.2023 03:00:00;27.01.2023 04:00:00;182;213;2965;;40;;356;3756
27.01.2023 04:00:00;27.01.2023 05:00:00;182;211;2963;;41;;303;3700
27.01.2023 05:00:00;27.01.2023 06:00:00;182;210;2995;;38;;367;3792
27.01.2023 06:00:00;27.01.2023 07:00:00;182;211;2875;;40;;401;3709
27.01.2023 07:00:00;27.01.2023 08:00:00;182;216;2629;;37;;423;3487
27.01.2023 08:00:00;27.01.2023 09:00:00;182;216;2632;;38;;505;3573
27.01.2023 09:00:00;27.01.2023 10:00:00;182;216;2397;;42;;572;3409
27.01.2023 10:00:00;27.01.2023 11:00:00;182;215;2378;;41;;579;3395
27.01.2023 11:00:00;27.01.2023 12:00:00;182;216;2294;;41;;598;3331
27.01.2023 12:00:00;27.01.2023 13:00:00;182;217;2277;;45;;618;3339
27.01.2023 13:00:00;27.01.2023 14:00:00;182;220;2766;;41;;660;3869
27.01.2023 14:00:00;27.01.2023 15:00:00;182;218;2561;;37;;669;3667
27.01.2023 15:00:00;27.01.2023 16:00:00;181;216;2303;;39;;672;3411
27.01.2023 16:00:00;27.01.2023 17:00:00;181;216;2487;;39;;689;3612
27.01.2023 17:00:00;27.01.2023 18:00:00;181;215;2532;;43;;667;3638
27.01.2023 18:00:00;27.01.2023 19:00:00;181;216;2528;;43;;568;3536
27.01.2023 19:00:00;27.01.2023 20:00:00;180;215;2522;;40;;578;3535
27.01.2023 20:00:00;27.01.2023 21:00:00;180;210;2133;;39;;585;3147
27.01.2023 21:00:00;27.01.2023 22:00:00;181;211;2025;;41;;514;2972
27.01.2023 22:00:00;27.01.2023 23:00:00;181;210;2105;;41;;464;3001
27.01.2023 23:00:00;28.01.2023 00:00:00;181;210;2073;;42;;497;3003
28.01.2023 00:00:00;28.01.2023 01:00:00;180;203;2215;;41;;505;3144
28.01.2023 01:00:00;28.01.2023 02:00:00;181;203;2590;;39;;437;3450
28.01.2023 02:00:00;28.01.2023 03:00:00;182;201;2514;;41;;443;3381
28.01.2023 03:00:00;28.01.2023 04:00:00;180;201;2355;;40;;428;3204
28.01.2023 04:00:00;28.01.2023 05:00:00;179;202;2383;;39;;346;3149
28.01.2023 05:00:00;28.01.2023 06:00:00;180;198;2211;;39;;406;3034
28.01.2023 06:00:00;28.01.2023 07:00:00;179;193;2152;;37;;378;2939
28.01.2023 07:00:00;28.01.2023 08:00:00;180;191;2451;;34;;334;3190
28.01.2023 08:00:00;28.01.2023 09:00:00;180;211;2716;;35;;329;3471
28.01.2023 09:00:00;28.01.2023 10:00:00;180;212;2792;;37;;338;3559
28.01.2023 10:00:00;28.01.2023 11:00:00;179;216;2847;;40;;396;3678
28.01.2023 11:00:00;28.01.2023 12:00:00;180;217;2869;;39;;383;3688
28.01.2023 12:00:00;28.01.2023 13:00:00;180;212;2873;;39;;341;3645
28.01.2023 13:00:00;28.01.2023 14:00:00;179;210;2876;;38;;276;3579
28.01.2023 14:00:00;28.01.2023 15:00:00;179;210;2861;;39;;254;3543
28.01.2023 15:00:00;28.01.2023 16:00:00;179;207;2860;;40;;222;3508
28.01.2023 16:00:00;28.01.2023 17:00:00;180;212;2921;;39;;219;3571
28.01.2023 17:00:00;28.01.2023 18:00:00;180;218;2936;;40;;266;3640
28.01.2023 18:00:00;28.01.2023 19:00:00;180;218;2928;;41;;270;3637
28.01.2023 19:00:00;28.01.2023 20:00:00;180;212;2841;;36;;343;3612
28.01.2023 20:00:00;28.01.2023 21:00:00;180;212;2771;;38;;328;3529
28.01.2023 21:00:00;28.01.2023 22:00:00;180;213;2618;;33;;407;3451
28.01.2023 22:00:00;28.01.2023 23:00:00;180;213;2617;;36;;528;3574
28.01.2023 23:00:00;29.01.2023 00:00:00;180;206;2544;;38;;523;3491
29.01.2023 00:00:00;29.01.2023 01:00:00;179;196;2333;;38;;542;3288
29.01.2023 01:00:00;29.01.2023 02:00:00;179;196;2209;;38;;545;3167
29.01.2023 02:00:00;29.01.2023 03:00:00;178;198;2194;;39;;540;3149
29.01.2023 03:00:00;29.01.2023 04:00:00;179;195;2108;;39;;581;3102
29.01.2023 04:00:00;29.01.2023 05:00:00;179;198;2038;;40;;554;3009
29.01.2023 05:00:00;29.01.2023 06:00:00;179;195;1916;;42;;491;2823
29.01.2023 06:00:00;29.01.2023 07:00:00;179;191;1920;;39;;478;2807
29.01.2023 07:00:00;29.01.2023 08:00:00;178;188;2094;;34;;450;2944
29.01.2023 08:00:00;29.01.2023 09:00:00;178;190;2208;;35;;469;3080
29.01.2023 09:00:00;29.01.2023 10:00:00;178;191;2209;;38;;460;3076
29.01.2023 10:00:00;29.01.2023 11:00:00;178;195;2282;;42;;388;3085
29.01.2023 11:00:00;29.01.2023 12:00:00;178;195;2412;;42;;323;3150
29.01.2023 12:00:00;29.01.2023 13:00:00;178;192;2810;;42;;302;3524
29.01.2023 13:00:00;29.01.2023 14:00:00;178;196;2949;;39;;273;3635
29.01.2023 14:00:00;29.01.2023 15:00:00;178;192;2940;;38;;213;3561
29.01.2023 15:00:00;29.01.2023 16:00:00;178;190;2876;;39;;222;3505
29.01.2023 16:00:00;29.01.2023 17:00:00;178;194;2920;;40;;217;3549
29.01.2023 17:00:00;29.01.2023 18:00:00;178;195;2978;;40;;219;3610
29.01.2023 18:00:00;29.01.2023 19:00:00;178;197;2904;;39;;222;3540
29.01.2023 19:00:00;29.01.2023 20:00:00;178;195;2806;;38;;207;3424
29.01.2023 20:00:00;29.01.2023 21:00:00;178;193;2677;;40;;158;3246
29.01.2023 21:00:00;29.01.2023 22:00:00;178;192;2128;;39;;149;2686
29.01.2023 22:00:00;29.01.2023 23:00:00;178;191;1564;;41;;154;2128
29.01.2023 23:00:00;30.01.2023 00:00:00;178;184;1080;;45;;131;1618
30.01.2023 00:00:00;30.01.2023 01:00:00;178;165;1303;;42;;112;1800
30.01.2023 01:00:00;30.01.2023 02:00:00;178;160;1459;;42;;101;1940
30.01.2023 02:00:00;30.01.2023 03:00:00;178;159;1466;;38;;84;1925
30.01.2023 03:00:00;30.01.2023 04:00:00;179;162;1455;;38;;65;1899
30.01.2023 04:00:00;30.01.2023 05:00:00;179;162;1706;;37;;49;2133
30.01.2023 05:00:00;30.01.2023 06:00:00;179;163;2339;;37;;49;2767
30.01.2023 06:00:00;30.01.2023 07:00:00;179;166;2723;;40;;57;3165
30.01.2023 07:00:00;30.01.2023 08:00:00;179;182;2889;;38;;59;3347
30.01.2023 08:00:00;30.01.2023 09:00:00;179;187;2805;;39;;47;3257
30.01.2023 09:00:00;30.01.2023 10:00:00;179;185;2875;;35;;50;3324
30.01.2023 10:00:00;30.01.2023 11:00:00;179;187;2865;;39;;45;3315
30.01.2023 11:00:00;30.01.2023 12:00:00;179;186;2817;;41;;32;3255
30.01.2023 12:00:00;30.01.2023 13:00:00;179;184;2790;;36;;28;3217
30.01.2023 13:00:00;30.01.2023 14:00:00;179;182;2753;;37;;27;3178
30.01.2023 14:00:00;30.01.2023 15:00:00;177;173;2776;;33;;24;3183
30.01.2023 15:00:00;30.01.2023 16:00:00;179;174;2790;;37;;31;3211
30.01.2023 16:00:00;30.01.2023 17:00:00;179;184;2840;;38;;38;3279
30.01.2023 17:00:00;30.01.2023 18:00:00;179;186;2899;;42;;40;3346
30.01.2023 18:00:00;30.01.2023 19:00:00;179;186;2913;;42;;47;3367
30.01.2023 19:00:00;30.01.2023 20:00:00;179;171;2798;;43;;50;3241
30.01.2023 20:00:00;30.01.2023 21:00:00;179;169;2389;;40;;67;2844
30.01.2023 21:00:00;30.01.2023 22:00:00;179;167;2244;;44;;55;2689
30.01.2023 22:00:00;30.01.2023 23:00:00;179;164;1724;;43;;69;2179
30.01.2023 23:00:00;31.01.2023 00:00:00;179;162;1444;;44;;68;1897
31.01.2023 00:00:00;31.01.2023 01:00:00;179;167;2086;;43;;83;2558
31.01.2023 01:00:00;31.01.2023 02:00:00;179;158;2098;;42;;86;2563
31.01.2023 02:00:00;31.01.2023 03:00:00;179;157;2186;;42;;76;2640
31.01.2023 03:00:00;31.01.2023 04:00:00;179;157;2412;;42;;69;2859
31.01.2023 04:00:00;31.01.2023 05:00:00;179;162;2840;;41;;68;3290
31.01.2023 05:00:00;31.01.2023 06:00:00;179;159;2975;;41;;51;3405
31.01.2023 06:00:00;31.01.2023 07:00:00;179;159;3266;;44;;62;3710
31.01.2023 07:00:00;31.01.2023 08:00:00;179;167;3581;;41;;67;4035
31.01.2023 08:00:00;31.01.2023 09:00:00;179;174;3604;;35;;65;4057
31.01.2023 09:00:00;31.01.2023 10:00:00;179;178;3628;;32;;83;4100
31.01.2023 10:00:00;31.01.2023 11:00:00;179;174;3705;;18;;127;4203
31.01.2023 11:00:00;31.01.2023 12:00:00;179;174;3747;;27;;218;4345
31.01.2023 12:00:00;31.01.2023 13:00:00;179;174;3753;;39;;126;4271
31.01.2023 13:00:00;31.01.2023 14:00:00;179;173;3773;;40;;76;4241
31.01.2023 14:00:00;31.01.2023 15:00:00;179;173;3774;;39;;53;4218
31.01.2023 15:00:00;31.01.2023 16:00:00;179;174;3803;;41;;41;4238
31.01.2023 16:00:00;31.01.2023 17:00:00;179;171;3806;;36;;51;4243
31.01.2023 17:00:00;31.01.2023 18:00:00;179;170;3785;;38;;86;4258
31.01.2023 18:00:00;31.01.2023 19:00:00;179;169;3783;;39;;102;4272
31.01.2023 19:00:00;31.01.2023 20:00:00;179;168;3748;;38;;124;4257
31.01.2023 20:00:00;31.01.2023 21:00:00;179;164;3766;;40;;166;4315
31.01.2023 21:00:00;31.01.2023 22:00:00;179;164;3747;;39;;180;4309
31.01.2023 22:00:00;31.01.2023 23:00:00;179;163;3654;;37;;195;4228
31.01.2023 23:00:00;01.02.2023 00:00:00;179;163;3586;;39;;199;4166
01.02.2023 00:00:00;01.02.2023 01:00:00;179;158;3533;;41;;193;4104
01.02.2023 01:00:00;01.02.2023 02:00:00;180;157;3484;;40;;206;4067
01.02.2023 02:00:00;01.02.2023 03:00:00;180;156;3457;;42;;224;4059
01.02.2023 03:00:00;01.02.2023 04:00:00;180;154;3423;;40;;213;4010
01.02.2023 04:00:00;01.02.2023 05:00:00;180;154;3417;;44;;214;4009
01.02.2023 05:00:00;01.02.2023 06:00:00;180;154;3455;;39;;214;4042
01.02.2023 06:00:00;01.02.2023 07:00:00;180;155;3549;;40;;215;4139
01.02.2023 07:00:00;01.02.2023 08:00:00;180;157;3650;;37;;209;4233
01.02.2023 08:00:00;01.02.2023 09:00:00;180;160;3652;;39;;201;4232
01.02.2023 09:00:00;01.02.2023 10:00:00;180;159;3656;;38;;209;4242
01.02.2023 10:00:00;01.02.2023 11:00:00;181;162;3665;;42;;213;4263
01.02.2023 11:00:00;01.02.2023 12:00:00;181;164;3691;;41;;199;4276
01.02.2023 12:00:00;01.02.2023 13:00:00;181;164;3711;;41;;186;4283
01.02.2023 13:00:00;01.02.2023 14:00:00;181;163;3766;;40;;190;4340
01.02.2023 14:00:00;01.02.2023 15:00:00;181;159;3770;;38;;188;4336
01.02.2023 15:00:00;01.02.2023 16:00:00;181;160;3780;;43;;172;4336
01.02.2023 16:00:00;01.02.2023 17:00:00;181;160;3806;;45;;146;4338
01.02.2023 17:00:00;01.02.2023 18:00:00;181;160;3799;;43;;146;4329
01.02.2023 18:00:00;01.02.2023 19:00:00;181;160;3738;;45;;180;4304
01.02.2023 19:00:00;01.02.2023 20:00:00;181;160;3802;;42;;138;4323
01.02.2023 20:00:00;01.02.2023 21:00:00;181;160;3837;;43;;116;4337
01.02.2023 21:00:00;01.02.2023 22:00:00;182;161;3793;;43;;124;4303
01.02.2023 22:00:00;01.02.2023 23:00:00;182;184;3760;;43;;104;4273
01.02.2023 23:00:00;02.02.2023 00:00:00;182;174;3785;;44;;111;4296
02.02.2023 00:00:00;02.02.2023 01:00:00;182;174;3769;;43;;85;4253
02.02.2023 01:00:00;02.02.2023 02:00:00;182;160;3728;;44;;52;4166
02.02.2023 02:00:00;02.02.2023 03:00:00;182;160;3705;;44;;52;4143
02.02.2023 03:00:00;02.02.2023 04:00:00;182;159;3730;;44;;43;4158
02.02.2023 04:00:00;02.02.2023 05:00:00;183;161;3749;;45;;39;4177
02.02.2023 05:00:00;02.02.2023 06:00:00;182;160;3754;;43;;17;4156
02.02.2023 06:00:00;02.02.2023 07:00:00;183;159;3907;;40;;37;4326
02.02.2023 07:00:00;02.02.2023 08:00:00;182;161;3940;;39;;19;4341
02.02.2023 08:00:00;02.02.2023 09:00:00;183;162;3941;;40;;18;4344
02.02.2023 09:00:00;02.02.2023 10:00:00;183;163;4042;;37;;12;4437
02.02.2023 10:00:00;02.02.2023 11:00:00;183;164;4069;;37;;16;4469
02.02.2023 11:00:00;02.02.2023 12:00:00;183;166;4055;;37;;19;4460
02.02.2023 12:00:00;02.02.2023 13:00:00;183;168;4029;;43;;26;4449
02.02.2023 13:00:00;02.02.2023 14:00:00;183;166;4037;;38;;25;4449
02.02.2023 14:00:00;02.02.2023 15:00:00;195;166;4028;;38;;32;4459
02.02.2023 15:00:00;02.02.2023 16:00:00;195;167;4032;;40;;32;4466
02.02.2023 16:00:00;02.02.2023 17:00:00;195;167;4063;;41;;26;4492
02.02.2023 17:00:00;02.02.2023 18:00:00;195;167;3879;;41;;25;4307
02.02.2023 18:00:00;02.02.2023 19:00:00;195;163;3887;;39;;36;4320
02.02.2023 19:00:00;02.02.2023 20:00:00;196;162;3905;;38;;50;4351
02.02.2023 20:00:00;02.02.2023 21:00:00;196;164;3914;;41;;54;4369
02.02.2023 21:00:00;02.02.2023 22:00:00;196;164;3890;;43;;73;4366
02.02.2023 22:00:00;02.02.2023 23:00:00;196;164;3857;;46;;96;4359
02.02.2023 23:00:00;03.02.2023 00:00:00;196;161;3729;;46;;123;4255
03.02.2023 00:00:00;03.02.2023 01:00:00;196;151;3783;;43;;115;4288
03.02.2023 01:00:00;03.02.2023 02:00:00;195;150;3771;;43;;104;4263
03.02.2023 02:00:00;03.02.2023 03:00:00;195;155;3818;;41;;99;4308
03.02.2023 03:00:00;03.02.2023 04:00:00;195;154;3758;;43;;122;4272
03.02.2023 04:00:00;03.02.2023 05:00:00;195;150;3703;;40;;137;4225
03.02.2023 05:00:00;03.02.2023 06:00:00;195;152;3765;;41;;150;4303
03.02.2023 06:00:00;03.02.2023 07:00:00;196;152;3894;;36;;130;4408
03.02.2023 07:00:00;03.02.2023 08:00:00;195;163;4009;;33;;151;4551
03.02.2023 08:00:00;03.02.2023 09:00:00;189;157;3974;;35;;162;4517
03.02.2023 09:00:00;03.02.2023 10:00:00;178;157;4017;;30;;169;4551
03.02.2023 10:00:00;03.02.2023 11:00:00;178;169;4018;;21;;185;4571
03.02.2023 11:00:00;03.02.2023 12:00:00;177;163;4027;;21;;174;4562
03.02.2023 12:00:00;03.02.2023 13:00:00;177;158;4031;;31;;157;4554
03.02.2023 13:00:00;03.02.2023 14:00:00;178;159;4027;;40;;156;4560
03.02.2023 14:00:00;03.02.2023 15:00:00;178;160;4028;;37;;147;4550
03.02.2023 15:00:00;03.02.2023 16:00:00;179;159;4053;;40;;125;4556
03.02.2023 16:00:00;03.02.2023 17:00:00;178;159;4050;;40;;93;4520
03.02.2023 17:00:00;03.02.2023 18:00:00;178;159;4008;;41;;93;4479
03.02.2023 18:00:00;03.02.2023 19:00:00;178;160;3997;;43;;97;4475
03.02.2023 19:00:00;03.02.2023 20:00:00;178;159;3950;;40;;105;4432
03.02.2023 20:00:00;03.02.2023 21:00:00;178;157;3901;;41;;143;4420
03.02.2023 21:00:00;03.02.2023 22:00:00;179;153;3876;;39;;168;4415
03.02.2023 22:00:00;03.02.2023 23:00:00;178;152;3786;;40;;229;4385
03.02.2023 23:00:00;04.02.2023 00:00:00;178;149;3702;;41;;259;4329
04.02.2023 00:00:00;04.02.2023 01:00:00;178;159;3533;;42;;251;4163
04.02.2023 01:00:00;04.02.2023 02:00:00;178;163;3525;;42;;216;4124
04.02.2023 02:00:00;04.02.2023 03:00:00;178;162;3513;;39;;217;4109
04.02.2023 03:00:00;04.02.2023 04:00:00;177;163;3525;;37;;198;4100
04.02.2023 04:00:00;04.02.2023 05:00:00;179;166;3538;;39;;194;4116
04.02.2023 05:00:00;04.02.2023 06:00:00;194;167;3544;;40;;167;4112
04.02.2023 06:00:00;04.02.2023 07:00:00;178;165;3542;;41;;115;4041
04.02.2023 07:00:00;04.02.2023 08:00:00;177;165;3551;;40;;98;4031
04.02.2023 08:00:00;04.02.2023 09:00:00;179;174;3739;;39;;109;4240
04.02.2023 09:00:00;04.02.2023 10:00:00;179;185;3749;;42;;140;4295
04.02.2023 10:00:00;04.02.2023 11:00:00;179;186;3771;;44;;175;4355
04.02.2023 11:00:00;04.02.2023 12:00:00;180;169;3728;;45;;180;4302
04.02.2023 12:00:00;04.02.2023 13:00:00;179;174;3710;;44;;187;4294
04.02.2023 13:00:00;04.02.2023 14:00:00;179;175;3695;;40;;156;4245
04.02.2023 14:00:00;04.02.2023 15:00:00;179;172;3666;;40;;149;4206
04.02.2023 15:00:00;04.02.2023 16:00:00;179;161;3239;;36;;167;3782
04.02.2023 16:00:00;04.02.2023 17:00:00;179;151;3011;;37;;201;3579
04.02.2023 17:00:00;04.02.2023 18:00:00;179;147;2907;;39;;296;3568
04.02.2023 18:00:00;04.02.2023 19:00:00;179;145;2854;;40;;329;3547
04.02.2023 19:00:00;04.02.2023 20:00:00;183;145;2856;;47;;393;3624
04.02.2023 20:00:00;04.02.2023 21:00:00;184;145;3029;;38;;431;3827
04.02.2023 21:00:00;04.02.2023 22:00:00;184;146;3300;;30;;470;4130
04.02.2023 22:00:00;04.02.2023 23:00:00;184;158;3493;;37;;523;4395
04.02.2023 23:00:00;05.02.2023 00:00:00;184;154;3324;;38;;539;4239
05.02.2023 00:00:00;05.02.2023 01:00:00;184;152;3312;;39;;560;4247
05.02.2023 01:00:00;05.02.2023 02:00:00;183;147;3279;;37;;586;4232
05.02.2023 02:00:00;05.02.2023 03:00:00;183;147;3220;;35;;583;4168
05.02.2023 03:00:00;05.02.2023 04:00:00;183;148;3212;;42;;611;4196
05.02.2023 04:00:00;05.02.2023 05:00:00;183;149;3013;;41;;657;4043
05.02.2023 05:00:00;05.02.2023 06:00:00;183;145;2747;;42;;699;3816
05.02.2023 06:00:00;05.02.2023 07:00:00;183;152;2627;;39;;705;3706
05.02.2023 07:00:00;05.02.2023 08:00:00;183;152;2630;;37;;631;3633
05.02.2023 08:00:00;05.02.2023 09:00:00;183;158;2759;;39;;609;3748
05.02.2023 09:00:00;05.02.2023 10:00:00;184;156;2791;;43;;617;3791
05.02.2023 10:00:00;05.02.2023 11:00:00;185;156;2508;;39;;616;3504
05.02.2023 11:00:00;05.02.2023 12:00:00;184;154;2390;;35;;591;3354
05.02.2023 12:00:00;05.02.2023 13:00:00;183;155;2453;;17;;549;3357
05.02.2023 13:00:00;05.02.2023 14:00:00;183;155;2811;;30;;637;3816
05.02.2023 14:00:00;05.02.2023 15:00:00;183;153;2841;;27;;611;3815
05.02.2023 15:00:00;05.02.2023 16:00:00;183;155;2936;;18;;619;3911
05.02.2023 16:00:00;05.02.2023 17:00:00;183;154;2980;;19;;595;3931
05.02.2023 17:00:00;05.02.2023 18:00:00;183;152;2566;;19;;609;3529
05.02.2023 18:00:00;05.02.2023 19:00:00;183;152;2532;;18;;635;3520
05.02.2023 19:00:00;05.02.2023 20:00:00;183;152;2785;;40;;503;3663
05.02.2023 20:00:00;05.02.2023 21:00:00;183;149;2886;;44;;430;3692
05.02.2023 21:00:00;05.02.2023 22:00:00;183;150;2897;;39;;389;3658
05.02.2023 22:00:00;05.02.2023 23:00:00;182;154;3222;;37;;321;3916
05.02.2023 23:00:00;06.02.2023 00:00:00;182;150;3240;;39;;347;3958
06.02.2023 00:00:00;06.02.2023 01:00:00;179;151;3009;;41;;372;3752
06.02.2023 01:00:00;06.02.2023 02:00:00;181;148;2825;;42;;382;3578
06.02.2023 02:00:00;06.02.2023 03:00:00;181;148;2763;;36;;385;3513
06.02.2023 03:00:00;06.02.2023 04:00:00;181;148;2785;;33;;493;3640
06.02.2023 04:00:00;06.02.2023 05:00:00;181;148;2597;;43;;549;3518
06.02.2023 05:00:00;06.02.2023 06:00:00;181;149;2545;;41;;588;3504
06.02.2023 06:00:00;06.02.2023 07:00:00;181;152;2981;;42;;617;3973
06.02.2023 07:00:00;06.02.2023 08:00:00;181;157;3253;;41;;648;4280
06.02.2023 08:00:00;06.02.2023 09:00:00;181;159;3291;;44;;647;4322
06.02.2023 09:00:00;06.02.2023 10:00:00;181;166;3294;;43;;697;4381
06.02.2023 10:00:00;06.02.2023 11:00:00;181;174;3251;;44;;724;4374
06.02.2023 11:00:00;06.02.2023 12:00:00;181;174;3236;;44;;715;4350
06.02.2023 12:00:00;06.02.2023 13:00:00;181;175;2921;;42;;714;4033
06.02.2023 13:00:00;06.02.2023 14:00:00;180;173;2602;;46;;716;3717
06.02.2023 14:00:00;06.02.2023 15:00:00;180;162;2443;;48;;742;3575
06.02.2023 15:00:00;06.02.2023 16:00:00;180;166;2287;;46;;737;3416
06.02.2023 16:00:00;06.02.2023 17:00:00;180;158;2282;;44;;772;3436
06.02.2023 17:00:00;06.02.2023 18:00:00;180;150;2420;;45;;716;3511
06.02.2023 18:00:00;06.02.2023 19:00:00;181;150;2408;;47;;691;3477
06.02.2023 19:00:00;06.02.2023 20:00:00;178;149;2404;;45;;714;3490
06.02.2023 20:00:00;06.02.2023 21:00:00;178;154;2355;;43;;683;3413
06.02.2023 21:00:00;06.02.2023 22:00:00;178;158;2327;;44;;703;3410
06.02.2023 22:00:00;06.02.2023 23:00:00;178;158;2256;;45;;714;3351
06.02.2023 23:00:00;07.02.2023 00:00:00;178;158;2211;;47;;738;3332
07.02.2023 00:00:00;07.02.2023 01:00:00;178;162;2180;;49;;749;3318
07.02.2023 01:00:00;07.02.2023 02:00:00;179;164;1798;;43;;749;2933
07.02.2023 02:00:00;07.02.2023 03:00:00;178;165;1755;;42;;739;2879
07.02.2023 03:00:00;07.02.2023 04:00:00;178;168;1717;;46;;700;2809
07.02.2023 04:00:00;07.02.2023 05:00:00;177;170;1702;;44;;670;2763
07.02.2023 05:00:00;07.02.2023 06:00:00;177;170;1707;;45;;673;2772
07.02.2023 06:00:00;07.02.2023 07:00:00;177;178;1982;;46;;656;3039
07.02.2023 07:00:00;07.02.2023 08:00:00;177;176;2366;;36;;547;3302
07.02.2023 08:00:00;07.02.2023 09:00:00;179;181;2485;;35;;641;3521
07.02.2023 09:00:00;07.02.2023 10:00:00;179;187;2572;;37;;715;3690
07.02.2023 10:00:00;07.02.2023 11:00:00;180;194;2562;;36;;875;3847
07.02.2023 11:00:00;07.02.2023 12:00:00;182;194;2506;;37;;838;3757
07.02.2023 12:00:00;07.02.2023 13:00:00;181;206;2469;;36;;841;3733
07.02.2023 13:00:00;07.02.2023 14:00:00;181;197;2472;;37;;870;3757
07.02.2023 14:00:00;07.02.2023 15:00:00;182;198;2737;;37;;813;3967
07.02.2023 15:00:00;07.02.2023 16:00:00;181;204;2937;;43;;802;4167
07.02.2023 16:00:00;07.02.2023 17:00:00;181;209;3095;;45;;841;4371
07.02.2023 17:00:00;07.02.2023 18:00:00;181;207;3096;;45;;746;4275
07.02.2023 18:00:00;07.02.2023 19:00:00;182;229;3250;;43;;722;4426
07.02.2023 19:00:00;07.02.2023 20:00:00;183;229;3257;;44;;697;4410
07.02.2023 20:00:00;07.02.2023 21:00:00;182;222;3297;;39;;770;4510
07.02.2023 21:00:00;07.02.2023 22:00:00;182;223;3131;;36;;821;4393
07.02.2023 22:00:00;07.02.2023 23:00:00;182;224;3057;;40;;744;4247
07.02.2023 23:00:00;08.02.2023 00:00:00;183;226;2957;;42;;762;4170
08.02.2023 00:00:00;08.02.2023 01:00:00;183;235;2717;;44;;830;4009
08.02.2023 01:00:00;08.02.2023 02:00:00;182;231;2666;;39;;858;3976
08.02.2023 02:00:00;08.02.2023 03:00:00;182;231;2643;;34;;868;3958
08.02.2023 03:00:00;08.02.2023 04:00:00;182;231;2639;;45;;867;3964
08.02.2023 04:00:00;08.02.2023 05:00:00;182;229;2698;;48;;894;4051
08.02.2023 05:00:00;08.02.2023 06:00:00;182;229;2728;;35;;875;4049
08.02.2023 06:00:00;08.02.2023 07:00:00;182;224;2434;;35;;853;3728
08.02.2023 07:00:00;08.02.2023 08:00:00;182;223;2510;;33;;770;3718
08.02.2023 08:00:00;08.02.2023 09:00:00;182;227;2487;;32;;664;3592
08.02.2023 09:00:00;08.02.2023 10:00:00;181;225;2664;;29;;590;3689
08.02.2023 10:00:00;08.02.2023 11:00:00;181;227;2787;;26;;410;3631
08.02.2023 11:00:00;08.02.2023 12:00:00;181;231;2971;;29;;358;3770
08.02.2023 12:00:00;08.02.2023 13:00:00;181;229;3020;;32;;449;3911
08.02.2023 13:00:00;08.02.2023 14:00:00;180;229;2956;;33;;471;3869
08.02.2023 14:00:00;08.02.2023 15:00:00;178;227;2817;;31;;485;3738
08.02.2023 15:00:00;08.02.2023 16:00:00;178;229;2711;;34;;500;3652
08.02.2023 16:00:00;08.02.2023 17:00:00;179;226;2795;;38;;524;3762
08.02.2023 17:00:00;08.02.2023 18:00:00;180;227;2787;;35;;525;3754
08.02.2023 18:00:00;08.02.2023 19:00:00;180;226;2709;;36;;500;3651
08.02.2023 19:00:00;08.02.2023 20:00:00;180;227;2787;;36;;485;3715
08.02.2023 20:00:00;08.02.2023 21:00:00;179;228;2858;;38;;531;3834
08.02.2023 21:00:00;08.02.2023 22:00:00;178;229;2663;;40;;581;3691
08.02.2023 22:00:00;08.02.2023 23:00:00;178;223;1902;;36;;648;2987
08.02.2023 23:00:00;09.02.2023 00:00:00;178;218;1250;;39;;739;2424
09.02.2023 00:00:00;09.02.2023 01:00:00;179;198;1100;;42;;635;2154
09.02.2023 01:00:00;09.02.2023 02:00:00;178;197;1032;;41;;557;2005
09.02.2023 02:00:00;09.02.2023 03:00:00;178;197;1001;;39;;410;1825
09.02.2023 03:00:00;09.02.2023 04:00:00;178;195;1041;;42;;318;1774
09.02.2023 04:00:00;09.02.2023 05:00:00;178;198;1099;;41;;342;1858
09.02.2023 05:00:00;09.02.2023 06:00:00;179;196;1313;;39;;395;2122
09.02.2023 06:00:00;09.02.2023 07:00:00;179;202;2347;;41;;359;3128
09.02.2023 07:00:00;09.02.2023 08:00:00;178;221;3021;;39;;338;3797
09.02.2023 08:00:00;09.02.2023 09:00:00;179;222;3070;;39;;331;3841
09.02.2023 09:00:00;09.02.2023 10:00:00;179;215;3062;;38;;271;3765
09.02.2023 10:00:00;09.02.2023 11:00:00;180;213;3121;;41;;300;3855
09.02.2023 11:00:00;09.02.2023 12:00:00;180;214;3165;;41;;356;3956
09.02.2023 12:00:00;09.02.2023 13:00:00;179;209;3150;;43;;398;3979
09.02.2023 13:00:00;09.02.2023 14:00:00;179;201;3165;;43;;439;4027
09.02.2023 14:00:00;09.02.2023 15:00:00;179;220;3199;;36;;469;4103
09.02.2023 15:00:00;09.02.2023 16:00:00;179;220;3249;;37;;425;4110
09.02.2023 16:00:00;09.02.2023 17:00:00;179;218;3218;;41;;426;4082
09.02.2023 17:00:00;09.02.2023 18:00:00;179;218;3266;;41;;374;4078
09.02.2023 18:00:00;09.02.2023 19:00:00;179;216;3275;;42;;385;4097
09.02.2023 19:00:00;09.02.2023 20:00:00;179;220;3200;;41;;369;4009
09.02.2023 20:00:00;09.02.2023 21:00:00;179;228;3140;;43;;414;4004
09.02.2023 21:00:00;09.02.2023 22:00:00;179;226;3168;;42;;483;4098
09.02.2023 22:00:00;09.02.2023 23:00:00;179;204;2674;;42;;552;3651
09.02.2023 23:00:00;10.02.2023 00:00:00;179;203;2088;;43;;534;3047
10.02.2023 00:00:00;10.02.2023 01:00:00;179;187;1918;;44;;505;2833
10.02.2023 01:00:00;10.02.2023 02:00:00;179;188;1965;;44;;419;2795
10.02.2023 02:00:00;10.02.2023 03:00:00;179;191;2004;;41;;449;2864
10.02.2023 03:00:00;10.02.2023 04:00:00;179;191;1989;;40;;516;2915
10.02.2023 04:00:00;10.02.2023 05:00:00;180;191;2506;;43;;451;3371
10.02.2023 05:00:00;10.02.2023 06:00:00;183;190;2836;;44;;483;3736
10.02.2023 06:00:00;10.02.2023 07:00:00;179;193;3131;;48;;417;3968
10.02.2023 07:00:00;10.02.2023 08:00:00;180;197;3291;;43;;435;4146
10.02.2023 08:00:00;10.02.2023 09:00:00;180;193;3326;;41;;417;4157
10.02.2023 09:00:00;10.02.2023 10:00:00;187;191;3308;;43;;421;4150
10.02.2023 10:00:00;10.02.2023 11:00:00;197;192;3328;;45;;408;4170
10.02.2023 11:00:00;10.02.2023 12:00:00;196;200;3219;;43;;499;4157
10.02.2023 12:00:00;10.02.2023 13:00:00;185;201;3001;;42;;474;3903
10.02.2023 13:00:00;10.02.2023 14:00:00;185;202;3134;;42;;519;4082
10.02.2023 14:00:00;10.02.2023 15:00:00;187;201;3280;;45;;593;4306
10.02.2023 15:00:00;10.02.2023 16:00:00;187;202;3450;;42;;574;4455
10.02.2023 16:00:00;10.02.2023 17:00:00;186;201;3463;;42;;548;4440
10.02.2023 17:00:00;10.02.2023 18:00:00;186;201;3387;;40;;537;4351
10.02.2023 18:00:00;10.02.2023 19:00:00;186;198;3397;;41;;543;4365
10.02.2023 19:00:00;10.02.2023 20:00:00;186;200;3443;;38;;543;4410
10.02.2023 20:00:00;10.02.2023 21:00:00;185;200;3425;;40;;505;4355
10.02.2023 21:00:00;10.02.2023 22:00:00;185;201;3415;;42;;477;4320
10.02.2023 22:00:00;10.02.2023 23:00:00;185;197;3353;;39;;441;4215
10.02.2023 23:00:00;11.02.2023 00:00:00;185;188;3291;;40;;513;4217
11.02.2023 00:00:00;11.02.2023 01:00:00;185;187;3264;;43;;546;4225
11.02.2023 01:00:00;11.02.2023 02:00:00;186;186;3203;;40;;578;4193
11.02.2023 02:00:00;11.02.2023 03:00:00;186;177;2757;;38;;594;3752
11.02.2023 03:00:00;11.02.2023 04:00:00;186;177;2430;;42;;571;3406
11.02.2023 04:00:00;11.02.2023 05:00:00;186;178;2285;;42;;591;3282
11.02.2023 05:00:00;11.02.2023 06:00:00;186;182;2078;;43;;597;3086
11.02.2023 06:00:00;11.02.2023 07:00:00;187;178;2082;;41;;610;3098
11.02.2023 07:00:00;11.02.2023 08:00:00;187;178;2335;;36;;617;3353
11.02.2023 08:00:00;11.02.2023 09:00:00;187;176;2423;;37;;603;3426
11.02.2023 09:00:00;11.02.2023 10:00:00;186;177;2613;;41;;631;3648
11.02.2023 10:00:00;11.02.2023 11:00:00;187;179;3108;;42;;609;4125
11.02.2023 11:00:00;11.02.2023 12:00:00;187;180;3358;;39;;574;4338
11.02.2023 12:00:00;11.02.2023 13:00:00;194;178;3330;;39;;604;4345
11.02.2023 13:00:00;11.02.2023 14:00:00;195;180;3343;;38;;608;4364
11.02.2023 14:00:00;11.02.2023 15:00:00;195;178;3569;;41;;600;4583
11.02.2023 15:00:00;11.02.2023 16:00:00;195;177;3382;;40;;574;4368
11.02.2023 16:00:00;11.02.2023 17:00:00;195;174;3406;;39;;585;4399
11.02.2023 17:00:00;11.02.2023 18:00:00;195;174;3395;;40;;550;4354
11.02.2023 18:00:00;11.02.2023 19:00:00;194;174;3398;;42;;490;4298
11.02.2023 19:00:00;11.02.2023 20:00:00;194;175;3381;;41;;355;4146
11.02.2023 20:00:00;11.02.2023 21:00:00;194;174;3365;;39;;335;4107
11.02.2023 21:00:00;11.02.2023 22:00:00;194;174;3409;;34;;294;4105
11.02.2023 22:00:00;11.02.2023 23:00:00;195;171;3354;;37;;330;4087
11.02.2023 23:00:00;12.02.2023 00:00:00;194;173;3290;;40;;384;4081
12.02.2023 00:00:00;12.02.2023 01:00:00;194;170;3222;;39;;502;4127
12.02.2023 01:00:00;12.02.2023 02:00:00;194;169;3177;;38;;590;4168
12.02.2023 02:00:00;12.02.2023 03:00:00;194;168;3060;;28;;677;4127
12.02.2023 03:00:00;12.02.2023 04:00:00;194;167;2995;;27;;663;4046
12.02.2023 04:00:00;12.02.2023 05:00:00;194;168;2891;;33;;576;3862
12.02.2023 05:00:00;12.02.2023 06:00:00;195;167;2855;;34;;493;3744
12.02.2023 06:00:00;12.02.2023 07:00:00;198;166;2919;;30;;482;3795
12.02.2023 07:00:00;12.02.2023 08:00:00;198;169;3016;;29;;532;3944
12.02.2023 08:00:00;12.02.2023 09:00:00;200;172;3056;;30;;526;3984
12.02.2023 09:00:00;12.02.2023 10:00:00;188;176;3190;;33;;529;4116
12.02.2023 10:00:00;12.02.2023 11:00:00;178;180;3334;;33;;691;4416
12.02.2023 11:00:00;12.02.2023 12:00:00;178;183;3116;;33;;724;4234
12.02.2023 12:00:00;12.02.2023 13:00:00;178;191;3003;;31;;719;4122
12.02.2023 13:00:00;12.02.2023 14:00:00;179;193;2791;;34;;750;3947
12.02.2023 14:00:00;12.02.2023 15:00:00;200;186;2499;;33;;686;3604
12.02.2023 15:00:00;12.02.2023 16:00:00;201;202;2333;;36;;604;3376
12.02.2023 16:00:00;12.02.2023 17:00:00;201;205;2481;;35;;640;3562
12.02.2023 17:00:00;12.02.2023 18:00:00;200;200;3094;;36;;628;4158
12.02.2023 18:00:00;12.02.2023 19:00:00;200;201;2968;;36;;683;4088
12.02.2023 19:00:00;12.02.2023 20:00:00;200;201;2772;;37;;643;3853
12.02.2023 20:00:00;12.02.2023 21:00:00;198;203;2549;;39;;678;3667
12.02.2023 21:00:00;12.02.2023 22:00:00;197;205;2411;;42;;750;3605
12.02.2023 22:00:00;12.02.2023 23:00:00;197;197;1888;;41;;759;3082
12.02.2023 23:00:00;13.02.2023 00:00:00;196;193;1255;;36;;732;2412
13.02.2023 00:00:00;13.02.2023 01:00:00;196;188;1080;;31;;717;2212
13.02.2023 01:00:00;13.02.2023 02:00:00;196;178;1050;;33;;717;2174
13.02.2023 02:00:00;13.02.2023 03:00:00;196;178;1046;;35;;675;2130
13.02.2023 03:00:00;13.02.2023 04:00:00;196;183;1046;;37;;657;2119
13.02.2023 04:00:00;13.02.2023 05:00:00;196;185;1086;;35;;613;2115
13.02.2023 05:00:00;13.02.2023 06:00:00;196;195;1994;;35;;579;2999
13.02.2023 06:00:00;13.02.2023 07:00:00;195;199;2906;;38;;659;3997
13.02.2023 07:00:00;13.02.2023 08:00:00;196;219;3117;;36;;701;4269
13.02.2023 08:00:00;13.02.2023 09:00:00;183;219;2867;;34;;791;4094
13.02.2023 09:00:00;13.02.2023 10:00:00;178;224;2731;;34;;820;3987
13.02.2023 10:00:00;13.02.2023 11:00:00;177;224;2702;;37;;859;3999
13.02.2023 11:00:00;13.02.2023 12:00:00;178;229;2266;;36;;816;3525
13.02.2023 12:00:00;13.02.2023 13:00:00;178;229;2387;;36;;809;3639
13.02.2023 13:00:00;13.02.2023 14:00:00;178;234;2598;;38;;626;3674
13.02.2023 14:00:00;13.02.2023 15:00:00;179;236;2552;;36;;482;3485
13.02.2023 15:00:00;13.02.2023 16:00:00;179;242;2550;;36;;410;3417
13.02.2023 16:00:00;13.02.2023 17:00:00;179;244;2561;;39;;417;3440
13.02.2023 17:00:00;13.02.2023 18:00:00;179;242;2822;;41;;453;3737
13.02.2023 18:00:00;13.02.2023 19:00:00;178;231;2483;;41;;494;3427
13.02.2023 19:00:00;13.02.2023 20:00:00;179;240;2443;;39;;447;3348
13.02.2023 20:00:00;13.02.2023 21:00:00;179;231;2527;;37;;440;3414
13.02.2023 21:00:00;13.02.2023 22:00:00;180;229;3026;;38;;571;4044
13.02.2023 22:00:00;13.02.2023 23:00:00;179;226;2921;;36;;659;4021
13.02.2023 23:00:00;14.02.2023 00:00:00;179;211;2766;;39;;660;3855
14.02.2023 00:00:00;14.02.2023 01:00:00;179;227;2298;;38;;638;3380
14.02.2023 01:00:00;14.02.2023 02:00:00;179;231;2135;;42;;593;3180
14.02.2023 02:00:00;14.02.2023 03:00:00;179;232;2303;;28;;594;3336
14.02.2023 03:00:00;14.02.2023 04:00:00;179;231;2326;;28;;583;3347
14.02.2023 04:00:00;14.02.2023 05:00:00;179;232;2390;;31;;663;3495
14.02.2023 05:00:00;14.02.2023 06:00:00;179;229;2842;;29;;744;4023
14.02.2023 06:00:00;14.02.2023 07:00:00;178;232;2966;;32;;749;4157
14.02.2023 07:00:00;14.02.2023 08:00:00;179;227;2961;;32;;710;4109
14.02.2023 08:00:00;14.02.2023 09:00:00;179;232;3034;;37;;685;4167
14.02.2023 09:00:00;14.02.2023 10:00:00;179;231;3202;;41;;689;4342
14.02.2023 10:00:00;14.02.2023 11:00:00;178;228;3215;;43;;630;4294
14.02.2023 11:00:00;14.02.2023 12:00:00;178;227;3211;;38;;619;4273
14.02.2023 12:00:00;14.02.2023 13:00:00;178;236;3278;;32;;605;4329
14.02.2023 13:00:00;14.02.2023 14:00:00;179;235;3305;;22;;625;4366
14.02.2023 14:00:00;14.02.2023 15:00:00;179;232;3305;;16;;585;4317
14.02.2023 15:00:00;14.02.2023 16:00:00;178;240;3277;;31;;502;4228
14.02.2023 16:00:00;14.02.2023 17:00:00;178;236;3253;;42;;490;4199
14.02.2023 17:00:00;14.02.2023 18:00:00;179;236;3352;;37;;538;4342
14.02.2023 18:00:00;14.02.2023 19:00:00;179;239;3348;;39;;486;4291
14.02.2023 19:00:00;14.02.2023 20:00:00;179;242;3316;;39;;457;4233
14.02.2023 20:00:00;14.02.2023 21:00:00;178;245;3267;;38;;456;4184
14.02.2023 21:00:00;14.02.2023 22:00:00;178;245;3233;;39;;573;4268
14.02.2023 22:00:00;14.02.2023 23:00:00;178;245;3182;;38;;602;4245
14.02.2023 23:00:00;15.02.2023 00:00:00;177;246;3127;;40;;617;4207
15.02.2023 00:00:00;15.02.2023 01:00:00;177;242;3062;;41;;607;4129
15.02.2023 01:00:00;15.02.2023 02:00:00;178;244;3024;;39;;573;4058
15.02.2023 02:00:00;15.02.2023 03:00:00;178;244;3044;;33;;508;4007
15.02.2023 03:00:00;15.02.2023 04:00:00;178;240;3027;;34;;447;3926
15.02.2023 04:00:00;15.02.2023 05:00:00;178;239;3029;;40;;456;3942
15.02.2023 05:00:00;15.02.2023 06:00:00;178;238;3032;;38;;538;4024
15.02.2023 06:00:00;15.02.2023 07:00:00;178;237;3060;;38;;556;4069
15.02.2023 07:00:00;15.02.2023 08:00:00;178;239;3175;;37;;530;4159
15.02.2023 08:00:00;15.02.2023 09:00:00;178;239;3218;;38;;523;4196
15.02.2023 09:00:00;15.02.2023 10:00:00;178;239;3222;;38;;549;4226
15.02.2023 10:00:00;15.02.2023 11:00:00;179;241;3222;;39;;545;4226
15.02.2023 11:00:00;15.02.2023 12:00:00;176;240;3232;;38;;513;4199
15.02.2023 12:00:00;15.02.2023 13:00:00;178;238;3216;;38;;496;4166
15.02.2023 13:00:00;15.02.2023 14:00:00;178;238;3182;;39;;518;4155
15.02.2023 14:00:00;15.02.2023 15:00:00;179;239;3202;;40;;418;4078
15.02.2023 15:00:00;15.02.2023 16:00:00;179;240;3263;;39;;378;4099
15.02.2023 16:00:00;15.02.2023 17:00:00;180;240;3291;;41;;370;4122
15.02.2023 17:00:00;15.02.2023 18:00:00;180;240;3288;;41;;357;4106
15.02.2023 18:00:00;15.02.2023 19:00:00;180;236;3218;;41;;416;4091
15.02.2023 19:00:00;15.02.2023 20:00:00;180;235;3233;;38;;445;4131
15.02.2023 20:00:00;15.02.2023 21:00:00;180;235;3166;;37;;558;4176
15.02.2023 21:00:00;15.02.2023 22:00:00;178;233;3103;;40;;588;4142
15.02.2023 22:00:00;15.02.2023 23:00:00;177;231;3059;;38;;627;4132
15.02.2023 23:00:00;16.02.2023 00:00:00;177;230;2936;;40;;670;4053
16.02.2023 00:00:00;16.02.2023 01:00:00;177;237;2845;;38;;768;4065
16.02.2023 01:00:00;16.02.2023 02:00:00;177;239;2968;;40;;833;4257
16.02.2023 02:00:00;16.02.2023 03:00:00;178;236;3013;;31;;789;4247
16.02.2023 03:00:00;16.02.2023 04:00:00;177;239;3016;;29;;816;4277
16.02.2023 04:00:00;16.02.2023 05:00:00;177;239;3027;;29;;776;4248
16.02.2023 05:00:00;16.02.2023 06:00:00;177;236;2983;;31;;808;4235
16.02.2023 06:00:00;16.02.2023 07:00:00;179;233;2780;;39;;833;4064
16.02.2023 07:00:00;16.02.2023 08:00:00;179;234;2813;;33;;824;4083
16.02.2023 08:00:00;16.02.2023 09:00:00;179;236;3074;;33;;806;4328
16.02.2023 09:00:00;16.02.2023 10:00:00;179;239;3103;;29;;804;4354
16.02.2023 10:00:00;16.02.2023 11:00:00;179;237;3049;;33;;904;4402
16.02.2023 11:00:00;16.02.2023 12:00:00;179;236;2992;;32;;880;4319
16.02.2023 12:00:00;16.02.2023 13:00:00;179;238;2947;;42;;775;4181
16.02.2023 13:00:00;16.02.2023 14:00:00;179;238;3107;;42;;616;4182
16.02.2023 14:00:00;16.02.2023 15:00:00;179;239;3180;;21;;527;4146
16.02.2023 15:00:00;16.02.2023 16:00:00;179;240;3288;;16;;599;4322
16.02.2023 16:00:00;16.02.2023 17:00:00;178;239;3359;;25;;434;4235
16.02.2023 17:00:00;16.02.2023 18:00:00;179;233;3349;;35;;388;4184
16.02.2023 18:00:00;16.02.2023 19:00:00;178;232;3314;;36;;420;4180
16.02.2023 19:00:00;16.02.2023 20:00:00;179;230;3180;;32;;326;3947
16.02.2023 20:00:00;16.02.2023 21:00:00;179;230;2876;;34;;337;3656
16.02.2023 21:00:00;16.02.2023 22:00:00;179;231;2800;;37;;363;3610
16.02.2023 22:00:00;16.02.2023 23:00:00;179;229;3251;;41;;286;3986
16.02.2023 23:00:00;17.02.2023 00:00:00;179;230;3255;;35;;211;3910
17.02.2023 00:00:00;17.02.2023 01:00:00;179;227;3365;;33;;177;3981
17.02.2023 01:00:00;17.02.2023 02:00:00;179;228;3392;;36;;179;4014
17.02.2023 02:00:00;17.02.2023 03:00:00;179;227;3361;;31;;171;3969
17.02.2023 03:00:00;17.02.2023 04:00:00;179;225;3315;;29;;168;3916
17.02.2023 04:00:00;17.02.2023 05:00:00;180;220;3250;;36;;166;3852
17.02.2023 05:00:00;17.02.2023 06:00:00;180;216;3285;;36;;169;3886
17.02.2023 06:00:00;17.02.2023 07:00:00;180;214;3318;;34;;170;3916
17.02.2023 07:00:00;17.02.2023 08:00:00;180;212;3403;;37;;191;4023
17.02.2023 08:00:00;17.02.2023 09:00:00;180;216;3426;;37;;198;4057
17.02.2023 09:00:00;17.02.2023 10:00:00;179;216;3499;;38;;231;4163
17.02.2023 10:00:00;17.02.2023 11:00:00;179;216;3532;;38;;277;4242
17.02.2023 11:00:00;17.02.2023 12:00:00;179;214;3564;;36;;321;4314
17.02.2023 12:00:00;17.02.2023 13:00:00;178;210;3489;;35;;391;4303
17.02.2023 13:00:00;17.02.2023 14:00:00;178;211;3422;;37;;367;4215
17.02.2023 14:00:00;17.02.2023 15:00:00;179;209;3413;;37;;351;4189
17.02.2023 15:00:00;17.02.2023 16:00:00;179;214;3504;;41;;371;4309
17.02.2023 16:00:00;17.02.2023 17:00:00;179;214;3604;;40;;373;4410
17.02.2023 17:00:00;17.02.2023 18:00:00;179;209;3612;;37;;390;4427
17.02.2023 18:00:00;17.02.2023 19:00:00;179;206;3481;;37;;403;4306
17.02.2023 19:00:00;17.02.2023 20:00:00;179;204;3489;;34;;346;4252
17.02.2023 20:00:00;17.02.2023 21:00:00;179;202;3579;;35;;278;4273
17.02.2023 21:00:00;17.02.2023 22:00:00;179;202;3577;;38;;257;4253
17.02.2023 22:00:00;17.02.2023 23:00:00;179;199;3324;;40;;254;3996
17.02.2023 23:00:00;18.02.2023 00:00:00;179;187;2934;;40;;259;3599
18.02.2023 00:00:00;18.02.2023 01:00:00;179;185;3383;;38;;243;4028
18.02.2023 01:00:00;18.02.2023 02:00:00;179;181;3188;;37;;242;3827
18.02.2023 02:00:00;18.02.2023 03:00:00;179;182;3045;;36;;277;3719
18.02.2023 03:00:00;18.02.2023 04:00:00;179;184;3262;;36;;269;3930
18.02.2023 04:00:00;18.02.2023 05:00:00;179;184;3093;;37;;314;3807
18.02.2023 05:00:00;18.02.2023 06:00:00;179;192;2960;;38;;292;3661
18.02.2023 06:00:00;18.02.2023 07:00:00;179;186;2888;;35;;370;3658
18.02.2023 07:00:00;18.02.2023 08:00:00;180;189;2889;;34;;433;3725
18.02.2023 08:00:00;18.02.2023 09:00:00;176;195;3220;;33;;475;4099
18.02.2023 09:00:00;18.02.2023 10:00:00;179;192;3592;;35;;502;4500
18.02.2023 10:00:00;18.02.2023 11:00:00;179;194;3603;;36;;501;4513
18.02.2023 11:00:00;18.02.2023 12:00:00;179;192;3593;;36;;514;4514
18.02.2023 12:00:00;18.02.2023 13:00:00;179;193;3408;;33;;471;4284
18.02.2023 13:00:00;18.02.2023 14:00:00;179;192;3354;;34;;468;4227
18.02.2023 14:00:00;18.02.2023 15:00:00;179;191;3239;;37;;477;4123
18.02.2023 15:00:00;18.02.2023 16:00:00;179;191;3491;;37;;452;4350
18.02.2023 16:00:00;18.02.2023 17:00:00;179;193;3566;;38;;367;4343
18.02.2023 17:00:00;18.02.2023 18:00:00;178;195;3572;;42;;332;4319
18.02.2023 18:00:00;18.02.2023 19:00:00;178;193;3553;;39;;313;4276
18.02.2023 19:00:00;18.02.2023 20:00:00;178;191;3532;;38;;267;4206
18.02.2023 20:00:00;18.02.2023 21:00:00;179;189;3217;;37;;203;3825
18.02.2023 21:00:00;18.02.2023 22:00:00;179;191;3276;;39;;188;3873
18.02.2023 22:00:00;18.02.2023 23:00:00;179;191;3270;;39;;183;3862
18.02.2023 23:00:00;19.02.2023 00:00:00;179;188;3255;;40;;163;3825
19.02.2023 00:00:00;19.02.2023 01:00:00;179;186;3401;;41;;153;3960
19.02.2023 01:00:00;19.02.2023 02:00:00;179;184;3389;;41;;138;3931
19.02.2023 02:00:00;19.02.2023 03:00:00;177;185;3302;;37;;136;3837
19.02.2023 03:00:00;19.02.2023 04:00:00;179;184;3319;;37;;127;3846
19.02.2023 04:00:00;19.02.2023 05:00:00;200;184;3337;;45;;131;3897
19.02.2023 05:00:00;19.02.2023 06:00:00;201;181;3323;;36;;121;3862
19.02.2023 06:00:00;19.02.2023 07:00:00;201;182;3337;;31;;103;3854
19.02.2023 07:00:00;19.02.2023 08:00:00;201;182;3428;;37;;86;3934
19.02.2023 08:00:00;19.02.2023 09:00:00;201;183;3529;;36;;76;4025
19.02.2023 09:00:00;19.02.2023 10:00:00;200;181;3564;;36;;80;4061
19.02.2023 10:00:00;19.02.2023 11:00:00;200;179;3612;;38;;57;4086
19.02.2023 11:00:00;19.02.2023 12:00:00;200;176;3460;;42;;19;3897
19.02.2023 12:00:00;19.02.2023 13:00:00;200;177;3068;;40;;24;3509
19.02.2023 13:00:00;19.02.2023 14:00:00;200;178;2865;;41;;56;3340
19.02.2023 14:00:00;19.02.2023 15:00:00;200;176;3042;;40;;102;3560
19.02.2023 15:00:00;19.02.2023 16:00:00;198;175;3529;;41;;87;4030
19.02.2023 16:00:00;19.02.2023 17:00:00;196;175;3593;;41;;117;4122
19.02.2023 17:00:00;19.02.2023 18:00:00;195;174;3619;;42;;122;4152
19.02.2023 18:00:00;19.02.2023 19:00:00;196;174;3635;;45;;144;4194
19.02.2023 19:00:00;19.02.2023 20:00:00;196;172;3562;;45;;151;4126
19.02.2023 20:00:00;19.02.2023 21:00:00;196;173;3585;;47;;114;4115
19.02.2023 21:00:00;19.02.2023 22:00:00;196;172;3519;;39;;122;4048
19.02.2023 22:00:00;19.02.2023 23:00:00;195;173;3479;;31;;111;3989
19.02.2023 23:00:00;20.02.2023 00:00:00;195;172;3471;;37;;119;3994
20.02.2023 00:00:00;20.02.2023 01:00:00;192;163;3525;;44;;137;4061
20.02.2023 01:00:00;20.02.2023 02:00:00;192;162;3483;;41;;151;4029
20.02.2023 02:00:00;20.02.2023 03:00:00;193;161;3425;;39;;232;4050
20.02.2023 03:00:00;20.02.2023 04:00:00;192;162;3382;;33;;279;4048
20.02.2023 04:00:00;20.02.2023 05:00:00;192;160;3295;;32;;301;3980
20.02.2023 05:00:00;20.02.2023 06:00:00;192;160;3093;;39;;312;3796
20.02.2023 06:00:00;20.02.2023 07:00:00;193;160;3431;;38;;323;4145
20.02.2023 07:00:00;20.02.2023 08:00:00;193;164;3519;;37;;327;4240
20.02.2023 08:00:00;20.02.2023 09:00:00;193;166;3585;;37;;358;4339
20.02.2023 09:00:00;20.02.2023 10:00:00;193;164;3596;;38;;389;4380
20.02.2023 10:00:00;20.02.2023 11:00:00;193;164;3603;;40;;344;4344
20.02.2023 11:00:00;20.02.2023 12:00:00;193;164;3657;;38;;272;4324
20.02.2023 12:00:00;20.02.2023 13:00:00;193;158;3616;;38;;289;4294
20.02.2023 13:00:00;20.02.2023 14:00:00;193;163;3584;;37;;250;4227
20.02.2023 14:00:00;20.02.2023 15:00:00;193;164;3513;;37;;247;4154
20.02.2023 15:00:00;20.02.2023 16:00:00;193;166;3531;;37;;260;4187
20.02.2023 16:00:00;20.02.2023 17:00:00;194;169;3737;;41;;228;4369
20.02.2023 17:00:00;20.02.2023 18:00:00;194;171;3838;;43;;201;4447
20.02.2023 18:00:00;20.02.2023 19:00:00;194;175;3863;;42;;194;4468
20.02.2023 19:00:00;20.02.2023 20:00:00;194;167;3810;;38;;187;4396
20.02.2023 20:00:00;20.02.2023 21:00:00;194;166;3804;;37;;177;4378
20.02.2023 21:00:00;20.02.2023 22:00:00;194;167;3846;;38;;145;4390
20.02.2023 22:00:00;20.02.2023 23:00:00;194;165;3779;;40;;161;4339
20.02.2023 23:00:00;21.02.2023 00:00:00;194;164;3762;;44;;150;4314
21.02.2023 00:00:00;21.02.2023 01:00:00;194;164;3795;;43;;122;4318
21.02.2023 01:00:00;21.02.2023 02:00:00;193;163;3827;;40;;70;4293
21.02.2023 02:00:00;21.02.2023 03:00:00;193;162;3771;;39;;42;4207
21.02.2023 03:00:00;21.02.2023 04:00:00;193;164;3880;;38;;28;4303
21.02.2023 04:00:00;21.02.2023 05:00:00;193;162;3956;;35;;22;4368
21.02.2023 05:00:00;21.02.2023 06:00:00;193;164;3980;;34;;14;4385
21.02.2023 06:00:00;21.02.2023 07:00:00;193;163;4041;;36;;15;4448
21.02.2023 07:00:00;21.02.2023 08:00:00;193;170;4130;;27;;14;4534
21.02.2023 08:00:00;21.02.2023 09:00:00;193;177;4167;;27;;12;4576
21.02.2023 09:00:00;21.02.2023 10:00:00;193;184;4155;;27;;11;4570
21.02.2023 10:00:00;21.02.2023 11:00:00;194;185;4153;;25;;12;4569
21.02.2023 11:00:00;21.02.2023 12:00:00;193;186;4130;;24;;14;4547
21.02.2023 12:00:00;21.02.2023 13:00:00;196;186;4113;;25;;19;4539
21.02.2023 13:00:00;21.02.2023 14:00:00;196;188;4096;;27;;22;4529
21.02.2023 14:00:00;21.02.2023 15:00:00;195;183;4032;;31;;18;4459
21.02.2023 15:00:00;21.02.2023 16:00:00;195;176;4100;;39;;17;4527
21.02.2023 16:00:00;21.02.2023 17:00:00;195;180;4127;;36;;18;4556
21.02.2023 17:00:00;21.02.2023 18:00:00;195;176;4108;;39;;19;4537
21.02.2023 18:00:00;21.02.2023 19:00:00;195;176;4088;;40;;26;4525
21.02.2023 19:00:00;21.02.2023 20:00:00;195;170;4073;;37;;53;4528
21.02.2023 20:00:00;21.02.2023 21:00:00;195;165;4048;;37;;70;4515
21.02.2023 21:00:00;21.02.2023 22:00:00;195;161;4004;;39;;98;4497
21.02.2023 22:00:00;21.02.2023 23:00:00;195;154;3911;;36;;152;4448
21.02.2023 23:00:00;22.02.2023 00:00:00;196;156;3875;;40;;207;4474
22.02.2023 00:00:00;22.02.2023 01:00:00;195;155;3837;;37;;235;4459
22.02.2023 01:00:00;22.02.2023 02:00:00;196;153;3800;;35;;275;4459
22.02.2023 02:00:00;22.02.2023 03:00:00;196;153;3690;;36;;323;4398
22.02.2023 03:00:00;22.02.2023 04:00:00;196;155;3646;;42;;345;4384
22.02.2023 04:00:00;22.02.2023 05:00:00;195;150;3633;;43;;372;4393
22.02.2023 05:00:00;22.02.2023 06:00:00;196;150;3575;;45;;412;4378
22.02.2023 06:00:00;22.02.2023 07:00:00;196;154;3684;;49;;454;4537
22.02.2023 07:00:00;22.02.2023 08:00:00;196;154;3748;;40;;519;4657
22.02.2023 08:00:00;22.02.2023 09:00:00;196;154;3479;;38;;618;4485
22.02.2023 09:00:00;22.02.2023 10:00:00;197;157;3466;;42;;659;4521
22.02.2023 10:00:00;22.02.2023 11:00:00;197;142;3542;;44;;679;4604
22.02.2023 11:00:00;22.02.2023 12:00:00;196;151;3458;;42;;701;4548
22.02.2023 12:00:00;22.02.2023 13:00:00;197;153;3446;;41;;728;4565
22.02.2023 13:00:00;22.02.2023 14:00:00;195;152;3406;;42;;751;4546
22.02.2023 14:00:00;22.02.2023 15:00:00;196;153;3379;;44;;728;4500
22.02.2023 15:00:00;22.02.2023 16:00:00;199;154;3545;;41;;717;4656
22.02.2023 16:00:00;22.02.2023 17:00:00;198;155;3431;;40;;740;4564
22.02.2023 17:00:00;22.02.2023 18:00:00;197;154;3418;;39;;855;4663
22.02.2023 18:00:00;22.02.2023 19:00:00;198;151;3329;;42;;859;4579
22.02.2023 19:00:00;22.02.2023 20:00:00;197;155;3227;;43;;888;4510
22.02.2023 20:00:00;22.02.2023 21:00:00;198;155;3211;;42;;866;4472
22.02.2023 21:00:00;22.02.2023 22:00:00;198;157;3243;;42;;802;4442
22.02.2023 22:00:00;22.02.2023 23:00:00;197;154;3195;;44;;778;4368
22.02.2023 23:00:00;23.02.2023 00:00:00;198;152;3170;;43;;754;4317
23.02.2023 00:00:00;23.02.2023 01:00:00;198;153;3007;;41;;785;4184
23.02.2023 01:00:00;23.02.2023 02:00:00;198;150;2973;;43;;804;4168
23.02.2023 02:00:00;23.02.2023 03:00:00;198;152;2978;;34;;779;4141
23.02.2023 03:00:00;23.02.2023 04:00:00;197;150;2961;;29;;777;4114
23.02.2023 04:00:00;23.02.2023 05:00:00;197;151;2963;;28;;753;4092
23.02.2023 05:00:00;23.02.2023 06:00:00;197;152;3027;;29;;759;4164
23.02.2023 06:00:00;23.02.2023 07:00:00;197;153;3067;;38;;706;4161
23.02.2023 07:00:00;23.02.2023 08:00:00;197;154;3135;;35;;695;4216
23.02.2023 08:00:00;23.02.2023 09:00:00;197;157;3262;;35;;726;4377
23.02.2023 09:00:00;23.02.2023 10:00:00;197;157;3272;;37;;762;4425
23.02.2023 10:00:00;23.02.2023 11:00:00;197;158;3248;;35;;747;4385
23.02.2023 11:00:00;23.02.2023 12:00:00;198;157;3208;;36;;747;4346
23.02.2023 12:00:00;23.02.2023 13:00:00;198;154;3240;;33;;727;4352
23.02.2023 13:00:00;23.02.2023 14:00:00;198;159;3235;;47;;694;4333
23.02.2023 14:00:00;23.02.2023 15:00:00;198;156;3289;;53;;545;4241
23.02.2023 15:00:00;23.02.2023 16:00:00;197;159;3360;;43;;476;4235
23.02.2023 16:00:00;23.02.2023 17:00:00;197;159;3435;;41;;481;4313
23.02.2023 17:00:00;23.02.2023 18:00:00;197;157;3402;;38;;502;4296
23.02.2023 18:00:00;23.02.2023 19:00:00;197;156;2919;;41;;498;3811
23.02.2023 19:00:00;23.02.2023 20:00:00;197;155;2666;;42;;446;3506
23.02.2023 20:00:00;23.02.2023 21:00:00;197;154;2442;;41;;451;3285
23.02.2023 21:00:00;23.02.2023 22:00:00;197;158;2619;;41;;389;3404
23.02.2023 22:00:00;23.02.2023 23:00:00;197;156;2973;;43;;415;3784
23.02.2023 23:00:00;24.02.2023 00:00:00;197;157;2906;;43;;352;3655
24.02.2023 00:00:00;24.02.2023 01:00:00;197;159;3328;;46;;308;4038
24.02.2023 01:00:00;24.02.2023 02:00:00;197;154;3400;;45;;248;4044
24.02.2023 02:00:00;24.02.2023 03:00:00;198;157;3418;;38;;218;4029
24.02.2023 03:00:00;24.02.2023 04:00:00;197;161;3452;;45;;201;4056
24.02.2023 04:00:00;24.02.2023 05:00:00;197;159;3434;;42;;220;4052
24.02.2023 05:00:00;24.02.2023 06:00:00;197;160;3445;;44;;278;4124
24.02.2023 06:00:00;24.02.2023 07:00:00;197;162;3541;;41;;386;4327
24.02.2023 07:00:00;24.02.2023 08:00:00;197;164;3642;;39;;400;4442
24.02.2023 08:00:00;24.02.2023 09:00:00;197;166;3750;;39;;389;4541
24.02.2023 09:00:00;24.02.2023 10:00:00;198;167;3757;;41;;347;4510
24.02.2023 10:00:00;24.02.2023 11:00:00;198;168;3728;;45;;342;4481
24.02.2023 11:00:00;24.02.2023 12:00:00;197;168;3645;;42;;345;4397
24.02.2023 12:00:00;24.02.2023 13:00:00;197;168;3562;;40;;367;4334
24.02.2023 13:00:00;24.02.2023 14:00:00;197;167;3572;;39;;425;4400
24.02.2023 14:00:00;24.02.2023 15:00:00;198;164;3569;;41;;446;4418
24.02.2023 15:00:00;24.02.2023 16:00:00;198;191;3514;;40;;505;4448
24.02.2023 16:00:00;24.02.2023 17:00:00;197;168;3480;;40;;564;4449
24.02.2023 17:00:00;24.02.2023 18:00:00;197;167;3501;;40;;519;4424
24.02.2023 18:00:00;24.02.2023 19:00:00;197;166;3364;;46;;463;4236
24.02.2023 19:00:00;24.02.2023 20:00:00;198;166;3169;;46;;412;3991
24.02.2023 20:00:00;24.02.2023 21:00:00;197;167;3201;;42;;335;3942
24.02.2023 21:00:00;24.02.2023 22:00:00;198;167;3236;;40;;332;3973
24.02.2023 22:00:00;24.02.2023 23:00:00;198;166;3361;;41;;298;4064
24.02.2023 23:00:00;25.02.2023 00:00:00;198;165;3380;;42;;275;4060
25.02.2023 00:00:00;25.02.2023 01:00:00;198;160;3632;;42;;221;4253
25.02.2023 01:00:00;25.02.2023 02:00:00;198;158;3430;;44;;210;4040
25.02.2023 02:00:00;25.02.2023 03:00:00;198;161;3313;;43;;347;4062
25.02.2023 03:00:00;25.02.2023 04:00:00;198;159;2961;;44;;397;3759
25.02.2023 04:00:00;25.02.2023 05:00:00;198;161;3023;;43;;389;3814
25.02.2023 05:00:00;25.02.2023 06:00:00;198;163;3136;;43;;410;3950
25.02.2023 06:00:00;25.02.2023 07:00:00;198;178;3319;;44;;451;4190
25.02.2023 07:00:00;25.02.2023 08:00:00;198;159;3458;;38;;495;4348
25.02.2023 08:00:00;25.02.2023 09:00:00;198;161;3487;;38;;459;4343
25.02.2023 09:00:00;25.02.2023 10:00:00;198;162;3565;;40;;418;4383
25.02.2023 10:00:00;25.02.2023 11:00:00;198;161;3541;;41;;422;4363
25.02.2023 11:00:00;25.02.2023 12:00:00;199;161;3496;;40;;403;4299
25.02.2023 12:00:00;25.02.2023 13:00:00;198;161;3465;;38;;407;4269
25.02.2023 13:00:00;25.02.2023 14:00:00;198;163;3514;;39;;393;4307
25.02.2023 14:00:00;25.02.2023 15:00:00;197;162;3516;;42;;378;4295
25.02.2023 15:00:00;25.02.2023 16:00:00;196;161;3525;;39;;409;4330
25.02.2023 16:00:00;25.02.2023 17:00:00;196;161;3557;;40;;413;4367
25.02.2023 17:00:00;25.02.2023 18:00:00;196;160;3644;;43;;417;4460
25.02.2023 18:00:00;25.02.2023 19:00:00;196;160;3636;;43;;381;4416
25.02.2023 19:00:00;25.02.2023 20:00:00;195;160;3561;;45;;385;4346
25.02.2023 20:00:00;25.02.2023 21:00:00;195;160;3584;;43;;355;4337
25.02.2023 21:00:00;25.02.2023 22:00:00;195;160;3648;;41;;309;4353
25.02.2023 22:00:00;25.02.2023 23:00:00;195;160;3674;;42;;253;4324
25.02.2023 23:00:00;26.02.2023 00:00:00;195;161;3632;;45;;219;4252
26.02.2023 00:00:00;26.02.2023 01:00:00;194;159;3667;;45;;174;4239
26.02.2023 01:00:00;26.02.2023 02:00:00;195;158;3583;;45;;151;4132
26.02.2023 02:00:00;26.02.2023 03:00:00;194;158;3514;;42;;229;4137
26.02.2023 03:00:00;26.02.2023 04:00:00;194;163;3464;;40;;311;4172
26.02.2023 04:00:00;26.02.2023 05:00:00;196;160;3354;;45;;376;4131
26.02.2023 05:00:00;26.02.2023 06:00:00;197;161;3294;;43;;417;4112
26.02.2023 06:00:00;26.02.2023 07:00:00;197;161;3052;;41;;432;3883
26.02.2023 07:00:00;26.02.2023 08:00:00;197;161;2883;;35;;457;3733
26.02.2023 08:00:00;26.02.2023 09:00:00;197;161;2929;;39;;481;3807
26.02.2023 09:00:00;26.02.2023 10:00:00;197;163;3205;;40;;478;4083
26.02.2023 10:00:00;26.02.2023 11:00:00;197;165;3378;;41;;453;4234
26.02.2023 11:00:00;26.02.2023 12:00:00;197;176;3310;;44;;382;4109
26.02.2023 12:00:00;26.02.2023 13:00:00;197;171;3252;;46;;477;4143
26.02.2023 13:00:00;26.02.2023 14:00:00;198;163;3119;;39;;583;4102
26.02.2023 14:00:00;26.02.2023 15:00:00;198;167;3249;;42;;531;4187
26.02.2023 15:00:00;26.02.2023 16:00:00;198;163;3372;;40;;627;4400
26.02.2023 16:00:00;26.02.2023 17:00:00;195;166;3409;;43;;597;4410
26.02.2023 17:00:00;26.02.2023 18:00:00;194;163;3435;;44;;566;4402
26.02.2023 18:00:00;26.02.2023 19:00:00;195;161;2871;;46;;602;3875
26.02.2023 19:00:00;26.02.2023 20:00:00;194;159;2489;;42;;605;3489
26.02.2023 20:00:00;26.02.2023 21:00:00;194;163;2534;;46;;508;3445
26.02.2023 21:00:00;26.02.2023 22:00:00;194;166;2626;;45;;451;3482
26.02.2023 22:00:00;26.02.2023 23:00:00;194;160;2583;;43;;458;3438
26.02.2023 23:00:00;27.02.2023 00:00:00;194;160;2606;;46;;557;3563
27.02.2023 00:00:00;27.02.2023 01:00:00;191;163;2783;;50;;654;3841
27.02.2023 01:00:00;27.02.2023 02:00:00;192;163;2646;;50;;671;3722
27.02.2023 02:00:00;27.02.2023 03:00:00;192;163;2536;;51;;657;3599
27.02.2023 03:00:00;27.02.2023 04:00:00;192;164;2481;;41;;675;3553
27.02.2023 04:00:00;27.02.2023 05:00:00;192;166;2664;;40;;731;3793
27.02.2023 05:00:00;27.02.2023 06:00:00;193;164;2688;;44;;740;3829
27.02.2023 06:00:00;27.02.2023 07:00:00;192;164;2405;;47;;756;3564
27.02.2023 07:00:00;27.02.2023 08:00:00;192;166;2426;;43;;767;3594
27.02.2023 08:00:00;27.02.2023 09:00:00;192;168;2406;;44;;810;3620
27.02.2023 09:00:00;27.02.2023 10:00:00;194;168;2513;;44;;865;3784
27.02.2023 10:00:00;27.02.2023 11:00:00;193;171;2531;;47;;902;3844
27.02.2023 11:00:00;27.02.2023 12:00:00;194;174;2491;;46;;830;3735
27.02.2023 12:00:00;27.02.2023 13:00:00;194;170;2505;;44;;742;3655
27.02.2023 13:00:00;27.02.2023 14:00:00;194;170;2379;;47;;760;3550
27.02.2023 14:00:00;27.02.2023 15:00:00;195;174;2036;;46;;820;3271
27.02.2023 15:00:00;27.02.2023 16:00:00;194;188;1888;;46;;806;3122
27.02.2023 16:00:00;27.02.2023 17:00:00;195;194;1872;;48;;832;3141
27.02.2023 17:00:00;27.02.2023 18:00:00;194;191;1911;;49;;837;3182
27.02.2023 18:00:00;27.02.2023 19:00:00;194;195;2068;;51;;799;3307
27.02.2023 19:00:00;27.02.2023 20:00:00;194;192;2153;;47;;745;3331
27.02.2023 20:00:00;27.02.2023 21:00:00;194;191;2143;;48;;709;3285
27.02.2023 21:00:00;27.02.2023 22:00:00;194;192;2173;;48;;789;3396
27.02.2023 22:00:00;27.02.2023 23:00:00;194;198;2002;;48;;857;3299
27.02.2023 23:00:00;28.02.2023 00:00:00;194;191;2057;;54;;838;3334
28.02.2023 00:00:00;28.02.2023 01:00:00;193;189;1859;;49;;832;3122
28.02.2023 01:00:00;28.02.2023 02:00:00;194;192;1889;;46;;843;3164
28.02.2023 02:00:00;28.02.2023 03:00:00;193;187;2013;;44;;861;3298
28.02.2023 03:00:00;28.02.2023 04:00:00;194;185;2052;;47;;852;3330
28.02.2023 04:00:00;28.02.2023 05:00:00;193;187;2062;;51;;828;3321
28.02.2023 05:00:00;28.02.2023 06:00:00;193;187;2136;;47;;819;3382
28.02.2023 06:00:00;28.02.2023 07:00:00;193;191;2411;;46;;850;3691
28.02.2023 07:00:00;28.02.2023 08:00:00;193;193;2689;;50;;850;3975
28.02.2023 08:00:00;28.02.2023 09:00:00;194;189;2637;;61;;833;3914
28.02.2023 09:00:00;28.02.2023 10:00:00;193;189;2647;;62;;828;3919
28.02.2023 10:00:00;28.02.2023 11:00:00;193;187;2657;;64;;834;3935
28.02.2023 11:00:00;28.02.2023 12:00:00;193;187;2700;;61;;839;3980
28.02.2023 12:00:00;28.02.2023 13:00:00;193;193;2544;;44;;804;3778
28.02.2023 13:00:00;28.02.2023 14:00:00;193;184;2635;;42;;791;3845
28.02.2023 14:00:00;28.02.2023 15:00:00;193;185;2665;;38;;695;3776
28.02.2023 15:00:00;28.02.2023 16:00:00;193;185;2600;;43;;650;3671
28.02.2023 16:00:00;28.02.2023 17:00:00;193;196;2610;;43;;620;3662
28.02.2023 17:00:00;28.02.2023 18:00:00;193;194;2707;;44;;501;3639
28.02.2023 18:00:00;28.02.2023 19:00:00;193;196;2801;;48;;509;3747
28.02.2023 19:00:00;28.02.2023 20:00:00;193;189;2743;;43;;540;3708
28.02.2023 20:00:00;28.02.2023 21:00:00;193;186;2626;;39;;620;3664
28.02.2023 21:00:00;28.02.2023 22:00:00;193;183;2516;;38;;801;3731
28.02.2023 22:00:00;28.02.2023 23:00:00;193;184;2379;;40;;843;3639
28.02.2023 23:00:00;01.03.2023 00:00:00;193;184;2346;;45;;832;3600
01.03.2023 00:00:00;01.03.2023 01:00:00;193;183;2437;;42;;816;3671
01.03.2023 01:00:00;01.03.2023 02:00:00;193;188;2348;;44;;771;3544
01.03.2023 02:00:00;01.03.2023 03:00:00;193;189;2351;;41;;740;3514
01.03.2023 03:00:00;01.03.2023 04:00:00;193;189;2350;;35;;639;3406
01.03.2023 04:00:00;01.03.2023 05:00:00;193;187;2527;;34;;580;3521
01.03.2023 05:00:00;01.03.2023 06:00:00;193;184;2704;;40;;577;3698
01.03.2023 06:00:00;01.03.2023 07:00:00;192;182;3015;;45;;506;3940
01.03.2023 07:00:00;01.03.2023 08:00:00;183;183;2987;;44;;550;3947
01.03.2023 08:00:00;01.03.2023 09:00:00;173;192;3280;;43;;554;4242
01.03.2023 09:00:00;01.03.2023 10:00:00;173;194;3240;;45;;488;4140
01.03.2023 10:00:00;01.03.2023 11:00:00;172;193;3226;;44;;516;4151
01.03.2023 11:00:00;01.03.2023 12:00:00;171;194;3146;;42;;588;4141
01.03.2023 12:00:00;01.03.2023 13:00:00;171;195;3181;;36;;612;4195
01.03.2023 13:00:00;01.03.2023 14:00:00;172;195;3198;;39;;575;4179
01.03.2023 14:00:00;01.03.2023 15:00:00;171;200;3128;;37;;565;4101
01.03.2023 15:00:00;01.03.2023 16:00:00;171;206;3097;;40;;713;4227
01.03.2023 16:00:00;01.03.2023 17:00:00;173;207;3050;;43;;794;4267
01.03.2023 17:00:00;01.03.2023 18:00:00;173;206;3010;;36;;866;4291
01.03.2023 18:00:00;01.03.2023 19:00:00;172;205;2929;;38;;900;4244
01.03.2023 19:00:00;01.03.2023 20:00:00;173;205;2931;;44;;934;4287
01.03.2023 20:00:00;01.03.2023 21:00:00;174;207;2779;;42;;854;4056
01.03.2023 21:00:00;01.03.2023 22:00:00;174;214;2515;;44;;884;3831
01.03.2023 22:00:00;01.03.2023 23:00:00;174;212;2192;;45;;960;3583
01.03.2023 23:00:00;02.03.2023 00:00:00;174;202;1427;;44;;952;2799
02.03.2023 00:00:00;02.03.2023 01:00:00;174;199;1202;;47;;906;2528
02.03.2023 01:00:00;02.03.2023 02:00:00;174;191;1151;;48;;834;2398
02.03.2023 02:00:00;02.03.2023 03:00:00;174;200;1173;;46;;858;2451
02.03.2023 03:00:00;02.03.2023 04:00:00;174;206;1211;;47;;826;2464
02.03.2023 04:00:00;02.03.2023 05:00:00;175;200;1221;;50;;834;2480
02.03.2023 05:00:00;02.03.2023 06:00:00;175;191;2048;;47;;788;3249
02.03.2023 06:00:00;02.03.2023 07:00:00;175;205;2764;;49;;757;3950
02.03.2023 07:00:00;02.03.2023 08:00:00;175;210;2722;;43;;724;3874
02.03.2023 08:00:00;02.03.2023 09:00:00;175;209;2746;;44;;679;3853
02.03.2023 09:00:00;02.03.2023 10:00:00;175;212;2682;;50;;658;3777
02.03.2023 10:00:00;02.03.2023 11:00:00;177;212;2552;;41;;629;3611
02.03.2023 11:00:00;02.03.2023 12:00:00;178;209;2447;;32;;608;3474
02.03.2023 12:00:00;02.03.2023 13:00:00;178;210;2512;;38;;537;3475
02.03.2023 13:00:00;02.03.2023 14:00:00;178;209;2668;;42;;604;3701
02.03.2023 14:00:00;02.03.2023 15:00:00;178;210;2713;;38;;553;3692
02.03.2023 15:00:00;02.03.2023 16:00:00;178;208;2579;;43;;513;3521
02.03.2023 16:00:00;02.03.2023 17:00:00;178;209;2642;;43;;511;3583
02.03.2023 17:00:00;02.03.2023 18:00:00;178;207;2712;;40;;560;3697
02.03.2023 18:00:00;02.03.2023 19:00:00;178;209;2774;;44;;600;3805
02.03.2023 19:00:00;02.03.2023 20:00:00;178;208;2772;;46;;645;3849
02.03.2023 20:00:00;02.03.2023 21:00:00;178;206;2649;;42;;677;3752
02.03.2023 21:00:00;02.03.2023 22:00:00;178;207;2727;;42;;650;3804
02.03.2023 22:00:00;02.03.2023 23:00:00;178;206;2656;;42;;615;3697
02.03.2023 23:00:00;03.03.2023 00:00:00;178;207;2578;;46;;559;3568
03.03.2023 00:00:00;03.03.2023 01:00:00;178;199;1966;;45;;578;2966
03.03.2023 01:00:00;03.03.2023 02:00:00;178;200;1884;;46;;437;2745
03.03.2023 02:00:00;03.03.2023 03:00:00;178;199;2076;;45;;392;2890
03.03.2023 03:00:00;03.03.2023 04:00:00;178;202;2491;;44;;551;3466
03.03.2023 04:00:00;03.03.2023 05:00:00;178;202;2952;;45;;576;3953
03.03.2023 05:00:00;03.03.2023 06:00:00;178;199;3047;;45;;590;4059
03.03.2023 06:00:00;03.03.2023 07:00:00;178;198;2886;;46;;588;3896
03.03.2023 07:00:00;03.03.2023 08:00:00;178;200;2916;;42;;553;3889
03.03.2023 08:00:00;03.03.2023 09:00:00;177;203;3006;;42;;476;3904
03.03.2023 09:00:00;03.03.2023 10:00:00;177;206;3363;;44;;351;4141
03.03.2023 10:00:00;03.03.2023 11:00:00;177;203;3194;;43;;390;4007
03.03.2023 11:00:00;03.03.2023 12:00:00;178;198;3135;;42;;488;4041
03.03.2023 12:00:00;03.03.2023 13:00:00;177;200;2894;;41;;489;3801
03.03.2023 13:00:00;03.03.2023 14:00:00;178;201;2981;;41;;525;3926
03.03.2023 14:00:00;03.03.2023 15:00:00;178;201;3067;;40;;560;4046
03.03.2023 15:00:00;03.03.2023 16:00:00;178;197;3075;;38;;598;4086
03.03.2023 16:00:00;03.03.2023 17:00:00;176;200;3041;;43;;599;4059
03.03.2023 17:00:00;03.03.2023 18:00:00;174;202;3482;;44;;521;4423
03.03.2023 18:00:00;03.03.2023 19:00:00;178;202;3591;;49;;516;4536
03.03.2023 19:00:00;03.03.2023 20:00:00;176;204;3078;;46;;398;3902
03.03.2023 20:00:00;03.03.2023 21:00:00;175;202;3086;;45;;455;3963
03.03.2023 21:00:00;03.03.2023 22:00:00;175;199;3134;;45;;537;4090
03.03.2023 22:00:00;03.03.2023 23:00:00;176;199;3163;;42;;580;4160
03.03.2023 23:00:00;04.03.2023 00:00:00;177;197;2972;;44;;649;4039
04.03.2023 00:00:00;04.03.2023 01:00:00;183;185;3149;;43;;666;4226
04.03.2023 01:00:00;04.03.2023 02:00:00;177;182;3087;;43;;631;4120
04.03.2023 02:00:00;04.03.2023 03:00:00;177;182;2685;;42;;513;3599
04.03.2023 03:00:00;04.03.2023 04:00:00;176;181;2756;;43;;454;3610
04.03.2023 04:00:00;04.03.2023 05:00:00;177;177;2890;;37;;413;3694
04.03.2023 05:00:00;04.03.2023 06:00:00;177;173;2976;;38;;393;3757
04.03.2023 06:00:00;04.03.2023 07:00:00;177;170;3002;;37;;307;3693
04.03.2023 07:00:00;04.03.2023 08:00:00;177;170;3151;;33;;251;3782
04.03.2023 08:00:00;04.03.2023 09:00:00;177;171;3519;;32;;219;4118
04.03.2023 09:00:00;04.03.2023 10:00:00;177;177;3524;;35;;172;4085
04.03.2023 10:00:00;04.03.2023 11:00:00;176;177;3467;;36;;134;3990
04.03.2023 11:00:00;04.03.2023 12:00:00;176;177;3522;;36;;88;3999
04.03.2023 12:00:00;04.03.2023 13:00:00;176;180;3262;;36;;114;3768
04.03.2023 13:00:00;04.03.2023 14:00:00;174;183;3386;;39;;137;3919
04.03.2023 14:00:00;04.03.2023 15:00:00;174;183;3413;;40;;168;3978
04.03.2023 15:00:00;04.03.2023 16:00:00;174;181;3383;;46;;211;3995
04.03.2023 16:00:00;04.03.2023 17:00:00;174;178;3372;;44;;235;4003
04.03.2023 17:00:00;04.03.2023 18:00:00;175;174;3564;;45;;295;4253
04.03.2023 18:00:00;04.03.2023 19:00:00;175;175;3591;;49;;345;4335
04.03.2023 19:00:00;04.03.2023 20:00:00;175;172;3617;;46;;499;4509
04.03.2023 20:00:00;04.03.2023 21:00:00;175;173;3507;;46;;532;4433
04.03.2023 21:00:00;04.03.2023 22:00:00;175;172;3411;;45;;533;4336
04.03.2023 22:00:00;04.03.2023 23:00:00;175;171;3411;;47;;488;4292
04.03.2023 23:00:00;05.03.2023 00:00:00;176;172;3357;;49;;480;4234
05.03.2023 00:00:00;05.03.2023 01:00:00;176;165;3340;;47;;521;4249
05.03.2023 01:00:00;05.03.2023 02:00:00;175;164;3372;;47;;500;4258
05.03.2023 02:00:00;05.03.2023 03:00:00;173;164;3368;;43;;470;4218
05.03.2023 03:00:00;05.03.2023 04:00:00;178;164;3407;;47;;465;4261
05.03.2023 04:00:00;05.03.2023 05:00:00;178;163;3449;;45;;384;4219
05.03.2023 05:00:00;05.03.2023 06:00:00;176;163;3461;;47;;293;4140
05.03.2023 06:00:00;05.03.2023 07:00:00;177;163;3499;;44;;248;4131
05.03.2023 07:00:00;05.03.2023 08:00:00;177;164;3609;;42;;187;4179
05.03.2023 08:00:00;05.03.2023 09:00:00;174;163;3657;;44;;115;4153
05.03.2023 09:00:00;05.03.2023 10:00:00;174;170;3396;;43;;64;3847
05.03.2023 10:00:00;05.03.2023 11:00:00;178;168;3395;;41;;49;3831
05.03.2023 11:00:00;05.03.2023 12:00:00;175;169;3408;;40;;44;3836
05.03.2023 12:00:00;05.03.2023 13:00:00;178;167;3378;;41;;40;3804
05.03.2023 13:00:00;05.03.2023 14:00:00;176;165;3434;;40;;54;3869
05.03.2023 14:00:00;05.03.2023 15:00:00;178;168;3616;;42;;65;4069
05.03.2023 15:00:00;05.03.2023 16:00:00;178;169;3847;;43;;107;4344
05.03.2023 16:00:00;05.03.2023 17:00:00;178;170;3830;;41;;182;4401
05.03.2023 17:00:00;05.03.2023 18:00:00;178;170;3782;;43;;252;4425
05.03.2023 18:00:00;05.03.2023 19:00:00;178;170;3449;;45;;330;4172
05.03.2023 19:00:00;05.03.2023 20:00:00;178;179;3161;;47;;301;3866
05.03.2023 20:00:00;05.03.2023 21:00:00;175;167;2888;;51;;231;3512
05.03.2023 21:00:00;05.03.2023 22:00:00;175;170;3258;;42;;214;3859
05.03.2023 22:00:00;05.03.2023 23:00:00;174;168;3561;;38;;171;4112
05.03.2023 23:00:00;06.03.2023 00:00:00;176;164;3509;;47;;169;4065
06.03.2023 00:00:00;06.03.2023 01:00:00;174;162;3720;;51;;143;4250
06.03.2023 01:00:00;06.03.2023 02:00:00;174;163;3812;;48;;116;4313
06.03.2023 02:00:00;06.03.2023 03:00:00;173;164;3831;;46;;159;4373
06.03.2023 03:00:00;06.03.2023 04:00:00;173;163;3847;;42;;149;4374
06.03.2023 04:00:00;06.03.2023 05:00:00;173;161;3834;;40;;284;4492
06.03.2023 05:00:00;06.03.2023 06:00:00;173;161;3894;;40;;372;4640
06.03.2023 06:00:00;06.03.2023 07:00:00;173;164;3928;;40;;359;4664
06.03.2023 07:00:00;06.03.2023 08:00:00;174;169;3976;;39;;393;4751
06.03.2023 08:00:00;06.03.2023 09:00:00;175;186;3427;;39;;407;4234
06.03.2023 09:00:00;06.03.2023 10:00:00;175;189;3439;;47;;405;4255
06.03.2023 10:00:00;06.03.2023 11:00:00;173;189;3457;;47;;320;4186
06.03.2023 11:00:00;06.03.2023 12:00:00;175;190;3537;;47;;288;4237
06.03.2023 12:00:00;06.03.2023 13:00:00;176;192;3513;;48;;286;4215
06.03.2023 13:00:00;06.03.2023 14:00:00;175;191;3526;;48;;264;4204
06.03.2023 14:00:00;06.03.2023 15:00:00;176;192;3539;;50;;162;4119
06.03.2023 15:00:00;06.03.2023 16:00:00;175;192;3517;;51;;76;4011
06.03.2023 16:00:00;06.03.2023 17:00:00;173;195;3536;;51;;44;3999
06.03.2023 17:00:00;06.03.2023 18:00:00;175;195;3537;;53;;38;3998
06.03.2023 18:00:00;06.03.2023 19:00:00;175;194;3528;;51;;41;3989
06.03.2023 19:00:00;06.03.2023 20:00:00;175;193;3529;;51;;41;3989
06.03.2023 20:00:00;06.03.2023 21:00:00;173;193;3532;;48;;53;3999
06.03.2023 21:00:00;06.03.2023 22:00:00;174;193;3528;;49;;47;3991
06.03.2023 22:00:00;06.03.2023 23:00:00;174;193;3498;;51;;35;3951
06.03.2023 23:00:00;07.03.2023 00:00:00;174;192;3497;;49;;41;3953
07.03.2023 00:00:00;07.03.2023 01:00:00;174;191;3502;;49;;52;3968
07.03.2023 01:00:00;07.03.2023 02:00:00;174;190;3510;;51;;55;3980
07.03.2023 02:00:00;07.03.2023 03:00:00;174;190;3519;;47;;53;3983
07.03.2023 03:00:00;07.03.2023 04:00:00;174;192;3513;;46;;48;3973
07.03.2023 04:00:00;07.03.2023 05:00:00;174;192;3508;;51;;59;3984
07.03.2023 05:00:00;07.03.2023 06:00:00;175;190;3512;;44;;84;4005
07.03.2023 06:00:00;07.03.2023 07:00:00;175;191;3520;;40;;122;4048
07.03.2023 07:00:00;07.03.2023 08:00:00;176;199;3533;;46;;144;4098
07.03.2023 08:00:00;07.03.2023 09:00:00;177;209;3511;;44;;167;4108
07.03.2023 09:00:00;07.03.2023 10:00:00;175;190;3491;;42;;212;4110
07.03.2023 10:00:00;07.03.2023 11:00:00;175;191;3462;;47;;228;4103
07.03.2023 11:00:00;07.03.2023 12:00:00;176;196;3384;;40;;221;4017
07.03.2023 12:00:00;07.03.2023 13:00:00;177;197;3434;;42;;206;4056
07.03.2023 13:00:00;07.03.2023 14:00:00;179;196;3430;;40;;199;4044
07.03.2023 14:00:00;07.03.2023 15:00:00;179;196;3424;;41;;219;4059
07.03.2023 15:00:00;07.03.2023 16:00:00;179;193;3480;;39;;254;4145
07.03.2023 16:00:00;07.03.2023 17:00:00;179;189;3471;;43;;255;4137
07.03.2023 17:00:00;07.03.2023 18:00:00;179;188;3495;;41;;303;4206
07.03.2023 18:00:00;07.03.2023 19:00:00;178;188;3497;;37;;374;4274
07.03.2023 19:00:00;07.03.2023 20:00:00;177;192;3502;;36;;402;4309
07.03.2023 20:00:00;07.03.2023 21:00:00;177;190;3472;;38;;433;4310
07.03.2023 21:00:00;07.03.2023 22:00:00;178;188;3465;;41;;464;4336
07.03.2023 22:00:00;07.03.2023 23:00:00;178;183;3435;;43;;510;4349
07.03.2023 23:00:00;08.03.2023 00:00:00;177;188;3413;;45;;501;4324
08.03.2023 00:00:00;08.03.2023 01:00:00;177;176;3323;;46;;445;4167
08.03.2023 01:00:00;08.03.2023 02:00:00;177;176;3383;;45;;411;4192
08.03.2023 02:00:00;08.03.2023 03:00:00;177;178;3425;;38;;389;4207
08.03.2023 03:00:00;08.03.2023 04:00:00;176;180;3438;;36;;387;4217
08.03.2023 04:00:00;08.03.2023 05:00:00;176;179;3425;;40;;427;4247
08.03.2023 05:00:00;08.03.2023 06:00:00;176;176;3406;;44;;418;4220
08.03.2023 06:00:00;08.03.2023 07:00:00;176;179;3416;;49;;402;4222
08.03.2023 07:00:00;08.03.2023 08:00:00;175;180;3395;;51;;370;4171
08.03.2023 08:00:00;08.03.2023 09:00:00;175;177;3387;;50;;364;4153
08.03.2023 09:00:00;08.03.2023 10:00:00;175;179;3362;;50;;337;4103
08.03.2023 10:00:00;08.03.2023 11:00:00;175;188;3372;;41;;401;4177
08.03.2023 11:00:00;08.03.2023 12:00:00;175;187;3355;;46;;361;4124
08.03.2023 12:00:00;08.03.2023 13:00:00;174;182;3373;;63;;357;4149
08.03.2023 13:00:00;08.03.2023 14:00:00;175;172;3316;;51;;374;4088
08.03.2023 14:00:00;08.03.2023 15:00:00;175;178;3419;;36;;276;4084
08.03.2023 15:00:00;08.03.2023 16:00:00;175;177;3465;;35;;239;4091
08.03.2023 16:00:00;08.03.2023 17:00:00;177;176;3441;;35;;228;4057
08.03.2023 17:00:00;08.03.2023 18:00:00;175;171;3415;;39;;239;4039
08.03.2023 18:00:00;08.03.2023 19:00:00;174;173;3369;;46;;264;4026
08.03.2023 19:00:00;08.03.2023 20:00:00;174;174;3247;;44;;277;3916
08.03.2023 20:00:00;08.03.2023 21:00:00;174;175;3312;;44;;290;3995
08.03.2023 21:00:00;08.03.2023 22:00:00;174;175;3342;;45;;327;4063
08.03.2023 22:00:00;08.03.2023 23:00:00;173;175;3321;;45;;359;4073
08.03.2023 23:00:00;09.03.2023 00:00:00;171;174;3311;;45;;370;4071
09.03.2023 00:00:00;09.03.2023 01:00:00;171;182;3340;;47;;331;4071
09.03.2023 01:00:00;09.03.2023 02:00:00;171;180;3366;;47;;301;4065
09.03.2023 02:00:00;09.03.2023 03:00:00;173;183;3387;;40;;289;4072
09.03.2023 03:00:00;09.03.2023 04:00:00;173;187;3381;;46;;240;4027
09.03.2023 04:00:00;09.03.2023 05:00:00;174;186;3364;;45;;301;4070
09.03.2023 05:00:00;09.03.2023 06:00:00;174;185;3346;;47;;340;4092
09.03.2023 06:00:00;09.03.2023 07:00:00;175;178;3374;;45;;420;4192
09.03.2023 07:00:00;09.03.2023 08:00:00;175;175;3353;;39;;460;4202
09.03.2023 08:00:00;09.03.2023 09:00:00;175;174;3351;;40;;404;4144
09.03.2023 09:00:00;09.03.2023 10:00:00;175;174;3423;;38;;353;4163
09.03.2023 10:00:00;09.03.2023 11:00:00;175;187;3506;;43;;412;4323
09.03.2023 11:00:00;09.03.2023 12:00:00;174;182;3459;;42;;636;4493
09.03.2023 12:00:00;09.03.2023 13:00:00;174;181;3443;;40;;678;4516
09.03.2023 13:00:00;09.03.2023 14:00:00;174;178;3431;;54;;661;4498
09.03.2023 14:00:00;09.03.2023 15:00:00;177;175;3437;;48;;709;4546
09.03.2023 15:00:00;09.03.2023 16:00:00;177;173;3464;;43;;743;4600
09.03.2023 16:00:00;09.03.2023 17:00:00;177;174;3425;;41;;733;4550
09.03.2023 17:00:00;09.03.2023 18:00:00;175;172;3329;;40;;681;4397
09.03.2023 18:00:00;09.03.2023 19:00:00;176;172;3314;;42;;712;4416
09.03.2023 19:00:00;09.03.2023 20:00:00;176;174;3287;;42;;630;4309
09.03.2023 20:00:00;09.03.2023 21:00:00;176;175;3261;;43;;405;4060
09.03.2023 21:00:00;09.03.2023 22:00:00;176;175;3287;;41;;427;4106
09.03.2023 22:00:00;09.03.2023 23:00:00;176;173;3315;;40;;396;4100
09.03.2023 23:00:00;10.03.2023 00:00:00;176;172;3315;;42;;422;4127
10.03.2023 00:00:00;10.03.2023 01:00:00;173;166;3292;;42;;444;4117
10.03.2023 01:00:00;10.03.2023 02:00:00;173;165;3251;;44;;400;4033
10.03.2023 02:00:00;10.03.2023 03:00:00;175;164;3316;;39;;244;3938
10.03.2023 03:00:00;10.03.2023 04:00:00;176;164;3328;;42;;205;3915
10.03.2023 04:00:00;10.03.2023 05:00:00;176;163;3286;;43;;170;3838
10.03.2023 05:00:00;10.03.2023 06:00:00;179;163;3299;;44;;116;3801
10.03.2023 06:00:00;10.03.2023 07:00:00;179;166;3373;;47;;118;3883
10.03.2023 07:00:00;10.03.2023 08:00:00;177;179;3383;;43;;161;3943
10.03.2023 08:00:00;10.03.2023 09:00:00;177;185;3431;;44;;200;4037
10.03.2023 09:00:00;10.03.2023 10:00:00;177;174;3500;;44;;183;4078
10.03.2023 10:00:00;10.03.2023 11:00:00;176;185;3490;;47;;191;4089
10.03.2023 11:00:00;10.03.2023 12:00:00;186;179;3484;;48;;218;4115
10.03.2023 12:00:00;10.03.2023 13:00:00;199;187;3492;;42;;193;4113
10.03.2023 13:00:00;10.03.2023 14:00:00;199;191;3490;;43;;183;4106
10.03.2023 14:00:00;10.03.2023 15:00:00;199;182;3477;;40;;193;4091
10.03.2023 15:00:00;10.03.2023 16:00:00;198;181;3525;;44;;235;4183
10.03.2023 16:00:00;10.03.2023 17:00:00;201;180;3445;;45;;246;4117
10.03.2023 17:00:00;10.03.2023 18:00:00;200;174;3423;;45;;275;4117
10.03.2023 18:00:00;10.03.2023 19:00:00;200;174;3472;;47;;317;4210
10.03.2023 19:00:00;10.03.2023 20:00:00;198;174;3405;;45;;362;4184
10.03.2023 20:00:00;10.03.2023 21:00:00;197;175;3435;;45;;290;4142
10.03.2023 21:00:00;10.03.2023 22:00:00;197;173;3440;;48;;427;4285
10.03.2023 22:00:00;10.03.2023 23:00:00;197;172;3408;;45;;430;4252
10.03.2023 23:00:00;11.03.2023 00:00:00;197;170;3442;;49;;382;4240
11.03.2023 00:00:00;11.03.2023 01:00:00;197;175;3292;;48;;433;4145
11.03.2023 01:00:00;11.03.2023 02:00:00;197;174;3298;;48;;359;4076
11.03.2023 02:00:00;11.03.2023 03:00:00;198;176;3411;;51;;392;4228
11.03.2023 03:00:00;11.03.2023 04:00:00;196;176;3407;;46;;435;4260
11.03.2023 04:00:00;11.03.2023 05:00:00;198;179;3362;;45;;428;4212
11.03.2023 05:00:00;11.03.2023 06:00:00;197;177;3206;;48;;494;4122
11.03.2023 06:00:00;11.03.2023 07:00:00;197;176;3235;;46;;521;4175
11.03.2023 07:00:00;11.03.2023 08:00:00;195;172;3418;;44;;496;4325
11.03.2023 08:00:00;11.03.2023 09:00:00;181;171;3481;;44;;556;4433
11.03.2023 09:00:00;11.03.2023 10:00:00;176;176;3437;;43;;574;4406
11.03.2023 10:00:00;11.03.2023 11:00:00;176;171;3430;;43;;526;4346
11.03.2023 11:00:00;11.03.2023 12:00:00;176;171;3401;;44;;501;4293
11.03.2023 12:00:00;11.03.2023 13:00:00;176;171;3414;;48;;524;4333
11.03.2023 13:00:00;11.03.2023 14:00:00;176;169;3442;;44;;524;4355
11.03.2023 14:00:00;11.03.2023 15:00:00;176;168;3417;;42;;489;4292
11.03.2023 15:00:00;11.03.2023 16:00:00;176;173;3419;;48;;487;4303
11.03.2023 16:00:00;11.03.2023 17:00:00;176;175;3451;;44;;479;4325
11.03.2023 17:00:00;11.03.2023 18:00:00;176;175;3459;;41;;472;4323
11.03.2023 18:00:00;11.03.2023 19:00:00;176;175;3465;;55;;413;4284
11.03.2023 19:00:00;11.03.2023 20:00:00;176;176;3464;;52;;383;4251
11.03.2023 20:00:00;11.03.2023 21:00:00;176;175;3437;;44;;414;4246
11.03.2023 21:00:00;11.03.2023 22:00:00;176;170;3437;;41;;407;4231
11.03.2023 22:00:00;11.03.2023 23:00:00;176;167;3412;;47;;366;4168
11.03.2023 23:00:00;12.03.2023 00:00:00;177;164;3406;;48;;292;4087
12.03.2023 00:00:00;12.03.2023 01:00:00;177;154;3356;;47;;299;4033
12.03.2023 01:00:00;12.03.2023 02:00:00;177;142;3407;;49;;216;3991
12.03.2023 02:00:00;12.03.2023 03:00:00;177;142;3425;;52;;181;3977
12.03.2023 03:00:00;12.03.2023 04:00:00;177;143;3415;;43;;134;3912
12.03.2023 04:00:00;12.03.2023 05:00:00;177;143;3431;;41;;141;3933
12.03.2023 05:00:00;12.03.2023 06:00:00;177;143;3400;;43;;111;3874
12.03.2023 06:00:00;12.03.2023 07:00:00;176;142;3405;;45;;123;3891
12.03.2023 07:00:00;12.03.2023 08:00:00;175;153;3434;;43;;106;3911
12.03.2023 08:00:00;12.03.2023 09:00:00;175;151;3414;;43;;92;3875
12.03.2023 09:00:00;12.03.2023 10:00:00;193;151;3419;;44;;91;3898
12.03.2023 10:00:00;12.03.2023 11:00:00;195;152;3391;;45;;97;3880
12.03.2023 11:00:00;12.03.2023 12:00:00;195;152;3380;;41;;170;3938
12.03.2023 12:00:00;12.03.2023 13:00:00;193;152;3376;;43;;201;3965
12.03.2023 13:00:00;12.03.2023 14:00:00;193;152;3359;;43;;251;3998
12.03.2023 14:00:00;12.03.2023 15:00:00;195;152;3375;;47;;266;4035
12.03.2023 15:00:00;12.03.2023 16:00:00;195;154;3350;;47;;378;4124
12.03.2023 16:00:00;12.03.2023 17:00:00;196;156;3257;;48;;353;4010
12.03.2023 17:00:00;12.03.2023 18:00:00;195;152;3267;;47;;277;3938
12.03.2023 18:00:00;12.03.2023 19:00:00;196;152;3297;;47;;268;3960
12.03.2023 19:00:00;12.03.2023 20:00:00;195;152;3307;;48;;317;4019
12.03.2023 20:00:00;12.03.2023 21:00:00;195;154;3250;;47;;275;3921
12.03.2023 21:00:00;12.03.2023 22:00:00;195;152;3283;;47;;275;3952
12.03.2023 22:00:00;12.03.2023 23:00:00;194;150;3292;;48;;306;3990
12.03.2023 23:00:00;13.03.2023 00:00:00;195;151;3306;;52;;294;3998
13.03.2023 00:00:00;13.03.2023 01:00:00;195;155;3272;;53;;308;3983
13.03.2023 01:00:00;13.03.2023 02:00:00;195;148;3166;;51;;328;3888
13.03.2023 02:00:00;13.03.2023 03:00:00;195;150;2955;;49;;341;3690
13.03.2023 03:00:00;13.03.2023 04:00:00;194;150;2725;;50;;306;3425
13.03.2023 04:00:00;13.03.2023 05:00:00;196;147;2462;;43;;313;3161
13.03.2023 05:00:00;13.03.2023 06:00:00;196;147;2270;;46;;316;2975
13.03.2023 06:00:00;13.03.2023 07:00:00;195;148;2821;;46;;387;3597
13.03.2023 07:00:00;13.03.2023 08:00:00;195;160;3230;;43;;383;4011
13.03.2023 08:00:00;13.03.2023 09:00:00;195;166;3188;;47;;370;3966
13.03.2023 09:00:00;13.03.2023 10:00:00;196;166;3147;;47;;359;3915
13.03.2023 10:00:00;13.03.2023 11:00:00;196;166;2973;;44;;346;3725
13.03.2023 11:00:00;13.03.2023 12:00:00;198;162;2903;;48;;343;3654
13.03.2023 12:00:00;13.03.2023 13:00:00;199;163;2945;;50;;352;3709
13.03.2023 13:00:00;13.03.2023 14:00:00;199;164;2803;;52;;323;3541
13.03.2023 14:00:00;13.03.2023 15:00:00;198;163;2962;;49;;254;3626
13.03.2023 15:00:00;13.03.2023 16:00:00;197;162;2946;;49;;241;3595
13.03.2023 16:00:00;13.03.2023 17:00:00;198;161;2955;;47;;236;3597
13.03.2023 17:00:00;13.03.2023 18:00:00;197;164;3232;;50;;203;3846
13.03.2023 18:00:00;13.03.2023 19:00:00;197;163;3277;;48;;171;3856
13.03.2023 19:00:00;13.03.2023 20:00:00;198;162;3235;;47;;163;3805
13.03.2023 20:00:00;13.03.2023 21:00:00;198;164;3095;;46;;231;3734
13.03.2023 21:00:00;13.03.2023 22:00:00;198;161;3107;;47;;213;3726
13.03.2023 22:00:00;13.03.2023 23:00:00;198;160;2838;;53;;182;3431
13.03.2023 23:00:00;14.03.2023 00:00:00;198;159;2321;;51;;164;2893
14.03.2023 00:00:00;14.03.2023 01:00:00;198;153;2421;;44;;171;2987
14.03.2023 01:00:00;14.03.2023 02:00:00;198;150;2598;;48;;135;3129
14.03.2023 02:00:00;14.03.2023 03:00:00;197;148;2672;;48;;129;3194
14.03.2023 03:00:00;14.03.2023 04:00:00;197;149;2348;;55;;130;2879
14.03.2023 04:00:00;14.03.2023 05:00:00;198;148;2459;;59;;185;3049
14.03.2023 05:00:00;14.03.2023 06:00:00;181;147;2827;;60;;205;3420
14.03.2023 06:00:00;14.03.2023 07:00:00;179;154;3203;;57;;212;3805
14.03.2023 07:00:00;14.03.2023 08:00:00;179;171;3406;;44;;196;3996
14.03.2023 08:00:00;14.03.2023 09:00:00;179;173;3358;;46;;239;3995
14.03.2023 09:00:00;14.03.2023 10:00:00;178;175;3301;;41;;243;3938
14.03.2023 10:00:00;14.03.2023 11:00:00;177;175;3354;;46;;233;3985
14.03.2023 11:00:00;14.03.2023 12:00:00;177;169;3295;;47;;190;3878
14.03.2023 12:00:00;14.03.2023 13:00:00;178;170;3338;;48;;225;3959
14.03.2023 13:00:00;14.03.2023 14:00:00;179;168;3355;;45;;201;3948
14.03.2023 14:00:00;14.03.2023 15:00:00;178;165;3353;;41;;185;3922
14.03.2023 15:00:00;14.03.2023 16:00:00;178;166;3341;;38;;195;3918
14.03.2023 16:00:00;14.03.2023 17:00:00;178;170;3383;;39;;203;3973
14.03.2023 17:00:00;14.03.2023 18:00:00;180;169;3374;;37;;184;3944
14.03.2023 18:00:00;14.03.2023 19:00:00;180;171;3371;;45;;151;3918
14.03.2023 19:00:00;14.03.2023 20:00:00;181;171;3391;;43;;115;3901
14.03.2023 20:00:00;14.03.2023 21:00:00;181;169;3433;;42;;90;3915
14.03.2023 21:00:00;14.03.2023 22:00:00;181;163;3451;;46;;149;3990
14.03.2023 22:00:00;14.03.2023 23:00:00;181;162;3422;;46;;137;3948
14.03.2023 23:00:00;15.03.2023 00:00:00;181;158;3327;;44;;131;3841
15.03.2023 00:00:00;15.03.2023 01:00:00;179;152;3276;;47;;122;3776
15.03.2023 01:00:00;15.03.2023 02:00:00;178;150;3314;;49;;109;3800
15.03.2023 02:00:00;15.03.2023 03:00:00;178;150;3302;;51;;101;3782
15.03.2023 03:00:00;15.03.2023 04:00:00;178;150;3317;;46;;112;3803
15.03.2023 04:00:00;15.03.2023 05:00:00;178;149;3305;;47;;196;3875
15.03.2023 05:00:00;15.03.2023 06:00:00;179;150;3316;;47;;230;3922
15.03.2023 06:00:00;15.03.2023 07:00:00;179;151;3322;;46;;246;3944
15.03.2023 07:00:00;15.03.2023 08:00:00;179;161;3356;;49;;330;4075
15.03.2023 08:00:00;15.03.2023 09:00:00;179;160;3294;;48;;301;3982
15.03.2023 09:00:00;15.03.2023 10:00:00;179;160;3309;;47;;265;3960
15.03.2023 10:00:00;15.03.2023 11:00:00;179;164;3234;;49;;220;3846
15.03.2023 11:00:00;15.03.2023 12:00:00;179;165;3079;;47;;232;3702
15.03.2023 12:00:00;15.03.2023 13:00:00;179;167;2958;;52;;208;3564
15.03.2023 13:00:00;15.03.2023 14:00:00;179;164;2844;;49;;337;3573
15.03.2023 14:00:00;15.03.2023 15:00:00;180;162;2903;;44;;362;3651
15.03.2023 15:00:00;15.03.2023 16:00:00;179;160;2691;;40;;268;3338
15.03.2023 16:00:00;15.03.2023 17:00:00;180;161;2643;;42;;283;3309
15.03.2023 17:00:00;15.03.2023 18:00:00;180;159;2965;;43;;286;3633
15.03.2023 18:00:00;15.03.2023 19:00:00;180;156;3094;;45;;306;3781
15.03.2023 19:00:00;15.03.2023 20:00:00;180;158;2663;;47;;278;3326
15.03.2023 20:00:00;15.03.2023 21:00:00;180;159;2653;;47;;337;3376
15.03.2023 21:00:00;15.03.2023 22:00:00;180;160;2887;;46;;408;3681
15.03.2023 22:00:00;15.03.2023 23:00:00;188;158;2794;;47;;373;3560
15.03.2023 23:00:00;16.03.2023 00:00:00;195;159;2725;;47;;453;3579
16.03.2023 00:00:00;16.03.2023 01:00:00;194;158;3477;;48;;385;4262
16.03.2023 01:00:00;16.03.2023 02:00:00;194;156;3539;;48;;574;4511
16.03.2023 02:00:00;16.03.2023 03:00:00;194;157;3582;;45;;433;4411
16.03.2023 03:00:00;16.03.2023 04:00:00;194;156;3601;;45;;506;4502
16.03.2023 04:00:00;16.03.2023 05:00:00;194;159;3668;;48;;416;4485
16.03.2023 05:00:00;16.03.2023 06:00:00;193;162;3692;;50;;376;4473
16.03.2023 06:00:00;16.03.2023 07:00:00;194;159;3839;;49;;226;4467
16.03.2023 07:00:00;16.03.2023 08:00:00;194;160;3932;;47;;244;4577
16.03.2023 08:00:00;16.03.2023 09:00:00;194;157;3886;;48;;264;4549
16.03.2023 09:00:00;16.03.2023 10:00:00;194;159;3877;;51;;262;4543
16.03.2023 10:00:00;16.03.2023 11:00:00;194;158;3870;;52;;165;4439
16.03.2023 11:00:00;16.03.2023 12:00:00;194;158;3889;;43;;117;4401
16.03.2023 12:00:00;16.03.2023 13:00:00;193;158;3884;;44;;125;4404
16.03.2023 13:00:00;16.03.2023 14:00:00;193;163;3811;;60;;118;4345
16.03.2023 14:00:00;16.03.2023 15:00:00;193;165;3785;;59;;139;4341
16.03.2023 15:00:00;16.03.2023 16:00:00;193;167;3879;;55;;135;4429
16.03.2023 16:00:00;16.03.2023 17:00:00;193;165;3918;;42;;159;4477
16.03.2023 17:00:00;16.03.2023 18:00:00;193;164;3908;;42;;180;4487
16.03.2023 18:00:00;16.03.2023 19:00:00;193;163;3912;;44;;186;4498
16.03.2023 19:00:00;16.03.2023 20:00:00;194;164;3906;;45;;216;4525
16.03.2023 20:00:00;16.03.2023 21:00:00;193;166;3865;;42;;267;4533
16.03.2023 21:00:00;16.03.2023 22:00:00;194;168;3835;;45;;334;4576
16.03.2023 22:00:00;16.03.2023 23:00:00;195;164;3776;;46;;368;4549
16.03.2023 23:00:00;17.03.2023 00:00:00;196;159;3655;;52;;418;4480
17.03.2023 00:00:00;17.03.2023 01:00:00;198;156;3622;;49;;456;4481
17.03.2023 01:00:00;17.03.2023 02:00:00;198;150;3542;;50;;580;4520
17.03.2023 02:00:00;17.03.2023 03:00:00;196;150;3493;;49;;554;4442
17.03.2023 03:00:00;17.03.2023 04:00:00;187;149;3437;;47;;589;4409
17.03.2023 04:00:00;17.03.2023 05:00:00;179;152;3465;;50;;596;4442
17.03.2023 05:00:00;17.03.2023 06:00:00;179;151;3447;;48;;594;4419
17.03.2023 06:00:00;17.03.2023 07:00:00;178;151;3529;;44;;600;4502
17.03.2023 07:00:00;17.03.2023 08:00:00;177;159;3637;;45;;619;4637
17.03.2023 08:00:00;17.03.2023 09:00:00;177;160;3630;;46;;617;4630
17.03.2023 09:00:00;17.03.2023 10:00:00;177;161;3587;;45;;578;4548
17.03.2023 10:00:00;17.03.2023 11:00:00;178;159;3543;;46;;604;4530
17.03.2023 11:00:00;17.03.2023 12:00:00;181;158;3455;;44;;638;4476
17.03.2023 12:00:00;17.03.2023 13:00:00;185;159;3175;;47;;666;4232
17.03.2023 13:00:00;17.03.2023 14:00:00;188;158;3063;;47;;687;4143
17.03.2023 14:00:00;17.03.2023 15:00:00;187;158;3074;;49;;744;4212
17.03.2023 15:00:00;17.03.2023 16:00:00;187;143;3058;;0;;753;4141
17.03.2023 16:00:00;17.03.2023 17:00:00;187;143;2981;;0;;681;3992
17.03.2023 17:00:00;17.03.2023 18:00:00;186;143;3140;;0;;677;4146
17.03.2023 18:00:00;17.03.2023 19:00:00;187;146;3255;;22;;761;4371
17.03.2023 19:00:00;17.03.2023 20:00:00;188;152;3163;;45;;772;4320
17.03.2023 20:00:00;17.03.2023 21:00:00;187;149;2285;;47;;766;3434
17.03.2023 21:00:00;17.03.2023 22:00:00;194;144;1793;;45;;720;2896
17.03.2023 22:00:00;17.03.2023 23:00:00;194;144;1663;;42;;661;2704
17.03.2023 23:00:00;18.03.2023 00:00:00;194;145;1493;;42;;608;2482
18.03.2023 00:00:00;18.03.2023 01:00:00;194;122;1393;;0;;565;2274
18.03.2023 01:00:00;18.03.2023 02:00:00;194;120;1360;;0;;548;2222
18.03.2023 02:00:00;18.03.2023 03:00:00;194;121;1357;;0;;589;2261
18.03.2023 03:00:00;18.03.2023 04:00:00;194;117;1347;;0;;656;2314
18.03.2023 04:00:00;18.03.2023 05:00:00;194;122;1388;;0;;694;2398
18.03.2023 05:00:00;18.03.2023 06:00:00;194;132;1818;;0;;657;2801
18.03.2023 06:00:00;18.03.2023 07:00:00;194;134;2362;;0;;592;3282
18.03.2023 07:00:00;18.03.2023 08:00:00;193;134;3076;;0;;518;3921
18.03.2023 08:00:00;18.03.2023 09:00:00;194;146;3524;;30;;419;4313
18.03.2023 09:00:00;18.03.2023 10:00:00;194;151;3524;;47;;388;4304
18.03.2023 10:00:00;18.03.2023 11:00:00;193;153;3538;;44;;381;4309
18.03.2023 11:00:00;18.03.2023 12:00:00;193;153;3504;;41;;306;4197
18.03.2023 12:00:00;18.03.2023 13:00:00;193;155;3577;;44;;266;4235
18.03.2023 13:00:00;18.03.2023 14:00:00;192;158;3663;;46;;291;4350
18.03.2023 14:00:00;18.03.2023 15:00:00;192;160;3692;;47;;365;4456
18.03.2023 15:00:00;18.03.2023 16:00:00;193;160;3744;;43;;347;4487
18.03.2023 16:00:00;18.03.2023 17:00:00;193;158;3766;;44;;323;4484
18.03.2023 17:00:00;18.03.2023 18:00:00;194;157;3820;;44;;337;4552
18.03.2023 18:00:00;18.03.2023 19:00:00;193;158;3832;;46;;364;4593
18.03.2023 19:00:00;18.03.2023 20:00:00;194;156;3816;;47;;285;4498
18.03.2023 20:00:00;18.03.2023 21:00:00;193;152;3799;;50;;166;4360
18.03.2023 21:00:00;18.03.2023 22:00:00;193;151;3827;;47;;125;4343
18.03.2023 22:00:00;18.03.2023 23:00:00;193;151;3829;;46;;160;4379
18.03.2023 23:00:00;19.03.2023 00:00:00;193;151;3753;;46;;176;4319
19.03.2023 00:00:00;19.03.2023 01:00:00;194;139;3755;;47;;217;4352
19.03.2023 01:00:00;19.03.2023 02:00:00;193;139;3766;;46;;259;4403
19.03.2023 02:00:00;19.03.2023 03:00:00;194;156;3679;;45;;267;4341
19.03.2023 03:00:00;19.03.2023 04:00:00;194;156;3674;;45;;276;4345
19.03.2023 04:00:00;19.03.2023 05:00:00;194;160;3686;;48;;311;4399
19.03.2023 05:00:00;19.03.2023 06:00:00;193;160;3624;;51;;350;4378
19.03.2023 06:00:00;19.03.2023 07:00:00;194;161;3567;;47;;360;4329
19.03.2023 07:00:00;19.03.2023 08:00:00;194;159;3581;;41;;424;4399
19.03.2023 08:00:00;19.03.2023 09:00:00;194;159;3592;;44;;458;4447
19.03.2023 09:00:00;19.03.2023 10:00:00;194;160;3555;;46;;519;4474
19.03.2023 10:00:00;19.03.2023 11:00:00;194;160;3448;;47;;557;4406
19.03.2023 11:00:00;19.03.2023 12:00:00;194;159;3387;;45;;618;4403
19.03.2023 12:00:00;19.03.2023 13:00:00;194;158;3322;;45;;688;4407
19.03.2023 13:00:00;19.03.2023 14:00:00;194;156;3207;;46;;707;4310
19.03.2023 14:00:00;19.03.2023 15:00:00;194;155;3227;;48;;685;4309
19.03.2023 15:00:00;19.03.2023 16:00:00;194;155;3053;;46;;727;4175
19.03.2023 16:00:00;19.03.2023 17:00:00;194;155;2812;;46;;758;3965
19.03.2023 17:00:00;19.03.2023 18:00:00;194;157;2788;;45;;667;3851
19.03.2023 18:00:00;19.03.2023 19:00:00;194;156;2944;;48;;594;3936
19.03.2023 19:00:00;19.03.2023 20:00:00;194;154;3015;;48;;670;4081
19.03.2023 20:00:00;19.03.2023 21:00:00;194;154;2989;;48;;744;4129
19.03.2023 21:00:00;19.03.2023 22:00:00;195;155;3161;;47;;724;4282
19.03.2023 22:00:00;19.03.2023 23:00:00;195;151;3354;;47;;616;4363
19.03.2023 23:00:00;20.03.2023 00:00:00;195;148;3235;;49;;463;4090
20.03.2023 00:00:00;20.03.2023 01:00:00;193;147;3269;;50;;328;3987
20.03.2023 01:00:00;20.03.2023 02:00:00;192;145;3244;;51;;265;3897
20.03.2023 02:00:00;20.03.2023 03:00:00;192;145;3299;;48;;226;3910
20.03.2023 03:00:00;20.03.2023 04:00:00;192;148;3595;;45;;195;4175
20.03.2023 04:00:00;20.03.2023 05:00:00;193;149;3703;;42;;224;4311
20.03.2023 05:00:00;20.03.2023 06:00:00;192;151;3732;;41;;218;4334
20.03.2023 06:00:00;20.03.2023 07:00:00;192;153;3812;;47;;222;4426
20.03.2023 07:00:00;20.03.2023 08:00:00;181;154;3876;;52;;184;4447
20.03.2023 08:00:00;20.03.2023 09:00:00;171;159;3898;;49;;126;4403
20.03.2023 09:00:00;20.03.2023 10:00:00;171;157;3881;;49;;92;4350
20.03.2023 10:00:00;20.03.2023 11:00:00;171;158;3887;;53;;122;4391
20.03.2023 11:00:00;20.03.2023 12:00:00;172;158;3747;;51;;180;4308
20.03.2023 12:00:00;20.03.2023 13:00:00;172;157;3672;;49;;222;4272
20.03.2023 13:00:00;20.03.2023 14:00:00;172;156;3613;;47;;320;4308
20.03.2023 14:00:00;20.03.2023 15:00:00;174;157;3600;;44;;463;4438
20.03.2023 15:00:00;20.03.2023 16:00:00;174;155;3607;;50;;617;4603
20.03.2023 16:00:00;20.03.2023 17:00:00;186;155;3589;;53;;592;4575
20.03.2023 17:00:00;20.03.2023 18:00:00;191;153;3562;;49;;650;4605
20.03.2023 18:00:00;20.03.2023 19:00:00;172;152;3550;;50;;741;4665
20.03.2023 19:00:00;20.03.2023 20:00:00;172;149;3533;;53;;772;4679
20.03.2023 20:00:00;20.03.2023 21:00:00;171;142;3494;;57;;709;4573
20.03.2023 21:00:00;20.03.2023 22:00:00;171;143;3484;;56;;697;4551
20.03.2023 22:00:00;20.03.2023 23:00:00;171;143;3576;;51;;583;4524
20.03.2023 23:00:00;21.03.2023 00:00:00;171;144;3553;;49;;515;4432
21.03.2023 00:00:00;21.03.2023 01:00:00;171;141;3496;;44;;629;4481
21.03.2023 01:00:00;21.03.2023 02:00:00;171;140;3490;;46;;692;4539
21.03.2023 02:00:00;21.03.2023 03:00:00;171;138;3458;;36;;702;4505
21.03.2023 03:00:00;21.03.2023 04:00:00;172;137;3488;;38;;659;4494
21.03.2023 04:00:00;21.03.2023 05:00:00;170;135;3436;;45;;631;4417
21.03.2023 05:00:00;21.03.2023 06:00:00;170;136;3405;;44;;605;4360
21.03.2023 06:00:00;21.03.2023 07:00:00;170;135;3523;;40;;530;4398
21.03.2023 07:00:00;21.03.2023 08:00:00;170;145;3658;;36;;490;4499
21.03.2023 08:00:00;21.03.2023 09:00:00;170;148;3682;;40;;409;4449
21.03.2023 09:00:00;21.03.2023 10:00:00;169;149;3611;;41;;371;4341
21.03.2023 10:00:00;21.03.2023 11:00:00;172;151;3582;;43;;541;4489
21.03.2023 11:00:00;21.03.2023 12:00:00;174;149;3308;;34;;557;4222
21.03.2023 12:00:00;21.03.2023 13:00:00;174;147;3128;;36;;494;3979
21.03.2023 13:00:00;21.03.2023 14:00:00;174;146;2896;;36;;597;3849
21.03.2023 14:00:00;21.03.2023 15:00:00;174;147;3095;;32;;584;4032
21.03.2023 15:00:00;21.03.2023 16:00:00;175;144;3554;;36;;492;4401
21.03.2023 16:00:00;21.03.2023 17:00:00;176;145;3586;;33;;391;4331
21.03.2023 17:00:00;21.03.2023 18:00:00;176;146;3661;;34;;359;4376
21.03.2023 18:00:00;21.03.2023 19:00:00;177;147;3677;;49;;390;4440
21.03.2023 19:00:00;21.03.2023 20:00:00;177;150;3729;;40;;300;4396
21.03.2023 20:00:00;21.03.2023 21:00:00;177;140;3736;;37;;324;4414
21.03.2023 21:00:00;21.03.2023 22:00:00;177;140;3735;;36;;290;4378
21.03.2023 22:00:00;21.03.2023 23:00:00;177;142;3753;;35;;228;4335
21.03.2023 23:00:00;22.03.2023 00:00:00;177;146;3735;;39;;128;4225
22.03.2023 00:00:00;22.03.2023 01:00:00;177;140;3816;;40;;200;4373
22.03.2023 01:00:00;22.03.2023 02:00:00;177;138;3805;;44;;191;4355
22.03.2023 02:00:00;22.03.2023 03:00:00;176;138;3620;;43;;313;4290
22.03.2023 03:00:00;22.03.2023 04:00:00;177;137;3622;;44;;340;4320
22.03.2023 04:00:00;22.03.2023 05:00:00;178;136;3593;;46;;294;4247
22.03.2023 05:00:00;22.03.2023 06:00:00;177;136;3610;;46;;263;4232
22.03.2023 06:00:00;22.03.2023 07:00:00;177;139;3658;;46;;280;4300
22.03.2023 07:00:00;22.03.2023 08:00:00;177;143;3782;;46;;307;4455
22.03.2023 08:00:00;22.03.2023 09:00:00;177;138;3839;;45;;336;4535
22.03.2023 09:00:00;22.03.2023 10:00:00;176;139;3787;;44;;299;4445
22.03.2023 10:00:00;22.03.2023 11:00:00;177;140;3800;;44;;299;4460
22.03.2023 11:00:00;22.03.2023 12:00:00;179;139;3813;;38;;350;4519
22.03.2023 12:00:00;22.03.2023 13:00:00;179;144;3845;;41;;345;4554
22.03.2023 13:00:00;22.03.2023 14:00:00;179;146;3825;;42;;311;4503
22.03.2023 14:00:00;22.03.2023 15:00:00;177;146;3747;;44;;335;4449
22.03.2023 15:00:00;22.03.2023 16:00:00;151;147;3844;;42;;331;4515
22.03.2023 16:00:00;22.03.2023 17:00:00;151;147;3755;;45;;346;4444
22.03.2023 17:00:00;22.03.2023 18:00:00;182;147;3771;;42;;398;4540
22.03.2023 18:00:00;22.03.2023 19:00:00;186;142;3815;;34;;435;4612
22.03.2023 19:00:00;22.03.2023 20:00:00;186;142;3807;;39;;467;4641
22.03.2023 20:00:00;22.03.2023 21:00:00;186;135;3771;;43;;487;4622
22.03.2023 21:00:00;22.03.2023 22:00:00;187;132;3664;;39;;503;4525
22.03.2023 22:00:00;22.03.2023 23:00:00;185;132;3352;;38;;504;4211
22.03.2023 23:00:00;23.03.2023 00:00:00;184;135;2269;;43;;505;3136
23.03.2023 00:00:00;23.03.2023 01:00:00;184;126;2009;;44;;535;2898
23.03.2023 01:00:00;23.03.2023 02:00:00;181;125;2005;;43;;619;2973
23.03.2023 02:00:00;23.03.2023 03:00:00;137;124;1528;;45;;665;2499
23.03.2023 03:00:00;23.03.2023 04:00:00;127;121;1370;;57;;713;2388
23.03.2023 04:00:00;23.03.2023 05:00:00;127;121;1377;;63;;725;2413
23.03.2023 05:00:00;23.03.2023 06:00:00;129;125;2270;;50;;739;3313
23.03.2023 06:00:00;23.03.2023 07:00:00;129;124;3457;;58;;727;4495
23.03.2023 07:00:00;23.03.2023 08:00:00;128;125;2967;;54;;810;4084
23.03.2023 08:00:00;23.03.2023 09:00:00;128;128;2750;;56;;802;3864
23.03.2023 09:00:00;23.03.2023 10:00:00;128;128;2865;;56;;783;3960
23.03.2023 10:00:00;23.03.2023 11:00:00;123;128;3347;;57;;762;4417
23.03.2023 11:00:00;23.03.2023 12:00:00;121;127;3496;;57;;726;4527
23.03.2023 12:00:00;23.03.2023 13:00:00;122;127;3493;;60;;673;4475
23.03.2023 13:00:00;23.03.2023 14:00:00;125;128;3487;;56;;644;4440
23.03.2023 14:00:00;23.03.2023 15:00:00;111;129;3534;;60;;597;4431
23.03.2023 15:00:00;23.03.2023 16:00:00;39;130;3577;;61;;565;4372
23.03.2023 16:00:00;23.03.2023 17:00:00;45;130;3586;;58;;512;4331
23.03.2023 17:00:00;23.03.2023 18:00:00;50;131;3568;;58;;496;4303
23.03.2023 18:00:00;23.03.2023 19:00:00;52;131;3574;;59;;509;4325
23.03.2023 19:00:00;23.03.2023 20:00:00;73;130;3599;;57;;498;4357
23.03.2023 20:00:00;23.03.2023 21:00:00;101;131;3624;;54;;484;4394
23.03.2023 21:00:00;23.03.2023 22:00:00;103;131;3614;;47;;488;4383
23.03.2023 22:00:00;23.03.2023 23:00:00;103;130;3558;;48;;468;4307
23.03.2023 23:00:00;24.03.2023 00:00:00;102;129;3549;;46;;445;4271
24.03.2023 00:00:00;24.03.2023 01:00:00;101;128;3631;;46;;413;4319
24.03.2023 01:00:00;24.03.2023 02:00:00;101;126;3686;;46;;351;4310
24.03.2023 02:00:00;24.03.2023 03:00:00;102;127;3716;;46;;280;4271
24.03.2023 03:00:00;24.03.2023 04:00:00;103;127;3722;;50;;221;4223
24.03.2023 04:00:00;24.03.2023 05:00:00;104;130;3442;;48;;198;3922
24.03.2023 05:00:00;24.03.2023 06:00:00;104;135;3517;;42;;197;3995
24.03.2023 06:00:00;24.03.2023 07:00:00;127;143;3884;;41;;148;4343
24.03.2023 07:00:00;24.03.2023 08:00:00;149;153;4017;;38;;131;4488
24.03.2023 08:00:00;24.03.2023 09:00:00;152;153;4015;;39;;66;4425
24.03.2023 09:00:00;24.03.2023 10:00:00;155;149;3999;;39;;77;4419
24.03.2023 10:00:00;24.03.2023 11:00:00;157;141;4010;;45;;135;4488
24.03.2023 11:00:00;24.03.2023 12:00:00;153;141;4002;;43;;192;4531
24.03.2023 12:00:00;24.03.2023 13:00:00;147;141;3995;;43;;161;4487
24.03.2023 13:00:00;24.03.2023 14:00:00;143;136;3949;;43;;149;4420
24.03.2023 14:00:00;24.03.2023 15:00:00;142;136;3951;;39;;181;4449
24.03.2023 15:00:00;24.03.2023 16:00:00;145;136;3897;;41;;190;4409
24.03.2023 16:00:00;24.03.2023 17:00:00;146;141;3964;;41;;231;4523
24.03.2023 17:00:00;24.03.2023 18:00:00;148;140;3971;;41;;185;4485
24.03.2023 18:00:00;24.03.2023 19:00:00;148;140;3965;;40;;179;4472
24.03.2023 19:00:00;24.03.2023 20:00:00;146;140;3989;;42;;203;4520
24.03.2023 20:00:00;24.03.2023 21:00:00;145;139;3921;;43;;153;4401
24.03.2023 21:00:00;24.03.2023 22:00:00;146;139;3929;;20;;127;4361
24.03.2023 22:00:00;24.03.2023 23:00:00;145;139;3874;;39;;128;4325
24.03.2023 23:00:00;25.03.2023 00:00:00;145;139;3726;;47;;108;4165
25.03.2023 00:00:00;25.03.2023 01:00:00;145;131;2891;;45;;101;3313
25.03.2023 01:00:00;25.03.2023 02:00:00;144;130;2471;;41;;79;2865
25.03.2023 02:00:00;25.03.2023 03:00:00;143;127;2457;;43;;80;2850
25.03.2023 03:00:00;25.03.2023 04:00:00;143;126;2395;;52;;87;2803
25.03.2023 04:00:00;25.03.2023 05:00:00;144;127;2271;;43;;114;2699
25.03.2023 05:00:00;25.03.2023 06:00:00;145;127;2228;;42;;75;2617
25.03.2023 06:00:00;25.03.2023 07:00:00;144;126;2200;;43;;75;2588
25.03.2023 07:00:00;25.03.2023 08:00:00;144;127;2309;;44;;123;2747
25.03.2023 08:00:00;25.03.2023 09:00:00;144;126;3407;;55;;150;3882
25.03.2023 09:00:00;25.03.2023 10:00:00;143;127;3795;;38;;178;4281
25.03.2023 10:00:00;25.03.2023 11:00:00;143;129;3791;;38;;200;4301
25.03.2023 11:00:00;25.03.2023 12:00:00;143;130;3721;;36;;214;4244
25.03.2023 12:00:00;25.03.2023 13:00:00;142;130;3724;;37;;241;4274
25.03.2023 13:00:00;25.03.2023 14:00:00;142;130;3549;;39;;275;4135
25.03.2023 14:00:00;25.03.2023 15:00:00;142;134;3422;;37;;289;4024
25.03.2023 15:00:00;25.03.2023 16:00:00;142;136;3658;;40;;275;4251
25.03.2023 16:00:00;25.03.2023 17:00:00;142;136;3838;;39;;284;4439
25.03.2023 17:00:00;25.03.2023 18:00:00;142;130;3872;;41;;327;4512
25.03.2023 18:00:00;25.03.2023 19:00:00;121;144;3883;;43;;315;4506
25.03.2023 19:00:00;25.03.2023 20:00:00;117;146;3805;;44;;347;4459
25.03.2023 20:00:00;25.03.2023 21:00:00;117;147;3583;;48;;372;4267
25.03.2023 21:00:00;25.03.2023 22:00:00;121;141;3521;;43;;342;4168
25.03.2023 22:00:00;25.03.2023 23:00:00;139;139;3640;;42;;290;4250
25.03.2023 23:00:00;26.03.2023 00:00:00;131;131;3709;;47;;278;4296
26.03.2023 00:00:00;26.03.2023 01:00:00;137;128;3718;;45;;296;4324
26.03.2023 01:00:00;26.03.2023 03:00:00;141;122;3730;;49;;296;4338
26.03.2023 03:00:00;26.03.2023 04:00:00;151;121;3691;;47;;288;4298
26.03.2023 04:00:00;26.03.2023 05:00:00;166;123;3722;;46;;237;4294
26.03.2023 05:00:00;26.03.2023 06:00:00;170;123;3729;;44;;212;4278
26.03.2023 06:00:00;26.03.2023 07:00:00;168;124;3688;;43;;208;4231
26.03.2023 07:00:00;26.03.2023 08:00:00;172;125;3728;;40;;206;4271
26.03.2023 08:00:00;26.03.2023 09:00:00;172;129;3821;;40;;202;4364
26.03.2023 09:00:00;26.03.2023 10:00:00;177;136;3760;;41;;235;4349
26.03.2023 10:00:00;26.03.2023 11:00:00;182;136;3737;;38;;245;4338
26.03.2023 11:00:00;26.03.2023 12:00:00;183;137;3776;;37;;262;4395
26.03.2023 12:00:00;26.03.2023 13:00:00;184;138;3776;;38;;271;4407
26.03.2023 13:00:00;26.03.2023 14:00:00;184;146;3594;;40;;236;4200
26.03.2023 14:00:00;26.03.2023 15:00:00;184;158;3162;;38;;189;3731
26.03.2023 15:00:00;26.03.2023 16:00:00;184;142;3187;;40;;183;3736
26.03.2023 16:00:00;26.03.2023 17:00:00;185;141;3636;;38;;156;4156
26.03.2023 17:00:00;26.03.2023 18:00:00;186;141;3860;;34;;126;4347
26.03.2023 18:00:00;26.03.2023 19:00:00;184;143;3883;;35;;174;4419
26.03.2023 19:00:00;26.03.2023 20:00:00;184;143;3935;;39;;205;4506
26.03.2023 20:00:00;26.03.2023 21:00:00;184;144;3878;;42;;188;4436
26.03.2023 21:00:00;26.03.2023 22:00:00;184;145;3804;;45;;151;4329
26.03.2023 22:00:00;26.03.2023 23:00:00;184;144;3781;;44;;150;4303
26.03.2023 23:00:00;27.03.2023 00:00:00;185;141;3785;;46;;147;4304
27.03.2023 00:00:00;27.03.2023 01:00:00;183;141;3779;;45;;143;4291
27.03.2023 01:00:00;27.03.2023 02:00:00;183;138;3830;;45;;128;4324
27.03.2023 02:00:00;27.03.2023 03:00:00;181;129;3833;;46;;136;4325
27.03.2023 03:00:00;27.03.2023 04:00:00;184;128;3810;;44;;117;4283
27.03.2023 04:00:00;27.03.2023 05:00:00;184;129;3739;;47;;101;4200
27.03.2023 05:00:00;27.03.2023 06:00:00;184;129;3823;;49;;107;4292
27.03.2023 06:00:00;27.03.2023 07:00:00;184;134;3817;;47;;135;4317
27.03.2023 07:00:00;27.03.2023 08:00:00;183;144;3725;;45;;127;4224
27.03.2023 08:00:00;27.03.2023 09:00:00;183;142;3493;;43;;117;3978
27.03.2023 09:00:00;27.03.2023 10:00:00;181;142;3730;;43;;114;4210
27.03.2023 10:00:00;27.03.2023 11:00:00;182;143;3853;;45;;100;4323
27.03.2023 11:00:00;27.03.2023 12:00:00;181;141;3817;;43;;88;4270
27.03.2023 12:00:00;27.03.2023 13:00:00;183;144;3858;;43;;68;4296
27.03.2023 13:00:00;27.03.2023 14:00:00;183;144;3698;;47;;57;4129
27.03.2023 14:00:00;27.03.2023 15:00:00;183;136;3590;;46;;58;4013
27.03.2023 15:00:00;27.03.2023 16:00:00;184;141;3518;;43;;58;3944
27.03.2023 16:00:00;27.03.2023 17:00:00;183;144;3497;;43;;63;3930
27.03.2023 17:00:00;27.03.2023 18:00:00;184;149;3813;;42;;63;4251
27.03.2023 18:00:00;27.03.2023 19:00:00;183;149;3804;;44;;59;4239
27.03.2023 19:00:00;27.03.2023 20:00:00;182;147;3518;;46;;50;3943
27.03.2023 20:00:00;27.03.2023 21:00:00;182;140;3311;;49;;60;3742
27.03.2023 21:00:00;27.03.2023 22:00:00;182;140;3125;;47;;74;3568
27.03.2023 22:00:00;27.03.2023 23:00:00;181;150;3043;;47;;98;3519
27.03.2023 23:00:00;28.03.2023 00:00:00;181;139;3291;;50;;127;3788
28.03.2023 00:00:00;28.03.2023 01:00:00;183;132;3530;;47;;139;4031
28.03.2023 01:00:00;28.03.2023 02:00:00;182;131;3689;;47;;188;4237
28.03.2023 02:00:00;28.03.2023 03:00:00;182;132;3673;;48;;212;4247
28.03.2023 03:00:00;28.03.2023 04:00:00;182;132;3664;;52;;226;4256
28.03.2023 04:00:00;28.03.2023 05:00:00;182;131;3749;;48;;235;4345
28.03.2023 05:00:00;28.03.2023 06:00:00;182;130;3780;;46;;233;4371
28.03.2023 06:00:00;28.03.2023 07:00:00;182;132;3763;;48;;243;4368
28.03.2023 07:00:00;28.03.2023 08:00:00;182;134;3671;;46;;255;4288
28.03.2023 08:00:00;28.03.2023 09:00:00;181;134;3711;;44;;301;4371
28.03.2023 09:00:00;28.03.2023 10:00:00;181;133;3688;;44;;316;4362
28.03.2023 10:00:00;28.03.2023 11:00:00;182;139;3835;;42;;322;4520
28.03.2023 11:00:00;28.03.2023 12:00:00;183;141;3786;;39;;324;4473
28.03.2023 12:00:00;28.03.2023 13:00:00;183;138;3770;;39;;310;4440
28.03.2023 13:00:00;28.03.2023 14:00:00;183;137;3758;;40;;280;4398
28.03.2023 14:00:00;28.03.2023 15:00:00;183;137;3755;;36;;260;4371
28.03.2023 15:00:00;28.03.2023 16:00:00;183;138;3727;;37;;235;4320
28.03.2023 16:00:00;28.03.2023 17:00:00;183;145;3763;;37;;235;4363
28.03.2023 17:00:00;28.03.2023 18:00:00;184;144;3885;;41;;169;4423
28.03.2023 18:00:00;28.03.2023 19:00:00;183;146;3924;;41;;103;4397
28.03.2023 19:00:00;28.03.2023 20:00:00;183;144;3921;;40;;108;4396
28.03.2023 20:00:00;28.03.2023 21:00:00;184;142;3889;;42;;123;4380
28.03.2023 21:00:00;28.03.2023 22:00:00;184;141;3872;;41;;151;4389
28.03.2023 22:00:00;28.03.2023 23:00:00;184;141;3862;;40;;179;4406
28.03.2023 23:00:00;29.03.2023 00:00:00;184;137;3805;;41;;190;4357
29.03.2023 00:00:00;29.03.2023 01:00:00;185;135;3909;;38;;188;4455
29.03.2023 01:00:00;29.03.2023 02:00:00;185;134;3832;;43;;158;4352
29.03.2023 02:00:00;29.03.2023 03:00:00;184;135;3835;;45;;135;4334
29.03.2023 03:00:00;29.03.2023 04:00:00;183;135;3842;;43;;114;4317
29.03.2023 04:00:00;29.03.2023 05:00:00;185;134;3845;;43;;115;4322
29.03.2023 05:00:00;29.03.2023 06:00:00;185;136;3882;;45;;116;4364
29.03.2023 06:00:00;29.03.2023 07:00:00;185;138;3960;;42;;114;4439
29.03.2023 07:00:00;29.03.2023 08:00:00;185;142;3877;;51;;96;4351
29.03.2023 08:00:00;29.03.2023 09:00:00;185;147;3896;;65;;72;4365
29.03.2023 09:00:00;29.03.2023 10:00:00;185;146;3913;;65;;67;4376
29.03.2023 10:00:00;29.03.2023 11:00:00;183;147;3900;;65;;57;4352
29.03.2023 11:00:00;29.03.2023 12:00:00;183;147;3921;;64;;46;4361
29.03.2023 12:00:00;29.03.2023 13:00:00;183;145;3878;;62;;39;4307
29.03.2023 13:00:00;29.03.2023 14:00:00;183;141;3851;;50;;44;4269
29.03.2023 14:00:00;29.03.2023 15:00:00;183;140;3816;;41;;85;4265
29.03.2023 15:00:00;29.03.2023 16:00:00;182;144;3885;;36;;120;4367
29.03.2023 16:00:00;29.03.2023 17:00:00;182;144;3939;;39;;96;4400
29.03.2023 17:00:00;29.03.2023 18:00:00;183;143;3870;;39;;85;4320
29.03.2023 18:00:00;29.03.2023 19:00:00;180;144;3866;;35;;103;4328
29.03.2023 19:00:00;29.03.2023 20:00:00;184;144;3918;;37;;172;4455
29.03.2023 20:00:00;29.03.2023 21:00:00;184;142;3907;;41;;221;4495
29.03.2023 21:00:00;29.03.2023 22:00:00;183;156;3963;;40;;255;4597
29.03.2023 22:00:00;29.03.2023 23:00:00;183;155;3849;;36;;260;4483
29.03.2023 23:00:00;30.03.2023 00:00:00;190;156;3790;;20;;266;4422
30.03.2023 00:00:00;30.03.2023 01:00:00;190;132;3733;;22;;262;4339
30.03.2023 01:00:00;30.03.2023 02:00:00;190;140;3753;;23;;232;4338
30.03.2023 02:00:00;30.03.2023 03:00:00;190;152;3760;;39;;245;4386
30.03.2023 03:00:00;30.03.2023 04:00:00;189;148;3730;;45;;260;4372
30.03.2023 04:00:00;30.03.2023 05:00:00;189;141;3752;;46;;233;4361
30.03.2023 05:00:00;30.03.2023 06:00:00;190;139;3770;;45;;340;4484
30.03.2023 06:00:00;30.03.2023 07:00:00;192;140;3793;;45;;267;4437
30.03.2023 07:00:00;30.03.2023 08:00:00;192;139;3847;;45;;236;4459
30.03.2023 08:00:00;30.03.2023 09:00:00;189;140;3831;;45;;290;4495
30.03.2023 09:00:00;30.03.2023 10:00:00;191;142;3814;;47;;348;4542
30.03.2023 10:00:00;30.03.2023 11:00:00;190;142;3822;;47;;367;4568
30.03.2023 11:00:00;30.03.2023 12:00:00;189;149;3846;;46;;344;4574
30.03.2023 12:00:00;30.03.2023 13:00:00;189;152;3754;;44;;391;4530
30.03.2023 13:00:00;30.03.2023 14:00:00;188;148;3781;;41;;412;4570
30.03.2023 14:00:00;30.03.2023 15:00:00;188;141;3681;;41;;449;4500
30.03.2023 15:00:00;30.03.2023 16:00:00;188;126;3641;;40;;460;4455
30.03.2023 16:00:00;30.03.2023 17:00:00;188;126;3667;;46;;429;4456
30.03.2023 17:00:00;30.03.2023 18:00:00;187;126;3673;;45;;464;4495
30.03.2023 18:00:00;30.03.2023 19:00:00;187;126;3666;;43;;493;4515
30.03.2023 19:00:00;30.03.2023 20:00:00;187;126;3671;;47;;506;4537
30.03.2023 20:00:00;30.03.2023 21:00:00;187;126;3649;;48;;512;4522
30.03.2023 21:00:00;30.03.2023 22:00:00;187;126;3636;;49;;525;4523
30.03.2023 22:00:00;30.03.2023 23:00:00;187;126;3647;;48;;563;4571
30.03.2023 23:00:00;31.03.2023 00:00:00;187;126;3587;;50;;538;4488
31.03.2023 00:00:00;31.03.2023 01:00:00;187;122;3532;;49;;483;4373
31.03.2023 01:00:00;31.03.2023 02:00:00;187;121;3504;;50;;461;4323
31.03.2023 02:00:00;31.03.2023 03:00:00;187;120;3455;;46;;538;4346
31.03.2023 03:00:00;31.03.2023 04:00:00;187;120;3293;;48;;535;4183
31.03.2023 04:00:00;31.03.2023 05:00:00;187;120;3272;;48;;581;4208
31.03.2023 05:00:00;31.03.2023 06:00:00;187;121;3462;;47;;534;4351
31.03.2023 06:00:00;31.03.2023 07:00:00;187;128;3387;;49;;491;4242
31.03.2023 07:00:00;31.03.2023 08:00:00;187;132;3576;;46;;496;4437
31.03.2023 08:00:00;31.03.2023 09:00:00;187;130;3578;;46;;506;4447
31.03.2023 09:00:00;31.03.2023 10:00:00;187;130;3655;;44;;555;4571
31.03.2023 10:00:00;31.03.2023 11:00:00;187;130;3609;;43;;568;4537
31.03.2023 11:00:00;31.03.2023 12:00:00;187;132;3587;;40;;563;4509
31.03.2023 12:00:00;31.03.2023 13:00:00;188;125;3463;;43;;543;4362
31.03.2023 13:00:00;31.03.2023 14:00:00;188;125;3477;;44;;552;4386
31.03.2023 14:00:00;31.03.2023 15:00:00;187;126;3489;;42;;570;4414
31.03.2023 15:00:00;31.03.2023 16:00:00;187;126;3444;;44;;575;4376
31.03.2023 16:00:00;31.03.2023 17:00:00;188;126;3428;;43;;536;4321
31.03.2023 17:00:00;31.03.2023 18:00:00;188;126;3477;;42;;511;4344
31.03.2023 18:00:00;31.03.2023 19:00:00;188;127;3525;;45;;509;4394
31.03.2023 19:00:00;31.03.2023 20:00:00;187;134;3687;;48;;473;4529
31.03.2023 20:00:00;31.03.2023 21:00:00;188;132;3614;;49;;433;4416
31.03.2023 21:00:00;31.03.2023 22:00:00;190;131;3595;;49;;419;4384
31.03.2023 22:00:00;31.03.2023 23:00:00;192;130;3570;;48;;457;4397
31.03.2023 23:00:00;01.04.2023 00:00:00;192;129;3521;;50;;430;4322
01.04.2023 00:00:00;01.04.2023 01:00:00;190;132;3332;;51;;381;4086
01.04.2023 01:00:00;01.04.2023 02:00:00;190;132;3461;;56;;434;4273
01.04.2023 02:00:00;01.04.2023 03:00:00;191;130;3371;;52;;594;4338
01.04.2023 03:00:00;01.04.2023 04:00:00;193;128;3344;;48;;611;4324
01.04.2023 04:00:00;01.04.2023 05:00:00;192;129;3260;;50;;562;4193
01.04.2023 05:00:00;01.04.2023 06:00:00;193;128;3244;;53;;559;4177
01.04.2023 06:00:00;01.04.2023 07:00:00;192;128;2802;;49;;635;3806
01.04.2023 07:00:00;01.04.2023 08:00:00;192;129;3134;;46;;597;4098
01.04.2023 08:00:00;01.04.2023 09:00:00;191;129;3524;;48;;513;4405
01.04.2023 09:00:00;01.04.2023 10:00:00;188;128;3512;;46;;426;4300
01.04.2023 10:00:00;01.04.2023 11:00:00;188;129;3514;;49;;392;4272
01.04.2023 11:00:00;01.04.2023 12:00:00;187;131;3179;;48;;388;3933
01.04.2023 12:00:00;01.04.2023 13:00:00;189;130;2565;;45;;443;3372
01.04.2023 13:00:00;01.04.2023 14:00:00;188;129;1969;;46;;448;2780
01.04.2023 14:00:00;01.04.2023 15:00:00;188;126;2038;;45;;469;2866
01.04.2023 15:00:00;01.04.2023 16:00:00;191;121;1939;;45;;478;2774
01.04.2023 16:00:00;01.04.2023 17:00:00;187;127;2330;;44;;457;3145
01.04.2023 17:00:00;01.04.2023 18:00:00;188;128;3156;;44;;400;3916
01.04.2023 18:00:00;01.04.2023 19:00:00;190;129;3549;;41;;336;4245
01.04.2023 19:00:00;01.04.2023 20:00:00;190;131;3683;;42;;321;4367
01.04.2023 20:00:00;01.04.2023 21:00:00;188;131;3552;;44;;304;4219
01.04.2023 21:00:00;01.04.2023 22:00:00;188;131;3482;;47;;319;4167
01.04.2023 22:00:00;01.04.2023 23:00:00;189;132;3491;;45;;291;4148
01.04.2023 23:00:00;02.04.2023 00:00:00;189;132;3384;;50;;231;3986
02.04.2023 00:00:00;02.04.2023 01:00:00;189;131;3295;;54;;218;3887
02.04.2023 01:00:00;02.04.2023 02:00:00;190;134;2810;;62;;229;3425
02.04.2023 02:00:00;02.04.2023 03:00:00;191;133;3160;;56;;221;3761
02.04.2023 03:00:00;02.04.2023 04:00:00;188;133;3372;;70;;197;3960
02.04.2023 04:00:00;02.04.2023 05:00:00;189;135;3389;;69;;196;3978
02.04.2023 05:00:00;02.04.2023 06:00:00;189;137;3268;;69;;177;3840
02.04.2023 06:00:00;02.04.2023 07:00:00;189;137;3238;;69;;178;3811
02.04.2023 07:00:00;02.04.2023 08:00:00;189;136;3351;;65;;135;3876
02.04.2023 08:00:00;02.04.2023 09:00:00;186;135;3496;;62;;110;3989
02.04.2023 09:00:00;02.04.2023 10:00:00;184;136;3563;;60;;135;4078
02.04.2023 10:00:00;02.04.2023 11:00:00;185;132;3418;;42;;149;3926
02.04.2023 11:00:00;02.04.2023 12:00:00;185;133;3419;;40;;178;3955
02.04.2023 12:00:00;02.04.2023 13:00:00;186;134;3418;;39;;197;3974
02.04.2023 13:00:00;02.04.2023 14:00:00;186;126;2643;;42;;249;3246
02.04.2023 14:00:00;02.04.2023 15:00:00;186;126;2075;;39;;231;2657
02.04.2023 15:00:00;02.04.2023 16:00:00;186;126;2604;;39;;229;3184
02.04.2023 16:00:00;02.04.2023 17:00:00;186;133;3232;;39;;219;3809
02.04.2023 17:00:00;02.04.2023 18:00:00;186;132;3411;;38;;225;3992
02.04.2023 18:00:00;02.04.2023 19:00:00;186;134;3447;;41;;258;4066
02.04.2023 19:00:00;02.04.2023 20:00:00;186;133;3457;;41;;267;4084
02.04.2023 20:00:00;02.04.2023 21:00:00;186;133;3500;;43;;300;4162
02.04.2023 21:00:00;02.04.2023 22:00:00;186;132;3440;;44;;397;4199
02.04.2023 22:00:00;02.04.2023 23:00:00;186;131;3332;;47;;435;4131
02.04.2023 23:00:00;03.04.2023 00:00:00;185;132;3296;;49;;500;4162
03.04.2023 00:00:00;03.04.2023 01:00:00;183;131;3183;;51;;589;4137
03.04.2023 01:00:00;03.04.2023 02:00:00;184;131;3144;;45;;582;4086
03.04.2023 02:00:00;03.04.2023 03:00:00;186;130;3115;;44;;619;4094
03.04.2023 03:00:00;03.04.2023 04:00:00;187;130;3106;;48;;639;4110
03.04.2023 04:00:00;03.04.2023 05:00:00;187;129;3102;;45;;624;4087
03.04.2023 05:00:00;03.04.2023 06:00:00;187;122;3061;;48;;632;4050
03.04.2023 06:00:00;03.04.2023 07:00:00;187;129;3133;;47;;618;4114
03.04.2023 07:00:00;03.04.2023 08:00:00;187;128;3182;;42;;678;4217
03.04.2023 08:00:00;03.04.2023 09:00:00;187;130;3225;;45;;778;4365
03.04.2023 09:00:00;03.04.2023 10:00:00;187;124;3300;;45;;819;4475
03.04.2023 10:00:00;03.04.2023 11:00:00;187;124;3249;;49;;773;4382
03.04.2023 11:00:00;03.04.2023 12:00:00;187;126;3058;;46;;758;4175
03.04.2023 12:00:00;03.04.2023 13:00:00;187;126;3101;;45;;717;4176
03.04.2023 13:00:00;03.04.2023 14:00:00;186;133;3141;;47;;649;4156
03.04.2023 14:00:00;03.04.2023 15:00:00;186;126;3343;;48;;629;4332
03.04.2023 15:00:00;03.04.2023 16:00:00;186;125;3377;;47;;650;4385
03.04.2023 16:00:00;03.04.2023 17:00:00;185;125;3155;;47;;639;4151
03.04.2023 17:00:00;03.04.2023 18:00:00;184;125;3137;;48;;668;4162
03.04.2023 18:00:00;03.04.2023 19:00:00;183;128;3114;;48;;647;4120
03.04.2023 19:00:00;03.04.2023 20:00:00;183;137;3171;;49;;545;4085
03.04.2023 20:00:00;03.04.2023 21:00:00;182;135;3248;;49;;454;4068
03.04.2023 21:00:00;03.04.2023 22:00:00;182;136;3222;;46;;604;4190
03.04.2023 22:00:00;03.04.2023 23:00:00;182;136;3222;;46;;578;4164
03.04.2023 23:00:00;04.04.2023 00:00:00;182;135;3221;;49;;514;4101
04.04.2023 00:00:00;04.04.2023 01:00:00;183;139;3310;;51;;423;4106
04.04.2023 01:00:00;04.04.2023 02:00:00;183;138;3280;;48;;395;4044
04.04.2023 02:00:00;04.04.2023 03:00:00;184;137;3349;;45;;327;4042
04.04.2023 03:00:00;04.04.2023 04:00:00;184;136;3340;;47;;286;3993
04.04.2023 04:00:00;04.04.2023 05:00:00;184;135;3376;;41;;294;4030
04.04.2023 05:00:00;04.04.2023 06:00:00;184;137;3416;;40;;293;4070
04.04.2023 06:00:00;04.04.2023 07:00:00;184;138;3483;;41;;268;4114
04.04.2023 07:00:00;04.04.2023 08:00:00;184;141;3598;;39;;254;4216
04.04.2023 08:00:00;04.04.2023 09:00:00;184;142;3599;;43;;241;4209
04.04.2023 09:00:00;04.04.2023 10:00:00;184;142;3587;;42;;240;4195
04.04.2023 10:00:00;04.04.2023 11:00:00;194;145;3575;;42;;240;4196
04.04.2023 11:00:00;04.04.2023 12:00:00;203;145;3541;;43;;244;4176
04.04.2023 12:00:00;04.04.2023 13:00:00;205;147;3558;;45;;244;4199
04.04.2023 13:00:00;04.04.2023 14:00:00;204;143;3519;;41;;242;4149
04.04.2023 14:00:00;04.04.2023 15:00:00;202;142;3557;;41;;239;4181
04.04.2023 15:00:00;04.04.2023 16:00:00;202;142;3648;;41;;236;4269
04.04.2023 16:00:00;04.04.2023 17:00:00;202;142;3609;;41;;210;4204
04.04.2023 17:00:00;04.04.2023 18:00:00;203;142;3599;;41;;195;4180
04.04.2023 18:00:00;04.04.2023 19:00:00;203;142;3627;;43;;190;4205
04.04.2023 19:00:00;04.04.2023 20:00:00;203;142;3645;;42;;180;4212
04.04.2023 20:00:00;04.04.2023 21:00:00;203;142;3558;;44;;159;4106
04.04.2023 21:00:00;04.04.2023 22:00:00;203;141;3582;;47;;164;4137
04.04.2023 22:00:00;04.04.2023 23:00:00;203;141;3543;;46;;201;4134
04.04.2023 23:00:00;05.04.2023 00:00:00;203;142;3521;;48;;207;4121
05.04.2023 00:00:00;05.04.2023 01:00:00;204;139;3585;;40;;145;4113
05.04.2023 01:00:00;05.04.2023 02:00:00;204;138;3551;;39;;156;4088
05.04.2023 02:00:00;05.04.2023 03:00:00;204;139;3493;;35;;197;4068
05.04.2023 03:00:00;05.04.2023 04:00:00;203;138;3460;;38;;273;4112
05.04.2023 04:00:00;05.04.2023 05:00:00;203;139;3489;;36;;289;4156
05.04.2023 05:00:00;05.04.2023 06:00:00;202;139;3497;;40;;268;4146
05.04.2023 06:00:00;05.04.2023 07:00:00;203;139;3580;;34;;248;4204
05.04.2023 07:00:00;05.04.2023 08:00:00;199;140;3581;;33;;267;4220
05.04.2023 08:00:00;05.04.2023 09:00:00;203;139;3548;;36;;283;4209
05.04.2023 09:00:00;05.04.2023 10:00:00;203;150;3560;;39;;363;4315
05.04.2023 10:00:00;05.04.2023 11:00:00;203;139;3570;;34;;419;4365
05.04.2023 11:00:00;05.04.2023 12:00:00;203;138;3553;;33;;418;4345
05.04.2023 12:00:00;05.04.2023 13:00:00;203;138;3480;;33;;385;4239
05.04.2023 13:00:00;05.04.2023 14:00:00;202;138;3394;;36;;452;4222
05.04.2023 14:00:00;05.04.2023 15:00:00;203;139;3167;;34;;502;4045
05.04.2023 15:00:00;05.04.2023 16:00:00;203;138;3039;;37;;547;3964
05.04.2023 16:00:00;05.04.2023 17:00:00;203;140;3032;;33;;540;3948
05.04.2023 17:00:00;05.04.2023 18:00:00;202;141;3073;;33;;551;4000
05.04.2023 18:00:00;05.04.2023 19:00:00;204;139;3047;;30;;551;3971
05.04.2023 19:00:00;05.04.2023 20:00:00;205;138;3219;;36;;551;4149
05.04.2023 20:00:00;05.04.2023 21:00:00;205;137;3224;;40;;553;4159
05.04.2023 21:00:00;05.04.2023 22:00:00;205;138;3120;;42;;561;4066
05.04.2023 22:00:00;05.04.2023 23:00:00;205;138;3088;;43;;627;4101
05.04.2023 23:00:00;06.04.2023 00:00:00;206;139;2939;;43;;730;4057
06.04.2023 00:00:00;06.04.2023 01:00:00;206;135;2709;;46;;730;3826
06.04.2023 01:00:00;06.04.2023 02:00:00;203;134;2720;;46;;660;3763
06.04.2023 02:00:00;06.04.2023 03:00:00;207;134;2681;;44;;556;3622
06.04.2023 03:00:00;06.04.2023 04:00:00;208;133;2774;;46;;514;3675
06.04.2023 04:00:00;06.04.2023 05:00:00;207;134;2838;;43;;593;3815
06.04.2023 05:00:00;06.04.2023 06:00:00;206;132;2848;;43;;658;3887
06.04.2023 06:00:00;06.04.2023 07:00:00;206;131;2849;;44;;581;3811
06.04.2023 07:00:00;06.04.2023 08:00:00;205;132;2941;;43;;592;3913
06.04.2023 08:00:00;06.04.2023 09:00:00;205;133;3013;;43;;565;3959
06.04.2023 09:00:00;06.04.2023 10:00:00;206;135;3017;;44;;670;4072
06.04.2023 10:00:00;06.04.2023 11:00:00;206;139;2946;;47;;675;4013
06.04.2023 11:00:00;06.04.2023 12:00:00;205;139;2935;;45;;657;3981
06.04.2023 12:00:00;06.04.2023 13:00:00;206;136;2902;;48;;672;3964
06.04.2023 13:00:00;06.04.2023 14:00:00;206;140;2887;;51;;659;3943
06.04.2023 14:00:00;06.04.2023 15:00:00;206;141;2749;;50;;679;3825
06.04.2023 15:00:00;06.04.2023 16:00:00;205;139;2992;;49;;664;4049
06.04.2023 16:00:00;06.04.2023 17:00:00;206;138;2961;;50;;691;4046
06.04.2023 17:00:00;06.04.2023 18:00:00;206;138;2875;;48;;663;3930
06.04.2023 18:00:00;06.04.2023 19:00:00;206;138;2882;;49;;614;3889
06.04.2023 19:00:00;06.04.2023 20:00:00;206;142;2903;;46;;506;3803
06.04.2023 20:00:00;06.04.2023 21:00:00;206;136;2890;;46;;480;3758
06.04.2023 21:00:00;06.04.2023 22:00:00;207;137;2849;;46;;510;3749
06.04.2023 22:00:00;06.04.2023 23:00:00;204;137;2721;;46;;549;3657
06.04.2023 23:00:00;07.04.2023 00:00:00;206;151;2737;;49;;441;3584
07.04.2023 00:00:00;07.04.2023 01:00:00;206;150;2768;;49;;367;3540
07.04.2023 01:00:00;07.04.2023 02:00:00;208;146;2860;;49;;339;3602
07.04.2023 02:00:00;07.04.2023 03:00:00;207;135;2890;;48;;379;3659
07.04.2023 03:00:00;07.04.2023 04:00:00;206;135;2885;;47;;334;3607
07.04.2023 04:00:00;07.04.2023 05:00:00;209;136;2931;;47;;357;3680
07.04.2023 05:00:00;07.04.2023 06:00:00;210;137;2983;;49;;336;3715
07.04.2023 06:00:00;07.04.2023 07:00:00;211;137;3045;;49;;334;3776
07.04.2023 07:00:00;07.04.2023 08:00:00;211;141;3140;;48;;337;3877
07.04.2023 08:00:00;07.04.2023 09:00:00;211;138;3257;;48;;326;3980
07.04.2023 09:00:00;07.04.2023 10:00:00;211;141;3331;;47;;344;4074
07.04.2023 10:00:00;07.04.2023 11:00:00;210;141;3260;;49;;330;3990
07.04.2023 11:00:00;07.04.2023 12:00:00;209;142;3125;;47;;260;3783
07.04.2023 12:00:00;07.04.2023 13:00:00;210;141;3080;;49;;276;3756
07.04.2023 13:00:00;07.04.2023 14:00:00;208;141;3143;;49;;311;3852
07.04.2023 14:00:00;07.04.2023 15:00:00;210;143;2931;;47;;329;3660
07.04.2023 15:00:00;07.04.2023 16:00:00;207;140;3193;;48;;315;3903
07.04.2023 16:00:00;07.04.2023 17:00:00;206;138;3225;;45;;388;4002
07.04.2023 17:00:00;07.04.2023 18:00:00;205;138;3209;;44;;372;3968
07.04.2023 18:00:00;07.04.2023 19:00:00;189;138;3233;;43;;433;4036
07.04.2023 19:00:00;07.04.2023 20:00:00;180;139;3221;;45;;486;4071
07.04.2023 20:00:00;07.04.2023 21:00:00;180;139;3149;;44;;534;4046
07.04.2023 21:00:00;07.04.2023 22:00:00;180;140;3046;;45;;502;3913
07.04.2023 22:00:00;07.04.2023 23:00:00;180;140;2992;;44;;446;3802
07.04.2023 23:00:00;08.04.2023 00:00:00;180;140;2898;;46;;474;3738
08.04.2023 00:00:00;08.04.2023 01:00:00;180;137;3022;;46;;452;3837
08.04.2023 01:00:00;08.04.2023 02:00:00;180;138;3002;;48;;424;3792
08.04.2023 02:00:00;08.04.2023 03:00:00;180;137;2962;;48;;433;3760
08.04.2023 03:00:00;08.04.2023 04:00:00;180;137;3031;;49;;388;3785
08.04.2023 04:00:00;08.04.2023 05:00:00;180;136;2989;;48;;433;3786
08.04.2023 05:00:00;08.04.2023 06:00:00;180;138;3037;;50;;418;3823
08.04.2023 06:00:00;08.04.2023 07:00:00;180;138;3096;;50;;407;3871
08.04.2023 07:00:00;08.04.2023 08:00:00;180;138;3162;;48;;397;3925
08.04.2023 08:00:00;08.04.2023 09:00:00;181;137;3245;;49;;370;3982
08.04.2023 09:00:00;08.04.2023 10:00:00;180;137;3254;;46;;374;3991
08.04.2023 10:00:00;08.04.2023 11:00:00;180;136;3215;;44;;360;3935
08.04.2023 11:00:00;08.04.2023 12:00:00;181;136;3320;;44;;292;3973
08.04.2023 12:00:00;08.04.2023 13:00:00;181;137;3345;;45;;251;3959
08.04.2023 13:00:00;08.04.2023 14:00:00;180;136;3186;;45;;235;3782
08.04.2023 14:00:00;08.04.2023 15:00:00;180;137;3012;;46;;218;3593
08.04.2023 15:00:00;08.04.2023 16:00:00;180;138;3053;;46;;218;3635
08.04.2023 16:00:00;08.04.2023 17:00:00;181;134;3184;;42;;245;3786
08.04.2023 17:00:00;08.04.2023 18:00:00;181;135;3406;;43;;227;3992
08.04.2023 18:00:00;08.04.2023 19:00:00;180;136;3393;;43;;221;3973
08.04.2023 19:00:00;08.04.2023 20:00:00;180;137;3468;;40;;215;4040
08.04.2023 20:00:00;08.04.2023 21:00:00;180;138;3493;;42;;208;4061
08.04.2023 21:00:00;08.04.2023 22:00:00;180;138;3486;;42;;194;4040
08.04.2023 22:00:00;08.04.2023 23:00:00;177;139;3467;;41;;181;4005
08.04.2023 23:00:00;09.04.2023 00:00:00;180;139;3434;;41;;183;3977
09.04.2023 00:00:00;09.04.2023 01:00:00;180;139;3362;;41;;167;3889
09.04.2023 01:00:00;09.04.2023 02:00:00;180;139;3373;;49;;168;3909
09.04.2023 02:00:00;09.04.2023 03:00:00;180;140;3374;;45;;177;3916
09.04.2023 03:00:00;09.04.2023 04:00:00;178;138;3366;;49;;188;3919
09.04.2023 04:00:00;09.04.2023 05:00:00;180;137;3332;;45;;198;3892
09.04.2023 05:00:00;09.04.2023 06:00:00;180;138;3353;;41;;210;3922
09.04.2023 06:00:00;09.04.2023 07:00:00;181;146;3329;;44;;246;3946
09.04.2023 07:00:00;09.04.2023 08:00:00;180;158;3347;;40;;207;3932
09.04.2023 08:00:00;09.04.2023 09:00:00;180;157;3353;;45;;213;3948
09.04.2023 09:00:00;09.04.2023 10:00:00;180;157;3366;;43;;221;3967
09.04.2023 10:00:00;09.04.2023 11:00:00;180;157;3331;;44;;242;3954
09.04.2023 11:00:00;09.04.2023 12:00:00;180;156;3302;;45;;293;3976
09.04.2023 12:00:00;09.04.2023 13:00:00;182;157;3153;;44;;359;3895
09.04.2023 13:00:00;09.04.2023 14:00:00;181;157;2868;;40;;359;3605
09.04.2023 14:00:00;09.04.2023 15:00:00;180;159;2434;;41;;329;3143
09.04.2023 15:00:00;09.04.2023 16:00:00;180;152;2013;;44;;313;2702
09.04.2023 16:00:00;09.04.2023 17:00:00;181;157;2935;;43;;328;3644
09.04.2023 17:00:00;09.04.2023 18:00:00;181;157;3206;;43;;289;3876
09.04.2023 18:00:00;09.04.2023 19:00:00;180;157;3195;;47;;308;3887
09.04.2023 19:00:00;09.04.2023 20:00:00;180;158;3205;;45;;346;3934
09.04.2023 20:00:00;09.04.2023 21:00:00;180;155;3098;;45;;364;3842
09.04.2023 21:00:00;09.04.2023 22:00:00;180;144;2884;;39;;371;3618
09.04.2023 22:00:00;09.04.2023 23:00:00;180;142;2483;;38;;380;3223
09.04.2023 23:00:00;10.04.2023 00:00:00;180;143;2100;;39;;442;2904
10.04.2023 00:00:00;10.04.2023 01:00:00;180;142;2262;;41;;445;3070
10.04.2023 01:00:00;10.04.2023 02:00:00;181;141;2399;;38;;437;3196
10.04.2023 02:00:00;10.04.2023 03:00:00;180;138;2441;;40;;454;3253
10.04.2023 03:00:00;10.04.2023 04:00:00;180;140;2548;;51;;495;3414
10.04.2023 04:00:00;10.04.2023 05:00:00;180;141;2566;;48;;426;3361
10.04.2023 05:00:00;10.04.2023 06:00:00;180;142;2595;;42;;377;3336
10.04.2023 06:00:00;10.04.2023 07:00:00;180;142;2612;;42;;386;3362
10.04.2023 07:00:00;10.04.2023 08:00:00;180;140;2818;;42;;366;3546
10.04.2023 08:00:00;10.04.2023 09:00:00;180;123;3101;;49;;359;3812
10.04.2023 09:00:00;10.04.2023 10:00:00;180;126;2959;;48;;343;3656
10.04.2023 10:00:00;10.04.2023 11:00:00;181;126;1882;;50;;405;2644
10.04.2023 11:00:00;10.04.2023 12:00:00;180;130;1148;;52;;408;1918
10.04.2023 12:00:00;10.04.2023 13:00:00;180;127;1109;;50;;443;1909
10.04.2023 13:00:00;10.04.2023 14:00:00;180;105;1111;;53;;465;1914
10.04.2023 14:00:00;10.04.2023 15:00:00;180;106;1199;;55;;398;1938
10.04.2023 15:00:00;10.04.2023 16:00:00;181;105;1226;;54;;527;2093
10.04.2023 16:00:00;10.04.2023 17:00:00;180;103;1234;;52;;534;2103
10.04.2023 17:00:00;10.04.2023 18:00:00;180;102;1870;;50;;484;2686
10.04.2023 18:00:00;10.04.2023 19:00:00;180;102;3026;;48;;496;3852
10.04.2023 19:00:00;10.04.2023 20:00:00;180;104;3117;;45;;520;3966
10.04.2023 20:00:00;10.04.2023 21:00:00;180;104;2961;;45;;466;3756
10.04.2023 21:00:00;10.04.2023 22:00:00;180;103;1808;;43;;539;2673
10.04.2023 22:00:00;10.04.2023 23:00:00;180;107;1186;;47;;532;2052
10.04.2023 23:00:00;11.04.2023 00:00:00;180;108;1206;;47;;527;2068
11.04.2023 00:00:00;11.04.2023 01:00:00;181;103;1217;;47;;520;2068
11.04.2023 01:00:00;11.04.2023 02:00:00;181;103;1130;;49;;509;1972
11.04.2023 02:00:00;11.04.2023 03:00:00;181;115;1105;;48;;485;1934
11.04.2023 03:00:00;11.04.2023 04:00:00;181;130;1106;;47;;477;1941
11.04.2023 04:00:00;11.04.2023 05:00:00;182;134;1246;;46;;476;2084
11.04.2023 05:00:00;11.04.2023 06:00:00;182;136;2326;;42;;482;3168
11.04.2023 06:00:00;11.04.2023 07:00:00;182;155;2819;;42;;528;3726
11.04.2023 07:00:00;11.04.2023 08:00:00;182;168;3030;;46;;516;3942
11.04.2023 08:00:00;11.04.2023 09:00:00;181;146;3106;;45;;526;4004
11.04.2023 09:00:00;11.04.2023 10:00:00;183;138;3111;;46;;540;4018
11.04.2023 10:00:00;11.04.2023 11:00:00;184;137;3115;;44;;561;4041
11.04.2023 11:00:00;11.04.2023 12:00:00;183;132;2779;;47;;574;3715
11.04.2023 12:00:00;11.04.2023 13:00:00;183;132;2698;;57;;552;3622
11.04.2023 13:00:00;11.04.2023 14:00:00;185;129;2131;;53;;572;3070
11.04.2023 14:00:00;11.04.2023 15:00:00;187;119;1752;;49;;578;2685
11.04.2023 15:00:00;11.04.2023 16:00:00;186;121;2400;;49;;579;3335
11.04.2023 16:00:00;11.04.2023 17:00:00;185;119;2990;;45;;602;3941
11.04.2023 17:00:00;11.04.2023 18:00:00;184;124;2927;;45;;581;3861
11.04.2023 18:00:00;11.04.2023 19:00:00;183;124;3022;;44;;524;3897
11.04.2023 19:00:00;11.04.2023 20:00:00;184;126;3098;;44;;506;3958
11.04.2023 20:00:00;11.04.2023 21:00:00;182;126;3080;;45;;515;3948
11.04.2023 21:00:00;11.04.2023 22:00:00;182;126;2892;;48;;552;3800
11.04.2023 22:00:00;11.04.2023 23:00:00;182;128;2496;;47;;576;3429
11.04.2023 23:00:00;12.04.2023 00:00:00;182;125;2347;;49;;522;3225
12.04.2023 00:00:00;12.04.2023 01:00:00;183;124;2340;;47;;525;3219
12.04.2023 01:00:00;12.04.2023 02:00:00;182;123;2409;;45;;588;3347
12.04.2023 02:00:00;12.04.2023 03:00:00;182;125;2491;;45;;594;3437
12.04.2023 03:00:00;12.04.2023 04:00:00;182;123;2717;;49;;550;3621
12.04.2023 04:00:00;12.04.2023 05:00:00;182;126;2958;;43;;554;3863
12.04.2023 05:00:00;12.04.2023 06:00:00;182;128;2924;;46;;584;3864
12.04.2023 06:00:00;12.04.2023 07:00:00;182;130;2910;;44;;599;3865
12.04.2023 07:00:00;12.04.2023 08:00:00;182;130;2885;;44;;664;3905
12.04.2023 08:00:00;12.04.2023 09:00:00;182;128;2548;;45;;703;3606
12.04.2023 09:00:00;12.04.2023 10:00:00;181;123;2353;;42;;778;3477
12.04.2023 10:00:00;12.04.2023 11:00:00;182;122;2334;;46;;778;3462
12.04.2023 11:00:00;12.04.2023 12:00:00;183;132;2246;;47;;829;3437
12.04.2023 12:00:00;12.04.2023 13:00:00;183;124;2243;;49;;892;3491
12.04.2023 13:00:00;12.04.2023 14:00:00;183;124;2319;;47;;904;3577
12.04.2023 14:00:00;12.04.2023 15:00:00;183;125;2211;;48;;936;3503
12.04.2023 15:00:00;12.04.2023 16:00:00;182;126;2196;;45;;942;3491
12.04.2023 16:00:00;12.04.2023 17:00:00;182;128;2350;;46;;900;3606
12.04.2023 17:00:00;12.04.2023 18:00:00;183;131;2658;;44;;917;3933
12.04.2023 18:00:00;12.04.2023 19:00:00;182;133;2482;;46;;928;3771
12.04.2023 19:00:00;12.04.2023 20:00:00;183;134;2292;;43;;884;3536
12.04.2023 20:00:00;12.04.2023 21:00:00;182;127;1812;;40;;909;3070
12.04.2023 21:00:00;12.04.2023 22:00:00;182;103;1260;;46;;897;2488
12.04.2023 22:00:00;12.04.2023 23:00:00;182;98;1068;;45;;876;2269
12.04.2023 23:00:00;13.04.2023 00:00:00;182;97;1000;;46;;870;2195
13.04.2023 00:00:00;13.04.2023 01:00:00;182;105;1007;;44;;925;2263
13.04.2023 01:00:00;13.04.2023 02:00:00;182;105;947;;45;;923;2202
13.04.2023 02:00:00;13.04.2023 03:00:00;182;107;840;;47;;877;2053
13.04.2023 03:00:00;13.04.2023 04:00:00;183;107;818;;48;;842;1998
13.04.2023 04:00:00;13.04.2023 05:00:00;183;97;840;;44;;827;1991
13.04.2023 05:00:00;13.04.2023 06:00:00;183;106;1041;;45;;843;2218
13.04.2023 06:00:00;13.04.2023 07:00:00;183;106;1340;;45;;858;2532
13.04.2023 07:00:00;13.04.2023 08:00:00;183;122;1683;;45;;848;2881
13.04.2023 08:00:00;13.04.2023 09:00:00;183;138;1849;;46;;801;3017
13.04.2023 09:00:00;13.04.2023 10:00:00;183;150;2028;;45;;793;3199
13.04.2023 10:00:00;13.04.2023 11:00:00;184;145;1915;;46;;778;3068
13.04.2023 11:00:00;13.04.2023 12:00:00;185;144;1765;;45;;791;2930
13.04.2023 12:00:00;13.04.2023 13:00:00;185;142;1703;;46;;804;2880
13.04.2023 13:00:00;13.04.2023 14:00:00;188;135;1464;;46;;760;2593
13.04.2023 14:00:00;13.04.2023 15:00:00;188;144;1246;;45;;753;2376
13.04.2023 15:00:00;13.04.2023 16:00:00;187;139;1255;;48;;725;2354
13.04.2023 16:00:00;13.04.2023 17:00:00;187;139;1298;;44;;734;2402
13.04.2023 17:00:00;13.04.2023 18:00:00;187;140;1365;;43;;707;2442
13.04.2023 18:00:00;13.04.2023 19:00:00;187;142;1392;;43;;708;2472
13.04.2023 19:00:00;13.04.2023 20:00:00;187;139;1422;;44;;691;2483
13.04.2023 20:00:00;13.04.2023 21:00:00;187;136;1333;;45;;737;2438
13.04.2023 21:00:00;13.04.2023 22:00:00;188;136;1181;;47;;733;2285
13.04.2023 22:00:00;13.04.2023 23:00:00;188;128;996;;43;;755;2110
13.04.2023 23:00:00;14.04.2023 00:00:00;188;128;921;;45;;760;2042
14.04.2023 00:00:00;14.04.2023 01:00:00;188;113;1022;;45;;748;2116
14.04.2023 01:00:00;14.04.2023 02:00:00;188;112;1009;;46;;773;2128
14.04.2023 02:00:00;14.04.2023 03:00:00;188;114;1092;;43;;734;2171
14.04.2023 03:00:00;14.04.2023 04:00:00;188;121;1188;;47;;716;2260
14.04.2023 04:00:00;14.04.2023 05:00:00;188;99;1483;;43;;739;2552
14.04.2023 05:00:00;14.04.2023 06:00:00;189;112;1746;;45;;717;2809
14.04.2023 06:00:00;14.04.2023 07:00:00;189;130;2023;;44;;682;3068
14.04.2023 07:00:00;14.04.2023 08:00:00;189;144;2367;;44;;664;3408
14.04.2023 08:00:00;14.04.2023 09:00:00;189;140;2711;;44;;670;3754
14.04.2023 09:00:00;14.04.2023 10:00:00;188;162;2846;;44;;628;3868
14.04.2023 10:00:00;14.04.2023 11:00:00;188;160;3045;;46;;637;4076
14.04.2023 11:00:00;14.04.2023 12:00:00;189;151;2983;;44;;640;4007
14.04.2023 12:00:00;14.04.2023 13:00:00;188;153;2820;;46;;630;3837
14.04.2023 13:00:00;14.04.2023 14:00:00;187;147;2682;;44;;663;3723
14.04.2023 14:00:00;14.04.2023 15:00:00;187;151;2842;;45;;693;3918
14.04.2023 15:00:00;14.04.2023 16:00:00;186;155;2658;;47;;693;3739
14.04.2023 16:00:00;14.04.2023 17:00:00;186;155;2748;;45;;640;3774
14.04.2023 17:00:00;14.04.2023 18:00:00;187;157;2683;;43;;682;3752
14.04.2023 18:00:00;14.04.2023 19:00:00;187;156;2699;;44;;647;3733
14.04.2023 19:00:00;14.04.2023 20:00:00;187;156;2683;;53;;635;3714
14.04.2023 20:00:00;14.04.2023 21:00:00;185;156;2695;;43;;621;3700
14.04.2023 21:00:00;14.04.2023 22:00:00;186;143;2489;;40;;585;3443
14.04.2023 22:00:00;14.04.2023 23:00:00;186;140;2222;;46;;556;3150
14.04.2023 23:00:00;15.04.2023 00:00:00;187;135;1892;;48;;565;2827
15.04.2023 00:00:00;15.04.2023 01:00:00;187;134;2044;;46;;579;2990
15.04.2023 01:00:00;15.04.2023 02:00:00;187;140;2099;;47;;566;3039
15.04.2023 02:00:00;15.04.2023 03:00:00;187;148;2318;;46;;533;3232
15.04.2023 03:00:00;15.04.2023 04:00:00;188;148;2672;;42;;527;3577
15.04.2023 04:00:00;15.04.2023 05:00:00;188;150;3007;;43;;493;3881
15.04.2023 05:00:00;15.04.2023 06:00:00;188;147;3166;;45;;482;4028
15.04.2023 06:00:00;15.04.2023 07:00:00;188;155;3232;;42;;494;4111
15.04.2023 07:00:00;15.04.2023 08:00:00;188;156;3291;;41;;487;4163
15.04.2023 08:00:00;15.04.2023 09:00:00;188;155;3274;;43;;481;4141
15.04.2023 09:00:00;15.04.2023 10:00:00;188;158;3308;;45;;463;4162
15.04.2023 10:00:00;15.04.2023 11:00:00;187;157;3074;;47;;487;3952
15.04.2023 11:00:00;15.04.2023 12:00:00;187;156;3004;;47;;473;3867
15.04.2023 12:00:00;15.04.2023 13:00:00;188;151;3007;;47;;448;3841
15.04.2023 13:00:00;15.04.2023 14:00:00;189;155;2994;;47;;393;3778
15.04.2023 14:00:00;15.04.2023 15:00:00;189;151;3050;;46;;374;3810
15.04.2023 15:00:00;15.04.2023 16:00:00;189;152;3209;;47;;341;3938
15.04.2023 16:00:00;15.04.2023 17:00:00;188;152;3323;;45;;325;4033
15.04.2023 17:00:00;15.04.2023 18:00:00;188;152;3438;;44;;322;4144
15.04.2023 18:00:00;15.04.2023 19:00:00;188;150;3435;;44;;310;4127
15.04.2023 19:00:00;15.04.2023 20:00:00;187;150;3403;;44;;284;4068
15.04.2023 20:00:00;15.04.2023 21:00:00;186;155;3376;;45;;299;4061
15.04.2023 21:00:00;15.04.2023 22:00:00;186;145;3525;;45;;293;4194
15.04.2023 22:00:00;15.04.2023 23:00:00;186;142;3418;;45;;272;4063
15.04.2023 23:00:00;16.04.2023 00:00:00;187;142;3210;;45;;246;3830
16.04.2023 00:00:00;16.04.2023 01:00:00;187;140;3263;;44;;217;3851
16.04.2023 01:00:00;16.04.2023 02:00:00;187;146;3398;;44;;206;3981
16.04.2023 02:00:00;16.04.2023 03:00:00;188;145;3491;;43;;179;4046
16.04.2023 03:00:00;16.04.2023 04:00:00;188;147;3503;;42;;160;4040
16.04.2023 04:00:00;16.04.2023 05:00:00;188;149;3541;;41;;131;4050
16.04.2023 05:00:00;16.04.2023 06:00:00;185;147;3591;;42;;115;4080
16.04.2023 06:00:00;16.04.2023 07:00:00;186;147;3569;;41;;84;4027
16.04.2023 07:00:00;16.04.2023 08:00:00;186;147;3585;;41;;68;4027
16.04.2023 08:00:00;16.04.2023 09:00:00;185;146;3438;;42;;45;3856
16.04.2023 09:00:00;16.04.2023 10:00:00;185;149;3494;;42;;43;3913
16.04.2023 10:00:00;16.04.2023 11:00:00;185;150;3577;;43;;32;3987
16.04.2023 11:00:00;16.04.2023 12:00:00;185;150;3549;;43;;36;3963
16.04.2023 12:00:00;16.04.2023 13:00:00;188;148;3555;;44;;46;3981
16.04.2023 13:00:00;16.04.2023 14:00:00;188;152;3585;;45;;47;4017
16.04.2023 14:00:00;16.04.2023 15:00:00;186;152;3551;;44;;53;3986
16.04.2023 15:00:00;16.04.2023 16:00:00;185;156;3585;;42;;55;4023
16.04.2023 16:00:00;16.04.2023 17:00:00;185;156;3553;;42;;73;4009
16.04.2023 17:00:00;16.04.2023 18:00:00;185;155;3549;;40;;116;4045
16.04.2023 18:00:00;16.04.2023 19:00:00;185;155;3547;;42;;78;4007
16.04.2023 19:00:00;16.04.2023 20:00:00;185;151;3383;;41;;67;3827
16.04.2023 20:00:00;16.04.2023 21:00:00;185;151;3350;;47;;77;3810
16.04.2023 21:00:00;16.04.2023 22:00:00;185;150;3385;;43;;71;3834
16.04.2023 22:00:00;16.04.2023 23:00:00;185;149;3310;;44;;67;3755
16.04.2023 23:00:00;17.04.2023 00:00:00;185;150;3294;;44;;71;3744
17.04.2023 00:00:00;17.04.2023 01:00:00;183;145;3306;;45;;80;3759
17.04.2023 01:00:00;17.04.2023 02:00:00;183;144;3309;;46;;81;3763
17.04.2023 02:00:00;17.04.2023 03:00:00;183;144;3328;;40;;95;3790
17.04.2023 03:00:00;17.04.2023 04:00:00;183;144;3320;;37;;120;3804
17.04.2023 04:00:00;17.04.2023 05:00:00;182;142;3313;;45;;96;3778
17.04.2023 05:00:00;17.04.2023 06:00:00;183;142;3317;;53;;119;3814
17.04.2023 06:00:00;17.04.2023 07:00:00;184;141;3345;;58;;128;3856
17.04.2023 07:00:00;17.04.2023 08:00:00;184;144;3506;;55;;117;4006
17.04.2023 08:00:00;17.04.2023 09:00:00;183;145;3550;;53;;117;4048
17.04.2023 09:00:00;17.04.2023 10:00:00;182;143;3476;;55;;128;3984
17.04.2023 10:00:00;17.04.2023 11:00:00;183;144;3385;;52;;185;3949
17.04.2023 11:00:00;17.04.2023 12:00:00;184;143;3360;;46;;245;3978
17.04.2023 12:00:00;17.04.2023 13:00:00;184;143;3344;;44;;251;3966
17.04.2023 13:00:00;17.04.2023 14:00:00;184;142;3293;;41;;256;3916
17.04.2023 14:00:00;17.04.2023 15:00:00;184;142;3289;;44;;271;3930
17.04.2023 15:00:00;17.04.2023 16:00:00;184;143;3319;;44;;262;3952
17.04.2023 16:00:00;17.04.2023 17:00:00;184;143;3309;;42;;288;3966
17.04.2023 17:00:00;17.04.2023 18:00:00;184;145;3286;;41;;285;3941
17.04.2023 18:00:00;17.04.2023 19:00:00;183;144;3266;;41;;300;3934
17.04.2023 19:00:00;17.04.2023 20:00:00;182;153;3407;;42;;234;4018
17.04.2023 20:00:00;17.04.2023 21:00:00;183;176;3468;;45;;220;4092
17.04.2023 21:00:00;17.04.2023 22:00:00;183;159;3352;;46;;194;3934
17.04.2023 22:00:00;17.04.2023 23:00:00;184;149;3305;;46;;166;3850
17.04.2023 23:00:00;18.04.2023 00:00:00;184;149;3275;;46;;174;3828
18.04.2023 00:00:00;18.04.2023 01:00:00;183;143;3267;;44;;147;3784
18.04.2023 01:00:00;18.04.2023 02:00:00;183;142;3277;;45;;148;3795
18.04.2023 02:00:00;18.04.2023 03:00:00;181;144;3292;;45;;146;3808
18.04.2023 03:00:00;18.04.2023 04:00:00;181;144;3279;;44;;133;3781
18.04.2023 04:00:00;18.04.2023 05:00:00;181;143;3242;;44;;133;3743
18.04.2023 05:00:00;18.04.2023 06:00:00;181;143;3226;;44;;144;3738
18.04.2023 06:00:00;18.04.2023 07:00:00;180;144;3337;;43;;154;3858
18.04.2023 07:00:00;18.04.2023 08:00:00;181;144;3375;;37;;180;3917
18.04.2023 08:00:00;18.04.2023 09:00:00;182;164;3411;;38;;262;4057
18.04.2023 09:00:00;18.04.2023 10:00:00;182;155;3297;;37;;311;3982
18.04.2023 10:00:00;18.04.2023 11:00:00;181;141;3219;;41;;297;3879
18.04.2023 11:00:00;18.04.2023 12:00:00;182;140;3195;;41;;301;3859
18.04.2023 12:00:00;18.04.2023 13:00:00;184;140;3168;;59;;366;3917
18.04.2023 13:00:00;18.04.2023 14:00:00;184;141;3150;;40;;359;3874
18.04.2023 14:00:00;18.04.2023 15:00:00;184;140;3086;;37;;341;3788
18.04.2023 15:00:00;18.04.2023 16:00:00;184;141;3064;;39;;420;3848
18.04.2023 16:00:00;18.04.2023 17:00:00;184;145;3004;;38;;467;3838
18.04.2023 17:00:00;18.04.2023 18:00:00;183;146;3000;;38;;469;3836
18.04.2023 18:00:00;18.04.2023 19:00:00;183;146;3057;;39;;522;3947
18.04.2023 19:00:00;18.04.2023 20:00:00;184;146;3112;;37;;570;4049
18.04.2023 20:00:00;18.04.2023 21:00:00;183;147;3189;;40;;569;4128
18.04.2023 21:00:00;18.04.2023 22:00:00;181;146;3100;;41;;573;4041
18.04.2023 22:00:00;18.04.2023 23:00:00;181;146;3051;;41;;569;3988
18.04.2023 23:00:00;19.04.2023 00:00:00;181;145;3025;;41;;536;3928
19.04.2023 00:00:00;19.04.2023 01:00:00;182;141;3045;;41;;460;3869
19.04.2023 01:00:00;19.04.2023 02:00:00;182;144;3032;;41;;383;3782
19.04.2023 02:00:00;19.04.2023 03:00:00;182;145;3031;;38;;335;3731
19.04.2023 03:00:00;19.04.2023 04:00:00;182;145;3030;;40;;339;3736
19.04.2023 04:00:00;19.04.2023 05:00:00;182;145;3042;;38;;342;3749
19.04.2023 05:00:00;19.04.2023 06:00:00;183;146;3070;;41;;358;3798
19.04.2023 06:00:00;19.04.2023 07:00:00;182;145;3111;;40;;351;3829
19.04.2023 07:00:00;19.04.2023 08:00:00;183;154;3222;;44;;395;3998
19.04.2023 08:00:00;19.04.2023 09:00:00;183;157;3208;;43;;398;3989
19.04.2023 09:00:00;19.04.2023 10:00:00;183;156;3167;;41;;346;3893
19.04.2023 10:00:00;19.04.2023 11:00:00;183;156;3102;;44;;353;3838
19.04.2023 11:00:00;19.04.2023 12:00:00;183;157;3159;;45;;371;3915
19.04.2023 12:00:00;19.04.2023 13:00:00;183;157;2859;;54;;346;3599
19.04.2023 13:00:00;19.04.2023 14:00:00;183;156;2468;;50;;360;3217
19.04.2023 14:00:00;19.04.2023 15:00:00;183;159;2674;;39;;320;3375
19.04.2023 15:00:00;19.04.2023 16:00:00;183;163;2949;;19;;316;3630
19.04.2023 16:00:00;19.04.2023 17:00:00;183;165;3148;;31;;323;3850
19.04.2023 17:00:00;19.04.2023 18:00:00;183;166;3103;;38;;319;3809
19.04.2023 18:00:00;19.04.2023 19:00:00;182;167;3119;;37;;360;3865
19.04.2023 19:00:00;19.04.2023 20:00:00;182;166;3189;;39;;378;3954
19.04.2023 20:00:00;19.04.2023 21:00:00;182;164;3201;;37;;390;3974
19.04.2023 21:00:00;19.04.2023 22:00:00;182;164;3126;;41;;426;3939
19.04.2023 22:00:00;19.04.2023 23:00:00;183;158;3036;;43;;393;3813
19.04.2023 23:00:00;20.04.2023 00:00:00;183;160;3035;;50;;481;3909
20.04.2023 00:00:00;20.04.2023 01:00:00;183;151;2940;;46;;608;3928
20.04.2023 01:00:00;20.04.2023 02:00:00;183;157;3124;;39;;632;4135
20.04.2023 02:00:00;20.04.2023 03:00:00;182;155;3121;;34;;621;4113
20.04.2023 03:00:00;20.04.2023 04:00:00;183;152;3042;;34;;547;3958
20.04.2023 04:00:00;20.04.2023 05:00:00;183;159;3026;;39;;460;3867
20.04.2023 05:00:00;20.04.2023 06:00:00;184;160;3035;;40;;393;3812
20.04.2023 06:00:00;20.04.2023 07:00:00;183;162;3140;;41;;363;3889
20.04.2023 07:00:00;20.04.2023 08:00:00;183;167;3256;;40;;369;4015
20.04.2023 08:00:00;20.04.2023 09:00:00;183;176;3254;;40;;395;4048
20.04.2023 09:00:00;20.04.2023 10:00:00;184;185;3148;;37;;392;3946
20.04.2023 10:00:00;20.04.2023 11:00:00;183;178;3122;;37;;358;3878
20.04.2023 11:00:00;20.04.2023 12:00:00;183;166;3086;;37;;408;3880
20.04.2023 12:00:00;20.04.2023 13:00:00;183;167;3123;;41;;435;3949
20.04.2023 13:00:00;20.04.2023 14:00:00;183;164;3128;;43;;426;3944
20.04.2023 14:00:00;20.04.2023 15:00:00;200;167;3045;;43;;440;3895
20.04.2023 15:00:00;20.04.2023 16:00:00;201;170;2998;;44;;477;3890
20.04.2023 16:00:00;20.04.2023 17:00:00;201;165;2932;;41;;547;3886
20.04.2023 17:00:00;20.04.2023 18:00:00;202;169;2923;;40;;565;3899
20.04.2023 18:00:00;20.04.2023 19:00:00;202;169;3006;;40;;507;3924
20.04.2023 19:00:00;20.04.2023 20:00:00;201;166;3052;;37;;502;3958
20.04.2023 20:00:00;20.04.2023 21:00:00;201;164;3036;;39;;482;3922
20.04.2023 21:00:00;20.04.2023 22:00:00;202;166;3023;;46;;510;3947
20.04.2023 22:00:00;20.04.2023 23:00:00;202;167;2944;;43;;472;3828
20.04.2023 23:00:00;21.04.2023 00:00:00;202;175;2852;;39;;431;3699
21.04.2023 00:00:00;21.04.2023 01:00:00;202;184;2993;;39;;396;3814
21.04.2023 01:00:00;21.04.2023 02:00:00;202;184;2980;;37;;429;3832
21.04.2023 02:00:00;21.04.2023 03:00:00;202;188;2999;;36;;470;3895
21.04.2023 03:00:00;21.04.2023 04:00:00;200;185;2986;;37;;396;3804
21.04.2023 04:00:00;21.04.2023 05:00:00;202;186;3018;;37;;353;3796
21.04.2023 05:00:00;21.04.2023 06:00:00;201;187;3022;;40;;339;3789
21.04.2023 06:00:00;21.04.2023 07:00:00;201;188;3120;;39;;346;3894
21.04.2023 07:00:00;21.04.2023 08:00:00;197;188;3227;;42;;310;3964
21.04.2023 08:00:00;21.04.2023 09:00:00;184;189;3272;;39;;291;3975
21.04.2023 09:00:00;21.04.2023 10:00:00;184;193;3280;;40;;252;3949
21.04.2023 10:00:00;21.04.2023 11:00:00;184;195;3253;;49;;272;3953
21.04.2023 11:00:00;21.04.2023 12:00:00;185;194;3224;;39;;343;3985
21.04.2023 12:00:00;21.04.2023 13:00:00;184;198;3366;;38;;386;4172
21.04.2023 13:00:00;21.04.2023 14:00:00;184;187;3089;;38;;408;3906
21.04.2023 14:00:00;21.04.2023 15:00:00;194;184;3064;;36;;373;3851
21.04.2023 15:00:00;21.04.2023 16:00:00;203;186;3120;;41;;375;3925
21.04.2023 16:00:00;21.04.2023 17:00:00;202;189;3103;;42;;444;3980
21.04.2023 17:00:00;21.04.2023 18:00:00;203;191;3115;;38;;490;4037
21.04.2023 18:00:00;21.04.2023 19:00:00;205;189;3109;;36;;486;4025
21.04.2023 19:00:00;21.04.2023 20:00:00;204;189;3100;;38;;421;3952
21.04.2023 20:00:00;21.04.2023 21:00:00;205;188;2971;;43;;456;3863
21.04.2023 21:00:00;21.04.2023 22:00:00;206;204;2881;;49;;427;3767
21.04.2023 22:00:00;21.04.2023 23:00:00;205;206;2789;;44;;393;3637
21.04.2023 23:00:00;22.04.2023 00:00:00;204;204;2361;;45;;423;3237
22.04.2023 00:00:00;22.04.2023 01:00:00;204;207;1938;;46;;472;2867
22.04.2023 01:00:00;22.04.2023 02:00:00;204;207;1846;;44;;539;2840
22.04.2023 02:00:00;22.04.2023 03:00:00;203;208;1888;;42;;578;2919
22.04.2023 03:00:00;22.04.2023 04:00:00;204;207;2217;;43;;558;3229
22.04.2023 04:00:00;22.04.2023 05:00:00;204;212;2583;;41;;602;3642
22.04.2023 05:00:00;22.04.2023 06:00:00;204;220;2657;;45;;572;3698
22.04.2023 06:00:00;22.04.2023 07:00:00;205;223;2768;;41;;477;3714
22.04.2023 07:00:00;22.04.2023 08:00:00;205;222;2807;;39;;597;3870
22.04.2023 08:00:00;22.04.2023 09:00:00;205;233;2865;;41;;495;3839
22.04.2023 09:00:00;22.04.2023 10:00:00;204;232;2857;;45;;566;3904
22.04.2023 10:00:00;22.04.2023 11:00:00;203;231;2834;;47;;654;3969
22.04.2023 11:00:00;22.04.2023 12:00:00;201;237;2691;;43;;505;3677
22.04.2023 12:00:00;22.04.2023 13:00:00;201;227;2034;;40;;511;3013
22.04.2023 13:00:00;22.04.2023 14:00:00;202;224;1641;;46;;473;2586
22.04.2023 14:00:00;22.04.2023 15:00:00;202;223;1589;;45;;515;2574
22.04.2023 15:00:00;22.04.2023 16:00:00;201;232;2355;;47;;488;3323
22.04.2023 16:00:00;22.04.2023 17:00:00;202;228;2750;;43;;560;3783
22.04.2023 17:00:00;22.04.2023 18:00:00;201;228;2809;;41;;575;3854
22.04.2023 18:00:00;22.04.2023 19:00:00;201;246;3179;;34;;579;4239
22.04.2023 19:00:00;22.04.2023 20:00:00;201;246;3241;;38;;519;4245
22.04.2023 20:00:00;22.04.2023 21:00:00;202;243;3014;;43;;461;3963
22.04.2023 21:00:00;22.04.2023 22:00:00;201;242;2973;;39;;424;3879
22.04.2023 22:00:00;22.04.2023 23:00:00;201;240;2915;;38;;406;3800
22.04.2023 23:00:00;23.04.2023 00:00:00;202;239;2871;;41;;443;3796
23.04.2023 00:00:00;23.04.2023 01:00:00;202;207;2813;;42;;410;3674
23.04.2023 01:00:00;23.04.2023 02:00:00;202;205;2773;;41;;379;3600
23.04.2023 02:00:00;23.04.2023 03:00:00;201;201;2771;;39;;308;3520
23.04.2023 03:00:00;23.04.2023 04:00:00;202;189;2813;;38;;319;3561
23.04.2023 04:00:00;23.04.2023 05:00:00;201;188;2993;;40;;290;3712
23.04.2023 05:00:00;23.04.2023 06:00:00;201;185;2949;;40;;334;3709
23.04.2023 06:00:00;23.04.2023 07:00:00;202;184;2945;;40;;336;3707
23.04.2023 07:00:00;23.04.2023 08:00:00;201;181;2911;;42;;311;3646
23.04.2023 08:00:00;23.04.2023 09:00:00;201;188;3063;;43;;323;3818
23.04.2023 09:00:00;23.04.2023 10:00:00;202;209;3100;;44;;301;3856
23.04.2023 10:00:00;23.04.2023 11:00:00;202;214;3072;;22;;336;3846
23.04.2023 11:00:00;23.04.2023 12:00:00;202;211;3101;;23;;334;3871
23.04.2023 12:00:00;23.04.2023 13:00:00;202;205;2933;;20;;309;3669
23.04.2023 13:00:00;23.04.2023 14:00:00;202;212;1938;;20;;310;2682
23.04.2023 14:00:00;23.04.2023 15:00:00;202;209;1798;;21;;272;2502
23.04.2023 15:00:00;23.04.2023 16:00:00;201;209;2893;;21;;281;3605
23.04.2023 16:00:00;23.04.2023 17:00:00;202;219;3144;;23;;286;3874
23.04.2023 17:00:00;23.04.2023 18:00:00;201;234;3360;;24;;280;4099
23.04.2023 18:00:00;23.04.2023 19:00:00;202;236;3322;;23;;307;4090
23.04.2023 19:00:00;23.04.2023 20:00:00;201;234;3324;;23;;328;4110
23.04.2023 20:00:00;23.04.2023 21:00:00;201;232;3339;;25;;321;4118
23.04.2023 21:00:00;23.04.2023 22:00:00;201;231;3313;;24;;290;4059
23.04.2023 22:00:00;23.04.2023 23:00:00;201;221;3337;;27;;243;4029
23.04.2023 23:00:00;24.04.2023 00:00:00;201;223;3174;;23;;223;3844
24.04.2023 00:00:00;24.04.2023 01:00:00;198;206;3217;;23;;189;3833
24.04.2023 01:00:00;24.04.2023 02:00:00;198;203;3124;;29;;159;3713
24.04.2023 02:00:00;24.04.2023 03:00:00;198;201;3120;;26;;119;3664
24.04.2023 03:00:00;24.04.2023 04:00:00;199;198;3192;;29;;105;3723
24.04.2023 04:00:00;24.04.2023 05:00:00;198;208;3247;;26;;105;3784
24.04.2023 05:00:00;24.04.2023 06:00:00;199;224;3236;;0;;107;3766
24.04.2023 06:00:00;24.04.2023 07:00:00;199;219;3336;;0;;96;3850
24.04.2023 07:00:00;24.04.2023 08:00:00;195;220;3600;;17;;77;4109
24.04.2023 08:00:00;24.04.2023 09:00:00;184;228;3631;;19;;86;4148
24.04.2023 09:00:00;24.04.2023 10:00:00;185;216;3588;;19;;77;4085
24.04.2023 10:00:00;24.04.2023 11:00:00;185;197;3436;;22;;113;3953
24.04.2023 11:00:00;24.04.2023 12:00:00;185;193;3402;;21;;69;3870
24.04.2023 12:00:00;24.04.2023 13:00:00;187;196;3446;;28;;64;3921
24.04.2023 13:00:00;24.04.2023 14:00:00;188;201;3415;;25;;66;3895
24.04.2023 14:00:00;24.04.2023 15:00:00;187;202;3499;;21;;77;3986
24.04.2023 15:00:00;24.04.2023 16:00:00;185;199;3393;;22;;97;3896
24.04.2023 16:00:00;24.04.2023 17:00:00;186;202;3373;;23;;87;3871
24.04.2023 17:00:00;24.04.2023 18:00:00;187;202;3431;;22;;111;3953
24.04.2023 18:00:00;24.04.2023 19:00:00;187;202;3417;;23;;138;3967
24.04.2023 19:00:00;24.04.2023 20:00:00;187;201;3350;;20;;154;3912
24.04.2023 20:00:00;24.04.2023 21:00:00;187;199;3324;;19;;142;3871
24.04.2023 21:00:00;24.04.2023 22:00:00;187;196;3222;;14;;169;3788
24.04.2023 22:00:00;24.04.2023 23:00:00;186;184;3202;;11;;190;3773
24.04.2023 23:00:00;25.04.2023 00:00:00;186;178;3147;;11;;212;3734
25.04.2023 00:00:00;25.04.2023 01:00:00;186;186;3011;;11;;227;3621
25.04.2023 01:00:00;25.04.2023 02:00:00;196;189;2944;;12;;243;3584
25.04.2023 02:00:00;25.04.2023 03:00:00;198;181;2968;;12;;277;3636
25.04.2023 03:00:00;25.04.2023 04:00:00;198;180;2942;;11;;310;3641
25.04.2023 04:00:00;25.04.2023 05:00:00;198;178;2877;;11;;376;3640
25.04.2023 05:00:00;25.04.2023 06:00:00;199;177;2868;;13;;377;3634
25.04.2023 06:00:00;25.04.2023 07:00:00;198;176;3014;;14;;370;3772
25.04.2023 07:00:00;25.04.2023 08:00:00;193;200;3303;;15;;375;4086
25.04.2023 08:00:00;25.04.2023 09:00:00;181;201;3337;;15;;356;4090
25.04.2023 09:00:00;25.04.2023 10:00:00;181;200;3265;;18;;359;4023
25.04.2023 10:00:00;25.04.2023 11:00:00;183;192;3262;;20;;362;4019
25.04.2023 11:00:00;25.04.2023 12:00:00;184;192;3216;;19;;391;4002
25.04.2023 12:00:00;25.04.2023 13:00:00;184;185;3253;;22;;368;4012
25.04.2023 13:00:00;25.04.2023 14:00:00;183;171;3001;;19;;346;3720
25.04.2023 14:00:00;25.04.2023 15:00:00;183;167;2980;;18;;314;3662
25.04.2023 15:00:00;25.04.2023 16:00:00;185;166;2917;;17;;310;3595
25.04.2023 16:00:00;25.04.2023 17:00:00;186;167;2972;;18;;275;3618
25.04.2023 17:00:00;25.04.2023 18:00:00;186;174;3032;;18;;260;3670
25.04.2023 18:00:00;25.04.2023 19:00:00;186;177;3125;;18;;263;3769
25.04.2023 19:00:00;25.04.2023 20:00:00;186;177;3119;;17;;240;3739
25.04.2023 20:00:00;25.04.2023 21:00:00;186;176;3172;;19;;249;3802
25.04.2023 21:00:00;25.04.2023 22:00:00;186;178;3420;;20;;288;4092
25.04.2023 22:00:00;25.04.2023 23:00:00;186;174;3228;;20;;329;3937
25.04.2023 23:00:00;26.04.2023 00:00:00;186;169;3176;;22;;258;3811
26.04.2023 00:00:00;26.04.2023 01:00:00;186;169;3012;;21;;188;3576
26.04.2023 01:00:00;26.04.2023 02:00:00;186;172;3035;;21;;168;3582
26.04.2023 02:00:00;26.04.2023 03:00:00;186;171;3037;;20;;138;3552
26.04.2023 03:00:00;26.04.2023 04:00:00;186;166;3075;;22;;143;3592
26.04.2023 04:00:00;26.04.2023 05:00:00;188;178;3090;;19;;147;3622
26.04.2023 05:00:00;26.04.2023 06:00:00;187;193;3093;;21;;167;3661
26.04.2023 06:00:00;26.04.2023 07:00:00;183;192;3189;;19;;178;3761
26.04.2023 07:00:00;26.04.2023 08:00:00;173;179;3199;;18;;191;3760
26.04.2023 08:00:00;26.04.2023 09:00:00;176;176;3160;;19;;206;3737
26.04.2023 09:00:00;26.04.2023 10:00:00;182;173;3194;;20;;183;3752
26.04.2023 10:00:00;26.04.2023 11:00:00;182;177;3235;;22;;187;3803
26.04.2023 11:00:00;26.04.2023 12:00:00;182;175;3248;;18;;177;3800
26.04.2023 12:00:00;26.04.2023 13:00:00;181;176;3296;;19;;175;3847
26.04.2023 13:00:00;26.04.2023 14:00:00;185;174;3331;;20;;186;3896
26.04.2023 14:00:00;26.04.2023 15:00:00;192;174;3301;;20;;216;3903
26.04.2023 15:00:00;26.04.2023 16:00:00;193;164;3214;;16;;225;3812
26.04.2023 16:00:00;26.04.2023 17:00:00;193;168;3197;;24;;221;3803
26.04.2023 17:00:00;26.04.2023 18:00:00;193;164;3217;;20;;227;3821
26.04.2023 18:00:00;26.04.2023 19:00:00;193;167;3392;;17;;257;4026
26.04.2023 19:00:00;26.04.2023 20:00:00;195;181;3500;;21;;287;4184
26.04.2023 20:00:00;26.04.2023 21:00:00;194;179;3491;;21;;317;4202
26.04.2023 21:00:00;26.04.2023 22:00:00;197;178;3455;;23;;297;4150
26.04.2023 22:00:00;26.04.2023 23:00:00;196;177;3333;;21;;285;4012
26.04.2023 23:00:00;27.04.2023 00:00:00;197;176;3407;;12;;280;4072
27.04.2023 00:00:00;27.04.2023 01:00:00;197;173;3118;;11;;349;3848
27.04.2023 01:00:00;27.04.2023 02:00:00;198;171;3122;;10;;407;3908
27.04.2023 02:00:00;27.04.2023 03:00:00;199;176;3130;;11;;374;3890
27.04.2023 03:00:00;27.04.2023 04:00:00;199;178;3146;;14;;363;3900
27.04.2023 04:00:00;27.04.2023 05:00:00;200;177;3131;;12;;421;3941
27.04.2023 05:00:00;27.04.2023 06:00:00;203;175;3109;;12;;408;3907
27.04.2023 06:00:00;27.04.2023 07:00:00;204;177;3195;;13;;372;3961
27.04.2023 07:00:00;27.04.2023 08:00:00;202;175;3299;;15;;439;4130
27.04.2023 08:00:00;27.04.2023 09:00:00;201;173;3186;;14;;396;3970
27.04.2023 09:00:00;27.04.2023 10:00:00;202;173;3180;;12;;399;3966
27.04.2023 10:00:00;27.04.2023 11:00:00;202;171;3185;;12;;412;3982
27.04.2023 11:00:00;27.04.2023 12:00:00;201;172;3198;;13;;395;3979
27.04.2023 12:00:00;27.04.2023 13:00:00;201;174;3124;;12;;405;3916
27.04.2023 13:00:00;27.04.2023 14:00:00;201;174;3112;;14;;443;3944
27.04.2023 14:00:00;27.04.2023 15:00:00;201;173;3050;;13;;464;3901
27.04.2023 15:00:00;27.04.2023 16:00:00;201;172;3056;;12;;482;3923
27.04.2023 16:00:00;27.04.2023 17:00:00;201;174;3109;;49;;477;4010
27.04.2023 17:00:00;27.04.2023 18:00:00;201;176;3090;;50;;468;3985
27.04.2023 18:00:00;27.04.2023 19:00:00;201;178;3133;;48;;467;4027
27.04.2023 19:00:00;27.04.2023 20:00:00;202;178;3181;;44;;455;4060
27.04.2023 20:00:00;27.04.2023 21:00:00;201;185;3170;;43;;440;4039
27.04.2023 21:00:00;27.04.2023 22:00:00;201;186;3182;;32;;460;4061
27.04.2023 22:00:00;27.04.2023 23:00:00;201;185;3225;;46;;465;4122
27.04.2023 23:00:00;28.04.2023 00:00:00;201;182;3107;;56;;447;3993
28.04.2023 00:00:00;28.04.2023 01:00:00;202;176;3019;;52;;443;3892
28.04.2023 01:00:00;28.04.2023 02:00:00;202;176;2999;;52;;384;3813
28.04.2023 02:00:00;28.04.2023 03:00:00;202;179;3006;;48;;392;3827
28.04.2023 03:00:00;28.04.2023 04:00:00;201;180;3032;;50;;428;3891
28.04.2023 04:00:00;28.04.2023 05:00:00;201;182;3038;;48;;447;3916
28.04.2023 05:00:00;28.04.2023 06:00:00;202;178;3004;;47;;435;3866
28.04.2023 06:00:00;28.04.2023 07:00:00;202;180;3097;;44;;454;3977
28.04.2023 07:00:00;28.04.2023 08:00:00;201;173;3216;;44;;492;4126
28.04.2023 08:00:00;28.04.2023 09:00:00;202;167;3211;;44;;488;4112
28.04.2023 09:00:00;28.04.2023 10:00:00;200;168;3153;;43;;426;3990
28.04.2023 10:00:00;28.04.2023 11:00:00;197;182;3172;;46;;363;3960
28.04.2023 11:00:00;28.04.2023 12:00:00;196;181;3304;;47;;355;4083
28.04.2023 12:00:00;28.04.2023 13:00:00;195;182;3295;;48;;302;4022
28.04.2023 13:00:00;28.04.2023 14:00:00;194;184;3297;;54;;275;4004
28.04.2023 14:00:00;28.04.2023 15:00:00;195;182;3267;;62;;319;4025
28.04.2023 15:00:00;28.04.2023 16:00:00;195;178;3282;;61;;411;4127
28.04.2023 16:00:00;28.04.2023 17:00:00;196;174;3274;;60;;383;4087
28.04.2023 17:00:00;28.04.2023 18:00:00;195;184;3324;;58;;353;4114
28.04.2023 18:00:00;28.04.2023 19:00:00;195;186;3324;;58;;356;4119
28.04.2023 19:00:00;28.04.2023 20:00:00;195;194;3418;;55;;350;4212
28.04.2023 20:00:00;28.04.2023 21:00:00;195;196;3430;;57;;305;4183
28.04.2023 21:00:00;28.04.2023 22:00:00;195;196;3435;;59;;250;4135
28.04.2023 22:00:00;28.04.2023 23:00:00;195;199;3403;;60;;249;4106
28.04.2023 23:00:00;29.04.2023 00:00:00;195;191;3295;;62;;240;3983
29.04.2023 00:00:00;29.04.2023 01:00:00;194;196;3224;;63;;244;3921
29.04.2023 01:00:00;29.04.2023 02:00:00;193;193;3274;;61;;221;3942
29.04.2023 02:00:00;29.04.2023 03:00:00;194;196;3211;;59;;192;3852
29.04.2023 03:00:00;29.04.2023 04:00:00;193;194;3221;;60;;164;3832
29.04.2023 04:00:00;29.04.2023 05:00:00;194;194;3211;;58;;156;3813
29.04.2023 05:00:00;29.04.2023 06:00:00;194;185;3151;;61;;198;3789
29.04.2023 06:00:00;29.04.2023 07:00:00;195;181;3184;;59;;231;3850
29.04.2023 07:00:00;29.04.2023 08:00:00;194;177;3211;;58;;220;3860
29.04.2023 08:00:00;29.04.2023 09:00:00;194;183;3267;;57;;219;3920
29.04.2023 09:00:00;29.04.2023 10:00:00;193;187;3268;;57;;217;3922
29.04.2023 10:00:00;29.04.2023 11:00:00;194;183;3157;;55;;219;3808
29.04.2023 11:00:00;29.04.2023 12:00:00;194;180;3157;;53;;239;3823
29.04.2023 12:00:00;29.04.2023 13:00:00;195;181;3196;;58;;244;3874
29.04.2023 13:00:00;29.04.2023 14:00:00;195;181;3114;;58;;238;3786
29.04.2023 14:00:00;29.04.2023 15:00:00;195;180;2810;;64;;241;3490
29.04.2023 15:00:00;29.04.2023 16:00:00;195;177;2775;;63;;218;3428
29.04.2023 16:00:00;29.04.2023 17:00:00;194;180;2557;;61;;271;3263
29.04.2023 17:00:00;29.04.2023 18:00:00;194;178;2762;;59;;267;3460
29.04.2023 18:00:00;29.04.2023 19:00:00;195;179;2897;;61;;297;3629
29.04.2023 19:00:00;29.04.2023 20:00:00;195;178;3025;;59;;304;3761
29.04.2023 20:00:00;29.04.2023 21:00:00;195;178;2873;;58;;259;3563
29.04.2023 21:00:00;29.04.2023 22:00:00;195;177;2801;;51;;282;3506
29.04.2023 22:00:00;29.04.2023 23:00:00;195;162;2676;;48;;290;3371
29.04.2023 23:00:00;30.04.2023 00:00:00;195;158;2438;;48;;253;3092
30.04.2023 00:00:00;30.04.2023 01:00:00;196;143;2509;;15;;253;3116
30.04.2023 01:00:00;30.04.2023 02:00:00;196;130;2507;;18;;268;3119
30.04.2023 02:00:00;30.04.2023 03:00:00;196;130;2401;;13;;346;3086
30.04.2023 03:00:00;30.04.2023 04:00:00;196;128;2335;;22;;346;3027
30.04.2023 04:00:00;30.04.2023 05:00:00;195;128;1898;;22;;378;2621
30.04.2023 05:00:00;30.04.2023 06:00:00;196;127;1811;;22;;438;2594
30.04.2023 06:00:00;30.04.2023 07:00:00;196;127;2044;;24;;480;2871
30.04.2023 07:00:00;30.04.2023 08:00:00;196;123;2377;;22;;491;3209
30.04.2023 08:00:00;30.04.2023 09:00:00;196;139;2436;;23;;491;3285
30.04.2023 09:00:00;30.04.2023 10:00:00;197;147;2359;;24;;488;3215
30.04.2023 10:00:00;30.04.2023 11:00:00;196;147;1802;;25;;465;2635
30.04.2023 11:00:00;30.04.2023 12:00:00;196;147;1251;;25;;464;2083
30.04.2023 12:00:00;30.04.2023 13:00:00;196;147;1209;;23;;491;2066
30.04.2023 13:00:00;30.04.2023 14:00:00;196;146;1161;;22;;521;2046
30.04.2023 14:00:00;30.04.2023 15:00:00;197;144;1138;;23;;509;2011
30.04.2023 15:00:00;30.04.2023 16:00:00;197;147;1207;;24;;505;2080
30.04.2023 16:00:00;30.04.2023 17:00:00;196;145;1318;;23;;520;2202
30.04.2023 17:00:00;30.04.2023 18:00:00;197;143;2042;;23;;576;2981
30.04.2023 18:00:00;30.04.2023 19:00:00;196;148;1864;;23;;502;2733
30.04.2023 19:00:00;30.04.2023 20:00:00;196;144;1801;;22;;441;2604
30.04.2023 20:00:00;30.04.2023 21:00:00;196;152;1883;;23;;507;2761
30.04.2023 21:00:00;30.04.2023 22:00:00;197;153;2335;;24;;553;3262
30.04.2023 22:00:00;30.04.2023 23:00:00;197;148;2294;;24;;503;3166
30.04.2023 23:00:00;01.05.2023 00:00:00;196;143;2168;;24;;487;3018
01.05.2023 00:00:00;01.05.2023 01:00:00;196;141;2491;;22;;435;3285
01.05.2023 01:00:00;01.05.2023 02:00:00;196;143;2507;;23;;420;3289
01.05.2023 02:00:00;01.05.2023 03:00:00;197;152;2523;;25;;352;3249
01.05.2023 03:00:00;01.05.2023 04:00:00;195;156;2575;;22;;341;3289
01.05.2023 04:00:00;01.05.2023 05:00:00;199;153;2620;;21;;332;3325
01.05.2023 05:00:00;01.05.2023 06:00:00;199;153;2942;;24;;286;3604
01.05.2023 06:00:00;01.05.2023 07:00:00;199;160;3125;;24;;185;3693
01.05.2023 07:00:00;01.05.2023 08:00:00;199;183;3186;;25;;119;3712
01.05.2023 08:00:00;01.05.2023 09:00:00;198;184;3080;;26;;111;3599
01.05.2023 09:00:00;01.05.2023 10:00:00;197;167;3062;;27;;96;3549
01.05.2023 10:00:00;01.05.2023 11:00:00;199;163;2992;;31;;100;3485
01.05.2023 11:00:00;01.05.2023 12:00:00;199;163;2732;;27;;100;3221
01.05.2023 12:00:00;01.05.2023 13:00:00;198;167;2576;;26;;109;3076
01.05.2023 13:00:00;01.05.2023 14:00:00;197;150;2688;;24;;102;3161
01.05.2023 14:00:00;01.05.2023 15:00:00;197;146;2731;;23;;122;3219
01.05.2023 15:00:00;01.05.2023 16:00:00;196;156;2879;;23;;104;3358
01.05.2023 16:00:00;01.05.2023 17:00:00;193;158;3293;;22;;100;3766
01.05.2023 17:00:00;01.05.2023 18:00:00;191;156;3272;;24;;119;3762
01.05.2023 18:00:00;01.05.2023 19:00:00;192;156;3320;;22;;137;3827
01.05.2023 19:00:00;01.05.2023 20:00:00;192;154;3275;;20;;114;3755
01.05.2023 20:00:00;01.05.2023 21:00:00;192;154;3264;;22;;132;3764
01.05.2023 21:00:00;01.05.2023 22:00:00;192;154;3303;;19;;161;3829
01.05.2023 22:00:00;01.05.2023 23:00:00;191;153;3260;;20;;161;3785
01.05.2023 23:00:00;02.05.2023 00:00:00;192;154;3234;;23;;151;3754
02.05.2023 00:00:00;02.05.2023 01:00:00;192;153;3220;;23;;181;3769
02.05.2023 01:00:00;02.05.2023 02:00:00;193;153;3247;;21;;218;3832
02.05.2023 02:00:00;02.05.2023 03:00:00;192;153;3195;;21;;206;3767
02.05.2023 03:00:00;02.05.2023 04:00:00;193;151;3186;;20;;248;3798
02.05.2023 04:00:00;02.05.2023 05:00:00;192;153;3119;;16;;274;3754
02.05.2023 05:00:00;02.05.2023 06:00:00;192;153;3033;;18;;293;3689
02.05.2023 06:00:00;02.05.2023 07:00:00;192;140;2734;;18;;334;3418
02.05.2023 07:00:00;02.05.2023 08:00:00;193;137;2830;;22;;342;3524
02.05.2023 08:00:00;02.05.2023 09:00:00;193;135;2754;;22;;412;3516
02.05.2023 09:00:00;02.05.2023 10:00:00;193;135;2771;;22;;461;3582
02.05.2023 10:00:00;02.05.2023 11:00:00;193;135;2684;;22;;451;3485
02.05.2023 11:00:00;02.05.2023 12:00:00;193;134;2728;;22;;428;3505
02.05.2023 12:00:00;02.05.2023 13:00:00;193;134;2690;;22;;412;3451
02.05.2023 13:00:00;02.05.2023 14:00:00;193;133;2555;;23;;469;3373
02.05.2023 14:00:00;02.05.2023 15:00:00;193;133;2500;;22;;487;3335
02.05.2023 15:00:00;02.05.2023 16:00:00;194;132;2498;;21;;514;3359
02.05.2023 16:00:00;02.05.2023 17:00:00;192;133;2695;;23;;490;3533
02.05.2023 17:00:00;02.05.2023 18:00:00;193;129;2628;;22;;487;3459
02.05.2023 18:00:00;02.05.2023 19:00:00;193;127;2560;;23;;500;3403
02.05.2023 19:00:00;02.05.2023 20:00:00;193;126;2653;;22;;488;3482
02.05.2023 20:00:00;02.05.2023 21:00:00;193;128;2670;;22;;467;3480
02.05.2023 21:00:00;02.05.2023 22:00:00;194;127;2677;;24;;448;3470
02.05.2023 22:00:00;02.05.2023 23:00:00;193;128;2189;;25;;389;2924
02.05.2023 23:00:00;03.05.2023 00:00:00;193;127;1935;;27;;383;2665
03.05.2023 00:00:00;03.05.2023 01:00:00;193;113;1941;;24;;398;2669
03.05.2023 01:00:00;03.05.2023 02:00:00;193;110;2248;;23;;426;3000
03.05.2023 02:00:00;03.05.2023 03:00:00;193;127;2545;;25;;435;3325
03.05.2023 03:00:00;03.05.2023 04:00:00;193;126;2642;;24;;367;3352
03.05.2023 04:00:00;03.05.2023 05:00:00;182;127;2743;;23;;295;3370
03.05.2023 05:00:00;03.05.2023 06:00:00;140;138;2804;;25;;217;3324
03.05.2023 06:00:00;03.05.2023 07:00:00;84;142;2871;;24;;194;3315
03.05.2023 07:00:00;03.05.2023 08:00:00;49;140;2924;;24;;215;3352
03.05.2023 08:00:00;03.05.2023 09:00:00;28;129;2878;;24;;222;3281
03.05.2023 09:00:00;03.05.2023 10:00:00;21;129;2672;;24;;224;3070
03.05.2023 10:00:00;03.05.2023 11:00:00;21;129;2390;;25;;210;2775
03.05.2023 11:00:00;03.05.2023 12:00:00;31;133;2340;;24;;219;2747
03.05.2023 12:00:00;03.05.2023 13:00:00;70;130;2339;;24;;244;2807
03.05.2023 13:00:00;03.05.2023 14:00:00;71;128;1935;;20;;231;2385
03.05.2023 14:00:00;03.05.2023 15:00:00;92;128;2139;;12;;244;2615
03.05.2023 15:00:00;03.05.2023 16:00:00;96;128;2173;;16;;255;2668
03.05.2023 16:00:00;03.05.2023 17:00:00;97;129;2211;;18;;240;2695
03.05.2023 17:00:00;03.05.2023 18:00:00;95;131;2494;;17;;273;3010
03.05.2023 18:00:00;03.05.2023 19:00:00;114;143;2803;;19;;275;3354
03.05.2023 19:00:00;03.05.2023 20:00:00;91;152;2798;;19;;303;3363
03.05.2023 20:00:00;03.05.2023 21:00:00;87;152;2860;;21;;301;3421
03.05.2023 21:00:00;03.05.2023 22:00:00;83;153;2992;;26;;237;3491
03.05.2023 22:00:00;03.05.2023 23:00:00;85;152;2964;;32;;232;3465
03.05.2023 23:00:00;04.05.2023 00:00:00;92;153;2736;;35;;223;3239
04.05.2023 00:00:00;04.05.2023 01:00:00;91;155;2627;;25;;236;3134
04.05.2023 01:00:00;04.05.2023 02:00:00;93;154;2693;;23;;239;3202
04.05.2023 02:00:00;04.05.2023 03:00:00;96;155;2816;;23;;256;3346
04.05.2023 03:00:00;04.05.2023 04:00:00;134;152;2777;;19;;266;3348
04.05.2023 04:00:00;04.05.2023 05:00:00;145;152;2708;;14;;263;3282
04.05.2023 05:00:00;04.05.2023 06:00:00;143;153;2746;;17;;243;3302
04.05.2023 06:00:00;04.05.2023 07:00:00;148;154;2891;;17;;221;3431
04.05.2023 07:00:00;04.05.2023 08:00:00;160;152;3143;;22;;209;3686
04.05.2023 08:00:00;04.05.2023 09:00:00;158;152;3135;;24;;189;3658
04.05.2023 09:00:00;04.05.2023 10:00:00;159;152;3019;;23;;185;3538
04.05.2023 10:00:00;04.05.2023 11:00:00;165;156;2935;;24;;172;3452
04.05.2023 11:00:00;04.05.2023 12:00:00;169;155;2919;;26;;224;3493
04.05.2023 12:00:00;04.05.2023 13:00:00;118;158;2906;;26;;290;3498
04.05.2023 13:00:00;04.05.2023 14:00:00;115;165;2789;;23;;299;3391
04.05.2023 14:00:00;04.05.2023 15:00:00;116;163;2859;;24;;321;3483
04.05.2023 15:00:00;04.05.2023 16:00:00;117;159;2868;;24;;311;3479
04.05.2023 16:00:00;04.05.2023 17:00:00;115;142;2844;;25;;317;3443
04.05.2023 17:00:00;04.05.2023 18:00:00;111;141;2785;;24;;335;3396
04.05.2023 18:00:00;04.05.2023 19:00:00;108;144;2805;;26;;265;3348
04.05.2023 19:00:00;04.05.2023 20:00:00;100;131;2876;;26;;188;3321
04.05.2023 20:00:00;04.05.2023 21:00:00;100;145;2911;;23;;169;3348
04.05.2023 21:00:00;04.05.2023 22:00:00;100;145;3058;;22;;139;3464
04.05.2023 22:00:00;04.05.2023 23:00:00;100;145;3085;;24;;95;3449
04.05.2023 23:00:00;05.05.2023 00:00:00;99;144;3013;;28;;114;3398
05.05.2023 00:00:00;05.05.2023 01:00:00;99;149;2784;;24;;99;3155
05.05.2023 01:00:00;05.05.2023 02:00:00;99;146;2834;;21;;104;3204
05.05.2023 02:00:00;05.05.2023 03:00:00;98;146;2901;;22;;121;3288
05.05.2023 03:00:00;05.05.2023 04:00:00;99;143;3077;;25;;117;3461
05.05.2023 04:00:00;05.05.2023 05:00:00;100;144;2860;;22;;129;3255
05.05.2023 05:00:00;05.05.2023 06:00:00;99;143;2784;;22;;173;3221
05.05.2023 06:00:00;05.05.2023 07:00:00;98;146;2824;;21;;173;3262
05.05.2023 07:00:00;05.05.2023 08:00:00;99;153;2824;;20;;156;3252
05.05.2023 08:00:00;05.05.2023 09:00:00;99;155;2893;;20;;137;3304
05.05.2023 09:00:00;05.05.2023 10:00:00;99;155;2865;;20;;236;3375
05.05.2023 10:00:00;05.05.2023 11:00:00;100;158;2857;;21;;205;3341
05.05.2023 11:00:00;05.05.2023 12:00:00;100;155;2839;;22;;183;3299
05.05.2023 12:00:00;05.05.2023 13:00:00;100;150;2866;;20;;161;3297
05.05.2023 13:00:00;05.05.2023 14:00:00;100;151;2948;;21;;170;3390
05.05.2023 14:00:00;05.05.2023 15:00:00;123;148;3011;;21;;194;3497
05.05.2023 15:00:00;05.05.2023 16:00:00;137;142;2955;;22;;207;3463
05.05.2023 16:00:00;05.05.2023 17:00:00;138;143;2964;;21;;182;3448
05.05.2023 17:00:00;05.05.2023 18:00:00;138;157;3161;;21;;171;3648
05.05.2023 18:00:00;05.05.2023 19:00:00;137;158;3264;;21;;166;3746
05.05.2023 19:00:00;05.05.2023 20:00:00;136;156;3346;;21;;164;3823
05.05.2023 20:00:00;05.05.2023 21:00:00;141;156;3294;;23;;158;3772
05.05.2023 21:00:00;05.05.2023 22:00:00;140;156;3303;;23;;147;3769
05.05.2023 22:00:00;05.05.2023 23:00:00;137;156;3188;;23;;136;3640
05.05.2023 23:00:00;06.05.2023 00:00:00;134;159;3052;;23;;136;3504
06.05.2023 00:00:00;06.05.2023 01:00:00;127;162;2926;;27;;127;3369
06.05.2023 01:00:00;06.05.2023 02:00:00;124;162;2927;;22;;154;3389
06.05.2023 02:00:00;06.05.2023 03:00:00;124;162;2938;;22;;137;3383
06.05.2023 03:00:00;06.05.2023 04:00:00;123;161;2998;;24;;138;3444
06.05.2023 04:00:00;06.05.2023 05:00:00;123;161;2995;;21;;171;3471
06.05.2023 05:00:00;06.05.2023 06:00:00;124;161;3034;;23;;185;3527
06.05.2023 06:00:00;06.05.2023 07:00:00;123;161;3041;;26;;192;3543
06.05.2023 07:00:00;06.05.2023 08:00:00;123;157;3125;;22;;222;3649
06.05.2023 08:00:00;06.05.2023 09:00:00;123;159;3204;;23;;200;3709
06.05.2023 09:00:00;06.05.2023 10:00:00;103;160;3179;;23;;219;3684
06.05.2023 10:00:00;06.05.2023 11:00:00;51;161;3135;;25;;218;3590
06.05.2023 11:00:00;06.05.2023 12:00:00;49;159;2979;;21;;201;3409
06.05.2023 12:00:00;06.05.2023 13:00:00;48;161;2620;;18;;193;3040
06.05.2023 13:00:00;06.05.2023 14:00:00;39;160;2271;;19;;166;2655
06.05.2023 14:00:00;06.05.2023 15:00:00;26;161;2289;;22;;167;2665
06.05.2023 15:00:00;06.05.2023 16:00:00;26;160;2852;;19;;167;3224
06.05.2023 16:00:00;06.05.2023 17:00:00;26;160;3021;;16;;81;3304
06.05.2023 17:00:00;06.05.2023 18:00:00;26;160;3039;;20;;50;3295
06.05.2023 18:00:00;06.05.2023 19:00:00;26;162;3065;;22;;57;3332
06.05.2023 19:00:00;06.05.2023 20:00:00;26;161;3342;;22;;54;3605
06.05.2023 20:00:00;06.05.2023 21:00:00;27;160;3314;;23;;63;3587
06.05.2023 21:00:00;06.05.2023 22:00:00;27;159;3315;;23;;98;3622
06.05.2023 22:00:00;06.05.2023 23:00:00;26;159;3266;;23;;140;3614
06.05.2023 23:00:00;07.05.2023 00:00:00;26;160;3226;;23;;173;3608
07.05.2023 00:00:00;07.05.2023 01:00:00;26;161;3204;;23;;190;3604
07.05.2023 01:00:00;07.05.2023 02:00:00;27;160;3201;;24;;157;3569
07.05.2023 02:00:00;07.05.2023 03:00:00;27;161;3146;;23;;199;3556
07.05.2023 03:00:00;07.05.2023 04:00:00;27;158;3098;;23;;242;3548
07.05.2023 04:00:00;07.05.2023 05:00:00;27;160;3051;;22;;283;3543
07.05.2023 05:00:00;07.05.2023 06:00:00;27;159;2985;;22;;309;3502
07.05.2023 06:00:00;07.05.2023 07:00:00;27;162;2998;;22;;328;3537
07.05.2023 07:00:00;07.05.2023 08:00:00;26;160;2782;;20;;294;3282
07.05.2023 08:00:00;07.05.2023 09:00:00;26;146;2716;;22;;301;3211
07.05.2023 09:00:00;07.05.2023 10:00:00;26;148;2695;;24;;315;3208
07.05.2023 10:00:00;07.05.2023 11:00:00;27;145;2592;;23;;320;3107
07.05.2023 11:00:00;07.05.2023 12:00:00;27;139;2434;;22;;327;2949
07.05.2023 12:00:00;07.05.2023 13:00:00;26;145;2631;;23;;309;3134
07.05.2023 13:00:00;07.05.2023 14:00:00;26;139;2327;;23;;347;2862
07.05.2023 14:00:00;07.05.2023 15:00:00;26;143;2399;;21;;354;2943
07.05.2023 15:00:00;07.05.2023 16:00:00;26;140;2334;;21;;374;2895
07.05.2023 16:00:00;07.05.2023 17:00:00;27;140;2638;;21;;407;3233
07.05.2023 17:00:00;07.05.2023 18:00:00;27;138;2667;;21;;526;3379
07.05.2023 18:00:00;07.05.2023 19:00:00;26;138;2608;;24;;552;3348
07.05.2023 19:00:00;07.05.2023 20:00:00;27;142;2682;;22;;482;3355
07.05.2023 20:00:00;07.05.2023 21:00:00;26;140;2644;;23;;502;3335
07.05.2023 21:00:00;07.05.2023 22:00:00;26;138;2658;;24;;485;3331
07.05.2023 22:00:00;07.05.2023 23:00:00;23;144;2605;;24;;448;3244
07.05.2023 23:00:00;08.05.2023 00:00:00;23;143;2602;;24;;396;3188
08.05.2023 00:00:00;08.05.2023 01:00:00;23;149;2628;;22;;370;3192
08.05.2023 01:00:00;08.05.2023 02:00:00;23;151;2711;;20;;309;3214
08.05.2023 02:00:00;08.05.2023 03:00:00;23;155;2658;;20;;271;3127
08.05.2023 03:00:00;08.05.2023 04:00:00;23;152;2667;;19;;243;3104
08.05.2023 04:00:00;08.05.2023 05:00:00;23;153;2681;;19;;155;3031
08.05.2023 05:00:00;08.05.2023 06:00:00;23;153;2703;;20;;154;3053
08.05.2023 06:00:00;08.05.2023 07:00:00;23;155;2816;;23;;182;3199
08.05.2023 07:00:00;08.05.2023 08:00:00;23;143;2889;;23;;219;3297
08.05.2023 08:00:00;08.05.2023 09:00:00;23;144;2909;;21;;229;3326
08.05.2023 09:00:00;08.05.2023 10:00:00;23;146;2867;;19;;225;3280
08.05.2023 10:00:00;08.05.2023 11:00:00;23;146;2834;;21;;232;3256
08.05.2023 11:00:00;08.05.2023 12:00:00;23;147;2836;;21;;248;3275
08.05.2023 12:00:00;08.05.2023 13:00:00;23;149;2793;;22;;284;3271
08.05.2023 13:00:00;08.05.2023 14:00:00;23;149;2859;;23;;290;3344
08.05.2023 14:00:00;08.05.2023 15:00:00;23;149;2830;;24;;296;3322
08.05.2023 15:00:00;08.05.2023 16:00:00;24;149;2830;;22;;281;3306
08.05.2023 16:00:00;08.05.2023 17:00:00;23;152;2829;;23;;300;3327
08.05.2023 17:00:00;08.05.2023 18:00:00;23;152;2844;;22;;351;3392
08.05.2023 18:00:00;08.05.2023 19:00:00;23;153;2826;;21;;333;3356
08.05.2023 19:00:00;08.05.2023 20:00:00;23;155;2814;;22;;333;3347
08.05.2023 20:00:00;08.05.2023 21:00:00;23;166;2773;;22;;370;3354
08.05.2023 21:00:00;08.05.2023 22:00:00;23;168;2800;;21;;335;3347
08.05.2023 22:00:00;08.05.2023 23:00:00;23;168;2652;;24;;300;3167
08.05.2023 23:00:00;09.05.2023 00:00:00;23;160;2306;;24;;244;2757
09.05.2023 00:00:00;09.05.2023 01:00:00;23;137;2123;;23;;189;2495
09.05.2023 01:00:00;09.05.2023 02:00:00;23;134;2034;;22;;139;2352
09.05.2023 02:00:00;09.05.2023 03:00:00;24;138;1913;;21;;107;2203
09.05.2023 03:00:00;09.05.2023 04:00:00;23;138;1930;;21;;97;2209
09.05.2023 04:00:00;09.05.2023 05:00:00;23;139;1887;;22;;105;2176
09.05.2023 05:00:00;09.05.2023 06:00:00;23;136;1798;;25;;125;2107
09.05.2023 06:00:00;09.05.2023 07:00:00;23;141;2503;;20;;156;2843
09.05.2023 07:00:00;09.05.2023 08:00:00;23;163;2901;;24;;166;3277
09.05.2023 08:00:00;09.05.2023 09:00:00;23;160;3026;;24;;151;3384
09.05.2023 09:00:00;09.05.2023 10:00:00;23;161;2939;;23;;137;3283
09.05.2023 10:00:00;09.05.2023 11:00:00;23;169;2623;;22;;156;2993
09.05.2023 11:00:00;09.05.2023 12:00:00;23;165;2224;;23;;189;2624
09.05.2023 12:00:00;09.05.2023 13:00:00;23;163;1721;;23;;185;2115
09.05.2023 13:00:00;09.05.2023 14:00:00;23;166;1608;;23;;181;2001
09.05.2023 14:00:00;09.05.2023 15:00:00;23;173;1759;;22;;177;2154
09.05.2023 15:00:00;09.05.2023 16:00:00;23;170;1836;;22;;216;2267
09.05.2023 16:00:00;09.05.2023 17:00:00;23;168;1858;;20;;202;2271
09.05.2023 17:00:00;09.05.2023 18:00:00;23;169;2258;;21;;206;2677
09.05.2023 18:00:00;09.05.2023 19:00:00;22;171;2216;;22;;218;2649
09.05.2023 19:00:00;09.05.2023 20:00:00;22;172;2387;;22;;199;2802
09.05.2023 20:00:00;09.05.2023 21:00:00;23;171;2495;;22;;173;2884
09.05.2023 21:00:00;09.05.2023 22:00:00;22;174;2340;;22;;142;2700
09.05.2023 22:00:00;09.05.2023 23:00:00;23;177;2074;;24;;151;2449
09.05.2023 23:00:00;10.05.2023 00:00:00;23;180;1798;;24;;151;2176
10.05.2023 00:00:00;10.05.2023 01:00:00;23;172;1471;;20;;148;1834
10.05.2023 01:00:00;10.05.2023 02:00:00;23;157;1470;;18;;167;1835
10.05.2023 02:00:00;10.05.2023 03:00:00;23;158;1475;;19;;165;1840
10.05.2023 03:00:00;10.05.2023 04:00:00;23;157;1472;;17;;232;1901
10.05.2023 04:00:00;10.05.2023 05:00:00;23;159;1570;;18;;237;2007
10.05.2023 05:00:00;10.05.2023 06:00:00;22;159;1492;;18;;231;1922
10.05.2023 06:00:00;10.05.2023 07:00:00;22;162;1731;;17;;280;2212
10.05.2023 07:00:00;10.05.2023 08:00:00;23;188;2021;;18;;313;2563
10.05.2023 08:00:00;10.05.2023 09:00:00;23;183;2623;;18;;259;3106
10.05.2023 09:00:00;10.05.2023 10:00:00;23;183;2465;;28;;211;2910
10.05.2023 10:00:00;10.05.2023 11:00:00;22;170;2071;;17;;195;2475
10.05.2023 11:00:00;10.05.2023 12:00:00;23;172;1910;;13;;167;2285
10.05.2023 12:00:00;10.05.2023 13:00:00;23;176;1854;;14;;164;2231
10.05.2023 13:00:00;10.05.2023 14:00:00;22;177;1855;;19;;166;2239
10.05.2023 14:00:00;10.05.2023 15:00:00;22;178;1953;;16;;163;2332
10.05.2023 15:00:00;10.05.2023 16:00:00;22;186;1715;;21;;181;2125
10.05.2023 16:00:00;10.05.2023 17:00:00;22;198;1849;;20;;161;2250
10.05.2023 17:00:00;10.05.2023 18:00:00;22;209;2115;;25;;171;2542
10.05.2023 18:00:00;10.05.2023 19:00:00;22;213;2233;;21;;186;2675
10.05.2023 19:00:00;10.05.2023 20:00:00;22;218;2406;;22;;128;2796
10.05.2023 20:00:00;10.05.2023 21:00:00;23;219;2284;;22;;117;2665
10.05.2023 21:00:00;10.05.2023 22:00:00;23;218;2151;;21;;135;2548
10.05.2023 22:00:00;10.05.2023 23:00:00;23;221;2088;;22;;134;2488
10.05.2023 23:00:00;11.05.2023 00:00:00;23;225;1977;;23;;88;2336
11.05.2023 00:00:00;11.05.2023 01:00:00;23;242;1481;;23;;83;1852
11.05.2023 01:00:00;11.05.2023 02:00:00;23;242;1416;;22;;83;1786
11.05.2023 02:00:00;11.05.2023 03:00:00;23;244;1417;;22;;83;1789
11.05.2023 03:00:00;11.05.2023 04:00:00;23;243;1417;;21;;86;1790
11.05.2023 04:00:00;11.05.2023 05:00:00;23;244;1431;;20;;95;1813
11.05.2023 05:00:00;11.05.2023 06:00:00;23;242;1445;;22;;106;1838
11.05.2023 06:00:00;11.05.2023 07:00:00;23;245;2083;;22;;132;2505
11.05.2023 07:00:00;11.05.2023 08:00:00;23;262;2763;;24;;155;3227
11.05.2023 08:00:00;11.05.2023 09:00:00;23;268;3109;;24;;164;3588
11.05.2023 09:00:00;11.05.2023 10:00:00;23;263;2941;;22;;197;3446
11.05.2023 10:00:00;11.05.2023 11:00:00;23;249;2681;;19;;237;3209
11.05.2023 11:00:00;11.05.2023 12:00:00;23;246;1853;;16;;251;2389
11.05.2023 12:00:00;11.05.2023 13:00:00;23;247;1723;;21;;183;2197
11.05.2023 13:00:00;11.05.2023 14:00:00;23;246;1644;;21;;213;2147
11.05.2023 14:00:00;11.05.2023 15:00:00;23;248;1723;;20;;279;2293
11.05.2023 15:00:00;11.05.2023 16:00:00;22;249;1670;;21;;229;2191
11.05.2023 16:00:00;11.05.2023 17:00:00;23;254;1472;;20;;203;1972
11.05.2023 17:00:00;11.05.2023 18:00:00;23;261;1753;;22;;212;2271
11.05.2023 18:00:00;11.05.2023 19:00:00;22;274;2052;;21;;214;2583
11.05.2023 19:00:00;11.05.2023 20:00:00;22;277;2279;;20;;186;2784
11.05.2023 20:00:00;11.05.2023 21:00:00;23;273;2208;;21;;145;2670
11.05.2023 21:00:00;11.05.2023 22:00:00;23;273;2130;;21;;121;2568
11.05.2023 22:00:00;11.05.2023 23:00:00;23;281;1977;;21;;111;2413
11.05.2023 23:00:00;12.05.2023 00:00:00;23;282;1812;;22;;157;2296
12.05.2023 00:00:00;12.05.2023 01:00:00;23;288;1563;;20;;143;2037
12.05.2023 01:00:00;12.05.2023 02:00:00;23;284;1471;;21;;180;1979
12.05.2023 02:00:00;12.05.2023 03:00:00;23;288;1414;;21;;202;1948
12.05.2023 03:00:00;12.05.2023 04:00:00;24;284;1417;;21;;241;1987
12.05.2023 04:00:00;12.05.2023 05:00:00;23;289;1436;;20;;279;2047
12.05.2023 05:00:00;12.05.2023 06:00:00;24;292;1955;;21;;252;2544
12.05.2023 06:00:00;12.05.2023 07:00:00;23;295;2586;;21;;232;3157
12.05.2023 07:00:00;12.05.2023 08:00:00;23;296;2724;;21;;251;3315
12.05.2023 08:00:00;12.05.2023 09:00:00;23;289;2796;;22;;261;3391
12.05.2023 09:00:00;12.05.2023 10:00:00;23;281;2764;;27;;298;3393
12.05.2023 10:00:00;12.05.2023 11:00:00;24;288;2770;;26;;292;3400
12.05.2023 11:00:00;12.05.2023 12:00:00;23;291;2714;;26;;302;3356
12.05.2023 12:00:00;12.05.2023 13:00:00;23;297;2681;;24;;295;3320
12.05.2023 13:00:00;12.05.2023 14:00:00;23;315;2649;;21;;308;3316
12.05.2023 14:00:00;12.05.2023 15:00:00;22;319;2564;;21;;279;3205
12.05.2023 15:00:00;12.05.2023 16:00:00;23;321;2617;;21;;293;3275
12.05.2023 16:00:00;12.05.2023 17:00:00;22;321;2765;;22;;273;3403
12.05.2023 17:00:00;12.05.2023 18:00:00;23;313;2842;;19;;283;3480
12.05.2023 18:00:00;12.05.2023 19:00:00;23;315;2853;;20;;323;3534
12.05.2023 19:00:00;12.05.2023 20:00:00;23;312;2827;;18;;286;3466
12.05.2023 20:00:00;12.05.2023 21:00:00;24;315;2762;;20;;222;3343
12.05.2023 21:00:00;12.05.2023 22:00:00;24;314;2801;;18;;198;3355
12.05.2023 22:00:00;12.05.2023 23:00:00;24;314;2797;;18;;180;3333
12.05.2023 23:00:00;13.05.2023 00:00:00;23;314;2583;;22;;213;3155
13.05.2023 00:00:00;13.05.2023 01:00:00;23;322;1987;;22;;239;2593
13.05.2023 01:00:00;13.05.2023 02:00:00;23;322;1830;;18;;265;2458
13.05.2023 02:00:00;13.05.2023 03:00:00;23;322;1804;;21;;272;2442
13.05.2023 03:00:00;13.05.2023 04:00:00;23;320;2007;;20;;287;2657
13.05.2023 04:00:00;13.05.2023 05:00:00;23;320;2019;;19;;309;2690
13.05.2023 05:00:00;13.05.2023 06:00:00;22;318;1969;;21;;382;2712
13.05.2023 06:00:00;13.05.2023 07:00:00;22;317;1215;;17;;407;1978
13.05.2023 07:00:00;13.05.2023 08:00:00;22;318;1220;;14;;432;2006
13.05.2023 08:00:00;13.05.2023 09:00:00;22;317;1409;;18;;474;2240
13.05.2023 09:00:00;13.05.2023 10:00:00;22;319;1402;;16;;488;2247
13.05.2023 10:00:00;13.05.2023 11:00:00;22;312;1162;;15;;504;2015
13.05.2023 11:00:00;13.05.2023 12:00:00;22;313;929;;19;;510;1793
13.05.2023 12:00:00;13.05.2023 13:00:00;22;316;875;;23;;527;1763
13.05.2023 13:00:00;13.05.2023 14:00:00;22;314;781;;22;;579;1718
13.05.2023 14:00:00;13.05.2023 15:00:00;21;314;792;;18;;574;1719
13.05.2023 15:00:00;13.05.2023 16:00:00;22;313;779;;18;;537;1669
13.05.2023 16:00:00;13.05.2023 17:00:00;22;313;942;;21;;556;1854
13.05.2023 17:00:00;13.05.2023 18:00:00;23;316;1420;;18;;559;2336
13.05.2023 18:00:00;13.05.2023 19:00:00;23;319;1717;;22;;589;2670
13.05.2023 19:00:00;13.05.2023 20:00:00;22;322;1643;;21;;555;2563
13.05.2023 20:00:00;13.05.2023 21:00:00;23;320;1405;;17;;508;2273
13.05.2023 21:00:00;13.05.2023 22:00:00;23;320;1330;;19;;518;2210
13.05.2023 22:00:00;13.05.2023 23:00:00;23;324;916;;20;;454;1737
13.05.2023 23:00:00;14.05.2023 00:00:00;23;322;828;;21;;419;1613
14.05.2023 00:00:00;14.05.2023 01:00:00;23;330;858;;22;;384;1617
14.05.2023 01:00:00;14.05.2023 02:00:00;23;329;893;;19;;379;1643
14.05.2023 02:00:00;14.05.2023 03:00:00;22;327;936;;19;;363;1667
14.05.2023 03:00:00;14.05.2023 04:00:00;22;329;893;;18;;362;1624
14.05.2023 04:00:00;14.05.2023 05:00:00;22;325;780;;19;;367;1513
14.05.2023 05:00:00;14.05.2023 06:00:00;22;322;754;;21;;415;1534
14.05.2023 06:00:00;14.05.2023 07:00:00;22;322;821;;20;;473;1658
14.05.2023 07:00:00;14.05.2023 08:00:00;22;321;912;;16;;530;1801
14.05.2023 08:00:00;14.05.2023 09:00:00;22;322;987;;18;;549;1898
14.05.2023 09:00:00;14.05.2023 10:00:00;22;324;1087;;23;;532;1988
14.05.2023 10:00:00;14.05.2023 11:00:00;22;339;977;;19;;506;1863
14.05.2023 11:00:00;14.05.2023 12:00:00;22;339;773;;16;;498;1648
14.05.2023 12:00:00;14.05.2023 13:00:00;22;340;806;;19;;505;1692
14.05.2023 13:00:00;14.05.2023 14:00:00;22;340;827;;13;;492;1694
14.05.2023 14:00:00;14.05.2023 15:00:00;25;296;789;;16;;418;1544
14.05.2023 15:00:00;14.05.2023 16:00:00;25;353;841;;18;;364;1601
14.05.2023 16:00:00;14.05.2023 17:00:00;25;356;936;;17;;257;1591
14.05.2023 17:00:00;14.05.2023 18:00:00;26;353;999;;18;;249;1645
14.05.2023 18:00:00;14.05.2023 19:00:00;26;354;943;;20;;260;1603
14.05.2023 19:00:00;14.05.2023 20:00:00;26;355;924;;20;;326;1651
14.05.2023 20:00:00;14.05.2023 21:00:00;26;352;835;;27;;370;1610
14.05.2023 21:00:00;14.05.2023 22:00:00;26;356;818;;24;;416;1640
14.05.2023 22:00:00;14.05.2023 23:00:00;26;353;755;;22;;458;1614
14.05.2023 23:00:00;15.05.2023 00:00:00;26;352;713;;23;;466;1580
15.05.2023 00:00:00;15.05.2023 01:00:00;26;356;761;;38;;480;1661
15.05.2023 01:00:00;15.05.2023 02:00:00;26;358;738;;33;;513;1668
15.05.2023 02:00:00;15.05.2023 03:00:00;26;359;778;;32;;486;1681
15.05.2023 03:00:00;15.05.2023 04:00:00;26;354;772;;31;;520;1703
15.05.2023 04:00:00;15.05.2023 05:00:00;26;362;825;;35;;547;1795
15.05.2023 05:00:00;15.05.2023 06:00:00;26;360;900;;34;;491;1811
15.05.2023 06:00:00;15.05.2023 07:00:00;25;361;1013;;36;;447;1882
15.05.2023 07:00:00;15.05.2023 08:00:00;25;358;1386;;36;;431;2236
15.05.2023 08:00:00;15.05.2023 09:00:00;25;360;1513;;38;;433;2369
15.05.2023 09:00:00;15.05.2023 10:00:00;25;358;1458;;37;;379;2257
15.05.2023 10:00:00;15.05.2023 11:00:00;25;359;1157;;41;;435;2017
15.05.2023 11:00:00;15.05.2023 12:00:00;25;350;975;;34;;478;1862
15.05.2023 12:00:00;15.05.2023 13:00:00;25;344;931;;33;;371;1704
15.05.2023 13:00:00;15.05.2023 14:00:00;25;343;786;;45;;288;1487
15.05.2023 14:00:00;15.05.2023 15:00:00;25;342;860;;59;;272;1558
15.05.2023 15:00:00;15.05.2023 16:00:00;25;354;976;;63;;272;1690
15.05.2023 16:00:00;15.05.2023 17:00:00;25;353;943;;36;;271;1628
15.05.2023 17:00:00;15.05.2023 18:00:00;25;361;968;;34;;180;1568
15.05.2023 18:00:00;15.05.2023 19:00:00;25;364;912;;33;;174;1508
15.05.2023 19:00:00;15.05.2023 20:00:00;25;368;972;;31;;144;1540
15.05.2023 20:00:00;15.05.2023 21:00:00;25;368;938;;15;;167;1513
15.05.2023 21:00:00;15.05.2023 22:00:00;25;367;891;;15;;160;1458
15.05.2023 22:00:00;15.05.2023 23:00:00;25;371;938;;29;;146;1509
15.05.2023 23:00:00;16.05.2023 00:00:00;25;374;835;;39;;180;1453
16.05.2023 00:00:00;16.05.2023 01:00:00;25;390;864;;14;;91;1384
16.05.2023 01:00:00;16.05.2023 02:00:00;25;389;843;;12;;107;1376
16.05.2023 02:00:00;16.05.2023 03:00:00;25;387;823;;12;;150;1397
16.05.2023 03:00:00;16.05.2023 04:00:00;25;387;821;;14;;234;1481
16.05.2023 04:00:00;16.05.2023 05:00:00;25;388;834;;14;;193;1454
16.05.2023 05:00:00;16.05.2023 06:00:00;25;389;861;;15;;183;1473
16.05.2023 06:00:00;16.05.2023 07:00:00;25;392;1012;;16;;222;1667
16.05.2023 07:00:00;16.05.2023 08:00:00;25;387;1582;;15;;227;2236
16.05.2023 08:00:00;16.05.2023 09:00:00;25;385;1829;;25;;228;2492
16.05.2023 09:00:00;16.05.2023 10:00:00;25;385;1796;;27;;202;2435
16.05.2023 10:00:00;16.05.2023 11:00:00;25;383;1673;;11;;174;2266
16.05.2023 11:00:00;16.05.2023 12:00:00;25;378;1440;;12;;128;1983
16.05.2023 12:00:00;16.05.2023 13:00:00;25;391;1136;;13;;100;1665
16.05.2023 13:00:00;16.05.2023 14:00:00;25;391;1097;;13;;67;1593
16.05.2023 14:00:00;16.05.2023 15:00:00;25;391;1052;;12;;29;1509
16.05.2023 15:00:00;16.05.2023 16:00:00;25;393;1038;;12;;27;1495
16.05.2023 16:00:00;16.05.2023 17:00:00;25;394;1030;;12;;32;1493
16.05.2023 17:00:00;16.05.2023 18:00:00;25;376;1010;;14;;33;1458
16.05.2023 18:00:00;16.05.2023 19:00:00;25;386;1005;;13;;22;1451
16.05.2023 19:00:00;16.05.2023 20:00:00;25;394;989;;12;;68;1488
16.05.2023 20:00:00;16.05.2023 21:00:00;25;396;944;;11;;75;1451
16.05.2023 21:00:00;16.05.2023 22:00:00;25;389;963;;13;;158;1548
16.05.2023 22:00:00;16.05.2023 23:00:00;25;385;878;;15;;247;1550
16.05.2023 23:00:00;17.05.2023 00:00:00;25;349;780;;16;;219;1389
17.05.2023 00:00:00;17.05.2023 01:00:00;25;354;682;;18;;205;1284
17.05.2023 01:00:00;17.05.2023 02:00:00;25;352;650;;22;;157;1206
17.05.2023 02:00:00;17.05.2023 03:00:00;25;353;625;;19;;145;1167
17.05.2023 03:00:00;17.05.2023 04:00:00;25;353;634;;22;;147;1181
17.05.2023 04:00:00;17.05.2023 05:00:00;25;352;631;;20;;156;1184
17.05.2023 05:00:00;17.05.2023 06:00:00;25;349;692;;22;;107;1195
17.05.2023 06:00:00;17.05.2023 07:00:00;25;349;667;;22;;94;1157
17.05.2023 07:00:00;17.05.2023 08:00:00;25;379;819;;26;;77;1326
17.05.2023 08:00:00;17.05.2023 09:00:00;25;383;850;;32;;71;1361
17.05.2023 09:00:00;17.05.2023 10:00:00;25;385;855;;28;;77;1370
17.05.2023 10:00:00;17.05.2023 11:00:00;25;392;824;;24;;83;1348
17.05.2023 11:00:00;17.05.2023 12:00:00;25;380;826;;25;;95;1351
17.05.2023 12:00:00;17.05.2023 13:00:00;25;365;772;;24;;156;1342
17.05.2023 13:00:00;17.05.2023 14:00:00;25;337;724;;21;;227;1334
17.05.2023 14:00:00;17.05.2023 15:00:00;25;350;770;;26;;343;1514
17.05.2023 15:00:00;17.05.2023 16:00:00;25;337;780;;23;;438;1603
17.05.2023 16:00:00;17.05.2023 17:00:00;25;355;811;;29;;511;1731
17.05.2023 17:00:00;17.05.2023 18:00:00;25;355;849;;24;;552;1805
17.05.2023 18:00:00;17.05.2023 19:00:00;25;364;828;;24;;552;1793
17.05.2023 19:00:00;17.05.2023 20:00:00;25;350;780;;25;;478;1658
17.05.2023 20:00:00;17.05.2023 21:00:00;25;332;718;;27;;438;1540
17.05.2023 21:00:00;17.05.2023 22:00:00;25;334;673;;26;;341;1399
17.05.2023 22:00:00;17.05.2023 23:00:00;25;335;671;;24;;291;1346
17.05.2023 23:00:00;18.05.2023 00:00:00;25;359;717;;25;;315;1441
18.05.2023 00:00:00;18.05.2023 01:00:00;25;349;793;;27;;302;1496
18.05.2023 01:00:00;18.05.2023 02:00:00;25;349;734;;25;;294;1427
18.05.2023 02:00:00;18.05.2023 03:00:00;25;350;743;;26;;285;1429
18.05.2023 03:00:00;18.05.2023 04:00:00;25;345;728;;31;;331;1460
18.05.2023 04:00:00;18.05.2023 05:00:00;25;342;729;;30;;272;1398
18.05.2023 05:00:00;18.05.2023 06:00:00;25;342;774;;28;;243;1412
18.05.2023 06:00:00;18.05.2023 07:00:00;25;341;823;;23;;213;1425
18.05.2023 07:00:00;18.05.2023 08:00:00;25;355;833;;29;;179;1421
18.05.2023 08:00:00;18.05.2023 09:00:00;25;352;864;;32;;196;1469
18.05.2023 09:00:00;18.05.2023 10:00:00;25;350;874;;30;;181;1460
18.05.2023 10:00:00;18.05.2023 11:00:00;25;355;859;;24;;209;1472
18.05.2023 11:00:00;18.05.2023 12:00:00;25;345;955;;23;;215;1563
18.05.2023 12:00:00;18.05.2023 13:00:00;25;347;862;;24;;195;1453
18.05.2023 13:00:00;18.05.2023 14:00:00;25;347;891;;24;;241;1528
18.05.2023 14:00:00;18.05.2023 15:00:00;25;346;861;;25;;332;1589
18.05.2023 15:00:00;18.05.2023 16:00:00;25;347;851;;24;;426;1673
18.05.2023 16:00:00;18.05.2023 17:00:00;25;349;889;;22;;461;1746
18.05.2023 17:00:00;18.05.2023 18:00:00;25;351;986;;24;;453;1839
18.05.2023 18:00:00;18.05.2023 19:00:00;25;352;1118;;21;;429;1945
18.05.2023 19:00:00;18.05.2023 20:00:00;25;355;1173;;21;;403;1977
18.05.2023 20:00:00;18.05.2023 21:00:00;25;350;1455;;21;;386;2237
18.05.2023 21:00:00;18.05.2023 22:00:00;25;350;1594;;21;;506;2496
18.05.2023 22:00:00;18.05.2023 23:00:00;25;347;1324;;19;;635;2350
18.05.2023 23:00:00;19.05.2023 00:00:00;25;343;910;;20;;722;2020
19.05.2023 00:00:00;19.05.2023 01:00:00;25;338;813;;20;;737;1933
19.05.2023 01:00:00;19.05.2023 02:00:00;25;338;788;;19;;748;1918
19.05.2023 02:00:00;19.05.2023 03:00:00;25;342;802;;18;;757;1944
19.05.2023 03:00:00;19.05.2023 04:00:00;25;341;792;;19;;774;1951
19.05.2023 04:00:00;19.05.2023 05:00:00;25;344;810;;21;;817;2017
19.05.2023 05:00:00;19.05.2023 06:00:00;25;344;817;;19;;805;2010
19.05.2023 06:00:00;19.05.2023 07:00:00;25;346;872;;22;;795;2060
19.05.2023 07:00:00;19.05.2023 08:00:00;25;351;948;;13;;765;2102
19.05.2023 08:00:00;19.05.2023 09:00:00;25;350;1043;;15;;778;2211
19.05.2023 09:00:00;19.05.2023 10:00:00;25;350;1199;;15;;763;2352
19.05.2023 10:00:00;19.05.2023 11:00:00;25;359;1125;;11;;716;2236
19.05.2023 11:00:00;19.05.2023 12:00:00;25;318;876;;18;;731;1968
19.05.2023 12:00:00;19.05.2023 13:00:00;25;313;846;;20;;746;1950
19.05.2023 13:00:00;19.05.2023 14:00:00;25;316;848;;19;;747;1955
19.05.2023 14:00:00;19.05.2023 15:00:00;25;325;886;;20;;620;1876
19.05.2023 15:00:00;19.05.2023 16:00:00;25;356;888;;6;;513;1788
19.05.2023 16:00:00;19.05.2023 17:00:00;25;362;855;;19;;492;1753
19.05.2023 17:00:00;19.05.2023 18:00:00;25;366;903;;19;;527;1840
19.05.2023 18:00:00;19.05.2023 19:00:00;25;368;924;;21;;498;1836
19.05.2023 19:00:00;19.05.2023 20:00:00;25;372;896;;16;;549;1858
19.05.2023 20:00:00;19.05.2023 21:00:00;25;370;847;;21;;660;1923
19.05.2023 21:00:00;19.05.2023 22:00:00;25;370;826;;14;;768;2003
19.05.2023 22:00:00;19.05.2023 23:00:00;25;373;823;;18;;746;1985
19.05.2023 23:00:00;20.05.2023 00:00:00;25;358;782;;15;;712;1892
20.05.2023 00:00:00;20.05.2023 01:00:00;25;339;799;;18;;715;1896
20.05.2023 01:00:00;20.05.2023 02:00:00;25;344;776;;22;;674;1841
20.05.2023 02:00:00;20.05.2023 03:00:00;25;336;782;;21;;668;1832
20.05.2023 03:00:00;20.05.2023 04:00:00;25;340;775;;21;;688;1849
20.05.2023 04:00:00;20.05.2023 05:00:00;25;350;779;;22;;664;1840
20.05.2023 05:00:00;20.05.2023 06:00:00;25;344;769;;23;;677;1838
20.05.2023 06:00:00;20.05.2023 07:00:00;25;359;836;;22;;700;1942
20.05.2023 07:00:00;20.05.2023 08:00:00;25;356;846;;25;;742;1994
20.05.2023 08:00:00;20.05.2023 09:00:00;25;357;835;;23;;788;2028
20.05.2023 09:00:00;20.05.2023 10:00:00;25;367;831;;23;;826;2072
20.05.2023 10:00:00;20.05.2023 11:00:00;25;349;715;;23;;846;1958
20.05.2023 11:00:00;20.05.2023 12:00:00;25;334;773;;28;;842;2002
20.05.2023 12:00:00;20.05.2023 13:00:00;25;294;699;;27;;838;1883
20.05.2023 13:00:00;20.05.2023 14:00:00;25;293;672;;28;;805;1823
20.05.2023 14:00:00;20.05.2023 15:00:00;25;295;668;;29;;756;1773
20.05.2023 15:00:00;20.05.2023 16:00:00;25;298;718;;28;;731;1800
20.05.2023 16:00:00;20.05.2023 17:00:00;25;345;807;;27;;722;1926
20.05.2023 17:00:00;20.05.2023 18:00:00;25;369;866;;26;;598;1884
20.05.2023 18:00:00;20.05.2023 19:00:00;25;369;840;;24;;574;1832
20.05.2023 19:00:00;20.05.2023 20:00:00;25;372;877;;25;;574;1873
20.05.2023 20:00:00;20.05.2023 21:00:00;25;370;884;;29;;543;1851
20.05.2023 21:00:00;20.05.2023 22:00:00;25;370;884;;29;;558;1866
20.05.2023 22:00:00;20.05.2023 23:00:00;25;368;871;;29;;606;1899
20.05.2023 23:00:00;21.05.2023 00:00:00;25;357;810;;31;;656;1879
21.05.2023 00:00:00;21.05.2023 01:00:00;25;369;848;;31;;620;1893
21.05.2023 01:00:00;21.05.2023 02:00:00;25;322;788;;31;;613;1779
21.05.2023 02:00:00;21.05.2023 03:00:00;25;322;722;;8;;551;1628
21.05.2023 03:00:00;21.05.2023 04:00:00;25;328;724;;22;;492;1591
21.05.2023 04:00:00;21.05.2023 05:00:00;25;329;739;;19;;443;1555
21.05.2023 05:00:00;21.05.2023 06:00:00;25;330;786;;24;;433;1598
21.05.2023 06:00:00;21.05.2023 07:00:00;25;382;815;;25;;428;1675
21.05.2023 07:00:00;21.05.2023 08:00:00;25;391;904;;24;;458;1802
21.05.2023 08:00:00;21.05.2023 09:00:00;25;393;931;;26;;527;1902
21.05.2023 09:00:00;21.05.2023 10:00:00;25;388;833;;22;;540;1808
21.05.2023 10:00:00;21.05.2023 11:00:00;25;319;723;;24;;586;1677
21.05.2023 11:00:00;21.05.2023 12:00:00;25;306;788;;20;;602;1741
21.05.2023 12:00:00;21.05.2023 13:00:00;25;297;740;;22;;540;1624
21.05.2023 13:00:00;21.05.2023 14:00:00;25;284;657;;23;;597;1586
21.05.2023 14:00:00;21.05.2023 15:00:00;25;284;684;;18;;661;1672
21.05.2023 15:00:00;21.05.2023 16:00:00;25;317;707;;19;;529;1597
21.05.2023 16:00:00;21.05.2023 17:00:00;25;328;782;;22;;428;1585
21.05.2023 17:00:00;21.05.2023 18:00:00;25;380;951;;20;;197;1573
21.05.2023 18:00:00;21.05.2023 19:00:00;25;387;1435;;19;;131;1997
21.05.2023 19:00:00;21.05.2023 20:00:00;25;396;957;;19;;142;1539
21.05.2023 20:00:00;21.05.2023 21:00:00;25;402;937;;12;;212;1588
21.05.2023 21:00:00;21.05.2023 22:00:00;25;396;937;;13;;172;1543
21.05.2023 22:00:00;21.05.2023 23:00:00;25;401;909;;16;;160;1511
21.05.2023 23:00:00;22.05.2023 00:00:00;25;408;896;;16;;213;1558
22.05.2023 00:00:00;22.05.2023 01:00:00;23;393;859;;19;;241;1535
22.05.2023 01:00:00;22.05.2023 02:00:00;23;397;813;;18;;238;1489
22.05.2023 02:00:00;22.05.2023 03:00:00;23;396;820;;16;;235;1490
22.05.2023 03:00:00;22.05.2023 04:00:00;23;397;820;;19;;266;1525
22.05.2023 04:00:00;22.05.2023 05:00:00;23;395;830;;20;;320;1588
22.05.2023 05:00:00;22.05.2023 06:00:00;23;394;948;;21;;276;1662
22.05.2023 06:00:00;22.05.2023 07:00:00;23;406;1161;;25;;287;1902
22.05.2023 07:00:00;22.05.2023 08:00:00;23;408;1546;;28;;277;2282
22.05.2023 08:00:00;22.05.2023 09:00:00;23;396;1904;;22;;289;2634
22.05.2023 09:00:00;22.05.2023 10:00:00;23;400;1893;;24;;263;2603
22.05.2023 10:00:00;22.05.2023 11:00:00;23;420;1793;;22;;303;2561
22.05.2023 11:00:00;22.05.2023 12:00:00;23;410;1535;;14;;281;2263
22.05.2023 12:00:00;22.05.2023 13:00:00;23;407;1561;;18;;275;2284
22.05.2023 13:00:00;22.05.2023 14:00:00;23;407;1416;;20;;273;2139
22.05.2023 14:00:00;22.05.2023 15:00:00;23;406;1257;;18;;247;1951
22.05.2023 15:00:00;22.05.2023 16:00:00;23;419;1237;;15;;215;1909
22.05.2023 16:00:00;22.05.2023 17:00:00;23;423;1249;;16;;209;1920
22.05.2023 17:00:00;22.05.2023 18:00:00;23;419;1211;;22;;261;1936
22.05.2023 18:00:00;22.05.2023 19:00:00;23;419;1185;;18;;196;1841
22.05.2023 19:00:00;22.05.2023 20:00:00;23;417;1196;;19;;198;1853
22.05.2023 20:00:00;22.05.2023 21:00:00;23;413;1073;;19;;220;1748
22.05.2023 21:00:00;22.05.2023 22:00:00;23;409;1000;;20;;231;1683
22.05.2023 22:00:00;22.05.2023 23:00:00;23;406;960;;17;;342;1748
22.05.2023 23:00:00;23.05.2023 00:00:00;23;408;992;;17;;349;1789
23.05.2023 00:00:00;23.05.2023 01:00:00;23;407;1112;;19;;350;1911
23.05.2023 01:00:00;23.05.2023 02:00:00;23;400;1009;;19;;372;1823
23.05.2023 02:00:00;23.05.2023 03:00:00;23;396;986;;21;;382;1808
23.05.2023 03:00:00;23.05.2023 04:00:00;23;366;957;;20;;306;1672
23.05.2023 04:00:00;23.05.2023 05:00:00;23;359;953;;19;;204;1558
23.05.2023 05:00:00;23.05.2023 06:00:00;23;366;1033;;22;;110;1554
23.05.2023 06:00:00;23.05.2023 07:00:00;23;398;1242;;24;;117;1804
23.05.2023 07:00:00;23.05.2023 08:00:00;23;401;1783;;22;;192;2421
23.05.2023 08:00:00;23.05.2023 09:00:00;23;392;1974;;24;;179;2592
23.05.2023 09:00:00;23.05.2023 10:00:00;23;390;2011;;21;;174;2619
23.05.2023 10:00:00;23.05.2023 11:00:00;24;401;1936;;19;;189;2569
23.05.2023 11:00:00;23.05.2023 12:00:00;25;392;1791;;21;;159;2388
23.05.2023 12:00:00;23.05.2023 13:00:00;25;388;1624;;13;;148;2198
23.05.2023 13:00:00;23.05.2023 14:00:00;25;398;1530;;15;;130;2098
23.05.2023 14:00:00;23.05.2023 15:00:00;25;400;1273;;13;;146;1857
23.05.2023 15:00:00;23.05.2023 16:00:00;25;399;1136;;12;;131;1703
23.05.2023 16:00:00;23.05.2023 17:00:00;25;394;1301;;18;;160;1898
23.05.2023 17:00:00;23.05.2023 18:00:00;25;392;1278;;12;;174;1881
23.05.2023 18:00:00;23.05.2023 19:00:00;25;393;1296;;15;;135;1864
23.05.2023 19:00:00;23.05.2023 20:00:00;25;388;1265;;18;;142;1838
23.05.2023 20:00:00;23.05.2023 21:00:00;25;400;1151;;18;;139;1733
23.05.2023 21:00:00;23.05.2023 22:00:00;25;385;1036;;17;;128;1591
23.05.2023 22:00:00;23.05.2023 23:00:00;25;365;982;;10;;156;1538
23.05.2023 23:00:00;24.05.2023 00:00:00;25;358;930;;19;;192;1524
24.05.2023 00:00:00;24.05.2023 01:00:00;25;363;972;;0;;238;1598
24.05.2023 01:00:00;24.05.2023 02:00:00;25;380;924;;9;;320;1658
24.05.2023 02:00:00;24.05.2023 03:00:00;25;390;953;;18;;419;1805
24.05.2023 03:00:00;24.05.2023 04:00:00;25;372;946;;17;;459;1819
24.05.2023 04:00:00;24.05.2023 05:00:00;25;365;933;;16;;559;1898
24.05.2023 05:00:00;24.05.2023 06:00:00;25;365;965;;15;;561;1931
24.05.2023 06:00:00;24.05.2023 07:00:00;25;356;945;;16;;601;1943
24.05.2023 07:00:00;24.05.2023 08:00:00;25;357;905;;20;;687;1994
24.05.2023 08:00:00;24.05.2023 09:00:00;25;363;909;;20;;762;2079
24.05.2023 09:00:00;24.05.2023 10:00:00;25;356;846;;17;;817;2061
24.05.2023 10:00:00;24.05.2023 11:00:00;25;345;815;;17;;847;2049
24.05.2023 11:00:00;24.05.2023 12:00:00;25;305;732;;21;;838;1921
24.05.2023 12:00:00;24.05.2023 13:00:00;25;298;742;;22;;815;1902
24.05.2023 13:00:00;24.05.2023 14:00:00;25;301;851;;21;;830;2028
24.05.2023 14:00:00;24.05.2023 15:00:00;25;299;900;;20;;828;2072
24.05.2023 15:00:00;24.05.2023 16:00:00;25;291;888;;25;;836;2065
24.05.2023 16:00:00;24.05.2023 17:00:00;25;276;822;;20;;864;2007
24.05.2023 17:00:00;24.05.2023 18:00:00;25;289;856;;22;;878;2070
24.05.2023 18:00:00;24.05.2023 19:00:00;25;293;883;;21;;881;2103
24.05.2023 19:00:00;24.05.2023 20:00:00;25;344;921;;25;;893;2208
24.05.2023 20:00:00;24.05.2023 21:00:00;25;367;930;;23;;872;2217
24.05.2023 21:00:00;24.05.2023 22:00:00;25;368;903;;22;;865;2183
24.05.2023 22:00:00;24.05.2023 23:00:00;25;334;870;;21;;808;2058
24.05.2023 23:00:00;25.05.2023 00:00:00;25;282;810;;22;;814;1953
25.05.2023 00:00:00;25.05.2023 01:00:00;25;288;709;;13;;862;1897
25.05.2023 01:00:00;25.05.2023 02:00:00;25;285;706;;15;;864;1895
25.05.2023 02:00:00;25.05.2023 03:00:00;25;278;694;;17;;922;1936
25.05.2023 03:00:00;25.05.2023 04:00:00;25;290;751;;16;;920;2002
25.05.2023 04:00:00;25.05.2023 05:00:00;25;310;805;;18;;925;2083
25.05.2023 05:00:00;25.05.2023 06:00:00;25;322;860;;20;;919;2146
25.05.2023 06:00:00;25.05.2023 07:00:00;25;356;917;;20;;945;2263
25.05.2023 07:00:00;25.05.2023 08:00:00;25;364;924;;24;;956;2293
25.05.2023 08:00:00;25.05.2023 09:00:00;25;371;899;;23;;893;2211
25.05.2023 09:00:00;25.05.2023 10:00:00;25;368;917;;20;;900;2230
25.05.2023 10:00:00;25.05.2023 11:00:00;25;375;873;;20;;912;2205
25.05.2023 11:00:00;25.05.2023 12:00:00;25;372;848;;17;;908;2170
25.05.2023 12:00:00;25.05.2023 13:00:00;25;368;886;;24;;935;2238
25.05.2023 13:00:00;25.05.2023 14:00:00;25;370;898;;21;;896;2210
25.05.2023 14:00:00;25.05.2023 15:00:00;25;363;865;;22;;899;2174
25.05.2023 15:00:00;25.05.2023 16:00:00;25;362;932;;24;;826;2169
25.05.2023 16:00:00;25.05.2023 17:00:00;25;364;942;;23;;828;2182
25.05.2023 17:00:00;25.05.2023 18:00:00;25;367;924;;25;;721;2062
25.05.2023 18:00:00;25.05.2023 19:00:00;25;363;961;;22;;652;2023
25.05.2023 19:00:00;25.05.2023 20:00:00;25;370;1045;;22;;605;2067
25.05.2023 20:00:00;25.05.2023 21:00:00;25;372;1004;;22;;509;1932
25.05.2023 21:00:00;25.05.2023 22:00:00;25;368;973;;23;;475;1864
25.05.2023 22:00:00;25.05.2023 23:00:00;25;363;977;;23;;563;1951
25.05.2023 23:00:00;26.05.2023 00:00:00;25;366;889;;16;;558;1854
26.05.2023 00:00:00;26.05.2023 01:00:00;25;369;887;;11;;491;1783
26.05.2023 01:00:00;26.05.2023 02:00:00;25;354;824;;12;;516;1731
26.05.2023 02:00:00;26.05.2023 03:00:00;25;346;763;;17;;527;1678
26.05.2023 03:00:00;26.05.2023 04:00:00;25;346;755;;17;;527;1670
26.05.2023 04:00:00;26.05.2023 05:00:00;25;349;798;;17;;557;1746
26.05.2023 05:00:00;26.05.2023 06:00:00;25;369;863;;17;;536;1810
26.05.2023 06:00:00;26.05.2023 07:00:00;25;368;874;;17;;520;1804
26.05.2023 07:00:00;26.05.2023 08:00:00;25;370;854;;17;;509;1775
26.05.2023 08:00:00;26.05.2023 09:00:00;25;370;847;;18;;600;1860
26.05.2023 09:00:00;26.05.2023 10:00:00;25;364;883;;20;;733;2025
26.05.2023 10:00:00;26.05.2023 11:00:00;25;363;913;;18;;691;2010
26.05.2023 11:00:00;26.05.2023 12:00:00;25;359;897;;17;;617;1915
26.05.2023 12:00:00;26.05.2023 13:00:00;25;364;856;;21;;619;1885
26.05.2023 13:00:00;26.05.2023 14:00:00;25;361;871;;19;;700;1976
26.05.2023 14:00:00;26.05.2023 15:00:00;25;359;870;;19;;688;1961
26.05.2023 15:00:00;26.05.2023 16:00:00;25;343;919;;15;;768;2070
26.05.2023 16:00:00;26.05.2023 17:00:00;25;340;863;;11;;741;1980
26.05.2023 17:00:00;26.05.2023 18:00:00;25;331;799;;12;;757;1924
26.05.2023 18:00:00;26.05.2023 19:00:00;25;302;821;;12;;759;1919
26.05.2023 19:00:00;26.05.2023 20:00:00;25;301;854;;12;;706;1898
26.05.2023 20:00:00;26.05.2023 21:00:00;25;305;879;;12;;675;1896
26.05.2023 21:00:00;26.05.2023 22:00:00;25;313;955;;15;;712;2020
26.05.2023 22:00:00;26.05.2023 23:00:00;25;305;953;;17;;712;2012
26.05.2023 23:00:00;27.05.2023 00:00:00;25;302;885;;8;;722;1942
27.05.2023 00:00:00;27.05.2023 01:00:00;25;286;838;;13;;660;1822
27.05.2023 01:00:00;27.05.2023 02:00:00;25;288;851;;12;;597;1773
27.05.2023 02:00:00;27.05.2023 03:00:00;25;285;865;;11;;571;1757
27.05.2023 03:00:00;27.05.2023 04:00:00;25;284;908;;7;;488;1712
27.05.2023 04:00:00;27.05.2023 05:00:00;25;280;970;;14;;471;1760
27.05.2023 05:00:00;27.05.2023 06:00:00;25;273;1068;;13;;419;1798
27.05.2023 06:00:00;27.05.2023 07:00:00;25;275;1207;;15;;367;1889
27.05.2023 07:00:00;27.05.2023 08:00:00;25;290;1288;;16;;363;1982
27.05.2023 08:00:00;27.05.2023 09:00:00;25;281;1276;;2;;393;1977
27.05.2023 09:00:00;27.05.2023 10:00:00;25;274;1306;;17;;449;2071
27.05.2023 10:00:00;27.05.2023 11:00:00;25;265;1165;;14;;589;2058
27.05.2023 11:00:00;27.05.2023 12:00:00;25;264;1038;;17;;648;1992
27.05.2023 12:00:00;27.05.2023 13:00:00;25;259;970;;15;;638;1907
27.05.2023 13:00:00;27.05.2023 14:00:00;25;257;833;;13;;661;1789
27.05.2023 14:00:00;27.05.2023 15:00:00;25;261;942;;15;;691;1934
27.05.2023 15:00:00;27.05.2023 16:00:00;25;274;984;;15;;762;2060
27.05.2023 16:00:00;27.05.2023 17:00:00;25;273;1087;;16;;772;2173
27.05.2023 17:00:00;27.05.2023 18:00:00;25;276;1067;;20;;752;2140
27.05.2023 18:00:00;27.05.2023 19:00:00;25;276;1038;;13;;675;2027
27.05.2023 19:00:00;27.05.2023 20:00:00;25;276;1069;;13;;666;2049
27.05.2023 20:00:00;27.05.2023 21:00:00;25;239;950;;17;;728;1959
27.05.2023 21:00:00;27.05.2023 22:00:00;25;249;825;;17;;727;1843
27.05.2023 22:00:00;27.05.2023 23:00:00;25;243;781;;16;;772;1837
27.05.2023 23:00:00;28.05.2023 00:00:00;25;208;704;;10;;849;1796
28.05.2023 00:00:00;28.05.2023 01:00:00;25;195;720;;14;;853;1807
28.05.2023 01:00:00;28.05.2023 02:00:00;25;195;655;;16;;852;1743
28.05.2023 02:00:00;28.05.2023 03:00:00;25;196;654;;7;;875;1757
28.05.2023 03:00:00;28.05.2023 04:00:00;25;195;652;;13;;855;1740
28.05.2023 04:00:00;28.05.2023 05:00:00;25;198;670;;13;;866;1772
28.05.2023 05:00:00;28.05.2023 06:00:00;25;207;737;;15;;758;1742
28.05.2023 06:00:00;28.05.2023 07:00:00;25;201;830;;13;;613;1682
28.05.2023 07:00:00;28.05.2023 08:00:00;25;217;885;;14;;628;1769
28.05.2023 08:00:00;28.05.2023 09:00:00;25;221;833;;13;;639;1731
28.05.2023 09:00:00;28.05.2023 10:00:00;25;214;756;;11;;625;1631
28.05.2023 10:00:00;28.05.2023 11:00:00;25;191;709;;7;;602;1534
28.05.2023 11:00:00;28.05.2023 12:00:00;25;163;667;;6;;556;1417
28.05.2023 12:00:00;28.05.2023 13:00:00;25;154;583;;6;;567;1335
28.05.2023 13:00:00;28.05.2023 14:00:00;25;149;641;;6;;650;1471
28.05.2023 14:00:00;28.05.2023 15:00:00;25;150;616;;4;;602;1397
28.05.2023 15:00:00;28.05.2023 16:00:00;25;164;781;;5;;597;1572
28.05.2023 16:00:00;28.05.2023 17:00:00;25;165;717;;11;;735;1653
28.05.2023 17:00:00;28.05.2023 18:00:00;25;236;801;;11;;589;1662
28.05.2023 18:00:00;28.05.2023 19:00:00;25;254;968;;13;;531;1791
28.05.2023 19:00:00;28.05.2023 20:00:00;25;261;1011;;9;;643;1949
28.05.2023 20:00:00;28.05.2023 21:00:00;25;298;944;;6;;632;1905
28.05.2023 21:00:00;28.05.2023 22:00:00;25;287;965;;10;;608;1895
28.05.2023 22:00:00;28.05.2023 23:00:00;25;284;1003;;10;;605;1927
28.05.2023 23:00:00;29.05.2023 00:00:00;25;281;875;;11;;541;1733
29.05.2023 00:00:00;29.05.2023 01:00:00;23;279;806;;12;;517;1637
29.05.2023 01:00:00;29.05.2023 02:00:00;23;288;810;;14;;594;1729
29.05.2023 02:00:00;29.05.2023 03:00:00;23;284;830;;13;;651;1801
29.05.2023 03:00:00;29.05.2023 04:00:00;23;276;852;;12;;552;1715
29.05.2023 04:00:00;29.05.2023 05:00:00;23;275;943;;11;;487;1739
29.05.2023 05:00:00;29.05.2023 06:00:00;23;272;1076;;11;;423;1805
29.05.2023 06:00:00;29.05.2023 07:00:00;23;275;1196;;15;;336;1845
29.05.2023 07:00:00;29.05.2023 08:00:00;23;271;1231;;16;;364;1905
29.05.2023 08:00:00;29.05.2023 09:00:00;23;280;1277;;14;;485;2079
29.05.2023 09:00:00;29.05.2023 10:00:00;23;279;1122;;8;;436;1868
29.05.2023 10:00:00;29.05.2023 11:00:00;23;280;1022;;8;;376;1709
29.05.2023 11:00:00;29.05.2023 12:00:00;23;280;1034;;7;;349;1693
29.05.2023 12:00:00;29.05.2023 13:00:00;23;277;1042;;6;;350;1698
29.05.2023 13:00:00;29.05.2023 14:00:00;23;278;931;;13;;362;1607
29.05.2023 14:00:00;29.05.2023 15:00:00;23;277;931;;11;;392;1634
29.05.2023 15:00:00;29.05.2023 16:00:00;23;271;945;;12;;441;1692
29.05.2023 16:00:00;29.05.2023 17:00:00;23;277;1005;;13;;506;1824
29.05.2023 17:00:00;29.05.2023 18:00:00;23;275;948;;15;;559;1820
29.05.2023 18:00:00;29.05.2023 19:00:00;23;274;1164;;13;;615;2089
29.05.2023 19:00:00;29.05.2023 20:00:00;23;279;1263;;13;;522;2100
29.05.2023 20:00:00;29.05.2023 21:00:00;23;279;1250;;9;;443;2004
29.05.2023 21:00:00;29.05.2023 22:00:00;23;278;1260;;10;;332;1903
29.05.2023 22:00:00;29.05.2023 23:00:00;23;274;1148;;11;;369;1825
29.05.2023 23:00:00;30.05.2023 00:00:00;23;276;944;;12;;409;1664
30.05.2023 00:00:00;30.05.2023 01:00:00;23;283;1019;;6;;523;1854
30.05.2023 01:00:00;30.05.2023 02:00:00;23;289;909;;13;;620;1854
30.05.2023 02:00:00;30.05.2023 03:00:00;23;286;888;;13;;548;1758
30.05.2023 03:00:00;30.05.2023 04:00:00;23;284;859;;13;;471;1650
30.05.2023 04:00:00;30.05.2023 05:00:00;23;285;928;;13;;451;1700
30.05.2023 05:00:00;30.05.2023 06:00:00;23;288;1334;;12;;486;2143
30.05.2023 06:00:00;30.05.2023 07:00:00;23;298;1665;;14;;501;2501
30.05.2023 07:00:00;30.05.2023 08:00:00;23;289;1997;;17;;554;2880
30.05.2023 08:00:00;30.05.2023 09:00:00;23;283;2195;;14;;625;3140
30.05.2023 09:00:00;30.05.2023 10:00:00;23;286;2116;;16;;604;3045
30.05.2023 10:00:00;30.05.2023 11:00:00;23;295;2053;;11;;600;2982
30.05.2023 11:00:00;30.05.2023 12:00:00;23;308;1759;;7;;613;2710
30.05.2023 12:00:00;30.05.2023 13:00:00;23;330;1632;;13;;625;2623
30.05.2023 13:00:00;30.05.2023 14:00:00;23;325;1584;;11;;684;2627
30.05.2023 14:00:00;30.05.2023 15:00:00;23;324;1478;;14;;709;2548
30.05.2023 15:00:00;30.05.2023 16:00:00;23;322;1466;;15;;733;2559
30.05.2023 16:00:00;30.05.2023 17:00:00;23;322;1259;;16;;798;2418
30.05.2023 17:00:00;30.05.2023 18:00:00;23;322;1306;;16;;741;2408
30.05.2023 18:00:00;30.05.2023 19:00:00;23;321;1254;;15;;701;2314
30.05.2023 19:00:00;30.05.2023 20:00:00;23;324;1161;;15;;688;2211
30.05.2023 20:00:00;30.05.2023 21:00:00;23;328;1076;;16;;667;2110
30.05.2023 21:00:00;30.05.2023 22:00:00;23;335;1086;;17;;657;2118
30.05.2023 22:00:00;30.05.2023 23:00:00;23;322;946;;15;;628;1934
30.05.2023 23:00:00;31.05.2023 00:00:00;23;295;902;;8;;565;1793
31.05.2023 00:00:00;31.05.2023 01:00:00;23;240;1062;;8;;516;1849
31.05.2023 01:00:00;31.05.2023 02:00:00;23;233;1051;;13;;505;1825
31.05.2023 02:00:00;31.05.2023 03:00:00;23;225;1045;;14;;514;1821
31.05.2023 03:00:00;31.05.2023 04:00:00;23;228;1037;;12;;521;1821
31.05.2023 04:00:00;31.05.2023 05:00:00;23;227;1036;;13;;525;1824
31.05.2023 05:00:00;31.05.2023 06:00:00;23;268;1110;;15;;532;1948
31.05.2023 06:00:00;31.05.2023 07:00:00;23;318;1186;;17;;629;2173
31.05.2023 07:00:00;31.05.2023 08:00:00;23;343;1252;;17;;725;2360
31.05.2023 08:00:00;31.05.2023 09:00:00;22;339;1241;;8;;737;2347
31.05.2023 09:00:00;31.05.2023 10:00:00;32;339;1334;;7;;754;2466
31.05.2023 10:00:00;31.05.2023 11:00:00;43;345;1333;;5;;748;2474
31.05.2023 11:00:00;31.05.2023 12:00:00;50;338;1360;;2;;749;2499
31.05.2023 12:00:00;31.05.2023 13:00:00;47;333;1364;;8;;758;2510
31.05.2023 13:00:00;31.05.2023 14:00:00;32;311;1261;;6;;720;2330
31.05.2023 14:00:00;31.05.2023 15:00:00;36;275;1201;;8;;748;2268
31.05.2023 15:00:00;31.05.2023 16:00:00;115;283;1250;;10;;727;2385
31.05.2023 16:00:00;31.05.2023 17:00:00;121;322;1286;;11;;679;2419
31.05.2023 17:00:00;31.05.2023 18:00:00;125;331;1312;;13;;701;2482
31.05.2023 18:00:00;31.05.2023 19:00:00;128;327;1261;;13;;648;2377
31.05.2023 19:00:00;31.05.2023 20:00:00;125;335;1345;;12;;584;2401
31.05.2023 20:00:00;31.05.2023 21:00:00;129;331;1422;;13;;517;2412
31.05.2023 21:00:00;31.05.2023 22:00:00;123;329;1383;;11;;537;2383
31.05.2023 22:00:00;31.05.2023 23:00:00;125;328;1361;;14;;576;2404
31.05.2023 23:00:00;01.06.2023 00:00:00;119;328;1341;;6;;584;2378
01.06.2023 00:00:00;01.06.2023 01:00:00;48;333;1274;;8;;632;2295
01.06.2023 01:00:00;01.06.2023 02:00:00;48;323;1267;;11;;705;2354
01.06.2023 02:00:00;01.06.2023 03:00:00;50;318;1254;;14;;719;2355
01.06.2023 03:00:00;01.06.2023 04:00:00;44;317;1262;;10;;633;2266
01.06.2023 04:00:00;01.06.2023 05:00:00;49;320;1252;;13;;653;2287
01.06.2023 05:00:00;01.06.2023 06:00:00;55;328;1352;;13;;591;2339
01.06.2023 06:00:00;01.06.2023 07:00:00;50;326;1434;;13;;481;2304
01.06.2023 07:00:00;01.06.2023 08:00:00;43;315;1634;;14;;472;2478
01.06.2023 08:00:00;01.06.2023 09:00:00;47;317;1697;;13;;479;2553
01.06.2023 09:00:00;01.06.2023 10:00:00;49;321;1700;;11;;462;2543
01.06.2023 10:00:00;01.06.2023 11:00:00;51;321;1577;;13;;483;2445
01.06.2023 11:00:00;01.06.2023 12:00:00;52;315;1512;;10;;446;2335
01.06.2023 12:00:00;01.06.2023 13:00:00;45;310;1453;;13;;420;2241
01.06.2023 13:00:00;01.06.2023 14:00:00;35;304;1448;;10;;377;2174
01.06.2023 14:00:00;01.06.2023 15:00:00;113;293;1427;;10;;352;2195
01.06.2023 15:00:00;01.06.2023 16:00:00;46;292;1401;;12;;411;2162
01.06.2023 16:00:00;01.06.2023 17:00:00;25;290;1525;;12;;437;2289
01.06.2023 17:00:00;01.06.2023 18:00:00;25;282;1514;;11;;405;2237
01.06.2023 18:00:00;01.06.2023 19:00:00;25;283;1558;;11;;339;2216
01.06.2023 19:00:00;01.06.2023 20:00:00;25;283;1598;;14;;333;2253
01.06.2023 20:00:00;01.06.2023 21:00:00;25;277;1569;;14;;305;2190
01.06.2023 21:00:00;01.06.2023 22:00:00;25;275;1567;;10;;232;2109
01.06.2023 22:00:00;01.06.2023 23:00:00;25;273;1589;;11;;227;2125
01.06.2023 23:00:00;02.06.2023 00:00:00;25;272;1305;;11;;202;1815
02.06.2023 00:00:00;02.06.2023 01:00:00;25;273;1184;;15;;174;1671
02.06.2023 01:00:00;02.06.2023 02:00:00;25;277;1087;;20;;146;1555
02.06.2023 02:00:00;02.06.2023 03:00:00;25;278;1131;;12;;170;1616
02.06.2023 03:00:00;02.06.2023 04:00:00;25;273;1122;;11;;187;1618
02.06.2023 04:00:00;02.06.2023 05:00:00;25;272;1129;;13;;166;1605
02.06.2023 05:00:00;02.06.2023 06:00:00;25;271;1290;;12;;169;1767
02.06.2023 06:00:00;02.06.2023 07:00:00;25;278;1587;;13;;142;2045
02.06.2023 07:00:00;02.06.2023 08:00:00;25;282;2133;;15;;127;2582
02.06.2023 08:00:00;02.06.2023 09:00:00;25;285;2453;;26;;124;2913
02.06.2023 09:00:00;02.06.2023 10:00:00;25;266;2559;;24;;107;2981
02.06.2023 10:00:00;02.06.2023 11:00:00;25;260;2731;;16;;134;3166
02.06.2023 11:00:00;02.06.2023 12:00:00;25;260;2776;;1;;168;3230
02.06.2023 12:00:00;02.06.2023 13:00:00;25;261;2701;;5;;185;3177
02.06.2023 13:00:00;02.06.2023 14:00:00;25;269;2763;;7;;203;3267
02.06.2023 14:00:00;02.06.2023 15:00:00;25;268;2839;;6;;221;3359
02.06.2023 15:00:00;02.06.2023 16:00:00;25;261;2683;;15;;252;3236
02.06.2023 16:00:00;02.06.2023 17:00:00;25;263;2729;;9;;229;3255
02.06.2023 17:00:00;02.06.2023 18:00:00;25;263;2846;;13;;236;3383
02.06.2023 18:00:00;02.06.2023 19:00:00;25;266;2824;;15;;199;3329
02.06.2023 19:00:00;02.06.2023 20:00:00;25;278;2695;;16;;244;3258
02.06.2023 20:00:00;02.06.2023 21:00:00;25;268;2733;;14;;371;3411
02.06.2023 21:00:00;02.06.2023 22:00:00;25;276;2355;;12;;431;3099
02.06.2023 22:00:00;02.06.2023 23:00:00;25;267;2020;;15;;556;2883
02.06.2023 23:00:00;03.06.2023 00:00:00;25;265;1907;;14;;552;2763
03.06.2023 00:00:00;03.06.2023 01:00:00;25;264;1844;;13;;580;2726
03.06.2023 01:00:00;03.06.2023 02:00:00;25;266;1654;;18;;647;2610
03.06.2023 02:00:00;03.06.2023 03:00:00;25;270;1605;;19;;655;2574
03.06.2023 03:00:00;03.06.2023 04:00:00;25;271;1646;;14;;656;2612
03.06.2023 04:00:00;03.06.2023 05:00:00;25;277;1671;;6;;629;2608
03.06.2023 05:00:00;03.06.2023 06:00:00;25;278;1657;;18;;580;2558
03.06.2023 06:00:00;03.06.2023 07:00:00;25;278;1605;;17;;526;2451
03.06.2023 07:00:00;03.06.2023 08:00:00;25;288;1714;;21;;443;2491
03.06.2023 08:00:00;03.06.2023 09:00:00;25;282;1679;;18;;404;2408
03.06.2023 09:00:00;03.06.2023 10:00:00;25;281;1763;;15;;399;2483
03.06.2023 10:00:00;03.06.2023 11:00:00;25;281;1740;;15;;407;2468
03.06.2023 11:00:00;03.06.2023 12:00:00;25;279;1140;;13;;410;1867
03.06.2023 12:00:00;03.06.2023 13:00:00;25;278;887;;4;;424;1618
03.06.2023 13:00:00;03.06.2023 14:00:00;25;276;835;;5;;395;1536
03.06.2023 14:00:00;03.06.2023 15:00:00;25;281;924;;6;;389;1625
03.06.2023 15:00:00;03.06.2023 16:00:00;25;285;912;;8;;362;1592
03.06.2023 16:00:00;03.06.2023 17:00:00;25;283;989;;10;;371;1678
03.06.2023 17:00:00;03.06.2023 18:00:00;25;291;1589;;14;;394;2313
03.06.2023 18:00:00;03.06.2023 19:00:00;25;295;1745;;15;;355;2435
03.06.2023 19:00:00;03.06.2023 20:00:00;25;289;1700;;11;;333;2358
03.06.2023 20:00:00;03.06.2023 21:00:00;25;288;1569;;13;;319;2214
03.06.2023 21:00:00;03.06.2023 22:00:00;25;289;1356;;14;;271;1955
03.06.2023 22:00:00;03.06.2023 23:00:00;25;288;1153;;15;;226;1707
03.06.2023 23:00:00;04.06.2023 00:00:00;25;287;1116;;3;;253;1684
04.06.2023 00:00:00;04.06.2023 01:00:00;25;276;1070;;8;;198;1577
04.06.2023 01:00:00;04.06.2023 02:00:00;25;274;1053;;9;;211;1572
04.06.2023 02:00:00;04.06.2023 03:00:00;25;277;1069;;12;;191;1574
04.06.2023 03:00:00;04.06.2023 04:00:00;25;274;1076;;7;;211;1593
04.06.2023 04:00:00;04.06.2023 05:00:00;25;269;1097;;15;;201;1607
04.06.2023 05:00:00;04.06.2023 06:00:00;25;271;1197;;36;;218;1747
04.06.2023 06:00:00;04.06.2023 07:00:00;25;272;1295;;18;;306;1916
04.06.2023 07:00:00;04.06.2023 08:00:00;25;274;1299;;18;;286;1902
04.06.2023 08:00:00;04.06.2023 09:00:00;25;271;1483;;9;;262;2050
04.06.2023 09:00:00;04.06.2023 10:00:00;25;270;1492;;6;;266;2059
04.06.2023 10:00:00;04.06.2023 11:00:00;25;266;1086;;15;;207;1599
04.06.2023 11:00:00;04.06.2023 12:00:00;25;268;978;;12;;279;1562
04.06.2023 12:00:00;04.06.2023 13:00:00;25;272;892;;13;;385;1587
04.06.2023 13:00:00;04.06.2023 14:00:00;25;274;846;;14;;494;1653
04.06.2023 14:00:00;04.06.2023 15:00:00;25;267;805;;14;;622;1733
04.06.2023 15:00:00;04.06.2023 16:00:00;25;269;858;;13;;660;1825
04.06.2023 16:00:00;04.06.2023 17:00:00;25;271;948;;10;;652;1906
04.06.2023 17:00:00;04.06.2023 18:00:00;25;275;1548;;4;;651;2503
04.06.2023 18:00:00;04.06.2023 19:00:00;25;279;1501;;8;;568;2381
04.06.2023 19:00:00;04.06.2023 20:00:00;25;284;1358;;7;;506;2180
04.06.2023 20:00:00;04.06.2023 21:00:00;25;287;1366;;12;;624;2314
04.06.2023 21:00:00;04.06.2023 22:00:00;25;289;1260;;11;;552;2137
04.06.2023 22:00:00;04.06.2023 23:00:00;25;283;1056;;7;;529;1900
04.06.2023 23:00:00;05.06.2023 00:00:00;25;287;952;;9;;539;1812
05.06.2023 00:00:00;05.06.2023 01:00:00;23;284;908;;19;;530;1764
05.06.2023 01:00:00;05.06.2023 02:00:00;23;280;841;;9;;442;1595
05.06.2023 02:00:00;05.06.2023 03:00:00;23;282;845;;9;;391;1550
05.06.2023 03:00:00;05.06.2023 04:00:00;23;275;818;;11;;399;1526
05.06.2023 04:00:00;05.06.2023 05:00:00;23;291;844;;15;;451;1624
05.06.2023 05:00:00;05.06.2023 06:00:00;23;288;909;;25;;485;1730
05.06.2023 06:00:00;05.06.2023 07:00:00;23;283;951;;21;;425;1703
05.06.2023 07:00:00;05.06.2023 08:00:00;23;278;1014;;13;;420;1748
05.06.2023 08:00:00;05.06.2023 09:00:00;23;278;1010;;16;;626;1953
05.06.2023 09:00:00;05.06.2023 10:00:00;23;281;918;;15;;684;1921
05.06.2023 10:00:00;05.06.2023 11:00:00;23;280;783;;9;;646;1741
05.06.2023 11:00:00;05.06.2023 12:00:00;23;279;786;;14;;612;1714
05.06.2023 12:00:00;05.06.2023 13:00:00;23;280;827;;11;;622;1763
05.06.2023 13:00:00;05.06.2023 14:00:00;23;284;837;;13;;619;1776
05.06.2023 14:00:00;05.06.2023 15:00:00;23;291;816;;18;;597;1745
05.06.2023 15:00:00;05.06.2023 16:00:00;23;290;851;;22;;591;1777
05.06.2023 16:00:00;05.06.2023 17:00:00;23;284;846;;18;;600;1771
05.06.2023 17:00:00;05.06.2023 18:00:00;23;284;804;;22;;595;1728
05.06.2023 18:00:00;05.06.2023 19:00:00;23;293;890;;17;;523;1746
05.06.2023 19:00:00;05.06.2023 20:00:00;23;292;1041;;11;;427;1794
05.06.2023 20:00:00;05.06.2023 21:00:00;23;290;1071;;11;;376;1771
05.06.2023 21:00:00;05.06.2023 22:00:00;23;285;1095;;16;;312;1731
05.06.2023 22:00:00;05.06.2023 23:00:00;23;288;1031;;17;;291;1650
05.06.2023 23:00:00;06.06.2023 00:00:00;23;287;892;;12;;282;1496
06.06.2023 00:00:00;06.06.2023 01:00:00;23;273;985;;19;;295;1595
06.06.2023 01:00:00;06.06.2023 02:00:00;23;272;916;;22;;269;1502
06.06.2023 02:00:00;06.06.2023 03:00:00;23;279;981;;14;;256;1553
06.06.2023 03:00:00;06.06.2023 04:00:00;23;291;999;;14;;246;1573
06.06.2023 04:00:00;06.06.2023 05:00:00;23;283;1118;;17;;230;1671
06.06.2023 05:00:00;06.06.2023 06:00:00;23;276;1572;;15;;219;2105
06.06.2023 06:00:00;06.06.2023 07:00:00;23;274;2113;;15;;194;2619
06.06.2023 07:00:00;06.06.2023 08:00:00;23;287;2287;;16;;202;2815
06.06.2023 08:00:00;06.06.2023 09:00:00;23;294;2616;;17;;206;3156
06.06.2023 09:00:00;06.06.2023 10:00:00;23;274;2586;;12;;200;3095
06.06.2023 10:00:00;06.06.2023 11:00:00;24;267;2590;;10;;192;3083
06.06.2023 11:00:00;06.06.2023 12:00:00;25;268;2733;;2;;180;3208
06.06.2023 12:00:00;06.06.2023 13:00:00;25;270;2717;;15;;170;3197
06.06.2023 13:00:00;06.06.2023 14:00:00;25;269;2776;;13;;173;3256
06.06.2023 14:00:00;06.06.2023 15:00:00;25;270;2779;;7;;175;3256
06.06.2023 15:00:00;06.06.2023 16:00:00;25;269;2677;;15;;195;3181
06.06.2023 16:00:00;06.06.2023 17:00:00;25;266;2907;;14;;236;3448
06.06.2023 17:00:00;06.06.2023 18:00:00;25;262;2934;;13;;262;3496
06.06.2023 18:00:00;06.06.2023 19:00:00;25;260;2875;;13;;230;3403
06.06.2023 19:00:00;06.06.2023 20:00:00;25;261;2938;;14;;186;3424
06.06.2023 20:00:00;06.06.2023 21:00:00;25;261;2994;;16;;178;3474
06.06.2023 21:00:00;06.06.2023 22:00:00;25;261;2931;;15;;209;3441
06.06.2023 22:00:00;06.06.2023 23:00:00;25;266;2822;;18;;164;3295
06.06.2023 23:00:00;07.06.2023 00:00:00;25;264;2506;;21;;132;2948
07.06.2023 00:00:00;07.06.2023 01:00:00;25;265;2739;;27;;137;3193
07.06.2023 01:00:00;07.06.2023 02:00:00;25;263;2715;;28;;131;3162
07.06.2023 02:00:00;07.06.2023 03:00:00;25;266;2728;;18;;141;3178
07.06.2023 03:00:00;07.06.2023 04:00:00;25;263;2644;;18;;159;3109
07.06.2023 04:00:00;07.06.2023 05:00:00;25;262;2593;;19;;195;3094
07.06.2023 05:00:00;07.06.2023 06:00:00;25;257;2552;;14;;228;3076
07.06.2023 06:00:00;07.06.2023 07:00:00;25;256;2576;;13;;245;3115
07.06.2023 07:00:00;07.06.2023 08:00:00;25;256;2674;;16;;277;3248
07.06.2023 08:00:00;07.06.2023 09:00:00;25;259;3030;;18;;312;3644
07.06.2023 09:00:00;07.06.2023 10:00:00;25;256;3096;;14;;279;3670
07.06.2023 10:00:00;07.06.2023 11:00:00;25;250;3066;;12;;370;3723
07.06.2023 11:00:00;07.06.2023 12:00:00;25;259;3062;;4;;408;3758
07.06.2023 12:00:00;07.06.2023 13:00:00;25;260;3035;;8;;396;3724
07.06.2023 13:00:00;07.06.2023 14:00:00;25;259;2848;;10;;356;3498
07.06.2023 14:00:00;07.06.2023 15:00:00;25;262;2796;;9;;308;3400
07.06.2023 15:00:00;07.06.2023 16:00:00;25;265;2847;;19;;312;3468
07.06.2023 16:00:00;07.06.2023 17:00:00;25;270;2881;;14;;287;3477
07.06.2023 17:00:00;07.06.2023 18:00:00;25;267;2834;;17;;279;3422
07.06.2023 18:00:00;07.06.2023 19:00:00;25;267;2839;;17;;276;3424
07.06.2023 19:00:00;07.06.2023 20:00:00;25;267;2839;;18;;304;3453
07.06.2023 20:00:00;07.06.2023 21:00:00;25;267;2855;;17;;341;3505
07.06.2023 21:00:00;07.06.2023 22:00:00;25;266;2870;;13;;331;3505
07.06.2023 22:00:00;07.06.2023 23:00:00;25;265;2645;;12;;348;3295
07.06.2023 23:00:00;08.06.2023 00:00:00;25;267;1976;;11;;323;2602
08.06.2023 00:00:00;08.06.2023 01:00:00;25;259;2163;;18;;316;2781
08.06.2023 01:00:00;08.06.2023 02:00:00;25;259;2080;;20;;275;2659
08.06.2023 02:00:00;08.06.2023 03:00:00;25;272;2063;;11;;235;2606
08.06.2023 03:00:00;08.06.2023 04:00:00;25;270;1965;;11;;258;2529
08.06.2023 04:00:00;08.06.2023 05:00:00;25;268;2111;;14;;213;2631
08.06.2023 05:00:00;08.06.2023 06:00:00;25;265;2457;;12;;198;2957
08.06.2023 06:00:00;08.06.2023 07:00:00;25;267;2717;;12;;220;3241
08.06.2023 07:00:00;08.06.2023 08:00:00;25;271;2880;;15;;206;3397
08.06.2023 08:00:00;08.06.2023 09:00:00;25;264;2933;;23;;206;3451
08.06.2023 09:00:00;08.06.2023 10:00:00;25;258;2878;;20;;195;3376
08.06.2023 10:00:00;08.06.2023 11:00:00;25;257;2880;;17;;212;3391
08.06.2023 11:00:00;08.06.2023 12:00:00;25;260;2852;;10;;197;3344
08.06.2023 12:00:00;08.06.2023 13:00:00;25;255;2796;;17;;205;3298
08.06.2023 13:00:00;08.06.2023 14:00:00;25;248;2669;;15;;258;3215
08.06.2023 14:00:00;08.06.2023 15:00:00;25;251;2569;;17;;322;3184
08.06.2023 15:00:00;08.06.2023 16:00:00;25;244;2169;;24;;322;2784
08.06.2023 16:00:00;08.06.2023 17:00:00;25;249;2284;;20;;349;2927
08.06.2023 17:00:00;08.06.2023 18:00:00;25;253;2493;;20;;386;3177
08.06.2023 18:00:00;08.06.2023 19:00:00;25;258;2506;;21;;363;3173
08.06.2023 19:00:00;08.06.2023 20:00:00;25;254;2599;;16;;330;3224
08.06.2023 20:00:00;08.06.2023 21:00:00;25;252;2719;;13;;299;3308
08.06.2023 21:00:00;08.06.2023 22:00:00;25;252;2737;;9;;261;3284
08.06.2023 22:00:00;08.06.2023 23:00:00;25;252;2731;;10;;241;3259
08.06.2023 23:00:00;09.06.2023 00:00:00;25;252;2448;;12;;239;2976
09.06.2023 00:00:00;09.06.2023 01:00:00;25;248;2390;;25;;236;2924
09.06.2023 01:00:00;09.06.2023 02:00:00;25;248;2241;;36;;217;2767
09.06.2023 02:00:00;09.06.2023 03:00:00;25;249;2297;;19;;216;2806
09.06.2023 03:00:00;09.06.2023 04:00:00;25;244;2433;;19;;222;2943
09.06.2023 04:00:00;09.06.2023 05:00:00;25;245;2468;;23;;212;2973
09.06.2023 05:00:00;09.06.2023 06:00:00;25;245;2517;;22;;209;3018
09.06.2023 06:00:00;09.06.2023 07:00:00;25;236;2475;;21;;217;2974
09.06.2023 07:00:00;09.06.2023 08:00:00;25;241;2658;;22;;223;3169
09.06.2023 08:00:00;09.06.2023 09:00:00;25;243;2868;;25;;216;3377
09.06.2023 09:00:00;09.06.2023 10:00:00;25;240;2880;;23;;202;3370
09.06.2023 10:00:00;09.06.2023 11:00:00;25;239;2891;;19;;200;3374
09.06.2023 11:00:00;09.06.2023 12:00:00;25;240;2832;;9;;199;3305
09.06.2023 12:00:00;09.06.2023 13:00:00;25;239;2858;;12;;193;3327
09.06.2023 13:00:00;09.06.2023 14:00:00;25;238;2872;;7;;191;3333
09.06.2023 14:00:00;09.06.2023 15:00:00;25;240;2814;;7;;183;3269
09.06.2023 15:00:00;09.06.2023 16:00:00;25;244;2874;;25;;191;3359
09.06.2023 16:00:00;09.06.2023 17:00:00;25;245;2838;;20;;190;3318
09.06.2023 17:00:00;09.06.2023 18:00:00;25;243;2787;;20;;196;3271
09.06.2023 18:00:00;09.06.2023 19:00:00;25;249;2798;;22;;192;3286
09.06.2023 19:00:00;09.06.2023 20:00:00;25;249;2793;;29;;175;3271
09.06.2023 20:00:00;09.06.2023 21:00:00;25;249;2833;;23;;170;3300
09.06.2023 21:00:00;09.06.2023 22:00:00;25;250;2796;;19;;168;3258
09.06.2023 22:00:00;09.06.2023 23:00:00;25;255;2715;;21;;164;3180
09.06.2023 23:00:00;10.06.2023 00:00:00;25;253;2617;;4;;218;3117
10.06.2023 00:00:00;10.06.2023 01:00:00;25;257;2272;;5;;193;2752
10.06.2023 01:00:00;10.06.2023 02:00:00;25;256;1945;;5;;183;2414
10.06.2023 02:00:00;10.06.2023 03:00:00;25;254;1813;;6;;212;2310
10.06.2023 03:00:00;10.06.2023 04:00:00;25;252;1856;;19;;191;2343
10.06.2023 04:00:00;10.06.2023 05:00:00;25;252;2031;;9;;207;2524
10.06.2023 05:00:00;10.06.2023 06:00:00;25;252;2368;;23;;184;2852
10.06.2023 06:00:00;10.06.2023 07:00:00;25;256;2683;;24;;160;3148
10.06.2023 07:00:00;10.06.2023 08:00:00;25;260;2662;;26;;140;3113
10.06.2023 08:00:00;10.06.2023 09:00:00;25;257;2648;;27;;125;3082
10.06.2023 09:00:00;10.06.2023 10:00:00;25;259;2670;;26;;122;3102
10.06.2023 10:00:00;10.06.2023 11:00:00;25;252;2676;;25;;143;3121
10.06.2023 11:00:00;10.06.2023 12:00:00;25;246;1434;;20;;125;1850
10.06.2023 12:00:00;10.06.2023 13:00:00;25;250;1081;;13;;146;1515
10.06.2023 13:00:00;10.06.2023 14:00:00;25;251;1052;;15;;168;1511
10.06.2023 14:00:00;10.06.2023 15:00:00;25;258;1101;;16;;190;1590
10.06.2023 15:00:00;10.06.2023 16:00:00;25;272;1198;;18;;173;1686
10.06.2023 16:00:00;10.06.2023 17:00:00;25;276;1206;;23;;199;1729
10.06.2023 17:00:00;10.06.2023 18:00:00;25;282;2726;;24;;137;3194
10.06.2023 18:00:00;10.06.2023 19:00:00;25;287;2823;;22;;94;3251
10.06.2023 19:00:00;10.06.2023 20:00:00;25;286;2816;;15;;53;3195
10.06.2023 20:00:00;10.06.2023 21:00:00;25;284;2774;;14;;31;3128
10.06.2023 21:00:00;10.06.2023 22:00:00;25;285;2748;;19;;48;3125
10.06.2023 22:00:00;10.06.2023 23:00:00;25;292;2516;;23;;65;2921
10.06.2023 23:00:00;11.06.2023 00:00:00;25;292;1758;;12;;95;2182
11.06.2023 00:00:00;11.06.2023 01:00:00;25;286;1174;;15;;154;1654
11.06.2023 01:00:00;11.06.2023 02:00:00;25;285;979;;15;;199;1503
11.06.2023 02:00:00;11.06.2023 03:00:00;25;289;980;;15;;257;1566
11.06.2023 03:00:00;11.06.2023 04:00:00;25;287;980;;16;;295;1603
11.06.2023 04:00:00;11.06.2023 05:00:00;25;286;996;;26;;304;1637
11.06.2023 05:00:00;11.06.2023 06:00:00;25;275;1112;;40;;340;1792
11.06.2023 06:00:00;11.06.2023 07:00:00;25;277;1525;;25;;394;2246
11.06.2023 07:00:00;11.06.2023 08:00:00;25;272;2209;;25;;392;2923
11.06.2023 08:00:00;11.06.2023 09:00:00;25;268;2198;;16;;445;2952
11.06.2023 09:00:00;11.06.2023 10:00:00;25;275;1315;;17;;529;2161
11.06.2023 10:00:00;11.06.2023 11:00:00;25;259;862;;24;;578;1748
11.06.2023 11:00:00;11.06.2023 12:00:00;25;262;719;;15;;655;1676
11.06.2023 12:00:00;11.06.2023 13:00:00;25;247;654;;13;;678;1617
11.06.2023 13:00:00;11.06.2023 14:00:00;25;243;620;;14;;754;1656
11.06.2023 14:00:00;11.06.2023 15:00:00;25;247;650;;11;;730;1663
11.06.2023 15:00:00;11.06.2023 16:00:00;25;264;728;;11;;757;1785
11.06.2023 16:00:00;11.06.2023 17:00:00;25;315;830;;17;;835;2022
11.06.2023 17:00:00;11.06.2023 18:00:00;25;345;1365;;10;;812;2557
11.06.2023 18:00:00;11.06.2023 19:00:00;25;343;1555;;11;;599;2533
11.06.2023 19:00:00;11.06.2023 20:00:00;25;347;1902;;13;;620;2907
11.06.2023 20:00:00;11.06.2023 21:00:00;25;358;1925;;19;;636;2963
11.06.2023 21:00:00;11.06.2023 22:00:00;25;356;1798;;15;;491;2685
11.06.2023 22:00:00;11.06.2023 23:00:00;25;357;1662;;14;;561;2619
11.06.2023 23:00:00;12.06.2023 00:00:00;25;358;1628;;14;;562;2587
12.06.2023 00:00:00;12.06.2023 01:00:00;25;346;1634;;24;;541;2570
12.06.2023 01:00:00;12.06.2023 02:00:00;25;350;1570;;15;;541;2501
12.06.2023 02:00:00;12.06.2023 03:00:00;25;351;1563;;20;;513;2472
12.06.2023 03:00:00;12.06.2023 04:00:00;25;353;1615;;19;;499;2511
12.06.2023 04:00:00;12.06.2023 05:00:00;25;353;1320;;18;;562;2278
12.06.2023 05:00:00;12.06.2023 06:00:00;25;342;1440;;31;;554;2392
12.06.2023 06:00:00;12.06.2023 07:00:00;25;341;1791;;28;;577;2762
12.06.2023 07:00:00;12.06.2023 08:00:00;25;337;1974;;20;;602;2958
12.06.2023 08:00:00;12.06.2023 09:00:00;25;344;1996;;16;;719;3100
12.06.2023 09:00:00;12.06.2023 10:00:00;25;351;1880;;17;;741;3014
12.06.2023 10:00:00;12.06.2023 11:00:00;25;355;1902;;22;;787;3091
12.06.2023 11:00:00;12.06.2023 12:00:00;25;355;1794;;32;;804;3010
12.06.2023 12:00:00;12.06.2023 13:00:00;25;356;1646;;18;;738;2783
12.06.2023 13:00:00;12.06.2023 14:00:00;25;342;1550;;21;;615;2553
12.06.2023 14:00:00;12.06.2023 15:00:00;25;343;1536;;25;;650;2579
12.06.2023 15:00:00;12.06.2023 16:00:00;25;321;1615;;32;;743;2736
12.06.2023 16:00:00;12.06.2023 17:00:00;25;323;2069;;38;;792;3247
12.06.2023 17:00:00;12.06.2023 18:00:00;25;321;2044;;38;;770;3198
12.06.2023 18:00:00;12.06.2023 19:00:00;25;325;2106;;35;;712;3203
12.06.2023 19:00:00;12.06.2023 20:00:00;25;326;2134;;36;;605;3126
12.06.2023 20:00:00;12.06.2023 21:00:00;25;325;2147;;35;;500;3032
12.06.2023 21:00:00;12.06.2023 22:00:00;25;323;2152;;38;;506;3044
12.06.2023 22:00:00;12.06.2023 23:00:00;25;323;1768;;39;;508;2663
12.06.2023 23:00:00;13.06.2023 00:00:00;25;322;1169;;36;;581;2133
13.06.2023 00:00:00;13.06.2023 01:00:00;25;308;861;;58;;530;1782
13.06.2023 01:00:00;13.06.2023 02:00:00;25;308;803;;60;;491;1687
13.06.2023 02:00:00;13.06.2023 03:00:00;25;313;854;;57;;565;1814
13.06.2023 03:00:00;13.06.2023 04:00:00;25;314;834;;59;;600;1832
13.06.2023 04:00:00;13.06.2023 05:00:00;25;308;858;;59;;543;1793
13.06.2023 05:00:00;13.06.2023 06:00:00;25;307;1040;;54;;513;1939
13.06.2023 06:00:00;13.06.2023 07:00:00;25;325;1466;;53;;456;2325
13.06.2023 07:00:00;13.06.2023 08:00:00;25;323;2172;;54;;431;3005
13.06.2023 08:00:00;13.06.2023 09:00:00;25;327;2242;;57;;393;3044
13.06.2023 09:00:00;13.06.2023 10:00:00;25;332;2247;;55;;357;3016
13.06.2023 10:00:00;13.06.2023 11:00:00;25;336;2332;;53;;354;3100
13.06.2023 11:00:00;13.06.2023 12:00:00;25;339;2268;;46;;333;3011
13.06.2023 12:00:00;13.06.2023 13:00:00;25;340;2289;;51;;308;3013
13.06.2023 13:00:00;13.06.2023 14:00:00;25;340;2279;;50;;283;2977
13.06.2023 14:00:00;13.06.2023 15:00:00;25;331;2234;;51;;283;2924
13.06.2023 15:00:00;13.06.2023 16:00:00;25;337;2239;;58;;284;2943
13.06.2023 16:00:00;13.06.2023 17:00:00;25;341;2344;;54;;277;3041
13.06.2023 17:00:00;13.06.2023 18:00:00;25;340;2322;;58;;280;3025
13.06.2023 18:00:00;13.06.2023 19:00:00;25;342;2251;;59;;290;2967
13.06.2023 19:00:00;13.06.2023 20:00:00;25;343;2336;;60;;297;3061
13.06.2023 20:00:00;13.06.2023 21:00:00;25;341;2349;;62;;292;3069
13.06.2023 21:00:00;13.06.2023 22:00:00;25;340;2296;;58;;312;3031
13.06.2023 22:00:00;13.06.2023 23:00:00;25;339;2281;;59;;340;3044
13.06.2023 23:00:00;14.06.2023 00:00:00;25;339;2170;;61;;338;2933
14.06.2023 00:00:00;14.06.2023 01:00:00;25;334;2192;;68;;343;2962
14.06.2023 01:00:00;14.06.2023 02:00:00;25;327;2236;;71;;310;2969
14.06.2023 02:00:00;14.06.2023 03:00:00;25;326;2197;;63;;315;2926
14.06.2023 03:00:00;14.06.2023 04:00:00;25;326;2116;;61;;309;2837
14.06.2023 04:00:00;14.06.2023 05:00:00;25;325;2100;;62;;311;2823
14.06.2023 05:00:00;14.06.2023 06:00:00;25;324;2133;;59;;334;2875
14.06.2023 06:00:00;14.06.2023 07:00:00;25;327;2152;;58;;332;2894
14.06.2023 07:00:00;14.06.2023 08:00:00;25;331;2259;;61;;324;3000
14.06.2023 08:00:00;14.06.2023 09:00:00;25;334;2275;;63;;313;3010
14.06.2023 09:00:00;14.06.2023 10:00:00;25;339;2235;;65;;330;2994
14.06.2023 10:00:00;14.06.2023 11:00:00;25;342;2143;;59;;309;2878
14.06.2023 11:00:00;14.06.2023 12:00:00;25;336;2104;;52;;314;2831
14.06.2023 12:00:00;14.06.2023 13:00:00;25;333;2014;;56;;318;2746
14.06.2023 13:00:00;14.06.2023 14:00:00;25;341;2084;;55;;276;2781
14.06.2023 14:00:00;14.06.2023 15:00:00;25;343;2146;;58;;264;2836
14.06.2023 15:00:00;14.06.2023 16:00:00;25;341;2207;;61;;256;2890
14.06.2023 16:00:00;14.06.2023 17:00:00;25;341;2234;;57;;261;2918
14.06.2023 17:00:00;14.06.2023 18:00:00;25;340;2265;;55;;271;2956
14.06.2023 18:00:00;14.06.2023 19:00:00;25;341;2167;;57;;259;2849
14.06.2023 19:00:00;14.06.2023 20:00:00;25;340;2304;;59;;270;2998
14.06.2023 20:00:00;14.06.2023 21:00:00;25;339;2339;;59;;262;3024
14.06.2023 21:00:00;14.06.2023 22:00:00;25;341;2280;;59;;249;2954
14.06.2023 22:00:00;14.06.2023 23:00:00;25;338;2245;;56;;248;2912
14.06.2023 23:00:00;15.06.2023 00:00:00;25;337;2202;;55;;246;2865
15.06.2023 00:00:00;15.06.2023 01:00:00;25;341;2217;;64;;237;2884
15.06.2023 01:00:00;15.06.2023 02:00:00;25;341;2218;;61;;212;2857
15.06.2023 02:00:00;15.06.2023 03:00:00;25;340;2184;;48;;205;2802
15.06.2023 03:00:00;15.06.2023 04:00:00;25;340;2180;;51;;197;2793
15.06.2023 04:00:00;15.06.2023 05:00:00;25;338;2182;;51;;197;2793
15.06.2023 05:00:00;15.06.2023 06:00:00;25;338;2193;;49;;194;2799
15.06.2023 06:00:00;15.06.2023 07:00:00;25;336;2278;;45;;147;2831
15.06.2023 07:00:00;15.06.2023 08:00:00;25;336;2438;;50;;142;2991
15.06.2023 08:00:00;15.06.2023 09:00:00;25;335;2439;;53;;142;2994
15.06.2023 09:00:00;15.06.2023 10:00:00;25;333;2418;;51;;140;2967
15.06.2023 10:00:00;15.06.2023 11:00:00;25;332;2436;;36;;131;2960
15.06.2023 11:00:00;15.06.2023 12:00:00;25;334;2429;;37;;130;2955
15.06.2023 12:00:00;15.06.2023 13:00:00;25;333;2437;;12;;167;2974
15.06.2023 13:00:00;15.06.2023 14:00:00;25;335;2434;;9;;140;2943
15.06.2023 14:00:00;15.06.2023 15:00:00;25;334;2401;;9;;157;2926
15.06.2023 15:00:00;15.06.2023 16:00:00;25;334;2469;;8;;164;3000
15.06.2023 16:00:00;15.06.2023 17:00:00;25;337;2481;;8;;191;3042
15.06.2023 17:00:00;15.06.2023 18:00:00;25;337;2506;;8;;190;3066
15.06.2023 18:00:00;15.06.2023 19:00:00;25;339;2533;;8;;189;3094
15.06.2023 19:00:00;15.06.2023 20:00:00;25;341;2568;;7;;189;3130
15.06.2023 20:00:00;15.06.2023 21:00:00;25;340;2532;;7;;173;3077
15.06.2023 21:00:00;15.06.2023 22:00:00;25;341;2482;;6;;163;3017
15.06.2023 22:00:00;15.06.2023 23:00:00;25;342;2508;;7;;169;3051
15.06.2023 23:00:00;16.06.2023 00:00:00;25;346;2474;;21;;165;3031
16.06.2023 00:00:00;16.06.2023 01:00:00;25;350;2437;;35;;171;3018
16.06.2023 01:00:00;16.06.2023 02:00:00;25;350;2427;;34;;157;2993
16.06.2023 02:00:00;16.06.2023 03:00:00;25;350;2411;;17;;151;2954
16.06.2023 03:00:00;16.06.2023 04:00:00;25;346;2396;;21;;152;2940
16.06.2023 04:00:00;16.06.2023 05:00:00;25;347;2404;;21;;143;2940
16.06.2023 05:00:00;16.06.2023 06:00:00;25;348;2456;;22;;132;2983
16.06.2023 06:00:00;16.06.2023 07:00:00;25;346;2499;;24;;116;3010
16.06.2023 07:00:00;16.06.2023 08:00:00;25;341;2614;;26;;119;3125
16.06.2023 08:00:00;16.06.2023 09:00:00;25;347;2641;;33;;129;3175
16.06.2023 09:00:00;16.06.2023 10:00:00;25;358;2647;;27;;132;3189
16.06.2023 10:00:00;16.06.2023 11:00:00;25;356;2701;;18;;102;3202
16.06.2023 11:00:00;16.06.2023 12:00:00;25;354;2724;;11;;90;3204
16.06.2023 12:00:00;16.06.2023 13:00:00;25;355;2719;;28;;81;3208
16.06.2023 13:00:00;16.06.2023 14:00:00;25;355;2683;;25;;57;3145
16.06.2023 14:00:00;16.06.2023 15:00:00;25;356;2758;;28;;57;3224
16.06.2023 15:00:00;16.06.2023 16:00:00;25;361;2633;;25;;49;3093
16.06.2023 16:00:00;16.06.2023 17:00:00;25;362;2620;;10;;37;3054
16.06.2023 17:00:00;16.06.2023 18:00:00;25;362;2681;;10;;35;3113
16.06.2023 18:00:00;16.06.2023 19:00:00;25;365;2657;;11;;28;3086
16.06.2023 19:00:00;16.06.2023 20:00:00;25;367;2626;;10;;27;3055
16.06.2023 20:00:00;16.06.2023 21:00:00;25;364;2591;;9;;26;3015
16.06.2023 21:00:00;16.06.2023 22:00:00;25;361;2560;;8;;24;2978
16.06.2023 22:00:00;16.06.2023 23:00:00;25;358;2523;;20;;21;2947
16.06.2023 23:00:00;17.06.2023 00:00:00;25;358;2497;;25;;25;2930
17.06.2023 00:00:00;17.06.2023 01:00:00;25;353;2375;;16;;31;2800
17.06.2023 01:00:00;17.06.2023 02:00:00;25;349;2296;;22;;39;2731
17.06.2023 02:00:00;17.06.2023 03:00:00;25;350;2286;;22;;50;2733
17.06.2023 03:00:00;17.06.2023 04:00:00;25;353;2254;;15;;62;2709
17.06.2023 04:00:00;17.06.2023 05:00:00;25;354;2281;;8;;73;2741
17.06.2023 05:00:00;17.06.2023 06:00:00;25;350;2283;;22;;72;2752
17.06.2023 06:00:00;17.06.2023 07:00:00;25;353;2303;;19;;77;2777
17.06.2023 07:00:00;17.06.2023 08:00:00;25;361;2392;;17;;86;2881
17.06.2023 08:00:00;17.06.2023 09:00:00;25;353;2475;;19;;77;2949
17.06.2023 09:00:00;17.06.2023 10:00:00;25;362;2460;;17;;61;2925
17.06.2023 10:00:00;17.06.2023 11:00:00;25;362;2472;;17;;66;2942
17.06.2023 11:00:00;17.06.2023 12:00:00;25;365;2499;;14;;60;2963
17.06.2023 12:00:00;17.06.2023 13:00:00;25;366;2490;;9;;53;2943
17.06.2023 13:00:00;17.06.2023 14:00:00;25;367;2511;;16;;48;2967
17.06.2023 14:00:00;17.06.2023 15:00:00;25;373;2510;;17;;50;2975
17.06.2023 15:00:00;17.06.2023 16:00:00;25;379;2412;;15;;44;2875
17.06.2023 16:00:00;17.06.2023 17:00:00;25;372;2437;;18;;33;2885
17.06.2023 17:00:00;17.06.2023 18:00:00;25;376;2464;;18;;34;2917
17.06.2023 18:00:00;17.06.2023 19:00:00;25;382;2546;;20;;39;3012
17.06.2023 19:00:00;17.06.2023 20:00:00;25;377;2480;;17;;32;2931
17.06.2023 20:00:00;17.06.2023 21:00:00;25;378;2479;;14;;35;2931
17.06.2023 21:00:00;17.06.2023 22:00:00;25;377;2471;;15;;31;2919
17.06.2023 22:00:00;17.06.2023 23:00:00;25;375;2424;;19;;35;2878
17.06.2023 23:00:00;18.06.2023 00:00:00;25;381;2384;;6;;29;2825
18.06.2023 00:00:00;18.06.2023 01:00:00;25;380;2384;;20;;30;2839
18.06.2023 01:00:00;18.06.2023 02:00:00;25;378;2317;;24;;37;2781
18.06.2023 02:00:00;18.06.2023 03:00:00;25;377;2252;;22;;44;2720
18.06.2023 03:00:00;18.06.2023 04:00:00;25;374;2169;;22;;53;2643
18.06.2023 04:00:00;18.06.2023 05:00:00;25;370;2167;;33;;59;2654
18.06.2023 05:00:00;18.06.2023 06:00:00;25;369;2229;;49;;57;2729
18.06.2023 06:00:00;18.06.2023 07:00:00;25;373;2250;;30;;62;2740
18.06.2023 07:00:00;18.06.2023 08:00:00;25;376;2224;;27;;59;2711
18.06.2023 08:00:00;18.06.2023 09:00:00;25;379;2206;;19;;63;2692
18.06.2023 09:00:00;18.06.2023 10:00:00;25;377;2325;;18;;57;2802
18.06.2023 10:00:00;18.06.2023 11:00:00;25;373;2274;;41;;49;2762
18.06.2023 11:00:00;18.06.2023 12:00:00;25;371;2292;;27;;44;2759
18.06.2023 12:00:00;18.06.2023 13:00:00;25;378;2301;;27;;58;2789
18.06.2023 13:00:00;18.06.2023 14:00:00;25;381;2250;;30;;73;2759
18.06.2023 14:00:00;18.06.2023 15:00:00;25;379;2298;;33;;77;2812
18.06.2023 15:00:00;18.06.2023 16:00:00;25;373;2380;;31;;76;2885
18.06.2023 16:00:00;18.06.2023 17:00:00;25;377;2339;;31;;93;2865
18.06.2023 17:00:00;18.06.2023 18:00:00;25;378;2365;;23;;94;2885
18.06.2023 18:00:00;18.06.2023 19:00:00;25;375;2409;;27;;71;2907
18.06.2023 19:00:00;18.06.2023 20:00:00;25;377;2371;;27;;87;2887
18.06.2023 20:00:00;18.06.2023 21:00:00;25;369;2349;;26;;69;2838
18.06.2023 21:00:00;18.06.2023 22:00:00;25;371;2367;;26;;40;2829
18.06.2023 22:00:00;18.06.2023 23:00:00;25;380;2357;;29;;43;2834
18.06.2023 23:00:00;19.06.2023 00:00:00;25;382;2309;;31;;58;2805
19.06.2023 00:00:00;19.06.2023 01:00:00;23;375;2297;;39;;77;2811
19.06.2023 01:00:00;19.06.2023 02:00:00;23;376;2349;;30;;88;2866
19.06.2023 02:00:00;19.06.2023 03:00:00;23;376;2277;;34;;83;2793
19.06.2023 03:00:00;19.06.2023 04:00:00;23;377;2128;;33;;93;2654
19.06.2023 04:00:00;19.06.2023 05:00:00;23;374;2055;;33;;115;2600
19.06.2023 05:00:00;19.06.2023 06:00:00;23;375;1970;;43;;111;2522
19.06.2023 06:00:00;19.06.2023 07:00:00;23;375;2151;;39;;115;2703
19.06.2023 07:00:00;19.06.2023 08:00:00;23;376;2264;;31;;123;2817
19.06.2023 08:00:00;19.06.2023 09:00:00;23;374;2448;;21;;108;2974
19.06.2023 09:00:00;19.06.2023 10:00:00;23;384;2420;;19;;77;2923
19.06.2023 10:00:00;19.06.2023 11:00:00;23;382;2347;;18;;64;2834
19.06.2023 11:00:00;19.06.2023 12:00:00;23;375;2254;;29;;49;2730
19.06.2023 12:00:00;19.06.2023 13:00:00;23;379;2134;;22;;38;2596
19.06.2023 13:00:00;19.06.2023 14:00:00;23;393;2129;;21;;25;2591
19.06.2023 14:00:00;19.06.2023 15:00:00;23;382;2136;;23;;21;2585
19.06.2023 15:00:00;19.06.2023 16:00:00;23;388;2134;;25;;23;2593
19.06.2023 16:00:00;19.06.2023 17:00:00;23;384;2152;;20;;26;2605
19.06.2023 17:00:00;19.06.2023 18:00:00;23;383;2170;;21;;25;2622
19.06.2023 18:00:00;19.06.2023 19:00:00;23;375;2269;;19;;35;2721
19.06.2023 19:00:00;19.06.2023 20:00:00;23;381;2148;;18;;54;2624
19.06.2023 20:00:00;19.06.2023 21:00:00;23;384;2069;;18;;67;2561
19.06.2023 21:00:00;19.06.2023 22:00:00;23;384;1918;;22;;77;2424
19.06.2023 22:00:00;19.06.2023 23:00:00;23;383;1818;;24;;121;2369
19.06.2023 23:00:00;20.06.2023 00:00:00;23;384;1752;;21;;132;2312
20.06.2023 00:00:00;20.06.2023 01:00:00;23;383;1698;;44;;157;2305
20.06.2023 01:00:00;20.06.2023 02:00:00;23;409;1643;;45;;156;2276
20.06.2023 02:00:00;20.06.2023 03:00:00;23;406;1601;;30;;137;2197
20.06.2023 03:00:00;20.06.2023 04:00:00;23;401;1615;;31;;128;2198
20.06.2023 04:00:00;20.06.2023 05:00:00;23;405;1824;;29;;147;2428
20.06.2023 05:00:00;20.06.2023 06:00:00;23;398;1909;;26;;192;2548
20.06.2023 06:00:00;20.06.2023 07:00:00;23;395;2121;;24;;229;2792
20.06.2023 07:00:00;20.06.2023 08:00:00;23;387;2360;;26;;219;3015
20.06.2023 08:00:00;20.06.2023 09:00:00;23;379;2361;;31;;232;3026
20.06.2023 09:00:00;20.06.2023 10:00:00;23;374;2251;;30;;196;2874
20.06.2023 10:00:00;20.06.2023 11:00:00;23;368;2287;;28;;194;2900
20.06.2023 11:00:00;20.06.2023 12:00:00;23;374;2372;;18;;197;2984
20.06.2023 12:00:00;20.06.2023 13:00:00;23;381;2413;;22;;182;3021
20.06.2023 13:00:00;20.06.2023 14:00:00;24;379;2442;;25;;140;3010
20.06.2023 14:00:00;20.06.2023 15:00:00;25;374;2347;;25;;73;2844
20.06.2023 15:00:00;20.06.2023 16:00:00;25;373;2337;;30;;68;2833
20.06.2023 16:00:00;20.06.2023 17:00:00;25;371;2372;;24;;58;2850
20.06.2023 17:00:00;20.06.2023 18:00:00;25;369;2408;;25;;64;2891
20.06.2023 18:00:00;20.06.2023 19:00:00;25;372;2376;;25;;47;2845
20.06.2023 19:00:00;20.06.2023 20:00:00;25;376;2400;;27;;54;2882
20.06.2023 20:00:00;20.06.2023 21:00:00;25;373;2361;;27;;54;2840
20.06.2023 21:00:00;20.06.2023 22:00:00;25;373;2356;;24;;41;2819
20.06.2023 22:00:00;20.06.2023 23:00:00;25;368;2389;;24;;42;2848
20.06.2023 23:00:00;21.06.2023 00:00:00;25;377;2370;;27;;52;2851
21.06.2023 00:00:00;21.06.2023 01:00:00;25;402;2510;;43;;65;3045
21.06.2023 01:00:00;21.06.2023 02:00:00;25;400;2433;;45;;61;2964
21.06.2023 02:00:00;21.06.2023 03:00:00;25;400;2278;;30;;57;2790
21.06.2023 03:00:00;21.06.2023 04:00:00;25;386;2306;;29;;47;2793
21.06.2023 04:00:00;21.06.2023 05:00:00;25;381;2412;;27;;40;2885
21.06.2023 05:00:00;21.06.2023 06:00:00;25;377;2279;;25;;24;2730
21.06.2023 06:00:00;21.06.2023 07:00:00;25;379;2322;;21;;32;2779
21.06.2023 07:00:00;21.06.2023 08:00:00;25;389;2329;;28;;28;2799
21.06.2023 08:00:00;21.06.2023 09:00:00;25;396;2549;;30;;41;3041
21.06.2023 09:00:00;21.06.2023 10:00:00;25;396;2404;;41;;45;2911
21.06.2023 10:00:00;21.06.2023 11:00:00;25;384;2344;;27;;51;2831
21.06.2023 11:00:00;21.06.2023 12:00:00;25;372;2399;;14;;51;2861
21.06.2023 12:00:00;21.06.2023 13:00:00;25;374;2367;;19;;57;2842
21.06.2023 13:00:00;21.06.2023 14:00:00;25;377;2372;;20;;42;2836
21.06.2023 14:00:00;21.06.2023 15:00:00;25;374;2246;;23;;35;2703
21.06.2023 15:00:00;21.06.2023 16:00:00;25;380;2127;;28;;31;2591
21.06.2023 16:00:00;21.06.2023 17:00:00;25;389;2116;;23;;38;2591
21.06.2023 17:00:00;21.06.2023 18:00:00;25;397;2175;;21;;29;2647
21.06.2023 18:00:00;21.06.2023 19:00:00;25;387;2090;;22;;23;2547
21.06.2023 19:00:00;21.06.2023 20:00:00;25;387;2115;;23;;32;2582
21.06.2023 20:00:00;21.06.2023 21:00:00;25;384;2145;;24;;55;2633
21.06.2023 21:00:00;21.06.2023 22:00:00;25;384;2234;;26;;85;2754
21.06.2023 22:00:00;21.06.2023 23:00:00;25;381;2167;;28;;125;2726
21.06.2023 23:00:00;22.06.2023 00:00:00;25;380;2130;;31;;168;2734
22.06.2023 00:00:00;22.06.2023 01:00:00;25;378;2035;;42;;192;2672
22.06.2023 01:00:00;22.06.2023 02:00:00;25;377;1866;;43;;217;2528
22.06.2023 02:00:00;22.06.2023 03:00:00;25;377;1855;;28;;258;2543
22.06.2023 03:00:00;22.06.2023 04:00:00;25;373;1779;;30;;272;2479
22.06.2023 04:00:00;22.06.2023 05:00:00;25;373;1790;;28;;262;2478
22.06.2023 05:00:00;22.06.2023 06:00:00;25;371;1608;;24;;280;2308
22.06.2023 06:00:00;22.06.2023 07:00:00;25;374;1611;;25;;354;2389
22.06.2023 07:00:00;22.06.2023 08:00:00;25;378;1575;;27;;318;2323
22.06.2023 08:00:00;22.06.2023 09:00:00;25;379;1565;;32;;304;2305
22.06.2023 09:00:00;22.06.2023 10:00:00;25;370;1547;;32;;294;2268
22.06.2023 10:00:00;22.06.2023 11:00:00;25;363;1556;;31;;284;2259
22.06.2023 11:00:00;22.06.2023 12:00:00;25;362;1585;;19;;257;2248
22.06.2023 12:00:00;22.06.2023 13:00:00;25;364;1526;;12;;274;2201
22.06.2023 13:00:00;22.06.2023 14:00:00;25;376;1451;;11;;413;2276
22.06.2023 14:00:00;22.06.2023 15:00:00;25;378;1470;;26;;452;2351
22.06.2023 15:00:00;22.06.2023 16:00:00;25;377;1478;;33;;394;2307
22.06.2023 16:00:00;22.06.2023 17:00:00;25;374;1564;;23;;369;2355
22.06.2023 17:00:00;22.06.2023 18:00:00;25;374;1667;;15;;375;2456
22.06.2023 18:00:00;22.06.2023 19:00:00;25;375;1635;;10;;352;2397
22.06.2023 19:00:00;22.06.2023 20:00:00;25;372;1675;;11;;327;2410
22.06.2023 20:00:00;22.06.2023 21:00:00;25;374;1731;;27;;313;2470
22.06.2023 21:00:00;22.06.2023 22:00:00;25;383;1761;;28;;327;2524
22.06.2023 22:00:00;22.06.2023 23:00:00;25;381;1747;;28;;225;2406
22.06.2023 23:00:00;23.06.2023 00:00:00;25;380;1723;;31;;171;2330
23.06.2023 00:00:00;23.06.2023 01:00:00;25;367;1456;;44;;218;2110
23.06.2023 01:00:00;23.06.2023 02:00:00;25;372;1317;;47;;190;1951
23.06.2023 02:00:00;23.06.2023 03:00:00;25;360;1168;;29;;175;1757
23.06.2023 03:00:00;23.06.2023 04:00:00;25;359;1153;;33;;174;1744
23.06.2023 04:00:00;23.06.2023 05:00:00;25;359;1146;;29;;201;1760
23.06.2023 05:00:00;23.06.2023 06:00:00;25;364;1253;;27;;158;1827
23.06.2023 06:00:00;23.06.2023 07:00:00;25;375;1655;;28;;148;2231
23.06.2023 07:00:00;23.06.2023 08:00:00;25;383;1809;;29;;168;2414
23.06.2023 08:00:00;23.06.2023 09:00:00;25;378;1823;;42;;177;2445
23.06.2023 09:00:00;23.06.2023 10:00:00;25;391;1816;;32;;166;2430
23.06.2023 10:00:00;23.06.2023 11:00:00;25;400;1649;;20;;136;2230
23.06.2023 11:00:00;23.06.2023 12:00:00;25;392;1448;;11;;131;2007
23.06.2023 12:00:00;23.06.2023 13:00:00;25;393;1401;;12;;123;1954
23.06.2023 13:00:00;23.06.2023 14:00:00;25;399;1217;;11;;113;1765
23.06.2023 14:00:00;23.06.2023 15:00:00;25;401;1146;;12;;158;1742
23.06.2023 15:00:00;23.06.2023 16:00:00;25;405;1160;;11;;221;1822
23.06.2023 16:00:00;23.06.2023 17:00:00;25;410;1229;;12;;246;1922
23.06.2023 17:00:00;23.06.2023 18:00:00;25;403;1442;;11;;240;2121
23.06.2023 18:00:00;23.06.2023 19:00:00;25;401;1816;;11;;243;2496
23.06.2023 19:00:00;23.06.2023 20:00:00;25;399;1890;;11;;265;2590
23.06.2023 20:00:00;23.06.2023 21:00:00;25;398;1865;;10;;247;2545
23.06.2023 21:00:00;23.06.2023 22:00:00;25;399;1592;;10;;262;2288
23.06.2023 22:00:00;23.06.2023 23:00:00;25;397;1515;;11;;216;2164
23.06.2023 23:00:00;24.06.2023 00:00:00;25;396;1402;;12;;178;2013
24.06.2023 00:00:00;24.06.2023 01:00:00;25;397;1230;;11;;211;1874
24.06.2023 01:00:00;24.06.2023 02:00:00;25;394;1269;;32;;233;1953
24.06.2023 02:00:00;24.06.2023 03:00:00;25;393;1236;;33;;247;1934
24.06.2023 03:00:00;24.06.2023 04:00:00;25;396;1172;;28;;219;1840
24.06.2023 04:00:00;24.06.2023 05:00:00;25;398;1187;;20;;163;1793
24.06.2023 05:00:00;24.06.2023 06:00:00;25;395;1275;;34;;144;1873
24.06.2023 06:00:00;24.06.2023 07:00:00;25;393;1591;;32;;133;2174
24.06.2023 07:00:00;24.06.2023 08:00:00;25;401;1858;;30;;95;2409
24.06.2023 08:00:00;24.06.2023 09:00:00;25;397;1751;;32;;75;2280
24.06.2023 09:00:00;24.06.2023 10:00:00;25;398;1796;;29;;95;2343
24.06.2023 10:00:00;24.06.2023 11:00:00;25;396;1919;;27;;91;2458
24.06.2023 11:00:00;24.06.2023 12:00:00;25;396;1957;;30;;90;2498
24.06.2023 12:00:00;24.06.2023 13:00:00;25;393;1640;;22;;81;2161
24.06.2023 13:00:00;24.06.2023 14:00:00;25;394;1164;;23;;78;1684
24.06.2023 14:00:00;24.06.2023 15:00:00;25;397;1176;;22;;94;1714
24.06.2023 15:00:00;24.06.2023 16:00:00;25;393;1333;;22;;80;1853
24.06.2023 16:00:00;24.06.2023 17:00:00;25;387;2298;;26;;79;2815
24.06.2023 17:00:00;24.06.2023 18:00:00;25;387;2427;;27;;68;2934
24.06.2023 18:00:00;24.06.2023 19:00:00;25;392;2461;;28;;61;2967
24.06.2023 19:00:00;24.06.2023 20:00:00;25;389;2482;;25;;41;2962
24.06.2023 20:00:00;24.06.2023 21:00:00;25;388;2485;;25;;28;2951
24.06.2023 21:00:00;24.06.2023 22:00:00;25;387;2405;;26;;17;2860
24.06.2023 22:00:00;24.06.2023 23:00:00;25;385;2373;;28;;9;2820
24.06.2023 23:00:00;25.06.2023 00:00:00;25;384;2308;;20;;8;2745
25.06.2023 00:00:00;25.06.2023 01:00:00;25;373;2312;;27;;4;2741
25.06.2023 01:00:00;25.06.2023 02:00:00;25;369;2334;;26;;8;2762
25.06.2023 02:00:00;25.06.2023 03:00:00;25;375;2334;;23;;7;2764
25.06.2023 03:00:00;25.06.2023 04:00:00;25;373;2321;;22;;4;2745
25.06.2023 04:00:00;25.06.2023 05:00:00;25;368;2296;;33;;1;2723
25.06.2023 05:00:00;25.06.2023 06:00:00;25;364;2269;;51;;1;2710
25.06.2023 06:00:00;25.06.2023 07:00:00;25;366;2297;;31;;0;2719
25.06.2023 07:00:00;25.06.2023 08:00:00;25;368;2325;;30;;1;2749
25.06.2023 08:00:00;25.06.2023 09:00:00;25;367;2303;;18;;0;2713
25.06.2023 09:00:00;25.06.2023 10:00:00;25;366;2267;;19;;4;2681
25.06.2023 10:00:00;25.06.2023 11:00:00;25;364;1507;;28;;12;1936
25.06.2023 11:00:00;25.06.2023 12:00:00;25;361;1281;;23;;18;1708
25.06.2023 12:00:00;25.06.2023 13:00:00;25;365;1306;;24;;19;1739
25.06.2023 13:00:00;25.06.2023 14:00:00;25;365;1288;;26;;18;1722
25.06.2023 14:00:00;25.06.2023 15:00:00;25;364;1323;;26;;21;1759
25.06.2023 15:00:00;25.06.2023 16:00:00;25;365;1516;;25;;33;1964
25.06.2023 16:00:00;25.06.2023 17:00:00;25;362;2268;;23;;40;2718
25.06.2023 17:00:00;25.06.2023 18:00:00;25;365;2368;;18;;40;2816
25.06.2023 18:00:00;25.06.2023 19:00:00;25;367;2466;;23;;46;2927
25.06.2023 19:00:00;25.06.2023 20:00:00;25;368;2577;;21;;38;3029
25.06.2023 20:00:00;25.06.2023 21:00:00;25;363;2179;;24;;25;2616
25.06.2023 21:00:00;25.06.2023 22:00:00;25;350;1619;;22;;29;2045
25.06.2023 22:00:00;25.06.2023 23:00:00;25;349;1457;;26;;40;1897
25.06.2023 23:00:00;26.06.2023 00:00:00;25;343;1302;;30;;43;1743
26.06.2023 00:00:00;26.06.2023 01:00:00;23;343;1384;;40;;60;1850
26.06.2023 01:00:00;26.06.2023 02:00:00;23;342;1481;;29;;86;1961
26.06.2023 02:00:00;26.06.2023 03:00:00;23;362;1638;;31;;118;2172
26.06.2023 03:00:00;26.06.2023 04:00:00;23;356;1601;;35;;138;2153
26.06.2023 04:00:00;26.06.2023 05:00:00;23;361;1489;;33;;193;2099
26.06.2023 05:00:00;26.06.2023 06:00:00;23;360;1570;;43;;188;2184
26.06.2023 06:00:00;26.06.2023 07:00:00;23;359;1607;;38;;199;2226
26.06.2023 07:00:00;26.06.2023 08:00:00;23;353;1861;;32;;215;2484
26.06.2023 08:00:00;26.06.2023 09:00:00;23;346;2225;;29;;206;2829
26.06.2023 09:00:00;26.06.2023 10:00:00;23;336;2326;;24;;187;2896
26.06.2023 10:00:00;26.06.2023 11:00:00;23;323;2261;;23;;180;2810
26.06.2023 11:00:00;26.06.2023 12:00:00;23;322;2270;;30;;165;2810
26.06.2023 12:00:00;26.06.2023 13:00:00;23;323;2248;;29;;138;2761
26.06.2023 13:00:00;26.06.2023 14:00:00;23;328;2343;;22;;119;2835
26.06.2023 14:00:00;26.06.2023 15:00:00;23;325;2249;;22;;101;2720
26.06.2023 15:00:00;26.06.2023 16:00:00;23;339;2403;;23;;96;2884
26.06.2023 16:00:00;26.06.2023 17:00:00;23;348;2500;;22;;99;2992
26.06.2023 17:00:00;26.06.2023 18:00:00;23;338;2459;;23;;113;2956
26.06.2023 18:00:00;26.06.2023 19:00:00;23;342;2353;;21;;105;2844
26.06.2023 19:00:00;26.06.2023 20:00:00;23;344;2564;;20;;105;3056
26.06.2023 20:00:00;26.06.2023 21:00:00;23;344;2524;;17;;123;3031
26.06.2023 21:00:00;26.06.2023 22:00:00;23;353;2238;;21;;167;2802
26.06.2023 22:00:00;26.06.2023 23:00:00;23;353;2349;;24;;189;2938
26.06.2023 23:00:00;27.06.2023 00:00:00;23;359;2058;;20;;211;2671
27.06.2023 00:00:00;27.06.2023 01:00:00;23;355;1843;;47;;222;2490
27.06.2023 01:00:00;27.06.2023 02:00:00;23;350;1825;;48;;234;2480
27.06.2023 02:00:00;27.06.2023 03:00:00;23;345;1818;;34;;232;2452
27.06.2023 03:00:00;27.06.2023 04:00:00;23;344;1852;;30;;197;2446
27.06.2023 04:00:00;27.06.2023 05:00:00;23;343;1857;;28;;242;2493
27.06.2023 05:00:00;27.06.2023 06:00:00;23;345;1901;;25;;237;2531
27.06.2023 06:00:00;27.06.2023 07:00:00;23;344;2156;;24;;238;2785
27.06.2023 07:00:00;27.06.2023 08:00:00;23;345;2414;;31;;218;3031
27.06.2023 08:00:00;27.06.2023 09:00:00;23;354;2505;;33;;169;3084
27.06.2023 09:00:00;27.06.2023 10:00:00;23;348;2499;;31;;132;3033
27.06.2023 10:00:00;27.06.2023 11:00:00;24;346;2646;;30;;112;3158
27.06.2023 11:00:00;27.06.2023 12:00:00;25;347;2720;;21;;89;3202
27.06.2023 12:00:00;27.06.2023 13:00:00;25;346;2490;;26;;56;2943
27.06.2023 13:00:00;27.06.2023 14:00:00;25;346;2483;;26;;38;2918
27.06.2023 14:00:00;27.06.2023 15:00:00;25;345;2409;;23;;56;2858
27.06.2023 15:00:00;27.06.2023 16:00:00;25;347;2373;;32;;77;2854
27.06.2023 16:00:00;27.06.2023 17:00:00;25;348;2397;;24;;76;2870
27.06.2023 17:00:00;27.06.2023 18:00:00;25;333;2478;;25;;74;2935
27.06.2023 18:00:00;27.06.2023 19:00:00;25;324;2538;;25;;70;2982
27.06.2023 19:00:00;27.06.2023 20:00:00;25;344;2615;;24;;82;3090
27.06.2023 20:00:00;27.06.2023 21:00:00;25;340;2552;;27;;65;3009
27.06.2023 21:00:00;27.06.2023 22:00:00;25;342;2571;;28;;70;3036
27.06.2023 22:00:00;27.06.2023 23:00:00;25;344;2510;;30;;45;2954
27.06.2023 23:00:00;28.06.2023 00:00:00;25;352;2505;;32;;33;2947
28.06.2023 00:00:00;28.06.2023 01:00:00;25;371;2592;;49;;25;3062
28.06.2023 01:00:00;28.06.2023 02:00:00;25;371;2531;;48;;25;3000
28.06.2023 02:00:00;28.06.2023 03:00:00;25;367;2506;;28;;34;2960
28.06.2023 03:00:00;28.06.2023 04:00:00;25;366;2514;;32;;17;2954
28.06.2023 04:00:00;28.06.2023 05:00:00;25;367;2511;;35;;14;2952
28.06.2023 05:00:00;28.06.2023 06:00:00;25;364;2509;;29;;17;2944
28.06.2023 06:00:00;28.06.2023 07:00:00;25;363;2553;;26;;28;2995
28.06.2023 07:00:00;28.06.2023 08:00:00;25;363;2629;;34;;29;3080
28.06.2023 08:00:00;28.06.2023 09:00:00;25;365;2589;;37;;27;3043
28.06.2023 09:00:00;28.06.2023 10:00:00;25;363;2543;;34;;23;2988
28.06.2023 10:00:00;28.06.2023 11:00:00;25;362;2517;;28;;28;2960
28.06.2023 11:00:00;28.06.2023 12:00:00;25;360;2525;;18;;23;2951
28.06.2023 12:00:00;28.06.2023 13:00:00;25;357;2548;;31;;18;2979
28.06.2023 13:00:00;28.06.2023 14:00:00;25;355;2562;;26;;20;2988
28.06.2023 14:00:00;28.06.2023 15:00:00;25;358;2581;;22;;25;3011
28.06.2023 15:00:00;28.06.2023 16:00:00;25;359;2617;;32;;27;3060
28.06.2023 16:00:00;28.06.2023 17:00:00;25;358;2657;;29;;20;3089
28.06.2023 17:00:00;28.06.2023 18:00:00;25;356;2553;;29;;10;2973
28.06.2023 18:00:00;28.06.2023 19:00:00;25;357;2573;;30;;7;2992
28.06.2023 19:00:00;28.06.2023 20:00:00;25;358;2661;;31;;7;3082
28.06.2023 20:00:00;28.06.2023 21:00:00;25;358;2614;;30;;8;3035
28.06.2023 21:00:00;28.06.2023 22:00:00;25;361;2612;;29;;3;3030
28.06.2023 22:00:00;28.06.2023 23:00:00;25;361;2591;;34;;4;3015
28.06.2023 23:00:00;29.06.2023 00:00:00;25;357;2543;;33;;2;2960
29.06.2023 00:00:00;29.06.2023 01:00:00;25;360;2533;;43;;12;2973
29.06.2023 01:00:00;29.06.2023 02:00:00;25;360;2520;;50;;5;2960
29.06.2023 02:00:00;29.06.2023 03:00:00;25;356;2478;;30;;9;2898
29.06.2023 03:00:00;29.06.2023 04:00:00;25;356;2442;;31;;18;2872
29.06.2023 04:00:00;29.06.2023 05:00:00;25;356;2445;;31;;28;2885
29.06.2023 05:00:00;29.06.2023 06:00:00;25;351;2448;;29;;32;2885
29.06.2023 06:00:00;29.06.2023 07:00:00;25;350;2502;;29;;45;2951
29.06.2023 07:00:00;29.06.2023 08:00:00;25;349;2600;;30;;55;3059
29.06.2023 08:00:00;29.06.2023 09:00:00;25;353;2711;;37;;65;3191
29.06.2023 09:00:00;29.06.2023 10:00:00;25;350;2663;;33;;52;3123
29.06.2023 10:00:00;29.06.2023 11:00:00;25;349;2678;;30;;32;3114
29.06.2023 11:00:00;29.06.2023 12:00:00;25;345;2665;;20;;23;3078
29.06.2023 12:00:00;29.06.2023 13:00:00;25;340;2595;;31;;25;3016
29.06.2023 13:00:00;29.06.2023 14:00:00;25;336;2481;;28;;44;2914
29.06.2023 14:00:00;29.06.2023 15:00:00;25;339;2521;;30;;63;2978
29.06.2023 15:00:00;29.06.2023 16:00:00;25;339;2543;;36;;76;3019
29.06.2023 16:00:00;29.06.2023 17:00:00;25;344;2418;;31;;46;2864
29.06.2023 17:00:00;29.06.2023 18:00:00;25;340;2501;;30;;35;2931
29.06.2023 18:00:00;29.06.2023 19:00:00;25;339;2596;;31;;38;3029
29.06.2023 19:00:00;29.06.2023 20:00:00;25;341;2530;;34;;38;2968
29.06.2023 20:00:00;29.06.2023 21:00:00;25;341;2619;;26;;38;3049
29.06.2023 21:00:00;29.06.2023 22:00:00;25;338;2664;;27;;30;3084
29.06.2023 22:00:00;29.06.2023 23:00:00;25;334;2593;;30;;28;3010
29.06.2023 23:00:00;30.06.2023 00:00:00;25;335;2475;;33;;33;2901
30.06.2023 00:00:00;30.06.2023 01:00:00;25;338;2340;;45;;61;2809
30.06.2023 01:00:00;30.06.2023 02:00:00;25;335;2203;;45;;103;2711
30.06.2023 02:00:00;30.06.2023 03:00:00;25;327;2024;;28;;189;2593
30.06.2023 03:00:00;30.06.2023 04:00:00;25;328;1951;;31;;238;2573
30.06.2023 04:00:00;30.06.2023 05:00:00;25;325;1880;;30;;317;2577
30.06.2023 05:00:00;30.06.2023 06:00:00;25;321;1910;;28;;330;2614
30.06.2023 06:00:00;30.06.2023 07:00:00;25;319;1922;;26;;328;2620
30.06.2023 07:00:00;30.06.2023 08:00:00;25;323;1972;;31;;297;2648
30.06.2023 08:00:00;30.06.2023 09:00:00;25;322;1998;;33;;290;2668
30.06.2023 09:00:00;30.06.2023 10:00:00;25;323;1982;;29;;294;2653
30.06.2023 10:00:00;30.06.2023 11:00:00;25;323;1978;;24;;313;2663
30.06.2023 11:00:00;30.06.2023 12:00:00;25;325;1793;;19;;293;2455
30.06.2023 12:00:00;30.06.2023 13:00:00;25;305;1785;;20;;285;2420
30.06.2023 13:00:00;30.06.2023 14:00:00;25;295;1879;;22;;314;2535
30.06.2023 14:00:00;30.06.2023 15:00:00;25;297;1857;;22;;256;2457
30.06.2023 15:00:00;30.06.2023 16:00:00;25;299;1995;;28;;193;2540
30.06.2023 16:00:00;30.06.2023 17:00:00;25;300;2206;;24;;127;2682
30.06.2023 17:00:00;30.06.2023 18:00:00;25;302;2272;;25;;111;2735
30.06.2023 18:00:00;30.06.2023 19:00:00;25;308;2221;;24;;113;2691
30.06.2023 19:00:00;30.06.2023 20:00:00;25;307;2253;;26;;113;2724
30.06.2023 20:00:00;30.06.2023 21:00:00;25;315;2242;;44;;128;2754
30.06.2023 21:00:00;30.06.2023 22:00:00;25;313;2148;;42;;136;2664
30.06.2023 22:00:00;30.06.2023 23:00:00;25;314;2186;;40;;154;2719
30.06.2023 23:00:00;01.07.2023 00:00:00;25;315;2111;;42;;201;2694
01.07.2023 00:00:00;01.07.2023 01:00:00;25;316;2099;;34;;234;2708
01.07.2023 01:00:00;01.07.2023 02:00:00;25;325;1923;;33;;219;2525
01.07.2023 02:00:00;01.07.2023 03:00:00;25;325;1950;;32;;239;2571
01.07.2023 03:00:00;01.07.2023 04:00:00;25;323;1804;;28;;277;2457
01.07.2023 04:00:00;01.07.2023 05:00:00;25;323;1647;;19;;257;2271
01.07.2023 05:00:00;01.07.2023 06:00:00;25;321;1607;;36;;240;2229
01.07.2023 06:00:00;01.07.2023 07:00:00;25;318;1829;;29;;235;2436
01.07.2023 07:00:00;01.07.2023 08:00:00;25;321;2016;;27;;229;2618
01.07.2023 08:00:00;01.07.2023 09:00:00;25;316;1843;;30;;262;2476
01.07.2023 09:00:00;01.07.2023 10:00:00;25;314;1892;;27;;308;2566
01.07.2023 10:00:00;01.07.2023 11:00:00;25;312;1987;;27;;307;2658
01.07.2023 11:00:00;01.07.2023 12:00:00;25;311;2113;;25;;274;2748
01.07.2023 12:00:00;01.07.2023 13:00:00;25;310;1717;;20;;272;2344
01.07.2023 13:00:00;01.07.2023 14:00:00;25;310;1434;;24;;272;2065
01.07.2023 14:00:00;01.07.2023 15:00:00;25;311;1268;;22;;320;1946
01.07.2023 15:00:00;01.07.2023 16:00:00;25;316;1317;;22;;350;2030
01.07.2023 16:00:00;01.07.2023 17:00:00;25;312;1338;;25;;383;2083
01.07.2023 17:00:00;01.07.2023 18:00:00;25;319;1972;;25;;389;2730
01.07.2023 18:00:00;01.07.2023 19:00:00;25;325;2073;;26;;425;2874
01.07.2023 19:00:00;01.07.2023 20:00:00;25;322;2324;;26;;437;3134
01.07.2023 20:00:00;01.07.2023 21:00:00;25;322;2440;;25;;464;3276
01.07.2023 21:00:00;01.07.2023 22:00:00;25;323;2125;;24;;524;3021
01.07.2023 22:00:00;01.07.2023 23:00:00;25;318;1993;;29;;537;2902
01.07.2023 23:00:00;02.07.2023 00:00:00;25;320;1577;;16;;472;2410
02.07.2023 00:00:00;02.07.2023 01:00:00;25;315;1462;;13;;395;2210
02.07.2023 01:00:00;02.07.2023 02:00:00;25;320;1128;;18;;389;1880
02.07.2023 02:00:00;02.07.2023 03:00:00;25;320;1132;;21;;418;1916
02.07.2023 03:00:00;02.07.2023 04:00:00;25;316;1095;;21;;427;1884
02.07.2023 04:00:00;02.07.2023 05:00:00;25;307;1087;;35;;471;1925
02.07.2023 05:00:00;02.07.2023 06:00:00;25;304;1132;;44;;472;1977
02.07.2023 06:00:00;02.07.2023 07:00:00;25;305;1100;;28;;503;1961
02.07.2023 07:00:00;02.07.2023 08:00:00;25;270;996;;31;;509;1831
02.07.2023 08:00:00;02.07.2023 09:00:00;25;231;1029;;23;;480;1788
02.07.2023 09:00:00;02.07.2023 10:00:00;25;222;1016;;22;;422;1707
02.07.2023 10:00:00;02.07.2023 11:00:00;25;214;983;;31;;371;1624
02.07.2023 11:00:00;02.07.2023 12:00:00;25;215;1095;;28;;328;1691
02.07.2023 12:00:00;02.07.2023 13:00:00;25;239;1200;;29;;285;1778
02.07.2023 13:00:00;02.07.2023 14:00:00;25;254;1215;;30;;300;1824
02.07.2023 14:00:00;02.07.2023 15:00:00;25;258;1132;;30;;252;1697
02.07.2023 15:00:00;02.07.2023 16:00:00;25;261;1148;;29;;262;1725
02.07.2023 16:00:00;02.07.2023 17:00:00;25;263;1165;;25;;291;1769
02.07.2023 17:00:00;02.07.2023 18:00:00;25;299;1390;;20;;266;2000
02.07.2023 18:00:00;02.07.2023 19:00:00;25;305;1774;;22;;233;2359
02.07.2023 19:00:00;02.07.2023 20:00:00;25;295;2032;;22;;217;2591
02.07.2023 20:00:00;02.07.2023 21:00:00;25;293;2223;;19;;195;2755
02.07.2023 21:00:00;02.07.2023 22:00:00;25;291;2320;;14;;187;2837
02.07.2023 22:00:00;02.07.2023 23:00:00;25;296;2276;;19;;179;2795
02.07.2023 23:00:00;03.07.2023 00:00:00;25;294;1792;;21;;171;2303
03.07.2023 00:00:00;03.07.2023 01:00:00;23;297;2087;;26;;158;2591
03.07.2023 01:00:00;03.07.2023 02:00:00;23;294;1719;;19;;145;2200
03.07.2023 02:00:00;03.07.2023 03:00:00;23;291;1554;;23;;103;1994
03.07.2023 03:00:00;03.07.2023 04:00:00;23;287;1161;;19;;134;1624
03.07.2023 04:00:00;03.07.2023 05:00:00;23;281;1215;;24;;182;1725
03.07.2023 05:00:00;03.07.2023 06:00:00;23;269;1651;;36;;236;2215
03.07.2023 06:00:00;03.07.2023 07:00:00;23;266;2256;;33;;282;2860
03.07.2023 07:00:00;03.07.2023 08:00:00;23;273;2599;;25;;326;3246
03.07.2023 08:00:00;03.07.2023 09:00:00;23;287;2652;;17;;317;3296
03.07.2023 09:00:00;03.07.2023 10:00:00;23;289;2384;;18;;365;3079
03.07.2023 10:00:00;03.07.2023 11:00:00;23;281;2289;;16;;354;2963
03.07.2023 11:00:00;03.07.2023 12:00:00;23;278;2231;;26;;362;2920
03.07.2023 12:00:00;03.07.2023 13:00:00;23;284;2172;;18;;358;2855
03.07.2023 13:00:00;03.07.2023 14:00:00;23;287;2171;;16;;354;2851
03.07.2023 14:00:00;03.07.2023 15:00:00;23;288;1825;;22;;328;2486
03.07.2023 15:00:00;03.07.2023 16:00:00;23;283;1770;;25;;331;2432
03.07.2023 16:00:00;03.07.2023 17:00:00;23;276;2057;;21;;313;2690
03.07.2023 17:00:00;03.07.2023 18:00:00;23;279;2511;;20;;240;3073
03.07.2023 18:00:00;03.07.2023 19:00:00;23;277;2545;;17;;187;3049
03.07.2023 19:00:00;03.07.2023 20:00:00;23;282;2459;;19;;203;2986
03.07.2023 20:00:00;03.07.2023 21:00:00;23;286;2478;;17;;186;2990
03.07.2023 21:00:00;03.07.2023 22:00:00;23;283;2466;;21;;150;2943
03.07.2023 22:00:00;03.07.2023 23:00:00;23;279;2428;;22;;149;2901
03.07.2023 23:00:00;04.07.2023 00:00:00;23;280;2443;;18;;164;2928
04.07.2023 00:00:00;04.07.2023 01:00:00;23;246;2161;;40;;144;2614
04.07.2023 01:00:00;04.07.2023 02:00:00;23;245;1894;;42;;137;2341
04.07.2023 02:00:00;04.07.2023 03:00:00;23;252;1630;;26;;124;2055
04.07.2023 03:00:00;04.07.2023 04:00:00;23;253;1485;;29;;105;1895
04.07.2023 04:00:00;04.07.2023 05:00:00;23;251;1717;;28;;103;2122
04.07.2023 05:00:00;04.07.2023 06:00:00;23;241;2200;;22;;93;2579
04.07.2023 06:00:00;04.07.2023 07:00:00;23;238;2571;;25;;86;2943
04.07.2023 07:00:00;04.07.2023 08:00:00;23;241;2671;;21;;92;3048
04.07.2023 08:00:00;04.07.2023 09:00:00;23;237;2720;;33;;56;3069
04.07.2023 09:00:00;04.07.2023 10:00:00;23;231;2743;;33;;38;3068
04.07.2023 10:00:00;04.07.2023 11:00:00;24;220;2677;;30;;36;2987
04.07.2023 11:00:00;04.07.2023 12:00:00;25;219;2361;;21;;30;2656
04.07.2023 12:00:00;04.07.2023 13:00:00;25;220;2266;;27;;42;2580
04.07.2023 13:00:00;04.07.2023 14:00:00;25;218;2146;;25;;56;2470
04.07.2023 14:00:00;04.07.2023 15:00:00;25;222;2155;;26;;69;2497
04.07.2023 15:00:00;04.07.2023 16:00:00;25;222;2334;;28;;81;2690
04.07.2023 16:00:00;04.07.2023 17:00:00;25;226;2632;;17;;99;2999
04.07.2023 17:00:00;04.07.2023 18:00:00;25;224;2661;;14;;111;3035
04.07.2023 18:00:00;04.07.2023 19:00:00;25;229;2639;;16;;98;3007
04.07.2023 19:00:00;04.07.2023 20:00:00;25;231;2664;;17;;94;3031
04.07.2023 20:00:00;04.07.2023 21:00:00;25;232;2677;;17;;88;3039
04.07.2023 21:00:00;04.07.2023 22:00:00;25;229;2655;;19;;87;3015
04.07.2023 22:00:00;04.07.2023 23:00:00;25;227;2642;;19;;99;3012
04.07.2023 23:00:00;05.07.2023 00:00:00;25;226;2601;;26;;116;2994
05.07.2023 00:00:00;05.07.2023 01:00:00;25;227;2643;;39;;133;3067
05.07.2023 01:00:00;05.07.2023 02:00:00;25;229;2622;;38;;147;3061
05.07.2023 02:00:00;05.07.2023 03:00:00;25;229;2603;;22;;150;3029
05.07.2023 03:00:00;05.07.2023 04:00:00;25;226;2590;;25;;116;2982
05.07.2023 04:00:00;05.07.2023 05:00:00;25;226;2581;;27;;126;2985
05.07.2023 05:00:00;05.07.2023 06:00:00;25;223;2543;;20;;137;2948
05.07.2023 06:00:00;05.07.2023 07:00:00;25;224;2563;;14;;109;2935
05.07.2023 07:00:00;05.07.2023 08:00:00;25;223;2634;;20;;110;3012
05.07.2023 08:00:00;05.07.2023 09:00:00;25;205;2703;;33;;122;3088
05.07.2023 09:00:00;05.07.2023 10:00:00;25;214;2686;;35;;87;3047
05.07.2023 10:00:00;05.07.2023 11:00:00;25;219;2718;;35;;84;3081
05.07.2023 11:00:00;05.07.2023 12:00:00;25;222;2705;;34;;104;3090
05.07.2023 12:00:00;05.07.2023 13:00:00;25;219;2749;;30;;122;3145
05.07.2023 13:00:00;05.07.2023 14:00:00;25;219;2711;;18;;101;3074
05.07.2023 14:00:00;05.07.2023 15:00:00;25;217;2741;;9;;89;3081
05.07.2023 15:00:00;05.07.2023 16:00:00;25;219;2712;;10;;92;3058
05.07.2023 16:00:00;05.07.2023 17:00:00;25;216;2697;;10;;89;3037
05.07.2023 17:00:00;05.07.2023 18:00:00;25;217;2758;;11;;114;3125
05.07.2023 18:00:00;05.07.2023 19:00:00;25;216;2738;;15;;101;3095
05.07.2023 19:00:00;05.07.2023 20:00:00;25;219;2799;;10;;112;3165
05.07.2023 20:00:00;05.07.2023 21:00:00;25;230;2712;;9;;132;3108
05.07.2023 21:00:00;05.07.2023 22:00:00;25;236;2628;;9;;153;3051
05.07.2023 22:00:00;05.07.2023 23:00:00;25;235;2599;;10;;143;3012
05.07.2023 23:00:00;06.07.2023 00:00:00;25;225;2554;;29;;154;2987
06.07.2023 00:00:00;06.07.2023 01:00:00;25;205;2587;;43;;172;3032
06.07.2023 01:00:00;06.07.2023 02:00:00;25;209;2618;;45;;173;3070
06.07.2023 02:00:00;06.07.2023 03:00:00;25;232;2633;;29;;162;3081
06.07.2023 03:00:00;06.07.2023 04:00:00;25;230;2621;;32;;155;3063
06.07.2023 04:00:00;06.07.2023 05:00:00;25;226;2654;;30;;159;3094
06.07.2023 05:00:00;06.07.2023 06:00:00;25;224;2713;;28;;154;3144
06.07.2023 06:00:00;06.07.2023 07:00:00;25;222;2668;;26;;156;3097
06.07.2023 07:00:00;06.07.2023 08:00:00;25;224;2727;;28;;144;3148
06.07.2023 08:00:00;06.07.2023 09:00:00;25;228;2756;;37;;147;3193
06.07.2023 09:00:00;06.07.2023 10:00:00;25;227;2681;;31;;144;3108
06.07.2023 10:00:00;06.07.2023 11:00:00;25;224;2704;;29;;137;3119
06.07.2023 11:00:00;06.07.2023 12:00:00;25;209;2743;;20;;141;3138
06.07.2023 12:00:00;06.07.2023 13:00:00;25;204;2707;;26;;133;3095
06.07.2023 13:00:00;06.07.2023 14:00:00;25;202;2689;;25;;120;3061
06.07.2023 14:00:00;06.07.2023 15:00:00;25;204;2640;;30;;129;3028
06.07.2023 15:00:00;06.07.2023 16:00:00;25;208;2669;;34;;135;3071
06.07.2023 16:00:00;06.07.2023 17:00:00;25;207;2618;;27;;133;3010
06.07.2023 17:00:00;06.07.2023 18:00:00;25;209;2660;;27;;144;3065
06.07.2023 18:00:00;06.07.2023 19:00:00;25;210;2634;;27;;153;3049
06.07.2023 19:00:00;06.07.2023 20:00:00;25;213;2667;;28;;118;3051
06.07.2023 20:00:00;06.07.2023 21:00:00;25;214;2642;;33;;106;3020
06.07.2023 21:00:00;06.07.2023 22:00:00;25;216;2636;;29;;96;3002
06.07.2023 22:00:00;06.07.2023 23:00:00;25;225;2593;;29;;111;2983
06.07.2023 23:00:00;07.07.2023 00:00:00;25;231;2609;;31;;132;3028
07.07.2023 00:00:00;07.07.2023 01:00:00;25;212;2590;;45;;129;3001
07.07.2023 01:00:00;07.07.2023 02:00:00;25;210;2625;;47;;108;3015
07.07.2023 02:00:00;07.07.2023 03:00:00;25;208;2745;;31;;114;3123
07.07.2023 03:00:00;07.07.2023 04:00:00;25;207;2698;;33;;118;3081
07.07.2023 04:00:00;07.07.2023 05:00:00;25;206;2703;;33;;115;3082
07.07.2023 05:00:00;07.07.2023 06:00:00;25;204;2697;;28;;101;3055
07.07.2023 06:00:00;07.07.2023 07:00:00;25;204;2750;;28;;91;3098
07.07.2023 07:00:00;07.07.2023 08:00:00;25;208;2698;;30;;79;3040
07.07.2023 08:00:00;07.07.2023 09:00:00;25;207;2783;;34;;72;3121
07.07.2023 09:00:00;07.07.2023 10:00:00;25;206;2745;;30;;51;3057
07.07.2023 10:00:00;07.07.2023 11:00:00;25;206;2765;;26;;41;3063
07.07.2023 11:00:00;07.07.2023 12:00:00;25;207;2779;;19;;47;3077
07.07.2023 12:00:00;07.07.2023 13:00:00;25;210;2740;;30;;46;3051
07.07.2023 13:00:00;07.07.2023 14:00:00;25;209;2664;;23;;66;2987
07.07.2023 14:00:00;07.07.2023 15:00:00;25;213;2595;;24;;89;2946
07.07.2023 15:00:00;07.07.2023 16:00:00;25;218;2610;;35;;94;2982
07.07.2023 16:00:00;07.07.2023 17:00:00;25;220;2564;;30;;109;2948
07.07.2023 17:00:00;07.07.2023 18:00:00;25;222;2620;;29;;95;2991
07.07.2023 18:00:00;07.07.2023 19:00:00;25;224;2693;;28;;68;3038
07.07.2023 19:00:00;07.07.2023 20:00:00;25;227;2800;;30;;51;3133
07.07.2023 20:00:00;07.07.2023 21:00:00;25;231;2947;;30;;47;3280
07.07.2023 21:00:00;07.07.2023 22:00:00;25;231;2927;;34;;51;3268
07.07.2023 22:00:00;07.07.2023 23:00:00;25;208;2747;;41;;50;3071
07.07.2023 23:00:00;08.07.2023 00:00:00;25;207;2691;;39;;40;3002
08.07.2023 00:00:00;08.07.2023 01:00:00;25;209;2703;;30;;43;3010
08.07.2023 01:00:00;08.07.2023 02:00:00;25;206;2696;;35;;38;3000
08.07.2023 02:00:00;08.07.2023 03:00:00;25;201;2735;;36;;27;3024
08.07.2023 03:00:00;08.07.2023 04:00:00;25;200;2685;;31;;34;2975
08.07.2023 04:00:00;08.07.2023 05:00:00;25;200;2672;;23;;35;2955
08.07.2023 05:00:00;08.07.2023 06:00:00;25;195;2672;;36;;23;2951
08.07.2023 06:00:00;08.07.2023 07:00:00;25;195;2746;;31;;23;3020
08.07.2023 07:00:00;08.07.2023 08:00:00;25;219;2758;;30;;22;3054
08.07.2023 08:00:00;08.07.2023 09:00:00;25;211;2914;;32;;13;3195
08.07.2023 09:00:00;08.07.2023 10:00:00;25;210;3009;;31;;13;3288
08.07.2023 10:00:00;08.07.2023 11:00:00;25;215;3024;;28;;20;3312
08.07.2023 11:00:00;08.07.2023 12:00:00;25;219;2964;;26;;39;3273
08.07.2023 12:00:00;08.07.2023 13:00:00;25;218;2649;;21;;60;2973
08.07.2023 13:00:00;08.07.2023 14:00:00;25;215;2295;;23;;55;2613
08.07.2023 14:00:00;08.07.2023 15:00:00;25;220;2283;;25;;52;2605
08.07.2023 15:00:00;08.07.2023 16:00:00;25;217;2588;;24;;40;2894
08.07.2023 16:00:00;08.07.2023 17:00:00;25;211;2708;;27;;29;3000
08.07.2023 17:00:00;08.07.2023 18:00:00;25;211;2641;;27;;36;2940
08.07.2023 18:00:00;08.07.2023 19:00:00;25;196;2676;;28;;56;2981
08.07.2023 19:00:00;08.07.2023 20:00:00;25;192;2717;;24;;39;2997
08.07.2023 20:00:00;08.07.2023 21:00:00;25;190;2882;;24;;32;3153
08.07.2023 21:00:00;08.07.2023 22:00:00;25;193;2994;;31;;26;3269
08.07.2023 22:00:00;08.07.2023 23:00:00;25;194;2970;;34;;11;3234
08.07.2023 23:00:00;09.07.2023 00:00:00;25;190;2953;;22;;7;3197
09.07.2023 00:00:00;09.07.2023 01:00:00;25;182;2810;;24;;4;3045
09.07.2023 01:00:00;09.07.2023 02:00:00;25;183;2833;;23;;4;3068
09.07.2023 02:00:00;09.07.2023 03:00:00;25;186;3079;;24;;0;3314
09.07.2023 03:00:00;09.07.2023 04:00:00;25;184;3069;;23;;0;3301
09.07.2023 04:00:00;09.07.2023 05:00:00;25;179;3028;;34;;0;3266
09.07.2023 05:00:00;09.07.2023 06:00:00;25;179;3027;;50;;0;3281
09.07.2023 06:00:00;09.07.2023 07:00:00;25;178;3048;;30;;0;3281
09.07.2023 07:00:00;09.07.2023 08:00:00;25;199;3005;;32;;0;3261
09.07.2023 08:00:00;09.07.2023 09:00:00;25;197;2836;;25;;0;3083
09.07.2023 09:00:00;09.07.2023 10:00:00;25;195;2627;;21;;0;2868
09.07.2023 10:00:00;09.07.2023 11:00:00;25;192;2636;;31;;0;2884
09.07.2023 11:00:00;09.07.2023 12:00:00;25;190;2709;;26;;4;2954
09.07.2023 12:00:00;09.07.2023 13:00:00;25;190;2755;;28;;6;3004
09.07.2023 13:00:00;09.07.2023 14:00:00;25;190;2710;;28;;6;2959
09.07.2023 14:00:00;09.07.2023 15:00:00;25;191;2727;;28;;7;2978
09.07.2023 15:00:00;09.07.2023 16:00:00;25;193;2840;;26;;9;3093
09.07.2023 16:00:00;09.07.2023 17:00:00;25;192;2836;;23;;13;3089
09.07.2023 17:00:00;09.07.2023 18:00:00;25;194;2837;;20;;19;3095
09.07.2023 18:00:00;09.07.2023 19:00:00;25;176;2886;;26;;16;3129
09.07.2023 19:00:00;09.07.2023 20:00:00;25;176;2916;;23;;12;3152
09.07.2023 20:00:00;09.07.2023 21:00:00;25;176;2899;;22;;7;3129
09.07.2023 21:00:00;09.07.2023 22:00:00;25;176;2764;;25;;5;2995
09.07.2023 22:00:00;09.07.2023 23:00:00;25;177;2728;;25;;3;2958
09.07.2023 23:00:00;10.07.2023 00:00:00;25;175;2673;;21;;2;2896
10.07.2023 00:00:00;10.07.2023 01:00:00;25;177;2513;;32;;5;2752
10.07.2023 01:00:00;10.07.2023 02:00:00;25;175;2487;;28;;10;2725
10.07.2023 02:00:00;10.07.2023 03:00:00;25;173;2516;;29;;20;2763
10.07.2023 03:00:00;10.07.2023 04:00:00;25;171;2753;;22;;26;2997
10.07.2023 04:00:00;10.07.2023 05:00:00;25;166;2927;;22;;14;3154
10.07.2023 05:00:00;10.07.2023 06:00:00;25;166;2851;;35;;10;3087
10.07.2023 06:00:00;10.07.2023 07:00:00;25;167;2897;;32;;4;3125
10.07.2023 07:00:00;10.07.2023 08:00:00;25;190;2801;;25;;6;3047
10.07.2023 08:00:00;10.07.2023 09:00:00;25;191;2838;;18;;6;3078
10.07.2023 09:00:00;10.07.2023 10:00:00;25;190;2968;;21;;5;3209
10.07.2023 10:00:00;10.07.2023 11:00:00;25;186;2962;;15;;14;3202
10.07.2023 11:00:00;10.07.2023 12:00:00;25;185;2802;;26;;13;3051
10.07.2023 12:00:00;10.07.2023 13:00:00;25;183;2792;;22;;17;3039
10.07.2023 13:00:00;10.07.2023 14:00:00;25;185;2813;;20;;21;3064
10.07.2023 14:00:00;10.07.2023 15:00:00;25;182;2743;;24;;29;3003
10.07.2023 15:00:00;10.07.2023 16:00:00;25;187;2732;;25;;30;2999
10.07.2023 16:00:00;10.07.2023 17:00:00;25;191;2732;;22;;25;2995
10.07.2023 17:00:00;10.07.2023 18:00:00;25;193;2664;;21;;16;2919
10.07.2023 18:00:00;10.07.2023 19:00:00;25;182;2686;;22;;14;2929
10.07.2023 19:00:00;10.07.2023 20:00:00;25;183;2612;;20;;5;2845
10.07.2023 20:00:00;10.07.2023 21:00:00;25;182;2612;;18;;6;2843
10.07.2023 21:00:00;10.07.2023 22:00:00;25;181;2591;;22;;9;2828
10.07.2023 22:00:00;10.07.2023 23:00:00;25;182;2588;;22;;9;2826
10.07.2023 23:00:00;11.07.2023 00:00:00;25;182;2630;;19;;16;2872
11.07.2023 00:00:00;11.07.2023 01:00:00;25;170;2593;;45;;40;2873
11.07.2023 01:00:00;11.07.2023 02:00:00;25;171;2499;;46;;61;2802
11.07.2023 02:00:00;11.07.2023 03:00:00;25;169;2522;;28;;103;2847
11.07.2023 03:00:00;11.07.2023 04:00:00;25;166;2506;;29;;124;2850
11.07.2023 04:00:00;11.07.2023 05:00:00;25;165;2600;;29;;109;2928
11.07.2023 05:00:00;11.07.2023 06:00:00;25;164;2643;;28;;109;2969
11.07.2023 06:00:00;11.07.2023 07:00:00;25;165;2657;;25;;119;2991
11.07.2023 07:00:00;11.07.2023 08:00:00;25;188;2736;;26;;118;3093
11.07.2023 08:00:00;11.07.2023 09:00:00;25;188;2741;;30;;110;3094
11.07.2023 09:00:00;11.07.2023 10:00:00;25;189;2666;;31;;97;3008
11.07.2023 10:00:00;11.07.2023 11:00:00;25;192;2520;;28;;79;2844
11.07.2023 11:00:00;11.07.2023 12:00:00;25;193;2359;;20;;88;2685
11.07.2023 12:00:00;11.07.2023 13:00:00;25;194;2392;;28;;82;2721
11.07.2023 13:00:00;11.07.2023 14:00:00;25;199;2346;;25;;108;2703
11.07.2023 14:00:00;11.07.2023 15:00:00;25;198;2527;;27;;111;2888
11.07.2023 15:00:00;11.07.2023 16:00:00;25;200;2749;;32;;86;3092
11.07.2023 16:00:00;11.07.2023 17:00:00;25;203;2784;;26;;89;3127
11.07.2023 17:00:00;11.07.2023 18:00:00;25;204;2774;;26;;95;3124
11.07.2023 18:00:00;11.07.2023 19:00:00;25;206;2621;;27;;115;2994
11.07.2023 19:00:00;11.07.2023 20:00:00;25;205;2516;;29;;127;2902
11.07.2023 20:00:00;11.07.2023 21:00:00;25;205;2590;;30;;133;2983
11.07.2023 21:00:00;11.07.2023 22:00:00;25;204;2595;;29;;143;2996
11.07.2023 22:00:00;11.07.2023 23:00:00;25;206;2427;;31;;261;2950
11.07.2023 23:00:00;12.07.2023 00:00:00;25;207;2256;;30;;214;2732
12.07.2023 00:00:00;12.07.2023 01:00:00;25;185;2089;;45;;235;2579
12.07.2023 01:00:00;12.07.2023 02:00:00;25;192;2004;;44;;255;2520
12.07.2023 02:00:00;12.07.2023 03:00:00;25;190;1885;;25;;323;2448
12.07.2023 03:00:00;12.07.2023 04:00:00;25;189;1724;;28;;296;2262
12.07.2023 04:00:00;12.07.2023 05:00:00;25;188;1717;;27;;288;2245
12.07.2023 05:00:00;12.07.2023 06:00:00;25;184;1741;;24;;264;2238
12.07.2023 06:00:00;12.07.2023 07:00:00;25;182;1879;;25;;342;2453
12.07.2023 07:00:00;12.07.2023 08:00:00;25;202;1900;;24;;525;2676
12.07.2023 08:00:00;12.07.2023 09:00:00;25;204;2005;;24;;475;2733
12.07.2023 09:00:00;12.07.2023 10:00:00;25;206;2034;;23;;547;2835
12.07.2023 10:00:00;12.07.2023 11:00:00;25;203;1969;;20;;614;2831
12.07.2023 11:00:00;12.07.2023 12:00:00;25;201;1932;;14;;567;2739
12.07.2023 12:00:00;12.07.2023 13:00:00;25;205;1873;;20;;586;2709
12.07.2023 13:00:00;12.07.2023 14:00:00;25;211;1867;;17;;569;2689
12.07.2023 14:00:00;12.07.2023 15:00:00;25;216;2009;;17;;546;2813
12.07.2023 15:00:00;12.07.2023 16:00:00;25;215;2043;;26;;539;2848
12.07.2023 16:00:00;12.07.2023 17:00:00;25;217;2045;;19;;488;2794
12.07.2023 17:00:00;12.07.2023 18:00:00;25;219;2026;;21;;408;2699
12.07.2023 18:00:00;12.07.2023 19:00:00;25;222;2029;;21;;402;2699
12.07.2023 19:00:00;12.07.2023 20:00:00;25;223;2021;;25;;347;2641
12.07.2023 20:00:00;12.07.2023 21:00:00;25;220;2022;;25;;303;2595
12.07.2023 21:00:00;12.07.2023 22:00:00;25;224;2100;;22;;353;2724
12.07.2023 22:00:00;12.07.2023 23:00:00;25;224;2118;;21;;371;2759
12.07.2023 23:00:00;13.07.2023 00:00:00;25;224;2099;;22;;383;2753
13.07.2023 00:00:00;13.07.2023 01:00:00;25;215;2050;;40;;379;2709
13.07.2023 01:00:00;13.07.2023 02:00:00;25;215;2060;;40;;349;2689
13.07.2023 02:00:00;13.07.2023 03:00:00;25;210;2040;;24;;366;2665
13.07.2023 03:00:00;13.07.2023 04:00:00;25;211;1962;;27;;407;2632
13.07.2023 04:00:00;13.07.2023 05:00:00;25;213;1922;;27;;464;2651
13.07.2023 05:00:00;13.07.2023 06:00:00;25;212;1931;;21;;463;2652
13.07.2023 06:00:00;13.07.2023 07:00:00;25;211;2002;;20;;428;2686
13.07.2023 07:00:00;13.07.2023 08:00:00;25;234;1973;;30;;369;2631
13.07.2023 08:00:00;13.07.2023 09:00:00;25;236;2099;;34;;284;2678
13.07.2023 09:00:00;13.07.2023 10:00:00;25;238;2140;;32;;216;2651
13.07.2023 10:00:00;13.07.2023 11:00:00;25;233;2227;;31;;243;2759
13.07.2023 11:00:00;13.07.2023 12:00:00;25;246;2306;;23;;281;2881
13.07.2023 12:00:00;13.07.2023 13:00:00;25;237;2265;;30;;281;2838
13.07.2023 13:00:00;13.07.2023 14:00:00;25;235;2295;;31;;236;2822
13.07.2023 14:00:00;13.07.2023 15:00:00;25;234;2292;;25;;148;2724
13.07.2023 15:00:00;13.07.2023 16:00:00;25;234;2139;;27;;289;2714
13.07.2023 16:00:00;13.07.2023 17:00:00;25;236;2232;;19;;419;2931
13.07.2023 17:00:00;13.07.2023 18:00:00;25;234;2353;;19;;478;3109
13.07.2023 18:00:00;13.07.2023 19:00:00;25;232;2297;;24;;369;2947
13.07.2023 19:00:00;13.07.2023 20:00:00;25;230;2300;;22;;312;2889
13.07.2023 20:00:00;13.07.2023 21:00:00;25;229;2411;;26;;279;2970
13.07.2023 21:00:00;13.07.2023 22:00:00;25;228;2441;;27;;241;2962
13.07.2023 22:00:00;13.07.2023 23:00:00;25;228;2403;;29;;307;2992
13.07.2023 23:00:00;14.07.2023 00:00:00;25;227;2373;;28;;330;2983
14.07.2023 00:00:00;14.07.2023 01:00:00;25;244;2292;;40;;355;2956
14.07.2023 01:00:00;14.07.2023 02:00:00;25;244;2305;;43;;353;2970
14.07.2023 02:00:00;14.07.2023 03:00:00;25;235;2281;;30;;338;2909
14.07.2023 03:00:00;14.07.2023 04:00:00;25;236;2235;;29;;299;2824
14.07.2023 04:00:00;14.07.2023 05:00:00;25;234;2228;;25;;322;2834
14.07.2023 05:00:00;14.07.2023 06:00:00;25;231;2141;;25;;334;2756
14.07.2023 06:00:00;14.07.2023 07:00:00;25;233;2254;;22;;347;2881
14.07.2023 07:00:00;14.07.2023 08:00:00;25;231;2297;;24;;310;2887
14.07.2023 08:00:00;14.07.2023 09:00:00;25;227;2327;;26;;287;2892
14.07.2023 09:00:00;14.07.2023 10:00:00;25;222;2395;;28;;246;2916
14.07.2023 10:00:00;14.07.2023 11:00:00;25;222;2551;;25;;198;3021
14.07.2023 11:00:00;14.07.2023 12:00:00;25;230;2547;;17;;198;3017
14.07.2023 12:00:00;14.07.2023 13:00:00;25;239;2506;;20;;241;3031
14.07.2023 13:00:00;14.07.2023 14:00:00;25;237;2462;;17;;382;3123
14.07.2023 14:00:00;14.07.2023 15:00:00;25;238;2393;;17;;410;3083
14.07.2023 15:00:00;14.07.2023 16:00:00;25;237;2288;;29;;407;2986
14.07.2023 16:00:00;14.07.2023 17:00:00;25;241;2395;;26;;358;3045
14.07.2023 17:00:00;14.07.2023 18:00:00;25;241;2407;;26;;308;3007
14.07.2023 18:00:00;14.07.2023 19:00:00;25;245;2413;;27;;266;2976
14.07.2023 19:00:00;14.07.2023 20:00:00;25;244;2426;;28;;234;2957
14.07.2023 20:00:00;14.07.2023 21:00:00;25;243;2510;;29;;200;3007
14.07.2023 21:00:00;14.07.2023 22:00:00;25;243;2438;;24;;196;2926
14.07.2023 22:00:00;14.07.2023 23:00:00;25;245;2434;;27;;131;2862
14.07.2023 23:00:00;15.07.2023 00:00:00;25;244;2429;;30;;129;2857
15.07.2023 00:00:00;15.07.2023 01:00:00;25;244;2499;;29;;129;2926
15.07.2023 01:00:00;15.07.2023 02:00:00;25;243;2417;;31;;96;2812
15.07.2023 02:00:00;15.07.2023 03:00:00;25;241;2285;;33;;74;2658
15.07.2023 03:00:00;15.07.2023 04:00:00;25;239;1560;;22;;84;1930
15.07.2023 04:00:00;15.07.2023 05:00:00;25;238;1504;;19;;97;1883
15.07.2023 05:00:00;15.07.2023 06:00:00;25;233;1490;;32;;106;1886
15.07.2023 06:00:00;15.07.2023 07:00:00;25;232;1851;;29;;92;2229
15.07.2023 07:00:00;15.07.2023 08:00:00;25;235;2492;;29;;98;2879
15.07.2023 08:00:00;15.07.2023 09:00:00;25;225;2513;;34;;124;2921
15.07.2023 09:00:00;15.07.2023 10:00:00;25;224;1687;;34;;134;2104
15.07.2023 10:00:00;15.07.2023 11:00:00;25;217;1328;;31;;138;1739
15.07.2023 11:00:00;15.07.2023 12:00:00;25;212;1130;;33;;115;1515
15.07.2023 12:00:00;15.07.2023 13:00:00;25;212;1081;;20;;103;1441
15.07.2023 13:00:00;15.07.2023 14:00:00;25;213;1062;;25;;74;1399
15.07.2023 14:00:00;15.07.2023 15:00:00;25;195;996;;23;;81;1320
15.07.2023 15:00:00;15.07.2023 16:00:00;25;194;1214;;24;;87;1544
15.07.2023 16:00:00;15.07.2023 17:00:00;27;236;2105;;44;;91;2503
15.07.2023 17:00:00;15.07.2023 18:00:00;25;215;2209;;32;;41;2522
15.07.2023 18:00:00;15.07.2023 19:00:00;25;231;2700;;31;;44;3031
15.07.2023 19:00:00;15.07.2023 20:00:00;25;220;2668;;29;;47;2989
15.07.2023 20:00:00;15.07.2023 21:00:00;25;214;2664;;29;;44;2976
15.07.2023 21:00:00;15.07.2023 22:00:00;25;210;2507;;35;;78;2855
15.07.2023 22:00:00;15.07.2023 23:00:00;25;208;2076;;35;;126;2470
15.07.2023 23:00:00;16.07.2023 00:00:00;25;212;1447;;17;;182;1883
16.07.2023 00:00:00;16.07.2023 01:00:00;25;217;1128;;21;;226;1617
16.07.2023 01:00:00;16.07.2023 02:00:00;25;206;1048;;21;;295;1595
16.07.2023 02:00:00;16.07.2023 03:00:00;25;202;1026;;24;;301;1578
16.07.2023 03:00:00;16.07.2023 04:00:00;25;172;1011;;23;;356;1587
16.07.2023 04:00:00;16.07.2023 05:00:00;25;167;979;;29;;375;1575
16.07.2023 05:00:00;16.07.2023 06:00:00;25;164;1034;;38;;371;1632
16.07.2023 06:00:00;16.07.2023 07:00:00;25;165;982;;26;;414;1612
16.07.2023 07:00:00;16.07.2023 08:00:00;25;168;896;;27;;433;1549
16.07.2023 08:00:00;16.07.2023 09:00:00;25;167;997;;17;;378;1584
16.07.2023 09:00:00;16.07.2023 10:00:00;27;239;1179;;29;;630;2104
16.07.2023 10:00:00;16.07.2023 11:00:00;25;143;804;;28;;454;1454
16.07.2023 11:00:00;16.07.2023 12:00:00;25;140;894;;23;;354;1436
16.07.2023 12:00:00;16.07.2023 13:00:00;25;139;910;;20;;376;1470
16.07.2023 13:00:00;16.07.2023 14:00:00;25;155;943;;24;;366;1513
16.07.2023 14:00:00;16.07.2023 15:00:00;25;154;907;;26;;271;1383
16.07.2023 15:00:00;16.07.2023 16:00:00;25;199;1097;;22;;434;1777
16.07.2023 16:00:00;16.07.2023 17:00:00;25;163;993;;21;;357;1559
16.07.2023 17:00:00;16.07.2023 18:00:00;25;225;1287;;28;;558;2123
16.07.2023 18:00:00;16.07.2023 19:00:00;25;226;1225;;24;;379;1879
16.07.2023 19:00:00;16.07.2023 20:00:00;25;237;1126;;20;;436;1844
16.07.2023 20:00:00;16.07.2023 21:00:00;25;238;1227;;22;;445;1957
16.07.2023 21:00:00;16.07.2023 22:00:00;25;249;1111;;21;;468;1874
16.07.2023 22:00:00;16.07.2023 23:00:00;25;253;1148;;19;;440;1885
16.07.2023 23:00:00;17.07.2023 00:00:00;25;247;1087;;26;;440;1825
17.07.2023 00:00:00;17.07.2023 01:00:00;25;247;877;;35;;426;1610
17.07.2023 01:00:00;17.07.2023 02:00:00;25;248;768;;24;;406;1471
17.07.2023 02:00:00;17.07.2023 03:00:00;25;251;776;;25;;470;1547
17.07.2023 03:00:00;17.07.2023 04:00:00;25;250;728;;24;;465;1492
17.07.2023 04:00:00;17.07.2023 05:00:00;25;258;780;;27;;471;1561
17.07.2023 05:00:00;17.07.2023 06:00:00;25;255;956;;35;;464;1735
17.07.2023 06:00:00;17.07.2023 07:00:00;25;255;1060;;30;;393;1763
17.07.2023 07:00:00;17.07.2023 08:00:00;25;254;1090;;24;;334;1727
17.07.2023 08:00:00;17.07.2023 09:00:00;25;249;1143;;21;;260;1698
17.07.2023 09:00:00;17.07.2023 10:00:00;25;245;1115;;21;;276;1682
17.07.2023 10:00:00;17.07.2023 11:00:00;25;244;1068;;18;;334;1689
17.07.2023 11:00:00;17.07.2023 12:00:00;25;245;952;;26;;317;1565
17.07.2023 12:00:00;17.07.2023 13:00:00;25;240;941;;19;;432;1657
17.07.2023 13:00:00;17.07.2023 14:00:00;25;222;997;;21;;302;1567
17.07.2023 14:00:00;17.07.2023 15:00:00;25;222;928;;24;;324;1523
17.07.2023 15:00:00;17.07.2023 16:00:00;25;224;976;;25;;360;1610
17.07.2023 16:00:00;17.07.2023 17:00:00;25;249;982;;21;;386;1663
17.07.2023 17:00:00;17.07.2023 18:00:00;25;247;1047;;20;;348;1687
17.07.2023 18:00:00;17.07.2023 19:00:00;25;244;1226;;16;;290;1801
17.07.2023 19:00:00;17.07.2023 20:00:00;25;255;1384;;17;;211;1892
17.07.2023 20:00:00;17.07.2023 21:00:00;25;257;1265;;16;;197;1760
17.07.2023 21:00:00;17.07.2023 22:00:00;25;249;1310;;18;;174;1776
17.07.2023 22:00:00;17.07.2023 23:00:00;25;239;1221;;19;;158;1662
17.07.2023 23:00:00;18.07.2023 00:00:00;25;239;1137;;15;;202;1618
18.07.2023 00:00:00;18.07.2023 01:00:00;25;243;1099;;34;;166;1567
18.07.2023 01:00:00;18.07.2023 02:00:00;25;242;961;;34;;196;1458
18.07.2023 02:00:00;18.07.2023 03:00:00;25;240;1010;;22;;211;1508
18.07.2023 03:00:00;18.07.2023 04:00:00;25;238;1015;;24;;263;1565
18.07.2023 04:00:00;18.07.2023 05:00:00;25;236;1027;;26;;262;1576
18.07.2023 05:00:00;18.07.2023 06:00:00;25;238;1109;;28;;220;1620
18.07.2023 06:00:00;18.07.2023 07:00:00;25;239;1555;;32;;186;2037
18.07.2023 07:00:00;18.07.2023 08:00:00;25;240;1675;;41;;146;2127
18.07.2023 08:00:00;18.07.2023 09:00:00;25;238;2001;;44;;103;2411
18.07.2023 09:00:00;18.07.2023 10:00:00;25;227;1586;;25;;88;1951
18.07.2023 10:00:00;18.07.2023 11:00:00;25;235;1309;;18;;81;1668
18.07.2023 11:00:00;18.07.2023 12:00:00;25;247;1418;;13;;83;1786
18.07.2023 12:00:00;18.07.2023 13:00:00;25;240;1571;;17;;97;1950
18.07.2023 13:00:00;18.07.2023 14:00:00;25;236;1611;;19;;90;1981
18.07.2023 14:00:00;18.07.2023 15:00:00;25;233;1735;;17;;87;2097
18.07.2023 15:00:00;18.07.2023 16:00:00;25;229;1939;;28;;106;2327
18.07.2023 16:00:00;18.07.2023 17:00:00;25;233;2062;;27;;150;2497
18.07.2023 17:00:00;18.07.2023 18:00:00;25;229;2335;;31;;153;2773
18.07.2023 18:00:00;18.07.2023 19:00:00;25;233;2323;;20;;104;2705
18.07.2023 19:00:00;18.07.2023 20:00:00;25;233;2317;;20;;105;2700
18.07.2023 20:00:00;18.07.2023 21:00:00;25;234;2335;;21;;125;2740
18.07.2023 21:00:00;18.07.2023 22:00:00;25;233;2347;;23;;167;2795
18.07.2023 22:00:00;18.07.2023 23:00:00;25;231;2262;;24;;101;2643
18.07.2023 23:00:00;19.07.2023 00:00:00;25;231;1817;;25;;67;2165
19.07.2023 00:00:00;19.07.2023 01:00:00;25;225;1495;;41;;61;1847
19.07.2023 01:00:00;19.07.2023 02:00:00;25;227;1369;;40;;64;1725
19.07.2023 02:00:00;19.07.2023 03:00:00;25;219;1379;;22;;78;1723
19.07.2023 03:00:00;19.07.2023 04:00:00;25;220;1413;;27;;96;1781
19.07.2023 04:00:00;19.07.2023 05:00:00;25;226;1579;;29;;85;1944
19.07.2023 05:00:00;19.07.2023 06:00:00;25;227;1946;;26;;62;2286
19.07.2023 06:00:00;19.07.2023 07:00:00;25;225;1845;;22;;60;2177
19.07.2023 07:00:00;19.07.2023 08:00:00;25;232;1840;;26;;63;2186
19.07.2023 08:00:00;19.07.2023 09:00:00;25;220;2048;;26;;63;2382
19.07.2023 09:00:00;19.07.2023 10:00:00;25;216;2219;;24;;82;2566
19.07.2023 10:00:00;19.07.2023 11:00:00;25;216;2195;;22;;83;2541
19.07.2023 11:00:00;19.07.2023 12:00:00;25;214;2197;;18;;94;2548
19.07.2023 12:00:00;19.07.2023 13:00:00;25;206;2250;;22;;112;2615
19.07.2023 13:00:00;19.07.2023 14:00:00;25;209;2301;;22;;127;2684
19.07.2023 14:00:00;19.07.2023 15:00:00;25;210;2239;;24;;142;2640
19.07.2023 15:00:00;19.07.2023 16:00:00;25;205;2250;;29;;155;2664
19.07.2023 16:00:00;19.07.2023 17:00:00;25;203;2392;;23;;163;2806
19.07.2023 17:00:00;19.07.2023 18:00:00;25;202;2365;;23;;167;2782
19.07.2023 18:00:00;19.07.2023 19:00:00;25;207;2308;;26;;159;2725
19.07.2023 19:00:00;19.07.2023 20:00:00;25;207;2543;;27;;138;2940
19.07.2023 20:00:00;19.07.2023 21:00:00;25;205;2553;;27;;130;2940
19.07.2023 21:00:00;19.07.2023 22:00:00;25;205;2561;;26;;111;2928
19.07.2023 22:00:00;19.07.2023 23:00:00;25;204;2517;;27;;95;2868
19.07.2023 23:00:00;20.07.2023 00:00:00;25;201;2509;;31;;102;2868
20.07.2023 00:00:00;20.07.2023 01:00:00;25;171;2729;;43;;77;3045
20.07.2023 01:00:00;20.07.2023 02:00:00;25;173;2680;;45;;62;2985
20.07.2023 02:00:00;20.07.2023 03:00:00;25;172;2521;;27;;73;2818
20.07.2023 03:00:00;20.07.2023 04:00:00;25;172;2529;;27;;68;2821
20.07.2023 04:00:00;20.07.2023 05:00:00;25;171;2569;;27;;79;2871
20.07.2023 05:00:00;20.07.2023 06:00:00;25;166;2555;;23;;76;2845
20.07.2023 06:00:00;20.07.2023 07:00:00;25;165;2752;;22;;90;3054
20.07.2023 07:00:00;20.07.2023 08:00:00;25;185;2834;;24;;96;3164
20.07.2023 08:00:00;20.07.2023 09:00:00;25;186;2911;;29;;95;3246
20.07.2023 09:00:00;20.07.2023 10:00:00;25;191;2865;;29;;89;3199
20.07.2023 10:00:00;20.07.2023 11:00:00;25;190;2848;;26;;85;3174
20.07.2023 11:00:00;20.07.2023 12:00:00;25;191;2850;;17;;74;3157
20.07.2023 12:00:00;20.07.2023 13:00:00;25;188;2765;;17;;71;3066
20.07.2023 13:00:00;20.07.2023 14:00:00;25;188;2768;;17;;86;3084
20.07.2023 14:00:00;20.07.2023 15:00:00;25;184;2812;;14;;92;3127
20.07.2023 15:00:00;20.07.2023 16:00:00;25;179;2776;;20;;116;3116
20.07.2023 16:00:00;20.07.2023 17:00:00;25;179;2730;;20;;124;3078
20.07.2023 17:00:00;20.07.2023 18:00:00;25;177;2717;;20;;139;3078
20.07.2023 18:00:00;20.07.2023 19:00:00;25;176;2850;;25;;138;3214
20.07.2023 19:00:00;20.07.2023 20:00:00;25;176;2734;;28;;133;3096
20.07.2023 20:00:00;20.07.2023 21:00:00;25;176;2723;;28;;119;3071
20.07.2023 21:00:00;20.07.2023 22:00:00;25;175;2728;;24;;128;3080
20.07.2023 22:00:00;20.07.2023 23:00:00;25;181;2705;;27;;140;3078
20.07.2023 23:00:00;21.07.2023 00:00:00;25;182;2628;;34;;129;2998
21.07.2023 00:00:00;21.07.2023 01:00:00;25;158;2752;;45;;118;3098
21.07.2023 01:00:00;21.07.2023 02:00:00;25;159;2655;;48;;122;3009
21.07.2023 02:00:00;21.07.2023 03:00:00;25;158;2528;;29;;122;2862
21.07.2023 03:00:00;21.07.2023 04:00:00;25;156;2480;;31;;119;2811
21.07.2023 04:00:00;21.07.2023 05:00:00;25;155;2510;;34;;123;2847
21.07.2023 05:00:00;21.07.2023 06:00:00;25;155;2659;;29;;124;2992
21.07.2023 06:00:00;21.07.2023 07:00:00;25;154;2792;;25;;127;3123
21.07.2023 07:00:00;21.07.2023 08:00:00;25;175;2858;;28;;131;3217
21.07.2023 08:00:00;21.07.2023 09:00:00;25;172;2946;;32;;117;3292
21.07.2023 09:00:00;21.07.2023 10:00:00;109;171;2968;;30;;107;3385
21.07.2023 10:00:00;21.07.2023 11:00:00;198;169;2881;;27;;101;3376
21.07.2023 11:00:00;21.07.2023 12:00:00;198;168;3026;;17;;104;3513
21.07.2023 12:00:00;21.07.2023 13:00:00;197;165;3026;;24;;100;3512
21.07.2023 13:00:00;21.07.2023 14:00:00;198;166;2979;;27;;113;3483
21.07.2023 14:00:00;21.07.2023 15:00:00;198;165;2874;;28;;128;3393
21.07.2023 15:00:00;21.07.2023 16:00:00;198;166;2838;;34;;133;3369
21.07.2023 16:00:00;21.07.2023 17:00:00;198;166;2832;;30;;133;3359
21.07.2023 17:00:00;21.07.2023 18:00:00;198;164;2816;;29;;122;3329
21.07.2023 18:00:00;21.07.2023 19:00:00;197;167;2881;;31;;132;3408
21.07.2023 19:00:00;21.07.2023 20:00:00;197;168;2923;;32;;136;3456
21.07.2023 20:00:00;21.07.2023 21:00:00;173;170;2856;;32;;141;3372
21.07.2023 21:00:00;21.07.2023 22:00:00;170;171;2772;;29;;142;3284
21.07.2023 22:00:00;21.07.2023 23:00:00;172;172;2708;;27;;151;3230
21.07.2023 23:00:00;22.07.2023 00:00:00;173;169;2676;;32;;148;3198
22.07.2023 00:00:00;22.07.2023 01:00:00;173;149;2658;;31;;138;3149
22.07.2023 01:00:00;22.07.2023 02:00:00;173;142;2301;;36;;163;2815
22.07.2023 02:00:00;22.07.2023 03:00:00;175;142;2066;;35;;195;2613
22.07.2023 03:00:00;22.07.2023 04:00:00;176;143;1996;;29;;199;2543
22.07.2023 04:00:00;22.07.2023 05:00:00;175;142;2000;;22;;202;2541
22.07.2023 05:00:00;22.07.2023 06:00:00;175;140;2003;;35;;209;2562
22.07.2023 06:00:00;22.07.2023 07:00:00;175;138;2292;;31;;201;2837
22.07.2023 07:00:00;22.07.2023 08:00:00;175;138;2614;;33;;196;3156
22.07.2023 08:00:00;22.07.2023 09:00:00;175;158;2710;;32;;180;3255
22.07.2023 09:00:00;22.07.2023 10:00:00;173;159;2791;;30;;153;3306
22.07.2023 10:00:00;22.07.2023 11:00:00;175;157;2824;;28;;145;3329
22.07.2023 11:00:00;22.07.2023 12:00:00;174;134;2825;;28;;126;3287
22.07.2023 12:00:00;22.07.2023 13:00:00;172;130;2704;;22;;106;3134
22.07.2023 13:00:00;22.07.2023 14:00:00;168;130;2629;;26;;102;3055
22.07.2023 14:00:00;22.07.2023 15:00:00;166;134;2038;;27;;141;2506
22.07.2023 15:00:00;22.07.2023 16:00:00;165;134;2283;;27;;151;2760
22.07.2023 16:00:00;22.07.2023 17:00:00;165;135;2858;;30;;153;3341
22.07.2023 17:00:00;22.07.2023 18:00:00;166;133;2895;;31;;174;3399
22.07.2023 18:00:00;22.07.2023 19:00:00;168;134;3028;;30;;174;3534
22.07.2023 19:00:00;22.07.2023 20:00:00;168;133;2973;;26;;171;3471
22.07.2023 20:00:00;22.07.2023 21:00:00;170;129;2722;;26;;167;3214
22.07.2023 21:00:00;22.07.2023 22:00:00;170;128;2876;;29;;155;3358
22.07.2023 22:00:00;22.07.2023 23:00:00;171;127;2865;;35;;149;3347
22.07.2023 23:00:00;23.07.2023 00:00:00;172;129;2789;;23;;161;3274
23.07.2023 00:00:00;23.07.2023 01:00:00;172;139;2464;;25;;180;2980
23.07.2023 01:00:00;23.07.2023 02:00:00;173;139;2458;;22;;165;2957
23.07.2023 02:00:00;23.07.2023 03:00:00;174;138;2323;;27;;154;2816
23.07.2023 03:00:00;23.07.2023 04:00:00;174;137;2220;;23;;149;2703
23.07.2023 04:00:00;23.07.2023 05:00:00;174;137;1545;;34;;150;2040
23.07.2023 05:00:00;23.07.2023 06:00:00;174;137;1447;;49;;157;1964
23.07.2023 06:00:00;23.07.2023 07:00:00;175;139;1463;;34;;140;1951
23.07.2023 07:00:00;23.07.2023 08:00:00;176;140;1390;;27;;126;1859
23.07.2023 08:00:00;23.07.2023 09:00:00;176;142;1286;;15;;112;1731
23.07.2023 09:00:00;23.07.2023 10:00:00;176;144;1291;;14;;106;1731
23.07.2023 10:00:00;23.07.2023 11:00:00;176;144;1326;;28;;125;1799
23.07.2023 11:00:00;23.07.2023 12:00:00;174;143;1322;;21;;151;1811
23.07.2023 12:00:00;23.07.2023 13:00:00;171;143;1320;;23;;154;1811
23.07.2023 13:00:00;23.07.2023 14:00:00;170;143;1213;;24;;138;1688
23.07.2023 14:00:00;23.07.2023 15:00:00;167;141;1258;;28;;116;1710
23.07.2023 15:00:00;23.07.2023 16:00:00;167;141;1276;;37;;102;1723
23.07.2023 16:00:00;23.07.2023 17:00:00;167;140;1451;;37;;93;1888
23.07.2023 17:00:00;23.07.2023 18:00:00;167;144;1947;;27;;104;2389
23.07.2023 18:00:00;23.07.2023 19:00:00;167;150;2674;;25;;104;3120
23.07.2023 19:00:00;23.07.2023 20:00:00;168;153;2896;;24;;99;3340
23.07.2023 20:00:00;23.07.2023 21:00:00;170;155;2922;;28;;91;3366
23.07.2023 21:00:00;23.07.2023 22:00:00;170;156;2918;;26;;64;3334
23.07.2023 22:00:00;23.07.2023 23:00:00;171;158;2915;;27;;60;3331
23.07.2023 23:00:00;24.07.2023 00:00:00;172;156;2820;;26;;60;3234
24.07.2023 00:00:00;24.07.2023 01:00:00;171;157;2650;;38;;67;3083
24.07.2023 01:00:00;24.07.2023 02:00:00;171;160;2718;;34;;60;3143
24.07.2023 02:00:00;24.07.2023 03:00:00;172;160;2692;;31;;54;3109
24.07.2023 03:00:00;24.07.2023 04:00:00;172;159;2499;;32;;64;2926
24.07.2023 04:00:00;24.07.2023 05:00:00;172;157;2604;;33;;52;3018
24.07.2023 05:00:00;24.07.2023 06:00:00;172;154;2572;;39;;55;2992
24.07.2023 06:00:00;24.07.2023 07:00:00;172;152;2718;;34;;65;3141
24.07.2023 07:00:00;24.07.2023 08:00:00;171;150;2808;;28;;73;3230
24.07.2023 08:00:00;24.07.2023 09:00:00;170;168;2973;;24;;70;3405
24.07.2023 09:00:00;24.07.2023 10:00:00;169;165;3080;;24;;66;3504
24.07.2023 10:00:00;24.07.2023 11:00:00;167;165;3137;;19;;59;3547
24.07.2023 11:00:00;24.07.2023 12:00:00;166;165;3123;;29;;52;3535
24.07.2023 12:00:00;24.07.2023 13:00:00;167;164;3064;;22;;48;3465
24.07.2023 13:00:00;24.07.2023 14:00:00;168;167;3072;;23;;55;3485
24.07.2023 14:00:00;24.07.2023 15:00:00;169;166;3024;;26;;76;3461
24.07.2023 15:00:00;24.07.2023 16:00:00;170;165;3051;;27;;64;3477
24.07.2023 16:00:00;24.07.2023 17:00:00;170;165;3025;;25;;67;3452
24.07.2023 17:00:00;24.07.2023 18:00:00;169;165;3063;;24;;83;3504
24.07.2023 18:00:00;24.07.2023 19:00:00;170;163;3154;;23;;79;3589
24.07.2023 19:00:00;24.07.2023 20:00:00;171;163;3163;;24;;74;3595
24.07.2023 20:00:00;24.07.2023 21:00:00;171;162;3107;;24;;66;3530
24.07.2023 21:00:00;24.07.2023 22:00:00;170;168;3083;;26;;56;3503
24.07.2023 22:00:00;24.07.2023 23:00:00;168;168;3123;;26;;60;3545
24.07.2023 23:00:00;25.07.2023 00:00:00;169;165;2951;;24;;59;3368
25.07.2023 00:00:00;25.07.2023 01:00:00;169;142;2969;;49;;46;3375
25.07.2023 01:00:00;25.07.2023 02:00:00;169;142;2879;;46;;50;3286
25.07.2023 02:00:00;25.07.2023 03:00:00;169;138;2894;;30;;53;3284
25.07.2023 03:00:00;25.07.2023 04:00:00;169;136;2800;;32;;71;3208
25.07.2023 04:00:00;25.07.2023 05:00:00;169;137;2631;;32;;73;3042
25.07.2023 05:00:00;25.07.2023 06:00:00;168;135;2794;;26;;74;3197
25.07.2023 06:00:00;25.07.2023 07:00:00;167;133;2764;;25;;67;3156
25.07.2023 07:00:00;25.07.2023 08:00:00;169;153;2603;;26;;68;3019
25.07.2023 08:00:00;25.07.2023 09:00:00;169;154;2811;;31;;61;3226
25.07.2023 09:00:00;25.07.2023 10:00:00;169;152;2837;;30;;58;3246
25.07.2023 10:00:00;25.07.2023 11:00:00;169;155;2715;;32;;53;3124
25.07.2023 11:00:00;25.07.2023 12:00:00;168;160;2520;;14;;39;2901
25.07.2023 12:00:00;25.07.2023 13:00:00;170;149;2850;;10;;31;3210
25.07.2023 13:00:00;25.07.2023 14:00:00;168;149;2853;;9;;33;3212
25.07.2023 14:00:00;25.07.2023 15:00:00;168;149;2765;;9;;41;3132
25.07.2023 15:00:00;25.07.2023 16:00:00;166;151;2477;;8;;43;2845
25.07.2023 16:00:00;25.07.2023 17:00:00;166;149;2549;;20;;42;2926
25.07.2023 17:00:00;25.07.2023 18:00:00;167;150;2887;;27;;41;3272
25.07.2023 18:00:00;25.07.2023 19:00:00;168;151;2870;;28;;48;3265
25.07.2023 19:00:00;25.07.2023 20:00:00;169;152;2881;;29;;43;3274
25.07.2023 20:00:00;25.07.2023 21:00:00;165;151;2816;;28;;73;3233
25.07.2023 21:00:00;25.07.2023 22:00:00;166;153;2892;;26;;94;3331
25.07.2023 22:00:00;25.07.2023 23:00:00;171;161;2813;;28;;98;3271
25.07.2023 23:00:00;26.07.2023 00:00:00;169;159;2632;;29;;117;3106
26.07.2023 00:00:00;26.07.2023 01:00:00;160;138;2653;;41;;105;3097
26.07.2023 01:00:00;26.07.2023 02:00:00;160;138;2672;;41;;93;3104
26.07.2023 02:00:00;26.07.2023 03:00:00;171;137;2668;;24;;93;3093
26.07.2023 03:00:00;26.07.2023 04:00:00;175;135;2681;;25;;113;3129
26.07.2023 04:00:00;26.07.2023 05:00:00;174;133;2695;;27;;94;3123
26.07.2023 05:00:00;26.07.2023 06:00:00;174;133;2722;;26;;71;3126
26.07.2023 06:00:00;26.07.2023 07:00:00;173;131;2792;;23;;56;3175
26.07.2023 07:00:00;26.07.2023 08:00:00;173;131;2960;;25;;37;3326
26.07.2023 08:00:00;26.07.2023 09:00:00;172;152;3022;;26;;29;3401
26.07.2023 09:00:00;26.07.2023 10:00:00;170;151;2974;;24;;24;3343
26.07.2023 10:00:00;26.07.2023 11:00:00;169;150;2952;;23;;15;3309
26.07.2023 11:00:00;26.07.2023 12:00:00;168;150;2908;;11;;13;3250
26.07.2023 12:00:00;26.07.2023 13:00:00;168;150;2914;;23;;17;3272
26.07.2023 13:00:00;26.07.2023 14:00:00;168;149;2947;;22;;16;3302
26.07.2023 14:00:00;26.07.2023 15:00:00;168;149;2866;;23;;19;3225
26.07.2023 15:00:00;26.07.2023 16:00:00;166;149;2942;;30;;22;3309
26.07.2023 16:00:00;26.07.2023 17:00:00;166;149;2939;;24;;24;3302
26.07.2023 17:00:00;26.07.2023 18:00:00;166;148;2910;;26;;26;3276
26.07.2023 18:00:00;26.07.2023 19:00:00;166;148;2949;;27;;26;3316
26.07.2023 19:00:00;26.07.2023 20:00:00;179;135;3071;;26;;23;3434
26.07.2023 20:00:00;26.07.2023 21:00:00;202;134;3079;;25;;21;3461
26.07.2023 21:00:00;26.07.2023 22:00:00;202;131;3059;;28;;25;3445
26.07.2023 22:00:00;26.07.2023 23:00:00;203;129;3021;;30;;28;3411
26.07.2023 23:00:00;27.07.2023 00:00:00;203;128;2967;;31;;30;3359
27.07.2023 00:00:00;27.07.2023 01:00:00;204;129;2921;;42;;25;3321
27.07.2023 01:00:00;27.07.2023 02:00:00;204;130;2988;;44;;17;3383
27.07.2023 02:00:00;27.07.2023 03:00:00;204;128;2958;;28;;25;3343
27.07.2023 03:00:00;27.07.2023 04:00:00;203;126;2913;;30;;29;3301
27.07.2023 04:00:00;27.07.2023 05:00:00;203;125;2766;;28;;29;3151
27.07.2023 05:00:00;27.07.2023 06:00:00;202;124;2764;;27;;27;3144
27.07.2023 06:00:00;27.07.2023 07:00:00;202;122;2839;;25;;28;3216
27.07.2023 07:00:00;27.07.2023 08:00:00;200;123;2944;;26;;23;3316
27.07.2023 08:00:00;27.07.2023 09:00:00;198;123;3028;;28;;22;3399
27.07.2023 09:00:00;27.07.2023 10:00:00;197;123;3046;;32;;16;3414
27.07.2023 10:00:00;27.07.2023 11:00:00;197;125;2910;;26;;14;3272
27.07.2023 11:00:00;27.07.2023 12:00:00;198;124;2926;;17;;14;3279
27.07.2023 12:00:00;27.07.2023 13:00:00;198;123;2941;;24;;18;3304
27.07.2023 13:00:00;27.07.2023 14:00:00;198;123;2948;;27;;23;3319
27.07.2023 14:00:00;27.07.2023 15:00:00;198;124;2909;;20;;26;3277
27.07.2023 15:00:00;27.07.2023 16:00:00;197;124;2901;;27;;58;3307
27.07.2023 16:00:00;27.07.2023 17:00:00;197;124;2885;;27;;36;3269
27.07.2023 17:00:00;27.07.2023 18:00:00;197;124;2904;;27;;24;3276
27.07.2023 18:00:00;27.07.2023 19:00:00;197;124;2918;;30;;29;3298
27.07.2023 19:00:00;27.07.2023 20:00:00;197;129;2979;;28;;21;3354
27.07.2023 20:00:00;27.07.2023 21:00:00;198;128;2941;;29;;21;3317
27.07.2023 21:00:00;27.07.2023 22:00:00;198;127;2955;;26;;20;3326
27.07.2023 22:00:00;27.07.2023 23:00:00;198;127;2922;;26;;19;3292
27.07.2023 23:00:00;28.07.2023 00:00:00;197;125;2875;;27;;14;3238
28.07.2023 00:00:00;28.07.2023 01:00:00;198;124;2793;;38;;9;3162
28.07.2023 01:00:00;28.07.2023 02:00:00;199;128;2809;;41;;7;3184
28.07.2023 02:00:00;28.07.2023 03:00:00;199;127;2814;;26;;11;3177
28.07.2023 03:00:00;28.07.2023 04:00:00;198;123;2802;;24;;10;3157
28.07.2023 04:00:00;28.07.2023 05:00:00;198;123;2754;;26;;12;3113
28.07.2023 05:00:00;28.07.2023 06:00:00;198;124;2750;;22;;12;3106
28.07.2023 06:00:00;28.07.2023 07:00:00;197;123;2808;;21;;11;3160
28.07.2023 07:00:00;28.07.2023 08:00:00;198;127;2806;;25;;12;3168
28.07.2023 08:00:00;28.07.2023 09:00:00;197;128;2887;;29;;12;3253
28.07.2023 09:00:00;28.07.2023 10:00:00;198;124;2926;;26;;11;3285
28.07.2023 10:00:00;28.07.2023 11:00:00;198;120;2950;;22;;10;3300
28.07.2023 11:00:00;28.07.2023 12:00:00;198;115;3000;;14;;12;3339
28.07.2023 12:00:00;28.07.2023 13:00:00;198;116;2917;;20;;15;3266
28.07.2023 13:00:00;28.07.2023 14:00:00;198;118;2832;;20;;25;3193
28.07.2023 14:00:00;28.07.2023 15:00:00;198;119;2770;;20;;36;3143
28.07.2023 15:00:00;28.07.2023 16:00:00;198;118;2732;;27;;58;3133
28.07.2023 16:00:00;28.07.2023 17:00:00;197;118;2745;;21;;55;3136
28.07.2023 17:00:00;28.07.2023 18:00:00;197;117;2755;;24;;32;3125
28.07.2023 18:00:00;28.07.2023 19:00:00;197;125;2754;;25;;28;3129
28.07.2023 19:00:00;28.07.2023 20:00:00;196;130;2725;;26;;34;3111
28.07.2023 20:00:00;28.07.2023 21:00:00;196;138;2745;;25;;39;3143
28.07.2023 21:00:00;28.07.2023 22:00:00;196;138;2749;;26;;42;3151
28.07.2023 22:00:00;28.07.2023 23:00:00;196;132;2745;;27;;26;3126
28.07.2023 23:00:00;29.07.2023 00:00:00;196;129;2468;;28;;21;2842
29.07.2023 00:00:00;29.07.2023 01:00:00;197;121;1745;;27;;17;2107
29.07.2023 01:00:00;29.07.2023 02:00:00;197;120;1592;;32;;22;1963
29.07.2023 02:00:00;29.07.2023 03:00:00;198;120;1359;;33;;21;1731
29.07.2023 03:00:00;29.07.2023 04:00:00;197;120;1289;;27;;22;1655
29.07.2023 04:00:00;29.07.2023 05:00:00;198;119;1265;;21;;29;1632
29.07.2023 05:00:00;29.07.2023 06:00:00;198;119;1296;;33;;33;1679
29.07.2023 06:00:00;29.07.2023 07:00:00;197;121;1344;;31;;45;1738
29.07.2023 07:00:00;29.07.2023 08:00:00;197;122;1466;;31;;45;1861
29.07.2023 08:00:00;29.07.2023 09:00:00;197;120;1900;;32;;49;2298
29.07.2023 09:00:00;29.07.2023 10:00:00;197;124;2600;;29;;69;3019
29.07.2023 10:00:00;29.07.2023 11:00:00;197;119;2746;;26;;80;3168
29.07.2023 11:00:00;29.07.2023 12:00:00;197;119;2812;;24;;85;3237
29.07.2023 12:00:00;29.07.2023 13:00:00;197;119;2813;;19;;83;3231
29.07.2023 13:00:00;29.07.2023 14:00:00;197;121;2654;;24;;95;3091
29.07.2023 14:00:00;29.07.2023 15:00:00;197;124;1522;;24;;113;1980
29.07.2023 15:00:00;29.07.2023 16:00:00;198;124;1439;;26;;122;1909
29.07.2023 16:00:00;29.07.2023 17:00:00;198;120;2063;;27;;109;2517
29.07.2023 17:00:00;29.07.2023 18:00:00;198;119;2592;;26;;127;3062
29.07.2023 18:00:00;29.07.2023 19:00:00;197;119;2661;;25;;123;3125
29.07.2023 19:00:00;29.07.2023 20:00:00;197;119;2748;;23;;102;3189
29.07.2023 20:00:00;29.07.2023 21:00:00;197;121;2758;;24;;101;3201
29.07.2023 21:00:00;29.07.2023 22:00:00;197;126;2787;;28;;115;3253
29.07.2023 22:00:00;29.07.2023 23:00:00;197;122;2789;;30;;110;3248
29.07.2023 23:00:00;30.07.2023 00:00:00;197;121;2670;;18;;112;3118
30.07.2023 00:00:00;30.07.2023 01:00:00;197;118;2659;;20;;106;3100
30.07.2023 01:00:00;30.07.2023 02:00:00;197;118;2740;;22;;124;3201
30.07.2023 02:00:00;30.07.2023 03:00:00;197;118;2714;;22;;173;3224
30.07.2023 03:00:00;30.07.2023 04:00:00;197;118;2690;;20;;171;3196
30.07.2023 04:00:00;30.07.2023 05:00:00;197;117;2675;;33;;168;3190
30.07.2023 05:00:00;30.07.2023 06:00:00;197;115;2685;;59;;139;3195
30.07.2023 06:00:00;30.07.2023 07:00:00;197;116;2671;;43;;125;3152
30.07.2023 07:00:00;30.07.2023 08:00:00;197;119;2759;;41;;105;3221
30.07.2023 08:00:00;30.07.2023 09:00:00;197;118;2825;;31;;85;3256
30.07.2023 09:00:00;30.07.2023 10:00:00;196;115;1448;;30;;77;1866
30.07.2023 10:00:00;30.07.2023 11:00:00;196;112;1230;;39;;67;1644
30.07.2023 11:00:00;30.07.2023 12:00:00;196;111;1199;;35;;56;1597
30.07.2023 12:00:00;30.07.2023 13:00:00;197;111;1170;;36;;43;1557
30.07.2023 13:00:00;30.07.2023 14:00:00;196;111;1171;;37;;35;1550
30.07.2023 14:00:00;30.07.2023 15:00:00;197;113;1231;;35;;39;1615
30.07.2023 15:00:00;30.07.2023 16:00:00;198;113;1248;;39;;54;1652
30.07.2023 16:00:00;30.07.2023 17:00:00;198;112;1307;;29;;40;1686
30.07.2023 17:00:00;30.07.2023 18:00:00;198;112;1653;;14;;36;2013
30.07.2023 18:00:00;30.07.2023 19:00:00;198;114;2699;;19;;42;3072
30.07.2023 19:00:00;30.07.2023 20:00:00;198;115;2860;;20;;44;3237
30.07.2023 20:00:00;30.07.2023 21:00:00;197;118;2983;;21;;41;3360
30.07.2023 21:00:00;30.07.2023 22:00:00;198;118;2943;;21;;77;3357
30.07.2023 22:00:00;30.07.2023 23:00:00;199;118;2795;;22;;87;3221
30.07.2023 23:00:00;31.07.2023 00:00:00;198;122;2747;;25;;129;3221
31.07.2023 00:00:00;31.07.2023 01:00:00;196;120;2719;;33;;141;3209
31.07.2023 01:00:00;31.07.2023 02:00:00;198;119;2675;;26;;135;3153
31.07.2023 02:00:00;31.07.2023 03:00:00;200;119;2676;;27;;132;3154
31.07.2023 03:00:00;31.07.2023 04:00:00;201;119;2673;;29;;175;3197
31.07.2023 04:00:00;31.07.2023 05:00:00;202;119;2695;;31;;222;3269
31.07.2023 05:00:00;31.07.2023 06:00:00;203;118;2693;;39;;244;3297
31.07.2023 06:00:00;31.07.2023 07:00:00;199;118;2661;;35;;244;3257
31.07.2023 07:00:00;31.07.2023 08:00:00;198;123;2642;;32;;285;3280
31.07.2023 08:00:00;31.07.2023 09:00:00;198;136;2738;;27;;266;3365
31.07.2023 09:00:00;31.07.2023 10:00:00;198;137;2875;;25;;257;3492
31.07.2023 10:00:00;31.07.2023 11:00:00;199;138;2794;;18;;233;3382
31.07.2023 11:00:00;31.07.2023 12:00:00;201;138;2742;;26;;232;3339
31.07.2023 12:00:00;31.07.2023 13:00:00;200;138;2635;;20;;260;3253
31.07.2023 13:00:00;31.07.2023 14:00:00;202;140;2560;;21;;242;3165
31.07.2023 14:00:00;31.07.2023 15:00:00;201;146;2576;;25;;211;3159
31.07.2023 15:00:00;31.07.2023 16:00:00;199;143;2554;;29;;186;3111
31.07.2023 16:00:00;31.07.2023 17:00:00;198;141;2524;;22;;147;3032
31.07.2023 17:00:00;31.07.2023 18:00:00;193;141;2651;;22;;177;3184
31.07.2023 18:00:00;31.07.2023 19:00:00;194;143;2744;;21;;257;3359
31.07.2023 19:00:00;31.07.2023 20:00:00;194;142;2573;;22;;350;3281
31.07.2023 20:00:00;31.07.2023 21:00:00;195;145;2553;;26;;412;3331
31.07.2023 21:00:00;31.07.2023 22:00:00;196;147;2537;;29;;539;3448
31.07.2023 22:00:00;31.07.2023 23:00:00;197;143;2513;;0;;514;3367
31.07.2023 23:00:00;01.08.2023 00:00:00;196;142;2397;;22;;502;3259
01.08.2023 00:00:00;01.08.2023 01:00:00;196;122;2318;;46;;447;3129
01.08.2023 01:00:00;01.08.2023 02:00:00;194;124;2181;;49;;478;3026
01.08.2023 02:00:00;01.08.2023 03:00:00;192;124;2127;;32;;496;2971
01.08.2023 03:00:00;01.08.2023 04:00:00;191;122;2169;;33;;467;2982
01.08.2023 04:00:00;01.08.2023 05:00:00;191;122;2348;;33;;466;3160
01.08.2023 05:00:00;01.08.2023 06:00:00;192;125;2361;;29;;491;3198
01.08.2023 06:00:00;01.08.2023 07:00:00;192;123;2371;;28;;446;3160
01.08.2023 07:00:00;01.08.2023 08:00:00;192;125;2546;;41;;410;3314
01.08.2023 08:00:00;01.08.2023 09:00:00;192;125;2535;;57;;379;3288
01.08.2023 09:00:00;01.08.2023 10:00:00;192;127;2507;;54;;355;3235
01.08.2023 10:00:00;01.08.2023 11:00:00;194;128;2502;;51;;314;3189
01.08.2023 11:00:00;01.08.2023 12:00:00;194;120;2550;;42;;307;3213
01.08.2023 12:00:00;01.08.2023 13:00:00;194;109;2499;;55;;336;3193
01.08.2023 13:00:00;01.08.2023 14:00:00;194;124;2331;;41;;367;3057
01.08.2023 14:00:00;01.08.2023 15:00:00;194;128;2030;;37;;270;2659
01.08.2023 15:00:00;01.08.2023 16:00:00;194;128;1835;;44;;289;2490
01.08.2023 16:00:00;01.08.2023 17:00:00;194;131;2262;;37;;323;2947
01.08.2023 17:00:00;01.08.2023 18:00:00;195;130;2342;;30;;336;3033
01.08.2023 18:00:00;01.08.2023 19:00:00;195;134;2667;;33;;282;3311
01.08.2023 19:00:00;01.08.2023 20:00:00;194;134;2739;;35;;280;3382
01.08.2023 20:00:00;01.08.2023 21:00:00;194;136;2663;;32;;349;3374
01.08.2023 21:00:00;01.08.2023 22:00:00;194;136;2464;;30;;434;3258
01.08.2023 22:00:00;01.08.2023 23:00:00;195;133;2451;;33;;411;3223
01.08.2023 23:00:00;02.08.2023 00:00:00;195;137;2386;;34;;386;3138
02.08.2023 00:00:00;02.08.2023 01:00:00;195;142;2304;;45;;455;3141
02.08.2023 01:00:00;02.08.2023 02:00:00;194;141;2343;;53;;459;3190
02.08.2023 02:00:00;02.08.2023 03:00:00;195;131;2347;;37;;445;3155
02.08.2023 03:00:00;02.08.2023 04:00:00;194;128;2496;;32;;462;3312
02.08.2023 04:00:00;02.08.2023 05:00:00;194;126;2340;;34;;471;3165
02.08.2023 05:00:00;02.08.2023 06:00:00;194;127;2250;;30;;487;3088
02.08.2023 06:00:00;02.08.2023 07:00:00;195;125;2150;;29;;481;2980
02.08.2023 07:00:00;02.08.2023 08:00:00;195;125;2496;;30;;439;3285
02.08.2023 08:00:00;02.08.2023 09:00:00;195;121;2618;;33;;452;3419
02.08.2023 09:00:00;02.08.2023 10:00:00;195;121;2562;;30;;432;3340
02.08.2023 10:00:00;02.08.2023 11:00:00;195;122;2573;;29;;373;3292
02.08.2023 11:00:00;02.08.2023 12:00:00;195;123;2582;;21;;349;3270
02.08.2023 12:00:00;02.08.2023 13:00:00;195;122;2450;;26;;359;3152
02.08.2023 13:00:00;02.08.2023 14:00:00;195;121;2045;;27;;299;2687
02.08.2023 14:00:00;02.08.2023 15:00:00;194;121;1771;;29;;250;2365
02.08.2023 15:00:00;02.08.2023 16:00:00;194;121;1694;;38;;223;2270
02.08.2023 16:00:00;02.08.2023 17:00:00;194;137;1937;;33;;221;2522
02.08.2023 17:00:00;02.08.2023 18:00:00;195;144;2450;;32;;192;3013
02.08.2023 18:00:00;02.08.2023 19:00:00;196;146;2341;;32;;209;2924
02.08.2023 19:00:00;02.08.2023 20:00:00;197;150;2261;;33;;289;2930
02.08.2023 20:00:00;02.08.2023 21:00:00;196;155;2023;;33;;395;2802
02.08.2023 21:00:00;02.08.2023 22:00:00;195;169;1745;;31;;390;2530
02.08.2023 22:00:00;02.08.2023 23:00:00;194;172;1906;;34;;297;2603
02.08.2023 23:00:00;03.08.2023 00:00:00;194;179;1689;;36;;275;2373
03.08.2023 00:00:00;03.08.2023 01:00:00;193;159;1156;;47;;382;1937
03.08.2023 01:00:00;03.08.2023 02:00:00;193;162;1141;;50;;514;2060
03.08.2023 02:00:00;03.08.2023 03:00:00;194;161;1114;;35;;563;2067
03.08.2023 03:00:00;03.08.2023 04:00:00;194;161;1091;;37;;512;1995
03.08.2023 04:00:00;03.08.2023 05:00:00;195;161;1099;;37;;470;1962
03.08.2023 05:00:00;03.08.2023 06:00:00;195;161;1191;;32;;471;2050
03.08.2023 06:00:00;03.08.2023 07:00:00;194;161;1737;;30;;477;2599
03.08.2023 07:00:00;03.08.2023 08:00:00;196;168;2466;;32;;490;3352
03.08.2023 08:00:00;03.08.2023 09:00:00;195;191;2492;;37;;483;3398
03.08.2023 09:00:00;03.08.2023 10:00:00;192;193;2452;;34;;531;3402
03.08.2023 10:00:00;03.08.2023 11:00:00;194;202;2385;;31;;668;3480
03.08.2023 11:00:00;03.08.2023 12:00:00;196;201;2300;;25;;723;3445
03.08.2023 12:00:00;03.08.2023 13:00:00;195;203;2311;;30;;725;3464
03.08.2023 13:00:00;03.08.2023 14:00:00;196;206;2341;;29;;696;3468
03.08.2023 14:00:00;03.08.2023 15:00:00;195;207;2096;;31;;656;3185
03.08.2023 15:00:00;03.08.2023 16:00:00;194;213;2097;;36;;628;3168
03.08.2023 16:00:00;03.08.2023 17:00:00;193;213;2267;;28;;561;3262
03.08.2023 17:00:00;03.08.2023 18:00:00;191;212;2329;;27;;453;3212
03.08.2023 18:00:00;03.08.2023 19:00:00;191;207;2253;;29;;411;3091
03.08.2023 19:00:00;03.08.2023 20:00:00;192;203;2372;;28;;371;3166
03.08.2023 20:00:00;03.08.2023 21:00:00;194;200;2456;;25;;369;3244
03.08.2023 21:00:00;03.08.2023 22:00:00;195;197;2466;;7;;361;3226
03.08.2023 22:00:00;03.08.2023 23:00:00;196;197;2511;;8;;270;3182
03.08.2023 23:00:00;04.08.2023 00:00:00;195;196;2499;;9;;256;3155
04.08.2023 00:00:00;04.08.2023 01:00:00;196;174;2238;;12;;297;2917
04.08.2023 01:00:00;04.08.2023 02:00:00;196;173;1874;;13;;253;2509
04.08.2023 02:00:00;04.08.2023 03:00:00;196;171;1718;;7;;244;2336
04.08.2023 03:00:00;04.08.2023 04:00:00;196;169;1598;;8;;253;2224
04.08.2023 04:00:00;04.08.2023 05:00:00;196;168;1561;;9;;262;2196
04.08.2023 05:00:00;04.08.2023 06:00:00;196;168;1659;;8;;212;2243
04.08.2023 06:00:00;04.08.2023 07:00:00;196;168;2158;;8;;206;2736
04.08.2023 07:00:00;04.08.2023 08:00:00;198;166;2587;;8;;154;3113
04.08.2023 08:00:00;04.08.2023 09:00:00;197;185;2672;;9;;114;3177
04.08.2023 09:00:00;04.08.2023 10:00:00;198;183;2722;;9;;100;3212
04.08.2023 10:00:00;04.08.2023 11:00:00;197;180;2688;;9;;129;3203
04.08.2023 11:00:00;04.08.2023 12:00:00;197;175;2693;;10;;144;3219
04.08.2023 12:00:00;04.08.2023 13:00:00;196;174;2708;;9;;171;3258
04.08.2023 13:00:00;04.08.2023 14:00:00;197;175;2672;;9;;239;3292
04.08.2023 14:00:00;04.08.2023 15:00:00;196;172;2619;;9;;265;3261
04.08.2023 15:00:00;04.08.2023 16:00:00;197;172;2628;;10;;236;3243
04.08.2023 16:00:00;04.08.2023 17:00:00;196;173;2598;;10;;260;3237
04.08.2023 17:00:00;04.08.2023 18:00:00;196;171;2587;;9;;296;3259
04.08.2023 18:00:00;04.08.2023 19:00:00;197;173;2641;;9;;250;3270
04.08.2023 19:00:00;04.08.2023 20:00:00;197;172;2683;;9;;203;3264
04.08.2023 20:00:00;04.08.2023 21:00:00;199;172;2674;;9;;201;3255
04.08.2023 21:00:00;04.08.2023 22:00:00;197;170;2670;;9;;160;3206
04.08.2023 22:00:00;04.08.2023 23:00:00;197;149;2437;;9;;137;2929
04.08.2023 23:00:00;05.08.2023 00:00:00;197;149;1714;;8;;129;2197
05.08.2023 00:00:00;05.08.2023 01:00:00;197;146;1185;;10;;89;1627
05.08.2023 01:00:00;05.08.2023 02:00:00;198;144;1123;;10;;111;1586
05.08.2023 02:00:00;05.08.2023 03:00:00;200;142;1097;;9;;142;1590
05.08.2023 03:00:00;05.08.2023 04:00:00;199;141;1073;;10;;132;1555
05.08.2023 04:00:00;05.08.2023 05:00:00;201;141;1060;;10;;146;1558
05.08.2023 05:00:00;05.08.2023 06:00:00;203;137;1124;;9;;164;1637
05.08.2023 06:00:00;05.08.2023 07:00:00;204;141;1227;;7;;164;1743
05.08.2023 07:00:00;05.08.2023 08:00:00;204;141;1390;;8;;189;1932
05.08.2023 08:00:00;05.08.2023 09:00:00;204;139;1547;;27;;214;2131
05.08.2023 09:00:00;05.08.2023 10:00:00;203;157;1841;;20;;287;2508
05.08.2023 10:00:00;05.08.2023 11:00:00;202;171;1916;;8;;287;2584
05.08.2023 11:00:00;05.08.2023 12:00:00;202;158;1903;;8;;302;2573
05.08.2023 12:00:00;05.08.2023 13:00:00;201;158;1773;;8;;271;2411
05.08.2023 13:00:00;05.08.2023 14:00:00;200;158;1683;;9;;271;2321
05.08.2023 14:00:00;05.08.2023 15:00:00;201;157;1718;;9;;268;2353
05.08.2023 15:00:00;05.08.2023 16:00:00;201;157;1923;;9;;232;2522
05.08.2023 16:00:00;05.08.2023 17:00:00;200;157;2065;;9;;234;2665
05.08.2023 17:00:00;05.08.2023 18:00:00;198;157;2486;;7;;208;3056
05.08.2023 18:00:00;05.08.2023 19:00:00;197;156;2613;;8;;195;3169
05.08.2023 19:00:00;05.08.2023 20:00:00;199;156;2674;;13;;145;3187
05.08.2023 20:00:00;05.08.2023 21:00:00;200;135;2591;;8;;145;3079
05.08.2023 21:00:00;05.08.2023 22:00:00;201;135;2609;;9;;166;3120
05.08.2023 22:00:00;05.08.2023 23:00:00;201;135;2485;;10;;180;3011
05.08.2023 23:00:00;06.08.2023 00:00:00;200;134;2261;;10;;176;2781
06.08.2023 00:00:00;06.08.2023 01:00:00;200;131;1734;;9;;150;2224
06.08.2023 01:00:00;06.08.2023 02:00:00;199;127;1715;;9;;145;2195
06.08.2023 02:00:00;06.08.2023 03:00:00;198;127;1739;;9;;168;2241
06.08.2023 03:00:00;06.08.2023 04:00:00;197;124;1626;;9;;138;2094
06.08.2023 04:00:00;06.08.2023 05:00:00;196;123;1546;;8;;158;2031
06.08.2023 05:00:00;06.08.2023 06:00:00;196;123;1418;;7;;120;1864
06.08.2023 06:00:00;06.08.2023 07:00:00;196;122;1413;;8;;80;1819
06.08.2023 07:00:00;06.08.2023 08:00:00;197;122;1427;;8;;87;1841
06.08.2023 08:00:00;06.08.2023 09:00:00;196;122;1579;;11;;78;1986
06.08.2023 09:00:00;06.08.2023 10:00:00;196;142;1826;;10;;90;2264
06.08.2023 10:00:00;06.08.2023 11:00:00;195;145;1967;;9;;120;2436
06.08.2023 11:00:00;06.08.2023 12:00:00;170;144;1863;;9;;116;2302
06.08.2023 12:00:00;06.08.2023 13:00:00;170;145;1881;;9;;66;2271
06.08.2023 13:00:00;06.08.2023 14:00:00;170;145;1594;;10;;63;1982
06.08.2023 14:00:00;06.08.2023 15:00:00;168;146;1340;;11;;54;1719
06.08.2023 15:00:00;06.08.2023 16:00:00;168;143;1193;;37;;47;1588
06.08.2023 16:00:00;06.08.2023 17:00:00;169;148;1240;;37;;42;1636
06.08.2023 17:00:00;06.08.2023 18:00:00;169;145;1342;;37;;30;1723
06.08.2023 18:00:00;06.08.2023 19:00:00;168;139;1294;;37;;24;1662
06.08.2023 19:00:00;06.08.2023 20:00:00;170;137;1331;;37;;20;1695
06.08.2023 20:00:00;06.08.2023 21:00:00;171;112;1333;;37;;25;1678
06.08.2023 21:00:00;06.08.2023 22:00:00;168;109;1294;;37;;42;1650
06.08.2023 22:00:00;06.08.2023 23:00:00;170;109;1219;;37;;62;1597
06.08.2023 23:00:00;07.08.2023 00:00:00;171;107;1205;;37;;56;1576
07.08.2023 00:00:00;07.08.2023 01:00:00;173;106;1027;;37;;69;1412
07.08.2023 01:00:00;07.08.2023 02:00:00;172;109;960;;37;;80;1358
07.08.2023 02:00:00;07.08.2023 03:00:00;171;107;916;;37;;98;1329
07.08.2023 03:00:00;07.08.2023 04:00:00;173;106;821;;37;;95;1232
07.08.2023 04:00:00;07.08.2023 05:00:00;174;102;810;;34;;89;1209
07.08.2023 05:00:00;07.08.2023 06:00:00;173;100;869;;27;;109;1278
07.08.2023 06:00:00;07.08.2023 07:00:00;173;100;890;;24;;120;1307
07.08.2023 07:00:00;07.08.2023 08:00:00;172;104;1130;;22;;137;1565
07.08.2023 08:00:00;07.08.2023 09:00:00;171;127;1084;;11;;112;1505
07.08.2023 09:00:00;07.08.2023 10:00:00;170;124;1057;;5;;89;1445
07.08.2023 10:00:00;07.08.2023 11:00:00;166;134;1121;;6;;100;1527
07.08.2023 11:00:00;07.08.2023 12:00:00;165;134;1078;;8;;204;1589
07.08.2023 12:00:00;07.08.2023 13:00:00;166;123;1225;;0;;303;1817
07.08.2023 13:00:00;07.08.2023 14:00:00;166;116;1163;;0;;334;1779
07.08.2023 14:00:00;07.08.2023 15:00:00;168;113;897;;0;;301;1479
07.08.2023 15:00:00;07.08.2023 16:00:00;171;122;921;;0;;268;1482
07.08.2023 16:00:00;07.08.2023 17:00:00;170;131;922;;0;;224;1447
07.08.2023 17:00:00;07.08.2023 18:00:00;192;134;1047;;0;;191;1564
07.08.2023 18:00:00;07.08.2023 19:00:00;197;154;1416;;0;;255;2022
07.08.2023 19:00:00;07.08.2023 20:00:00;196;160;1375;;0;;292;2023
07.08.2023 20:00:00;07.08.2023 21:00:00;198;167;1245;;0;;410;2020
07.08.2023 21:00:00;07.08.2023 22:00:00;204;169;1087;;0;;374;1834
07.08.2023 22:00:00;07.08.2023 23:00:00;206;152;724;;0;;362;1444
07.08.2023 23:00:00;08.08.2023 00:00:00;206;150;824;;0;;385;1565
08.08.2023 00:00:00;08.08.2023 01:00:00;186;144;984;;12;;380;1706
08.08.2023 01:00:00;08.08.2023 02:00:00;187;147;772;;14;;449;1569
08.08.2023 02:00:00;08.08.2023 03:00:00;185;148;685;;9;;468;1495
08.08.2023 03:00:00;08.08.2023 04:00:00;185;148;686;;9;;344;1372
08.08.2023 04:00:00;08.08.2023 05:00:00;185;151;667;;10;;432;1445
08.08.2023 05:00:00;08.08.2023 06:00:00;185;152;730;;8;;425;1500
08.08.2023 06:00:00;08.08.2023 07:00:00;184;156;881;;8;;515;1744
08.08.2023 07:00:00;08.08.2023 08:00:00;184;156;864;;8;;436;1648
08.08.2023 08:00:00;08.08.2023 09:00:00;185;155;893;;10;;436;1679
08.08.2023 09:00:00;08.08.2023 10:00:00;184;159;913;;9;;502;1767
08.08.2023 10:00:00;08.08.2023 11:00:00;184;160;844;;9;;430;1627
08.08.2023 11:00:00;08.08.2023 12:00:00;185;162;745;;9;;537;1638
08.08.2023 12:00:00;08.08.2023 13:00:00;185;166;715;;10;;546;1622
08.08.2023 13:00:00;08.08.2023 14:00:00;183;165;754;;9;;552;1663
08.08.2023 14:00:00;08.08.2023 15:00:00;185;168;800;;10;;557;1720
08.08.2023 15:00:00;08.08.2023 16:00:00;185;168;835;;9;;519;1716
08.08.2023 16:00:00;08.08.2023 17:00:00;185;170;861;;8;;616;1840
08.08.2023 17:00:00;08.08.2023 18:00:00;184;169;973;;8;;652;1986
08.08.2023 18:00:00;08.08.2023 19:00:00;184;171;958;;9;;615;1937
08.08.2023 19:00:00;08.08.2023 20:00:00;185;169;1005;;9;;608;1976
08.08.2023 20:00:00;08.08.2023 21:00:00;183;174;961;;9;;650;1977
08.08.2023 21:00:00;08.08.2023 22:00:00;183;189;829;;24;;589;1814
08.08.2023 22:00:00;08.08.2023 23:00:00;184;184;789;;23;;603;1783
08.08.2023 23:00:00;09.08.2023 00:00:00;182;164;692;;8;;674;1720
09.08.2023 00:00:00;09.08.2023 01:00:00;201;153;607;;11;;687;1659
09.08.2023 01:00:00;09.08.2023 02:00:00;205;144;590;;12;;695;1646
09.08.2023 02:00:00;09.08.2023 03:00:00;199;146;580;;8;;684;1617
09.08.2023 03:00:00;09.08.2023 04:00:00;199;145;600;;9;;543;1496
09.08.2023 04:00:00;09.08.2023 05:00:00;200;144;608;;9;;478;1439
09.08.2023 05:00:00;09.08.2023 06:00:00;198;147;693;;29;;637;1704
09.08.2023 06:00:00;09.08.2023 07:00:00;200;149;751;;29;;679;1808
09.08.2023 07:00:00;09.08.2023 08:00:00;200;173;923;;32;;719;2047
09.08.2023 08:00:00;09.08.2023 09:00:00;203;218;1601;;36;;751;2809
09.08.2023 09:00:00;09.08.2023 10:00:00;200;230;1749;;31;;647;2857
09.08.2023 10:00:00;09.08.2023 11:00:00;199;236;1450;;26;;660;2571
09.08.2023 11:00:00;09.08.2023 12:00:00;197;228;1025;;18;;723;2191
09.08.2023 12:00:00;09.08.2023 13:00:00;197;170;915;;24;;732;2038
09.08.2023 13:00:00;09.08.2023 14:00:00;198;161;1013;;25;;719;2116
09.08.2023 14:00:00;09.08.2023 15:00:00;195;167;1000;;26;;714;2102
09.08.2023 15:00:00;09.08.2023 16:00:00;196;170;1089;;32;;662;2149
09.08.2023 16:00:00;09.08.2023 17:00:00;194;156;1086;;27;;638;2101
09.08.2023 17:00:00;09.08.2023 18:00:00;197;203;1211;;27;;630;2268
09.08.2023 18:00:00;09.08.2023 19:00:00;196;168;1320;;27;;656;2367
09.08.2023 19:00:00;09.08.2023 20:00:00;196;164;1160;;29;;604;2153
09.08.2023 20:00:00;09.08.2023 21:00:00;197;159;1131;;28;;617;2132
09.08.2023 21:00:00;09.08.2023 22:00:00;198;161;1167;;28;;607;2161
09.08.2023 22:00:00;09.08.2023 23:00:00;200;140;1140;;27;;519;2026
09.08.2023 23:00:00;10.08.2023 00:00:00;195;140;1196;;30;;444;2005
10.08.2023 00:00:00;10.08.2023 01:00:00;198;191;1095;;40;;340;1864
10.08.2023 01:00:00;10.08.2023 02:00:00;204;196;1138;;41;;305;1884
10.08.2023 02:00:00;10.08.2023 03:00:00;196;182;1142;;27;;358;1905
10.08.2023 03:00:00;10.08.2023 04:00:00;198;184;1123;;27;;356;1888
10.08.2023 04:00:00;10.08.2023 05:00:00;197;177;1132;;28;;341;1875
10.08.2023 05:00:00;10.08.2023 06:00:00;198;170;1105;;27;;280;1780
10.08.2023 06:00:00;10.08.2023 07:00:00;195;175;1390;;25;;246;2031
10.08.2023 07:00:00;10.08.2023 08:00:00;196;178;2375;;27;;254;3030
10.08.2023 08:00:00;10.08.2023 09:00:00;196;180;2605;;30;;149;3160
10.08.2023 09:00:00;10.08.2023 10:00:00;196;169;2681;;29;;71;3146
10.08.2023 10:00:00;10.08.2023 11:00:00;196;171;2736;;24;;100;3227
10.08.2023 11:00:00;10.08.2023 12:00:00;197;163;2778;;22;;107;3267
10.08.2023 12:00:00;10.08.2023 13:00:00;198;168;2766;;21;;74;3227
10.08.2023 13:00:00;10.08.2023 14:00:00;200;171;2577;;20;;70;3038
10.08.2023 14:00:00;10.08.2023 15:00:00;195;163;2271;;22;;66;2717
10.08.2023 15:00:00;10.08.2023 16:00:00;197;153;2142;;28;;67;2587
10.08.2023 16:00:00;10.08.2023 17:00:00;200;156;1998;;23;;84;2461
10.08.2023 17:00:00;10.08.2023 18:00:00;199;156;2342;;22;;128;2847
10.08.2023 18:00:00;10.08.2023 19:00:00;200;143;2472;;23;;135;2973
10.08.2023 19:00:00;10.08.2023 20:00:00;202;138;2485;;25;;106;2956
10.08.2023 20:00:00;10.08.2023 21:00:00;202;139;2339;;27;;116;2823
10.08.2023 21:00:00;10.08.2023 22:00:00;196;140;2055;;25;;132;2548
10.08.2023 22:00:00;10.08.2023 23:00:00;193;135;1674;;27;;215;2244
10.08.2023 23:00:00;11.08.2023 00:00:00;197;133;1333;;26;;215;1904
11.08.2023 00:00:00;11.08.2023 01:00:00;207;124;1367;;41;;203;1942
11.08.2023 01:00:00;11.08.2023 02:00:00;207;124;1298;;43;;266;1938
11.08.2023 02:00:00;11.08.2023 03:00:00;198;122;1285;;26;;352;1983
11.08.2023 03:00:00;11.08.2023 04:00:00;199;122;1302;;26;;444;2093
11.08.2023 04:00:00;11.08.2023 05:00:00;199;120;1292;;28;;462;2101
11.08.2023 05:00:00;11.08.2023 06:00:00;199;119;1378;;26;;461;2183
11.08.2023 06:00:00;11.08.2023 07:00:00;199;119;1880;;25;;433;2656
11.08.2023 07:00:00;11.08.2023 08:00:00;201;119;2487;;29;;495;3331
11.08.2023 08:00:00;11.08.2023 09:00:00;201;137;2535;;31;;431;3335
11.08.2023 09:00:00;11.08.2023 10:00:00;199;143;2469;;28;;442;3281
11.08.2023 10:00:00;11.08.2023 11:00:00;197;143;2181;;22;;358;2901
11.08.2023 11:00:00;11.08.2023 12:00:00;199;141;2182;;16;;315;2853
11.08.2023 12:00:00;11.08.2023 13:00:00;198;141;2138;;24;;291;2792
11.08.2023 13:00:00;11.08.2023 14:00:00;201;144;1696;;26;;310;2377
11.08.2023 14:00:00;11.08.2023 15:00:00;198;144;1671;;22;;303;2338
11.08.2023 15:00:00;11.08.2023 16:00:00;200;144;1685;;26;;262;2317
11.08.2023 16:00:00;11.08.2023 17:00:00;199;144;1983;;23;;258;2607
11.08.2023 17:00:00;11.08.2023 18:00:00;200;142;2261;;20;;307;2930
11.08.2023 18:00:00;11.08.2023 19:00:00;199;143;2643;;21;;333;3339
11.08.2023 19:00:00;11.08.2023 20:00:00;201;142;2533;;24;;278;3178
11.08.2023 20:00:00;11.08.2023 21:00:00;200;141;2439;;23;;262;3065
11.08.2023 21:00:00;11.08.2023 22:00:00;201;141;2038;;22;;323;2725
11.08.2023 22:00:00;11.08.2023 23:00:00;201;141;1727;;23;;336;2428
11.08.2023 23:00:00;12.08.2023 00:00:00;202;141;1520;;25;;262;2150
12.08.2023 00:00:00;12.08.2023 01:00:00;203;129;1133;;24;;268;1757
12.08.2023 01:00:00;12.08.2023 02:00:00;201;127;1047;;27;;281;1683
12.08.2023 02:00:00;12.08.2023 03:00:00;199;128;988;;27;;346;1688
12.08.2023 03:00:00;12.08.2023 04:00:00;200;130;972;;20;;362;1684
12.08.2023 04:00:00;12.08.2023 05:00:00;207;131;975;;14;;302;1629
12.08.2023 05:00:00;12.08.2023 06:00:00;209;127;1048;;27;;310;1721
12.08.2023 06:00:00;12.08.2023 07:00:00;203;128;982;;22;;323;1658
12.08.2023 07:00:00;12.08.2023 08:00:00;201;124;1136;;21;;315;1797
12.08.2023 08:00:00;12.08.2023 09:00:00;204;124;1239;;9;;330;1906
12.08.2023 09:00:00;12.08.2023 10:00:00;205;124;1354;;9;;229;1921
12.08.2023 10:00:00;12.08.2023 11:00:00;204;124;1359;;8;;150;1845
12.08.2023 11:00:00;12.08.2023 12:00:00;202;124;1318;;8;;115;1767
12.08.2023 12:00:00;12.08.2023 13:00:00;200;124;1325;;7;;67;1723
12.08.2023 13:00:00;12.08.2023 14:00:00;203;124;1351;;8;;57;1743
12.08.2023 14:00:00;12.08.2023 15:00:00;205;123;1277;;9;;68;1682
12.08.2023 15:00:00;12.08.2023 16:00:00;204;125;1395;;9;;32;1765
12.08.2023 16:00:00;12.08.2023 17:00:00;205;125;1642;;9;;37;2018
12.08.2023 17:00:00;12.08.2023 18:00:00;204;124;1947;;8;;65;2348
12.08.2023 18:00:00;12.08.2023 19:00:00;203;125;2166;;9;;106;2609
12.08.2023 19:00:00;12.08.2023 20:00:00;201;126;2185;;8;;110;2630
12.08.2023 20:00:00;12.08.2023 21:00:00;201;127;1513;;7;;120;1968
12.08.2023 21:00:00;12.08.2023 22:00:00;206;126;1403;;9;;116;1860
12.08.2023 22:00:00;12.08.2023 23:00:00;207;129;1342;;10;;136;1824
12.08.2023 23:00:00;13.08.2023 00:00:00;206;135;1125;;10;;131;1607
13.08.2023 00:00:00;13.08.2023 01:00:00;206;136;1035;;10;;133;1520
13.08.2023 01:00:00;13.08.2023 02:00:00;208;132;1195;;9;;111;1655
13.08.2023 02:00:00;13.08.2023 03:00:00;206;131;1234;;9;;86;1666
13.08.2023 03:00:00;13.08.2023 04:00:00;205;132;1226;;9;;77;1649
13.08.2023 04:00:00;13.08.2023 05:00:00;204;132;1187;;9;;69;1601
13.08.2023 05:00:00;13.08.2023 06:00:00;206;131;1357;;9;;74;1777
13.08.2023 06:00:00;13.08.2023 07:00:00;206;132;1429;;9;;59;1835
13.08.2023 07:00:00;13.08.2023 08:00:00;208;133;1491;;9;;53;1894
13.08.2023 08:00:00;13.08.2023 09:00:00;207;131;1719;;9;;41;2107
13.08.2023 09:00:00;13.08.2023 10:00:00;209;131;1704;;10;;34;2088
13.08.2023 10:00:00;13.08.2023 11:00:00;208;130;1697;;10;;38;2083
13.08.2023 11:00:00;13.08.2023 12:00:00;208;129;1497;;10;;39;1883
13.08.2023 12:00:00;13.08.2023 13:00:00;203;127;1325;;9;;35;1699
13.08.2023 13:00:00;13.08.2023 14:00:00;205;127;1265;;10;;27;1634
13.08.2023 14:00:00;13.08.2023 15:00:00;204;128;1198;;9;;21;1560
13.08.2023 15:00:00;13.08.2023 16:00:00;203;130;1300;;9;;36;1678
13.08.2023 16:00:00;13.08.2023 17:00:00;203;129;1899;;9;;60;2300
13.08.2023 17:00:00;13.08.2023 18:00:00;202;130;2749;;8;;70;3159
13.08.2023 18:00:00;13.08.2023 19:00:00;199;131;2806;;9;;70;3215
13.08.2023 19:00:00;13.08.2023 20:00:00;201;133;2792;;9;;94;3229
13.08.2023 20:00:00;13.08.2023 21:00:00;204;131;2747;;10;;123;3215
13.08.2023 21:00:00;13.08.2023 22:00:00;202;130;2470;;8;;148;2958
13.08.2023 22:00:00;13.08.2023 23:00:00;203;130;1877;;9;;150;2369
13.08.2023 23:00:00;14.08.2023 00:00:00;203;134;1652;;10;;197;2196
14.08.2023 00:00:00;14.08.2023 01:00:00;208;113;1587;;9;;188;2105
14.08.2023 01:00:00;14.08.2023 02:00:00;209;112;1492;;9;;181;2003
14.08.2023 02:00:00;14.08.2023 03:00:00;211;111;1544;;10;;187;2063
14.08.2023 03:00:00;14.08.2023 04:00:00;208;110;1481;;9;;140;1948
14.08.2023 04:00:00;14.08.2023 05:00:00;208;106;1599;;10;;131;2054
14.08.2023 05:00:00;14.08.2023 06:00:00;206;104;1766;;9;;92;2177
14.08.2023 06:00:00;14.08.2023 07:00:00;204;106;2399;;9;;97;2815
14.08.2023 07:00:00;14.08.2023 08:00:00;205;124;2534;;10;;81;2954
14.08.2023 08:00:00;14.08.2023 09:00:00;182;126;2549;;1;;84;2942
14.08.2023 09:00:00;14.08.2023 10:00:00;178;121;2569;;0;;108;2976
14.08.2023 10:00:00;14.08.2023 11:00:00;170;122;2552;;1;;100;2945
14.08.2023 11:00:00;14.08.2023 12:00:00;167;124;2581;;5;;83;2960
14.08.2023 12:00:00;14.08.2023 13:00:00;171;124;2561;;0;;102;2958
14.08.2023 13:00:00;14.08.2023 14:00:00;171;124;2538;;0;;106;2939
14.08.2023 14:00:00;14.08.2023 15:00:00;170;123;2560;;0;;73;2926
14.08.2023 15:00:00;14.08.2023 16:00:00;169;116;2581;;0;;69;2935
14.08.2023 16:00:00;14.08.2023 17:00:00;169;118;2580;;0;;87;2954
14.08.2023 17:00:00;14.08.2023 18:00:00;170;117;2598;;0;;96;2981
14.08.2023 18:00:00;14.08.2023 19:00:00;173;124;2643;;0;;82;3022
14.08.2023 19:00:00;14.08.2023 20:00:00;174;124;2563;;0;;74;2935
14.08.2023 20:00:00;14.08.2023 21:00:00;174;126;2561;;0;;40;2901
14.08.2023 21:00:00;14.08.2023 22:00:00;176;124;2614;;0;;45;2959
14.08.2023 22:00:00;14.08.2023 23:00:00;176;127;2292;;0;;78;2673
14.08.2023 23:00:00;15.08.2023 00:00:00;176;130;1935;;21;;91;2353
15.08.2023 00:00:00;15.08.2023 01:00:00;180;114;1722;;45;;81;2142
15.08.2023 01:00:00;15.08.2023 02:00:00;179;119;1565;;46;;76;1985
15.08.2023 02:00:00;15.08.2023 03:00:00;172;113;1538;;30;;104;1957
15.08.2023 03:00:00;15.08.2023 04:00:00;171;111;1534;;30;;108;1954
15.08.2023 04:00:00;15.08.2023 05:00:00;171;110;1607;;31;;105;2024
15.08.2023 05:00:00;15.08.2023 06:00:00;170;110;2040;;26;;140;2486
15.08.2023 06:00:00;15.08.2023 07:00:00;168;108;2500;;25;;142;2943
15.08.2023 07:00:00;15.08.2023 08:00:00;168;107;2531;;26;;179;3011
15.08.2023 08:00:00;15.08.2023 09:00:00;171;128;2466;;28;;152;2945
15.08.2023 09:00:00;15.08.2023 10:00:00;169;129;2411;;24;;168;2901
15.08.2023 10:00:00;15.08.2023 11:00:00;169;133;2430;;17;;135;2884
15.08.2023 11:00:00;15.08.2023 12:00:00;174;133;2567;;11;;104;2989
15.08.2023 12:00:00;15.08.2023 13:00:00;171;131;2562;;20;;64;2948
15.08.2023 13:00:00;15.08.2023 14:00:00;169;132;2606;;19;;68;2994
15.08.2023 14:00:00;15.08.2023 15:00:00;166;132;2666;;23;;65;3052
15.08.2023 15:00:00;15.08.2023 16:00:00;165;134;2654;;34;;53;3040
15.08.2023 16:00:00;15.08.2023 17:00:00;166;134;2613;;28;;52;2993
15.08.2023 17:00:00;15.08.2023 18:00:00;168;134;2741;;27;;56;3126
15.08.2023 18:00:00;15.08.2023 19:00:00;167;134;2719;;27;;55;3102
15.08.2023 19:00:00;15.08.2023 20:00:00;170;136;2680;;28;;60;3074
15.08.2023 20:00:00;15.08.2023 21:00:00;172;133;2708;;34;;62;3109
15.08.2023 21:00:00;15.08.2023 22:00:00;174;130;2630;;32;;83;3049
15.08.2023 22:00:00;15.08.2023 23:00:00;172;110;2260;;33;;78;2653
15.08.2023 23:00:00;16.08.2023 00:00:00;172;113;1935;;33;;59;2312
16.08.2023 00:00:00;16.08.2023 01:00:00;175;112;1426;;42;;61;1816
16.08.2023 01:00:00;16.08.2023 02:00:00;175;110;1304;;42;;59;1690
16.08.2023 02:00:00;16.08.2023 03:00:00;168;108;1205;;28;;64;1573
16.08.2023 03:00:00;16.08.2023 04:00:00;171;107;1205;;30;;63;1576
16.08.2023 04:00:00;16.08.2023 05:00:00;170;106;1214;;31;;59;1580
16.08.2023 05:00:00;16.08.2023 06:00:00;171;105;1292;;28;;55;1651
16.08.2023 06:00:00;16.08.2023 07:00:00;170;103;1538;;24;;61;1896
16.08.2023 07:00:00;16.08.2023 08:00:00;172;105;1987;;26;;82;2372
16.08.2023 08:00:00;16.08.2023 09:00:00;170;114;2373;;28;;95;2780
16.08.2023 09:00:00;16.08.2023 10:00:00;170;117;2615;;26;;109;3037
16.08.2023 10:00:00;16.08.2023 11:00:00;173;121;2653;;18;;108;3073
16.08.2023 11:00:00;16.08.2023 12:00:00;173;122;2651;;20;;110;3076
16.08.2023 12:00:00;16.08.2023 13:00:00;174;119;2592;;10;;127;3022
16.08.2023 13:00:00;16.08.2023 14:00:00;174;121;2526;;22;;153;2996
16.08.2023 14:00:00;16.08.2023 15:00:00;173;128;2542;;19;;152;3014
16.08.2023 15:00:00;16.08.2023 16:00:00;174;130;2400;;9;;191;2904
16.08.2023 16:00:00;16.08.2023 17:00:00;174;131;2342;;9;;243;2899
16.08.2023 17:00:00;16.08.2023 18:00:00;174;132;2349;;9;;282;2946
16.08.2023 18:00:00;16.08.2023 19:00:00;174;132;2396;;9;;276;2987
16.08.2023 19:00:00;16.08.2023 20:00:00;175;131;2257;;8;;290;2861
16.08.2023 20:00:00;16.08.2023 21:00:00;175;132;2224;;9;;287;2827
16.08.2023 21:00:00;16.08.2023 22:00:00;175;132;1740;;10;;335;2392
16.08.2023 22:00:00;16.08.2023 23:00:00;175;135;1097;;10;;327;1744
16.08.2023 23:00:00;17.08.2023 00:00:00;176;135;1018;;9;;322;1660
17.08.2023 00:00:00;17.08.2023 01:00:00;176;129;1059;;13;;300;1677
17.08.2023 01:00:00;17.08.2023 02:00:00;176;128;1006;;12;;319;1641
17.08.2023 02:00:00;17.08.2023 03:00:00;176;127;988;;7;;333;1631
17.08.2023 03:00:00;17.08.2023 04:00:00;176;126;977;;8;;326;1613
17.08.2023 04:00:00;17.08.2023 05:00:00;176;125;930;;8;;311;1550
17.08.2023 05:00:00;17.08.2023 06:00:00;176;126;987;;8;;253;1550
17.08.2023 06:00:00;17.08.2023 07:00:00;177;121;1060;;9;;223;1590
17.08.2023 07:00:00;17.08.2023 08:00:00;178;125;1582;;9;;208;2102
17.08.2023 08:00:00;17.08.2023 09:00:00;178;119;2145;;9;;173;2624
17.08.2023 09:00:00;17.08.2023 10:00:00;178;120;2567;;21;;146;3032
17.08.2023 10:00:00;17.08.2023 11:00:00;178;118;2612;;24;;121;3053
17.08.2023 11:00:00;17.08.2023 12:00:00;178;113;2518;;14;;125;2948
17.08.2023 12:00:00;17.08.2023 13:00:00;178;116;2418;;24;;124;2860
17.08.2023 13:00:00;17.08.2023 14:00:00;178;121;2422;;28;;106;2855
17.08.2023 14:00:00;17.08.2023 15:00:00;178;133;2430;;10;;100;2851
17.08.2023 15:00:00;17.08.2023 16:00:00;178;131;2481;;29;;99;2918
17.08.2023 16:00:00;17.08.2023 17:00:00;179;129;2542;;21;;98;2969
17.08.2023 17:00:00;17.08.2023 18:00:00;180;127;2687;;20;;103;3117
17.08.2023 18:00:00;17.08.2023 19:00:00;179;129;2862;;22;;108;3300
17.08.2023 19:00:00;17.08.2023 20:00:00;178;130;2731;;30;;103;3172
17.08.2023 20:00:00;17.08.2023 21:00:00;178;126;2577;;26;;111;3018
17.08.2023 21:00:00;17.08.2023 22:00:00;178;124;2695;;29;;121;3147
17.08.2023 22:00:00;17.08.2023 23:00:00;178;120;2615;;28;;127;3068
17.08.2023 23:00:00;18.08.2023 00:00:00;177;116;2503;;33;;132;2961
18.08.2023 00:00:00;18.08.2023 01:00:00;177;118;2254;;47;;128;2724
18.08.2023 01:00:00;18.08.2023 02:00:00;177;117;2167;;47;;138;2646
18.08.2023 02:00:00;18.08.2023 03:00:00;177;108;2159;;30;;163;2637
18.08.2023 03:00:00;18.08.2023 04:00:00;177;104;2157;;32;;166;2636
18.08.2023 04:00:00;18.08.2023 05:00:00;179;101;2106;;34;;167;2587
18.08.2023 05:00:00;18.08.2023 06:00:00;178;100;2110;;30;;192;2610
18.08.2023 06:00:00;18.08.2023 07:00:00;177;96;2430;;30;;179;2912
18.08.2023 07:00:00;18.08.2023 08:00:00;177;100;2732;;33;;210;3252
18.08.2023 08:00:00;18.08.2023 09:00:00;177;102;2832;;39;;265;3415
18.08.2023 09:00:00;18.08.2023 10:00:00;177;104;2677;;31;;282;3271
18.08.2023 10:00:00;18.08.2023 11:00:00;177;103;2680;;29;;244;3233
18.08.2023 11:00:00;18.08.2023 12:00:00;177;101;2737;;17;;183;3215
18.08.2023 12:00:00;18.08.2023 13:00:00;177;100;2737;;18;;166;3198
18.08.2023 13:00:00;18.08.2023 14:00:00;177;101;2582;;19;;148;3027
18.08.2023 14:00:00;18.08.2023 15:00:00;177;101;2595;;22;;153;3048
18.08.2023 15:00:00;18.08.2023 16:00:00;177;100;2604;;31;;169;3081
18.08.2023 16:00:00;18.08.2023 17:00:00;177;102;2660;;33;;175;3147
18.08.2023 17:00:00;18.08.2023 18:00:00;177;99;2616;;30;;172;3094
18.08.2023 18:00:00;18.08.2023 19:00:00;177;99;2443;;32;;155;2906
18.08.2023 19:00:00;18.08.2023 20:00:00;177;98;2079;;27;;140;2521
18.08.2023 20:00:00;18.08.2023 21:00:00;177;99;1738;;23;;142;2179
18.08.2023 21:00:00;18.08.2023 22:00:00;177;96;1668;;8;;145;2094
18.08.2023 22:00:00;18.08.2023 23:00:00;177;96;1505;;8;;143;1929
18.08.2023 23:00:00;19.08.2023 00:00:00;177;97;1365;;8;;146;1793
19.08.2023 00:00:00;19.08.2023 01:00:00;177;93;1431;;9;;154;1864
19.08.2023 01:00:00;19.08.2023 02:00:00;177;94;1325;;33;;153;1782
19.08.2023 02:00:00;19.08.2023 03:00:00;177;94;1306;;33;;149;1759
19.08.2023 03:00:00;19.08.2023 04:00:00;177;93;1293;;28;;151;1742
19.08.2023 04:00:00;19.08.2023 05:00:00;177;93;1293;;20;;149;1732
19.08.2023 05:00:00;19.08.2023 06:00:00;177;92;1330;;36;;145;1780
19.08.2023 06:00:00;19.08.2023 07:00:00;177;93;1338;;31;;130;1769
19.08.2023 07:00:00;19.08.2023 08:00:00;177;114;1394;;32;;124;1841
19.08.2023 08:00:00;19.08.2023 09:00:00;177;115;1577;;31;;125;2025
19.08.2023 09:00:00;19.08.2023 10:00:00;177;115;1741;;34;;137;2204
19.08.2023 10:00:00;19.08.2023 11:00:00;177;114;1742;;34;;143;2210
19.08.2023 11:00:00;19.08.2023 12:00:00;177;115;1703;;26;;134;2155
19.08.2023 12:00:00;19.08.2023 13:00:00;177;113;1530;;17;;137;1974
19.08.2023 13:00:00;19.08.2023 14:00:00;177;113;1243;;22;;129;1684
19.08.2023 14:00:00;19.08.2023 15:00:00;177;112;1313;;25;;124;1751
19.08.2023 15:00:00;19.08.2023 16:00:00;177;111;1745;;29;;131;2193
19.08.2023 16:00:00;19.08.2023 17:00:00;177;111;1811;;27;;129;2255
19.08.2023 17:00:00;19.08.2023 18:00:00;177;111;1915;;25;;129;2357
19.08.2023 18:00:00;19.08.2023 19:00:00;177;110;1826;;25;;134;2272
19.08.2023 19:00:00;19.08.2023 20:00:00;177;109;1649;;22;;144;2101
19.08.2023 20:00:00;19.08.2023 21:00:00;177;108;1606;;22;;164;2077
19.08.2023 21:00:00;19.08.2023 22:00:00;177;109;1479;;24;;196;1985
19.08.2023 22:00:00;19.08.2023 23:00:00;177;108;1336;;26;;243;1890
19.08.2023 23:00:00;20.08.2023 00:00:00;177;107;1312;;17;;307;1920
20.08.2023 00:00:00;20.08.2023 01:00:00;177;104;1158;;19;;359;1817
20.08.2023 01:00:00;20.08.2023 02:00:00;177;106;1098;;19;;385;1785
20.08.2023 02:00:00;20.08.2023 03:00:00;177;106;1112;;19;;399;1813
20.08.2023 03:00:00;20.08.2023 04:00:00;177;105;1135;;20;;413;1850
20.08.2023 04:00:00;20.08.2023 05:00:00;177;104;1125;;34;;419;1859
20.08.2023 05:00:00;20.08.2023 06:00:00;177;105;1214;;50;;444;1990
20.08.2023 06:00:00;20.08.2023 07:00:00;177;105;1228;;31;;431;1972
20.08.2023 07:00:00;20.08.2023 08:00:00;177;108;1315;;31;;430;2061
20.08.2023 08:00:00;20.08.2023 09:00:00;177;108;1614;;22;;422;2343
20.08.2023 09:00:00;20.08.2023 10:00:00;177;108;1782;;17;;379;2463
20.08.2023 10:00:00;20.08.2023 11:00:00;177;107;1907;;27;;346;2564
20.08.2023 11:00:00;20.08.2023 12:00:00;177;108;2097;;25;;312;2719
20.08.2023 12:00:00;20.08.2023 13:00:00;177;108;1803;;28;;310;2426
20.08.2023 13:00:00;20.08.2023 14:00:00;177;108;1264;;31;;318;1898
20.08.2023 14:00:00;20.08.2023 15:00:00;177;109;1313;;30;;255;1884
20.08.2023 15:00:00;20.08.2023 16:00:00;177;109;2017;;30;;239;2572
20.08.2023 16:00:00;20.08.2023 17:00:00;177;109;2375;;29;;236;2926
20.08.2023 17:00:00;20.08.2023 18:00:00;177;109;2577;;22;;191;3076
20.08.2023 18:00:00;20.08.2023 19:00:00;177;110;2415;;28;;212;2942
20.08.2023 19:00:00;20.08.2023 20:00:00;177;107;2328;;25;;226;2863
20.08.2023 20:00:00;20.08.2023 21:00:00;177;106;2305;;27;;194;2809
20.08.2023 21:00:00;20.08.2023 22:00:00;177;106;2203;;28;;194;2708
20.08.2023 22:00:00;20.08.2023 23:00:00;177;88;1835;;27;;220;2347
20.08.2023 23:00:00;21.08.2023 00:00:00;177;85;1571;;27;;217;2077
21.08.2023 00:00:00;21.08.2023 01:00:00;174;86;1617;;38;;194;2109
21.08.2023 01:00:00;21.08.2023 02:00:00;174;86;1710;;31;;172;2173
21.08.2023 02:00:00;21.08.2023 03:00:00;174;88;1849;;33;;168;2312
21.08.2023 03:00:00;21.08.2023 04:00:00;174;91;1856;;33;;136;2290
21.08.2023 04:00:00;21.08.2023 05:00:00;174;90;1775;;32;;140;2211
21.08.2023 05:00:00;21.08.2023 06:00:00;174;91;1892;;45;;145;2347
21.08.2023 06:00:00;21.08.2023 07:00:00;174;93;2450;;40;;121;2878
21.08.2023 07:00:00;21.08.2023 08:00:00;174;123;2716;;34;;79;3126
21.08.2023 08:00:00;21.08.2023 09:00:00;174;122;2689;;30;;59;3074
21.08.2023 09:00:00;21.08.2023 10:00:00;174;115;2465;;25;;51;2830
21.08.2023 10:00:00;21.08.2023 11:00:00;174;117;2387;;22;;35;2735
21.08.2023 11:00:00;21.08.2023 12:00:00;174;117;2335;;28;;30;2684
21.08.2023 12:00:00;21.08.2023 13:00:00;174;114;2507;;21;;26;2842
21.08.2023 13:00:00;21.08.2023 14:00:00;174;114;2480;;26;;30;2824
21.08.2023 14:00:00;21.08.2023 15:00:00;174;126;2415;;28;;63;2806
21.08.2023 15:00:00;21.08.2023 16:00:00;174;127;2363;;30;;88;2782
21.08.2023 16:00:00;21.08.2023 17:00:00;174;126;2374;;22;;90;2786
21.08.2023 17:00:00;21.08.2023 18:00:00;174;126;2342;;24;;97;2763
21.08.2023 18:00:00;21.08.2023 19:00:00;174;107;2332;;22;;100;2735
21.08.2023 19:00:00;21.08.2023 20:00:00;174;108;2345;;23;;114;2764
21.08.2023 20:00:00;21.08.2023 21:00:00;174;111;2310;;26;;112;2733
21.08.2023 21:00:00;21.08.2023 22:00:00;174;111;2276;;29;;86;2676
21.08.2023 22:00:00;21.08.2023 23:00:00;174;109;2117;;30;;59;2489
21.08.2023 23:00:00;22.08.2023 00:00:00;174;109;1976;;22;;76;2357
22.08.2023 00:00:00;22.08.2023 01:00:00;174;113;1766;;46;;68;2167
22.08.2023 01:00:00;22.08.2023 02:00:00;174;117;1612;;50;;57;2010
22.08.2023 02:00:00;22.08.2023 03:00:00;174;118;1552;;35;;58;1937
22.08.2023 03:00:00;22.08.2023 04:00:00;174;121;1535;;36;;61;1927
22.08.2023 04:00:00;22.08.2023 05:00:00;174;121;1592;;36;;59;1982
22.08.2023 05:00:00;22.08.2023 06:00:00;174;121;1819;;32;;40;2186
22.08.2023 06:00:00;22.08.2023 07:00:00;174;119;2036;;35;;50;2414
22.08.2023 07:00:00;22.08.2023 08:00:00;174;118;2183;;34;;43;2552
22.08.2023 08:00:00;22.08.2023 09:00:00;174;136;2459;;37;;38;2844
22.08.2023 09:00:00;22.08.2023 10:00:00;174;136;2339;;30;;37;2716
22.08.2023 10:00:00;22.08.2023 11:00:00;175;137;2439;;24;;30;2805
22.08.2023 11:00:00;22.08.2023 12:00:00;177;136;2433;;17;;27;2790
22.08.2023 12:00:00;22.08.2023 13:00:00;177;138;2451;;25;;30;2821
22.08.2023 13:00:00;22.08.2023 14:00:00;177;139;2477;;24;;20;2837
22.08.2023 14:00:00;22.08.2023 15:00:00;177;141;2362;;24;;19;2723
22.08.2023 15:00:00;22.08.2023 16:00:00;177;141;2412;;32;;27;2789
22.08.2023 16:00:00;22.08.2023 17:00:00;177;134;2422;;25;;22;2780
22.08.2023 17:00:00;22.08.2023 18:00:00;177;135;2404;;26;;23;2765
22.08.2023 18:00:00;22.08.2023 19:00:00;177;138;2344;;28;;22;2709
22.08.2023 19:00:00;22.08.2023 20:00:00;177;119;2355;;29;;20;2700
22.08.2023 20:00:00;22.08.2023 21:00:00;177;118;2302;;32;;16;2645
22.08.2023 21:00:00;22.08.2023 22:00:00;177;118;2294;;29;;6;2624
22.08.2023 22:00:00;22.08.2023 23:00:00;177;116;2214;;31;;4;2542
22.08.2023 23:00:00;23.08.2023 00:00:00;177;116;1905;;30;;3;2231
23.08.2023 00:00:00;23.08.2023 01:00:00;177;116;1760;;49;;4;2106
23.08.2023 01:00:00;23.08.2023 02:00:00;177;113;1850;;44;;2;2186
23.08.2023 02:00:00;23.08.2023 03:00:00;177;111;1848;;23;;3;2162
23.08.2023 03:00:00;23.08.2023 04:00:00;177;109;1852;;24;;3;2165
23.08.2023 04:00:00;23.08.2023 05:00:00;177;108;1860;;29;;4;2178
23.08.2023 05:00:00;23.08.2023 06:00:00;177;108;1963;;27;;4;2279
23.08.2023 06:00:00;23.08.2023 07:00:00;177;109;2045;;27;;4;2362
23.08.2023 07:00:00;23.08.2023 08:00:00;177;108;2103;;29;;4;2421
23.08.2023 08:00:00;23.08.2023 09:00:00;177;129;2160;;33;;4;2503
23.08.2023 09:00:00;23.08.2023 10:00:00;177;130;2114;;30;;5;2456
23.08.2023 10:00:00;23.08.2023 11:00:00;177;129;2187;;27;;7;2527
23.08.2023 11:00:00;23.08.2023 12:00:00;177;128;2184;;18;;13;2520
23.08.2023 12:00:00;23.08.2023 13:00:00;177;125;2148;;25;;12;2487
23.08.2023 13:00:00;23.08.2023 14:00:00;177;124;2113;;23;;18;2455
23.08.2023 14:00:00;23.08.2023 15:00:00;177;124;2181;;27;;24;2533
23.08.2023 15:00:00;23.08.2023 16:00:00;177;125;2159;;36;;24;2521
23.08.2023 16:00:00;23.08.2023 17:00:00;177;104;2184;;29;;13;2507
23.08.2023 17:00:00;23.08.2023 18:00:00;177;103;2082;;27;;19;2408
23.08.2023 18:00:00;23.08.2023 19:00:00;177;104;2103;;29;;26;2439
23.08.2023 19:00:00;23.08.2023 20:00:00;177;103;2485;;32;;21;2818
23.08.2023 20:00:00;23.08.2023 21:00:00;177;103;2474;;30;;19;2803
23.08.2023 21:00:00;23.08.2023 22:00:00;177;105;2461;;30;;18;2791
23.08.2023 22:00:00;23.08.2023 23:00:00;177;108;2346;;30;;19;2680
23.08.2023 23:00:00;24.08.2023 00:00:00;177;109;2106;;33;;16;2441
24.08.2023 00:00:00;24.08.2023 01:00:00;177;111;1906;;45;;11;2250
24.08.2023 01:00:00;24.08.2023 02:00:00;177;109;1802;;50;;9;2147
24.08.2023 02:00:00;24.08.2023 03:00:00;177;108;1743;;32;;11;2071
24.08.2023 03:00:00;24.08.2023 04:00:00;177;107;1753;;31;;9;2077
24.08.2023 04:00:00;24.08.2023 05:00:00;177;106;1779;;32;;8;2102
24.08.2023 05:00:00;24.08.2023 06:00:00;177;106;1863;;31;;9;2186
24.08.2023 06:00:00;24.08.2023 07:00:00;177;107;2235;;30;;11;2560
24.08.2023 07:00:00;24.08.2023 08:00:00;177;108;2349;;36;;19;2689
24.08.2023 08:00:00;24.08.2023 09:00:00;177;120;2441;;38;;25;2801
24.08.2023 09:00:00;24.08.2023 10:00:00;177;120;2394;;35;;20;2746
24.08.2023 10:00:00;24.08.2023 11:00:00;177;123;2363;;29;;13;2705
24.08.2023 11:00:00;24.08.2023 12:00:00;177;121;2328;;23;;11;2660
24.08.2023 12:00:00;24.08.2023 13:00:00;177;122;2342;;32;;12;2685
24.08.2023 13:00:00;24.08.2023 14:00:00;177;122;2352;;33;;12;2696
24.08.2023 14:00:00;24.08.2023 15:00:00;177;125;2397;;23;;13;2735
24.08.2023 15:00:00;24.08.2023 16:00:00;177;126;2498;;34;;14;2849
24.08.2023 16:00:00;24.08.2023 17:00:00;177;126;2710;;30;;14;3057
24.08.2023 17:00:00;24.08.2023 18:00:00;177;127;2704;;30;;15;3053
24.08.2023 18:00:00;24.08.2023 19:00:00;177;127;2577;;30;;14;2925
24.08.2023 19:00:00;24.08.2023 20:00:00;177;106;2578;;31;;16;2908
24.08.2023 20:00:00;24.08.2023 21:00:00;177;108;2596;;30;;18;2929
24.08.2023 21:00:00;24.08.2023 22:00:00;177;108;2568;;26;;21;2900
24.08.2023 22:00:00;24.08.2023 23:00:00;177;108;2560;;26;;24;2895
24.08.2023 23:00:00;25.08.2023 00:00:00;177;108;2484;;32;;19;2820
25.08.2023 00:00:00;25.08.2023 01:00:00;177;107;2244;;35;;15;2578
25.08.2023 01:00:00;25.08.2023 02:00:00;177;106;2157;;43;;13;2496
25.08.2023 02:00:00;25.08.2023 03:00:00;177;104;2002;;27;;21;2331
25.08.2023 03:00:00;25.08.2023 04:00:00;177;102;1984;;34;;20;2317
25.08.2023 04:00:00;25.08.2023 05:00:00;177;100;1952;;33;;21;2283
25.08.2023 05:00:00;25.08.2023 06:00:00;177;100;1992;;30;;22;2321
25.08.2023 06:00:00;25.08.2023 07:00:00;177;100;2167;;27;;28;2499
25.08.2023 07:00:00;25.08.2023 08:00:00;177;125;2358;;28;;46;2734
25.08.2023 08:00:00;25.08.2023 09:00:00;177;118;2515;;24;;62;2896
25.08.2023 09:00:00;25.08.2023 10:00:00;177;113;2572;;22;;70;2954
25.08.2023 10:00:00;25.08.2023 11:00:00;177;116;2510;;18;;76;2897
25.08.2023 11:00:00;25.08.2023 12:00:00;177;120;2654;;10;;68;3029
25.08.2023 12:00:00;25.08.2023 13:00:00;177;120;2762;;17;;48;3124
25.08.2023 13:00:00;25.08.2023 14:00:00;177;118;2679;;16;;25;3015
25.08.2023 14:00:00;25.08.2023 15:00:00;191;119;2665;;16;;25;3016
25.08.2023 15:00:00;25.08.2023 16:00:00;198;126;2528;;23;;21;2896
25.08.2023 16:00:00;25.08.2023 17:00:00;198;129;2580;;18;;21;2946
25.08.2023 17:00:00;25.08.2023 18:00:00;197;127;2573;;16;;27;2940
25.08.2023 18:00:00;25.08.2023 19:00:00;198;129;2495;;18;;42;2882
25.08.2023 19:00:00;25.08.2023 20:00:00;198;128;2467;;19;;75;2887
25.08.2023 20:00:00;25.08.2023 21:00:00;198;127;2409;;20;;173;2927
25.08.2023 21:00:00;25.08.2023 22:00:00;199;124;2352;;16;;200;2891
25.08.2023 22:00:00;25.08.2023 23:00:00;198;123;2370;;20;;184;2895
25.08.2023 23:00:00;26.08.2023 00:00:00;199;126;2309;;23;;186;2843
26.08.2023 00:00:00;26.08.2023 01:00:00;201;103;2300;;22;;178;2804
26.08.2023 01:00:00;26.08.2023 02:00:00;201;103;2184;;26;;215;2729
26.08.2023 02:00:00;26.08.2023 03:00:00;200;98;1894;;29;;204;2425
26.08.2023 03:00:00;26.08.2023 04:00:00;199;97;1864;;21;;192;2373
26.08.2023 04:00:00;26.08.2023 05:00:00;199;96;1853;;13;;191;2352
26.08.2023 05:00:00;26.08.2023 06:00:00;198;95;1730;;28;;202;2253
26.08.2023 06:00:00;26.08.2023 07:00:00;198;96;1697;;24;;204;2219
26.08.2023 07:00:00;26.08.2023 08:00:00;198;99;1865;;28;;207;2397
26.08.2023 08:00:00;26.08.2023 09:00:00;197;124;2031;;32;;183;2567
26.08.2023 09:00:00;26.08.2023 10:00:00;197;124;2221;;34;;188;2764
26.08.2023 10:00:00;26.08.2023 11:00:00;197;124;2205;;33;;180;2739
26.08.2023 11:00:00;26.08.2023 12:00:00;198;123;2149;;27;;203;2700
26.08.2023 12:00:00;26.08.2023 13:00:00;198;122;1879;;23;;207;2429
26.08.2023 13:00:00;26.08.2023 14:00:00;199;122;1870;;27;;180;2398
26.08.2023 14:00:00;26.08.2023 15:00:00;198;121;1929;;31;;211;2490
26.08.2023 15:00:00;26.08.2023 16:00:00;198;121;1920;;24;;239;2502
26.08.2023 16:00:00;26.08.2023 17:00:00;198;122;1963;;31;;223;2537
26.08.2023 17:00:00;26.08.2023 18:00:00;197;121;1985;;35;;223;2561
26.08.2023 18:00:00;26.08.2023 19:00:00;197;121;1725;;36;;220;2299
26.08.2023 19:00:00;26.08.2023 20:00:00;197;120;1618;;29;;176;2140
26.08.2023 20:00:00;26.08.2023 21:00:00;197;117;1579;;32;;148;2073
26.08.2023 21:00:00;26.08.2023 22:00:00;197;116;1416;;35;;177;1941
26.08.2023 22:00:00;26.08.2023 23:00:00;199;117;1085;;34;;185;1620
26.08.2023 23:00:00;27.08.2023 00:00:00;198;117;954;;22;;175;1466
27.08.2023 00:00:00;27.08.2023 01:00:00;199;115;1022;;21;;171;1528
27.08.2023 01:00:00;27.08.2023 02:00:00;199;113;996;;22;;196;1526
27.08.2023 02:00:00;27.08.2023 03:00:00;199;114;917;;19;;225;1474
27.08.2023 03:00:00;27.08.2023 04:00:00;199;114;898;;19;;252;1482
27.08.2023 04:00:00;27.08.2023 05:00:00;199;114;899;;34;;275;1521
27.08.2023 05:00:00;27.08.2023 06:00:00;198;113;914;;53;;233;1511
27.08.2023 06:00:00;27.08.2023 07:00:00;198;117;946;;30;;213;1504
27.08.2023 07:00:00;27.08.2023 08:00:00;198;119;1080;;27;;215;1639
27.08.2023 08:00:00;27.08.2023 09:00:00;198;120;1193;;18;;264;1793
27.08.2023 09:00:00;27.08.2023 10:00:00;198;126;1169;;19;;292;1804
27.08.2023 10:00:00;27.08.2023 11:00:00;197;128;1187;;28;;308;1848
27.08.2023 11:00:00;27.08.2023 12:00:00;198;128;1184;;25;;329;1864
27.08.2023 12:00:00;27.08.2023 13:00:00;198;129;1122;;27;;349;1825
27.08.2023 13:00:00;27.08.2023 14:00:00;199;129;1208;;26;;331;1893
27.08.2023 14:00:00;27.08.2023 15:00:00;198;130;1320;;29;;267;1944
27.08.2023 15:00:00;27.08.2023 16:00:00;198;129;1499;;29;;260;2115
27.08.2023 16:00:00;27.08.2023 17:00:00;198;128;1863;;27;;299;2515
27.08.2023 17:00:00;27.08.2023 18:00:00;198;129;2310;;20;;316;2973
27.08.2023 18:00:00;27.08.2023 19:00:00;197;129;2312;;28;;313;2979
27.08.2023 19:00:00;27.08.2023 20:00:00;197;129;2352;;24;;315;3017
27.08.2023 20:00:00;27.08.2023 21:00:00;197;129;2339;;26;;296;2987
27.08.2023 21:00:00;27.08.2023 22:00:00;197;128;2296;;24;;393;3038
27.08.2023 22:00:00;27.08.2023 23:00:00;197;129;2153;;24;;512;3015
27.08.2023 23:00:00;28.08.2023 00:00:00;197;129;1971;;25;;562;2884
28.08.2023 00:00:00;28.08.2023 01:00:00;195;125;1675;;33;;596;2624
28.08.2023 01:00:00;28.08.2023 02:00:00;196;124;1674;;26;;569;2589
28.08.2023 02:00:00;28.08.2023 03:00:00;196;124;1637;;29;;541;2527
28.08.2023 03:00:00;28.08.2023 04:00:00;195;127;1599;;32;;535;2488
28.08.2023 04:00:00;28.08.2023 05:00:00;196;124;1585;;31;;443;2379
28.08.2023 05:00:00;28.08.2023 06:00:00;196;123;1635;;43;;384;2381
28.08.2023 06:00:00;28.08.2023 07:00:00;195;124;1870;;37;;426;2652
28.08.2023 07:00:00;28.08.2023 08:00:00;181;125;1942;;31;;566;2845
28.08.2023 08:00:00;28.08.2023 09:00:00;164;98;2125;;23;;500;2910
28.08.2023 09:00:00;28.08.2023 10:00:00;165;97;2145;;19;;516;2942
28.08.2023 10:00:00;28.08.2023 11:00:00;166;93;1346;;17;;481;2103
28.08.2023 11:00:00;28.08.2023 12:00:00;165;94;1250;;27;;399;1935
28.08.2023 12:00:00;28.08.2023 13:00:00;164;93;1521;;16;;367;2161
28.08.2023 13:00:00;28.08.2023 14:00:00;164;88;1533;;15;;381;2181
28.08.2023 14:00:00;28.08.2023 15:00:00;162;88;1581;;16;;489;2336
28.08.2023 15:00:00;28.08.2023 16:00:00;162;90;1579;;20;;451;2302
28.08.2023 16:00:00;28.08.2023 17:00:00;163;92;1687;;19;;327;2288
28.08.2023 17:00:00;28.08.2023 18:00:00;162;94;1734;;20;;341;2351
28.08.2023 18:00:00;28.08.2023 19:00:00;163;96;1508;;18;;383;2168
28.08.2023 19:00:00;28.08.2023 20:00:00;165;102;1539;;21;;349;2176
28.08.2023 20:00:00;28.08.2023 21:00:00;164;103;1508;;19;;331;2125
28.08.2023 21:00:00;28.08.2023 22:00:00;162;102;1478;;24;;332;2098
28.08.2023 22:00:00;28.08.2023 23:00:00;162;99;1366;;23;;387;2037
28.08.2023 23:00:00;29.08.2023 00:00:00;163;99;1276;;18;;353;1909
29.08.2023 00:00:00;29.08.2023 01:00:00;164;98;1166;;46;;350;1824
29.08.2023 01:00:00;29.08.2023 02:00:00;163;97;1127;;45;;398;1830
29.08.2023 02:00:00;29.08.2023 03:00:00;164;89;1106;;37;;392;1788
29.08.2023 03:00:00;29.08.2023 04:00:00;164;90;1112;;32;;416;1814
29.08.2023 04:00:00;29.08.2023 05:00:00;165;90;1138;;29;;412;1834
29.08.2023 05:00:00;29.08.2023 06:00:00;165;89;1325;;35;;436;2050
29.08.2023 06:00:00;29.08.2023 07:00:00;165;89;1479;;31;;360;2124
29.08.2023 07:00:00;29.08.2023 08:00:00;163;91;1737;;33;;280;2304
29.08.2023 08:00:00;29.08.2023 09:00:00;163;111;1903;;35;;225;2437
29.08.2023 09:00:00;29.08.2023 10:00:00;164;114;1917;;30;;210;2435
29.08.2023 10:00:00;29.08.2023 11:00:00;166;115;1916;;26;;224;2447
29.08.2023 11:00:00;29.08.2023 12:00:00;168;117;1927;;20;;243;2475
29.08.2023 12:00:00;29.08.2023 13:00:00;166;116;1900;;28;;264;2474
29.08.2023 13:00:00;29.08.2023 14:00:00;168;116;1716;;18;;257;2275
29.08.2023 14:00:00;29.08.2023 15:00:00;168;123;1678;;16;;267;2252
29.08.2023 15:00:00;29.08.2023 16:00:00;169;127;2106;;27;;279;2708
29.08.2023 16:00:00;29.08.2023 17:00:00;168;127;2345;;15;;205;2860
29.08.2023 17:00:00;29.08.2023 18:00:00;169;129;2302;;13;;215;2828
29.08.2023 18:00:00;29.08.2023 19:00:00;169;111;2363;;15;;191;2849
29.08.2023 19:00:00;29.08.2023 20:00:00;169;111;2345;;13;;175;2813
29.08.2023 20:00:00;29.08.2023 21:00:00;169;110;2371;;13;;102;2765
29.08.2023 21:00:00;29.08.2023 22:00:00;169;128;2403;;12;;60;2772
29.08.2023 22:00:00;29.08.2023 23:00:00;170;135;2326;;13;;51;2695
29.08.2023 23:00:00;30.08.2023 00:00:00;170;125;2222;;23;;54;2594
30.08.2023 00:00:00;30.08.2023 01:00:00;170;111;2023;;21;;47;2372
30.08.2023 01:00:00;30.08.2023 02:00:00;170;111;2036;;20;;47;2384
30.08.2023 02:00:00;30.08.2023 03:00:00;171;106;2032;;20;;62;2391
30.08.2023 03:00:00;30.08.2023 04:00:00;173;103;2043;;18;;35;2372
30.08.2023 04:00:00;30.08.2023 05:00:00;172;102;2020;;19;;42;2355
30.08.2023 05:00:00;30.08.2023 06:00:00;172;102;1966;;16;;63;2319
30.08.2023 06:00:00;30.08.2023 07:00:00;172;101;2182;;14;;80;2549
30.08.2023 07:00:00;30.08.2023 08:00:00;172;107;2269;;18;;76;2642
30.08.2023 08:00:00;30.08.2023 09:00:00;172;130;2293;;20;;63;2678
30.08.2023 09:00:00;30.08.2023 10:00:00;172;130;2308;;39;;71;2720
30.08.2023 10:00:00;30.08.2023 11:00:00;172;126;2340;;36;;77;2751
30.08.2023 11:00:00;30.08.2023 12:00:00;172;127;2368;;8;;98;2773
30.08.2023 12:00:00;30.08.2023 13:00:00;171;123;2332;;16;;95;2737
30.08.2023 13:00:00;30.08.2023 14:00:00;172;134;2378;;14;;93;2791
30.08.2023 14:00:00;30.08.2023 15:00:00;172;126;2478;;17;;94;2887
30.08.2023 15:00:00;30.08.2023 16:00:00;171;126;2455;;19;;78;2849
30.08.2023 16:00:00;30.08.2023 17:00:00;171;107;2401;;14;;95;2788
30.08.2023 17:00:00;30.08.2023 18:00:00;171;106;2368;;17;;83;2745
30.08.2023 18:00:00;30.08.2023 19:00:00;170;106;2283;;15;;86;2660
30.08.2023 19:00:00;30.08.2023 20:00:00;171;118;2327;;17;;86;2719
30.08.2023 20:00:00;30.08.2023 21:00:00;173;114;2310;;16;;108;2721
30.08.2023 21:00:00;30.08.2023 22:00:00;198;112;2328;;13;;105;2756
30.08.2023 22:00:00;30.08.2023 23:00:00;197;113;2270;;20;;61;2661
30.08.2023 23:00:00;31.08.2023 00:00:00;197;116;2298;;25;;41;2677
31.08.2023 00:00:00;31.08.2023 01:00:00;197;117;2363;;25;;34;2736
31.08.2023 01:00:00;31.08.2023 02:00:00;197;114;2380;;21;;37;2749
31.08.2023 02:00:00;31.08.2023 03:00:00;197;115;2386;;15;;45;2758
31.08.2023 03:00:00;31.08.2023 04:00:00;197;114;2341;;19;;38;2709
31.08.2023 04:00:00;31.08.2023 05:00:00;198;114;2303;;20;;33;2668
31.08.2023 05:00:00;31.08.2023 06:00:00;198;110;2417;;14;;38;2777
31.08.2023 06:00:00;31.08.2023 07:00:00;199;111;2370;;12;;40;2732
31.08.2023 07:00:00;31.08.2023 08:00:00;199;104;2345;;16;;45;2709
31.08.2023 08:00:00;31.08.2023 09:00:00;198;112;2440;;19;;42;2811
31.08.2023 09:00:00;31.08.2023 10:00:00;198;111;2489;;20;;32;2850
31.08.2023 10:00:00;31.08.2023 11:00:00;199;112;2443;;25;;35;2814
31.08.2023 11:00:00;31.08.2023 12:00:00;198;113;2440;;20;;35;2806
31.08.2023 12:00:00;31.08.2023 13:00:00;197;109;2483;;32;;34;2855
31.08.2023 13:00:00;31.08.2023 14:00:00;197;108;2339;;28;;24;2696
31.08.2023 14:00:00;31.08.2023 15:00:00;197;111;2241;;20;;30;2599
31.08.2023 15:00:00;31.08.2023 16:00:00;197;123;2191;;30;;45;2586
31.08.2023 16:00:00;31.08.2023 17:00:00;197;107;2059;;29;;48;2440
31.08.2023 17:00:00;31.08.2023 18:00:00;199;93;1893;;28;;47;2260
31.08.2023 18:00:00;31.08.2023 19:00:00;200;98;1921;;31;;37;2287
31.08.2023 19:00:00;31.08.2023 20:00:00;198;99;1965;;34;;37;2333
31.08.2023 20:00:00;31.08.2023 21:00:00;198;97;2070;;34;;45;2444
31.08.2023 21:00:00;31.08.2023 22:00:00;199;94;1796;;33;;43;2165
31.08.2023 22:00:00;31.08.2023 23:00:00;198;94;1730;;32;;45;2099
31.08.2023 23:00:00;01.09.2023 00:00:00;198;96;1601;;32;;37;1964
01.09.2023 00:00:00;01.09.2023 01:00:00;198;94;1961;;45;;25;2323
01.09.2023 01:00:00;01.09.2023 02:00:00;197;96;1814;;51;;25;2183
01.09.2023 02:00:00;01.09.2023 03:00:00;197;93;1737;;30;;38;2095
01.09.2023 03:00:00;01.09.2023 04:00:00;196;91;1722;;31;;65;2105
01.09.2023 04:00:00;01.09.2023 05:00:00;197;90;1778;;29;;89;2183
01.09.2023 05:00:00;01.09.2023 06:00:00;199;109;1833;;29;;122;2292
01.09.2023 06:00:00;01.09.2023 07:00:00;200;112;1919;;27;;129;2387
01.09.2023 07:00:00;01.09.2023 08:00:00;200;113;2182;;31;;120;2646
01.09.2023 08:00:00;01.09.2023 09:00:00;199;122;2358;;32;;97;2808
01.09.2023 09:00:00;01.09.2023 10:00:00;199;121;2341;;28;;104;2793
01.09.2023 10:00:00;01.09.2023 11:00:00;199;129;2420;;26;;117;2891
01.09.2023 11:00:00;01.09.2023 12:00:00;199;116;2467;;20;;123;2925
01.09.2023 12:00:00;01.09.2023 13:00:00;199;113;2449;;27;;121;2909
01.09.2023 13:00:00;01.09.2023 14:00:00;198;118;2315;;24;;155;2810
01.09.2023 14:00:00;01.09.2023 15:00:00;197;122;2176;;26;;174;2695
01.09.2023 15:00:00;01.09.2023 16:00:00;197;120;2155;;31;;170;2673
01.09.2023 16:00:00;01.09.2023 17:00:00;196;106;2125;;29;;175;2631
01.09.2023 17:00:00;01.09.2023 18:00:00;198;101;2266;;29;;191;2785
01.09.2023 18:00:00;01.09.2023 19:00:00;201;102;2373;;28;;205;2909
01.09.2023 19:00:00;01.09.2023 20:00:00;203;100;2341;;31;;218;2893
01.09.2023 20:00:00;01.09.2023 21:00:00;205;100;2311;;35;;219;2870
01.09.2023 21:00:00;01.09.2023 22:00:00;204;101;2323;;31;;205;2864
01.09.2023 22:00:00;01.09.2023 23:00:00;204;102;2037;;33;;204;2580
01.09.2023 23:00:00;02.09.2023 00:00:00;204;103;1839;;35;;194;2375
02.09.2023 00:00:00;02.09.2023 01:00:00;203;101;1831;;33;;181;2349
02.09.2023 01:00:00;02.09.2023 02:00:00;202;102;1560;;39;;157;2060
02.09.2023 02:00:00;02.09.2023 03:00:00;201;104;1364;;38;;136;1843
02.09.2023 03:00:00;02.09.2023 04:00:00;200;106;1291;;34;;138;1769
02.09.2023 04:00:00;02.09.2023 05:00:00;200;109;1328;;25;;134;1796
02.09.2023 05:00:00;02.09.2023 06:00:00;200;107;1348;;40;;130;1825
02.09.2023 06:00:00;02.09.2023 07:00:00;200;108;1564;;35;;126;2033
02.09.2023 07:00:00;02.09.2023 08:00:00;201;111;1800;;32;;148;2292
02.09.2023 08:00:00;02.09.2023 09:00:00;201;112;1887;;33;;142;2375
02.09.2023 09:00:00;02.09.2023 10:00:00;201;112;1956;;33;;134;2436
02.09.2023 10:00:00;02.09.2023 11:00:00;200;112;1975;;31;;132;2450
02.09.2023 11:00:00;02.09.2023 12:00:00;177;112;2089;;29;;127;2534
02.09.2023 12:00:00;02.09.2023 13:00:00;172;111;2075;;26;;116;2500
02.09.2023 13:00:00;02.09.2023 14:00:00;172;109;1999;;30;;107;2417
02.09.2023 14:00:00;02.09.2023 15:00:00;174;108;2029;;24;;105;2440
02.09.2023 15:00:00;02.09.2023 16:00:00;175;132;1901;;25;;98;2331
02.09.2023 16:00:00;02.09.2023 17:00:00;184;135;1895;;27;;86;2327
02.09.2023 17:00:00;02.09.2023 18:00:00;197;134;1835;;26;;89;2281
02.09.2023 18:00:00;02.09.2023 19:00:00;198;134;2152;;29;;99;2612
02.09.2023 19:00:00;02.09.2023 20:00:00;198;134;2222;;27;;82;2663
02.09.2023 20:00:00;02.09.2023 21:00:00;191;133;2179;;28;;75;2606
02.09.2023 21:00:00;02.09.2023 22:00:00;179;133;1913;;29;;75;2329
02.09.2023 22:00:00;02.09.2023 23:00:00;179;133;1759;;32;;61;2164
02.09.2023 23:00:00;03.09.2023 00:00:00;180;107;1564;;17;;99;1967
03.09.2023 00:00:00;03.09.2023 01:00:00;181;108;1644;;19;;142;2094
03.09.2023 01:00:00;03.09.2023 02:00:00;181;108;1574;;19;;70;1952
03.09.2023 02:00:00;03.09.2023 03:00:00;197;108;1644;;21;;74;2044
03.09.2023 03:00:00;03.09.2023 04:00:00;197;107;1724;;21;;86;2135
03.09.2023 04:00:00;03.09.2023 05:00:00;197;107;1779;;36;;71;2190
03.09.2023 05:00:00;03.09.2023 06:00:00;197;105;1701;;53;;92;2148
03.09.2023 06:00:00;03.09.2023 07:00:00;197;107;1663;;34;;142;2143
03.09.2023 07:00:00;03.09.2023 08:00:00;197;108;1684;;35;;143;2167
03.09.2023 08:00:00;03.09.2023 09:00:00;198;107;1797;;25;;156;2283
03.09.2023 09:00:00;03.09.2023 10:00:00;198;108;1789;;23;;153;2271
03.09.2023 10:00:00;03.09.2023 11:00:00;198;109;1790;;32;;173;2302
03.09.2023 11:00:00;03.09.2023 12:00:00;197;110;1776;;32;;222;2337
03.09.2023 12:00:00;03.09.2023 13:00:00;197;110;1619;;33;;210;2169
03.09.2023 13:00:00;03.09.2023 14:00:00;198;113;973;;33;;251;1568
03.09.2023 14:00:00;03.09.2023 15:00:00;198;111;929;;33;;315;1586
03.09.2023 15:00:00;03.09.2023 16:00:00;197;132;1159;;30;;384;1902
03.09.2023 16:00:00;03.09.2023 17:00:00;197;131;1929;;35;;429;2721
03.09.2023 17:00:00;03.09.2023 18:00:00;198;134;1736;;25;;390;2483
03.09.2023 18:00:00;03.09.2023 19:00:00;199;136;1710;;29;;426;2500
03.09.2023 19:00:00;03.09.2023 20:00:00;200;134;1738;;27;;505;2604
03.09.2023 20:00:00;03.09.2023 21:00:00;203;135;1618;;25;;499;2480
03.09.2023 21:00:00;03.09.2023 22:00:00;204;141;1293;;25;;485;2148
03.09.2023 22:00:00;03.09.2023 23:00:00;204;145;900;;28;;419;1696
03.09.2023 23:00:00;04.09.2023 00:00:00;203;124;887;;30;;487;1731
04.09.2023 00:00:00;04.09.2023 01:00:00;203;122;830;;34;;511;1700
04.09.2023 01:00:00;04.09.2023 02:00:00;203;123;750;;27;;599;1702
04.09.2023 02:00:00;04.09.2023 03:00:00;203;131;741;;30;;639;1744
04.09.2023 03:00:00;04.09.2023 04:00:00;203;131;703;;31;;574;1642
04.09.2023 04:00:00;04.09.2023 05:00:00;202;143;730;;32;;549;1656
04.09.2023 05:00:00;04.09.2023 06:00:00;201;159;745;;44;;521;1670
04.09.2023 06:00:00;04.09.2023 07:00:00;201;168;807;;40;;562;1778
04.09.2023 07:00:00;04.09.2023 08:00:00;202;181;1075;;34;;474;1966
04.09.2023 08:00:00;04.09.2023 09:00:00;201;180;1526;;27;;543;2477
04.09.2023 09:00:00;04.09.2023 10:00:00;200;176;1670;;23;;575;2644
04.09.2023 10:00:00;04.09.2023 11:00:00;199;183;1470;;21;;510;2383
04.09.2023 11:00:00;04.09.2023 12:00:00;199;186;1535;;29;;551;2500
04.09.2023 12:00:00;04.09.2023 13:00:00;198;192;1572;;21;;687;2670
04.09.2023 13:00:00;04.09.2023 14:00:00;198;192;1489;;23;;718;2620
04.09.2023 14:00:00;04.09.2023 15:00:00;198;189;1230;;25;;805;2447
04.09.2023 15:00:00;04.09.2023 16:00:00;198;203;1037;;27;;641;2106
04.09.2023 16:00:00;04.09.2023 17:00:00;198;207;898;;26;;527;1856
04.09.2023 17:00:00;04.09.2023 18:00:00;198;203;812;;22;;530;1765
04.09.2023 18:00:00;04.09.2023 19:00:00;198;207;797;;21;;607;1830
04.09.2023 19:00:00;04.09.2023 20:00:00;197;210;761;;23;;688;1879
04.09.2023 20:00:00;04.09.2023 21:00:00;198;213;754;;20;;674;1859
04.09.2023 21:00:00;04.09.2023 22:00:00;198;219;731;;26;;674;1848
04.09.2023 22:00:00;04.09.2023 23:00:00;199;222;712;;26;;539;1698
04.09.2023 23:00:00;05.09.2023 00:00:00;199;206;641;;21;;718;1785
05.09.2023 00:00:00;05.09.2023 01:00:00;198;220;651;;44;;679;1792
05.09.2023 01:00:00;05.09.2023 02:00:00;199;217;600;;45;;656;1717
05.09.2023 02:00:00;05.09.2023 03:00:00;198;220;667;;31;;492;1608
05.09.2023 03:00:00;05.09.2023 04:00:00;199;227;662;;34;;464;1586
05.09.2023 04:00:00;05.09.2023 05:00:00;199;234;656;;30;;476;1595
05.09.2023 05:00:00;05.09.2023 06:00:00;199;261;826;;37;;555;1878
05.09.2023 06:00:00;05.09.2023 07:00:00;199;252;1100;;20;;563;2134
05.09.2023 07:00:00;05.09.2023 08:00:00;199;249;1386;;11;;529;2374
05.09.2023 08:00:00;05.09.2023 09:00:00;177;235;1604;;11;;594;2621
05.09.2023 09:00:00;05.09.2023 10:00:00;175;232;1563;;12;;545;2527
05.09.2023 10:00:00;05.09.2023 11:00:00;175;229;1251;;11;;528;2194
05.09.2023 11:00:00;05.09.2023 12:00:00;176;233;1066;;10;;538;2023
05.09.2023 12:00:00;05.09.2023 13:00:00;175;230;905;;21;;579;1910
05.09.2023 13:00:00;05.09.2023 14:00:00;175;225;784;;18;;542;1744
05.09.2023 14:00:00;05.09.2023 15:00:00;176;227;810;;21;;580;1814
05.09.2023 15:00:00;05.09.2023 16:00:00;177;233;880;;28;;649;1967
05.09.2023 16:00:00;05.09.2023 17:00:00;177;240;1034;;22;;601;2074
05.09.2023 17:00:00;05.09.2023 18:00:00;177;236;1092;;24;;576;2105
05.09.2023 18:00:00;05.09.2023 19:00:00;176;248;1131;;24;;605;2184
05.09.2023 19:00:00;05.09.2023 20:00:00;176;259;956;;26;;662;2079
05.09.2023 20:00:00;05.09.2023 21:00:00;176;275;715;;29;;634;1829
05.09.2023 21:00:00;05.09.2023 22:00:00;176;285;720;;28;;603;1812
05.09.2023 22:00:00;05.09.2023 23:00:00;177;282;636;;26;;585;1706
05.09.2023 23:00:00;06.09.2023 00:00:00;177;271;627;;26;;595;1696
06.09.2023 00:00:00;06.09.2023 01:00:00;177;278;613;;43;;699;1810
06.09.2023 01:00:00;06.09.2023 02:00:00;175;281;534;;45;;792;1827
06.09.2023 02:00:00;06.09.2023 03:00:00;177;279;517;;25;;791;1789
06.09.2023 03:00:00;06.09.2023 04:00:00;177;274;511;;28;;778;1768
06.09.2023 04:00:00;06.09.2023 05:00:00;171;298;543;;29;;726;1767
06.09.2023 05:00:00;06.09.2023 06:00:00;159;298;607;;24;;714;1802
06.09.2023 06:00:00;06.09.2023 07:00:00;170;292;639;;23;;733;1857
06.09.2023 07:00:00;06.09.2023 08:00:00;175;280;994;;25;;718;2192
06.09.2023 08:00:00;06.09.2023 09:00:00;175;279;1790;;29;;673;2946
06.09.2023 09:00:00;06.09.2023 10:00:00;176;282;2127;;27;;557;3169
06.09.2023 10:00:00;06.09.2023 11:00:00;175;280;2104;;47;;524;3130
06.09.2023 11:00:00;06.09.2023 12:00:00;175;270;2006;;31;;556;3038
06.09.2023 12:00:00;06.09.2023 13:00:00;177;269;2127;;33;;529;3135
06.09.2023 13:00:00;06.09.2023 14:00:00;177;271;2186;;24;;439;3097
06.09.2023 14:00:00;06.09.2023 15:00:00;178;275;2255;;19;;323;3050
06.09.2023 15:00:00;06.09.2023 16:00:00;178;272;2089;;25;;312;2876
06.09.2023 16:00:00;06.09.2023 17:00:00;178;269;2255;;20;;298;3020
06.09.2023 17:00:00;06.09.2023 18:00:00;178;263;2408;;24;;358;3231
06.09.2023 18:00:00;06.09.2023 19:00:00;178;266;2470;;24;;332;3270
06.09.2023 19:00:00;06.09.2023 20:00:00;177;264;2320;;29;;283;3073
06.09.2023 20:00:00;06.09.2023 21:00:00;177;271;2324;;31;;244;3047
06.09.2023 21:00:00;06.09.2023 22:00:00;177;273;2345;;28;;246;3069
06.09.2023 22:00:00;06.09.2023 23:00:00;177;274;2321;;29;;249;3050
06.09.2023 23:00:00;07.09.2023 00:00:00;177;269;1869;;31;;266;2612
07.09.2023 00:00:00;07.09.2023 01:00:00;176;266;1605;;46;;311;2404
07.09.2023 01:00:00;07.09.2023 02:00:00;176;256;1576;;47;;301;2356
07.09.2023 02:00:00;07.09.2023 03:00:00;177;251;1500;;28;;328;2284
07.09.2023 03:00:00;07.09.2023 04:00:00;177;251;1530;;30;;291;2279
07.09.2023 04:00:00;07.09.2023 05:00:00;176;249;1638;;31;;275;2369
07.09.2023 05:00:00;07.09.2023 06:00:00;176;248;1884;;28;;323;2659
07.09.2023 06:00:00;07.09.2023 07:00:00;176;263;2158;;32;;324;2953
07.09.2023 07:00:00;07.09.2023 08:00:00;176;228;2181;;33;;326;2944
07.09.2023 08:00:00;07.09.2023 09:00:00;176;227;2250;;33;;338;3024
07.09.2023 09:00:00;07.09.2023 10:00:00;176;233;2252;;28;;358;3047
07.09.2023 10:00:00;07.09.2023 11:00:00;176;247;2224;;26;;317;2990
07.09.2023 11:00:00;07.09.2023 12:00:00;175;242;2242;;20;;349;3028
07.09.2023 12:00:00;07.09.2023 13:00:00;175;242;2193;;22;;366;2998
07.09.2023 13:00:00;07.09.2023 14:00:00;175;224;2157;;24;;350;2930
07.09.2023 14:00:00;07.09.2023 15:00:00;175;218;2110;;18;;415;2936
07.09.2023 15:00:00;07.09.2023 16:00:00;175;215;2364;;28;;468;3250
07.09.2023 16:00:00;07.09.2023 17:00:00;175;207;2416;;29;;497;3324
07.09.2023 17:00:00;07.09.2023 18:00:00;174;185;2322;;29;;592;3302
07.09.2023 18:00:00;07.09.2023 19:00:00;174;181;2097;;29;;634;3115
07.09.2023 19:00:00;07.09.2023 20:00:00;175;178;2101;;33;;659;3146
07.09.2023 20:00:00;07.09.2023 21:00:00;176;193;2075;;36;;571;3051
07.09.2023 21:00:00;07.09.2023 22:00:00;176;198;2041;;31;;515;2961
07.09.2023 22:00:00;07.09.2023 23:00:00;175;199;1868;;30;;517;2789
07.09.2023 23:00:00;08.09.2023 00:00:00;175;203;1644;;31;;478;2531
08.09.2023 00:00:00;08.09.2023 01:00:00;175;223;1937;;48;;468;2851
08.09.2023 01:00:00;08.09.2023 02:00:00;175;230;1982;;52;;512;2951
08.09.2023 02:00:00;08.09.2023 03:00:00;174;220;1965;;32;;494;2885
08.09.2023 03:00:00;08.09.2023 04:00:00;174;218;1965;;31;;511;2899
08.09.2023 04:00:00;08.09.2023 05:00:00;174;225;1903;;31;;494;2827
08.09.2023 05:00:00;08.09.2023 06:00:00;174;231;1896;;27;;438;2766
08.09.2023 06:00:00;08.09.2023 07:00:00;174;236;2029;;30;;432;2901
08.09.2023 07:00:00;08.09.2023 08:00:00;174;237;2057;;31;;493;2992
08.09.2023 08:00:00;08.09.2023 09:00:00;173;228;2260;;35;;476;3172
08.09.2023 09:00:00;08.09.2023 10:00:00;173;226;2244;;30;;529;3202
08.09.2023 10:00:00;08.09.2023 11:00:00;172;225;2229;;31;;588;3245
08.09.2023 11:00:00;08.09.2023 12:00:00;172;225;2185;;21;;599;3202
08.09.2023 12:00:00;08.09.2023 13:00:00;170;221;2185;;28;;643;3247
08.09.2023 13:00:00;08.09.2023 14:00:00;169;215;2085;;27;;608;3104
08.09.2023 14:00:00;08.09.2023 15:00:00;168;212;2092;;22;;698;3192
08.09.2023 15:00:00;08.09.2023 16:00:00;169;211;2021;;31;;721;3153
08.09.2023 16:00:00;08.09.2023 17:00:00;169;205;1793;;26;;736;2929
08.09.2023 17:00:00;08.09.2023 18:00:00;167;204;1923;;30;;815;3139
08.09.2023 18:00:00;08.09.2023 19:00:00;167;207;1958;;31;;784;3147
08.09.2023 19:00:00;08.09.2023 20:00:00;166;209;1879;;33;;786;3073
08.09.2023 20:00:00;08.09.2023 21:00:00;166;210;1819;;33;;757;2985
08.09.2023 21:00:00;08.09.2023 22:00:00;167;219;1788;;29;;666;2869
08.09.2023 22:00:00;08.09.2023 23:00:00;168;226;1384;;36;;675;2489
08.09.2023 23:00:00;09.09.2023 00:00:00;169;226;1046;;38;;722;2201
09.09.2023 00:00:00;09.09.2023 01:00:00;170;231;1155;;29;;755;2340
09.09.2023 01:00:00;09.09.2023 02:00:00;170;230;974;;32;;792;2198
09.09.2023 02:00:00;09.09.2023 03:00:00;171;226;958;;31;;726;2112
09.09.2023 03:00:00;09.09.2023 04:00:00;171;218;944;;26;;685;2044
09.09.2023 04:00:00;09.09.2023 05:00:00;171;204;897;;26;;669;1967
09.09.2023 05:00:00;09.09.2023 06:00:00;171;206;884;;38;;626;1925
09.09.2023 06:00:00;09.09.2023 07:00:00;171;207;867;;31;;554;1830
09.09.2023 07:00:00;09.09.2023 08:00:00;171;209;990;;29;;514;1913
09.09.2023 08:00:00;09.09.2023 09:00:00;172;216;1292;;30;;615;2325
09.09.2023 09:00:00;09.09.2023 10:00:00;172;232;1738;;30;;647;2819
09.09.2023 10:00:00;09.09.2023 11:00:00;172;230;1790;;29;;551;2772
09.09.2023 11:00:00;09.09.2023 12:00:00;173;224;1782;;27;;496;2702
09.09.2023 12:00:00;09.09.2023 13:00:00;173;219;1633;;18;;508;2551
09.09.2023 13:00:00;09.09.2023 14:00:00;195;226;1105;;23;;466;2015
09.09.2023 14:00:00;09.09.2023 15:00:00;199;223;1155;;24;;452;2053
09.09.2023 15:00:00;09.09.2023 16:00:00;200;226;1259;;25;;403;2113
09.09.2023 16:00:00;09.09.2023 17:00:00;200;222;1309;;25;;409;2165
09.09.2023 17:00:00;09.09.2023 18:00:00;200;217;1352;;27;;370;2166
09.09.2023 18:00:00;09.09.2023 19:00:00;199;209;1370;;27;;356;2161
09.09.2023 19:00:00;09.09.2023 20:00:00;199;212;881;;22;;477;1791
09.09.2023 20:00:00;09.09.2023 21:00:00;199;205;825;;24;;533;1786
09.09.2023 21:00:00;09.09.2023 22:00:00;199;202;789;;28;;583;1801
09.09.2023 22:00:00;09.09.2023 23:00:00;199;197;843;;33;;519;1791
09.09.2023 23:00:00;10.09.2023 00:00:00;199;174;785;;20;;549;1727
10.09.2023 00:00:00;10.09.2023 01:00:00;201;165;692;;22;;627;1707
10.09.2023 01:00:00;10.09.2023 02:00:00;199;169;686;;24;;703;1781
10.09.2023 02:00:00;10.09.2023 03:00:00;199;180;697;;25;;760;1861
10.09.2023 03:00:00;10.09.2023 04:00:00;202;177;704;;26;;735;1844
10.09.2023 04:00:00;10.09.2023 05:00:00;201;180;708;;37;;769;1895
10.09.2023 05:00:00;10.09.2023 06:00:00;201;179;786;;54;;677;1897
10.09.2023 06:00:00;10.09.2023 07:00:00;201;203;757;;36;;571;1768
10.09.2023 07:00:00;10.09.2023 08:00:00;200;219;818;;39;;609;1885
10.09.2023 08:00:00;10.09.2023 09:00:00;200;235;977;;26;;696;2134
10.09.2023 09:00:00;10.09.2023 10:00:00;200;231;1394;;27;;732;2584
10.09.2023 10:00:00;10.09.2023 11:00:00;199;226;1458;;35;;556;2474
10.09.2023 11:00:00;10.09.2023 12:00:00;199;228;1460;;33;;489;2409
10.09.2023 12:00:00;10.09.2023 13:00:00;200;227;1190;;32;;458;2107
10.09.2023 13:00:00;10.09.2023 14:00:00;201;229;1021;;35;;456;1942
10.09.2023 14:00:00;10.09.2023 15:00:00;201;228;1020;;37;;584;2070
10.09.2023 15:00:00;10.09.2023 16:00:00;201;227;1756;;31;;517;2732
10.09.2023 16:00:00;10.09.2023 17:00:00;202;226;1901;;29;;539;2897
10.09.2023 17:00:00;10.09.2023 18:00:00;201;240;2140;;25;;469;3075
10.09.2023 18:00:00;10.09.2023 19:00:00;200;228;2080;;31;;418;2957
10.09.2023 19:00:00;10.09.2023 20:00:00;200;223;2028;;27;;399;2877
10.09.2023 20:00:00;10.09.2023 21:00:00;200;216;2045;;30;;405;2896
10.09.2023 21:00:00;10.09.2023 22:00:00;200;212;2032;;29;;353;2826
10.09.2023 22:00:00;10.09.2023 23:00:00;200;211;2045;;30;;322;2808
10.09.2023 23:00:00;11.09.2023 00:00:00;199;210;1985;;32;;303;2729
11.09.2023 00:00:00;11.09.2023 01:00:00;197;208;1998;;39;;267;2709
11.09.2023 01:00:00;11.09.2023 02:00:00;198;206;1927;;31;;200;2562
11.09.2023 02:00:00;11.09.2023 03:00:00;198;206;1826;;32;;178;2440
11.09.2023 03:00:00;11.09.2023 04:00:00;199;205;1927;;35;;171;2537
11.09.2023 04:00:00;11.09.2023 05:00:00;199;205;1782;;36;;159;2381
11.09.2023 05:00:00;11.09.2023 06:00:00;198;203;1581;;50;;152;2184
11.09.2023 06:00:00;11.09.2023 07:00:00;198;199;1578;;45;;157;2177
11.09.2023 07:00:00;11.09.2023 08:00:00;184;193;1578;;41;;157;2153
11.09.2023 08:00:00;11.09.2023 09:00:00;172;190;1580;;32;;178;2152
11.09.2023 09:00:00;11.09.2023 10:00:00;173;191;1523;;31;;229;2147
11.09.2023 10:00:00;11.09.2023 11:00:00;173;188;1526;;21;;255;2163
11.09.2023 11:00:00;11.09.2023 12:00:00;173;188;1563;;30;;291;2245
11.09.2023 12:00:00;11.09.2023 13:00:00;173;190;1579;;26;;274;2242
11.09.2023 13:00:00;11.09.2023 14:00:00;173;188;1300;;22;;304;1987
11.09.2023 14:00:00;11.09.2023 15:00:00;172;184;1174;;26;;308;1864
11.09.2023 15:00:00;11.09.2023 16:00:00;171;179;1027;;32;;351;1760
11.09.2023 16:00:00;11.09.2023 17:00:00;170;178;990;;28;;361;1727
11.09.2023 17:00:00;11.09.2023 18:00:00;172;176;996;;28;;340;1712
11.09.2023 18:00:00;11.09.2023 19:00:00;173;166;901;;24;;391;1655
11.09.2023 19:00:00;11.09.2023 20:00:00;172;173;850;;27;;416;1638
11.09.2023 20:00:00;11.09.2023 21:00:00;170;170;762;;27;;432;1561
11.09.2023 21:00:00;11.09.2023 22:00:00;172;151;695;;27;;437;1482
11.09.2023 22:00:00;11.09.2023 23:00:00;171;152;678;;25;;467;1493
11.09.2023 23:00:00;12.09.2023 00:00:00;170;156;660;;22;;449;1457
12.09.2023 00:00:00;12.09.2023 01:00:00;170;148;755;;48;;478;1599
12.09.2023 01:00:00;12.09.2023 02:00:00;170;152;701;;50;;497;1570
12.09.2023 02:00:00;12.09.2023 03:00:00;171;151;697;;30;;471;1520
12.09.2023 03:00:00;12.09.2023 04:00:00;171;165;737;;34;;376;1483
12.09.2023 04:00:00;12.09.2023 05:00:00;172;182;742;;36;;272;1404
12.09.2023 05:00:00;12.09.2023 06:00:00;172;208;845;;30;;225;1480
12.09.2023 06:00:00;12.09.2023 07:00:00;171;207;993;;33;;177;1581
12.09.2023 07:00:00;12.09.2023 08:00:00;171;209;1517;;42;;312;2251
12.09.2023 08:00:00;12.09.2023 09:00:00;172;223;1786;;56;;344;2581
12.09.2023 09:00:00;12.09.2023 10:00:00;173;225;1806;;53;;352;2609
12.09.2023 10:00:00;12.09.2023 11:00:00;173;233;1840;;52;;291;2589
12.09.2023 11:00:00;12.09.2023 12:00:00;173;228;1861;;30;;361;2653
12.09.2023 12:00:00;12.09.2023 13:00:00;173;226;1662;;20;;410;2491
12.09.2023 13:00:00;12.09.2023 14:00:00;172;228;1646;;19;;395;2460
12.09.2023 14:00:00;12.09.2023 15:00:00;173;230;1672;;24;;312;2411
12.09.2023 15:00:00;12.09.2023 16:00:00;174;230;1698;;34;;300;2436
12.09.2023 16:00:00;12.09.2023 17:00:00;173;229;1854;;31;;273;2560
12.09.2023 17:00:00;12.09.2023 18:00:00;174;224;1762;;36;;245;2441
12.09.2023 18:00:00;12.09.2023 19:00:00;174;222;1725;;34;;214;2369
12.09.2023 19:00:00;12.09.2023 20:00:00;174;220;1772;;28;;175;2369
12.09.2023 20:00:00;12.09.2023 21:00:00;175;220;1794;;38;;139;2366
12.09.2023 21:00:00;12.09.2023 22:00:00;176;221;1628;;32;;113;2170
12.09.2023 22:00:00;12.09.2023 23:00:00;176;211;1535;;31;;107;2060
12.09.2023 23:00:00;13.09.2023 00:00:00;175;219;1232;;34;;104;1764
13.09.2023 00:00:00;13.09.2023 01:00:00;175;224;1104;;52;;90;1645
13.09.2023 01:00:00;13.09.2023 02:00:00;176;224;955;;53;;62;1470
13.09.2023 02:00:00;13.09.2023 03:00:00;176;218;993;;32;;48;1467
13.09.2023 03:00:00;13.09.2023 04:00:00;177;210;989;;33;;29;1438
13.09.2023 04:00:00;13.09.2023 05:00:00;176;207;970;;34;;22;1409
13.09.2023 05:00:00;13.09.2023 06:00:00;176;208;1023;;31;;20;1458
13.09.2023 06:00:00;13.09.2023 07:00:00;177;205;1373;;34;;38;1827
13.09.2023 07:00:00;13.09.2023 08:00:00;176;207;1535;;44;;123;2085
13.09.2023 08:00:00;13.09.2023 09:00:00;176;206;1646;;67;;163;2258
13.09.2023 09:00:00;13.09.2023 10:00:00;176;208;2053;;56;;134;2627
13.09.2023 10:00:00;13.09.2023 11:00:00;176;207;2057;;39;;156;2635
13.09.2023 11:00:00;13.09.2023 12:00:00;176;210;1935;;11;;125;2457
13.09.2023 12:00:00;13.09.2023 13:00:00;176;207;2153;;18;;140;2694
13.09.2023 13:00:00;13.09.2023 14:00:00;176;205;2152;;16;;168;2717
13.09.2023 14:00:00;13.09.2023 15:00:00;177;201;1824;;12;;216;2430
13.09.2023 15:00:00;13.09.2023 16:00:00;177;201;1733;;26;;235;2372
13.09.2023 16:00:00;13.09.2023 17:00:00;177;203;1659;;31;;272;2342
13.09.2023 17:00:00;13.09.2023 18:00:00;177;194;1618;;30;;265;2284
13.09.2023 18:00:00;13.09.2023 19:00:00;177;200;1577;;34;;262;2250
13.09.2023 19:00:00;13.09.2023 20:00:00;178;201;1485;;40;;223;2127
13.09.2023 20:00:00;13.09.2023 21:00:00;177;199;1289;;45;;252;1962
13.09.2023 21:00:00;13.09.2023 22:00:00;178;202;1232;;39;;230;1881
13.09.2023 22:00:00;13.09.2023 23:00:00;177;204;1088;;34;;190;1693
13.09.2023 23:00:00;14.09.2023 00:00:00;176;206;1064;;41;;180;1667
14.09.2023 00:00:00;14.09.2023 01:00:00;175;191;1178;;56;;159;1759
14.09.2023 01:00:00;14.09.2023 02:00:00;177;182;1172;;56;;140;1727
14.09.2023 02:00:00;14.09.2023 03:00:00;178;176;1152;;31;;145;1682
14.09.2023 03:00:00;14.09.2023 04:00:00;178;174;1148;;36;;132;1668
14.09.2023 04:00:00;14.09.2023 05:00:00;179;173;1203;;35;;119;1709
14.09.2023 05:00:00;14.09.2023 06:00:00;179;173;1312;;33;;103;1800
14.09.2023 06:00:00;14.09.2023 07:00:00;179;171;1726;;33;;89;2198
14.09.2023 07:00:00;14.09.2023 08:00:00;178;169;2169;;40;;81;2637
14.09.2023 08:00:00;14.09.2023 09:00:00;178;168;2511;;39;;83;2979
14.09.2023 09:00:00;14.09.2023 10:00:00;178;190;2523;;33;;56;2980
14.09.2023 10:00:00;14.09.2023 11:00:00;181;189;2265;;31;;46;2712
14.09.2023 11:00:00;14.09.2023 12:00:00;181;189;2487;;20;;35;2912
14.09.2023 12:00:00;14.09.2023 13:00:00;181;194;2488;;29;;41;2933
14.09.2023 13:00:00;14.09.2023 14:00:00;181;191;2511;;28;;41;2952
14.09.2023 14:00:00;14.09.2023 15:00:00;181;190;2379;;31;;37;2818
14.09.2023 15:00:00;14.09.2023 16:00:00;181;192;2400;;39;;45;2857
14.09.2023 16:00:00;14.09.2023 17:00:00;181;195;2420;;34;;43;2873
14.09.2023 17:00:00;14.09.2023 18:00:00;181;192;2431;;34;;33;2871
14.09.2023 18:00:00;14.09.2023 19:00:00;181;196;2343;;34;;48;2802
14.09.2023 19:00:00;14.09.2023 20:00:00;181;205;2337;;35;;56;2814
14.09.2023 20:00:00;14.09.2023 21:00:00;181;202;2256;;37;;91;2767
14.09.2023 21:00:00;14.09.2023 22:00:00;181;198;2160;;32;;144;2715
14.09.2023 22:00:00;14.09.2023 23:00:00;181;196;1948;;33;;185;2543
14.09.2023 23:00:00;15.09.2023 00:00:00;182;194;1785;;34;;211;2406
15.09.2023 00:00:00;15.09.2023 01:00:00;181;169;1714;;54;;263;2381
15.09.2023 01:00:00;15.09.2023 02:00:00;181;166;1664;;55;;284;2350
15.09.2023 02:00:00;15.09.2023 03:00:00;181;162;1662;;33;;302;2340
15.09.2023 03:00:00;15.09.2023 04:00:00;181;155;1648;;34;;323;2341
15.09.2023 04:00:00;15.09.2023 05:00:00;181;151;1630;;36;;327;2325
15.09.2023 05:00:00;15.09.2023 06:00:00;181;151;1630;;31;;349;2342
15.09.2023 06:00:00;15.09.2023 07:00:00;181;151;1714;;32;;345;2423
15.09.2023 07:00:00;15.09.2023 08:00:00;181;153;1691;;36;;319;2380
15.09.2023 08:00:00;15.09.2023 09:00:00;181;180;1684;;38;;319;2402
15.09.2023 09:00:00;15.09.2023 10:00:00;181;180;1672;;31;;261;2325
15.09.2023 10:00:00;15.09.2023 11:00:00;180;176;1667;;27;;213;2263
15.09.2023 11:00:00;15.09.2023 12:00:00;180;173;1658;;21;;178;2210
15.09.2023 12:00:00;15.09.2023 13:00:00;180;173;1674;;33;;180;2240
15.09.2023 13:00:00;15.09.2023 14:00:00;179;172;1593;;31;;178;2153
15.09.2023 14:00:00;15.09.2023 15:00:00;179;169;1736;;28;;171;2283
15.09.2023 15:00:00;15.09.2023 16:00:00;178;161;1708;;36;;139;2222
15.09.2023 16:00:00;15.09.2023 17:00:00;178;164;1749;;31;;133;2255
15.09.2023 17:00:00;15.09.2023 18:00:00;178;167;1803;;30;;118;2296
15.09.2023 18:00:00;15.09.2023 19:00:00;178;159;1764;;31;;103;2235
15.09.2023 19:00:00;15.09.2023 20:00:00;179;154;1678;;30;;106;2147
15.09.2023 20:00:00;15.09.2023 21:00:00;179;157;1522;;33;;113;2004
15.09.2023 21:00:00;15.09.2023 22:00:00;179;159;1304;;30;;134;1806
15.09.2023 22:00:00;15.09.2023 23:00:00;180;139;1160;;33;;168;1680
15.09.2023 23:00:00;16.09.2023 00:00:00;180;140;1064;;35;;183;1602
16.09.2023 00:00:00;16.09.2023 01:00:00;180;140;970;;35;;178;1503
16.09.2023 01:00:00;16.09.2023 02:00:00;180;137;848;;37;;227;1429
16.09.2023 02:00:00;16.09.2023 03:00:00;181;137;783;;36;;211;1348
16.09.2023 03:00:00;16.09.2023 04:00:00;181;138;784;;32;;201;1336
16.09.2023 04:00:00;16.09.2023 05:00:00;181;139;786;;25;;210;1341
16.09.2023 05:00:00;16.09.2023 06:00:00;181;137;830;;39;;358;1545
16.09.2023 06:00:00;16.09.2023 07:00:00;181;141;873;;37;;400;1632
16.09.2023 07:00:00;16.09.2023 08:00:00;181;146;1063;;36;;412;1838
16.09.2023 08:00:00;16.09.2023 09:00:00;180;181;1518;;38;;423;2340
16.09.2023 09:00:00;16.09.2023 10:00:00;180;187;1863;;41;;416;2687
16.09.2023 10:00:00;16.09.2023 11:00:00;180;194;2178;;39;;423;3014
16.09.2023 11:00:00;16.09.2023 12:00:00;179;197;2051;;35;;419;2881
16.09.2023 12:00:00;16.09.2023 13:00:00;179;198;1762;;26;;402;2567
16.09.2023 13:00:00;16.09.2023 14:00:00;178;198;1481;;33;;395;2285
16.09.2023 14:00:00;16.09.2023 15:00:00;177;199;1445;;30;;364;2215
16.09.2023 15:00:00;16.09.2023 16:00:00;178;208;1700;;29;;354;2469
16.09.2023 16:00:00;16.09.2023 17:00:00;177;210;1814;;33;;334;2568
16.09.2023 17:00:00;16.09.2023 18:00:00;177;213;1935;;33;;343;2701
16.09.2023 18:00:00;16.09.2023 19:00:00;176;219;1996;;34;;332;2757
16.09.2023 19:00:00;16.09.2023 20:00:00;177;224;1924;;31;;308;2664
16.09.2023 20:00:00;16.09.2023 21:00:00;177;227;1776;;29;;221;2430
16.09.2023 21:00:00;16.09.2023 22:00:00;178;235;1611;;33;;214;2271
16.09.2023 22:00:00;16.09.2023 23:00:00;178;245;1268;;36;;186;1913
16.09.2023 23:00:00;17.09.2023 00:00:00;178;243;1169;;24;;193;1807
17.09.2023 00:00:00;17.09.2023 01:00:00;179;237;1282;;27;;211;1936
17.09.2023 01:00:00;17.09.2023 02:00:00;178;237;1182;;28;;197;1822
17.09.2023 02:00:00;17.09.2023 03:00:00;179;239;1082;;25;;193;1718
17.09.2023 03:00:00;17.09.2023 04:00:00;179;238;1025;;27;;165;1634
17.09.2023 04:00:00;17.09.2023 05:00:00;179;237;1011;;36;;119;1582
17.09.2023 05:00:00;17.09.2023 06:00:00;179;233;1054;;53;;147;1666
17.09.2023 06:00:00;17.09.2023 07:00:00;179;228;1057;;37;;112;1613
17.09.2023 07:00:00;17.09.2023 08:00:00;178;228;948;;36;;114;1504
17.09.2023 08:00:00;17.09.2023 09:00:00;179;239;1116;;26;;38;1598
17.09.2023 09:00:00;17.09.2023 10:00:00;179;238;1235;;24;;102;1778
17.09.2023 10:00:00;17.09.2023 11:00:00;180;237;1211;;33;;130;1791
17.09.2023 11:00:00;17.09.2023 12:00:00;180;234;1203;;29;;91;1737
17.09.2023 12:00:00;17.09.2023 13:00:00;180;230;1250;;29;;131;1820
17.09.2023 13:00:00;17.09.2023 14:00:00;180;222;1090;;33;;141;1666
17.09.2023 14:00:00;17.09.2023 15:00:00;180;220;1035;;33;;155;1623
17.09.2023 15:00:00;17.09.2023 16:00:00;180;228;1378;;32;;187;2005
17.09.2023 16:00:00;17.09.2023 17:00:00;180;223;1543;;30;;169;2145
17.09.2023 17:00:00;17.09.2023 18:00:00;181;219;1841;;21;;126;2388
17.09.2023 18:00:00;17.09.2023 19:00:00;181;217;1810;;27;;82;2317
17.09.2023 19:00:00;17.09.2023 20:00:00;180;215;1874;;29;;70;2368
17.09.2023 20:00:00;17.09.2023 21:00:00;181;212;1823;;36;;87;2339
17.09.2023 21:00:00;17.09.2023 22:00:00;180;210;1841;;30;;149;2410
17.09.2023 22:00:00;17.09.2023 23:00:00;180;206;1754;;28;;197;2365
17.09.2023 23:00:00;18.09.2023 00:00:00;180;206;1536;;25;;283;2230
18.09.2023 00:00:00;18.09.2023 01:00:00;177;226;1273;;37;;404;2117
18.09.2023 01:00:00;18.09.2023 02:00:00;177;223;1172;;29;;462;2063
18.09.2023 02:00:00;18.09.2023 03:00:00;177;221;1146;;34;;502;2080
18.09.2023 03:00:00;18.09.2023 04:00:00;178;213;1138;;35;;497;2061
18.09.2023 04:00:00;18.09.2023 05:00:00;178;216;1134;;35;;499;2062
18.09.2023 05:00:00;18.09.2023 06:00:00;177;223;1157;;48;;471;2076
18.09.2023 06:00:00;18.09.2023 07:00:00;177;181;1163;;43;;424;1988
18.09.2023 07:00:00;18.09.2023 08:00:00;177;221;1244;;39;;372;2053
18.09.2023 08:00:00;18.09.2023 09:00:00;177;213;1351;;28;;345;2114
18.09.2023 09:00:00;18.09.2023 10:00:00;177;204;1352;;27;;299;2059
18.09.2023 10:00:00;18.09.2023 11:00:00;176;201;1385;;22;;247;2031
18.09.2023 11:00:00;18.09.2023 12:00:00;175;178;1333;;34;;194;1914
18.09.2023 12:00:00;18.09.2023 13:00:00;177;185;1280;;24;;205;1871
18.09.2023 13:00:00;18.09.2023 14:00:00;177;183;1384;;27;;225;1996
18.09.2023 14:00:00;18.09.2023 15:00:00;178;177;1422;;30;;219;2026
18.09.2023 15:00:00;18.09.2023 16:00:00;178;173;1456;;33;;244;2084
18.09.2023 16:00:00;18.09.2023 17:00:00;177;176;1440;;27;;294;2114
18.09.2023 17:00:00;18.09.2023 18:00:00;178;174;1453;;25;;223;2053
18.09.2023 18:00:00;18.09.2023 19:00:00;178;168;1213;;23;;189;1771
18.09.2023 19:00:00;18.09.2023 20:00:00;178;179;949;;24;;115;1445
18.09.2023 20:00:00;18.09.2023 21:00:00;178;171;879;;32;;186;1446
18.09.2023 21:00:00;18.09.2023 22:00:00;178;167;811;;29;;252;1437
18.09.2023 22:00:00;18.09.2023 23:00:00;178;165;839;;27;;326;1535
18.09.2023 23:00:00;19.09.2023 00:00:00;178;167;867;;22;;360;1594
19.09.2023 00:00:00;19.09.2023 01:00:00;178;173;786;;49;;394;1580
19.09.2023 01:00:00;19.09.2023 02:00:00;178;172;745;;51;;413;1559
19.09.2023 02:00:00;19.09.2023 03:00:00;178;167;751;;32;;413;1541
19.09.2023 03:00:00;19.09.2023 04:00:00;178;170;746;;31;;382;1507
19.09.2023 04:00:00;19.09.2023 05:00:00;179;173;759;;33;;431;1575
19.09.2023 05:00:00;19.09.2023 06:00:00;178;172;837;;28;;501;1716
19.09.2023 06:00:00;19.09.2023 07:00:00;173;172;1011;;28;;514;1898
19.09.2023 07:00:00;19.09.2023 08:00:00;131;176;1096;;27;;624;2054
19.09.2023 08:00:00;19.09.2023 09:00:00;132;180;1000;;27;;665;2004
19.09.2023 09:00:00;19.09.2023 10:00:00;170;200;970;;28;;695;2063
19.09.2023 10:00:00;19.09.2023 11:00:00;179;201;988;;25;;667;2060
19.09.2023 11:00:00;19.09.2023 12:00:00;179;199;849;;16;;651;1894
19.09.2023 12:00:00;19.09.2023 13:00:00;178;201;842;;22;;604;1847
19.09.2023 13:00:00;19.09.2023 14:00:00;177;211;815;;23;;623;1849
19.09.2023 14:00:00;19.09.2023 15:00:00;177;200;856;;17;;585;1835
19.09.2023 15:00:00;19.09.2023 16:00:00;178;182;844;;26;;613;1843
19.09.2023 16:00:00;19.09.2023 17:00:00;171;168;843;;20;;655;1857
19.09.2023 17:00:00;19.09.2023 18:00:00;133;164;833;;20;;608;1758
19.09.2023 18:00:00;19.09.2023 19:00:00;132;162;832;;22;;573;1721
19.09.2023 19:00:00;19.09.2023 20:00:00;132;162;777;;25;;583;1679
19.09.2023 20:00:00;19.09.2023 21:00:00;132;161;701;;27;;660;1681
19.09.2023 21:00:00;19.09.2023 22:00:00;132;169;724;;27;;796;1848
19.09.2023 22:00:00;19.09.2023 23:00:00;153;176;709;;26;;763;1827
19.09.2023 23:00:00;20.09.2023 00:00:00;177;178;666;;30;;699;1750
20.09.2023 00:00:00;20.09.2023 01:00:00;177;182;549;;36;;681;1625
20.09.2023 01:00:00;20.09.2023 02:00:00;177;180;536;;37;;625;1555
20.09.2023 02:00:00;20.09.2023 03:00:00;177;170;543;;32;;622;1544
20.09.2023 03:00:00;20.09.2023 04:00:00;178;172;553;;36;;601;1540
20.09.2023 04:00:00;20.09.2023 05:00:00;178;182;562;;34;;520;1476
20.09.2023 05:00:00;20.09.2023 06:00:00;177;202;697;;38;;516;1630
20.09.2023 06:00:00;20.09.2023 07:00:00;177;214;678;;40;;631;1740
20.09.2023 07:00:00;20.09.2023 08:00:00;177;243;844;;43;;656;1963
20.09.2023 08:00:00;20.09.2023 09:00:00;177;240;825;;40;;650;1932
20.09.2023 09:00:00;20.09.2023 10:00:00;177;234;885;;44;;500;1840
20.09.2023 10:00:00;20.09.2023 11:00:00;177;224;916;;39;;520;1876
20.09.2023 11:00:00;20.09.2023 12:00:00;177;222;933;;46;;569;1947
20.09.2023 12:00:00;20.09.2023 13:00:00;176;220;859;;39;;594;1888
20.09.2023 13:00:00;20.09.2023 14:00:00;176;224;893;;46;;545;1884
20.09.2023 14:00:00;20.09.2023 15:00:00;177;229;819;;43;;523;1791
20.09.2023 15:00:00;20.09.2023 16:00:00;178;234;910;;37;;502;1861
20.09.2023 16:00:00;20.09.2023 17:00:00;177;254;1114;;42;;500;2087
20.09.2023 17:00:00;20.09.2023 18:00:00;178;256;1323;;40;;546;2343
20.09.2023 18:00:00;20.09.2023 19:00:00;179;261;1475;;36;;571;2522
20.09.2023 19:00:00;20.09.2023 20:00:00;179;255;1426;;44;;552;2456
20.09.2023 20:00:00;20.09.2023 21:00:00;179;246;1099;;42;;563;2129
20.09.2023 21:00:00;20.09.2023 22:00:00;179;242;875;;34;;569;1899
20.09.2023 22:00:00;20.09.2023 23:00:00;180;240;830;;36;;602;1888
20.09.2023 23:00:00;21.09.2023 00:00:00;180;245;808;;38;;564;1835
21.09.2023 00:00:00;21.09.2023 01:00:00;180;251;697;;38;;556;1722
21.09.2023 01:00:00;21.09.2023 02:00:00;180;247;614;;37;;551;1629
21.09.2023 02:00:00;21.09.2023 03:00:00;181;246;605;;36;;564;1632
21.09.2023 03:00:00;21.09.2023 04:00:00;181;246;613;;38;;545;1623
21.09.2023 04:00:00;21.09.2023 05:00:00;181;244;591;;37;;568;1621
21.09.2023 05:00:00;21.09.2023 06:00:00;180;243;683;;41;;560;1707
21.09.2023 06:00:00;21.09.2023 07:00:00;180;241;800;;42;;559;1822
21.09.2023 07:00:00;21.09.2023 08:00:00;180;243;948;;43;;571;1985
21.09.2023 08:00:00;21.09.2023 09:00:00;180;233;1080;;38;;534;2065
21.09.2023 09:00:00;21.09.2023 10:00:00;181;225;1068;;38;;510;2022
21.09.2023 10:00:00;21.09.2023 11:00:00;180;231;1037;;41;;532;2021
21.09.2023 11:00:00;21.09.2023 12:00:00;180;225;1012;;45;;552;2014
21.09.2023 12:00:00;21.09.2023 13:00:00;178;230;990;;38;;588;2024
21.09.2023 13:00:00;21.09.2023 14:00:00;176;244;989;;42;;659;2110
21.09.2023 14:00:00;21.09.2023 15:00:00;177;251;972;;48;;724;2172
21.09.2023 15:00:00;21.09.2023 16:00:00;177;258;962;;41;;726;2164
21.09.2023 16:00:00;21.09.2023 17:00:00;178;255;950;;37;;719;2139
21.09.2023 17:00:00;21.09.2023 18:00:00;178;256;950;;36;;739;2159
21.09.2023 18:00:00;21.09.2023 19:00:00;178;255;926;;34;;772;2165
21.09.2023 19:00:00;21.09.2023 20:00:00;178;257;950;;39;;735;2159
21.09.2023 20:00:00;21.09.2023 21:00:00;178;265;801;;40;;684;1968
21.09.2023 21:00:00;21.09.2023 22:00:00;178;262;824;;43;;615;1922
21.09.2023 22:00:00;21.09.2023 23:00:00;178;260;770;;38;;587;1833
21.09.2023 23:00:00;22.09.2023 00:00:00;178;237;730;;28;;540;1713
22.09.2023 00:00:00;22.09.2023 01:00:00;180;235;636;;36;;524;1611
22.09.2023 01:00:00;22.09.2023 02:00:00;180;238;572;;38;;548;1576
22.09.2023 02:00:00;22.09.2023 03:00:00;180;238;562;;35;;543;1558
22.09.2023 03:00:00;22.09.2023 04:00:00;180;241;558;;36;;518;1533
22.09.2023 04:00:00;22.09.2023 05:00:00;179;244;569;;32;;450;1474
22.09.2023 05:00:00;22.09.2023 06:00:00;178;246;670;;38;;386;1518
22.09.2023 06:00:00;22.09.2023 07:00:00;178;248;795;;42;;385;1648
22.09.2023 07:00:00;22.09.2023 08:00:00;178;247;965;;35;;357;1782
22.09.2023 08:00:00;22.09.2023 09:00:00;178;250;1037;;34;;296;1795
22.09.2023 09:00:00;22.09.2023 10:00:00;178;249;1098;;35;;206;1766
22.09.2023 10:00:00;22.09.2023 11:00:00;177;257;1106;;41;;161;1742
22.09.2023 11:00:00;22.09.2023 12:00:00;177;261;1376;;40;;191;2045
22.09.2023 12:00:00;22.09.2023 13:00:00;176;266;1377;;36;;216;2071
22.09.2023 13:00:00;22.09.2023 14:00:00;176;273;1371;;40;;253;2113
22.09.2023 14:00:00;22.09.2023 15:00:00;176;274;1400;;43;;201;2094
22.09.2023 15:00:00;22.09.2023 16:00:00;175;290;1336;;28;;106;1935
22.09.2023 16:00:00;22.09.2023 17:00:00;174;287;1311;;21;;80;1873
22.09.2023 17:00:00;22.09.2023 18:00:00;174;292;1161;;26;;73;1726
22.09.2023 18:00:00;22.09.2023 19:00:00;174;298;1151;;24;;46;1693
22.09.2023 19:00:00;22.09.2023 20:00:00;174;304;1112;;29;;50;1669
22.09.2023 20:00:00;22.09.2023 21:00:00;175;294;1095;;28;;73;1665
22.09.2023 21:00:00;22.09.2023 22:00:00;175;290;1138;;23;;98;1724
22.09.2023 22:00:00;22.09.2023 23:00:00;175;297;1120;;26;;148;1766
22.09.2023 23:00:00;23.09.2023 00:00:00;175;295;1128;;26;;177;1801
23.09.2023 00:00:00;23.09.2023 01:00:00;176;307;1110;;29;;196;1818
23.09.2023 01:00:00;23.09.2023 02:00:00;174;312;983;;24;;241;1734
23.09.2023 02:00:00;23.09.2023 03:00:00;174;318;964;;27;;248;1731
23.09.2023 03:00:00;23.09.2023 04:00:00;173;319;803;;25;;251;1571
23.09.2023 04:00:00;23.09.2023 05:00:00;174;321;725;;26;;224;1470
23.09.2023 05:00:00;23.09.2023 06:00:00;174;316;783;;28;;180;1481
23.09.2023 06:00:00;23.09.2023 07:00:00;175;315;787;;30;;177;1484
23.09.2023 07:00:00;23.09.2023 08:00:00;175;313;887;;25;;170;1570
23.09.2023 08:00:00;23.09.2023 09:00:00;174;312;930;;26;;148;1590
23.09.2023 09:00:00;23.09.2023 10:00:00;174;311;926;;24;;169;1604
23.09.2023 10:00:00;23.09.2023 11:00:00;174;311;990;;24;;172;1671
23.09.2023 11:00:00;23.09.2023 12:00:00;174;309;970;;26;;175;1654
23.09.2023 12:00:00;23.09.2023 13:00:00;175;305;988;;18;;148;1634
23.09.2023 13:00:00;23.09.2023 14:00:00;175;303;996;;29;;144;1647
23.09.2023 14:00:00;23.09.2023 15:00:00;175;300;1013;;29;;131;1648
23.09.2023 15:00:00;23.09.2023 16:00:00;175;299;982;;26;;130;1612
23.09.2023 16:00:00;23.09.2023 17:00:00;175;296;1050;;29;;127;1677
23.09.2023 17:00:00;23.09.2023 18:00:00;176;295;1333;;34;;131;1969
23.09.2023 18:00:00;23.09.2023 19:00:00;176;292;1379;;31;;141;2019
23.09.2023 19:00:00;23.09.2023 20:00:00;177;287;1343;;34;;145;1986
23.09.2023 20:00:00;23.09.2023 21:00:00;176;282;1116;;36;;139;1749
23.09.2023 21:00:00;23.09.2023 22:00:00;176;275;977;;30;;139;1597
23.09.2023 22:00:00;23.09.2023 23:00:00;177;272;888;;29;;146;1512
23.09.2023 23:00:00;24.09.2023 00:00:00;177;270;889;;32;;152;1520
24.09.2023 00:00:00;24.09.2023 01:00:00;177;287;926;;34;;153;1577
24.09.2023 01:00:00;24.09.2023 02:00:00;177;285;944;;34;;175;1615
24.09.2023 02:00:00;24.09.2023 03:00:00;177;285;906;;37;;191;1596
24.09.2023 03:00:00;24.09.2023 04:00:00;178;276;854;;39;;172;1519
24.09.2023 04:00:00;24.09.2023 05:00:00;177;271;850;;34;;208;1540
24.09.2023 05:00:00;24.09.2023 06:00:00;178;271;861;;33;;195;1538
24.09.2023 06:00:00;24.09.2023 07:00:00;178;269;857;;34;;213;1551
24.09.2023 07:00:00;24.09.2023 08:00:00;178;274;848;;35;;147;1482
24.09.2023 08:00:00;24.09.2023 09:00:00;177;275;924;;30;;177;1583
24.09.2023 09:00:00;24.09.2023 10:00:00;177;279;951;;31;;188;1626
24.09.2023 10:00:00;24.09.2023 11:00:00;177;277;899;;35;;202;1590
24.09.2023 11:00:00;24.09.2023 12:00:00;175;280;850;;34;;234;1573
24.09.2023 12:00:00;24.09.2023 13:00:00;176;271;806;;35;;183;1471
24.09.2023 13:00:00;24.09.2023 14:00:00;176;232;768;;38;;35;1249
24.09.2023 14:00:00;24.09.2023 15:00:00;175;227;748;;40;;30;1220
24.09.2023 15:00:00;24.09.2023 16:00:00;175;283;771;;32;;189;1450
24.09.2023 16:00:00;24.09.2023 17:00:00;175;290;1044;;30;;295;1834
24.09.2023 17:00:00;24.09.2023 18:00:00;176;289;1629;;35;;274;2403
24.09.2023 18:00:00;24.09.2023 19:00:00;175;291;2387;;37;;258;3148
24.09.2023 19:00:00;24.09.2023 20:00:00;175;294;2209;;39;;213;2930
24.09.2023 20:00:00;24.09.2023 21:00:00;178;294;1334;;40;;175;2021
24.09.2023 21:00:00;24.09.2023 22:00:00;178;292;995;;38;;195;1698
24.09.2023 22:00:00;24.09.2023 23:00:00;179;290;930;;38;;130;1567
24.09.2023 23:00:00;25.09.2023 00:00:00;179;288;860;;40;;110;1477
25.09.2023 00:00:00;25.09.2023 01:00:00;177;268;790;;38;;98;1371
25.09.2023 01:00:00;25.09.2023 02:00:00;177;265;732;;37;;119;1330
25.09.2023 02:00:00;25.09.2023 03:00:00;177;265;731;;36;;97;1306
25.09.2023 03:00:00;25.09.2023 04:00:00;177;262;743;;36;;75;1293
25.09.2023 04:00:00;25.09.2023 05:00:00;177;260;722;;35;;83;1277
25.09.2023 05:00:00;25.09.2023 06:00:00;177;256;768;;40;;137;1378
25.09.2023 06:00:00;25.09.2023 07:00:00;177;254;779;;40;;121;1371
25.09.2023 07:00:00;25.09.2023 08:00:00;177;256;883;;37;;111;1464
25.09.2023 08:00:00;25.09.2023 09:00:00;176;266;845;;33;;156;1476
25.09.2023 09:00:00;25.09.2023 10:00:00;175;267;885;;34;;227;1588
25.09.2023 10:00:00;25.09.2023 11:00:00;174;266;945;;32;;277;1694
25.09.2023 11:00:00;25.09.2023 12:00:00;174;262;872;;34;;410;1752
25.09.2023 12:00:00;25.09.2023 13:00:00;173;262;836;;35;;379;1685
25.09.2023 13:00:00;25.09.2023 14:00:00;174;266;831;;34;;305;1610
25.09.2023 14:00:00;25.09.2023 15:00:00;173;262;778;;33;;343;1589
25.09.2023 15:00:00;25.09.2023 16:00:00;172;257;823;;32;;399;1683
25.09.2023 16:00:00;25.09.2023 17:00:00;173;259;877;;36;;510;1855
25.09.2023 17:00:00;25.09.2023 18:00:00;173;264;861;;27;;505;1830
25.09.2023 18:00:00;25.09.2023 19:00:00;173;270;863;;26;;482;1814
25.09.2023 19:00:00;25.09.2023 20:00:00;172;278;839;;30;;538;1857
25.09.2023 20:00:00;25.09.2023 21:00:00;172;287;813;;27;;640;1939
25.09.2023 21:00:00;25.09.2023 22:00:00;172;288;754;;28;;672;1914
25.09.2023 22:00:00;25.09.2023 23:00:00;172;292;708;;30;;611;1813
25.09.2023 23:00:00;26.09.2023 00:00:00;172;275;730;;31;;548;1756
26.09.2023 00:00:00;26.09.2023 01:00:00;172;215;830;;32;;568;1817
26.09.2023 01:00:00;26.09.2023 02:00:00;171;210;776;;33;;614;1804
26.09.2023 02:00:00;26.09.2023 03:00:00;171;229;789;;31;;692;1912
26.09.2023 03:00:00;26.09.2023 04:00:00;171;233;784;;35;;667;1890
26.09.2023 04:00:00;26.09.2023 05:00:00;171;238;784;;34;;691;1918
26.09.2023 05:00:00;26.09.2023 06:00:00;171;285;898;;32;;757;2143
26.09.2023 06:00:00;26.09.2023 07:00:00;172;287;996;;38;;759;2252
26.09.2023 07:00:00;26.09.2023 08:00:00;173;252;1186;;31;;792;2434
26.09.2023 08:00:00;26.09.2023 09:00:00;173;241;1149;;28;;784;2375
26.09.2023 09:00:00;26.09.2023 10:00:00;174;249;1229;;30;;734;2416
26.09.2023 10:00:00;26.09.2023 11:00:00;174;262;1354;;29;;712;2531
26.09.2023 11:00:00;26.09.2023 12:00:00;174;265;1336;;36;;735;2546
26.09.2023 12:00:00;26.09.2023 13:00:00;174;263;1288;;38;;733;2496
26.09.2023 13:00:00;26.09.2023 14:00:00;173;268;1261;;38;;770;2510
26.09.2023 14:00:00;26.09.2023 15:00:00;172;280;1380;;27;;814;2673
26.09.2023 15:00:00;26.09.2023 16:00:00;171;279;1411;;27;;821;2709
26.09.2023 16:00:00;26.09.2023 17:00:00;171;277;1393;;29;;786;2656
26.09.2023 17:00:00;26.09.2023 18:00:00;171;277;1445;;29;;794;2716
26.09.2023 18:00:00;26.09.2023 19:00:00;171;288;1325;;29;;746;2559
26.09.2023 19:00:00;26.09.2023 20:00:00;170;337;1347;;33;;710;2597
26.09.2023 20:00:00;26.09.2023 21:00:00;172;345;1092;;35;;564;2208
26.09.2023 21:00:00;26.09.2023 22:00:00;173;342;1028;;31;;378;1952
26.09.2023 22:00:00;26.09.2023 23:00:00;173;332;1020;;35;;397;1957
26.09.2023 23:00:00;27.09.2023 00:00:00;174;329;962;;33;;417;1915
27.09.2023 00:00:00;27.09.2023 01:00:00;173;322;934;;36;;540;2005
27.09.2023 01:00:00;27.09.2023 02:00:00;172;313;938;;32;;566;2021
27.09.2023 02:00:00;27.09.2023 03:00:00;173;306;932;;36;;564;2011
27.09.2023 03:00:00;27.09.2023 04:00:00;173;299;933;;35;;573;2013
27.09.2023 04:00:00;27.09.2023 05:00:00;174;302;903;;34;;520;1933
27.09.2023 05:00:00;27.09.2023 06:00:00;174;301;973;;38;;541;2027
27.09.2023 06:00:00;27.09.2023 07:00:00;174;299;1220;;39;;602;2334
27.09.2023 07:00:00;27.09.2023 08:00:00;174;298;1386;;45;;589;2492
27.09.2023 08:00:00;27.09.2023 09:00:00;174;292;1396;;42;;537;2441
27.09.2023 09:00:00;27.09.2023 10:00:00;175;305;1369;;37;;385;2271
27.09.2023 10:00:00;27.09.2023 11:00:00;175;305;1422;;35;;365;2302
27.09.2023 11:00:00;27.09.2023 12:00:00;175;308;1472;;33;;292;2280
27.09.2023 12:00:00;27.09.2023 13:00:00;175;297;1459;;31;;251;2213
27.09.2023 13:00:00;27.09.2023 14:00:00;174;289;1387;;36;;223;2109
27.09.2023 14:00:00;27.09.2023 15:00:00;173;290;1409;;42;;145;2059
27.09.2023 15:00:00;27.09.2023 16:00:00;172;297;1496;;35;;119;2119
27.09.2023 16:00:00;27.09.2023 17:00:00;173;295;1485;;31;;94;2078
27.09.2023 17:00:00;27.09.2023 18:00:00;173;294;1533;;32;;78;2110
27.09.2023 18:00:00;27.09.2023 19:00:00;171;301;1508;;32;;122;2134
27.09.2023 19:00:00;27.09.2023 20:00:00;169;306;1548;;36;;237;2296
27.09.2023 20:00:00;27.09.2023 21:00:00;170;306;1264;;37;;258;2035
27.09.2023 21:00:00;27.09.2023 22:00:00;169;296;1043;;35;;200;1743
27.09.2023 22:00:00;27.09.2023 23:00:00;170;287;1063;;38;;175;1733
27.09.2023 23:00:00;28.09.2023 00:00:00;170;287;962;;35;;189;1643
28.09.2023 00:00:00;28.09.2023 01:00:00;170;279;927;;33;;227;1636
28.09.2023 01:00:00;28.09.2023 02:00:00;170;275;950;;32;;202;1629
28.09.2023 02:00:00;28.09.2023 03:00:00;173;277;947;;32;;144;1573
28.09.2023 03:00:00;28.09.2023 04:00:00;173;279;947;;33;;169;1601
28.09.2023 04:00:00;28.09.2023 05:00:00;173;279;973;;27;;144;1596
28.09.2023 05:00:00;28.09.2023 06:00:00;174;278;1019;;32;;114;1617
28.09.2023 06:00:00;28.09.2023 07:00:00;173;278;1388;;37;;127;2003
28.09.2023 07:00:00;28.09.2023 08:00:00;173;285;1650;;35;;134;2277
28.09.2023 08:00:00;28.09.2023 09:00:00;174;303;1735;;33;;144;2389
28.09.2023 09:00:00;28.09.2023 10:00:00;174;296;1675;;37;;209;2391
28.09.2023 10:00:00;28.09.2023 11:00:00;175;289;1651;;38;;283;2436
28.09.2023 11:00:00;28.09.2023 12:00:00;175;284;1584;;44;;333;2420
28.09.2023 12:00:00;28.09.2023 13:00:00;174;278;1469;;41;;389;2351
28.09.2023 13:00:00;28.09.2023 14:00:00;174;271;1505;;43;;412;2405
28.09.2023 14:00:00;28.09.2023 15:00:00;174;268;1283;;48;;434;2207
28.09.2023 15:00:00;28.09.2023 16:00:00;174;268;1291;;37;;428;2198
28.09.2023 16:00:00;28.09.2023 17:00:00;173;264;1196;;33;;440;2106
28.09.2023 17:00:00;28.09.2023 18:00:00;172;267;1236;;33;;459;2167
28.09.2023 18:00:00;28.09.2023 19:00:00;151;262;1160;;36;;471;2080
28.09.2023 19:00:00;28.09.2023 20:00:00;132;266;1166;;37;;484;2085
28.09.2023 20:00:00;28.09.2023 21:00:00;133;242;1029;;39;;504;1947
28.09.2023 21:00:00;28.09.2023 22:00:00;134;242;1045;;36;;520;1977
28.09.2023 22:00:00;28.09.2023 23:00:00;133;243;935;;36;;527;1874
28.09.2023 23:00:00;29.09.2023 00:00:00;134;242;925;;38;;550;1889
29.09.2023 00:00:00;29.09.2023 01:00:00;134;253;891;;38;;474;1790
29.09.2023 01:00:00;29.09.2023 02:00:00;133;255;909;;33;;549;1879
29.09.2023 02:00:00;29.09.2023 03:00:00;133;259;931;;32;;567;1922
29.09.2023 03:00:00;29.09.2023 04:00:00;134;268;947;;34;;558;1941
29.09.2023 04:00:00;29.09.2023 05:00:00;134;273;1013;;33;;569;2022
29.09.2023 05:00:00;29.09.2023 06:00:00;135;281;1081;;38;;575;2110
29.09.2023 06:00:00;29.09.2023 07:00:00;134;282;1267;;43;;536;2262
29.09.2023 07:00:00;29.09.2023 08:00:00;135;286;1352;;42;;574;2389
29.09.2023 08:00:00;29.09.2023 09:00:00;135;311;1439;;34;;509;2428
29.09.2023 09:00:00;29.09.2023 10:00:00;135;311;1488;;36;;411;2381
29.09.2023 10:00:00;29.09.2023 11:00:00;135;311;1470;;32;;402;2350
29.09.2023 11:00:00;29.09.2023 12:00:00;135;311;1519;;42;;400;2407
29.09.2023 12:00:00;29.09.2023 13:00:00;134;306;1483;;39;;290;2252
29.09.2023 13:00:00;29.09.2023 14:00:00;134;301;1444;;41;;235;2155
29.09.2023 14:00:00;29.09.2023 15:00:00;134;301;1450;;38;;187;2110
29.09.2023 15:00:00;29.09.2023 16:00:00;134;297;1416;;31;;176;2054
29.09.2023 16:00:00;29.09.2023 17:00:00;135;298;1388;;33;;215;2069
29.09.2023 17:00:00;29.09.2023 18:00:00;135;295;1431;;31;;188;2080
29.09.2023 18:00:00;29.09.2023 19:00:00;135;284;1440;;33;;154;2046
29.09.2023 19:00:00;29.09.2023 20:00:00;135;281;1324;;35;;151;1926
29.09.2023 20:00:00;29.09.2023 21:00:00;136;280;1212;;35;;195;1858
29.09.2023 21:00:00;29.09.2023 22:00:00;136;280;1070;;28;;210;1724
29.09.2023 22:00:00;29.09.2023 23:00:00;137;275;1056;;27;;225;1720
29.09.2023 23:00:00;30.09.2023 00:00:00;137;268;1031;;31;;204;1671
30.09.2023 00:00:00;30.09.2023 01:00:00;137;263;966;;31;;163;1560
30.09.2023 01:00:00;30.09.2023 02:00:00;137;251;932;;31;;155;1506
30.09.2023 02:00:00;30.09.2023 03:00:00;137;251;899;;30;;109;1426
30.09.2023 03:00:00;30.09.2023 04:00:00;137;250;887;;32;;120;1426
30.09.2023 04:00:00;30.09.2023 05:00:00;137;250;882;;33;;113;1415
30.09.2023 05:00:00;30.09.2023 06:00:00;137;248;921;;37;;96;1439
30.09.2023 06:00:00;30.09.2023 07:00:00;137;253;933;;38;;117;1478
30.09.2023 07:00:00;30.09.2023 08:00:00;137;254;913;;33;;115;1452
30.09.2023 08:00:00;30.09.2023 09:00:00;137;278;989;;35;;98;1537
30.09.2023 09:00:00;30.09.2023 10:00:00;137;276;1011;;33;;97;1554
30.09.2023 10:00:00;30.09.2023 11:00:00;137;270;966;;31;;139;1543
30.09.2023 11:00:00;30.09.2023 12:00:00;136;263;845;;32;;205;1481
30.09.2023 12:00:00;30.09.2023 13:00:00;136;269;836;;23;;242;1506
30.09.2023 13:00:00;30.09.2023 14:00:00;135;259;827;;38;;233;1492
30.09.2023 14:00:00;30.09.2023 15:00:00;136;266;898;;35;;297;1632
30.09.2023 15:00:00;30.09.2023 16:00:00;136;271;864;;31;;285;1587
30.09.2023 16:00:00;30.09.2023 17:00:00;136;272;872;;34;;246;1560
30.09.2023 17:00:00;30.09.2023 18:00:00;137;266;918;;36;;236;1593
30.09.2023 18:00:00;30.09.2023 19:00:00;136;263;982;;30;;200;1611
30.09.2023 19:00:00;30.09.2023 20:00:00;135;261;946;;38;;187;1567
30.09.2023 20:00:00;30.09.2023 21:00:00;139;269;820;;37;;228;1493
30.09.2023 21:00:00;30.09.2023 22:00:00;136;273;815;;35;;199;1458
30.09.2023 22:00:00;30.09.2023 23:00:00;136;274;808;;33;;150;1401
30.09.2023 23:00:00;01.10.2023 00:00:00;137;277;784;;33;;156;1387
01.10.2023 00:00:00;01.10.2023 01:00:00;137;254;773;;34;;163;1361
01.10.2023 01:00:00;01.10.2023 02:00:00;137;254;744;;34;;184;1353
01.10.2023 02:00:00;01.10.2023 03:00:00;138;254;745;;36;;193;1366
01.10.2023 03:00:00;01.10.2023 04:00:00;138;254;738;;39;;205;1374
01.10.2023 04:00:00;01.10.2023 05:00:00;138;253;741;;39;;199;1370
01.10.2023 05:00:00;01.10.2023 06:00:00;138;253;752;;40;;189;1372
01.10.2023 06:00:00;01.10.2023 07:00:00;139;258;778;;36;;190;1401
01.10.2023 07:00:00;01.10.2023 08:00:00;139;266;788;;33;;201;1427
01.10.2023 08:00:00;01.10.2023 09:00:00;139;274;819;;31;;202;1465
01.10.2023 09:00:00;01.10.2023 10:00:00;139;276;884;;32;;228;1559
01.10.2023 10:00:00;01.10.2023 11:00:00;139;273;869;;37;;244;1562
01.10.2023 11:00:00;01.10.2023 12:00:00;139;282;813;;36;;251;1521
01.10.2023 12:00:00;01.10.2023 13:00:00;139;280;825;;33;;262;1539
01.10.2023 13:00:00;01.10.2023 14:00:00;140;276;843;;38;;204;1501
01.10.2023 14:00:00;01.10.2023 15:00:00;140;284;912;;43;;170;1549
01.10.2023 15:00:00;01.10.2023 16:00:00;141;291;988;;41;;202;1663
01.10.2023 16:00:00;01.10.2023 17:00:00;142;289;1120;;38;;210;1799
01.10.2023 17:00:00;01.10.2023 18:00:00;142;287;1263;;39;;188;1919
01.10.2023 18:00:00;01.10.2023 19:00:00;143;288;1355;;55;;176;2017
01.10.2023 19:00:00;01.10.2023 20:00:00;143;285;1295;;49;;224;1996
01.10.2023 20:00:00;01.10.2023 21:00:00;143;278;1208;;44;;185;1858
01.10.2023 21:00:00;01.10.2023 22:00:00;143;269;1240;;30;;156;1838
01.10.2023 22:00:00;01.10.2023 23:00:00;143;265;1192;;28;;156;1784
01.10.2023 23:00:00;02.10.2023 00:00:00;143;270;1086;;41;;150;1690
02.10.2023 00:00:00;02.10.2023 01:00:00;144;275;1071;;43;;136;1669
02.10.2023 01:00:00;02.10.2023 02:00:00;143;274;1024;;34;;147;1622
02.10.2023 02:00:00;02.10.2023 03:00:00;142;278;1010;;14;;224;1668
02.10.2023 03:00:00;02.10.2023 04:00:00;142;256;1024;;32;;248;1702
02.10.2023 04:00:00;02.10.2023 05:00:00;142;252;1072;;33;;251;1750
02.10.2023 05:00:00;02.10.2023 06:00:00;142;252;1159;;36;;301;1890
02.10.2023 06:00:00;02.10.2023 07:00:00;142;253;1415;;32;;283;2125
02.10.2023 07:00:00;02.10.2023 08:00:00;141;250;1823;;29;;300;2543
02.10.2023 08:00:00;02.10.2023 09:00:00;141;246;1708;;28;;284;2407
02.10.2023 09:00:00;02.10.2023 10:00:00;142;252;1689;;30;;257;2370
02.10.2023 10:00:00;02.10.2023 11:00:00;142;255;1763;;27;;286;2473
02.10.2023 11:00:00;02.10.2023 12:00:00;174;252;1856;;31;;272;2585
02.10.2023 12:00:00;02.10.2023 13:00:00;187;247;1921;;25;;283;2663
02.10.2023 13:00:00;02.10.2023 14:00:00;187;242;1894;;23;;271;2617
02.10.2023 14:00:00;02.10.2023 15:00:00;189;245;1823;;20;;242;2519
02.10.2023 15:00:00;02.10.2023 16:00:00;187;242;1686;;25;;205;2345
02.10.2023 16:00:00;02.10.2023 17:00:00;187;244;1784;;22;;199;2436
02.10.2023 17:00:00;02.10.2023 18:00:00;189;250;1976;;24;;191;2630
02.10.2023 18:00:00;02.10.2023 19:00:00;189;250;1978;;26;;168;2611
02.10.2023 19:00:00;02.10.2023 20:00:00;187;246;1975;;23;;192;2623
02.10.2023 20:00:00;02.10.2023 21:00:00;187;245;1410;;21;;102;1965
02.10.2023 21:00:00;02.10.2023 22:00:00;187;245;1222;;21;;119;1794
02.10.2023 22:00:00;02.10.2023 23:00:00;187;246;1158;;24;;141;1756
02.10.2023 23:00:00;03.10.2023 00:00:00;188;250;1063;;32;;180;1713
03.10.2023 00:00:00;03.10.2023 01:00:00;188;267;1003;;36;;157;1651
03.10.2023 01:00:00;03.10.2023 02:00:00;188;276;992;;38;;109;1603
03.10.2023 02:00:00;03.10.2023 03:00:00;187;282;982;;38;;146;1635
03.10.2023 03:00:00;03.10.2023 04:00:00;187;286;987;;39;;220;1719
03.10.2023 04:00:00;03.10.2023 05:00:00;187;290;993;;36;;168;1674
03.10.2023 05:00:00;03.10.2023 06:00:00;187;290;1093;;40;;190;1800
03.10.2023 06:00:00;03.10.2023 07:00:00;188;292;1301;;34;;197;2012
03.10.2023 07:00:00;03.10.2023 08:00:00;188;297;1917;;44;;254;2700
03.10.2023 08:00:00;03.10.2023 09:00:00;187;298;1916;;41;;187;2629
03.10.2023 09:00:00;03.10.2023 10:00:00;187;300;1564;;42;;229;2322
03.10.2023 10:00:00;03.10.2023 11:00:00;187;305;1614;;48;;207;2361
03.10.2023 11:00:00;03.10.2023 12:00:00;188;307;1499;;47;;199;2240
03.10.2023 12:00:00;03.10.2023 13:00:00;189;307;1215;;45;;201;1957
03.10.2023 13:00:00;03.10.2023 14:00:00;189;307;1227;;41;;162;1926
03.10.2023 14:00:00;03.10.2023 15:00:00;188;313;1136;;43;;136;1816
03.10.2023 15:00:00;03.10.2023 16:00:00;188;303;1147;;38;;95;1771
03.10.2023 16:00:00;03.10.2023 17:00:00;187;299;1490;;35;;103;2114
03.10.2023 17:00:00;03.10.2023 18:00:00;188;302;1676;;42;;96;2304
03.10.2023 18:00:00;03.10.2023 19:00:00;187;296;1897;;44;;112;2536
03.10.2023 19:00:00;03.10.2023 20:00:00;188;290;1633;;47;;121;2279
03.10.2023 20:00:00;03.10.2023 21:00:00;188;287;1305;;39;;128;1947
03.10.2023 21:00:00;03.10.2023 22:00:00;188;286;1251;;39;;113;1877
03.10.2023 22:00:00;03.10.2023 23:00:00;188;285;1163;;39;;97;1772
03.10.2023 23:00:00;04.10.2023 00:00:00;187;283;1097;;37;;85;1689
04.10.2023 00:00:00;04.10.2023 01:00:00;187;272;1060;;40;;66;1625
04.10.2023 01:00:00;04.10.2023 02:00:00;186;280;953;;33;;68;1520
04.10.2023 02:00:00;04.10.2023 03:00:00;186;282;978;;37;;100;1583
04.10.2023 03:00:00;04.10.2023 04:00:00;186;288;1007;;37;;115;1633
04.10.2023 04:00:00;04.10.2023 05:00:00;186;291;1011;;29;;148;1665
04.10.2023 05:00:00;04.10.2023 06:00:00;186;285;1032;;31;;239;1773
04.10.2023 06:00:00;04.10.2023 07:00:00;186;280;1012;;39;;257;1774
04.10.2023 07:00:00;04.10.2023 08:00:00;185;285;1089;;40;;261;1860
04.10.2023 08:00:00;04.10.2023 09:00:00;185;291;1065;;39;;198;1778
04.10.2023 09:00:00;04.10.2023 10:00:00;186;290;1050;;38;;167;1731
04.10.2023 10:00:00;04.10.2023 11:00:00;186;290;1004;;42;;292;1814
04.10.2023 11:00:00;04.10.2023 12:00:00;187;290;1049;;40;;336;1902
04.10.2023 12:00:00;04.10.2023 13:00:00;187;287;987;;38;;514;2013
04.10.2023 13:00:00;04.10.2023 14:00:00;186;287;993;;38;;558;2062
04.10.2023 14:00:00;04.10.2023 15:00:00;186;283;982;;37;;574;2062
04.10.2023 15:00:00;04.10.2023 16:00:00;186;282;1070;;37;;608;2183
04.10.2023 16:00:00;04.10.2023 17:00:00;186;278;1103;;33;;590;2190
04.10.2023 17:00:00;04.10.2023 18:00:00;185;278;1121;;16;;560;2160
04.10.2023 18:00:00;04.10.2023 19:00:00;186;277;1082;;30;;552;2127
04.10.2023 19:00:00;04.10.2023 20:00:00;186;278;1016;;31;;494;2005
04.10.2023 20:00:00;04.10.2023 21:00:00;186;274;1097;;33;;447;2037
04.10.2023 21:00:00;04.10.2023 22:00:00;185;273;1136;;33;;493;2120
04.10.2023 22:00:00;04.10.2023 23:00:00;185;269;1135;;36;;489;2114
04.10.2023 23:00:00;05.10.2023 00:00:00;186;266;1043;;27;;477;1999
05.10.2023 00:00:00;05.10.2023 01:00:00;186;263;990;;26;;473;1938
05.10.2023 01:00:00;05.10.2023 02:00:00;186;261;1001;;21;;494;1963
05.10.2023 02:00:00;05.10.2023 03:00:00;186;257;995;;16;;527;1981
05.10.2023 03:00:00;05.10.2023 04:00:00;185;255;983;;16;;590;2029
05.10.2023 04:00:00;05.10.2023 05:00:00;186;254;987;;30;;632;2089
05.10.2023 05:00:00;05.10.2023 06:00:00;185;255;922;;35;;621;2018
05.10.2023 06:00:00;05.10.2023 07:00:00;186;254;994;;37;;622;2093
05.10.2023 07:00:00;05.10.2023 08:00:00;185;260;1091;;44;;614;2194
05.10.2023 08:00:00;05.10.2023 09:00:00;185;258;1205;;41;;601;2290
05.10.2023 09:00:00;05.10.2023 10:00:00;185;258;1388;;38;;617;2486
05.10.2023 10:00:00;05.10.2023 11:00:00;185;257;1384;;41;;602;2469
05.10.2023 11:00:00;05.10.2023 12:00:00;186;253;1232;;36;;574;2281
05.10.2023 12:00:00;05.10.2023 13:00:00;186;247;1091;;30;;629;2183
05.10.2023 13:00:00;05.10.2023 14:00:00;186;239;1065;;40;;706;2236
05.10.2023 14:00:00;05.10.2023 15:00:00;186;238;1073;;47;;661;2205
05.10.2023 15:00:00;05.10.2023 16:00:00;186;244;1082;;38;;786;2336
05.10.2023 16:00:00;05.10.2023 17:00:00;193;255;1266;;36;;751;2501
05.10.2023 17:00:00;05.10.2023 18:00:00;201;261;1486;;38;;738;2724
05.10.2023 18:00:00;05.10.2023 19:00:00;201;261;1438;;17;;745;2662
05.10.2023 19:00:00;05.10.2023 20:00:00;202;253;1275;;18;;638;2386
05.10.2023 20:00:00;05.10.2023 21:00:00;202;249;1147;;18;;432;2048
05.10.2023 21:00:00;05.10.2023 22:00:00;202;253;1114;;15;;391;1975
05.10.2023 22:00:00;05.10.2023 23:00:00;202;243;1057;;16;;351;1869
05.10.2023 23:00:00;06.10.2023 00:00:00;202;247;1004;;17;;333;1803
06.10.2023 00:00:00;06.10.2023 01:00:00;203;213;1092;;16;;293;1817
06.10.2023 01:00:00;06.10.2023 02:00:00;202;199;988;;16;;297;1702
06.10.2023 02:00:00;06.10.2023 03:00:00;202;198;978;;16;;283;1677
06.10.2023 03:00:00;06.10.2023 04:00:00;202;199;1026;;18;;319;1764
06.10.2023 04:00:00;06.10.2023 05:00:00;201;195;1100;;36;;319;1851
06.10.2023 05:00:00;06.10.2023 06:00:00;201;199;1292;;37;;285;2014
06.10.2023 06:00:00;06.10.2023 07:00:00;201;218;1402;;37;;321;2179
06.10.2023 07:00:00;06.10.2023 08:00:00;192;239;1857;;37;;340;2665
06.10.2023 08:00:00;06.10.2023 09:00:00;177;246;1704;;15;;322;2464
06.10.2023 09:00:00;06.10.2023 10:00:00;177;242;1652;;14;;290;2375
06.10.2023 10:00:00;06.10.2023 11:00:00;178;237;1577;;15;;273;2280
06.10.2023 11:00:00;06.10.2023 12:00:00;178;237;1325;;17;;275;2032
06.10.2023 12:00:00;06.10.2023 13:00:00;178;241;1268;;15;;283;1985
06.10.2023 13:00:00;06.10.2023 14:00:00;178;236;1190;;15;;225;1844
06.10.2023 14:00:00;06.10.2023 15:00:00;178;228;1095;;15;;243;1759
06.10.2023 15:00:00;06.10.2023 16:00:00;179;229;1105;;15;;287;1815
06.10.2023 16:00:00;06.10.2023 17:00:00;179;228;1119;;15;;236;1777
06.10.2023 17:00:00;06.10.2023 18:00:00;179;221;1162;;15;;249;1826
06.10.2023 18:00:00;06.10.2023 19:00:00;179;222;1197;;16;;236;1850
06.10.2023 19:00:00;06.10.2023 20:00:00;178;226;1054;;15;;207;1680
06.10.2023 20:00:00;06.10.2023 21:00:00;178;230;935;;15;;238;1596
06.10.2023 21:00:00;06.10.2023 22:00:00;177;221;883;;14;;230;1525
06.10.2023 22:00:00;06.10.2023 23:00:00;178;219;851;;15;;399;1662
06.10.2023 23:00:00;07.10.2023 00:00:00;178;180;842;;16;;352;1568
07.10.2023 00:00:00;07.10.2023 01:00:00;183;181;726;;16;;278;1384
07.10.2023 01:00:00;07.10.2023 02:00:00;201;181;647;;16;;312;1357
07.10.2023 02:00:00;07.10.2023 03:00:00;201;181;655;;16;;299;1352
07.10.2023 03:00:00;07.10.2023 04:00:00;201;180;679;;15;;312;1387
07.10.2023 04:00:00;07.10.2023 05:00:00;201;179;797;;15;;283;1475
07.10.2023 05:00:00;07.10.2023 06:00:00;201;179;830;;15;;300;1525
07.10.2023 06:00:00;07.10.2023 07:00:00;201;180;884;;15;;229;1509
07.10.2023 07:00:00;07.10.2023 08:00:00;201;186;997;;15;;179;1578
07.10.2023 08:00:00;07.10.2023 09:00:00;201;211;1071;;14;;175;1672
07.10.2023 09:00:00;07.10.2023 10:00:00;201;211;1044;;14;;198;1668
07.10.2023 10:00:00;07.10.2023 11:00:00;201;207;1053;;15;;203;1679
07.10.2023 11:00:00;07.10.2023 12:00:00;201;208;1024;;15;;163;1611
07.10.2023 12:00:00;07.10.2023 13:00:00;201;209;934;;15;;103;1462
07.10.2023 13:00:00;07.10.2023 14:00:00;202;211;916;;16;;175;1520
07.10.2023 14:00:00;07.10.2023 15:00:00;201;212;919;;16;;214;1562
07.10.2023 15:00:00;07.10.2023 16:00:00;201;210;926;;16;;223;1576
07.10.2023 16:00:00;07.10.2023 17:00:00;202;208;934;;16;;210;1570
07.10.2023 17:00:00;07.10.2023 18:00:00;201;215;1102;;16;;300;1834
07.10.2023 18:00:00;07.10.2023 19:00:00;201;221;1203;;16;;397;2038
07.10.2023 19:00:00;07.10.2023 20:00:00;201;215;1183;;17;;373;1989
07.10.2023 20:00:00;07.10.2023 21:00:00;201;209;1144;;16;;329;1899
07.10.2023 21:00:00;07.10.2023 22:00:00;201;207;1061;;19;;348;1836
07.10.2023 22:00:00;07.10.2023 23:00:00;200;191;1074;;15;;278;1758
07.10.2023 23:00:00;08.10.2023 00:00:00;201;182;992;;16;;317;1708
08.10.2023 00:00:00;08.10.2023 01:00:00;201;188;1022;;16;;345;1772
08.10.2023 01:00:00;08.10.2023 02:00:00;201;184;987;;16;;323;1711
08.10.2023 02:00:00;08.10.2023 03:00:00;201;186;909;;18;;252;1566
08.10.2023 03:00:00;08.10.2023 04:00:00;201;185;851;;18;;179;1434
08.10.2023 04:00:00;08.10.2023 05:00:00;200;187;847;;17;;162;1413
08.10.2023 05:00:00;08.10.2023 06:00:00;201;189;869;;16;;214;1489
08.10.2023 06:00:00;08.10.2023 07:00:00;200;193;989;;16;;226;1624
08.10.2023 07:00:00;08.10.2023 08:00:00;200;194;1126;;15;;174;1709
08.10.2023 08:00:00;08.10.2023 09:00:00;200;215;1060;;15;;171;1661
08.10.2023 09:00:00;08.10.2023 10:00:00;200;215;1203;;15;;147;1780
08.10.2023 10:00:00;08.10.2023 11:00:00;201;214;1228;;15;;133;1791
08.10.2023 11:00:00;08.10.2023 12:00:00;200;219;1180;;16;;103;1718
08.10.2023 12:00:00;08.10.2023 13:00:00;200;221;1061;;15;;128;1625
08.10.2023 13:00:00;08.10.2023 14:00:00;200;223;1006;;16;;138;1583
08.10.2023 14:00:00;08.10.2023 15:00:00;179;224;1018;;15;;171;1607
08.10.2023 15:00:00;08.10.2023 16:00:00;177;225;1175;;17;;140;1734
08.10.2023 16:00:00;08.10.2023 17:00:00;177;231;1290;;16;;114;1828
08.10.2023 17:00:00;08.10.2023 18:00:00;177;234;1390;;16;;145;1962
08.10.2023 18:00:00;08.10.2023 19:00:00;177;233;1534;;17;;93;2054
08.10.2023 19:00:00;08.10.2023 20:00:00;177;231;1480;;17;;69;1974
08.10.2023 20:00:00;08.10.2023 21:00:00;178;231;1495;;16;;57;1977
08.10.2023 21:00:00;08.10.2023 22:00:00;177;231;1503;;17;;57;1985
08.10.2023 22:00:00;08.10.2023 23:00:00;177;211;1437;;18;;51;1894
08.10.2023 23:00:00;09.10.2023 00:00:00;200;206;1327;;18;;124;1875
09.10.2023 00:00:00;09.10.2023 01:00:00;198;205;1224;;18;;136;1781
09.10.2023 01:00:00;09.10.2023 02:00:00;198;204;1143;;18;;109;1672
09.10.2023 02:00:00;09.10.2023 03:00:00;197;204;1094;;17;;124;1636
09.10.2023 03:00:00;09.10.2023 04:00:00;198;203;1133;;18;;148;1700
09.10.2023 04:00:00;09.10.2023 05:00:00;198;201;1213;;17;;137;1766
09.10.2023 05:00:00;09.10.2023 06:00:00;198;202;1596;;17;;143;2156
09.10.2023 06:00:00;09.10.2023 07:00:00;198;201;1754;;18;;117;2288
09.10.2023 07:00:00;09.10.2023 08:00:00;198;212;1917;;17;;92;2436
09.10.2023 08:00:00;09.10.2023 09:00:00;197;219;1940;;17;;71;2444
09.10.2023 09:00:00;09.10.2023 10:00:00;197;222;2008;;17;;60;2504
09.10.2023 10:00:00;09.10.2023 11:00:00;197;220;2084;;16;;85;2602
09.10.2023 11:00:00;09.10.2023 12:00:00;198;219;2093;;17;;86;2613
09.10.2023 12:00:00;09.10.2023 13:00:00;199;226;2223;;18;;109;2775
09.10.2023 13:00:00;09.10.2023 14:00:00;199;227;2260;;17;;136;2839
09.10.2023 14:00:00;09.10.2023 15:00:00;198;223;2274;;18;;119;2832
09.10.2023 15:00:00;09.10.2023 16:00:00;198;223;2265;;17;;82;2785
09.10.2023 16:00:00;09.10.2023 17:00:00;199;223;2233;;17;;77;2749
09.10.2023 17:00:00;09.10.2023 18:00:00;199;225;2174;;18;;68;2684
09.10.2023 18:00:00;09.10.2023 19:00:00;199;236;2045;;18;;104;2602
09.10.2023 19:00:00;09.10.2023 20:00:00;198;227;1775;;19;;147;2366
09.10.2023 20:00:00;09.10.2023 21:00:00;199;222;1731;;18;;159;2329
09.10.2023 21:00:00;09.10.2023 22:00:00;198;219;1799;;18;;94;2328
09.10.2023 22:00:00;09.10.2023 23:00:00;197;210;1908;;18;;105;2438
09.10.2023 23:00:00;10.10.2023 00:00:00;202;199;2019;;17;;113;2550
10.10.2023 00:00:00;10.10.2023 01:00:00;203;201;1957;;17;;144;2522
10.10.2023 01:00:00;10.10.2023 02:00:00;203;201;1716;;17;;171;2308
10.10.2023 02:00:00;10.10.2023 03:00:00;202;204;1694;;16;;174;2290
10.10.2023 03:00:00;10.10.2023 04:00:00;201;201;1727;;18;;180;2327
10.10.2023 04:00:00;10.10.2023 05:00:00;201;192;1888;;17;;189;2487
10.10.2023 05:00:00;10.10.2023 06:00:00;201;188;1783;;17;;173;2362
10.10.2023 06:00:00;10.10.2023 07:00:00;201;186;1872;;17;;146;2422
10.10.2023 07:00:00;10.10.2023 08:00:00;201;208;1819;;17;;196;2441
10.10.2023 08:00:00;10.10.2023 09:00:00;201;230;1782;;17;;231;2461
10.10.2023 09:00:00;10.10.2023 10:00:00;200;228;2004;;17;;259;2708
10.10.2023 10:00:00;10.10.2023 11:00:00;202;227;1998;;16;;312;2755
10.10.2023 11:00:00;10.10.2023 12:00:00;203;229;1922;;16;;298;2668
10.10.2023 12:00:00;10.10.2023 13:00:00;202;224;1850;;16;;320;2612
10.10.2023 13:00:00;10.10.2023 14:00:00;202;218;1685;;16;;370;2491
10.10.2023 14:00:00;10.10.2023 15:00:00;203;218;1454;;16;;433;2324
10.10.2023 15:00:00;10.10.2023 16:00:00;203;229;1184;;17;;459;2092
10.10.2023 16:00:00;10.10.2023 17:00:00;201;209;1076;;17;;472;1975
10.10.2023 17:00:00;10.10.2023 18:00:00;201;201;1026;;17;;593;2038
10.10.2023 18:00:00;10.10.2023 19:00:00;200;192;941;;17;;687;2037
10.10.2023 19:00:00;10.10.2023 20:00:00;200;182;890;;17;;704;1993
10.10.2023 20:00:00;10.10.2023 21:00:00;200;188;782;;16;;764;1950
10.10.2023 21:00:00;10.10.2023 22:00:00;200;182;766;;15;;794;1957
10.10.2023 22:00:00;10.10.2023 23:00:00;200;162;744;;15;;838;1959
10.10.2023 23:00:00;11.10.2023 00:00:00;201;154;690;;15;;834;1894
11.10.2023 00:00:00;11.10.2023 01:00:00;202;137;613;;15;;837;1804
11.10.2023 01:00:00;11.10.2023 02:00:00;202;150;618;;15;;794;1779
11.10.2023 02:00:00;11.10.2023 03:00:00;201;142;621;;14;;671;1649
11.10.2023 03:00:00;11.10.2023 04:00:00;201;136;623;;15;;625;1600
11.10.2023 04:00:00;11.10.2023 05:00:00;201;142;644;;14;;609;1610
11.10.2023 05:00:00;11.10.2023 06:00:00;202;174;705;;14;;626;1721
11.10.2023 06:00:00;11.10.2023 07:00:00;202;228;775;;14;;682;1901
11.10.2023 07:00:00;11.10.2023 08:00:00;203;236;899;;13;;659;2010
11.10.2023 08:00:00;11.10.2023 09:00:00;201;241;916;;14;;644;2016
11.10.2023 09:00:00;11.10.2023 10:00:00;202;242;934;;15;;642;2035
11.10.2023 10:00:00;11.10.2023 11:00:00;202;242;1031;;16;;547;2038
11.10.2023 11:00:00;11.10.2023 12:00:00;203;241;934;;15;;574;1967
11.10.2023 12:00:00;11.10.2023 13:00:00;203;241;894;;15;;571;1924
11.10.2023 13:00:00;11.10.2023 14:00:00;202;244;842;;15;;680;1983
11.10.2023 14:00:00;11.10.2023 15:00:00;203;252;868;;15;;615;1953
11.10.2023 15:00:00;11.10.2023 16:00:00;202;234;883;;15;;567;1901
11.10.2023 16:00:00;11.10.2023 17:00:00;202;223;981;;14;;591;2011
11.10.2023 17:00:00;11.10.2023 18:00:00;202;229;968;;16;;589;2004
11.10.2023 18:00:00;11.10.2023 19:00:00;203;258;886;;17;;505;1869
11.10.2023 19:00:00;11.10.2023 20:00:00;204;266;847;;16;;381;1714
11.10.2023 20:00:00;11.10.2023 21:00:00;204;263;780;;15;;241;1503
11.10.2023 21:00:00;11.10.2023 22:00:00;203;253;765;;15;;172;1408
11.10.2023 22:00:00;11.10.2023 23:00:00;203;230;740;;15;;130;1318
11.10.2023 23:00:00;12.10.2023 00:00:00;203;233;755;;15;;167;1373
12.10.2023 00:00:00;12.10.2023 01:00:00;203;227;751;;16;;223;1420
12.10.2023 01:00:00;12.10.2023 02:00:00;203;227;778;;16;;226;1450
12.10.2023 02:00:00;12.10.2023 03:00:00;203;225;681;;16;;251;1376
12.10.2023 03:00:00;12.10.2023 04:00:00;203;218;648;;16;;206;1291
12.10.2023 04:00:00;12.10.2023 05:00:00;203;211;645;;15;;269;1343
12.10.2023 05:00:00;12.10.2023 06:00:00;203;198;662;;16;;258;1337
12.10.2023 06:00:00;12.10.2023 07:00:00;204;210;800;;16;;337;1567
12.10.2023 07:00:00;12.10.2023 08:00:00;203;217;859;;15;;360;1654
12.10.2023 08:00:00;12.10.2023 09:00:00;204;218;1103;;16;;304;1845
12.10.2023 09:00:00;12.10.2023 10:00:00;203;219;1061;;17;;264;1764
12.10.2023 10:00:00;12.10.2023 11:00:00;203;221;906;;17;;271;1618
12.10.2023 11:00:00;12.10.2023 12:00:00;202;218;883;;17;;310;1630
12.10.2023 12:00:00;12.10.2023 13:00:00;203;200;878;;15;;317;1613
12.10.2023 13:00:00;12.10.2023 14:00:00;203;191;874;;15;;390;1673
12.10.2023 14:00:00;12.10.2023 15:00:00;203;197;801;;16;;423;1640
12.10.2023 15:00:00;12.10.2023 16:00:00;202;208;768;;16;;446;1640
12.10.2023 16:00:00;12.10.2023 17:00:00;203;212;775;;17;;342;1549
12.10.2023 17:00:00;12.10.2023 18:00:00;204;204;862;;17;;359;1646
12.10.2023 18:00:00;12.10.2023 19:00:00;203;201;942;;17;;351;1714
12.10.2023 19:00:00;12.10.2023 20:00:00;203;200;924;;18;;257;1602
12.10.2023 20:00:00;12.10.2023 21:00:00;203;209;897;;17;;216;1542
12.10.2023 21:00:00;12.10.2023 22:00:00;203;211;1013;;16;;192;1635
12.10.2023 22:00:00;12.10.2023 23:00:00;203;203;960;;17;;186;1569
12.10.2023 23:00:00;13.10.2023 00:00:00;203;204;882;;17;;140;1446
13.10.2023 00:00:00;13.10.2023 01:00:00;203;216;869;;18;;84;1390
13.10.2023 01:00:00;13.10.2023 02:00:00;203;218;874;;18;;69;1382
13.10.2023 02:00:00;13.10.2023 03:00:00;202;219;899;;17;;60;1397
13.10.2023 03:00:00;13.10.2023 04:00:00;202;217;887;;19;;47;1372
13.10.2023 04:00:00;13.10.2023 05:00:00;202;216;829;;17;;44;1308
13.10.2023 05:00:00;13.10.2023 06:00:00;203;213;1061;;19;;23;1519
13.10.2023 06:00:00;13.10.2023 07:00:00;203;218;1546;;17;;70;2054
13.10.2023 07:00:00;13.10.2023 08:00:00;203;247;1969;;18;;60;2497
13.10.2023 08:00:00;13.10.2023 09:00:00;202;247;1996;;17;;66;2528
13.10.2023 09:00:00;13.10.2023 10:00:00;202;247;1986;;17;;71;2523
13.10.2023 10:00:00;13.10.2023 11:00:00;202;247;2003;;17;;87;2556
13.10.2023 11:00:00;13.10.2023 12:00:00;202;246;1982;;18;;135;2583
13.10.2023 12:00:00;13.10.2023 13:00:00;202;247;1992;;17;;164;2622
13.10.2023 13:00:00;13.10.2023 14:00:00;202;241;1670;;17;;240;2370
13.10.2023 14:00:00;13.10.2023 15:00:00;202;236;1439;;17;;223;2117
13.10.2023 15:00:00;13.10.2023 16:00:00;202;229;1389;;16;;271;2107
13.10.2023 16:00:00;13.10.2023 17:00:00;202;229;1240;;16;;400;2087
13.10.2023 17:00:00;13.10.2023 18:00:00;202;228;1117;;16;;449;2012
13.10.2023 18:00:00;13.10.2023 19:00:00;202;227;1188;;17;;456;2090
13.10.2023 19:00:00;13.10.2023 20:00:00;203;224;1053;;15;;424;1919
13.10.2023 20:00:00;13.10.2023 21:00:00;203;200;892;;15;;467;1777
13.10.2023 21:00:00;13.10.2023 22:00:00;203;195;897;;15;;483;1793
13.10.2023 22:00:00;13.10.2023 23:00:00;205;167;864;;16;;463;1715
13.10.2023 23:00:00;14.10.2023 00:00:00;204;165;823;;16;;475;1683
14.10.2023 00:00:00;14.10.2023 01:00:00;202;178;835;;16;;466;1697
14.10.2023 01:00:00;14.10.2023 02:00:00;203;173;807;;15;;504;1702
14.10.2023 02:00:00;14.10.2023 03:00:00;205;168;801;;15;;483;1672
14.10.2023 03:00:00;14.10.2023 04:00:00;208;163;755;;17;;516;1659
14.10.2023 04:00:00;14.10.2023 05:00:00;206;159;663;;20;;534;1582
14.10.2023 05:00:00;14.10.2023 06:00:00;205;159;674;;16;;551;1605
14.10.2023 06:00:00;14.10.2023 07:00:00;205;161;660;;15;;538;1579
14.10.2023 07:00:00;14.10.2023 08:00:00;205;169;732;;13;;555;1674
14.10.2023 08:00:00;14.10.2023 09:00:00;205;195;745;;17;;522;1684
14.10.2023 09:00:00;14.10.2023 10:00:00;204;195;723;;19;;522;1663
14.10.2023 10:00:00;14.10.2023 11:00:00;203;197;724;;17;;543;1684
14.10.2023 11:00:00;14.10.2023 12:00:00;203;199;679;;16;;471;1568
14.10.2023 12:00:00;14.10.2023 13:00:00;203;196;699;;20;;345;1463
14.10.2023 13:00:00;14.10.2023 14:00:00;203;195;789;;21;;283;1491
14.10.2023 14:00:00;14.10.2023 15:00:00;202;198;792;;21;;255;1468
14.10.2023 15:00:00;14.10.2023 16:00:00;202;203;731;;16;;257;1409
14.10.2023 16:00:00;14.10.2023 17:00:00;201;201;736;;16;;277;1431
14.10.2023 17:00:00;14.10.2023 18:00:00;200;202;802;;17;;324;1545
14.10.2023 18:00:00;14.10.2023 19:00:00;201;183;889;;17;;429;1719
14.10.2023 19:00:00;14.10.2023 20:00:00;202;180;745;;18;;382;1527
14.10.2023 20:00:00;14.10.2023 21:00:00;201;182;676;;19;;350;1428
14.10.2023 21:00:00;14.10.2023 22:00:00;201;186;663;;19;;397;1466
14.10.2023 22:00:00;14.10.2023 23:00:00;202;177;676;;19;;489;1563
14.10.2023 23:00:00;15.10.2023 00:00:00;202;157;608;;16;;527;1510
15.10.2023 00:00:00;15.10.2023 01:00:00;201;143;685;;15;;490;1534
15.10.2023 01:00:00;15.10.2023 02:00:00;202;151;657;;15;;525;1550
15.10.2023 02:00:00;15.10.2023 03:00:00;202;148;634;;17;;519;1520
15.10.2023 03:00:00;15.10.2023 04:00:00;201;147;626;;15;;462;1451
15.10.2023 04:00:00;15.10.2023 05:00:00;201;163;634;;16;;482;1496
15.10.2023 05:00:00;15.10.2023 06:00:00;202;154;704;;18;;550;1628
15.10.2023 06:00:00;15.10.2023 07:00:00;202;166;742;;16;;565;1691
15.10.2023 07:00:00;15.10.2023 08:00:00;202;170;775;;17;;563;1727
15.10.2023 08:00:00;15.10.2023 09:00:00;202;180;804;;15;;535;1736
15.10.2023 09:00:00;15.10.2023 10:00:00;201;171;857;;15;;643;1887
15.10.2023 10:00:00;15.10.2023 11:00:00;201;177;838;;16;;741;1973
15.10.2023 11:00:00;15.10.2023 12:00:00;202;177;786;;17;;778;1960
15.10.2023 12:00:00;15.10.2023 13:00:00;201;175;809;;17;;660;1862
15.10.2023 13:00:00;15.10.2023 14:00:00;201;179;813;;17;;605;1815
15.10.2023 14:00:00;15.10.2023 15:00:00;202;179;826;;16;;638;1861
15.10.2023 15:00:00;15.10.2023 16:00:00;201;188;833;;14;;727;1963
15.10.2023 16:00:00;15.10.2023 17:00:00;202;193;851;;14;;786;2046
15.10.2023 17:00:00;15.10.2023 18:00:00;202;193;858;;16;;846;2115
15.10.2023 18:00:00;15.10.2023 19:00:00;202;176;844;;16;;887;2125
15.10.2023 19:00:00;15.10.2023 20:00:00;203;175;836;;17;;895;2126
15.10.2023 20:00:00;15.10.2023 21:00:00;202;174;839;;16;;861;2092
15.10.2023 21:00:00;15.10.2023 22:00:00;203;172;872;;16;;816;2079
15.10.2023 22:00:00;15.10.2023 23:00:00;202;172;952;;17;;770;2113
15.10.2023 23:00:00;16.10.2023 00:00:00;202;169;893;;17;;758;2039
16.10.2023 00:00:00;16.10.2023 01:00:00;199;168;705;;16;;752;1840
16.10.2023 01:00:00;16.10.2023 02:00:00;199;168;665;;17;;784;1833
16.10.2023 02:00:00;16.10.2023 03:00:00;199;167;754;;17;;704;1841
16.10.2023 03:00:00;16.10.2023 04:00:00;199;168;758;;17;;765;1907
16.10.2023 04:00:00;16.10.2023 05:00:00;199;169;694;;17;;737;1816
16.10.2023 05:00:00;16.10.2023 06:00:00;199;176;792;;17;;763;1947
16.10.2023 06:00:00;16.10.2023 07:00:00;199;178;813;;18;;730;1938
16.10.2023 07:00:00;16.10.2023 08:00:00;199;201;851;;17;;706;1974
16.10.2023 08:00:00;16.10.2023 09:00:00;199;205;1045;;16;;668;2133
16.10.2023 09:00:00;16.10.2023 10:00:00;199;205;959;;16;;543;1922
16.10.2023 10:00:00;16.10.2023 11:00:00;197;212;864;;16;;508;1797
16.10.2023 11:00:00;16.10.2023 12:00:00;198;215;906;;16;;500;1835
16.10.2023 12:00:00;16.10.2023 13:00:00;198;213;1043;;16;;463;1933
16.10.2023 13:00:00;16.10.2023 14:00:00;197;215;1097;;17;;440;1966
16.10.2023 14:00:00;16.10.2023 15:00:00;197;213;1116;;16;;352;1894
16.10.2023 15:00:00;16.10.2023 16:00:00;197;214;1142;;16;;303;1872
16.10.2023 16:00:00;16.10.2023 17:00:00;198;214;1121;;16;;278;1827
16.10.2023 17:00:00;16.10.2023 18:00:00;198;208;1158;;17;;258;1839
16.10.2023 18:00:00;16.10.2023 19:00:00;197;192;1145;;18;;280;1832
16.10.2023 19:00:00;16.10.2023 20:00:00;197;191;1112;;17;;256;1773
16.10.2023 20:00:00;16.10.2023 21:00:00;197;188;1130;;16;;251;1782
16.10.2023 21:00:00;16.10.2023 22:00:00;197;185;1184;;14;;226;1806
16.10.2023 22:00:00;16.10.2023 23:00:00;197;184;1151;;16;;217;1765
16.10.2023 23:00:00;17.10.2023 00:00:00;197;182;1107;;17;;209;1712
17.10.2023 00:00:00;17.10.2023 01:00:00;197;187;1080;;14;;185;1663
17.10.2023 01:00:00;17.10.2023 02:00:00;196;185;1099;;13;;186;1679
17.10.2023 02:00:00;17.10.2023 03:00:00;196;188;1085;;13;;191;1673
17.10.2023 03:00:00;17.10.2023 04:00:00;196;191;1126;;13;;254;1780
17.10.2023 04:00:00;17.10.2023 05:00:00;197;193;1183;;14;;266;1853
17.10.2023 05:00:00;17.10.2023 06:00:00;197;191;1551;;13;;322;2274
17.10.2023 06:00:00;17.10.2023 07:00:00;197;189;1903;;14;;341;2644
17.10.2023 07:00:00;17.10.2023 08:00:00;186;210;2064;;24;;340;2824
17.10.2023 08:00:00;17.10.2023 09:00:00;172;214;2095;;37;;389;2907
17.10.2023 09:00:00;17.10.2023 10:00:00;172;208;2074;;37;;345;2836
17.10.2023 10:00:00;17.10.2023 11:00:00;174;206;2062;;37;;322;2801
17.10.2023 11:00:00;17.10.2023 12:00:00;175;207;2116;;37;;251;2786
17.10.2023 12:00:00;17.10.2023 13:00:00;175;206;1955;;14;;257;2607
17.10.2023 13:00:00;17.10.2023 14:00:00;175;201;1841;;8;;201;2426
17.10.2023 14:00:00;17.10.2023 15:00:00;175;200;1791;;11;;206;2383
17.10.2023 15:00:00;17.10.2023 16:00:00;175;196;1826;;22;;168;2387
17.10.2023 16:00:00;17.10.2023 17:00:00;175;195;1894;;22;;137;2423
17.10.2023 17:00:00;17.10.2023 18:00:00;185;198;1911;;22;;133;2449
17.10.2023 18:00:00;17.10.2023 19:00:00;199;180;1822;;26;;132;2359
17.10.2023 19:00:00;17.10.2023 20:00:00;199;178;1761;;30;;132;2300
17.10.2023 20:00:00;17.10.2023 21:00:00;200;177;1566;;26;;108;2077
17.10.2023 21:00:00;17.10.2023 22:00:00;200;193;1501;;23;;116;2033
17.10.2023 22:00:00;17.10.2023 23:00:00;199;175;1666;;23;;91;2154
17.10.2023 23:00:00;18.10.2023 00:00:00;199;177;1350;;24;;102;1852
18.10.2023 00:00:00;18.10.2023 01:00:00;199;171;1142;;25;;153;1690
18.10.2023 01:00:00;18.10.2023 02:00:00;199;168;1117;;26;;155;1665
18.10.2023 02:00:00;18.10.2023 03:00:00;199;168;1116;;26;;206;1715
18.10.2023 03:00:00;18.10.2023 04:00:00;199;167;1105;;26;;180;1677
18.10.2023 04:00:00;18.10.2023 05:00:00;199;167;1120;;26;;201;1713
18.10.2023 05:00:00;18.10.2023 06:00:00;201;167;1573;;26;;191;2158
18.10.2023 06:00:00;18.10.2023 07:00:00;204;167;2031;;28;;211;2641
18.10.2023 07:00:00;18.10.2023 08:00:00;191;172;2388;;28;;241;3020
18.10.2023 08:00:00;18.10.2023 09:00:00;176;191;2567;;26;;242;3202
18.10.2023 09:00:00;18.10.2023 10:00:00;176;172;2742;;25;;217;3332
18.10.2023 10:00:00;18.10.2023 11:00:00;176;173;2452;;25;;208;3034
18.10.2023 11:00:00;18.10.2023 12:00:00;176;173;2674;;27;;171;3221
18.10.2023 12:00:00;18.10.2023 13:00:00;176;170;2363;;26;;171;2906
18.10.2023 13:00:00;18.10.2023 14:00:00;176;168;2164;;25;;149;2682
18.10.2023 14:00:00;18.10.2023 15:00:00;176;169;2185;;26;;177;2733
18.10.2023 15:00:00;18.10.2023 16:00:00;175;164;2421;;25;;175;2960
18.10.2023 16:00:00;18.10.2023 17:00:00;176;173;2257;;23;;164;2793
18.10.2023 17:00:00;18.10.2023 18:00:00;176;185;2024;;24;;192;2601
18.10.2023 18:00:00;18.10.2023 19:00:00;180;196;1810;;23;;176;2385
18.10.2023 19:00:00;18.10.2023 20:00:00;198;194;1643;;23;;170;2228
18.10.2023 20:00:00;18.10.2023 21:00:00;198;194;1466;;21;;190;2069
18.10.2023 21:00:00;18.10.2023 22:00:00;199;193;1355;;19;;174;1940
18.10.2023 22:00:00;18.10.2023 23:00:00;199;188;1239;;17;;173;1816
18.10.2023 23:00:00;19.10.2023 00:00:00;199;187;1088;;18;;217;1709
19.10.2023 00:00:00;19.10.2023 01:00:00;199;153;1046;;20;;222;1640
19.10.2023 01:00:00;19.10.2023 02:00:00;198;153;1082;;22;;288;1743
19.10.2023 02:00:00;19.10.2023 03:00:00;199;153;1044;;19;;341;1756
19.10.2023 03:00:00;19.10.2023 04:00:00;199;149;1033;;17;;345;1743
19.10.2023 04:00:00;19.10.2023 05:00:00;200;150;1062;;19;;323;1754
19.10.2023 05:00:00;19.10.2023 06:00:00;199;153;1041;;18;;342;1753
19.10.2023 06:00:00;19.10.2023 07:00:00;199;165;1285;;19;;380;2048
19.10.2023 07:00:00;19.10.2023 08:00:00;195;194;1562;;18;;416;2385
19.10.2023 08:00:00;19.10.2023 09:00:00;184;185;1649;;18;;460;2496
19.10.2023 09:00:00;19.10.2023 10:00:00;184;203;1722;;17;;414;2540
19.10.2023 10:00:00;19.10.2023 11:00:00;183;199;1755;;16;;433;2586
19.10.2023 11:00:00;19.10.2023 12:00:00;183;198;1749;;16;;419;2565
19.10.2023 12:00:00;19.10.2023 13:00:00;184;185;1654;;18;;416;2457
19.10.2023 13:00:00;19.10.2023 14:00:00;184;183;1684;;15;;397;2463
19.10.2023 14:00:00;19.10.2023 15:00:00;184;184;1528;;14;;430;2340
19.10.2023 15:00:00;19.10.2023 16:00:00;184;183;1550;;17;;494;2428
19.10.2023 16:00:00;19.10.2023 17:00:00;184;178;1511;;15;;453;2341
19.10.2023 17:00:00;19.10.2023 18:00:00;189;177;1570;;17;;378;2331
19.10.2023 18:00:00;19.10.2023 19:00:00;199;153;1500;;18;;388;2258
19.10.2023 19:00:00;19.10.2023 20:00:00;200;147;1394;;16;;440;2197
19.10.2023 20:00:00;19.10.2023 21:00:00;199;146;1513;;16;;440;2314
19.10.2023 21:00:00;19.10.2023 22:00:00;200;146;1305;;16;;380;2047
19.10.2023 22:00:00;19.10.2023 23:00:00;199;148;1235;;15;;352;1949
19.10.2023 23:00:00;20.10.2023 00:00:00;199;145;1137;;16;;312;1809
20.10.2023 00:00:00;20.10.2023 01:00:00;199;146;1109;;17;;366;1837
20.10.2023 01:00:00;20.10.2023 02:00:00;199;147;1029;;16;;384;1775
20.10.2023 02:00:00;20.10.2023 03:00:00;199;147;1033;;16;;373;1768
20.10.2023 03:00:00;20.10.2023 04:00:00;199;152;1116;;16;;370;1853
20.10.2023 04:00:00;20.10.2023 05:00:00;200;155;1493;;16;;353;2217
20.10.2023 05:00:00;20.10.2023 06:00:00;199;156;1494;;16;;331;2196
20.10.2023 06:00:00;20.10.2023 07:00:00;200;159;1926;;18;;347;2650
20.10.2023 07:00:00;20.10.2023 08:00:00;200;158;2326;;18;;339;3041
20.10.2023 08:00:00;20.10.2023 09:00:00;201;179;2575;;15;;293;3263
20.10.2023 09:00:00;20.10.2023 10:00:00;201;179;2508;;14;;314;3216
20.10.2023 10:00:00;20.10.2023 11:00:00;201;178;2558;;28;;286;3251
20.10.2023 11:00:00;20.10.2023 12:00:00;201;176;2375;;32;;258;3042
20.10.2023 12:00:00;20.10.2023 13:00:00;201;175;2365;;32;;292;3065
20.10.2023 13:00:00;20.10.2023 14:00:00;200;174;2204;;20;;298;2896
20.10.2023 14:00:00;20.10.2023 15:00:00;200;168;2242;;16;;349;2975
20.10.2023 15:00:00;20.10.2023 16:00:00;199;169;2132;;40;;380;2920
20.10.2023 16:00:00;20.10.2023 17:00:00;199;153;2166;;50;;395;2963
20.10.2023 17:00:00;20.10.2023 18:00:00;200;156;2205;;53;;396;3010
20.10.2023 18:00:00;20.10.2023 19:00:00;200;152;2141;;45;;429;2967
20.10.2023 19:00:00;20.10.2023 20:00:00;200;148;2143;;46;;369;2906
20.10.2023 20:00:00;20.10.2023 21:00:00;199;146;1897;;39;;365;2646
20.10.2023 21:00:00;20.10.2023 22:00:00;200;145;1798;;40;;385;2568
20.10.2023 22:00:00;20.10.2023 23:00:00;200;146;1523;;42;;402;2313
20.10.2023 23:00:00;21.10.2023 00:00:00;200;143;1467;;43;;417;2270
21.10.2023 00:00:00;21.10.2023 01:00:00;200;131;1434;;41;;345;2151
21.10.2023 01:00:00;21.10.2023 02:00:00;200;129;1236;;43;;357;1965
21.10.2023 02:00:00;21.10.2023 03:00:00;200;127;1037;;41;;395;1800
21.10.2023 03:00:00;21.10.2023 04:00:00;200;127;1328;;40;;388;2083
21.10.2023 04:00:00;21.10.2023 05:00:00;200;128;1228;;44;;356;1956
21.10.2023 05:00:00;21.10.2023 06:00:00;200;127;1070;;49;;367;1813
21.10.2023 06:00:00;21.10.2023 07:00:00;200;127;1289;;45;;364;2025
21.10.2023 07:00:00;21.10.2023 08:00:00;200;128;1648;;37;;368;2381
21.10.2023 08:00:00;21.10.2023 09:00:00;200;129;1907;;53;;345;2634
21.10.2023 09:00:00;21.10.2023 10:00:00;200;129;1966;;61;;346;2702
21.10.2023 10:00:00;21.10.2023 11:00:00;200;132;1987;;43;;306;2668
21.10.2023 11:00:00;21.10.2023 12:00:00;200;131;2008;;41;;301;2681
21.10.2023 12:00:00;21.10.2023 13:00:00;200;155;2064;;34;;283;2736
21.10.2023 13:00:00;21.10.2023 14:00:00;200;156;1847;;46;;275;2524
21.10.2023 14:00:00;21.10.2023 15:00:00;200;157;1860;;45;;256;2518
21.10.2023 15:00:00;21.10.2023 16:00:00;200;154;2373;;45;;276;3048
21.10.2023 16:00:00;21.10.2023 17:00:00;200;156;2492;;40;;265;3153
21.10.2023 17:00:00;21.10.2023 18:00:00;200;157;2479;;43;;242;3121
21.10.2023 18:00:00;21.10.2023 19:00:00;200;172;2719;;43;;262;3396
21.10.2023 19:00:00;21.10.2023 20:00:00;201;174;2573;;34;;265;3247
21.10.2023 20:00:00;21.10.2023 21:00:00;201;140;2453;;43;;299;3136
21.10.2023 21:00:00;21.10.2023 22:00:00;200;139;2209;;42;;389;2979
21.10.2023 22:00:00;21.10.2023 23:00:00;200;137;2027;;39;;306;2709
21.10.2023 23:00:00;22.10.2023 00:00:00;200;136;2074;;57;;323;2790
22.10.2023 00:00:00;22.10.2023 01:00:00;201;136;2476;;56;;327;3196
22.10.2023 01:00:00;22.10.2023 02:00:00;201;137;2563;;58;;315;3274
22.10.2023 02:00:00;22.10.2023 03:00:00;201;137;2381;;54;;274;3047
22.10.2023 03:00:00;22.10.2023 04:00:00;200;137;2324;;49;;254;2964
22.10.2023 04:00:00;22.10.2023 05:00:00;200;133;2571;;46;;249;3199
22.10.2023 05:00:00;22.10.2023 06:00:00;200;133;2550;;44;;260;3187
22.10.2023 06:00:00;22.10.2023 07:00:00;200;133;2656;;43;;264;3296
22.10.2023 07:00:00;22.10.2023 08:00:00;200;133;2789;;40;;295;3457
22.10.2023 08:00:00;22.10.2023 09:00:00;201;135;2879;;40;;263;3518
22.10.2023 09:00:00;22.10.2023 10:00:00;201;135;3028;;41;;261;3666
22.10.2023 10:00:00;22.10.2023 11:00:00;201;135;3021;;42;;298;3697
22.10.2023 11:00:00;22.10.2023 12:00:00;201;140;3018;;40;;322;3721
22.10.2023 12:00:00;22.10.2023 13:00:00;200;172;2974;;36;;270;3652
22.10.2023 13:00:00;22.10.2023 14:00:00;201;173;3093;;43;;250;3760
22.10.2023 14:00:00;22.10.2023 15:00:00;201;175;3175;;42;;313;3906
22.10.2023 15:00:00;22.10.2023 16:00:00;201;162;3212;;42;;343;3960
22.10.2023 16:00:00;22.10.2023 17:00:00;201;161;3292;;40;;375;4069
22.10.2023 17:00:00;22.10.2023 18:00:00;200;165;3421;;41;;422;4249
22.10.2023 18:00:00;22.10.2023 19:00:00;200;171;3394;;43;;444;4252
22.10.2023 19:00:00;22.10.2023 20:00:00;200;173;3366;;40;;466;4245
22.10.2023 20:00:00;22.10.2023 21:00:00;201;172;3374;;45;;482;4274
22.10.2023 21:00:00;22.10.2023 22:00:00;201;165;3384;;42;;451;4243
22.10.2023 22:00:00;22.10.2023 23:00:00;201;148;3338;;44;;448;4179
22.10.2023 23:00:00;23.10.2023 00:00:00;201;140;3283;;45;;404;4073
23.10.2023 00:00:00;23.10.2023 01:00:00;198;136;3244;;45;;430;4053
23.10.2023 01:00:00;23.10.2023 02:00:00;198;136;3229;;44;;501;4108
23.10.2023 02:00:00;23.10.2023 03:00:00;198;134;3232;;42;;503;4109
23.10.2023 03:00:00;23.10.2023 04:00:00;198;134;3221;;46;;455;4054
23.10.2023 04:00:00;23.10.2023 05:00:00;198;135;3258;;49;;466;4106
23.10.2023 05:00:00;23.10.2023 06:00:00;198;135;3159;;48;;457;3997
23.10.2023 06:00:00;23.10.2023 07:00:00;198;135;3213;;50;;448;4044
23.10.2023 07:00:00;23.10.2023 08:00:00;198;155;3351;;46;;427;4177
23.10.2023 08:00:00;23.10.2023 09:00:00;198;161;3436;;42;;404;4241
23.10.2023 09:00:00;23.10.2023 10:00:00;198;162;3438;;46;;377;4221
23.10.2023 10:00:00;23.10.2023 11:00:00;198;161;3394;;48;;367;4168
23.10.2023 11:00:00;23.10.2023 12:00:00;198;162;2851;;42;;361;3614
23.10.2023 12:00:00;23.10.2023 13:00:00;198;162;2841;;44;;355;3600
23.10.2023 13:00:00;23.10.2023 14:00:00;197;161;2808;;46;;359;3571
23.10.2023 14:00:00;23.10.2023 15:00:00;197;163;2843;;43;;374;3620
23.10.2023 15:00:00;23.10.2023 16:00:00;197;164;2843;;46;;357;3607
23.10.2023 16:00:00;23.10.2023 17:00:00;197;161;3357;;54;;361;4130
23.10.2023 17:00:00;23.10.2023 18:00:00;198;161;3442;;58;;415;4274
23.10.2023 18:00:00;23.10.2023 19:00:00;197;160;3421;;66;;461;4305
23.10.2023 19:00:00;23.10.2023 20:00:00;197;159;3375;;65;;486;4282
23.10.2023 20:00:00;23.10.2023 21:00:00;196;156;3375;;63;;423;4213
23.10.2023 21:00:00;23.10.2023 22:00:00;197;157;3405;;62;;410;4231
23.10.2023 22:00:00;23.10.2023 23:00:00;197;160;3370;;63;;425;4215
23.10.2023 23:00:00;24.10.2023 00:00:00;197;160;3323;;68;;394;4142
24.10.2023 00:00:00;24.10.2023 01:00:00;197;135;3258;;62;;440;4092
24.10.2023 01:00:00;24.10.2023 02:00:00;197;135;3252;;66;;390;4040
24.10.2023 02:00:00;24.10.2023 03:00:00;196;137;3264;;66;;406;4069
24.10.2023 03:00:00;24.10.2023 04:00:00;196;138;3275;;65;;421;4095
24.10.2023 04:00:00;24.10.2023 05:00:00;197;137;3244;;60;;426;4064
24.10.2023 05:00:00;24.10.2023 06:00:00;197;137;3257;;68;;373;4032
24.10.2023 06:00:00;24.10.2023 07:00:00;197;138;3410;;66;;359;4170
24.10.2023 07:00:00;24.10.2023 08:00:00;187;141;3479;;64;;373;4244
24.10.2023 08:00:00;24.10.2023 09:00:00;174;148;3490;;61;;373;4246
24.10.2023 09:00:00;24.10.2023 10:00:00;174;143;3480;;66;;366;4229
24.10.2023 10:00:00;24.10.2023 11:00:00;176;144;3379;;60;;305;4064
24.10.2023 11:00:00;24.10.2023 12:00:00;177;167;3286;;56;;272;3958
24.10.2023 12:00:00;24.10.2023 13:00:00;177;167;3327;;52;;268;3991
24.10.2023 13:00:00;24.10.2023 14:00:00;177;169;3339;;42;;237;3964
24.10.2023 14:00:00;24.10.2023 15:00:00;177;169;3428;;42;;216;4032
24.10.2023 15:00:00;24.10.2023 16:00:00;186;171;3438;;35;;215;4045
24.10.2023 16:00:00;24.10.2023 17:00:00;195;170;3456;;40;;220;4081
24.10.2023 17:00:00;24.10.2023 18:00:00;178;169;3557;;44;;251;4199
24.10.2023 18:00:00;24.10.2023 19:00:00;184;169;3523;;40;;277;4193
24.10.2023 19:00:00;24.10.2023 20:00:00;199;169;3534;;40;;315;4257
24.10.2023 20:00:00;24.10.2023 21:00:00;199;144;3476;;38;;289;4146
24.10.2023 21:00:00;24.10.2023 22:00:00;200;147;3501;;37;;282;4167
24.10.2023 22:00:00;24.10.2023 23:00:00;199;140;3375;;38;;283;4035
24.10.2023 23:00:00;25.10.2023 00:00:00;198;140;3310;;45;;279;3972
25.10.2023 00:00:00;25.10.2023 01:00:00;199;143;3246;;42;;242;3872
25.10.2023 01:00:00;25.10.2023 02:00:00;199;142;3263;;37;;209;3850
25.10.2023 02:00:00;25.10.2023 03:00:00;200;138;3259;;37;;186;3820
25.10.2023 03:00:00;25.10.2023 04:00:00;201;137;3175;;42;;235;3790
25.10.2023 04:00:00;25.10.2023 05:00:00;201;140;3149;;39;;237;3766
25.10.2023 05:00:00;25.10.2023 06:00:00;203;138;3257;;44;;244;3886
25.10.2023 06:00:00;25.10.2023 07:00:00;204;139;3395;;47;;255;4040
25.10.2023 07:00:00;25.10.2023 08:00:00;196;145;3428;;51;;257;4077
25.10.2023 08:00:00;25.10.2023 09:00:00;183;150;3338;;46;;299;4016
25.10.2023 09:00:00;25.10.2023 10:00:00;183;150;3077;;47;;320;3777
25.10.2023 10:00:00;25.10.2023 11:00:00;183;151;3083;;43;;349;3809
25.10.2023 11:00:00;25.10.2023 12:00:00;183;150;3225;;41;;329;3928
25.10.2023 12:00:00;25.10.2023 13:00:00;183;147;3317;;43;;381;4071
25.10.2023 13:00:00;25.10.2023 14:00:00;192;150;3311;;35;;385;4073
25.10.2023 14:00:00;25.10.2023 15:00:00;202;150;3297;;27;;318;3994
25.10.2023 15:00:00;25.10.2023 16:00:00;176;152;3363;;32;;325;4048
25.10.2023 16:00:00;25.10.2023 17:00:00;176;152;3350;;41;;347;4066
25.10.2023 17:00:00;25.10.2023 18:00:00;195;170;3405;;44;;286;4100
25.10.2023 18:00:00;25.10.2023 19:00:00;200;173;3378;;41;;233;4025
25.10.2023 19:00:00;25.10.2023 20:00:00;199;173;3382;;44;;202;4000
25.10.2023 20:00:00;25.10.2023 21:00:00;199;173;3347;;40;;205;3964
25.10.2023 21:00:00;25.10.2023 22:00:00;199;171;3336;;41;;190;3937
25.10.2023 22:00:00;25.10.2023 23:00:00;199;147;3337;;41;;148;3872
25.10.2023 23:00:00;26.10.2023 00:00:00;199;137;3150;;47;;135;3668
26.10.2023 00:00:00;26.10.2023 01:00:00;199;137;3095;;44;;110;3585
26.10.2023 01:00:00;26.10.2023 02:00:00;199;137;3162;;49;;108;3655
26.10.2023 02:00:00;26.10.2023 03:00:00;199;134;3143;;47;;111;3634
26.10.2023 03:00:00;26.10.2023 04:00:00;199;135;3144;;47;;128;3653
26.10.2023 04:00:00;26.10.2023 05:00:00;199;134;3179;;45;;114;3671
26.10.2023 05:00:00;26.10.2023 06:00:00;199;134;3343;;49;;115;3840
26.10.2023 06:00:00;26.10.2023 07:00:00;199;137;3338;;63;;126;3863
26.10.2023 07:00:00;26.10.2023 08:00:00;189;141;3222;;51;;134;3737
26.10.2023 08:00:00;26.10.2023 09:00:00;176;142;2674;;42;;156;3190
26.10.2023 09:00:00;26.10.2023 10:00:00;177;134;2493;;43;;150;2997
26.10.2023 10:00:00;26.10.2023 11:00:00;177;132;2913;;46;;114;3382
26.10.2023 11:00:00;26.10.2023 12:00:00;186;131;3302;;43;;102;3764
26.10.2023 12:00:00;26.10.2023 13:00:00;199;135;3323;;45;;66;3768
26.10.2023 13:00:00;26.10.2023 14:00:00;199;160;3417;;41;;50;3867
26.10.2023 14:00:00;26.10.2023 15:00:00;199;161;3512;;36;;40;3948
26.10.2023 15:00:00;26.10.2023 16:00:00;199;161;3518;;32;;38;3948
26.10.2023 16:00:00;26.10.2023 17:00:00;199;160;3499;;36;;45;3939
26.10.2023 17:00:00;26.10.2023 18:00:00;199;160;3558;;42;;50;4009
26.10.2023 18:00:00;26.10.2023 19:00:00;200;161;3538;;40;;52;3991
26.10.2023 19:00:00;26.10.2023 20:00:00;199;141;3526;;43;;51;3960
26.10.2023 20:00:00;26.10.2023 21:00:00;199;141;3524;;41;;52;3957
26.10.2023 21:00:00;26.10.2023 22:00:00;199;136;3500;;43;;43;3921
26.10.2023 22:00:00;26.10.2023 23:00:00;200;138;3472;;43;;24;3877
26.10.2023 23:00:00;27.10.2023 00:00:00;200;134;3394;;44;;29;3801
27.10.2023 00:00:00;27.10.2023 01:00:00;200;136;3451;;50;;22;3859
27.10.2023 01:00:00;27.10.2023 02:00:00;199;137;3505;;48;;15;3904
27.10.2023 02:00:00;27.10.2023 03:00:00;200;137;3512;;46;;13;3908
27.10.2023 03:00:00;27.10.2023 04:00:00;199;136;3508;;45;;9;3897
27.10.2023 04:00:00;27.10.2023 05:00:00;200;136;3526;;40;;24;3926
27.10.2023 05:00:00;27.10.2023 06:00:00;200;135;3524;;49;;25;3933
27.10.2023 06:00:00;27.10.2023 07:00:00;200;136;3485;;51;;12;3884
27.10.2023 07:00:00;27.10.2023 08:00:00;198;137;3451;;52;;31;3869
27.10.2023 08:00:00;27.10.2023 09:00:00;178;128;3441;;46;;45;3838
27.10.2023 09:00:00;27.10.2023 10:00:00;176;120;3515;;46;;20;3877
27.10.2023 10:00:00;27.10.2023 11:00:00;196;139;3521;;47;;6;3909
27.10.2023 11:00:00;27.10.2023 12:00:00;181;146;3465;;44;;11;3847
27.10.2023 12:00:00;27.10.2023 13:00:00;177;128;3466;;44;;18;3833
27.10.2023 13:00:00;27.10.2023 14:00:00;177;146;3488;;47;;15;3873
27.10.2023 14:00:00;27.10.2023 15:00:00;197;147;3495;;50;;23;3912
27.10.2023 15:00:00;27.10.2023 16:00:00;199;142;3628;;42;;26;4037
27.10.2023 16:00:00;27.10.2023 17:00:00;200;144;3666;;37;;21;4068
27.10.2023 17:00:00;27.10.2023 18:00:00;200;143;3635;;41;;21;4040
27.10.2023 18:00:00;27.10.2023 19:00:00;200;145;3635;;39;;36;4055
27.10.2023 19:00:00;27.10.2023 20:00:00;200;145;3642;;29;;37;4053
27.10.2023 20:00:00;27.10.2023 21:00:00;200;146;3662;;40;;33;4081
27.10.2023 21:00:00;27.10.2023 22:00:00;200;154;3663;;40;;30;4087
27.10.2023 22:00:00;27.10.2023 23:00:00;200;136;3592;;41;;30;3999
27.10.2023 23:00:00;28.10.2023 00:00:00;200;136;3581;;42;;26;3985
28.10.2023 00:00:00;28.10.2023 01:00:00;200;133;3582;;46;;24;3985
28.10.2023 01:00:00;28.10.2023 02:00:00;200;132;3597;;50;;23;4002
28.10.2023 02:00:00;28.10.2023 03:00:00;200;134;3602;;43;;20;3999
28.10.2023 03:00:00;28.10.2023 04:00:00;200;134;3614;;33;;27;4008
28.10.2023 04:00:00;28.10.2023 05:00:00;200;131;3630;;41;;20;4022
28.10.2023 05:00:00;28.10.2023 06:00:00;200;131;3561;;47;;20;3959
28.10.2023 06:00:00;28.10.2023 07:00:00;200;131;3580;;44;;33;3988
28.10.2023 07:00:00;28.10.2023 08:00:00;200;135;3547;;34;;50;3966
28.10.2023 08:00:00;28.10.2023 09:00:00;200;132;3191;;41;;67;3631
28.10.2023 09:00:00;28.10.2023 10:00:00;200;132;3171;;38;;105;3646
28.10.2023 10:00:00;28.10.2023 11:00:00;200;136;3315;;38;;112;3801
28.10.2023 11:00:00;28.10.2023 12:00:00;199;129;3312;;37;;96;3773
28.10.2023 12:00:00;28.10.2023 13:00:00;199;129;2800;;31;;109;3268
28.10.2023 13:00:00;28.10.2023 14:00:00;199;147;2768;;42;;115;3271
28.10.2023 14:00:00;28.10.2023 15:00:00;199;147;2861;;41;;97;3345
28.10.2023 15:00:00;28.10.2023 16:00:00;199;145;3458;;41;;73;3916
28.10.2023 16:00:00;28.10.2023 17:00:00;199;149;3277;;43;;103;3771
28.10.2023 17:00:00;28.10.2023 18:00:00;199;149;3144;;40;;78;3610
28.10.2023 18:00:00;28.10.2023 19:00:00;199;147;3119;;36;;63;3564
28.10.2023 19:00:00;28.10.2023 20:00:00;199;160;3462;;36;;50;3907
28.10.2023 20:00:00;28.10.2023 21:00:00;199;167;3589;;36;;36;4027
28.10.2023 21:00:00;28.10.2023 22:00:00;201;166;3594;;37;;34;4032
28.10.2023 22:00:00;28.10.2023 23:00:00;202;137;3561;;37;;43;3980
28.10.2023 23:00:00;29.10.2023 00:00:00;205;134;3515;;43;;17;3914
29.10.2023 00:00:00;29.10.2023 01:00:00;205;130;3356;;48;;32;3771
29.10.2023 01:00:00;29.10.2023 02:00:00;203;127;3060;;46;;24;3460
29.10.2023 02:00:00;29.10.2023 02:00:00;200;123;2787;;34;;23;3167
29.10.2023 02:00:00;29.10.2023 03:00:00;205;122;2476;;34;;24;2861
29.10.2023 03:00:00;29.10.2023 04:00:00;202;122;2378;;48;;21;2771
29.10.2023 04:00:00;29.10.2023 05:00:00;202;121;2404;;53;;15;2795
29.10.2023 05:00:00;29.10.2023 06:00:00;203;122;2465;;51;;18;2859
29.10.2023 06:00:00;29.10.2023 07:00:00;204;122;2396;;47;;18;2787
29.10.2023 07:00:00;29.10.2023 08:00:00;201;125;2669;;44;;16;3055
29.10.2023 08:00:00;29.10.2023 09:00:00;203;124;3196;;46;;16;3585
29.10.2023 09:00:00;29.10.2023 10:00:00;204;123;3420;;45;;14;3806
29.10.2023 10:00:00;29.10.2023 11:00:00;201;123;3450;;49;;27;3850
29.10.2023 11:00:00;29.10.2023 12:00:00;199;123;3380;;43;;30;3775
29.10.2023 12:00:00;29.10.2023 13:00:00;199;123;3437;;38;;22;3819
29.10.2023 13:00:00;29.10.2023 14:00:00;198;145;3422;;37;;17;3819
29.10.2023 14:00:00;29.10.2023 15:00:00;198;145;3424;;44;;25;3836
29.10.2023 15:00:00;29.10.2023 16:00:00;199;147;3624;;46;;30;4046
29.10.2023 16:00:00;29.10.2023 17:00:00;199;152;3681;;49;;31;4112
29.10.2023 17:00:00;29.10.2023 18:00:00;197;154;3693;;51;;20;4115
29.10.2023 18:00:00;29.10.2023 19:00:00;197;156;3672;;50;;17;4092
29.10.2023 19:00:00;29.10.2023 20:00:00;200;157;3619;;44;;17;4037
29.10.2023 20:00:00;29.10.2023 21:00:00;200;150;3577;;47;;18;3992
29.10.2023 21:00:00;29.10.2023 22:00:00;199;149;3606;;45;;21;4020
29.10.2023 22:00:00;29.10.2023 23:00:00;200;129;3572;;45;;26;3972
29.10.2023 23:00:00;30.10.2023 00:00:00;199;131;3506;;48;;33;3917
30.10.2023 00:00:00;30.10.2023 01:00:00;197;133;3467;;52;;31;3880
30.10.2023 01:00:00;30.10.2023 02:00:00;197;130;3032;;50;;22;3431
30.10.2023 02:00:00;30.10.2023 03:00:00;197;130;2981;;51;;18;3377
30.10.2023 03:00:00;30.10.2023 04:00:00;197;131;2844;;48;;15;3235
30.10.2023 04:00:00;30.10.2023 05:00:00;197;132;3449;;48;;11;3837
30.10.2023 05:00:00;30.10.2023 06:00:00;197;131;3531;;49;;12;3920
30.10.2023 06:00:00;30.10.2023 07:00:00;197;134;3676;;48;;24;4079
30.10.2023 07:00:00;30.10.2023 08:00:00;197;134;3623;;45;;26;4025
30.10.2023 08:00:00;30.10.2023 09:00:00;197;136;3520;;43;;25;3921
30.10.2023 09:00:00;30.10.2023 10:00:00;197;140;3515;;47;;16;3915
30.10.2023 10:00:00;30.10.2023 11:00:00;197;141;3488;;47;;13;3886
30.10.2023 11:00:00;30.10.2023 12:00:00;197;139;3558;;47;;14;3955
30.10.2023 12:00:00;30.10.2023 13:00:00;197;136;3540;;56;;23;3952
30.10.2023 13:00:00;30.10.2023 14:00:00;197;136;3517;;53;;33;3936
30.10.2023 14:00:00;30.10.2023 15:00:00;197;137;3523;;36;;45;3938
30.10.2023 15:00:00;30.10.2023 16:00:00;197;155;3543;;43;;74;4012
30.10.2023 16:00:00;30.10.2023 17:00:00;197;155;3627;;50;;63;4092
30.10.2023 17:00:00;30.10.2023 18:00:00;196;166;3628;;45;;43;4078
30.10.2023 18:00:00;30.10.2023 19:00:00;197;168;3546;;49;;48;4008
30.10.2023 19:00:00;30.10.2023 20:00:00;197;155;3463;;49;;61;3925
30.10.2023 20:00:00;30.10.2023 21:00:00;197;154;3488;;47;;73;3959
30.10.2023 21:00:00;30.10.2023 22:00:00;197;155;3469;;48;;88;3957
30.10.2023 22:00:00;30.10.2023 23:00:00;197;154;3388;;50;;89;3878
30.10.2023 23:00:00;31.10.2023 00:00:00;197;153;3341;;52;;104;3847
31.10.2023 00:00:00;31.10.2023 01:00:00;197;123;3101;;49;;93;3563
31.10.2023 01:00:00;31.10.2023 02:00:00;197;113;3090;;50;;125;3575
31.10.2023 02:00:00;31.10.2023 03:00:00;197;107;3095;;48;;140;3587
31.10.2023 03:00:00;31.10.2023 04:00:00;196;112;3115;;46;;185;3654
31.10.2023 04:00:00;31.10.2023 05:00:00;197;113;3309;;46;;150;3815
31.10.2023 05:00:00;31.10.2023 06:00:00;197;112;3297;;52;;181;3839
31.10.2023 06:00:00;31.10.2023 07:00:00;197;117;3259;;50;;183;3806
31.10.2023 07:00:00;31.10.2023 08:00:00;197;135;3241;;51;;161;3785
31.10.2023 08:00:00;31.10.2023 09:00:00;197;144;3188;;45;;139;3713
31.10.2023 09:00:00;31.10.2023 10:00:00;197;145;3042;;46;;149;3579
31.10.2023 10:00:00;31.10.2023 11:00:00;198;147;3061;;48;;147;3601
31.10.2023 11:00:00;31.10.2023 12:00:00;200;150;2978;;50;;149;3527
31.10.2023 12:00:00;31.10.2023 13:00:00;185;146;2832;;45;;138;3346
31.10.2023 13:00:00;31.10.2023 14:00:00;177;143;2801;;46;;131;3298
31.10.2023 14:00:00;31.10.2023 15:00:00;177;144;2783;;52;;148;3304
31.10.2023 15:00:00;31.10.2023 16:00:00;184;146;2751;;45;;149;3275
31.10.2023 16:00:00;31.10.2023 17:00:00;199;127;2422;;49;;125;2922
31.10.2023 17:00:00;31.10.2023 18:00:00;199;125;2331;;51;;127;2833
31.10.2023 18:00:00;31.10.2023 19:00:00;199;125;2302;;45;;151;2822
31.10.2023 19:00:00;31.10.2023 20:00:00;199;128;2319;;47;;186;2879
31.10.2023 20:00:00;31.10.2023 21:00:00;199;128;2350;;42;;202;2921
31.10.2023 21:00:00;31.10.2023 22:00:00;199;129;2184;;46;;227;2785
31.10.2023 22:00:00;31.10.2023 23:00:00;199;119;1953;;47;;273;2591
31.10.2023 23:00:00;01.11.2023 00:00:00;199;118;1943;;50;;287;2597
01.11.2023 00:00:00;01.11.2023 01:00:00;200;111;2326;;45;;372;3054
01.11.2023 01:00:00;01.11.2023 02:00:00;199;110;2527;;48;;450;3334
01.11.2023 02:00:00;01.11.2023 03:00:00;199;106;2812;;48;;450;3615
01.11.2023 03:00:00;01.11.2023 04:00:00;199;106;2872;;53;;500;3730
01.11.2023 04:00:00;01.11.2023 05:00:00;199;113;2876;;46;;486;3720
01.11.2023 05:00:00;01.11.2023 06:00:00;199;115;2775;;46;;476;3611
01.11.2023 06:00:00;01.11.2023 07:00:00;199;115;2701;;44;;442;3501
01.11.2023 07:00:00;01.11.2023 08:00:00;199;119;2672;;53;;439;3482
01.11.2023 08:00:00;01.11.2023 09:00:00;199;119;2670;;46;;412;3446
01.11.2023 09:00:00;01.11.2023 10:00:00;200;120;2723;;47;;402;3492
01.11.2023 10:00:00;01.11.2023 11:00:00;200;119;2809;;51;;422;3601
01.11.2023 11:00:00;01.11.2023 12:00:00;199;123;2825;;50;;434;3631
01.11.2023 12:00:00;01.11.2023 13:00:00;199;125;3081;;57;;319;3781
01.11.2023 13:00:00;01.11.2023 14:00:00;199;126;3128;;54;;299;3806
01.11.2023 14:00:00;01.11.2023 15:00:00;200;126;3101;;44;;257;3728
01.11.2023 15:00:00;01.11.2023 16:00:00;200;126;3088;;41;;233;3688
01.11.2023 16:00:00;01.11.2023 17:00:00;200;136;3153;;47;;329;3865
01.11.2023 17:00:00;01.11.2023 18:00:00;200;147;3179;;49;;303;3878
01.11.2023 18:00:00;01.11.2023 19:00:00;200;147;3123;;42;;317;3829
01.11.2023 19:00:00;01.11.2023 20:00:00;201;145;3104;;43;;272;3765
01.11.2023 20:00:00;01.11.2023 21:00:00;201;136;3076;;45;;201;3659
01.11.2023 21:00:00;01.11.2023 22:00:00;202;134;3109;;46;;239;3730
01.11.2023 22:00:00;01.11.2023 23:00:00;204;115;2989;;46;;234;3588
01.11.2023 23:00:00;02.11.2023 00:00:00;205;113;2889;;46;;319;3572
02.11.2023 00:00:00;02.11.2023 01:00:00;205;110;2465;;49;;431;3260
02.11.2023 01:00:00;02.11.2023 02:00:00;204;112;1999;;55;;464;2834
02.11.2023 02:00:00;02.11.2023 03:00:00;204;113;1619;;56;;458;2450
02.11.2023 03:00:00;02.11.2023 04:00:00;203;110;1587;;53;;476;2429
02.11.2023 04:00:00;02.11.2023 05:00:00;203;109;1742;;49;;484;2587
02.11.2023 05:00:00;02.11.2023 06:00:00;203;111;2177;;52;;481;3024
02.11.2023 06:00:00;02.11.2023 07:00:00;203;115;2284;;51;;463;3116
02.11.2023 07:00:00;02.11.2023 08:00:00;203;124;2246;;48;;514;3135
02.11.2023 08:00:00;02.11.2023 09:00:00;202;124;2405;;47;;540;3318
02.11.2023 09:00:00;02.11.2023 10:00:00;203;148;2662;;51;;537;3601
02.11.2023 10:00:00;02.11.2023 11:00:00;202;153;2787;;51;;554;3747
02.11.2023 11:00:00;02.11.2023 12:00:00;199;151;3113;;46;;559;4068
02.11.2023 12:00:00;02.11.2023 13:00:00;198;153;3048;;44;;526;3969
02.11.2023 13:00:00;02.11.2023 14:00:00;195;150;3212;;43;;571;4171
02.11.2023 14:00:00;02.11.2023 15:00:00;199;150;3278;;41;;580;4248
02.11.2023 15:00:00;02.11.2023 16:00:00;199;153;3259;;46;;570;4227
02.11.2023 16:00:00;02.11.2023 17:00:00;199;151;3320;;46;;569;4285
02.11.2023 17:00:00;02.11.2023 18:00:00;199;151;3377;;47;;542;4316
02.11.2023 18:00:00;02.11.2023 19:00:00;196;131;3295;;43;;555;4220
02.11.2023 19:00:00;02.11.2023 20:00:00;106;125;3239;;44;;585;4099
02.11.2023 20:00:00;02.11.2023 21:00:00;94;116;3016;;44;;581;3851
02.11.2023 21:00:00;02.11.2023 22:00:00;94;114;2594;;44;;593;3439
02.11.2023 22:00:00;02.11.2023 23:00:00;94;109;2464;;39;;589;3295
02.11.2023 23:00:00;03.11.2023 00:00:00;93;108;2541;;40;;571;3353
03.11.2023 00:00:00;03.11.2023 01:00:00;95;104;2370;;44;;560;3173
03.11.2023 01:00:00;03.11.2023 02:00:00;108;104;1424;;50;;533;2219
03.11.2023 02:00:00;03.11.2023 03:00:00;115;105;1028;;51;;486;1785
03.11.2023 03:00:00;03.11.2023 04:00:00;144;105;921;;45;;469;1684
03.11.2023 04:00:00;03.11.2023 05:00:00;163;107;985;;39;;431;1725
03.11.2023 05:00:00;03.11.2023 06:00:00;167;108;2479;;43;;460;3257
03.11.2023 06:00:00;03.11.2023 07:00:00;165;108;2778;;45;;441;3537
03.11.2023 07:00:00;03.11.2023 08:00:00;154;130;2872;;44;;399;3599
03.11.2023 08:00:00;03.11.2023 09:00:00;163;130;3025;;39;;429;3786
03.11.2023 09:00:00;03.11.2023 10:00:00;172;132;3094;;45;;505;3948
03.11.2023 10:00:00;03.11.2023 11:00:00;181;133;3142;;47;;514;4017
03.11.2023 11:00:00;03.11.2023 12:00:00;179;132;3184;;50;;512;4057
03.11.2023 12:00:00;03.11.2023 13:00:00;179;134;3153;;49;;541;4056
03.11.2023 13:00:00;03.11.2023 14:00:00;192;134;3140;;44;;551;4061
03.11.2023 14:00:00;03.11.2023 15:00:00;195;134;3113;;46;;583;4071
03.11.2023 15:00:00;03.11.2023 16:00:00;195;123;3168;;45;;594;4125
03.11.2023 16:00:00;03.11.2023 17:00:00;196;109;3312;;43;;588;4248
03.11.2023 17:00:00;03.11.2023 18:00:00;192;107;3257;;46;;600;4202
03.11.2023 18:00:00;03.11.2023 19:00:00;190;107;3144;;40;;587;4068
03.11.2023 19:00:00;03.11.2023 20:00:00;189;107;3147;;40;;588;4071
03.11.2023 20:00:00;03.11.2023 21:00:00;189;101;3097;;39;;581;4007
03.11.2023 21:00:00;03.11.2023 22:00:00;187;100;3097;;38;;586;4008
03.11.2023 22:00:00;03.11.2023 23:00:00;185;95;2917;;41;;590;3828
03.11.2023 23:00:00;04.11.2023 00:00:00;185;95;2442;;41;;583;3346
04.11.2023 00:00:00;04.11.2023 01:00:00;184;87;1348;;43;;565;2227
04.11.2023 01:00:00;04.11.2023 02:00:00;185;87;1204;;44;;613;2133
04.11.2023 02:00:00;04.11.2023 03:00:00;186;86;976;;45;;586;1879
04.11.2023 03:00:00;04.11.2023 04:00:00;186;84;952;;45;;487;1754
04.11.2023 04:00:00;04.11.2023 05:00:00;185;85;969;;38;;580;1857
04.11.2023 05:00:00;04.11.2023 06:00:00;182;86;969;;39;;597;1873
04.11.2023 06:00:00;04.11.2023 07:00:00;193;87;1056;;43;;600;1979
04.11.2023 07:00:00;04.11.2023 08:00:00;197;89;1198;;36;;626;2146
04.11.2023 08:00:00;04.11.2023 09:00:00;198;90;1396;;38;;686;2408
04.11.2023 09:00:00;04.11.2023 10:00:00;198;89;1644;;35;;735;2701
04.11.2023 10:00:00;04.11.2023 11:00:00;200;88;1571;;41;;748;2648
04.11.2023 11:00:00;04.11.2023 12:00:00;202;87;1872;;42;;767;2970
04.11.2023 12:00:00;04.11.2023 13:00:00;201;88;1883;;38;;733;2943
04.11.2023 13:00:00;04.11.2023 14:00:00;202;74;1878;;46;;752;2952
04.11.2023 14:00:00;04.11.2023 15:00:00;203;74;1666;;49;;741;2733
04.11.2023 15:00:00;04.11.2023 16:00:00;203;74;1638;;39;;801;2755
04.11.2023 16:00:00;04.11.2023 17:00:00;204;74;1554;;38;;784;2654
04.11.2023 17:00:00;04.11.2023 18:00:00;203;74;1593;;45;;820;2735
04.11.2023 18:00:00;04.11.2023 19:00:00;202;74;1679;;37;;830;2822
04.11.2023 19:00:00;04.11.2023 20:00:00;202;74;1616;;42;;822;2756
04.11.2023 20:00:00;04.11.2023 21:00:00;194;74;1578;;43;;812;2701
04.11.2023 21:00:00;04.11.2023 22:00:00;192;74;1492;;41;;809;2608
04.11.2023 22:00:00;04.11.2023 23:00:00;191;74;1398;;43;;836;2542
04.11.2023 23:00:00;05.11.2023 00:00:00;191;71;1206;;50;;896;2414
05.11.2023 00:00:00;05.11.2023 01:00:00;201;69;1157;;48;;911;2386
05.11.2023 01:00:00;05.11.2023 02:00:00;202;69;1116;;47;;923;2357
05.11.2023 02:00:00;05.11.2023 03:00:00;201;70;1110;;39;;885;2305
05.11.2023 03:00:00;05.11.2023 04:00:00;201;70;1095;;38;;948;2352
05.11.2023 04:00:00;05.11.2023 05:00:00;201;70;1121;;43;;975;2410
05.11.2023 05:00:00;05.11.2023 06:00:00;201;69;1219;;41;;1004;2534
05.11.2023 06:00:00;05.11.2023 07:00:00;201;70;1235;;40;;985;2531
05.11.2023 07:00:00;05.11.2023 08:00:00;201;70;1281;;37;;963;2552
05.11.2023 08:00:00;05.11.2023 09:00:00;201;70;1680;;34;;978;2963
05.11.2023 09:00:00;05.11.2023 10:00:00;201;70;2407;;35;;948;3661
05.11.2023 10:00:00;05.11.2023 11:00:00;201;70;2858;;42;;931;4102
05.11.2023 11:00:00;05.11.2023 12:00:00;201;71;2967;;44;;943;4226
05.11.2023 12:00:00;05.11.2023 13:00:00;201;71;3184;;44;;881;4381
05.11.2023 13:00:00;05.11.2023 14:00:00;201;88;3244;;51;;842;4426
05.11.2023 14:00:00;05.11.2023 15:00:00;201;91;3242;;46;;799;4379
05.11.2023 15:00:00;05.11.2023 16:00:00;201;117;3323;;44;;692;4377
05.11.2023 16:00:00;05.11.2023 17:00:00;201;119;3362;;49;;672;4403
05.11.2023 17:00:00;05.11.2023 18:00:00;201;121;3458;;44;;717;4541
05.11.2023 18:00:00;05.11.2023 19:00:00;201;121;3360;;43;;690;4415
05.11.2023 19:00:00;05.11.2023 20:00:00;201;123;3383;;45;;695;4447
05.11.2023 20:00:00;05.11.2023 21:00:00;202;123;3296;;42;;650;4313
05.11.2023 21:00:00;05.11.2023 22:00:00;201;119;3283;;37;;568;4208
05.11.2023 22:00:00;05.11.2023 23:00:00;201;95;3211;;42;;509;4058
05.11.2023 23:00:00;06.11.2023 00:00:00;202;94;3063;;44;;464;3867
06.11.2023 00:00:00;06.11.2023 01:00:00;199;97;2779;;44;;378;3497
06.11.2023 01:00:00;06.11.2023 02:00:00;200;99;2710;;45;;302;3356
06.11.2023 02:00:00;06.11.2023 03:00:00;199;99;2565;;48;;257;3168
06.11.2023 03:00:00;06.11.2023 04:00:00;200;97;2172;;54;;228;2751
06.11.2023 04:00:00;06.11.2023 05:00:00;200;95;2532;;65;;194;3086
06.11.2023 05:00:00;06.11.2023 06:00:00;200;94;3125;;48;;177;3644
06.11.2023 06:00:00;06.11.2023 07:00:00;200;98;3546;;48;;129;4021
06.11.2023 07:00:00;06.11.2023 08:00:00;192;125;3618;;44;;95;4074
06.11.2023 08:00:00;06.11.2023 09:00:00;181;127;3299;;45;;93;3745
06.11.2023 09:00:00;06.11.2023 10:00:00;178;127;3266;;45;;85;3701
06.11.2023 10:00:00;06.11.2023 11:00:00;178;127;3292;;44;;80;3721
06.11.2023 11:00:00;06.11.2023 12:00:00;178;126;3307;;43;;64;3718
06.11.2023 12:00:00;06.11.2023 13:00:00;178;126;3293;;48;;47;3692
06.11.2023 13:00:00;06.11.2023 14:00:00;178;126;3350;;50;;29;3733
06.11.2023 14:00:00;06.11.2023 15:00:00;178;127;3309;;41;;30;3685
06.11.2023 15:00:00;06.11.2023 16:00:00;178;128;3384;;47;;26;3763
06.11.2023 16:00:00;06.11.2023 17:00:00;179;127;3376;;51;;32;3765
06.11.2023 17:00:00;06.11.2023 18:00:00;179;128;3411;;46;;30;3794
06.11.2023 18:00:00;06.11.2023 19:00:00;178;108;3411;;49;;31;3777
06.11.2023 19:00:00;06.11.2023 20:00:00;179;107;3370;;48;;29;3733
06.11.2023 20:00:00;06.11.2023 21:00:00;179;108;3336;;48;;27;3698
06.11.2023 21:00:00;06.11.2023 22:00:00;179;107;3305;;48;;26;3665
06.11.2023 22:00:00;06.11.2023 23:00:00;179;107;3184;;48;;28;3546
06.11.2023 23:00:00;07.11.2023 00:00:00;179;106;3190;;50;;29;3554
07.11.2023 00:00:00;07.11.2023 01:00:00;179;104;3032;;46;;31;3392
07.11.2023 01:00:00;07.11.2023 02:00:00;179;105;3053;;48;;32;3417
07.11.2023 02:00:00;07.11.2023 03:00:00;179;105;3055;;49;;33;3421
07.11.2023 03:00:00;07.11.2023 04:00:00;179;105;3037;;48;;34;3403
07.11.2023 04:00:00;07.11.2023 05:00:00;180;105;3021;;43;;38;3387
07.11.2023 05:00:00;07.11.2023 06:00:00;179;106;3129;;48;;42;3504
07.11.2023 06:00:00;07.11.2023 07:00:00;180;108;3262;;51;;56;3657
07.11.2023 07:00:00;07.11.2023 08:00:00;180;129;3281;;41;;73;3704
07.11.2023 08:00:00;07.11.2023 09:00:00;181;135;3363;;46;;101;3826
07.11.2023 09:00:00;07.11.2023 10:00:00;181;137;3217;;47;;79;3661
07.11.2023 10:00:00;07.11.2023 11:00:00;182;139;3151;;37;;75;3584
07.11.2023 11:00:00;07.11.2023 12:00:00;184;128;3071;;34;;81;3498
07.11.2023 12:00:00;07.11.2023 13:00:00;183;125;3125;;32;;77;3542
07.11.2023 13:00:00;07.11.2023 14:00:00;183;128;3154;;34;;77;3576
07.11.2023 14:00:00;07.11.2023 15:00:00;183;135;3153;;39;;86;3596
07.11.2023 15:00:00;07.11.2023 16:00:00;182;138;3173;;39;;107;3639
07.11.2023 16:00:00;07.11.2023 17:00:00;183;145;3193;;40;;99;3660
07.11.2023 17:00:00;07.11.2023 18:00:00;183;145;3169;;44;;115;3656
07.11.2023 18:00:00;07.11.2023 19:00:00;183;144;3186;;42;;128;3683
07.11.2023 19:00:00;07.11.2023 20:00:00;183;145;3332;;43;;139;3842
07.11.2023 20:00:00;07.11.2023 21:00:00;183;143;3299;;41;;134;3800
07.11.2023 21:00:00;07.11.2023 22:00:00;183;143;3238;;38;;121;3723
07.11.2023 22:00:00;07.11.2023 23:00:00;183;134;3174;;48;;134;3673
07.11.2023 23:00:00;08.11.2023 00:00:00;183;134;3101;;46;;149;3613
08.11.2023 00:00:00;08.11.2023 01:00:00;183;108;3049;;47;;137;3524
08.11.2023 01:00:00;08.11.2023 02:00:00;183;108;3013;;50;;160;3514
08.11.2023 02:00:00;08.11.2023 03:00:00;183;108;2985;;49;;216;3541
08.11.2023 03:00:00;08.11.2023 04:00:00;183;110;2978;;48;;240;3559
08.11.2023 04:00:00;08.11.2023 05:00:00;183;113;2975;;44;;213;3528
08.11.2023 05:00:00;08.11.2023 06:00:00;183;113;3088;;48;;220;3652
08.11.2023 06:00:00;08.11.2023 07:00:00;183;144;3241;;49;;206;3823
08.11.2023 07:00:00;08.11.2023 08:00:00;183;144;3329;;50;;229;3935
08.11.2023 08:00:00;08.11.2023 09:00:00;183;148;3347;;43;;209;3930
08.11.2023 09:00:00;08.11.2023 10:00:00;183;148;3209;;49;;217;3806
08.11.2023 10:00:00;08.11.2023 11:00:00;183;146;3159;;50;;206;3744
08.11.2023 11:00:00;08.11.2023 12:00:00;183;140;3156;;50;;193;3722
08.11.2023 12:00:00;08.11.2023 13:00:00;183;143;3175;;46;;189;3736
08.11.2023 13:00:00;08.11.2023 14:00:00;183;143;3171;;44;;194;3735
08.11.2023 14:00:00;08.11.2023 15:00:00;183;143;3172;;47;;221;3766
08.11.2023 15:00:00;08.11.2023 16:00:00;183;151;3176;;44;;213;3767
08.11.2023 16:00:00;08.11.2023 17:00:00;183;178;3173;;45;;245;3824
08.11.2023 17:00:00;08.11.2023 18:00:00;183;146;3183;;45;;280;3837
08.11.2023 18:00:00;08.11.2023 19:00:00;183;145;3158;;44;;356;3886
08.11.2023 19:00:00;08.11.2023 20:00:00;183;144;3297;;44;;398;4066
08.11.2023 20:00:00;08.11.2023 21:00:00;183;143;3319;;44;;459;4148
08.11.2023 21:00:00;08.11.2023 22:00:00;183;112;3308;;46;;303;3952
08.11.2023 22:00:00;08.11.2023 23:00:00;183;110;3159;;47;;252;3751
08.11.2023 23:00:00;09.11.2023 00:00:00;183;107;3036;;33;;273;3632
09.11.2023 00:00:00;09.11.2023 01:00:00;183;103;2962;;49;;250;3547
09.11.2023 01:00:00;09.11.2023 02:00:00;183;103;2997;;53;;252;3588
09.11.2023 02:00:00;09.11.2023 03:00:00;183;103;2981;;47;;282;3596
09.11.2023 03:00:00;09.11.2023 04:00:00;183;103;2976;;49;;301;3612
09.11.2023 04:00:00;09.11.2023 05:00:00;183;104;2921;;43;;305;3556
09.11.2023 05:00:00;09.11.2023 06:00:00;183;104;2923;;48;;329;3587
09.11.2023 06:00:00;09.11.2023 07:00:00;183;109;3046;;51;;299;3688
09.11.2023 07:00:00;09.11.2023 08:00:00;182;134;3137;;53;;254;3760
09.11.2023 08:00:00;09.11.2023 09:00:00;182;139;3136;;47;;245;3749
09.11.2023 09:00:00;09.11.2023 10:00:00;182;135;2992;;48;;291;3648
09.11.2023 10:00:00;09.11.2023 11:00:00;182;135;3044;;50;;299;3710
09.11.2023 11:00:00;09.11.2023 12:00:00;182;141;3031;;49;;318;3721
09.11.2023 12:00:00;09.11.2023 13:00:00;182;140;3073;;43;;354;3792
09.11.2023 13:00:00;09.11.2023 14:00:00;182;144;3104;;45;;323;3798
09.11.2023 14:00:00;09.11.2023 15:00:00;182;142;3155;;51;;390;3920
09.11.2023 15:00:00;09.11.2023 16:00:00;182;140;3190;;46;;439;3997
09.11.2023 16:00:00;09.11.2023 17:00:00;182;141;3195;;44;;416;3978
09.11.2023 17:00:00;09.11.2023 18:00:00;182;142;3194;;47;;414;3979
09.11.2023 18:00:00;09.11.2023 19:00:00;182;142;3189;;42;;361;3916
09.11.2023 19:00:00;09.11.2023 20:00:00;182;137;3177;;43;;283;3822
09.11.2023 20:00:00;09.11.2023 21:00:00;181;136;3264;;41;;245;3867
09.11.2023 21:00:00;09.11.2023 22:00:00;182;138;3245;;42;;266;3873
09.11.2023 22:00:00;09.11.2023 23:00:00;182;106;3067;;41;;324;3720
09.11.2023 23:00:00;10.11.2023 00:00:00;182;104;3042;;45;;311;3684
10.11.2023 00:00:00;10.11.2023 01:00:00;181;100;2945;;25;;412;3663
10.11.2023 01:00:00;10.11.2023 02:00:00;181;100;2935;;26;;460;3702
10.11.2023 02:00:00;10.11.2023 03:00:00;181;98;2943;;28;;459;3709
10.11.2023 03:00:00;10.11.2023 04:00:00;181;98;2926;;28;;481;3714
10.11.2023 04:00:00;10.11.2023 05:00:00;181;98;2908;;25;;368;3580
10.11.2023 05:00:00;10.11.2023 06:00:00;181;97;2876;;31;;411;3596
10.11.2023 06:00:00;10.11.2023 07:00:00;181;87;3038;;31;;428;3765
10.11.2023 07:00:00;10.11.2023 08:00:00;181;111;3029;;29;;524;3874
10.11.2023 08:00:00;10.11.2023 09:00:00;182;115;2996;;28;;472;3793
10.11.2023 09:00:00;10.11.2023 10:00:00;182;118;2947;;30;;541;3818
10.11.2023 10:00:00;10.11.2023 11:00:00;182;118;2957;;30;;566;3853
10.11.2023 11:00:00;10.11.2023 12:00:00;182;117;2995;;32;;507;3833
10.11.2023 12:00:00;10.11.2023 13:00:00;182;115;3001;;31;;520;3849
10.11.2023 13:00:00;10.11.2023 14:00:00;182;115;3003;;27;;444;3771
10.11.2023 14:00:00;10.11.2023 15:00:00;182;116;3026;;29;;426;3779
10.11.2023 15:00:00;10.11.2023 16:00:00;182;117;2994;;22;;457;3772
10.11.2023 16:00:00;10.11.2023 17:00:00;182;114;3046;;25;;361;3728
10.11.2023 17:00:00;10.11.2023 18:00:00;182;113;2999;;28;;318;3640
10.11.2023 18:00:00;10.11.2023 19:00:00;182;112;3015;;25;;276;3610
10.11.2023 19:00:00;10.11.2023 20:00:00;183;113;3007;;27;;326;3656
10.11.2023 20:00:00;10.11.2023 21:00:00;183;111;2921;;25;;376;3616
10.11.2023 21:00:00;10.11.2023 22:00:00;183;111;2944;;25;;421;3684
10.11.2023 22:00:00;10.11.2023 23:00:00;183;83;2911;;27;;399;3603
10.11.2023 23:00:00;11.11.2023 00:00:00;183;82;2851;;28;;452;3596
11.11.2023 00:00:00;11.11.2023 01:00:00;183;81;2734;;50;;528;3576
11.11.2023 01:00:00;11.11.2023 02:00:00;183;80;2800;;49;;544;3656
11.11.2023 02:00:00;11.11.2023 03:00:00;183;79;2751;;43;;550;3606
11.11.2023 03:00:00;11.11.2023 04:00:00;183;78;2695;;42;;571;3569
11.11.2023 04:00:00;11.11.2023 05:00:00;183;77;2792;;42;;555;3649
11.11.2023 05:00:00;11.11.2023 06:00:00;184;77;2774;;45;;483;3563
11.11.2023 06:00:00;11.11.2023 07:00:00;183;75;2763;;45;;412;3478
11.11.2023 07:00:00;11.11.2023 08:00:00;184;74;2795;;39;;439;3531
11.11.2023 08:00:00;11.11.2023 09:00:00;184;101;2881;;39;;445;3650
11.11.2023 09:00:00;11.11.2023 10:00:00;184;100;2931;;37;;462;3714
11.11.2023 10:00:00;11.11.2023 11:00:00;184;100;2926;;41;;458;3709
11.11.2023 11:00:00;11.11.2023 12:00:00;184;99;2928;;45;;451;3707
11.11.2023 12:00:00;11.11.2023 13:00:00;184;99;2949;;38;;524;3794
11.11.2023 13:00:00;11.11.2023 14:00:00;184;100;2871;;48;;555;3758
11.11.2023 14:00:00;11.11.2023 15:00:00;184;101;2941;;46;;529;3801
11.11.2023 15:00:00;11.11.2023 16:00:00;184;101;2948;;42;;480;3755
11.11.2023 16:00:00;11.11.2023 17:00:00;184;102;2948;;42;;514;3790
11.11.2023 17:00:00;11.11.2023 18:00:00;184;105;2940;;44;;516;3789
11.11.2023 18:00:00;11.11.2023 19:00:00;185;105;2883;;35;;562;3770
11.11.2023 19:00:00;11.11.2023 20:00:00;187;103;2863;;37;;527;3717
11.11.2023 20:00:00;11.11.2023 21:00:00;186;103;2656;;37;;588;3570
11.11.2023 21:00:00;11.11.2023 22:00:00;186;103;2664;;38;;677;3668
11.11.2023 22:00:00;11.11.2023 23:00:00;186;74;2754;;35;;722;3771
11.11.2023 23:00:00;12.11.2023 00:00:00;196;73;2772;;43;;729;3813
12.11.2023 00:00:00;12.11.2023 01:00:00;201;73;2627;;45;;708;3654
12.11.2023 01:00:00;12.11.2023 02:00:00;201;73;2585;;43;;706;3608
12.11.2023 02:00:00;12.11.2023 03:00:00;200;73;2477;;41;;705;3496
12.11.2023 03:00:00;12.11.2023 04:00:00;200;73;2462;;47;;716;3498
12.11.2023 04:00:00;12.11.2023 05:00:00;200;73;2465;;48;;710;3496
12.11.2023 05:00:00;12.11.2023 06:00:00;201;74;2509;;45;;710;3539
12.11.2023 06:00:00;12.11.2023 07:00:00;201;76;2435;;43;;742;3497
12.11.2023 07:00:00;12.11.2023 08:00:00;200;77;2580;;41;;750;3648
12.11.2023 08:00:00;12.11.2023 09:00:00;200;107;2665;;41;;800;3813
12.11.2023 09:00:00;12.11.2023 10:00:00;201;109;2734;;40;;841;3925
12.11.2023 10:00:00;12.11.2023 11:00:00;199;109;2879;;43;;825;4055
12.11.2023 11:00:00;12.11.2023 12:00:00;199;108;2944;;41;;807;4099
12.11.2023 12:00:00;12.11.2023 13:00:00;199;110;2942;;37;;792;4080
12.11.2023 13:00:00;12.11.2023 14:00:00;199;112;2996;;45;;777;4129
12.11.2023 14:00:00;12.11.2023 15:00:00;199;116;3020;;46;;728;4109
12.11.2023 15:00:00;12.11.2023 16:00:00;199;112;3065;;47;;742;4165
12.11.2023 16:00:00;12.11.2023 17:00:00;194;110;3059;;49;;684;4096
12.11.2023 17:00:00;12.11.2023 18:00:00;187;110;3046;;45;;641;4029
12.11.2023 18:00:00;12.11.2023 19:00:00;187;110;3016;;45;;643;4001
12.11.2023 19:00:00;12.11.2023 20:00:00;187;111;3085;;48;;648;4079
12.11.2023 20:00:00;12.11.2023 21:00:00;187;110;3082;;47;;635;4061
12.11.2023 21:00:00;12.11.2023 22:00:00;187;111;3044;;48;;600;3990
12.11.2023 22:00:00;12.11.2023 23:00:00;187;81;3039;;49;;596;3952
12.11.2023 23:00:00;13.11.2023 00:00:00;187;81;2982;;52;;566;3868
13.11.2023 00:00:00;13.11.2023 01:00:00;224;82;2975;;47;;585;3913
13.11.2023 01:00:00;13.11.2023 02:00:00;222;84;2976;;48;;569;3899
13.11.2023 02:00:00;13.11.2023 03:00:00;221;86;2993;;51;;538;3889
13.11.2023 03:00:00;13.11.2023 04:00:00;223;87;3007;;50;;501;3868
13.11.2023 04:00:00;13.11.2023 05:00:00;223;89;3024;;53;;468;3857
13.11.2023 05:00:00;13.11.2023 06:00:00;224;89;3094;;46;;433;3886
13.11.2023 06:00:00;13.11.2023 07:00:00;225;90;3183;;38;;426;3962
13.11.2023 07:00:00;13.11.2023 08:00:00;221;118;3224;;35;;411;4009
13.11.2023 08:00:00;13.11.2023 09:00:00;219;124;3326;;42;;365;4076
13.11.2023 09:00:00;13.11.2023 10:00:00;219;126;3400;;46;;315;4106
13.11.2023 10:00:00;13.11.2023 11:00:00;220;129;3397;;44;;294;4084
13.11.2023 11:00:00;13.11.2023 12:00:00;218;153;3355;;43;;266;4035
13.11.2023 12:00:00;13.11.2023 13:00:00;218;157;3368;;46;;261;4050
13.11.2023 13:00:00;13.11.2023 14:00:00;221;133;3297;;52;;239;3942
13.11.2023 14:00:00;13.11.2023 15:00:00;222;146;3304;;41;;223;3936
13.11.2023 15:00:00;13.11.2023 16:00:00;222;153;3312;;46;;192;3925
13.11.2023 16:00:00;13.11.2023 17:00:00;225;147;3315;;50;;178;3915
13.11.2023 17:00:00;13.11.2023 18:00:00;224;141;3301;;46;;190;3902
13.11.2023 18:00:00;13.11.2023 19:00:00;223;126;3308;;48;;220;3925
13.11.2023 19:00:00;13.11.2023 20:00:00;222;121;3270;;49;;230;3892
13.11.2023 20:00:00;13.11.2023 21:00:00;222;122;3282;;48;;220;3894
13.11.2023 21:00:00;13.11.2023 22:00:00;220;119;3260;;46;;221;3866
13.11.2023 22:00:00;13.11.2023 23:00:00;221;97;3155;;45;;224;3742
13.11.2023 23:00:00;14.11.2023 00:00:00;224;96;2984;;50;;220;3574
14.11.2023 00:00:00;14.11.2023 01:00:00;222;95;2937;;28;;219;3501
14.11.2023 01:00:00;14.11.2023 02:00:00;220;94;2997;;33;;214;3558
14.11.2023 02:00:00;14.11.2023 03:00:00;218;93;2962;;30;;203;3506
14.11.2023 03:00:00;14.11.2023 04:00:00;219;94;2929;;26;;193;3461
14.11.2023 04:00:00;14.11.2023 05:00:00;220;94;2943;;22;;233;3512
14.11.2023 05:00:00;14.11.2023 06:00:00;219;95;3020;;13;;297;3644
14.11.2023 06:00:00;14.11.2023 07:00:00;218;94;3166;;19;;326;3823
14.11.2023 07:00:00;14.11.2023 08:00:00;217;119;3275;;31;;300;3942
14.11.2023 08:00:00;14.11.2023 09:00:00;219;128;3283;;33;;283;3946
14.11.2023 09:00:00;14.11.2023 10:00:00;220;130;3314;;31;;265;3960
14.11.2023 10:00:00;14.11.2023 11:00:00;218;132;3327;;26;;286;3989
14.11.2023 11:00:00;14.11.2023 12:00:00;221;132;3319;;0;;312;3984
14.11.2023 12:00:00;14.11.2023 13:00:00;219;123;3178;;0;;367;3887
14.11.2023 13:00:00;14.11.2023 14:00:00;222;123;3186;;0;;398;3929
14.11.2023 14:00:00;14.11.2023 15:00:00;222;123;3196;;32;;411;3984
14.11.2023 15:00:00;14.11.2023 16:00:00;222;129;3376;;25;;376;4128
14.11.2023 16:00:00;14.11.2023 17:00:00;224;126;3380;;25;;420;4175
14.11.2023 17:00:00;14.11.2023 18:00:00;224;123;3382;;31;;392;4152
14.11.2023 18:00:00;14.11.2023 19:00:00;222;121;3377;;26;;392;4138
14.11.2023 19:00:00;14.11.2023 20:00:00;220;122;3376;;26;;381;4125
14.11.2023 20:00:00;14.11.2023 21:00:00;221;121;3354;;26;;381;4103
14.11.2023 21:00:00;14.11.2023 22:00:00;218;95;3319;;29;;371;4032
14.11.2023 22:00:00;14.11.2023 23:00:00;218;91;3200;;28;;344;3881
14.11.2023 23:00:00;15.11.2023 00:00:00;219;88;3113;;25;;350;3795
15.11.2023 00:00:00;15.11.2023 01:00:00;221;88;3124;;28;;321;3782
15.11.2023 01:00:00;15.11.2023 02:00:00;220;89;3202;;30;;396;3937
15.11.2023 02:00:00;15.11.2023 03:00:00;217;88;3201;;31;;433;3970
15.11.2023 03:00:00;15.11.2023 04:00:00;218;88;3186;;31;;355;3878
15.11.2023 04:00:00;15.11.2023 05:00:00;220;89;3233;;28;;286;3856
15.11.2023 05:00:00;15.11.2023 06:00:00;221;87;3192;;30;;167;3697
15.11.2023 06:00:00;15.11.2023 07:00:00;220;99;3310;;28;;283;3940
15.11.2023 07:00:00;15.11.2023 08:00:00;212;127;3364;;30;;345;4078
15.11.2023 08:00:00;15.11.2023 09:00:00;212;128;3399;;26;;352;4117
15.11.2023 09:00:00;15.11.2023 10:00:00;215;126;3116;;28;;349;3834
15.11.2023 10:00:00;15.11.2023 11:00:00;217;122;3114;;29;;317;3799
15.11.2023 11:00:00;15.11.2023 12:00:00;216;116;3042;;29;;323;3726
15.11.2023 12:00:00;15.11.2023 13:00:00;217;121;3022;;28;;269;3657
15.11.2023 13:00:00;15.11.2023 14:00:00;219;123;3026;;27;;239;3634
15.11.2023 14:00:00;15.11.2023 15:00:00;218;123;3069;;24;;201;3635
15.11.2023 15:00:00;15.11.2023 16:00:00;217;124;3122;;20;;211;3694
15.11.2023 16:00:00;15.11.2023 17:00:00;219;122;3133;;25;;197;3696
15.11.2023 17:00:00;15.11.2023 18:00:00;220;124;3179;;27;;207;3757
15.11.2023 18:00:00;15.11.2023 19:00:00;219;124;3252;;22;;221;3838
15.11.2023 19:00:00;15.11.2023 20:00:00;219;125;3469;;26;;243;4082
15.11.2023 20:00:00;15.11.2023 21:00:00;221;124;3324;;26;;240;3935
15.11.2023 21:00:00;15.11.2023 22:00:00;220;128;3334;;27;;255;3964
15.11.2023 22:00:00;15.11.2023 23:00:00;219;103;3249;;29;;261;3861
15.11.2023 23:00:00;16.11.2023 00:00:00;222;102;3190;;30;;306;3850
16.11.2023 00:00:00;16.11.2023 01:00:00;223;105;3220;;49;;327;3924
16.11.2023 01:00:00;16.11.2023 02:00:00;224;104;3203;;53;;311;3895
16.11.2023 02:00:00;16.11.2023 03:00:00;222;103;3208;;52;;278;3863
16.11.2023 03:00:00;16.11.2023 04:00:00;223;103;3199;;53;;229;3807
16.11.2023 04:00:00;16.11.2023 05:00:00;222;104;3234;;48;;217;3825
16.11.2023 05:00:00;16.11.2023 06:00:00;222;104;3248;;54;;148;3776
16.11.2023 06:00:00;16.11.2023 07:00:00;222;102;3310;;54;;129;3817
16.11.2023 07:00:00;16.11.2023 08:00:00;217;132;3385;;49;;126;3909
16.11.2023 08:00:00;16.11.2023 09:00:00;216;134;3426;;48;;147;3971
16.11.2023 09:00:00;16.11.2023 10:00:00;220;128;3153;;50;;173;3724
16.11.2023 10:00:00;16.11.2023 11:00:00;222;128;3151;;53;;197;3751
16.11.2023 11:00:00;16.11.2023 12:00:00;222;126;3096;;55;;200;3699
16.11.2023 12:00:00;16.11.2023 13:00:00;187;125;3070;;51;;200;3633
16.11.2023 13:00:00;16.11.2023 14:00:00;187;126;3069;;48;;212;3642
16.11.2023 14:00:00;16.11.2023 15:00:00;187;128;3073;;43;;262;3693
16.11.2023 15:00:00;16.11.2023 16:00:00;187;128;3082;;36;;283;3716
16.11.2023 16:00:00;16.11.2023 17:00:00;187;128;3189;;47;;302;3853
16.11.2023 17:00:00;16.11.2023 18:00:00;187;129;3209;;48;;307;3880
16.11.2023 18:00:00;16.11.2023 19:00:00;187;129;3174;;41;;318;3849
16.11.2023 19:00:00;16.11.2023 20:00:00;187;130;3450;;38;;373;4178
16.11.2023 20:00:00;16.11.2023 21:00:00;187;137;3398;;40;;386;4148
16.11.2023 21:00:00;16.11.2023 22:00:00;187;126;3384;;42;;525;4264
16.11.2023 22:00:00;16.11.2023 23:00:00;187;101;3306;;45;;532;4171
16.11.2023 23:00:00;17.11.2023 00:00:00;187;101;3271;;50;;541;4150
17.11.2023 00:00:00;17.11.2023 01:00:00;187;97;3178;;48;;540;4050
17.11.2023 01:00:00;17.11.2023 02:00:00;187;97;3200;;52;;559;4095
17.11.2023 02:00:00;17.11.2023 03:00:00;187;98;3227;;51;;556;4119
17.11.2023 03:00:00;17.11.2023 04:00:00;187;98;3235;;52;;525;4097
17.11.2023 04:00:00;17.11.2023 05:00:00;187;97;3220;;49;;521;4074
17.11.2023 05:00:00;17.11.2023 06:00:00;187;98;3254;;50;;518;4107
17.11.2023 06:00:00;17.11.2023 07:00:00;187;103;3370;;49;;499;4208
17.11.2023 07:00:00;17.11.2023 08:00:00;187;127;3403;;51;;494;4262
17.11.2023 08:00:00;17.11.2023 09:00:00;187;130;3490;;46;;421;4274
17.11.2023 09:00:00;17.11.2023 10:00:00;187;130;3487;;46;;403;4253
17.11.2023 10:00:00;17.11.2023 11:00:00;187;131;3445;;48;;344;4155
17.11.2023 11:00:00;17.11.2023 12:00:00;187;131;3381;;49;;360;4108
17.11.2023 12:00:00;17.11.2023 13:00:00;187;128;3328;;46;;324;4013
17.11.2023 13:00:00;17.11.2023 14:00:00;187;128;3333;;48;;326;4022
17.11.2023 14:00:00;17.11.2023 15:00:00;187;129;3436;;49;;262;4063
17.11.2023 15:00:00;17.11.2023 16:00:00;187;127;3465;;45;;283;4107
17.11.2023 16:00:00;17.11.2023 17:00:00;187;126;3597;;46;;283;4239
17.11.2023 17:00:00;17.11.2023 18:00:00;187;127;3630;;51;;271;4266
17.11.2023 18:00:00;17.11.2023 19:00:00;187;126;3623;;47;;311;4294
17.11.2023 19:00:00;17.11.2023 20:00:00;187;127;3611;;42;;378;4345
17.11.2023 20:00:00;17.11.2023 21:00:00;187;127;3551;;42;;420;4327
17.11.2023 21:00:00;17.11.2023 22:00:00;187;119;3517;;44;;393;4260
17.11.2023 22:00:00;17.11.2023 23:00:00;187;95;3467;;47;;372;4168
17.11.2023 23:00:00;18.11.2023 00:00:00;187;95;3449;;50;;342;4123
18.11.2023 00:00:00;18.11.2023 01:00:00;187;90;3378;;53;;405;4113
18.11.2023 01:00:00;18.11.2023 02:00:00;187;90;3338;;51;;369;4035
18.11.2023 02:00:00;18.11.2023 03:00:00;187;91;3345;;55;;364;4042
18.11.2023 03:00:00;18.11.2023 04:00:00;187;91;3338;;52;;298;3966
18.11.2023 04:00:00;18.11.2023 05:00:00;187;93;3366;;49;;335;4030
18.11.2023 05:00:00;18.11.2023 06:00:00;187;93;3363;;51;;266;3960
18.11.2023 06:00:00;18.11.2023 07:00:00;187;90;3415;;52;;312;4056
18.11.2023 07:00:00;18.11.2023 08:00:00;187;117;3515;;44;;293;4156
18.11.2023 08:00:00;18.11.2023 09:00:00;187;120;3546;;46;;211;4110
18.11.2023 09:00:00;18.11.2023 10:00:00;187;117;3561;;43;;176;4084
18.11.2023 10:00:00;18.11.2023 11:00:00;187;116;3546;;46;;156;4051
18.11.2023 11:00:00;18.11.2023 12:00:00;187;116;3515;;48;;179;4045
18.11.2023 12:00:00;18.11.2023 13:00:00;187;117;3471;;44;;274;4093
18.11.2023 13:00:00;18.11.2023 14:00:00;187;115;3473;;51;;190;4016
18.11.2023 14:00:00;18.11.2023 15:00:00;187;116;3475;;46;;190;4014
18.11.2023 15:00:00;18.11.2023 16:00:00;187;117;3473;;41;;260;4078
18.11.2023 16:00:00;18.11.2023 17:00:00;187;118;3569;;44;;229;4147
18.11.2023 17:00:00;18.11.2023 18:00:00;187;117;3559;;48;;212;4123
18.11.2023 18:00:00;18.11.2023 19:00:00;187;118;3577;;38;;197;4117
18.11.2023 19:00:00;18.11.2023 20:00:00;187;119;3548;;39;;151;4044
18.11.2023 20:00:00;18.11.2023 21:00:00;187;117;3460;;42;;133;3939
18.11.2023 21:00:00;18.11.2023 22:00:00;187;118;3426;;44;;63;3838
18.11.2023 22:00:00;18.11.2023 23:00:00;187;90;3428;;44;;47;3796
18.11.2023 23:00:00;19.11.2023 00:00:00;187;86;3407;;46;;56;3782
19.11.2023 00:00:00;19.11.2023 01:00:00;187;88;3228;;50;;59;3612
19.11.2023 01:00:00;19.11.2023 02:00:00;187;90;3275;;50;;55;3657
19.11.2023 02:00:00;19.11.2023 03:00:00;187;90;3262;;48;;42;3629
19.11.2023 03:00:00;19.11.2023 04:00:00;187;89;3206;;52;;63;3597
19.11.2023 04:00:00;19.11.2023 05:00:00;187;91;3215;;52;;76;3621
19.11.2023 05:00:00;19.11.2023 06:00:00;187;93;3152;;50;;61;3543
19.11.2023 06:00:00;19.11.2023 07:00:00;187;88;3229;;46;;69;3619
19.11.2023 07:00:00;19.11.2023 08:00:00;187;114;3197;;47;;58;3603
19.11.2023 08:00:00;19.11.2023 09:00:00;187;118;3203;;45;;99;3652
19.11.2023 09:00:00;19.11.2023 10:00:00;187;119;3455;;45;;69;3875
19.11.2023 10:00:00;19.11.2023 11:00:00;187;120;3381;;45;;86;3819
19.11.2023 11:00:00;19.11.2023 12:00:00;187;119;3428;;49;;102;3885
19.11.2023 12:00:00;19.11.2023 13:00:00;187;119;3434;;43;;141;3924
19.11.2023 13:00:00;19.11.2023 14:00:00;187;118;3461;;49;;159;3974
19.11.2023 14:00:00;19.11.2023 15:00:00;187;120;3475;;49;;178;4009
19.11.2023 15:00:00;19.11.2023 16:00:00;187;120;3528;;50;;188;4073
19.11.2023 16:00:00;19.11.2023 17:00:00;187;120;3601;;49;;192;4149
19.11.2023 17:00:00;19.11.2023 18:00:00;187;120;3584;;49;;221;4161
19.11.2023 18:00:00;19.11.2023 19:00:00;187;119;3558;;48;;199;4111
19.11.2023 19:00:00;19.11.2023 20:00:00;187;120;3524;;48;;175;4054
19.11.2023 20:00:00;19.11.2023 21:00:00;187;116;3468;;50;;150;3971
19.11.2023 21:00:00;19.11.2023 22:00:00;187;117;3527;;46;;142;4019
19.11.2023 22:00:00;19.11.2023 23:00:00;187;89;3515;;45;;166;4002
19.11.2023 23:00:00;20.11.2023 00:00:00;187;88;3490;;51;;184;4000
20.11.2023 00:00:00;20.11.2023 01:00:00;187;89;3318;;51;;242;3887
20.11.2023 01:00:00;20.11.2023 02:00:00;187;91;3321;;50;;287;3936
20.11.2023 02:00:00;20.11.2023 03:00:00;187;91;3318;;48;;311;3955
20.11.2023 03:00:00;20.11.2023 04:00:00;187;90;3310;;51;;290;3928
20.11.2023 04:00:00;20.11.2023 05:00:00;187;92;3344;;49;;299;3971
20.11.2023 05:00:00;20.11.2023 06:00:00;187;95;3402;;52;;261;3997
20.11.2023 06:00:00;20.11.2023 07:00:00;187;132;3545;;51;;277;4192
20.11.2023 07:00:00;20.11.2023 08:00:00;187;133;3595;;50;;243;4208
20.11.2023 08:00:00;20.11.2023 09:00:00;187;135;3549;;49;;235;4155
20.11.2023 09:00:00;20.11.2023 10:00:00;187;122;3559;;51;;213;4132
20.11.2023 10:00:00;20.11.2023 11:00:00;187;114;3563;;45;;240;4149
20.11.2023 11:00:00;20.11.2023 12:00:00;187;109;3527;;45;;277;4145
20.11.2023 12:00:00;20.11.2023 13:00:00;187;112;3513;;47;;283;4142
20.11.2023 13:00:00;20.11.2023 14:00:00;187;110;3513;;51;;286;4147
20.11.2023 14:00:00;20.11.2023 15:00:00;187;112;3520;;40;;289;4148
20.11.2023 15:00:00;20.11.2023 16:00:00;187;123;3601;;47;;301;4259
20.11.2023 16:00:00;20.11.2023 17:00:00;187;137;3649;;50;;295;4318
20.11.2023 17:00:00;20.11.2023 18:00:00;187;146;3640;;42;;301;4316
20.11.2023 18:00:00;20.11.2023 19:00:00;187;149;3624;;47;;289;4296
20.11.2023 19:00:00;20.11.2023 20:00:00;187;129;3639;;50;;264;4269
20.11.2023 20:00:00;20.11.2023 21:00:00;187;128;3632;;47;;268;4262
20.11.2023 21:00:00;20.11.2023 22:00:00;187;129;3659;;47;;270;4292
20.11.2023 22:00:00;20.11.2023 23:00:00;187;114;3567;;54;;296;4218
20.11.2023 23:00:00;21.11.2023 00:00:00;187;113;3578;;51;;312;4241
21.11.2023 00:00:00;21.11.2023 01:00:00;186;116;3502;;41;;280;4125
21.11.2023 01:00:00;21.11.2023 02:00:00;186;116;3540;;49;;276;4167
21.11.2023 02:00:00;21.11.2023 03:00:00;186;116;3552;;49;;252;4155
21.11.2023 03:00:00;21.11.2023 04:00:00;186;116;3548;;50;;290;4190
21.11.2023 04:00:00;21.11.2023 05:00:00;187;116;3542;;47;;317;4209
21.11.2023 05:00:00;21.11.2023 06:00:00;187;116;3544;;48;;327;4222
21.11.2023 06:00:00;21.11.2023 07:00:00;187;121;3555;;49;;340;4252
21.11.2023 07:00:00;21.11.2023 08:00:00;186;120;3577;;58;;387;4328
21.11.2023 08:00:00;21.11.2023 09:00:00;186;126;3607;;64;;403;4386
21.11.2023 09:00:00;21.11.2023 10:00:00;187;126;3636;;67;;375;4391
21.11.2023 10:00:00;21.11.2023 11:00:00;186;126;3644;;69;;384;4409
21.11.2023 11:00:00;21.11.2023 12:00:00;187;124;3634;;69;;417;4431
21.11.2023 12:00:00;21.11.2023 13:00:00;184;123;3628;;72;;433;4440
21.11.2023 13:00:00;21.11.2023 14:00:00;184;124;3634;;68;;452;4462
21.11.2023 14:00:00;21.11.2023 15:00:00;184;125;3624;;55;;506;4494
21.11.2023 15:00:00;21.11.2023 16:00:00;183;128;3644;;47;;529;4531
21.11.2023 16:00:00;21.11.2023 17:00:00;183;126;3634;;45;;543;4531
21.11.2023 17:00:00;21.11.2023 18:00:00;183;134;3624;;47;;565;4553
21.11.2023 18:00:00;21.11.2023 19:00:00;184;142;3585;;42;;583;4536
21.11.2023 19:00:00;21.11.2023 20:00:00;186;142;3576;;41;;634;4579
21.11.2023 20:00:00;21.11.2023 21:00:00;186;140;3508;;41;;754;4629
21.11.2023 21:00:00;21.11.2023 22:00:00;186;141;3506;;45;;800;4678
21.11.2023 22:00:00;21.11.2023 23:00:00;197;134;3394;;46;;887;4658
21.11.2023 23:00:00;22.11.2023 00:00:00;200;130;3258;;46;;937;4571
22.11.2023 00:00:00;22.11.2023 01:00:00;200;112;2992;;47;;882;4233
22.11.2023 01:00:00;22.11.2023 02:00:00;200;104;3110;;50;;970;4434
22.11.2023 02:00:00;22.11.2023 03:00:00;201;105;2992;;54;;982;4334
22.11.2023 03:00:00;22.11.2023 04:00:00;201;106;3003;;49;;984;4343
22.11.2023 04:00:00;22.11.2023 05:00:00;201;107;2989;;40;;991;4328
22.11.2023 05:00:00;22.11.2023 06:00:00;202;107;3025;;53;;982;4369
22.11.2023 06:00:00;22.11.2023 07:00:00;202;110;2992;;52;;966;4322
22.11.2023 07:00:00;22.11.2023 08:00:00;202;123;2804;;46;;975;4150
22.11.2023 08:00:00;22.11.2023 09:00:00;202;114;2723;;46;;928;4013
22.11.2023 09:00:00;22.11.2023 10:00:00;201;116;2702;;48;;880;3947
22.11.2023 10:00:00;22.11.2023 11:00:00;201;160;2711;;54;;821;3947
22.11.2023 11:00:00;22.11.2023 12:00:00;201;165;2591;;52;;747;3756
22.11.2023 12:00:00;22.11.2023 13:00:00;201;171;2566;;45;;706;3689
22.11.2023 13:00:00;22.11.2023 14:00:00;202;168;2551;;42;;727;3690
22.11.2023 14:00:00;22.11.2023 15:00:00;199;170;2632;;45;;784;3830
22.11.2023 15:00:00;22.11.2023 16:00:00;202;158;2845;;44;;843;4092
22.11.2023 16:00:00;22.11.2023 17:00:00;202;180;2902;;43;;866;4193
22.11.2023 17:00:00;22.11.2023 18:00:00;202;183;2917;;47;;840;4189
22.11.2023 18:00:00;22.11.2023 19:00:00;202;183;2901;;45;;762;4093
22.11.2023 19:00:00;22.11.2023 20:00:00;202;183;2837;;42;;762;4026
22.11.2023 20:00:00;22.11.2023 21:00:00;202;182;2639;;45;;728;3796
22.11.2023 21:00:00;22.11.2023 22:00:00;201;178;2448;;42;;755;3624
22.11.2023 22:00:00;22.11.2023 23:00:00;201;181;1597;;32;;699;2710
22.11.2023 23:00:00;23.11.2023 00:00:00;202;179;1171;;44;;648;2244
23.11.2023 00:00:00;23.11.2023 01:00:00;201;165;1102;;48;;613;2129
23.11.2023 01:00:00;23.11.2023 02:00:00;201;162;1083;;45;;615;2106
23.11.2023 02:00:00;23.11.2023 03:00:00;201;144;1132;;42;;592;2111
23.11.2023 03:00:00;23.11.2023 04:00:00;202;142;1099;;47;;528;2018
23.11.2023 04:00:00;23.11.2023 05:00:00;202;138;1228;;43;;468;2079
23.11.2023 05:00:00;23.11.2023 06:00:00;202;134;1634;;46;;437;2453
23.11.2023 06:00:00;23.11.2023 07:00:00;202;138;2581;;47;;376;3344
23.11.2023 07:00:00;23.11.2023 08:00:00;196;126;3004;;45;;311;3682
23.11.2023 08:00:00;23.11.2023 09:00:00;182;123;3225;;46;;284;3860
23.11.2023 09:00:00;23.11.2023 10:00:00;182;121;3230;;47;;372;3952
23.11.2023 10:00:00;23.11.2023 11:00:00;181;122;3108;;46;;372;3829
23.11.2023 11:00:00;23.11.2023 12:00:00;182;122;3029;;47;;319;3699
23.11.2023 12:00:00;23.11.2023 13:00:00;181;121;3048;;50;;340;3740
23.11.2023 13:00:00;23.11.2023 14:00:00;177;119;3032;;49;;360;3737
23.11.2023 14:00:00;23.11.2023 15:00:00;141;121;3076;;33;;318;3689
23.11.2023 15:00:00;23.11.2023 16:00:00;142;114;3126;;32;;274;3688
23.11.2023 16:00:00;23.11.2023 17:00:00;142;120;3130;;34;;210;3636
23.11.2023 17:00:00;23.11.2023 18:00:00;151;122;3110;;43;;196;3622
23.11.2023 18:00:00;23.11.2023 19:00:00;186;122;3113;;41;;194;3656
23.11.2023 19:00:00;23.11.2023 20:00:00;188;123;3091;;44;;207;3653
23.11.2023 20:00:00;23.11.2023 21:00:00;188;133;3025;;40;;247;3633
23.11.2023 21:00:00;23.11.2023 22:00:00;188;133;3028;;41;;256;3646
23.11.2023 22:00:00;23.11.2023 23:00:00;188;128;2844;;45;;275;3480
23.11.2023 23:00:00;24.11.2023 00:00:00;186;121;2360;;46;;290;3003
24.11.2023 00:00:00;24.11.2023 01:00:00;186;117;2113;;43;;321;2780
24.11.2023 01:00:00;24.11.2023 02:00:00;186;119;2069;;47;;321;2742
24.11.2023 02:00:00;24.11.2023 03:00:00;186;119;1977;;47;;385;2714
24.11.2023 03:00:00;24.11.2023 04:00:00;187;121;1890;;48;;424;2670
24.11.2023 04:00:00;24.11.2023 05:00:00;187;123;1922;;44;;430;2706
24.11.2023 05:00:00;24.11.2023 06:00:00;187;126;2228;;50;;337;2928
24.11.2023 06:00:00;24.11.2023 07:00:00;188;137;2638;;52;;361;3376
24.11.2023 07:00:00;24.11.2023 08:00:00;188;145;2994;;51;;394;3772
24.11.2023 08:00:00;24.11.2023 09:00:00;189;145;3041;;47;;501;3923
24.11.2023 09:00:00;24.11.2023 10:00:00;193;144;2912;;48;;510;3807
24.11.2023 10:00:00;24.11.2023 11:00:00;191;147;2879;;49;;439;3705
24.11.2023 11:00:00;24.11.2023 12:00:00;188;145;2591;;49;;281;3254
24.11.2023 12:00:00;24.11.2023 13:00:00;189;144;2819;;48;;209;3409
24.11.2023 13:00:00;24.11.2023 14:00:00;189;147;2989;;46;;211;3582
24.11.2023 14:00:00;24.11.2023 15:00:00;190;150;3021;;47;;211;3619
24.11.2023 15:00:00;24.11.2023 16:00:00;190;177;3135;;43;;246;3791
24.11.2023 16:00:00;24.11.2023 17:00:00;194;207;3112;;45;;358;3916
24.11.2023 17:00:00;24.11.2023 18:00:00;195;202;3056;;46;;399;3898
24.11.2023 18:00:00;24.11.2023 19:00:00;195;205;3034;;41;;395;3870
24.11.2023 19:00:00;24.11.2023 20:00:00;195;181;2913;;43;;334;3666
24.11.2023 20:00:00;24.11.2023 21:00:00;194;151;2880;;41;;295;3561
24.11.2023 21:00:00;24.11.2023 22:00:00;194;148;2840;;42;;252;3476
24.11.2023 22:00:00;24.11.2023 23:00:00;189;142;2657;;44;;258;3290
24.11.2023 23:00:00;25.11.2023 00:00:00;190;141;2332;;44;;230;2937
25.11.2023 00:00:00;25.11.2023 01:00:00;190;148;2352;;46;;235;2971
25.11.2023 01:00:00;25.11.2023 02:00:00;189;146;2366;;46;;242;2989
25.11.2023 02:00:00;25.11.2023 03:00:00;189;144;2672;;43;;245;3293
25.11.2023 03:00:00;25.11.2023 04:00:00;189;142;2704;;45;;258;3338
25.11.2023 04:00:00;25.11.2023 05:00:00;189;141;2781;;50;;248;3409
25.11.2023 05:00:00;25.11.2023 06:00:00;189;140;2625;;41;;245;3240
25.11.2023 06:00:00;25.11.2023 07:00:00;189;138;2489;;35;;230;3081
25.11.2023 07:00:00;25.11.2023 08:00:00;188;150;2079;;38;;207;2662
25.11.2023 08:00:00;25.11.2023 09:00:00;188;145;2007;;41;;217;2598
25.11.2023 09:00:00;25.11.2023 10:00:00;189;145;2056;;40;;208;2638
25.11.2023 10:00:00;25.11.2023 11:00:00;189;149;2068;;40;;141;2587
25.11.2023 11:00:00;25.11.2023 12:00:00;189;149;2032;;41;;131;2542
25.11.2023 12:00:00;25.11.2023 13:00:00;188;149;2041;;38;;117;2533
25.11.2023 13:00:00;25.11.2023 14:00:00;188;150;2024;;45;;138;2545
25.11.2023 14:00:00;25.11.2023 15:00:00;188;150;2023;;41;;150;2552
25.11.2023 15:00:00;25.11.2023 16:00:00;194;150;2021;;39;;212;2616
25.11.2023 16:00:00;25.11.2023 17:00:00;197;149;1924;;43;;241;2554
25.11.2023 17:00:00;25.11.2023 18:00:00;198;150;1915;;43;;239;2545
25.11.2023 18:00:00;25.11.2023 19:00:00;198;153;1957;;37;;203;2548
25.11.2023 19:00:00;25.11.2023 20:00:00;197;155;2022;;39;;199;2612
25.11.2023 20:00:00;25.11.2023 21:00:00;197;159;2110;;40;;203;2709
25.11.2023 21:00:00;25.11.2023 22:00:00;198;156;2181;;40;;183;2758
25.11.2023 22:00:00;25.11.2023 23:00:00;186;134;2125;;41;;159;2645
25.11.2023 23:00:00;26.11.2023 00:00:00;184;132;2352;;46;;152;2866
26.11.2023 00:00:00;26.11.2023 01:00:00;185;135;2346;;47;;156;2869
26.11.2023 01:00:00;26.11.2023 02:00:00;186;122;2128;;48;;147;2631
26.11.2023 02:00:00;26.11.2023 03:00:00;186;145;2033;;44;;114;2522
26.11.2023 03:00:00;26.11.2023 04:00:00;186;120;2265;;49;;118;2738
26.11.2023 04:00:00;26.11.2023 05:00:00;186;118;2339;;49;;124;2816
26.11.2023 05:00:00;26.11.2023 06:00:00;186;118;2404;;48;;91;2847
26.11.2023 06:00:00;26.11.2023 07:00:00;186;118;2418;;49;;101;2872
26.11.2023 07:00:00;26.11.2023 08:00:00;186;139;2213;;44;;173;2755
26.11.2023 08:00:00;26.11.2023 09:00:00;187;147;2236;;42;;157;2769
26.11.2023 09:00:00;26.11.2023 10:00:00;186;150;2402;;40;;81;2859
26.11.2023 10:00:00;26.11.2023 11:00:00;187;149;2558;;41;;80;3015
26.11.2023 11:00:00;26.11.2023 12:00:00;187;130;2909;;46;;65;3337
26.11.2023 12:00:00;26.11.2023 13:00:00;187;120;3014;;40;;59;3420
26.11.2023 13:00:00;26.11.2023 14:00:00;187;120;2998;;41;;53;3399
26.11.2023 14:00:00;26.11.2023 15:00:00;187;121;3064;;42;;59;3473
26.11.2023 15:00:00;26.11.2023 16:00:00;187;127;3208;;46;;45;3613
26.11.2023 16:00:00;26.11.2023 17:00:00;188;164;3393;;49;;49;3843
26.11.2023 17:00:00;26.11.2023 18:00:00;188;166;3416;;45;;54;3869
26.11.2023 18:00:00;26.11.2023 19:00:00;189;166;3447;;44;;46;3892
26.11.2023 19:00:00;26.11.2023 20:00:00;189;167;3469;;47;;36;3908
26.11.2023 20:00:00;26.11.2023 21:00:00;189;168;3467;;47;;43;3914
26.11.2023 21:00:00;26.11.2023 22:00:00;190;169;3424;;47;;47;3877
26.11.2023 22:00:00;26.11.2023 23:00:00;191;160;3422;;49;;71;3893
26.11.2023 23:00:00;27.11.2023 00:00:00;194;163;3231;;51;;63;3702
27.11.2023 00:00:00;27.11.2023 01:00:00;193;160;3161;;53;;57;3624
27.11.2023 01:00:00;27.11.2023 02:00:00;193;161;3258;;52;;66;3730
27.11.2023 02:00:00;27.11.2023 03:00:00;194;160;3379;;50;;86;3869
27.11.2023 03:00:00;27.11.2023 04:00:00;192;160;3362;;49;;109;3872
27.11.2023 04:00:00;27.11.2023 05:00:00;191;159;3385;;52;;87;3874
27.11.2023 05:00:00;27.11.2023 06:00:00;191;158;3355;;49;;101;3854
27.11.2023 06:00:00;27.11.2023 07:00:00;191;162;3378;;47;;157;3935
27.11.2023 07:00:00;27.11.2023 08:00:00;192;164;3387;;47;;146;3936
27.11.2023 08:00:00;27.11.2023 09:00:00;191;167;3499;;48;;155;4060
27.11.2023 09:00:00;27.11.2023 10:00:00;192;166;3509;;49;;178;4094
27.11.2023 10:00:00;27.11.2023 11:00:00;192;166;3517;;41;;178;4094
27.11.2023 11:00:00;27.11.2023 12:00:00;191;162;3466;;48;;130;3997
27.11.2023 12:00:00;27.11.2023 13:00:00;191;161;3417;;49;;199;4017
27.11.2023 13:00:00;27.11.2023 14:00:00;192;159;3353;;50;;218;3972
27.11.2023 14:00:00;27.11.2023 15:00:00;192;164;3345;;40;;263;4004
27.11.2023 15:00:00;27.11.2023 16:00:00;192;164;3394;;50;;356;4156
27.11.2023 16:00:00;27.11.2023 17:00:00;195;163;3403;;53;;420;4234
27.11.2023 17:00:00;27.11.2023 18:00:00;196;162;3367;;50;;355;4130
27.11.2023 18:00:00;27.11.2023 19:00:00;196;162;3407;;51;;233;4049
27.11.2023 19:00:00;27.11.2023 20:00:00;196;163;3405;;51;;150;3965
27.11.2023 20:00:00;27.11.2023 21:00:00;197;163;3385;;48;;166;3959
27.11.2023 21:00:00;27.11.2023 22:00:00;196;164;3342;;50;;237;3989
27.11.2023 22:00:00;27.11.2023 23:00:00;196;158;3271;;54;;342;4021
27.11.2023 23:00:00;28.11.2023 00:00:00;196;157;2852;;50;;423;3678
28.11.2023 00:00:00;28.11.2023 01:00:00;196;144;2416;;43;;437;3236
28.11.2023 01:00:00;28.11.2023 02:00:00;196;145;2261;;52;;417;3071
28.11.2023 02:00:00;28.11.2023 03:00:00;196;144;2375;;54;;450;3219
28.11.2023 03:00:00;28.11.2023 04:00:00;196;141;2221;;53;;381;2992
28.11.2023 04:00:00;28.11.2023 05:00:00;195;138;2204;;50;;342;2929
28.11.2023 05:00:00;28.11.2023 06:00:00;196;137;2419;;52;;372;3176
28.11.2023 06:00:00;28.11.2023 07:00:00;185;134;2852;;53;;404;3628
28.11.2023 07:00:00;28.11.2023 08:00:00;183;140;2867;;55;;250;3495
28.11.2023 08:00:00;28.11.2023 09:00:00;183;143;2697;;49;;328;3400
28.11.2023 09:00:00;28.11.2023 10:00:00;183;144;2701;;48;;396;3472
28.11.2023 10:00:00;28.11.2023 11:00:00;183;139;2601;;53;;438;3414
28.11.2023 11:00:00;28.11.2023 12:00:00;184;136;2525;;54;;347;3246
28.11.2023 12:00:00;28.11.2023 13:00:00;184;142;2461;;56;;376;3219
28.11.2023 13:00:00;28.11.2023 14:00:00;184;134;2460;;53;;430;3261
28.11.2023 14:00:00;28.11.2023 15:00:00;184;134;2478;;45;;473;3314
28.11.2023 15:00:00;28.11.2023 16:00:00;184;135;2576;;39;;545;3479
28.11.2023 16:00:00;28.11.2023 17:00:00;183;135;2425;;40;;561;3344
28.11.2023 17:00:00;28.11.2023 18:00:00;183;138;2033;;49;;493;2896
28.11.2023 18:00:00;28.11.2023 19:00:00;182;136;1987;;47;;434;2786
28.11.2023 19:00:00;28.11.2023 20:00:00;183;131;2038;;47;;468;2867
28.11.2023 20:00:00;28.11.2023 21:00:00;182;130;2190;;45;;499;3046
28.11.2023 21:00:00;28.11.2023 22:00:00;183;130;2404;;46;;457;3220
28.11.2023 22:00:00;28.11.2023 23:00:00;182;130;2413;;48;;425;3198
28.11.2023 23:00:00;29.11.2023 00:00:00;182;131;1911;;52;;475;2751
29.11.2023 00:00:00;29.11.2023 01:00:00;182;126;2162;;49;;524;3043
29.11.2023 01:00:00;29.11.2023 02:00:00;186;126;1899;;50;;476;2737
29.11.2023 02:00:00;29.11.2023 03:00:00;190;124;1816;;53;;447;2630
29.11.2023 03:00:00;29.11.2023 04:00:00;191;122;1814;;54;;468;2649
29.11.2023 04:00:00;29.11.2023 05:00:00;191;115;1862;;50;;452;2670
29.11.2023 05:00:00;29.11.2023 06:00:00;191;120;2046;;54;;508;2919
29.11.2023 06:00:00;29.11.2023 07:00:00;191;128;1970;;56;;538;2883
29.11.2023 07:00:00;29.11.2023 08:00:00;190;136;2042;;51;;566;2985
29.11.2023 08:00:00;29.11.2023 09:00:00;191;139;1953;;49;;565;2897
29.11.2023 09:00:00;29.11.2023 10:00:00;191;137;2151;;52;;591;3122
29.11.2023 10:00:00;29.11.2023 11:00:00;191;137;2095;;51;;631;3105
29.11.2023 11:00:00;29.11.2023 12:00:00;191;133;2154;;51;;586;3115
29.11.2023 12:00:00;29.11.2023 13:00:00;191;129;2109;;54;;549;3032
29.11.2023 13:00:00;29.11.2023 14:00:00;191;137;2157;;49;;571;3105
29.11.2023 14:00:00;29.11.2023 15:00:00;191;145;2190;;44;;541;3111
29.11.2023 15:00:00;29.11.2023 16:00:00;192;142;2375;;37;;509;3255
29.11.2023 16:00:00;29.11.2023 17:00:00;191;155;2486;;44;;559;3435
29.11.2023 17:00:00;29.11.2023 18:00:00;192;155;2584;;47;;453;3431
29.11.2023 18:00:00;29.11.2023 19:00:00;192;153;2735;;45;;423;3548
29.11.2023 19:00:00;29.11.2023 20:00:00;191;149;2796;;46;;433;3615
29.11.2023 20:00:00;29.11.2023 21:00:00;191;151;3198;;46;;418;4004
29.11.2023 21:00:00;29.11.2023 22:00:00;191;153;3402;;46;;442;4234
29.11.2023 22:00:00;29.11.2023 23:00:00;191;158;3371;;47;;360;4127
29.11.2023 23:00:00;30.11.2023 00:00:00;192;162;3340;;49;;378;4121
30.11.2023 00:00:00;30.11.2023 01:00:00;191;162;3388;;50;;422;4213
30.11.2023 01:00:00;30.11.2023 02:00:00;191;162;3393;;52;;377;4175
30.11.2023 02:00:00;30.11.2023 03:00:00;191;164;3423;;49;;338;4165
30.11.2023 03:00:00;30.11.2023 04:00:00;191;165;3384;;50;;366;4156
30.11.2023 04:00:00;30.11.2023 05:00:00;192;166;3394;;45;;331;4128
30.11.2023 05:00:00;30.11.2023 06:00:00;192;166;3470;;51;;375;4254
30.11.2023 06:00:00;30.11.2023 07:00:00;191;167;3520;;52;;419;4349
30.11.2023 07:00:00;30.11.2023 08:00:00;192;171;3553;;55;;374;4345
30.11.2023 08:00:00;30.11.2023 09:00:00;192;172;3734;;48;;287;4433
30.11.2023 09:00:00;30.11.2023 10:00:00;190;171;3647;;46;;384;4438
30.11.2023 10:00:00;30.11.2023 11:00:00;190;173;3727;;50;;443;4583
30.11.2023 11:00:00;30.11.2023 12:00:00;190;176;3763;;51;;338;4518
30.11.2023 12:00:00;30.11.2023 13:00:00;190;173;3773;;46;;336;4518
30.11.2023 13:00:00;30.11.2023 14:00:00;190;177;3747;;49;;358;4521
30.11.2023 14:00:00;30.11.2023 15:00:00;190;178;3721;;51;;343;4483
30.11.2023 15:00:00;30.11.2023 16:00:00;190;178;3751;;45;;306;4470
30.11.2023 16:00:00;30.11.2023 17:00:00;190;177;3738;;46;;323;4474
30.11.2023 17:00:00;30.11.2023 18:00:00;190;177;3724;;49;;352;4492
30.11.2023 18:00:00;30.11.2023 19:00:00;190;179;3728;;45;;337;4479
30.11.2023 19:00:00;30.11.2023 20:00:00;190;176;3730;;48;;299;4443
30.11.2023 20:00:00;30.11.2023 21:00:00;190;177;3723;;44;;289;4423
30.11.2023 21:00:00;30.11.2023 22:00:00;190;176;3730;;45;;273;4414
30.11.2023 22:00:00;30.11.2023 23:00:00;190;175;3708;;47;;243;4363
30.11.2023 23:00:00;01.12.2023 00:00:00;189;174;3633;;51;;194;4241
01.12.2023 00:00:00;01.12.2023 01:00:00;189;175;3640;;44;;128;4176
01.12.2023 01:00:00;01.12.2023 02:00:00;189;176;3659;;52;;114;4190
01.12.2023 02:00:00;01.12.2023 03:00:00;189;176;3618;;53;;102;4138
01.12.2023 03:00:00;01.12.2023 04:00:00;189;176;3583;;51;;93;4092
01.12.2023 04:00:00;01.12.2023 05:00:00;189;172;3611;;45;;100;4117
01.12.2023 05:00:00;01.12.2023 06:00:00;189;171;3663;;51;;107;4181
01.12.2023 06:00:00;01.12.2023 07:00:00;189;172;3660;;53;;104;4178
01.12.2023 07:00:00;01.12.2023 08:00:00;189;177;3640;;55;;85;4146
01.12.2023 08:00:00;01.12.2023 09:00:00;189;176;3747;;51;;72;4235
01.12.2023 09:00:00;01.12.2023 10:00:00;189;180;3745;;55;;89;4258
01.12.2023 10:00:00;01.12.2023 11:00:00;189;176;3757;;51;;44;4217
01.12.2023 11:00:00;01.12.2023 12:00:00;188;173;3766;;51;;30;4208
01.12.2023 12:00:00;01.12.2023 13:00:00;188;169;3836;;49;;32;4274
01.12.2023 13:00:00;01.12.2023 14:00:00;188;169;3836;;47;;41;4281
01.12.2023 14:00:00;01.12.2023 15:00:00;188;171;3812;;52;;47;4270
01.12.2023 15:00:00;01.12.2023 16:00:00;185;169;3773;;49;;42;4218
01.12.2023 16:00:00;01.12.2023 17:00:00;184;166;3761;;49;;49;4209
01.12.2023 17:00:00;01.12.2023 18:00:00;184;167;3699;;54;;51;4155
01.12.2023 18:00:00;01.12.2023 19:00:00;184;167;3669;;52;;66;4138
01.12.2023 19:00:00;01.12.2023 20:00:00;185;167;3686;;45;;85;4168
01.12.2023 20:00:00;01.12.2023 21:00:00;189;164;3621;;37;;83;4094
01.12.2023 21:00:00;01.12.2023 22:00:00;190;165;3622;;47;;113;4137
01.12.2023 22:00:00;01.12.2023 23:00:00;190;162;3622;;48;;120;4142
01.12.2023 23:00:00;02.12.2023 00:00:00;185;161;3642;;54;;157;4199
02.12.2023 00:00:00;02.12.2023 01:00:00;185;162;3817;;56;;144;4364
02.12.2023 01:00:00;02.12.2023 02:00:00;186;163;3842;;53;;141;4385
02.12.2023 02:00:00;02.12.2023 03:00:00;186;162;3821;;51;;192;4412
02.12.2023 03:00:00;02.12.2023 04:00:00;185;166;3794;;51;;238;4434
02.12.2023 04:00:00;02.12.2023 05:00:00;186;161;3774;;51;;236;4408
02.12.2023 05:00:00;02.12.2023 06:00:00;185;162;3731;;51;;208;4337
02.12.2023 06:00:00;02.12.2023 07:00:00;185;161;3738;;49;;220;4353
02.12.2023 07:00:00;02.12.2023 08:00:00;189;163;3842;;41;;238;4473
02.12.2023 08:00:00;02.12.2023 09:00:00;190;165;3841;;47;;213;4456
02.12.2023 09:00:00;02.12.2023 10:00:00;189;166;3857;;42;;199;4453
02.12.2023 10:00:00;02.12.2023 11:00:00;190;166;3841;;42;;184;4423
02.12.2023 11:00:00;02.12.2023 12:00:00;189;167;3862;;50;;159;4427
02.12.2023 12:00:00;02.12.2023 13:00:00;185;166;3852;;41;;147;4391
02.12.2023 13:00:00;02.12.2023 14:00:00;189;164;3836;;53;;160;4402
02.12.2023 14:00:00;02.12.2023 15:00:00;189;163;3846;;51;;175;4424
02.12.2023 15:00:00;02.12.2023 16:00:00;190;163;3870;;45;;163;4431
02.12.2023 16:00:00;02.12.2023 17:00:00;190;166;3887;;47;;158;4448
02.12.2023 17:00:00;02.12.2023 18:00:00;190;167;3896;;47;;149;4449
02.12.2023 18:00:00;02.12.2023 19:00:00;190;167;3867;;40;;143;4407
02.12.2023 19:00:00;02.12.2023 20:00:00;189;168;3816;;44;;168;4385
02.12.2023 20:00:00;02.12.2023 21:00:00;187;166;3778;;47;;202;4380
02.12.2023 21:00:00;02.12.2023 22:00:00;186;166;3733;;44;;219;4348
02.12.2023 22:00:00;02.12.2023 23:00:00;185;166;3729;;39;;209;4328
02.12.2023 23:00:00;03.12.2023 00:00:00;185;165;3719;;46;;261;4376
03.12.2023 00:00:00;03.12.2023 01:00:00;184;167;3802;;46;;257;4456
03.12.2023 01:00:00;03.12.2023 02:00:00;184;172;3801;;48;;248;4453
03.12.2023 02:00:00;03.12.2023 03:00:00;184;169;3796;;46;;250;4445
03.12.2023 03:00:00;03.12.2023 04:00:00;184;162;3789;;54;;255;4444
03.12.2023 04:00:00;03.12.2023 05:00:00;184;161;3774;;54;;233;4406
03.12.2023 05:00:00;03.12.2023 06:00:00;184;161;3776;;50;;292;4463
03.12.2023 06:00:00;03.12.2023 07:00:00;184;160;3777;;48;;356;4525
03.12.2023 07:00:00;03.12.2023 08:00:00;184;170;3749;;42;;332;4477
03.12.2023 08:00:00;03.12.2023 09:00:00;185;175;3743;;41;;314;4458
03.12.2023 09:00:00;03.12.2023 10:00:00;185;172;3829;;43;;283;4512
03.12.2023 10:00:00;03.12.2023 11:00:00;184;170;3836;;44;;238;4472
03.12.2023 11:00:00;03.12.2023 12:00:00;185;167;3854;;48;;208;4462
03.12.2023 12:00:00;03.12.2023 13:00:00;185;163;3880;;44;;183;4455
03.12.2023 13:00:00;03.12.2023 14:00:00;184;162;3884;;50;;123;4403
03.12.2023 14:00:00;03.12.2023 15:00:00;185;164;3885;;48;;161;4443
03.12.2023 15:00:00;03.12.2023 16:00:00;184;164;3884;;50;;145;4427
03.12.2023 16:00:00;03.12.2023 17:00:00;185;164;3865;;49;;105;4368
03.12.2023 17:00:00;03.12.2023 18:00:00;184;166;3891;;48;;98;4387
03.12.2023 18:00:00;03.12.2023 19:00:00;184;171;3892;;50;;68;4365
03.12.2023 19:00:00;03.12.2023 20:00:00;184;172;3884;;49;;52;4341
03.12.2023 20:00:00;03.12.2023 21:00:00;184;173;3888;;48;;38;4331
03.12.2023 21:00:00;03.12.2023 22:00:00;184;173;3895;;49;;42;4343
03.12.2023 22:00:00;03.12.2023 23:00:00;184;170;3887;;52;;56;4349
03.12.2023 23:00:00;04.12.2023 00:00:00;184;169;3861;;54;;46;4314
04.12.2023 00:00:00;04.12.2023 01:00:00;180;163;3840;;55;;30;4268
04.12.2023 01:00:00;04.12.2023 02:00:00;180;162;3832;;54;;38;4266
04.12.2023 02:00:00;04.12.2023 03:00:00;180;164;3833;;54;;37;4268
04.12.2023 03:00:00;04.12.2023 04:00:00;180;164;3844;;54;;30;4272
04.12.2023 04:00:00;04.12.2023 05:00:00;181;165;3855;;54;;26;4281
04.12.2023 05:00:00;04.12.2023 06:00:00;181;166;3849;;51;;33;4280
04.12.2023 06:00:00;04.12.2023 07:00:00;181;168;3880;;51;;36;4316
04.12.2023 07:00:00;04.12.2023 08:00:00;180;174;3903;;43;;37;4337
04.12.2023 08:00:00;04.12.2023 09:00:00;181;176;3924;;42;;57;4380
04.12.2023 09:00:00;04.12.2023 10:00:00;182;177;3924;;46;;48;4377
04.12.2023 10:00:00;04.12.2023 11:00:00;183;175;3923;;45;;43;4369
04.12.2023 11:00:00;04.12.2023 12:00:00;180;176;3923;;46;;33;4358
04.12.2023 12:00:00;04.12.2023 13:00:00;181;177;3921;;51;;47;4377
04.12.2023 13:00:00;04.12.2023 14:00:00;180;176;3921;;51;;46;4374
04.12.2023 14:00:00;04.12.2023 15:00:00;180;155;3923;;38;;47;4343
04.12.2023 15:00:00;04.12.2023 16:00:00;180;156;3933;;41;;60;4370
04.12.2023 16:00:00;04.12.2023 17:00:00;180;156;3920;;50;;96;4402
04.12.2023 17:00:00;04.12.2023 18:00:00;180;157;3919;;42;;115;4413
04.12.2023 18:00:00;04.12.2023 19:00:00;181;156;3919;;47;;98;4401
04.12.2023 19:00:00;04.12.2023 20:00:00;181;156;3912;;47;;102;4398
04.12.2023 20:00:00;04.12.2023 21:00:00;182;156;3909;;50;;102;4399
04.12.2023 21:00:00;04.12.2023 22:00:00;181;156;3885;;50;;103;4375
04.12.2023 22:00:00;04.12.2023 23:00:00;181;153;3837;;52;;103;4326
04.12.2023 23:00:00;05.12.2023 00:00:00;182;144;3866;;56;;105;4353
05.12.2023 00:00:00;05.12.2023 01:00:00;185;141;3725;;51;;129;4231
05.12.2023 01:00:00;05.12.2023 02:00:00;186;143;3720;;54;;157;4260
05.12.2023 02:00:00;05.12.2023 03:00:00;186;143;3725;;55;;203;4312
05.12.2023 03:00:00;05.12.2023 04:00:00;186;140;3694;;56;;220;4296
05.12.2023 04:00:00;05.12.2023 05:00:00;182;142;3707;;50;;227;4308
05.12.2023 05:00:00;05.12.2023 06:00:00;181;143;3722;;53;;287;4386
05.12.2023 06:00:00;05.12.2023 07:00:00;195;143;3754;;52;;340;4484
05.12.2023 07:00:00;05.12.2023 08:00:00;190;144;3813;;46;;315;4508
05.12.2023 08:00:00;05.12.2023 09:00:00;182;150;3499;;30;;234;4095
05.12.2023 09:00:00;05.12.2023 10:00:00;182;148;3466;;48;;279;4123
05.12.2023 10:00:00;05.12.2023 11:00:00;185;152;3510;;41;;339;4227
05.12.2023 11:00:00;05.12.2023 12:00:00;186;150;3502;;44;;388;4270
05.12.2023 12:00:00;05.12.2023 13:00:00;188;150;3482;;43;;408;4271
05.12.2023 13:00:00;05.12.2023 14:00:00;189;150;3463;;37;;427;4266
05.12.2023 14:00:00;05.12.2023 15:00:00;189;152;3457;;45;;432;4275
05.12.2023 15:00:00;05.12.2023 16:00:00;188;152;3461;;40;;460;4301
05.12.2023 16:00:00;05.12.2023 17:00:00;189;151;3455;;43;;501;4339
05.12.2023 17:00:00;05.12.2023 18:00:00;189;151;3466;;46;;536;4388
05.12.2023 18:00:00;05.12.2023 19:00:00;189;153;3446;;42;;573;4403
05.12.2023 19:00:00;05.12.2023 20:00:00;189;154;3418;;48;;554;4363
05.12.2023 20:00:00;05.12.2023 21:00:00;190;153;3393;;44;;537;4317
05.12.2023 21:00:00;05.12.2023 22:00:00;190;153;3373;;43;;551;4310
05.12.2023 22:00:00;05.12.2023 23:00:00;189;146;3349;;46;;505;4235
05.12.2023 23:00:00;06.12.2023 00:00:00;189;145;3336;;49;;495;4214
06.12.2023 00:00:00;06.12.2023 01:00:00;190;149;3129;;41;;516;4025
06.12.2023 01:00:00;06.12.2023 02:00:00;191;150;3152;;44;;573;4110
06.12.2023 02:00:00;06.12.2023 03:00:00;191;153;3154;;44;;583;4125
06.12.2023 03:00:00;06.12.2023 04:00:00;191;151;3135;;44;;582;4103
06.12.2023 04:00:00;06.12.2023 05:00:00;191;151;3133;;41;;577;4093
06.12.2023 05:00:00;06.12.2023 06:00:00;193;151;3139;;42;;612;4137
06.12.2023 06:00:00;06.12.2023 07:00:00;194;152;3178;;43;;637;4204
06.12.2023 07:00:00;06.12.2023 08:00:00;194;152;3245;;43;;624;4258
06.12.2023 08:00:00;06.12.2023 09:00:00;194;154;3346;;37;;605;4336
06.12.2023 09:00:00;06.12.2023 10:00:00;194;156;3344;;42;;623;4359
06.12.2023 10:00:00;06.12.2023 11:00:00;194;155;3331;;44;;653;4377
06.12.2023 11:00:00;06.12.2023 12:00:00;193;156;3327;;44;;648;4368
06.12.2023 12:00:00;06.12.2023 13:00:00;194;155;3303;;41;;647;4340
06.12.2023 13:00:00;06.12.2023 14:00:00;193;155;3307;;38;;690;4383
06.12.2023 14:00:00;06.12.2023 15:00:00;195;157;3343;;44;;617;4356
06.12.2023 15:00:00;06.12.2023 16:00:00;193;154;3355;;38;;574;4314
06.12.2023 16:00:00;06.12.2023 17:00:00;194;155;3366;;39;;563;4317
06.12.2023 17:00:00;06.12.2023 18:00:00;195;158;3386;;40;;582;4361
06.12.2023 18:00:00;06.12.2023 19:00:00;195;153;3330;;36;;629;4343
06.12.2023 19:00:00;06.12.2023 20:00:00;194;151;3278;;38;;630;4291
06.12.2023 20:00:00;06.12.2023 21:00:00;193;152;3333;;37;;616;4331
06.12.2023 21:00:00;06.12.2023 22:00:00;193;154;3352;;36;;625;4360
06.12.2023 22:00:00;06.12.2023 23:00:00;193;153;3277;;36;;613;4272
06.12.2023 23:00:00;07.12.2023 00:00:00;193;153;3295;;38;;589;4268
07.12.2023 00:00:00;07.12.2023 01:00:00;194;158;2963;;35;;596;3946
07.12.2023 01:00:00;07.12.2023 02:00:00;194;156;2962;;37;;646;3995
07.12.2023 02:00:00;07.12.2023 03:00:00;193;157;2978;;38;;674;4040
07.12.2023 03:00:00;07.12.2023 04:00:00;192;155;2904;;40;;697;3988
07.12.2023 04:00:00;07.12.2023 05:00:00;193;156;2916;;35;;686;3986
07.12.2023 05:00:00;07.12.2023 06:00:00;192;155;2887;;36;;699;3969
07.12.2023 06:00:00;07.12.2023 07:00:00;193;156;3003;;35;;715;4102
07.12.2023 07:00:00;07.12.2023 08:00:00;194;157;3078;;39;;744;4212
07.12.2023 08:00:00;07.12.2023 09:00:00;195;157;2931;;34;;755;4072
07.12.2023 09:00:00;07.12.2023 10:00:00;195;158;3024;;33;;776;4186
07.12.2023 10:00:00;07.12.2023 11:00:00;196;158;3039;;36;;784;4213
07.12.2023 11:00:00;07.12.2023 12:00:00;196;158;3043;;32;;770;4199
07.12.2023 12:00:00;07.12.2023 13:00:00;195;155;3096;;33;;770;4249
07.12.2023 13:00:00;07.12.2023 14:00:00;196;147;3462;;44;;752;4601
07.12.2023 14:00:00;07.12.2023 15:00:00;196;148;3348;;51;;741;4484
07.12.2023 15:00:00;07.12.2023 16:00:00;195;149;3356;;45;;737;4482
07.12.2023 16:00:00;07.12.2023 17:00:00;194;150;3440;;48;;745;4577
07.12.2023 17:00:00;07.12.2023 18:00:00;193;150;3432;;49;;737;4561
07.12.2023 18:00:00;07.12.2023 19:00:00;193;149;3425;;45;;770;4582
07.12.2023 19:00:00;07.12.2023 20:00:00;191;150;3430;;47;;710;4528
07.12.2023 20:00:00;07.12.2023 21:00:00;191;146;3626;;46;;672;4681
07.12.2023 21:00:00;07.12.2023 22:00:00;191;144;3626;;45;;640;4646
07.12.2023 22:00:00;07.12.2023 23:00:00;191;139;3622;;46;;658;4656
07.12.2023 23:00:00;08.12.2023 00:00:00;191;139;3533;;50;;688;4601
08.12.2023 00:00:00;08.12.2023 01:00:00;192;138;3394;;49;;729;4502
08.12.2023 01:00:00;08.12.2023 02:00:00;192;135;3339;;54;;728;4448
08.12.2023 02:00:00;08.12.2023 03:00:00;192;135;3338;;53;;727;4445
08.12.2023 03:00:00;08.12.2023 04:00:00;193;135;3311;;51;;730;4420
08.12.2023 04:00:00;08.12.2023 05:00:00;193;134;3301;;48;;737;4413
08.12.2023 05:00:00;08.12.2023 06:00:00;192;135;3322;;51;;797;4497
08.12.2023 06:00:00;08.12.2023 07:00:00;192;138;3445;;51;;905;4731
08.12.2023 07:00:00;08.12.2023 08:00:00;191;145;3458;;51;;954;4799
08.12.2023 08:00:00;08.12.2023 09:00:00;191;153;3311;;49;;967;4671
08.12.2023 09:00:00;08.12.2023 10:00:00;191;156;3307;;50;;964;4668
08.12.2023 10:00:00;08.12.2023 11:00:00;192;153;3370;;52;;942;4709
08.12.2023 11:00:00;08.12.2023 12:00:00;192;153;3420;;55;;967;4787
08.12.2023 12:00:00;08.12.2023 13:00:00;191;154;3331;;47;;954;4677
08.12.2023 13:00:00;08.12.2023 14:00:00;191;152;3335;;45;;957;4680
08.12.2023 14:00:00;08.12.2023 15:00:00;190;153;3351;;53;;932;4679
08.12.2023 15:00:00;08.12.2023 16:00:00;189;156;3368;;46;;929;4688
08.12.2023 16:00:00;08.12.2023 17:00:00;189;152;3357;;47;;975;4720
08.12.2023 17:00:00;08.12.2023 18:00:00;190;152;3346;;52;;954;4694
08.12.2023 18:00:00;08.12.2023 19:00:00;190;142;3365;;45;;956;4698
08.12.2023 19:00:00;08.12.2023 20:00:00;190;142;3308;;46;;1002;4688
08.12.2023 20:00:00;08.12.2023 21:00:00;190;137;3251;;45;;1000;4623
08.12.2023 21:00:00;08.12.2023 22:00:00;191;138;3269;;45;;977;4620
08.12.2023 22:00:00;08.12.2023 23:00:00;191;133;3231;;49;;905;4509
08.12.2023 23:00:00;09.12.2023 00:00:00;192;133;3177;;49;;874;4425
09.12.2023 00:00:00;09.12.2023 01:00:00;192;132;3259;;48;;947;4578
09.12.2023 01:00:00;09.12.2023 02:00:00;192;131;3274;;46;;934;4577
09.12.2023 02:00:00;09.12.2023 03:00:00;192;136;3300;;48;;894;4570
09.12.2023 03:00:00;09.12.2023 04:00:00;192;135;3217;;46;;883;4473
09.12.2023 04:00:00;09.12.2023 05:00:00;192;134;3225;;53;;874;4478
09.12.2023 05:00:00;09.12.2023 06:00:00;190;132;3123;;57;;858;4360
09.12.2023 06:00:00;09.12.2023 07:00:00;189;133;3176;;47;;933;4478
09.12.2023 07:00:00;09.12.2023 08:00:00;189;135;3276;;36;;871;4507
09.12.2023 08:00:00;09.12.2023 09:00:00;189;131;3345;;33;;777;4475
09.12.2023 09:00:00;09.12.2023 10:00:00;189;133;3381;;32;;775;4510
09.12.2023 10:00:00;09.12.2023 11:00:00;189;131;3369;;34;;829;4552
09.12.2023 11:00:00;09.12.2023 12:00:00;190;127;3401;;42;;841;4601
09.12.2023 12:00:00;09.12.2023 13:00:00;190;123;3448;;37;;829;4627
09.12.2023 13:00:00;09.12.2023 14:00:00;191;117;3385;;45;;840;4578
09.12.2023 14:00:00;09.12.2023 15:00:00;190;114;3421;;43;;886;4654
09.12.2023 15:00:00;09.12.2023 16:00:00;191;124;3346;;42;;911;4614
09.12.2023 16:00:00;09.12.2023 17:00:00;191;128;3309;;43;;885;4556
09.12.2023 17:00:00;09.12.2023 18:00:00;192;130;3306;;41;;874;4543
09.12.2023 18:00:00;09.12.2023 19:00:00;193;128;3280;;38;;917;4556
09.12.2023 19:00:00;09.12.2023 20:00:00;193;131;3203;;40;;945;4512
09.12.2023 20:00:00;09.12.2023 21:00:00;194;132;3206;;38;;951;4521
09.12.2023 21:00:00;09.12.2023 22:00:00;190;128;3220;;41;;928;4507
09.12.2023 22:00:00;09.12.2023 23:00:00;185;107;3159;;38;;924;4413
09.12.2023 23:00:00;10.12.2023 00:00:00;185;104;3075;;46;;936;4346
10.12.2023 00:00:00;10.12.2023 01:00:00;185;99;2870;;43;;922;4119
10.12.2023 01:00:00;10.12.2023 02:00:00;184;96;2897;;43;;913;4133
10.12.2023 02:00:00;10.12.2023 03:00:00;184;97;2862;;40;;887;4070
10.12.2023 03:00:00;10.12.2023 04:00:00;183;97;2910;;46;;889;4125
10.12.2023 04:00:00;10.12.2023 05:00:00;183;89;2781;;45;;940;4038
10.12.2023 05:00:00;10.12.2023 06:00:00;182;90;2707;;45;;942;3966
10.12.2023 06:00:00;10.12.2023 07:00:00;182;90;2885;;43;;940;4140
10.12.2023 07:00:00;10.12.2023 08:00:00;182;97;3000;;37;;907;4223
10.12.2023 08:00:00;10.12.2023 09:00:00;182;135;3160;;38;;883;4398
10.12.2023 09:00:00;10.12.2023 10:00:00;183;141;3310;;38;;879;4551
10.12.2023 10:00:00;10.12.2023 11:00:00;183;125;3371;;41;;849;4569
10.12.2023 11:00:00;10.12.2023 12:00:00;182;111;3418;;43;;822;4576
10.12.2023 12:00:00;10.12.2023 13:00:00;182;109;3420;;44;;797;4552
10.12.2023 13:00:00;10.12.2023 14:00:00;183;110;3453;;44;;832;4622
10.12.2023 14:00:00;10.12.2023 15:00:00;183;110;3464;;56;;744;4557
10.12.2023 15:00:00;10.12.2023 16:00:00;183;112;3522;;65;;665;4547
10.12.2023 16:00:00;10.12.2023 17:00:00;183;116;3498;;65;;655;4517
10.12.2023 17:00:00;10.12.2023 18:00:00;182;119;3520;;64;;675;4560
10.12.2023 18:00:00;10.12.2023 19:00:00;182;120;3530;;66;;651;4549
10.12.2023 19:00:00;10.12.2023 20:00:00;181;133;3501;;66;;604;4485
10.12.2023 20:00:00;10.12.2023 21:00:00;181;134;3474;;66;;579;4434
10.12.2023 21:00:00;10.12.2023 22:00:00;181;133;3521;;67;;529;4431
10.12.2023 22:00:00;10.12.2023 23:00:00;181;131;3465;;63;;472;4312
10.12.2023 23:00:00;11.12.2023 00:00:00;181;132;3342;;68;;445;4168
11.12.2023 00:00:00;11.12.2023 01:00:00;178;121;3116;;65;;427;3907
11.12.2023 01:00:00;11.12.2023 02:00:00;177;117;3193;;67;;379;3933
11.12.2023 02:00:00;11.12.2023 03:00:00;176;117;3205;;69;;344;3911
11.12.2023 03:00:00;11.12.2023 04:00:00;176;112;3120;;69;;335;3812
11.12.2023 04:00:00;11.12.2023 05:00:00;176;113;3111;;62;;305;3767
11.12.2023 05:00:00;11.12.2023 06:00:00;176;113;3062;;62;;286;3699
11.12.2023 06:00:00;11.12.2023 07:00:00;177;124;3435;;64;;249;4049
11.12.2023 07:00:00;11.12.2023 08:00:00;177;131;3582;;62;;216;4168
11.12.2023 08:00:00;11.12.2023 09:00:00;177;131;3684;;63;;207;4262
11.12.2023 09:00:00;11.12.2023 10:00:00;177;132;3684;;67;;206;4266
11.12.2023 10:00:00;11.12.2023 11:00:00;177;131;3676;;66;;197;4247
11.12.2023 11:00:00;11.12.2023 12:00:00;177;137;3663;;66;;211;4254
11.12.2023 12:00:00;11.12.2023 13:00:00;177;162;3648;;65;;241;4293
11.12.2023 13:00:00;11.12.2023 14:00:00;177;161;3657;;71;;244;4310
11.12.2023 14:00:00;11.12.2023 15:00:00;177;164;3682;;62;;255;4340
11.12.2023 15:00:00;11.12.2023 16:00:00;177;163;3676;;64;;268;4348
11.12.2023 16:00:00;11.12.2023 17:00:00;178;163;3673;;69;;281;4364
11.12.2023 17:00:00;11.12.2023 18:00:00;177;162;3692;;65;;265;4361
11.12.2023 18:00:00;11.12.2023 19:00:00;178;161;3690;;67;;273;4369
11.12.2023 19:00:00;11.12.2023 20:00:00;177;160;3691;;65;;321;4414
11.12.2023 20:00:00;11.12.2023 21:00:00;177;161;3708;;64;;355;4465
11.12.2023 21:00:00;11.12.2023 22:00:00;177;160;3701;;64;;442;4544
11.12.2023 22:00:00;11.12.2023 23:00:00;177;160;3682;;67;;447;4533
11.12.2023 23:00:00;12.12.2023 00:00:00;177;160;3601;;73;;432;4443
12.12.2023 00:00:00;12.12.2023 01:00:00;178;160;3556;;32;;396;4322
12.12.2023 01:00:00;12.12.2023 02:00:00;177;160;3559;;29;;383;4308
12.12.2023 02:00:00;12.12.2023 03:00:00;178;159;3558;;22;;386;4303
12.12.2023 03:00:00;12.12.2023 04:00:00;178;160;3561;;23;;386;4308
12.12.2023 04:00:00;12.12.2023 05:00:00;178;160;3544;;22;;392;4296
12.12.2023 05:00:00;12.12.2023 06:00:00;178;159;3565;;25;;388;4315
12.12.2023 06:00:00;12.12.2023 07:00:00;177;158;3585;;0;;400;4320
12.12.2023 07:00:00;12.12.2023 08:00:00;177;159;3657;;0;;391;4384
12.12.2023 08:00:00;12.12.2023 09:00:00;178;158;3700;;0;;374;4410
12.12.2023 09:00:00;12.12.2023 10:00:00;178;156;3729;;0;;461;4524
12.12.2023 10:00:00;12.12.2023 11:00:00;179;157;3704;;0;;443;4483
12.12.2023 11:00:00;12.12.2023 12:00:00;181;156;3722;;0;;470;4529
12.12.2023 12:00:00;12.12.2023 13:00:00;180;155;3704;;0;;450;4489
12.12.2023 13:00:00;12.12.2023 14:00:00;181;154;3700;;0;;433;4468
12.12.2023 14:00:00;12.12.2023 15:00:00;181;157;3698;;0;;388;4424
12.12.2023 15:00:00;12.12.2023 16:00:00;182;159;3699;;0;;336;4376
12.12.2023 16:00:00;12.12.2023 17:00:00;181;159;3700;;16;;396;4452
12.12.2023 17:00:00;12.12.2023 18:00:00;181;159;3701;;19;;460;4520
12.12.2023 18:00:00;12.12.2023 19:00:00;181;159;3689;;25;;488;4542
12.12.2023 19:00:00;12.12.2023 20:00:00;182;158;3668;;22;;460;4490
12.12.2023 20:00:00;12.12.2023 21:00:00;182;160;3658;;23;;466;4489
12.12.2023 21:00:00;12.12.2023 22:00:00;182;158;3620;;24;;429;4413
12.12.2023 22:00:00;12.12.2023 23:00:00;183;157;3570;;25;;420;4355
12.12.2023 23:00:00;13.12.2023 00:00:00;183;156;3546;;26;;446;4357
13.12.2023 00:00:00;13.12.2023 01:00:00;183;156;3531;;27;;481;4378
13.12.2023 01:00:00;13.12.2023 02:00:00;183;154;3550;;27;;445;4359
13.12.2023 02:00:00;13.12.2023 03:00:00;183;157;3539;;26;;435;4340
13.12.2023 03:00:00;13.12.2023 04:00:00;183;160;3531;;24;;421;4319
13.12.2023 04:00:00;13.12.2023 05:00:00;183;166;3552;;26;;373;4300
13.12.2023 05:00:00;13.12.2023 06:00:00;183;167;3572;;28;;374;4324
13.12.2023 06:00:00;13.12.2023 07:00:00;183;168;3620;;28;;364;4363
13.12.2023 07:00:00;13.12.2023 08:00:00;183;168;3699;;28;;307;4385
13.12.2023 08:00:00;13.12.2023 09:00:00;183;167;3685;;26;;332;4393
13.12.2023 09:00:00;13.12.2023 10:00:00;184;168;3718;;26;;417;4513
13.12.2023 10:00:00;13.12.2023 11:00:00;184;168;3716;;24;;415;4507
13.12.2023 11:00:00;13.12.2023 12:00:00;184;167;3576;;26;;430;4383
13.12.2023 12:00:00;13.12.2023 13:00:00;183;165;3565;;27;;394;4334
13.12.2023 13:00:00;13.12.2023 14:00:00;184;164;3663;;26;;408;4445
13.12.2023 14:00:00;13.12.2023 15:00:00;183;165;3705;;24;;418;4495
13.12.2023 15:00:00;13.12.2023 16:00:00;183;165;3703;;27;;427;4505
13.12.2023 16:00:00;13.12.2023 17:00:00;183;164;3721;;27;;444;4539
13.12.2023 17:00:00;13.12.2023 18:00:00;183;163;3707;;29;;409;4491
13.12.2023 18:00:00;13.12.2023 19:00:00;183;163;3728;;28;;390;4492
13.12.2023 19:00:00;13.12.2023 20:00:00;183;163;3797;;27;;418;4588
13.12.2023 20:00:00;13.12.2023 21:00:00;184;161;3774;;26;;445;4590
13.12.2023 21:00:00;13.12.2023 22:00:00;183;162;3758;;26;;466;4595
13.12.2023 22:00:00;13.12.2023 23:00:00;184;162;3680;;28;;478;4532
13.12.2023 23:00:00;14.12.2023 00:00:00;183;161;3640;;31;;477;4492
14.12.2023 00:00:00;14.12.2023 01:00:00;183;160;3549;;30;;467;4389
14.12.2023 01:00:00;14.12.2023 02:00:00;184;161;3569;;27;;458;4399
14.12.2023 02:00:00;14.12.2023 03:00:00;184;159;3461;;33;;472;4309
14.12.2023 03:00:00;14.12.2023 04:00:00;184;160;3448;;33;;534;4359
14.12.2023 04:00:00;14.12.2023 05:00:00;184;160;3464;;28;;489;4325
14.12.2023 05:00:00;14.12.2023 06:00:00;184;160;3510;;26;;489;4369
14.12.2023 06:00:00;14.12.2023 07:00:00;184;161;3589;;27;;478;4439
14.12.2023 07:00:00;14.12.2023 08:00:00;184;163;3762;;28;;482;4619
14.12.2023 08:00:00;14.12.2023 09:00:00;184;164;3583;;27;;512;4470
14.12.2023 09:00:00;14.12.2023 10:00:00;185;162;3724;;27;;513;4611
14.12.2023 10:00:00;14.12.2023 11:00:00;185;165;3815;;27;;497;4689
14.12.2023 11:00:00;14.12.2023 12:00:00;185;164;3818;;27;;496;4690
14.12.2023 12:00:00;14.12.2023 13:00:00;184;162;3776;;26;;507;4655
14.12.2023 13:00:00;14.12.2023 14:00:00;185;163;3744;;23;;523;4638
14.12.2023 14:00:00;14.12.2023 15:00:00;185;166;3708;;26;;523;4608
14.12.2023 15:00:00;14.12.2023 16:00:00;185;166;3752;;26;;620;4749
14.12.2023 16:00:00;14.12.2023 17:00:00;185;165;3716;;27;;697;4790
14.12.2023 17:00:00;14.12.2023 18:00:00;185;166;3712;;28;;752;4843
14.12.2023 18:00:00;14.12.2023 19:00:00;184;165;3699;;24;;851;4923
14.12.2023 19:00:00;14.12.2023 20:00:00;181;165;3705;;29;;839;4919
14.12.2023 20:00:00;14.12.2023 21:00:00;188;161;3656;;28;;850;4883
14.12.2023 21:00:00;14.12.2023 22:00:00;188;163;3584;;28;;805;4768
14.12.2023 22:00:00;14.12.2023 23:00:00;188;163;3563;;28;;728;4670
14.12.2023 23:00:00;15.12.2023 00:00:00;189;162;3555;;30;;685;4621
15.12.2023 00:00:00;15.12.2023 01:00:00;189;148;3201;;29;;691;4258
15.12.2023 01:00:00;15.12.2023 02:00:00;188;145;3252;;28;;726;4339
15.12.2023 02:00:00;15.12.2023 03:00:00;188;145;3250;;28;;699;4310
15.12.2023 03:00:00;15.12.2023 04:00:00;188;145;3264;;29;;634;4260
15.12.2023 04:00:00;15.12.2023 05:00:00;189;144;3273;;29;;617;4252
15.12.2023 05:00:00;15.12.2023 06:00:00;190;143;3340;;30;;595;4298
15.12.2023 06:00:00;15.12.2023 07:00:00;190;143;3378;;27;;584;4322
15.12.2023 07:00:00;15.12.2023 08:00:00;183;157;3472;;27;;595;4434
15.12.2023 08:00:00;15.12.2023 09:00:00;180;156;3539;;27;;590;4492
15.12.2023 09:00:00;15.12.2023 10:00:00;181;156;3542;;28;;536;4443
15.12.2023 10:00:00;15.12.2023 11:00:00;181;171;3587;;30;;516;4485
15.12.2023 11:00:00;15.12.2023 12:00:00;181;173;3467;;30;;554;4405
15.12.2023 12:00:00;15.12.2023 13:00:00;181;176;3481;;27;;560;4425
15.12.2023 13:00:00;15.12.2023 14:00:00;180;176;3466;;28;;556;4406
15.12.2023 14:00:00;15.12.2023 15:00:00;190;176;3441;;32;;524;4363
15.12.2023 15:00:00;15.12.2023 16:00:00;198;177;3462;;29;;514;4380
15.12.2023 16:00:00;15.12.2023 17:00:00;198;178;3463;;27;;535;4401
15.12.2023 17:00:00;15.12.2023 18:00:00;199;177;3449;;27;;583;4435
15.12.2023 18:00:00;15.12.2023 19:00:00;199;176;3420;;29;;556;4380
15.12.2023 19:00:00;15.12.2023 20:00:00;199;179;3435;;28;;550;4391
15.12.2023 20:00:00;15.12.2023 21:00:00;199;180;3423;;27;;530;4359
15.12.2023 21:00:00;15.12.2023 22:00:00;199;179;3386;;29;;464;4257
15.12.2023 22:00:00;15.12.2023 23:00:00;200;177;3345;;29;;486;4237
15.12.2023 23:00:00;16.12.2023 00:00:00;200;162;3319;;24;;534;4239
16.12.2023 00:00:00;16.12.2023 01:00:00;201;147;3028;;28;;552;3956
16.12.2023 01:00:00;16.12.2023 02:00:00;201;130;2911;;28;;537;3807
16.12.2023 02:00:00;16.12.2023 03:00:00;200;129;2773;;27;;582;3711
16.12.2023 03:00:00;16.12.2023 04:00:00;202;125;2833;;27;;654;3841
16.12.2023 04:00:00;16.12.2023 05:00:00;202;122;2944;;26;;749;4043
16.12.2023 05:00:00;16.12.2023 06:00:00;203;122;2541;;24;;880;3770
16.12.2023 06:00:00;16.12.2023 07:00:00;205;119;2322;;25;;854;3525
16.12.2023 07:00:00;16.12.2023 08:00:00;205;116;2366;;25;;838;3550
16.12.2023 08:00:00;16.12.2023 09:00:00;205;118;2209;;24;;836;3392
16.12.2023 09:00:00;16.12.2023 10:00:00;205;125;2284;;25;;805;3444
16.12.2023 10:00:00;16.12.2023 11:00:00;205;130;2511;;27;;831;3704
16.12.2023 11:00:00;16.12.2023 12:00:00;206;134;2495;;27;;906;3768
16.12.2023 12:00:00;16.12.2023 13:00:00;206;138;2721;;27;;860;3952
16.12.2023 13:00:00;16.12.2023 14:00:00;205;138;2261;;28;;859;3491
16.12.2023 14:00:00;16.12.2023 15:00:00;203;140;1679;;29;;869;2920
16.12.2023 15:00:00;16.12.2023 16:00:00;201;138;1596;;26;;824;2785
16.12.2023 16:00:00;16.12.2023 17:00:00;200;133;1675;;30;;731;2769
16.12.2023 17:00:00;16.12.2023 18:00:00;201;129;1342;;27;;551;2250
16.12.2023 18:00:00;16.12.2023 19:00:00;204;137;1190;;26;;521;2078
16.12.2023 19:00:00;16.12.2023 20:00:00;204;135;1053;;27;;554;1973
16.12.2023 20:00:00;16.12.2023 21:00:00;205;123;954;;27;;441;1750
16.12.2023 21:00:00;16.12.2023 22:00:00;202;122;957;;26;;519;1826
16.12.2023 22:00:00;16.12.2023 23:00:00;200;111;884;;22;;538;1755
16.12.2023 23:00:00;17.12.2023 00:00:00;199;114;888;;26;;671;1898
17.12.2023 00:00:00;17.12.2023 01:00:00;198;147;958;;28;;493;1824
17.12.2023 01:00:00;17.12.2023 02:00:00;199;146;858;;28;;513;1744
17.12.2023 02:00:00;17.12.2023 03:00:00;199;143;862;;29;;518;1751
17.12.2023 03:00:00;17.12.2023 04:00:00;199;140;846;;27;;543;1755
17.12.2023 04:00:00;17.12.2023 05:00:00;199;139;836;;23;;484;1681
17.12.2023 05:00:00;17.12.2023 06:00:00;199;138;1018;;25;;454;1834
17.12.2023 06:00:00;17.12.2023 07:00:00;199;134;910;;28;;631;1902
17.12.2023 07:00:00;17.12.2023 08:00:00;199;134;929;;26;;654;1942
17.12.2023 08:00:00;17.12.2023 09:00:00;200;133;931;;24;;686;1974
17.12.2023 09:00:00;17.12.2023 10:00:00;201;135;1016;;21;;559;1932
17.12.2023 10:00:00;17.12.2023 11:00:00;200;136;1043;;20;;748;2147
17.12.2023 11:00:00;17.12.2023 12:00:00;200;138;1447;;26;;789;2600
17.12.2023 12:00:00;17.12.2023 13:00:00;200;142;1672;;25;;712;2751
17.12.2023 13:00:00;17.12.2023 14:00:00;201;142;1715;;26;;558;2642
17.12.2023 14:00:00;17.12.2023 15:00:00;200;146;1805;;26;;591;2768
17.12.2023 15:00:00;17.12.2023 16:00:00;200;146;1968;;25;;697;3036
17.12.2023 16:00:00;17.12.2023 17:00:00;200;145;1967;;25;;731;3068
17.12.2023 17:00:00;17.12.2023 18:00:00;200;144;2021;;26;;702;3093
17.12.2023 18:00:00;17.12.2023 19:00:00;200;141;2123;;26;;689;3179
17.12.2023 19:00:00;17.12.2023 20:00:00;200;141;2055;;25;;661;3082
17.12.2023 20:00:00;17.12.2023 21:00:00;199;140;2028;;25;;706;3098
17.12.2023 21:00:00;17.12.2023 22:00:00;200;137;2015;;26;;621;2999
17.12.2023 22:00:00;17.12.2023 23:00:00;200;135;2011;;25;;687;3058
17.12.2023 23:00:00;18.12.2023 00:00:00;200;133;1672;;25;;704;2734
18.12.2023 00:00:00;18.12.2023 01:00:00;197;117;1600;;24;;681;2619
18.12.2023 01:00:00;18.12.2023 02:00:00;197;119;1301;;27;;685;2329
18.12.2023 02:00:00;18.12.2023 03:00:00;197;119;1050;;27;;651;2044
18.12.2023 03:00:00;18.12.2023 04:00:00;197;118;961;;28;;594;1898
18.12.2023 04:00:00;18.12.2023 05:00:00;197;118;905;;28;;597;1845
18.12.2023 05:00:00;18.12.2023 06:00:00;187;119;1175;;28;;484;1993
18.12.2023 06:00:00;18.12.2023 07:00:00;173;121;1874;;29;;534;2731
18.12.2023 07:00:00;18.12.2023 08:00:00;173;123;2674;;30;;441;3441
18.12.2023 08:00:00;18.12.2023 09:00:00;173;123;2857;;28;;425;3606
18.12.2023 09:00:00;18.12.2023 10:00:00;173;126;2869;;27;;392;3587
18.12.2023 10:00:00;18.12.2023 11:00:00;173;125;2866;;23;;370;3557
18.12.2023 11:00:00;18.12.2023 12:00:00;173;131;2772;;23;;373;3472
18.12.2023 12:00:00;18.12.2023 13:00:00;173;134;2329;;31;;388;3055
18.12.2023 13:00:00;18.12.2023 14:00:00;173;140;2183;;27;;426;2949
18.12.2023 14:00:00;18.12.2023 15:00:00;173;169;2197;;28;;497;3064
18.12.2023 15:00:00;18.12.2023 16:00:00;173;173;2452;;28;;532;3358
18.12.2023 16:00:00;18.12.2023 17:00:00;173;178;2490;;28;;535;3404
18.12.2023 17:00:00;18.12.2023 18:00:00;173;179;2492;;28;;552;3424
18.12.2023 18:00:00;18.12.2023 19:00:00;173;180;2505;;27;;531;3416
18.12.2023 19:00:00;18.12.2023 20:00:00;173;183;2472;;30;;433;3291
18.12.2023 20:00:00;18.12.2023 21:00:00;173;184;2437;;28;;366;3188
18.12.2023 21:00:00;18.12.2023 22:00:00;173;200;2031;;26;;503;2933
18.12.2023 22:00:00;18.12.2023 23:00:00;173;196;1842;;28;;521;2760
18.12.2023 23:00:00;19.12.2023 00:00:00;173;193;1311;;28;;554;2259
19.12.2023 00:00:00;19.12.2023 01:00:00;173;193;1141;;27;;602;2136
19.12.2023 01:00:00;19.12.2023 02:00:00;173;194;1012;;27;;593;1999
19.12.2023 02:00:00;19.12.2023 03:00:00;173;193;1007;;24;;565;1962
19.12.2023 03:00:00;19.12.2023 04:00:00;173;194;1012;;22;;552;1953
19.12.2023 04:00:00;19.12.2023 05:00:00;173;194;995;;23;;495;1880
19.12.2023 05:00:00;19.12.2023 06:00:00;173;192;1090;;25;;462;1942
19.12.2023 06:00:00;19.12.2023 07:00:00;173;191;1308;;28;;475;2175
19.12.2023 07:00:00;19.12.2023 08:00:00;173;188;2443;;26;;403;3233
19.12.2023 08:00:00;19.12.2023 09:00:00;173;189;2666;;28;;217;3273
19.12.2023 09:00:00;19.12.2023 10:00:00;173;191;2640;;27;;141;3172
19.12.2023 10:00:00;19.12.2023 11:00:00;174;188;2815;;24;;120;3321
19.12.2023 11:00:00;19.12.2023 12:00:00;177;189;2823;;29;;106;3324
19.12.2023 12:00:00;19.12.2023 13:00:00;175;185;2526;;30;;79;2995
19.12.2023 13:00:00;19.12.2023 14:00:00;175;180;2517;;29;;97;2998
19.12.2023 14:00:00;19.12.2023 15:00:00;176;186;2522;;21;;156;3061
19.12.2023 15:00:00;19.12.2023 16:00:00;175;186;2879;;23;;216;3479
19.12.2023 16:00:00;19.12.2023 17:00:00;176;182;2863;;26;;280;3527
19.12.2023 17:00:00;19.12.2023 18:00:00;178;183;2877;;26;;289;3553
19.12.2023 18:00:00;19.12.2023 19:00:00;176;181;2824;;27;;317;3525
19.12.2023 19:00:00;19.12.2023 20:00:00;176;176;2686;;26;;238;3302
19.12.2023 20:00:00;19.12.2023 21:00:00;176;173;2701;;26;;278;3354
19.12.2023 21:00:00;19.12.2023 22:00:00;176;167;2770;;26;;298;3437
19.12.2023 22:00:00;19.12.2023 23:00:00;176;166;2773;;26;;221;3362
19.12.2023 23:00:00;20.12.2023 00:00:00;176;162;2678;;29;;281;3326
20.12.2023 00:00:00;20.12.2023 01:00:00;176;159;2629;;29;;267;3260
20.12.2023 01:00:00;20.12.2023 02:00:00;176;160;2806;;26;;198;3366
20.12.2023 02:00:00;20.12.2023 03:00:00;176;157;2212;;26;;191;2762
20.12.2023 03:00:00;20.12.2023 04:00:00;176;156;2062;;24;;203;2621
20.12.2023 04:00:00;20.12.2023 05:00:00;176;153;2118;;24;;190;2661
20.12.2023 05:00:00;20.12.2023 06:00:00;176;148;2621;;26;;122;3093
20.12.2023 06:00:00;20.12.2023 07:00:00;176;150;2988;;27;;66;3407
20.12.2023 07:00:00;20.12.2023 08:00:00;176;157;3341;;25;;134;3833
20.12.2023 08:00:00;20.12.2023 09:00:00;176;172;3428;;27;;210;4013
20.12.2023 09:00:00;20.12.2023 10:00:00;176;183;3459;;29;;182;4029
20.12.2023 10:00:00;20.12.2023 11:00:00;176;187;3380;;29;;185;3957
20.12.2023 11:00:00;20.12.2023 12:00:00;176;184;3527;;26;;147;4060
20.12.2023 12:00:00;20.12.2023 13:00:00;176;185;3828;;25;;127;4341
20.12.2023 13:00:00;20.12.2023 14:00:00;176;186;3887;;27;;105;4381
20.12.2023 14:00:00;20.12.2023 15:00:00;176;189;3881;;26;;141;4413
20.12.2023 15:00:00;20.12.2023 16:00:00;176;194;3990;;30;;164;4554
20.12.2023 16:00:00;20.12.2023 17:00:00;176;193;3881;;30;;152;4432
20.12.2023 17:00:00;20.12.2023 18:00:00;176;192;3715;;28;;225;4336
20.12.2023 18:00:00;20.12.2023 19:00:00;176;194;3689;;28;;272;4359
20.12.2023 19:00:00;20.12.2023 20:00:00;178;193;3687;;26;;318;4402
20.12.2023 20:00:00;20.12.2023 21:00:00;178;194;3744;;25;;342;4483
20.12.2023 21:00:00;20.12.2023 22:00:00;178;194;3690;;26;;388;4476
20.12.2023 22:00:00;20.12.2023 23:00:00;197;191;3525;;27;;440;4380
20.12.2023 23:00:00;21.12.2023 00:00:00;199;192;3452;;29;;434;4306
21.12.2023 00:00:00;21.12.2023 01:00:00;199;184;3345;;29;;495;4252
21.12.2023 01:00:00;21.12.2023 02:00:00;199;175;3243;;29;;511;4157
21.12.2023 02:00:00;21.12.2023 03:00:00;198;167;3195;;25;;559;4144
21.12.2023 03:00:00;21.12.2023 04:00:00;199;158;3089;;27;;495;3968
21.12.2023 04:00:00;21.12.2023 05:00:00;198;150;3040;;28;;464;3880
21.12.2023 05:00:00;21.12.2023 06:00:00;199;145;2366;;29;;545;3284
21.12.2023 06:00:00;21.12.2023 07:00:00;199;139;2787;;28;;538;3691
21.12.2023 07:00:00;21.12.2023 08:00:00;182;142;3393;;26;;518;4261
21.12.2023 08:00:00;21.12.2023 09:00:00;176;145;3582;;26;;478;4407
21.12.2023 09:00:00;21.12.2023 10:00:00;176;142;3493;;27;;446;4284
21.12.2023 10:00:00;21.12.2023 11:00:00;176;166;3503;;28;;448;4321
21.12.2023 11:00:00;21.12.2023 12:00:00;178;170;3474;;28;;479;4329
21.12.2023 12:00:00;21.12.2023 13:00:00;179;171;3488;;24;;520;4382
21.12.2023 13:00:00;21.12.2023 14:00:00;176;168;3505;;28;;564;4441
21.12.2023 14:00:00;21.12.2023 15:00:00;175;168;3463;;30;;596;4432
21.12.2023 15:00:00;21.12.2023 16:00:00;177;169;3466;;27;;587;4426
21.12.2023 16:00:00;21.12.2023 17:00:00;178;170;3501;;26;;583;4458
21.12.2023 17:00:00;21.12.2023 18:00:00;184;170;3518;;28;;576;4476
21.12.2023 18:00:00;21.12.2023 19:00:00;182;169;3520;;26;;605;4502
21.12.2023 19:00:00;21.12.2023 20:00:00;179;170;3600;;27;;602;4578
21.12.2023 20:00:00;21.12.2023 21:00:00;176;170;3567;;21;;562;4496
21.12.2023 21:00:00;21.12.2023 22:00:00;177;169;3457;;21;;513;4337
21.12.2023 22:00:00;21.12.2023 23:00:00;177;169;3313;;23;;481;4163
21.12.2023 23:00:00;22.12.2023 00:00:00;176;167;2407;;30;;490;3270
22.12.2023 00:00:00;22.12.2023 01:00:00;177;137;2353;;29;;474;3170
22.12.2023 01:00:00;22.12.2023 02:00:00;178;145;2434;;30;;447;3234
22.12.2023 02:00:00;22.12.2023 03:00:00;178;140;2619;;31;;453;3421
22.12.2023 03:00:00;22.12.2023 04:00:00;178;138;2642;;28;;433;3419
22.12.2023 04:00:00;22.12.2023 05:00:00;178;135;2633;;29;;422;3397
22.12.2023 05:00:00;22.12.2023 06:00:00;177;133;2574;;29;;428;3341
22.12.2023 06:00:00;22.12.2023 07:00:00;145;132;3138;;28;;424;3867
22.12.2023 07:00:00;22.12.2023 08:00:00;139;142;3407;;28;;436;4152
22.12.2023 08:00:00;22.12.2023 09:00:00;174;146;3410;;28;;412;4170
22.12.2023 09:00:00;22.12.2023 10:00:00;179;162;3522;;27;;416;4306
22.12.2023 10:00:00;22.12.2023 11:00:00;179;179;3494;;28;;419;4299
22.12.2023 11:00:00;22.12.2023 12:00:00;179;184;3483;;28;;402;4276
22.12.2023 12:00:00;22.12.2023 13:00:00;179;173;3464;;36;;385;4237
22.12.2023 13:00:00;22.12.2023 14:00:00;179;150;3311;;30;;371;4041
22.12.2023 14:00:00;22.12.2023 15:00:00;179;156;3411;;21;;304;4071
22.12.2023 15:00:00;22.12.2023 16:00:00;179;153;3468;;22;;306;4128
22.12.2023 16:00:00;22.12.2023 17:00:00;179;161;3500;;27;;359;4226
22.12.2023 17:00:00;22.12.2023 18:00:00;179;160;3548;;26;;348;4261
22.12.2023 18:00:00;22.12.2023 19:00:00;179;152;3472;;25;;303;4131
22.12.2023 19:00:00;22.12.2023 20:00:00;179;152;3356;;26;;300;4013
22.12.2023 20:00:00;22.12.2023 21:00:00;179;147;3227;;27;;339;3919
22.12.2023 21:00:00;22.12.2023 22:00:00;179;138;3140;;27;;353;3837
22.12.2023 22:00:00;22.12.2023 23:00:00;179;132;2894;;29;;318;3552
22.12.2023 23:00:00;23.12.2023 00:00:00;179;138;2046;;30;;314;2707
23.12.2023 00:00:00;23.12.2023 01:00:00;179;134;1944;;28;;322;2607
23.12.2023 01:00:00;23.12.2023 02:00:00;179;133;1661;;29;;314;2316
23.12.2023 02:00:00;23.12.2023 03:00:00;179;133;1663;;31;;272;2278
23.12.2023 03:00:00;23.12.2023 04:00:00;179;132;1589;;30;;223;2153
23.12.2023 04:00:00;23.12.2023 05:00:00;179;133;1681;;27;;237;2257
23.12.2023 05:00:00;23.12.2023 06:00:00;179;130;1700;;25;;237;2271
23.12.2023 06:00:00;23.12.2023 07:00:00;179;130;1884;;26;;258;2477
23.12.2023 07:00:00;23.12.2023 08:00:00;179;123;2423;;26;;234;2985
23.12.2023 08:00:00;23.12.2023 09:00:00;179;126;2932;;26;;220;3483
23.12.2023 09:00:00;23.12.2023 10:00:00;179;141;3271;;28;;154;3773
23.12.2023 10:00:00;23.12.2023 11:00:00;179;146;3328;;29;;171;3853
23.12.2023 11:00:00;23.12.2023 12:00:00;179;151;3465;;25;;209;4029
23.12.2023 12:00:00;23.12.2023 13:00:00;179;160;3588;;28;;234;4189
23.12.2023 13:00:00;23.12.2023 14:00:00;179;162;3530;;30;;198;4099
23.12.2023 14:00:00;23.12.2023 15:00:00;179;163;3614;;28;;157;4141
23.12.2023 15:00:00;23.12.2023 16:00:00;179;163;3659;;29;;125;4155
23.12.2023 16:00:00;23.12.2023 17:00:00;179;164;3641;;29;;110;4123
23.12.2023 17:00:00;23.12.2023 18:00:00;179;163;3622;;30;;115;4109
23.12.2023 18:00:00;23.12.2023 19:00:00;179;163;3634;;28;;153;4157
23.12.2023 19:00:00;23.12.2023 20:00:00;179;164;3660;;29;;170;4202
23.12.2023 20:00:00;23.12.2023 21:00:00;179;161;3600;;28;;175;4143
23.12.2023 21:00:00;23.12.2023 22:00:00;179;159;3413;;28;;142;3921
23.12.2023 22:00:00;23.12.2023 23:00:00;179;163;3323;;29;;131;3825
23.12.2023 23:00:00;24.12.2023 00:00:00;179;161;2955;;30;;184;3509
24.12.2023 00:00:00;24.12.2023 01:00:00;179;145;3221;;29;;239;3813
24.12.2023 01:00:00;24.12.2023 02:00:00;179;142;3119;;30;;275;3745
24.12.2023 02:00:00;24.12.2023 03:00:00;179;142;3025;;31;;303;3680
24.12.2023 03:00:00;24.12.2023 04:00:00;179;140;2914;;30;;307;3570
24.12.2023 04:00:00;24.12.2023 05:00:00;179;141;2901;;30;;320;3571
24.12.2023 05:00:00;24.12.2023 06:00:00;179;139;2799;;31;;311;3459
24.12.2023 06:00:00;24.12.2023 07:00:00;179;138;2849;;30;;291;3487
24.12.2023 07:00:00;24.12.2023 08:00:00;179;132;3354;;30;;380;4075
24.12.2023 08:00:00;24.12.2023 09:00:00;179;150;3504;;28;;422;4283
24.12.2023 09:00:00;24.12.2023 10:00:00;179;158;3557;;27;;440;4361
24.12.2023 10:00:00;24.12.2023 11:00:00;179;159;3581;;29;;497;4445
24.12.2023 11:00:00;24.12.2023 12:00:00;179;160;3532;;29;;501;4401
24.12.2023 12:00:00;24.12.2023 13:00:00;179;162;3518;;29;;463;4351
24.12.2023 13:00:00;24.12.2023 14:00:00;179;161;3524;;30;;510;4404
24.12.2023 14:00:00;24.12.2023 15:00:00;179;163;3528;;30;;605;4505
24.12.2023 15:00:00;24.12.2023 16:00:00;179;159;3515;;30;;647;4530
24.12.2023 16:00:00;24.12.2023 17:00:00;179;146;3275;;32;;709;4341
24.12.2023 17:00:00;24.12.2023 18:00:00;179;136;3183;;28;;673;4199
24.12.2023 18:00:00;24.12.2023 19:00:00;179;137;2941;;26;;660;3943
24.12.2023 19:00:00;24.12.2023 20:00:00;179;132;2822;;27;;701;3861
24.12.2023 20:00:00;24.12.2023 21:00:00;179;125;2760;;27;;650;3741
24.12.2023 21:00:00;24.12.2023 22:00:00;179;124;2475;;26;;743;3547
24.12.2023 22:00:00;24.12.2023 23:00:00;179;122;2568;;28;;712;3609
24.12.2023 23:00:00;25.12.2023 00:00:00;179;123;2943;;30;;739;4014
25.12.2023 00:00:00;25.12.2023 01:00:00;179;124;2805;;29;;678;3815
25.12.2023 01:00:00;25.12.2023 02:00:00;179;124;2878;;29;;685;3895
25.12.2023 02:00:00;25.12.2023 03:00:00;179;124;2726;;29;;768;3826
25.12.2023 03:00:00;25.12.2023 04:00:00;179;124;2375;;28;;718;3424
25.12.2023 04:00:00;25.12.2023 05:00:00;179;124;2213;;28;;674;3218
25.12.2023 05:00:00;25.12.2023 06:00:00;179;123;2305;;27;;620;3254
25.12.2023 06:00:00;25.12.2023 07:00:00;179;123;2662;;30;;545;3539
25.12.2023 07:00:00;25.12.2023 08:00:00;179;119;2937;;30;;508;3773
25.12.2023 08:00:00;25.12.2023 09:00:00;179;122;3064;;29;;635;4029
25.12.2023 09:00:00;25.12.2023 10:00:00;179;123;3268;;27;;587;4184
25.12.2023 10:00:00;25.12.2023 11:00:00;179;129;3398;;30;;454;4190
25.12.2023 11:00:00;25.12.2023 12:00:00;179;136;3444;;29;;405;4193
25.12.2023 12:00:00;25.12.2023 13:00:00;179;139;3450;;27;;327;4122
25.12.2023 13:00:00;25.12.2023 14:00:00;179;140;3363;;28;;261;3971
25.12.2023 14:00:00;25.12.2023 15:00:00;179;133;3336;;27;;251;3926
25.12.2023 15:00:00;25.12.2023 16:00:00;179;128;3326;;25;;233;3891
25.12.2023 16:00:00;25.12.2023 17:00:00;179;128;3362;;29;;189;3887
25.12.2023 17:00:00;25.12.2023 18:00:00;179;128;3350;;29;;112;3798
25.12.2023 18:00:00;25.12.2023 19:00:00;179;128;3400;;29;;75;3811
25.12.2023 19:00:00;25.12.2023 20:00:00;179;128;3304;;29;;52;3692
25.12.2023 20:00:00;25.12.2023 21:00:00;179;127;3296;;29;;47;3678
25.12.2023 21:00:00;25.12.2023 22:00:00;179;127;3238;;28;;61;3633
25.12.2023 22:00:00;25.12.2023 23:00:00;179;127;3161;;28;;82;3577
25.12.2023 23:00:00;26.12.2023 00:00:00;179;128;2904;;30;;114;3355
26.12.2023 00:00:00;26.12.2023 01:00:00;179;127;3235;;29;;84;3654
26.12.2023 01:00:00;26.12.2023 02:00:00;179;127;3215;;30;;60;3611
26.12.2023 02:00:00;26.12.2023 03:00:00;179;127;3237;;29;;103;3675
26.12.2023 03:00:00;26.12.2023 04:00:00;179;127;3285;;29;;127;3747
26.12.2023 04:00:00;26.12.2023 05:00:00;179;127;3271;;30;;117;3724
26.12.2023 05:00:00;26.12.2023 06:00:00;179;127;3054;;29;;152;3541
26.12.2023 06:00:00;26.12.2023 07:00:00;179;127;3254;;27;;147;3734
26.12.2023 07:00:00;26.12.2023 08:00:00;179;123;3383;;24;;167;3876
26.12.2023 08:00:00;26.12.2023 09:00:00;179;138;3483;;22;;194;4016
26.12.2023 09:00:00;26.12.2023 10:00:00;179;152;3468;;26;;201;4026
26.12.2023 10:00:00;26.12.2023 11:00:00;179;161;3544;;26;;225;4135
26.12.2023 11:00:00;26.12.2023 12:00:00;179;160;3510;;25;;276;4150
26.12.2023 12:00:00;26.12.2023 13:00:00;179;163;3540;;28;;373;4283
26.12.2023 13:00:00;26.12.2023 14:00:00;179;162;3498;;29;;466;4334
26.12.2023 14:00:00;26.12.2023 15:00:00;179;162;3454;;30;;486;4311
26.12.2023 15:00:00;26.12.2023 16:00:00;179;164;3461;;30;;464;4298
26.12.2023 16:00:00;26.12.2023 17:00:00;179;167;3574;;29;;441;4390
26.12.2023 17:00:00;26.12.2023 18:00:00;179;168;3404;;26;;486;4263
26.12.2023 18:00:00;26.12.2023 19:00:00;179;145;3394;;27;;581;4326
26.12.2023 19:00:00;26.12.2023 20:00:00;179;143;3333;;28;;720;4403
26.12.2023 20:00:00;26.12.2023 21:00:00;179;140;3157;;29;;749;4254
26.12.2023 21:00:00;26.12.2023 22:00:00;179;131;3019;;29;;747;4105
26.12.2023 22:00:00;26.12.2023 23:00:00;179;128;2967;;27;;700;4001
26.12.2023 23:00:00;27.12.2023 00:00:00;179;130;2909;;28;;681;3927
27.12.2023 00:00:00;27.12.2023 01:00:00;179;129;2973;;31;;678;3990
27.12.2023 01:00:00;27.12.2023 02:00:00;179;130;2940;;29;;711;3989
27.12.2023 02:00:00;27.12.2023 03:00:00;179;132;2814;;29;;670;3824
27.12.2023 03:00:00;27.12.2023 04:00:00;179;131;2776;;28;;684;3798
27.12.2023 04:00:00;27.12.2023 05:00:00;179;131;2607;;31;;702;3650
27.12.2023 05:00:00;27.12.2023 06:00:00;179;132;2611;;29;;672;3623
27.12.2023 06:00:00;27.12.2023 07:00:00;179;132;2882;;27;;513;3733
27.12.2023 07:00:00;27.12.2023 08:00:00;179;132;2857;;28;;430;3626
27.12.2023 08:00:00;27.12.2023 09:00:00;179;128;2532;;28;;460;3327
27.12.2023 09:00:00;27.12.2023 10:00:00;179;132;2502;;28;;399;3240
27.12.2023 10:00:00;27.12.2023 11:00:00;179;134;2355;;29;;339;3036
27.12.2023 11:00:00;27.12.2023 12:00:00;179;141;2310;;28;;321;2979
27.12.2023 12:00:00;27.12.2023 13:00:00;179;147;2163;;30;;316;2835
27.12.2023 13:00:00;27.12.2023 14:00:00;179;147;2208;;31;;327;2892
27.12.2023 14:00:00;27.12.2023 15:00:00;179;142;2235;;33;;291;2880
27.12.2023 15:00:00;27.12.2023 16:00:00;179;142;2153;;33;;263;2770
27.12.2023 16:00:00;27.12.2023 17:00:00;179;133;2109;;30;;199;2650
27.12.2023 17:00:00;27.12.2023 18:00:00;179;132;2101;;33;;187;2632
27.12.2023 18:00:00;27.12.2023 19:00:00;179;140;2172;;31;;173;2695
27.12.2023 19:00:00;27.12.2023 20:00:00;179;142;2128;;27;;163;2639
27.12.2023 20:00:00;27.12.2023 21:00:00;179;141;2516;;30;;187;3053
27.12.2023 21:00:00;27.12.2023 22:00:00;179;139;3126;;33;;221;3698
27.12.2023 22:00:00;27.12.2023 23:00:00;179;140;3033;;29;;167;3548
27.12.2023 23:00:00;28.12.2023 00:00:00;179;139;3077;;24;;119;3538
28.12.2023 00:00:00;28.12.2023 01:00:00;179;139;3140;;36;;105;3599
28.12.2023 01:00:00;28.12.2023 02:00:00;179;141;3114;;33;;79;3546
28.12.2023 02:00:00;28.12.2023 03:00:00;179;145;3056;;26;;61;3467
28.12.2023 03:00:00;28.12.2023 04:00:00;179;145;3056;;31;;50;3461
28.12.2023 04:00:00;28.12.2023 05:00:00;179;143;3064;;35;;62;3483
28.12.2023 05:00:00;28.12.2023 06:00:00;179;140;3003;;33;;73;3428
28.12.2023 06:00:00;28.12.2023 07:00:00;179;141;2384;;34;;94;2832
28.12.2023 07:00:00;28.12.2023 08:00:00;179;138;2379;;32;;105;2833
28.12.2023 08:00:00;28.12.2023 09:00:00;179;134;2944;;28;;121;3406
28.12.2023 09:00:00;28.12.2023 10:00:00;179;135;3208;;31;;135;3688
28.12.2023 10:00:00;28.12.2023 11:00:00;179;133;3216;;29;;153;3710
28.12.2023 11:00:00;28.12.2023 12:00:00;179;134;3316;;27;;146;3802
28.12.2023 12:00:00;28.12.2023 13:00:00;179;136;3377;;29;;152;3873
28.12.2023 13:00:00;28.12.2023 14:00:00;179;140;3441;;30;;162;3952
28.12.2023 14:00:00;28.12.2023 15:00:00;179;143;3395;;30;;190;3937
28.12.2023 15:00:00;28.12.2023 16:00:00;179;148;3465;;32;;236;4060
28.12.2023 16:00:00;28.12.2023 17:00:00;179;149;3381;;30;;276;4015
28.12.2023 17:00:00;28.12.2023 18:00:00;179;152;3507;;27;;290;4155
28.12.2023 18:00:00;28.12.2023 19:00:00;179;154;3490;;27;;330;4180
28.12.2023 19:00:00;28.12.2023 20:00:00;179;152;3342;;27;;370;4070
28.12.2023 20:00:00;28.12.2023 21:00:00;179;145;3045;;27;;388;3784
28.12.2023 21:00:00;28.12.2023 22:00:00;179;138;2854;;28;;397;3596
28.12.2023 22:00:00;28.12.2023 23:00:00;179;138;2389;;27;;461;3194
28.12.2023 23:00:00;29.12.2023 00:00:00;179;138;2198;;29;;537;3081
29.12.2023 00:00:00;29.12.2023 01:00:00;179;120;2145;;30;;565;3039
29.12.2023 01:00:00;29.12.2023 02:00:00;179;122;1652;;29;;544;2526
29.12.2023 02:00:00;29.12.2023 03:00:00;179;127;1667;;30;;471;2474
29.12.2023 03:00:00;29.12.2023 04:00:00;179;127;1627;;27;;462;2422
29.12.2023 04:00:00;29.12.2023 05:00:00;179;127;1735;;29;;492;2562
29.12.2023 05:00:00;29.12.2023 06:00:00;179;128;1802;;29;;547;2685
29.12.2023 06:00:00;29.12.2023 07:00:00;179;128;2228;;30;;609;3174
29.12.2023 07:00:00;29.12.2023 08:00:00;179;135;2664;;27;;645;3650
29.12.2023 08:00:00;29.12.2023 09:00:00;179;134;2425;;26;;665;3429
29.12.2023 09:00:00;29.12.2023 10:00:00;179;134;2620;;28;;672;3633
29.12.2023 10:00:00;29.12.2023 11:00:00;179;130;2962;;28;;718;4017
29.12.2023 11:00:00;29.12.2023 12:00:00;179;130;2959;;29;;803;4100
29.12.2023 12:00:00;29.12.2023 13:00:00;179;132;2964;;35;;817;4127
29.12.2023 13:00:00;29.12.2023 14:00:00;179;132;3186;;33;;827;4357
29.12.2023 14:00:00;29.12.2023 15:00:00;179;131;3335;;20;;773;4438
29.12.2023 15:00:00;29.12.2023 16:00:00;179;132;3447;;19;;792;4569
29.12.2023 16:00:00;29.12.2023 17:00:00;179;135;3436;;20;;824;4594
29.12.2023 17:00:00;29.12.2023 18:00:00;179;135;3376;;24;;778;4492
29.12.2023 18:00:00;29.12.2023 19:00:00;179;134;3281;;26;;801;4421
29.12.2023 19:00:00;29.12.2023 20:00:00;179;131;3261;;28;;720;4319
29.12.2023 20:00:00;29.12.2023 21:00:00;179;133;3182;;28;;728;4250
29.12.2023 21:00:00;29.12.2023 22:00:00;179;135;3200;;26;;747;4287
29.12.2023 22:00:00;29.12.2023 23:00:00;179;124;2988;;26;;766;4083
29.12.2023 23:00:00;30.12.2023 00:00:00;179;125;2880;;26;;790;4000
30.12.2023 00:00:00;30.12.2023 01:00:00;179;124;1938;;28;;850;3119
30.12.2023 01:00:00;30.12.2023 02:00:00;179;125;1804;;28;;848;2984
30.12.2023 02:00:00;30.12.2023 03:00:00;179;125;1982;;29;;854;3169
30.12.2023 03:00:00;30.12.2023 04:00:00;179;124;2112;;27;;866;3308
30.12.2023 04:00:00;30.12.2023 05:00:00;179;125;2050;;29;;859;3242
30.12.2023 05:00:00;30.12.2023 06:00:00;179;124;2041;;28;;857;3229
30.12.2023 06:00:00;30.12.2023 07:00:00;179;123;1743;;28;;915;2988
30.12.2023 07:00:00;30.12.2023 08:00:00;179;130;2054;;25;;961;3349
30.12.2023 08:00:00;30.12.2023 09:00:00;179;136;2536;;25;;932;3808
30.12.2023 09:00:00;30.12.2023 10:00:00;179;136;3195;;26;;933;4469
30.12.2023 10:00:00;30.12.2023 11:00:00;179;137;3377;;26;;948;4667
30.12.2023 11:00:00;30.12.2023 12:00:00;179;139;3367;;29;;885;4599
30.12.2023 12:00:00;30.12.2023 13:00:00;179;139;3328;;27;;876;4549
30.12.2023 13:00:00;30.12.2023 14:00:00;179;138;3274;;29;;829;4449
30.12.2023 14:00:00;30.12.2023 15:00:00;179;153;3362;;31;;780;4505
30.12.2023 15:00:00;30.12.2023 16:00:00;179;159;3488;;28;;745;4599
30.12.2023 16:00:00;30.12.2023 17:00:00;179;158;3658;;26;;706;4727
30.12.2023 17:00:00;30.12.2023 18:00:00;179;156;3663;;27;;684;4709
30.12.2023 18:00:00;30.12.2023 19:00:00;179;161;3631;;28;;635;4634
30.12.2023 19:00:00;30.12.2023 20:00:00;179;162;3531;;28;;637;4537
30.12.2023 20:00:00;30.12.2023 21:00:00;179;159;3495;;28;;649;4510
30.12.2023 21:00:00;30.12.2023 22:00:00;179;154;3434;;27;;629;4423
30.12.2023 22:00:00;30.12.2023 23:00:00;179;150;3299;;27;;608;4263
30.12.2023 23:00:00;31.12.2023 00:00:00;179;135;3219;;30;;615;4178
31.12.2023 00:00:00;31.12.2023 01:00:00;179;133;3013;;30;;584;3939
31.12.2023 01:00:00;31.12.2023 02:00:00;179;128;2809;;30;;577;3723
31.12.2023 02:00:00;31.12.2023 03:00:00;179;127;2491;;28;;562;3387
31.12.2023 03:00:00;31.12.2023 04:00:00;179;130;2476;;28;;568;3381
31.12.2023 04:00:00;31.12.2023 05:00:00;179;129;2472;;29;;526;3335
31.12.2023 05:00:00;31.12.2023 06:00:00;179;128;2405;;28;;537;3277
31.12.2023 06:00:00;31.12.2023 07:00:00;179;134;2220;;27;;532;3092
31.12.2023 07:00:00;31.12.2023 08:00:00;179;146;2358;;27;;521;3231
31.12.2023 08:00:00;31.12.2023 09:00:00;179;145;2389;;25;;488;3226
31.12.2023 09:00:00;31.12.2023 10:00:00;179;150;2481;;25;;498;3333
31.12.2023 10:00:00;31.12.2023 11:00:00;179;150;2892;;25;;550;3796
31.12.2023 11:00:00;31.12.2023 12:00:00;179;150;3231;;27;;589;4176
31.12.2023 12:00:00;31.12.2023 13:00:00;179;150;3287;;27;;617;4260
31.12.2023 13:00:00;31.12.2023 14:00:00;179;151;3342;;29;;583;4284
31.12.2023 14:00:00;31.12.2023 15:00:00;179;153;3430;;27;;561;4350
31.12.2023 15:00:00;31.12.2023 16:00:00;179;154;3363;;25;;492;4213
31.12.2023 16:00:00;31.12.2023 17:00:00;179;153;3314;;28;;437;4111
31.12.2023 17:00:00;31.12.2023 18:00:00;179;153;3305;;29;;471;4137
31.12.2023 18:00:00;31.12.2023 19:00:00;179;151;3151;;28;;549;4058
31.12.2023 19:00:00;31.12.2023 20:00:00;179;131;3086;;29;;586;4011
31.12.2023 20:00:00;31.12.2023 21:00:00;179;127;3004;;25;;593;3928
31.12.2023 21:00:00;31.12.2023 22:00:00;179;128;3017;;28;;591;3943
31.12.2023 22:00:00;31.12.2023 23:00:00;179;127;3000;;26;;581;3913
31.12.2023 23:00:00;01.01.2024 00:00:00;179;128;2727;;27;;567;3628