Delivery Start (CET);Delivery End (CET);FI Price (NOK);NO3 Price (NOK);NO4 Price (NOK);SE1 Price (NOK);SE2 Price (NOK)
01.01.2022 00:00:00;01.01.2022 01:00:00;465.56;465.56;465.56;465.56;465.56
01.01.2022 01:00:00;01.01.2022 02:00:00;412.91;412.91;412.91;412.91;412.91
01.01.2022 02:00:00;01.01.2022 03:00:00;421.4;421.4;421.4;421.4;421.4
01.01.2022 03:00:00;01.01.2022 04:00:00;443.28;443.28;443.28;443.28;443.28
01.01.2022 04:00:00;01.01.2022 05:00:00;376.34;376.34;376.34;376.34;376.34
01.01.2022 05:00:00;01.01.2022 06:00:00;396.62;396.62;396.62;396.62;396.62
01.01.2022 06:00:00;01.01.2022 07:00:00;405.51;405.51;405.51;405.51;405.51
01.01.2022 07:00:00;01.01.2022 08:00:00;432.19;432.19;432.19;432.19;432.19
01.01.2022 08:00:00;01.01.2022 09:00:00;496.13;493.93;493.93;493.93;493.93
01.01.2022 09:00:00;01.01.2022 10:00:00;654.18;494.13;494.13;494.13;494.13
01.01.2022 10:00:00;01.01.2022 11:00:00;764.57;492.23;492.23;492.23;492.23
01.01.2022 11:00:00;01.01.2022 12:00:00;835.51;488.44;488.44;488.44;488.44
01.01.2022 12:00:00;01.01.2022 13:00:00;946.5;484.04;484.04;484.04;484.04
01.01.2022 13:00:00;01.01.2022 14:00:00;939.31;441.68;441.68;486.94;486.94
01.01.2022 14:00:00;01.01.2022 15:00:00;970.78;423.4;423.4;490.13;490.13
01.01.2022 15:00:00;01.01.2022 16:00:00;1011.74;420.5;420.5;495.13;495.13
01.01.2022 16:00:00;01.01.2022 17:00:00;1264.8;422.6;422.6;502.32;502.32
01.01.2022 17:00:00;01.01.2022 18:00:00;1498.28;405.51;405.51;508.72;508.72
01.01.2022 18:00:00;01.01.2022 19:00:00;1461.91;400.72;400.72;493.73;493.73
01.01.2022 19:00:00;01.01.2022 20:00:00;1401.47;384.83;384.83;486.74;486.74
01.01.2022 20:00:00;01.01.2022 21:00:00;1217.64;346.77;346.77;482.34;482.34
01.01.2022 21:00:00;01.01.2022 22:00:00;1025.13;324.49;324.49;475.65;475.65
01.01.2022 22:00:00;01.01.2022 23:00:00;973.67;328.49;328.49;471.85;471.85
01.01.2022 23:00:00;02.01.2022 00:00:00;850.79;324.09;324.09;466.96;466.96
02.01.2022 00:00:00;02.01.2022 01:00:00;570.57;320.17;320.17;347.16;347.16
02.01.2022 01:00:00;02.01.2022 02:00:00;550.68;317.67;317.67;343.76;343.76
02.01.2022 02:00:00;02.01.2022 03:00:00;527.99;317.87;317.87;343.46;343.46
02.01.2022 03:00:00;02.01.2022 04:00:00;349.26;318.77;318.77;340.86;340.86
02.01.2022 04:00:00;02.01.2022 05:00:00;295.48;295.48;295.48;295.48;295.48
02.01.2022 05:00:00;02.01.2022 06:00:00;529.89;319.57;319.57;339.56;339.56
02.01.2022 06:00:00;02.01.2022 07:00:00;345.06;316.47;316.47;345.06;345.06
02.01.2022 07:00:00;02.01.2022 08:00:00;417.83;322.67;322.67;417.83;417.83
02.01.2022 08:00:00;02.01.2022 09:00:00;489.3;329.17;329.17;489.3;489.3
02.01.2022 09:00:00;02.01.2022 10:00:00;599.86;362.95;362.95;493.1;493.1
02.01.2022 10:00:00;02.01.2022 11:00:00;700.62;372.75;372.75;495;495
02.01.2022 11:00:00;02.01.2022 12:00:00;662.33;374.85;374.85;499.9;499.9
02.01.2022 12:00:00;02.01.2022 13:00:00;645.14;374.75;374.75;508.8;508.8
02.01.2022 13:00:00;02.01.2022 14:00:00;469.41;374.75;374.75;469.41;469.41
02.01.2022 14:00:00;02.01.2022 15:00:00;651.64;369.55;369.55;490.4;490.4
02.01.2022 15:00:00;02.01.2022 16:00:00;749.6;359.36;359.36;510.6;510.6
02.01.2022 16:00:00;02.01.2022 17:00:00;881.15;350.16;350.16;514.29;514.29
02.01.2022 17:00:00;02.01.2022 18:00:00;953.62;331.97;331.97;510.1;510.1
02.01.2022 18:00:00;02.01.2022 19:00:00;866.75;329.37;329.37;510;510
02.01.2022 19:00:00;02.01.2022 20:00:00;712.41;328.97;328.97;503.4;503.4
02.01.2022 20:00:00;02.01.2022 21:00:00;540.98;332.37;332.37;500;500
02.01.2022 21:00:00;02.01.2022 22:00:00;461.42;352.56;352.56;461.42;461.42
02.01.2022 22:00:00;02.01.2022 23:00:00;462.71;389.54;389.54;462.71;462.71
02.01.2022 23:00:00;03.01.2022 00:00:00;329.17;329.17;329.17;329.17;329.17
03.01.2022 00:00:00;03.01.2022 01:00:00;208.82;208.82;208.82;208.82;208.82
03.01.2022 01:00:00;03.01.2022 02:00:00;199.12;199.12;199.12;199.12;199.12
03.01.2022 02:00:00;03.01.2022 03:00:00;198.62;198.62;198.62;198.62;198.62
03.01.2022 03:00:00;03.01.2022 04:00:00;198.12;198.12;198.12;198.12;198.12
03.01.2022 04:00:00;03.01.2022 05:00:00;202.52;202.52;202.52;202.52;202.52
03.01.2022 05:00:00;03.01.2022 06:00:00;293.38;293.38;293.38;293.38;293.38
03.01.2022 06:00:00;03.01.2022 07:00:00;799.68;349.16;349.16;375.35;375.35
03.01.2022 07:00:00;03.01.2022 08:00:00;1068.27;348.16;348.16;483.51;483.51
03.01.2022 08:00:00;03.01.2022 09:00:00;1228.81;370.05;370.05;484.61;484.61
03.01.2022 09:00:00;03.01.2022 10:00:00;1101.26;387.44;387.44;480.51;480.51
03.01.2022 10:00:00;03.01.2022 11:00:00;1019.49;387.94;387.94;481.61;481.61
03.01.2022 11:00:00;03.01.2022 12:00:00;1023.39;388.74;388.74;481.81;481.81
03.01.2022 12:00:00;03.01.2022 13:00:00;1060.18;389.24;389.24;486.51;486.51
03.01.2022 13:00:00;03.01.2022 14:00:00;1100.26;399.04;399.04;482.81;482.81
03.01.2022 14:00:00;03.01.2022 15:00:00;1019.29;399.24;399.24;479.71;479.71
03.01.2022 15:00:00;03.01.2022 16:00:00;980.11;399.34;399.34;476.91;476.91
03.01.2022 16:00:00;03.01.2022 17:00:00;1205.02;423.93;423.93;470.81;470.81
03.01.2022 17:00:00;03.01.2022 18:00:00;1395.14;463.61;463.61;463.61;463.61
03.01.2022 18:00:00;03.01.2022 19:00:00;1346.36;456.82;456.82;456.82;456.82
03.01.2022 19:00:00;03.01.2022 20:00:00;1147.74;451.82;451.82;451.82;451.82
03.01.2022 20:00:00;03.01.2022 21:00:00;928.73;438.22;438.22;438.22;438.22
03.01.2022 21:00:00;03.01.2022 22:00:00;723.61;425.53;425.53;425.53;425.53
03.01.2022 22:00:00;03.01.2022 23:00:00;492.8;394.34;394.34;394.34;394.34
03.01.2022 23:00:00;04.01.2022 00:00:00;343.86;343.86;343.86;343.86;343.86
04.01.2022 00:00:00;04.01.2022 01:00:00;400.2;399.4;399.4;400.2;400.2
04.01.2022 01:00:00;04.01.2022 02:00:00;371.68;370.68;370.68;371.68;371.68
04.01.2022 02:00:00;04.01.2022 03:00:00;366.87;350.66;350.66;366.87;366.87
04.01.2022 03:00:00;04.01.2022 04:00:00;386.69;349.96;349.96;386.69;386.69
04.01.2022 04:00:00;04.01.2022 05:00:00;410.51;352.06;352.06;410.51;410.51
04.01.2022 05:00:00;04.01.2022 06:00:00;940.4;371.18;371.18;431.42;431.42
04.01.2022 06:00:00;04.01.2022 07:00:00;1224.82;371.08;371.08;409.41;409.41
04.01.2022 07:00:00;04.01.2022 08:00:00;1550.46;429.52;429.52;429.52;429.52
04.01.2022 08:00:00;04.01.2022 09:00:00;1680.06;439.33;439.33;439.33;439.33
04.01.2022 09:00:00;04.01.2022 10:00:00;1667.75;446.83;446.83;446.83;446.83
04.01.2022 10:00:00;04.01.2022 11:00:00;1674.15;450.94;450.94;450.94;450.94
04.01.2022 11:00:00;04.01.2022 12:00:00;1647.43;459.84;459.84;459.84;459.84
04.01.2022 12:00:00;04.01.2022 13:00:00;1601;468.75;468.75;468.75;468.75
04.01.2022 13:00:00;04.01.2022 14:00:00;1558.07;470.35;470.35;470.35;470.35
04.01.2022 14:00:00;04.01.2022 15:00:00;1552.76;474.66;474.66;474.66;474.66
04.01.2022 15:00:00;04.01.2022 16:00:00;1585.69;479.36;479.36;479.36;479.36
04.01.2022 16:00:00;04.01.2022 17:00:00;1614.71;483.86;483.86;483.86;483.86
04.01.2022 17:00:00;04.01.2022 18:00:00;1678.86;485.96;485.96;485.96;485.96
04.01.2022 18:00:00;04.01.2022 19:00:00;1645.83;489.87;489.87;489.87;489.87
04.01.2022 19:00:00;04.01.2022 20:00:00;1539.95;490.17;490.17;490.17;490.17
04.01.2022 20:00:00;04.01.2022 21:00:00;1469.2;491.07;491.07;491.07;491.07
04.01.2022 21:00:00;04.01.2022 22:00:00;1288.47;491.07;491.07;491.07;491.07
04.01.2022 22:00:00;04.01.2022 23:00:00;1130.45;486.96;486.96;486.96;486.96
04.01.2022 23:00:00;05.01.2022 00:00:00;841.73;489.07;489.07;489.07;489.07
05.01.2022 00:00:00;05.01.2022 01:00:00;939.89;543.69;499.33;543.69;543.69
05.01.2022 01:00:00;05.01.2022 02:00:00;854.08;517.56;494.33;517.56;517.56
05.01.2022 02:00:00;05.01.2022 03:00:00;846.07;501.04;490.02;501.04;501.04
05.01.2022 03:00:00;05.01.2022 04:00:00;754.76;495.93;482.11;495.93;495.93
05.01.2022 04:00:00;05.01.2022 05:00:00;792.1;500.53;492.42;500.53;500.53
05.01.2022 05:00:00;05.01.2022 06:00:00;949.1;501.04;498.83;501.04;501.04
05.01.2022 06:00:00;05.01.2022 07:00:00;1220.75;633.2;633.2;633.2;633.2
05.01.2022 07:00:00;05.01.2022 08:00:00;1400.78;701.49;701.49;701.49;701.49
05.01.2022 08:00:00;05.01.2022 09:00:00;1479.28;660.84;660.84;660.84;660.84
05.01.2022 09:00:00;05.01.2022 10:00:00;1416.5;571.32;571.32;571.32;571.32
05.01.2022 10:00:00;05.01.2022 11:00:00;1361.43;528.17;528.17;528.17;528.17
05.01.2022 11:00:00;05.01.2022 12:00:00;1301.55;529.77;529.77;529.77;529.77
05.01.2022 12:00:00;05.01.2022 13:00:00;1505.01;499.83;499.83;499.83;499.83
05.01.2022 13:00:00;05.01.2022 14:00:00;1348.81;499.23;499.23;499.23;499.23
05.01.2022 14:00:00;05.01.2022 15:00:00;1501.1;497.73;497.73;497.73;497.73
05.01.2022 15:00:00;05.01.2022 16:00:00;1602.13;496.43;496.43;496.43;496.43
05.01.2022 16:00:00;05.01.2022 17:00:00;1374.54;489.92;489.92;489.92;489.92
05.01.2022 17:00:00;05.01.2022 18:00:00;1482.78;483.21;483.21;483.21;483.21
05.01.2022 18:00:00;05.01.2022 19:00:00;1400.58;480.11;480.11;480.11;480.11
05.01.2022 19:00:00;05.01.2022 20:00:00;1359.22;471.7;471.7;471.7;471.7
05.01.2022 20:00:00;05.01.2022 21:00:00;1200.82;463.49;463.49;463.49;463.49
05.01.2022 21:00:00;05.01.2022 22:00:00;982.15;455.98;455.98;455.98;455.98
05.01.2022 22:00:00;05.01.2022 23:00:00;1188.61;432.65;432.65;432.65;432.65
05.01.2022 23:00:00;06.01.2022 00:00:00;974.14;429.95;429.95;429.95;429.95
06.01.2022 00:00:00;06.01.2022 01:00:00;932.29;520.46;479.09;520.46;520.46
06.01.2022 01:00:00;06.01.2022 02:00:00;807.17;517.36;465.8;517.36;517.36
06.01.2022 02:00:00;06.01.2022 03:00:00;780.29;522.76;457.9;522.76;522.76
06.01.2022 03:00:00;06.01.2022 04:00:00;819.17;517.46;440.91;517.46;517.46
06.01.2022 04:00:00;06.01.2022 05:00:00;892.52;522.06;435.62;522.06;522.06
06.01.2022 05:00:00;06.01.2022 06:00:00;896.92;535.85;440.61;535.85;535.85
06.01.2022 06:00:00;06.01.2022 07:00:00;969.97;498.98;498.98;498.98;498.98
06.01.2022 07:00:00;06.01.2022 08:00:00;1107.98;522.46;522.46;522.46;522.46
06.01.2022 08:00:00;06.01.2022 09:00:00;1367.91;540.55;540.55;540.55;540.55
06.01.2022 09:00:00;06.01.2022 10:00:00;2057.36;530.16;530.16;530.16;530.16
06.01.2022 10:00:00;06.01.2022 11:00:00;2091.14;532.35;532.35;532.35;532.35
06.01.2022 11:00:00;06.01.2022 12:00:00;2245.64;530.16;530.16;530.16;530.16
06.01.2022 12:00:00;06.01.2022 13:00:00;2188.48;537.05;537.05;537.05;537.05
06.01.2022 13:00:00;06.01.2022 14:00:00;2025.78;528.16;528.16;528.16;528.16
06.01.2022 14:00:00;06.01.2022 15:00:00;2092.24;544.15;544.15;544.15;544.15
06.01.2022 15:00:00;06.01.2022 16:00:00;2250.84;548.64;548.64;548.64;548.64
06.01.2022 16:00:00;06.01.2022 17:00:00;2457.9;544.95;544.95;544.95;544.95
06.01.2022 17:00:00;06.01.2022 18:00:00;2645.68;537.25;537.25;537.25;537.25
06.01.2022 18:00:00;06.01.2022 19:00:00;2698.94;529.76;529.76;529.76;529.76
06.01.2022 19:00:00;06.01.2022 20:00:00;2201.77;525.26;525.26;525.26;525.26
06.01.2022 20:00:00;06.01.2022 21:00:00;2177.68;518.36;518.36;518.36;518.36
06.01.2022 21:00:00;06.01.2022 22:00:00;2031.78;516.96;516.96;516.96;516.96
06.01.2022 22:00:00;06.01.2022 23:00:00;1711.99;520.46;520.46;520.46;520.46
06.01.2022 23:00:00;07.01.2022 00:00:00;1246.19;512.37;512.37;512.37;512.37
07.01.2022 00:00:00;07.01.2022 01:00:00;1295.52;480.24;480.24;480.24;480.24
07.01.2022 01:00:00;07.01.2022 02:00:00;1172.22;480.24;480.24;480.24;480.24
07.01.2022 02:00:00;07.01.2022 03:00:00;1010.33;441.96;441.96;483.46;483.46
07.01.2022 03:00:00;07.01.2022 04:00:00;999.57;421.05;421.05;489.29;489.29
07.01.2022 04:00:00;07.01.2022 05:00:00;1022.39;402.26;402.26;495.01;495.01
07.01.2022 05:00:00;07.01.2022 06:00:00;1155.53;404.17;404.17;502.55;502.55
07.01.2022 06:00:00;07.01.2022 07:00:00;1408.77;401.76;401.76;505.57;505.57
07.01.2022 07:00:00;07.01.2022 08:00:00;1713.66;508.38;508.38;513.4;513.4
07.01.2022 08:00:00;07.01.2022 09:00:00;1765.21;523.15;523.15;523.15;523.15
07.01.2022 09:00:00;07.01.2022 10:00:00;1626.43;533.8;533.8;533.8;533.8
07.01.2022 10:00:00;07.01.2022 11:00:00;1621.61;533.1;533.1;533.1;533.1
07.01.2022 11:00:00;07.01.2022 12:00:00;1668.74;537.22;537.22;537.22;537.22
07.01.2022 12:00:00;07.01.2022 13:00:00;1673.56;541.94;541.94;541.94;541.94
07.01.2022 13:00:00;07.01.2022 14:00:00;1668.54;546.77;546.77;546.77;546.77
07.01.2022 14:00:00;07.01.2022 15:00:00;1702.6;551.49;551.49;551.49;551.49
07.01.2022 15:00:00;07.01.2022 16:00:00;1906.3;566.76;566.76;566.76;566.76
07.01.2022 16:00:00;07.01.2022 17:00:00;2029.6;570.78;570.78;570.78;570.78
07.01.2022 17:00:00;07.01.2022 18:00:00;2443.01;571.99;571.99;571.99;571.99
07.01.2022 18:00:00;07.01.2022 19:00:00;2489.34;560.13;560.13;560.13;560.13
07.01.2022 19:00:00;07.01.2022 20:00:00;2018.74;552.39;552.39;552.39;552.39
07.01.2022 20:00:00;07.01.2022 21:00:00;2254.29;503.35;503.35;540.94;540.94
07.01.2022 21:00:00;07.01.2022 22:00:00;2148.58;478.94;478.94;530.59;530.59
07.01.2022 22:00:00;07.01.2022 23:00:00;1868.51;493.81;493.81;534;534
07.01.2022 23:00:00;08.01.2022 00:00:00;1454.69;455.32;455.32;529.78;529.78
08.01.2022 00:00:00;08.01.2022 01:00:00;1611.28;383.9;383.9;509.62;509.62
08.01.2022 01:00:00;08.01.2022 02:00:00;1464.6;374.57;374.57;499.5;499.5
08.01.2022 02:00:00;08.01.2022 03:00:00;1450.16;361.44;361.44;497.09;497.09
08.01.2022 03:00:00;08.01.2022 04:00:00;1472.82;360.74;360.74;493.98;493.98
08.01.2022 04:00:00;08.01.2022 05:00:00;1504.6;373.27;373.27;492.68;492.68
08.01.2022 05:00:00;08.01.2022 06:00:00;1547.01;387.5;387.5;493.88;493.88
08.01.2022 06:00:00;08.01.2022 07:00:00;1664.32;389.71;389.71;488.07;488.07
08.01.2022 07:00:00;08.01.2022 08:00:00;1833.86;396.53;396.53;487.26;487.26
08.01.2022 08:00:00;08.01.2022 09:00:00;1825.03;411.77;411.77;493.78;493.78
08.01.2022 09:00:00;08.01.2022 10:00:00;1814.91;449.16;449.16;491.68;491.68
08.01.2022 10:00:00;08.01.2022 11:00:00;1704.82;490.67;490.67;490.97;490.97
08.01.2022 11:00:00;08.01.2022 12:00:00;1589.12;495.08;495.08;495.08;495.08
08.01.2022 12:00:00;08.01.2022 13:00:00;1592.03;495.08;495.08;495.08;495.08
08.01.2022 13:00:00;08.01.2022 14:00:00;1564.76;497.29;497.29;497.29;497.29
08.01.2022 14:00:00;08.01.2022 15:00:00;1565.86;499.09;499.09;499.09;499.09
08.01.2022 15:00:00;08.01.2022 16:00:00;1743.32;501.2;501.2;501.2;501.2
08.01.2022 16:00:00;08.01.2022 17:00:00;1834.16;505.91;505.91;505.91;505.91
08.01.2022 17:00:00;08.01.2022 18:00:00;1903.94;510.32;510.32;510.32;510.32
08.01.2022 18:00:00;08.01.2022 19:00:00;1834.16;509.12;509.12;509.12;509.12
08.01.2022 19:00:00;08.01.2022 20:00:00;1503.5;507.32;507.32;507.32;507.32
08.01.2022 20:00:00;08.01.2022 21:00:00;1454.37;502;502;502;502
08.01.2022 21:00:00;08.01.2022 22:00:00;1604.56;500.6;500.6;507.52;507.52
08.01.2022 22:00:00;08.01.2022 23:00:00;1263.88;512.33;497.99;512.33;512.33
08.01.2022 23:00:00;09.01.2022 00:00:00;1144.07;500.4;475.13;515.04;515.04
09.01.2022 00:00:00;09.01.2022 01:00:00;851.58;415.72;415.72;519.28;519.28
09.01.2022 01:00:00;09.01.2022 02:00:00;845.27;398.6;398.6;516.27;516.27
09.01.2022 02:00:00;09.01.2022 03:00:00;828.64;388.68;388.68;524.49;524.49
09.01.2022 03:00:00;09.01.2022 04:00:00;846.27;376.66;376.66;525.59;525.59
09.01.2022 04:00:00;09.01.2022 05:00:00;1103.55;372.86;372.86;493.64;493.64
09.01.2022 05:00:00;09.01.2022 06:00:00;1202;370.86;370.86;507.16;507.16
09.01.2022 06:00:00;09.01.2022 07:00:00;1201.8;350.42;350.42;525.09;525.09
09.01.2022 07:00:00;09.01.2022 08:00:00;1201;369.25;369.25;535.3;535.3
09.01.2022 08:00:00;09.01.2022 09:00:00;974.06;383.27;383.27;548.92;548.92
09.01.2022 09:00:00;09.01.2022 10:00:00;1201.5;398.7;398.7;568.55;568.55
09.01.2022 10:00:00;09.01.2022 11:00:00;1351.62;409.81;409.81;566.65;566.65
09.01.2022 11:00:00;09.01.2022 12:00:00;1496.24;427.44;427.44;561.84;561.84
09.01.2022 12:00:00;09.01.2022 13:00:00;1653.78;435.25;435.25;541.41;541.41
09.01.2022 13:00:00;09.01.2022 14:00:00;1653.08;440.26;440.26;541.21;541.21
09.01.2022 14:00:00;09.01.2022 15:00:00;1703.45;450.88;450.88;538.11;538.11
09.01.2022 15:00:00;09.01.2022 16:00:00;1831.84;475.01;475.01;539.01;539.01
09.01.2022 16:00:00;09.01.2022 17:00:00;1912.46;478.62;478.62;542.31;542.31
09.01.2022 17:00:00;09.01.2022 18:00:00;2236.35;479.82;479.82;544.82;544.82
09.01.2022 18:00:00;09.01.2022 19:00:00;2435.55;478.72;478.72;547.62;547.62
09.01.2022 19:00:00;09.01.2022 20:00:00;2099.64;479.82;479.82;549.82;549.82
09.01.2022 20:00:00;09.01.2022 21:00:00;1553.03;475.41;475.41;550.83;550.83
09.01.2022 21:00:00;09.01.2022 22:00:00;1714.37;462.39;462.39;568.95;568.95
09.01.2022 22:00:00;09.01.2022 23:00:00;1702.85;477.52;477.52;569.85;569.85
09.01.2022 23:00:00;10.01.2022 00:00:00;1450.07;451.08;451.08;562.44;562.44
10.01.2022 00:00:00;10.01.2022 01:00:00;1444.96;414.62;414.62;546.22;546.22
10.01.2022 01:00:00;10.01.2022 02:00:00;1382.97;399.9;399.9;544.52;544.52
10.01.2022 02:00:00;10.01.2022 03:00:00;1340.11;399.9;399.9;538.51;538.51
10.01.2022 03:00:00;10.01.2022 04:00:00;1366.45;412.32;412.32;531.6;531.6
10.01.2022 04:00:00;10.01.2022 05:00:00;1432.04;441.66;441.66;530.9;530.9
10.01.2022 05:00:00;10.01.2022 06:00:00;1832.14;479.52;479.52;529.49;529.49
10.01.2022 06:00:00;10.01.2022 07:00:00;2488.73;543.81;543.81;543.81;543.81
10.01.2022 07:00:00;10.01.2022 08:00:00;3004;572.66;572.66;572.66;572.66
10.01.2022 08:00:00;10.01.2022 09:00:00;3143.91;611.82;611.82;611.82;611.82
10.01.2022 09:00:00;10.01.2022 10:00:00;3154.73;561.14;561.14;561.14;561.14
10.01.2022 10:00:00;10.01.2022 11:00:00;3108.76;540.81;540.81;540.81;540.81
10.01.2022 11:00:00;10.01.2022 12:00:00;3105.45;533.7;533.7;533.7;533.7
10.01.2022 12:00:00;10.01.2022 13:00:00;3004.5;524.69;524.69;524.69;524.69
10.01.2022 13:00:00;10.01.2022 14:00:00;2974.56;511.77;511.77;511.77;511.77
10.01.2022 14:00:00;10.01.2022 15:00:00;3004.1;506.76;506.76;506.76;506.76
10.01.2022 15:00:00;10.01.2022 16:00:00;3069.1;501.75;501.75;501.75;501.75
10.01.2022 16:00:00;10.01.2022 17:00:00;3031.84;488.53;488.53;488.53;488.53
10.01.2022 17:00:00;10.01.2022 18:00:00;3159.43;474.41;474.41;474.41;474.41
10.01.2022 18:00:00;10.01.2022 19:00:00;3112.86;461.19;461.19;461.19;461.19
10.01.2022 19:00:00;10.01.2022 20:00:00;2954.22;450.07;450.07;450.07;450.07
10.01.2022 20:00:00;10.01.2022 21:00:00;2614.22;437.46;437.46;437.46;437.46
10.01.2022 21:00:00;10.01.2022 22:00:00;2425.93;421.73;421.73;421.73;421.73
10.01.2022 22:00:00;10.01.2022 23:00:00;2121.48;413.12;413.12;413.12;413.12
10.01.2022 23:00:00;11.01.2022 00:00:00;1503.15;398.7;398.7;398.7;398.7
11.01.2022 00:00:00;11.01.2022 01:00:00;1475.75;350.48;350.48;350.48;350.48
11.01.2022 01:00:00;11.01.2022 02:00:00;1438.33;317.86;317.86;351.38;351.38
11.01.2022 02:00:00;11.01.2022 03:00:00;1402.82;271.04;271.04;347.08;347.08
11.01.2022 03:00:00;11.01.2022 04:00:00;1400.41;245.73;245.73;346.28;346.28
11.01.2022 04:00:00;11.01.2022 05:00:00;1416.32;245.53;245.53;340.97;340.97
11.01.2022 05:00:00;11.01.2022 06:00:00;1471.75;252.63;252.63;350.48;350.48
11.01.2022 06:00:00;11.01.2022 07:00:00;1519.67;279.54;279.54;353.18;353.18
11.01.2022 07:00:00;11.01.2022 08:00:00;2020.33;363.69;363.69;363.69;363.69
11.01.2022 08:00:00;11.01.2022 09:00:00;2131.69;361.18;287.95;361.18;361.18
11.01.2022 09:00:00;11.01.2022 10:00:00;1963.1;357.78;290.25;357.78;357.78
11.01.2022 10:00:00;11.01.2022 11:00:00;1983.41;351.08;289.45;351.08;351.08
11.01.2022 11:00:00;11.01.2022 12:00:00;1911.17;349.18;276.14;349.18;349.18
11.01.2022 12:00:00;11.01.2022 13:00:00;1584.41;358.38;275.74;358.38;358.38
11.01.2022 13:00:00;11.01.2022 14:00:00;1576.8;358.88;275.44;358.88;358.88
11.01.2022 14:00:00;11.01.2022 15:00:00;1577.5;351.28;275.44;362.28;362.28
11.01.2022 15:00:00;11.01.2022 16:00:00;1586.41;318.76;275.84;368.49;368.49
11.01.2022 16:00:00;11.01.2022 17:00:00;1611.92;314.36;275.44;370.79;370.79
11.01.2022 17:00:00;11.01.2022 18:00:00;1737.19;296.35;261.63;373.19;373.19
11.01.2022 18:00:00;11.01.2022 19:00:00;1681.06;275.44;275.44;360.28;360.28
11.01.2022 19:00:00;11.01.2022 20:00:00;1580.71;275.44;275.44;354.68;354.68
11.01.2022 20:00:00;11.01.2022 21:00:00;1538.58;270.24;270.24;345.98;345.98
11.01.2022 21:00:00;11.01.2022 22:00:00;1537.08;250.93;250.93;357.38;357.38
11.01.2022 22:00:00;11.01.2022 23:00:00;1506.37;250.43;250.43;343.48;343.48
11.01.2022 23:00:00;12.01.2022 00:00:00;1431.43;236.72;236.72;326.57;326.57
12.01.2022 00:00:00;12.01.2022 01:00:00;246.22;200.42;200.42;244.82;244.82
12.01.2022 01:00:00;12.01.2022 02:00:00;242.62;197.02;197.02;242.62;242.62
12.01.2022 02:00:00;12.01.2022 03:00:00;249.92;195.22;195.22;239.62;239.62
12.01.2022 03:00:00;12.01.2022 04:00:00;234.72;194.82;194.82;234.72;234.72
12.01.2022 04:00:00;12.01.2022 05:00:00;307.12;195.02;195.02;231.82;231.82
12.01.2022 05:00:00;12.01.2022 06:00:00;999.78;196.42;196.42;226.92;226.92
12.01.2022 06:00:00;12.01.2022 07:00:00;1196;204.32;204.32;239.02;239.02
12.01.2022 07:00:00;12.01.2022 08:00:00;1465.72;209.12;209.12;235.22;235.22
12.01.2022 08:00:00;12.01.2022 09:00:00;1486.12;208.92;208.92;220.22;220.22
12.01.2022 09:00:00;12.01.2022 10:00:00;1199.2;208.52;208.52;208.52;208.52
12.01.2022 10:00:00;12.01.2022 11:00:00;1199.2;208.12;208.12;208.12;208.12
12.01.2022 11:00:00;12.01.2022 12:00:00;1199.4;207.82;207.82;207.82;207.82
12.01.2022 12:00:00;12.01.2022 13:00:00;1199.7;209.12;209.12;209.12;209.12
12.01.2022 13:00:00;12.01.2022 14:00:00;1099.29;212.42;212.42;212.42;212.42
12.01.2022 14:00:00;12.01.2022 15:00:00;1031.18;210.02;210.02;210.02;210.02
12.01.2022 15:00:00;12.01.2022 16:00:00;1031.88;212.62;212.62;212.62;212.62
12.01.2022 16:00:00;12.01.2022 17:00:00;1115.99;213.62;213.62;213.62;213.62
12.01.2022 17:00:00;12.01.2022 18:00:00;1046.68;208.12;208.12;208.12;208.12
12.01.2022 18:00:00;12.01.2022 19:00:00;1100.09;207.12;207.12;207.12;207.12
12.01.2022 19:00:00;12.01.2022 20:00:00;823.17;209.32;209.32;209.32;209.32
12.01.2022 20:00:00;12.01.2022 21:00:00;210.12;210.12;210.12;210.12;210.12
12.01.2022 21:00:00;12.01.2022 22:00:00;201.42;201.42;201.42;201.42;201.42
12.01.2022 22:00:00;12.01.2022 23:00:00;181.21;181.21;181.21;181.21;181.21
12.01.2022 23:00:00;13.01.2022 00:00:00;136.21;136.21;136.21;136.21;136.21
13.01.2022 00:00:00;13.01.2022 01:00:00;129.94;129.94;129.94;129.94;129.94
13.01.2022 01:00:00;13.01.2022 02:00:00;113.16;113.16;113.16;113.16;113.16
13.01.2022 02:00:00;13.01.2022 03:00:00;104.93;104.93;104.93;104.93;104.93
13.01.2022 03:00:00;13.01.2022 04:00:00;103.93;103.93;103.93;103.93;103.93
13.01.2022 04:00:00;13.01.2022 05:00:00;107.8;107.8;107.8;107.8;107.8
13.01.2022 05:00:00;13.01.2022 06:00:00;131.33;131.33;131.33;131.33;131.33
13.01.2022 06:00:00;13.01.2022 07:00:00;204.69;152.18;152.18;152.18;152.18
13.01.2022 07:00:00;13.01.2022 08:00:00;208.56;208.56;208.56;208.56;208.56
13.01.2022 08:00:00;13.01.2022 09:00:00;254.42;250.45;250.45;250.45;250.45
13.01.2022 09:00:00;13.01.2022 10:00:00;254.32;254.32;254.32;254.32;254.32
13.01.2022 10:00:00;13.01.2022 11:00:00;254.22;254.22;254.22;254.22;254.22
13.01.2022 11:00:00;13.01.2022 12:00:00;240.42;240.42;240.42;240.42;240.42
13.01.2022 12:00:00;13.01.2022 13:00:00;212.53;212.53;212.53;212.53;212.53
13.01.2022 13:00:00;13.01.2022 14:00:00;180.86;180.86;180.86;180.86;180.86
13.01.2022 14:00:00;13.01.2022 15:00:00;175.5;175.5;175.5;175.5;175.5
13.01.2022 15:00:00;13.01.2022 16:00:00;186.82;186.82;186.82;186.82;186.82
13.01.2022 16:00:00;13.01.2022 17:00:00;195.16;195.16;195.16;195.16;195.16
13.01.2022 17:00:00;13.01.2022 18:00:00;360.34;199.53;199.53;199.53;199.53
13.01.2022 18:00:00;13.01.2022 19:00:00;234.87;203.8;203.8;203.8;203.8
13.01.2022 19:00:00;13.01.2022 20:00:00;196.75;196.75;196.75;196.75;196.75
13.01.2022 20:00:00;13.01.2022 21:00:00;179.28;179.28;179.28;179.28;179.28
13.01.2022 21:00:00;13.01.2022 22:00:00;178.08;176.89;176.89;176.89;176.89
13.01.2022 22:00:00;13.01.2022 23:00:00;148.11;148.11;148.11;148.11;148.11
13.01.2022 23:00:00;14.01.2022 00:00:00;114.06;114.06;114.06;114.06;114.06
14.01.2022 00:00:00;14.01.2022 01:00:00;148.33;148.33;148.33;148.33;148.33
14.01.2022 01:00:00;14.01.2022 02:00:00;124.79;124.79;124.79;124.79;124.79
14.01.2022 02:00:00;14.01.2022 03:00:00;113.26;113.26;113.26;113.26;113.26
14.01.2022 03:00:00;14.01.2022 04:00:00;113.46;113.46;113.46;113.46;113.46
14.01.2022 04:00:00;14.01.2022 05:00:00;130.95;130.95;130.95;130.95;130.95
14.01.2022 05:00:00;14.01.2022 06:00:00;495.77;160.36;160.36;160.36;160.36
14.01.2022 06:00:00;14.01.2022 07:00:00;664.37;191.16;191.16;191.16;191.16
14.01.2022 07:00:00;14.01.2022 08:00:00;896.36;205.96;205.96;205.96;205.96
14.01.2022 08:00:00;14.01.2022 09:00:00;711.76;198.31;198.31;198.31;198.31
14.01.2022 09:00:00;14.01.2022 10:00:00;682.85;199.4;199.4;199.4;199.4
14.01.2022 10:00:00;14.01.2022 11:00:00;747.23;201.69;201.69;201.69;201.69
14.01.2022 11:00:00;14.01.2022 12:00:00;763.53;199;199;199;199
14.01.2022 12:00:00;14.01.2022 13:00:00;679.38;206.85;206.85;206.85;206.85
14.01.2022 13:00:00;14.01.2022 14:00:00;517.33;208.24;208.24;208.24;208.24
14.01.2022 14:00:00;14.01.2022 15:00:00;517.53;203.18;203.18;203.18;203.18
14.01.2022 15:00:00;14.01.2022 16:00:00;695.47;200.49;200.49;200.49;200.49
14.01.2022 16:00:00;14.01.2022 17:00:00;1328.25;198.41;198.41;198.41;198.41
14.01.2022 17:00:00;14.01.2022 18:00:00;1407.63;196.82;196.82;196.82;196.82
14.01.2022 18:00:00;14.01.2022 19:00:00;1398.89;196.42;196.42;196.42;196.42
14.01.2022 19:00:00;14.01.2022 20:00:00;695.67;195.23;195.23;195.23;195.23
14.01.2022 20:00:00;14.01.2022 21:00:00;451.56;193.54;193.54;193.54;193.54
14.01.2022 21:00:00;14.01.2022 22:00:00;439.24;193.34;193.34;193.34;193.34
14.01.2022 22:00:00;14.01.2022 23:00:00;496.17;184.7;184.7;184.7;184.7
14.01.2022 23:00:00;15.01.2022 00:00:00;203.38;183.01;183.01;183.01;183.01
15.01.2022 00:00:00;15.01.2022 01:00:00;171.86;171.86;171.86;171.86;171.86
15.01.2022 01:00:00;15.01.2022 02:00:00;167.09;167.09;167.09;167.09;167.09
15.01.2022 02:00:00;15.01.2022 03:00:00;166.59;166.59;166.59;166.59;166.59
15.01.2022 03:00:00;15.01.2022 04:00:00;172.66;172.66;172.66;172.66;172.66
15.01.2022 04:00:00;15.01.2022 05:00:00;185.1;185.1;185.1;185.1;185.1
15.01.2022 05:00:00;15.01.2022 06:00:00;242.12;189.18;189.18;189.18;189.18
15.01.2022 06:00:00;15.01.2022 07:00:00;390.4;181.72;181.72;181.72;181.72
15.01.2022 07:00:00;15.01.2022 08:00:00;546.14;190.37;190.37;190.37;190.37
15.01.2022 08:00:00;15.01.2022 09:00:00;628.84;196.05;196.05;196.05;196.05
15.01.2022 09:00:00;15.01.2022 10:00:00;689.75;199.93;199.93;199.93;199.93
15.01.2022 10:00:00;15.01.2022 11:00:00;691.93;212.86;212.86;212.86;212.86
15.01.2022 11:00:00;15.01.2022 12:00:00;739.8;229.48;229.48;229.48;229.48
15.01.2022 12:00:00;15.01.2022 13:00:00;802.1;229.58;229.58;229.58;229.58
15.01.2022 13:00:00;15.01.2022 14:00:00;945.4;226.2;226.2;226.2;226.2
15.01.2022 14:00:00;15.01.2022 15:00:00;1492.14;214.46;214.46;214.46;214.46
15.01.2022 15:00:00;15.01.2022 16:00:00;1790.39;208.69;208.69;208.69;208.69
15.01.2022 16:00:00;15.01.2022 17:00:00;2198.21;200.03;200.03;200.03;200.03
15.01.2022 17:00:00;15.01.2022 18:00:00;2525.32;195.85;195.85;195.85;195.85
15.01.2022 18:00:00;15.01.2022 19:00:00;2088.24;193.76;193.76;193.76;193.76
15.01.2022 19:00:00;15.01.2022 20:00:00;1529.26;188.48;188.48;188.48;188.48
15.01.2022 20:00:00;15.01.2022 21:00:00;1442.48;184.1;184.1;184.1;184.1
15.01.2022 21:00:00;15.01.2022 22:00:00;1343.57;178.43;178.43;178.43;178.43
15.01.2022 22:00:00;15.01.2022 23:00:00;1099.45;175.25;175.25;175.25;175.25
15.01.2022 23:00:00;16.01.2022 00:00:00;348.01;173.06;173.06;173.06;173.06
16.01.2022 00:00:00;16.01.2022 01:00:00;180.49;180.49;180.49;180.49;180.49
16.01.2022 01:00:00;16.01.2022 02:00:00;169.69;169.69;169.69;169.69;169.69
16.01.2022 02:00:00;16.01.2022 03:00:00;165.39;165.39;165.39;165.39;165.39
16.01.2022 03:00:00;16.01.2022 04:00:00;159.99;159.99;159.99;159.99;159.99
16.01.2022 04:00:00;16.01.2022 05:00:00;169.39;169.39;169.39;169.39;169.39
16.01.2022 05:00:00;16.01.2022 06:00:00;179.89;179.89;179.89;179.89;179.89
16.01.2022 06:00:00;16.01.2022 07:00:00;179.69;179.69;179.69;179.69;179.69
16.01.2022 07:00:00;16.01.2022 08:00:00;185.79;185.79;185.79;185.79;185.79
16.01.2022 08:00:00;16.01.2022 09:00:00;168.49;168.49;168.49;168.49;168.49
16.01.2022 09:00:00;16.01.2022 10:00:00;174.59;174.59;174.59;174.59;174.59
16.01.2022 10:00:00;16.01.2022 11:00:00;175.29;175.29;175.29;175.29;175.29
16.01.2022 11:00:00;16.01.2022 12:00:00;164.69;164.69;164.69;164.69;164.69
16.01.2022 12:00:00;16.01.2022 13:00:00;162.89;162.89;162.89;162.89;162.89
16.01.2022 13:00:00;16.01.2022 14:00:00;173.89;173.89;173.89;173.89;173.89
16.01.2022 14:00:00;16.01.2022 15:00:00;172.69;172.69;172.69;172.69;172.69
16.01.2022 15:00:00;16.01.2022 16:00:00;175.09;175.09;175.09;175.09;175.09
16.01.2022 16:00:00;16.01.2022 17:00:00;239.69;184.29;184.29;184.29;184.29
16.01.2022 17:00:00;16.01.2022 18:00:00;308.39;189.59;189.59;189.59;189.59
16.01.2022 18:00:00;16.01.2022 19:00:00;239.59;192.59;192.59;192.59;192.59
16.01.2022 19:00:00;16.01.2022 20:00:00;193.89;193.89;193.89;193.89;193.89
16.01.2022 20:00:00;16.01.2022 21:00:00;179.59;179.59;179.59;179.59;179.59
16.01.2022 21:00:00;16.01.2022 22:00:00;183.39;183.39;183.39;183.39;183.39
16.01.2022 22:00:00;16.01.2022 23:00:00;171.99;171.99;171.99;171.99;171.99
16.01.2022 23:00:00;17.01.2022 00:00:00;131.99;131.99;131.99;131.99;131.99
17.01.2022 00:00:00;17.01.2022 01:00:00;489.48;149.49;149.49;149.49;149.49
17.01.2022 01:00:00;17.01.2022 02:00:00;339.99;135.89;135.89;135.89;135.89
17.01.2022 02:00:00;17.01.2022 03:00:00;159.39;120.29;120.29;120.29;120.29
17.01.2022 03:00:00;17.01.2022 04:00:00;100.9;100.9;100.9;100.9;100.9
17.01.2022 04:00:00;17.01.2022 05:00:00;179.39;128.29;128.29;128.29;128.29
17.01.2022 05:00:00;17.01.2022 06:00:00;574.98;171.19;171.19;171.19;171.19
17.01.2022 06:00:00;17.01.2022 07:00:00;598.47;177.79;177.79;177.79;177.79
17.01.2022 07:00:00;17.01.2022 08:00:00;675.77;185.69;185.69;185.69;185.69
17.01.2022 08:00:00;17.01.2022 09:00:00;704.77;186.39;186.39;186.39;186.39
17.01.2022 09:00:00;17.01.2022 10:00:00;721.47;187.09;187.09;187.09;187.09
17.01.2022 10:00:00;17.01.2022 11:00:00;768.27;186.29;186.29;186.29;186.29
17.01.2022 11:00:00;17.01.2022 12:00:00;764.67;185.79;185.79;185.79;185.79
17.01.2022 12:00:00;17.01.2022 13:00:00;715.37;185.79;185.79;185.79;185.79
17.01.2022 13:00:00;17.01.2022 14:00:00;888.66;186.19;186.19;186.19;186.19
17.01.2022 14:00:00;17.01.2022 15:00:00;1011.66;185.39;185.39;185.39;185.39
17.01.2022 15:00:00;17.01.2022 16:00:00;1315.84;185.29;185.29;185.29;185.29
17.01.2022 16:00:00;17.01.2022 17:00:00;1448.64;184.99;184.99;184.99;184.99
17.01.2022 17:00:00;17.01.2022 18:00:00;1506.14;182.29;182.29;182.29;182.29
17.01.2022 18:00:00;17.01.2022 19:00:00;1499.54;181.29;181.29;181.29;181.29
17.01.2022 19:00:00;17.01.2022 20:00:00;1231.95;183.79;183.79;183.79;183.79
17.01.2022 20:00:00;17.01.2022 21:00:00;607.17;182.99;182.99;182.99;182.99
17.01.2022 21:00:00;17.01.2022 22:00:00;1350.74;185.09;185.09;185.09;185.09
17.01.2022 22:00:00;17.01.2022 23:00:00;850.86;183.99;183.99;183.99;183.99
17.01.2022 23:00:00;18.01.2022 00:00:00;727.27;185.99;185.99;185.99;185.99
18.01.2022 00:00:00;18.01.2022 01:00:00;795.09;186.47;186.47;186.47;186.47
18.01.2022 01:00:00;18.01.2022 02:00:00;756.04;189.96;189.96;189.96;189.96
18.01.2022 02:00:00;18.01.2022 03:00:00;785.93;192.85;192.85;192.85;192.85
18.01.2022 03:00:00;18.01.2022 04:00:00;925.98;190.55;190.55;193.44;193.44
18.01.2022 04:00:00;18.01.2022 05:00:00;999.79;189.56;189.56;189.56;189.56
18.01.2022 05:00:00;18.01.2022 06:00:00;1447.84;184.98;184.98;184.98;184.98
18.01.2022 06:00:00;18.01.2022 07:00:00;1792.89;190.85;190.85;190.85;190.85
18.01.2022 07:00:00;18.01.2022 08:00:00;2660.99;189.96;189.96;189.96;189.96
18.01.2022 08:00:00;18.01.2022 09:00:00;2862.1;185.57;185.57;185.57;185.57
18.01.2022 09:00:00;18.01.2022 10:00:00;2470.93;180.39;180.39;180.39;180.39
18.01.2022 10:00:00;18.01.2022 11:00:00;1993.1;178.9;178.9;178.9;178.9
18.01.2022 11:00:00;18.01.2022 12:00:00;1677.14;179.9;179.9;179.9;179.9
18.01.2022 12:00:00;18.01.2022 13:00:00;1523.04;178.1;178.1;178.1;178.1
18.01.2022 13:00:00;18.01.2022 14:00:00;1505.91;177.7;177.7;177.7;177.7
18.01.2022 14:00:00;18.01.2022 15:00:00;1489.57;175.71;175.71;175.71;175.71
18.01.2022 15:00:00;18.01.2022 16:00:00;1483.6;173.32;173.32;173.32;173.32
18.01.2022 16:00:00;18.01.2022 17:00:00;1496.74;170.23;170.23;170.23;170.23
18.01.2022 17:00:00;18.01.2022 18:00:00;1505.01;168.24;168.24;168.24;168.24
18.01.2022 18:00:00;18.01.2022 19:00:00;1473.34;169.34;169.34;169.34;169.34
18.01.2022 19:00:00;18.01.2022 20:00:00;1432.1;167.44;167.44;167.44;167.44
18.01.2022 20:00:00;18.01.2022 21:00:00;1269.33;168.34;168.34;168.34;168.34
18.01.2022 21:00:00;18.01.2022 22:00:00;1045.51;167.94;167.94;167.94;167.94
18.01.2022 22:00:00;18.01.2022 23:00:00;957.55;160.67;160.67;160.67;160.67
18.01.2022 23:00:00;19.01.2022 00:00:00;351.33;155.69;155.69;155.69;155.69
19.01.2022 00:00:00;19.01.2022 01:00:00;152.35;152.35;152.35;152.35;152.35
19.01.2022 01:00:00;19.01.2022 02:00:00;159.04;150.66;150.66;150.66;150.66
19.01.2022 02:00:00;19.01.2022 03:00:00;148.16;148.16;148.16;148.16;148.16
19.01.2022 03:00:00;19.01.2022 04:00:00;146.67;146.67;146.67;146.67;146.67
19.01.2022 04:00:00;19.01.2022 05:00:00;216.21;146.87;146.87;146.87;146.87
19.01.2022 05:00:00;19.01.2022 06:00:00;705.99;148.86;148.86;148.86;148.86
19.01.2022 06:00:00;19.01.2022 07:00:00;701.9;156.94;156.94;156.94;156.94
19.01.2022 07:00:00;19.01.2022 08:00:00;953.33;161.43;161.43;161.43;161.43
19.01.2022 08:00:00;19.01.2022 09:00:00;893.56;162.83;162.83;162.83;162.83
19.01.2022 09:00:00;19.01.2022 10:00:00;691.23;161.83;161.83;161.83;161.83
19.01.2022 10:00:00;19.01.2022 11:00:00;698.81;162.63;162.63;162.63;162.63
19.01.2022 11:00:00;19.01.2022 12:00:00;740.81;161.83;161.83;161.83;161.83
19.01.2022 12:00:00;19.01.2022 13:00:00;714.37;161.53;161.53;161.53;161.53
19.01.2022 13:00:00;19.01.2022 14:00:00;713.77;160.83;160.83;160.83;160.83
19.01.2022 14:00:00;19.01.2022 15:00:00;780.22;159.14;159.14;159.14;159.14
19.01.2022 15:00:00;19.01.2022 16:00:00;862.63;158.74;158.74;158.74;158.74
19.01.2022 16:00:00;19.01.2022 17:00:00;918.51;158.74;158.74;158.74;158.74
19.01.2022 17:00:00;19.01.2022 18:00:00;932.38;157.64;157.64;157.64;157.64
19.01.2022 18:00:00;19.01.2022 19:00:00;1297.24;158.64;158.64;158.64;158.64
19.01.2022 19:00:00;19.01.2022 20:00:00;608.91;153.95;153.95;153.95;153.95
19.01.2022 20:00:00;19.01.2022 21:00:00;199.25;143.27;143.27;143.27;143.27
19.01.2022 21:00:00;19.01.2022 22:00:00;639.34;136.09;136.09;136.09;136.09
19.01.2022 22:00:00;19.01.2022 23:00:00;599.53;129.8;129.8;129.8;129.8
19.01.2022 23:00:00;20.01.2022 00:00:00;518.12;108.35;108.35;108.35;108.35
20.01.2022 00:00:00;20.01.2022 01:00:00;138.51;100.8;100.8;100.8;100.8
20.01.2022 01:00:00;20.01.2022 02:00:00;92.34;92.34;92.34;92.34;92.34
20.01.2022 02:00:00;20.01.2022 03:00:00;88.46;88.46;88.46;88.46;88.46
20.01.2022 03:00:00;20.01.2022 04:00:00;88.76;88.76;88.76;88.76;88.76
20.01.2022 04:00:00;20.01.2022 05:00:00;140.3;95.82;95.82;95.82;95.82
20.01.2022 05:00:00;20.01.2022 06:00:00;946.58;104.28;104.28;104.28;104.28
20.01.2022 06:00:00;20.01.2022 07:00:00;1037.93;127.86;127.86;127.86;127.86
20.01.2022 07:00:00;20.01.2022 08:00:00;1041.01;150.55;150.55;150.55;150.55
20.01.2022 08:00:00;20.01.2022 09:00:00;913.25;151.84;151.84;151.84;151.84
20.01.2022 09:00:00;20.01.2022 10:00:00;855.44;151.84;151.84;151.84;151.84
20.01.2022 10:00:00;20.01.2022 11:00:00;936.93;151.25;151.25;151.25;151.25
20.01.2022 11:00:00;20.01.2022 12:00:00;953.45;150.85;150.85;150.85;150.85
20.01.2022 12:00:00;20.01.2022 13:00:00;1068.38;150.35;150.35;150.35;150.35
20.01.2022 13:00:00;20.01.2022 14:00:00;995.44;150.15;150.15;150.15;150.15
20.01.2022 14:00:00;20.01.2022 15:00:00;927.08;149.75;149.75;149.75;149.75
20.01.2022 15:00:00;20.01.2022 16:00:00;931.86;150.15;150.15;150.15;150.15
20.01.2022 16:00:00;20.01.2022 17:00:00;1127.38;150.35;150.35;150.35;150.35
20.01.2022 17:00:00;20.01.2022 18:00:00;1341.51;150.05;150.05;150.05;150.05
20.01.2022 18:00:00;20.01.2022 19:00:00;1316.04;149.75;149.75;149.75;149.75
20.01.2022 19:00:00;20.01.2022 20:00:00;1127.18;150.25;150.25;150.25;150.25
20.01.2022 20:00:00;20.01.2022 21:00:00;988.77;150.05;150.05;150.05;150.05
20.01.2022 21:00:00;20.01.2022 22:00:00;919.52;150.25;150.25;150.25;150.25
20.01.2022 22:00:00;20.01.2022 23:00:00;745.29;146.77;146.77;146.77;146.77
20.01.2022 23:00:00;21.01.2022 00:00:00;453.94;146.97;146.97;146.97;146.97
21.01.2022 00:00:00;21.01.2022 01:00:00;150.92;150.92;150.92;150.92;150.92
21.01.2022 01:00:00;21.01.2022 02:00:00;149.93;149.93;149.93;149.93;149.93
21.01.2022 02:00:00;21.01.2022 03:00:00;150.03;150.03;150.03;150.03;150.03
21.01.2022 03:00:00;21.01.2022 04:00:00;151.12;151.12;151.12;151.12;151.12
21.01.2022 04:00:00;21.01.2022 05:00:00;154.21;154.21;154.21;154.21;154.21
21.01.2022 05:00:00;21.01.2022 06:00:00;498.03;155.41;155.41;155.41;155.41
21.01.2022 06:00:00;21.01.2022 07:00:00;1173.79;159.7;159.7;159.7;159.7
21.01.2022 07:00:00;21.01.2022 08:00:00;1424.5;158.6;158.6;158.6;158.6
21.01.2022 08:00:00;21.01.2022 09:00:00;1398.68;170.26;170.26;170.26;170.26
21.01.2022 09:00:00;21.01.2022 10:00:00;1345.25;173.85;173.85;173.85;173.85
21.01.2022 10:00:00;21.01.2022 11:00:00;1431.08;177.84;177.84;177.84;177.84
21.01.2022 11:00:00;21.01.2022 12:00:00;1379.94;184.12;184.12;184.12;184.12
21.01.2022 12:00:00;21.01.2022 13:00:00;1354.02;189.4;189.4;189.4;189.4
21.01.2022 13:00:00;21.01.2022 14:00:00;1366.48;195.38;195.38;195.38;195.38
21.01.2022 14:00:00;21.01.2022 15:00:00;1422.7;198.87;198.87;198.87;198.87
21.01.2022 15:00:00;21.01.2022 16:00:00;1433.07;199.17;199.17;199.17;199.17
21.01.2022 16:00:00;21.01.2022 17:00:00;1452.31;201.86;201.86;201.86;201.86
21.01.2022 17:00:00;21.01.2022 18:00:00;1566.25;206.85;206.85;206.85;206.85
21.01.2022 18:00:00;21.01.2022 19:00:00;1540.33;222.5;222.5;222.5;222.5
21.01.2022 19:00:00;21.01.2022 20:00:00;1418.62;218.41;218.41;223;223
21.01.2022 20:00:00;21.01.2022 21:00:00;1363.49;208.44;208.44;233.06;233.06
21.01.2022 21:00:00;21.01.2022 22:00:00;1318.33;180.93;180.93;247.32;247.32
21.01.2022 22:00:00;21.01.2022 23:00:00;1331.69;176.44;176.44;224.69;224.69
21.01.2022 23:00:00;22.01.2022 00:00:00;1196.32;173.35;173.35;227.88;227.88
22.01.2022 00:00:00;22.01.2022 01:00:00;1239.62;167.72;167.72;187.28;187.28
22.01.2022 01:00:00;22.01.2022 02:00:00;1206.71;150.36;150.36;177.85;177.85
22.01.2022 02:00:00;22.01.2022 03:00:00;1203.61;147.65;147.65;169.82;169.82
22.01.2022 03:00:00;22.01.2022 04:00:00;1221.76;149.16;149.16;164.61;164.61
22.01.2022 04:00:00;22.01.2022 05:00:00;1239.52;148.06;148.06;160.39;160.39
22.01.2022 05:00:00;22.01.2022 06:00:00;1240.62;147.45;147.45;155.08;155.08
22.01.2022 06:00:00;22.01.2022 07:00:00;1203.71;148.16;148.16;153.27;153.27
22.01.2022 07:00:00;22.01.2022 08:00:00;1488.08;148.86;148.86;151.77;151.77
22.01.2022 08:00:00;22.01.2022 09:00:00;1821.01;147.05;147.05;154.07;154.07
22.01.2022 09:00:00;22.01.2022 10:00:00;2031.05;149.06;149.06;154.58;154.58
22.01.2022 10:00:00;22.01.2022 11:00:00;2068.17;150.16;150.16;154.88;154.88
22.01.2022 11:00:00;22.01.2022 12:00:00;2052.92;149.76;149.76;154.88;154.88
22.01.2022 12:00:00;22.01.2022 13:00:00;1966.15;149.56;149.56;153.57;153.57
22.01.2022 13:00:00;22.01.2022 14:00:00;1845.78;148.96;148.96;155.18;155.18
22.01.2022 14:00:00;22.01.2022 15:00:00;1864.54;148.56;148.56;156.48;156.48
22.01.2022 15:00:00;22.01.2022 16:00:00;1923.72;148.26;148.26;158.89;158.89
22.01.2022 16:00:00;22.01.2022 17:00:00;1978.59;145.85;145.85;158.09;158.09
22.01.2022 17:00:00;22.01.2022 18:00:00;2229.96;144.34;144.34;154.48;154.48
22.01.2022 18:00:00;22.01.2022 19:00:00;2259.76;141.84;141.84;150.86;150.86
22.01.2022 19:00:00;22.01.2022 20:00:00;1577.76;138.43;138.43;147.05;147.05
22.01.2022 20:00:00;22.01.2022 21:00:00;1462.3;138.73;138.73;138.73;138.73
22.01.2022 21:00:00;22.01.2022 22:00:00;1419.47;135.02;135.02;135.02;135.02
22.01.2022 22:00:00;22.01.2022 23:00:00;1389.08;131.91;131.91;131.91;131.91
22.01.2022 23:00:00;23.01.2022 00:00:00;1350.66;124.68;124.68;124.68;124.68
23.01.2022 00:00:00;23.01.2022 01:00:00;887.7;125.39;125.39;125.39;125.39
23.01.2022 01:00:00;23.01.2022 02:00:00;674.18;122.86;122.86;122.86;122.86
23.01.2022 02:00:00;23.01.2022 03:00:00;598.56;122.46;122.46;122.46;122.46
23.01.2022 03:00:00;23.01.2022 04:00:00;571.2;122.26;122.26;122.26;122.26
23.01.2022 04:00:00;23.01.2022 05:00:00;650.15;121.85;121.85;121.85;121.85
23.01.2022 05:00:00;23.01.2022 06:00:00;808.14;120.14;120.14;120.14;120.14
23.01.2022 06:00:00;23.01.2022 07:00:00;837.83;122.16;122.16;122.16;122.16
23.01.2022 07:00:00;23.01.2022 08:00:00;840.55;123.87;123.87;123.87;123.87
23.01.2022 08:00:00;23.01.2022 09:00:00;920.81;123.97;123.97;127.91;127.91
23.01.2022 09:00:00;23.01.2022 10:00:00;1009.15;121.85;121.85;129.63;129.63
23.01.2022 10:00:00;23.01.2022 11:00:00;1170.88;123.17;123.17;130.13;130.13
23.01.2022 11:00:00;23.01.2022 12:00:00;1081.43;123.67;123.67;127.61;127.61
23.01.2022 12:00:00;23.01.2022 13:00:00;1127.26;120.04;120.04;123.77;123.77
23.01.2022 13:00:00;23.01.2022 14:00:00;884.97;120.14;120.14;124.48;124.48
23.01.2022 14:00:00;23.01.2022 15:00:00;1002.89;120.04;120.04;125.08;125.08
23.01.2022 15:00:00;23.01.2022 16:00:00;1090.52;120.94;120.94;125.89;125.89
23.01.2022 16:00:00;23.01.2022 17:00:00;1104.65;121.85;121.85;127.41;127.41
23.01.2022 17:00:00;23.01.2022 18:00:00;1064.77;124.07;124.07;128.21;128.21
23.01.2022 18:00:00;23.01.2022 19:00:00;989.46;124.17;124.17;124.68;124.68
23.01.2022 19:00:00;23.01.2022 20:00:00;716.17;124.28;124.28;126.4;126.4
23.01.2022 20:00:00;23.01.2022 21:00:00;525.17;126.09;126.09;126.09;126.09
23.01.2022 21:00:00;23.01.2022 22:00:00;756.05;124.68;124.68;128.11;128.11
23.01.2022 22:00:00;23.01.2022 23:00:00;382.72;122.96;122.96;128.01;128.01
23.01.2022 23:00:00;24.01.2022 00:00:00;117.71;117.71;117.71;117.71;117.71
24.01.2022 00:00:00;24.01.2022 01:00:00;123.47;123.47;123.47;123.47;123.47
24.01.2022 01:00:00;24.01.2022 02:00:00;117.81;117.81;117.81;117.81;117.81
24.01.2022 02:00:00;24.01.2022 03:00:00;111.66;111.66;111.66;111.66;111.66
24.01.2022 03:00:00;24.01.2022 04:00:00;106.1;106.1;106.1;106.1;106.1
24.01.2022 04:00:00;24.01.2022 05:00:00;111.25;111.25;111.25;111.25;111.25
24.01.2022 05:00:00;24.01.2022 06:00:00;111.96;111.96;111.96;111.96;111.96
24.01.2022 06:00:00;24.01.2022 07:00:00;119.53;119.53;119.53;119.53;119.53
24.01.2022 07:00:00;24.01.2022 08:00:00;1008.74;124.98;124.98;124.98;124.98
24.01.2022 08:00:00;24.01.2022 09:00:00;1160.98;127.71;127.71;127.71;127.71
24.01.2022 09:00:00;24.01.2022 10:00:00;1010.56;127.71;127.71;127.71;127.71
24.01.2022 10:00:00;24.01.2022 11:00:00;1170.47;128.72;128.72;128.72;128.72
24.01.2022 11:00:00;24.01.2022 12:00:00;1008.74;130.64;130.64;130.64;130.64
24.01.2022 12:00:00;24.01.2022 13:00:00;752.11;131.14;131.14;131.14;131.14
24.01.2022 13:00:00;24.01.2022 14:00:00;621.88;131.95;131.95;131.95;131.95
24.01.2022 14:00:00;24.01.2022 15:00:00;679.23;134.77;134.77;134.77;134.77
24.01.2022 15:00:00;24.01.2022 16:00:00;999.45;134.17;134.17;134.17;134.17
24.01.2022 16:00:00;24.01.2022 17:00:00;1338.16;133.97;133.97;133.97;133.97
24.01.2022 17:00:00;24.01.2022 18:00:00;1381.77;132.76;132.76;132.76;132.76
24.01.2022 18:00:00;24.01.2022 19:00:00;1376.82;132.45;132.45;132.45;132.45
24.01.2022 19:00:00;24.01.2022 20:00:00;887.5;132.25;132.25;132.25;132.25
24.01.2022 20:00:00;24.01.2022 21:00:00;325.08;134.88;134.88;134.88;134.88
24.01.2022 21:00:00;24.01.2022 22:00:00;181.11;135.89;135.89;135.89;135.89
24.01.2022 22:00:00;24.01.2022 23:00:00;171.02;128.92;128.92;128.92;128.92
24.01.2022 23:00:00;25.01.2022 00:00:00;116.91;116.91;116.91;116.91;116.91
25.01.2022 00:00:00;25.01.2022 01:00:00;235.55;128.37;128.37;128.37;128.37
25.01.2022 01:00:00;25.01.2022 02:00:00;131;131;131;131;131
25.01.2022 02:00:00;25.01.2022 03:00:00;138.1;134.66;134.66;138.1;138.1
25.01.2022 03:00:00;25.01.2022 04:00:00;201.58;139.62;139.62;144.29;144.29
25.01.2022 04:00:00;25.01.2022 05:00:00;192.65;140.54;140.54;145.5;145.5
25.01.2022 05:00:00;25.01.2022 06:00:00;720.73;134.35;134.35;145.5;145.5
25.01.2022 06:00:00;25.01.2022 07:00:00;1395.32;133.44;133.44;156.15;156.15
25.01.2022 07:00:00;25.01.2022 08:00:00;1509.8;147.23;147.23;157.67;157.67
25.01.2022 08:00:00;25.01.2022 09:00:00;1677.92;152.2;152.2;158.48;158.48
25.01.2022 09:00:00;25.01.2022 10:00:00;1548.94;155.75;155.75;158.69;158.69
25.01.2022 10:00:00;25.01.2022 11:00:00;1621.34;160.31;160.31;160.31;160.31
25.01.2022 11:00:00;25.01.2022 12:00:00;1758.73;153.82;153.82;159.29;159.29
25.01.2022 12:00:00;25.01.2022 13:00:00;1771.61;148.85;148.85;159.8;159.8
25.01.2022 13:00:00;25.01.2022 14:00:00;1748.59;147.43;147.43;159.4;159.4
25.01.2022 14:00:00;25.01.2022 15:00:00;1795.84;148.55;148.55;159.7;159.7
25.01.2022 15:00:00;25.01.2022 16:00:00;1876.25;149.97;149.97;160.21;160.21
25.01.2022 16:00:00;25.01.2022 17:00:00;2542.73;150.98;150.98;162.24;162.24
25.01.2022 17:00:00;25.01.2022 18:00:00;2635.82;150.88;150.88;163.35;163.35
25.01.2022 18:00:00;25.01.2022 19:00:00;2584.1;149.86;149.86;162.44;162.44
25.01.2022 19:00:00;25.01.2022 20:00:00;2012.12;148.85;148.85;161.53;161.53
25.01.2022 20:00:00;25.01.2022 21:00:00;1505.04;148.34;148.34;160.51;160.51
25.01.2022 21:00:00;25.01.2022 22:00:00;1470.05;140.84;140.84;160.71;160.71
25.01.2022 22:00:00;25.01.2022 23:00:00;1425.44;143.38;143.38;155.54;155.54
25.01.2022 23:00:00;26.01.2022 00:00:00;1360.04;132.63;132.63;158.18;158.18
26.01.2022 00:00:00;26.01.2022 01:00:00;827.65;145.54;145.54;165.29;165.29
26.01.2022 01:00:00;26.01.2022 02:00:00;747.04;141.57;141.57;170.48;170.48
26.01.2022 02:00:00;26.01.2022 03:00:00;527.2;138.62;138.62;170.58;170.58
26.01.2022 03:00:00;26.01.2022 04:00:00;264.52;136.89;136.89;170.99;170.99
26.01.2022 04:00:00;26.01.2022 05:00:00;379.32;136.99;136.99;172;172
26.01.2022 05:00:00;26.01.2022 06:00:00;976.14;140.35;140.35;169.87;169.87
26.01.2022 06:00:00;26.01.2022 07:00:00;1017.87;141.98;141.98;177.8;177.8
26.01.2022 07:00:00;26.01.2022 08:00:00;1310.89;150.02;150.02;183.1;183.1
26.01.2022 08:00:00;26.01.2022 09:00:00;1332.77;153.07;153.07;185.74;185.74
26.01.2022 09:00:00;26.01.2022 10:00:00;1315.87;160.3;160.3;178.92;178.92
26.01.2022 10:00:00;26.01.2022 11:00:00;1304.17;161.72;161.72;175.57;175.57
26.01.2022 11:00:00;26.01.2022 12:00:00;1296.74;159.79;159.79;178.72;178.72
26.01.2022 12:00:00;26.01.2022 13:00:00;1271.81;158.67;158.67;182.28;182.28
26.01.2022 13:00:00;26.01.2022 14:00:00;1178.78;159.28;159.28;184.73;184.73
26.01.2022 14:00:00;26.01.2022 15:00:00;1178.37;159.99;159.99;180.96;180.96
26.01.2022 15:00:00;26.01.2022 16:00:00;1220.92;160.2;160.2;172.51;172.51
26.01.2022 16:00:00;26.01.2022 17:00:00;1281.27;160.1;160.1;170.17;170.17
26.01.2022 17:00:00;26.01.2022 18:00:00;1366.97;159.48;159.48;167.52;167.52
26.01.2022 18:00:00;26.01.2022 19:00:00;1342.85;158.47;158.47;169.97;169.97
26.01.2022 19:00:00;26.01.2022 20:00:00;1280.35;157.86;157.86;166.91;166.91
26.01.2022 20:00:00;26.01.2022 21:00:00;922;153.68;153.68;169.15;169.15
26.01.2022 21:00:00;26.01.2022 22:00:00;762.11;153.58;153.58;173.02;173.02
26.01.2022 22:00:00;26.01.2022 23:00:00;783.78;156.13;156.13;161.52;161.52
26.01.2022 23:00:00;27.01.2022 00:00:00;753.05;157.04;157.04;157.04;157.04
27.01.2022 00:00:00;27.01.2022 01:00:00;701.43;150.3;150.3;157.52;157.52
27.01.2022 01:00:00;27.01.2022 02:00:00;577.92;151.3;151.3;153.61;153.61
27.01.2022 02:00:00;27.01.2022 03:00:00;590.06;153.81;153.81;153.81;153.81
27.01.2022 03:00:00;27.01.2022 04:00:00;702.64;156.62;156.62;156.62;156.62
27.01.2022 04:00:00;27.01.2022 05:00:00;969.72;161.24;161.24;161.24;161.24
27.01.2022 05:00:00;27.01.2022 06:00:00;1041.36;165.95;165.95;165.95;165.95
27.01.2022 06:00:00;27.01.2022 07:00:00;1400.16;185.62;185.62;185.62;185.62
27.01.2022 07:00:00;27.01.2022 08:00:00;2157.17;474.98;474.98;474.98;474.98
27.01.2022 08:00:00;27.01.2022 09:00:00;1429.25;675.85;675.85;675.85;675.85
27.01.2022 09:00:00;27.01.2022 10:00:00;1567.21;674.14;674.14;674.14;674.14
27.01.2022 10:00:00;27.01.2022 11:00:00;1847.84;596.98;596.98;596.98;596.98
27.01.2022 11:00:00;27.01.2022 12:00:00;2258.41;539.09;539.09;539.09;539.09
27.01.2022 12:00:00;27.01.2022 13:00:00;1776.61;489.43;489.43;489.43;489.43
27.01.2022 13:00:00;27.01.2022 14:00:00;1493.97;300.6;300.6;300.6;300.6
27.01.2022 14:00:00;27.01.2022 15:00:00;1966.84;243.11;243.11;243.11;243.11
27.01.2022 15:00:00;27.01.2022 16:00:00;1494.87;249.83;249.83;249.83;249.83
27.01.2022 16:00:00;27.01.2022 17:00:00;1750.92;164.55;164.55;241.3;241.3
27.01.2022 17:00:00;27.01.2022 18:00:00;2006.87;151.6;151.6;232.17;232.17
27.01.2022 18:00:00;27.01.2022 19:00:00;1429.05;150.9;150.9;219.83;219.83
27.01.2022 19:00:00;27.01.2022 20:00:00;1813.33;149.9;149.9;200.47;200.47
27.01.2022 20:00:00;27.01.2022 21:00:00;1093.84;150.2;150.2;170.67;170.67
27.01.2022 21:00:00;27.01.2022 22:00:00;987.98;149.6;149.6;162.44;162.44
27.01.2022 22:00:00;27.01.2022 23:00:00;988.89;148.69;148.69;152.01;152.01
27.01.2022 23:00:00;28.01.2022 00:00:00;896.88;130.73;130.73;130.73;130.73
28.01.2022 00:00:00;28.01.2022 01:00:00;850;137.85;137.85;137.85;137.85
28.01.2022 01:00:00;28.01.2022 02:00:00;678.64;129.75;129.75;129.75;129.75
28.01.2022 02:00:00;28.01.2022 03:00:00;613.42;119.54;119.54;119.54;119.54
28.01.2022 03:00:00;28.01.2022 04:00:00;710.75;119.54;119.54;119.54;119.54
28.01.2022 04:00:00;28.01.2022 05:00:00;821.29;126.85;126.85;126.85;126.85
28.01.2022 05:00:00;28.01.2022 06:00:00;1009.46;135.55;135.55;135.55;135.55
28.01.2022 06:00:00;28.01.2022 07:00:00;1425.21;148.25;148.25;148.25;148.25
28.01.2022 07:00:00;28.01.2022 08:00:00;1425.11;155.46;155.46;155.46;155.46
28.01.2022 08:00:00;28.01.2022 09:00:00;1425.11;153.35;153.35;153.35;153.35
28.01.2022 09:00:00;28.01.2022 10:00:00;1426.21;155.16;155.16;155.16;155.16
28.01.2022 10:00:00;28.01.2022 11:00:00;1434.11;156.86;156.86;156.86;156.86
28.01.2022 11:00:00;28.01.2022 12:00:00;1438.41;159.56;159.56;159.56;159.56
28.01.2022 12:00:00;28.01.2022 13:00:00;1432.91;168.06;168.06;168.06;168.06
28.01.2022 13:00:00;28.01.2022 14:00:00;1425.31;169.86;169.86;169.86;169.86
28.01.2022 14:00:00;28.01.2022 15:00:00;1423.21;172.46;172.46;172.46;172.46
28.01.2022 15:00:00;28.01.2022 16:00:00;1431.91;170.06;170.06;172.96;172.96
28.01.2022 16:00:00;28.01.2022 17:00:00;1488.73;173.26;173.26;173.26;173.26
28.01.2022 17:00:00;28.01.2022 18:00:00;1502.24;174.66;174.66;174.66;174.66
28.01.2022 18:00:00;28.01.2022 19:00:00;1475.23;167.36;167.36;167.36;167.36
28.01.2022 19:00:00;28.01.2022 20:00:00;1421.21;169.66;169.66;169.66;169.66
28.01.2022 20:00:00;28.01.2022 21:00:00;1369.69;168.76;168.76;168.76;168.76
28.01.2022 21:00:00;28.01.2022 22:00:00;1364.09;160.36;160.36;166.86;166.86
28.01.2022 22:00:00;28.01.2022 23:00:00;1305.87;153.45;153.45;161.26;161.26
28.01.2022 23:00:00;29.01.2022 00:00:00;799.29;149.75;149.75;160.36;160.36
29.01.2022 00:00:00;29.01.2022 01:00:00;258.15;145.23;145.23;151.56;151.56
29.01.2022 01:00:00;29.01.2022 02:00:00;160.49;143.12;143.12;153.96;153.96
29.01.2022 02:00:00;29.01.2022 03:00:00;346.57;141.12;141.12;146.74;146.74
29.01.2022 03:00:00;29.01.2022 04:00:00;170.22;140.41;140.41;141.12;141.12
29.01.2022 04:00:00;29.01.2022 05:00:00;418.94;138.81;138.81;138.81;138.81
29.01.2022 05:00:00;29.01.2022 06:00:00;427.37;136.6;136.6;136.6;136.6
29.01.2022 06:00:00;29.01.2022 07:00:00;160.09;139.01;139.01;139.01;139.01
29.01.2022 07:00:00;29.01.2022 08:00:00;240.28;141.82;141.82;141.82;141.82
29.01.2022 08:00:00;29.01.2022 09:00:00;160.39;146.44;146.44;146.44;146.44
29.01.2022 09:00:00;29.01.2022 10:00:00;160.19;153.06;153.06;153.06;153.06
29.01.2022 10:00:00;29.01.2022 11:00:00;172.53;172.53;172.53;172.53;172.53
29.01.2022 11:00:00;29.01.2022 12:00:00;176.85;176.85;176.85;176.85;176.85
29.01.2022 12:00:00;29.01.2022 13:00:00;179.96;179.96;179.96;179.96;179.96
29.01.2022 13:00:00;29.01.2022 14:00:00;175.74;175.74;175.74;175.74;175.74
29.01.2022 14:00:00;29.01.2022 15:00:00;172.93;172.93;172.93;172.93;172.93
29.01.2022 15:00:00;29.01.2022 16:00:00;239.88;161.19;161.19;179.36;179.36
29.01.2022 16:00:00;29.01.2022 17:00:00;250.02;155.57;155.57;190.5;190.5
29.01.2022 17:00:00;29.01.2022 18:00:00;402.28;154.57;154.57;189.09;189.09
29.01.2022 18:00:00;29.01.2022 19:00:00;240.78;155.57;155.57;181.06;181.06
29.01.2022 19:00:00;29.01.2022 20:00:00;164.3;154.87;154.87;159.38;159.38
29.01.2022 20:00:00;29.01.2022 21:00:00;147.34;147.34;147.34;147.34;147.34
29.01.2022 21:00:00;29.01.2022 22:00:00;180.16;140.52;140.52;140.52;140.52
29.01.2022 22:00:00;29.01.2022 23:00:00;160.49;130.78;130.78;130.78;130.78
29.01.2022 23:00:00;30.01.2022 00:00:00;159.59;119.64;119.64;119.64;119.64
30.01.2022 00:00:00;30.01.2022 01:00:00;130.36;104.95;104.95;104.95;104.95
30.01.2022 01:00:00;30.01.2022 02:00:00;46.02;99.15;99.15;46.02;46.02
30.01.2022 02:00:00;30.01.2022 03:00:00;100.35;100.35;100.35;100.35;100.35
30.01.2022 03:00:00;30.01.2022 04:00:00;100.15;100.15;100.15;100.15;100.15
30.01.2022 04:00:00;30.01.2022 05:00:00;101.55;101.55;101.55;101.55;101.55
30.01.2022 05:00:00;30.01.2022 06:00:00;111.05;111.05;111.05;111.05;111.05
30.01.2022 06:00:00;30.01.2022 07:00:00;40.12;94.15;94.15;40.12;40.12
30.01.2022 07:00:00;30.01.2022 08:00:00;99.55;99.55;99.55;99.55;99.55
30.01.2022 08:00:00;30.01.2022 09:00:00;110.95;110.95;110.95;110.95;110.95
30.01.2022 09:00:00;30.01.2022 10:00:00;243.42;119.86;119.86;119.86;119.86
30.01.2022 10:00:00;30.01.2022 11:00:00;341.26;110.95;110.95;110.95;110.95
30.01.2022 11:00:00;30.01.2022 12:00:00;321.95;117.86;117.86;117.86;117.86
30.01.2022 12:00:00;30.01.2022 13:00:00;335.76;104.55;104.55;100.05;100.05
30.01.2022 13:00:00;30.01.2022 14:00:00;300.14;106.35;106.35;100.05;100.05
30.01.2022 14:00:00;30.01.2022 15:00:00;319.75;116.96;116.96;116.96;116.96
30.01.2022 15:00:00;30.01.2022 16:00:00;483.63;140.47;140.47;140.47;140.47
30.01.2022 16:00:00;30.01.2022 17:00:00;444.41;152.97;152.97;152.97;152.97
30.01.2022 17:00:00;30.01.2022 18:00:00;828.6;154.87;154.87;154.87;154.87
30.01.2022 18:00:00;30.01.2022 19:00:00;949.96;156.78;156.78;156.78;156.78
30.01.2022 19:00:00;30.01.2022 20:00:00;856.41;159.48;159.48;159.48;159.48
30.01.2022 20:00:00;30.01.2022 21:00:00;601.09;160.98;160.98;160.98;160.98
30.01.2022 21:00:00;30.01.2022 22:00:00;807.29;162.58;162.58;162.58;162.58
30.01.2022 22:00:00;30.01.2022 23:00:00;814.89;163.48;163.48;163.48;163.48
30.01.2022 23:00:00;31.01.2022 00:00:00;553.77;164.18;164.18;164.18;164.18
31.01.2022 00:00:00;31.01.2022 01:00:00;504.14;206.3;206.3;206.3;206.3
31.01.2022 01:00:00;31.01.2022 02:00:00;483.53;209.6;209.6;209.6;209.6
31.01.2022 02:00:00;31.01.2022 03:00:00;559.17;211.6;211.6;211.6;211.6
31.01.2022 03:00:00;31.01.2022 04:00:00;601.19;215;215;215;215
31.01.2022 04:00:00;31.01.2022 05:00:00;977.77;219.21;219.21;219.21;219.21
31.01.2022 05:00:00;31.01.2022 06:00:00;1329.14;227.71;227.71;227.71;227.71
31.01.2022 06:00:00;31.01.2022 07:00:00;1433.59;246.72;246.72;246.72;246.72
31.01.2022 07:00:00;31.01.2022 08:00:00;2343.52;288.34;288.34;288.34;288.34
31.01.2022 08:00:00;31.01.2022 09:00:00;2430.67;304.85;304.85;304.85;304.85
31.01.2022 09:00:00;31.01.2022 10:00:00;2459.88;304.85;304.85;304.85;304.85
31.01.2022 10:00:00;31.01.2022 11:00:00;2422.46;306.45;306.45;306.45;306.45
31.01.2022 11:00:00;31.01.2022 12:00:00;2376.94;306.95;306.95;306.95;306.95
31.01.2022 12:00:00;31.01.2022 13:00:00;2301.1;309.85;309.85;309.85;309.85
31.01.2022 13:00:00;31.01.2022 14:00:00;2027.77;328.26;328.26;328.26;328.26
31.01.2022 14:00:00;31.01.2022 15:00:00;1957.04;326.86;326.86;326.86;326.86
31.01.2022 15:00:00;31.01.2022 16:00:00;1910.42;309.45;309.45;309.45;309.45
31.01.2022 16:00:00;31.01.2022 17:00:00;1933.33;306.85;306.85;306.85;306.85
31.01.2022 17:00:00;31.01.2022 18:00:00;2407.86;305.35;305.35;305.35;305.35
31.01.2022 18:00:00;31.01.2022 19:00:00;2479.59;304.35;304.35;304.35;304.35
31.01.2022 19:00:00;31.01.2022 20:00:00;2187.55;304.15;304.15;304.15;304.15
31.01.2022 20:00:00;31.01.2022 21:00:00;1750.64;304.45;299.84;304.45;304.45
31.01.2022 21:00:00;31.01.2022 22:00:00;1692.01;304.15;299.04;304.15;304.15
31.01.2022 22:00:00;31.01.2022 23:00:00;1513.23;244.42;244.42;244.42;244.42
31.01.2022 23:00:00;01.02.2022 00:00:00;1422.48;192.29;192.29;243.82;243.82
01.02.2022 00:00:00;01.02.2022 01:00:00;1410.55;271.49;210.36;337.73;337.73
01.02.2022 01:00:00;01.02.2022 02:00:00;1392.92;226.39;199.93;338.23;338.23
01.02.2022 02:00:00;01.02.2022 03:00:00;1358.04;226.49;199.63;341.04;341.04
01.02.2022 03:00:00;01.02.2022 04:00:00;1311.14;224.59;199.43;343.84;343.84
01.02.2022 04:00:00;01.02.2022 05:00:00;1378.38;242.63;199.63;345.85;345.85
01.02.2022 05:00:00;01.02.2022 06:00:00;1437.51;246.73;203.84;353.67;353.67
01.02.2022 06:00:00;01.02.2022 07:00:00;1477.3;189.91;189.91;643.99;643.99
01.02.2022 07:00:00;01.02.2022 08:00:00;2339.37;199.93;199.93;849.24;849.24
01.02.2022 08:00:00;01.02.2022 09:00:00;2442.49;217.67;217.67;2442.49;2442.49
01.02.2022 09:00:00;01.02.2022 10:00:00;2083.41;199.33;199.33;2083.41;2083.41
01.02.2022 10:00:00;01.02.2022 11:00:00;2053.55;177.68;177.68;2053.55;2053.55
01.02.2022 11:00:00;01.02.2022 12:00:00;1690.26;170.27;170.27;1690.26;1690.26
01.02.2022 12:00:00;01.02.2022 13:00:00;1428.29;169.67;169.67;1428.29;1428.29
01.02.2022 13:00:00;01.02.2022 14:00:00;1390.01;172.87;172.87;1390.01;1390.01
01.02.2022 14:00:00;01.02.2022 15:00:00;1344.11;176.18;176.18;1344.11;1344.11
01.02.2022 15:00:00;01.02.2022 16:00:00;1317.15;190.01;190.01;426.72;426.72
01.02.2022 16:00:00;01.02.2022 17:00:00;1360.45;200.13;200.13;413.09;413.09
01.02.2022 17:00:00;01.02.2022 18:00:00;1317.35;199.33;199.33;421.41;421.41
01.02.2022 18:00:00;01.02.2022 19:00:00;1334.39;167.26;167.26;353.06;353.06
01.02.2022 19:00:00;01.02.2022 20:00:00;1424.38;163.55;163.55;354.77;354.77
01.02.2022 20:00:00;01.02.2022 21:00:00;1239.88;173.28;173.28;349.86;349.86
01.02.2022 21:00:00;01.02.2022 22:00:00;1202.2;199.73;199.73;344.75;344.75
01.02.2022 22:00:00;01.02.2022 23:00:00;1191.38;189.41;189.41;315.58;315.58
01.02.2022 23:00:00;02.02.2022 00:00:00;1024.82;168.67;168.67;313.88;313.88
02.02.2022 00:00:00;02.02.2022 01:00:00;995.48;236.35;200.31;362.49;362.49
02.02.2022 01:00:00;02.02.2022 02:00:00;823.94;269.7;199.91;294.29;294.29
02.02.2022 02:00:00;02.02.2022 03:00:00;748.38;295.99;199.32;295.99;295.99
02.02.2022 03:00:00;02.02.2022 04:00:00;915.24;309.23;200.01;309.23;309.23
02.02.2022 04:00:00;02.02.2022 05:00:00;1100.41;331.83;210.27;331.83;331.83
02.02.2022 05:00:00;02.02.2022 06:00:00;1282.21;686.55;250.69;686.55;686.55
02.02.2022 06:00:00;02.02.2022 07:00:00;1322.93;759.13;144.66;759.13;759.13
02.02.2022 07:00:00;02.02.2022 08:00:00;1427.06;1363.15;148.84;1363.15;1363.15
02.02.2022 08:00:00;02.02.2022 09:00:00;1543.75;1494.86;163.77;1494.86;1494.86
02.02.2022 09:00:00;02.02.2022 10:00:00;2149.16;1395.8;163.67;1395.8;1395.8
02.02.2022 10:00:00;02.02.2022 11:00:00;2191.07;1382.86;168.55;1382.86;1382.86
02.02.2022 11:00:00;02.02.2022 12:00:00;1752.42;1388.63;163.67;1388.63;1388.63
02.02.2022 12:00:00;02.02.2022 13:00:00;1732.71;916.53;159.59;916.53;916.53
02.02.2022 13:00:00;02.02.2022 14:00:00;1586.66;1174.39;159.69;1174.39;1174.39
02.02.2022 14:00:00;02.02.2022 15:00:00;1507.31;977.56;162.98;977.56;977.56
02.02.2022 15:00:00;02.02.2022 16:00:00;1876.27;928.08;149.24;928.08;928.08
02.02.2022 16:00:00;02.02.2022 17:00:00;1958.21;663.75;663.75;663.75;663.75
02.02.2022 17:00:00;02.02.2022 18:00:00;2369.58;602.43;602.43;602.43;602.43
02.02.2022 18:00:00;02.02.2022 19:00:00;2657.2;295.99;295.99;498.49;498.49
02.02.2022 19:00:00;02.02.2022 20:00:00;2574.97;269.11;269.11;491.62;491.62
02.02.2022 20:00:00;02.02.2022 21:00:00;2302.88;298.47;298.47;483.55;483.55
02.02.2022 21:00:00;02.02.2022 22:00:00;1865.72;685.26;685.26;685.26;685.26
02.02.2022 22:00:00;02.02.2022 23:00:00;1542.75;310.82;310.82;350.84;350.84
02.02.2022 23:00:00;03.02.2022 00:00:00;1419.4;238.04;238.04;350.94;350.94
03.02.2022 00:00:00;03.02.2022 01:00:00;1361.09;495.48;268.3;1361.09;1361.09
03.02.2022 01:00:00;03.02.2022 02:00:00;1349.86;455.45;250.32;611.21;611.21
03.02.2022 02:00:00;03.02.2022 03:00:00;1338.84;413.83;249.53;558.66;558.66
03.02.2022 03:00:00;03.02.2022 04:00:00;1339.73;338.53;249.23;338.53;338.53
03.02.2022 04:00:00;03.02.2022 05:00:00;1360.69;351.84;249.33;351.84;351.84
03.02.2022 05:00:00;03.02.2022 06:00:00;1405.69;446.81;250.72;446.81;446.81
03.02.2022 06:00:00;03.02.2022 07:00:00;1908.92;228.17;228.17;1863.13;1863.13
03.02.2022 07:00:00;03.02.2022 08:00:00;2112.06;479.19;479.19;2112.06;2112.06
03.02.2022 08:00:00;03.02.2022 09:00:00;2254.6;387.01;387.01;2254.6;2254.6
03.02.2022 09:00:00;03.02.2022 10:00:00;2218.45;220.52;220.52;2218.45;2218.45
03.02.2022 10:00:00;03.02.2022 11:00:00;2118.42;173.84;173.84;2118.42;2118.42
03.02.2022 11:00:00;03.02.2022 12:00:00;2076.1;165.89;165.89;2076.1;2076.1
03.02.2022 12:00:00;03.02.2022 13:00:00;1946.47;157.74;157.74;1935.54;1935.54
03.02.2022 13:00:00;03.02.2022 14:00:00;1913.98;153.57;153.57;1901.87;1901.87
03.02.2022 14:00:00;03.02.2022 15:00:00;1936.04;150.29;150.29;1936.04;1936.04
03.02.2022 15:00:00;03.02.2022 16:00:00;2032.79;154.57;154.57;487.24;487.24
03.02.2022 16:00:00;03.02.2022 17:00:00;2062.29;155.86;155.86;300.19;300.19
03.02.2022 17:00:00;03.02.2022 18:00:00;2226.59;149.3;149.3;251.22;251.22
03.02.2022 18:00:00;03.02.2022 19:00:00;2348.38;145.03;145.03;209.4;209.4
03.02.2022 19:00:00;03.02.2022 20:00:00;1638.53;141.35;141.35;186.65;186.65
03.02.2022 20:00:00;03.02.2022 21:00:00;1374.6;149;149;161.12;161.12
03.02.2022 21:00:00;03.02.2022 22:00:00;1345.59;160.92;160.92;160.92;160.92
03.02.2022 22:00:00;03.02.2022 23:00:00;1320.36;147.91;147.91;147.91;147.91
03.02.2022 23:00:00;04.02.2022 00:00:00;1191.22;141.65;141.65;141.65;141.65
04.02.2022 00:00:00;04.02.2022 01:00:00;937.62;136.45;136.45;146.02;146.02
04.02.2022 01:00:00;04.02.2022 02:00:00;756.22;135.26;135.26;143.83;143.83
04.02.2022 02:00:00;04.02.2022 03:00:00;790.9;136.15;136.15;141.04;141.04
04.02.2022 03:00:00;04.02.2022 04:00:00;727.01;138.25;138.25;138.25;138.25
04.02.2022 04:00:00;04.02.2022 05:00:00;798.08;137.55;137.55;137.55;137.55
04.02.2022 05:00:00;04.02.2022 06:00:00;1245.01;136.15;136.15;136.15;136.15
04.02.2022 06:00:00;04.02.2022 07:00:00;1544.53;136.95;136.95;139.84;139.84
04.02.2022 07:00:00;04.02.2022 08:00:00;1281.39;139.74;139.74;139.74;139.74
04.02.2022 08:00:00;04.02.2022 09:00:00;1292.66;142.83;142.83;142.83;142.83
04.02.2022 09:00:00;04.02.2022 10:00:00;1150.82;143.43;143.43;143.43;143.43
04.02.2022 10:00:00;04.02.2022 11:00:00;772.16;143.93;143.93;143.93;143.93
04.02.2022 11:00:00;04.02.2022 12:00:00;526.67;144.23;144.23;144.23;144.23
04.02.2022 12:00:00;04.02.2022 13:00:00;460.79;142.73;142.73;142.73;142.73
04.02.2022 13:00:00;04.02.2022 14:00:00;366.7;142.33;142.33;142.33;142.33
04.02.2022 14:00:00;04.02.2022 15:00:00;362.21;143.23;143.23;143.23;143.23
04.02.2022 15:00:00;04.02.2022 16:00:00;359.22;142.63;142.63;145.42;145.42
04.02.2022 16:00:00;04.02.2022 17:00:00;822.2;138.45;138.45;149.41;149.41
04.02.2022 17:00:00;04.02.2022 18:00:00;1249.5;136.85;136.85;154.99;154.99
04.02.2022 18:00:00;04.02.2022 19:00:00;1245.91;135.36;135.36;158.58;158.58
04.02.2022 19:00:00;04.02.2022 20:00:00;499.46;132.27;132.27;160.37;160.37
04.02.2022 20:00:00;04.02.2022 21:00:00;218.98;128.78;128.78;161.67;161.67
04.02.2022 21:00:00;04.02.2022 22:00:00;200.34;139.04;139.04;164.96;164.96
04.02.2022 22:00:00;04.02.2022 23:00:00;484.71;137.65;137.65;157.28;157.28
04.02.2022 23:00:00;05.02.2022 00:00:00;158.58;135.85;135.85;153.2;153.2
05.02.2022 00:00:00;05.02.2022 01:00:00;160.58;130.37;130.37;160.58;160.58
05.02.2022 01:00:00;05.02.2022 02:00:00;159.68;129.87;129.87;158.37;158.37
05.02.2022 02:00:00;05.02.2022 03:00:00;153.15;129.57;129.57;153.15;153.15
05.02.2022 03:00:00;05.02.2022 04:00:00;169.61;129.27;129.27;152.65;152.65
05.02.2022 04:00:00;05.02.2022 05:00:00;213.57;128.97;128.97;151.55;151.55
05.02.2022 05:00:00;05.02.2022 06:00:00;341.13;129.47;129.47;148.54;148.54
05.02.2022 06:00:00;05.02.2022 07:00:00;428.35;121.64;121.64;149.84;149.84
05.02.2022 07:00:00;05.02.2022 08:00:00;453.84;123.75;123.75;154.36;154.36
05.02.2022 08:00:00;05.02.2022 09:00:00;645.34;126.06;126.06;159.28;159.28
05.02.2022 09:00:00;05.02.2022 10:00:00;864.03;128.97;128.97;157.77;157.77
05.02.2022 10:00:00;05.02.2022 11:00:00;1080.61;129.97;129.97;156.17;156.17
05.02.2022 11:00:00;05.02.2022 12:00:00;834.42;129.97;129.97;153.76;153.76
05.02.2022 12:00:00;05.02.2022 13:00:00;595.76;129.57;129.57;153.96;153.96
05.02.2022 13:00:00;05.02.2022 14:00:00;844.66;129.17;129.17;146.33;146.33
05.02.2022 14:00:00;05.02.2022 15:00:00;452.34;127.66;127.66;142.32;142.32
05.02.2022 15:00:00;05.02.2022 16:00:00;409.48;128.46;128.46;140.81;140.81
05.02.2022 16:00:00;05.02.2022 17:00:00;840.54;132.48;132.48;144.82;144.82
05.02.2022 17:00:00;05.02.2022 18:00:00;1247.31;137.3;137.3;144.22;144.22
05.02.2022 18:00:00;05.02.2022 19:00:00;1002.13;138.1;138.1;145.73;145.73
05.02.2022 19:00:00;05.02.2022 20:00:00;488.67;136.39;136.39;147.43;147.43
05.02.2022 20:00:00;05.02.2022 21:00:00;330.09;130.17;130.17;141.41;141.41
05.02.2022 21:00:00;05.02.2022 22:00:00;898.35;135.79;135.79;135.79;135.79
05.02.2022 22:00:00;05.02.2022 23:00:00;938.9;127.46;127.46;127.46;127.46
05.02.2022 23:00:00;06.02.2022 00:00:00;653.16;110.2;110.2;110.2;110.2
06.02.2022 00:00:00;06.02.2022 01:00:00;232.09;104.38;104.38;104.38;104.38
06.02.2022 01:00:00;06.02.2022 02:00:00;281.27;95.03;95.03;95.03;95.03
06.02.2022 02:00:00;06.02.2022 03:00:00;207.56;91.01;91.01;89.4;89.4
06.02.2022 03:00:00;06.02.2022 04:00:00;201.42;91.01;91.01;91.01;91.01
06.02.2022 04:00:00;06.02.2022 05:00:00;201.62;96.04;96.04;96.04;96.04
06.02.2022 05:00:00;06.02.2022 06:00:00;251.2;99.86;99.86;99.86;99.86
06.02.2022 06:00:00;06.02.2022 07:00:00;150.34;93.32;93.32;93.32;93.32
06.02.2022 07:00:00;06.02.2022 08:00:00;190.46;101.67;101.67;101.67;101.67
06.02.2022 08:00:00;06.02.2022 09:00:00;119.26;109.01;109.01;109.01;109.01
06.02.2022 09:00:00;06.02.2022 10:00:00;124.29;124.29;124.29;124.29;124.29
06.02.2022 10:00:00;06.02.2022 11:00:00;138.27;138.27;138.27;138.27;138.27
06.02.2022 11:00:00;06.02.2022 12:00:00;203.03;148.03;148.03;151.44;151.44
06.02.2022 12:00:00;06.02.2022 13:00:00;239.23;147.92;147.92;150.04;150.04
06.02.2022 13:00:00;06.02.2022 14:00:00;243.66;148.13;148.13;149.33;149.33
06.02.2022 14:00:00;06.02.2022 15:00:00;243.86;148.13;148.13;149.23;149.23
06.02.2022 15:00:00;06.02.2022 16:00:00;343.62;147.32;147.32;150.74;150.74
06.02.2022 16:00:00;06.02.2022 17:00:00;769.69;145.11;145.11;155.77;155.77
06.02.2022 17:00:00;06.02.2022 18:00:00;755.21;147.62;147.62;159.79;159.79
06.02.2022 18:00:00;06.02.2022 19:00:00;1205.92;143.4;143.4;165.22;165.22
06.02.2022 19:00:00;06.02.2022 20:00:00;821.68;142.09;142.09;170.85;170.85
06.02.2022 20:00:00;06.02.2022 21:00:00;892.48;138.37;138.37;176.99;176.99
06.02.2022 21:00:00;06.02.2022 22:00:00;886.84;154.16;154.16;179.7;179.7
06.02.2022 22:00:00;06.02.2022 23:00:00;750.28;151.04;151.04;178.6;178.6
06.02.2022 23:00:00;07.02.2022 00:00:00;370.47;149.73;149.73;178.5;178.5
07.02.2022 00:00:00;07.02.2022 01:00:00;201.52;143.4;143.4;172.36;172.36
07.02.2022 01:00:00;07.02.2022 02:00:00;159.99;143.2;143.2;159.99;159.99
07.02.2022 02:00:00;07.02.2022 03:00:00;143.5;143.5;143.5;143.5;143.5
07.02.2022 03:00:00;07.02.2022 04:00:00;139.08;139.08;139.08;139.08;139.08
07.02.2022 04:00:00;07.02.2022 05:00:00;241.35;142.09;142.09;142.09;142.09
07.02.2022 05:00:00;07.02.2022 06:00:00;769.69;155.17;155.17;166.83;166.83
07.02.2022 06:00:00;07.02.2022 07:00:00;1206.63;147.92;147.92;182.42;182.42
07.02.2022 07:00:00;07.02.2022 08:00:00;1287.88;152.05;152.05;173.97;173.97
07.02.2022 08:00:00;07.02.2022 09:00:00;1309;165.52;165.52;167.13;167.13
07.02.2022 09:00:00;07.02.2022 10:00:00;1284.76;174.67;174.67;174.67;174.67
07.02.2022 10:00:00;07.02.2022 11:00:00;1558.99;169.95;169.95;169.95;169.95
07.02.2022 11:00:00;07.02.2022 12:00:00;1533.55;168.54;168.54;168.54;168.54
07.02.2022 12:00:00;07.02.2022 13:00:00;1530.53;165.02;165.02;165.02;165.02
07.02.2022 13:00:00;07.02.2022 14:00:00;1358.37;164.42;164.42;164.42;164.42
07.02.2022 14:00:00;07.02.2022 15:00:00;1257.01;163.11;163.11;163.11;163.11
07.02.2022 15:00:00;07.02.2022 16:00:00;1267.27;160.49;160.49;160.49;160.49
07.02.2022 16:00:00;07.02.2022 17:00:00;1278.93;159.89;159.89;159.89;159.89
07.02.2022 17:00:00;07.02.2022 18:00:00;1340.98;159.39;159.39;159.39;159.39
07.02.2022 18:00:00;07.02.2022 19:00:00;1359.08;159.49;159.49;159.49;159.49
07.02.2022 19:00:00;07.02.2022 20:00:00;1350.63;159.89;159.89;159.89;159.89
07.02.2022 20:00:00;07.02.2022 21:00:00;1328.31;163.11;163.11;163.11;163.11
07.02.2022 21:00:00;07.02.2022 22:00:00;1272.39;182.22;182.22;182.22;182.22
07.02.2022 22:00:00;07.02.2022 23:00:00;1208.84;168.44;168.44;168.44;168.44
07.02.2022 23:00:00;08.02.2022 00:00:00;1008.42;166.23;166.23;166.23;166.23
08.02.2022 00:00:00;08.02.2022 01:00:00;896.5;152.14;152.14;164.84;164.84
08.02.2022 01:00:00;08.02.2022 02:00:00;717.54;145.08;145.08;162.12;162.12
08.02.2022 02:00:00;08.02.2022 03:00:00;756.96;143.06;143.06;156.57;156.57
08.02.2022 03:00:00;08.02.2022 04:00:00;849.42;141.85;141.85;146.49;146.49
08.02.2022 04:00:00;08.02.2022 05:00:00;954.37;140.75;140.75;140.75;140.75
08.02.2022 05:00:00;08.02.2022 06:00:00;1260.16;140.75;140.75;140.75;140.75
08.02.2022 06:00:00;08.02.2022 07:00:00;1426.11;136.71;136.71;157.38;157.38
08.02.2022 07:00:00;08.02.2022 08:00:00;1260.06;144.27;144.27;169.68;169.68
08.02.2022 08:00:00;08.02.2022 09:00:00;1255.82;145.18;145.18;175.63;175.63
08.02.2022 09:00:00;08.02.2022 10:00:00;1183.64;146.09;146.09;177.04;177.04
08.02.2022 10:00:00;08.02.2022 11:00:00;1181.12;141.85;141.85;169.68;169.68
08.02.2022 11:00:00;08.02.2022 12:00:00;1209.24;141.75;141.75;165.95;165.95
08.02.2022 12:00:00;08.02.2022 13:00:00;1173.96;140.65;140.65;160.61;160.61
08.02.2022 13:00:00;08.02.2022 14:00:00;1115.78;137.92;137.92;153.85;153.85
08.02.2022 14:00:00;08.02.2022 15:00:00;1108.02;140.24;140.24;148.41;148.41
08.02.2022 15:00:00;08.02.2022 16:00:00;1150.16;140.95;140.95;150.73;150.73
08.02.2022 16:00:00;08.02.2022 17:00:00;1135.24;141.15;141.15;149.42;149.42
08.02.2022 17:00:00;08.02.2022 18:00:00;1163.17;140.65;140.65;145.79;145.79
08.02.2022 18:00:00;08.02.2022 19:00:00;1101.67;140.95;140.95;141.35;141.35
08.02.2022 19:00:00;08.02.2022 20:00:00;656.14;140.04;140.04;140.04;140.04
08.02.2022 20:00:00;08.02.2022 21:00:00;322.42;138.63;138.63;138.63;138.63
08.02.2022 21:00:00;08.02.2022 22:00:00;401.47;138.93;138.93;138.93;138.93
08.02.2022 22:00:00;08.02.2022 23:00:00;586.07;133.89;133.89;133.89;133.89
08.02.2022 23:00:00;09.02.2022 00:00:00;328.47;130.36;130.36;130.36;130.36
09.02.2022 00:00:00;09.02.2022 01:00:00;251.92;125.41;125.41;125.41;125.41
09.02.2022 01:00:00;09.02.2022 02:00:00;354.87;125;125;125;125
09.02.2022 02:00:00;09.02.2022 03:00:00;324.65;124;124;124;124
09.02.2022 03:00:00;09.02.2022 04:00:00;369.07;123.8;123.8;123.8;123.8
09.02.2022 04:00:00;09.02.2022 05:00:00;399.09;124.5;124.5;124.5;124.5
09.02.2022 05:00:00;09.02.2022 06:00:00;1202.09;123.19;123.19;123.19;123.19
09.02.2022 06:00:00;09.02.2022 07:00:00;1157.47;124.3;124.3;130.04;130.04
09.02.2022 07:00:00;09.02.2022 08:00:00;1258.1;125.1;125.1;132.16;132.16
09.02.2022 08:00:00;09.02.2022 09:00:00;1280.36;130.04;130.04;134.17;134.17
09.02.2022 09:00:00;09.02.2022 10:00:00;1206.32;130.34;130.34;137.59;137.59
09.02.2022 10:00:00;09.02.2022 11:00:00;1198.06;130.14;130.14;140.11;140.11
09.02.2022 11:00:00;09.02.2022 12:00:00;907.26;130.24;130.24;142.03;142.03
09.02.2022 12:00:00;09.02.2022 13:00:00;741.16;126.01;126.01;142.73;142.73
09.02.2022 13:00:00;09.02.2022 14:00:00;654.73;125.51;125.51;142.83;142.83
09.02.2022 14:00:00;09.02.2022 15:00:00;851.25;125.61;125.61;141.93;141.93
09.02.2022 15:00:00;09.02.2022 16:00:00;847.63;129.54;129.54;139.21;139.21
09.02.2022 16:00:00;09.02.2022 17:00:00;1162.2;128.43;128.43;136.59;136.59
09.02.2022 17:00:00;09.02.2022 18:00:00;1261.12;130.85;130.85;134.17;134.17
09.02.2022 18:00:00;09.02.2022 19:00:00;1270.79;130.44;130.44;134.07;134.07
09.02.2022 19:00:00;09.02.2022 20:00:00;669.64;130.34;130.34;131.65;131.65
09.02.2022 20:00:00;09.02.2022 21:00:00;416.41;129.44;129.44;129.44;129.44
09.02.2022 21:00:00;09.02.2022 22:00:00;587.15;130.34;130.34;130.34;130.34
09.02.2022 22:00:00;09.02.2022 23:00:00;529.83;124.4;124.4;124.4;124.4
09.02.2022 23:00:00;10.02.2022 00:00:00;171.24;118.26;118.26;118.26;118.26
10.02.2022 00:00:00;10.02.2022 01:00:00;118.35;118.35;118.35;118.35;118.35
10.02.2022 01:00:00;10.02.2022 02:00:00;116.33;116.33;116.33;116.33;116.33
10.02.2022 02:00:00;10.02.2022 03:00:00;115.63;115.63;115.63;115.63;115.63
10.02.2022 03:00:00;10.02.2022 04:00:00;114.62;114.62;114.62;114.62;114.62
10.02.2022 04:00:00;10.02.2022 05:00:00;116.74;116.74;116.74;116.74;116.74
10.02.2022 05:00:00;10.02.2022 06:00:00;122.37;122.37;122.37;122.37;122.37
10.02.2022 06:00:00;10.02.2022 07:00:00;293.65;127.4;127.4;127.4;127.4
10.02.2022 07:00:00;10.02.2022 08:00:00;919.09;127;127;127;127
10.02.2022 08:00:00;10.02.2022 09:00:00;1050.22;129.32;129.32;129.32;129.32
10.02.2022 09:00:00;10.02.2022 10:00:00;928.96;129.82;129.82;129.82;129.82
10.02.2022 10:00:00;10.02.2022 11:00:00;906.41;130.22;130.22;130.22;130.22
10.02.2022 11:00:00;10.02.2022 12:00:00;445.31;127.3;127.3;127.3;127.3
10.02.2022 12:00:00;10.02.2022 13:00:00;391.37;125.49;125.49;125.49;125.49
10.02.2022 13:00:00;10.02.2022 14:00:00;324.75;126.4;126.4;126.4;126.4
10.02.2022 14:00:00;10.02.2022 15:00:00;434.04;126.5;126.5;126.5;126.5
10.02.2022 15:00:00;10.02.2022 16:00:00;553.99;127.1;127.1;127.1;127.1
10.02.2022 16:00:00;10.02.2022 17:00:00;739.66;127.91;127.91;127.91;127.91
10.02.2022 17:00:00;10.02.2022 18:00:00;1118.96;127.5;127.5;127.5;127.5
10.02.2022 18:00:00;10.02.2022 19:00:00;1298.19;124.79;124.79;124.79;124.79
10.02.2022 19:00:00;10.02.2022 20:00:00;1028.89;123.88;123.88;123.88;123.88
10.02.2022 20:00:00;10.02.2022 21:00:00;523.2;125.89;125.89;125.89;125.89
10.02.2022 21:00:00;10.02.2022 22:00:00;540.91;132.64;132.64;132.64;132.64
10.02.2022 22:00:00;10.02.2022 23:00:00;644.87;124.79;124.79;124.79;124.79
10.02.2022 23:00:00;11.02.2022 00:00:00;323.54;122.37;122.37;122.37;122.37
11.02.2022 00:00:00;11.02.2022 01:00:00;256.56;119.55;119.55;119.55;119.55
11.02.2022 01:00:00;11.02.2022 02:00:00;319.01;119.45;119.45;119.45;119.45
11.02.2022 02:00:00;11.02.2022 03:00:00;434.02;118.85;118.85;118.85;118.85
11.02.2022 03:00:00;11.02.2022 04:00:00;524.21;119.05;119.05;119.05;119.05
11.02.2022 04:00:00;11.02.2022 05:00:00;606.03;119.65;119.65;119.65;119.65
11.02.2022 05:00:00;11.02.2022 06:00:00;1109.77;120.36;120.36;120.36;120.36
11.02.2022 06:00:00;11.02.2022 07:00:00;1273.91;118.75;118.75;118.75;118.75
11.02.2022 07:00:00;11.02.2022 08:00:00;1346.25;119.45;119.45;119.45;119.45
11.02.2022 08:00:00;11.02.2022 09:00:00;1512.62;122.07;122.07;122.07;122.07
11.02.2022 09:00:00;11.02.2022 10:00:00;1545.81;124.4;124.4;124.4;124.4
11.02.2022 10:00:00;11.02.2022 11:00:00;1345.14;125;125;125;125
11.02.2022 11:00:00;11.02.2022 12:00:00;1272.4;126.82;126.82;126.82;126.82
11.02.2022 12:00:00;11.02.2022 13:00:00;1254.75;126.61;126.61;126.61;126.61
11.02.2022 13:00:00;11.02.2022 14:00:00;1256.96;125;125;125;125
11.02.2022 14:00:00;11.02.2022 15:00:00;1264.63;124.4;124.4;124.4;124.4
11.02.2022 15:00:00;11.02.2022 16:00:00;1263.93;125.91;125.91;125.91;125.91
11.02.2022 16:00:00;11.02.2022 17:00:00;1285.31;127.02;127.02;127.02;127.02
11.02.2022 17:00:00;11.02.2022 18:00:00;1305.69;128.33;128.33;128.33;128.33
11.02.2022 18:00:00;11.02.2022 19:00:00;1298.13;129.64;129.64;129.64;129.64
11.02.2022 19:00:00;11.02.2022 20:00:00;1270.58;126.72;126.72;126.72;126.72
11.02.2022 20:00:00;11.02.2022 21:00:00;1025.53;124.9;124.9;124.9;124.9
11.02.2022 21:00:00;11.02.2022 22:00:00;834.04;126.31;126.31;126.31;126.31
11.02.2022 22:00:00;11.02.2022 23:00:00;741.12;119.15;119.15;119.15;119.15
11.02.2022 23:00:00;12.02.2022 00:00:00;381.05;116.32;116.32;116.32;116.32
12.02.2022 00:00:00;12.02.2022 01:00:00;251.98;114.44;114.44;114.44;114.44
12.02.2022 01:00:00;12.02.2022 02:00:00;246.33;111.82;111.82;114.24;114.24
12.02.2022 02:00:00;12.02.2022 03:00:00;160.72;110.91;110.91;114.04;114.04
12.02.2022 03:00:00;12.02.2022 04:00:00;113.33;113.13;113.13;113.33;113.33
12.02.2022 04:00:00;12.02.2022 05:00:00;143.28;112.93;112.93;112.93;112.93
12.02.2022 05:00:00;12.02.2022 06:00:00;231.41;112.63;112.63;112.63;112.63
12.02.2022 06:00:00;12.02.2022 07:00:00;173.23;108.19;108.19;108.19;108.19
12.02.2022 07:00:00;12.02.2022 08:00:00;202.57;112.93;112.93;112.93;112.93
12.02.2022 08:00:00;12.02.2022 09:00:00;372.67;116.36;116.36;116.36;116.36
12.02.2022 09:00:00;12.02.2022 10:00:00;419.86;124.22;124.22;124.22;124.22
12.02.2022 10:00:00;12.02.2022 11:00:00;368.94;128.96;128.96;128.96;128.96
12.02.2022 11:00:00;12.02.2022 12:00:00;365.31;131.28;131.28;131.28;131.28
12.02.2022 12:00:00;12.02.2022 13:00:00;356.13;137.94;137.94;137.94;137.94
12.02.2022 13:00:00;12.02.2022 14:00:00;278.09;141.77;141.77;141.77;141.77
12.02.2022 14:00:00;12.02.2022 15:00:00;294.22;144.19;144.19;144.19;144.19
12.02.2022 15:00:00;12.02.2022 16:00:00;302.79;145.1;145.1;145.1;145.1
12.02.2022 16:00:00;12.02.2022 17:00:00;562.43;148.62;148.62;148.62;148.62
12.02.2022 17:00:00;12.02.2022 18:00:00;1169.13;144.99;144.99;151.04;151.04
12.02.2022 18:00:00;12.02.2022 19:00:00;1164.19;139.15;139.15;153.06;153.06
12.02.2022 19:00:00;12.02.2022 20:00:00;757.14;130.78;130.78;155.58;155.58
12.02.2022 20:00:00;12.02.2022 21:00:00;454.65;130.27;130.27;155.78;155.78
12.02.2022 21:00:00;12.02.2022 22:00:00;756.84;136.22;136.22;146.51;146.51
12.02.2022 22:00:00;12.02.2022 23:00:00;655.5;130.68;130.68;134.51;134.51
12.02.2022 23:00:00;13.02.2022 00:00:00;185.13;128.56;128.56;128.56;128.56
13.02.2022 00:00:00;13.02.2022 01:00:00;160.77;125.24;125.24;125.24;125.24
13.02.2022 01:00:00;13.02.2022 02:00:00;136.51;121.11;121.11;121.11;121.11
13.02.2022 02:00:00;13.02.2022 03:00:00;115.37;115.37;115.37;115.37;115.37
13.02.2022 03:00:00;13.02.2022 04:00:00;111.95;111.95;111.95;111.95;111.95
13.02.2022 04:00:00;13.02.2022 05:00:00;110.34;110.34;110.34;110.34;110.34
13.02.2022 05:00:00;13.02.2022 06:00:00;111.04;111.04;111.04;111.04;111.04
13.02.2022 06:00:00;13.02.2022 07:00:00;108.83;108.83;108.83;108.83;108.83
13.02.2022 07:00:00;13.02.2022 08:00:00;103.09;103.09;103.09;103.09;103.09
13.02.2022 08:00:00;13.02.2022 09:00:00;111.85;111.85;111.85;111.85;111.85
13.02.2022 09:00:00;13.02.2022 10:00:00;118.59;112.75;112.75;118.59;118.59
13.02.2022 10:00:00;13.02.2022 11:00:00;129.16;113.26;113.26;129.16;129.16
13.02.2022 11:00:00;13.02.2022 12:00:00;187.55;114.26;114.26;130.77;130.77
13.02.2022 12:00:00;13.02.2022 13:00:00;180.61;116.68;116.68;131.28;131.28
13.02.2022 13:00:00;13.02.2022 14:00:00;160.77;120.3;120.3;129.36;129.36
13.02.2022 14:00:00;13.02.2022 15:00:00;125.64;125.64;125.64;125.64;125.64
13.02.2022 15:00:00;13.02.2022 16:00:00;151.51;127.15;127.15;127.15;127.15
13.02.2022 16:00:00;13.02.2022 17:00:00;251.48;127.55;127.55;127.55;127.55
13.02.2022 17:00:00;13.02.2022 18:00:00;503.57;128.46;128.46;128.46;128.46
13.02.2022 18:00:00;13.02.2022 19:00:00;584.31;129.06;129.06;129.06;129.06
13.02.2022 19:00:00;13.02.2022 20:00:00;241.01;129.77;129.77;129.77;129.77
13.02.2022 20:00:00;13.02.2022 21:00:00;128.86;128.86;128.86;128.86;128.86
13.02.2022 21:00:00;13.02.2022 22:00:00;132.08;132.08;132.08;132.08;132.08
13.02.2022 22:00:00;13.02.2022 23:00:00;133.39;133.39;133.39;133.39;133.39
13.02.2022 23:00:00;14.02.2022 00:00:00;127.25;127.25;127.25;127.25;127.25
14.02.2022 00:00:00;14.02.2022 01:00:00;131.58;131.58;131.58;131.58;131.58
14.02.2022 01:00:00;14.02.2022 02:00:00;130.98;130.98;130.98;130.98;130.98
14.02.2022 02:00:00;14.02.2022 03:00:00;130.27;130.27;130.27;130.27;130.27
14.02.2022 03:00:00;14.02.2022 04:00:00;135.41;135.41;135.41;135.41;135.41
14.02.2022 04:00:00;14.02.2022 05:00:00;147.79;139.43;139.43;147.79;147.79
14.02.2022 05:00:00;14.02.2022 06:00:00;154.43;140.54;140.54;154.43;154.43
14.02.2022 06:00:00;14.02.2022 07:00:00;586.02;139.13;139.13;175.27;175.27
14.02.2022 07:00:00;14.02.2022 08:00:00;1100.26;152.72;152.72;157.45;157.45
14.02.2022 08:00:00;14.02.2022 09:00:00;1090.79;180.91;180.91;180.91;180.91
14.02.2022 09:00:00;14.02.2022 10:00:00;992.43;185.94;185.94;185.94;185.94
14.02.2022 10:00:00;14.02.2022 11:00:00;955.49;188.76;188.76;188.76;188.76
14.02.2022 11:00:00;14.02.2022 12:00:00;965.35;189.87;189.87;189.87;189.87
14.02.2022 12:00:00;14.02.2022 13:00:00;991.83;175.67;175.67;189.47;189.47
14.02.2022 13:00:00;14.02.2022 14:00:00;1048.81;164.6;164.6;188.16;188.16
14.02.2022 14:00:00;14.02.2022 15:00:00;1051.43;154.03;154.03;184.73;184.73
14.02.2022 15:00:00;14.02.2022 16:00:00;1093.91;157.86;157.86;182.32;182.32
14.02.2022 16:00:00;14.02.2022 17:00:00;1085.56;153.43;153.43;180.41;180.41
14.02.2022 17:00:00;14.02.2022 18:00:00;1181.7;176.28;176.28;176.28;176.28
14.02.2022 18:00:00;14.02.2022 19:00:00;1175.66;175.57;175.57;182.82;182.82
14.02.2022 19:00:00;14.02.2022 20:00:00;1006.93;139.63;139.63;183.12;183.12
14.02.2022 20:00:00;14.02.2022 21:00:00;381.25;141.34;141.34;180.81;180.81
14.02.2022 21:00:00;14.02.2022 22:00:00;274.23;149.1;149.1;177.99;177.99
14.02.2022 22:00:00;14.02.2022 23:00:00;568;139.23;139.23;156.75;156.75
14.02.2022 23:00:00;15.02.2022 00:00:00;302.42;134.1;134.1;153.32;153.32
15.02.2022 00:00:00;15.02.2022 01:00:00;372.63;129.9;129.9;155.78;155.78
15.02.2022 01:00:00;15.02.2022 02:00:00;556.32;124.85;124.85;149.72;149.72
15.02.2022 02:00:00;15.02.2022 03:00:00;482.21;121.41;121.41;146.69;146.69
15.02.2022 03:00:00;15.02.2022 04:00:00;490.61;121.11;121.11;149.92;149.92
15.02.2022 04:00:00;15.02.2022 05:00:00;555.1;121.21;121.21;147.29;147.29
15.02.2022 05:00:00;15.02.2022 06:00:00;934.3;124.75;124.75;149.01;149.01
15.02.2022 06:00:00;15.02.2022 07:00:00;1111.92;128.59;128.59;160.64;160.64
15.02.2022 07:00:00;15.02.2022 08:00:00;1187.34;137.99;137.99;161.04;161.04
15.02.2022 08:00:00;15.02.2022 09:00:00;1202.2;144.26;144.26;161.14;161.14
15.02.2022 09:00:00;15.02.2022 10:00:00;1197.95;140.22;140.22;161.14;161.14
15.02.2022 10:00:00;15.02.2022 11:00:00;1153.57;140.72;140.72;161.04;161.04
15.02.2022 11:00:00;15.02.2022 12:00:00;897.2;138.4;138.4;160.54;160.54
15.02.2022 12:00:00;15.02.2022 13:00:00;691.98;137.08;137.08;158.92;158.92
15.02.2022 13:00:00;15.02.2022 14:00:00;734.24;136.37;136.37;153.86;153.86
15.02.2022 14:00:00;15.02.2022 15:00:00;899.22;135.46;135.46;151.13;151.13
15.02.2022 15:00:00;15.02.2022 16:00:00;819.56;139.31;139.31;148.3;148.3
15.02.2022 16:00:00;15.02.2022 17:00:00;1087.56;141.43;141.43;147.7;147.7
15.02.2022 17:00:00;15.02.2022 18:00:00;1181.48;144.77;144.77;146.89;146.89
15.02.2022 18:00:00;15.02.2022 19:00:00;1162.07;141.03;141.03;145.68;145.68
15.02.2022 19:00:00;15.02.2022 20:00:00;513.86;141.23;141.23;146.28;146.28
15.02.2022 20:00:00;15.02.2022 21:00:00;253.44;140.62;140.62;146.38;146.38
15.02.2022 21:00:00;15.02.2022 22:00:00;236.25;149.52;149.52;149.52;149.52
15.02.2022 22:00:00;15.02.2022 23:00:00;202.69;145.27;145.27;145.27;145.27
15.02.2022 23:00:00;16.02.2022 00:00:00;161.55;140.62;140.62;146.99;146.99
16.02.2022 00:00:00;16.02.2022 01:00:00;141.13;134.98;134.98;141.13;141.13
16.02.2022 01:00:00;16.02.2022 02:00:00;142.95;130.54;130.54;142.95;142.95
16.02.2022 02:00:00;16.02.2022 03:00:00;147.99;129.53;129.53;147.99;147.99
16.02.2022 03:00:00;16.02.2022 04:00:00;155.56;129.53;129.53;155.56;155.56
16.02.2022 04:00:00;16.02.2022 05:00:00;192.78;129.73;129.73;160.2;160.2
16.02.2022 05:00:00;16.02.2022 06:00:00;232.03;130.44;130.44;149.3;149.3
16.02.2022 06:00:00;16.02.2022 07:00:00;897.54;138.71;138.71;155.46;155.46
16.02.2022 07:00:00;16.02.2022 08:00:00;1019.41;152.03;152.03;157.68;157.68
16.02.2022 08:00:00;16.02.2022 09:00:00;1060.16;166.66;166.66;166.66;166.66
16.02.2022 09:00:00;16.02.2022 10:00:00;1163.57;176.14;176.14;176.14;176.14
16.02.2022 10:00:00;16.02.2022 11:00:00;1195.95;182.09;182.09;182.09;182.09
16.02.2022 11:00:00;16.02.2022 12:00:00;1190.6;176.85;176.85;176.85;176.85
16.02.2022 12:00:00;16.02.2022 13:00:00;1163.97;171.8;171.8;171.8;171.8
16.02.2022 13:00:00;16.02.2022 14:00:00;1096.88;161.21;161.21;161.21;161.21
16.02.2022 14:00:00;16.02.2022 15:00:00;1028.89;158.18;158.18;158.18;158.18
16.02.2022 15:00:00;16.02.2022 16:00:00;984.3;155.76;155.76;155.76;155.76
16.02.2022 16:00:00;16.02.2022 17:00:00;999.84;152.43;152.43;152.43;152.43
16.02.2022 17:00:00;16.02.2022 18:00:00;1117.36;154.95;154.95;154.95;154.95
16.02.2022 18:00:00;16.02.2022 19:00:00;1115.85;153.54;153.54;153.54;153.54
16.02.2022 19:00:00;16.02.2022 20:00:00;1059.76;152.63;152.63;152.63;152.63
16.02.2022 20:00:00;16.02.2022 21:00:00;794.34;148.7;148.7;148.7;148.7
16.02.2022 21:00:00;16.02.2022 22:00:00;505.92;147.79;147.79;147.79;147.79
16.02.2022 22:00:00;16.02.2022 23:00:00;428.54;142.44;142.44;142.44;142.44
16.02.2022 23:00:00;17.02.2022 00:00:00;171.4;140.73;140.73;141.13;141.13
17.02.2022 00:00:00;17.02.2022 01:00:00;177.17;143.44;143.44;143.44;143.44
17.02.2022 01:00:00;17.02.2022 02:00:00;152.35;145.06;139.49;145.06;145.06
17.02.2022 02:00:00;17.02.2022 03:00:00;152.15;146.88;136.55;146.88;146.88
17.02.2022 03:00:00;17.02.2022 04:00:00;141.51;141.51;135.84;141.51;141.51
17.02.2022 04:00:00;17.02.2022 05:00:00;152.35;148.8;136.04;148.8;148.8
17.02.2022 05:00:00;17.02.2022 06:00:00;395.76;149.92;141.51;149.92;149.92
17.02.2022 06:00:00;17.02.2022 07:00:00;912.07;178.48;164.71;178.48;178.48
17.02.2022 07:00:00;17.02.2022 08:00:00;1112.03;184.97;184.97;184.97;184.97
17.02.2022 08:00:00;17.02.2022 09:00:00;1086.2;164.81;164.81;164.81;164.81
17.02.2022 09:00:00;17.02.2022 10:00:00;1038.79;193.68;193.68;193.68;193.68
17.02.2022 10:00:00;17.02.2022 11:00:00;962.92;192.87;192.87;192.87;192.87
17.02.2022 11:00:00;17.02.2022 12:00:00;784.74;192.56;192.56;192.56;192.56
17.02.2022 12:00:00;17.02.2022 13:00:00;659.03;182.03;147.79;182.03;182.03
17.02.2022 13:00:00;17.02.2022 14:00:00;364.46;170.08;170.08;170.08;170.08
17.02.2022 14:00:00;17.02.2022 15:00:00;432.33;161.47;161.47;161.47;161.47
17.02.2022 15:00:00;17.02.2022 16:00:00;665.42;156.6;156.6;156.6;156.6
17.02.2022 16:00:00;17.02.2022 17:00:00;871.96;150.43;150.43;150.43;150.43
17.02.2022 17:00:00;17.02.2022 18:00:00;1075.97;150.12;150.12;150.12;150.12
17.02.2022 18:00:00;17.02.2022 19:00:00;1092.38;146.47;146.47;146.47;146.47
17.02.2022 19:00:00;17.02.2022 20:00:00;1003.95;145.06;145.06;145.06;145.06
17.02.2022 20:00:00;17.02.2022 21:00:00;607.17;143.64;143.64;143.64;143.64
17.02.2022 21:00:00;17.02.2022 22:00:00;405.79;141.31;141.31;141.31;141.31
17.02.2022 22:00:00;17.02.2022 23:00:00;355.35;138.27;138.27;138.27;138.27
17.02.2022 23:00:00;18.02.2022 00:00:00;162.07;137.26;137.26;137.26;137.26
18.02.2022 00:00:00;18.02.2022 01:00:00;134.17;134.17;134.17;134.17;134.17
18.02.2022 01:00:00;18.02.2022 02:00:00;129.61;129.61;129.61;129.61;129.61
18.02.2022 02:00:00;18.02.2022 03:00:00;129.21;129.21;129.21;129.21;129.21
18.02.2022 03:00:00;18.02.2022 04:00:00;129.61;129.61;129.61;129.61;129.61
18.02.2022 04:00:00;18.02.2022 05:00:00;133.36;133.36;133.36;133.36;133.36
18.02.2022 05:00:00;18.02.2022 06:00:00;242.61;136.91;136.91;136.91;136.91
18.02.2022 06:00:00;18.02.2022 07:00:00;273.92;140.66;140.66;140.66;140.66
18.02.2022 07:00:00;18.02.2022 08:00:00;972.86;143.09;143.09;143.09;143.09
18.02.2022 08:00:00;18.02.2022 09:00:00;1011.87;145.52;145.52;145.52;145.52
18.02.2022 09:00:00;18.02.2022 10:00:00;1061.23;143.8;143.8;143.8;143.8
18.02.2022 10:00:00;18.02.2022 11:00:00;970.83;143.7;143.7;143.7;143.7
18.02.2022 11:00:00;18.02.2022 12:00:00;912.97;145.42;145.42;145.42;145.42
18.02.2022 12:00:00;18.02.2022 13:00:00;944.08;146.84;146.84;146.84;146.84
18.02.2022 13:00:00;18.02.2022 14:00:00;799.67;148.46;145.73;148.46;148.46
18.02.2022 14:00:00;18.02.2022 15:00:00;684.35;148.46;146.44;148.46;148.46
18.02.2022 15:00:00;18.02.2022 16:00:00;760.35;146.54;144.1;146.54;146.54
18.02.2022 16:00:00;18.02.2022 17:00:00;963.54;147.04;145.32;147.04;147.04
18.02.2022 17:00:00;18.02.2022 18:00:00;1153.65;146.03;146.03;146.03;146.03
18.02.2022 18:00:00;18.02.2022 19:00:00;1196.52;147.65;147.65;147.65;147.65
18.02.2022 19:00:00;18.02.2022 20:00:00;1177.87;150.49;144.41;150.49;150.49
18.02.2022 20:00:00;18.02.2022 21:00:00;1114.43;153.33;146.54;153.33;153.33
18.02.2022 21:00:00;18.02.2022 22:00:00;1085.45;158.9;139.75;158.9;158.9
18.02.2022 22:00:00;18.02.2022 23:00:00;1007.21;161.33;136.1;161.33;161.33
18.02.2022 23:00:00;19.02.2022 00:00:00;875.57;161.23;134.48;161.23;161.23
19.02.2022 00:00:00;19.02.2022 01:00:00;254.69;173.38;133.89;173.38;173.38
19.02.2022 01:00:00;19.02.2022 02:00:00;253.88;160.08;132.78;175.82;175.82
19.02.2022 02:00:00;19.02.2022 03:00:00;168.81;139.47;132.17;168.81;168.81
19.02.2022 03:00:00;19.02.2022 04:00:00;145.97;131.76;131.66;145.97;145.97
19.02.2022 04:00:00;19.02.2022 05:00:00;202.21;130.44;130.44;131.35;131.35
19.02.2022 05:00:00;19.02.2022 06:00:00;223.12;130.64;130.64;132.57;132.57
19.02.2022 06:00:00;19.02.2022 07:00:00;243.52;131.46;131.46;133.18;133.18
19.02.2022 07:00:00;19.02.2022 08:00:00;253.78;130.14;130.14;134.3;134.3
19.02.2022 08:00:00;19.02.2022 09:00:00;602.87;132.27;132.27;139.17;139.17
19.02.2022 09:00:00;19.02.2022 10:00:00;875.73;134.91;134.91;148.41;148.41
19.02.2022 10:00:00;19.02.2022 11:00:00;892.17;135.72;135.72;157.54;157.54
19.02.2022 11:00:00;19.02.2022 12:00:00;868.42;133.18;133.18;158.46;158.46
19.02.2022 12:00:00;19.02.2022 13:00:00;709.05;130.14;130.14;162.01;162.01
19.02.2022 13:00:00;19.02.2022 14:00:00;641.54;128.11;128.11;155.21;155.21
19.02.2022 14:00:00;19.02.2022 15:00:00;649.16;126.79;126.79;145.06;145.06
19.02.2022 15:00:00;19.02.2022 16:00:00;712.9;125.06;125.06;140.29;140.29
19.02.2022 16:00:00;19.02.2022 17:00:00;913.59;124.86;124.86;159.27;159.27
19.02.2022 17:00:00;19.02.2022 18:00:00;1014.59;126.79;126.79;161.1;161.1
19.02.2022 18:00:00;19.02.2022 19:00:00;1164.22;126.89;126.89;151.35;151.35
19.02.2022 19:00:00;19.02.2022 20:00:00;1112.55;124.86;124.86;146.28;146.28
19.02.2022 20:00:00;19.02.2022 21:00:00;964.95;122.73;122.73;142.62;142.62
19.02.2022 21:00:00;19.02.2022 22:00:00;972.16;121.81;121.81;141.81;141.81
19.02.2022 22:00:00;19.02.2022 23:00:00;931.35;121.61;121.61;143.23;143.23
19.02.2022 23:00:00;20.02.2022 00:00:00;683.16;121.3;121.3;144.25;144.25
20.02.2022 00:00:00;20.02.2022 01:00:00;355.98;120.56;120.56;150.54;150.54
20.02.2022 01:00:00;20.02.2022 02:00:00;201.98;120.56;120.56;156.24;156.24
20.02.2022 02:00:00;20.02.2022 03:00:00;205.13;121.27;121.27;163.25;163.25
20.02.2022 03:00:00;20.02.2022 04:00:00;339.61;121.88;121.88;170.77;170.77
20.02.2022 04:00:00;20.02.2022 05:00:00;508.86;126.15;126.15;176.06;176.06
20.02.2022 05:00:00;20.02.2022 06:00:00;827.64;127.98;127.98;178.3;178.3
20.02.2022 06:00:00;20.02.2022 07:00:00;793.69;130.01;130.01;179.01;179.01
20.02.2022 07:00:00;20.02.2022 08:00:00;814.02;131.33;131.33;176.97;176.97
20.02.2022 08:00:00;20.02.2022 09:00:00;897.37;129.91;129.91;178.5;178.5
20.02.2022 09:00:00;20.02.2022 10:00:00;966.29;131.54;131.54;179.31;179.31
20.02.2022 10:00:00;20.02.2022 11:00:00;998.41;135.6;135.6;182.06;182.06
20.02.2022 11:00:00;20.02.2022 12:00:00;966.6;139.26;139.26;191.51;191.51
20.02.2022 12:00:00;20.02.2022 13:00:00;896.05;142.11;142.11;198.52;198.52
20.02.2022 13:00:00;20.02.2022 14:00:00;526.55;149.02;149.02;202.08;202.08
20.02.2022 14:00:00;20.02.2022 15:00:00;537.43;166.2;166.2;205.54;205.54
20.02.2022 15:00:00;20.02.2022 16:00:00;673.13;169.66;169.66;205.44;205.44
20.02.2022 16:00:00;20.02.2022 17:00:00;742.36;162.44;162.44;202.08;202.08
20.02.2022 17:00:00;20.02.2022 18:00:00;884.77;146.89;146.89;201.57;201.57
20.02.2022 18:00:00;20.02.2022 19:00:00;957.85;140.07;140.07;196.39;196.39
20.02.2022 19:00:00;20.02.2022 20:00:00;860.68;134.18;134.18;193.03;193.03
20.02.2022 20:00:00;20.02.2022 21:00:00;879.99;130.62;130.62;190.19;190.19
20.02.2022 21:00:00;20.02.2022 22:00:00;966.19;128.38;128.38;156.44;156.44
20.02.2022 22:00:00;20.02.2022 23:00:00;887.41;123.4;123.4;176.97;176.97
20.02.2022 23:00:00;21.02.2022 00:00:00;707.79;121.88;121.88;148.61;148.61
21.02.2022 00:00:00;21.02.2022 01:00:00;458.34;121.78;121.78;128.59;128.59
21.02.2022 01:00:00;21.02.2022 02:00:00;406.7;121.57;121.57;121.57;121.57
21.02.2022 02:00:00;21.02.2022 03:00:00;323.96;121.78;121.78;122.18;122.18
21.02.2022 03:00:00;21.02.2022 04:00:00;414.43;121.68;121.68;121.68;121.68
21.02.2022 04:00:00;21.02.2022 05:00:00;484.06;123.1;123.1;123.1;123.1
21.02.2022 05:00:00;21.02.2022 06:00:00;699.36;129.1;129.1;146.07;146.07
21.02.2022 06:00:00;21.02.2022 07:00:00;991.81;138.24;138.24;168.54;168.54
21.02.2022 07:00:00;21.02.2022 08:00:00;1084.51;143.43;143.43;161.22;161.22
21.02.2022 08:00:00;21.02.2022 09:00:00;1118.77;154.81;154.81;160.61;160.61
21.02.2022 09:00:00;21.02.2022 10:00:00;1118.56;155.93;155.93;159.79;159.79
21.02.2022 10:00:00;21.02.2022 11:00:00;1118.06;152.37;152.37;162.84;162.84
21.02.2022 11:00:00;21.02.2022 12:00:00;1067.43;160.4;160.4;164.67;164.67
21.02.2022 12:00:00;21.02.2022 13:00:00;935.39;168.84;168.84;168.84;168.84
21.02.2022 13:00:00;21.02.2022 14:00:00;1015.49;170.67;170.67;170.67;170.67
21.02.2022 14:00:00;21.02.2022 15:00:00;1066.52;170.47;170.47;170.47;170.47
21.02.2022 15:00:00;21.02.2022 16:00:00;1079.12;171.69;171.69;171.69;171.69
21.02.2022 16:00:00;21.02.2022 17:00:00;1026.47;170.77;170.77;170.77;170.77
21.02.2022 17:00:00;21.02.2022 18:00:00;1167.86;172.7;172.7;172.7;172.7
21.02.2022 18:00:00;21.02.2022 19:00:00;1188.8;182.06;182.06;182.06;182.06
21.02.2022 19:00:00;21.02.2022 20:00:00;1016.1;182.06;182.06;182.06;182.06
21.02.2022 20:00:00;21.02.2022 21:00:00;508.76;187.55;187.55;187.55;187.55
21.02.2022 21:00:00;21.02.2022 22:00:00;385.15;192.53;192.53;192.53;192.53
21.02.2022 22:00:00;21.02.2022 23:00:00;221.5;171.89;171.89;171.89;171.89
21.02.2022 23:00:00;22.02.2022 00:00:00;172.09;164.27;164.27;164.27;164.27
22.02.2022 00:00:00;22.02.2022 01:00:00;356.7;203.31;203.31;203.31;203.31
22.02.2022 01:00:00;22.02.2022 02:00:00;305.98;203.71;203.71;203.71;203.71
22.02.2022 02:00:00;22.02.2022 03:00:00;345.6;203.51;203.51;203.51;203.51
22.02.2022 03:00:00;22.02.2022 04:00:00;509.39;202.39;202.39;202.39;202.39
22.02.2022 04:00:00;22.02.2022 05:00:00;570.7;203.2;203.2;203.2;203.2
22.02.2022 05:00:00;22.02.2022 06:00:00;923.94;202.19;202.19;202.19;202.19
22.02.2022 06:00:00;22.02.2022 07:00:00;1200.49;251.38;251.38;251.38;251.38
22.02.2022 07:00:00;22.02.2022 08:00:00;1303.26;1303.26;1303.26;1303.26;1303.26
22.02.2022 08:00:00;22.02.2022 09:00:00;2103.45;2103.45;2103.45;2103.45;2103.45
22.02.2022 09:00:00;22.02.2022 10:00:00;1836.18;1836.18;1836.18;1836.18;1836.18
22.02.2022 10:00:00;22.02.2022 11:00:00;1467.56;1467.56;1467.56;1467.56;1467.56
22.02.2022 11:00:00;22.02.2022 12:00:00;1375.48;1375.48;1375.48;1375.48;1375.48
22.02.2022 12:00:00;22.02.2022 13:00:00;1235.02;1235.02;1235.02;1235.02;1235.02
22.02.2022 13:00:00;22.02.2022 14:00:00;1198.45;1198.45;1198.45;1198.45;1198.45
22.02.2022 14:00:00;22.02.2022 15:00:00;1210.77;208.5;208.5;1210.77;1210.77
22.02.2022 15:00:00;22.02.2022 16:00:00;1276.17;167.76;167.76;1276.17;1276.17
22.02.2022 16:00:00;22.02.2022 17:00:00;1392.39;166.33;166.33;961.43;961.43
22.02.2022 17:00:00;22.02.2022 18:00:00;1580.92;155.64;155.64;976.2;976.2
22.02.2022 18:00:00;22.02.2022 19:00:00;1656.4;155.94;155.94;728.18;728.18
22.02.2022 19:00:00;22.02.2022 20:00:00;1413.98;151.97;151.97;509.29;509.29
22.02.2022 20:00:00;22.02.2022 21:00:00;1198.45;156.04;156.04;352.73;352.73
22.02.2022 21:00:00;22.02.2022 22:00:00;1126.13;152.38;152.38;314.23;314.23
22.02.2022 22:00:00;22.02.2022 23:00:00;1104.33;142.5;142.5;218.38;218.38
22.02.2022 23:00:00;23.02.2022 00:00:00;933.32;135.57;135.57;202.49;202.49
23.02.2022 00:00:00;23.02.2022 01:00:00;989.1;140.55;140.55;185.88;185.88
23.02.2022 01:00:00;23.02.2022 02:00:00;1003.63;129.75;129.75;181.64;181.64
23.02.2022 02:00:00;23.02.2022 03:00:00;922.46;122.27;122.27;182.65;182.65
23.02.2022 03:00:00;23.02.2022 04:00:00;891.96;120.56;120.56;180.63;180.63
23.02.2022 04:00:00;23.02.2022 05:00:00;982.63;120.36;120.36;179.32;179.32
23.02.2022 05:00:00;23.02.2022 06:00:00;1211.63;119.75;119.75;178.41;178.41
23.02.2022 06:00:00;23.02.2022 07:00:00;1296.65;120.66;120.66;201.03;201.03
23.02.2022 07:00:00;23.02.2022 08:00:00;1413.67;124.39;124.39;203.96;203.96
23.02.2022 08:00:00;23.02.2022 09:00:00;2157.51;135.6;135.6;214.46;214.46
23.02.2022 09:00:00;23.02.2022 10:00:00;1276.66;139.24;139.24;202.14;202.14
23.02.2022 10:00:00;23.02.2022 11:00:00;1119.55;139.84;139.84;201.84;201.84
23.02.2022 11:00:00;23.02.2022 12:00:00;1130.15;137.02;137.02;211.23;211.23
23.02.2022 12:00:00;23.02.2022 13:00:00;1110.16;136.01;136.01;201.03;201.03
23.02.2022 13:00:00;23.02.2022 14:00:00;1065.73;128.84;128.84;194.26;194.26
23.02.2022 14:00:00;23.02.2022 15:00:00;1018.78;126.51;126.51;174.17;174.17
23.02.2022 15:00:00;23.02.2022 16:00:00;1102.58;122.07;122.07;151.66;151.66
23.02.2022 16:00:00;23.02.2022 17:00:00;1144.79;121.87;121.87;145.19;145.19
23.02.2022 17:00:00;23.02.2022 18:00:00;1166.09;122.07;122.07;139.34;139.34
23.02.2022 18:00:00;23.02.2022 19:00:00;1164.48;121.97;121.97;136.01;136.01
23.02.2022 19:00:00;23.02.2022 20:00:00;1126.01;120.66;120.66;132.17;132.17
23.02.2022 20:00:00;23.02.2022 21:00:00;660.54;120.56;120.56;129.24;129.24
23.02.2022 21:00:00;23.02.2022 22:00:00;354.1;120.56;120.56;126.21;126.21
23.02.2022 22:00:00;23.02.2022 23:00:00;354.4;118.64;118.64;118.64;118.64
23.02.2022 23:00:00;24.02.2022 00:00:00;115.21;115.21;115.21;115.21;115.21
24.02.2022 00:00:00;24.02.2022 01:00:00;117.51;117.51;117.51;117.51;117.51
24.02.2022 01:00:00;24.02.2022 02:00:00;110.98;110.98;110.98;110.98;110.98
24.02.2022 02:00:00;24.02.2022 03:00:00;108.88;108.88;108.88;108.88;108.88
24.02.2022 03:00:00;24.02.2022 04:00:00;110.48;110.48;110.48;110.48;110.48
24.02.2022 04:00:00;24.02.2022 05:00:00;120.92;120.92;120.92;120.92;120.92
24.02.2022 05:00:00;24.02.2022 06:00:00;129.55;129.55;129.55;129.55;129.55
24.02.2022 06:00:00;24.02.2022 07:00:00;138.18;138.18;138.18;138.18;138.18
24.02.2022 07:00:00;24.02.2022 08:00:00;664.59;143.5;143.5;143.5;143.5
24.02.2022 08:00:00;24.02.2022 09:00:00;903.62;145.1;145.1;145.1;145.1
24.02.2022 09:00:00;24.02.2022 10:00:00;803.77;145;145;145;145
24.02.2022 10:00:00;24.02.2022 11:00:00;953.39;143.9;143.9;143.9;143.9
24.02.2022 11:00:00;24.02.2022 12:00:00;578;141.69;141.69;141.69;141.69
24.02.2022 12:00:00;24.02.2022 13:00:00;590.54;139.68;139.68;139.68;139.68
24.02.2022 13:00:00;24.02.2022 14:00:00;614.32;138.88;138.88;138.88;138.88
24.02.2022 14:00:00;24.02.2022 15:00:00;1017.31;138.28;138.28;138.28;138.28
24.02.2022 15:00:00;24.02.2022 16:00:00;1096.28;137.57;137.57;137.57;137.57
24.02.2022 16:00:00;24.02.2022 17:00:00;1113.85;137.07;137.07;137.07;137.07
24.02.2022 17:00:00;24.02.2022 18:00:00;1274.5;137.07;137.07;137.07;137.07
24.02.2022 18:00:00;24.02.2022 19:00:00;1278.11;137.27;137.27;137.27;137.27
24.02.2022 19:00:00;24.02.2022 20:00:00;689.28;136.77;136.77;136.77;136.77
24.02.2022 20:00:00;24.02.2022 21:00:00;415.63;136.77;136.77;136.77;136.77
24.02.2022 21:00:00;24.02.2022 22:00:00;607.2;136.97;136.97;136.97;136.97
24.02.2022 22:00:00;24.02.2022 23:00:00;441.62;134.26;134.26;134.26;134.26
24.02.2022 23:00:00;25.02.2022 00:00:00;160.05;135.47;135.47;135.47;135.47
25.02.2022 00:00:00;25.02.2022 01:00:00;161.72;143.69;143.69;143.69;143.69
25.02.2022 01:00:00;25.02.2022 02:00:00;161.83;147.03;147.03;147.03;147.03
25.02.2022 02:00:00;25.02.2022 03:00:00;161.32;149.77;149.77;149.77;149.77
25.02.2022 03:00:00;25.02.2022 04:00:00;161.83;151.9;151.9;151.9;151.9
25.02.2022 04:00:00;25.02.2022 05:00:00;209.55;152.4;152.4;152.4;152.4
25.02.2022 05:00:00;25.02.2022 06:00:00;659.06;150.27;150.27;150.27;150.27
25.02.2022 06:00:00;25.02.2022 07:00:00;1113.93;156.15;155.44;156.15;156.15
25.02.2022 07:00:00;25.02.2022 08:00:00;1271.91;156.56;156.56;156.56;156.56
25.02.2022 08:00:00;25.02.2022 09:00:00;1266.84;154.94;154.94;154.94;154.94
25.02.2022 09:00:00;25.02.2022 10:00:00;1085.87;152;152;152;152
25.02.2022 10:00:00;25.02.2022 11:00:00;996.9;149.56;149.56;149.56;149.56
25.02.2022 11:00:00;25.02.2022 12:00:00;1015.85;149.77;149.77;149.77;149.77
25.02.2022 12:00:00;25.02.2022 13:00:00;911.27;146.93;146.93;146.93;146.93
25.02.2022 13:00:00;25.02.2022 14:00:00;983.62;144.6;144.6;144.6;144.6
25.02.2022 14:00:00;25.02.2022 15:00:00;949.17;141.15;141.15;141.15;141.15
25.02.2022 15:00:00;25.02.2022 16:00:00;998.31;139.43;139.43;139.43;139.43
25.02.2022 16:00:00;25.02.2022 17:00:00;1211.31;139.23;139.23;139.23;139.23
25.02.2022 17:00:00;25.02.2022 18:00:00;1323.28;140.14;140.14;140.14;140.14
25.02.2022 18:00:00;25.02.2022 19:00:00;1359.66;141.66;141.66;141.66;141.66
25.02.2022 19:00:00;25.02.2022 20:00:00;628.56;141.76;141.76;141.76;141.76
25.02.2022 20:00:00;25.02.2022 21:00:00;376.34;141.66;141.66;141.66;141.66
25.02.2022 21:00:00;25.02.2022 22:00:00;507.57;141.86;141.86;141.86;141.86
25.02.2022 22:00:00;25.02.2022 23:00:00;506.96;139.33;139.33;139.33;139.33
25.02.2022 23:00:00;26.02.2022 00:00:00;162.13;139.94;139.94;139.94;139.94
26.02.2022 00:00:00;26.02.2022 01:00:00;140.95;140.95;140.95;140.95;140.95
26.02.2022 01:00:00;26.02.2022 02:00:00;141.76;141.76;141.76;141.76;141.76
26.02.2022 02:00:00;26.02.2022 03:00:00;143.96;143.96;143.96;143.96;143.96
26.02.2022 03:00:00;26.02.2022 04:00:00;145.26;145.26;145.26;145.26;145.26
26.02.2022 04:00:00;26.02.2022 05:00:00;169.49;147.56;147.56;147.56;147.56
26.02.2022 05:00:00;26.02.2022 06:00:00;179.6;148.36;148.36;148.36;148.36
26.02.2022 06:00:00;26.02.2022 07:00:00;199.42;149.56;149.56;154.67;154.67
26.02.2022 07:00:00;26.02.2022 08:00:00;199.92;147.96;147.96;162.58;162.58
26.02.2022 08:00:00;26.02.2022 09:00:00;601.16;145.46;145.46;181.9;181.9
26.02.2022 09:00:00;26.02.2022 10:00:00;781.15;145.96;145.96;184.8;184.8
26.02.2022 10:00:00;26.02.2022 11:00:00;1100.3;145.46;145.46;187.51;187.51
26.02.2022 11:00:00;26.02.2022 12:00:00;1100.9;144.66;144.66;188.41;188.41
26.02.2022 12:00:00;26.02.2022 13:00:00;1101.1;144.26;144.26;177.49;177.49
26.02.2022 13:00:00;26.02.2022 14:00:00;1200.41;144.06;144.06;159.87;159.87
26.02.2022 14:00:00;26.02.2022 15:00:00;1246.16;144.16;144.16;149.56;149.56
26.02.2022 15:00:00;26.02.2022 16:00:00;1382.31;143.46;143.46;143.46;143.46
26.02.2022 16:00:00;26.02.2022 17:00:00;1412.55;141.76;141.76;141.76;141.76
26.02.2022 17:00:00;26.02.2022 18:00:00;1458.5;140.95;140.95;140.95;140.95
26.02.2022 18:00:00;26.02.2022 19:00:00;1449.79;140.85;140.85;140.85;140.85
26.02.2022 19:00:00;26.02.2022 20:00:00;1100.9;140.15;140.15;140.15;140.15
26.02.2022 20:00:00;26.02.2022 21:00:00;626.69;139.45;139.45;139.45;139.45
26.02.2022 21:00:00;26.02.2022 22:00:00;656.32;139.55;139.55;139.55;139.55
26.02.2022 22:00:00;26.02.2022 23:00:00;399.44;139.75;139.75;139.75;139.75
26.02.2022 23:00:00;27.02.2022 00:00:00;172.59;140.65;140.65;140.65;140.65
27.02.2022 00:00:00;27.02.2022 01:00:00;140.88;140.88;140.88;140.88;140.88
27.02.2022 01:00:00;27.02.2022 02:00:00;139.78;139.78;139.78;139.78;139.78
27.02.2022 02:00:00;27.02.2022 03:00:00;139.48;139.48;139.48;139.48;139.48
27.02.2022 03:00:00;27.02.2022 04:00:00;140.28;140.28;140.28;140.28;140.28
27.02.2022 04:00:00;27.02.2022 05:00:00;141.88;141.88;141.28;141.88;141.88
27.02.2022 05:00:00;27.02.2022 06:00:00;141.88;141.88;141.28;141.88;141.88
27.02.2022 06:00:00;27.02.2022 07:00:00;146.68;142.38;141.48;142.38;142.38
27.02.2022 07:00:00;27.02.2022 08:00:00;199.73;141.38;141.38;141.38;141.38
27.02.2022 08:00:00;27.02.2022 09:00:00;392.47;141.88;141.88;141.88;141.88
27.02.2022 09:00:00;27.02.2022 10:00:00;499.98;142.88;142.88;142.88;142.88
27.02.2022 10:00:00;27.02.2022 11:00:00;564.52;144.38;143.48;144.38;144.38
27.02.2022 11:00:00;27.02.2022 12:00:00;492.18;146.38;143.38;146.38;146.38
27.02.2022 12:00:00;27.02.2022 13:00:00;199.73;145.68;142.98;148.07;148.07
27.02.2022 13:00:00;27.02.2022 14:00:00;150.37;144.08;142.58;145.68;145.68
27.02.2022 14:00:00;27.02.2022 15:00:00;140.08;140.08;140.08;140.08;140.08
27.02.2022 15:00:00;27.02.2022 16:00:00;137.28;137.28;137.28;137.28;137.28
27.02.2022 16:00:00;27.02.2022 17:00:00;186.44;135.49;135.49;135.49;135.49
27.02.2022 17:00:00;27.02.2022 18:00:00;209.82;134.39;134.39;134.39;134.39
27.02.2022 18:00:00;27.02.2022 19:00:00;474.5;136.58;136.58;136.58;136.58
27.02.2022 19:00:00;27.02.2022 20:00:00;397.56;136.78;136.78;136.78;136.78
27.02.2022 20:00:00;27.02.2022 21:00:00;425.54;137.78;137.78;137.78;137.78
27.02.2022 21:00:00;27.02.2022 22:00:00;599.19;139.48;139.48;139.48;139.48
27.02.2022 22:00:00;27.02.2022 23:00:00;446.22;141.98;141.98;141.98;141.98
27.02.2022 23:00:00;28.02.2022 00:00:00;149.47;144.78;143.48;144.78;144.78
28.02.2022 00:00:00;28.02.2022 01:00:00;137.58;137.58;137.58;137.58;137.58
28.02.2022 01:00:00;28.02.2022 02:00:00;138.38;138.38;138.38;138.38;138.38
28.02.2022 02:00:00;28.02.2022 03:00:00;139.88;139.88;139.38;139.88;139.88
28.02.2022 03:00:00;28.02.2022 04:00:00;142.78;142.78;139.18;142.78;142.78
28.02.2022 04:00:00;28.02.2022 05:00:00;249.69;143.58;139.28;143.58;143.58
28.02.2022 05:00:00;28.02.2022 06:00:00;914.93;142.68;139.78;142.68;142.68
28.02.2022 06:00:00;28.02.2022 07:00:00;1437.68;147.97;144.58;147.97;147.97
28.02.2022 07:00:00;28.02.2022 08:00:00;1503.03;149.97;148.37;149.97;149.97
28.02.2022 08:00:00;28.02.2022 09:00:00;1752.22;161.06;144.18;161.06;161.06
28.02.2022 09:00:00;28.02.2022 10:00:00;1553.89;164.26;146.08;164.26;164.26
28.02.2022 10:00:00;28.02.2022 11:00:00;1498.93;174.75;141.78;174.75;174.75
28.02.2022 11:00:00;28.02.2022 12:00:00;1419.4;184.14;146.18;184.14;184.14
28.02.2022 12:00:00;28.02.2022 13:00:00;1369.74;179.65;147.18;179.65;179.65
28.02.2022 13:00:00;28.02.2022 14:00:00;1345.96;167.36;146.68;167.36;167.36
28.02.2022 14:00:00;28.02.2022 15:00:00;1376.24;156.37;147.28;156.37;156.37
28.02.2022 15:00:00;28.02.2022 16:00:00;999.16;149.07;147.48;149.07;149.07
28.02.2022 16:00:00;28.02.2022 17:00:00;1098.67;146.88;146.88;146.88;146.88
28.02.2022 17:00:00;28.02.2022 18:00:00;1438.78;146.48;146.48;146.48;146.48
28.02.2022 18:00:00;28.02.2022 19:00:00;1342.86;145.88;145.88;145.88;145.88
28.02.2022 19:00:00;28.02.2022 20:00:00;950;145.08;145.08;145.08;145.08
28.02.2022 20:00:00;28.02.2022 21:00:00;651.25;144.68;144.68;144.68;144.68
28.02.2022 21:00:00;28.02.2022 22:00:00;500.18;143.38;143.38;143.38;143.38
28.02.2022 22:00:00;28.02.2022 23:00:00;241.9;139.98;139.98;139.98;139.98
28.02.2022 23:00:00;01.03.2022 00:00:00;137.28;137.28;137.28;137.28;137.28
01.03.2022 00:00:00;01.03.2022 01:00:00;136.12;136.12;136.12;136.12;136.12
01.03.2022 01:00:00;01.03.2022 02:00:00;134.73;134.73;134.73;134.73;134.73
01.03.2022 02:00:00;01.03.2022 03:00:00;133.43;133.43;133.43;133.43;133.43
01.03.2022 03:00:00;01.03.2022 04:00:00;132.93;132.93;132.93;132.93;132.93
01.03.2022 04:00:00;01.03.2022 05:00:00;134.83;134.83;134.83;134.83;134.83
01.03.2022 05:00:00;01.03.2022 06:00:00;336.02;134.43;134.43;134.43;134.43
01.03.2022 06:00:00;01.03.2022 07:00:00;1007.06;137.02;137.02;137.02;137.02
01.03.2022 07:00:00;01.03.2022 08:00:00;1095.95;139.11;139.11;139.11;139.11
01.03.2022 08:00:00;01.03.2022 09:00:00;996.1;140.41;140.41;140.41;140.41
01.03.2022 09:00:00;01.03.2022 10:00:00;1046.72;141.6;141.6;141.6;141.6
01.03.2022 10:00:00;01.03.2022 11:00:00;1095.95;142.6;142.6;142.6;142.6
01.03.2022 11:00:00;01.03.2022 12:00:00;997.29;143.6;143.6;143.6;143.6
01.03.2022 12:00:00;01.03.2022 13:00:00;901.93;143.69;143.69;143.69;143.69
01.03.2022 13:00:00;01.03.2022 14:00:00;679.91;143.3;143.3;143.3;143.3
01.03.2022 14:00:00;01.03.2022 15:00:00;627.89;142.2;142.2;142.2;142.2
01.03.2022 15:00:00;01.03.2022 16:00:00;801.58;139.11;139.11;139.11;139.11
01.03.2022 16:00:00;01.03.2022 17:00:00;997.39;136.92;136.92;136.92;136.92
01.03.2022 17:00:00;01.03.2022 18:00:00;1096.15;134.53;134.53;134.53;134.53
01.03.2022 18:00:00;01.03.2022 19:00:00;1095.75;134.23;134.23;134.23;134.23
01.03.2022 19:00:00;01.03.2022 20:00:00;887.78;133.23;133.23;133.23;133.23
01.03.2022 20:00:00;01.03.2022 21:00:00;555.55;132.43;132.43;132.43;132.43
01.03.2022 21:00:00;01.03.2022 22:00:00;831.78;131.54;131.54;131.54;131.54
01.03.2022 22:00:00;01.03.2022 23:00:00;841.44;126.36;126.36;126.36;126.36
01.03.2022 23:00:00;02.03.2022 00:00:00;211.26;123.47;123.47;123.47;123.47
02.03.2022 00:00:00;02.03.2022 01:00:00;118.06;113.33;113.33;113.33;113.33
02.03.2022 01:00:00;02.03.2022 02:00:00;111.75;111.75;111.75;111.75;111.75
02.03.2022 02:00:00;02.03.2022 03:00:00;111.26;111.26;111.26;111.26;111.26
02.03.2022 03:00:00;02.03.2022 04:00:00;111.55;111.55;111.55;111.55;111.55
02.03.2022 04:00:00;02.03.2022 05:00:00;191.35;116.39;116.39;116.39;116.39
02.03.2022 05:00:00;02.03.2022 06:00:00;778.6;116.29;116.29;116.29;116.29
02.03.2022 06:00:00;02.03.2022 07:00:00;894.4;130.69;130.69;130.69;130.69
02.03.2022 07:00:00;02.03.2022 08:00:00;849.03;133.75;133.75;133.75;133.75
02.03.2022 08:00:00;02.03.2022 09:00:00;838.08;134.53;134.53;134.53;134.53
02.03.2022 09:00:00;02.03.2022 10:00:00;868.06;135.03;135.03;135.03;135.03
02.03.2022 10:00:00;02.03.2022 11:00:00;892.53;136.01;136.01;136.01;136.01
02.03.2022 11:00:00;02.03.2022 12:00:00;1084.17;136.9;136.9;136.9;136.9
02.03.2022 12:00:00;02.03.2022 13:00:00;1022.33;137;137;137;137
02.03.2022 13:00:00;02.03.2022 14:00:00;900.71;136.8;136.8;136.8;136.8
02.03.2022 14:00:00;02.03.2022 15:00:00;691.22;136.7;136.7;136.7;136.7
02.03.2022 15:00:00;02.03.2022 16:00:00;746.55;137.59;137.59;137.59;137.59
02.03.2022 16:00:00;02.03.2022 17:00:00;936.42;137.79;137.79;137.79;137.79
02.03.2022 17:00:00;02.03.2022 18:00:00;1191.38;138.78;138.78;138.78;138.78
02.03.2022 18:00:00;02.03.2022 19:00:00;1235.47;138.09;138.09;138.09;138.09
02.03.2022 19:00:00;02.03.2022 20:00:00;561.42;138.78;138.78;138.78;138.78
02.03.2022 20:00:00;02.03.2022 21:00:00;529.56;139.56;139.56;139.56;139.56
02.03.2022 21:00:00;02.03.2022 22:00:00;658.77;139.86;139.86;139.86;139.86
02.03.2022 22:00:00;02.03.2022 23:00:00;542.58;139.17;137.59;137.59;137.59
02.03.2022 23:00:00;03.03.2022 00:00:00;213.14;138.68;137.1;137.1;137.1
03.03.2022 00:00:00;03.03.2022 01:00:00;137.71;137.71;137.71;137.71;137.71
03.03.2022 01:00:00;03.03.2022 02:00:00;138.6;138.6;138.6;138.6;138.6
03.03.2022 02:00:00;03.03.2022 03:00:00;139.68;139.68;139.68;139.68;139.68
03.03.2022 03:00:00;03.03.2022 04:00:00;140.97;140.97;140.97;140.97;140.97
03.03.2022 04:00:00;03.03.2022 05:00:00;306.65;143.04;143.04;143.04;143.04
03.03.2022 05:00:00;03.03.2022 06:00:00;497.35;145.22;145.22;145.22;145.22
03.03.2022 06:00:00;03.03.2022 07:00:00;544.3;164.69;149.96;164.69;164.69
03.03.2022 07:00:00;03.03.2022 08:00:00;771.57;180.21;158.76;180.21;180.21
03.03.2022 08:00:00;03.03.2022 09:00:00;987.08;188.82;160.64;188.82;188.82
03.03.2022 09:00:00;03.03.2022 10:00:00;1086.83;196.62;160.74;196.62;196.62
03.03.2022 10:00:00;03.03.2022 11:00:00;1086.53;213.63;148.09;213.63;213.63
03.03.2022 11:00:00;03.03.2022 12:00:00;938.44;217.09;157.48;217.09;217.09
03.03.2022 12:00:00;03.03.2022 13:00:00;814.08;214.42;154.81;234.29;234.29
03.03.2022 13:00:00;03.03.2022 14:00:00;744.19;213.63;156.29;284.21;284.21
03.03.2022 14:00:00;03.03.2022 15:00:00;715.03;209.48;156.59;295.48;295.48
03.03.2022 15:00:00;03.03.2022 16:00:00;772.76;193.26;159.46;376.84;376.84
03.03.2022 16:00:00;03.03.2022 17:00:00;890.4;190.3;162.12;222.62;222.62
03.03.2022 17:00:00;03.03.2022 18:00:00;1087.22;189.11;164.4;209.67;209.67
03.03.2022 18:00:00;03.03.2022 19:00:00;1185.68;187.33;159.16;204.73;204.73
03.03.2022 19:00:00;03.03.2022 20:00:00;1087.02;190;159.06;209.18;209.18
03.03.2022 20:00:00;03.03.2022 21:00:00;939.13;185.26;159.65;214.52;214.52
03.03.2022 21:00:00;03.03.2022 22:00:00;1086.92;209.67;158.47;230.53;230.53
03.03.2022 22:00:00;03.03.2022 23:00:00;1087.32;195.04;156.39;197.22;197.22
03.03.2022 23:00:00;04.03.2022 00:00:00;1086.53;179.62;152.73;209.58;209.58
04.03.2022 00:00:00;04.03.2022 01:00:00;1184.06;165.3;160.96;230.24;230.24
04.03.2022 01:00:00;04.03.2022 02:00:00;1184.06;163.53;159.97;245.93;245.93
04.03.2022 02:00:00;04.03.2022 03:00:00;1183.37;161.55;159.38;246.72;246.72
04.03.2022 03:00:00;04.03.2022 04:00:00;1183.96;159.97;159.68;246.52;246.52
04.03.2022 04:00:00;04.03.2022 05:00:00;1336.04;160.37;160.07;247.11;247.11
04.03.2022 05:00:00;04.03.2022 06:00:00;1734.64;162.74;161.55;226.29;226.29
04.03.2022 06:00:00;04.03.2022 07:00:00;1978.1;170.63;169.84;403.53;403.53
04.03.2022 07:00:00;04.03.2022 08:00:00;4046.2;180.6;180.4;377.97;377.97
04.03.2022 08:00:00;04.03.2022 09:00:00;4046.7;201.72;180.01;314.32;314.32
04.03.2022 09:00:00;04.03.2022 10:00:00;3709.88;204.09;180.4;235.17;235.17
04.03.2022 10:00:00;04.03.2022 11:00:00;1954.02;200.24;180.2;234.09;234.09
04.03.2022 11:00:00;04.03.2022 12:00:00;1864.91;184.25;178.03;237.25;237.25
04.03.2022 12:00:00;04.03.2022 13:00:00;1791.97;174.78;174.78;243.96;243.96
04.03.2022 13:00:00;04.03.2022 14:00:00;1746.09;170.53;170.53;235.17;235.17
04.03.2022 14:00:00;04.03.2022 15:00:00;1733.75;166.98;166.98;230.34;230.34
04.03.2022 15:00:00;04.03.2022 16:00:00;1727.53;164.41;164.41;225.5;225.5
04.03.2022 16:00:00;04.03.2022 17:00:00;1742.83;161.55;161.55;228.36;228.36
04.03.2022 17:00:00;04.03.2022 18:00:00;1984.91;159.38;159.38;209.02;209.02
04.03.2022 18:00:00;04.03.2022 19:00:00;2376.31;157.9;157.9;183.26;183.26
04.03.2022 19:00:00;04.03.2022 20:00:00;1968.63;156.62;156.62;172.31;172.31
04.03.2022 20:00:00;04.03.2022 21:00:00;1798.78;155.53;155.53;168.36;168.36
04.03.2022 21:00:00;04.03.2022 22:00:00;1632;156.03;156.03;172.8;172.8
04.03.2022 22:00:00;04.03.2022 23:00:00;1543.97;153.56;153.56;153.56;153.56
04.03.2022 23:00:00;05.03.2022 00:00:00;1085.17;151.19;151.19;151.19;151.19
05.03.2022 00:00:00;05.03.2022 01:00:00;1162.17;159.28;159.28;159.28;159.28
05.03.2022 01:00:00;05.03.2022 02:00:00;860.61;157.8;157.8;157.8;157.8
05.03.2022 02:00:00;05.03.2022 03:00:00;668.14;156.33;156.33;156.33;156.33
05.03.2022 03:00:00;05.03.2022 04:00:00;598.91;154.37;154.37;154.37;154.37
05.03.2022 04:00:00;05.03.2022 05:00:00;625.62;152.89;152.89;152.89;152.89
05.03.2022 05:00:00;05.03.2022 06:00:00;718.51;150.14;150.14;150.14;150.14
05.03.2022 06:00:00;05.03.2022 07:00:00;605.29;147.59;147.59;147.59;147.59
05.03.2022 07:00:00;05.03.2022 08:00:00;639.56;148.38;148.38;148.38;148.38
05.03.2022 08:00:00;05.03.2022 09:00:00;661.17;151.81;151.81;151.81;151.81
05.03.2022 09:00:00;05.03.2022 10:00:00;700.44;152.8;152.8;152.8;152.8
05.03.2022 10:00:00;05.03.2022 11:00:00;755.83;150.24;150.24;150.24;150.24
05.03.2022 11:00:00;05.03.2022 12:00:00;702.9;149.16;149.16;149.16;149.16
05.03.2022 12:00:00;05.03.2022 13:00:00;752.88;147.1;147.1;147.1;147.1
05.03.2022 13:00:00;05.03.2022 14:00:00;686.99;146.31;146.31;146.31;146.31
05.03.2022 14:00:00;05.03.2022 15:00:00;587.12;145.43;145.43;145.43;145.43
05.03.2022 15:00:00;05.03.2022 16:00:00;694.26;144.45;144.45;144.45;144.45
05.03.2022 16:00:00;05.03.2022 17:00:00;1079.39;143.57;143.57;143.57;143.57
05.03.2022 17:00:00;05.03.2022 18:00:00;1157.65;142.58;142.58;142.58;142.58
05.03.2022 18:00:00;05.03.2022 19:00:00;1133.2;140.72;140.72;140.72;140.72
05.03.2022 19:00:00;05.03.2022 20:00:00;1079.98;138.95;138.95;138.95;138.95
05.03.2022 20:00:00;05.03.2022 21:00:00;868.95;137.38;137.38;137.38;137.38
05.03.2022 21:00:00;05.03.2022 22:00:00;1177.59;135.71;135.71;135.71;135.71
05.03.2022 22:00:00;05.03.2022 23:00:00;1051.7;130.9;130.9;130.9;130.9
05.03.2022 23:00:00;06.03.2022 00:00:00;728.04;126.38;126.38;126.38;126.38
06.03.2022 00:00:00;06.03.2022 01:00:00;508.03;132.28;132.28;132.28;132.28
06.03.2022 01:00:00;06.03.2022 02:00:00;341.19;134.23;134.23;134.23;134.23
06.03.2022 02:00:00;06.03.2022 03:00:00;293.75;134.82;134.82;134.82;134.82
06.03.2022 03:00:00;06.03.2022 04:00:00;318.93;134.23;134.23;134.23;134.23
06.03.2022 04:00:00;06.03.2022 05:00:00;419.49;134.82;134.82;134.82;134.82
06.03.2022 05:00:00;06.03.2022 06:00:00;385.42;132.28;132.28;132.28;132.28
06.03.2022 06:00:00;06.03.2022 07:00:00;394.2;135.99;135.99;135.99;135.99
06.03.2022 07:00:00;06.03.2022 08:00:00;585.93;136.97;136.97;136.97;136.97
06.03.2022 08:00:00;06.03.2022 09:00:00;659.35;138.53;138.53;138.53;138.53
06.03.2022 09:00:00;06.03.2022 10:00:00;878.51;139.31;139.31;139.31;139.31
06.03.2022 10:00:00;06.03.2022 11:00:00;684.24;139.11;139.11;139.11;139.11
06.03.2022 11:00:00;06.03.2022 12:00:00;586.23;137.94;137.94;137.94;137.94
06.03.2022 12:00:00;06.03.2022 13:00:00;477.67;134.04;134.04;134.04;134.04
06.03.2022 13:00:00;06.03.2022 14:00:00;330.65;133.16;133.16;133.16;133.16
06.03.2022 14:00:00;06.03.2022 15:00:00;244.84;133.16;133.16;133.16;133.16
06.03.2022 15:00:00;06.03.2022 16:00:00;337.68;135.89;135.89;135.89;135.89
06.03.2022 16:00:00;06.03.2022 17:00:00;491.14;137.36;137.36;137.36;137.36
06.03.2022 17:00:00;06.03.2022 18:00:00;1269.1;138.43;138.43;138.43;138.43
06.03.2022 18:00:00;06.03.2022 19:00:00;1269.88;139.6;139.6;139.6;139.6
06.03.2022 19:00:00;06.03.2022 20:00:00;975.65;140.38;140.38;140.38;140.38
06.03.2022 20:00:00;06.03.2022 21:00:00;680.14;140.87;140.87;140.87;140.87
06.03.2022 21:00:00;06.03.2022 22:00:00;887.88;141.94;141.94;141.94;141.94
06.03.2022 22:00:00;06.03.2022 23:00:00;759.02;143.02;143.02;143.02;143.02
06.03.2022 23:00:00;07.03.2022 00:00:00;433.84;145.56;145.56;145.56;145.56
07.03.2022 00:00:00;07.03.2022 01:00:00;537.12;150.63;150.63;150.63;150.63
07.03.2022 01:00:00;07.03.2022 02:00:00;527.65;149.75;149.75;154.34;154.34
07.03.2022 02:00:00;07.03.2022 03:00:00;488.7;147.22;147.22;163.03;163.03
07.03.2022 03:00:00;07.03.2022 04:00:00;661.4;145.65;145.65;173.77;173.77
07.03.2022 04:00:00;07.03.2022 05:00:00;1073.46;144.58;144.58;183.14;183.14
07.03.2022 05:00:00;07.03.2022 06:00:00;1397.48;144.29;144.29;177.38;177.38
07.03.2022 06:00:00;07.03.2022 07:00:00;2197.5;148;148;182.16;182.16
07.03.2022 07:00:00;07.03.2022 08:00:00;4881.75;150.73;150.73;175.33;175.33
07.03.2022 08:00:00;07.03.2022 09:00:00;4907.03;151.9;151.9;167.23;167.23
07.03.2022 09:00:00;07.03.2022 10:00:00;4569.06;152.1;152.1;158.54;158.54
07.03.2022 10:00:00;07.03.2022 11:00:00;3307.47;152.19;152.19;153.95;153.95
07.03.2022 11:00:00;07.03.2022 12:00:00;2023.44;151.71;151.71;151.71;151.71
07.03.2022 12:00:00;07.03.2022 13:00:00;1951.49;149.36;149.36;149.36;149.36
07.03.2022 13:00:00;07.03.2022 14:00:00;1919.86;146.34;146.34;146.34;146.34
07.03.2022 14:00:00;07.03.2022 15:00:00;1865.29;146.34;146.34;146.34;146.34
07.03.2022 15:00:00;07.03.2022 16:00:00;1872.61;145.95;145.95;145.95;145.95
07.03.2022 16:00:00;07.03.2022 17:00:00;1366.72;144.87;144.87;144.87;144.87
07.03.2022 17:00:00;07.03.2022 18:00:00;1269.1;144.19;144.19;144.19;144.19
07.03.2022 18:00:00;07.03.2022 19:00:00;1269.88;143.7;143.7;143.7;143.7
07.03.2022 19:00:00;07.03.2022 20:00:00;976.04;143.41;143.41;143.41;143.41
07.03.2022 20:00:00;07.03.2022 21:00:00;608;143.31;143.31;143.31;143.31
07.03.2022 21:00:00;07.03.2022 22:00:00;720.07;143.02;143.02;143.02;143.02
07.03.2022 22:00:00;07.03.2022 23:00:00;925.47;142.14;142.14;142.14;142.14
07.03.2022 23:00:00;08.03.2022 00:00:00;938.74;142.43;142.43;142.43;142.43
08.03.2022 00:00:00;08.03.2022 01:00:00;674.94;145.75;145.75;145.75;145.75
08.03.2022 01:00:00;08.03.2022 02:00:00;674.35;147.02;147.02;147.02;147.02
08.03.2022 02:00:00;08.03.2022 03:00:00;874.09;147.61;147.61;147.61;147.61
08.03.2022 03:00:00;08.03.2022 04:00:00;941.09;148.68;148.68;148.68;148.68
08.03.2022 04:00:00;08.03.2022 05:00:00;1112.27;150.15;150.15;150.15;150.15
08.03.2022 05:00:00;08.03.2022 06:00:00;2176.52;151.52;151.52;151.52;151.52
08.03.2022 06:00:00;08.03.2022 07:00:00;2318.55;152.1;152.1;152.1;152.1
08.03.2022 07:00:00;08.03.2022 08:00:00;2542.55;155.14;155.14;155.14;155.14
08.03.2022 08:00:00;08.03.2022 09:00:00;2542.35;157.19;157.19;157.19;157.19
08.03.2022 09:00:00;08.03.2022 10:00:00;2053.17;159.05;159.05;159.05;159.05
08.03.2022 10:00:00;08.03.2022 11:00:00;2241.18;162.67;162.67;162.67;162.67
08.03.2022 11:00:00;08.03.2022 12:00:00;2084.77;165.51;165.51;165.51;165.51
08.03.2022 12:00:00;08.03.2022 13:00:00;2033.22;168.15;168.05;168.15;168.15
08.03.2022 13:00:00;08.03.2022 14:00:00;2024.22;173.14;165.8;173.14;173.14
08.03.2022 14:00:00;08.03.2022 15:00:00;1564.19;181.65;165.6;181.65;181.65
08.03.2022 15:00:00;08.03.2022 16:00:00;1321.11;190.74;165.99;190.74;190.74
08.03.2022 16:00:00;08.03.2022 17:00:00;1291.47;193.97;165.9;193.97;193.97
08.03.2022 17:00:00;08.03.2022 18:00:00;2267.1;190.16;165.31;211.38;211.38
08.03.2022 18:00:00;08.03.2022 19:00:00;2676.07;186.34;163.06;226.25;226.25
08.03.2022 19:00:00;08.03.2022 20:00:00;2446.2;182.04;161.3;233.49;233.49
08.03.2022 20:00:00;08.03.2022 21:00:00;1298.81;171.37;160.71;234.86;234.86
08.03.2022 21:00:00;08.03.2022 22:00:00;2178.87;162.57;159.83;235.93;235.93
08.03.2022 22:00:00;08.03.2022 23:00:00;2111.86;162.57;159.93;203.75;203.75
08.03.2022 23:00:00;09.03.2022 00:00:00;1075.79;156.7;156.7;193.97;193.97
09.03.2022 00:00:00;09.03.2022 01:00:00;1468.24;150.95;150.95;240.99;240.99
09.03.2022 01:00:00;09.03.2022 02:00:00;1423.46;149.97;149.97;235.61;235.61
09.03.2022 02:00:00;09.03.2022 03:00:00;1398.53;149.97;149.97;231.61;231.61
09.03.2022 03:00:00;09.03.2022 04:00:00;1278.67;150.36;150.36;199.54;199.54
09.03.2022 04:00:00;09.03.2022 05:00:00;1607.06;151.14;151.14;173.83;173.83
09.03.2022 05:00:00;09.03.2022 06:00:00;2177.43;152.61;152.61;170.6;170.6
09.03.2022 06:00:00;09.03.2022 07:00:00;2443.35;153.88;153.88;175.49;175.49
09.03.2022 07:00:00;09.03.2022 08:00:00;5665;156.42;156.42;174.22;174.22
09.03.2022 08:00:00;09.03.2022 09:00:00;5293.5;157.99;157.99;174.22;174.22
09.03.2022 09:00:00;09.03.2022 10:00:00;2392.71;156.42;156.42;173.04;173.04
09.03.2022 10:00:00;09.03.2022 11:00:00;1954.52;155.64;155.64;171.19;171.19
09.03.2022 11:00:00;09.03.2022 12:00:00;1169.86;155.15;155.15;170.7;170.7
09.03.2022 12:00:00;09.03.2022 13:00:00;1081.67;154.76;154.76;163.46;163.46
09.03.2022 13:00:00;09.03.2022 14:00:00;1075.42;152.22;152.22;157.11;157.11
09.03.2022 14:00:00;09.03.2022 15:00:00;1075.22;153.1;153.1;153.78;153.78
09.03.2022 15:00:00;09.03.2022 16:00:00;1156.37;150.36;150.36;150.36;150.36
09.03.2022 16:00:00;09.03.2022 17:00:00;1158.42;147.14;147.14;147.14;147.14
09.03.2022 17:00:00;09.03.2022 18:00:00;2200.69;144.4;144.4;144.4;144.4
09.03.2022 18:00:00;09.03.2022 19:00:00;1954.82;143.52;143.52;143.52;143.52
09.03.2022 19:00:00;09.03.2022 20:00:00;1202.51;141.56;141.56;141.56;141.56
09.03.2022 20:00:00;09.03.2022 21:00:00;750.74;140.1;140.1;140.1;140.1
09.03.2022 21:00:00;09.03.2022 22:00:00;886.73;138.44;138.44;138.44;138.44
09.03.2022 22:00:00;09.03.2022 23:00:00;770.59;136.09;136.09;136.09;136.09
09.03.2022 23:00:00;10.03.2022 00:00:00;304.73;133.06;133.06;133.06;133.06
10.03.2022 00:00:00;10.03.2022 01:00:00;212.08;128.32;128.32;128.32;128.32
10.03.2022 01:00:00;10.03.2022 02:00:00;127.05;127.05;127.05;127.05;127.05
10.03.2022 02:00:00;10.03.2022 03:00:00;126.56;126.56;126.56;126.56;126.56
10.03.2022 03:00:00;10.03.2022 04:00:00;136.36;127.44;127.44;127.44;127.44
10.03.2022 04:00:00;10.03.2022 05:00:00;199.24;126.85;126.85;126.85;126.85
10.03.2022 05:00:00;10.03.2022 06:00:00;607.82;127.74;127.74;127.74;127.74
10.03.2022 06:00:00;10.03.2022 07:00:00;711.95;137.92;137.92;137.92;137.92
10.03.2022 07:00:00;10.03.2022 08:00:00;827.54;143.02;143.02;143.02;143.02
10.03.2022 08:00:00;10.03.2022 09:00:00;773.86;140.47;140.47;140.47;140.47
10.03.2022 09:00:00;10.03.2022 10:00:00;711.46;142.82;142.82;142.82;142.82
10.03.2022 10:00:00;10.03.2022 11:00:00;631.72;144.98;144.98;144.98;144.98
10.03.2022 11:00:00;10.03.2022 12:00:00;534.35;145.47;145.47;145.47;145.47
10.03.2022 12:00:00;10.03.2022 13:00:00;525.83;145.86;145.86;145.86;145.86
10.03.2022 13:00:00;10.03.2022 14:00:00;476.75;146.74;146.74;146.74;146.74
10.03.2022 14:00:00;10.03.2022 15:00:00;486.94;145.17;145.17;145.17;145.17
10.03.2022 15:00:00;10.03.2022 16:00:00;489.29;144.58;144.58;144.58;144.58
10.03.2022 16:00:00;10.03.2022 17:00:00;545.42;143.51;143.51;143.51;143.51
10.03.2022 17:00:00;10.03.2022 18:00:00;667.28;142.33;142.33;142.33;142.33
10.03.2022 18:00:00;10.03.2022 19:00:00;774.05;141.74;141.74;141.74;141.74
10.03.2022 19:00:00;10.03.2022 20:00:00;579.12;142.13;142.13;142.13;142.13
10.03.2022 20:00:00;10.03.2022 21:00:00;444.43;143.02;143.02;143.02;143.02
10.03.2022 21:00:00;10.03.2022 22:00:00;607.53;143.31;143.31;143.31;143.31
10.03.2022 22:00:00;10.03.2022 23:00:00;491.35;143.02;143.02;143.02;143.02
10.03.2022 23:00:00;11.03.2022 00:00:00;141.45;141.45;141.45;141.45;141.45
11.03.2022 00:00:00;11.03.2022 01:00:00;298.88;143.74;143.74;143.74;143.74
11.03.2022 01:00:00;11.03.2022 02:00:00;248.56;144.34;144.34;145.43;145.43
11.03.2022 02:00:00;11.03.2022 03:00:00;248.06;144.24;144.24;146.82;146.82
11.03.2022 03:00:00;11.03.2022 04:00:00;294.82;144.64;144.64;147.61;147.61
11.03.2022 04:00:00;11.03.2022 05:00:00;496.12;143.74;143.74;148.8;148.8
11.03.2022 05:00:00;11.03.2022 06:00:00;872.27;144.24;144.24;149.19;149.19
11.03.2022 06:00:00;11.03.2022 07:00:00;1668.56;145.63;145.63;154.24;154.24
11.03.2022 07:00:00;11.03.2022 08:00:00;1833.31;146.62;146.62;155.73;155.73
11.03.2022 08:00:00;11.03.2022 09:00:00;1113;148;148;155.73;155.73
11.03.2022 09:00:00;11.03.2022 10:00:00;765.38;148.5;148.5;157.42;157.42
11.03.2022 10:00:00;11.03.2022 11:00:00;857.91;149.49;149.49;165.54;165.54
11.03.2022 11:00:00;11.03.2022 12:00:00;846.32;149.79;149.79;153.75;153.75
11.03.2022 12:00:00;11.03.2022 13:00:00;875.34;142.85;142.85;142.85;142.85
11.03.2022 13:00:00;11.03.2022 14:00:00;882.87;140.87;140.87;140.87;140.87
11.03.2022 14:00:00;11.03.2022 15:00:00;839.28;138.49;138.49;138.49;138.49
11.03.2022 15:00:00;11.03.2022 16:00:00;572.1;143.05;143.05;143.05;143.05
11.03.2022 16:00:00;11.03.2022 17:00:00;391.61;148.2;148.2;174.26;174.26
11.03.2022 17:00:00;11.03.2022 18:00:00;1149.26;148.1;148.1;170.69;170.69
11.03.2022 18:00:00;11.03.2022 19:00:00;1684.71;148;148;167.92;167.92
11.03.2022 19:00:00;11.03.2022 20:00:00;1435.56;147.9;147.9;166.33;166.33
11.03.2022 20:00:00;11.03.2022 21:00:00;741.01;147.81;147.81;167.82;167.82
11.03.2022 21:00:00;11.03.2022 22:00:00;706.54;146.62;146.62;168.02;168.02
11.03.2022 22:00:00;11.03.2022 23:00:00;663.34;145.92;145.92;166.03;166.03
11.03.2022 23:00:00;12.03.2022 00:00:00;611.04;144.64;144.64;167.32;167.32
12.03.2022 00:00:00;12.03.2022 01:00:00;659.17;138.24;138.24;204.67;204.67
12.03.2022 01:00:00;12.03.2022 02:00:00;660.54;137.46;137.46;208.98;208.98
12.03.2022 02:00:00;12.03.2022 03:00:00;697.67;137.46;137.46;212.01;212.01
12.03.2022 03:00:00;12.03.2022 04:00:00;697.96;137.85;137.85;212.99;212.99
12.03.2022 04:00:00;12.03.2022 05:00:00;714.52;137.36;137.36;214.07;214.07
12.03.2022 05:00:00;12.03.2022 06:00:00;710.11;137.95;137.95;215.15;215.15
12.03.2022 06:00:00;12.03.2022 07:00:00;851.49;137.85;137.85;192.62;192.62
12.03.2022 07:00:00;12.03.2022 08:00:00;857.46;139.32;139.32;192.42;192.42
12.03.2022 08:00:00;12.03.2022 09:00:00;774.68;140;140;192.52;192.52
12.03.2022 09:00:00;12.03.2022 10:00:00;773.01;139.42;139.42;188.7;188.7
12.03.2022 10:00:00;12.03.2022 11:00:00;714.72;139.42;139.42;197.02;197.02
12.03.2022 11:00:00;12.03.2022 12:00:00;664.65;138.73;138.73;205.74;205.74
12.03.2022 12:00:00;12.03.2022 13:00:00;697.18;137.85;137.85;207.31;207.31
12.03.2022 13:00:00;12.03.2022 14:00:00;659.26;136.57;136.57;206.04;206.04
12.03.2022 14:00:00;12.03.2022 15:00:00;587.15;135.69;135.69;198.49;198.49
12.03.2022 15:00:00;12.03.2022 16:00:00;568.05;135.2;135.2;192.71;192.71
12.03.2022 16:00:00;12.03.2022 17:00:00;817.39;135.99;135.99;184.48;184.48
12.03.2022 17:00:00;12.03.2022 18:00:00;1879.52;136.48;136.48;171.26;171.26
12.03.2022 18:00:00;12.03.2022 19:00:00;2000.13;138.04;138.04;166.85;166.85
12.03.2022 19:00:00;12.03.2022 20:00:00;1946.14;138.53;138.53;157.54;157.54
12.03.2022 20:00:00;12.03.2022 21:00:00;1654.28;139.51;139.51;154.99;154.99
12.03.2022 21:00:00;12.03.2022 22:00:00;1212.62;139.51;139.51;152.74;152.74
12.03.2022 22:00:00;12.03.2022 23:00:00;1009.22;140.49;140.49;152.35;152.35
12.03.2022 23:00:00;13.03.2022 00:00:00;783.49;139.81;139.81;151.96;151.96
13.03.2022 00:00:00;13.03.2022 01:00:00;981.26;148.32;148.32;161.41;161.41
13.03.2022 01:00:00;13.03.2022 02:00:00;777.04;149.5;149.5;164.46;164.46
13.03.2022 02:00:00;13.03.2022 03:00:00;727.53;150.49;150.49;165.94;165.94
13.03.2022 03:00:00;13.03.2022 04:00:00;688.06;151.37;151.37;167.81;167.81
13.03.2022 04:00:00;13.03.2022 05:00:00;787.47;151.57;151.57;165.94;165.94
13.03.2022 05:00:00;13.03.2022 06:00:00;673.79;152.55;152.26;163.97;163.97
13.03.2022 06:00:00;13.03.2022 07:00:00;689.34;156.49;152.55;165.05;165.05
13.03.2022 07:00:00;13.03.2022 08:00:00;673.4;162.69;155.01;170.37;170.37
13.03.2022 08:00:00;13.03.2022 09:00:00;744.36;163.08;157.67;163.08;163.08
13.03.2022 09:00:00;13.03.2022 10:00:00;699.48;163.08;158.16;167.51;167.51
13.03.2022 10:00:00;13.03.2022 11:00:00;539.45;164.36;158.66;181;181
13.03.2022 11:00:00;13.03.2022 12:00:00;295.85;162.2;156.69;209.93;209.93
13.03.2022 12:00:00;13.03.2022 13:00:00;187.49;154.92;154.82;187.49;187.49
13.03.2022 13:00:00;13.03.2022 14:00:00;176.86;140.35;140.35;140.35;140.35
13.03.2022 14:00:00;13.03.2022 15:00:00;176.67;146.25;146.25;146.25;146.25
13.03.2022 15:00:00;13.03.2022 16:00:00;214.56;149.7;149.7;214.56;214.56
13.03.2022 16:00:00;13.03.2022 17:00:00;295.85;149.21;149.21;209.24;209.24
13.03.2022 17:00:00;13.03.2022 18:00:00;669.86;150.09;150.09;193.1;193.1
13.03.2022 18:00:00;13.03.2022 19:00:00;1161.57;151.08;151.08;186.31;186.31
13.03.2022 19:00:00;13.03.2022 20:00:00;776.15;151.67;151.67;175.09;175.09
13.03.2022 20:00:00;13.03.2022 21:00:00;570.55;152.26;152.26;169.68;169.68
13.03.2022 21:00:00;13.03.2022 22:00:00;649.97;152.36;152.36;169.68;169.68
13.03.2022 22:00:00;13.03.2022 23:00:00;530;152.55;152.55;170.96;170.96
13.03.2022 23:00:00;14.03.2022 00:00:00;370.26;151.86;151.86;169.28;169.28
14.03.2022 00:00:00;14.03.2022 01:00:00;439.45;157.67;150.78;171.35;171.35
14.03.2022 01:00:00;14.03.2022 02:00:00;418.88;160.23;149.7;177.75;177.75
14.03.2022 02:00:00;14.03.2022 03:00:00;482.17;166.82;149.5;178.93;178.93
14.03.2022 03:00:00;14.03.2022 04:00:00;523.7;168.99;149.99;179.23;179.23
14.03.2022 04:00:00;14.03.2022 05:00:00;569.76;171.35;150.88;188.38;188.38
14.03.2022 05:00:00;14.03.2022 06:00:00;1180.56;161.8;152.45;197.14;197.14
14.03.2022 06:00:00;14.03.2022 07:00:00;1180.17;162.4;162.4;212.39;212.39
14.03.2022 07:00:00;14.03.2022 08:00:00;2122.36;170.17;170.17;224.3;224.3
14.03.2022 08:00:00;14.03.2022 09:00:00;2259.66;179.82;175.29;242.9;242.9
14.03.2022 09:00:00;14.03.2022 10:00:00;1180.86;180.5;172.63;274.99;274.99
14.03.2022 10:00:00;14.03.2022 11:00:00;2009.86;176.67;169.78;278.53;278.53
14.03.2022 11:00:00;14.03.2022 12:00:00;1440.5;176.86;162.1;294.77;294.77
14.03.2022 12:00:00;14.03.2022 13:00:00;1082.04;172.14;169.58;294.97;294.97
14.03.2022 13:00:00;14.03.2022 14:00:00;1033.92;166.92;166.92;291.43;291.43
14.03.2022 14:00:00;14.03.2022 15:00:00;1009.41;170.76;169.58;273.61;273.61
14.03.2022 15:00:00;14.03.2022 16:00:00;1081.75;185.03;168.89;231.59;231.59
14.03.2022 16:00:00;14.03.2022 17:00:00;1139.72;182.57;168.89;219.58;219.58
14.03.2022 17:00:00;14.03.2022 18:00:00;1157.04;184.93;168.4;207.87;207.87
14.03.2022 18:00:00;14.03.2022 19:00:00;1159.31;186.21;169.48;186.21;186.21
14.03.2022 19:00:00;14.03.2022 20:00:00;1082.44;180.5;158.75;180.5;180.5
14.03.2022 20:00:00;14.03.2022 21:00:00;791.7;183.26;158.26;183.26;183.26
14.03.2022 21:00:00;14.03.2022 22:00:00;819.55;191.53;155.9;191.53;191.53
14.03.2022 22:00:00;14.03.2022 23:00:00;786.39;175.58;151.86;175.58;175.58
14.03.2022 23:00:00;15.03.2022 00:00:00;513.37;173.12;150.39;176.86;176.86
15.03.2022 00:00:00;15.03.2022 01:00:00;574.5;154.84;150.1;219.79;219.79
15.03.2022 01:00:00;15.03.2022 02:00:00;511.52;147.64;147.64;226.39;226.39
15.03.2022 02:00:00;15.03.2022 03:00:00;516.45;147.25;147.25;232.7;232.7
15.03.2022 03:00:00;15.03.2022 04:00:00;579.92;147.34;147.34;240.88;240.88
15.03.2022 04:00:00;15.03.2022 05:00:00;680.45;153.36;148.82;258.32;258.32
15.03.2022 05:00:00;15.03.2022 06:00:00;1182.31;154.93;152.17;279.22;279.22
15.03.2022 06:00:00;15.03.2022 07:00:00;1724.77;175.34;160.75;307.21;307.21
15.03.2022 07:00:00;15.03.2022 08:00:00;1724.58;174.94;174.94;309.38;309.38
15.03.2022 08:00:00;15.03.2022 09:00:00;1083.85;190.12;190.12;301.69;301.69
15.03.2022 09:00:00;15.03.2022 10:00:00;1083.95;184.99;184.99;297.75;297.75
15.03.2022 10:00:00;15.03.2022 11:00:00;2034.15;175.53;175.53;301.59;301.59
15.03.2022 11:00:00;15.03.2022 12:00:00;1298.61;169.91;169.91;321.89;321.89
15.03.2022 12:00:00;15.03.2022 13:00:00;1434.72;161.24;161.24;316.47;316.47
15.03.2022 13:00:00;15.03.2022 14:00:00;1182.6;157.5;157.5;304.74;304.74
15.03.2022 14:00:00;15.03.2022 15:00:00;1254.45;156.81;156.81;292.42;292.42
15.03.2022 15:00:00;15.03.2022 16:00:00;1218.68;157.6;157.6;251.13;251.13
15.03.2022 16:00:00;15.03.2022 17:00:00;1724.08;157.6;157.6;214.17;214.17
15.03.2022 17:00:00;15.03.2022 18:00:00;2100.48;158.19;158.19;192.68;192.68
15.03.2022 18:00:00;15.03.2022 19:00:00;2332.88;163.41;163.41;177.11;177.11
15.03.2022 19:00:00;15.03.2022 20:00:00;1320.68;171.89;171.89;172.97;172.97
15.03.2022 20:00:00;15.03.2022 21:00:00;937.29;166.86;165.78;171.69;171.69
15.03.2022 21:00:00;15.03.2022 22:00:00;1142.98;172.18;163.51;172.18;172.18
15.03.2022 22:00:00;15.03.2022 23:00:00;1035.55;168.93;161.24;168.93;168.93
15.03.2022 23:00:00;16.03.2022 00:00:00;656.6;164.69;158.88;167.35;167.35
16.03.2022 00:00:00;16.03.2022 01:00:00;693.23;157.89;144.23;157.89;157.89
16.03.2022 01:00:00;16.03.2022 02:00:00;673.93;148.88;142.94;160.46;160.46
16.03.2022 02:00:00;16.03.2022 03:00:00;680.26;147.59;142.74;162.15;162.15
16.03.2022 03:00:00;16.03.2022 04:00:00;682.44;143.83;142.84;162.54;162.54
16.03.2022 04:00:00;16.03.2022 05:00:00;867.36;141.06;141.06;163.73;163.73
16.03.2022 05:00:00;16.03.2022 06:00:00;1484.86;138.49;138.49;164.82;164.82
16.03.2022 06:00:00;16.03.2022 07:00:00;1888.84;139.38;139.38;165.61;165.61
16.03.2022 07:00:00;16.03.2022 08:00:00;1088.9;144.13;144.13;172.74;172.74
16.03.2022 08:00:00;16.03.2022 09:00:00;792.22;141.85;141.85;175.61;175.61
16.03.2022 09:00:00;16.03.2022 10:00:00;990;141.46;141.46;190.26;190.26
16.03.2022 10:00:00;16.03.2022 11:00:00;1088.5;139.87;139.87;213.52;213.52
16.03.2022 11:00:00;16.03.2022 12:00:00;1187.1;138.49;138.49;207.29;207.29
16.03.2022 12:00:00;16.03.2022 13:00:00;1088.1;138.29;138.29;191.65;191.65
16.03.2022 13:00:00;16.03.2022 14:00:00;921.9;138.49;138.49;178.78;178.78
16.03.2022 14:00:00;16.03.2022 15:00:00;726.1;139.38;139.38;175.41;175.41
16.03.2022 15:00:00;16.03.2022 16:00:00;557.52;141.26;141.26;173.93;173.93
16.03.2022 16:00:00;16.03.2022 17:00:00;570.09;143.73;143.73;167;167
16.03.2022 17:00:00;16.03.2022 18:00:00;594.83;143.64;143.64;160.56;160.56
16.03.2022 18:00:00;16.03.2022 19:00:00;593.45;141.16;141.16;156.41;156.41
16.03.2022 19:00:00;16.03.2022 20:00:00;531.18;140.47;140.47;153.63;153.63
16.03.2022 20:00:00;16.03.2022 21:00:00;389.23;139.97;139.97;154.23;154.23
16.03.2022 21:00:00;16.03.2022 22:00:00;438.03;141.95;141.95;155.91;155.91
16.03.2022 22:00:00;16.03.2022 23:00:00;404.28;141.16;141.16;153.34;153.34
16.03.2022 23:00:00;17.03.2022 00:00:00;158.38;138.69;138.69;153.14;153.14
17.03.2022 00:00:00;17.03.2022 01:00:00;141.96;129.68;129.68;141.96;141.96
17.03.2022 01:00:00;17.03.2022 02:00:00;140.68;129.52;129.52;140.68;140.68
17.03.2022 02:00:00;17.03.2022 03:00:00;141.22;129.93;129.93;141.22;141.22
17.03.2022 03:00:00;17.03.2022 04:00:00;142.31;130.57;130.57;142.31;142.31
17.03.2022 04:00:00;17.03.2022 05:00:00;143.11;131.52;131.52;143.11;143.11
17.03.2022 05:00:00;17.03.2022 06:00:00;190.02;131.89;131.89;152.36;152.36
17.03.2022 06:00:00;17.03.2022 07:00:00;393.01;134.37;134.37;160.12;160.12
17.03.2022 07:00:00;17.03.2022 08:00:00;463.73;140.96;140.96;158.72;158.72
17.03.2022 08:00:00;17.03.2022 09:00:00;521.69;146.43;146.43;173.97;173.97
17.03.2022 09:00:00;17.03.2022 10:00:00;573.76;142.48;142.48;202.73;202.73
17.03.2022 10:00:00;17.03.2022 11:00:00;725.07;135.71;135.71;212.1;212.1
17.03.2022 11:00:00;17.03.2022 12:00:00;637.91;133.34;133.34;196.6;196.6
17.03.2022 12:00:00;17.03.2022 13:00:00;401.95;131.69;131.69;168.86;168.86
17.03.2022 13:00:00;17.03.2022 14:00:00;176.08;131.28;131.28;155.75;155.75
17.03.2022 14:00:00;17.03.2022 15:00:00;153.93;130.85;130.85;146.09;146.09
17.03.2022 15:00:00;17.03.2022 16:00:00;135.17;130.31;130.31;135.17;135.17
17.03.2022 16:00:00;17.03.2022 17:00:00;129.17;129.17;129.17;129.17;129.17
17.03.2022 17:00:00;17.03.2022 18:00:00;191.13;129.08;129.08;129.08;129.08
17.03.2022 18:00:00;17.03.2022 19:00:00;294.73;129.98;129.98;129.98;129.98
17.03.2022 19:00:00;17.03.2022 20:00:00;185.68;130.47;130.47;130.47;130.47
17.03.2022 20:00:00;17.03.2022 21:00:00;128.47;128.47;128.47;128.47;128.47
17.03.2022 21:00:00;17.03.2022 22:00:00;128.03;128.03;128.03;128.03;128.03
17.03.2022 22:00:00;17.03.2022 23:00:00;124.81;124.81;124.81;124.81;124.81
17.03.2022 23:00:00;18.03.2022 00:00:00;110;110;110;110;110
18.03.2022 00:00:00;18.03.2022 01:00:00;108.23;108.23;108.23;108.23;108.23
18.03.2022 01:00:00;18.03.2022 02:00:00;107.48;107.48;107.48;107.48;107.48
18.03.2022 02:00:00;18.03.2022 03:00:00;105.02;105.02;105.02;105.02;105.02
18.03.2022 03:00:00;18.03.2022 04:00:00;114.53;114.53;114.53;114.53;114.53
18.03.2022 04:00:00;18.03.2022 05:00:00;125.92;125.92;125.92;125.92;125.92
18.03.2022 05:00:00;18.03.2022 06:00:00;134.84;129.3;129.3;134.84;134.84
18.03.2022 06:00:00;18.03.2022 07:00:00;171.58;129.87;129.87;162.4;162.4
18.03.2022 07:00:00;18.03.2022 08:00:00;391.62;132.72;132.72;171.82;171.82
18.03.2022 08:00:00;18.03.2022 09:00:00;341.71;133.95;133.95;171;171
18.03.2022 09:00:00;18.03.2022 10:00:00;352.39;133.83;133.83;174.3;174.3
18.03.2022 10:00:00;18.03.2022 11:00:00;342.07;132.72;132.72;157.33;157.33
18.03.2022 11:00:00;18.03.2022 12:00:00;284.11;130.91;130.91;141.28;141.28
18.03.2022 12:00:00;18.03.2022 13:00:00;243.29;129.55;129.55;129.55;129.55
18.03.2022 13:00:00;18.03.2022 14:00:00;195.85;126.52;126.52;126.52;126.52
18.03.2022 14:00:00;18.03.2022 15:00:00;165.71;125.08;125.08;125.08;125.08
18.03.2022 15:00:00;18.03.2022 16:00:00;183.87;128.36;128.36;131.24;131.24
18.03.2022 16:00:00;18.03.2022 17:00:00;293.85;128.38;128.38;148.34;148.34
18.03.2022 17:00:00;18.03.2022 18:00:00;640.88;128.62;128.62;152.3;152.3
18.03.2022 18:00:00;18.03.2022 19:00:00;1662.02;129.39;129.39;159.48;159.48
18.03.2022 19:00:00;18.03.2022 20:00:00;378.59;129.6;129.6;155.53;155.53
18.03.2022 20:00:00;18.03.2022 21:00:00;276.43;129.55;129.55;150.75;150.75
18.03.2022 21:00:00;18.03.2022 22:00:00;223.54;130.31;130.31;138.83;138.83
18.03.2022 22:00:00;18.03.2022 23:00:00;348.17;128.54;128.54;128.54;128.54
18.03.2022 23:00:00;19.03.2022 00:00:00;259.24;126.64;126.64;126.64;126.64
19.03.2022 00:00:00;19.03.2022 01:00:00;242.64;128.36;128.36;134.2;134.2
19.03.2022 01:00:00;19.03.2022 02:00:00;155.38;127.39;127.39;129.1;129.1
19.03.2022 02:00:00;19.03.2022 03:00:00;125.9;125.9;125.9;125.9;125.9
19.03.2022 03:00:00;19.03.2022 04:00:00;135.21;123.88;123.88;123.88;123.88
19.03.2022 04:00:00;19.03.2022 05:00:00;121.88;121.88;121.88;121.88;121.88
19.03.2022 05:00:00;19.03.2022 06:00:00;157.94;117.88;117.88;117.88;117.88
19.03.2022 06:00:00;19.03.2022 07:00:00;107.04;107.04;107.04;107.04;107.04
19.03.2022 07:00:00;19.03.2022 08:00:00;115.69;115.69;115.69;115.69;115.69
19.03.2022 08:00:00;19.03.2022 09:00:00;121.54;121.54;121.54;121.54;121.54
19.03.2022 09:00:00;19.03.2022 10:00:00;117.5;117.5;117.5;117.5;117.5
19.03.2022 10:00:00;19.03.2022 11:00:00;117.27;117.27;117.27;117.27;117.27
19.03.2022 11:00:00;19.03.2022 12:00:00;117.34;117.34;117.34;117.34;117.34
19.03.2022 12:00:00;19.03.2022 13:00:00;117.11;117.11;117.11;117.11;117.11
19.03.2022 13:00:00;19.03.2022 14:00:00;94.74;94.74;94.74;94.74;94.74
19.03.2022 14:00:00;19.03.2022 15:00:00;85.86;85.86;85.86;85.86;85.86
19.03.2022 15:00:00;19.03.2022 16:00:00;116.92;116.92;116.92;116.92;116.92
19.03.2022 16:00:00;19.03.2022 17:00:00;124.03;124.03;124.03;124.03;124.03
19.03.2022 17:00:00;19.03.2022 18:00:00;124.5;124.5;124.5;124.5;124.5
19.03.2022 18:00:00;19.03.2022 19:00:00;166.55;126.36;126.36;126.36;126.36
19.03.2022 19:00:00;19.03.2022 20:00:00;125.85;125.85;125.85;125.85;125.85
19.03.2022 20:00:00;19.03.2022 21:00:00;123.61;123.61;123.61;123.61;123.61
19.03.2022 21:00:00;19.03.2022 22:00:00;127.61;127.61;127.61;127.61;127.61
19.03.2022 22:00:00;19.03.2022 23:00:00;128.23;128.23;128.23;128.23;128.23
19.03.2022 23:00:00;20.03.2022 00:00:00;125.84;125.84;125.84;125.84;125.84
20.03.2022 00:00:00;20.03.2022 01:00:00;127;127;127;127;127
20.03.2022 01:00:00;20.03.2022 02:00:00;127.44;127.44;127.44;127.44;127.44
20.03.2022 02:00:00;20.03.2022 03:00:00;128.51;128.51;128.51;128.51;128.51
20.03.2022 03:00:00;20.03.2022 04:00:00;132.39;132.39;132.39;132.39;132.39
20.03.2022 04:00:00;20.03.2022 05:00:00;141.06;141.06;133.02;141.06;141.06
20.03.2022 05:00:00;20.03.2022 06:00:00;149.73;140.01;133.03;149.73;149.73
20.03.2022 06:00:00;20.03.2022 07:00:00;153.87;137.4;133.2;153.87;153.87
20.03.2022 07:00:00;20.03.2022 08:00:00;159.56;143.15;133.8;159.56;159.56
20.03.2022 08:00:00;20.03.2022 09:00:00;124.27;124.27;124.27;124.27;124.27
20.03.2022 09:00:00;20.03.2022 10:00:00;125.64;125.64;125.64;125.64;125.64
20.03.2022 10:00:00;20.03.2022 11:00:00;126.85;126.85;126.85;126.85;126.85
20.03.2022 11:00:00;20.03.2022 12:00:00;154.33;130.51;130.51;130.51;130.51
20.03.2022 12:00:00;20.03.2022 13:00:00;129.02;129.02;129.02;129.02;129.02
20.03.2022 13:00:00;20.03.2022 14:00:00;113.89;113.89;113.89;113.89;113.89
20.03.2022 14:00:00;20.03.2022 15:00:00;113.72;113.72;113.72;113.72;113.72
20.03.2022 15:00:00;20.03.2022 16:00:00;108.36;108.36;108.36;108.36;108.36
20.03.2022 16:00:00;20.03.2022 17:00:00;132.14;132.14;132.14;132.14;132.14
20.03.2022 17:00:00;20.03.2022 18:00:00;425.6;141.74;135.04;203.84;203.84
20.03.2022 18:00:00;20.03.2022 19:00:00;600.38;144.57;135.22;166.08;166.08
20.03.2022 19:00:00;20.03.2022 20:00:00;465.21;145.76;136.75;157.84;157.84
20.03.2022 20:00:00;20.03.2022 21:00:00;450.53;144.48;135.19;150.89;150.89
20.03.2022 21:00:00;20.03.2022 22:00:00;597.31;145.21;134.99;148.97;148.97
20.03.2022 22:00:00;20.03.2022 23:00:00;394.15;144.2;134.74;147.24;147.24
20.03.2022 23:00:00;21.03.2022 00:00:00;290.07;141.07;134.43;143.05;143.05
21.03.2022 00:00:00;21.03.2022 01:00:00;158.85;134.89;129.55;149.1;149.1
21.03.2022 01:00:00;21.03.2022 02:00:00;140.59;134.65;129.34;140.59;140.59
21.03.2022 02:00:00;21.03.2022 03:00:00;134.77;134.77;129.16;134.77;134.77
21.03.2022 03:00:00;21.03.2022 04:00:00;144.35;134.31;129.01;134.31;134.31
21.03.2022 04:00:00;21.03.2022 05:00:00;221.87;137.65;131.86;137.65;137.65
21.03.2022 05:00:00;21.03.2022 06:00:00;372.4;141.08;132.27;146.33;146.33
21.03.2022 06:00:00;21.03.2022 07:00:00;403.07;144.79;133.11;154.53;154.53
21.03.2022 07:00:00;21.03.2022 08:00:00;540.83;157.41;133.51;164.13;164.13
21.03.2022 08:00:00;21.03.2022 09:00:00;527.97;176.8;136.43;176.8;176.8
21.03.2022 09:00:00;21.03.2022 10:00:00;467.96;189.02;134.29;197.19;197.19
21.03.2022 10:00:00;21.03.2022 11:00:00;518.52;188.92;168.97;228.97;228.97
21.03.2022 11:00:00;21.03.2022 12:00:00;507.46;188.66;168.86;219.39;219.39
21.03.2022 12:00:00;21.03.2022 13:00:00;452.35;188.5;169.14;207.63;207.63
21.03.2022 13:00:00;21.03.2022 14:00:00;356.66;175.84;175.84;202.38;202.38
21.03.2022 14:00:00;21.03.2022 15:00:00;345.7;180;180;208.85;208.85
21.03.2022 15:00:00;21.03.2022 16:00:00;367.17;187.58;187.58;222.89;222.89
21.03.2022 16:00:00;21.03.2022 17:00:00;434.98;189.56;189.56;223.53;223.53
21.03.2022 17:00:00;21.03.2022 18:00:00;513.88;193.04;193.04;222.79;222.79
21.03.2022 18:00:00;21.03.2022 19:00:00;731.74;218.66;218.66;218.66;218.66
21.03.2022 19:00:00;21.03.2022 20:00:00;318.29;190.29;142.59;214.53;214.53
21.03.2022 20:00:00;21.03.2022 21:00:00;214.31;188.85;147.58;214.31;214.31
21.03.2022 21:00:00;21.03.2022 22:00:00;329.99;204.41;144.23;229.36;229.36
21.03.2022 22:00:00;21.03.2022 23:00:00;338.58;188.63;144.36;222.16;222.16
21.03.2022 23:00:00;22.03.2022 00:00:00;325.16;155.05;141.5;231.95;231.95
22.03.2022 00:00:00;22.03.2022 01:00:00;306.28;202.49;140.04;255.86;255.86
22.03.2022 01:00:00;22.03.2022 02:00:00;328.32;173.14;139.78;268.64;268.64
22.03.2022 02:00:00;22.03.2022 03:00:00;337.99;186.76;139.55;294.8;294.8
22.03.2022 03:00:00;22.03.2022 04:00:00;341.46;209.72;139.21;323.18;323.18
22.03.2022 04:00:00;22.03.2022 05:00:00;401.3;242.27;138.67;307.01;307.01
22.03.2022 05:00:00;22.03.2022 06:00:00;1544.52;211.01;139.03;324.01;324.01
22.03.2022 06:00:00;22.03.2022 07:00:00;1897.38;290.46;140.7;453.26;453.26
22.03.2022 07:00:00;22.03.2022 08:00:00;2011.09;561.13;138.73;561.13;561.13
22.03.2022 08:00:00;22.03.2022 09:00:00;2714.17;283.19;183.05;283.19;283.19
22.03.2022 09:00:00;22.03.2022 10:00:00;2246.88;365.21;169.83;365.21;365.21
22.03.2022 10:00:00;22.03.2022 11:00:00;1878.8;446.92;177.81;446.92;446.92
22.03.2022 11:00:00;22.03.2022 12:00:00;1800.24;367.74;175.66;367.74;367.74
22.03.2022 12:00:00;22.03.2022 13:00:00;1203.85;169.26;164.84;312.88;312.88
22.03.2022 13:00:00;22.03.2022 14:00:00;609.4;151.66;151.66;466.8;466.8
22.03.2022 14:00:00;22.03.2022 15:00:00;561.62;174.35;174.35;462.9;462.9
22.03.2022 15:00:00;22.03.2022 16:00:00;611.41;169.36;169.36;453.71;453.71
22.03.2022 16:00:00;22.03.2022 17:00:00;869.02;144.27;144.27;377.04;377.04
22.03.2022 17:00:00;22.03.2022 18:00:00;900.22;135.09;135.09;233.18;233.18
22.03.2022 18:00:00;22.03.2022 19:00:00;1061.7;134.98;134.98;195.68;195.68
22.03.2022 19:00:00;22.03.2022 20:00:00;435.14;134.9;134.9;174.23;174.23
22.03.2022 20:00:00;22.03.2022 21:00:00;274.26;134.89;134.89;162.96;162.96
22.03.2022 21:00:00;22.03.2022 22:00:00;404.09;135.09;135.09;155.91;155.91
22.03.2022 22:00:00;22.03.2022 23:00:00;433.84;134.23;134.23;149.64;149.64
22.03.2022 23:00:00;23.03.2022 00:00:00;316.69;132.89;132.89;147.8;147.8
23.03.2022 00:00:00;23.03.2022 01:00:00;531.78;138.14;138.14;142.43;142.43
23.03.2022 01:00:00;23.03.2022 02:00:00;604.01;137.02;137.02;143.59;143.59
23.03.2022 02:00:00;23.03.2022 03:00:00;548.23;136.37;136.37;142.07;142.07
23.03.2022 03:00:00;23.03.2022 04:00:00;665.19;136.29;136.29;141.21;141.21
23.03.2022 04:00:00;23.03.2022 05:00:00;927.65;136.27;136.27;142.09;142.09
23.03.2022 05:00:00;23.03.2022 06:00:00;1930.93;135.77;135.77;141.86;141.86
23.03.2022 06:00:00;23.03.2022 07:00:00;2564.48;136.77;136.77;141.55;141.55
23.03.2022 07:00:00;23.03.2022 08:00:00;2788.89;140.33;140.33;147.42;147.42
23.03.2022 08:00:00;23.03.2022 09:00:00;2635.1;141.92;141.92;157.5;157.5
23.03.2022 09:00:00;23.03.2022 10:00:00;2018.01;140.52;140.52;170.68;170.68
23.03.2022 10:00:00;23.03.2022 11:00:00;1874.58;139.03;139.03;171.97;171.97
23.03.2022 11:00:00;23.03.2022 12:00:00;1788.79;137.4;137.4;166.55;166.55
23.03.2022 12:00:00;23.03.2022 13:00:00;1671.34;136.15;136.15;166.36;166.36
23.03.2022 13:00:00;23.03.2022 14:00:00;1185.06;135.73;135.73;158.49;158.49
23.03.2022 14:00:00;23.03.2022 15:00:00;1057.08;135.14;135.14;153.66;153.66
23.03.2022 15:00:00;23.03.2022 16:00:00;742.04;133.85;133.85;148.96;148.96
23.03.2022 16:00:00;23.03.2022 17:00:00;1057.87;133.93;133.93;139.72;139.72
23.03.2022 17:00:00;23.03.2022 18:00:00;1057.17;133.47;133.47;141.71;141.71
23.03.2022 18:00:00;23.03.2022 19:00:00;1257.47;133.77;133.77;137.28;137.28
23.03.2022 19:00:00;23.03.2022 20:00:00;830.43;132.37;132.37;132.37;132.37
23.03.2022 20:00:00;23.03.2022 21:00:00;481.44;131.79;131.79;131.79;131.79
23.03.2022 21:00:00;23.03.2022 22:00:00;481.5;130.42;130.42;130.42;130.42
23.03.2022 22:00:00;23.03.2022 23:00:00;348.03;126.17;126.17;126.17;126.17
23.03.2022 23:00:00;24.03.2022 00:00:00;124.63;123.42;123.42;123.42;123.42
24.03.2022 00:00:00;24.03.2022 01:00:00;127.39;127.39;127.39;127.39;127.39
24.03.2022 01:00:00;24.03.2022 02:00:00;119.12;119.12;119.12;119.12;119.12
24.03.2022 02:00:00;24.03.2022 03:00:00;124.85;124.85;124.85;124.85;124.85
24.03.2022 03:00:00;24.03.2022 04:00:00;134.41;131.08;131.08;131.08;131.08
24.03.2022 04:00:00;24.03.2022 05:00:00;197.91;134.69;134.69;134.69;134.69
24.03.2022 05:00:00;24.03.2022 06:00:00;541.33;135.42;135.42;141.9;141.9
24.03.2022 06:00:00;24.03.2022 07:00:00;1107.56;135.7;135.7;154.06;154.06
24.03.2022 07:00:00;24.03.2022 08:00:00;1674.02;137.58;137.58;179.82;179.82
24.03.2022 08:00:00;24.03.2022 09:00:00;1445.77;139.3;139.3;204.13;204.13
24.03.2022 09:00:00;24.03.2022 10:00:00;1941.46;139.73;139.73;300.43;300.43
24.03.2022 10:00:00;24.03.2022 11:00:00;1390.81;139.05;139.05;452.9;452.9
24.03.2022 11:00:00;24.03.2022 12:00:00;1145.07;141.77;141.77;524.49;524.49
24.03.2022 12:00:00;24.03.2022 13:00:00;1128.38;141.57;141.57;544.95;544.95
24.03.2022 13:00:00;24.03.2022 14:00:00;1069.9;141.7;141.7;571.44;571.44
24.03.2022 14:00:00;24.03.2022 15:00:00;1059.85;140.46;140.46;555.58;555.58
24.03.2022 15:00:00;24.03.2022 16:00:00;862.41;140.4;140.4;557.16;557.16
24.03.2022 16:00:00;24.03.2022 17:00:00;1011.55;139.39;139.39;533.51;533.51
24.03.2022 17:00:00;24.03.2022 18:00:00;1876.38;138.56;138.56;493.2;493.2
24.03.2022 18:00:00;24.03.2022 19:00:00;1878.55;138.18;138.18;437.14;437.14
24.03.2022 19:00:00;24.03.2022 20:00:00;1383.08;137.64;137.64;386.93;386.93
24.03.2022 20:00:00;24.03.2022 21:00:00;778.44;136.96;136.96;336.65;336.65
24.03.2022 21:00:00;24.03.2022 22:00:00;835.66;136.73;136.73;312.64;312.64
24.03.2022 22:00:00;24.03.2022 23:00:00;815.7;135.7;135.7;222.4;222.4
24.03.2022 23:00:00;25.03.2022 00:00:00;329.56;134.91;134.91;207.54;207.54
25.03.2022 00:00:00;25.03.2022 01:00:00;237.3;128.1;128.1;180.54;180.54
25.03.2022 01:00:00;25.03.2022 02:00:00;192.05;127.63;127.63;176.5;176.5
25.03.2022 02:00:00;25.03.2022 03:00:00;159.97;127.29;127.29;159.97;159.97
25.03.2022 03:00:00;25.03.2022 04:00:00;150.33;127.43;127.43;150.33;150.33
25.03.2022 04:00:00;25.03.2022 05:00:00;268.48;127.59;127.59;148.58;148.58
25.03.2022 05:00:00;25.03.2022 06:00:00;379.63;126.8;126.8;147.18;147.18
25.03.2022 06:00:00;25.03.2022 07:00:00;673.22;128.76;128.76;160.33;160.33
25.03.2022 07:00:00;25.03.2022 08:00:00;1040.45;129.85;129.85;166.79;166.79
25.03.2022 08:00:00;25.03.2022 09:00:00;1087.21;130.33;130.33;169.98;169.98
25.03.2022 09:00:00;25.03.2022 10:00:00;946.55;130.15;130.15;171.86;171.86
25.03.2022 10:00:00;25.03.2022 11:00:00;946.41;129.91;129.91;166;166
25.03.2022 11:00:00;25.03.2022 12:00:00;548.64;129.54;129.54;159.66;159.66
25.03.2022 12:00:00;25.03.2022 13:00:00;175.43;129.34;129.34;152.23;152.23
25.03.2022 13:00:00;25.03.2022 14:00:00;288.13;129.25;129.25;141.87;141.87
25.03.2022 14:00:00;25.03.2022 15:00:00;301.43;129.34;129.34;130.72;130.72
25.03.2022 15:00:00;25.03.2022 16:00:00;284.13;128.02;128.02;128.02;128.02
25.03.2022 16:00:00;25.03.2022 17:00:00;263.23;126.15;126.15;126.15;126.15
25.03.2022 17:00:00;25.03.2022 18:00:00;294.83;129.01;129.01;129.01;129.01
25.03.2022 18:00:00;25.03.2022 19:00:00;381.78;130.57;130.57;133.16;133.16
25.03.2022 19:00:00;25.03.2022 20:00:00;207.63;129.61;129.61;129.61;129.61
25.03.2022 20:00:00;25.03.2022 21:00:00;122.58;122.58;122.58;122.58;122.58
25.03.2022 21:00:00;25.03.2022 22:00:00;105.04;105.04;105.04;105.04;105.04
25.03.2022 22:00:00;25.03.2022 23:00:00;83.74;83.74;83.74;83.74;83.74
25.03.2022 23:00:00;26.03.2022 00:00:00;72.11;72.11;72.11;72.11;72.11
26.03.2022 00:00:00;26.03.2022 01:00:00;77.63;77.63;77.63;77.63;77.63
26.03.2022 01:00:00;26.03.2022 02:00:00;68;68;68;68;68
26.03.2022 02:00:00;26.03.2022 03:00:00;49.68;49.68;49.68;49.68;49.68
26.03.2022 03:00:00;26.03.2022 04:00:00;43.64;48.69;48.69;43.64;43.64
26.03.2022 04:00:00;26.03.2022 05:00:00;56.55;66.93;66.93;56.55;56.55
26.03.2022 05:00:00;26.03.2022 06:00:00;64.69;64.69;64.69;64.69;64.69
26.03.2022 06:00:00;26.03.2022 07:00:00;75.19;75.19;75.19;75.19;75.19
26.03.2022 07:00:00;26.03.2022 08:00:00;90.4;90.4;90.4;90.4;90.4
26.03.2022 08:00:00;26.03.2022 09:00:00;99.01;99.01;99.01;99.01;99.01
26.03.2022 09:00:00;26.03.2022 10:00:00;99.97;99.97;99.97;99.97;99.97
26.03.2022 10:00:00;26.03.2022 11:00:00;105.99;105.99;105.99;105.99;105.99
26.03.2022 11:00:00;26.03.2022 12:00:00;105.98;105.98;105.98;105.98;105.98
26.03.2022 12:00:00;26.03.2022 13:00:00;99.2;99.2;99.2;99.2;99.2
26.03.2022 13:00:00;26.03.2022 14:00:00;108.32;108.32;108.32;108.32;108.32
26.03.2022 14:00:00;26.03.2022 15:00:00;118.65;118.65;118.65;118.65;118.65
26.03.2022 15:00:00;26.03.2022 16:00:00;133.04;133.04;133.04;133.04;133.04
26.03.2022 16:00:00;26.03.2022 17:00:00;147.56;147.56;146.08;147.56;147.56
26.03.2022 17:00:00;26.03.2022 18:00:00;206.88;206.88;206.88;206.88;206.88
26.03.2022 18:00:00;26.03.2022 19:00:00;623.11;271.72;155.65;271.72;271.72
26.03.2022 19:00:00;26.03.2022 20:00:00;476.66;310.04;249.91;381.93;381.93
26.03.2022 20:00:00;26.03.2022 21:00:00;422.85;266.84;212.35;422.85;422.85
26.03.2022 21:00:00;26.03.2022 22:00:00;500.51;191.36;149.84;500.51;500.51
26.03.2022 22:00:00;26.03.2022 23:00:00;489.86;145.53;145.53;489.86;489.86
26.03.2022 23:00:00;27.03.2022 00:00:00;522.26;140.36;140.36;522.26;522.26
27.03.2022 00:00:00;27.03.2022 01:00:00;541.41;145.21;145.21;541.41;541.41
27.03.2022 01:00:00;27.03.2022 03:00:00;504.9;141.08;141.08;504.9;504.9
27.03.2022 03:00:00;27.03.2022 04:00:00;521.79;138.3;138.3;521.79;521.79
27.03.2022 04:00:00;27.03.2022 05:00:00;447.11;136.52;136.52;447.11;447.11
27.03.2022 05:00:00;27.03.2022 06:00:00;467.41;133.41;133.41;467.41;467.41
27.03.2022 06:00:00;27.03.2022 07:00:00;501.06;129.7;129.7;501.06;501.06
27.03.2022 07:00:00;27.03.2022 08:00:00;830.42;128.38;128.38;518.92;518.92
27.03.2022 08:00:00;27.03.2022 09:00:00;827.4;129.78;129.78;455.27;455.27
27.03.2022 09:00:00;27.03.2022 10:00:00;989.39;130.59;130.59;384.14;384.14
27.03.2022 10:00:00;27.03.2022 11:00:00;838.24;129.24;129.24;304.36;304.36
27.03.2022 11:00:00;27.03.2022 12:00:00;786.9;128.97;128.97;251.71;251.71
27.03.2022 12:00:00;27.03.2022 13:00:00;458.45;128.9;128.9;215.47;215.47
27.03.2022 13:00:00;27.03.2022 14:00:00;318.2;130.9;130.9;188.89;188.89
27.03.2022 14:00:00;27.03.2022 15:00:00;180.46;130.71;130.71;177.33;177.33
27.03.2022 15:00:00;27.03.2022 16:00:00;179.8;129.88;129.88;167.71;167.71
27.03.2022 16:00:00;27.03.2022 17:00:00;179.91;131.27;131.27;160.49;160.49
27.03.2022 17:00:00;27.03.2022 18:00:00;180.36;131.81;131.81;152.77;152.77
27.03.2022 18:00:00;27.03.2022 19:00:00;189.36;133.39;133.39;159.13;159.13
27.03.2022 19:00:00;27.03.2022 20:00:00;189.72;134.54;134.54;151.79;151.79
27.03.2022 20:00:00;27.03.2022 21:00:00;146.71;135.31;135.31;146.71;146.71
27.03.2022 21:00:00;27.03.2022 22:00:00;135.25;134.82;134.82;135.25;135.25
27.03.2022 22:00:00;27.03.2022 23:00:00;124.8;124.8;124.8;124.8;124.8
27.03.2022 23:00:00;28.03.2022 00:00:00;110.26;110.26;110.26;110.26;110.26
28.03.2022 00:00:00;28.03.2022 01:00:00;87.67;87.67;87.67;87.67;87.67
28.03.2022 01:00:00;28.03.2022 02:00:00;76.49;76.49;76.49;76.49;76.49
28.03.2022 02:00:00;28.03.2022 03:00:00;74.46;74.46;74.46;74.46;74.46
28.03.2022 03:00:00;28.03.2022 04:00:00;83.73;83.73;83.73;83.73;83.73
28.03.2022 04:00:00;28.03.2022 05:00:00;99.38;99.38;99.38;99.38;99.38
28.03.2022 05:00:00;28.03.2022 06:00:00;114.35;114.35;114.35;114.35;114.35
28.03.2022 06:00:00;28.03.2022 07:00:00;140.68;133.33;133.33;133.33;133.33
28.03.2022 07:00:00;28.03.2022 08:00:00;282.26;136.02;136.02;147.04;147.04
28.03.2022 08:00:00;28.03.2022 09:00:00;293.71;139.09;139.09;146.03;146.03
28.03.2022 09:00:00;28.03.2022 10:00:00;228.78;141.75;141.75;145.77;145.77
28.03.2022 10:00:00;28.03.2022 11:00:00;139.88;139.88;139.88;139.88;139.88
28.03.2022 11:00:00;28.03.2022 12:00:00;136.4;136.4;136.4;136.4;136.4
28.03.2022 12:00:00;28.03.2022 13:00:00;141.79;135.02;135.02;135.02;135.02
28.03.2022 13:00:00;28.03.2022 14:00:00;184.55;133.88;133.88;133.88;133.88
28.03.2022 14:00:00;28.03.2022 15:00:00;197.71;133.67;133.67;133.67;133.67
28.03.2022 15:00:00;28.03.2022 16:00:00;133.45;133.45;133.45;133.45;133.45
28.03.2022 16:00:00;28.03.2022 17:00:00;137.6;137.6;137.6;137.6;137.6
28.03.2022 17:00:00;28.03.2022 18:00:00;237.59;140.56;140.56;157.02;157.02
28.03.2022 18:00:00;28.03.2022 19:00:00;182.9;139.39;139.39;182.9;182.9
28.03.2022 19:00:00;28.03.2022 20:00:00;296.72;140.88;140.88;202.46;202.46
28.03.2022 20:00:00;28.03.2022 21:00:00;198.89;142.22;142.22;198.89;198.89
28.03.2022 21:00:00;28.03.2022 22:00:00;200.37;146.17;146.17;200.37;200.37
28.03.2022 22:00:00;28.03.2022 23:00:00;201.61;198.66;198.66;198.66;198.66
28.03.2022 23:00:00;29.03.2022 00:00:00;179.87;157.02;157.02;179.87;179.87
29.03.2022 00:00:00;29.03.2022 01:00:00;389.55;227.7;227.7;389.55;389.55
29.03.2022 01:00:00;29.03.2022 02:00:00;351.27;227.95;200.26;351.27;351.27
29.03.2022 02:00:00;29.03.2022 03:00:00;413.78;227.45;157.06;413.78;413.78
29.03.2022 03:00:00;29.03.2022 04:00:00;486.05;234.7;151.44;446.39;446.39
29.03.2022 04:00:00;29.03.2022 05:00:00;760.21;392.74;151.09;392.74;392.74
29.03.2022 05:00:00;29.03.2022 06:00:00;1140.16;308.54;156.68;331.88;331.88
29.03.2022 06:00:00;29.03.2022 07:00:00;1049.48;330.57;324.42;330.57;330.57
29.03.2022 07:00:00;29.03.2022 08:00:00;1669.75;423.13;221.56;423.13;423.13
29.03.2022 08:00:00;29.03.2022 09:00:00;2376.52;468.67;225.79;468.67;468.67
29.03.2022 09:00:00;29.03.2022 10:00:00;1706.71;563.66;563.66;563.66;563.66
29.03.2022 10:00:00;29.03.2022 11:00:00;1437.91;571.42;571.42;571.42;571.42
29.03.2022 11:00:00;29.03.2022 12:00:00;1062.14;560.3;560.3;560.3;560.3
29.03.2022 12:00:00;29.03.2022 13:00:00;1236.53;478.86;478.86;478.86;478.86
29.03.2022 13:00:00;29.03.2022 14:00:00;1045.67;282.36;260.56;282.36;282.36
29.03.2022 14:00:00;29.03.2022 15:00:00;1010.63;257.14;162.73;257.14;257.14
29.03.2022 15:00:00;29.03.2022 16:00:00;752.79;253.17;159.51;253.17;253.17
29.03.2022 16:00:00;29.03.2022 17:00:00;712.64;238.26;156.61;238.26;238.26
29.03.2022 17:00:00;29.03.2022 18:00:00;661.21;238.39;152.31;238.39;238.39
29.03.2022 18:00:00;29.03.2022 19:00:00;855.32;299.45;153.06;299.45;299.45
29.03.2022 19:00:00;29.03.2022 20:00:00;1040.19;283.21;145.21;283.21;283.21
29.03.2022 20:00:00;29.03.2022 21:00:00;903.08;266.74;145.33;266.74;266.74
29.03.2022 21:00:00;29.03.2022 22:00:00;950.88;255.92;145.28;255.92;255.92
29.03.2022 22:00:00;29.03.2022 23:00:00;906.39;225.2;145.12;225.2;225.2
29.03.2022 23:00:00;30.03.2022 00:00:00;495.32;213.34;144.68;213.34;213.34
30.03.2022 00:00:00;30.03.2022 01:00:00;439.27;264.99;131.48;264.99;264.99
30.03.2022 01:00:00;30.03.2022 02:00:00;422.85;265.72;131.28;265.72;265.72
30.03.2022 02:00:00;30.03.2022 03:00:00;426.92;257.39;131.29;257.39;257.39
30.03.2022 03:00:00;30.03.2022 04:00:00;526.06;258.98;131.37;258.98;258.98
30.03.2022 04:00:00;30.03.2022 05:00:00;618.39;273.56;131.54;273.56;273.56
30.03.2022 05:00:00;30.03.2022 06:00:00;878.44;232.7;133.08;232.7;232.7
30.03.2022 06:00:00;30.03.2022 07:00:00;999.61;221.55;139.6;221.55;221.55
30.03.2022 07:00:00;30.03.2022 08:00:00;1144.06;275.76;161.96;275.76;275.76
30.03.2022 08:00:00;30.03.2022 09:00:00;1202.95;370.06;165.71;370.06;370.06
30.03.2022 09:00:00;30.03.2022 10:00:00;1183;428.98;146.83;428.98;428.98
30.03.2022 10:00:00;30.03.2022 11:00:00;1182.92;433.91;149.18;433.91;433.91
30.03.2022 11:00:00;30.03.2022 12:00:00;1193.17;381.6;145.46;381.6;381.6
30.03.2022 12:00:00;30.03.2022 13:00:00;1144.04;317.7;149.12;317.7;317.7
30.03.2022 13:00:00;30.03.2022 14:00:00;1144.42;328.19;148.3;328.19;328.19
30.03.2022 14:00:00;30.03.2022 15:00:00;1137.87;299.8;146.54;299.8;299.8
30.03.2022 15:00:00;30.03.2022 16:00:00;1106.3;265.88;147.14;297.18;297.18
30.03.2022 16:00:00;30.03.2022 17:00:00;1203.16;291.31;146.73;318.96;318.96
30.03.2022 17:00:00;30.03.2022 18:00:00;1488.7;297.79;151.2;326.4;326.4
30.03.2022 18:00:00;30.03.2022 19:00:00;1479.87;500.72;147.72;500.72;500.72
30.03.2022 19:00:00;30.03.2022 20:00:00;1441.47;503.05;161.7;503.05;503.05
30.03.2022 20:00:00;30.03.2022 21:00:00;1190.1;479.06;170.64;479.06;479.06
30.03.2022 21:00:00;30.03.2022 22:00:00;1181.54;433.5;200.3;433.5;433.5
30.03.2022 22:00:00;30.03.2022 23:00:00;1143.97;376.05;167.96;376.05;376.05
30.03.2022 23:00:00;31.03.2022 00:00:00;1048.87;376.27;149.48;376.27;376.27
31.03.2022 00:00:00;31.03.2022 01:00:00;976.97;465.03;179.73;465.03;465.03
31.03.2022 01:00:00;31.03.2022 02:00:00;962.33;521.57;174.24;521.57;521.57
31.03.2022 02:00:00;31.03.2022 03:00:00;1031.29;532.55;170.68;532.55;532.55
31.03.2022 03:00:00;31.03.2022 04:00:00;1059.22;540.64;171.06;540.64;540.64
31.03.2022 04:00:00;31.03.2022 05:00:00;1155.16;549.69;182.24;549.69;549.69
31.03.2022 05:00:00;31.03.2022 06:00:00;1721.71;289.44;205.26;542.86;542.86
31.03.2022 06:00:00;31.03.2022 07:00:00;2110.26;324.79;324.79;518.78;518.78
31.03.2022 07:00:00;31.03.2022 08:00:00;2831.79;598.24;544.01;598.24;598.24
31.03.2022 08:00:00;31.03.2022 09:00:00;3116.51;718.45;718.45;718.45;718.45
31.03.2022 09:00:00;31.03.2022 10:00:00;2468.57;858.98;752.16;858.98;858.98
31.03.2022 10:00:00;31.03.2022 11:00:00;2162.27;961.17;569.25;961.17;961.17
31.03.2022 11:00:00;31.03.2022 12:00:00;2049;928.81;458.96;928.81;928.81
31.03.2022 12:00:00;31.03.2022 13:00:00;1964.15;901.55;351.57;901.55;901.55
31.03.2022 13:00:00;31.03.2022 14:00:00;1863.11;514.06;340.01;844.14;844.14
31.03.2022 14:00:00;31.03.2022 15:00:00;1837.77;344.73;295.32;922.84;922.84
31.03.2022 15:00:00;31.03.2022 16:00:00;1787.88;319.01;294.64;942.49;942.49
31.03.2022 16:00:00;31.03.2022 17:00:00;1781.52;298.78;264.49;942.1;942.1
31.03.2022 17:00:00;31.03.2022 18:00:00;1810.9;296.95;256.98;933.72;933.72
31.03.2022 18:00:00;31.03.2022 19:00:00;1926.48;304.56;267.67;990.74;990.74
31.03.2022 19:00:00;31.03.2022 20:00:00;2006.14;343.47;343.47;943.54;943.54
31.03.2022 20:00:00;31.03.2022 21:00:00;1917.53;505.68;408.01;944.51;944.51
31.03.2022 21:00:00;31.03.2022 22:00:00;1583.01;1071.17;397.7;1071.17;1071.17
31.03.2022 22:00:00;31.03.2022 23:00:00;1450.96;959.05;350.22;959.05;959.05
31.03.2022 23:00:00;01.04.2022 00:00:00;1156.6;911.09;349.54;911.09;911.09
01.04.2022 00:00:00;01.04.2022 01:00:00;1082.67;675.56;187.81;1082.67;1082.67
01.04.2022 01:00:00;01.04.2022 02:00:00;965.61;646.97;167.07;965.61;965.61
01.04.2022 02:00:00;01.04.2022 03:00:00;915.6;645.51;163.1;915.6;915.6
01.04.2022 03:00:00;01.04.2022 04:00:00;965.12;656.37;162.91;965.12;965.12
01.04.2022 04:00:00;01.04.2022 05:00:00;1056.51;566.73;163.68;1056.51;1056.51
01.04.2022 05:00:00;01.04.2022 06:00:00;1324.27;530.29;167.07;1324.27;1324.27
01.04.2022 06:00:00;01.04.2022 07:00:00;1758.04;664.32;168.14;1622.56;1622.56
01.04.2022 07:00:00;01.04.2022 08:00:00;1938.48;1938.48;199.92;1938.48;1938.48
01.04.2022 08:00:00;01.04.2022 09:00:00;2020.27;2020.27;249.83;2020.27;2020.27
01.04.2022 09:00:00;01.04.2022 10:00:00;1941.58;1941.58;200.12;1941.58;1941.58
01.04.2022 10:00:00;01.04.2022 11:00:00;1871.13;1815.21;167.65;1815.21;1815.21
01.04.2022 11:00:00;01.04.2022 12:00:00;1755.42;1138.4;160.19;1138.4;1138.4
01.04.2022 12:00:00;01.04.2022 13:00:00;1666.26;646.39;154.86;1314.38;1314.38
01.04.2022 13:00:00;01.04.2022 14:00:00;1549.68;588.34;152.54;1171.93;1171.93
01.04.2022 14:00:00;01.04.2022 15:00:00;1391.33;578.94;151.18;995.26;995.26
01.04.2022 15:00:00;01.04.2022 16:00:00;1065.52;460.81;147.4;1065.52;1065.52
01.04.2022 16:00:00;01.04.2022 17:00:00;1346.27;387.64;147.21;1053.89;1053.89
01.04.2022 17:00:00;01.04.2022 18:00:00;1670.72;360.89;147.11;1050.98;1050.98
01.04.2022 18:00:00;01.04.2022 19:00:00;1857.76;383.67;147.11;1061.74;1061.74
01.04.2022 19:00:00;01.04.2022 20:00:00;1934.02;376.2;147.11;936.53;936.53
01.04.2022 20:00:00;01.04.2022 21:00:00;1893.42;387.93;147.01;629.04;629.04
01.04.2022 21:00:00;01.04.2022 22:00:00;1695.14;387.35;146.72;568.76;568.76
01.04.2022 22:00:00;01.04.2022 23:00:00;1334.35;395.49;146.62;502.38;502.38
01.04.2022 23:00:00;02.04.2022 00:00:00;1141.3;290.53;146.53;462.74;462.74
02.04.2022 00:00:00;02.04.2022 01:00:00;1035.03;535.47;146.77;539.44;539.44
02.04.2022 01:00:00;02.04.2022 02:00:00;948.67;435.95;146.87;456.28;456.28
02.04.2022 02:00:00;02.04.2022 03:00:00;806.94;358.69;147.06;388.03;388.03
02.04.2022 03:00:00;02.04.2022 04:00:00;677.79;245.52;147.06;362.85;362.85
02.04.2022 04:00:00;02.04.2022 05:00:00;585.62;199.43;147.16;347.27;347.27
02.04.2022 05:00:00;02.04.2022 06:00:00;554.35;192.08;147.16;340.88;340.88
02.04.2022 06:00:00;02.04.2022 07:00:00;444.47;191.11;147.45;290.25;290.25
02.04.2022 07:00:00;02.04.2022 08:00:00;415.52;190.92;147.74;277.95;277.95
02.04.2022 08:00:00;02.04.2022 09:00:00;316.19;196.92;148.03;304.86;304.86
02.04.2022 09:00:00;02.04.2022 10:00:00;436.34;206.6;148.9;367.79;367.79
02.04.2022 10:00:00;02.04.2022 11:00:00;468.48;215.89;149.29;383.19;383.19
02.04.2022 11:00:00;02.04.2022 12:00:00;395.19;215.22;148.22;371.57;371.57
02.04.2022 12:00:00;02.04.2022 13:00:00;283.18;212.21;148.03;283.18;283.18
02.04.2022 13:00:00;02.04.2022 14:00:00;250.45;212.5;147.93;250.45;250.45
02.04.2022 14:00:00;02.04.2022 15:00:00;244.74;212.79;147.93;244.74;244.74
02.04.2022 15:00:00;02.04.2022 16:00:00;251.52;212.5;148.03;251.52;251.52
02.04.2022 16:00:00;02.04.2022 17:00:00;346.11;219.57;148.12;346.11;346.11
02.04.2022 17:00:00;02.04.2022 18:00:00;441.85;242.81;200.11;392.48;392.48
02.04.2022 18:00:00;02.04.2022 19:00:00;707.9;291.02;250.07;397.22;397.22
02.04.2022 19:00:00;02.04.2022 20:00:00;782.93;347.07;347.07;383.19;383.19
02.04.2022 20:00:00;02.04.2022 21:00:00;568.29;359.27;359.27;362.66;362.66
02.04.2022 21:00:00;02.04.2022 22:00:00;559.48;357.72;357.72;357.72;357.72
02.04.2022 22:00:00;02.04.2022 23:00:00;355.3;343.4;343.4;355.3;355.3
02.04.2022 23:00:00;03.04.2022 00:00:00;274.56;274.56;225.96;274.56;274.56
03.04.2022 00:00:00;03.04.2022 01:00:00;336.76;336.76;200.11;336.76;336.76
03.04.2022 01:00:00;03.04.2022 02:00:00;331.74;331.74;196.24;331.74;331.74
03.04.2022 02:00:00;03.04.2022 03:00:00;340.43;340.43;186.97;340.43;340.43
03.04.2022 03:00:00;03.04.2022 04:00:00;354.82;343.33;182.72;354.82;354.82
03.04.2022 04:00:00;03.04.2022 05:00:00;376.84;299.68;182.14;376.84;376.84
03.04.2022 05:00:00;03.04.2022 06:00:00;399.54;348.93;183.4;389.11;389.11
03.04.2022 06:00:00;03.04.2022 07:00:00;483.27;379.16;185.04;382.35;382.35
03.04.2022 07:00:00;03.04.2022 08:00:00;512.34;395.68;187.94;395.68;395.68
03.04.2022 08:00:00;03.04.2022 09:00:00;652.09;466.66;199.14;466.66;466.66
03.04.2022 09:00:00;03.04.2022 10:00:00;717.37;560.63;199.91;560.63;560.63
03.04.2022 10:00:00;03.04.2022 11:00:00;746.83;578.5;196.92;578.5;578.5
03.04.2022 11:00:00;03.04.2022 12:00:00;598.2;579.17;187.17;579.17;579.17
03.04.2022 12:00:00;03.04.2022 13:00:00;579.08;579.08;181.95;579.08;579.08
03.04.2022 13:00:00;03.04.2022 14:00:00;531.27;531.27;179.73;531.27;531.27
03.04.2022 14:00:00;03.04.2022 15:00:00;499.4;499.4;179.15;499.4;499.4
03.04.2022 15:00:00;03.04.2022 16:00:00;470.43;470.43;179.15;470.43;470.43
03.04.2022 16:00:00;03.04.2022 17:00:00;468.88;468.88;179.44;468.88;468.88
03.04.2022 17:00:00;03.04.2022 18:00:00;569.13;569.13;182.43;569.13;569.13
03.04.2022 18:00:00;03.04.2022 19:00:00;663.1;663.1;192.57;663.1;663.1
03.04.2022 19:00:00;03.04.2022 20:00:00;870.06;753.69;250.71;753.69;753.69
03.04.2022 20:00:00;03.04.2022 21:00:00;675.56;675.56;303.83;675.56;675.56
03.04.2022 21:00:00;03.04.2022 22:00:00;623.89;623.89;310.01;623.89;623.89
03.04.2022 22:00:00;03.04.2022 23:00:00;553.68;553.68;300.26;553.68;553.68
03.04.2022 23:00:00;04.04.2022 00:00:00;451.59;451.59;250.42;451.59;451.59
04.04.2022 00:00:00;04.04.2022 01:00:00;482.5;482.5;250.13;482.5;482.5
04.04.2022 01:00:00;04.04.2022 02:00:00;467.43;467.43;245.5;467.43;467.43
04.04.2022 02:00:00;04.04.2022 03:00:00;453.24;453.24;249.94;453.24;453.24
04.04.2022 03:00:00;04.04.2022 04:00:00;437.3;437.3;250.23;437.3;437.3
04.04.2022 04:00:00;04.04.2022 05:00:00;410.64;410.64;251.78;410.64;410.64
04.04.2022 05:00:00;04.04.2022 06:00:00;615.29;560.63;293.01;560.63;560.63
04.04.2022 06:00:00;04.04.2022 07:00:00;1061.96;682.03;445.8;682.03;682.03
04.04.2022 07:00:00;04.04.2022 08:00:00;1164.72;643.78;643.78;643.78;643.78
04.04.2022 08:00:00;04.04.2022 09:00:00;976.97;812.6;812.6;812.6;812.6
04.04.2022 09:00:00;04.04.2022 10:00:00;846.01;846.01;846.01;846.01;846.01
04.04.2022 10:00:00;04.04.2022 11:00:00;836.26;737.56;737.56;737.56;737.56
04.04.2022 11:00:00;04.04.2022 12:00:00;836.94;675.56;675.56;675.56;675.56
04.04.2022 12:00:00;04.04.2022 13:00:00;847.75;619.54;619.54;619.54;619.54
04.04.2022 13:00:00;04.04.2022 14:00:00;834.13;574.92;574.92;574.92;574.92
04.04.2022 14:00:00;04.04.2022 15:00:00;557.35;546.43;546.43;546.43;546.43
04.04.2022 15:00:00;04.04.2022 16:00:00;467.24;467.24;467.24;467.24;467.24
04.04.2022 16:00:00;04.04.2022 17:00:00;467.43;467.43;467.43;467.43;467.43
04.04.2022 17:00:00;04.04.2022 18:00:00;662.71;662.71;563.72;662.71;662.71
04.04.2022 18:00:00;04.04.2022 19:00:00;675.36;675.36;546.53;675.36;675.36
04.04.2022 19:00:00;04.04.2022 20:00:00;722.97;722.97;721.43;722.97;722.97
04.04.2022 20:00:00;04.04.2022 21:00:00;702.5;702.5;702.5;702.5;702.5
04.04.2022 21:00:00;04.04.2022 22:00:00;612.59;612.59;612.59;612.59;612.59
04.04.2022 22:00:00;04.04.2022 23:00:00;539.77;539.77;539.77;539.77;539.77
04.04.2022 23:00:00;05.04.2022 00:00:00;466.56;466.56;466.56;466.56;466.56
05.04.2022 00:00:00;05.04.2022 01:00:00;167.15;259.45;167.15;167.15;167.15
05.04.2022 01:00:00;05.04.2022 02:00:00;163.12;265.48;163.12;163.12;163.12
05.04.2022 02:00:00;05.04.2022 03:00:00;162.36;265.48;162.36;162.36;162.36
05.04.2022 03:00:00;05.04.2022 04:00:00;167.72;264.43;167.72;167.72;167.72
05.04.2022 04:00:00;05.04.2022 05:00:00;184.21;259.25;184.21;184.21;184.21
05.04.2022 05:00:00;05.04.2022 06:00:00;296.15;296.15;296.15;296.15;296.15
05.04.2022 06:00:00;05.04.2022 07:00:00;622.88;380.78;380.78;380.78;380.78
05.04.2022 07:00:00;05.04.2022 08:00:00;1053.31;384.81;384.81;384.81;384.81
05.04.2022 08:00:00;05.04.2022 09:00:00;1053.5;387.2;379.82;379.82;379.82
05.04.2022 09:00:00;05.04.2022 10:00:00;958.81;382.89;345.61;345.61;345.61
05.04.2022 10:00:00;05.04.2022 11:00:00;1042.67;336.31;329.32;329.32;329.32
05.04.2022 11:00:00;05.04.2022 12:00:00;961.78;302.1;302.1;302.1;302.1
05.04.2022 12:00:00;05.04.2022 13:00:00;696.58;288.29;288.29;288.29;288.29
05.04.2022 13:00:00;05.04.2022 14:00:00;526.08;276.7;276.7;276.7;276.7
05.04.2022 14:00:00;05.04.2022 15:00:00;264.72;264.72;264.72;264.72;264.72
05.04.2022 15:00:00;05.04.2022 16:00:00;334.49;277.56;277.56;277.56;277.56
05.04.2022 16:00:00;05.04.2022 17:00:00;309.48;277.94;277.94;277.94;277.94
05.04.2022 17:00:00;05.04.2022 18:00:00;477.97;273.06;273.06;273.06;273.06
05.04.2022 18:00:00;05.04.2022 19:00:00;690.26;281.49;281.49;281.49;281.49
05.04.2022 19:00:00;05.04.2022 20:00:00;723.04;287.53;287.53;287.53;287.53
05.04.2022 20:00:00;05.04.2022 21:00:00;393.63;307.56;272.58;272.58;272.58
05.04.2022 21:00:00;05.04.2022 22:00:00;443.66;297.02;263.95;263.95;263.95
05.04.2022 22:00:00;05.04.2022 23:00:00;251.3;295.77;251.3;251.3;251.3
05.04.2022 23:00:00;06.04.2022 00:00:00;203.86;274.21;203.86;203.86;203.86
06.04.2022 00:00:00;06.04.2022 01:00:00;237.22;253.48;235.69;237.22;237.22
06.04.2022 01:00:00;06.04.2022 02:00:00;231.86;231.86;231.19;231.86;231.86
06.04.2022 02:00:00;06.04.2022 03:00:00;225.83;225.83;216.17;225.83;225.83
06.04.2022 03:00:00;06.04.2022 04:00:00;229.66;229.66;211.39;229.66;229.66
06.04.2022 04:00:00;06.04.2022 05:00:00;243.15;243.15;219.52;243.15;243.15
06.04.2022 05:00:00;06.04.2022 06:00:00;503.8;227.46;227.46;227.46;227.46
06.04.2022 06:00:00;06.04.2022 07:00:00;874.26;223.16;223.16;223.16;223.16
06.04.2022 07:00:00;06.04.2022 08:00:00;1051.4;262.37;240.47;240.47;240.47
06.04.2022 08:00:00;06.04.2022 09:00:00;1051.4;278.25;270.98;270.98;270.98
06.04.2022 09:00:00;06.04.2022 10:00:00;1051.4;301.69;301.69;301.69;301.69
06.04.2022 10:00:00;06.04.2022 11:00:00;956.9;304.17;304.17;304.17;304.17
06.04.2022 11:00:00;06.04.2022 12:00:00;737.28;277.87;277.87;277.87;277.87
06.04.2022 12:00:00;06.04.2022 13:00:00;762.44;266.58;266.58;266.58;266.58
06.04.2022 13:00:00;06.04.2022 14:00:00;714.8;277.68;277.68;277.68;277.68
06.04.2022 14:00:00;06.04.2022 15:00:00;688.5;305.8;305.8;305.8;305.8
06.04.2022 15:00:00;06.04.2022 16:00:00;715;334.4;320.24;334.4;334.4
06.04.2022 16:00:00;06.04.2022 17:00:00;715.57;384.23;313.07;384.23;384.23
06.04.2022 17:00:00;06.04.2022 18:00:00;1051.78;428.9;250.8;428.9;428.9
06.04.2022 18:00:00;06.04.2022 19:00:00;1530.81;459.7;269.55;459.7;459.7
06.04.2022 19:00:00;06.04.2022 20:00:00;1706.71;477.3;313.16;477.3;477.3
06.04.2022 20:00:00;06.04.2022 21:00:00;951.73;484.86;328.18;484.86;484.86
06.04.2022 21:00:00;06.04.2022 22:00:00;1051.5;489.83;325.41;489.83;489.83
06.04.2022 22:00:00;06.04.2022 23:00:00;924.28;496.72;323.3;496.72;496.72
06.04.2022 23:00:00;07.04.2022 00:00:00;577.45;500.93;268.49;500.93;500.93
07.04.2022 00:00:00;07.04.2022 01:00:00;586.52;586.52;149.54;586.52;586.52
07.04.2022 01:00:00;07.04.2022 02:00:00;581.83;581.83;148.97;581.83;581.83
07.04.2022 02:00:00;07.04.2022 03:00:00;569.89;569.89;148.68;569.89;569.89
07.04.2022 03:00:00;07.04.2022 04:00:00;645.76;590.24;148.68;590.24;590.24
07.04.2022 04:00:00;07.04.2022 05:00:00;703.09;564.06;149.26;564.06;564.06
07.04.2022 05:00:00;07.04.2022 06:00:00;708.35;533.58;150.79;533.58;533.58
07.04.2022 06:00:00;07.04.2022 07:00:00;832;533.96;163.4;533.96;533.96
07.04.2022 07:00:00;07.04.2022 08:00:00;1305.37;797.02;177.06;797.02;797.02
07.04.2022 08:00:00;07.04.2022 09:00:00;1446.8;1379.52;183.47;1379.52;1379.52
07.04.2022 09:00:00;07.04.2022 10:00:00;916.94;910.64;184.42;910.64;910.64
07.04.2022 10:00:00;07.04.2022 11:00:00;864.01;763.67;179.74;763.67;763.67
07.04.2022 11:00:00;07.04.2022 12:00:00;832.86;668.02;178.97;668.02;668.02
07.04.2022 12:00:00;07.04.2022 13:00:00;765.3;652.45;166.74;652.45;652.45
07.04.2022 13:00:00;07.04.2022 14:00:00;672.51;572.85;164.74;572.85;572.85
07.04.2022 14:00:00;07.04.2022 15:00:00;670.32;572.95;159.67;572.95;572.95
07.04.2022 15:00:00;07.04.2022 16:00:00;700.89;533.48;157.38;533.48;533.48
07.04.2022 16:00:00;07.04.2022 17:00:00;714.94;524.31;154.89;524.31;524.31
07.04.2022 17:00:00;07.04.2022 18:00:00;773.13;519.24;153.37;519.24;519.24
07.04.2022 18:00:00;07.04.2022 19:00:00;784.12;529.18;154.13;529.18;529.18
07.04.2022 19:00:00;07.04.2022 20:00:00;880.54;699.84;158.72;699.84;699.84
07.04.2022 20:00:00;07.04.2022 21:00:00;718.19;572.66;164.26;572.66;572.66
07.04.2022 21:00:00;07.04.2022 22:00:00;522.49;522.49;164.93;522.49;522.49
07.04.2022 22:00:00;07.04.2022 23:00:00;430.76;430.76;164.55;430.76;430.76
07.04.2022 23:00:00;08.04.2022 00:00:00;261.34;261.34;163.59;261.34;261.34
08.04.2022 00:00:00;08.04.2022 01:00:00;137.24;147.77;137.24;137.24;137.24
08.04.2022 01:00:00;08.04.2022 02:00:00;80.64;147.68;115.5;80.64;80.64
08.04.2022 02:00:00;08.04.2022 03:00:00;20.21;148.54;115.4;20.21;20.21
08.04.2022 03:00:00;08.04.2022 04:00:00;23.66;149.98;115.31;23.66;23.66
08.04.2022 04:00:00;08.04.2022 05:00:00;84.18;151.79;115.11;84.18;84.18
08.04.2022 05:00:00;08.04.2022 06:00:00;190.1;190.1;162.62;190.1;190.1
08.04.2022 06:00:00;08.04.2022 07:00:00;355.3;241.05;176.98;241.05;241.05
08.04.2022 07:00:00;08.04.2022 08:00:00;395.05;241.72;179.47;241.72;241.72
08.04.2022 08:00:00;08.04.2022 09:00:00;390.36;271.7;194.41;236.74;236.74
08.04.2022 09:00:00;08.04.2022 10:00:00;391.6;273.42;187.23;220.37;220.37
08.04.2022 10:00:00;08.04.2022 11:00:00;439.29;249.48;175.93;186.65;186.65
08.04.2022 11:00:00;08.04.2022 12:00:00;454.91;209.45;172.58;195.18;195.18
08.04.2022 12:00:00;08.04.2022 13:00:00;440.83;200.54;158.02;190.58;190.58
08.04.2022 13:00:00;08.04.2022 14:00:00;399.17;195.75;153.33;195.75;195.75
08.04.2022 14:00:00;08.04.2022 15:00:00;248.52;194.99;149.5;194.99;194.99
08.04.2022 15:00:00;08.04.2022 16:00:00;334.24;181.2;146.72;181.2;181.2
08.04.2022 16:00:00;08.04.2022 17:00:00;292.67;192.11;143.94;192.11;192.11
08.04.2022 17:00:00;08.04.2022 18:00:00;404.72;197.09;142.6;197.09;197.09
08.04.2022 18:00:00;08.04.2022 19:00:00;246.03;246.03;142.51;246.03;246.03
08.04.2022 19:00:00;08.04.2022 20:00:00;334.33;258.1;142.41;258.1;258.1
08.04.2022 20:00:00;08.04.2022 21:00:00;249.58;249.58;142.89;249.58;249.58
08.04.2022 21:00:00;08.04.2022 22:00:00;242.87;242.87;142.89;242.87;242.87
08.04.2022 22:00:00;08.04.2022 23:00:00;219.6;219.6;142.12;219.6;219.6
08.04.2022 23:00:00;09.04.2022 00:00:00;197.67;197.67;140.4;197.67;197.67
09.04.2022 00:00:00;09.04.2022 01:00:00;243.75;196.01;171.04;243.75;243.75
09.04.2022 01:00:00;09.04.2022 02:00:00;244.32;194.29;168.18;244.32;244.32
09.04.2022 02:00:00;09.04.2022 03:00:00;244.51;194.01;168.85;244.51;244.51
09.04.2022 03:00:00;09.04.2022 04:00:00;251.56;197.25;169.8;251.56;251.56
09.04.2022 04:00:00;09.04.2022 05:00:00;287.68;199.92;169.52;287.68;287.68
09.04.2022 05:00:00;09.04.2022 06:00:00;321.69;212.59;172.38;321.69;321.69
09.04.2022 06:00:00;09.04.2022 07:00:00;301.49;227.93;178.86;301.49;301.49
09.04.2022 07:00:00;09.04.2022 08:00:00;275.86;251.47;184.48;275.86;275.86
09.04.2022 08:00:00;09.04.2022 09:00:00;335.61;322.08;194.29;335.61;335.61
09.04.2022 09:00:00;09.04.2022 10:00:00;344.09;344.09;199.53;344.09;344.09
09.04.2022 10:00:00;09.04.2022 11:00:00;241.65;241.65;241.65;241.65;241.65
09.04.2022 11:00:00;09.04.2022 12:00:00;207.73;207.73;207.73;207.73;207.73
09.04.2022 12:00:00;09.04.2022 13:00:00;211.54;211.54;211.54;211.54;211.54
09.04.2022 13:00:00;09.04.2022 14:00:00;207.06;207.06;207.06;207.06;207.06
09.04.2022 14:00:00;09.04.2022 15:00:00;197.15;197.15;197.15;197.15;197.15
09.04.2022 15:00:00;09.04.2022 16:00:00;197.44;197.44;197.44;197.44;197.44
09.04.2022 16:00:00;09.04.2022 17:00:00;181.14;181.14;181.14;181.14;181.14
09.04.2022 17:00:00;09.04.2022 18:00:00;213.83;213.83;199.82;213.83;213.83
09.04.2022 18:00:00;09.04.2022 19:00:00;345.99;321.6;200.49;345.99;345.99
09.04.2022 19:00:00;09.04.2022 20:00:00;380.49;321.88;294.82;380.49;380.49
09.04.2022 20:00:00;09.04.2022 21:00:00;329.79;321.88;299.49;329.79;329.79
09.04.2022 21:00:00;09.04.2022 22:00:00;337.32;300.16;299.4;337.32;337.32
09.04.2022 22:00:00;09.04.2022 23:00:00;277.58;262.52;262.52;277.58;277.58
09.04.2022 23:00:00;10.04.2022 00:00:00;257.28;224.69;200.2;257.28;257.28
10.04.2022 00:00:00;10.04.2022 01:00:00;242.92;242.92;137.81;242.92;242.92
10.04.2022 01:00:00;10.04.2022 02:00:00;234.15;234.15;136.85;234.15;234.15
10.04.2022 02:00:00;10.04.2022 03:00:00;228.72;228.72;135.33;228.72;228.72
10.04.2022 03:00:00;10.04.2022 04:00:00;226.05;220.81;133.71;226.05;226.05
10.04.2022 04:00:00;10.04.2022 05:00:00;225.86;211.85;132.18;225.86;225.86
10.04.2022 05:00:00;10.04.2022 06:00:00;234.92;203.09;130.37;234.92;234.92
10.04.2022 06:00:00;10.04.2022 07:00:00;224.24;195.08;129.04;224.24;224.24
10.04.2022 07:00:00;10.04.2022 08:00:00;240.92;155.91;128.85;240.92;240.92
10.04.2022 08:00:00;10.04.2022 09:00:00;252.45;140.19;130.47;252.45;252.45
10.04.2022 09:00:00;10.04.2022 10:00:00;209;138.09;130.94;209;209
10.04.2022 10:00:00;10.04.2022 11:00:00;119.98;119.98;119.98;119.98;119.98
10.04.2022 11:00:00;10.04.2022 12:00:00;123.89;123.89;123.89;123.89;123.89
10.04.2022 12:00:00;10.04.2022 13:00:00;83.39;83.39;83.39;83.39;83.39
10.04.2022 13:00:00;10.04.2022 14:00:00;80.43;80.43;80.43;80.43;80.43
10.04.2022 14:00:00;10.04.2022 15:00:00;48.89;58.13;58.13;48.89;48.89
10.04.2022 15:00:00;10.04.2022 16:00:00;47.65;58.32;58.32;47.65;47.65
10.04.2022 16:00:00;10.04.2022 17:00:00;81.2;81.2;81.2;81.2;81.2
10.04.2022 17:00:00;10.04.2022 18:00:00;141.62;133.9;132.28;141.62;141.62
10.04.2022 18:00:00;10.04.2022 19:00:00;232.06;135.52;134.18;232.06;232.06
10.04.2022 19:00:00;10.04.2022 20:00:00;285.05;140.66;140.66;285.05;285.05
10.04.2022 20:00:00;10.04.2022 21:00:00;266.18;146.95;140.66;266.18;266.18
10.04.2022 21:00:00;10.04.2022 22:00:00;233.58;147.43;142.86;233.58;233.58
10.04.2022 22:00:00;10.04.2022 23:00:00;139.33;139.33;139.33;139.33;139.33
10.04.2022 23:00:00;11.04.2022 00:00:00;123.51;123.51;123.51;123.51;123.51
11.04.2022 00:00:00;11.04.2022 01:00:00;215.95;135.61;135.61;215.95;215.95
11.04.2022 01:00:00;11.04.2022 02:00:00;192.51;133.52;133.52;192.51;192.51
11.04.2022 02:00:00;11.04.2022 03:00:00;207.57;132.75;132.75;207.57;207.57
11.04.2022 03:00:00;11.04.2022 04:00:00;233.68;133.71;133.71;233.68;233.68
11.04.2022 04:00:00;11.04.2022 05:00:00;246.54;135.71;135.71;246.54;246.54
11.04.2022 05:00:00;11.04.2022 06:00:00;341.56;142;142;334.51;334.51
11.04.2022 06:00:00;11.04.2022 07:00:00;1048.03;221;152.77;355.76;355.76
11.04.2022 07:00:00;11.04.2022 08:00:00;1236.53;226.82;170.49;422.18;422.18
11.04.2022 08:00:00;11.04.2022 09:00:00;1897.44;242.92;241.11;452.49;452.49
11.04.2022 09:00:00;11.04.2022 10:00:00;1667.67;260.36;200.61;444.39;444.39
11.04.2022 10:00:00;11.04.2022 11:00:00;1104.64;263.22;177.64;428.28;428.28
11.04.2022 11:00:00;11.04.2022 12:00:00;1047.93;260.17;151.34;432.29;432.29
11.04.2022 12:00:00;11.04.2022 13:00:00;965.59;264.08;149.72;424.76;424.76
11.04.2022 13:00:00;11.04.2022 14:00:00;990.46;263.98;145.91;424.85;424.85
11.04.2022 14:00:00;11.04.2022 15:00:00;519.2;266.27;144.48;422.28;422.28
11.04.2022 15:00:00;11.04.2022 16:00:00;600.59;264.75;143.14;419.52;419.52
11.04.2022 16:00:00;11.04.2022 17:00:00;693.89;265.79;141.33;394.64;394.64
11.04.2022 17:00:00;11.04.2022 18:00:00;719.9;269.23;140.86;401.12;401.12
11.04.2022 18:00:00;11.04.2022 19:00:00;1047.45;305.44;142.95;420.09;420.09
11.04.2022 19:00:00;11.04.2022 20:00:00;1143.52;321.45;151.34;380.54;380.54
11.04.2022 20:00:00;11.04.2022 21:00:00;448.77;359.48;155.72;359.48;359.48
11.04.2022 21:00:00;11.04.2022 22:00:00;381.49;315.64;156.29;315.64;315.64
11.04.2022 22:00:00;11.04.2022 23:00:00;315.64;308.58;151.81;308.58;308.58
11.04.2022 23:00:00;12.04.2022 00:00:00;277.52;277.52;149.15;277.52;277.52
12.04.2022 00:00:00;12.04.2022 01:00:00;340.92;329.96;150.78;340.92;340.92
12.04.2022 01:00:00;12.04.2022 02:00:00;349.12;325.39;150.3;349.12;349.12
12.04.2022 02:00:00;12.04.2022 03:00:00;363.99;326.91;150.11;363.99;363.99
12.04.2022 03:00:00;12.04.2022 04:00:00;391.63;333.2;150.4;391.63;391.63
12.04.2022 04:00:00;12.04.2022 05:00:00;426.8;368.56;150.68;426.8;426.8
12.04.2022 05:00:00;12.04.2022 06:00:00;1048.03;403.73;151.83;514.77;514.77
12.04.2022 06:00:00;12.04.2022 07:00:00;2187.74;401.16;160.79;401.16;401.16
12.04.2022 07:00:00;12.04.2022 08:00:00;2561.74;451.29;171.56;451.29;451.29
12.04.2022 08:00:00;12.04.2022 09:00:00;1048.22;558.61;180.14;558.61;558.61
12.04.2022 09:00:00;12.04.2022 10:00:00;1040.88;675.84;171.27;675.84;675.84
12.04.2022 10:00:00;12.04.2022 11:00:00;1047.93;952.34;166.89;952.34;952.34
12.04.2022 11:00:00;12.04.2022 12:00:00;952.72;952.72;162.31;952.72;952.72
12.04.2022 12:00:00;12.04.2022 13:00:00;927.65;927.65;161.17;927.65;927.65
12.04.2022 13:00:00;12.04.2022 14:00:00;770.2;770.2;160.03;770.2;770.2
12.04.2022 14:00:00;12.04.2022 15:00:00;797.74;797.74;159.93;797.74;797.74
12.04.2022 15:00:00;12.04.2022 16:00:00;733.98;733.98;161.65;733.98;733.98
12.04.2022 16:00:00;12.04.2022 17:00:00;729.88;729.88;161.65;729.88;729.88
12.04.2022 17:00:00;12.04.2022 18:00:00;1709.86;1709.86;160.5;1709.86;1709.86
12.04.2022 18:00:00;12.04.2022 19:00:00;1759.7;1759.7;161.65;1759.7;1759.7
12.04.2022 19:00:00;12.04.2022 20:00:00;1782.58;1782.58;166.79;1782.58;1782.58
12.04.2022 20:00:00;12.04.2022 21:00:00;1772.48;1772.48;175.27;1772.48;1772.48
12.04.2022 21:00:00;12.04.2022 22:00:00;1738.16;1738.16;171.27;1738.16;1738.16
12.04.2022 22:00:00;12.04.2022 23:00:00;1650.77;1650.77;161.65;1650.77;1650.77
12.04.2022 23:00:00;13.04.2022 00:00:00;1047.93;1047.93;153.83;1047.93;1047.93
13.04.2022 00:00:00;13.04.2022 01:00:00;730.2;730.2;175.64;730.2;730.2
13.04.2022 01:00:00;13.04.2022 02:00:00;734.3;734.3;165.8;734.3;734.3
13.04.2022 02:00:00;13.04.2022 03:00:00;734.88;734.88;161.98;734.88;734.88
13.04.2022 03:00:00;13.04.2022 04:00:00;744.05;744.05;161.79;744.05;744.05
13.04.2022 04:00:00;13.04.2022 05:00:00;751.22;751.22;163.51;751.22;751.22
13.04.2022 05:00:00;13.04.2022 06:00:00;863.51;863.51;169.15;863.51;863.51
13.04.2022 06:00:00;13.04.2022 07:00:00;1750.71;1750.71;248.27;1750.71;1750.71
13.04.2022 07:00:00;13.04.2022 08:00:00;1796.29;1796.29;221.42;1796.29;1796.29
13.04.2022 08:00:00;13.04.2022 09:00:00;1832.42;1832.42;248.85;1832.42;1832.42
13.04.2022 09:00:00;13.04.2022 10:00:00;1804.61;1804.61;248.65;1804.61;1804.61
13.04.2022 10:00:00;13.04.2022 11:00:00;1125.25;1125.25;248.65;1125.25;1125.25
13.04.2022 11:00:00;13.04.2022 12:00:00;1017.46;1017.46;248.94;1017.46;1017.46
13.04.2022 12:00:00;13.04.2022 13:00:00;919.6;919.6;249.51;919.6;919.6
13.04.2022 13:00:00;13.04.2022 14:00:00;777.31;777.31;248.75;777.31;777.31
13.04.2022 14:00:00;13.04.2022 15:00:00;698.18;698.18;248.85;698.18;698.18
13.04.2022 15:00:00;13.04.2022 16:00:00;662.06;662.06;248.85;662.06;662.06
13.04.2022 16:00:00;13.04.2022 17:00:00;727.52;727.52;248.65;727.52;727.52
13.04.2022 17:00:00;13.04.2022 18:00:00;759.72;759.72;248.27;759.72;759.72
13.04.2022 18:00:00;13.04.2022 19:00:00;827.76;827.76;248.37;827.76;827.76
13.04.2022 19:00:00;13.04.2022 20:00:00;1051.1;1051.1;248.85;1051.1;1051.1
13.04.2022 20:00:00;13.04.2022 21:00:00;840.38;840.38;250.76;840.38;840.38
13.04.2022 21:00:00;13.04.2022 22:00:00;691.87;691.87;249.61;691.87;691.87
13.04.2022 22:00:00;13.04.2022 23:00:00;614.85;614.85;248.46;614.85;614.85
13.04.2022 23:00:00;14.04.2022 00:00:00;561.24;525.6;194.09;561.24;561.24
14.04.2022 00:00:00;14.04.2022 01:00:00;656.85;445.99;255.94;656.85;656.85
14.04.2022 01:00:00;14.04.2022 02:00:00;616.27;433.67;249.73;616.27;616.27
14.04.2022 02:00:00;14.04.2022 03:00:00;628.78;430.8;249.54;628.78;628.78
14.04.2022 03:00:00;14.04.2022 04:00:00;669.17;442.65;249.54;669.17;669.17
14.04.2022 04:00:00;14.04.2022 05:00:00;693.62;468.33;249.54;693.62;693.62
14.04.2022 05:00:00;14.04.2022 06:00:00;702.88;692.76;256.13;702.88;702.88
14.04.2022 06:00:00;14.04.2022 07:00:00;955.87;581.5;300.44;955.87;955.87
14.04.2022 07:00:00;14.04.2022 08:00:00;1050.51;632.98;208.76;1050.51;1050.51
14.04.2022 08:00:00;14.04.2022 09:00:00;1050.41;1021.86;229.2;1021.86;1021.86
14.04.2022 09:00:00;14.04.2022 10:00:00;1132.16;1132.16;242.09;1132.16;1132.16
14.04.2022 10:00:00;14.04.2022 11:00:00;1337.01;1337.01;229.58;1337.01;1337.01
14.04.2022 11:00:00;14.04.2022 12:00:00;1418.76;1046.88;200.55;1046.88;1046.88
14.04.2022 12:00:00;14.04.2022 13:00:00;1050.51;1026.34;193.58;1026.34;1026.34
14.04.2022 13:00:00;14.04.2022 14:00:00;1050.41;1023.29;170.66;1023.29;1023.29
14.04.2022 14:00:00;14.04.2022 15:00:00;938.39;810.99;196.25;938.39;938.39
14.04.2022 15:00:00;14.04.2022 16:00:00;798.67;729.53;219.56;798.67;798.67
14.04.2022 16:00:00;14.04.2022 17:00:00;1101.41;736.31;199.88;736.31;736.31
14.04.2022 17:00:00;14.04.2022 18:00:00;1050.51;719.98;200.07;719.98;719.98
14.04.2022 18:00:00;14.04.2022 19:00:00;791.03;753.88;225.48;753.88;753.88
14.04.2022 19:00:00;14.04.2022 20:00:00;931.7;808.32;249.54;808.32;808.32
14.04.2022 20:00:00;14.04.2022 21:00:00;730.01;730.01;249.35;730.01;730.01
14.04.2022 21:00:00;14.04.2022 22:00:00;605.86;605.86;249.35;605.86;605.86
14.04.2022 22:00:00;14.04.2022 23:00:00;551.8;551.8;249.64;551.8;551.8
14.04.2022 23:00:00;15.04.2022 00:00:00;426.51;426.51;225.67;426.51;426.51
15.04.2022 00:00:00;15.04.2022 01:00:00;475.37;475.37;173.7;475.37;475.37
15.04.2022 01:00:00;15.04.2022 02:00:00;436.98;436.98;171.79;436.98;436.98
15.04.2022 02:00:00;15.04.2022 03:00:00;427.14;427.14;172.08;427.14;427.14
15.04.2022 03:00:00;15.04.2022 04:00:00;427.71;427.71;173.42;427.71;427.71
15.04.2022 04:00:00;15.04.2022 05:00:00;476.51;476.51;175.42;476.51;476.51
15.04.2022 05:00:00;15.04.2022 06:00:00;525.4;525.4;178.29;525.4;525.4
15.04.2022 06:00:00;15.04.2022 07:00:00;656.8;656.8;193.66;656.8;656.8
15.04.2022 07:00:00;15.04.2022 08:00:00;622.14;622.14;185.07;622.14;622.14
15.04.2022 08:00:00;15.04.2022 09:00:00;662.82;662.82;189.74;662.82;662.82
15.04.2022 09:00:00;15.04.2022 10:00:00;669.12;669.12;190.32;669.12;669.12
15.04.2022 10:00:00;15.04.2022 11:00:00;664.54;664.54;184.59;664.54;664.54
15.04.2022 11:00:00;15.04.2022 12:00:00;638.85;638.85;179.24;638.85;638.85
15.04.2022 12:00:00;15.04.2022 13:00:00;621.76;621.76;182.87;621.76;621.76
15.04.2022 13:00:00;15.04.2022 14:00:00;595.02;595.02;178.67;595.02;595.02
15.04.2022 14:00:00;15.04.2022 15:00:00;488.93;488.93;224.98;488.93;488.93
15.04.2022 15:00:00;15.04.2022 16:00:00;508.98;508.98;225.94;508.98;508.98
15.04.2022 16:00:00;15.04.2022 17:00:00;592.15;592.15;225.84;592.15;592.15
15.04.2022 17:00:00;15.04.2022 18:00:00;653.08;606;198.91;653.08;653.08
15.04.2022 18:00:00;15.04.2022 19:00:00;668.07;615.07;225.27;668.07;668.07
15.04.2022 19:00:00;15.04.2022 20:00:00;756.88;566.85;225.08;756.88;756.88
15.04.2022 20:00:00;15.04.2022 21:00:00;676.28;468.49;192.42;676.28;676.28
15.04.2022 21:00:00;15.04.2022 22:00:00;655.18;448.05;172.94;655.18;655.18
15.04.2022 22:00:00;15.04.2022 23:00:00;598.84;434.11;165.68;598.84;598.84
15.04.2022 23:00:00;16.04.2022 00:00:00;563.31;423.61;163.96;563.31;563.31
16.04.2022 00:00:00;16.04.2022 01:00:00;729.47;421.89;159.76;729.47;729.47
16.04.2022 01:00:00;16.04.2022 02:00:00;666.35;411.1;158.61;666.35;666.35
16.04.2022 02:00:00;16.04.2022 03:00:00;659.67;401.93;157.28;659.67;659.67
16.04.2022 03:00:00;16.04.2022 04:00:00;654.32;401.17;156.61;654.32;654.32
16.04.2022 04:00:00;16.04.2022 05:00:00;649.93;406.8;156.13;649.93;649.93
16.04.2022 05:00:00;16.04.2022 06:00:00;620.71;414.25;156.23;620.71;620.71
16.04.2022 06:00:00;16.04.2022 07:00:00;596.16;421.32;156.99;596.16;596.16
16.04.2022 07:00:00;16.04.2022 08:00:00;589.96;418.16;158.23;589.96;589.96
16.04.2022 08:00:00;16.04.2022 09:00:00;625.77;421.32;159.86;625.77;625.77
16.04.2022 09:00:00;16.04.2022 10:00:00;620.42;423.7;160.33;620.42;620.42
16.04.2022 10:00:00;16.04.2022 11:00:00;619.85;425.14;160.81;619.85;619.85
16.04.2022 11:00:00;16.04.2022 12:00:00;564.84;421.13;160.43;564.84;564.84
16.04.2022 12:00:00;16.04.2022 13:00:00;597.88;419.02;159.66;597.88;597.88
16.04.2022 13:00:00;16.04.2022 14:00:00;495.42;421.6;158.42;495.42;495.42
16.04.2022 14:00:00;16.04.2022 15:00:00;330.5;330.5;157.28;330.5;330.5
16.04.2022 15:00:00;16.04.2022 16:00:00;385.03;385.03;156.7;385.03;385.03
16.04.2022 16:00:00;16.04.2022 17:00:00;498.67;442.61;156.23;498.67;498.67
16.04.2022 17:00:00;16.04.2022 18:00:00;523.78;461.14;156.61;523.78;523.78
16.04.2022 18:00:00;16.04.2022 19:00:00;545.46;545.46;157.56;545.46;545.46
16.04.2022 19:00:00;16.04.2022 20:00:00;560.74;560.74;159;560.74;560.74
16.04.2022 20:00:00;16.04.2022 21:00:00;516.71;516.71;160.05;516.71;516.71
16.04.2022 21:00:00;16.04.2022 22:00:00;494.46;494.46;160.52;494.46;494.46
16.04.2022 22:00:00;16.04.2022 23:00:00;463.33;463.33;160.24;463.33;463.33
16.04.2022 23:00:00;17.04.2022 00:00:00;388.94;388.94;160.24;388.94;388.94
17.04.2022 00:00:00;17.04.2022 01:00:00;353.61;353.61;145.63;353.61;353.61
17.04.2022 01:00:00;17.04.2022 02:00:00;334.7;334.7;144.29;334.7;334.7
17.04.2022 02:00:00;17.04.2022 03:00:00;336.33;336.33;144.58;336.33;336.33
17.04.2022 03:00:00;17.04.2022 04:00:00;357.53;357.53;143.62;357.53;357.53
17.04.2022 04:00:00;17.04.2022 05:00:00;398.68;398.68;143.05;398.68;398.68
17.04.2022 05:00:00;17.04.2022 06:00:00;421.79;421.79;143.24;421.79;421.79
17.04.2022 06:00:00;17.04.2022 07:00:00;432.78;432.78;142.57;432.78;432.78
17.04.2022 07:00:00;17.04.2022 08:00:00;486.35;486.35;144.19;486.35;486.35
17.04.2022 08:00:00;17.04.2022 09:00:00;632.45;479.66;147.54;632.45;632.45
17.04.2022 09:00:00;17.04.2022 10:00:00;661.48;576.78;149.45;661.48;661.48
17.04.2022 10:00:00;17.04.2022 11:00:00;612.02;583.94;150.12;612.02;612.02
17.04.2022 11:00:00;17.04.2022 12:00:00;394.29;394.29;150.12;394.29;394.29
17.04.2022 12:00:00;17.04.2022 13:00:00;228.61;228.61;149.92;228.61;228.61
17.04.2022 13:00:00;17.04.2022 14:00:00;125.67;185.35;125.67;125.67;125.67
17.04.2022 14:00:00;17.04.2022 15:00:00;125.48;183.92;125.48;125.48;125.48
17.04.2022 15:00:00;17.04.2022 16:00:00;125.86;267.48;125.86;125.86;125.86
17.04.2022 16:00:00;17.04.2022 17:00:00;195.86;285.91;149.54;195.86;195.86
17.04.2022 17:00:00;17.04.2022 18:00:00;579.55;579.55;149.35;579.55;579.55
17.04.2022 18:00:00;17.04.2022 19:00:00;663.3;663.3;148.68;663.3;663.3
17.04.2022 19:00:00;17.04.2022 20:00:00;672.75;672.75;148.3;672.75;672.75
17.04.2022 20:00:00;17.04.2022 21:00:00;702.07;702.07;147.82;702.07;702.07
17.04.2022 21:00:00;17.04.2022 22:00:00;693.09;693.09;146.49;693.09;693.09
17.04.2022 22:00:00;17.04.2022 23:00:00;663.3;663.3;143.72;663.3;663.3
17.04.2022 23:00:00;18.04.2022 00:00:00;603.8;603.8;139.13;603.8;603.8
18.04.2022 00:00:00;18.04.2022 01:00:00;648.78;598.36;133.21;648.78;648.78
18.04.2022 01:00:00;18.04.2022 02:00:00;614.98;519.58;132.93;614.98;614.98
18.04.2022 02:00:00;18.04.2022 03:00:00;618.8;511.46;133.12;618.8;618.8
18.04.2022 03:00:00;18.04.2022 04:00:00;647.92;506.59;133.31;647.92;647.92
18.04.2022 04:00:00;18.04.2022 05:00:00;693.95;494.08;133.5;693.95;693.95
18.04.2022 05:00:00;18.04.2022 06:00:00;661.39;567.71;134.45;661.39;661.39
18.04.2022 06:00:00;18.04.2022 07:00:00;649.45;582.99;138.27;649.45;649.45
18.04.2022 07:00:00;18.04.2022 08:00:00;678.77;621.66;144.58;678.77;678.77
18.04.2022 08:00:00;18.04.2022 09:00:00;672.65;617.17;143.81;672.65;672.65
18.04.2022 09:00:00;18.04.2022 10:00:00;769.1;625.86;148.21;769.1;769.1
18.04.2022 10:00:00;18.04.2022 11:00:00;784.29;633.41;148.87;784.29;784.29
18.04.2022 11:00:00;18.04.2022 12:00:00;743.03;610.77;148.97;743.03;743.03
18.04.2022 12:00:00;18.04.2022 13:00:00;687.74;575.63;149.35;687.74;687.74
18.04.2022 13:00:00;18.04.2022 14:00:00;584.13;468.49;149.73;584.13;584.13
18.04.2022 14:00:00;18.04.2022 15:00:00;429.72;429.72;149.83;429.72;429.72
18.04.2022 15:00:00;18.04.2022 16:00:00;572.67;430.77;150.02;572.67;572.67
18.04.2022 16:00:00;18.04.2022 17:00:00;696.15;429.43;149.83;696.15;696.15
18.04.2022 17:00:00;18.04.2022 18:00:00;778.84;424.18;150.21;778.84;778.84
18.04.2022 18:00:00;18.04.2022 19:00:00;792.02;421.03;150.88;792.02;792.02
18.04.2022 19:00:00;18.04.2022 20:00:00;825.25;420.17;152.69;825.25;825.25
18.04.2022 20:00:00;18.04.2022 21:00:00;789.54;418.74;154.22;789.54;789.54
18.04.2022 21:00:00;18.04.2022 22:00:00;791.64;417.4;154.89;791.64;791.64
18.04.2022 22:00:00;18.04.2022 23:00:00;680.48;413.96;152.98;680.48;680.48
18.04.2022 23:00:00;19.04.2022 00:00:00;612.88;411.1;151.93;612.88;612.88
19.04.2022 00:00:00;19.04.2022 01:00:00;781.9;781.9;139.32;781.9;781.9
19.04.2022 01:00:00;19.04.2022 02:00:00;759.84;759.84;138.56;759.84;759.84
19.04.2022 02:00:00;19.04.2022 03:00:00;763.37;763.37;137.99;763.37;763.37
19.04.2022 03:00:00;19.04.2022 04:00:00;776.65;776.65;138.75;776.65;776.65
19.04.2022 04:00:00;19.04.2022 05:00:00;803.48;803.48;139.32;803.48;803.48
19.04.2022 05:00:00;19.04.2022 06:00:00;881.78;881.78;140.18;881.78;881.78
19.04.2022 06:00:00;19.04.2022 07:00:00;1146.01;1146.01;128.82;967.16;1146.01
19.04.2022 07:00:00;19.04.2022 08:00:00;1671.13;1954.75;133.31;1089.1;1954.75
19.04.2022 08:00:00;19.04.2022 09:00:00;1528.37;2730.91;139.52;1127.01;2730.91
19.04.2022 09:00:00;19.04.2022 10:00:00;1173.32;2363.74;139.61;1137.32;2363.74
19.04.2022 10:00:00;19.04.2022 11:00:00;1336.43;1909.39;139.23;1114.79;1909.39
19.04.2022 11:00:00;19.04.2022 12:00:00;931.25;931.25;138.47;931.25;931.25
19.04.2022 12:00:00;19.04.2022 13:00:00;845.59;789.44;135.31;845.59;845.59
19.04.2022 13:00:00;19.04.2022 14:00:00;770.15;667.88;130.83;770.15;770.15
19.04.2022 14:00:00;19.04.2022 15:00:00;744.08;641.43;130.25;744.08;744.08
19.04.2022 15:00:00;19.04.2022 16:00:00;716.68;716.68;132.07;716.68;716.68
19.04.2022 16:00:00;19.04.2022 17:00:00;748.86;748.86;130.54;748.86;748.86
19.04.2022 17:00:00;19.04.2022 18:00:00;811.41;811.41;129.78;811.41;811.41
19.04.2022 18:00:00;19.04.2022 19:00:00;867.36;867.36;131.3;867.36;867.36
19.04.2022 19:00:00;19.04.2022 20:00:00;845.69;845.69;132.83;845.69;845.69
19.04.2022 20:00:00;19.04.2022 21:00:00;851.13;899.26;133.12;851.13;899.26
19.04.2022 21:00:00;19.04.2022 22:00:00;838.53;838.53;133.31;838.53;838.53
19.04.2022 22:00:00;19.04.2022 23:00:00;803.67;803.67;130.83;803.67;803.67
19.04.2022 23:00:00;20.04.2022 00:00:00;708.94;708.94;128.92;708.94;708.94
20.04.2022 00:00:00;20.04.2022 01:00:00;653.5;653.5;127.59;653.5;653.5
20.04.2022 01:00:00;20.04.2022 02:00:00;625.25;625.25;127.49;625.25;625.25
20.04.2022 02:00:00;20.04.2022 03:00:00;625.25;625.25;127.4;625.25;625.25
20.04.2022 03:00:00;20.04.2022 04:00:00;641.85;641.85;127.4;641.85;641.85
20.04.2022 04:00:00;20.04.2022 05:00:00;654.16;654.16;127.49;654.16;654.16
20.04.2022 05:00:00;20.04.2022 06:00:00;676.21;676.21;127.59;676.21;676.21
20.04.2022 06:00:00;20.04.2022 07:00:00;826.89;799.5;127.97;826.89;826.89
20.04.2022 07:00:00;20.04.2022 08:00:00;1049.62;1049.62;128.45;941.69;1049.62
20.04.2022 08:00:00;20.04.2022 09:00:00;955.43;1049.62;128.45;955.43;1049.62
20.04.2022 09:00:00;20.04.2022 10:00:00;927;927;128.45;927;927
20.04.2022 10:00:00;20.04.2022 11:00:00;858.38;841.49;128.35;858.38;858.38
20.04.2022 11:00:00;20.04.2022 12:00:00;759.9;759.9;128.35;759.9;759.9
20.04.2022 12:00:00;20.04.2022 13:00:00;694.63;694.63;128.16;694.63;694.63
20.04.2022 13:00:00;20.04.2022 14:00:00;661.42;661.42;128.07;661.42;661.42
20.04.2022 14:00:00;20.04.2022 15:00:00;661.61;661.61;128.07;661.61;661.61
20.04.2022 15:00:00;20.04.2022 16:00:00;657.79;657.79;128.16;657.79;657.79
20.04.2022 16:00:00;20.04.2022 17:00:00;660.94;660.94;128.16;660.94;660.94
20.04.2022 17:00:00;20.04.2022 18:00:00;684.61;684.61;128.16;684.61;684.61
20.04.2022 18:00:00;20.04.2022 19:00:00;667.05;667.05;128.26;667.05;667.05
20.04.2022 19:00:00;20.04.2022 20:00:00;666.86;666.86;128.35;666.86;666.86
20.04.2022 20:00:00;20.04.2022 21:00:00;666.19;666.19;128.64;666.19;666.19
20.04.2022 21:00:00;20.04.2022 22:00:00;658.55;658.55;128.83;658.55;658.55
20.04.2022 22:00:00;20.04.2022 23:00:00;572.1;572.1;128.73;572.1;572.1
20.04.2022 23:00:00;21.04.2022 00:00:00;522.09;522.09;128.45;522.09;522.09
21.04.2022 00:00:00;21.04.2022 01:00:00;317.18;317.18;130.84;317.18;317.18
21.04.2022 01:00:00;21.04.2022 02:00:00;290.1;290.1;130.65;290.1;290.1
21.04.2022 02:00:00;21.04.2022 03:00:00;296.49;296.49;130.55;296.49;296.49
21.04.2022 03:00:00;21.04.2022 04:00:00;333.87;333.87;130.46;333.87;333.87
21.04.2022 04:00:00;21.04.2022 05:00:00;350.56;350.56;130.55;350.56;350.56
21.04.2022 05:00:00;21.04.2022 06:00:00;434.67;434.67;130.75;434.67;434.67
21.04.2022 06:00:00;21.04.2022 07:00:00;636.56;622.83;131.79;636.56;636.56
21.04.2022 07:00:00;21.04.2022 08:00:00;694.16;656.49;133.03;694.16;694.16
21.04.2022 08:00:00;21.04.2022 09:00:00;780.75;672.51;133.13;780.75;780.75
21.04.2022 09:00:00;21.04.2022 10:00:00;690.35;653.82;132.84;690.35;690.35
21.04.2022 10:00:00;21.04.2022 11:00:00;650.58;628.55;132.46;650.58;650.58
21.04.2022 11:00:00;21.04.2022 12:00:00;537.19;537.19;131.89;537.19;537.19
21.04.2022 12:00:00;21.04.2022 13:00:00;470.24;470.24;131.32;470.24;470.24
21.04.2022 13:00:00;21.04.2022 14:00:00;414.84;414.84;130.84;414.84;414.84
21.04.2022 14:00:00;21.04.2022 15:00:00;359.81;359.81;130.55;359.81;359.81
21.04.2022 15:00:00;21.04.2022 16:00:00;382.51;382.51;130.36;382.51;382.51
21.04.2022 16:00:00;21.04.2022 17:00:00;380.98;380.98;130.27;380.98;380.98
21.04.2022 17:00:00;21.04.2022 18:00:00;421.99;381.65;130.08;421.99;421.99
21.04.2022 18:00:00;21.04.2022 19:00:00;445.35;353.23;130.08;445.35;445.35
21.04.2022 19:00:00;21.04.2022 20:00:00;432.96;334.73;130.17;432.96;432.96
21.04.2022 20:00:00;21.04.2022 21:00:00;424.85;353.52;130.36;424.85;424.85
21.04.2022 21:00:00;21.04.2022 22:00:00;379.27;362.86;130.36;379.27;379.27
21.04.2022 22:00:00;21.04.2022 23:00:00;245.37;245.37;130.08;245.37;245.37
21.04.2022 23:00:00;22.04.2022 00:00:00;181.19;181.19;129.51;181.19;181.19
22.04.2022 00:00:00;22.04.2022 01:00:00;153.05;153.05;130.27;153.05;153.05
22.04.2022 01:00:00;22.04.2022 02:00:00;161.95;161.95;130.17;161.95;161.95
22.04.2022 02:00:00;22.04.2022 03:00:00;159.94;159.94;130.17;159.94;159.94
22.04.2022 03:00:00;22.04.2022 04:00:00;162.04;162.04;130.27;162.04;162.04
22.04.2022 04:00:00;22.04.2022 05:00:00;185.59;185.59;130.36;185.59;185.59
22.04.2022 05:00:00;22.04.2022 06:00:00;427.36;266.66;130.55;266.66;266.66
22.04.2022 06:00:00;22.04.2022 07:00:00;645.69;379.41;130.75;379.41;379.41
22.04.2022 07:00:00;22.04.2022 08:00:00;800.56;435.5;131.8;605.87;605.87
22.04.2022 08:00:00;22.04.2022 09:00:00;792.9;441.53;132.56;666.36;666.36
22.04.2022 09:00:00;22.04.2022 10:00:00;670;425.45;132.28;665.02;665.02
22.04.2022 10:00:00;22.04.2022 11:00:00;659.95;422.39;131.99;659.95;659.95
22.04.2022 11:00:00;22.04.2022 12:00:00;557.73;412.24;131.7;557.73;557.73
22.04.2022 12:00:00;22.04.2022 13:00:00;487.28;412.53;131.32;430.33;430.33
22.04.2022 13:00:00;22.04.2022 14:00:00;383.24;383.24;131.13;383.24;383.24
22.04.2022 14:00:00;22.04.2022 15:00:00;286.86;286.86;130.94;286.86;286.86
22.04.2022 15:00:00;22.04.2022 16:00:00;290.4;290.4;131.13;290.4;290.4
22.04.2022 16:00:00;22.04.2022 17:00:00;296.04;296.04;131.13;296.04;296.04
22.04.2022 17:00:00;22.04.2022 18:00:00;319.69;319.69;131.13;319.69;319.69
22.04.2022 18:00:00;22.04.2022 19:00:00;347.83;333.28;132.28;347.83;347.83
22.04.2022 19:00:00;22.04.2022 20:00:00;362.09;338.25;132.56;362.09;362.09
22.04.2022 20:00:00;22.04.2022 21:00:00;295.85;295.85;132.76;295.85;295.85
22.04.2022 21:00:00;22.04.2022 22:00:00;298.63;298.63;132.85;298.63;298.63
22.04.2022 22:00:00;22.04.2022 23:00:00;246.37;246.37;132.66;246.37;246.37
22.04.2022 23:00:00;23.04.2022 00:00:00;234.98;234.98;132.28;234.98;234.98
23.04.2022 00:00:00;23.04.2022 01:00:00;182.37;182.37;129.54;182.37;182.37
23.04.2022 01:00:00;23.04.2022 02:00:00;211.34;211.34;129.44;211.34;211.34
23.04.2022 02:00:00;23.04.2022 03:00:00;208.84;208.84;129.34;208.84;208.84
23.04.2022 03:00:00;23.04.2022 04:00:00;226.83;226.83;129.34;226.83;226.83
23.04.2022 04:00:00;23.04.2022 05:00:00;224.04;224.04;129.44;224.04;224.04
23.04.2022 05:00:00;23.04.2022 06:00:00;235.5;235.5;129.44;235.5;235.5
23.04.2022 06:00:00;23.04.2022 07:00:00;227.7;227.7;129.44;227.7;227.7
23.04.2022 07:00:00;23.04.2022 08:00:00;282.17;282.17;129.83;282.17;282.17
23.04.2022 08:00:00;23.04.2022 09:00:00;361.38;361.38;129.92;361.38;361.38
23.04.2022 09:00:00;23.04.2022 10:00:00;362.53;362.53;130.31;362.53;362.53
23.04.2022 10:00:00;23.04.2022 11:00:00;361.18;361.18;129.92;361.18;361.18
23.04.2022 11:00:00;23.04.2022 12:00:00;201.14;201.14;129.73;201.14;201.14
23.04.2022 12:00:00;23.04.2022 13:00:00;127.9;127.9;127.9;127.9;127.9
23.04.2022 13:00:00;23.04.2022 14:00:00;130.69;130.69;129.34;130.69;130.69
23.04.2022 14:00:00;23.04.2022 15:00:00;128.29;128.29;128.29;128.29;128.29
23.04.2022 15:00:00;23.04.2022 16:00:00;128.29;128.29;128.29;128.29;128.29
23.04.2022 16:00:00;23.04.2022 17:00:00;207.3;207.3;128.86;207.3;207.3
23.04.2022 17:00:00;23.04.2022 18:00:00;390.06;367.92;128.86;390.06;390.06
23.04.2022 18:00:00;23.04.2022 19:00:00;364.94;364.94;128.96;364.94;364.94
23.04.2022 19:00:00;23.04.2022 20:00:00;382.36;366.09;128.96;382.36;382.36
23.04.2022 20:00:00;23.04.2022 21:00:00;365.03;362.05;129.06;365.03;365.03
23.04.2022 21:00:00;23.04.2022 22:00:00;338.09;338.09;129.06;338.09;338.09
23.04.2022 22:00:00;23.04.2022 23:00:00;297.28;297.28;129.06;297.28;297.28
23.04.2022 23:00:00;24.04.2022 00:00:00;248.1;248.1;128.96;248.1;248.1
24.04.2022 00:00:00;24.04.2022 01:00:00;296.15;296.15;130.07;296.15;296.15
24.04.2022 01:00:00;24.04.2022 02:00:00;308.28;308.28;129.97;308.28;308.28
24.04.2022 02:00:00;24.04.2022 03:00:00;316.05;316.05;129.97;316.05;316.05
24.04.2022 03:00:00;24.04.2022 04:00:00;327.89;327.89;129.87;327.89;327.89
24.04.2022 04:00:00;24.04.2022 05:00:00;308.67;308.67;129.78;308.67;308.67
24.04.2022 05:00:00;24.04.2022 06:00:00;317.89;317.89;129.68;317.89;317.89
24.04.2022 06:00:00;24.04.2022 07:00:00;340.51;340.51;129.68;340.51;340.51
24.04.2022 07:00:00;24.04.2022 08:00:00;637.44;351.48;129.97;637.44;637.44
24.04.2022 08:00:00;24.04.2022 09:00:00;682.96;369.34;130.07;682.96;682.96
24.04.2022 09:00:00;24.04.2022 10:00:00;765.76;381.76;130.36;765.76;765.76
24.04.2022 10:00:00;24.04.2022 11:00:00;711.3;382.34;130.26;709.65;709.65
24.04.2022 11:00:00;24.04.2022 12:00:00;701.4;383.02;130.07;691.89;691.89
24.04.2022 12:00:00;24.04.2022 13:00:00;614.82;387;129.97;531.34;531.34
24.04.2022 13:00:00;24.04.2022 14:00:00;552.21;336.24;129.87;336.24;336.24
24.04.2022 14:00:00;24.04.2022 15:00:00;502.22;331.97;129.87;331.97;331.97
24.04.2022 15:00:00;24.04.2022 16:00:00;749.94;391.27;130.07;427.97;427.97
24.04.2022 16:00:00;24.04.2022 17:00:00;782.65;389.24;130.26;689.85;689.85
24.04.2022 17:00:00;24.04.2022 18:00:00;1058.41;388.56;130.46;739.45;739.45
24.04.2022 18:00:00;24.04.2022 19:00:00;1563.25;393.51;130.94;679.37;679.37
24.04.2022 19:00:00;24.04.2022 20:00:00;1649.45;399.33;132.79;678.69;678.69
24.04.2022 20:00:00;24.04.2022 21:00:00;1164.8;405.54;132.98;677.23;677.23
24.04.2022 21:00:00;24.04.2022 22:00:00;1588.49;409.43;133.37;676.65;676.65
24.04.2022 22:00:00;24.04.2022 23:00:00;1228.18;417;133.08;671.51;671.51
24.04.2022 23:00:00;25.04.2022 00:00:00;803.22;404.96;132.01;670.63;670.63
25.04.2022 00:00:00;25.04.2022 01:00:00;890.39;400.11;132.4;555.41;555.41
25.04.2022 01:00:00;25.04.2022 02:00:00;865.35;399.14;131.91;434.95;434.95
25.04.2022 02:00:00;25.04.2022 03:00:00;883.6;410.79;131.72;430.39;430.39
25.04.2022 03:00:00;25.04.2022 04:00:00;923.1;427.97;131.52;427.97;427.97
25.04.2022 04:00:00;25.04.2022 05:00:00;975.32;420.2;131.72;420.2;420.2
25.04.2022 05:00:00;25.04.2022 06:00:00;1465.9;427.77;132.2;427.77;427.77
25.04.2022 06:00:00;25.04.2022 07:00:00;2203.41;394.09;134.53;394.09;394.09
25.04.2022 07:00:00;25.04.2022 08:00:00;2541.88;545.51;138.71;545.51;545.51
25.04.2022 08:00:00;25.04.2022 09:00:00;2644.77;666.07;140.07;666.07;666.07
25.04.2022 09:00:00;25.04.2022 10:00:00;2417.54;581.52;139.68;662.87;662.87
25.04.2022 10:00:00;25.04.2022 11:00:00;2185.45;534.45;138.03;534.45;534.45
25.04.2022 11:00:00;25.04.2022 12:00:00;2141.96;433.6;135.99;433.6;433.6
25.04.2022 12:00:00;25.04.2022 13:00:00;1980.74;420.59;133.37;431.27;431.27
25.04.2022 13:00:00;25.04.2022 14:00:00;1650.13;387.29;133.47;387.29;387.29
25.04.2022 14:00:00;25.04.2022 15:00:00;1557.43;365.45;132.4;365.45;365.45
25.04.2022 15:00:00;25.04.2022 16:00:00;1456.58;348.95;131.52;348.95;348.95
25.04.2022 16:00:00;25.04.2022 17:00:00;1266.43;311.19;130.85;311.19;311.19
25.04.2022 17:00:00;25.04.2022 18:00:00;1884.74;288.29;130.75;288.29;288.29
25.04.2022 18:00:00;25.04.2022 19:00:00;1937.25;254.61;130.75;254.61;254.61
25.04.2022 19:00:00;25.04.2022 20:00:00;1935.8;250.63;130.85;250.63;250.63
25.04.2022 20:00:00;25.04.2022 21:00:00;1818.73;242.86;131.33;242.86;242.86
25.04.2022 21:00:00;25.04.2022 22:00:00;1456.58;232.09;131.62;232.09;232.09
25.04.2022 22:00:00;25.04.2022 23:00:00;702.95;196.56;130.94;196.56;196.56
25.04.2022 23:00:00;26.04.2022 00:00:00;183.94;139.48;130.65;139.48;139.48
26.04.2022 00:00:00;26.04.2022 01:00:00;96.38;99.68;96.38;96.38;96.38
26.04.2022 01:00:00;26.04.2022 02:00:00;92.01;99.49;92.01;92.01;92.01
26.04.2022 02:00:00;26.04.2022 03:00:00;57.65;100.26;89.1;57.65;57.65
26.04.2022 03:00:00;26.04.2022 04:00:00;47.75;99.78;90.85;47.75;47.75
26.04.2022 04:00:00;26.04.2022 05:00:00;111.62;111.62;111.62;111.62;111.62
26.04.2022 05:00:00;26.04.2022 06:00:00;129.19;129.19;129.19;129.19;129.19
26.04.2022 06:00:00;26.04.2022 07:00:00;750.07;196.25;132.29;196.25;196.25
26.04.2022 07:00:00;26.04.2022 08:00:00;1928.75;249.63;133.26;249.63;249.63
26.04.2022 08:00:00;26.04.2022 09:00:00;2015.52;302.73;133.94;302.73;302.73
26.04.2022 09:00:00;26.04.2022 10:00:00;1939.62;311.17;133.26;311.17;311.17
26.04.2022 10:00:00;26.04.2022 11:00:00;1985.63;329.61;132.49;329.61;329.61
26.04.2022 11:00:00;26.04.2022 12:00:00;1927.39;320.29;131.71;320.29;320.29
26.04.2022 12:00:00;26.04.2022 13:00:00;1920.11;270.21;130.93;270.21;270.21
26.04.2022 13:00:00;26.04.2022 14:00:00;1552.36;250.12;131.32;250.12;250.12
26.04.2022 14:00:00;26.04.2022 15:00:00;1561.67;245.66;131.61;245.66;245.66
26.04.2022 15:00:00;26.04.2022 16:00:00;1843.63;225.37;132;225.37;225.37
26.04.2022 16:00:00;26.04.2022 17:00:00;1880.42;215.47;132.29;215.47;215.47
26.04.2022 17:00:00;26.04.2022 18:00:00;1941.08;222.07;132.87;222.07;222.07
26.04.2022 18:00:00;26.04.2022 19:00:00;1985.04;242.65;133.75;242.65;242.65
26.04.2022 19:00:00;26.04.2022 20:00:00;1985.14;265.65;134.23;265.65;265.65
26.04.2022 20:00:00;26.04.2022 21:00:00;1951.75;327.77;134.62;327.77;327.77
26.04.2022 21:00:00;26.04.2022 22:00:00;1937.39;349.61;135.3;349.61;349.61
26.04.2022 22:00:00;26.04.2022 23:00:00;1067.55;364.46;135.49;364.46;364.46
26.04.2022 23:00:00;27.04.2022 00:00:00;446.37;352.81;134.72;352.81;352.81
27.04.2022 00:00:00;27.04.2022 01:00:00;248.24;248.24;134.51;248.24;248.24
27.04.2022 01:00:00;27.04.2022 02:00:00;275.2;275.2;133.83;275.2;275.2
27.04.2022 02:00:00;27.04.2022 03:00:00;305.59;305.59;133.73;305.59;305.59
27.04.2022 03:00:00;27.04.2022 04:00:00;349.81;349.81;133.73;349.81;349.81
27.04.2022 04:00:00;27.04.2022 05:00:00;513.74;392.85;134.02;392.85;392.85
27.04.2022 05:00:00;27.04.2022 06:00:00;1158.06;404.42;135;428.73;428.73
27.04.2022 06:00:00;27.04.2022 07:00:00;2001.12;410.79;136.47;437.07;437.07
27.04.2022 07:00:00;27.04.2022 08:00:00;2657.02;503.93;140.79;636.97;636.97
27.04.2022 08:00:00;27.04.2022 09:00:00;2607.7;593.64;147.06;671.98;671.98
27.04.2022 09:00:00;27.04.2022 10:00:00;2477.9;593.05;144.02;636.58;636.58
27.04.2022 10:00:00;27.04.2022 11:00:00;2139.65;489.13;140.3;489.13;489.13
27.04.2022 11:00:00;27.04.2022 12:00:00;2025.83;437.66;137.36;437.66;437.66
27.04.2022 12:00:00;27.04.2022 13:00:00;1957.1;414.13;136.67;434.91;434.91
27.04.2022 13:00:00;27.04.2022 14:00:00;1176.5;404.03;137.06;431.87;431.87
27.04.2022 14:00:00;27.04.2022 15:00:00;1120.71;397.56;135.79;397.56;397.56
27.04.2022 15:00:00;27.04.2022 16:00:00;1078.36;376.38;135.59;376.38;376.38
27.04.2022 16:00:00;27.04.2022 17:00:00;1138.55;369.91;135.3;369.91;369.91
27.04.2022 17:00:00;27.04.2022 18:00:00;1274.24;355.6;135.2;371.67;371.67
27.04.2022 18:00:00;27.04.2022 19:00:00;2017.2;343.83;135.79;423.54;423.54
27.04.2022 19:00:00;27.04.2022 20:00:00;2017.4;325.79;135.59;436.48;436.48
27.04.2022 20:00:00;27.04.2022 21:00:00;1568.95;280.59;134.51;436.77;436.77
27.04.2022 21:00:00;27.04.2022 22:00:00;1715.72;246.67;134.41;435.6;435.6
27.04.2022 22:00:00;27.04.2022 23:00:00;1297.67;196.96;134.02;431.97;431.97
27.04.2022 23:00:00;28.04.2022 00:00:00;584.82;137.06;133.34;362.07;362.07
28.04.2022 00:00:00;28.04.2022 01:00:00;472.9;131.11;131.11;295.64;295.64
28.04.2022 01:00:00;28.04.2022 02:00:00;278;131.31;131.31;278;278
28.04.2022 02:00:00;28.04.2022 03:00:00;228.81;131.8;131.8;228.81;228.81
28.04.2022 03:00:00;28.04.2022 04:00:00;339.54;132.38;132.38;194.61;194.61
28.04.2022 04:00:00;28.04.2022 05:00:00;489.95;134.83;134.83;146.1;146.1
28.04.2022 05:00:00;28.04.2022 06:00:00;1116.01;140.81;137.09;140.81;140.81
28.04.2022 06:00:00;28.04.2022 07:00:00;2033.4;198.72;198.72;198.72;198.72
28.04.2022 07:00:00;28.04.2022 08:00:00;2776.75;240.17;240.17;240.17;240.17
28.04.2022 08:00:00;28.04.2022 09:00:00;2736.77;269.08;269.08;269.08;269.08
28.04.2022 09:00:00;28.04.2022 10:00:00;2462.1;240.66;240.66;240.66;240.66
28.04.2022 10:00:00;28.04.2022 11:00:00;2133.54;211.76;211.76;211.76;211.76
28.04.2022 11:00:00;28.04.2022 12:00:00;2017.72;150.51;150.51;150.51;150.51
28.04.2022 12:00:00;28.04.2022 13:00:00;1959.71;134.64;134.64;134.64;134.64
28.04.2022 13:00:00;28.04.2022 14:00:00;1099.84;130.03;130.03;130.03;130.03
28.04.2022 14:00:00;28.04.2022 15:00:00;1070.35;129.05;129.05;129.05;129.05
28.04.2022 15:00:00;28.04.2022 16:00:00;1077.8;126.6;126.6;126.6;126.6
28.04.2022 16:00:00;28.04.2022 17:00:00;1077.8;127.09;127.09;127.09;127.09
28.04.2022 17:00:00;28.04.2022 18:00:00;901.22;134.05;134.05;134.05;134.05
28.04.2022 18:00:00;28.04.2022 19:00:00;1372.35;136.21;136.21;136.21;136.21
28.04.2022 19:00:00;28.04.2022 20:00:00;1585.09;187.95;147.57;187.95;187.95
28.04.2022 20:00:00;28.04.2022 21:00:00;1435.36;219.79;144.34;219.79;219.79
28.04.2022 21:00:00;28.04.2022 22:00:00;1469.27;211.07;148.06;211.07;211.07
28.04.2022 22:00:00;28.04.2022 23:00:00;877.9;206.37;148.46;206.37;206.37
28.04.2022 23:00:00;29.04.2022 00:00:00;201.76;201.76;143.46;201.76;201.76
29.04.2022 00:00:00;29.04.2022 01:00:00;229.05;229.05;138.58;229.05;229.05
29.04.2022 01:00:00;29.04.2022 02:00:00;297.35;232.41;138.18;232.41;232.41
29.04.2022 02:00:00;29.04.2022 03:00:00;325.65;238.05;138.38;238.05;238.05
29.04.2022 03:00:00;29.04.2022 04:00:00;498.97;244.49;138.18;244.49;244.49
29.04.2022 04:00:00;29.04.2022 05:00:00;719.51;250.43;139.47;250.43;250.43
29.04.2022 05:00:00;29.04.2022 06:00:00;1187.7;284.18;141.15;284.18;284.18
29.04.2022 06:00:00;29.04.2022 07:00:00;2171.3;353.27;146.99;353.27;353.27
29.04.2022 07:00:00;29.04.2022 08:00:00;2772.12;437.31;151.15;437.31;437.31
29.04.2022 08:00:00;29.04.2022 09:00:00;2882.59;443.84;443.84;443.84;443.84
29.04.2022 09:00:00;29.04.2022 10:00:00;2537.34;439.19;439.19;439.19;439.19
29.04.2022 10:00:00;29.04.2022 11:00:00;2213.76;396.43;157.68;396.43;396.43
29.04.2022 11:00:00;29.04.2022 12:00:00;2085.18;347.83;152.34;379.2;379.2
29.04.2022 12:00:00;29.04.2022 13:00:00;2006.98;337.04;147.98;356.44;356.44
29.04.2022 13:00:00;29.04.2022 14:00:00;1220.76;313.18;149.56;313.18;313.18
29.04.2022 14:00:00;29.04.2022 15:00:00;1088.72;261.81;149.86;261.81;261.81
29.04.2022 15:00:00;29.04.2022 16:00:00;908.96;249.04;150.65;249.04;249.04
29.04.2022 16:00:00;29.04.2022 17:00:00;1088.82;242.9;149.96;242.9;242.9
29.04.2022 17:00:00;29.04.2022 18:00:00;1088.82;254.19;151.44;377.03;377.03
29.04.2022 18:00:00;29.04.2022 19:00:00;1281.54;307.05;190.05;388.11;388.11
29.04.2022 19:00:00;29.04.2022 20:00:00;1248.57;297.74;200.24;395.73;395.73
29.04.2022 20:00:00;29.04.2022 21:00:00;1187.8;293.29;199.85;346.64;346.64
29.04.2022 21:00:00;29.04.2022 22:00:00;1277.87;247.46;186.48;247.46;247.46
29.04.2022 22:00:00;29.04.2022 23:00:00;600.93;196.58;161.44;196.58;196.58
29.04.2022 23:00:00;30.04.2022 00:00:00;202.22;163.62;150.85;163.62;163.62
30.04.2022 00:00:00;30.04.2022 01:00:00;175.82;147.89;147.89;147.89;147.89
30.04.2022 01:00:00;30.04.2022 02:00:00;136.52;136.52;136.52;136.52;136.52
30.04.2022 02:00:00;30.04.2022 03:00:00;130.84;130.84;130.84;130.84;130.84
30.04.2022 03:00:00;30.04.2022 04:00:00;129.76;129.76;129.76;129.76;129.76
30.04.2022 04:00:00;30.04.2022 05:00:00;130.54;130.54;130.54;130.54;130.54
30.04.2022 05:00:00;30.04.2022 06:00:00;135.93;135.93;135.93;135.93;135.93
30.04.2022 06:00:00;30.04.2022 07:00:00;142.21;142.21;142.21;142.21;142.21
30.04.2022 07:00:00;30.04.2022 08:00:00;244.43;187.58;155.24;244.43;244.43
30.04.2022 08:00:00;30.04.2022 09:00:00;346.74;201.3;163.87;346.74;346.74
30.04.2022 09:00:00;30.04.2022 10:00:00;371.64;219.14;197.68;371.64;371.64
30.04.2022 10:00:00;30.04.2022 11:00:00;343.8;235.21;198.27;343.8;343.8
30.04.2022 11:00:00;30.04.2022 12:00:00;290;241.19;197.78;290;290
30.04.2022 12:00:00;30.04.2022 13:00:00;264.52;258.64;166.02;264.52;264.52
30.04.2022 13:00:00;30.04.2022 14:00:00;264.32;264.32;160.14;264.32;264.32
30.04.2022 14:00:00;30.04.2022 15:00:00;267.26;267.26;159.36;267.26;267.26
30.04.2022 15:00:00;30.04.2022 16:00:00;274.12;274.12;158.18;274.12;274.12
30.04.2022 16:00:00;30.04.2022 17:00:00;391.04;298.04;157.59;391.04;391.04
30.04.2022 17:00:00;30.04.2022 18:00:00;968.4;300.98;158.87;442.1;442.1
30.04.2022 18:00:00;30.04.2022 19:00:00;1469.99;313.62;159.16;456.02;456.02
30.04.2022 19:00:00;30.04.2022 20:00:00;1960.02;322.83;164.75;517.96;517.96
30.04.2022 20:00:00;30.04.2022 21:00:00;2122.51;333.61;170.43;525.02;525.02
30.04.2022 21:00:00;30.04.2022 22:00:00;2151.62;333.51;197.58;464.84;464.84
30.04.2022 22:00:00;30.04.2022 23:00:00;2118.79;328.32;197.87;452.98;452.98
30.04.2022 23:00:00;01.05.2022 00:00:00;1451.66;317.74;182.88;447.1;447.1
01.05.2022 00:00:00;01.05.2022 01:00:00;1294.35;317.81;160.69;344.78;344.78
01.05.2022 01:00:00;01.05.2022 02:00:00;1218.91;301.56;157.62;392.46;392.46
01.05.2022 02:00:00;01.05.2022 03:00:00;1109.67;289.36;156.53;369.16;369.16
01.05.2022 03:00:00;01.05.2022 04:00:00;1141.49;231.67;156.63;395.93;395.93
01.05.2022 04:00:00;01.05.2022 05:00:00;1163;224.23;156.23;396.33;396.33
01.05.2022 05:00:00;01.05.2022 06:00:00;1124.54;218.48;153.65;401.98;401.98
01.05.2022 06:00:00;01.05.2022 07:00:00;1163.9;217.59;152.56;456.2;456.2
01.05.2022 07:00:00;01.05.2022 08:00:00;1086.77;217.99;153.16;510.92;510.92
01.05.2022 08:00:00;01.05.2022 09:00:00;1189.47;218.39;152.07;664.18;664.18
01.05.2022 09:00:00;01.05.2022 10:00:00;1123.85;224.63;152.96;654.86;654.86
01.05.2022 10:00:00;01.05.2022 11:00:00;1068.83;222.05;151.27;471.37;471.37
01.05.2022 11:00:00;01.05.2022 12:00:00;1064.67;216.9;148.4;455.8;455.8
01.05.2022 12:00:00;01.05.2022 13:00:00;998.35;213.83;146.42;321.78;321.78
01.05.2022 13:00:00;01.05.2022 14:00:00;996.96;212.14;145.72;276.18;276.18
01.05.2022 14:00:00;01.05.2022 15:00:00;953.04;208.77;146.81;261.9;261.9
01.05.2022 15:00:00;01.05.2022 16:00:00;953.74;195.59;146.91;256.06;256.06
01.05.2022 16:00:00;01.05.2022 17:00:00;1055.74;175.56;145.82;255.66;255.66
01.05.2022 17:00:00;01.05.2022 18:00:00;1350.06;158.21;144.63;258.93;258.93
01.05.2022 18:00:00;01.05.2022 19:00:00;1982.22;138.68;138.68;263.49;263.49
01.05.2022 19:00:00;01.05.2022 20:00:00;2101.48;134.12;134.12;262.8;262.8
01.05.2022 20:00:00;01.05.2022 21:00:00;2171.56;132.84;132.84;255.56;255.56
01.05.2022 21:00:00;01.05.2022 22:00:00;2179.69;131.55;131.55;214.22;214.22
01.05.2022 22:00:00;01.05.2022 23:00:00;1785.25;129.96;129.96;129.96;129.96
01.05.2022 23:00:00;02.05.2022 00:00:00;1189.57;125.8;125.8;125.8;125.8
02.05.2022 00:00:00;02.05.2022 01:00:00;170.9;132.74;132.74;170.9;170.9
02.05.2022 01:00:00;02.05.2022 02:00:00;162.28;131.84;131.84;162.28;162.28
02.05.2022 02:00:00;02.05.2022 03:00:00;150.68;131.55;131.55;150.68;150.68
02.05.2022 03:00:00;02.05.2022 04:00:00;130.26;130.26;130.26;130.26;130.26
02.05.2022 04:00:00;02.05.2022 05:00:00;117.07;117.07;117.07;117.07;117.07
02.05.2022 05:00:00;02.05.2022 06:00:00;197.07;132.44;132.44;132.44;132.44
02.05.2022 06:00:00;02.05.2022 07:00:00;1189.47;131.15;131.15;134.72;134.72
02.05.2022 07:00:00;02.05.2022 08:00:00;2179.89;136.8;136.8;149.99;149.99
02.05.2022 08:00:00;02.05.2022 09:00:00;2368.63;148.6;148.6;151.77;151.77
02.05.2022 09:00:00;02.05.2022 10:00:00;1257.77;144.24;144.24;144.24;144.24
02.05.2022 10:00:00;02.05.2022 11:00:00;712.45;138.29;138.29;138.29;138.29
02.05.2022 11:00:00;02.05.2022 12:00:00;287.28;136.8;136.8;136.8;136.8
02.05.2022 12:00:00;02.05.2022 13:00:00;172.59;134.12;134.12;134.12;134.12
02.05.2022 13:00:00;02.05.2022 14:00:00;128.97;128.97;128.97;128.97;128.97
02.05.2022 14:00:00;02.05.2022 15:00:00;100.02;100.02;100.02;100.02;100.02
02.05.2022 15:00:00;02.05.2022 16:00:00;102.8;102.8;102.8;102.8;102.8
02.05.2022 16:00:00;02.05.2022 17:00:00;102.4;102.4;102.4;102.4;102.4
02.05.2022 17:00:00;02.05.2022 18:00:00;286.69;122.62;122.62;122.62;122.62
02.05.2022 18:00:00;02.05.2022 19:00:00;477.12;106.17;106.17;106.17;106.17
02.05.2022 19:00:00;02.05.2022 20:00:00;649.51;118.66;118.66;118.66;118.66
02.05.2022 20:00:00;02.05.2022 21:00:00;507.35;130.06;130.06;130.06;130.06
02.05.2022 21:00:00;02.05.2022 22:00:00;513.2;132.14;132.14;132.14;132.14
02.05.2022 22:00:00;02.05.2022 23:00:00;217.89;131.65;131.65;131.65;131.65
02.05.2022 23:00:00;03.05.2022 00:00:00;101.71;101.71;101.71;101.71;101.71
03.05.2022 00:00:00;03.05.2022 01:00:00;88.78;88.78;88.78;88.78;88.78
03.05.2022 01:00:00;03.05.2022 02:00:00;83.63;83.63;83.63;83.63;83.63
03.05.2022 02:00:00;03.05.2022 03:00:00;84.22;84.22;84.22;84.22;84.22
03.05.2022 03:00:00;03.05.2022 04:00:00;90.86;90.86;90.86;90.86;90.86
03.05.2022 04:00:00;03.05.2022 05:00:00;106.02;106.02;106.02;106.02;106.02
03.05.2022 05:00:00;03.05.2022 06:00:00;331.04;137.13;137.13;137.13;137.13
03.05.2022 06:00:00;03.05.2022 07:00:00;1058.02;133.56;133.56;133.56;133.56
03.05.2022 07:00:00;03.05.2022 08:00:00;1685.02;137.33;137.33;137.33;137.33
03.05.2022 08:00:00;03.05.2022 09:00:00;893.83;151.9;151.9;151.9;151.9
03.05.2022 09:00:00;03.05.2022 10:00:00;758.68;152.69;152.69;152.69;152.69
03.05.2022 10:00:00;03.05.2022 11:00:00;740.55;158.63;153.68;158.63;158.63
03.05.2022 11:00:00;03.05.2022 12:00:00;734.51;162.99;151;162.99;162.99
03.05.2022 12:00:00;03.05.2022 13:00:00;747.69;162.2;142.48;162.2;162.2
03.05.2022 13:00:00;03.05.2022 14:00:00;744.81;164.88;138.62;164.88;164.88
03.05.2022 14:00:00;03.05.2022 15:00:00;730.74;166.26;138.52;166.26;166.26
03.05.2022 15:00:00;03.05.2022 16:00:00;734.61;166.16;138.32;166.16;166.16
03.05.2022 16:00:00;03.05.2022 17:00:00;890.47;160.32;154.57;160.32;160.32
03.05.2022 17:00:00;03.05.2022 18:00:00;1145.8;171.12;153.08;171.12;171.12
03.05.2022 18:00:00;03.05.2022 19:00:00;2368;188.16;152.19;188.16;188.16
03.05.2022 19:00:00;03.05.2022 20:00:00;2674.67;222.74;153.98;222.74;222.74
03.05.2022 20:00:00;03.05.2022 21:00:00;2677.54;278.43;154.97;278.43;278.43
03.05.2022 21:00:00;03.05.2022 22:00:00;2593.71;286.85;155.07;286.85;286.85
03.05.2022 22:00:00;03.05.2022 23:00:00;2448.75;284.17;154.08;284.17;284.17
03.05.2022 23:00:00;04.05.2022 00:00:00;2198.07;280.01;151;280.01;280.01
04.05.2022 00:00:00;04.05.2022 01:00:00;1090.11;294.65;155.82;294.65;294.65
04.05.2022 01:00:00;04.05.2022 02:00:00;983.46;297.83;151.05;297.83;297.83
04.05.2022 02:00:00;04.05.2022 03:00:00;983.95;302.49;147.87;302.49;302.49
04.05.2022 03:00:00;04.05.2022 04:00:00;1080.88;304.08;146.08;313.32;313.32
04.05.2022 04:00:00;04.05.2022 05:00:00;1192.6;301.3;144.3;364.76;364.76
04.05.2022 05:00:00;04.05.2022 06:00:00;1480.59;300.41;149.86;471.62;471.62
04.05.2022 06:00:00;04.05.2022 07:00:00;2548.07;296.73;159.19;510.94;510.94
04.05.2022 07:00:00;04.05.2022 08:00:00;2948.48;304.38;165.95;793.78;793.78
04.05.2022 08:00:00;04.05.2022 09:00:00;2781.64;300.81;176.77;821.98;821.98
04.05.2022 09:00:00;04.05.2022 10:00:00;2533.27;300.01;174.09;820.19;820.19
04.05.2022 10:00:00;04.05.2022 11:00:00;2244.48;285.81;171.9;793.68;793.68
04.05.2022 11:00:00;04.05.2022 12:00:00;2079.63;282.93;170.22;694.96;694.96
04.05.2022 12:00:00;04.05.2022 13:00:00;2032.26;284.32;186.7;585.43;585.43
04.05.2022 13:00:00;04.05.2022 14:00:00;1538.09;284.32;190.77;507.57;507.57
04.05.2022 14:00:00;04.05.2022 15:00:00;1416.14;281.44;194.35;510.45;510.45
04.05.2022 15:00:00;04.05.2022 16:00:00;1341.46;280.94;201;508.86;508.86
04.05.2022 16:00:00;04.05.2022 17:00:00;1977.14;258.5;204.28;504.49;504.49
04.05.2022 17:00:00;04.05.2022 18:00:00;2234.25;242.91;189.38;503.99;503.99
04.05.2022 18:00:00;04.05.2022 19:00:00;2422.94;221.56;199.11;506.38;506.38
04.05.2022 19:00:00;04.05.2022 20:00:00;2703.38;195.94;195.94;508.16;508.16
04.05.2022 20:00:00;04.05.2022 21:00:00;2706.07;208.45;187.2;508.56;508.56
04.05.2022 21:00:00;04.05.2022 22:00:00;2373.58;181.44;181.44;826.55;826.55
04.05.2022 22:00:00;04.05.2022 23:00:00;2244.58;173.1;173.1;768.75;768.75
04.05.2022 23:00:00;05.05.2022 00:00:00;1109.78;163.26;163.26;633.79;633.79
05.05.2022 00:00:00;05.05.2022 01:00:00;459.09;149.99;149.99;459.09;459.09
05.05.2022 01:00:00;05.05.2022 02:00:00;333.57;131.37;131.37;333.57;333.57
05.05.2022 02:00:00;05.05.2022 03:00:00;325.15;127.8;127.8;325.15;325.15
05.05.2022 03:00:00;05.05.2022 04:00:00;338.62;126.51;126.51;338.62;338.62
05.05.2022 04:00:00;05.05.2022 05:00:00;362.7;125.23;125.23;362.7;362.7
05.05.2022 05:00:00;05.05.2022 06:00:00;819.61;124.14;124.14;488.22;488.22
05.05.2022 06:00:00;05.05.2022 07:00:00;2204.62;123.74;123.74;686.86;686.86
05.05.2022 07:00:00;05.05.2022 08:00:00;2526.89;126.91;126.91;890.94;890.94
05.05.2022 08:00:00;05.05.2022 09:00:00;2572.96;141.97;141.97;2131.7;2131.7
05.05.2022 09:00:00;05.05.2022 10:00:00;2428.42;136.22;136.22;2223.24;2223.24
05.05.2022 10:00:00;05.05.2022 11:00:00;2256.33;127.6;127.6;1577.4;1577.4
05.05.2022 11:00:00;05.05.2022 12:00:00;2228;125.82;125.82;809.8;809.8
05.05.2022 12:00:00;05.05.2022 13:00:00;2154.69;123.64;123.64;753.93;753.93
05.05.2022 13:00:00;05.05.2022 14:00:00;1542.83;122.95;122.95;501.99;501.99
05.05.2022 14:00:00;05.05.2022 15:00:00;991;122.45;122.45;468.31;468.31
05.05.2022 15:00:00;05.05.2022 16:00:00;984.27;121.66;121.66;369.24;369.24
05.05.2022 16:00:00;05.05.2022 17:00:00;984.27;121.86;121.86;330.8;330.8
05.05.2022 17:00:00;05.05.2022 18:00:00;1275.53;122.15;122.15;314.15;314.15
05.05.2022 18:00:00;05.05.2022 19:00:00;1798.03;123.44;123.44;315.64;315.64
05.05.2022 19:00:00;05.05.2022 20:00:00;1733.74;125.92;125.92;315.74;315.74
05.05.2022 20:00:00;05.05.2022 21:00:00;1141.99;129.98;129.98;316.93;316.93
05.05.2022 21:00:00;05.05.2022 22:00:00;1244.52;148.31;135.43;306.82;306.82
05.05.2022 22:00:00;05.05.2022 23:00:00;594.42;178.03;132.26;302.26;302.26
05.05.2022 23:00:00;06.05.2022 00:00:00;279.38;148.31;128.3;279.38;279.38
06.05.2022 00:00:00;06.05.2022 01:00:00;177.48;125.88;122.92;177.48;177.48
06.05.2022 01:00:00;06.05.2022 02:00:00;179.35;122.33;122.33;179.35;179.35
06.05.2022 02:00:00;06.05.2022 03:00:00;206.28;121.24;121.24;206.28;206.28
06.05.2022 03:00:00;06.05.2022 04:00:00;277.12;120.55;120.55;277.12;277.12
06.05.2022 04:00:00;06.05.2022 05:00:00;295.17;120.55;120.55;295.17;295.17
06.05.2022 05:00:00;06.05.2022 06:00:00;1252.5;120.95;120.95;323.58;323.58
06.05.2022 06:00:00;06.05.2022 07:00:00;2223.65;122.72;122.72;381.69;381.69
06.05.2022 07:00:00;06.05.2022 08:00:00;2712.18;128.45;128.45;501.75;501.75
06.05.2022 08:00:00;06.05.2022 09:00:00;2594.29;149.85;149.85;704.58;704.58
06.05.2022 09:00:00;06.05.2022 10:00:00;2263.7;146.3;146.3;492.67;492.67
06.05.2022 10:00:00;06.05.2022 11:00:00;2103.09;138.9;138.9;463.57;463.57
06.05.2022 11:00:00;06.05.2022 12:00:00;2051.5;126.87;126.87;342.13;342.13
06.05.2022 12:00:00;06.05.2022 13:00:00;1630.54;123.12;123.12;325.95;325.95
06.05.2022 13:00:00;06.05.2022 14:00:00;1026.88;122.03;122.03;292.61;292.61
06.05.2022 14:00:00;06.05.2022 15:00:00;748.98;121.05;121.05;252.16;252.16
06.05.2022 15:00:00;06.05.2022 16:00:00;275.54;119.47;119.47;184.58;184.58
06.05.2022 16:00:00;06.05.2022 17:00:00;92.93;92.93;92.93;92.93;92.93
06.05.2022 17:00:00;06.05.2022 18:00:00;226.41;89.68;89.68;89.68;89.68
06.05.2022 18:00:00;06.05.2022 19:00:00;265.87;100.33;100.33;183.89;183.89
06.05.2022 19:00:00;06.05.2022 20:00:00;98.75;98.75;98.75;98.75;98.75
06.05.2022 20:00:00;06.05.2022 21:00:00;70.64;70.64;70.64;70.64;70.64
06.05.2022 21:00:00;06.05.2022 22:00:00;61.17;61.17;61.17;61.17;61.17
06.05.2022 22:00:00;06.05.2022 23:00:00;44.3;44.3;44.3;44.3;44.3
06.05.2022 23:00:00;07.05.2022 00:00:00;35.91;35.91;35.91;35.91;35.91
07.05.2022 00:00:00;07.05.2022 01:00:00;35.22;35.22;35.22;35.22;35.22
07.05.2022 01:00:00;07.05.2022 02:00:00;29.24;29.24;29.24;29.24;29.24
07.05.2022 02:00:00;07.05.2022 03:00:00;19.56;19.56;19.56;19.56;19.56
07.05.2022 03:00:00;07.05.2022 04:00:00;13.77;19.46;19.46;13.77;13.77
07.05.2022 04:00:00;07.05.2022 05:00:00;10.28;19.36;19.36;10.28;10.28
07.05.2022 05:00:00;07.05.2022 06:00:00;17.46;19.46;19.46;17.46;17.46
07.05.2022 06:00:00;07.05.2022 07:00:00;30.63;30.63;30.63;30.63;30.63
07.05.2022 07:00:00;07.05.2022 08:00:00;49.59;49.59;49.59;49.59;49.59
07.05.2022 08:00:00;07.05.2022 09:00:00;58.77;58.77;58.77;58.77;58.77
07.05.2022 09:00:00;07.05.2022 10:00:00;201.45;67.55;67.55;67.55;67.55
07.05.2022 10:00:00;07.05.2022 11:00:00;742.55;65.95;65.95;65.95;65.95
07.05.2022 11:00:00;07.05.2022 12:00:00;974.94;62.16;62.16;62.16;62.16
07.05.2022 12:00:00;07.05.2022 13:00:00;1015.84;62.36;62.36;62.36;62.36
07.05.2022 13:00:00;07.05.2022 14:00:00;763.41;60.67;60.67;60.67;60.67
07.05.2022 14:00:00;07.05.2022 15:00:00;259.12;59.47;59.47;59.47;59.47
07.05.2022 15:00:00;07.05.2022 16:00:00;258.83;59.57;59.57;59.57;59.57
07.05.2022 16:00:00;07.05.2022 17:00:00;59.77;59.77;59.77;59.77;59.77
07.05.2022 17:00:00;07.05.2022 18:00:00;259.22;59.97;59.97;59.97;59.97
07.05.2022 18:00:00;07.05.2022 19:00:00;966.75;57.07;57.07;57.07;57.07
07.05.2022 19:00:00;07.05.2022 20:00:00;848.42;62.56;62.56;62.56;62.56
07.05.2022 20:00:00;07.05.2022 21:00:00;849.02;68.05;68.05;68.05;68.05
07.05.2022 21:00:00;07.05.2022 22:00:00;988.31;70.54;70.54;70.54;70.54
07.05.2022 22:00:00;07.05.2022 23:00:00;119.43;71.64;71.64;71.64;71.64
07.05.2022 23:00:00;08.05.2022 00:00:00;66.45;66.45;66.45;66.45;66.45
08.05.2022 00:00:00;08.05.2022 01:00:00;79.4;79.4;79.4;79.4;79.4
08.05.2022 01:00:00;08.05.2022 02:00:00;82.31;82.31;82.31;82.31;82.31
08.05.2022 02:00:00;08.05.2022 03:00:00;97.09;97.09;97.09;97.09;97.09
08.05.2022 03:00:00;08.05.2022 04:00:00;115.28;115.28;115.28;115.28;115.28
08.05.2022 04:00:00;08.05.2022 05:00:00;119.5;119.5;119.5;119.5;119.5
08.05.2022 05:00:00;08.05.2022 06:00:00;196.39;122.72;122.72;196.39;196.39
08.05.2022 06:00:00;08.05.2022 07:00:00;209.35;124.32;124.32;209.35;209.35
08.05.2022 07:00:00;08.05.2022 08:00:00;280.91;124.73;124.73;218.4;218.4
08.05.2022 08:00:00;08.05.2022 09:00:00;270.16;136.08;125.83;205.93;205.93
08.05.2022 09:00:00;08.05.2022 10:00:00;604.94;144.63;131.96;209.75;209.75
08.05.2022 10:00:00;08.05.2022 11:00:00;260.81;146.33;133.17;210.36;210.36
08.05.2022 11:00:00;08.05.2022 12:00:00;260.71;146.03;134.17;210.46;210.46
08.05.2022 12:00:00;08.05.2022 13:00:00;170.86;145.63;134.98;170.86;170.86
08.05.2022 13:00:00;08.05.2022 14:00:00;173.17;146.54;135.48;173.17;173.17
08.05.2022 14:00:00;08.05.2022 15:00:00;210.56;146.33;137.29;203.22;203.22
08.05.2022 15:00:00;08.05.2022 16:00:00;463.12;148.04;141.11;210.36;210.36
08.05.2022 16:00:00;08.05.2022 17:00:00;977.1;150.05;142.21;256.49;256.49
08.05.2022 17:00:00;08.05.2022 18:00:00;1046.55;154.88;143.22;292.77;292.77
08.05.2022 18:00:00;08.05.2022 19:00:00;1399.32;161.31;149.25;321.41;321.41
08.05.2022 19:00:00;08.05.2022 20:00:00;1674.51;179.2;179.2;351.46;351.46
08.05.2022 20:00:00;08.05.2022 21:00:00;1933;185.13;185.13;469.66;469.66
08.05.2022 21:00:00;08.05.2022 22:00:00;1856.52;168.45;168.45;466.84;466.84
08.05.2022 22:00:00;08.05.2022 23:00:00;1666.26;153.27;153.27;359.4;359.4
08.05.2022 23:00:00;09.05.2022 00:00:00;1241.93;148.14;148.14;346.44;346.44
09.05.2022 00:00:00;09.05.2022 01:00:00;1117.51;125.83;125.83;401.31;401.31
09.05.2022 01:00:00;09.05.2022 02:00:00;1016.9;125.23;125.23;387.95;387.95
09.05.2022 02:00:00;09.05.2022 03:00:00;1016.9;126.23;126.23;395.59;395.59
09.05.2022 03:00:00;09.05.2022 04:00:00;1044.04;128.95;128.95;401.41;401.41
09.05.2022 04:00:00;09.05.2022 05:00:00;1110.57;129.85;129.85;401.62;401.62
09.05.2022 05:00:00;09.05.2022 06:00:00;1354.5;128.85;128.85;464.23;464.23
09.05.2022 06:00:00;09.05.2022 07:00:00;2354.22;127.14;127.14;586.75;586.75
09.05.2022 07:00:00;09.05.2022 08:00:00;2575.23;140.61;140.61;1004.54;1004.54
09.05.2022 08:00:00;09.05.2022 09:00:00;2513.01;149.65;149.65;1867.37;1867.37
09.05.2022 09:00:00;09.05.2022 10:00:00;2203.16;148.24;148.24;1507.27;1507.27
09.05.2022 10:00:00;09.05.2022 11:00:00;2009.59;149.65;149.65;1093.59;1093.59
09.05.2022 11:00:00;09.05.2022 12:00:00;1953.71;150.05;150.05;948.56;948.56
09.05.2022 12:00:00;09.05.2022 13:00:00;1864.46;150.46;150.46;629.76;629.76
09.05.2022 13:00:00;09.05.2022 14:00:00;1843.86;156.08;156.08;488.95;488.95
09.05.2022 14:00:00;09.05.2022 15:00:00;1761.24;160.2;160.2;441.62;441.62
09.05.2022 15:00:00;09.05.2022 16:00:00;1804.36;167.44;167.44;415.18;415.18
09.05.2022 16:00:00;09.05.2022 17:00:00;1335.3;167.04;167.04;376.59;376.59
09.05.2022 17:00:00;09.05.2022 18:00:00;1788.18;161.71;161.71;352.57;352.57
09.05.2022 18:00:00;09.05.2022 19:00:00;2039.14;162.92;162.92;347.34;347.34
09.05.2022 19:00:00;09.05.2022 20:00:00;2033.01;167.14;167.14;332.17;332.17
09.05.2022 20:00:00;09.05.2022 21:00:00;2029.09;166.23;166.23;302.22;302.22
09.05.2022 21:00:00;09.05.2022 22:00:00;2010.79;164.53;164.53;285.33;285.33
09.05.2022 22:00:00;09.05.2022 23:00:00;1407.97;158.6;158.6;200.41;200.41
09.05.2022 23:00:00;10.05.2022 00:00:00;145.23;145.23;145.23;145.23;145.23
10.05.2022 00:00:00;10.05.2022 01:00:00;128.2;128.2;128.2;128.2;128.2
10.05.2022 01:00:00;10.05.2022 02:00:00;122.87;122.87;122.87;122.87;122.87
10.05.2022 02:00:00;10.05.2022 03:00:00;122.47;122.47;122.47;122.47;122.47
10.05.2022 03:00:00;10.05.2022 04:00:00;124.38;124.38;124.38;124.38;124.38
10.05.2022 04:00:00;10.05.2022 05:00:00;128.4;128.4;128.4;128.4;128.4
10.05.2022 05:00:00;10.05.2022 06:00:00;190.79;132.01;132.01;190.79;190.79
10.05.2022 06:00:00;10.05.2022 07:00:00;300.9;132.92;132.92;284.52;284.52
10.05.2022 07:00:00;10.05.2022 08:00:00;1969.47;142.66;142.66;302.11;302.11
10.05.2022 08:00:00;10.05.2022 09:00:00;1995.79;147.69;147.69;309.24;309.24
10.05.2022 09:00:00;10.05.2022 10:00:00;1964.54;150.8;150.8;299.9;299.9
10.05.2022 10:00:00;10.05.2022 11:00:00;1090.78;150.6;150.6;288.44;288.44
10.05.2022 11:00:00;10.05.2022 12:00:00;995.63;145.68;145.68;286.13;286.13
10.05.2022 12:00:00;10.05.2022 13:00:00;994.83;140.55;140.55;238.01;238.01
10.05.2022 13:00:00;10.05.2022 14:00:00;867.14;142.86;142.86;200.13;200.13
10.05.2022 14:00:00;10.05.2022 15:00:00;771.19;140.55;140.55;191.19;191.19
10.05.2022 15:00:00;10.05.2022 16:00:00;553.48;138.54;138.54;194.71;194.71
10.05.2022 16:00:00;10.05.2022 17:00:00;497.01;130.31;130.31;209.27;209.27
10.05.2022 17:00:00;10.05.2022 18:00:00;966.5;130.21;130.21;253.28;253.28
10.05.2022 18:00:00;10.05.2022 19:00:00;943.89;129.6;129.6;297.08;297.08
10.05.2022 19:00:00;10.05.2022 20:00:00;534.29;130.51;130.51;304.01;304.01
10.05.2022 20:00:00;10.05.2022 21:00:00;503.34;131.31;131.31;308.13;308.13
10.05.2022 21:00:00;10.05.2022 22:00:00;316.87;131.21;131.21;316.87;316.87
10.05.2022 22:00:00;10.05.2022 23:00:00;301.4;130.41;130.41;301.4;301.4
10.05.2022 23:00:00;11.05.2022 00:00:00;260.71;130.51;130.51;260.71;260.71
11.05.2022 00:00:00;11.05.2022 01:00:00;75.4;75.4;75.4;75.4;75.4
11.05.2022 01:00:00;11.05.2022 02:00:00;70.59;70.59;70.59;70.59;70.59
11.05.2022 02:00:00;11.05.2022 03:00:00;68.14;68.14;68.14;68.14;68.14
11.05.2022 03:00:00;11.05.2022 04:00:00;67.83;67.83;67.83;67.83;67.83
11.05.2022 04:00:00;11.05.2022 05:00:00;72.84;72.84;72.84;72.84;72.84
11.05.2022 05:00:00;11.05.2022 06:00:00;155.61;127.17;127.17;155.61;155.61
11.05.2022 06:00:00;11.05.2022 07:00:00;1203.73;130.13;130.13;398.99;398.99
11.05.2022 07:00:00;11.05.2022 08:00:00;1790.56;133.3;133.3;449.22;449.22
11.05.2022 08:00:00;11.05.2022 09:00:00;1939.1;134.74;134.74;439.4;439.4
11.05.2022 09:00:00;11.05.2022 10:00:00;1881.51;134.23;134.23;415.26;415.26
11.05.2022 10:00:00;11.05.2022 11:00:00;1482.41;133.3;133.3;374.95;374.95
11.05.2022 11:00:00;11.05.2022 12:00:00;997.79;132.59;132.59;365.54;365.54
11.05.2022 12:00:00;11.05.2022 13:00:00;987.76;132.9;132.9;383.03;383.03
11.05.2022 13:00:00;11.05.2022 14:00:00;972.93;132.79;132.79;290.55;290.55
11.05.2022 14:00:00;11.05.2022 15:00:00;306.3;132.69;132.69;283.18;283.18
11.05.2022 15:00:00;11.05.2022 16:00:00;319.81;132.49;132.49;319.81;319.81
11.05.2022 16:00:00;11.05.2022 17:00:00;808.73;132.28;132.28;505.9;505.9
11.05.2022 17:00:00;11.05.2022 18:00:00;1203.12;131.87;131.87;449.02;449.02
11.05.2022 18:00:00;11.05.2022 19:00:00;1790.76;132.28;132.28;480.73;480.73
11.05.2022 19:00:00;11.05.2022 20:00:00;1790.86;132.18;132.18;502.94;502.94
11.05.2022 20:00:00;11.05.2022 21:00:00;1670.76;131.67;131.67;520.94;520.94
11.05.2022 21:00:00;11.05.2022 22:00:00;1431.87;131.67;131.67;531.17;531.17
11.05.2022 22:00:00;11.05.2022 23:00:00;833.69;131.05;131.05;504.27;504.27
11.05.2022 23:00:00;12.05.2022 00:00:00;331.78;129.93;129.93;331.78;331.78
12.05.2022 00:00:00;12.05.2022 01:00:00;359.91;130.6;130.6;359.91;359.91
12.05.2022 01:00:00;12.05.2022 02:00:00;502.43;128.97;128.97;502.43;502.43
12.05.2022 02:00:00;12.05.2022 03:00:00;727.56;128.05;128.05;508.74;508.74
12.05.2022 03:00:00;12.05.2022 04:00:00;857.04;122.25;122.25;497.84;497.84
12.05.2022 04:00:00;12.05.2022 05:00:00;480.02;118.48;118.48;480.02;480.02
12.05.2022 05:00:00;12.05.2022 06:00:00;961.05;114.5;114.5;487.76;487.76
12.05.2022 06:00:00;12.05.2022 07:00:00;1245.58;121.02;121.02;1133.62;1133.62
12.05.2022 07:00:00;12.05.2022 08:00:00;1347.45;128.56;128.56;1347.45;1347.45
12.05.2022 08:00:00;12.05.2022 09:00:00;1395.63;129.68;129.68;935.89;935.89
12.05.2022 09:00:00;12.05.2022 10:00:00;1406.74;127.44;127.44;963.9;963.9
12.05.2022 10:00:00;12.05.2022 11:00:00;1345.82;119.09;119.09;527.28;527.28
12.05.2022 11:00:00;12.05.2022 12:00:00;1529.7;107.68;107.68;407.59;407.59
12.05.2022 12:00:00;12.05.2022 13:00:00;1265.24;86.49;86.49;329.86;329.86
12.05.2022 13:00:00;12.05.2022 14:00:00;895.55;84.86;84.86;304.29;304.29
12.05.2022 14:00:00;12.05.2022 15:00:00;881.59;79.97;79.97;291.86;291.86
12.05.2022 15:00:00;12.05.2022 16:00:00;921.93;77.32;77.32;285.65;285.65
12.05.2022 16:00:00;12.05.2022 17:00:00;967.57;76.71;76.71;260.79;260.79
12.05.2022 17:00:00;12.05.2022 18:00:00;963.8;76.1;76.1;297.26;297.26
12.05.2022 18:00:00;12.05.2022 19:00:00;1124.66;74.06;74.06;300.32;300.32
12.05.2022 19:00:00;12.05.2022 20:00:00;1450.03;73.86;73.86;302.96;302.96
12.05.2022 20:00:00;12.05.2022 21:00:00;1681.28;74.98;74.98;294.31;294.31
12.05.2022 21:00:00;12.05.2022 22:00:00;1681.08;75.89;75.89;268.02;268.02
12.05.2022 22:00:00;12.05.2022 23:00:00;1219.09;78.54;78.54;231.55;231.55
12.05.2022 23:00:00;13.05.2022 00:00:00;407.89;79.66;79.66;151.48;151.48
13.05.2022 00:00:00;13.05.2022 01:00:00;673.95;106.2;106.2;142.43;142.43
13.05.2022 01:00:00;13.05.2022 02:00:00;515.57;114.33;114.33;155.19;155.19
13.05.2022 02:00:00;13.05.2022 03:00:00;515.36;118.55;118.55;233.09;233.09
13.05.2022 03:00:00;13.05.2022 04:00:00;515.47;118.96;118.96;290;290
13.05.2022 04:00:00;13.05.2022 05:00:00;770.37;119.79;119.79;309.14;309.14
13.05.2022 05:00:00;13.05.2022 06:00:00;1371.36;121.12;121.12;353.28;353.28
13.05.2022 06:00:00;13.05.2022 07:00:00;2335.3;128.74;128.74;657.38;657.38
13.05.2022 07:00:00;13.05.2022 08:00:00;2498;133.88;133.88;1442.47;1442.47
13.05.2022 08:00:00;13.05.2022 09:00:00;2493.37;134.71;134.71;1568.53;1568.53
13.05.2022 09:00:00;13.05.2022 10:00:00;2315.64;134.81;134.81;1600.74;1600.74
13.05.2022 10:00:00;13.05.2022 11:00:00;1736.89;134.71;134.71;1542.6;1542.6
13.05.2022 11:00:00;13.05.2022 12:00:00;1234.9;134.4;134.4;1234.9;1234.9
13.05.2022 12:00:00;13.05.2022 13:00:00;1097.62;134.5;134.5;924.22;924.22
13.05.2022 13:00:00;13.05.2022 14:00:00;1055.94;134.5;134.5;622.6;622.6
13.05.2022 14:00:00;13.05.2022 15:00:00;1025.28;134.6;134.6;264.06;264.06
13.05.2022 15:00:00;13.05.2022 16:00:00;961.99;133.88;133.88;306.67;306.67
13.05.2022 16:00:00;13.05.2022 17:00:00;1019.2;131.21;131.21;505.28;505.28
13.05.2022 17:00:00;13.05.2022 18:00:00;1207.73;129.46;129.46;798.57;798.57
13.05.2022 18:00:00;13.05.2022 19:00:00;1371.77;124.52;124.52;822.85;822.85
13.05.2022 19:00:00;13.05.2022 20:00:00;2267.69;129.05;129.05;822.34;822.34
13.05.2022 20:00:00;13.05.2022 21:00:00;1219.46;128.94;128.94;525.24;525.24
13.05.2022 21:00:00;13.05.2022 22:00:00;1191.37;120.92;120.92;433.14;433.14
13.05.2022 22:00:00;13.05.2022 23:00:00;771.19;118.86;118.86;310.68;310.68
13.05.2022 23:00:00;14.05.2022 00:00:00;556.73;103.22;103.22;253.15;253.15
14.05.2022 00:00:00;14.05.2022 01:00:00;919.14;108.93;108.93;185.91;185.91
14.05.2022 01:00:00;14.05.2022 02:00:00;733.74;92.6;92.6;120.06;120.06
14.05.2022 02:00:00;14.05.2022 03:00:00;666.46;76.37;76.37;108.63;108.63
14.05.2022 03:00:00;14.05.2022 04:00:00;692.09;74.22;74.22;112.51;112.51
14.05.2022 04:00:00;14.05.2022 05:00:00;789.07;72.79;72.79;106.69;106.69
14.05.2022 05:00:00;14.05.2022 06:00:00;1197.85;71.67;71.67;86.57;86.57
14.05.2022 06:00:00;14.05.2022 07:00:00;1268.2;71.77;71.77;80.14;80.14
14.05.2022 07:00:00;14.05.2022 08:00:00;1298.72;73.61;73.61;103.42;103.42
14.05.2022 08:00:00;14.05.2022 09:00:00;1334.66;74.22;74.22;100.77;100.77
14.05.2022 09:00:00;14.05.2022 10:00:00;1266.77;102.71;102.71;102.71;102.71
14.05.2022 10:00:00;14.05.2022 11:00:00;1202.45;91.07;91.07;91.07;91.07
14.05.2022 11:00:00;14.05.2022 12:00:00;1065.95;99.13;99.13;99.13;99.13
14.05.2022 12:00:00;14.05.2022 13:00:00;1152.52;99.64;99.64;99.64;99.64
14.05.2022 13:00:00;14.05.2022 14:00:00;1085.04;74.32;74.32;74.32;74.32
14.05.2022 14:00:00;14.05.2022 15:00:00;957.12;62.58;62.58;62.58;62.58
14.05.2022 15:00:00;14.05.2022 16:00:00;983.77;62.58;62.58;62.58;62.58
14.05.2022 16:00:00;14.05.2022 17:00:00;1055.23;66.77;66.77;66.77;66.77
14.05.2022 17:00:00;14.05.2022 18:00:00;1094.64;72.38;72.38;72.38;72.38
14.05.2022 18:00:00;14.05.2022 19:00:00;1313.32;76.57;76.57;76.57;76.57
14.05.2022 19:00:00;14.05.2022 20:00:00;1626.95;81.57;81.57;124.45;124.45
14.05.2022 20:00:00;14.05.2022 21:00:00;1825.21;78;78;135.48;135.48
14.05.2022 21:00:00;14.05.2022 22:00:00;1697.39;76.47;76.47;124.45;124.45
14.05.2022 22:00:00;14.05.2022 23:00:00;1052.07;76.57;76.57;76.57;76.57
14.05.2022 23:00:00;15.05.2022 00:00:00;627.97;69.22;69.22;69.22;69.22
15.05.2022 00:00:00;15.05.2022 01:00:00;964.75;72.74;72.74;72.74;72.74
15.05.2022 01:00:00;15.05.2022 02:00:00;370.11;70.4;70.4;70.4;70.4
15.05.2022 02:00:00;15.05.2022 03:00:00;254.58;70.4;70.4;70.4;70.4
15.05.2022 03:00:00;15.05.2022 04:00:00;101.67;71.41;71.41;71.41;71.41
15.05.2022 04:00:00;15.05.2022 05:00:00;72.33;72.33;72.33;72.33;72.33
15.05.2022 05:00:00;15.05.2022 06:00:00;438.98;74.98;74.98;74.98;74.98
15.05.2022 06:00:00;15.05.2022 07:00:00;75.29;75.29;75.29;75.29;75.29
15.05.2022 07:00:00;15.05.2022 08:00:00;1105.54;75.69;75.69;75.69;75.69
15.05.2022 08:00:00;15.05.2022 09:00:00;1133.96;78.85;78.85;78.85;78.85
15.05.2022 09:00:00;15.05.2022 10:00:00;1099.73;76.1;76.1;76.1;76.1
15.05.2022 10:00:00;15.05.2022 11:00:00;873.57;78.95;78.95;78.95;78.95
15.05.2022 11:00:00;15.05.2022 12:00:00;489.61;77.02;77.02;77.02;77.02
15.05.2022 12:00:00;15.05.2022 13:00:00;421.35;75.79;75.79;75.79;75.79
15.05.2022 13:00:00;15.05.2022 14:00:00;74.16;74.16;74.16;74.16;74.16
15.05.2022 14:00:00;15.05.2022 15:00:00;71.72;71.72;71.72;71.72;71.72
15.05.2022 15:00:00;15.05.2022 16:00:00;72.03;72.03;72.03;72.03;72.03
15.05.2022 16:00:00;15.05.2022 17:00:00;351.87;72.23;72.23;72.23;72.23
15.05.2022 17:00:00;15.05.2022 18:00:00;1097.9;73.15;73.15;73.15;73.15
15.05.2022 18:00:00;15.05.2022 19:00:00;1425.93;72.64;72.64;72.64;72.64
15.05.2022 19:00:00;15.05.2022 20:00:00;1756.72;75.39;75.39;75.39;75.39
15.05.2022 20:00:00;15.05.2022 21:00:00;1698.96;77.83;77.83;77.83;77.83
15.05.2022 21:00:00;15.05.2022 22:00:00;1807.45;76.1;76.1;76.1;76.1
15.05.2022 22:00:00;15.05.2022 23:00:00;1324.47;74.37;74.37;74.37;74.37
15.05.2022 23:00:00;16.05.2022 00:00:00;713.22;72.33;72.33;72.33;72.33
16.05.2022 00:00:00;16.05.2022 01:00:00;74.67;74.67;74.67;74.67;74.67
16.05.2022 01:00:00;16.05.2022 02:00:00;69.07;69.07;69.07;69.07;69.07
16.05.2022 02:00:00;16.05.2022 03:00:00;62.86;62.86;62.86;62.86;62.86
16.05.2022 03:00:00;16.05.2022 04:00:00;66.52;66.52;66.52;66.52;66.52
16.05.2022 04:00:00;16.05.2022 05:00:00;74.37;74.37;74.37;74.37;74.37
16.05.2022 05:00:00;16.05.2022 06:00:00;814.99;86.59;86.59;86.59;86.59
16.05.2022 06:00:00;16.05.2022 07:00:00;1418.19;76;76;76;76
16.05.2022 07:00:00;16.05.2022 08:00:00;2400.46;99.84;99.84;99.84;99.84
16.05.2022 08:00:00;16.05.2022 09:00:00;2496.53;117.56;117.56;117.56;117.56
16.05.2022 09:00:00;16.05.2022 10:00:00;1920.02;116.44;116.44;116.44;116.44
16.05.2022 10:00:00;16.05.2022 11:00:00;1868.07;107.99;107.99;107.99;107.99
16.05.2022 11:00:00;16.05.2022 12:00:00;1869.6;114.3;114.3;114.3;114.3
16.05.2022 12:00:00;16.05.2022 13:00:00;1833.33;103.4;103.4;103.4;103.4
16.05.2022 13:00:00;16.05.2022 14:00:00;1462.51;106.25;106.25;106.25;106.25
16.05.2022 14:00:00;16.05.2022 15:00:00;1380.29;104.83;104.83;104.83;104.83
16.05.2022 15:00:00;16.05.2022 16:00:00;1483.49;102.38;102.38;102.38;102.38
16.05.2022 16:00:00;16.05.2022 17:00:00;1487.77;99.33;99.33;99.33;99.33
16.05.2022 17:00:00;16.05.2022 18:00:00;1681.84;79.26;79.26;79.26;79.26
16.05.2022 18:00:00;16.05.2022 19:00:00;1826.91;80.58;80.58;80.58;80.58
16.05.2022 19:00:00;16.05.2022 20:00:00;1833.94;89.34;89.34;89.34;89.34
16.05.2022 20:00:00;16.05.2022 21:00:00;1825.38;99.53;99.53;99.53;99.53
16.05.2022 21:00:00;16.05.2022 22:00:00;1816.21;99.73;99.73;99.73;99.73
16.05.2022 22:00:00;16.05.2022 23:00:00;1383.45;101.98;101.98;101.98;101.98
16.05.2022 23:00:00;17.05.2022 00:00:00;356.05;119.19;119.19;119.19;119.19
17.05.2022 00:00:00;17.05.2022 01:00:00;122.2;122.2;122.2;122.2;122.2
17.05.2022 01:00:00;17.05.2022 02:00:00;104.91;104.91;104.91;104.91;104.91
17.05.2022 02:00:00;17.05.2022 03:00:00;92.85;92.85;92.85;92.85;92.85
17.05.2022 03:00:00;17.05.2022 04:00:00;108.49;108.49;108.49;108.49;108.49
17.05.2022 04:00:00;17.05.2022 05:00:00;87.33;87.33;87.33;87.33;87.33
17.05.2022 05:00:00;17.05.2022 06:00:00;293.58;120.97;120.97;293.58;293.58
17.05.2022 06:00:00;17.05.2022 07:00:00;716.1;128.02;128.02;466.69;466.69
17.05.2022 07:00:00;17.05.2022 08:00:00;1796.63;128.94;128.94;1477.9;1477.9
17.05.2022 08:00:00;17.05.2022 09:00:00;1839.99;130.27;129.76;1839.99;1839.99
17.05.2022 09:00:00;17.05.2022 10:00:00;1891.22;131.3;129.76;1891.22;1891.22
17.05.2022 10:00:00;17.05.2022 11:00:00;2372.23;131.4;129.76;1921.18;1921.18
17.05.2022 11:00:00;17.05.2022 12:00:00;2211.68;131.09;129.46;1888.97;1888.97
17.05.2022 12:00:00;17.05.2022 13:00:00;2127.83;130.27;129.15;1880.07;1880.07
17.05.2022 13:00:00;17.05.2022 14:00:00;2019.14;129.25;128.94;1879.66;1879.66
17.05.2022 14:00:00;17.05.2022 15:00:00;1935.08;129.25;128.64;1869.84;1869.84
17.05.2022 15:00:00;17.05.2022 16:00:00;1922.1;130.48;128.43;1851.13;1851.13
17.05.2022 16:00:00;17.05.2022 17:00:00;2087.24;131.19;128.33;1830.99;1830.99
17.05.2022 17:00:00;17.05.2022 18:00:00;2424.78;131.4;128.33;1821.58;1821.58
17.05.2022 18:00:00;17.05.2022 19:00:00;2575;131.5;128.74;1841.52;1841.52
17.05.2022 19:00:00;17.05.2022 20:00:00;2965.41;131.6;129.15;1645.5;1645.5
17.05.2022 20:00:00;17.05.2022 21:00:00;2976.15;130.99;129.46;1347.52;1347.52
17.05.2022 21:00:00;17.05.2022 22:00:00;2556.39;131.09;129.46;818.45;818.45
17.05.2022 22:00:00;17.05.2022 23:00:00;2051.55;130.78;129.56;488.78;488.78
17.05.2022 23:00:00;18.05.2022 00:00:00;1330.04;130.07;129.56;346.95;346.95
18.05.2022 00:00:00;18.05.2022 01:00:00;237.14;131.78;131.78;237.14;237.14
18.05.2022 01:00:00;18.05.2022 02:00:00;189.33;131.17;131.17;189.33;189.33
18.05.2022 02:00:00;18.05.2022 03:00:00;128.81;128.81;128.81;128.81;128.81
18.05.2022 03:00:00;18.05.2022 04:00:00;128.81;128.81;128.81;128.81;128.81
18.05.2022 04:00:00;18.05.2022 05:00:00;204.07;127.48;127.48;127.48;127.48
18.05.2022 05:00:00;18.05.2022 06:00:00;1467.7;130.35;130.35;291.1;291.1
18.05.2022 06:00:00;18.05.2022 07:00:00;2039.47;132.7;132.7;432.71;432.71
18.05.2022 07:00:00;18.05.2022 08:00:00;3070.87;136.49;134.75;1440.37;1440.37
18.05.2022 08:00:00;18.05.2022 09:00:00;3695.27;248.61;135.06;1879.02;1879.02
18.05.2022 09:00:00;18.05.2022 10:00:00;2559.73;250.56;135.67;1825.77;1825.77
18.05.2022 10:00:00;18.05.2022 11:00:00;1834.58;247.59;135.67;1613;1613
18.05.2022 11:00:00;18.05.2022 12:00:00;2073.05;170.79;135.77;1430.54;1430.54
18.05.2022 12:00:00;18.05.2022 13:00:00;1788.4;133.73;133.73;1315.34;1315.34
18.05.2022 13:00:00;18.05.2022 14:00:00;1812.67;133.21;133.21;920.72;920.72
18.05.2022 14:00:00;18.05.2022 15:00:00;1765.98;132.8;132.8;704.98;704.98
18.05.2022 15:00:00;18.05.2022 16:00:00;1787.89;132.91;132.91;706.82;706.82
18.05.2022 16:00:00;18.05.2022 17:00:00;1977.21;132.91;132.91;669.24;669.24
18.05.2022 17:00:00;18.05.2022 18:00:00;2167.05;132.6;132.6;1586.38;1586.38
18.05.2022 18:00:00;18.05.2022 19:00:00;2410.44;132.29;132.29;1535.69;1535.69
18.05.2022 19:00:00;18.05.2022 20:00:00;2868.03;131.88;131.88;1397.97;1397.97
18.05.2022 20:00:00;18.05.2022 21:00:00;2798.2;131.58;131.58;1304.8;1304.8
18.05.2022 21:00:00;18.05.2022 22:00:00;2559.73;131.47;131.47;920.82;920.82
18.05.2022 22:00:00;18.05.2022 23:00:00;2304.36;131.58;131.58;526.3;526.3
18.05.2022 23:00:00;19.05.2022 00:00:00;969.87;131.27;131.27;418.38;418.38
19.05.2022 00:00:00;19.05.2022 01:00:00;1227.21;119.65;119.65;826.43;826.43
19.05.2022 01:00:00;19.05.2022 02:00:00;1125.56;119.65;119.65;803.42;803.42
19.05.2022 02:00:00;19.05.2022 03:00:00;645.51;120.98;120.98;645.51;645.51
19.05.2022 03:00:00;19.05.2022 04:00:00;679.67;122.93;122.93;679.67;679.67
19.05.2022 04:00:00;19.05.2022 05:00:00;898.73;123.85;123.85;898.73;898.73
19.05.2022 05:00:00;19.05.2022 06:00:00;1431.75;124.97;124.97;1370.8;1370.8
19.05.2022 06:00:00;19.05.2022 07:00:00;2457.39;126.71;126.71;1890.93;1890.93
19.05.2022 07:00:00;19.05.2022 08:00:00;3068.85;128.35;128.35;2280.16;2280.16
19.05.2022 08:00:00;19.05.2022 09:00:00;3387.62;134.07;128.55;2549.64;2549.64
19.05.2022 09:00:00;19.05.2022 10:00:00;2667.45;128.04;128.04;2351.44;2351.44
19.05.2022 10:00:00;19.05.2022 11:00:00;2821.88;127.32;127.32;2027.15;2027.15
19.05.2022 11:00:00;19.05.2022 12:00:00;3713.34;127.12;127.12;1881.63;1881.63
19.05.2022 12:00:00;19.05.2022 13:00:00;3630.61;126.91;126.91;1847.47;1847.47
19.05.2022 13:00:00;19.05.2022 14:00:00;2556.7;126.51;126.51;1828.34;1828.34
19.05.2022 14:00:00;19.05.2022 15:00:00;2556.7;126.4;126.4;1801.96;1801.96
19.05.2022 15:00:00;19.05.2022 16:00:00;2457.5;126.81;126.81;1856.67;1856.67
19.05.2022 16:00:00;19.05.2022 17:00:00;2517.94;126.91;126.91;1949.22;1949.22
19.05.2022 17:00:00;19.05.2022 18:00:00;3772.45;126.81;126.81;2052.31;2052.31
19.05.2022 18:00:00;19.05.2022 19:00:00;2556.7;126.71;126.71;1027.18;1027.18
19.05.2022 19:00:00;19.05.2022 20:00:00;2753.77;126.51;126.51;721.7;721.7
19.05.2022 20:00:00;19.05.2022 21:00:00;2728.91;126.3;126.3;665.56;665.56
19.05.2022 21:00:00;19.05.2022 22:00:00;2525.2;125.99;125.99;1028.4;1028.4
19.05.2022 22:00:00;19.05.2022 23:00:00;2339.48;125.69;125.69;1132.82;1132.82
19.05.2022 23:00:00;20.05.2022 00:00:00;1227.21;124.56;124.56;1026.77;1026.77
20.05.2022 00:00:00;20.05.2022 01:00:00;1549.36;130.28;130.28;879.67;879.67
20.05.2022 01:00:00;20.05.2022 02:00:00;1238;129.77;129.77;909.2;909.2
20.05.2022 02:00:00;20.05.2022 03:00:00;893.61;129.46;129.46;893.61;893.61
20.05.2022 03:00:00;20.05.2022 04:00:00;895.26;129.66;129.66;490.06;490.06
20.05.2022 04:00:00;20.05.2022 05:00:00;1107.51;131.21;130.08;466.42;466.42
20.05.2022 05:00:00;20.05.2022 06:00:00;2300.5;136.99;130.39;629.74;629.74
20.05.2022 06:00:00;20.05.2022 07:00:00;2672.04;144.53;131.21;1361.99;1361.99
20.05.2022 07:00:00;20.05.2022 08:00:00;5162.29;229.18;132.14;1961.37;1961.37
20.05.2022 08:00:00;20.05.2022 09:00:00;4645.8;1053.93;132.35;2090.31;2090.31
20.05.2022 09:00:00;20.05.2022 10:00:00;3665.17;1048.56;132.35;2042.93;2042.93
20.05.2022 10:00:00;20.05.2022 11:00:00;2580.78;505.13;132.14;2044.27;2044.27
20.05.2022 11:00:00;20.05.2022 12:00:00;2674.94;308.98;131.93;2014.23;2014.23
20.05.2022 12:00:00;20.05.2022 13:00:00;4542.36;258.71;131.83;1577.75;1577.75
20.05.2022 13:00:00;20.05.2022 14:00:00;2831.96;142.26;131.63;1424.13;1424.13
20.05.2022 14:00:00;20.05.2022 15:00:00;2742.35;142.57;131.42;1242.75;1242.75
20.05.2022 15:00:00;20.05.2022 16:00:00;2580.68;140.5;131.52;1019.76;1019.76
20.05.2022 16:00:00;20.05.2022 17:00:00;2580.68;138.75;131.42;995.5;995.5
20.05.2022 17:00:00;20.05.2022 18:00:00;2486.74;140.61;131.42;1536.45;1536.45
20.05.2022 18:00:00;20.05.2022 19:00:00;2911.14;136.99;131.21;988.38;988.38
20.05.2022 19:00:00;20.05.2022 20:00:00;2580.68;132.45;130.8;910.12;910.12
20.05.2022 20:00:00;20.05.2022 21:00:00;2327.75;129.97;129.97;876.06;876.06
20.05.2022 21:00:00;20.05.2022 22:00:00;2196.85;128.42;128.42;904.76;904.76
20.05.2022 22:00:00;20.05.2022 23:00:00;2068.22;127.6;127.6;907.65;907.65
20.05.2022 23:00:00;21.05.2022 00:00:00;1375.72;125.33;125.33;550.86;550.86
21.05.2022 00:00:00;21.05.2022 01:00:00;1343.81;128.71;128.71;469.15;469.15
21.05.2022 01:00:00;21.05.2022 02:00:00;1026.46;128.19;128.19;459.09;459.09
21.05.2022 02:00:00;21.05.2022 03:00:00;619.2;127.78;127.78;470.38;470.38
21.05.2022 03:00:00;21.05.2022 04:00:00;900.01;127.27;127.27;506.2;506.2
21.05.2022 04:00:00;21.05.2022 05:00:00;1026.56;126.86;126.86;590.98;590.98
21.05.2022 05:00:00;21.05.2022 06:00:00;1100.56;126.65;126.65;723.48;723.48
21.05.2022 06:00:00;21.05.2022 07:00:00;1100.56;127.06;127.06;368.36;368.36
21.05.2022 07:00:00;21.05.2022 08:00:00;1836.56;127.88;127.88;543.56;543.56
21.05.2022 08:00:00;21.05.2022 09:00:00;2117.68;130.55;130.55;830.63;830.63
21.05.2022 09:00:00;21.05.2022 10:00:00;2052.71;132.81;132.81;829.09;829.09
21.05.2022 10:00:00;21.05.2022 11:00:00;1770.47;136.51;136.51;769.67;769.67
21.05.2022 11:00:00;21.05.2022 12:00:00;1587.67;139.07;137.43;538.12;538.12
21.05.2022 12:00:00;21.05.2022 13:00:00;1642.27;139.79;135.58;444;444
21.05.2022 13:00:00;21.05.2022 14:00:00;1231.63;140.1;133.43;352.96;352.96
21.05.2022 14:00:00;21.05.2022 15:00:00;1457.73;141.12;133.32;211.02;211.02
21.05.2022 15:00:00;21.05.2022 16:00:00;1539.84;141.64;132.91;334.28;334.28
21.05.2022 16:00:00;21.05.2022 17:00:00;1669.37;142.46;132.71;315.91;315.91
21.05.2022 17:00:00;21.05.2022 18:00:00;2053.12;142.46;132.61;792.45;792.45
21.05.2022 18:00:00;21.05.2022 19:00:00;2361.75;143.59;133.12;541.81;541.81
21.05.2022 19:00:00;21.05.2022 20:00:00;2013.51;143.59;133.22;520.57;520.57
21.05.2022 20:00:00;21.05.2022 21:00:00;2197.02;147.18;133.22;491.52;491.52
21.05.2022 21:00:00;21.05.2022 22:00:00;2341.22;168.84;133.02;465.86;465.86
21.05.2022 22:00:00;21.05.2022 23:00:00;2144.37;172.74;132.71;433.12;433.12
21.05.2022 23:00:00;22.05.2022 00:00:00;1482.37;150.67;132.61;422.55;422.55
22.05.2022 00:00:00;22.05.2022 01:00:00;1026.36;140.19;131.67;666.97;666.97
22.05.2022 01:00:00;22.05.2022 02:00:00;764.67;139.26;131.57;764.67;764.67
22.05.2022 02:00:00;22.05.2022 03:00:00;778.62;139.16;131.36;778.62;778.62
22.05.2022 03:00:00;22.05.2022 04:00:00;792.68;138.75;131.36;792.68;792.68
22.05.2022 04:00:00;22.05.2022 05:00:00;782.63;136.29;131.36;782.63;782.63
22.05.2022 05:00:00;22.05.2022 06:00:00;966.02;138.96;131.36;789.09;789.09
22.05.2022 06:00:00;22.05.2022 07:00:00;1084.35;139.98;131.46;562.8;562.8
22.05.2022 07:00:00;22.05.2022 08:00:00;1339.07;141.62;131.46;773.7;773.7
22.05.2022 08:00:00;22.05.2022 09:00:00;1437.48;144.19;132.08;931.33;931.33
22.05.2022 09:00:00;22.05.2022 10:00:00;1502.04;157.02;132.49;906.6;906.6
22.05.2022 10:00:00;22.05.2022 11:00:00;1419.22;164.1;132.49;822.34;822.34
22.05.2022 11:00:00;22.05.2022 12:00:00;1418.81;171.28;132.59;784.17;784.17
22.05.2022 12:00:00;22.05.2022 13:00:00;1405.46;171.28;132.39;563.11;563.11
22.05.2022 13:00:00;22.05.2022 14:00:00;1128.07;156.4;132.18;570.5;570.5
22.05.2022 14:00:00;22.05.2022 15:00:00;1040.63;149.73;132.18;562.8;562.8
22.05.2022 15:00:00;22.05.2022 16:00:00;1064.23;152.91;132.29;609.91;609.91
22.05.2022 16:00:00;22.05.2022 17:00:00;1366.88;157.22;132.39;540.74;540.74
22.05.2022 17:00:00;22.05.2022 18:00:00;1426.61;150.66;132.59;955.04;955.04
22.05.2022 18:00:00;22.05.2022 19:00:00;1708.83;147.99;133.31;975.97;975.97
22.05.2022 19:00:00;22.05.2022 20:00:00;2137.19;143.06;143.06;953.29;953.29
22.05.2022 20:00:00;22.05.2022 21:00:00;1860.51;141.01;141.01;899.52;899.52
22.05.2022 21:00:00;22.05.2022 22:00:00;2338.85;134.95;134.95;734.39;734.39
22.05.2022 22:00:00;22.05.2022 23:00:00;2243;131.05;131.05;651.16;651.16
22.05.2022 23:00:00;23.05.2022 00:00:00;1962.62;128.8;128.8;663.68;663.68
23.05.2022 00:00:00;23.05.2022 01:00:00;1578.18;121.41;121.41;968.28;968.28
23.05.2022 01:00:00;23.05.2022 02:00:00;1553.86;119.46;119.46;1109.08;1109.08
23.05.2022 02:00:00;23.05.2022 03:00:00;1231.51;118.64;118.64;1191.69;1191.69
23.05.2022 03:00:00;23.05.2022 04:00:00;1300.68;119.15;119.15;1300.68;1300.68
23.05.2022 04:00:00;23.05.2022 05:00:00;1298.22;120.28;120.28;1298.22;1298.22
23.05.2022 05:00:00;23.05.2022 06:00:00;1770.71;126.44;126.44;1404.13;1404.13
23.05.2022 06:00:00;23.05.2022 07:00:00;2080.23;127.77;127.77;1783.64;1783.64
23.05.2022 07:00:00;23.05.2022 08:00:00;2308.68;129.31;129.31;2085.98;2085.98
23.05.2022 08:00:00;23.05.2022 09:00:00;2360.61;130.95;130.95;2360.61;2360.61
23.05.2022 09:00:00;23.05.2022 10:00:00;2267.73;103.55;103.55;2267.73;2267.73
23.05.2022 10:00:00;23.05.2022 11:00:00;2228.94;92.26;92.26;2175.47;2175.47
23.05.2022 11:00:00;23.05.2022 12:00:00;2080.03;80.05;80.05;1897.66;1897.66
23.05.2022 12:00:00;23.05.2022 13:00:00;1938.4;76.46;76.46;1574.9;1574.9
23.05.2022 13:00:00;23.05.2022 14:00:00;1762.4;75.74;75.74;1389.76;1389.76
23.05.2022 14:00:00;23.05.2022 15:00:00;1761.37;74.81;74.81;1194.36;1194.36
23.05.2022 15:00:00;23.05.2022 16:00:00;1753.67;73.58;73.58;1075.11;1075.11
23.05.2022 16:00:00;23.05.2022 17:00:00;1798.52;73.69;73.69;871.4;871.4
23.05.2022 17:00:00;23.05.2022 18:00:00;2042.88;74.1;74.1;871.71;871.71
23.05.2022 18:00:00;23.05.2022 19:00:00;2406.48;74.51;74.51;871.09;871.09
23.05.2022 19:00:00;23.05.2022 20:00:00;2565.55;74.81;74.81;905.68;905.68
23.05.2022 20:00:00;23.05.2022 21:00:00;2309.7;74.71;74.71;872.01;872.01
23.05.2022 21:00:00;23.05.2022 22:00:00;1949.9;73.69;73.69;718.38;718.38
23.05.2022 22:00:00;23.05.2022 23:00:00;1847.58;70.91;70.91;626.53;626.53
23.05.2022 23:00:00;24.05.2022 00:00:00;1512.2;67.32;67.32;481.42;481.42
24.05.2022 00:00:00;24.05.2022 01:00:00;1229.6;69.37;69.37;364.99;364.99
24.05.2022 01:00:00;24.05.2022 02:00:00;1104.28;68.14;68.14;328;328
24.05.2022 02:00:00;24.05.2022 03:00:00;997.21;66.5;66.5;319.39;319.39
24.05.2022 03:00:00;24.05.2022 04:00:00;986.14;64.86;64.86;316.52;316.52
24.05.2022 04:00:00;24.05.2022 05:00:00;1100.49;64.86;64.86;296.03;296.03
24.05.2022 05:00:00;24.05.2022 06:00:00;1212.9;67.01;67.01;266.72;266.72
24.05.2022 06:00:00;24.05.2022 07:00:00;1935.7;70.19;70.19;568.08;568.08
24.05.2022 07:00:00;24.05.2022 08:00:00;2468.12;74.49;74.49;1582.5;1582.5
24.05.2022 08:00:00;24.05.2022 09:00:00;2613.11;74.7;74.7;1675.23;1675.23
24.05.2022 09:00:00;24.05.2022 10:00:00;2212.36;73.57;73.57;1459.95;1459.95
24.05.2022 10:00:00;24.05.2022 11:00:00;1892.05;70.7;70.7;785.51;785.51
24.05.2022 11:00:00;24.05.2022 12:00:00;1844.4;69.47;69.47;510.8;510.8
24.05.2022 12:00:00;24.05.2022 13:00:00;1742.34;68.14;68.14;373.18;373.18
24.05.2022 13:00:00;24.05.2022 14:00:00;1537.21;67.42;67.42;340.09;340.09
24.05.2022 14:00:00;24.05.2022 15:00:00;1610.78;65.58;65.58;293.16;293.16
24.05.2022 15:00:00;24.05.2022 16:00:00;1699.41;63.63;63.63;271.84;271.84
24.05.2022 16:00:00;24.05.2022 17:00:00;1742.65;66.91;66.91;254.42;254.42
24.05.2022 17:00:00;24.05.2022 18:00:00;1997.59;69.06;69.06;265.39;265.39
24.05.2022 18:00:00;24.05.2022 19:00:00;2143.71;68.04;68.04;304.84;304.84
24.05.2022 19:00:00;24.05.2022 20:00:00;2494.35;81.87;81.87;240.49;240.49
24.05.2022 20:00:00;24.05.2022 21:00:00;2200.06;78.9;78.9;237.72;237.72
24.05.2022 21:00:00;24.05.2022 22:00:00;2203.14;75.42;75.42;219.07;219.07
24.05.2022 22:00:00;24.05.2022 23:00:00;1866.33;73.06;73.06;157.18;157.18
24.05.2022 23:00:00;25.05.2022 00:00:00;1022.62;68.55;68.55;68.55;68.55
25.05.2022 00:00:00;25.05.2022 01:00:00;1141.26;37.09;37.09;210.78;210.78
25.05.2022 01:00:00;25.05.2022 02:00:00;824.88;32.04;32.04;215;215
25.05.2022 02:00:00;25.05.2022 03:00:00;258.48;30.18;30.18;216.75;216.75
25.05.2022 03:00:00;25.05.2022 04:00:00;311.12;30.91;30.91;219.12;219.12
25.05.2022 04:00:00;25.05.2022 05:00:00;308.96;31.63;31.63;224.48;224.48
25.05.2022 05:00:00;25.05.2022 06:00:00;1607.84;39.35;39.35;222.32;222.32
25.05.2022 06:00:00;25.05.2022 07:00:00;1683.45;54.29;54.29;249.72;249.72
25.05.2022 07:00:00;25.05.2022 08:00:00;2421.7;59.55;59.55;286.29;286.29
25.05.2022 08:00:00;25.05.2022 09:00:00;2443.02;60.16;60.16;312.87;312.87
25.05.2022 09:00:00;25.05.2022 10:00:00;2196.91;59.75;59.75;427.02;427.02
25.05.2022 10:00:00;25.05.2022 11:00:00;2058.24;59.65;59.65;327.19;327.19
25.05.2022 11:00:00;25.05.2022 12:00:00;2069.99;58.93;58.93;306.38;306.38
25.05.2022 12:00:00;25.05.2022 13:00:00;2076.99;53.26;53.26;298.96;298.96
25.05.2022 13:00:00;25.05.2022 14:00:00;1926.99;51.72;51.72;293.61;293.61
25.05.2022 14:00:00;25.05.2022 15:00:00;1811.71;59.03;59.03;288.97;288.97
25.05.2022 15:00:00;25.05.2022 16:00:00;2060.41;62.53;62.53;274.45;274.45
25.05.2022 16:00:00;25.05.2022 17:00:00;2318.88;68.61;68.61;289.07;289.07
25.05.2022 17:00:00;25.05.2022 18:00:00;1634.73;91.69;91.69;489.96;489.96
25.05.2022 18:00:00;25.05.2022 19:00:00;1750.73;108.48;108.48;343.26;343.26
25.05.2022 19:00:00;25.05.2022 20:00:00;1646.57;120.43;120.43;453.19;453.19
25.05.2022 20:00:00;25.05.2022 21:00:00;1638.33;124.04;124.04;489.55;489.55
25.05.2022 21:00:00;25.05.2022 22:00:00;1601.66;121.36;121.36;488.21;488.21
25.05.2022 22:00:00;25.05.2022 23:00:00;1482.05;108.38;108.38;453.19;453.19
25.05.2022 23:00:00;26.05.2022 00:00:00;373.14;88.39;88.39;373.14;373.14
26.05.2022 00:00:00;26.05.2022 01:00:00;307.74;86.37;86.37;307.74;307.74
26.05.2022 01:00:00;26.05.2022 02:00:00;244.76;72.73;72.73;244.76;244.76
26.05.2022 02:00:00;26.05.2022 03:00:00;219.93;72.63;72.63;219.93;219.93
26.05.2022 03:00:00;26.05.2022 04:00:00;221.47;76.11;76.11;221.47;221.47
26.05.2022 04:00:00;26.05.2022 05:00:00;227.83;86.89;86.89;227.83;227.83
26.05.2022 05:00:00;26.05.2022 06:00:00;231.32;101.66;101.66;231.32;231.32
26.05.2022 06:00:00;26.05.2022 07:00:00;1117.2;118.48;118.48;283.53;283.53
26.05.2022 07:00:00;26.05.2022 08:00:00;1227.99;122.17;122.17;341.49;341.49
26.05.2022 08:00:00;26.05.2022 09:00:00;1538.7;123.51;123.51;366.01;366.01
26.05.2022 09:00:00;26.05.2022 10:00:00;1623.02;124.02;124.02;206.29;206.29
26.05.2022 10:00:00;26.05.2022 11:00:00;1334.36;66.37;66.37;66.37;66.37
26.05.2022 11:00:00;26.05.2022 12:00:00;1538.6;63.39;63.39;63.39;63.39
26.05.2022 12:00:00;26.05.2022 13:00:00;1538.7;57.75;57.75;57.75;57.75
26.05.2022 13:00:00;26.05.2022 14:00:00;1538.6;49.24;49.24;49.24;49.24
26.05.2022 14:00:00;26.05.2022 15:00:00;1430.89;37.44;37.44;37.44;37.44
26.05.2022 15:00:00;26.05.2022 16:00:00;1282.87;33.24;33.24;33.24;33.24
26.05.2022 16:00:00;26.05.2022 17:00:00;1334.46;42.67;42.67;42.67;42.67
26.05.2022 17:00:00;26.05.2022 18:00:00;2033.45;67.81;67.81;228.04;228.04
26.05.2022 18:00:00;26.05.2022 19:00:00;2243.02;71.6;71.6;474.74;474.74
26.05.2022 19:00:00;26.05.2022 20:00:00;2172.95;74.99;74.99;431.76;431.76
26.05.2022 20:00:00;26.05.2022 21:00:00;1754.02;94.07;94.07;452.28;452.28
26.05.2022 21:00:00;26.05.2022 22:00:00;1696.88;106.99;106.99;402.01;402.01
26.05.2022 22:00:00;26.05.2022 23:00:00;1711.04;119.2;119.2;340.98;340.98
26.05.2022 23:00:00;27.05.2022 00:00:00;1302.25;119.61;119.61;305.59;305.59
27.05.2022 00:00:00;27.05.2022 01:00:00;1065.73;119.38;119.38;240.4;240.4
27.05.2022 01:00:00;27.05.2022 02:00:00;1008.04;118.97;118.97;236.31;236.31
27.05.2022 02:00:00;27.05.2022 03:00:00;967.84;119.48;119.48;224.75;224.75
27.05.2022 03:00:00;27.05.2022 04:00:00;828.4;120.2;120.2;214.31;214.31
27.05.2022 04:00:00;27.05.2022 05:00:00;1000.47;122.55;122.55;207.77;207.77
27.05.2022 05:00:00;27.05.2022 06:00:00;1039.14;125.31;125.31;204.9;204.9
27.05.2022 06:00:00;27.05.2022 07:00:00;2156.94;126.54;126.54;269.96;269.96
27.05.2022 07:00:00;27.05.2022 08:00:00;2312.94;128.08;128.08;387.2;387.2
27.05.2022 08:00:00;27.05.2022 09:00:00;2229.06;129.82;129.82;399.57;399.57
27.05.2022 09:00:00;27.05.2022 10:00:00;2102.83;130.12;130.12;317.63;317.63
27.05.2022 10:00:00;27.05.2022 11:00:00;2199.39;128.59;128.59;166.54;166.54
27.05.2022 11:00:00;27.05.2022 12:00:00;2149.47;118.26;118.26;118.26;118.26
27.05.2022 12:00:00;27.05.2022 13:00:00;1882.48;102.4;102.4;102.4;102.4
27.05.2022 13:00:00;27.05.2022 14:00:00;1743.45;72.22;72.22;72.22;72.22
27.05.2022 14:00:00;27.05.2022 15:00:00;1770.97;60.87;60.87;60.87;60.87
27.05.2022 15:00:00;27.05.2022 16:00:00;1672.66;51.76;51.76;51.76;51.76
27.05.2022 16:00:00;27.05.2022 17:00:00;2045.23;40.92;40.92;40.92;40.92
27.05.2022 17:00:00;27.05.2022 18:00:00;2222.41;37.75;37.75;37.75;37.75
27.05.2022 18:00:00;27.05.2022 19:00:00;2240.31;70.99;70.99;70.99;70.99
27.05.2022 19:00:00;27.05.2022 20:00:00;1912.25;112.73;112.73;179.63;179.63
27.05.2022 20:00:00;27.05.2022 21:00:00;1695.58;107.11;107.11;165.52;165.52
27.05.2022 21:00:00;27.05.2022 22:00:00;1841.35;102.81;102.81;119.38;119.38
27.05.2022 22:00:00;27.05.2022 23:00:00;1369.35;72.02;72.02;72.02;72.02
27.05.2022 23:00:00;28.05.2022 00:00:00;1023.89;55.04;55.04;55.04;55.04
28.05.2022 00:00:00;28.05.2022 01:00:00;997.36;76.48;76.48;76.48;76.48
28.05.2022 01:00:00;28.05.2022 02:00:00;933.23;55.86;55.86;55.86;55.86
28.05.2022 02:00:00;28.05.2022 03:00:00;913.42;37.68;37.68;37.68;37.68
28.05.2022 03:00:00;28.05.2022 04:00:00;911.28;27.88;27.88;27.88;27.88
28.05.2022 04:00:00;28.05.2022 05:00:00;900.76;29.82;29.82;29.82;29.82
28.05.2022 05:00:00;28.05.2022 06:00:00;979.9;19.71;19.71;19.71;19.71
28.05.2022 06:00:00;28.05.2022 07:00:00;1020.95;30.33;30.33;30.33;30.33
28.05.2022 07:00:00;28.05.2022 08:00:00;919.85;19.5;19.5;19.5;19.5
28.05.2022 08:00:00;28.05.2022 09:00:00;1119.08;13.48;13.48;7.35;7.35
28.05.2022 09:00:00;28.05.2022 10:00:00;1326.58;13.79;13.79;13.79;13.79
28.05.2022 10:00:00;28.05.2022 11:00:00;1290.94;15.42;15.42;15.42;15.42
28.05.2022 11:00:00;28.05.2022 12:00:00;1225.69;19.1;19.1;19.1;19.1
28.05.2022 12:00:00;28.05.2022 13:00:00;1225.38;18.28;18.28;18.28;18.28
28.05.2022 13:00:00;28.05.2022 14:00:00;1118.88;17.67;17.67;17.67;17.67
28.05.2022 14:00:00;28.05.2022 15:00:00;1118.67;18.99;18.99;18.99;18.99
28.05.2022 15:00:00;28.05.2022 16:00:00;1060.88;22.77;22.77;22.77;22.77
28.05.2022 16:00:00;28.05.2022 17:00:00;1237.13;33.49;33.49;33.49;33.49
28.05.2022 17:00:00;28.05.2022 18:00:00;1277.36;99.26;99.26;131.42;131.42
28.05.2022 18:00:00;28.05.2022 19:00:00;1455.04;87.31;87.31;317.17;317.17
28.05.2022 19:00:00;28.05.2022 20:00:00;1428.59;90.07;90.07;314.82;314.82
28.05.2022 20:00:00;28.05.2022 21:00:00;1580.03;88.43;88.43;316.05;316.05
28.05.2022 21:00:00;28.05.2022 22:00:00;1678.47;92.11;92.11;319.62;319.62
28.05.2022 22:00:00;28.05.2022 23:00:00;1337.51;102.22;102.22;321.66;321.66
28.05.2022 23:00:00;29.05.2022 00:00:00;1083.55;107.22;107.22;297.36;297.36
29.05.2022 00:00:00;29.05.2022 01:00:00;432.05;96.07;96.07;422.72;422.72
29.05.2022 01:00:00;29.05.2022 02:00:00;396.14;100.43;100.43;396.14;396.14
29.05.2022 02:00:00;29.05.2022 03:00:00;377.58;107.63;107.63;377.58;377.58
29.05.2022 03:00:00;29.05.2022 04:00:00;365.4;117.17;117.17;365.4;365.4
29.05.2022 04:00:00;29.05.2022 05:00:00;428.91;118.99;118.99;428.91;428.91
29.05.2022 05:00:00;29.05.2022 06:00:00;742.37;121.94;121.94;742.37;742.37
29.05.2022 06:00:00;29.05.2022 07:00:00;862.89;123.15;123.15;862.89;862.89
29.05.2022 07:00:00;29.05.2022 08:00:00;1187;124.27;124.27;1187;1187
29.05.2022 08:00:00;29.05.2022 09:00:00;1339.17;132.49;127.21;1339.17;1339.17
29.05.2022 09:00:00;29.05.2022 10:00:00;1421.03;172.86;127.62;1421.03;1421.03
29.05.2022 10:00:00;29.05.2022 11:00:00;1420.22;270.96;127.52;1420.22;1420.22
29.05.2022 11:00:00;29.05.2022 12:00:00;1471.55;253.81;127.21;1471.55;1471.55
29.05.2022 12:00:00;29.05.2022 13:00:00;1430.36;253.61;124.68;1430.36;1430.36
29.05.2022 13:00:00;29.05.2022 14:00:00;1354.18;174.79;124.07;1354.18;1354.18
29.05.2022 14:00:00;29.05.2022 15:00:00;1255.68;148.92;123.86;1255.68;1255.68
29.05.2022 15:00:00;29.05.2022 16:00:00;1233.46;148.31;124.17;1233.46;1233.46
29.05.2022 16:00:00;29.05.2022 17:00:00;1217.33;148.21;124.27;1217.33;1217.33
29.05.2022 17:00:00;29.05.2022 18:00:00;1521.66;253.92;124.78;1521.66;1521.66
29.05.2022 18:00:00;29.05.2022 19:00:00;1723.84;254.32;127.21;1593.08;1593.08
29.05.2022 19:00:00;29.05.2022 20:00:00;1617.43;254.42;128.23;1617.43;1617.43
29.05.2022 20:00:00;29.05.2022 21:00:00;1603.94;253.71;128.12;1603.94;1603.94
29.05.2022 21:00:00;29.05.2022 22:00:00;1788.46;135.33;128.33;1566.3;1566.3
29.05.2022 22:00:00;29.05.2022 23:00:00;1724.45;128.12;128.12;1487.78;1487.78
29.05.2022 23:00:00;30.05.2022 00:00:00;1410.28;124.17;124.17;1410.28;1410.28
30.05.2022 00:00:00;30.05.2022 01:00:00;1371.83;122.34;122.34;1371.83;1371.83
30.05.2022 01:00:00;30.05.2022 02:00:00;1282.66;119.7;119.7;1282.66;1282.66
30.05.2022 02:00:00;30.05.2022 03:00:00;1264.3;118.59;118.59;1264.3;1264.3
30.05.2022 03:00:00;30.05.2022 04:00:00;1331.56;117.78;117.78;1331.56;1331.56
30.05.2022 04:00:00;30.05.2022 05:00:00;1375.79;117.27;117.27;1375.79;1375.79
30.05.2022 05:00:00;30.05.2022 06:00:00;1528.77;117.78;117.78;1458.77;1458.77
30.05.2022 06:00:00;30.05.2022 07:00:00;2340.12;121.73;121.73;1509.59;1509.59
30.05.2022 07:00:00;30.05.2022 08:00:00;2616.76;123.05;123.05;1851.87;1851.87
30.05.2022 08:00:00;30.05.2022 09:00:00;2820.96;128.23;128.23;1963.25;1963.25
30.05.2022 09:00:00;30.05.2022 10:00:00;2536.01;130.46;130.46;1943.88;1943.88
30.05.2022 10:00:00;30.05.2022 11:00:00;2498.37;154.2;127.82;1939.21;1939.21
30.05.2022 11:00:00;30.05.2022 12:00:00;2330.89;160.18;127.62;1864.04;1864.04
30.05.2022 12:00:00;30.05.2022 13:00:00;2181.05;187.77;127.31;1796.38;1796.38
30.05.2022 13:00:00;30.05.2022 14:00:00;2104.97;218.21;127.11;1799.11;1799.11
30.05.2022 14:00:00;30.05.2022 15:00:00;2028.89;254.12;127.01;1713.8;1713.8
30.05.2022 15:00:00;30.05.2022 16:00:00;2013.06;1441.73;126.91;1628.38;1628.38
30.05.2022 16:00:00;30.05.2022 17:00:00;1967.82;1898.23;124.78;1898.23;1898.23
30.05.2022 17:00:00;30.05.2022 18:00:00;1878.65;1878.65;124.68;1878.65;1878.65
30.05.2022 18:00:00;30.05.2022 19:00:00;1957.37;1943.06;124.78;1943.06;1943.06
30.05.2022 19:00:00;30.05.2022 20:00:00;1779.03;1779.03;124.78;1779.03;1779.03
30.05.2022 20:00:00;30.05.2022 21:00:00;1760.46;1760.46;124.68;1760.46;1760.46
30.05.2022 21:00:00;30.05.2022 22:00:00;1702.13;1702.13;124.17;1702.13;1702.13
30.05.2022 22:00:00;30.05.2022 23:00:00;1664.9;1664.9;123.25;1664.9;1664.9
30.05.2022 23:00:00;31.05.2022 00:00:00;1123.7;257.47;122.44;1123.7;1123.7
31.05.2022 00:00:00;31.05.2022 01:00:00;820.98;149.63;119.87;820.98;820.98
31.05.2022 01:00:00;31.05.2022 02:00:00;396.88;149.12;118.54;396.88;396.88
31.05.2022 02:00:00;31.05.2022 03:00:00;330.24;149.43;117.73;330.24;330.24
31.05.2022 03:00:00;31.05.2022 04:00:00;318.56;149.73;117.43;318.56;318.56
31.05.2022 04:00:00;31.05.2022 05:00:00;320.69;154.2;117.83;320.69;320.69
31.05.2022 05:00:00;31.05.2022 06:00:00;1015.6;236.68;118.65;529.13;529.13
31.05.2022 06:00:00;31.05.2022 07:00:00;2279.27;291.84;125.15;1171.33;1171.33
31.05.2022 07:00:00;31.05.2022 08:00:00;2516.87;254.26;125.76;1795.95;1795.95
31.05.2022 08:00:00;31.05.2022 09:00:00;2491.67;1979.4;127.18;1979.4;1979.4
31.05.2022 09:00:00;31.05.2022 10:00:00;2294.71;1960.2;126.98;1960.2;1960.2
31.05.2022 10:00:00;31.05.2022 11:00:00;2038.01;1865.02;126.67;1865.02;1865.02
31.05.2022 11:00:00;31.05.2022 12:00:00;1969.75;1493.24;126.26;1493.24;1493.24
31.05.2022 12:00:00;31.05.2022 13:00:00;1886.35;1532.65;126.16;1532.65;1532.65
31.05.2022 13:00:00;31.05.2022 14:00:00;1811.89;319.06;126.16;1796.56;1796.56
31.05.2022 14:00:00;31.05.2022 15:00:00;1598.37;301.39;125.15;1598.37;1598.37
31.05.2022 15:00:00;31.05.2022 16:00:00;1422.23;255.27;125.15;1260.72;1260.72
31.05.2022 16:00:00;31.05.2022 17:00:00;1207.69;239.02;125.15;1092.4;1092.4
31.05.2022 17:00:00;31.05.2022 18:00:00;1726.06;226.12;125.15;947.34;947.34
31.05.2022 18:00:00;31.05.2022 19:00:00;1738.25;274.47;125.15;963.9;963.9
31.05.2022 19:00:00;31.05.2022 20:00:00;1388.51;240.44;125.15;886.8;886.8
31.05.2022 20:00:00;31.05.2022 21:00:00;832.45;832.45;125.25;832.45;832.45
31.05.2022 21:00:00;31.05.2022 22:00:00;482.31;315.2;125.15;482.31;482.31
31.05.2022 22:00:00;31.05.2022 23:00:00;311.34;233.43;125.05;311.34;311.34
31.05.2022 23:00:00;01.06.2022 00:00:00;187.11;187.11;119.15;187.11;187.11
01.06.2022 00:00:00;01.06.2022 01:00:00;101.01;101.01;101.01;101.01;101.01
01.06.2022 01:00:00;01.06.2022 02:00:00;95.96;95.96;95.96;95.96;95.96
01.06.2022 02:00:00;01.06.2022 03:00:00;90.91;90.91;90.91;90.91;90.91
01.06.2022 03:00:00;01.06.2022 04:00:00;100.91;100.91;100.91;100.91;100.91
01.06.2022 04:00:00;01.06.2022 05:00:00;117.07;117.07;117.07;117.07;117.07
01.06.2022 05:00:00;01.06.2022 06:00:00;322.01;322.01;118.28;322.01;322.01
01.06.2022 06:00:00;01.06.2022 07:00:00;850.58;850.58;122.52;850.58;850.58
01.06.2022 07:00:00;01.06.2022 08:00:00;1410.06;1129.86;124.84;1129.86;1129.86
01.06.2022 08:00:00;01.06.2022 09:00:00;1894.99;1140.17;124.54;1140.17;1140.17
01.06.2022 09:00:00;01.06.2022 10:00:00;1515;1152.79;124.34;1152.79;1152.79
01.06.2022 10:00:00;01.06.2022 11:00:00;1015.02;1015.02;120.2;1015.02;1015.02
01.06.2022 11:00:00;01.06.2022 12:00:00;1025.02;1025.02;118.68;1025.02;1025.02
01.06.2022 12:00:00;01.06.2022 13:00:00;1108.75;1108.75;119.09;1108.75;1108.75
01.06.2022 13:00:00;01.06.2022 14:00:00;1111.58;1111.58;118.48;1111.58;1111.58
01.06.2022 14:00:00;01.06.2022 15:00:00;1070.17;1070.17;117.88;1070.17;1070.17
01.06.2022 15:00:00;01.06.2022 16:00:00;1131.28;1069.66;117.47;1131.28;1131.28
01.06.2022 16:00:00;01.06.2022 17:00:00;1206.23;506.55;117.07;1206.23;1206.23
01.06.2022 17:00:00;01.06.2022 18:00:00;1849.34;485.04;116.87;1182.79;1182.79
01.06.2022 18:00:00;01.06.2022 19:00:00;2322.35;337.06;116.97;1085.52;1085.52
01.06.2022 19:00:00;01.06.2022 20:00:00;2545.17;314.03;117.07;1194.21;1194.21
01.06.2022 20:00:00;01.06.2022 21:00:00;2133.17;470.49;117.27;901.08;901.08
01.06.2022 21:00:00;01.06.2022 22:00:00;1882.16;335.75;117.07;881.49;881.49
01.06.2022 22:00:00;01.06.2022 23:00:00;1806.21;287.77;116.56;812.6;812.6
01.06.2022 23:00:00;02.06.2022 00:00:00;1513.49;304.94;113.73;820.68;820.68
02.06.2022 00:00:00;02.06.2022 01:00:00;1529.98;252.1;113.94;829.95;829.95
02.06.2022 01:00:00;02.06.2022 02:00:00;1228.35;232.61;113.54;950.73;950.73
02.06.2022 02:00:00;02.06.2022 03:00:00;971.63;168.8;74.96;971.63;971.63
02.06.2022 03:00:00;02.06.2022 04:00:00;923.4;148.41;73.25;923.4;923.4
02.06.2022 04:00:00;02.06.2022 05:00:00;1043.97;163.08;72.75;1043.97;1043.97
02.06.2022 05:00:00;02.06.2022 06:00:00;1491;232.61;74.35;1341.69;1341.69
02.06.2022 06:00:00;02.06.2022 07:00:00;1652.97;232.71;114.04;1042.66;1042.66
02.06.2022 07:00:00;02.06.2022 08:00:00;2241.67;259.23;115.05;1477.43;1477.43
02.06.2022 08:00:00;02.06.2022 09:00:00;2191.74;1510.99;115.85;1510.99;1510.99
02.06.2022 09:00:00;02.06.2022 10:00:00;1918.33;1361.58;117.66;1361.58;1361.58
02.06.2022 10:00:00;02.06.2022 11:00:00;1692.26;1277.48;118.16;1277.48;1277.48
02.06.2022 11:00:00;02.06.2022 12:00:00;1630.86;1229.25;119.87;1229.25;1229.25
02.06.2022 12:00:00;02.06.2022 13:00:00;1576.51;1161.53;120.78;1161.53;1161.53
02.06.2022 13:00:00;02.06.2022 14:00:00;1498.53;1135.91;121.08;1135.91;1135.91
02.06.2022 14:00:00;02.06.2022 15:00:00;1475.53;1113.1;121.38;1113.1;1113.1
02.06.2022 15:00:00;02.06.2022 16:00:00;1495.92;1133.7;121.68;1133.7;1133.7
02.06.2022 16:00:00;02.06.2022 17:00:00;1588.86;130.02;130.02;859.39;859.39
02.06.2022 17:00:00;02.06.2022 18:00:00;1669.85;129.22;129.22;900.49;900.49
02.06.2022 18:00:00;02.06.2022 19:00:00;1748.32;134.74;134.74;904.1;904.1
02.06.2022 19:00:00;02.06.2022 20:00:00;1713.16;132.73;132.73;887.73;887.73
02.06.2022 20:00:00;02.06.2022 21:00:00;1707.13;130.32;130.32;855.37;855.37
02.06.2022 21:00:00;02.06.2022 22:00:00;1708.13;130.32;130.32;679.94;679.94
02.06.2022 22:00:00;02.06.2022 23:00:00;1105.87;127.41;127.41;349.36;349.36
02.06.2022 23:00:00;03.06.2022 00:00:00;252.1;126.5;126.5;252.1;252.1
03.06.2022 00:00:00;03.06.2022 01:00:00;182.41;128.25;128.25;182.41;182.41
03.06.2022 01:00:00;03.06.2022 02:00:00;125.42;125.42;125.42;125.42;125.42
03.06.2022 02:00:00;03.06.2022 03:00:00;118.84;118.84;118.84;118.84;118.84
03.06.2022 03:00:00;03.06.2022 04:00:00;117.52;117.52;117.52;117.52;117.52
03.06.2022 04:00:00;03.06.2022 05:00:00;125.11;125.11;125.11;125.11;125.11
03.06.2022 05:00:00;03.06.2022 06:00:00;339.11;125.62;125.62;339.11;339.11
03.06.2022 06:00:00;03.06.2022 07:00:00;1628.92;124.71;124.71;483.15;483.15
03.06.2022 07:00:00;03.06.2022 08:00:00;2177.66;126.03;126.03;442.15;442.15
03.06.2022 08:00:00;03.06.2022 09:00:00;2024.31;127.04;127.04;472.12;472.12
03.06.2022 09:00:00;03.06.2022 10:00:00;1874.19;126.94;126.94;522.12;522.12
03.06.2022 10:00:00;03.06.2022 11:00:00;1778.03;126.23;126.23;445.7;445.7
03.06.2022 11:00:00;03.06.2022 12:00:00;1641.17;125.52;125.52;424.84;424.84
03.06.2022 12:00:00;03.06.2022 13:00:00;1701.4;125.01;125.01;392.75;392.75
03.06.2022 13:00:00;03.06.2022 14:00:00;1585.6;124.51;124.51;380.3;380.3
03.06.2022 14:00:00;03.06.2022 15:00:00;1518.48;119.34;119.34;381.52;381.52
03.06.2022 15:00:00;03.06.2022 16:00:00;1511.6;118.43;118.43;360.77;360.77
03.06.2022 16:00:00;03.06.2022 17:00:00;1557.05;117.83;117.83;318.35;318.35
03.06.2022 17:00:00;03.06.2022 18:00:00;1777.01;118.64;118.64;445.19;445.19
03.06.2022 18:00:00;03.06.2022 19:00:00;2189.61;119.45;119.45;403.08;403.08
03.06.2022 19:00:00;03.06.2022 20:00:00;2293.47;121.88;121.88;367.85;367.85
03.06.2022 20:00:00;03.06.2022 21:00:00;2065.91;121.77;121.77;352.47;352.47
03.06.2022 21:00:00;03.06.2022 22:00:00;2069.35;117.62;117.62;357.33;357.33
03.06.2022 22:00:00;03.06.2022 23:00:00;1635.6;109.32;109.32;335.56;335.56
03.06.2022 23:00:00;04.06.2022 00:00:00;1543.49;116.92;116.92;280.19;280.19
04.06.2022 00:00:00;04.06.2022 01:00:00;1603.89;115.47;115.47;150.15;150.15
04.06.2022 01:00:00;04.06.2022 02:00:00;1516.64;113.75;113.75;127.8;127.8
04.06.2022 02:00:00;04.06.2022 03:00:00;1459;106.06;106.06;106.06;106.06
04.06.2022 03:00:00;04.06.2022 04:00:00;1375.69;100.6;100.6;100.6;100.6
04.06.2022 04:00:00;04.06.2022 05:00:00;1409.97;98.99;98.99;117.19;117.19
04.06.2022 05:00:00;04.06.2022 06:00:00;1516.64;98.08;98.08;132.25;132.25
04.06.2022 06:00:00;04.06.2022 07:00:00;1615.72;98.28;98.28;177.45;177.45
04.06.2022 07:00:00;04.06.2022 08:00:00;1717.44;104.34;104.34;197.16;197.16
04.06.2022 08:00:00;04.06.2022 09:00:00;1819.96;101.31;101.31;219;219
04.06.2022 09:00:00;04.06.2022 10:00:00;1926.83;97.27;97.27;251.66;251.66
04.06.2022 10:00:00;04.06.2022 11:00:00;1896;91.71;91.71;307.78;307.78
04.06.2022 11:00:00;04.06.2022 12:00:00;1779.52;78.76;78.76;326.18;326.18
04.06.2022 12:00:00;04.06.2022 13:00:00;1702.68;75.33;75.33;88.57;88.57
04.06.2022 13:00:00;04.06.2022 14:00:00;1615.62;72.19;72.19;88.17;88.17
04.06.2022 14:00:00;04.06.2022 15:00:00;1486.71;64.71;64.71;95.35;95.35
04.06.2022 15:00:00;04.06.2022 16:00:00;1486.5;60.87;60.87;116.48;116.48
04.06.2022 16:00:00;04.06.2022 17:00:00;1497.83;59.86;59.86;117.08;117.08
04.06.2022 17:00:00;04.06.2022 18:00:00;1668.4;58.85;58.85;135.99;135.99
04.06.2022 18:00:00;04.06.2022 19:00:00;1920.36;58.64;58.64;146.81;146.81
04.06.2022 19:00:00;04.06.2022 20:00:00;1971.12;58.04;58.04;185.64;185.64
04.06.2022 20:00:00;04.06.2022 21:00:00;2020.46;57.73;57.73;206.26;206.26
04.06.2022 21:00:00;04.06.2022 22:00:00;1837.15;57.63;57.63;213.24;213.24
04.06.2022 22:00:00;04.06.2022 23:00:00;1706.21;58.24;58.24;191.4;191.4
04.06.2022 23:00:00;05.06.2022 00:00:00;1650.81;64.31;64.31;119.61;119.61
05.06.2022 00:00:00;05.06.2022 01:00:00;1464.08;54.92;54.92;54.92;54.92
05.06.2022 01:00:00;05.06.2022 02:00:00;1439.05;59.68;59.68;59.68;59.68
05.06.2022 02:00:00;05.06.2022 03:00:00;1407.64;59.27;59.27;59.27;59.27
05.06.2022 03:00:00;05.06.2022 04:00:00;1349.69;61.5;61.5;61.5;61.5
05.06.2022 04:00:00;05.06.2022 05:00:00;1338.44;64.54;64.54;64.54;64.54
05.06.2022 05:00:00;05.06.2022 06:00:00;1013.91;58.26;58.26;58.26;58.26
05.06.2022 06:00:00;05.06.2022 07:00:00;45.59;45.59;45.59;45.59;45.59
05.06.2022 07:00:00;05.06.2022 08:00:00;57.75;57.75;57.75;57.75;57.75
05.06.2022 08:00:00;05.06.2022 09:00:00;109.63;62.41;62.41;62.41;62.41
05.06.2022 09:00:00;05.06.2022 10:00:00;253.6;63.73;63.73;63.73;63.73
05.06.2022 10:00:00;05.06.2022 11:00:00;189.47;63.63;63.63;63.63;63.63
05.06.2022 11:00:00;05.06.2022 12:00:00;66.47;64.24;64.24;64.24;64.24
05.06.2022 12:00:00;05.06.2022 13:00:00;63.43;63.43;63.43;63.43;63.43
05.06.2022 13:00:00;05.06.2022 14:00:00;55.93;55.93;55.93;55.93;55.93
05.06.2022 14:00:00;05.06.2022 15:00:00;57.65;57.65;57.65;57.65;57.65
05.06.2022 15:00:00;05.06.2022 16:00:00;63.12;63.12;63.12;63.12;63.12
05.06.2022 16:00:00;05.06.2022 17:00:00;73.25;73.25;73.25;73.25;73.25
05.06.2022 17:00:00;05.06.2022 18:00:00;141.75;106.39;106.39;141.75;141.75
05.06.2022 18:00:00;05.06.2022 19:00:00;318.35;111.86;111.86;269.21;269.21
05.06.2022 19:00:00;05.06.2022 20:00:00;862.13;115.61;115.61;304.87;304.87
05.06.2022 20:00:00;05.06.2022 21:00:00;349.35;117.23;117.23;349.35;349.35
05.06.2022 21:00:00;05.06.2022 22:00:00;964.16;118.44;118.44;390.39;390.39
05.06.2022 22:00:00;05.06.2022 23:00:00;366.68;116.92;116.92;366.68;366.68
05.06.2022 23:00:00;06.06.2022 00:00:00;253.91;121.79;121.79;253.91;253.91
06.06.2022 00:00:00;06.06.2022 01:00:00;301.02;120.37;120.37;301.02;301.02
06.06.2022 01:00:00;06.06.2022 02:00:00;282.58;119.66;119.66;282.58;282.58
06.06.2022 02:00:00;06.06.2022 03:00:00;303.56;116.52;116.52;303.56;303.56
06.06.2022 03:00:00;06.06.2022 04:00:00;320.58;115.71;115.71;320.58;320.58
06.06.2022 04:00:00;06.06.2022 05:00:00;426.66;115.71;115.71;426.66;426.66
06.06.2022 05:00:00;06.06.2022 06:00:00;1519.7;116.01;116.01;523.22;523.22
06.06.2022 06:00:00;06.06.2022 07:00:00;2778.4;115.4;115.4;593.33;593.33
06.06.2022 07:00:00;06.06.2022 08:00:00;2280.31;116.82;116.82;911.98;911.98
06.06.2022 08:00:00;06.06.2022 09:00:00;2470.59;117.02;117.02;851.6;851.6
06.06.2022 09:00:00;06.06.2022 10:00:00;1902.69;116.52;116.52;578.03;578.03
06.06.2022 10:00:00;06.06.2022 11:00:00;1796.1;117.02;117.02;311.46;311.46
06.06.2022 11:00:00;06.06.2022 12:00:00;2027.32;114.8;114.8;114.8;114.8
06.06.2022 12:00:00;06.06.2022 13:00:00;2293.99;60.29;60.29;60.29;60.29
06.06.2022 13:00:00;06.06.2022 14:00:00;2500.38;56.33;56.33;56.33;56.33
06.06.2022 14:00:00;06.06.2022 15:00:00;2304.12;57.75;57.75;57.75;57.75
06.06.2022 15:00:00;06.06.2022 16:00:00;2132.69;95.24;95.24;95.24;95.24
06.06.2022 16:00:00;06.06.2022 17:00:00;2190.85;114.49;114.49;157.15;157.15
06.06.2022 17:00:00;06.06.2022 18:00:00;2605.75;113.38;113.38;556.65;556.65
06.06.2022 18:00:00;06.06.2022 19:00:00;2340.19;112.16;112.16;477.02;477.02
06.06.2022 19:00:00;06.06.2022 20:00:00;2483.26;111.45;111.45;476.81;476.81
06.06.2022 20:00:00;06.06.2022 21:00:00;2483.16;111.25;111.25;360.29;360.29
06.06.2022 21:00:00;06.06.2022 22:00:00;2426.31;111.15;111.15;324.53;324.53
06.06.2022 22:00:00;06.06.2022 23:00:00;2299.46;110.95;110.95;279.04;279.04
06.06.2022 23:00:00;07.06.2022 00:00:00;1343.91;115.81;115.81;174.37;174.37
07.06.2022 00:00:00;07.06.2022 01:00:00;205.88;121.69;121.69;205.88;205.88
07.06.2022 01:00:00;07.06.2022 02:00:00;196.36;121.69;121.69;196.36;196.36
07.06.2022 02:00:00;07.06.2022 03:00:00;245.3;122.09;122.09;245.3;245.3
07.06.2022 03:00:00;07.06.2022 04:00:00;283.09;122.09;122.09;283.09;283.09
07.06.2022 04:00:00;07.06.2022 05:00:00;322.91;122.39;122.39;322.91;322.91
07.06.2022 05:00:00;07.06.2022 06:00:00;594.04;123.21;123.21;594.04;594.04
07.06.2022 06:00:00;07.06.2022 07:00:00;1439.66;122.6;122.6;1098.41;1098.41
07.06.2022 07:00:00;07.06.2022 08:00:00;2011.31;132.02;79.23;1816.16;1816.16
07.06.2022 08:00:00;07.06.2022 09:00:00;2431.68;190.58;84.1;2198.95;2198.95
07.06.2022 09:00:00;07.06.2022 10:00:00;2150.32;233.34;88.66;2137.75;2137.75
07.06.2022 10:00:00;07.06.2022 11:00:00;2026.3;144.99;100.31;1935.22;1935.22
07.06.2022 11:00:00;07.06.2022 12:00:00;1772.9;122.29;86.12;1756.08;1756.08
07.06.2022 12:00:00;07.06.2022 13:00:00;1709.27;118.24;85.21;1709.27;1709.27
07.06.2022 13:00:00;07.06.2022 14:00:00;1668.24;111.15;80.55;1668.24;1668.24
07.06.2022 14:00:00;07.06.2022 15:00:00;1636.73;100.81;85.21;1636.73;1636.73
07.06.2022 15:00:00;07.06.2022 16:00:00;1824.68;91.69;81.56;1629.84;1629.84
07.06.2022 16:00:00;07.06.2022 17:00:00;1965.51;81.77;81.77;1634.8;1634.8
07.06.2022 17:00:00;07.06.2022 18:00:00;2300.27;77.61;77.61;1701.88;1701.88
07.06.2022 18:00:00;07.06.2022 19:00:00;2418.31;76.6;76.6;1816.16;1816.16
07.06.2022 19:00:00;07.06.2022 20:00:00;2429.86;75.69;75.69;2156.09;2156.09
07.06.2022 20:00:00;07.06.2022 21:00:00;2421.55;76.5;76.5;2249.31;2249.31
07.06.2022 21:00:00;07.06.2022 22:00:00;2318.31;77;77;1752.43;1752.43
07.06.2022 22:00:00;07.06.2022 23:00:00;2231.68;75.99;75.99;1706.43;1706.43
07.06.2022 23:00:00;08.06.2022 00:00:00;1526.49;90.17;76.19;1526.49;1526.49
08.06.2022 00:00:00;08.06.2022 01:00:00;1625.96;89.94;66.87;1235.73;1235.73
08.06.2022 01:00:00;08.06.2022 02:00:00;1524.24;74.49;60.97;1026.7;1026.7
08.06.2022 02:00:00;08.06.2022 03:00:00;1415.1;71.24;60.57;960.84;960.84
08.06.2022 03:00:00;08.06.2022 04:00:00;1048.95;69.51;60.36;876.29;876.29
08.06.2022 04:00:00;08.06.2022 05:00:00;1017.24;70.02;60.36;788.8;788.8
08.06.2022 05:00:00;08.06.2022 06:00:00;1778.4;78.96;60.67;982.08;982.08
08.06.2022 06:00:00;08.06.2022 07:00:00;2438.64;71.03;69.21;1412.05;1412.05
08.06.2022 07:00:00;08.06.2022 08:00:00;2642.19;91.46;76.73;1598.93;1598.93
08.06.2022 08:00:00;08.06.2022 09:00:00;2540.47;95.12;79.06;1880.53;1880.53
08.06.2022 09:00:00;08.06.2022 10:00:00;2572.28;100.61;80.18;2021.58;2021.58
08.06.2022 10:00:00;08.06.2022 11:00:00;2540.57;97.35;83.64;1880.83;1880.83
08.06.2022 11:00:00;08.06.2022 12:00:00;2642.09;92.48;83.94;1807.77;1807.77
08.06.2022 12:00:00;08.06.2022 13:00:00;2833.55;83.84;83.84;1778.3;1778.3
08.06.2022 13:00:00;08.06.2022 14:00:00;2665.16;80.08;80.08;1717.63;1717.63
08.06.2022 14:00:00;08.06.2022 15:00:00;2494.64;75.91;75.91;1651.68;1651.68
08.06.2022 15:00:00;08.06.2022 16:00:00;2918.1;72.76;72.76;1473.43;1473.43
08.06.2022 16:00:00;08.06.2022 17:00:00;2591.48;71.95;71.95;1468.04;1468.04
08.06.2022 17:00:00;08.06.2022 18:00:00;2439.15;70.83;70.83;1497.41;1497.41
08.06.2022 18:00:00;08.06.2022 19:00:00;2471.97;71.14;71.14;1500.05;1500.05
08.06.2022 19:00:00;08.06.2022 20:00:00;2658.35;71.44;71.44;1525.05;1525.05
08.06.2022 20:00:00;08.06.2022 21:00:00;2148.92;74.59;74.59;1550.97;1550.97
08.06.2022 21:00:00;08.06.2022 22:00:00;2336.61;75.2;75.2;1523.83;1523.83
08.06.2022 22:00:00;08.06.2022 23:00:00;1879.51;74.79;74.79;1467.74;1467.74
08.06.2022 23:00:00;09.06.2022 00:00:00;1238.38;82.62;82.62;1238.38;1238.38
09.06.2022 00:00:00;09.06.2022 01:00:00;1522.27;101.64;85.61;1298.6;1298.6
09.06.2022 01:00:00;09.06.2022 02:00:00;1521.46;100.12;83.48;1294.75;1294.75
09.06.2022 02:00:00;09.06.2022 03:00:00;1279.64;100.83;83.08;1279.64;1279.64
09.06.2022 03:00:00;09.06.2022 04:00:00;1271.72;101.54;83.08;1271.72;1271.72
09.06.2022 04:00:00;09.06.2022 05:00:00;1521.56;101.94;83.18;1269.9;1269.9
09.06.2022 05:00:00;09.06.2022 06:00:00;2282.65;107.22;84.9;1288.16;1288.16
09.06.2022 06:00:00;09.06.2022 07:00:00;2568.2;93.53;93.53;1373.47;1373.47
09.06.2022 07:00:00;09.06.2022 08:00:00;2452.15;101.54;101.54;1535.97;1535.97
09.06.2022 08:00:00;09.06.2022 09:00:00;2568.3;111.89;111.89;1836.53;1836.53
09.06.2022 09:00:00;09.06.2022 10:00:00;2531.38;112.19;112.19;1887.75;1887.75
09.06.2022 10:00:00;09.06.2022 11:00:00;2422.03;106.61;106.61;1887.75;1887.75
09.06.2022 11:00:00;09.06.2022 12:00:00;2586.96;102.35;102.35;1861.89;1861.89
09.06.2022 12:00:00;09.06.2022 13:00:00;2535.94;101.23;101.23;1858.13;1858.13
09.06.2022 13:00:00;09.06.2022 14:00:00;2368.37;99.31;99.31;1690.05;1690.05
09.06.2022 14:00:00;09.06.2022 15:00:00;2318.25;95.76;95.76;1595.51;1595.51
09.06.2022 15:00:00;09.06.2022 16:00:00;2282.65;90.69;90.69;1562.54;1562.54
09.06.2022 16:00:00;09.06.2022 17:00:00;2271.7;85.11;85.11;1548.85;1548.85
09.06.2022 17:00:00;09.06.2022 18:00:00;2347.16;83.28;83.28;1620.67;1620.67
09.06.2022 18:00:00;09.06.2022 19:00:00;2318.46;83.79;83.79;1746.96;1746.96
09.06.2022 19:00:00;09.06.2022 20:00:00;2378.81;85.21;85.21;1947.3;1947.3
09.06.2022 20:00:00;09.06.2022 21:00:00;1906.62;92.31;92.31;1742.39;1742.39
09.06.2022 21:00:00;09.06.2022 22:00:00;2000.25;92.82;92.82;1676.97;1676.97
09.06.2022 22:00:00;09.06.2022 23:00:00;1686.81;91.4;91.4;1487.68;1487.68
09.06.2022 23:00:00;10.06.2022 00:00:00;1392.33;98.8;98.8;1392.33;1392.33
10.06.2022 00:00:00;10.06.2022 01:00:00;1983.67;124.63;81.19;1351.75;1351.75
10.06.2022 01:00:00;10.06.2022 02:00:00;1526.04;125.25;77.12;1334.66;1334.66
10.06.2022 02:00:00;10.06.2022 03:00:00;1306.07;136.44;67.05;1306.07;1306.07
10.06.2022 03:00:00;10.06.2022 04:00:00;1137.89;139.59;65.93;1137.89;1137.89
10.06.2022 04:00:00;10.06.2022 05:00:00;1221.93;143.56;65.83;1221.93;1221.93
10.06.2022 05:00:00;10.06.2022 06:00:00;1822.62;231.67;66.03;1336.79;1336.79
10.06.2022 06:00:00;10.06.2022 07:00:00;2435.92;141.02;77.83;1364.77;1364.77
10.06.2022 07:00:00;10.06.2022 08:00:00;3051.36;161.16;104.69;1500.6;1500.6
10.06.2022 08:00:00;10.06.2022 09:00:00;3750.03;255.27;113.04;1773.27;1773.27
10.06.2022 09:00:00;10.06.2022 10:00:00;2706.96;266.06;120.16;1772.76;1772.76
10.06.2022 10:00:00;10.06.2022 11:00:00;2543.46;254.76;120.26;1726.88;1726.88
10.06.2022 11:00:00;10.06.2022 12:00:00;2394.61;203.59;117.11;1618.62;1618.62
10.06.2022 12:00:00;10.06.2022 13:00:00;2114.82;183.44;114.56;1558.7;1558.7
10.06.2022 13:00:00;10.06.2022 14:00:00;1999.75;141.42;110.39;1459.5;1459.5
10.06.2022 14:00:00;10.06.2022 15:00:00;1817.12;137.66;110.09;1417.58;1417.58
10.06.2022 15:00:00;10.06.2022 16:00:00;1795.04;123.01;108.76;1363.96;1363.96
10.06.2022 16:00:00;10.06.2022 17:00:00;1829.64;122.19;107.13;987.21;987.21
10.06.2022 17:00:00;10.06.2022 18:00:00;1983.67;141.83;141.83;678.62;678.62
10.06.2022 18:00:00;10.06.2022 19:00:00;2290.02;141.32;141.32;741.4;741.4
10.06.2022 19:00:00;10.06.2022 20:00:00;2500.53;141.02;141.02;696.53;696.53
10.06.2022 20:00:00;10.06.2022 21:00:00;2004.23;140.2;140.2;626.23;626.23
10.06.2022 21:00:00;10.06.2022 22:00:00;2206.79;138.88;138.88;536.39;536.39
10.06.2022 22:00:00;10.06.2022 23:00:00;2011.14;137.76;137.76;471.27;471.27
10.06.2022 23:00:00;11.06.2022 00:00:00;1520.34;139.9;139.9;414.5;414.5
11.06.2022 00:00:00;11.06.2022 01:00:00;282.41;141.41;141.41;282.41;282.41
11.06.2022 01:00:00;11.06.2022 02:00:00;200.18;140.49;140.49;200.18;200.18
11.06.2022 02:00:00;11.06.2022 03:00:00;138.67;138.67;138.67;138.67;138.67
11.06.2022 03:00:00;11.06.2022 04:00:00;138.36;138.36;138.36;138.36;138.36
11.06.2022 04:00:00;11.06.2022 05:00:00;138.16;138.16;138.16;138.16;138.16
11.06.2022 05:00:00;11.06.2022 06:00:00;144.76;138.56;138.56;144.76;144.76
11.06.2022 06:00:00;11.06.2022 07:00:00;258.96;130.04;130.04;258.96;258.96
11.06.2022 07:00:00;11.06.2022 08:00:00;350.12;129.63;129.63;350.12;350.12
11.06.2022 08:00:00;11.06.2022 09:00:00;368.69;135.72;135.72;368.69;368.69
11.06.2022 09:00:00;11.06.2022 10:00:00;300.27;138.46;138.46;300.27;300.27
11.06.2022 10:00:00;11.06.2022 11:00:00;218.66;138.87;138.87;218.66;218.66
11.06.2022 11:00:00;11.06.2022 12:00:00;137.14;137.14;137.14;137.14;137.14
11.06.2022 12:00:00;11.06.2022 13:00:00;112.27;112.27;112.27;112.27;112.27
11.06.2022 13:00:00;11.06.2022 14:00:00;99.18;99.18;99.18;99.18;99.18
11.06.2022 14:00:00;11.06.2022 15:00:00;42.94;42.94;42.94;42.94;42.94
11.06.2022 15:00:00;11.06.2022 16:00:00;102.32;102.32;102.32;102.32;102.32
11.06.2022 16:00:00;11.06.2022 17:00:00;118.57;118.57;118.57;118.57;118.57
11.06.2022 17:00:00;11.06.2022 18:00:00;134.91;134.91;134.91;134.91;134.91
11.06.2022 18:00:00;11.06.2022 19:00:00;134.81;134.81;134.81;134.81;134.81
11.06.2022 19:00:00;11.06.2022 20:00:00;154.7;134.71;134.71;154.7;154.7
11.06.2022 20:00:00;11.06.2022 21:00:00;161.4;133.29;133.29;161.4;161.4
11.06.2022 21:00:00;11.06.2022 22:00:00;216.93;129.73;129.73;216.93;216.93
11.06.2022 22:00:00;11.06.2022 23:00:00;176.63;122.73;122.73;176.63;176.63
11.06.2022 23:00:00;12.06.2022 00:00:00;119.07;119.07;119.07;119.07;119.07
12.06.2022 00:00:00;12.06.2022 01:00:00;109.46;109.46;109.46;109.46;109.46
12.06.2022 01:00:00;12.06.2022 02:00:00;103.31;103.31;103.31;103.31;103.31
12.06.2022 02:00:00;12.06.2022 03:00:00;92.66;92.66;92.66;92.66;92.66
12.06.2022 03:00:00;12.06.2022 04:00:00;93.07;93.07;93.07;93.07;93.07
12.06.2022 04:00:00;12.06.2022 05:00:00;106.08;106.08;106.08;106.08;106.08
12.06.2022 05:00:00;12.06.2022 06:00:00;116.83;116.83;116.83;116.83;116.83
12.06.2022 06:00:00;12.06.2022 07:00:00;114.88;114.88;114.88;114.88;114.88
12.06.2022 07:00:00;12.06.2022 08:00:00;203.55;114.17;114.17;203.55;203.55
12.06.2022 08:00:00;12.06.2022 09:00:00;289.26;119.18;119.18;289.26;289.26
12.06.2022 09:00:00;12.06.2022 10:00:00;319.97;120.82;120.82;319.97;319.97
12.06.2022 10:00:00;12.06.2022 11:00:00;318.34;121.33;121.33;318.34;318.34
12.06.2022 11:00:00;12.06.2022 12:00:00;307.38;121.03;121.03;307.38;307.38
12.06.2022 12:00:00;12.06.2022 13:00:00;201.81;119.08;119.08;201.81;201.81
12.06.2022 13:00:00;12.06.2022 14:00:00;51.4;51.4;51.4;51.4;51.4
12.06.2022 14:00:00;12.06.2022 15:00:00;20.48;20.48;20.48;20.48;20.48
12.06.2022 15:00:00;12.06.2022 16:00:00;101.88;101.88;101.88;101.88;101.88
12.06.2022 16:00:00;12.06.2022 17:00:00;284.65;104.95;104.95;284.65;284.65
12.06.2022 17:00:00;12.06.2022 18:00:00;365.13;105.67;105.67;365.13;365.13
12.06.2022 18:00:00;12.06.2022 19:00:00;405.37;107.1;107.1;405.37;405.37
12.06.2022 19:00:00;12.06.2022 20:00:00;463.12;114.37;114.37;463.12;463.12
12.06.2022 20:00:00;12.06.2022 21:00:00;473.46;113.35;113.35;473.46;473.46
12.06.2022 21:00:00;12.06.2022 22:00:00;458.92;113.45;113.45;458.92;458.92
12.06.2022 22:00:00;12.06.2022 23:00:00;393.7;112.43;112.43;393.7;393.7
12.06.2022 23:00:00;13.06.2022 00:00:00;251.37;120.31;120.31;251.37;251.37
13.06.2022 00:00:00;13.06.2022 01:00:00;169.15;103.01;103.01;169.15;169.15
13.06.2022 01:00:00;13.06.2022 02:00:00;155.33;99.32;99.32;155.33;155.33
13.06.2022 02:00:00;13.06.2022 03:00:00;139.56;100.55;100.55;139.56;139.56
13.06.2022 03:00:00;13.06.2022 04:00:00;146.42;98.81;98.81;146.42;146.42
13.06.2022 04:00:00;13.06.2022 05:00:00;168.64;99.42;99.42;168.64;168.64
13.06.2022 05:00:00;13.06.2022 06:00:00;472.84;101.16;101.16;263.04;263.04
13.06.2022 06:00:00;13.06.2022 07:00:00;1563.52;80.68;80.68;307.07;307.07
13.06.2022 07:00:00;13.06.2022 08:00:00;1945.44;91.23;91.23;340.66;340.66
13.06.2022 08:00:00;13.06.2022 09:00:00;2171.93;106.69;106.69;415.3;415.3
13.06.2022 09:00:00;13.06.2022 10:00:00;1835.06;105.16;105.16;417.96;417.96
13.06.2022 10:00:00;13.06.2022 11:00:00;1696.63;103.42;103.42;411.61;411.61
13.06.2022 11:00:00;13.06.2022 12:00:00;1535.77;100.65;100.65;414.58;414.58
13.06.2022 12:00:00;13.06.2022 13:00:00;1792.37;91.74;91.74;406.5;406.5
13.06.2022 13:00:00;13.06.2022 14:00:00;1792.47;90.21;90.21;410.9;410.9
13.06.2022 14:00:00;13.06.2022 15:00:00;1792.88;88.77;88.77;389.09;389.09
13.06.2022 15:00:00;13.06.2022 16:00:00;1600.38;87.44;87.44;371.17;371.17
13.06.2022 16:00:00;13.06.2022 17:00:00;1578.06;82.83;82.83;369.12;369.12
13.06.2022 17:00:00;13.06.2022 18:00:00;1579.9;79.46;79.46;335.23;335.23
13.06.2022 18:00:00;13.06.2022 19:00:00;1793.6;80.48;80.48;357.14;357.14
13.06.2022 19:00:00;13.06.2022 20:00:00;2133.95;80.58;80.58;313.93;313.93
13.06.2022 20:00:00;13.06.2022 21:00:00;1712.91;87.85;87.85;290.49;290.49
13.06.2022 21:00:00;13.06.2022 22:00:00;1698.88;88.36;88.36;251.37;251.37
13.06.2022 22:00:00;13.06.2022 23:00:00;1433.48;87.03;87.03;188.3;188.3
13.06.2022 23:00:00;14.06.2022 00:00:00;483.29;76.69;76.69;168.13;168.13
14.06.2022 00:00:00;14.06.2022 01:00:00;583.38;79.32;79.32;135.05;135.05
14.06.2022 01:00:00;14.06.2022 02:00:00;555.36;75.82;75.82;92.41;92.41
14.06.2022 02:00:00;14.06.2022 03:00:00;543.62;72.94;72.94;72.94;72.94
14.06.2022 03:00:00;14.06.2022 04:00:00;542.17;74.79;74.79;77.16;77.16
14.06.2022 04:00:00;14.06.2022 05:00:00;538.67;75.51;75.51;101.88;101.88
14.06.2022 05:00:00;14.06.2022 06:00:00;1272.05;85.09;85.09;142.68;142.68
14.06.2022 06:00:00;14.06.2022 07:00:00;2028.91;96.63;96.63;145.25;145.25
14.06.2022 07:00:00;14.06.2022 08:00:00;2347.54;114.86;114.86;167.92;167.92
14.06.2022 08:00:00;14.06.2022 09:00:00;2279.54;133.82;133.82;163.49;163.49
14.06.2022 09:00:00;14.06.2022 10:00:00;2575.3;142.27;142.27;172.14;172.14
14.06.2022 10:00:00;14.06.2022 11:00:00;2425.52;146.18;146.18;176.36;176.36
14.06.2022 11:00:00;14.06.2022 12:00:00;1897.97;141.65;141.65;169.56;169.56
14.06.2022 12:00:00;14.06.2022 13:00:00;2125.84;142.47;142.47;169.87;169.87
14.06.2022 13:00:00;14.06.2022 14:00:00;2589.93;141.85;141.85;154.83;154.83
14.06.2022 14:00:00;14.06.2022 15:00:00;1563.17;139.79;139.79;154.52;154.52
14.06.2022 15:00:00;14.06.2022 16:00:00;1688.95;137.84;137.84;145.15;145.15
14.06.2022 16:00:00;14.06.2022 17:00:00;2060.22;132.27;132.27;134.33;134.33
14.06.2022 17:00:00;14.06.2022 18:00:00;2038.38;120.32;120.32;131.55;131.55
14.06.2022 18:00:00;14.06.2022 19:00:00;2322.3;113.11;113.11;136.29;136.29
14.06.2022 19:00:00;14.06.2022 20:00:00;2362.58;112.39;112.39;149.48;149.48
14.06.2022 20:00:00;14.06.2022 21:00:00;2318.07;114.35;114.35;262.38;262.38
14.06.2022 21:00:00;14.06.2022 22:00:00;2369.07;118.57;118.57;259.6;259.6
14.06.2022 22:00:00;14.06.2022 23:00:00;1748.5;118.88;118.88;185.12;185.12
14.06.2022 23:00:00;15.06.2022 00:00:00;1027.38;118.67;118.67;156.58;156.58
15.06.2022 00:00:00;15.06.2022 01:00:00;498.87;115.08;115.08;120.9;120.9
15.06.2022 01:00:00;15.06.2022 02:00:00;112.68;112.68;112.68;112.68;112.68
15.06.2022 02:00:00;15.06.2022 03:00:00;99.9;99.9;99.9;99.9;99.9
15.06.2022 03:00:00;15.06.2022 04:00:00;102.08;102.08;102.08;102.08;102.08
15.06.2022 04:00:00;15.06.2022 05:00:00;350.21;115.08;115.08;115.08;115.08
15.06.2022 05:00:00;15.06.2022 06:00:00;1195.66;120.79;120.79;164.35;164.35
15.06.2022 06:00:00;15.06.2022 07:00:00;2282.89;120.38;120.38;210.61;210.61
15.06.2022 07:00:00;15.06.2022 08:00:00;2567.1;129.42;129.42;216.43;216.43
15.06.2022 08:00:00;15.06.2022 09:00:00;2627.7;136.39;136.39;212.89;212.89
15.06.2022 09:00:00;15.06.2022 10:00:00;2220.21;136.91;136.91;209.98;209.98
15.06.2022 10:00:00;15.06.2022 11:00:00;2035.18;135.55;135.55;197.51;197.51
15.06.2022 11:00:00;15.06.2022 12:00:00;1823.01;129.21;129.21;197.3;197.3
15.06.2022 12:00:00;15.06.2022 13:00:00;1775.09;125.57;125.57;212.27;212.27
15.06.2022 13:00:00;15.06.2022 14:00:00;1790.06;127.76;127.76;197.2;197.2
15.06.2022 14:00:00;15.06.2022 15:00:00;1752.74;128.38;128.38;208.53;208.53
15.06.2022 15:00:00;15.06.2022 16:00:00;1769.68;129.32;129.32;212.58;212.58
15.06.2022 16:00:00;15.06.2022 17:00:00;1902.95;135.97;135.97;194.49;194.49
15.06.2022 17:00:00;15.06.2022 18:00:00;2268.13;136.28;136.28;208.53;208.53
15.06.2022 18:00:00;15.06.2022 19:00:00;2598.8;136.91;136.91;192.73;192.73
15.06.2022 19:00:00;15.06.2022 20:00:00;2277.59;137.42;137.42;206.97;206.97
15.06.2022 20:00:00;15.06.2022 21:00:00;1472.38;137.63;137.63;304.27;304.27
15.06.2022 21:00:00;15.06.2022 22:00:00;1039;137.42;137.42;292.31;292.31
15.06.2022 22:00:00;15.06.2022 23:00:00;940.66;136.07;136.07;277.03;277.03
15.06.2022 23:00:00;16.06.2022 00:00:00;244.6;130.98;130.98;244.6;244.6
16.06.2022 00:00:00;16.06.2022 01:00:00;129.49;122.2;122.2;129.49;129.49
16.06.2022 01:00:00;16.06.2022 02:00:00;96.7;96.7;96.7;96.7;96.7
16.06.2022 02:00:00;16.06.2022 03:00:00;83.48;83.48;83.48;83.48;83.48
16.06.2022 03:00:00;16.06.2022 04:00:00;80.77;80.77;80.77;80.77;80.77
16.06.2022 04:00:00;16.06.2022 05:00:00;86.29;86.29;86.29;86.29;86.29
16.06.2022 05:00:00;16.06.2022 06:00:00;246.07;114.71;114.71;246.07;246.07
16.06.2022 06:00:00;16.06.2022 07:00:00;1409.57;115.12;115.12;290.62;290.62
16.06.2022 07:00:00;16.06.2022 08:00:00;2315.88;126.88;126.88;301.65;301.65
16.06.2022 08:00:00;16.06.2022 09:00:00;2550.18;134.59;134.59;317.06;317.06
16.06.2022 09:00:00;16.06.2022 10:00:00;2253.42;130.01;130.01;308.73;308.73
16.06.2022 10:00:00;16.06.2022 11:00:00;1886.82;127.72;127.72;304.36;304.36
16.06.2022 11:00:00;16.06.2022 12:00:00;1701.65;127.3;127.3;306.02;306.02
16.06.2022 12:00:00;16.06.2022 13:00:00;1592.15;127.09;127.09;303.21;303.21
16.06.2022 13:00:00;16.06.2022 14:00:00;1216.7;131.46;131.46;305.19;305.19
16.06.2022 14:00:00;16.06.2022 15:00:00;1040.89;126.88;126.88;306.75;306.75
16.06.2022 15:00:00;16.06.2022 16:00:00;1025.9;121.37;121.37;309.46;309.46
16.06.2022 16:00:00;16.06.2022 17:00:00;1213.99;120.74;120.74;304.46;304.46
16.06.2022 17:00:00;16.06.2022 18:00:00;1719.65;119.81;119.81;309.04;309.04
16.06.2022 18:00:00;16.06.2022 19:00:00;2226.05;119.81;119.81;313.93;313.93
16.06.2022 19:00:00;16.06.2022 20:00:00;2141.63;120.12;120.12;326.01;326.01
16.06.2022 20:00:00;16.06.2022 21:00:00;2081.68;120.64;120.64;339.54;339.54
16.06.2022 21:00:00;16.06.2022 22:00:00;1998.3;120.22;120.22;321.95;321.95
16.06.2022 22:00:00;16.06.2022 23:00:00;1772.64;115.43;115.43;326.11;326.11
16.06.2022 23:00:00;17.06.2022 00:00:00;1499.09;107.73;107.73;302.69;302.69
17.06.2022 00:00:00;17.06.2022 01:00:00;545.98;123.48;123.48;291.79;291.79
17.06.2022 01:00:00;17.06.2022 02:00:00;299.64;122.43;122.43;299.64;299.64
17.06.2022 02:00:00;17.06.2022 03:00:00;276.08;120.97;120.97;276.08;276.08
17.06.2022 03:00:00;17.06.2022 04:00:00;283.3;117.93;117.93;283.3;283.3
17.06.2022 04:00:00;17.06.2022 05:00:00;307.92;120.13;120.13;307.92;307.92
17.06.2022 05:00:00;17.06.2022 06:00:00;1478.42;121.49;121.49;419.14;419.14
17.06.2022 06:00:00;17.06.2022 07:00:00;1842.47;122.75;122.75;538.54;538.54
17.06.2022 07:00:00;17.06.2022 08:00:00;3304.86;133.64;133.64;558.23;558.23
17.06.2022 08:00:00;17.06.2022 09:00:00;3411.17;137.31;137.31;575.82;575.82
17.06.2022 09:00:00;17.06.2022 10:00:00;3132.26;136.99;136.99;574.88;574.88
17.06.2022 10:00:00;17.06.2022 11:00:00;2559.89;134.9;134.9;568.6;568.6
17.06.2022 11:00:00;17.06.2022 12:00:00;2041.25;127.98;127.98;562.31;562.31
17.06.2022 12:00:00;17.06.2022 13:00:00;1953.8;123.48;123.48;564.62;564.62
17.06.2022 13:00:00;17.06.2022 14:00:00;1867.4;122.43;122.43;551.21;551.21
17.06.2022 14:00:00;17.06.2022 15:00:00;1823.62;116.99;116.99;539.69;539.69
17.06.2022 15:00:00;17.06.2022 16:00:00;1844.77;109.24;109.24;534.14;534.14
17.06.2022 16:00:00;17.06.2022 17:00:00;2092.68;101.91;101.91;529.22;529.22
17.06.2022 17:00:00;17.06.2022 18:00:00;2520.2;93.53;93.53;571.01;571.01
17.06.2022 18:00:00;17.06.2022 19:00:00;2618.34;92.27;92.27;554.04;554.04
17.06.2022 19:00:00;17.06.2022 20:00:00;2498.31;91.12;91.12;512.15;512.15
17.06.2022 20:00:00;17.06.2022 21:00:00;2092.47;89.65;89.65;457.89;457.89
17.06.2022 21:00:00;17.06.2022 22:00:00;2010.46;87.98;87.98;307.81;307.81
17.06.2022 22:00:00;17.06.2022 23:00:00;2188.82;85.57;85.57;172.29;172.29
17.06.2022 23:00:00;18.06.2022 00:00:00;1571;78.13;78.13;78.13;78.13
18.06.2022 00:00:00;18.06.2022 01:00:00;1136.99;63.36;63.36;63.36;63.36
18.06.2022 01:00:00;18.06.2022 02:00:00;1105.83;51.65;51.65;51.65;51.65
18.06.2022 02:00:00;18.06.2022 03:00:00;843.59;28.96;46.11;46.11;46.11
18.06.2022 03:00:00;18.06.2022 04:00:00;501.78;26.98;42.77;42.77;42.77
18.06.2022 04:00:00;18.06.2022 05:00:00;45.27;27.5;41.2;41.2;41.2
18.06.2022 05:00:00;18.06.2022 06:00:00;315.77;28.96;48.1;49.46;49.46
18.06.2022 06:00:00;18.06.2022 07:00:00;828.64;29.49;46.32;46.32;46.32
18.06.2022 07:00:00;18.06.2022 08:00:00;1051.04;47.99;47.99;172.73;172.73
18.06.2022 08:00:00;18.06.2022 09:00:00;1058.15;60.33;60.33;227.42;227.42
18.06.2022 09:00:00;18.06.2022 10:00:00;1081.25;64.41;64.41;280.85;280.85
18.06.2022 10:00:00;18.06.2022 11:00:00;954.42;65.66;65.66;282.1;282.1
18.06.2022 11:00:00;18.06.2022 12:00:00;955.36;65.98;65.98;155.06;155.06
18.06.2022 12:00:00;18.06.2022 13:00:00;995.83;65.66;65.66;149.1;149.1
18.06.2022 13:00:00;18.06.2022 14:00:00;913.23;66.08;66.08;83.23;83.23
18.06.2022 14:00:00;18.06.2022 15:00:00;926.19;63.36;63.36;63.36;63.36
18.06.2022 15:00:00;18.06.2022 16:00:00;981.71;59.91;59.91;59.91;59.91
18.06.2022 16:00:00;18.06.2022 17:00:00;973.14;61.38;61.38;61.38;61.38
18.06.2022 17:00:00;18.06.2022 18:00:00;1005.66;65.25;65.25;65.25;65.25
18.06.2022 18:00:00;18.06.2022 19:00:00;990.18;68.7;68.7;68.7;68.7
18.06.2022 19:00:00;18.06.2022 20:00:00;912.29;72.36;72.36;72.36;72.36
18.06.2022 20:00:00;18.06.2022 21:00:00;569.22;73.61;73.61;73.61;73.61
18.06.2022 21:00:00;18.06.2022 22:00:00;699.3;69.85;69.85;69.85;69.85
18.06.2022 22:00:00;18.06.2022 23:00:00;827.28;67.23;67.23;67.23;67.23
18.06.2022 23:00:00;19.06.2022 00:00:00;58.24;58.24;58.24;58.24;58.24
19.06.2022 00:00:00;19.06.2022 01:00:00;32.89;32.89;32.89;32.89;32.89
19.06.2022 01:00:00;19.06.2022 02:00:00;26.5;26.5;26.5;26.5;26.5
19.06.2022 02:00:00;19.06.2022 03:00:00;20.43;20.43;20.43;20.43;20.43
19.06.2022 03:00:00;19.06.2022 04:00:00;17.39;17.39;17.39;17.39;17.39
19.06.2022 04:00:00;19.06.2022 05:00:00;15.61;15.61;15.61;15.61;15.61
19.06.2022 05:00:00;19.06.2022 06:00:00;17.91;17.91;17.91;17.91;17.91
19.06.2022 06:00:00;19.06.2022 07:00:00;21.37;21.37;21.37;21.37;21.37
19.06.2022 07:00:00;19.06.2022 08:00:00;29.02;29.02;29.02;29.02;29.02
19.06.2022 08:00:00;19.06.2022 09:00:00;38.44;38.44;38.44;38.44;38.44
19.06.2022 09:00:00;19.06.2022 10:00:00;53.53;53.53;53.53;53.53;53.53
19.06.2022 10:00:00;19.06.2022 11:00:00;62.85;62.85;62.85;62.85;62.85
19.06.2022 11:00:00;19.06.2022 12:00:00;72.49;72.49;72.49;72.49;72.49
19.06.2022 12:00:00;19.06.2022 13:00:00;73.11;73.11;73.11;73.11;73.11
19.06.2022 13:00:00;19.06.2022 14:00:00;71.23;71.23;71.23;71.23;71.23
19.06.2022 14:00:00;19.06.2022 15:00:00;80.34;80.34;80.34;80.34;80.34
19.06.2022 15:00:00;19.06.2022 16:00:00;139.52;108.31;108.31;139.52;139.52
19.06.2022 16:00:00;19.06.2022 17:00:00;281.98;103.81;103.81;281.98;281.98
19.06.2022 17:00:00;19.06.2022 18:00:00;334.67;103.6;103.6;334.67;334.67
19.06.2022 18:00:00;19.06.2022 19:00:00;807.71;109.15;109.15;488.96;488.96
19.06.2022 19:00:00;19.06.2022 20:00:00;761.31;118.89;118.89;516.83;516.83
19.06.2022 20:00:00;19.06.2022 21:00:00;431.35;124.55;124.55;431.35;431.35
19.06.2022 21:00:00;19.06.2022 22:00:00;492;125.8;125.8;492;492
19.06.2022 22:00:00;19.06.2022 23:00:00;316.65;123.71;123.71;316.65;316.65
19.06.2022 23:00:00;20.06.2022 00:00:00;277.9;119.62;119.62;277.9;277.9
20.06.2022 00:00:00;20.06.2022 01:00:00;286.7;144.55;144.55;286.7;286.7
20.06.2022 01:00:00;20.06.2022 02:00:00;281.25;144.24;144.24;281.25;281.25
20.06.2022 02:00:00;20.06.2022 03:00:00;279.68;144.24;144.24;279.68;279.68
20.06.2022 03:00:00;20.06.2022 04:00:00;284.39;143.71;143.71;284.39;284.39
20.06.2022 04:00:00;20.06.2022 05:00:00;314.45;143.92;143.92;314.45;314.45
20.06.2022 05:00:00;20.06.2022 06:00:00;1680.68;144.87;144.87;339.07;339.07
20.06.2022 06:00:00;20.06.2022 07:00:00;3159.94;145.39;145.39;342.53;342.53
20.06.2022 07:00:00;20.06.2022 08:00:00;3864.16;147.59;147.59;505.3;505.3
20.06.2022 08:00:00;20.06.2022 09:00:00;5237.4;219.03;219.03;557.36;557.36
20.06.2022 09:00:00;20.06.2022 10:00:00;3648.17;298.74;298.74;520.18;520.18
20.06.2022 10:00:00;20.06.2022 11:00:00;3245.31;150.73;150.73;525.42;525.42
20.06.2022 11:00:00;20.06.2022 12:00:00;3204.98;146.33;146.33;477.76;477.76
20.06.2022 12:00:00;20.06.2022 13:00:00;2760.53;145.7;145.7;490.74;490.74
20.06.2022 13:00:00;20.06.2022 14:00:00;2337.56;144.76;144.76;419.94;419.94
20.06.2022 14:00:00;20.06.2022 15:00:00;2190.91;143.92;143.92;406.84;406.84
20.06.2022 15:00:00;20.06.2022 16:00:00;2713.29;142.46;142.46;411.66;411.66
20.06.2022 16:00:00;20.06.2022 17:00:00;2042.9;140.36;140.36;393.43;393.43
20.06.2022 17:00:00;20.06.2022 18:00:00;2365.84;132.09;132.09;391.65;391.65
20.06.2022 18:00:00;20.06.2022 19:00:00;2678.72;129.78;129.78;390.61;390.61
20.06.2022 19:00:00;20.06.2022 20:00:00;3050.16;127.58;127.58;349.86;349.86
20.06.2022 20:00:00;20.06.2022 21:00:00;3313.39;125.91;125.91;342.63;342.63
20.06.2022 21:00:00;20.06.2022 22:00:00;3309.94;104.33;104.33;323.99;323.99
20.06.2022 22:00:00;20.06.2022 23:00:00;2994.22;88.72;88.72;295.08;295.08
20.06.2022 23:00:00;21.06.2022 00:00:00;1631.56;74.89;74.89;289.94;289.94
21.06.2022 00:00:00;21.06.2022 01:00:00;1555.47;65.12;65.12;371.65;371.65
21.06.2022 01:00:00;21.06.2022 02:00:00;1419.29;61.89;61.89;383.42;383.42
21.06.2022 02:00:00;21.06.2022 03:00:00;779.45;60.74;60.74;399.47;399.47
21.06.2022 03:00:00;21.06.2022 04:00:00;412.28;60.22;60.22;401.24;401.24
21.06.2022 04:00:00;21.06.2022 05:00:00;593.78;60.22;60.22;354.77;354.77
21.06.2022 05:00:00;21.06.2022 06:00:00;1505.14;60.74;60.74;370.92;370.92
21.06.2022 06:00:00;21.06.2022 07:00:00;2735.85;59.08;59.08;411.45;411.45
21.06.2022 07:00:00;21.06.2022 08:00:00;3531.03;61.58;61.58;502.51;502.51
21.06.2022 08:00:00;21.06.2022 09:00:00;3423.72;63.45;63.45;513.66;513.66
21.06.2022 09:00:00;21.06.2022 10:00:00;2738.76;66.58;66.58;489.39;489.39
21.06.2022 10:00:00;21.06.2022 11:00:00;2036.41;72;72;460.52;460.52
21.06.2022 11:00:00;21.06.2022 12:00:00;2290.12;84.08;84.08;406.87;406.87
21.06.2022 12:00:00;21.06.2022 13:00:00;2235.73;106.59;106.59;394.99;394.99
21.06.2022 13:00:00;21.06.2022 14:00:00;2161.96;125.13;125.13;341.12;341.12
21.06.2022 14:00:00;21.06.2022 15:00:00;1841.99;127.95;127.95;319.97;319.97
21.06.2022 15:00:00;21.06.2022 16:00:00;2095.7;127.84;127.84;313.93;313.93
21.06.2022 16:00:00;21.06.2022 17:00:00;2439.84;128.26;128.26;306.11;306.11
21.06.2022 17:00:00;21.06.2022 18:00:00;1865.64;128.26;128.26;469.48;469.48
21.06.2022 18:00:00;21.06.2022 19:00:00;2396.08;129.2;129.2;441.46;441.46
21.06.2022 19:00:00;21.06.2022 20:00:00;2507.98;136.39;136.39;421.04;421.04
21.06.2022 20:00:00;21.06.2022 21:00:00;1756.66;136.91;136.91;400.2;400.2
21.06.2022 21:00:00;21.06.2022 22:00:00;1601.31;137.95;137.95;341.85;341.85
21.06.2022 22:00:00;21.06.2022 23:00:00;1440.13;130.03;130.03;321.12;321.12
21.06.2022 23:00:00;22.06.2022 00:00:00;291.32;127.53;127.53;291.32;291.32
22.06.2022 00:00:00;22.06.2022 01:00:00;110.18;110.18;110.18;110.18;110.18
22.06.2022 01:00:00;22.06.2022 02:00:00;82.53;82.53;82.53;82.53;82.53
22.06.2022 02:00:00;22.06.2022 03:00:00;78.18;78.18;78.18;78.18;78.18
22.06.2022 03:00:00;22.06.2022 04:00:00;103.55;103.55;103.55;103.55;103.55
22.06.2022 04:00:00;22.06.2022 05:00:00;207.11;124.78;124.78;207.11;207.11
22.06.2022 05:00:00;22.06.2022 06:00:00;691.53;124.89;124.89;320.7;320.7
22.06.2022 06:00:00;22.06.2022 07:00:00;1645.46;119.29;119.29;546.66;546.66
22.06.2022 07:00:00;22.06.2022 08:00:00;2335.64;130.48;130.48;719.28;719.28
22.06.2022 08:00:00;22.06.2022 09:00:00;3877.55;126.33;126.33;826.77;826.77
22.06.2022 09:00:00;22.06.2022 10:00:00;3405.34;124.57;124.57;1186.3;1186.3
22.06.2022 10:00:00;22.06.2022 11:00:00;3047.05;120.95;120.95;1251.96;1251.96
22.06.2022 11:00:00;22.06.2022 12:00:00;2955.72;112.67;112.67;1164.04;1164.04
22.06.2022 12:00:00;22.06.2022 13:00:00;2717.75;110.59;110.59;879.27;879.27
22.06.2022 13:00:00;22.06.2022 14:00:00;2523.69;108.83;108.83;758.42;758.42
22.06.2022 14:00:00;22.06.2022 15:00:00;2470.78;109.35;109.35;704.89;704.89
22.06.2022 15:00:00;22.06.2022 16:00:00;2061.12;95.99;95.99;625.36;625.36
22.06.2022 16:00:00;22.06.2022 17:00:00;1781.84;100.24;100.24;493.84;493.84
22.06.2022 17:00:00;22.06.2022 18:00:00;1754.71;93.4;93.4;417.32;417.32
22.06.2022 18:00:00;22.06.2022 19:00:00;1944.52;89.47;89.47;485.35;485.35
22.06.2022 19:00:00;22.06.2022 20:00:00;1749.74;78.29;78.29;429.64;429.64
22.06.2022 20:00:00;22.06.2022 21:00:00;1666.79;76.22;76.22;341.73;341.73
22.06.2022 21:00:00;22.06.2022 22:00:00;1712.66;70.11;70.11;310.87;310.87
22.06.2022 22:00:00;22.06.2022 23:00:00;1645.56;61.2;61.2;283.74;283.74
22.06.2022 23:00:00;23.06.2022 00:00:00;282.7;57.37;57.37;227.3;227.3
23.06.2022 00:00:00;23.06.2022 01:00:00;49.25;49.25;49.25;49.25;49.25
23.06.2022 01:00:00;23.06.2022 02:00:00;30.45;30.45;30.45;30.45;30.45
23.06.2022 02:00:00;23.06.2022 03:00:00;25.41;25.41;25.41;25.41;25.41
23.06.2022 03:00:00;23.06.2022 04:00:00;26.36;25.62;25.62;26.36;26.36
23.06.2022 04:00:00;23.06.2022 05:00:00;34.02;25.62;25.62;34.02;34.02
23.06.2022 05:00:00;23.06.2022 06:00:00;215.37;28.46;28.46;215.37;215.37
23.06.2022 06:00:00;23.06.2022 07:00:00;423.81;30.45;30.45;329.31;329.31
23.06.2022 07:00:00;23.06.2022 08:00:00;1399.45;52.71;52.71;371.83;371.83
23.06.2022 08:00:00;23.06.2022 09:00:00;1575.02;56.81;56.81;402.08;402.08
23.06.2022 09:00:00;23.06.2022 10:00:00;1376.77;57.02;57.02;383.39;383.39
23.06.2022 10:00:00;23.06.2022 11:00:00;1092.09;57.12;57.12;327.94;327.94
23.06.2022 11:00:00;23.06.2022 12:00:00;940.25;57.33;57.33;314.19;314.19
23.06.2022 12:00:00;23.06.2022 13:00:00;914.1;57.54;57.54;309.25;309.25
23.06.2022 13:00:00;23.06.2022 14:00:00;756.59;63.32;63.32;305.89;305.89
23.06.2022 14:00:00;23.06.2022 15:00:00;301.06;64.06;64.06;301.06;301.06
23.06.2022 15:00:00;23.06.2022 16:00:00;304.31;64.27;64.27;304.31;304.31
23.06.2022 16:00:00;23.06.2022 17:00:00;495.85;64.69;64.69;308.72;308.72
23.06.2022 17:00:00;23.06.2022 18:00:00;945.81;65;65;315.13;315.13
23.06.2022 18:00:00;23.06.2022 19:00:00;1222.61;65.74;65.74;335.92;335.92
23.06.2022 19:00:00;23.06.2022 20:00:00;1376.77;66.79;66.79;363.22;363.22
23.06.2022 20:00:00;23.06.2022 21:00:00;1176.62;67.84;67.84;399.56;399.56
23.06.2022 21:00:00;23.06.2022 22:00:00;901.18;72.46;72.46;382.97;382.97
23.06.2022 22:00:00;23.06.2022 23:00:00;333.3;78.86;78.86;333.3;333.3
23.06.2022 23:00:00;24.06.2022 00:00:00;271.87;78.86;78.86;271.87;271.87
24.06.2022 00:00:00;24.06.2022 01:00:00;56.08;56.08;56.08;56.08;56.08
24.06.2022 01:00:00;24.06.2022 02:00:00;51.47;51.47;51.47;51.47;51.47
24.06.2022 02:00:00;24.06.2022 03:00:00;51.79;51.79;51.79;51.79;51.79
24.06.2022 03:00:00;24.06.2022 04:00:00;55.77;55.77;55.77;55.77;55.77
24.06.2022 04:00:00;24.06.2022 05:00:00;224.86;57.97;57.97;224.86;224.86
24.06.2022 05:00:00;24.06.2022 06:00:00;303.9;60.38;60.38;303.9;303.9
24.06.2022 06:00:00;24.06.2022 07:00:00;520.06;66.46;66.46;520.06;520.06
24.06.2022 07:00:00;24.06.2022 08:00:00;909.81;74.11;74.11;808.97;808.97
24.06.2022 08:00:00;24.06.2022 09:00:00;847.86;75.48;75.48;822.28;822.28
24.06.2022 09:00:00;24.06.2022 10:00:00;907.61;76;76;907.61;907.61
24.06.2022 10:00:00;24.06.2022 11:00:00;856.45;75.9;75.9;856.45;856.45
24.06.2022 11:00:00;24.06.2022 12:00:00;809.39;75.79;75.79;809.39;809.39
24.06.2022 12:00:00;24.06.2022 13:00:00;844.5;75.58;75.58;787.06;787.06
24.06.2022 13:00:00;24.06.2022 14:00:00;685.37;75.16;75.16;685.37;685.37
24.06.2022 14:00:00;24.06.2022 15:00:00;704.14;74.53;74.53;704.14;704.14
24.06.2022 15:00:00;24.06.2022 16:00:00;768.4;74.64;74.64;687.05;687.05
24.06.2022 16:00:00;24.06.2022 17:00:00;739.46;74.22;74.22;739.46;739.46
24.06.2022 17:00:00;24.06.2022 18:00:00;1159.31;73.69;73.69;797.02;797.02
24.06.2022 18:00:00;24.06.2022 19:00:00;1276.4;73.9;73.9;785.38;785.38
24.06.2022 19:00:00;24.06.2022 20:00:00;1208.78;73.17;73.17;780.03;780.03
24.06.2022 20:00:00;24.06.2022 21:00:00;1095.88;71.49;71.49;713.78;713.78
24.06.2022 21:00:00;24.06.2022 22:00:00;1451.04;62.79;62.79;554.65;554.65
24.06.2022 22:00:00;24.06.2022 23:00:00;1449.68;61.95;61.95;342.48;342.48
24.06.2022 23:00:00;25.06.2022 00:00:00;308.72;59.02;59.02;308.72;308.72
25.06.2022 00:00:00;25.06.2022 01:00:00;639.25;42.23;42.23;290.53;290.53
25.06.2022 01:00:00;25.06.2022 02:00:00;236.51;31.08;31.08;236.51;236.51
25.06.2022 02:00:00;25.06.2022 03:00:00;105.01;28.57;28.57;105.01;105.01
25.06.2022 03:00:00;25.06.2022 04:00:00;71.23;26.07;26.07;71.23;71.23
25.06.2022 04:00:00;25.06.2022 05:00:00;71.02;25.34;25.34;71.02;71.02
25.06.2022 05:00:00;25.06.2022 06:00:00;270.93;25.24;25.24;270.93;270.93
25.06.2022 06:00:00;25.06.2022 07:00:00;301.06;24.51;24.51;301.06;301.06
25.06.2022 07:00:00;25.06.2022 08:00:00;482.31;25.65;25.65;343.51;343.51
25.06.2022 08:00:00;25.06.2022 09:00:00;558.12;28.99;28.99;558.12;558.12
25.06.2022 09:00:00;25.06.2022 10:00:00;772.53;31.39;31.39;605.88;605.88
25.06.2022 10:00:00;25.06.2022 11:00:00;671.48;40.57;40.57;420.47;420.47
25.06.2022 11:00:00;25.06.2022 12:00:00;787.65;43.59;43.59;321.92;321.92
25.06.2022 12:00:00;25.06.2022 13:00:00;753.23;47.24;47.24;308.78;308.78
25.06.2022 13:00:00;25.06.2022 14:00:00;326.72;47.97;47.97;305.24;305.24
25.06.2022 14:00:00;25.06.2022 15:00:00;943.97;48.28;48.28;299.19;299.19
25.06.2022 15:00:00;25.06.2022 16:00:00;1101.33;48.6;48.6;300.02;300.02
25.06.2022 16:00:00;25.06.2022 17:00:00;1089.76;49.01;49.01;293.14;293.14
25.06.2022 17:00:00;25.06.2022 18:00:00;1189.97;49.43;49.43;303.25;303.25
25.06.2022 18:00:00;25.06.2022 19:00:00;1564.24;49.53;49.53;325.36;325.36
25.06.2022 19:00:00;25.06.2022 20:00:00;1609.29;49.64;49.64;336.21;336.21
25.06.2022 20:00:00;25.06.2022 21:00:00;1554.96;49.85;49.85;329.12;329.12
25.06.2022 21:00:00;25.06.2022 22:00:00;1587.81;49.85;49.85;304.51;304.51
25.06.2022 22:00:00;25.06.2022 23:00:00;1511.06;50.37;50.37;288.34;288.34
25.06.2022 23:00:00;26.06.2022 00:00:00;208.98;49.95;49.95;208.98;208.98
26.06.2022 00:00:00;26.06.2022 01:00:00;285.88;40.77;40.77;285.88;285.88
26.06.2022 01:00:00;26.06.2022 02:00:00;275.17;39.52;39.52;275.17;275.17
26.06.2022 02:00:00;26.06.2022 03:00:00;229.62;38.27;38.27;229.62;229.62
26.06.2022 03:00:00;26.06.2022 04:00:00;278.39;37.65;37.65;278.39;278.39
26.06.2022 04:00:00;26.06.2022 05:00:00;290.76;37.54;37.54;290.76;290.76
26.06.2022 05:00:00;26.06.2022 06:00:00;288.69;38.06;38.06;288.69;288.69
26.06.2022 06:00:00;26.06.2022 07:00:00;306.47;37.02;37.02;306.47;306.47
26.06.2022 07:00:00;26.06.2022 08:00:00;472.75;37.44;37.44;472.75;472.75
26.06.2022 08:00:00;26.06.2022 09:00:00;681.26;38.58;38.58;681.26;681.26
26.06.2022 09:00:00;26.06.2022 10:00:00;869.59;39.73;39.73;869.59;869.59
26.06.2022 10:00:00;26.06.2022 11:00:00;1015.18;39.41;39.41;905.78;905.78
26.06.2022 11:00:00;26.06.2022 12:00:00;953.41;39;39;798.36;798.36
26.06.2022 12:00:00;26.06.2022 13:00:00;919.3;38.69;38.69;780.05;780.05
26.06.2022 13:00:00;26.06.2022 14:00:00;1040.35;38.06;38.06;714.02;714.02
26.06.2022 14:00:00;26.06.2022 15:00:00;1142.37;37.33;37.33;680.64;680.64
26.06.2022 15:00:00;26.06.2022 16:00:00;1217.86;37.02;37.02;622.61;622.61
26.06.2022 16:00:00;26.06.2022 17:00:00;1548.04;35.77;35.77;591.62;591.62
26.06.2022 17:00:00;26.06.2022 18:00:00;1664.2;31.51;31.51;555.64;555.64
26.06.2022 18:00:00;26.06.2022 19:00:00;1597.75;31.82;31.82;550.64;550.64
26.06.2022 19:00:00;26.06.2022 20:00:00;1642.36;31.51;31.51;550.02;550.02
26.06.2022 20:00:00;26.06.2022 21:00:00;1576.74;25.17;25.17;550.02;550.02
26.06.2022 21:00:00;26.06.2022 22:00:00;1563.75;20.59;20.59;474.83;474.83
26.06.2022 22:00:00;26.06.2022 23:00:00;1552.51;21.11;21.11;413.79;413.79
26.06.2022 23:00:00;27.06.2022 00:00:00;1155.68;20.8;20.8;546.69;546.69
27.06.2022 00:00:00;27.06.2022 01:00:00;1144.13;19.86;19.86;530.05;530.05
27.06.2022 01:00:00;27.06.2022 02:00:00;919.61;20.07;20.07;530.05;530.05
27.06.2022 02:00:00;27.06.2022 03:00:00;530.16;21.32;21.32;530.16;530.16
27.06.2022 03:00:00;27.06.2022 04:00:00;528.49;27.45;27.45;528.49;528.49
27.06.2022 04:00:00;27.06.2022 05:00:00;515.08;31.82;31.82;515.08;515.08
27.06.2022 05:00:00;27.06.2022 06:00:00;1144.55;34.21;34.21;611.27;611.27
27.06.2022 06:00:00;27.06.2022 07:00:00;2302.83;36.81;36.81;394.76;394.76
27.06.2022 07:00:00;27.06.2022 08:00:00;3722.33;39.1;39.1;444.26;444.26
27.06.2022 08:00:00;27.06.2022 09:00:00;3858.88;39.21;39.21;501.66;501.66
27.06.2022 09:00:00;27.06.2022 10:00:00;3622.92;39.73;39.73;511.85;511.85
27.06.2022 10:00:00;27.06.2022 11:00:00;3458.19;39.21;39.21;462.67;462.67
27.06.2022 11:00:00;27.06.2022 12:00:00;3052.2;38.89;38.89;417.53;417.53
27.06.2022 12:00:00;27.06.2022 13:00:00;2787.02;38.37;38.37;425.96;425.96
27.06.2022 13:00:00;27.06.2022 14:00:00;2609.29;38.37;38.37;414.41;414.41
27.06.2022 14:00:00;27.06.2022 15:00:00;2446.86;37.96;37.96;378.95;378.95
27.06.2022 15:00:00;27.06.2022 16:00:00;2509.88;37.44;37.44;344.01;344.01
27.06.2022 16:00:00;27.06.2022 17:00:00;2449.56;36.71;36.71;316.66;316.66
27.06.2022 17:00:00;27.06.2022 18:00:00;2433.75;35.98;35.98;316.56;316.56
27.06.2022 18:00:00;27.06.2022 19:00:00;2500.93;35.77;35.77;349.21;349.21
27.06.2022 19:00:00;27.06.2022 20:00:00;2183.86;36.09;36.09;341.83;341.83
27.06.2022 20:00:00;27.06.2022 21:00:00;1927.31;36.19;36.19;336.11;336.11
27.06.2022 21:00:00;27.06.2022 22:00:00;1736.79;32.86;32.86;322.17;322.17
27.06.2022 22:00:00;27.06.2022 23:00:00;1416.6;31.72;31.72;310;310
27.06.2022 23:00:00;28.06.2022 00:00:00;420.65;26.1;26.1;305.22;305.22
28.06.2022 00:00:00;28.06.2022 01:00:00;291.18;30.8;30.8;291.18;291.18
28.06.2022 01:00:00;28.06.2022 02:00:00;269.11;24.25;24.25;269.11;269.11
28.06.2022 02:00:00;28.06.2022 03:00:00;224.16;20.81;20.81;224.16;224.16
28.06.2022 03:00:00;28.06.2022 04:00:00;168.59;20.4;20.4;168.59;168.59
28.06.2022 04:00:00;28.06.2022 05:00:00;223.64;20.4;20.4;223.64;223.64
28.06.2022 05:00:00;28.06.2022 06:00:00;1057.72;20.5;20.5;291.18;291.18
28.06.2022 06:00:00;28.06.2022 07:00:00;1541.73;19.46;19.46;300.44;300.44
28.06.2022 07:00:00;28.06.2022 08:00:00;2081.21;24.14;24.14;308.45;308.45
28.06.2022 08:00:00;28.06.2022 09:00:00;2509.86;25.18;25.18;308.45;308.45
28.06.2022 09:00:00;28.06.2022 10:00:00;2392.99;22.48;22.48;303.25;303.25
28.06.2022 10:00:00;28.06.2022 11:00:00;2438.16;19.67;19.67;294.19;294.19
28.06.2022 11:00:00;28.06.2022 12:00:00;2419.63;19.56;19.56;283.68;283.68
28.06.2022 12:00:00;28.06.2022 13:00:00;2393.41;19.04;19.04;268.59;268.59
28.06.2022 13:00:00;28.06.2022 14:00:00;2165.71;19.15;19.15;255.27;255.27
28.06.2022 14:00:00;28.06.2022 15:00:00;2081.32;19.15;19.15;244.66;244.66
28.06.2022 15:00:00;28.06.2022 16:00:00;2236.06;19.25;19.25;227.8;227.8
28.06.2022 16:00:00;28.06.2022 17:00:00;2133.87;19.04;19.04;240.6;240.6
28.06.2022 17:00:00;28.06.2022 18:00:00;2215.56;19.46;19.46;252.36;252.36
28.06.2022 18:00:00;28.06.2022 19:00:00;2349.39;20.08;20.08;282.64;282.64
28.06.2022 19:00:00;28.06.2022 20:00:00;2292.78;22.37;22.37;288.05;288.05
28.06.2022 20:00:00;28.06.2022 21:00:00;1841.44;22.58;22.58;292.32;292.32
28.06.2022 21:00:00;28.06.2022 22:00:00;1583.36;21.54;21.54;295.55;295.55
28.06.2022 22:00:00;28.06.2022 23:00:00;1542.57;24.35;24.35;296.07;296.07
28.06.2022 23:00:00;29.06.2022 00:00:00;297.94;22.58;22.58;297.94;297.94
29.06.2022 00:00:00;29.06.2022 01:00:00;283.43;26.4;26.4;283.43;283.43
29.06.2022 01:00:00;29.06.2022 02:00:00;287.67;22.57;22.57;287.67;287.67
29.06.2022 02:00:00;29.06.2022 03:00:00;288.61;21.01;21.01;288.61;288.61
29.06.2022 03:00:00;29.06.2022 04:00:00;290.26;18.22;18.22;290.26;290.26
29.06.2022 04:00:00;29.06.2022 05:00:00;299.99;19.67;19.67;299.99;299.99
29.06.2022 05:00:00;29.06.2022 06:00:00;1407.83;23.91;23.91;344.51;344.51
29.06.2022 06:00:00;29.06.2022 07:00:00;1801.3;30.85;30.85;349.37;349.37
29.06.2022 07:00:00;29.06.2022 08:00:00;3631.9;34.26;34.26;387.67;387.67
29.06.2022 08:00:00;29.06.2022 09:00:00;4005.6;41.1;41.1;518.41;518.41
29.06.2022 09:00:00;29.06.2022 10:00:00;3782.62;41.72;41.72;512.1;512.1
29.06.2022 10:00:00;29.06.2022 11:00:00;3412.34;42.03;42.03;494.5;494.5
29.06.2022 11:00:00;29.06.2022 12:00:00;3322.18;41.72;41.72;493.36;493.36
29.06.2022 12:00:00;29.06.2022 13:00:00;3145.99;42.03;42.03;413.76;413.76
29.06.2022 13:00:00;29.06.2022 14:00:00;3016.49;41.61;41.61;393.78;393.78
29.06.2022 14:00:00;29.06.2022 15:00:00;3049.1;41.2;41.2;361.07;361.07
29.06.2022 15:00:00;29.06.2022 16:00:00;3114.31;35.82;35.82;362.1;362.1
29.06.2022 16:00:00;29.06.2022 17:00:00;3197.75;35.71;35.71;361.48;361.48
29.06.2022 17:00:00;29.06.2022 18:00:00;3530.66;31.99;31.99;372.56;372.56
29.06.2022 18:00:00;29.06.2022 19:00:00;3818.34;31.57;31.57;371.32;371.32
29.06.2022 19:00:00;29.06.2022 20:00:00;4046.49;32.71;32.71;377.22;377.22
29.06.2022 20:00:00;29.06.2022 21:00:00;4037.17;31.78;31.78;385.91;385.91
29.06.2022 21:00:00;29.06.2022 22:00:00;3534.49;31.16;31.16;390.88;390.88
29.06.2022 22:00:00;29.06.2022 23:00:00;2013;30.64;30.64;405.68;405.68
29.06.2022 23:00:00;30.06.2022 00:00:00;1532.16;28.78;28.78;409;409
30.06.2022 00:00:00;30.06.2022 01:00:00;1562.77;21.89;21.89;391.26;391.26
30.06.2022 01:00:00;30.06.2022 02:00:00;815.14;21.27;21.27;426.36;426.36
30.06.2022 02:00:00;30.06.2022 03:00:00;386.2;21.58;21.58;386.2;386.2
30.06.2022 03:00:00;30.06.2022 04:00:00;344.6;21.89;21.89;344.6;344.6
30.06.2022 04:00:00;30.06.2022 05:00:00;377.32;23.12;23.12;377.32;377.32
30.06.2022 05:00:00;30.06.2022 06:00:00;1558.33;24.78;24.78;387.54;387.54
30.06.2022 06:00:00;30.06.2022 07:00:00;2580.87;28.39;28.39;336.75;336.75
30.06.2022 07:00:00;30.06.2022 08:00:00;3818.55;41.91;41.91;380.42;380.42
30.06.2022 08:00:00;30.06.2022 09:00:00;3919.1;41.5;41.5;427.7;427.7
30.06.2022 09:00:00;30.06.2022 10:00:00;3528.05;38.3;38.3;439.06;439.06
30.06.2022 10:00:00;30.06.2022 11:00:00;3086.93;35;35;486.03;486.03
30.06.2022 11:00:00;30.06.2022 12:00:00;2828.84;32;32;393.43;393.43
30.06.2022 12:00:00;30.06.2022 13:00:00;2852.58;31.8;31.8;360.08;360.08
30.06.2022 13:00:00;30.06.2022 14:00:00;2776.71;31.9;31.9;319.72;319.72
30.06.2022 14:00:00;30.06.2022 15:00:00;2870.65;32;32;310.22;310.22
30.06.2022 15:00:00;30.06.2022 16:00:00;2950.35;31.49;31.49;310.43;310.43
30.06.2022 16:00:00;30.06.2022 17:00:00;3345.74;31.38;31.38;308.98;308.98
30.06.2022 17:00:00;30.06.2022 18:00:00;3844.88;31.07;31.07;309.19;309.19
30.06.2022 18:00:00;30.06.2022 19:00:00;4226.54;30.97;30.97;310.43;310.43
30.06.2022 19:00:00;30.06.2022 20:00:00;4944.95;40.57;40.57;309.5;309.5
30.06.2022 20:00:00;30.06.2022 21:00:00;4645.57;35.93;35.93;308.36;308.36
30.06.2022 21:00:00;30.06.2022 22:00:00;4069.62;39.23;39.23;308.67;308.67
30.06.2022 22:00:00;30.06.2022 23:00:00;2433.45;42.12;42.12;304.23;304.23
30.06.2022 23:00:00;01.07.2022 00:00:00;1635.76;38.71;38.71;302.58;302.58
01.07.2022 00:00:00;01.07.2022 01:00:00;1391.91;20.48;20.48;302.06;302.06
01.07.2022 01:00:00;01.07.2022 02:00:00;503.3;19.85;19.85;300.1;300.1
01.07.2022 02:00:00;01.07.2022 03:00:00;289.76;19.34;19.34;289.76;289.76
01.07.2022 03:00:00;01.07.2022 04:00:00;281.69;18.72;18.72;281.69;281.69
01.07.2022 04:00:00;01.07.2022 05:00:00;287.07;18.72;18.72;287.07;287.07
01.07.2022 05:00:00;01.07.2022 06:00:00;1654.68;19.65;19.65;297.82;297.82
01.07.2022 06:00:00;01.07.2022 07:00:00;1860.88;23.99;23.99;308.58;308.58
01.07.2022 07:00:00;01.07.2022 08:00:00;2843.39;23.06;23.06;333.5;333.5
01.07.2022 08:00:00;01.07.2022 09:00:00;3983.29;29.27;29.27;337.22;337.22
01.07.2022 09:00:00;01.07.2022 10:00:00;3908.94;29.27;29.27;322.44;322.44
01.07.2022 10:00:00;01.07.2022 11:00:00;3493.23;27.2;27.2;311.58;311.58
01.07.2022 11:00:00;01.07.2022 12:00:00;3505.64;26.37;26.37;301.55;301.55
01.07.2022 12:00:00;01.07.2022 13:00:00;3126.63;23.99;23.99;294;294
01.07.2022 13:00:00;01.07.2022 14:00:00;2801.41;23.16;23.16;277.97;277.97
01.07.2022 14:00:00;01.07.2022 15:00:00;2710.4;20.37;20.37;261.63;261.63
01.07.2022 15:00:00;01.07.2022 16:00:00;2468.63;20.17;20.17;254.7;254.7
01.07.2022 16:00:00;01.07.2022 17:00:00;2282.18;19.96;19.96;254.29;254.29
01.07.2022 17:00:00;01.07.2022 18:00:00;2507.72;19.44;19.44;258.73;258.73
01.07.2022 18:00:00;01.07.2022 19:00:00;2385.28;19.96;19.96;259.46;259.46
01.07.2022 19:00:00;01.07.2022 20:00:00;2068.22;19.65;19.65;259.56;259.56
01.07.2022 20:00:00;01.07.2022 21:00:00;1844.75;19.44;19.44;255.74;255.74
01.07.2022 21:00:00;01.07.2022 22:00:00;1758.4;17.79;17.79;252.74;252.74
01.07.2022 22:00:00;01.07.2022 23:00:00;1642.06;19.23;19.23;249.43;249.43
01.07.2022 23:00:00;02.07.2022 00:00:00;597.3;16.13;16.13;246.43;246.43
02.07.2022 00:00:00;02.07.2022 01:00:00;202.27;15.57;15.57;202.27;202.27
02.07.2022 01:00:00;02.07.2022 02:00:00;156.3;15.36;15.36;156.3;156.3
02.07.2022 02:00:00;02.07.2022 03:00:00;72.34;15.26;15.26;72.34;72.34
02.07.2022 03:00:00;02.07.2022 04:00:00;50.96;15.26;15.26;50.96;50.96
02.07.2022 04:00:00;02.07.2022 05:00:00;34.04;15.15;15.15;34.04;34.04
02.07.2022 05:00:00;02.07.2022 06:00:00;48.78;15.15;15.15;48.78;48.78
02.07.2022 06:00:00;02.07.2022 07:00:00;39.96;15.15;15.15;39.96;39.96
02.07.2022 07:00:00;02.07.2022 08:00:00;159.52;15.36;15.36;159.52;159.52
02.07.2022 08:00:00;02.07.2022 09:00:00;1046.87;15.67;15.67;255.31;255.31
02.07.2022 09:00:00;02.07.2022 10:00:00;1253.4;16.81;16.81;271.71;271.71
02.07.2022 10:00:00;02.07.2022 11:00:00;1292.11;19.93;19.93;263.61;263.61
02.07.2022 11:00:00;02.07.2022 12:00:00;1047.07;20.34;20.34;233.2;233.2
02.07.2022 12:00:00;02.07.2022 13:00:00;678.23;20.34;20.34;196.36;196.36
02.07.2022 13:00:00;02.07.2022 14:00:00;1046.24;19.51;19.51;103.16;103.16
02.07.2022 14:00:00;02.07.2022 15:00:00;651.45;19.51;19.51;40.68;40.68
02.07.2022 15:00:00;02.07.2022 16:00:00;1030.16;19.2;19.2;28.96;28.96
02.07.2022 16:00:00;02.07.2022 17:00:00;1070.22;19.82;19.82;20.24;20.24
02.07.2022 17:00:00;02.07.2022 18:00:00;540.09;20.13;20.13;20.13;20.13
02.07.2022 18:00:00;02.07.2022 19:00:00;1114.33;21.59;21.59;25.32;25.32
02.07.2022 19:00:00;02.07.2022 20:00:00;1104.16;22;22;28.44;28.44
02.07.2022 20:00:00;02.07.2022 21:00:00;414.93;21.79;21.79;29.68;29.68
02.07.2022 21:00:00;02.07.2022 22:00:00;821.14;20.96;20.96;29.27;29.27
02.07.2022 22:00:00;02.07.2022 23:00:00;87.8;19.72;19.72;29.47;29.47
02.07.2022 23:00:00;03.07.2022 00:00:00;26.88;17.75;17.75;26.88;26.88
03.07.2022 00:00:00;03.07.2022 01:00:00;14.79;14.79;14.79;14.79;14.79
03.07.2022 01:00:00;03.07.2022 02:00:00;11.37;11.37;11.37;11.37;11.37
03.07.2022 02:00:00;03.07.2022 03:00:00;10.34;10.34;10.34;10.34;10.34
03.07.2022 03:00:00;03.07.2022 04:00:00;10.03;10.03;10.03;10.03;10.03
03.07.2022 04:00:00;03.07.2022 05:00:00;10.13;10.13;10.13;10.13;10.13
03.07.2022 05:00:00;03.07.2022 06:00:00;12.92;12.92;12.92;12.92;12.92
03.07.2022 06:00:00;03.07.2022 07:00:00;14.58;14.58;14.58;14.58;14.58
03.07.2022 07:00:00;03.07.2022 08:00:00;51.49;14.99;14.99;51.49;51.49
03.07.2022 08:00:00;03.07.2022 09:00:00;414.74;15.2;15.2;119.84;119.84
03.07.2022 09:00:00;03.07.2022 10:00:00;462.71;15.61;15.61;152.51;152.51
03.07.2022 10:00:00;03.07.2022 11:00:00;448.75;17.06;17.06;135.14;135.14
03.07.2022 11:00:00;03.07.2022 12:00:00;480.7;17.47;17.47;100.4;100.4
03.07.2022 12:00:00;03.07.2022 13:00:00;211.35;17.99;17.99;18.92;18.92
03.07.2022 13:00:00;03.07.2022 14:00:00;53.77;16.54;16.54;16.54;16.54
03.07.2022 14:00:00;03.07.2022 15:00:00;437.38;15.61;15.61;15.61;15.61
03.07.2022 15:00:00;03.07.2022 16:00:00;826.68;15.72;15.72;15.72;15.72
03.07.2022 16:00:00;03.07.2022 17:00:00;1111.96;17.99;17.99;17.99;17.99
03.07.2022 17:00:00;03.07.2022 18:00:00;1318.24;18.61;18.61;141.66;141.66
03.07.2022 18:00:00;03.07.2022 19:00:00;1483.78;18.82;18.82;137.94;137.94
03.07.2022 19:00:00;03.07.2022 20:00:00;1506.95;19.34;19.34;170.2;170.2
03.07.2022 20:00:00;03.07.2022 21:00:00;1147.74;19.65;19.65;196.46;196.46
03.07.2022 21:00:00;03.07.2022 22:00:00;1417.4;19.96;19.96;195.43;195.43
03.07.2022 22:00:00;03.07.2022 23:00:00;1061.29;19.96;19.96;188.6;188.6
03.07.2022 23:00:00;04.07.2022 00:00:00;516.17;19.85;19.85;173.3;173.3
04.07.2022 00:00:00;04.07.2022 01:00:00;36.5;20.68;20.68;35.47;35.47
04.07.2022 01:00:00;04.07.2022 02:00:00;19.54;19.54;19.54;19.54;19.54
04.07.2022 02:00:00;04.07.2022 03:00:00;26.68;19.96;19.96;26.68;26.68
04.07.2022 03:00:00;04.07.2022 04:00:00;50.25;19.65;19.65;50.25;50.25
04.07.2022 04:00:00;04.07.2022 05:00:00;376.79;19.96;19.96;103.3;103.3
04.07.2022 05:00:00;04.07.2022 06:00:00;1792.33;20.68;20.68;274.42;274.42
04.07.2022 06:00:00;04.07.2022 07:00:00;2159.09;22.44;22.44;286.73;286.73
04.07.2022 07:00:00;04.07.2022 08:00:00;3008.31;27.61;27.61;289.11;289.11
04.07.2022 08:00:00;04.07.2022 09:00:00;3982.64;29.47;29.47;282.59;282.59
04.07.2022 09:00:00;04.07.2022 10:00:00;3784.43;30.09;30.09;269.05;269.05
04.07.2022 10:00:00;04.07.2022 11:00:00;3428.94;30.61;30.61;219;219
04.07.2022 11:00:00;04.07.2022 12:00:00;4675.63;30.09;30.09;151.89;151.89
04.07.2022 12:00:00;04.07.2022 13:00:00;5005.37;29.26;29.26;154.27;154.27
04.07.2022 13:00:00;04.07.2022 14:00:00;3219.35;29.26;29.26;102.57;102.57
04.07.2022 14:00:00;04.07.2022 15:00:00;2920.73;28.43;28.43;28.43;28.43
04.07.2022 15:00:00;04.07.2022 16:00:00;2525.74;25.75;25.75;25.75;25.75
04.07.2022 16:00:00;04.07.2022 17:00:00;2378.09;22.13;22.13;22.13;22.13
04.07.2022 17:00:00;04.07.2022 18:00:00;2280.89;21.3;21.3;21.3;21.3
04.07.2022 18:00:00;04.07.2022 19:00:00;2431.34;20.27;20.27;20.27;20.27
04.07.2022 19:00:00;04.07.2022 20:00:00;2309.02;20.16;20.16;20.16;20.16
04.07.2022 20:00:00;04.07.2022 21:00:00;1788.61;20.47;20.47;20.47;20.47
04.07.2022 21:00:00;04.07.2022 22:00:00;2184.94;19.13;19.13;19.13;19.13
04.07.2022 22:00:00;04.07.2022 23:00:00;2065.61;16.13;16.13;16.13;16.13
04.07.2022 23:00:00;05.07.2022 00:00:00;1403.55;14.99;14.99;14.99;14.99
05.07.2022 00:00:00;05.07.2022 01:00:00;1546.61;10;10;10;10
05.07.2022 01:00:00;05.07.2022 02:00:00;1166.43;9.38;9.38;9.38;9.38
05.07.2022 02:00:00;05.07.2022 03:00:00;807.69;9.18;9.18;9.18;9.18
05.07.2022 03:00:00;05.07.2022 04:00:00;535.16;9.49;9.49;9.49;9.49
05.07.2022 04:00:00;05.07.2022 05:00:00;1028.67;10.41;10.41;10.41;10.41
05.07.2022 05:00:00;05.07.2022 06:00:00;1744.59;14.75;14.75;14.75;14.75
05.07.2022 06:00:00;05.07.2022 07:00:00;1790.89;18.77;18.77;18.77;18.77
05.07.2022 07:00:00;05.07.2022 08:00:00;1770.47;20.62;20.62;194.27;194.27
05.07.2022 08:00:00;05.07.2022 09:00:00;1847.39;21.34;21.34;210.66;210.66
05.07.2022 09:00:00;05.07.2022 10:00:00;1665.71;22.69;22.69;196.43;196.43
05.07.2022 10:00:00;05.07.2022 11:00:00;1691.17;22.38;22.38;124.36;124.36
05.07.2022 11:00:00;05.07.2022 12:00:00;1685.5;21.34;21.34;50.73;50.73
05.07.2022 12:00:00;05.07.2022 13:00:00;1546.71;20.42;20.42;24.13;24.13
05.07.2022 13:00:00;05.07.2022 14:00:00;1341;19.9;19.9;29.7;29.7
05.07.2022 14:00:00;05.07.2022 15:00:00;948.75;18.56;18.56;50.94;50.94
05.07.2022 15:00:00;05.07.2022 16:00:00;1029.18;16.91;16.91;51.04;51.04
05.07.2022 16:00:00;05.07.2022 17:00:00;1047.95;15.57;15.57;46.4;46.4
05.07.2022 17:00:00;05.07.2022 18:00:00;908.33;15.36;15.36;126.62;126.62
05.07.2022 18:00:00;05.07.2022 19:00:00;1639.93;15.26;15.26;181.58;181.58
05.07.2022 19:00:00;05.07.2022 20:00:00;1691.69;15.26;15.26;193.34;193.34
05.07.2022 20:00:00;05.07.2022 21:00:00;1546.71;15.47;15.47;182.1;182.1
05.07.2022 21:00:00;05.07.2022 22:00:00;1299.44;17.53;17.53;50.94;50.94
05.07.2022 22:00:00;05.07.2022 23:00:00;43.31;15.57;15.57;15.57;15.57
05.07.2022 23:00:00;06.07.2022 00:00:00;10.41;10.41;10.41;10.41;10.41
06.07.2022 00:00:00;06.07.2022 01:00:00;13.14;13.14;13.14;13.14;13.14
06.07.2022 01:00:00;06.07.2022 02:00:00;9.65;9.65;9.65;9.65;9.65
06.07.2022 02:00:00;06.07.2022 03:00:00;9.14;9.14;9.14;9.14;9.14
06.07.2022 03:00:00;06.07.2022 04:00:00;10.37;10.37;10.37;10.37;10.37
06.07.2022 04:00:00;06.07.2022 05:00:00;14.78;14.78;14.78;14.78;14.78
06.07.2022 05:00:00;06.07.2022 06:00:00;696.8;14.99;15.71;51.02;51.02
06.07.2022 06:00:00;06.07.2022 07:00:00;1722.91;15.09;15.81;187.96;187.96
06.07.2022 07:00:00;06.07.2022 08:00:00;1796.92;15.19;15.19;204.07;204.07
06.07.2022 08:00:00;06.07.2022 09:00:00;1756.27;15.3;15.3;207.46;207.46
06.07.2022 09:00:00;06.07.2022 10:00:00;1756.37;15.3;15.3;207.36;207.36
06.07.2022 10:00:00;06.07.2022 11:00:00;1775.67;15.5;15.5;206.74;206.74
06.07.2022 11:00:00;06.07.2022 12:00:00;2052.93;15.91;15.91;206.74;206.74
06.07.2022 12:00:00;06.07.2022 13:00:00;2164.62;16.53;16.53;208.49;208.49
06.07.2022 13:00:00;06.07.2022 14:00:00;1920.82;17.14;17.14;208.07;208.07
06.07.2022 14:00:00;06.07.2022 15:00:00;2032.5;18.89;18.89;208.07;208.07
06.07.2022 15:00:00;06.07.2022 16:00:00;2052.93;20.84;20.84;204.07;204.07
06.07.2022 16:00:00;06.07.2022 17:00:00;2267.58;22.48;22.48;187.54;187.54
06.07.2022 17:00:00;06.07.2022 18:00:00;2052.93;23.4;23.4;205.92;205.92
06.07.2022 18:00:00;06.07.2022 19:00:00;2029.12;23.61;23.61;208.38;208.38
06.07.2022 19:00:00;06.07.2022 20:00:00;2022.14;25.46;25.46;209.72;209.72
06.07.2022 20:00:00;06.07.2022 21:00:00;1779.47;24.53;24.53;209;209
06.07.2022 21:00:00;06.07.2022 22:00:00;1755.04;24.23;24.23;207.05;207.05
06.07.2022 22:00:00;06.07.2022 23:00:00;1820.53;22.17;22.17;202.74;202.74
06.07.2022 23:00:00;07.07.2022 00:00:00;1539.78;18.07;18.07;205.41;205.41
07.07.2022 00:00:00;07.07.2022 01:00:00;1544.28;15.44;15.44;53.13;53.13
07.07.2022 01:00:00;07.07.2022 02:00:00;1024.24;15.03;15.03;44.17;44.17
07.07.2022 02:00:00;07.07.2022 03:00:00;42.93;14.83;14.83;41.7;41.7
07.07.2022 03:00:00;07.07.2022 04:00:00;548.67;14.62;14.62;47.26;47.26
07.07.2022 04:00:00;07.07.2022 05:00:00;1089.41;14.41;14.52;49.94;49.94
07.07.2022 05:00:00;07.07.2022 06:00:00;1956.84;14.52;14.72;57.86;57.86
07.07.2022 06:00:00;07.07.2022 07:00:00;2159.46;14.93;15.13;71.45;71.45
07.07.2022 07:00:00;07.07.2022 08:00:00;2385.56;15.24;15.44;76.09;76.09
07.07.2022 08:00:00;07.07.2022 09:00:00;3089.38;15.13;15.13;74.85;74.85
07.07.2022 09:00:00;07.07.2022 10:00:00;3039.35;15.13;15.13;75.67;75.67
07.07.2022 10:00:00;07.07.2022 11:00:00;2573.87;15.13;15.13;79.69;79.69
07.07.2022 11:00:00;07.07.2022 12:00:00;2265.1;15.13;15.13;77.53;77.53
07.07.2022 12:00:00;07.07.2022 13:00:00;2079.67;15.13;15.13;75.67;75.67
07.07.2022 13:00:00;07.07.2022 14:00:00;1961.16;15.03;15.03;67.75;67.75
07.07.2022 14:00:00;07.07.2022 15:00:00;2030.97;14.83;14.83;52.2;52.2
07.07.2022 15:00:00;07.07.2022 16:00:00;2245.22;14.72;14.72;42.42;42.42
07.07.2022 16:00:00;07.07.2022 17:00:00;2436.01;14.62;14.62;34.7;34.7
07.07.2022 17:00:00;07.07.2022 18:00:00;2700.41;14.52;14.52;37.79;37.79
07.07.2022 18:00:00;07.07.2022 19:00:00;2703.08;14.52;14.52;37.48;37.48
07.07.2022 19:00:00;07.07.2022 20:00:00;1981.96;14.83;15.44;34.59;34.59
07.07.2022 20:00:00;07.07.2022 21:00:00;1715.4;14.83;15.55;29.24;29.24
07.07.2022 21:00:00;07.07.2022 22:00:00;1704.69;14.83;15.24;15.24;15.24
07.07.2022 22:00:00;07.07.2022 23:00:00;1658.05;14.52;14.52;14.52;14.52
07.07.2022 23:00:00;08.07.2022 00:00:00;1441.53;12.87;12.87;12.87;12.87
08.07.2022 00:00:00;08.07.2022 01:00:00;4.94;4.94;4.94;4.94;4.94
08.07.2022 01:00:00;08.07.2022 02:00:00;4.12;4.12;4.12;4.12;4.12
08.07.2022 02:00:00;08.07.2022 03:00:00;4.53;4.53;4.53;4.53;4.53
08.07.2022 03:00:00;08.07.2022 04:00:00;7.83;7.83;7.83;7.83;7.83
08.07.2022 04:00:00;08.07.2022 05:00:00;11.84;11.84;11.84;11.84;11.84
08.07.2022 05:00:00;08.07.2022 06:00:00;1544.84;15.04;15.04;15.04;15.04
08.07.2022 06:00:00;08.07.2022 07:00:00;1854.24;14.93;15.24;26.88;26.88
08.07.2022 07:00:00;08.07.2022 08:00:00;1719.73;14.73;15.55;31.93;31.93
08.07.2022 08:00:00;08.07.2022 09:00:00;1748.46;14.52;14.52;35.84;35.84
08.07.2022 09:00:00;08.07.2022 10:00:00;1748.87;14.42;14.73;38.42;38.42
08.07.2022 10:00:00;08.07.2022 11:00:00;1751.65;13.08;14.73;39.34;39.34
08.07.2022 11:00:00;08.07.2022 12:00:00;1746.71;12.98;14.63;38.83;38.83
08.07.2022 12:00:00;08.07.2022 13:00:00;1742.69;12.87;14.21;37.7;37.7
08.07.2022 13:00:00;08.07.2022 14:00:00;1684.81;12.77;13.8;36.25;36.25
08.07.2022 14:00:00;08.07.2022 15:00:00;1628.88;12.57;13.39;35.22;35.22
08.07.2022 15:00:00;08.07.2022 16:00:00;1557.51;12.26;13.29;33.89;33.89
08.07.2022 16:00:00;08.07.2022 17:00:00;1710.87;11.02;14.93;31.52;31.52
08.07.2022 17:00:00;08.07.2022 18:00:00;1739.5;10.92;15.96;31.83;31.83
08.07.2022 18:00:00;08.07.2022 19:00:00;2059.92;10.71;15.76;36.36;36.36
08.07.2022 19:00:00;08.07.2022 20:00:00;2297.64;10.61;15.55;39.14;39.14
08.07.2022 20:00:00;08.07.2022 21:00:00;1949.1;10.81;15.35;40.17;40.17
08.07.2022 21:00:00;08.07.2022 22:00:00;2031.8;11.02;15.35;39.45;39.45
08.07.2022 22:00:00;08.07.2022 23:00:00;1935.4;11.12;15.35;34.5;34.5
08.07.2022 23:00:00;09.07.2022 00:00:00;1486.03;10.92;15.35;26.98;26.98
09.07.2022 00:00:00;09.07.2022 01:00:00;1365.9;14.98;17.13;27.9;27.9
09.07.2022 01:00:00;09.07.2022 02:00:00;1223.3;14.88;16.62;23.6;23.6
09.07.2022 02:00:00;09.07.2022 03:00:00;1165.23;14.67;16.41;23.39;23.39
09.07.2022 03:00:00;09.07.2022 04:00:00;1119.17;14.67;16.21;24.93;24.93
09.07.2022 04:00:00;09.07.2022 05:00:00;1313.38;14.67;16;26.06;26.06
09.07.2022 05:00:00;09.07.2022 06:00:00;1445.51;14.67;16;24.42;24.42
09.07.2022 06:00:00;09.07.2022 07:00:00;1789.81;14.67;15.8;25.24;25.24
09.07.2022 07:00:00;09.07.2022 08:00:00;1994.89;14.77;15.9;30.67;30.67
09.07.2022 08:00:00;09.07.2022 09:00:00;1946.06;14.88;17.44;32.42;32.42
09.07.2022 09:00:00;09.07.2022 10:00:00;1523.48;14.98;20.52;34.06;34.06
09.07.2022 10:00:00;09.07.2022 11:00:00;1538.77;14.98;21.03;33.55;33.55
09.07.2022 11:00:00;09.07.2022 12:00:00;1485.01;15.08;21.13;31.5;31.5
09.07.2022 12:00:00;09.07.2022 13:00:00;1490.76;15.29;20.93;28.42;28.42
09.07.2022 13:00:00;09.07.2022 14:00:00;1503.79;15.49;20.93;24.72;24.72
09.07.2022 14:00:00;09.07.2022 15:00:00;1538.87;16.11;16.11;16.11;16.11
09.07.2022 15:00:00;09.07.2022 16:00:00;1862.14;15.7;15.7;15.7;15.7
09.07.2022 16:00:00;09.07.2022 17:00:00;1867.78;17.85;17.85;24.62;24.62
09.07.2022 17:00:00;09.07.2022 18:00:00;1675.52;18.16;18.16;28.11;28.11
09.07.2022 18:00:00;09.07.2022 19:00:00;1649.47;18.36;18.36;32.62;32.62
09.07.2022 19:00:00;09.07.2022 20:00:00;1725.08;18.67;18.67;36.52;36.52
09.07.2022 20:00:00;09.07.2022 21:00:00;1602.79;19.49;19.49;35.91;35.91
09.07.2022 21:00:00;09.07.2022 22:00:00;1830.03;20.31;20.31;34.37;34.37
09.07.2022 22:00:00;09.07.2022 23:00:00;1790.94;20.31;20.31;31.5;31.5
09.07.2022 23:00:00;10.07.2022 00:00:00;1307.94;20.21;20.21;23.39;23.39
10.07.2022 00:00:00;10.07.2022 01:00:00;872.77;18.03;18.03;18.03;18.03
10.07.2022 01:00:00;10.07.2022 02:00:00;727.64;15.35;15.35;15.35;15.35
10.07.2022 02:00:00;10.07.2022 03:00:00;972.69;13.91;13.91;13.91;13.91
10.07.2022 03:00:00;10.07.2022 04:00:00;35.95;14.52;14.52;14.52;14.52
10.07.2022 04:00:00;10.07.2022 05:00:00;403.17;12.67;12.67;12.67;12.67
10.07.2022 05:00:00;10.07.2022 06:00:00;375.56;10.4;10.4;10.4;10.4
10.07.2022 06:00:00;10.07.2022 07:00:00;421.6;14.42;14.42;14.42;14.42
10.07.2022 07:00:00;10.07.2022 08:00:00;966.82;15.04;15.04;15.04;15.04
10.07.2022 08:00:00;10.07.2022 09:00:00;1372.56;16.17;16.17;16.17;16.17
10.07.2022 09:00:00;10.07.2022 10:00:00;1370.39;19.57;19.57;19.57;19.57
10.07.2022 10:00:00;10.07.2022 11:00:00;1456.71;22.04;22.04;23.28;23.28
10.07.2022 11:00:00;10.07.2022 12:00:00;1498.95;21.63;21.63;27.91;27.91
10.07.2022 12:00:00;10.07.2022 13:00:00;1499.26;21.53;21.53;29.67;29.67
10.07.2022 13:00:00;10.07.2022 14:00:00;1436.73;21.22;21.22;22.46;22.46
10.07.2022 14:00:00;10.07.2022 15:00:00;1577.54;21.32;21.32;22.35;22.35
10.07.2022 15:00:00;10.07.2022 16:00:00;1841.85;21.53;21.53;26.37;26.37
10.07.2022 16:00:00;10.07.2022 17:00:00;2677.85;22.04;22.04;38.01;38.01
10.07.2022 17:00:00;10.07.2022 18:00:00;3001.7;23.69;23.69;52.33;52.33
10.07.2022 18:00:00;10.07.2022 19:00:00;2413.33;24.93;24.93;51.5;51.5
10.07.2022 19:00:00;10.07.2022 20:00:00;3002.53;26.06;26.06;51.92;51.92
10.07.2022 20:00:00;10.07.2022 21:00:00;3307.74;26.58;26.58;50.89;50.89
10.07.2022 21:00:00;10.07.2022 22:00:00;3526.83;27.4;27.4;40.89;40.89
10.07.2022 22:00:00;10.07.2022 23:00:00;3053.93;27.19;27.19;38.32;38.32
10.07.2022 23:00:00;11.07.2022 00:00:00;2973.69;26.16;26.16;33.99;33.99
11.07.2022 00:00:00;11.07.2022 01:00:00;3172.18;30.9;30.9;31.52;31.52
11.07.2022 01:00:00;11.07.2022 02:00:00;2864.5;29.87;29.87;29.87;29.87
11.07.2022 02:00:00;11.07.2022 03:00:00;2535.19;29.36;29.36;29.36;29.36
11.07.2022 03:00:00;11.07.2022 04:00:00;2411.17;29.15;29.15;29.15;29.15
11.07.2022 04:00:00;11.07.2022 05:00:00;2609.25;29.46;29.46;29.46;29.46
11.07.2022 05:00:00;11.07.2022 06:00:00;3069.58;29.77;29.77;35.23;35.23
11.07.2022 06:00:00;11.07.2022 07:00:00;4078.53;32.34;32.34;33.79;33.79
11.07.2022 07:00:00;11.07.2022 08:00:00;4613.44;38.63;38.63;39.55;39.55
11.07.2022 08:00:00;11.07.2022 09:00:00;5665.34;39.76;39.76;51.81;51.81
11.07.2022 09:00:00;11.07.2022 10:00:00;5079.96;39.35;39.35;65.92;65.92
11.07.2022 10:00:00;11.07.2022 11:00:00;5664.31;38.42;38.42;88.17;88.17
11.07.2022 11:00:00;11.07.2022 12:00:00;4400.22;37.19;37.19;91.47;91.47
11.07.2022 12:00:00;11.07.2022 13:00:00;3935.45;35.95;35.95;105.27;105.27
11.07.2022 13:00:00;11.07.2022 14:00:00;5093.14;35.13;35.13;111.66;111.66
11.07.2022 14:00:00;11.07.2022 15:00:00;5129.5;33.89;33.89;112.69;112.69
11.07.2022 15:00:00;11.07.2022 16:00:00;5664.41;31.73;31.73;113.82;113.82
11.07.2022 16:00:00;11.07.2022 17:00:00;5665.24;30.8;30.8;119.69;119.69
11.07.2022 17:00:00;11.07.2022 18:00:00;3901.77;30.7;30.7;128.35;128.35
11.07.2022 18:00:00;11.07.2022 19:00:00;4137.14;30.8;30.8;128.86;128.86
11.07.2022 19:00:00;11.07.2022 20:00:00;4717.99;31.31;31.31;124.33;124.33
11.07.2022 20:00:00;11.07.2022 21:00:00;4840.26;32.03;32.03;117.84;117.84
11.07.2022 21:00:00;11.07.2022 22:00:00;4657.12;34.51;34.51;99.61;99.61
11.07.2022 22:00:00;11.07.2022 23:00:00;4635.79;30.8;30.8;68.91;68.91
11.07.2022 23:00:00;12.07.2022 00:00:00;4213.88;29.36;29.36;55.21;55.21
12.07.2022 00:00:00;12.07.2022 01:00:00;1853.08;21.62;21.62;116.22;116.22
12.07.2022 01:00:00;12.07.2022 02:00:00;1853.28;19.66;19.66;121.26;121.26
12.07.2022 02:00:00;12.07.2022 03:00:00;1647.72;18.01;18.01;106.13;106.13
12.07.2022 03:00:00;12.07.2022 04:00:00;1576.38;16.68;16.68;103.04;103.04
12.07.2022 04:00:00;12.07.2022 05:00:00;1610.25;15.85;15.85;95.11;95.11
12.07.2022 05:00:00;12.07.2022 06:00:00;3014.72;15.65;15.65;120.64;120.64
12.07.2022 06:00:00;12.07.2022 07:00:00;4319.66;16.26;16.26;153.07;153.07
12.07.2022 07:00:00;12.07.2022 08:00:00;4669.85;16.57;16.57;167.99;167.99
12.07.2022 08:00:00;12.07.2022 09:00:00;4620.86;17.19;17.19;159.66;159.66
12.07.2022 09:00:00;12.07.2022 10:00:00;3997.67;18.01;18.01;164.18;164.18
12.07.2022 10:00:00;12.07.2022 11:00:00;4586.06;19.04;19.04;175.61;175.61
12.07.2022 11:00:00;12.07.2022 12:00:00;4586.47;19.87;19.87;172.01;172.01
12.07.2022 12:00:00;12.07.2022 13:00:00;4002.1;20.07;20.07;161.2;161.2
12.07.2022 13:00:00;12.07.2022 14:00:00;3744.04;19.97;19.97;175.82;175.82
12.07.2022 14:00:00;12.07.2022 15:00:00;3396.52;19.35;19.35;174.17;174.17
12.07.2022 15:00:00;12.07.2022 16:00:00;3192.6;19.15;19.15;153.79;153.79
12.07.2022 16:00:00;12.07.2022 17:00:00;3258.89;19.04;19.04;127.75;127.75
12.07.2022 17:00:00;12.07.2022 18:00:00;3909.76;18.73;18.73;172.32;172.32
12.07.2022 18:00:00;12.07.2022 19:00:00;4352.19;19.04;19.04;164.08;164.08
12.07.2022 19:00:00;12.07.2022 20:00:00;4939.14;19.04;19.04;138.14;138.14
12.07.2022 20:00:00;12.07.2022 21:00:00;4557.65;19.25;19.25;111.48;111.48
12.07.2022 21:00:00;12.07.2022 22:00:00;4249.77;18.94;18.94;92.23;92.23
12.07.2022 22:00:00;12.07.2022 23:00:00;4778.56;18.84;18.84;68.66;68.66
12.07.2022 23:00:00;13.07.2022 00:00:00;2684.19;18.32;18.32;49;49
13.07.2022 00:00:00;13.07.2022 01:00:00;2346.7;16.76;16.76;37.32;37.32
13.07.2022 01:00:00;13.07.2022 02:00:00;2182.91;16.45;16.45;35.47;35.47
13.07.2022 02:00:00;13.07.2022 03:00:00;2117.72;16.14;16.14;38.56;38.56
13.07.2022 03:00:00;13.07.2022 04:00:00;2165.74;16.25;16.25;45.96;45.96
13.07.2022 04:00:00;13.07.2022 05:00:00;2625.35;16.35;16.35;48.02;48.02
13.07.2022 05:00:00;13.07.2022 06:00:00;3415.95;16.76;16.76;86.58;86.58
13.07.2022 06:00:00;13.07.2022 07:00:00;4235.95;17.38;17.38;482.85;482.85
13.07.2022 07:00:00;13.07.2022 08:00:00;4690.32;19.02;19.02;513.59;513.59
13.07.2022 08:00:00;13.07.2022 09:00:00;4509.25;19.54;19.54;529.02;529.02
13.07.2022 09:00:00;13.07.2022 10:00:00;4104.23;19.95;19.95;847.87;847.87
13.07.2022 10:00:00;13.07.2022 11:00:00;4309.78;20.05;20.05;827.41;827.41
13.07.2022 11:00:00;13.07.2022 12:00:00;4983.36;19.95;19.95;675.64;675.64
13.07.2022 12:00:00;13.07.2022 13:00:00;5654.17;19.64;19.64;757.69;757.69
13.07.2022 13:00:00;13.07.2022 14:00:00;4211.89;19.43;19.43;483.06;483.06
13.07.2022 14:00:00;13.07.2022 15:00:00;4379.08;18.82;18.82;101.18;101.18
13.07.2022 15:00:00;13.07.2022 16:00:00;4626.88;18.41;18.41;51.82;51.82
13.07.2022 16:00:00;13.07.2022 17:00:00;3894.17;18.41;18.41;37.12;37.12
13.07.2022 17:00:00;13.07.2022 18:00:00;3845.95;18.41;18.41;37.32;37.32
13.07.2022 18:00:00;13.07.2022 19:00:00;3845.84;18.3;18.3;51.72;51.72
13.07.2022 19:00:00;13.07.2022 20:00:00;4283.66;18.71;18.71;39.69;39.69
13.07.2022 20:00:00;13.07.2022 21:00:00;4532.38;19.02;19.02;31.26;31.26
13.07.2022 21:00:00;13.07.2022 22:00:00;4522.41;19.02;19.02;22;22
13.07.2022 22:00:00;13.07.2022 23:00:00;3909.59;16.86;16.86;16.86;16.86
13.07.2022 23:00:00;14.07.2022 00:00:00;2331.69;14.81;14.81;14.81;14.81
14.07.2022 00:00:00;14.07.2022 01:00:00;2692.51;14.67;14.67;14.67;14.67
14.07.2022 01:00:00;14.07.2022 02:00:00;2051.02;10.26;10.26;10.26;10.26
14.07.2022 02:00:00;14.07.2022 03:00:00;1674.95;8.41;8.41;8.41;8.41
14.07.2022 03:00:00;14.07.2022 04:00:00;1538.34;6.05;6.05;6.05;6.05
14.07.2022 04:00:00;14.07.2022 05:00:00;1960.26;6.77;6.77;6.77;6.77
14.07.2022 05:00:00;14.07.2022 06:00:00;3385.79;9.54;9.54;9.54;9.54
14.07.2022 06:00:00;14.07.2022 07:00:00;4067.49;14.36;14.36;14.36;14.36
14.07.2022 07:00:00;14.07.2022 08:00:00;4443.87;17.23;17.23;17.23;17.23
14.07.2022 08:00:00;14.07.2022 09:00:00;4451.66;18.46;18.46;25.64;25.64
14.07.2022 09:00:00;14.07.2022 10:00:00;4306.95;18.56;18.56;29.13;29.13
14.07.2022 10:00:00;14.07.2022 11:00:00;3896.11;18.56;18.56;29.13;29.13
14.07.2022 11:00:00;14.07.2022 12:00:00;3724.74;18.26;18.26;25.84;25.84
14.07.2022 12:00:00;14.07.2022 13:00:00;3523.01;17.84;17.84;21.54;21.54
14.07.2022 13:00:00;14.07.2022 14:00:00;3428.76;17.23;17.23;21.02;21.02
14.07.2022 14:00:00;14.07.2022 15:00:00;3523.63;16.72;16.72;16.72;16.72
14.07.2022 15:00:00;14.07.2022 16:00:00;3384.46;16;16.41;16.41;16.41
14.07.2022 16:00:00;14.07.2022 17:00:00;3346.62;15.59;16.31;16.31;16.31
14.07.2022 17:00:00;14.07.2022 18:00:00;3396.46;15.28;16.51;29.43;29.43
14.07.2022 18:00:00;14.07.2022 19:00:00;3523.12;15.18;16.61;30.46;30.46
14.07.2022 19:00:00;14.07.2022 20:00:00;4274.96;15.28;16.61;27.18;27.18
14.07.2022 20:00:00;14.07.2022 21:00:00;4086.05;15.28;16.82;24.1;24.1
14.07.2022 21:00:00;14.07.2022 22:00:00;4090.97;15.28;16.72;16.72;16.72
14.07.2022 22:00:00;14.07.2022 23:00:00;3447.12;15.08;15.08;15.08;15.08
14.07.2022 23:00:00;15.07.2022 00:00:00;2408.74;13.13;13.13;13.13;13.13
15.07.2022 00:00:00;15.07.2022 01:00:00;1640.93;13.12;13.12;13.12;13.12
15.07.2022 01:00:00;15.07.2022 02:00:00;1537.4;11.28;11.28;11.28;11.28
15.07.2022 02:00:00;15.07.2022 03:00:00;1361.29;9.64;9.64;9.64;9.64
15.07.2022 03:00:00;15.07.2022 04:00:00;1537.4;9.33;9.33;9.33;9.33
15.07.2022 04:00:00;15.07.2022 05:00:00;1811.2;7.89;7.89;7.89;7.89
15.07.2022 05:00:00;15.07.2022 06:00:00;2956.92;10.87;10.87;10.87;10.87
15.07.2022 06:00:00;15.07.2022 07:00:00;4150.51;14.66;14.66;14.66;14.66
15.07.2022 07:00:00;15.07.2022 08:00:00;3254.7;15.99;15.99;15.99;15.99
15.07.2022 08:00:00;15.07.2022 09:00:00;3841.04;16.91;16.91;17.32;17.32
15.07.2022 09:00:00;15.07.2022 10:00:00;3063.52;17.12;17.12;18.14;18.14
15.07.2022 10:00:00;15.07.2022 11:00:00;2690.3;17.22;17.22;18.86;18.86
15.07.2022 11:00:00;15.07.2022 12:00:00;2563.19;17.12;17.12;17.12;17.12
15.07.2022 12:00:00;15.07.2022 13:00:00;3091.71;16.5;16.5;16.5;16.5
15.07.2022 13:00:00;15.07.2022 14:00:00;2409.12;15.79;15.79;15.79;15.79
15.07.2022 14:00:00;15.07.2022 15:00:00;3056.96;15.27;15.27;15.27;15.27
15.07.2022 15:00:00;15.07.2022 16:00:00;3163.57;15.07;15.07;15.07;15.07
15.07.2022 16:00:00;15.07.2022 17:00:00;2554.47;15.17;15.17;15.17;15.17
15.07.2022 17:00:00;15.07.2022 18:00:00;3233.79;15.17;15.17;15.17;15.17
15.07.2022 18:00:00;15.07.2022 19:00:00;3839.71;16.4;16.4;16.4;16.4
15.07.2022 19:00:00;15.07.2022 20:00:00;3879.58;16.4;16.4;16.4;16.4
15.07.2022 20:00:00;15.07.2022 21:00:00;3971.53;15.99;15.99;15.99;15.99
15.07.2022 21:00:00;15.07.2022 22:00:00;3979.63;15.48;15.48;15.48;15.48
15.07.2022 22:00:00;15.07.2022 23:00:00;3288.22;15.27;15.27;15.27;15.27
15.07.2022 23:00:00;16.07.2022 00:00:00;3075;14.66;14.66;14.66;14.66
16.07.2022 00:00:00;16.07.2022 01:00:00;2465.84;16.33;16.33;16.33;16.33
16.07.2022 01:00:00;16.07.2022 02:00:00;2209.41;15.51;15.51;15.51;15.51
16.07.2022 02:00:00;16.07.2022 03:00:00;1929.05;15.31;15.31;15.31;15.31
16.07.2022 03:00:00;16.07.2022 04:00:00;1865.87;15;15;15;15
16.07.2022 04:00:00;16.07.2022 05:00:00;1695.43;14.49;14.49;14.49;14.49
16.07.2022 05:00:00;16.07.2022 06:00:00;1622.7;14.49;14.49;14.49;14.49
16.07.2022 06:00:00;16.07.2022 07:00:00;1482.67;14.28;14.28;14.28;14.28
16.07.2022 07:00:00;16.07.2022 08:00:00;2147.67;14.49;14.49;14.49;14.49
16.07.2022 08:00:00;16.07.2022 09:00:00;2080.17;14.69;14.69;14.69;14.69
16.07.2022 09:00:00;16.07.2022 10:00:00;2362.8;15.2;15.2;15.2;15.2
16.07.2022 10:00:00;16.07.2022 11:00:00;2822.54;15.41;15.41;15.41;15.41
16.07.2022 11:00:00;16.07.2022 12:00:00;2598.16;10.99;10.99;10.99;10.99
16.07.2022 12:00:00;16.07.2022 13:00:00;2556.86;0.82;0.82;0.72;0.72
16.07.2022 13:00:00;16.07.2022 14:00:00;2055.62;0.82;0.82;-0.51;-0.51
16.07.2022 14:00:00;16.07.2022 15:00:00;2363.52;0.72;0.72;-1.03;-1.03
16.07.2022 15:00:00;16.07.2022 16:00:00;2054.7;0.62;0.62;0;0
16.07.2022 16:00:00;16.07.2022 17:00:00;1972.51;10.58;10.58;10.58;10.58
16.07.2022 17:00:00;16.07.2022 18:00:00;1960.08;14.9;14.9;14.9;14.9
16.07.2022 18:00:00;16.07.2022 19:00:00;1880.36;15.2;15.2;15.2;15.2
16.07.2022 19:00:00;16.07.2022 20:00:00;2054.59;15.31;15.31;15.31;15.31
16.07.2022 20:00:00;16.07.2022 21:00:00;2488.96;15.2;15.2;15.2;15.2
16.07.2022 21:00:00;16.07.2022 22:00:00;3014.03;15;15;15;15
16.07.2022 22:00:00;16.07.2022 23:00:00;2507.55;14.9;14.9;14.9;14.9
16.07.2022 23:00:00;17.07.2022 00:00:00;2074.32;14.49;14.49;14.49;14.49
17.07.2022 00:00:00;17.07.2022 01:00:00;1653.48;15.52;15.52;15.52;15.52
17.07.2022 01:00:00;17.07.2022 02:00:00;1328.52;14.91;14.91;14.91;14.91
17.07.2022 02:00:00;17.07.2022 03:00:00;1172.88;14.91;14.91;14.91;14.91
17.07.2022 03:00:00;17.07.2022 04:00:00;1214.41;15.01;15.01;15.01;15.01
17.07.2022 04:00:00;17.07.2022 05:00:00;1149.85;14.91;14.91;14.91;14.91
17.07.2022 05:00:00;17.07.2022 06:00:00;1156.43;15.32;15.32;15.32;15.32
17.07.2022 06:00:00;17.07.2022 07:00:00;1513.77;15.52;15.52;15.52;15.52
17.07.2022 07:00:00;17.07.2022 08:00:00;1653.79;15.93;15.93;15.93;15.93
17.07.2022 08:00:00;17.07.2022 09:00:00;1698;18.61;18.61;18.61;18.61
17.07.2022 09:00:00;17.07.2022 10:00:00;1521.89;20.35;20.35;28.58;28.58
17.07.2022 10:00:00;17.07.2022 11:00:00;1484.17;20.56;20.56;36.5;36.5
17.07.2022 11:00:00;17.07.2022 12:00:00;987.42;20.15;20.15;40.5;40.5
17.07.2022 12:00:00;17.07.2022 13:00:00;1329.34;19.84;19.84;40.61;40.61
17.07.2022 13:00:00;17.07.2022 14:00:00;1200.53;19.53;19.53;42.05;42.05
17.07.2022 14:00:00;17.07.2022 15:00:00;1209.48;19.22;19.22;44.92;44.92
17.07.2022 15:00:00;17.07.2022 16:00:00;1244.12;18.81;18.81;49.86;49.86
17.07.2022 16:00:00;17.07.2022 17:00:00;1265.81;18.09;18.09;77.72;77.72
17.07.2022 17:00:00;17.07.2022 18:00:00;1616.06;18.5;18.5;131.79;131.79
17.07.2022 18:00:00;17.07.2022 19:00:00;1787.13;18.81;18.81;164.69;164.69
17.07.2022 19:00:00;17.07.2022 20:00:00;1800.7;19.02;19.02;387.88;387.88
17.07.2022 20:00:00;17.07.2022 21:00:00;1744.15;18.92;18.92;482.25;482.25
17.07.2022 21:00:00;17.07.2022 22:00:00;1832.05;18.71;18.71;257.42;257.42
17.07.2022 22:00:00;17.07.2022 23:00:00;1797.61;18.61;18.61;306.46;306.46
17.07.2022 23:00:00;18.07.2022 00:00:00;1653.38;18.61;18.61;140.12;140.12
18.07.2022 00:00:00;18.07.2022 01:00:00;1453.84;17.99;17.99;328.25;328.25
18.07.2022 01:00:00;18.07.2022 02:00:00;1265.61;17.89;17.89;265.54;265.54
18.07.2022 02:00:00;18.07.2022 03:00:00;1015.38;17.78;17.78;240.66;240.66
18.07.2022 03:00:00;18.07.2022 04:00:00;972.31;17.89;17.89;250.74;250.74
18.07.2022 04:00:00;18.07.2022 05:00:00;1032.24;17.99;17.99;257.52;257.52
18.07.2022 05:00:00;18.07.2022 06:00:00;2177.57;18.2;18.2;328.25;328.25
18.07.2022 06:00:00;18.07.2022 07:00:00;2767.15;18.3;18.3;601.71;601.71
18.07.2022 07:00:00;18.07.2022 08:00:00;3283.63;19.33;19.33;909.5;909.5
18.07.2022 08:00:00;18.07.2022 09:00:00;3381.5;20.97;20.97;1132.68;1132.68
18.07.2022 09:00:00;18.07.2022 10:00:00;3310.05;21.18;21.18;1112.02;1112.02
18.07.2022 10:00:00;18.07.2022 11:00:00;2893.08;20.87;20.87;1142.96;1142.96
18.07.2022 11:00:00;18.07.2022 12:00:00;2659.61;20.15;20.15;1124.36;1124.36
18.07.2022 12:00:00;18.07.2022 13:00:00;2929.06;19.53;19.53;1018.67;1018.67
18.07.2022 13:00:00;18.07.2022 14:00:00;3084.5;19.33;19.33;965.22;965.22
18.07.2022 14:00:00;18.07.2022 15:00:00;2898.12;18.61;18.61;885.13;885.13
18.07.2022 15:00:00;18.07.2022 16:00:00;2805.8;18.4;18.4;873;873
18.07.2022 16:00:00;18.07.2022 17:00:00;2754.91;18.3;18.3;887.09;887.09
18.07.2022 17:00:00;18.07.2022 18:00:00;2774.24;18.09;18.09;1011.79;1011.79
18.07.2022 18:00:00;18.07.2022 19:00:00;3319.3;18.09;18.09;1087.55;1087.55
18.07.2022 19:00:00;18.07.2022 20:00:00;3598;17.89;17.89;1111.92;1111.92
18.07.2022 20:00:00;18.07.2022 21:00:00;3392.19;17.78;17.78;1061.03;1061.03
18.07.2022 21:00:00;18.07.2022 22:00:00;2774.03;17.78;17.78;916.8;916.8
18.07.2022 22:00:00;18.07.2022 23:00:00;2199.78;17.68;17.68;816.97;816.97
18.07.2022 23:00:00;19.07.2022 00:00:00;1643.72;17.58;17.58;551.74;551.74
19.07.2022 00:00:00;19.07.2022 01:00:00;1639.57;20.21;20.21;399.33;399.33
19.07.2022 01:00:00;19.07.2022 02:00:00;1525.27;20.11;20.11;351.82;351.82
19.07.2022 02:00:00;19.07.2022 03:00:00;1253.07;20.32;20.32;356.23;356.23
19.07.2022 03:00:00;19.07.2022 04:00:00;1235.63;20.52;20.52;321.55;321.55
19.07.2022 04:00:00;19.07.2022 05:00:00;1295.04;20.73;20.73;293.34;293.34
19.07.2022 05:00:00;19.07.2022 06:00:00;2364.66;21.14;21.14;387.53;387.53
19.07.2022 06:00:00;19.07.2022 07:00:00;2822.57;22.47;22.47;539.17;539.17
19.07.2022 07:00:00;19.07.2022 08:00:00;4151.56;25.55;25.55;797.52;797.52
19.07.2022 08:00:00;19.07.2022 09:00:00;4001.97;27.81;27.81;831.28;831.28
19.07.2022 09:00:00;19.07.2022 10:00:00;2821.75;28.52;28.52;814.96;814.96
19.07.2022 10:00:00;19.07.2022 11:00:00;2821.75;30.06;30.06;842.46;842.46
19.07.2022 11:00:00;19.07.2022 12:00:00;2085.38;33.96;33.96;808.81;808.81
19.07.2022 12:00:00;19.07.2022 13:00:00;2052.03;38.07;38.07;807.88;807.88
19.07.2022 13:00:00;19.07.2022 14:00:00;1925.32;35.6;35.6;776.08;776.08
19.07.2022 14:00:00;19.07.2022 15:00:00;1876.07;30.68;30.68;806.24;806.24
19.07.2022 15:00:00;19.07.2022 16:00:00;1650.24;34.58;34.58;815.58;815.58
19.07.2022 16:00:00;19.07.2022 17:00:00;1701.03;30.47;30.47;820.91;820.91
19.07.2022 17:00:00;19.07.2022 18:00:00;2052.34;28.63;28.63;841.33;841.33
19.07.2022 18:00:00;19.07.2022 19:00:00;2327.52;28.22;28.22;854.47;854.47
19.07.2022 19:00:00;19.07.2022 20:00:00;2286.37;27.6;27.6;858.06;858.06
19.07.2022 20:00:00;19.07.2022 21:00:00;1839.44;25.34;25.34;846.36;846.36
19.07.2022 21:00:00;19.07.2022 22:00:00;1650.45;23.19;23.19;845.33;845.33
19.07.2022 22:00:00;19.07.2022 23:00:00;1619.36;21.34;21.34;778.95;778.95
19.07.2022 23:00:00;20.07.2022 00:00:00;764.79;20.62;20.62;764.79;764.79
20.07.2022 00:00:00;20.07.2022 01:00:00;527.45;20.58;20.58;527.45;527.45
20.07.2022 01:00:00;20.07.2022 02:00:00;305.39;19.56;19.56;305.39;305.39
20.07.2022 02:00:00;20.07.2022 03:00:00;212.49;16.71;16.71;212.49;212.49
20.07.2022 03:00:00;20.07.2022 04:00:00;192.73;15.69;15.69;192.73;192.73
20.07.2022 04:00:00;20.07.2022 05:00:00;189.26;15.28;15.28;189.26;189.26
20.07.2022 05:00:00;20.07.2022 06:00:00;406.23;15.28;15.28;406.23;406.23
20.07.2022 06:00:00;20.07.2022 07:00:00;1190.38;15.59;15.59;577.67;577.67
20.07.2022 07:00:00;20.07.2022 08:00:00;1841.08;17.32;17.32;839.25;839.25
20.07.2022 08:00:00;20.07.2022 09:00:00;1925.73;20.27;20.27;939.49;939.49
20.07.2022 09:00:00;20.07.2022 10:00:00;2037.17;21.29;21.29;863.8;863.8
20.07.2022 10:00:00;20.07.2022 11:00:00;1886.1;22;22;798;798
20.07.2022 11:00:00;20.07.2022 12:00:00;1849.43;23.02;23.02;595.19;595.19
20.07.2022 12:00:00;20.07.2022 13:00:00;1963.93;23.73;23.73;545.38;545.38
20.07.2022 13:00:00;20.07.2022 14:00:00;1813.37;23.94;23.94;516.96;516.96
20.07.2022 14:00:00;20.07.2022 15:00:00;1658.34;24.04;24.04;525.92;525.92
20.07.2022 15:00:00;20.07.2022 16:00:00;1700.2;24.04;24.04;543.54;543.54
20.07.2022 16:00:00;20.07.2022 17:00:00;2037.17;24.14;24.14;550.88;550.88
20.07.2022 17:00:00;20.07.2022 18:00:00;2648.76;24.96;24.96;591.83;591.83
20.07.2022 18:00:00;20.07.2022 19:00:00;3348.15;24.75;24.75;606.39;606.39
20.07.2022 19:00:00;20.07.2022 20:00:00;3331.75;24.45;24.45;602.12;602.12
20.07.2022 20:00:00;20.07.2022 21:00:00;2649.37;25.57;25.57;571.05;571.05
20.07.2022 21:00:00;20.07.2022 22:00:00;2628.08;24.75;24.75;430.07;430.07
20.07.2022 22:00:00;20.07.2022 23:00:00;2362.11;24.14;24.14;337.68;337.68
20.07.2022 23:00:00;21.07.2022 00:00:00;1637.05;23.84;23.84;169.3;169.3
21.07.2022 00:00:00;21.07.2022 01:00:00;1702.77;25.16;25.16;374.91;374.91
21.07.2022 01:00:00;21.07.2022 02:00:00;1615;25.06;25.06;273.95;273.95
21.07.2022 02:00:00;21.07.2022 03:00:00;570.84;24.86;24.86;252.14;252.14
21.07.2022 03:00:00;21.07.2022 04:00:00;208.91;24.76;24.76;208.91;208.91
21.07.2022 04:00:00;21.07.2022 05:00:00;170.26;24.66;24.66;170.26;170.26
21.07.2022 05:00:00;21.07.2022 06:00:00;1582.74;24.66;24.66;268.27;268.27
21.07.2022 06:00:00;21.07.2022 07:00:00;1785.16;24.86;24.86;332.8;332.8
21.07.2022 07:00:00;21.07.2022 08:00:00;2029.58;25.16;25.16;411.54;411.54
21.07.2022 08:00:00;21.07.2022 09:00:00;2914.96;25.87;25.87;544.96;544.96
21.07.2022 09:00:00;21.07.2022 10:00:00;2687.78;25.77;25.77;574.29;574.29
21.07.2022 10:00:00;21.07.2022 11:00:00;2909.38;25.67;25.67;311.9;311.9
21.07.2022 11:00:00;21.07.2022 12:00:00;3043.92;25.57;25.57;287.45;287.45
21.07.2022 12:00:00;21.07.2022 13:00:00;3042.5;25.16;25.16;276.69;276.69
21.07.2022 13:00:00;21.07.2022 14:00:00;2847.18;25.06;25.06;257.52;257.52
21.07.2022 14:00:00;21.07.2022 15:00:00;2181.88;24.86;24.86;268.17;268.17
21.07.2022 15:00:00;21.07.2022 16:00:00;2039.83;24.86;24.86;233.06;233.06
21.07.2022 16:00:00;21.07.2022 17:00:00;2495.91;24.76;24.76;217.74;217.74
21.07.2022 17:00:00;21.07.2022 18:00:00;2586.42;24.55;24.55;196.54;196.54
21.07.2022 18:00:00;21.07.2022 19:00:00;2968.53;24.45;24.45;192.68;192.68
21.07.2022 19:00:00;21.07.2022 20:00:00;2655.82;24.15;24.15;158.69;158.69
21.07.2022 20:00:00;21.07.2022 21:00:00;2110.96;23.74;23.74;152.4;152.4
21.07.2022 21:00:00;21.07.2022 22:00:00;1914.32;23.13;23.13;61.99;61.99
21.07.2022 22:00:00;21.07.2022 23:00:00;1812.04;22.52;22.52;94.87;94.87
21.07.2022 23:00:00;22.07.2022 00:00:00;1543.27;21.92;21.92;48.4;48.4
22.07.2022 00:00:00;22.07.2022 01:00:00;165.79;19.63;19.63;165.79;165.79
22.07.2022 01:00:00;22.07.2022 02:00:00;333.71;15.87;15.87;97.54;97.54
22.07.2022 02:00:00;22.07.2022 03:00:00;627.15;15.15;15.15;49.94;49.94
22.07.2022 03:00:00;22.07.2022 04:00:00;1174.35;15.15;15.15;44.35;44.35
22.07.2022 04:00:00;22.07.2022 05:00:00;1737.52;15.15;15.15;42.41;42.41
22.07.2022 05:00:00;22.07.2022 06:00:00;2710.59;15.46;15.46;50.55;50.55
22.07.2022 06:00:00;22.07.2022 07:00:00;3502.2;15.26;15.26;227.73;227.73
22.07.2022 07:00:00;22.07.2022 08:00:00;2291.74;19.94;19.94;278.18;278.18
22.07.2022 08:00:00;22.07.2022 09:00:00;2389.49;21.05;21.05;305.03;305.03
22.07.2022 09:00:00;22.07.2022 10:00:00;2339.75;21.66;21.66;375.62;375.62
22.07.2022 10:00:00;22.07.2022 11:00:00;2371.18;21.87;21.87;372.36;372.36
22.07.2022 11:00:00;22.07.2022 12:00:00;2410.64;21.87;21.87;349.99;349.99
22.07.2022 12:00:00;22.07.2022 13:00:00;2407.18;21.87;21.87;411.01;411.01
22.07.2022 13:00:00;22.07.2022 14:00:00;2068.08;21.77;21.77;574.05;574.05
22.07.2022 14:00:00;22.07.2022 15:00:00;2035.03;21.77;21.77;585.34;585.34
22.07.2022 15:00:00;22.07.2022 16:00:00;1967.79;21.66;21.66;633.35;633.35
22.07.2022 16:00:00;22.07.2022 17:00:00;2025.36;21.56;21.56;633.66;633.66
22.07.2022 17:00:00;22.07.2022 18:00:00;2131.55;21.46;21.46;591.24;591.24
22.07.2022 18:00:00;22.07.2022 19:00:00;3039.11;21.36;21.36;541.81;541.81
22.07.2022 19:00:00;22.07.2022 20:00:00;3050.61;21.26;21.26;416.4;416.4
22.07.2022 20:00:00;22.07.2022 21:00:00;2093;21.05;21.05;339.1;339.1
22.07.2022 21:00:00;22.07.2022 22:00:00;2340.26;20.85;20.85;304.42;304.42
22.07.2022 22:00:00;22.07.2022 23:00:00;2098.9;21.66;21.66;253.06;253.06
22.07.2022 23:00:00;23.07.2022 00:00:00;1532.58;21.56;21.56;213.69;213.69
23.07.2022 00:00:00;23.07.2022 01:00:00;1055.79;17.98;17.98;193.49;193.49
23.07.2022 01:00:00;23.07.2022 02:00:00;970.98;17.77;17.77;165.25;165.25
23.07.2022 02:00:00;23.07.2022 03:00:00;355.49;17.57;17.57;160.37;160.37
23.07.2022 03:00:00;23.07.2022 04:00:00;163.83;17.47;17.47;163.83;163.83
23.07.2022 04:00:00;23.07.2022 05:00:00;144.73;17.37;17.37;144.73;144.73
23.07.2022 05:00:00;23.07.2022 06:00:00;576.39;17.47;17.47;163.02;163.02
23.07.2022 06:00:00;23.07.2022 07:00:00;1224.6;17.57;17.57;294.95;294.95
23.07.2022 07:00:00;23.07.2022 08:00:00;1671.59;17.77;17.77;413.58;413.58
23.07.2022 08:00:00;23.07.2022 09:00:00;1502.69;18.08;18.08;793.24;793.24
23.07.2022 09:00:00;23.07.2022 10:00:00;1579.57;18.99;18.99;863.73;863.73
23.07.2022 10:00:00;23.07.2022 11:00:00;1709.78;19.6;19.6;879.98;879.98
23.07.2022 11:00:00;23.07.2022 12:00:00;1711.2;19.5;19.5;880.08;880.08
23.07.2022 12:00:00;23.07.2022 13:00:00;1712.83;19.2;19.2;866.17;866.17
23.07.2022 13:00:00;23.07.2022 14:00:00;1641.43;18.79;18.79;861.29;861.29
23.07.2022 14:00:00;23.07.2022 15:00:00;1538.13;18.28;18.28;851.23;851.23
23.07.2022 15:00:00;23.07.2022 16:00:00;1524.22;18.18;18.18;873.78;873.78
23.07.2022 16:00:00;23.07.2022 17:00:00;1635.64;18.18;18.18;885.26;885.26
23.07.2022 17:00:00;23.07.2022 18:00:00;1670.78;18.18;18.18;1037.92;1037.92
23.07.2022 18:00:00;23.07.2022 19:00:00;1709.88;18.49;18.49;1154.21;1154.21
23.07.2022 19:00:00;23.07.2022 20:00:00;2031.34;18.89;18.89;1142.83;1142.83
23.07.2022 20:00:00;23.07.2022 21:00:00;1710.9;19.09;19.09;1180.21;1180.21
23.07.2022 21:00:00;23.07.2022 22:00:00;1777.83;19.2;19.2;983.78;983.78
23.07.2022 22:00:00;23.07.2022 23:00:00;1675.55;19.09;19.09;905.57;905.57
23.07.2022 23:00:00;24.07.2022 00:00:00;843.82;19.3;19.3;843.82;843.82
24.07.2022 00:00:00;24.07.2022 01:00:00;521.38;18.46;18.46;521.38;521.38
24.07.2022 01:00:00;24.07.2022 02:00:00;466.2;17.24;17.24;466.2;466.2
24.07.2022 02:00:00;24.07.2022 03:00:00;396.92;17.04;17.04;396.92;396.92
24.07.2022 03:00:00;24.07.2022 04:00:00;359.08;17.14;17.14;359.08;359.08
24.07.2022 04:00:00;24.07.2022 05:00:00;386.07;17.24;17.24;386.07;386.07
24.07.2022 05:00:00;24.07.2022 06:00:00;466.61;18.36;18.36;466.61;466.61
24.07.2022 06:00:00;24.07.2022 07:00:00;1045.3;18.46;18.46;518.44;518.44
24.07.2022 07:00:00;24.07.2022 08:00:00;1658.28;18.56;18.56;603.55;603.55
24.07.2022 08:00:00;24.07.2022 09:00:00;1832.85;19.17;19.17;811.79;811.79
24.07.2022 09:00:00;24.07.2022 10:00:00;1648.34;20.19;20.19;998.34;998.34
24.07.2022 10:00:00;24.07.2022 11:00:00;1764.89;20.59;20.59;969.63;969.63
24.07.2022 11:00:00;24.07.2022 12:00:00;1984.6;20.79;20.79;969.63;969.63
24.07.2022 12:00:00;24.07.2022 13:00:00;1770.26;20.39;20.39;710.05;710.05
24.07.2022 13:00:00;24.07.2022 14:00:00;1622.88;20.19;20.19;579;579
24.07.2022 14:00:00;24.07.2022 15:00:00;1576.32;19.68;19.68;482.84;482.84
24.07.2022 15:00:00;24.07.2022 16:00:00;1704.74;19.48;19.48;615.01;615.01
24.07.2022 16:00:00;24.07.2022 17:00:00;1943.01;18.77;18.77;577.98;577.98
24.07.2022 17:00:00;24.07.2022 18:00:00;3039.94;18.46;18.46;730.75;730.75
24.07.2022 18:00:00;24.07.2022 19:00:00;2636.43;19.07;19.07;626.47;626.47
24.07.2022 19:00:00;24.07.2022 20:00:00;2523.94;18.36;18.36;580.42;580.42
24.07.2022 20:00:00;24.07.2022 21:00:00;1928;17.14;17.14;502.92;502.92
24.07.2022 21:00:00;24.07.2022 22:00:00;2079.85;16.53;16.53;407.47;407.47
24.07.2022 22:00:00;24.07.2022 23:00:00;2535.8;15.22;15.22;317.19;317.19
24.07.2022 23:00:00;25.07.2022 00:00:00;2144.67;15.22;15.22;274.99;274.99
25.07.2022 00:00:00;25.07.2022 01:00:00;2272.07;16.53;16.53;47.57;47.57
25.07.2022 01:00:00;25.07.2022 02:00:00;1884.79;15.82;15.82;46.25;46.25
25.07.2022 02:00:00;25.07.2022 03:00:00;1615.37;15.82;15.82;47.27;47.27
25.07.2022 03:00:00;25.07.2022 04:00:00;1042.26;16.23;16.23;47.17;47.17
25.07.2022 04:00:00;25.07.2022 05:00:00;837.96;16.53;16.53;47.17;47.17
25.07.2022 05:00:00;25.07.2022 06:00:00;1918.26;17.14;17.14;50.62;50.62
25.07.2022 06:00:00;25.07.2022 07:00:00;2365.49;18.87;18.87;48.59;48.59
25.07.2022 07:00:00;25.07.2022 08:00:00;2155.52;19.78;19.78;96.77;96.77
25.07.2022 08:00:00;25.07.2022 09:00:00;2232.61;27.49;27.49;130.95;130.95
25.07.2022 09:00:00;25.07.2022 10:00:00;2150.55;28.61;28.61;144.24;144.24
25.07.2022 10:00:00;25.07.2022 11:00:00;2026.9;27.18;27.18;151.65;151.65
25.07.2022 11:00:00;25.07.2022 12:00:00;1744.8;27.08;27.08;145.05;145.05
25.07.2022 12:00:00;25.07.2022 13:00:00;1823.01;26.27;26.27;131.26;131.26
25.07.2022 13:00:00;25.07.2022 14:00:00;1918.36;28;28;184.31;184.31
25.07.2022 14:00:00;25.07.2022 15:00:00;1767.12;28.71;28.71;194.15;194.15
25.07.2022 15:00:00;25.07.2022 16:00:00;1056.86;29.52;29.52;193.44;193.44
25.07.2022 16:00:00;25.07.2022 17:00:00;1477.32;27.69;27.69;145.87;145.87
25.07.2022 17:00:00;25.07.2022 18:00:00;1355.59;23.63;23.63;209.47;209.47
25.07.2022 18:00:00;25.07.2022 19:00:00;2011.58;22.62;22.62;163.72;163.72
25.07.2022 19:00:00;25.07.2022 20:00:00;2016.96;22.72;22.72;145.87;145.87
25.07.2022 20:00:00;25.07.2022 21:00:00;1826.36;22.01;22.01;108.33;108.33
25.07.2022 21:00:00;25.07.2022 22:00:00;1404.28;21.1;21.1;77.6;77.6
25.07.2022 22:00:00;25.07.2022 23:00:00;443.17;20.29;20.29;50.21;50.21
25.07.2022 23:00:00;26.07.2022 00:00:00;40.88;18.97;18.97;40.88;40.88
26.07.2022 00:00:00;26.07.2022 01:00:00;43.43;18.95;18.95;43.43;43.43
26.07.2022 01:00:00;26.07.2022 02:00:00;26.71;17.84;17.84;26.71;26.71
26.07.2022 02:00:00;26.07.2022 03:00:00;15.82;15.82;15.82;15.82;15.82
26.07.2022 03:00:00;26.07.2022 04:00:00;15.22;15.22;15.22;15.22;15.22
26.07.2022 04:00:00;26.07.2022 05:00:00;15.42;15.42;15.42;15.42;15.42
26.07.2022 05:00:00;26.07.2022 06:00:00;30.74;17.84;17.84;30.74;30.74
26.07.2022 06:00:00;26.07.2022 07:00:00;51.29;19.15;19.15;51.29;51.29
26.07.2022 07:00:00;26.07.2022 08:00:00;86.06;19.55;19.55;86.06;86.06
26.07.2022 08:00:00;26.07.2022 09:00:00;169.91;19.85;19.85;169.91;169.91
26.07.2022 09:00:00;26.07.2022 10:00:00;119.92;19.95;19.95;119.92;119.92
26.07.2022 10:00:00;26.07.2022 11:00:00;114.48;19.95;19.95;114.48;114.48
26.07.2022 11:00:00;26.07.2022 12:00:00;94.02;19.65;19.65;94.02;94.02
26.07.2022 12:00:00;26.07.2022 13:00:00;97.45;19.95;19.95;97.45;97.45
26.07.2022 13:00:00;26.07.2022 14:00:00;79.81;19.75;19.75;79.81;79.81
26.07.2022 14:00:00;26.07.2022 15:00:00;72.96;19.45;19.45;72.96;72.96
26.07.2022 15:00:00;26.07.2022 16:00:00;70.54;18.74;18.74;70.54;70.54
26.07.2022 16:00:00;26.07.2022 17:00:00;71.95;17.64;17.64;71.95;71.95
26.07.2022 17:00:00;26.07.2022 18:00:00;73.36;15.82;15.82;73.36;73.36
26.07.2022 18:00:00;26.07.2022 19:00:00;100.17;15.92;15.92;100.17;100.17
26.07.2022 19:00:00;26.07.2022 20:00:00;90.7;15.92;15.92;90.7;90.7
26.07.2022 20:00:00;26.07.2022 21:00:00;100.68;15.92;15.92;100.68;100.68
26.07.2022 21:00:00;26.07.2022 22:00:00;84.15;15.92;15.92;84.15;84.15
26.07.2022 22:00:00;26.07.2022 23:00:00;75.88;15.72;15.72;75.88;75.88
26.07.2022 23:00:00;27.07.2022 00:00:00;24.79;15.52;15.52;24.79;24.79
27.07.2022 00:00:00;27.07.2022 01:00:00;17.5;14.8;14.8;17.5;17.5
27.07.2022 01:00:00;27.07.2022 02:00:00;14.4;14.4;14.4;14.4;14.4
27.07.2022 02:00:00;27.07.2022 03:00:00;14;14;14;14;14
27.07.2022 03:00:00;27.07.2022 04:00:00;13.3;13.3;13.3;13.3;13.3
27.07.2022 04:00:00;27.07.2022 05:00:00;13.7;13.7;13.7;13.7;13.7
27.07.2022 05:00:00;27.07.2022 06:00:00;14.5;14.5;14.5;14.5;14.5
27.07.2022 06:00:00;27.07.2022 07:00:00;14.9;14.9;14.9;14.9;14.9
27.07.2022 07:00:00;27.07.2022 08:00:00;40.21;15.9;15.9;34.11;34.11
27.07.2022 08:00:00;27.07.2022 09:00:00;50.31;17;17;50.31;50.31
27.07.2022 09:00:00;27.07.2022 10:00:00;55.12;17.4;17.4;55.12;55.12
27.07.2022 10:00:00;27.07.2022 11:00:00;794.62;17.6;17.6;50.01;50.01
27.07.2022 11:00:00;27.07.2022 12:00:00;1075;17.4;17.4;43.91;43.91
27.07.2022 12:00:00;27.07.2022 13:00:00;1090.21;17.4;17.4;34.81;34.81
27.07.2022 13:00:00;27.07.2022 14:00:00;1138.22;17.5;17.5;28.31;28.31
27.07.2022 14:00:00;27.07.2022 15:00:00;1140.52;17.6;17.6;30.71;30.71
27.07.2022 15:00:00;27.07.2022 16:00:00;1621.26;17.81;17.81;30.81;30.81
27.07.2022 16:00:00;27.07.2022 17:00:00;1746.49;18.31;18.31;23.31;23.31
27.07.2022 17:00:00;27.07.2022 18:00:00;1902.84;18.51;18.51;30.31;30.31
27.07.2022 18:00:00;27.07.2022 19:00:00;1911.14;18.41;18.41;35.21;35.21
27.07.2022 19:00:00;27.07.2022 20:00:00;1908.34;18.71;18.71;46.51;46.51
27.07.2022 20:00:00;27.07.2022 21:00:00;1751;18.91;18.91;49.11;49.11
27.07.2022 21:00:00;27.07.2022 22:00:00;1816.71;19.01;19.01;49.91;49.91
27.07.2022 22:00:00;27.07.2022 23:00:00;1598.75;19.01;19.01;55.62;55.62
27.07.2022 23:00:00;28.07.2022 00:00:00;234.47;18.71;18.71;49.11;49.11
28.07.2022 00:00:00;28.07.2022 01:00:00;26.4;15.34;15.34;26.4;26.4
28.07.2022 01:00:00;28.07.2022 02:00:00;21.52;15.34;15.34;21.52;21.52
28.07.2022 02:00:00;28.07.2022 03:00:00;22.51;15.34;15.34;22.51;22.51
28.07.2022 03:00:00;28.07.2022 04:00:00;24.71;15.44;15.44;24.71;24.71
28.07.2022 04:00:00;28.07.2022 05:00:00;32.18;15.44;15.44;32.18;32.18
28.07.2022 05:00:00;28.07.2022 06:00:00;1792.28;15.54;15.54;52.1;52.1
28.07.2022 06:00:00;28.07.2022 07:00:00;1915.61;15.84;15.84;68.84;68.84
28.07.2022 07:00:00;28.07.2022 08:00:00;2490.42;16.64;16.64;124.53;124.53
28.07.2022 08:00:00;28.07.2022 09:00:00;2544.21;17.83;17.83;145.05;145.05
28.07.2022 09:00:00;28.07.2022 10:00:00;2508.45;20.02;20.02;167.66;167.66
28.07.2022 10:00:00;28.07.2022 11:00:00;2602.59;23.71;23.71;175.33;175.33
28.07.2022 11:00:00;28.07.2022 12:00:00;2516.42;19.92;19.92;181.61;181.61
28.07.2022 12:00:00;28.07.2022 13:00:00;2388.11;19.03;19.03;213.89;213.89
28.07.2022 13:00:00;28.07.2022 14:00:00;1964.42;19.53;19.53;236;236
28.07.2022 14:00:00;28.07.2022 15:00:00;2034.75;19.13;19.13;272.66;272.66
28.07.2022 15:00:00;28.07.2022 16:00:00;1993.31;18.43;18.43;366.6;366.6
28.07.2022 16:00:00;28.07.2022 17:00:00;2049.5;18.13;18.13;295.97;295.97
28.07.2022 17:00:00;28.07.2022 18:00:00;2136.76;17.93;17.93;304.54;304.54
28.07.2022 18:00:00;28.07.2022 19:00:00;2201.32;18.53;18.53;330.64;330.64
28.07.2022 19:00:00;28.07.2022 20:00:00;2329.73;19.13;19.13;395.2;395.2
28.07.2022 20:00:00;28.07.2022 21:00:00;2140.95;19.23;19.23;392.01;392.01
28.07.2022 21:00:00;28.07.2022 22:00:00;2120.23;18.73;18.73;330.64;330.64
28.07.2022 22:00:00;28.07.2022 23:00:00;2064.64;17.73;17.73;301.95;301.95
28.07.2022 23:00:00;29.07.2022 00:00:00;1788.79;17.23;17.23;291.09;291.09
29.07.2022 00:00:00;29.07.2022 01:00:00;363.91;17.98;17.98;330.13;330.13
29.07.2022 01:00:00;29.07.2022 02:00:00;308.6;16.79;16.79;308.6;308.6
29.07.2022 02:00:00;29.07.2022 03:00:00;276.79;16.5;16.5;276.79;276.79
29.07.2022 03:00:00;29.07.2022 04:00:00;253.08;16.3;16.3;253.08;253.08
29.07.2022 04:00:00;29.07.2022 05:00:00;262.07;16.1;16.1;262.07;262.07
29.07.2022 05:00:00;29.07.2022 06:00:00;1454.47;16.2;16.2;294.47;294.47
29.07.2022 06:00:00;29.07.2022 07:00:00;1975.65;16.5;16.5;327.27;327.27
29.07.2022 07:00:00;29.07.2022 08:00:00;2106.44;16.69;16.69;425.26;425.26
29.07.2022 08:00:00;29.07.2022 09:00:00;2145.06;17.98;17.98;453.81;453.81
29.07.2022 09:00:00;29.07.2022 10:00:00;2134.79;20.15;20.15;509.62;509.62
29.07.2022 10:00:00;29.07.2022 11:00:00;2122.64;25.68;25.68;510.01;510.01
29.07.2022 11:00:00;29.07.2022 12:00:00;2114.63;28.94;28.94;507.54;507.54
29.07.2022 12:00:00;29.07.2022 13:00:00;2117.01;29.34;29.34;507.25;507.25
29.07.2022 13:00:00;29.07.2022 14:00:00;2097.64;29.54;29.54;513.08;513.08
29.07.2022 14:00:00;29.07.2022 15:00:00;2106.63;29.34;29.34;502.8;502.8
29.07.2022 15:00:00;29.07.2022 16:00:00;2101.1;29.14;29.14;510.31;510.31
29.07.2022 16:00:00;29.07.2022 17:00:00;2103.97;28.55;28.55;513.17;513.17
29.07.2022 17:00:00;29.07.2022 18:00:00;2134.19;25.39;25.39;513.47;513.47
29.07.2022 18:00:00;29.07.2022 19:00:00;2168.77;28.75;28.75;512.98;512.98
29.07.2022 19:00:00;29.07.2022 20:00:00;2127.08;27.26;27.26;512.98;512.98
29.07.2022 20:00:00;29.07.2022 21:00:00;2078.38;25.68;25.68;484.33;484.33
29.07.2022 21:00:00;29.07.2022 22:00:00;2051.41;19.95;19.95;435.33;435.33
29.07.2022 22:00:00;29.07.2022 23:00:00;2049.83;18.27;18.27;470.4;470.4
29.07.2022 23:00:00;30.07.2022 00:00:00;1454.87;17.88;17.88;454.5;454.5
30.07.2022 00:00:00;30.07.2022 01:00:00;295.62;31.95;31.95;295.62;295.62
30.07.2022 01:00:00;30.07.2022 02:00:00;238.16;21.07;21.07;238.16;238.16
30.07.2022 02:00:00;30.07.2022 03:00:00;209.28;17.6;17.6;209.28;209.28
30.07.2022 03:00:00;30.07.2022 04:00:00;198.6;16.91;16.91;198.6;198.6
30.07.2022 04:00:00;30.07.2022 05:00:00;192.07;16.52;16.52;192.07;192.07
30.07.2022 05:00:00;30.07.2022 06:00:00;192.17;16.42;16.42;192.17;192.17
30.07.2022 06:00:00;30.07.2022 07:00:00;197.71;16.52;16.52;197.71;197.71
30.07.2022 07:00:00;30.07.2022 08:00:00;267.44;17.11;17.11;245.38;245.38
30.07.2022 08:00:00;30.07.2022 09:00:00;1006.84;17.01;17.01;301.66;301.66
30.07.2022 09:00:00;30.07.2022 10:00:00;1322.94;17.11;17.11;313.72;313.72
30.07.2022 10:00:00;30.07.2022 11:00:00;1366.26;17.41;17.41;309.27;309.27
30.07.2022 11:00:00;30.07.2022 12:00:00;1467.34;17.01;17.01;304.03;304.03
30.07.2022 12:00:00;30.07.2022 13:00:00;1285.26;16.52;16.52;300.27;300.27
30.07.2022 13:00:00;30.07.2022 14:00:00;1108.81;16.32;16.32;300.08;300.08
30.07.2022 14:00:00;30.07.2022 15:00:00;1441.33;16.22;16.22;303.04;303.04
30.07.2022 15:00:00;30.07.2022 16:00:00;1969.18;16.22;16.22;312.34;312.34
30.07.2022 16:00:00;30.07.2022 17:00:00;2020.51;16.22;16.22;317.28;317.28
30.07.2022 17:00:00;30.07.2022 18:00:00;2076.49;16.22;16.22;314.32;314.32
30.07.2022 18:00:00;30.07.2022 19:00:00;2114.37;16.32;16.32;310.16;310.16
30.07.2022 19:00:00;30.07.2022 20:00:00;2110.32;16.42;16.42;304.23;304.23
30.07.2022 20:00:00;30.07.2022 21:00:00;2029.91;16.32;16.32;302.65;302.65
30.07.2022 21:00:00;30.07.2022 22:00:00;1978.08;15.92;15.92;283.76;283.76
30.07.2022 22:00:00;30.07.2022 23:00:00;1977.99;15.73;15.73;285.24;285.24
30.07.2022 23:00:00;31.07.2022 00:00:00;1936.15;15.73;15.73;217.29;217.29
31.07.2022 00:00:00;31.07.2022 01:00:00;1251.24;18.11;18.11;213.57;213.57
31.07.2022 01:00:00;31.07.2022 02:00:00;711.67;17.81;17.81;215.85;215.85
31.07.2022 02:00:00;31.07.2022 03:00:00;582.92;17.81;17.81;209.61;209.61
31.07.2022 03:00:00;31.07.2022 04:00:00;451.09;18.11;18.11;218.32;218.32
31.07.2022 04:00:00;31.07.2022 05:00:00;212.09;18.51;18.51;212.09;212.09
31.07.2022 05:00:00;31.07.2022 06:00:00;549.86;19.5;19.5;208.33;208.33
31.07.2022 06:00:00;31.07.2022 07:00:00;729.19;19.69;19.69;219.21;219.21
31.07.2022 07:00:00;31.07.2022 08:00:00;1546.16;18.8;18.8;232.57;232.57
31.07.2022 08:00:00;31.07.2022 09:00:00;1979.34;19.4;19.4;255.83;255.83
31.07.2022 09:00:00;31.07.2022 10:00:00;1979.34;24.64;24.64;250.19;250.19
31.07.2022 10:00:00;31.07.2022 11:00:00;2141.94;29.29;29.29;257.21;257.21
31.07.2022 11:00:00;31.07.2022 12:00:00;1989.63;29.69;29.69;240.79;240.79
31.07.2022 12:00:00;31.07.2022 13:00:00;1979.24;29.39;29.39;210.9;210.9
31.07.2022 13:00:00;31.07.2022 14:00:00;1979.34;29.2;29.2;193.48;193.48
31.07.2022 14:00:00;31.07.2022 15:00:00;1979.34;21.67;21.67;198.73;198.73
31.07.2022 15:00:00;31.07.2022 16:00:00;1979.34;28.8;28.8;223.37;223.37
31.07.2022 16:00:00;31.07.2022 17:00:00;1979.34;28.8;28.8;262.86;262.86
31.07.2022 17:00:00;31.07.2022 18:00:00;1979.34;20.98;20.98;248.8;248.8
31.07.2022 18:00:00;31.07.2022 19:00:00;2150.65;21.87;21.87;258.11;258.11
31.07.2022 19:00:00;31.07.2022 20:00:00;2157.48;28.9;28.9;238.02;238.02
31.07.2022 20:00:00;31.07.2022 21:00:00;2068.51;31.37;31.37;223.67;223.67
31.07.2022 21:00:00;31.07.2022 22:00:00;2121.26;31.77;31.77;201;201
31.07.2022 22:00:00;31.07.2022 23:00:00;1476.29;33.75;33.75;205.16;205.16
31.07.2022 23:00:00;01.08.2022 00:00:00;162.11;25.43;25.43;162.11;162.11
01.08.2022 00:00:00;01.08.2022 01:00:00;118.66;19.5;19.5;118.66;118.66
01.08.2022 01:00:00;01.08.2022 02:00:00;110.74;19.1;19.1;110.74;110.74
01.08.2022 02:00:00;01.08.2022 03:00:00;112.82;18.8;18.8;112.82;112.82
01.08.2022 03:00:00;01.08.2022 04:00:00;113.61;18.21;18.21;113.61;113.61
01.08.2022 04:00:00;01.08.2022 05:00:00;118.17;18.21;18.21;118.17;118.17
01.08.2022 05:00:00;01.08.2022 06:00:00;1532.4;18.9;18.9;123.61;123.61
01.08.2022 06:00:00;01.08.2022 07:00:00;2014.17;19.1;19.1;151.72;151.72
01.08.2022 07:00:00;01.08.2022 08:00:00;2898.05;29.89;29.89;245.83;245.83
01.08.2022 08:00:00;01.08.2022 09:00:00;3740.85;38.99;38.99;249.1;249.1
01.08.2022 09:00:00;01.08.2022 10:00:00;4312.09;34.64;34.64;231.29;231.29
01.08.2022 10:00:00;01.08.2022 11:00:00;4338.51;21.77;21.77;210.21;210.21
01.08.2022 11:00:00;01.08.2022 12:00:00;4250.53;20.09;20.09;201.6;201.6
01.08.2022 12:00:00;01.08.2022 13:00:00;3948.88;19.3;19.3;184.28;184.28
01.08.2022 13:00:00;01.08.2022 14:00:00;3867.13;18.21;18.21;189.92;189.92
01.08.2022 14:00:00;01.08.2022 15:00:00;3773.51;17.52;17.52;200.11;200.11
01.08.2022 15:00:00;01.08.2022 16:00:00;3943.44;17.42;17.42;210.21;210.21
01.08.2022 16:00:00;01.08.2022 17:00:00;3979.16;17.42;17.42;205.36;205.36
01.08.2022 17:00:00;01.08.2022 18:00:00;4228.36;17.32;17.32;201.79;201.79
01.08.2022 18:00:00;01.08.2022 19:00:00;4287.44;17.42;17.42;181.31;181.31
01.08.2022 19:00:00;01.08.2022 20:00:00;4676.58;17.72;17.72;167.65;167.65
01.08.2022 20:00:00;01.08.2022 21:00:00;2709.12;19.6;19.6;155.08;155.08
01.08.2022 21:00:00;01.08.2022 22:00:00;2703.68;20.88;20.88;136.28;136.28
01.08.2022 22:00:00;01.08.2022 23:00:00;2096.81;19.69;19.69;109.06;109.06
01.08.2022 23:00:00;02.08.2022 00:00:00;1529.53;19.1;19.1;81.45;81.45
02.08.2022 00:00:00;02.08.2022 01:00:00;994.67;20.26;20.26;52.68;52.68
02.08.2022 01:00:00;02.08.2022 02:00:00;1093.31;19.77;19.77;52.68;52.58
02.08.2022 02:00:00;02.08.2022 03:00:00;1112.98;19.47;19.47;48.43;48.43
02.08.2022 03:00:00;02.08.2022 04:00:00;1162.8;19.37;19.37;46.26;46.26
02.08.2022 04:00:00;02.08.2022 05:00:00;708.22;19.37;19.37;44.88;44.88
02.08.2022 05:00:00;02.08.2022 06:00:00;1908.48;19.47;19.47;48.93;48.93
02.08.2022 06:00:00;02.08.2022 07:00:00;1977.37;20.46;20.46;70.77;70.77
02.08.2022 07:00:00;02.08.2022 08:00:00;2852.14;29.55;29.55;118.61;118.61
02.08.2022 08:00:00;02.08.2022 09:00:00;3033.82;20.76;20.76;148.17;148.17
02.08.2022 09:00:00;02.08.2022 10:00:00;3162.41;20.66;20.66;155.78;155.78
02.08.2022 10:00:00;02.08.2022 11:00:00;3074.24;20.36;20.36;169.52;169.52
02.08.2022 11:00:00;02.08.2022 12:00:00;2884.96;19.97;19.97;159.53;159.53
02.08.2022 12:00:00;02.08.2022 13:00:00;2644.77;19.47;19.47;163.29;163.29
02.08.2022 13:00:00;02.08.2022 14:00:00;2379.67;18.78;18.78;159.63;159.63
02.08.2022 14:00:00;02.08.2022 15:00:00;2237.53;17.89;17.89;154.3;154.3
02.08.2022 15:00:00;02.08.2022 16:00:00;1973.81;16.11;16.11;159.04;159.04
02.08.2022 16:00:00;02.08.2022 17:00:00;1976.88;15.42;15.42;158.94;158.94
02.08.2022 17:00:00;02.08.2022 18:00:00;2520.72;14.93;14.93;170.6;170.6
02.08.2022 18:00:00;02.08.2022 19:00:00;2521.01;14.73;14.73;172.58;172.58
02.08.2022 19:00:00;02.08.2022 20:00:00;2250.77;14.73;14.73;175.84;175.84
02.08.2022 20:00:00;02.08.2022 21:00:00;1669.97;14.73;14.73;136.31;136.31
02.08.2022 21:00:00;02.08.2022 22:00:00;1070.78;14.73;14.73;103.29;103.29
02.08.2022 22:00:00;02.08.2022 23:00:00;459.82;14.83;14.83;63.46;63.46
02.08.2022 23:00:00;03.08.2022 00:00:00;23.92;14.83;14.83;23.92;23.92
03.08.2022 00:00:00;03.08.2022 01:00:00;15.18;15.18;15.18;15.18;15.18
03.08.2022 01:00:00;03.08.2022 02:00:00;14.69;14.69;14.69;14.69;14.69
03.08.2022 02:00:00;03.08.2022 03:00:00;14.69;14.69;14.69;14.69;14.69
03.08.2022 03:00:00;03.08.2022 04:00:00;14.88;14.88;14.88;14.88;14.88
03.08.2022 04:00:00;03.08.2022 05:00:00;17.17;15.48;15.48;17.17;17.17
03.08.2022 05:00:00;03.08.2022 06:00:00;26.2;15.28;15.28;26.2;26.2
03.08.2022 06:00:00;03.08.2022 07:00:00;46.83;15.38;15.38;46.83;46.83
03.08.2022 07:00:00;03.08.2022 08:00:00;89.6;15.38;15.38;89.6;89.6
03.08.2022 08:00:00;03.08.2022 09:00:00;858.98;15.68;15.68;116.59;116.59
03.08.2022 09:00:00;03.08.2022 10:00:00;277.33;17.96;17.96;115.4;115.4
03.08.2022 10:00:00;03.08.2022 11:00:00;98.23;19.05;19.05;98.23;98.23
03.08.2022 11:00:00;03.08.2022 12:00:00;289.93;19.05;19.05;76.7;76.7
03.08.2022 12:00:00;03.08.2022 13:00:00;296.98;18.65;18.65;48.52;48.52
03.08.2022 13:00:00;03.08.2022 14:00:00;36.02;18.55;18.55;36.02;36.02
03.08.2022 14:00:00;03.08.2022 15:00:00;29.47;18.55;18.55;29.47;29.47
03.08.2022 15:00:00;03.08.2022 16:00:00;28.28;18.65;18.65;27.29;27.29
03.08.2022 16:00:00;03.08.2022 17:00:00;28.48;19.25;19.25;28.48;28.48
03.08.2022 17:00:00;03.08.2022 18:00:00;29.77;18.85;18.85;29.77;29.77
03.08.2022 18:00:00;03.08.2022 19:00:00;39;18.65;18.65;39;39
03.08.2022 19:00:00;03.08.2022 20:00:00;43.66;18.26;18.26;43.66;43.66
03.08.2022 20:00:00;03.08.2022 21:00:00;39.29;17.96;17.96;39.29;39.29
03.08.2022 21:00:00;03.08.2022 22:00:00;36.22;17.17;17.17;36.22;36.22
03.08.2022 22:00:00;03.08.2022 23:00:00;30.16;16.87;16.87;30.16;30.16
03.08.2022 23:00:00;04.08.2022 00:00:00;18.75;16.67;16.67;18.75;18.75
04.08.2022 00:00:00;04.08.2022 01:00:00;14.94;14.94;14.94;14.94;14.94
04.08.2022 01:00:00;04.08.2022 02:00:00;15.14;15.14;15.14;15.14;15.14
04.08.2022 02:00:00;04.08.2022 03:00:00;16.03;15.43;15.43;16.03;16.03
04.08.2022 03:00:00;04.08.2022 04:00:00;20.78;15.34;15.34;20.78;20.78
04.08.2022 04:00:00;04.08.2022 05:00:00;24.44;15.14;15.14;24.44;24.44
04.08.2022 05:00:00;04.08.2022 06:00:00;41.16;15.24;15.24;41.16;41.16
04.08.2022 06:00:00;04.08.2022 07:00:00;60.35;15.63;15.63;60.35;60.35
04.08.2022 07:00:00;04.08.2022 08:00:00;159.09;15.93;15.93;159.09;159.09
04.08.2022 08:00:00;04.08.2022 09:00:00;158.8;16.82;16.82;158.8;158.8
04.08.2022 09:00:00;04.08.2022 10:00:00;159;16.82;16.82;159;159
04.08.2022 10:00:00;04.08.2022 11:00:00;118.33;16.82;16.82;118.33;118.33
04.08.2022 11:00:00;04.08.2022 12:00:00;90.33;16.72;16.72;90.33;90.33
04.08.2022 12:00:00;04.08.2022 13:00:00;83.7;17.12;17.12;83.7;83.7
04.08.2022 13:00:00;04.08.2022 14:00:00;80.93;16.92;16.92;80.93;80.93
04.08.2022 14:00:00;04.08.2022 15:00:00;72.13;17.61;17.61;72.13;72.13
04.08.2022 15:00:00;04.08.2022 16:00:00;75.1;17.71;17.71;75.1;75.1
04.08.2022 16:00:00;04.08.2022 17:00:00;95.38;18.01;18.01;95.38;95.38
04.08.2022 17:00:00;04.08.2022 18:00:00;93.4;17.81;17.81;93.4;93.4
04.08.2022 18:00:00;04.08.2022 19:00:00;117.05;17.22;17.22;117.05;117.05
04.08.2022 19:00:00;04.08.2022 20:00:00;102.8;16.52;16.52;102.8;102.8
04.08.2022 20:00:00;04.08.2022 21:00:00;67.58;15.93;15.93;67.58;67.58
04.08.2022 21:00:00;04.08.2022 22:00:00;56.89;15.73;15.73;56.89;56.89
04.08.2022 22:00:00;04.08.2022 23:00:00;45.02;15.53;15.53;45.02;45.02
04.08.2022 23:00:00;05.08.2022 00:00:00;24.73;15.53;15.53;24.73;24.73
05.08.2022 00:00:00;05.08.2022 01:00:00;16.21;14.73;14.73;16.21;16.21
05.08.2022 01:00:00;05.08.2022 02:00:00;14.53;14.53;14.53;14.53;14.53
05.08.2022 02:00:00;05.08.2022 03:00:00;15.52;14.53;14.53;15.52;15.52
05.08.2022 03:00:00;05.08.2022 04:00:00;19.58;14.44;14.44;19.58;19.58
05.08.2022 04:00:00;05.08.2022 05:00:00;22.74;14.44;14.44;22.74;22.74
05.08.2022 05:00:00;05.08.2022 06:00:00;30.55;14.44;14.44;30.55;30.55
05.08.2022 06:00:00;05.08.2022 07:00:00;49.14;14.44;14.44;49.14;49.14
05.08.2022 07:00:00;05.08.2022 08:00:00;113.9;14.53;14.53;113.9;113.9
05.08.2022 08:00:00;05.08.2022 09:00:00;176.29;14.63;14.63;176.29;176.29
05.08.2022 09:00:00;05.08.2022 10:00:00;346.94;14.53;14.53;211.49;211.49
05.08.2022 10:00:00;05.08.2022 11:00:00;494.65;14.44;14.44;266.16;266.16
05.08.2022 11:00:00;05.08.2022 12:00:00;346.74;14.34;14.34;290.88;290.88
05.08.2022 12:00:00;05.08.2022 13:00:00;241.94;14.24;14.24;241.94;241.94
05.08.2022 13:00:00;05.08.2022 14:00:00;251.53;14.24;14.24;251.53;251.53
05.08.2022 14:00:00;05.08.2022 15:00:00;389.45;14.24;14.24;389.45;389.45
05.08.2022 15:00:00;05.08.2022 16:00:00;477.45;14.34;14.34;247.57;247.57
05.08.2022 16:00:00;05.08.2022 17:00:00;723.64;14.24;14.24;276.84;276.84
05.08.2022 17:00:00;05.08.2022 18:00:00;1150.86;14.24;14.24;346.74;346.74
05.08.2022 18:00:00;05.08.2022 19:00:00;1372.43;14.24;14.24;260.03;260.03
05.08.2022 19:00:00;05.08.2022 20:00:00;1547.33;14.34;14.34;208.02;208.02
05.08.2022 20:00:00;05.08.2022 21:00:00;1582.33;14.34;14.34;152.06;152.06
05.08.2022 21:00:00;05.08.2022 22:00:00;1528.65;14.24;14.24;106.98;106.98
05.08.2022 22:00:00;05.08.2022 23:00:00;969.83;14.24;14.24;80.09;80.09
05.08.2022 23:00:00;06.08.2022 00:00:00;105.1;14.24;14.24;49.24;49.24
06.08.2022 00:00:00;06.08.2022 01:00:00;258.46;14.48;14.48;118.05;118.05
06.08.2022 01:00:00;06.08.2022 02:00:00;60.32;14.48;14.48;60.32;60.32
06.08.2022 02:00:00;06.08.2022 03:00:00;48.94;14.48;14.48;48.94;48.94
06.08.2022 03:00:00;06.08.2022 04:00:00;45.64;14.38;14.38;45.64;45.64
06.08.2022 04:00:00;06.08.2022 05:00:00;39.75;14.38;14.38;39.75;39.75
06.08.2022 05:00:00;06.08.2022 06:00:00;34.65;14.38;14.38;34.65;34.65
06.08.2022 06:00:00;06.08.2022 07:00:00;30.46;14.58;14.58;30.46;30.46
06.08.2022 07:00:00;06.08.2022 08:00:00;31.76;14.68;14.68;31.76;31.76
06.08.2022 08:00:00;06.08.2022 09:00:00;39.75;14.78;14.78;39.75;39.75
06.08.2022 09:00:00;06.08.2022 10:00:00;42.54;14.88;14.88;41.25;42.54
06.08.2022 10:00:00;06.08.2022 11:00:00;199.04;14.78;14.78;32.86;32.86
06.08.2022 11:00:00;06.08.2022 12:00:00;240.49;14.78;14.78;30.66;30.66
06.08.2022 12:00:00;06.08.2022 13:00:00;127.73;14.68;14.68;28.96;28.96
06.08.2022 13:00:00;06.08.2022 14:00:00;130.03;14.68;14.68;29.46;29.46
06.08.2022 14:00:00;06.08.2022 15:00:00;49.84;14.58;14.58;30.86;30.86
06.08.2022 15:00:00;06.08.2022 16:00:00;460.2;14.58;14.58;33.06;33.06
06.08.2022 16:00:00;06.08.2022 17:00:00;685.41;14.58;14.58;35.65;35.65
06.08.2022 17:00:00;06.08.2022 18:00:00;232.5;14.58;14.58;41.75;41.75
06.08.2022 18:00:00;06.08.2022 19:00:00;211.03;14.58;14.58;39.55;117.85
06.08.2022 19:00:00;06.08.2022 20:00:00;130.13;14.58;14.58;36.95;130.13
06.08.2022 20:00:00;06.08.2022 21:00:00;100.67;14.58;14.58;33.96;100.67
06.08.2022 21:00:00;06.08.2022 22:00:00;113.25;14.58;14.58;30.66;113.25
06.08.2022 22:00:00;06.08.2022 23:00:00;49.54;14.48;14.48;26.87;49.54
06.08.2022 23:00:00;07.08.2022 00:00:00;14.48;14.48;14.48;14.48;14.48
07.08.2022 00:00:00;07.08.2022 01:00:00;10.04;10.04;10.04;10.04;10.04
07.08.2022 01:00:00;07.08.2022 02:00:00;8.55;8.55;8.55;8.55;8.55
07.08.2022 02:00:00;07.08.2022 03:00:00;7.06;7.06;7.06;7.06;7.06
07.08.2022 03:00:00;07.08.2022 04:00:00;6.96;6.96;6.96;6.96;6.96
07.08.2022 04:00:00;07.08.2022 05:00:00;8.05;8.05;8.05;8.05;8.05
07.08.2022 05:00:00;07.08.2022 06:00:00;9.74;9.74;9.74;9.74;9.74
07.08.2022 06:00:00;07.08.2022 07:00:00;12.03;12.03;12.03;12.03;12.03
07.08.2022 07:00:00;07.08.2022 08:00:00;14.32;14.32;14.32;14.32;14.32
07.08.2022 08:00:00;07.08.2022 09:00:00;26.45;14.82;14.82;22.27;26.45
07.08.2022 09:00:00;07.08.2022 10:00:00;98.24;14.92;14.92;24.16;98.24
07.08.2022 10:00:00;07.08.2022 11:00:00;158.2;16.01;16.01;25.85;158.2
07.08.2022 11:00:00;07.08.2022 12:00:00;186.34;16.31;16.31;26.95;186.34
07.08.2022 12:00:00;07.08.2022 13:00:00;156.81;16.51;16.51;27.44;156.81
07.08.2022 13:00:00;07.08.2022 14:00:00;156.91;16.61;16.61;28.24;156.91
07.08.2022 14:00:00;07.08.2022 15:00:00;166.36;16.8;16.8;28.84;166.36
07.08.2022 15:00:00;07.08.2022 16:00:00;192.41;17.1;17.1;29.53;192.41
07.08.2022 16:00:00;07.08.2022 17:00:00;297.41;17.7;17.7;30.53;297.41
07.08.2022 17:00:00;07.08.2022 18:00:00;663.73;18.4;18.4;32.91;663.73
07.08.2022 18:00:00;07.08.2022 19:00:00;1591.36;17.3;17.3;34.11;866.98
07.08.2022 19:00:00;07.08.2022 20:00:00;1439.82;17.8;17.8;35.6;1439.82
07.08.2022 20:00:00;07.08.2022 21:00:00;989.48;18;18;36.09;989.48
07.08.2022 21:00:00;07.08.2022 22:00:00;1828.02;17.4;17.4;36.49;1005.29
07.08.2022 22:00:00;07.08.2022 23:00:00;1305.78;16.9;16.9;36.39;738.01
07.08.2022 23:00:00;08.08.2022 00:00:00;447.26;16.8;16.8;36.09;447.26
08.08.2022 00:00:00;08.08.2022 01:00:00;994.55;16.01;16.01;32.81;297.21
08.08.2022 01:00:00;08.08.2022 02:00:00;795.58;15.41;15.41;32.52;398.64
08.08.2022 02:00:00;08.08.2022 03:00:00;795.88;14.92;14.92;33.11;457.1
08.08.2022 03:00:00;08.08.2022 04:00:00;1180.3;14.82;14.82;33.81;546.4
08.08.2022 04:00:00;08.08.2022 05:00:00;1526.63;14.92;14.92;34.8;628.13
08.08.2022 05:00:00;08.08.2022 06:00:00;3086.27;14.92;14.92;37.88;1451.95
08.08.2022 06:00:00;08.08.2022 07:00:00;4602.76;16.11;16.11;42.96;2662.68
08.08.2022 07:00:00;08.08.2022 08:00:00;7938.11;16.61;16.61;46.83;2907.78
08.08.2022 08:00:00;08.08.2022 09:00:00;8562.76;30.63;14.92;49.02;3330.58
08.08.2022 09:00:00;08.08.2022 10:00:00;5708.48;37.98;15.21;52.7;3682.09
08.08.2022 10:00:00;08.08.2022 11:00:00;4414.53;37.79;15.51;53.79;3294.19
08.08.2022 11:00:00;08.08.2022 12:00:00;7457.94;33.91;15.51;54.29;3053.36
08.08.2022 12:00:00;08.08.2022 13:00:00;7877.16;27.05;14.92;55.48;2910.07
08.08.2022 13:00:00;08.08.2022 14:00:00;7934.73;25.95;14.92;55.58;2923.49
08.08.2022 14:00:00;08.08.2022 15:00:00;4454;25.46;14.92;53.89;2930.16
08.08.2022 15:00:00;08.08.2022 16:00:00;4762.55;26.65;14.92;53.1;2986.93
08.08.2022 16:00:00;08.08.2022 17:00:00;4642.93;24.56;14.82;54.09;3201.22
08.08.2022 17:00:00;08.08.2022 18:00:00;4769.31;24.66;14.82;53.6;3799.92
08.08.2022 18:00:00;08.08.2022 19:00:00;8562.46;23.37;14.92;50.12;3281.36
08.08.2022 19:00:00;08.08.2022 20:00:00;7934.83;20.88;14.92;49.02;3280.96
08.08.2022 20:00:00;08.08.2022 21:00:00;4924.23;20.19;14.92;47.13;3528.96
08.08.2022 21:00:00;08.08.2022 22:00:00;4524.3;18.1;14.82;45.04;2981.37
08.08.2022 22:00:00;08.08.2022 23:00:00;4267.26;16.9;14.72;42.86;2710.6
08.08.2022 23:00:00;09.08.2022 00:00:00;3099.49;16.71;14.62;41.27;2442.23
09.08.2022 00:00:00;09.08.2022 01:00:00;3294.18;16.03;16.03;36.15;2638.65
09.08.2022 01:00:00;09.08.2022 02:00:00;2595.63;15.74;15.74;33.86;2595.63
09.08.2022 02:00:00;09.08.2022 03:00:00;2584.77;15.44;15.44;32.37;2584.77
09.08.2022 03:00:00;09.08.2022 04:00:00;2489.26;14.94;14.94;31.57;2479.6
09.08.2022 04:00:00;09.08.2022 05:00:00;2489.36;14.84;14.84;31.17;1699.68
09.08.2022 05:00:00;09.08.2022 06:00:00;3187.12;14.84;14.84;31.47;2265.77
09.08.2022 06:00:00;09.08.2022 07:00:00;3813.66;15.44;15.44;33.76;287.43
09.08.2022 07:00:00;09.08.2022 08:00:00;4132.96;16.33;16.33;36.05;376.67
09.08.2022 08:00:00;09.08.2022 09:00:00;4244.91;16.93;16.93;39.04;1061.38
09.08.2022 09:00:00;09.08.2022 10:00:00;3824.32;17.13;17.13;41.43;821.85
09.08.2022 10:00:00;09.08.2022 11:00:00;3285.91;17.33;17.33;40.83;1024.43
09.08.2022 11:00:00;09.08.2022 12:00:00;3261.91;17.23;17.23;39.94;588.8
09.08.2022 12:00:00;09.08.2022 13:00:00;3164.71;17.13;17.13;39.44;499.27
09.08.2022 13:00:00;09.08.2022 14:00:00;2987.83;17.03;17.03;39.04;457.24
09.08.2022 14:00:00;09.08.2022 15:00:00;3239.8;16.93;16.93;38.44;526.36
09.08.2022 15:00:00;09.08.2022 16:00:00;2932.65;16.73;16.73;38.44;647.16
09.08.2022 16:00:00;09.08.2022 17:00:00;2718.33;16.73;16.73;38.64;1604.96
09.08.2022 17:00:00;09.08.2022 18:00:00;3336.71;16.83;16.83;39.44;1344.32
09.08.2022 18:00:00;09.08.2022 19:00:00;3478.13;16.93;16.93;39.74;968.06
09.08.2022 19:00:00;09.08.2022 20:00:00;3285.62;16.93;16.93;39.94;1343.93
09.08.2022 20:00:00;09.08.2022 21:00:00;2617.04;16.83;16.83;38.54;747.65
09.08.2022 21:00:00;09.08.2022 22:00:00;2200.54;16.43;16.43;36.55;647.06
09.08.2022 22:00:00;09.08.2022 23:00:00;1992.48;15.64;15.64;34.26;1992.48
09.08.2022 23:00:00;10.08.2022 00:00:00;220.1;14.84;14.84;33.16;220.1
10.08.2022 00:00:00;10.08.2022 01:00:00;149.19;12.62;12.62;38.17;149.19
10.08.2022 01:00:00;10.08.2022 02:00:00;35.58;12.23;12.23;35.58;69.08
10.08.2022 02:00:00;10.08.2022 03:00:00;35.09;11.43;11.43;35.09;61.33
10.08.2022 03:00:00;10.08.2022 04:00:00;35.28;10.54;10.54;35.28;48.4
10.08.2022 04:00:00;10.08.2022 05:00:00;36.48;10.14;10.14;36.48;37.27
10.08.2022 05:00:00;10.08.2022 06:00:00;52.08;10.04;10.04;40.65;52.08
10.08.2022 06:00:00;10.08.2022 07:00:00;147;10.24;10.24;41.94;147
10.08.2022 07:00:00;10.08.2022 08:00:00;365.57;11.23;11.23;43.34;365.57
10.08.2022 08:00:00;10.08.2022 09:00:00;2545.76;12.03;12.03;44.13;575.69
10.08.2022 09:00:00;10.08.2022 10:00:00;2687.69;12.03;12.03;42.44;290.03
10.08.2022 10:00:00;10.08.2022 11:00:00;2842.74;12.23;12.23;39.86;295.3
10.08.2022 11:00:00;10.08.2022 12:00:00;2831.71;12.23;12.23;36.48;262.99
10.08.2022 12:00:00;10.08.2022 13:00:00;2725.66;12.23;12.23;33.79;253.75
10.08.2022 13:00:00;10.08.2022 14:00:00;2454.32;12.42;12.42;30.51;250.97
10.08.2022 14:00:00;10.08.2022 15:00:00;2412.07;12.52;12.52;29.22;255.44
10.08.2022 15:00:00;10.08.2022 16:00:00;2384.94;12.72;12.72;27.83;257.93
10.08.2022 16:00:00;10.08.2022 17:00:00;2384.94;13.12;13.12;26.44;267.37
10.08.2022 17:00:00;10.08.2022 18:00:00;2384.54;13.02;13.02;25.15;269.06
10.08.2022 18:00:00;10.08.2022 19:00:00;2417.34;13.32;11.73;24.05;264.39
10.08.2022 19:00:00;10.08.2022 20:00:00;2186.95;12.72;11.63;23.56;252.26
10.08.2022 20:00:00;10.08.2022 21:00:00;201.67;12.23;12.23;22.66;201.67
10.08.2022 21:00:00;10.08.2022 22:00:00;182.49;11.43;11.43;21.87;182.49
10.08.2022 22:00:00;10.08.2022 23:00:00;23.95;10.64;10.64;21.07;23.95
10.08.2022 23:00:00;11.08.2022 00:00:00;5.07;5.07;5.07;5.07;5.07
11.08.2022 00:00:00;11.08.2022 01:00:00;1.49;1.49;1.49;1.49;1.49
11.08.2022 01:00:00;11.08.2022 02:00:00;0.89;0.89;0.89;0.89;0.89
11.08.2022 02:00:00;11.08.2022 03:00:00;0.5;0.5;0.5;0.5;0.5
11.08.2022 03:00:00;11.08.2022 04:00:00;0.5;0.5;0.5;0.5;0.5
11.08.2022 04:00:00;11.08.2022 05:00:00;0.89;0.89;0.89;0.89;0.89
11.08.2022 05:00:00;11.08.2022 06:00:00;5.55;5.55;5.55;5.55;5.55
11.08.2022 06:00:00;11.08.2022 07:00:00;14.67;8.82;7.43;14.67;14.67
11.08.2022 07:00:00;11.08.2022 08:00:00;183.87;12.09;6.94;18.24;183.87
11.08.2022 08:00:00;11.08.2022 09:00:00;1980.45;13.98;7.04;19.92;188.63
11.08.2022 09:00:00;11.08.2022 10:00:00;1981.84;14.08;7.24;20.02;194.08
11.08.2022 10:00:00;11.08.2022 11:00:00;1980.45;14.08;7.43;19.82;191.6
11.08.2022 11:00:00;11.08.2022 12:00:00;1929.8;13.98;7.53;19.82;182.19
11.08.2022 12:00:00;11.08.2022 13:00:00;1921.47;14.08;7.43;20.22;248.1
11.08.2022 13:00:00;11.08.2022 14:00:00;1783.2;14.17;7.34;20.42;239.68
11.08.2022 14:00:00;11.08.2022 15:00:00;1512.7;14.27;7.43;20.72;207.86
11.08.2022 15:00:00;11.08.2022 16:00:00;1100.65;14.57;7.43;21.61;229.47
11.08.2022 16:00:00;11.08.2022 17:00:00;991.22;14.67;7.43;22.5;225.5
11.08.2022 17:00:00;11.08.2022 18:00:00;1783.6;14.87;7.43;22.9;241.36
11.08.2022 18:00:00;11.08.2022 19:00:00;2177.31;17.45;7.43;23.49;216.88
11.08.2022 19:00:00;11.08.2022 20:00:00;2218.05;22.2;7.53;24.58;256.03
11.08.2022 20:00:00;11.08.2022 21:00:00;1783.6;22.5;7.63;25.08;297.07
11.08.2022 21:00:00;11.08.2022 22:00:00;959;21.41;7.63;25.57;363.78
11.08.2022 22:00:00;11.08.2022 23:00:00;299.94;17.35;7.63;25.08;299.94
11.08.2022 23:00:00;12.08.2022 00:00:00;190.61;16.06;7.53;24.48;190.61
12.08.2022 00:00:00;12.08.2022 01:00:00;246.38;21.11;7.27;25.63;246.38
12.08.2022 01:00:00;12.08.2022 02:00:00;245.6;21.31;7.17;25.73;245.6
12.08.2022 02:00:00;12.08.2022 03:00:00;245.69;22.78;7.27;26.12;245.69
12.08.2022 03:00:00;12.08.2022 04:00:00;255.42;23.47;7.36;26.22;255.42
12.08.2022 04:00:00;12.08.2022 05:00:00;268.38;25.04;7.36;26.12;268.38
12.08.2022 05:00:00;12.08.2022 06:00:00;290.28;26.61;7.56;26.22;290.28
12.08.2022 06:00:00;12.08.2022 07:00:00;2436.82;46.74;7.76;27.5;387.99
12.08.2022 07:00:00;12.08.2022 08:00:00;3084.05;50.77;8.94;28.97;416.07
12.08.2022 08:00:00;12.08.2022 09:00:00;3390.24;397.31;9.53;29.26;397.31
12.08.2022 09:00:00;12.08.2022 10:00:00;3477.83;280.16;9.72;29.07;280.16
12.08.2022 10:00:00;12.08.2022 11:00:00;3448.37;277.32;9.72;29.17;277.32
12.08.2022 11:00:00;12.08.2022 12:00:00;3982.97;275.15;9.72;29.17;275.15
12.08.2022 12:00:00;12.08.2022 13:00:00;3696.13;274.57;9.62;29.46;274.57
12.08.2022 13:00:00;12.08.2022 14:00:00;3225.36;273.78;9.62;29.36;273.78
12.08.2022 14:00:00;12.08.2022 15:00:00;3171.35;277.02;9.72;29.66;277.02
12.08.2022 15:00:00;12.08.2022 16:00:00;3057.44;275.74;9.82;30.83;275.74
12.08.2022 16:00:00;12.08.2022 17:00:00;3042.81;276.63;9.92;33.29;276.63
12.08.2022 17:00:00;12.08.2022 18:00:00;3693.77;279.87;10.02;36.14;279.87
12.08.2022 18:00:00;12.08.2022 19:00:00;4184.37;388.58;10.21;39.57;388.58
12.08.2022 19:00:00;12.08.2022 20:00:00;3436.29;399.57;10.21;42.13;399.57
12.08.2022 20:00:00;12.08.2022 21:00:00;2946.47;406.74;10.21;43.01;406.74
12.08.2022 21:00:00;12.08.2022 22:00:00;2800.06;98.89;10.41;42.81;384.16
12.08.2022 22:00:00;12.08.2022 23:00:00;2553.09;62.75;10.51;41.83;304.81
12.08.2022 23:00:00;13.08.2022 00:00:00;2381.63;57.35;10.51;42.03;305.01
13.08.2022 00:00:00;13.08.2022 01:00:00;867.1;91.79;9.73;87.27;867.1
13.08.2022 01:00:00;13.08.2022 02:00:00;1473.37;68.2;9.63;88.55;551.43
13.08.2022 02:00:00;13.08.2022 03:00:00;1906.18;62.7;9.43;89.83;388
13.08.2022 03:00:00;13.08.2022 04:00:00;2718.45;48.94;9.14;91.4;381.51
13.08.2022 04:00:00;13.08.2022 05:00:00;2502.04;49.04;8.75;92.28;380.92
13.08.2022 05:00:00;13.08.2022 06:00:00;2617.61;48.84;8.35;92.68;379.35
13.08.2022 06:00:00;13.08.2022 07:00:00;3125.8;48.75;8.26;93.27;452.76
13.08.2022 07:00:00;13.08.2022 08:00:00;3384.57;57.3;8.45;93.17;388.49
13.08.2022 08:00:00;13.08.2022 09:00:00;3197.06;45.21;8.75;93.07;598.9
13.08.2022 09:00:00;13.08.2022 10:00:00;3680.48;51.01;9.04;91.89;737.28
13.08.2022 10:00:00;13.08.2022 11:00:00;3227.42;53.27;9.04;90.32;736.29
13.08.2022 11:00:00;13.08.2022 12:00:00;3049.64;51.01;8.65;88.84;2633.73
13.08.2022 12:00:00;13.08.2022 13:00:00;3020.06;48.45;8.45;88.45;2371.33
13.08.2022 13:00:00;13.08.2022 14:00:00;2833.72;48.35;8.35;87.66;1842.7
13.08.2022 14:00:00;13.08.2022 15:00:00;2967.48;50.02;8.35;87.47;2048.98
13.08.2022 15:00:00;13.08.2022 16:00:00;2767.39;62.31;8.45;87.47;2079.84
13.08.2022 16:00:00;13.08.2022 17:00:00;3136.32;125.79;8.55;87.37;2456.54
13.08.2022 17:00:00;13.08.2022 18:00:00;3919.59;1482.9;8.75;88.25;2772.4
13.08.2022 18:00:00;13.08.2022 19:00:00;4581.68;2456.14;9.04;89.14;2937.11
13.08.2022 19:00:00;13.08.2022 20:00:00;3780.33;2456.54;9.24;89.24;2947.04
13.08.2022 20:00:00;13.08.2022 21:00:00;2898.39;2456.44;9.34;87.47;2456.44
13.08.2022 21:00:00;13.08.2022 22:00:00;2958.34;1130.58;9.34;84.91;1130.58
13.08.2022 22:00:00;13.08.2022 23:00:00;2590.39;316.85;9.34;82.95;2590.39
13.08.2022 23:00:00;14.08.2022 00:00:00;1526.15;108.79;9.24;82.85;1526.15
14.08.2022 00:00:00;14.08.2022 01:00:00;2651.46;118.04;7.87;80.95;2651.46
14.08.2022 01:00:00;14.08.2022 02:00:00;2615.07;67.28;7.97;81.54;2615.07
14.08.2022 02:00:00;14.08.2022 03:00:00;2599.63;60.98;7.87;81.74;2599.63
14.08.2022 03:00:00;14.08.2022 04:00:00;2421.1;46.43;7.77;82.23;2421.1
14.08.2022 04:00:00;14.08.2022 05:00:00;2269.13;43.38;7.77;82.92;2269.13
14.08.2022 05:00:00;14.08.2022 06:00:00;2371.92;40.43;7.97;84.3;2371.92
14.08.2022 06:00:00;14.08.2022 07:00:00;1475.34;42.39;8.36;86.07;1475.34
14.08.2022 07:00:00;14.08.2022 08:00:00;2457.89;48;8.66;89.12;1660.36
14.08.2022 08:00:00;14.08.2022 09:00:00;3039.11;103.87;8.75;123.35;1161.66
14.08.2022 09:00:00;14.08.2022 10:00:00;3234.26;124.33;8.95;171.45;987.46
14.08.2022 10:00:00;14.08.2022 11:00:00;3039.41;142.33;9.05;184.63;988.25
14.08.2022 11:00:00;14.08.2022 12:00:00;3035.57;200.95;9.05;186.3;982.74
14.08.2022 12:00:00;14.08.2022 13:00:00;3056.03;216.2;9.15;217.87;782.57
14.08.2022 13:00:00;14.08.2022 14:00:00;3060.36;198.99;9.15;196.04;689.33
14.08.2022 14:00:00;14.08.2022 15:00:00;3005.57;200.17;9.34;195.74;728.08
14.08.2022 15:00:00;14.08.2022 16:00:00;3245.87;200.46;9.25;187.97;699.06
14.08.2022 16:00:00;14.08.2022 17:00:00;3245.58;274.53;9.25;194.86;672.11
14.08.2022 17:00:00;14.08.2022 18:00:00;4425.93;275.02;9.44;614.28;683.03
14.08.2022 18:00:00;14.08.2022 19:00:00;4521.63;281.42;9.64;517.68;704.38
14.08.2022 19:00:00;14.08.2022 20:00:00;4518.49;312.6;9.74;499.78;610.24
14.08.2022 20:00:00;14.08.2022 21:00:00;4520.16;586.24;9.84;318.89;589.88
14.08.2022 21:00:00;14.08.2022 22:00:00;4550.26;559.88;9.74;88.82;559.88
14.08.2022 22:00:00;14.08.2022 23:00:00;4479.63;281.61;9.74;86.76;525.26
14.08.2022 23:00:00;15.08.2022 00:00:00;3922.61;149.51;9.54;85.48;449.91
15.08.2022 00:00:00;15.08.2022 01:00:00;1949.65;94.82;9.25;90.1;663.16
15.08.2022 01:00:00;15.08.2022 02:00:00;1580.39;50.76;9.05;92.66;589.49
15.08.2022 02:00:00;15.08.2022 03:00:00;916.45;48.49;8.95;96.2;580.34
15.08.2022 03:00:00;15.08.2022 04:00:00;1133.24;48.79;8.95;101.02;589.39
15.08.2022 04:00:00;15.08.2022 05:00:00;1859.06;48.59;9.05;145.08;695.72
15.08.2022 05:00:00;15.08.2022 06:00:00;3375.22;48.39;9.34;223.38;594.5
15.08.2022 06:00:00;15.08.2022 07:00:00;3331.45;49.18;9.44;480.4;715.69
15.08.2022 07:00:00;15.08.2022 08:00:00;4216.91;444.99;14.36;845.13;1389.86
15.08.2022 08:00:00;15.08.2022 09:00:00;4593.44;1459.6;15.05;1459.6;1459.6
15.08.2022 09:00:00;15.08.2022 10:00:00;5115.06;2458.77;14.85;2421.69;2458.77
15.08.2022 10:00:00;15.08.2022 11:00:00;5115.35;2458.28;14.56;2458.28;2458.28
15.08.2022 11:00:00;15.08.2022 12:00:00;5115.65;1392.13;14.16;1392.13;1392.13
15.08.2022 12:00:00;15.08.2022 13:00:00;5114.96;983.73;9.64;983.73;983.73
15.08.2022 13:00:00;15.08.2022 14:00:00;4511.9;759.85;8.85;759.85;759.85
15.08.2022 14:00:00;15.08.2022 15:00:00;5114.96;753.66;7.87;753.66;753.66
15.08.2022 15:00:00;15.08.2022 16:00:00;5114.96;638.96;9.15;638.96;638.96
15.08.2022 16:00:00;15.08.2022 17:00:00;5114.96;612.6;9.34;612.6;612.6
15.08.2022 17:00:00;15.08.2022 18:00:00;5115.25;669.26;9.05;503.81;669.26
15.08.2022 18:00:00;15.08.2022 19:00:00;5115.16;1382.39;8.36;351.55;1382.39
15.08.2022 19:00:00;15.08.2022 20:00:00;4492.81;784.74;8.56;96.1;784.74
15.08.2022 20:00:00;15.08.2022 21:00:00;3245.18;654.01;9.44;86.26;654.01
15.08.2022 21:00:00;15.08.2022 22:00:00;3194.43;638.77;9.05;75.44;638.77
15.08.2022 22:00:00;15.08.2022 23:00:00;1967.25;461.81;8.56;57.74;461.81
15.08.2022 23:00:00;16.08.2022 00:00:00;268.33;106.13;7.87;38.95;268.33
16.08.2022 00:00:00;16.08.2022 01:00:00;228.54;74.67;9.58;68.54;228.54
16.08.2022 01:00:00;16.08.2022 02:00:00;293.73;48.89;9.19;73.68;293.73
16.08.2022 02:00:00;16.08.2022 03:00:00;288.69;28.15;8.89;87.11;288.69
16.08.2022 03:00:00;16.08.2022 04:00:00;283.75;21.63;7.9;118.62;283.75
16.08.2022 04:00:00;16.08.2022 05:00:00;291.95;21.93;8;129.28;291.95
16.08.2022 05:00:00;16.08.2022 06:00:00;1433.08;24.2;8.2;154.47;503.11
16.08.2022 06:00:00;16.08.2022 07:00:00;2419.74;58.37;9.58;197.53;568.99
16.08.2022 07:00:00;16.08.2022 08:00:00;3232.87;195.55;10.96;438.52;752.19
16.08.2022 08:00:00;16.08.2022 09:00:00;5431.78;1468.44;10.86;868.05;1468.44
16.08.2022 09:00:00;16.08.2022 10:00:00;5915.83;2468.73;10.47;941.72;2468.73
16.08.2022 10:00:00;16.08.2022 11:00:00;5925.8;2705.57;9.78;715.35;2705.57
16.08.2022 11:00:00;16.08.2022 12:00:00;5915.33;2707.54;8;551.5;2707.54
16.08.2022 12:00:00;16.08.2022 13:00:00;6120.86;2357.22;8.49;210.96;2357.22
16.08.2022 13:00:00;16.08.2022 14:00:00;5431.48;1396.44;10.37;171.36;1396.44
16.08.2022 14:00:00;16.08.2022 15:00:00;5012.42;773.92;11.06;141.73;773.92
16.08.2022 15:00:00;16.08.2022 16:00:00;3938.45;706.86;11.06;140.25;706.86
16.08.2022 16:00:00;16.08.2022 17:00:00;4112.57;659.55;11.16;154.17;659.55
16.08.2022 17:00:00;16.08.2022 18:00:00;3753.66;641.87;11.16;159.51;641.87
16.08.2022 18:00:00;16.08.2022 19:00:00;3735.29;590.52;11.16;144.59;590.52
16.08.2022 19:00:00;16.08.2022 20:00:00;2962.85;592.99;11.75;81.58;592.99
16.08.2022 20:00:00;16.08.2022 21:00:00;2271.5;496.69;11.65;67.06;575.21
16.08.2022 21:00:00;16.08.2022 22:00:00;2071.89;275.85;11.46;51.36;572.64
16.08.2022 22:00:00;16.08.2022 23:00:00;562.96;171.06;11.36;23.51;509.23
16.08.2022 23:00:00;17.08.2022 00:00:00;135.8;91.36;11.06;11.06;135.8
17.08.2022 00:00:00;17.08.2022 01:00:00;18.91;18.91;8.86;9.46;18.91
17.08.2022 01:00:00;17.08.2022 02:00:00;12.11;12.11;8.27;8.77;12.11
17.08.2022 02:00:00;17.08.2022 03:00:00;8.08;8.08;8.08;8.08;8.08
17.08.2022 03:00:00;17.08.2022 04:00:00;19.11;7.29;7.29;7.88;19.11
17.08.2022 04:00:00;17.08.2022 05:00:00;44.91;6.8;6.8;8.27;44.91
17.08.2022 05:00:00;17.08.2022 06:00:00;312.31;7.19;7.19;8.77;312.31
17.08.2022 06:00:00;17.08.2022 07:00:00;492.94;12.61;7.88;9.65;492.94
17.08.2022 07:00:00;17.08.2022 08:00:00;2265.17;21.27;9.16;10.74;678.4
17.08.2022 08:00:00;17.08.2022 09:00:00;3200.04;58.5;10.05;62.94;813.33
17.08.2022 09:00:00;17.08.2022 10:00:00;3200.72;246.22;10.44;54.46;922.06
17.08.2022 10:00:00;17.08.2022 11:00:00;3460.44;283.06;10.74;34.37;705.29
17.08.2022 11:00:00;17.08.2022 12:00:00;3545.44;335.46;11.52;18.71;732.27
17.08.2022 12:00:00;17.08.2022 13:00:00;3200.72;394.16;12.41;12.41;672.49
17.08.2022 13:00:00;17.08.2022 14:00:00;3102.04;660.97;13.59;13.59;660.97
17.08.2022 14:00:00;17.08.2022 15:00:00;3011.03;637.62;14.28;20.29;637.62
17.08.2022 15:00:00;17.08.2022 16:00:00;3124.79;536.38;12.9;33.39;577.15
17.08.2022 16:00:00;17.08.2022 17:00:00;3003.45;533.82;13.69;62.74;533.82
17.08.2022 17:00:00;17.08.2022 18:00:00;3003.45;496.49;13.89;74.46;496.49
17.08.2022 18:00:00;17.08.2022 19:00:00;2950.56;493.24;14.08;86.28;493.24
17.08.2022 19:00:00;17.08.2022 20:00:00;2848.03;448.82;14.38;107.94;448.82
17.08.2022 20:00:00;17.08.2022 21:00:00;2265.27;523.97;14.48;124.98;523.97
17.08.2022 21:00:00;17.08.2022 22:00:00;2361.59;567.7;14.58;149.21;567.7
17.08.2022 22:00:00;17.08.2022 23:00:00;1476.46;555.88;14.48;136.11;555.88
17.08.2022 23:00:00;18.08.2022 00:00:00;372.88;372.88;14.18;95.24;372.88
18.08.2022 00:00:00;18.08.2022 01:00:00;493.84;295.28;12.34;12.34;493.84
18.08.2022 01:00:00;18.08.2022 02:00:00;500.95;255.7;12.24;12.24;500.95
18.08.2022 02:00:00;18.08.2022 03:00:00;632.89;110.73;12.43;12.43;632.89
18.08.2022 03:00:00;18.08.2022 04:00:00;691.12;69.58;13.03;13.03;681.55
18.08.2022 04:00:00;18.08.2022 05:00:00;1973.69;46.88;14.01;92.87;689.94
18.08.2022 05:00:00;18.08.2022 06:00:00;3735.58;19.24;14.11;144.97;722.8
18.08.2022 06:00:00;18.08.2022 07:00:00;5427.12;18.55;14.31;323.31;856.03
18.08.2022 07:00:00;18.08.2022 08:00:00;5921.25;48.65;14.8;519.99;1104.53
18.08.2022 08:00:00;18.08.2022 09:00:00;6219.29;62.37;15;656.38;1479.45
18.08.2022 09:00:00;18.08.2022 10:00:00;6218.8;73.03;14.8;781.32;976.33
18.08.2022 10:00:00;18.08.2022 11:00:00;6218.6;78.66;14.61;852.28;983.04
18.08.2022 11:00:00;18.08.2022 12:00:00;5853.75;76.29;14.51;853.07;958.86
18.08.2022 12:00:00;18.08.2022 13:00:00;6218.9;100.27;14.31;809.65;897.08
18.08.2022 13:00:00;18.08.2022 14:00:00;6582.96;138.95;14.31;752.7;864.12
18.08.2022 14:00:00;18.08.2022 15:00:00;6218.6;251.56;14.31;771.45;833.73
18.08.2022 15:00:00;18.08.2022 16:00:00;5921.25;191.75;14.31;714.41;842.11
18.08.2022 16:00:00;18.08.2022 17:00:00;5820.79;110.73;14.41;650.36;817.84
18.08.2022 17:00:00;18.08.2022 18:00:00;6088.73;110.83;14.31;568.84;893.93
18.08.2022 18:00:00;18.08.2022 19:00:00;6414.9;88.23;14.31;537.76;843.89
18.08.2022 19:00:00;18.08.2022 20:00:00;6496.22;64.05;14.31;502.13;743.62
18.08.2022 20:00:00;18.08.2022 21:00:00;5634.46;53.88;14.31;494.93;709.67
18.08.2022 21:00:00;18.08.2022 22:00:00;5187.2;48.75;14.01;541.11;715.5
18.08.2022 22:00:00;18.08.2022 23:00:00;3619.03;37.6;12.63;556.21;741.06
18.08.2022 23:00:00;19.08.2022 00:00:00;2171.26;26.45;12.14;512.1;751.62
19.08.2022 00:00:00;19.08.2022 01:00:00;1966.96;58.03;6.59;471.28;766.82
19.08.2022 01:00:00;19.08.2022 02:00:00;2104.94;59.8;6.49;492.33;492.33
19.08.2022 02:00:00;19.08.2022 03:00:00;2131.89;77.1;6.49;492.53;492.53
19.08.2022 03:00:00;19.08.2022 04:00:00;1966.96;89.69;6.49;519.08;519.08
19.08.2022 04:00:00;19.08.2022 05:00:00;2261.91;80.45;6.59;503.54;625.39
19.08.2022 05:00:00;19.08.2022 06:00:00;2758.27;94.81;6.59;423.68;818.85
19.08.2022 06:00:00;19.08.2022 07:00:00;4932.55;114.48;6.69;501.77;1119.89
19.08.2022 07:00:00;19.08.2022 08:00:00;5623.83;177.03;7.97;559.21;1524.39
19.08.2022 08:00:00;19.08.2022 09:00:00;5795.75;1990.56;6.88;636.9;4025.48
19.08.2022 09:00:00;19.08.2022 10:00:00;5667.99;843.83;8.75;634.74;843.83
19.08.2022 10:00:00;19.08.2022 11:00:00;5590.49;295.04;8.26;623.33;818.75
19.08.2022 11:00:00;19.08.2022 12:00:00;5417.6;164.63;6.88;562.55;787.96
19.08.2022 12:00:00;19.08.2022 13:00:00;5311.97;166.31;6.88;490.36;688.04
19.08.2022 13:00:00;19.08.2022 14:00:00;4851.7;169.36;6.79;426.83;541.6
19.08.2022 14:00:00;19.08.2022 15:00:00;4637.99;191.68;6.79;365.46;598.05
19.08.2022 15:00:00;19.08.2022 16:00:00;4633.27;224.63;6.69;155.59;673.78
19.08.2022 16:00:00;19.08.2022 17:00:00;4827.51;128.74;6.59;144.57;688.04
19.08.2022 17:00:00;19.08.2022 18:00:00;5088.72;153.62;6.59;131.2;794.85
19.08.2022 18:00:00;19.08.2022 19:00:00;5264.37;166.5;6.79;96.18;870.58
19.08.2022 19:00:00;19.08.2022 20:00:00;4502.67;128.54;6.88;97.07;875
19.08.2022 20:00:00;19.08.2022 21:00:00;3961.26;129.23;7.87;91.27;849.14
19.08.2022 21:00:00;19.08.2022 22:00:00;3521.15;135.72;8.46;89.69;833.3
19.08.2022 22:00:00;19.08.2022 23:00:00;2261.91;147.62;8.56;86.74;820.12
19.08.2022 23:00:00;20.08.2022 00:00:00;492.43;177.03;8.26;87.73;492.43
20.08.2022 00:00:00;20.08.2022 01:00:00;591.99;591.99;6.9;93.67;591.99
20.08.2022 01:00:00;20.08.2022 02:00:00;591.3;591.3;6.21;95.15;591.3
20.08.2022 02:00:00;20.08.2022 03:00:00;539.98;354.51;6.01;94.27;539.98
20.08.2022 03:00:00;20.08.2022 04:00:00;560.37;353.92;4.83;96.83;560.37
20.08.2022 04:00:00;20.08.2022 05:00:00;380.61;295.21;4.73;96.73;380.61
20.08.2022 05:00:00;20.08.2022 06:00:00;338.35;295.31;4.83;94.86;338.35
20.08.2022 06:00:00;20.08.2022 07:00:00;259.06;259.06;4.93;98.4;259.06
20.08.2022 07:00:00;20.08.2022 08:00:00;331.46;331.46;6.01;281.91;331.46
20.08.2022 08:00:00;20.08.2022 09:00:00;688.62;688.62;6.21;357.17;688.62
20.08.2022 09:00:00;20.08.2022 10:00:00;1724.66;602.53;6.99;334.31;602.53
20.08.2022 10:00:00;20.08.2022 11:00:00;1743.57;370.96;7.58;239.16;370.96
20.08.2022 11:00:00;20.08.2022 12:00:00;788.6;258.96;7.29;148.34;258.96
20.08.2022 12:00:00;20.08.2022 13:00:00;274.82;274.82;7.09;93.38;274.82
20.08.2022 13:00:00;20.08.2022 14:00:00;164.3;164.3;7.29;89.24;164.3
20.08.2022 14:00:00;20.08.2022 15:00:00;156.42;156.42;7.39;80.57;156.42
20.08.2022 15:00:00;20.08.2022 16:00:00;207.54;207.54;9.36;66.98;207.54
20.08.2022 16:00:00;20.08.2022 17:00:00;268.71;268.71;11.43;41.27;268.71
20.08.2022 17:00:00;20.08.2022 18:00:00;531.32;464.14;12.61;21.08;531.32
20.08.2022 18:00:00;20.08.2022 19:00:00;770.48;770.48;12.61;12.61;770.48
20.08.2022 19:00:00;20.08.2022 20:00:00;779.05;779.05;11.92;11.92;779.05
20.08.2022 20:00:00;20.08.2022 21:00:00;613.17;613.17;10.24;10.54;613.17
20.08.2022 21:00:00;20.08.2022 22:00:00;368.39;368.39;7.58;10.44;368.39
20.08.2022 22:00:00;20.08.2022 23:00:00;228.23;228.23;7.09;10.44;228.23
20.08.2022 23:00:00;21.08.2022 00:00:00;98.4;98.4;4.93;10.24;98.4
21.08.2022 00:00:00;21.08.2022 01:00:00;6.1;687.48;6.1;6.1;687.48
21.08.2022 01:00:00;21.08.2022 02:00:00;4.92;365.27;4.92;4.92;365.27
21.08.2022 02:00:00;21.08.2022 03:00:00;4.33;301.85;4.33;4.33;301.85
21.08.2022 03:00:00;21.08.2022 04:00:00;4.52;295.27;4.52;4.52;295.27
21.08.2022 04:00:00;21.08.2022 05:00:00;4.82;256.72;4.82;4.82;256.72
21.08.2022 05:00:00;21.08.2022 06:00:00;6.29;237.84;6.29;6.29;237.84
21.08.2022 06:00:00;21.08.2022 07:00:00;61.06;61.06;7.96;61.06;61.06
21.08.2022 07:00:00;21.08.2022 08:00:00;336.66;336.66;9.93;68.83;336.66
21.08.2022 08:00:00;21.08.2022 09:00:00;731.13;731.13;6.78;71.19;731.13
21.08.2022 09:00:00;21.08.2022 10:00:00;736.54;736.54;12.98;75.02;736.54
21.08.2022 10:00:00;21.08.2022 11:00:00;601.54;678.14;9.73;78.66;678.14
21.08.2022 11:00:00;21.08.2022 12:00:00;701.24;701.24;6.78;78.66;701.24
21.08.2022 12:00:00;21.08.2022 13:00:00;480.02;480.02;6.49;80.53;480.02
21.08.2022 13:00:00;21.08.2022 14:00:00;302.35;302.35;4.82;81.12;302.35
21.08.2022 14:00:00;21.08.2022 15:00:00;282.68;282.68;4.33;80.23;282.68
21.08.2022 15:00:00;21.08.2022 16:00:00;294.28;294.28;7.67;77.97;294.28
21.08.2022 16:00:00;21.08.2022 17:00:00;316.5;316.5;6.49;72.86;316.5
21.08.2022 17:00:00;21.08.2022 18:00:00;245.71;245.71;4.13;245.71;245.71
21.08.2022 18:00:00;21.08.2022 19:00:00;414.73;414.73;4.72;414.73;414.73
21.08.2022 19:00:00;21.08.2022 20:00:00;312.37;312.37;4.82;312.37;312.37
21.08.2022 20:00:00;21.08.2022 21:00:00;216.31;216.31;4.33;216.31;216.31
21.08.2022 21:00:00;21.08.2022 22:00:00;478.54;240.11;6.39;240.11;240.11
21.08.2022 22:00:00;21.08.2022 23:00:00;97.64;97.64;5.01;97.64;97.64
21.08.2022 23:00:00;22.08.2022 00:00:00;69.02;69.02;4.72;69.02;69.02
22.08.2022 00:00:00;22.08.2022 01:00:00;44.74;44.74;4.82;44.74;44.74
22.08.2022 01:00:00;22.08.2022 02:00:00;29.89;29.89;4.72;29.89;29.89
22.08.2022 02:00:00;22.08.2022 03:00:00;23.4;23.4;4.72;23.4;23.4
22.08.2022 03:00:00;22.08.2022 04:00:00;23.4;23.4;4.62;23.4;23.4
22.08.2022 04:00:00;22.08.2022 05:00:00;30.68;30.68;4.52;30.68;30.68
22.08.2022 05:00:00;22.08.2022 06:00:00;1474.95;39.23;4.62;70.2;70.2
22.08.2022 06:00:00;22.08.2022 07:00:00;3371.81;45.82;7.18;49.16;49.16
22.08.2022 07:00:00;22.08.2022 08:00:00;4222.31;49.36;14.26;109.24;109.24
22.08.2022 08:00:00;22.08.2022 09:00:00;5317.54;53.19;14.55;121.23;121.23
22.08.2022 09:00:00;22.08.2022 10:00:00;5481.44;53.88;14.55;94.29;94.29
22.08.2022 10:00:00;22.08.2022 11:00:00;5599.14;53.29;14.36;75.22;75.22
22.08.2022 11:00:00;22.08.2022 12:00:00;5445.95;48.87;14.06;76.3;76.3
22.08.2022 12:00:00;22.08.2022 13:00:00;4762.5;46.21;9.14;68.33;68.33
22.08.2022 13:00:00;22.08.2022 14:00:00;4325.65;44.84;7.18;68.24;68.24
22.08.2022 14:00:00;22.08.2022 15:00:00;4326.14;43.56;5.8;68.14;68.14
22.08.2022 15:00:00;22.08.2022 16:00:00;5213.22;44.93;7.28;74.43;74.43
22.08.2022 16:00:00;22.08.2022 17:00:00;5481.74;51.62;4.92;76.99;76.99
22.08.2022 17:00:00;22.08.2022 18:00:00;5564.72;61.45;4.72;95.08;95.08
22.08.2022 18:00:00;22.08.2022 19:00:00;6141.69;81.51;4.62;81.51;81.51
22.08.2022 19:00:00;22.08.2022 20:00:00;5564.33;107.66;4.52;107.66;107.66
22.08.2022 20:00:00;22.08.2022 21:00:00;5483.51;117.69;4.62;117.69;117.69
22.08.2022 21:00:00;22.08.2022 22:00:00;4325.55;120.54;4.52;120.54;120.54
22.08.2022 22:00:00;22.08.2022 23:00:00;3927.14;117.6;4.42;117.6;117.6
22.08.2022 23:00:00;23.08.2022 00:00:00;2752.57;115.83;4.33;115.83;115.83
23.08.2022 00:00:00;23.08.2022 01:00:00;2056.4;105.35;5.87;105.35;105.35
23.08.2022 01:00:00;23.08.2022 02:00:00;1662.96;120.71;2.35;120.71;120.71
23.08.2022 02:00:00;23.08.2022 03:00:00;1526.5;142.33;1.86;142.33;142.33
23.08.2022 03:00:00;23.08.2022 04:00:00;1662.57;154.75;1.66;154.75;154.75
23.08.2022 04:00:00;23.08.2022 05:00:00;2249.89;176.08;1.57;176.08;176.08
23.08.2022 05:00:00;23.08.2022 06:00:00;3452.6;224.11;1.86;224.11;224.11
23.08.2022 06:00:00;23.08.2022 07:00:00;6142.68;265.88;5.87;265.88;265.88
23.08.2022 07:00:00;23.08.2022 08:00:00;6379.6;364.48;5.97;364.48;364.48
23.08.2022 08:00:00;23.08.2022 09:00:00;6651.83;547.5;7.14;547.5;547.5
23.08.2022 09:00:00;23.08.2022 10:00:00;6261.53;696.09;7.34;696.09;696.09
23.08.2022 10:00:00;23.08.2022 11:00:00;6006.31;586.63;7.43;586.63;586.63
23.08.2022 11:00:00;23.08.2022 12:00:00;5393.86;488.91;7.34;488.91;488.91
23.08.2022 12:00:00;23.08.2022 13:00:00;5369.2;466.61;7.43;466.61;466.61
23.08.2022 13:00:00;23.08.2022 14:00:00;5071.63;390.89;7.53;390.89;390.89
23.08.2022 14:00:00;23.08.2022 15:00:00;5378.3;336.8;7.73;336.8;336.8
23.08.2022 15:00:00;23.08.2022 16:00:00;5576.39;336.5;7.43;336.5;336.5
23.08.2022 16:00:00;23.08.2022 17:00:00;5868.87;337.09;7.63;337.09;337.09
23.08.2022 17:00:00;23.08.2022 18:00:00;6188.16;390.89;7.63;390.89;390.89
23.08.2022 18:00:00;23.08.2022 19:00:00;6813.44;488.13;7.63;488.13;488.13
23.08.2022 19:00:00;23.08.2022 20:00:00;7331.1;488.71;8.41;488.71;488.71
23.08.2022 20:00:00;23.08.2022 21:00:00;6114.41;443.03;9.88;580.37;580.37
23.08.2022 21:00:00;23.08.2022 22:00:00;5721.75;417.4;10.37;583.21;583.21
23.08.2022 22:00:00;23.08.2022 23:00:00;4352.94;336.6;1.86;488.81;488.81
23.08.2022 23:00:00;24.08.2022 00:00:00;2974.15;258.74;1.47;428.26;428.26
24.08.2022 00:00:00;24.08.2022 01:00:00;2532.6;204.71;7.88;486.38;486.38
24.08.2022 01:00:00;24.08.2022 02:00:00;2096.91;186.71;7.69;351.63;351.63
24.08.2022 02:00:00;24.08.2022 03:00:00;1945.81;174.74;7.69;249.47;249.47
24.08.2022 03:00:00;24.08.2022 04:00:00;1780.21;167.74;7.49;279.24;279.24
24.08.2022 04:00:00;24.08.2022 05:00:00;1563.24;158.4;7.49;212.3;212.3
24.08.2022 05:00:00;24.08.2022 06:00:00;2472.37;144.78;7.59;241.39;241.39
24.08.2022 06:00:00;24.08.2022 07:00:00;3459.04;134.27;7.78;201.01;201.01
24.08.2022 07:00:00;24.08.2022 08:00:00;4585.33;157.62;15.37;387.14;387.14
24.08.2022 08:00:00;24.08.2022 09:00:00;4982.2;175.52;15.76;540.38;540.38
24.08.2022 09:00:00;24.08.2022 10:00:00;5470.62;176.69;15.86;583.29;583.29
24.08.2022 10:00:00;24.08.2022 11:00:00;5584.17;191.57;16.25;485.99;485.99
24.08.2022 11:00:00;24.08.2022 12:00:00;5478.21;199.84;16.15;485.5;485.5
24.08.2022 12:00:00;24.08.2022 13:00:00;4901.15;249.08;15.96;399.01;399.01
24.08.2022 13:00:00;24.08.2022 14:00:00;4670.86;253.94;15.47;486.38;486.38
24.08.2022 14:00:00;24.08.2022 15:00:00;5076.48;360.77;15.57;485.99;485.99
24.08.2022 15:00:00;24.08.2022 16:00:00;5040.67;378.58;15.76;485.99;485.99
24.08.2022 16:00:00;24.08.2022 17:00:00;4864.08;452.42;15.76;459.43;459.43
24.08.2022 17:00:00;24.08.2022 18:00:00;4991.74;435.88;15.86;435.88;435.88
24.08.2022 18:00:00;24.08.2022 19:00:00;5204.71;388.69;14.79;388.69;388.69
24.08.2022 19:00:00;24.08.2022 20:00:00;4863.79;291.59;14.89;291.59;291.59
24.08.2022 20:00:00;24.08.2022 21:00:00;4198.19;273.59;14.98;273.59;273.59
24.08.2022 21:00:00;24.08.2022 22:00:00;5370.99;377.8;7.39;583.09;583.09
24.08.2022 22:00:00;24.08.2022 23:00:00;4194.21;270.77;7.3;270.77;270.77
24.08.2022 23:00:00;25.08.2022 00:00:00;2484.24;155.96;7.01;155.96;155.96
25.08.2022 00:00:00;25.08.2022 01:00:00;1877.22;104.69;5.97;188.28;188.28
25.08.2022 01:00:00;25.08.2022 02:00:00;1815.68;86;5.87;152.36;152.36
25.08.2022 02:00:00;25.08.2022 03:00:00;1921.04;69.34;5.78;151.97;151.97
25.08.2022 03:00:00;25.08.2022 04:00:00;2040.94;68.19;5.87;139.55;139.55
25.08.2022 04:00:00;25.08.2022 05:00:00;2540.1;78.88;5.87;135.7;135.7
25.08.2022 05:00:00;25.08.2022 06:00:00;2753.9;72.62;14.64;72.62;72.62
25.08.2022 06:00:00;25.08.2022 07:00:00;4718.96;85.04;14.16;85.04;85.04
25.08.2022 07:00:00;25.08.2022 08:00:00;6375.83;120;15.7;120;120
25.08.2022 08:00:00;25.08.2022 09:00:00;6649.82;159.77;16.28;159.77;159.77
25.08.2022 09:00:00;25.08.2022 10:00:00;6165.88;250.69;15.7;250.69;250.69
25.08.2022 10:00:00;25.08.2022 11:00:00;5778.53;302.31;15.51;302.31;302.31
25.08.2022 11:00:00;25.08.2022 12:00:00;5628.96;285.07;15.22;285.07;285.07
25.08.2022 12:00:00;25.08.2022 13:00:00;5555.48;260.32;14.83;260.32;260.32
25.08.2022 13:00:00;25.08.2022 14:00:00;5465.14;244.04;14.74;244.04;244.04
25.08.2022 14:00:00;25.08.2022 15:00:00;4840.3;238.36;15.22;238.36;238.36
25.08.2022 15:00:00;25.08.2022 16:00:00;5055.74;249.44;14.93;249.44;249.44
25.08.2022 16:00:00;25.08.2022 17:00:00;5304.6;224.78;15.6;224.78;224.78
25.08.2022 17:00:00;25.08.2022 18:00:00;6614.38;191.94;15.89;191.94;191.94
25.08.2022 18:00:00;25.08.2022 19:00:00;6878.55;251.55;14.64;251.55;251.55
25.08.2022 19:00:00;25.08.2022 20:00:00;7207.53;244.62;14.64;244.62;244.62
25.08.2022 20:00:00;25.08.2022 21:00:00;7143.68;140.32;14.74;140.32;140.32
25.08.2022 21:00:00;25.08.2022 22:00:00;6163.66;114.99;14.64;114.99;114.99
25.08.2022 22:00:00;25.08.2022 23:00:00;4526.73;92.45;14.45;92.45;92.45
25.08.2022 23:00:00;26.08.2022 00:00:00;2881.13;81.48;14.06;81.48;81.48
26.08.2022 00:00:00;26.08.2022 01:00:00;1990.73;95.05;95.05;95.05;95.05
26.08.2022 01:00:00;26.08.2022 02:00:00;1872.6;92.07;92.07;92.07;92.07
26.08.2022 02:00:00;26.08.2022 03:00:00;1442.95;86.68;86.68;86.68;86.68
26.08.2022 03:00:00;26.08.2022 04:00:00;1401.78;78.69;78.69;78.69;78.69
26.08.2022 04:00:00;26.08.2022 05:00:00;1366.66;73.21;73.21;73.21;73.21
26.08.2022 05:00:00;26.08.2022 06:00:00;1915.41;66.19;66.19;95.34;95.34
26.08.2022 06:00:00;26.08.2022 07:00:00;3280.44;92.07;92.07;92.07;92.07
26.08.2022 07:00:00;26.08.2022 08:00:00;4809.59;103.61;100.63;113.33;113.33
26.08.2022 08:00:00;26.08.2022 09:00:00;5964.22;121.31;101.11;133.91;133.91
26.08.2022 09:00:00;26.08.2022 10:00:00;7338.96;157.39;101.59;211.07;211.07
26.08.2022 10:00:00;26.08.2022 11:00:00;7251.13;137.38;101.21;137.38;137.38
26.08.2022 11:00:00;26.08.2022 12:00:00;7215.54;135.26;100.92;135.26;135.26
26.08.2022 12:00:00;26.08.2022 13:00:00;6594.45;144.88;100.34;144.88;144.88
26.08.2022 13:00:00;26.08.2022 14:00:00;6355.57;142.67;100.15;142.67;142.67
26.08.2022 14:00:00;26.08.2022 15:00:00;6525.09;141.9;100.05;141.9;141.9
26.08.2022 15:00:00;26.08.2022 16:00:00;6252.64;139.49;99.19;139.49;139.49
26.08.2022 16:00:00;26.08.2022 17:00:00;5882.06;135.84;99.28;135.84;135.84
26.08.2022 17:00:00;26.08.2022 18:00:00;7204.18;161.33;100.72;161.33;161.33
26.08.2022 18:00:00;26.08.2022 19:00:00;7407.65;164.12;99.09;164.12;164.12
26.08.2022 19:00:00;26.08.2022 20:00:00;5316.96;142.96;99.57;142.96;142.96
26.08.2022 20:00:00;26.08.2022 21:00:00;4583.7;125.45;99.96;125.45;125.45
26.08.2022 21:00:00;26.08.2022 22:00:00;2896.39;100.05;99.67;100.05;100.05
26.08.2022 22:00:00;26.08.2022 23:00:00;1924.16;98.61;98.61;98.61;98.61
26.08.2022 23:00:00;27.08.2022 00:00:00;1306.83;98.03;98.03;98.03;98.03
27.08.2022 00:00:00;27.08.2022 01:00:00;1402.01;94.96;94.96;94.96;94.96
27.08.2022 01:00:00;27.08.2022 02:00:00;1067.22;95.16;95.16;95.16;95.16
27.08.2022 02:00:00;27.08.2022 03:00:00;1343.41;94.38;94.38;94.38;94.38
27.08.2022 03:00:00;27.08.2022 04:00:00;1354.63;95.83;95.83;95.83;95.83
27.08.2022 04:00:00;27.08.2022 05:00:00;1176.11;97.38;97.38;97.38;97.38
27.08.2022 05:00:00;27.08.2022 06:00:00;1388.86;99.61;99.61;99.61;99.61
27.08.2022 06:00:00;27.08.2022 07:00:00;1482.47;97.28;97.28;97.28;97.28
27.08.2022 07:00:00;27.08.2022 08:00:00;1401.43;118.27;108.6;118.27;118.27
27.08.2022 08:00:00;27.08.2022 09:00:00;1929.05;138.67;108.21;196.5;196.5
27.08.2022 09:00:00;27.08.2022 10:00:00;2109.21;143.61;108.7;143.61;143.61
27.08.2022 10:00:00;27.08.2022 11:00:00;3384.54;135.58;108.7;135.58;135.58
27.08.2022 11:00:00;27.08.2022 12:00:00;2877.71;129.78;108.5;129.78;129.78
27.08.2022 12:00:00;27.08.2022 13:00:00;2515.17;116.82;107.73;116.82;116.82
27.08.2022 13:00:00;27.08.2022 14:00:00;2115.88;124.75;107.15;124.75;124.75
27.08.2022 14:00:00;27.08.2022 15:00:00;1837.37;131.03;106.57;131.03;131.03
27.08.2022 15:00:00;27.08.2022 16:00:00;1723.26;136.35;106.18;136.35;136.35
27.08.2022 16:00:00;27.08.2022 17:00:00;2393.52;155.98;100.09;155.98;155.98
27.08.2022 17:00:00;27.08.2022 18:00:00;2844.74;158.88;97.38;158.88;158.88
27.08.2022 18:00:00;27.08.2022 19:00:00;3674.36;166.33;95.74;166.33;166.33
27.08.2022 19:00:00;27.08.2022 20:00:00;3771.26;157.92;93.61;157.92;157.92
27.08.2022 20:00:00;27.08.2022 21:00:00;3674.65;138.48;77.17;138.48;138.48
27.08.2022 21:00:00;27.08.2022 22:00:00;4689.56;132.77;68.08;132.77;132.77
27.08.2022 22:00:00;27.08.2022 23:00:00;2527.94;112.76;91.39;112.76;112.76
27.08.2022 23:00:00;28.08.2022 00:00:00;2264.61;96.41;88.29;96.41;96.41
28.08.2022 00:00:00;28.08.2022 01:00:00;2161.5;111.68;60.52;111.68;111.68
28.08.2022 01:00:00;28.08.2022 02:00:00;1855.71;127.46;40.83;127.46;127.46
28.08.2022 02:00:00;28.08.2022 03:00:00;1783.5;136.91;35.67;136.91;136.91
28.08.2022 03:00:00;28.08.2022 04:00:00;1602.24;131.46;37.62;131.46;131.46
28.08.2022 04:00:00;28.08.2022 05:00:00;1309.22;123.56;41.12;123.56;123.56
28.08.2022 05:00:00;28.08.2022 06:00:00;1167.53;115.57;59.74;115.57;115.57
28.08.2022 06:00:00;28.08.2022 07:00:00;799.27;96.77;75.81;96.77;96.77
28.08.2022 07:00:00;28.08.2022 08:00:00;1480.04;130.09;78.84;130.09;130.09
28.08.2022 08:00:00;28.08.2022 09:00:00;1988.43;145.69;41.61;145.69;145.69
28.08.2022 09:00:00;28.08.2022 10:00:00;2241.41;160.11;80.49;160.11;160.11
28.08.2022 10:00:00;28.08.2022 11:00:00;2271.52;157.67;82.83;157.67;157.67
28.08.2022 11:00:00;28.08.2022 12:00:00;2443.22;149.78;84.97;149.78;149.78
28.08.2022 12:00:00;28.08.2022 13:00:00;2259.53;138.08;83.71;138.08;138.08
28.08.2022 13:00:00;28.08.2022 14:00:00;2210.22;127.95;82.44;127.95;127.95
28.08.2022 14:00:00;28.08.2022 15:00:00;2142.11;126.39;82.25;126.39;126.39
28.08.2022 15:00:00;28.08.2022 16:00:00;2088.61;143.83;82.34;143.83;143.83
28.08.2022 16:00:00;28.08.2022 17:00:00;2046.41;142.08;82.54;142.08;142.08
28.08.2022 17:00:00;28.08.2022 18:00:00;2338.27;144.52;84.59;144.52;144.52
28.08.2022 18:00:00;28.08.2022 19:00:00;2583.35;144.91;85.56;144.91;144.91
28.08.2022 19:00:00;28.08.2022 20:00:00;2226.11;138.38;87.31;138.38;138.38
28.08.2022 20:00:00;28.08.2022 21:00:00;2338.76;142.47;92.19;142.47;142.47
28.08.2022 21:00:00;28.08.2022 22:00:00;2324.72;119.96;95.4;119.96;119.96
28.08.2022 22:00:00;28.08.2022 23:00:00;1862.53;94.82;92.87;94.82;94.82
28.08.2022 23:00:00;29.08.2022 00:00:00;1317.99;81.66;81.66;81.66;81.66
29.08.2022 00:00:00;29.08.2022 01:00:00;80.69;80.69;72.31;80.69;80.69
29.08.2022 01:00:00;29.08.2022 02:00:00;74.84;74.84;70.84;74.84;74.84
29.08.2022 02:00:00;29.08.2022 03:00:00;67.73;67.73;67.73;67.73;67.73
29.08.2022 03:00:00;29.08.2022 04:00:00;67.82;67.82;67.82;67.82;67.82
29.08.2022 04:00:00;29.08.2022 05:00:00;97.35;97.35;72.7;97.35;97.35
29.08.2022 05:00:00;29.08.2022 06:00:00;854.91;132.04;73.96;132.04;132.04
29.08.2022 06:00:00;29.08.2022 07:00:00;2017.18;175.21;76.4;175.21;175.21
29.08.2022 07:00:00;29.08.2022 08:00:00;3811.49;264.67;107.29;264.67;264.67
29.08.2022 08:00:00;29.08.2022 09:00:00;5456.9;203.57;107.78;203.57;203.57
29.08.2022 09:00:00;29.08.2022 10:00:00;5164.66;292.15;87.7;292.15;292.15
29.08.2022 10:00:00;29.08.2022 11:00:00;5164.46;348.77;90.33;513.84;513.84
29.08.2022 11:00:00;29.08.2022 12:00:00;5461.78;288.54;87.41;389.79;389.79
29.08.2022 12:00:00;29.08.2022 13:00:00;4863.35;265.64;87.12;332.98;332.98
29.08.2022 13:00:00;29.08.2022 14:00:00;4548.3;239.53;84.39;292.34;292.34
29.08.2022 14:00:00;29.08.2022 15:00:00;4694.18;208.34;85.27;309.98;309.98
29.08.2022 15:00:00;29.08.2022 16:00:00;4384.68;202.79;86.53;389.11;389.11
29.08.2022 16:00:00;29.08.2022 17:00:00;3908.55;200.55;86.24;415.23;415.23
29.08.2022 17:00:00;29.08.2022 18:00:00;4384.78;198.7;84.97;441.25;441.25
29.08.2022 18:00:00;29.08.2022 19:00:00;4709.87;197.14;85.56;312.03;312.03
29.08.2022 19:00:00;29.08.2022 20:00:00;4299.41;196.26;87.12;682.14;682.14
29.08.2022 20:00:00;29.08.2022 21:00:00;3320.55;199.96;89.07;538.01;538.01
29.08.2022 21:00:00;29.08.2022 22:00:00;2923.35;202.11;88.68;386.67;386.67
29.08.2022 22:00:00;29.08.2022 23:00:00;1412.9;203.08;85.85;269.44;269.44
29.08.2022 23:00:00;30.08.2022 00:00:00;182.13;182.13;80.1;182.13;182.13
30.08.2022 00:00:00;30.08.2022 01:00:00;205.49;205.49;108.32;205.49;205.49
30.08.2022 01:00:00;30.08.2022 02:00:00;192.09;192.09;108.02;192.09;192.09
30.08.2022 02:00:00;30.08.2022 03:00:00;196.2;196.2;107.73;196.2;196.2
30.08.2022 03:00:00;30.08.2022 04:00:00;199.52;199.52;107.63;199.52;199.52
30.08.2022 04:00:00;30.08.2022 05:00:00;352.71;214.58;107.83;244.98;244.98
30.08.2022 05:00:00;30.08.2022 06:00:00;1367.92;222.3;108.12;229.54;229.54
30.08.2022 06:00:00;30.08.2022 07:00:00;2985.23;211.65;109.78;211.65;211.65
30.08.2022 07:00:00;30.08.2022 08:00:00;7423.53;299.53;111.54;299.53;299.53
30.08.2022 08:00:00;30.08.2022 09:00:00;7549.93;300.9;112.62;300.9;300.9
30.08.2022 09:00:00;30.08.2022 10:00:00;7361.94;316.83;112.91;316.83;316.83
30.08.2022 10:00:00;30.08.2022 11:00:00;6992.42;338.73;112.91;338.73;338.73
30.08.2022 11:00:00;30.08.2022 12:00:00;5672.49;398.56;112.62;398.56;398.56
30.08.2022 12:00:00;30.08.2022 13:00:00;5565.74;292.49;111.93;292.49;292.49
30.08.2022 13:00:00;30.08.2022 14:00:00;5591.26;305;111.35;305;305
30.08.2022 14:00:00;30.08.2022 15:00:00;5415.59;315.86;110.66;315.86;315.86
30.08.2022 15:00:00;30.08.2022 16:00:00;5682.66;290.73;109.39;290.73;290.73
30.08.2022 16:00:00;30.08.2022 17:00:00;5610.22;281.74;108.51;281.74;281.74
30.08.2022 17:00:00;30.08.2022 18:00:00;6793.68;251.82;107.73;251.82;251.82
30.08.2022 18:00:00;30.08.2022 19:00:00;7572.91;274.21;107.63;328.27;328.27
30.08.2022 19:00:00;30.08.2022 20:00:00;7820.33;272.94;107.92;372.46;372.46
30.08.2022 20:00:00;30.08.2022 21:00:00;7229.19;267.27;108.12;322.6;322.6
30.08.2022 21:00:00;30.08.2022 22:00:00;5548.05;269.13;108.51;308.23;308.23
30.08.2022 22:00:00;30.08.2022 23:00:00;3331.19;270.4;108.22;270.4;270.4
30.08.2022 23:00:00;31.08.2022 00:00:00;1930.81;245.18;107.24;298.55;298.55
31.08.2022 00:00:00;31.08.2022 01:00:00;228.91;228.91;113.77;228.91;228.91
31.08.2022 01:00:00;31.08.2022 02:00:00;238.96;238.96;113.67;238.96;238.96
31.08.2022 02:00:00;31.08.2022 03:00:00;228.81;228.81;113.77;228.81;228.81
31.08.2022 03:00:00;31.08.2022 04:00:00;222.96;222.96;113.97;222.96;222.96
31.08.2022 04:00:00;31.08.2022 05:00:00;226.37;226.37;114.26;226.37;226.37
31.08.2022 05:00:00;31.08.2022 06:00:00;1315.2;213;114.45;213;213
31.08.2022 06:00:00;31.08.2022 07:00:00;2705.24;222.86;115.43;222.86;222.86
31.08.2022 07:00:00;31.08.2022 08:00:00;6049.6;264.62;116.41;264.62;264.62
31.08.2022 08:00:00;31.08.2022 09:00:00;6866.69;346.29;116.99;346.29;346.29
31.08.2022 09:00:00;31.08.2022 10:00:00;6282.41;341.51;122.07;341.51;341.51
31.08.2022 10:00:00;31.08.2022 11:00:00;6179.47;319.85;122.16;319.85;319.85
31.08.2022 11:00:00;31.08.2022 12:00:00;6291.88;292.33;120.7;292.33;292.33
31.08.2022 12:00:00;31.08.2022 13:00:00;5395.17;289.31;117.09;289.31;289.31
31.08.2022 13:00:00;31.08.2022 14:00:00;5162.46;282.18;116.89;282.18;282.18
31.08.2022 14:00:00;31.08.2022 15:00:00;4849.24;263.45;116.6;263.45;263.45
31.08.2022 15:00:00;31.08.2022 16:00:00;4129.34;327.17;116.21;327.17;327.17
31.08.2022 16:00:00;31.08.2022 17:00:00;4214.82;314.77;116.02;314.77;314.77
31.08.2022 17:00:00;31.08.2022 18:00:00;3333.04;291.94;115.92;291.94;291.94
31.08.2022 18:00:00;31.08.2022 19:00:00;3344.06;297.6;116.02;297.6;297.6
31.08.2022 19:00:00;31.08.2022 20:00:00;3262.1;292.63;116.11;292.63;292.63
31.08.2022 20:00:00;31.08.2022 21:00:00;2657.24;263.74;116.21;263.74;263.74
31.08.2022 21:00:00;31.08.2022 22:00:00;2779.4;266.96;116.21;266.96;266.96
31.08.2022 22:00:00;31.08.2022 23:00:00;1902.79;242.76;115.92;242.76;242.76
31.08.2022 23:00:00;01.09.2022 00:00:00;243.35;243.35;115.33;243.35;243.35
01.09.2022 00:00:00;01.09.2022 01:00:00;248.48;248.48;147.26;248.48;248.48
01.09.2022 01:00:00;01.09.2022 02:00:00;265.85;265.85;143.3;265.85;265.85
01.09.2022 02:00:00;01.09.2022 03:00:00;268.53;268.53;142.01;268.53;268.53
01.09.2022 03:00:00;01.09.2022 04:00:00;277.86;277.86;141.41;277.86;277.86
01.09.2022 04:00:00;01.09.2022 05:00:00;288.28;288.28;141.71;288.28;288.28
01.09.2022 05:00:00;01.09.2022 06:00:00;794.38;357.15;144.49;357.15;357.15
01.09.2022 06:00:00;01.09.2022 07:00:00;2480.77;388.9;150.54;388.9;388.9
01.09.2022 07:00:00;01.09.2022 08:00:00;4920.36;443.68;162.65;443.68;443.68
01.09.2022 08:00:00;01.09.2022 09:00:00;5207.05;416.79;416.79;416.79;416.79
01.09.2022 09:00:00;01.09.2022 10:00:00;5952.61;388.8;388.8;388.8;388.8
01.09.2022 10:00:00;01.09.2022 11:00:00;5635.85;338.09;338.09;338.09;338.09
01.09.2022 11:00:00;01.09.2022 12:00:00;5180.26;319.54;319.54;319.54;319.54
01.09.2022 12:00:00;01.09.2022 13:00:00;4914.71;365.58;365.58;365.58;365.58
01.09.2022 13:00:00;01.09.2022 14:00:00;4446.12;382.25;175.15;382.25;382.25
01.09.2022 14:00:00;01.09.2022 15:00:00;3650.65;360.02;173.07;360.02;360.02
01.09.2022 15:00:00;01.09.2022 16:00:00;3657.8;394.56;394.56;394.56;394.56
01.09.2022 16:00:00;01.09.2022 17:00:00;4923.54;346.63;346.63;346.63;346.63
01.09.2022 17:00:00;01.09.2022 18:00:00;4917.39;351.69;153.32;351.69;351.69
01.09.2022 18:00:00;01.09.2022 19:00:00;6217.96;370.74;136.45;370.74;370.74
01.09.2022 19:00:00;01.09.2022 20:00:00;5895.64;381.46;136.65;381.46;381.46
01.09.2022 20:00:00;01.09.2022 21:00:00;3274.35;378.18;135.75;378.18;378.18
01.09.2022 21:00:00;01.09.2022 22:00:00;3160.73;366.47;135.46;366.47;366.47
01.09.2022 22:00:00;01.09.2022 23:00:00;2480.77;339.09;134.76;339.09;339.09
01.09.2022 23:00:00;02.09.2022 00:00:00;1336;301.57;133.67;301.57;301.57
02.09.2022 00:00:00;02.09.2022 01:00:00;365.29;365.29;139.34;365.29;365.29
02.09.2022 01:00:00;02.09.2022 02:00:00;402.16;402.16;138.54;402.16;402.16
02.09.2022 02:00:00;02.09.2022 03:00:00;440.33;440.33;137.94;440.33;440.33
02.09.2022 03:00:00;02.09.2022 04:00:00;455.6;405.67;137.84;455.6;455.6
02.09.2022 04:00:00;02.09.2022 05:00:00;516.99;396.63;137.74;516.99;516.99
02.09.2022 05:00:00;02.09.2022 06:00:00;1587.03;389;137.74;520.4;520.4
02.09.2022 06:00:00;02.09.2022 07:00:00;3223.69;399.55;138.44;614.44;614.44
02.09.2022 07:00:00;02.09.2022 08:00:00;5677.13;390.91;139.75;390.91;390.91
02.09.2022 08:00:00;02.09.2022 09:00:00;5846.71;546.12;139.95;546.12;546.12
02.09.2022 09:00:00;02.09.2022 10:00:00;5323.49;524.62;140.45;524.62;524.62
02.09.2022 10:00:00;02.09.2022 11:00:00;4998.39;477.61;140.75;477.61;477.61
02.09.2022 11:00:00;02.09.2022 12:00:00;4160.82;413.91;140.85;413.91;413.91
02.09.2022 12:00:00;02.09.2022 13:00:00;2842.93;378.25;140.75;378.25;378.25
02.09.2022 13:00:00;02.09.2022 14:00:00;2633.87;389.3;140.55;389.3;389.3
02.09.2022 14:00:00;02.09.2022 15:00:00;2651.95;403.97;140.35;403.97;403.97
02.09.2022 15:00:00;02.09.2022 16:00:00;3114.19;387.79;140.55;387.79;387.79
02.09.2022 16:00:00;02.09.2022 17:00:00;3692.36;367.2;138.14;367.2;367.2
02.09.2022 17:00:00;02.09.2022 18:00:00;3315.01;368.8;138.64;368.8;368.8
02.09.2022 18:00:00;02.09.2022 19:00:00;3597.32;377.85;138.94;377.85;377.85
02.09.2022 19:00:00;02.09.2022 20:00:00;3515.54;393.02;139.14;393.02;393.02
02.09.2022 20:00:00;02.09.2022 21:00:00;3525.08;389.6;139.44;389.6;389.6
02.09.2022 21:00:00;02.09.2022 22:00:00;2916.37;378.15;139.24;378.15;378.15
02.09.2022 22:00:00;02.09.2022 23:00:00;2441.28;381.26;138.84;381.26;381.26
02.09.2022 23:00:00;03.09.2022 00:00:00;706.06;379.75;138.24;379.75;379.75
03.09.2022 00:00:00;03.09.2022 01:00:00;413.65;413.65;138.79;413.65;413.65
03.09.2022 01:00:00;03.09.2022 02:00:00;504.7;504.7;138.49;504.7;504.7
03.09.2022 02:00:00;03.09.2022 03:00:00;492.07;492.07;138.18;492.07;492.07
03.09.2022 03:00:00;03.09.2022 04:00:00;500.69;500.69;138.18;500.69;500.69
03.09.2022 04:00:00;03.09.2022 05:00:00;491.07;491.07;138.08;491.07;491.07
03.09.2022 05:00:00;03.09.2022 06:00:00;448.95;448.95;138.08;448.95;448.95
03.09.2022 06:00:00;03.09.2022 07:00:00;428.89;428.89;138.28;428.89;428.89
03.09.2022 07:00:00;03.09.2022 08:00:00;601.37;601.37;138.79;601.37;601.37
03.09.2022 08:00:00;03.09.2022 09:00:00;1229.42;648.1;139.19;648.1;648.1
03.09.2022 09:00:00;03.09.2022 10:00:00;1660.12;690.32;139.39;690.32;690.32
03.09.2022 10:00:00;03.09.2022 11:00:00;2023.33;643.39;139.69;643.39;643.39
03.09.2022 11:00:00;03.09.2022 12:00:00;1286.38;626.04;139.79;626.04;626.04
03.09.2022 12:00:00;03.09.2022 13:00:00;754.8;601.37;139.69;601.37;601.37
03.09.2022 13:00:00;03.09.2022 14:00:00;511.52;511.52;139.59;511.52;511.52
03.09.2022 14:00:00;03.09.2022 15:00:00;777.66;550.63;139.49;550.63;550.63
03.09.2022 15:00:00;03.09.2022 16:00:00;1624.02;571.29;139.69;571.29;571.29
03.09.2022 16:00:00;03.09.2022 17:00:00;2406.79;567.98;139.69;567.98;567.98
03.09.2022 17:00:00;03.09.2022 18:00:00;2762.08;600.97;139.79;600.97;600.97
03.09.2022 18:00:00;03.09.2022 19:00:00;2807.91;586.53;140.09;586.53;586.53
03.09.2022 19:00:00;03.09.2022 20:00:00;2751.35;584.42;140.29;584.42;584.42
03.09.2022 20:00:00;03.09.2022 21:00:00;2733.2;596.36;140.29;596.36;596.36
03.09.2022 21:00:00;03.09.2022 22:00:00;2607.35;651.31;140.19;651.31;651.31
03.09.2022 22:00:00;03.09.2022 23:00:00;1834.3;643.79;139.99;643.79;643.79
03.09.2022 23:00:00;04.09.2022 00:00:00;612.1;545.72;139.49;612.1;612.1
04.09.2022 00:00:00;04.09.2022 01:00:00;635.94;548.93;139.12;635.94;635.94
04.09.2022 01:00:00;04.09.2022 02:00:00;646.18;507.06;138.82;646.18;646.18
04.09.2022 02:00:00;04.09.2022 03:00:00;770.49;493.94;138.52;770.49;770.49
04.09.2022 03:00:00;04.09.2022 04:00:00;654.24;495.13;138.33;654.24;654.24
04.09.2022 04:00:00;04.09.2022 05:00:00;647.48;506.96;138.23;647.48;647.48
04.09.2022 05:00:00;04.09.2022 06:00:00;602.43;537.09;138.03;602.43;602.43
04.09.2022 06:00:00;04.09.2022 07:00:00;569.31;493.64;138.03;569.31;569.31
04.09.2022 07:00:00;04.09.2022 08:00:00;842.68;515.61;138.33;842.68;842.68
04.09.2022 08:00:00;04.09.2022 09:00:00;1146.58;527.25;138.52;810.56;810.56
04.09.2022 09:00:00;04.09.2022 10:00:00;1783.12;743.24;138.72;824.29;824.29
04.09.2022 10:00:00;04.09.2022 11:00:00;1142.01;883.46;139.02;883.46;883.46
04.09.2022 11:00:00;04.09.2022 12:00:00;918.96;817.33;139.02;817.33;817.33
04.09.2022 12:00:00;04.09.2022 13:00:00;993.94;739.86;139.02;739.86;739.86
04.09.2022 13:00:00;04.09.2022 14:00:00;994.53;562.05;138.82;562.05;562.05
04.09.2022 14:00:00;04.09.2022 15:00:00;1014.03;667.17;138.82;667.17;667.17
04.09.2022 15:00:00;04.09.2022 16:00:00;942.43;861.48;138.92;861.48;861.48
04.09.2022 16:00:00;04.09.2022 17:00:00;2029.84;2029.84;139.02;2029.84;2029.84
04.09.2022 17:00:00;04.09.2022 18:00:00;3729.13;3729.13;139.12;3729.13;3729.13
04.09.2022 18:00:00;04.09.2022 19:00:00;4420.66;4420.66;139.32;4420.66;4420.66
04.09.2022 19:00:00;04.09.2022 20:00:00;4949.2;4949.2;139.42;4949.2;4949.2
04.09.2022 20:00:00;04.09.2022 21:00:00;4949.2;4949.2;139.52;4949.2;4949.2
04.09.2022 21:00:00;04.09.2022 22:00:00;4319.03;4319.03;139.42;4319.03;4319.03
04.09.2022 22:00:00;04.09.2022 23:00:00;3778.75;3778.75;139.12;3778.75;3778.75
04.09.2022 23:00:00;05.09.2022 00:00:00;2393.7;2393.7;138.52;2393.7;2393.7
05.09.2022 00:00:00;05.09.2022 01:00:00;1818.92;1266.02;138.03;1818.92;1818.92
05.09.2022 01:00:00;05.09.2022 02:00:00;1819.72;1819.72;137.63;1819.72;1819.72
05.09.2022 02:00:00;05.09.2022 03:00:00;1904.64;1904.64;137.53;1904.64;1904.64
05.09.2022 03:00:00;05.09.2022 04:00:00;2088.31;2088.31;137.33;2088.31;2088.31
05.09.2022 04:00:00;05.09.2022 05:00:00;2322.8;2322.8;137.33;2322.8;2322.8
05.09.2022 05:00:00;05.09.2022 06:00:00;3567.04;3567.04;137.53;3567.04;3567.04
05.09.2022 06:00:00;05.09.2022 07:00:00;4573.41;2962.82;138.23;2962.82;2962.82
05.09.2022 07:00:00;05.09.2022 08:00:00;5036.81;5036.81;141.41;5036.81;5036.81
05.09.2022 08:00:00;05.09.2022 09:00:00;5170.37;1199.09;142.01;2826.08;2826.08
05.09.2022 09:00:00;05.09.2022 10:00:00;4762.55;2485.19;142.01;2829.17;2829.17
05.09.2022 10:00:00;05.09.2022 11:00:00;4292.58;2485.29;141.71;2780.34;2780.34
05.09.2022 11:00:00;05.09.2022 12:00:00;3858.21;917.86;141.11;2531.14;2531.14
05.09.2022 12:00:00;05.09.2022 13:00:00;3775.27;834.43;140.51;2436.76;2436.76
05.09.2022 13:00:00;05.09.2022 14:00:00;3417.08;823.49;140.12;1404.94;1404.94
05.09.2022 14:00:00;05.09.2022 15:00:00;2914.19;736.18;139.82;1080.16;1080.16
05.09.2022 15:00:00;05.09.2022 16:00:00;3775.07;696.9;139.82;1053.6;1053.6
05.09.2022 16:00:00;05.09.2022 17:00:00;3896.2;603.82;139.22;1048.13;1048.13
05.09.2022 17:00:00;05.09.2022 18:00:00;4843.4;591.89;139.02;1059.47;1059.47
05.09.2022 18:00:00;05.09.2022 19:00:00;5468.4;570.11;139.32;1013.33;1013.33
05.09.2022 19:00:00;05.09.2022 20:00:00;5468.4;581.25;139.52;826.38;826.38
05.09.2022 20:00:00;05.09.2022 21:00:00;4403.26;644.29;139.82;844.37;844.37
05.09.2022 21:00:00;05.09.2022 22:00:00;4077.78;578.86;139.92;578.86;578.86
05.09.2022 22:00:00;05.09.2022 23:00:00;2669.46;554.2;139.92;554.2;554.2
05.09.2022 23:00:00;06.09.2022 00:00:00;1471.47;528.94;139.52;528.94;528.94
06.09.2022 00:00:00;06.09.2022 01:00:00;553.11;553.11;150.23;553.11;553.11
06.09.2022 01:00:00;06.09.2022 02:00:00;590.32;590.32;150.14;590.32;590.32
06.09.2022 02:00:00;06.09.2022 03:00:00;592.11;592.11;150.14;592.11;592.11
06.09.2022 03:00:00;06.09.2022 04:00:00;581.19;581.19;150.33;581.19;581.19
06.09.2022 04:00:00;06.09.2022 05:00:00;741.15;741.15;150.73;741.15;741.15
06.09.2022 05:00:00;06.09.2022 06:00:00;1686.03;842.76;153.31;842.76;842.76
06.09.2022 06:00:00;06.09.2022 07:00:00;3941.44;628.43;168;587.05;628.43
06.09.2022 07:00:00;06.09.2022 08:00:00;5210.1;989.63;174.15;989.63;989.63
06.09.2022 08:00:00;06.09.2022 09:00:00;5440.41;1487.86;199.75;1067.92;1487.86
06.09.2022 09:00:00;06.09.2022 10:00:00;4633.87;1768.68;249.07;1768.68;1768.68
06.09.2022 10:00:00;06.09.2022 11:00:00;3927.05;1764.62;249.76;1764.62;1764.62
06.09.2022 11:00:00;06.09.2022 12:00:00;3021.47;1042.02;199.65;1042.02;1042.02
06.09.2022 12:00:00;06.09.2022 13:00:00;2532.06;1057;194.59;1057;1057
06.09.2022 13:00:00;06.09.2022 14:00:00;2650.45;1095.8;194.29;1095.8;1095.8
06.09.2022 14:00:00;06.09.2022 15:00:00;2728.04;1122.59;197.67;1122.59;1122.59
06.09.2022 15:00:00;06.09.2022 16:00:00;2838.39;1337.53;724.38;1337.53;1337.53
06.09.2022 16:00:00;06.09.2022 17:00:00;2887.31;885.33;724.48;1761.14;1761.14
06.09.2022 17:00:00;06.09.2022 18:00:00;2849.3;854.08;249.56;2123.73;2123.73
06.09.2022 18:00:00;06.09.2022 19:00:00;2743.33;770.13;193.6;1584.31;1584.31
06.09.2022 19:00:00;06.09.2022 20:00:00;2766.15;846.04;249.96;2326.36;2326.36
06.09.2022 20:00:00;06.09.2022 21:00:00;2761.19;858.84;813.99;2236.85;2236.85
06.09.2022 21:00:00;06.09.2022 22:00:00;2939.01;851.6;814.09;1923.09;1923.09
06.09.2022 22:00:00;06.09.2022 23:00:00;2381.53;764.17;764.17;1613.98;1613.98
06.09.2022 23:00:00;07.09.2022 00:00:00;1387.04;594.89;187.55;1387.04;1387.04
07.09.2022 00:00:00;07.09.2022 01:00:00;1977.83;754.15;544.62;1977.83;1977.83
07.09.2022 01:00:00;07.09.2022 02:00:00;2595.26;738.62;249.9;2595.26;2595.26
07.09.2022 02:00:00;07.09.2022 03:00:00;2167.08;733.67;198.85;2167.08;2167.08
07.09.2022 03:00:00;07.09.2022 04:00:00;2166.89;732.19;189.95;2166.89;2166.89
07.09.2022 04:00:00;07.09.2022 05:00:00;2473.37;739.31;192.62;2473.37;2473.37
07.09.2022 05:00:00;07.09.2022 06:00:00;2869;762.07;249.9;2869;2869
07.09.2022 06:00:00;07.09.2022 07:00:00;4670.33;781.55;507.42;4384.92;4384.92
07.09.2022 07:00:00;07.09.2022 08:00:00;5143.42;779.97;570.54;1921.04;1921.04
07.09.2022 08:00:00;07.09.2022 09:00:00;5191.6;877.32;498.71;1845.56;1845.56
07.09.2022 09:00:00;07.09.2022 10:00:00;4958.22;906.11;250.39;4958.22;4958.22
07.09.2022 10:00:00;07.09.2022 11:00:00;4649.16;902.94;559.55;4649.16;4649.16
07.09.2022 11:00:00;07.09.2022 12:00:00;4455.65;917.88;638.9;1947.36;1947.36
07.09.2022 12:00:00;07.09.2022 13:00:00;3887.79;914.22;588.44;1967.44;1967.44
07.09.2022 13:00:00;07.09.2022 14:00:00;3862.17;892.95;250.49;1959.72;1959.72
07.09.2022 14:00:00;07.09.2022 15:00:00;3924.1;872.97;629.6;1960.91;1960.91
07.09.2022 15:00:00;07.09.2022 16:00:00;3956.94;860.7;180.45;1956.36;1956.36
07.09.2022 16:00:00;07.09.2022 17:00:00;4299.94;789.77;171.25;1841.6;1841.6
07.09.2022 17:00:00;07.09.2022 18:00:00;5030.34;771.56;167.79;1782.24;1782.24
07.09.2022 18:00:00;07.09.2022 19:00:00;5227.22;759;198.85;1890.57;1890.57
07.09.2022 19:00:00;07.09.2022 20:00:00;5441.3;766.32;199.25;1838.43;1838.43
07.09.2022 20:00:00;07.09.2022 21:00:00;4964.36;791.15;621.48;1942.81;1942.81
07.09.2022 21:00:00;07.09.2022 22:00:00;3319.83;765.63;499.9;1964.57;1964.57
07.09.2022 22:00:00;07.09.2022 23:00:00;2473.28;746.14;199.05;1552.72;1552.72
07.09.2022 23:00:00;08.09.2022 00:00:00;1764.93;711.81;164.23;1443.9;1443.9
08.09.2022 00:00:00;08.09.2022 01:00:00;922.39;727.68;255.31;922.39;922.39
08.09.2022 01:00:00;08.09.2022 02:00:00;1252;734.43;250.34;1252;1252
08.09.2022 02:00:00;08.09.2022 03:00:00;1192.7;735.82;230.77;1192.7;1192.7
08.09.2022 03:00:00;08.09.2022 04:00:00;1223.99;740.2;214.08;1223.99;1223.99
08.09.2022 04:00:00;08.09.2022 05:00:00;1893.06;743.47;218.75;1893.06;1893.06
08.09.2022 05:00:00;08.09.2022 06:00:00;2783.75;747.35;250.24;942.75;942.75
08.09.2022 06:00:00;08.09.2022 07:00:00;3299.14;787.58;192.62;1005.14;1005.14
08.09.2022 07:00:00;08.09.2022 08:00:00;4860.29;983.48;221.63;1008.32;1008.32
08.09.2022 08:00:00;08.09.2022 09:00:00;5044.67;914.74;914.74;1007.13;1007.13
08.09.2022 09:00:00;08.09.2022 10:00:00;4733.14;914.74;914.74;1008.02;1008.02
08.09.2022 10:00:00;08.09.2022 11:00:00;4181.19;815.4;815.4;1012.69;1012.69
08.09.2022 11:00:00;08.09.2022 12:00:00;2981.05;814.8;814.8;1011.2;1011.2
08.09.2022 12:00:00;08.09.2022 13:00:00;2854.09;815.5;815.5;985.37;985.37
08.09.2022 13:00:00;08.09.2022 14:00:00;2651.83;865.46;815.5;984.08;984.08
08.09.2022 14:00:00;08.09.2022 15:00:00;2175.98;910.57;910.57;980.6;980.6
08.09.2022 15:00:00;08.09.2022 16:00:00;2467.05;914.54;914.54;984.77;984.77
08.09.2022 16:00:00;08.09.2022 17:00:00;2874.25;929.44;929.44;990.83;990.83
08.09.2022 17:00:00;08.09.2022 18:00:00;4364.48;912.45;912.45;982.89;982.89
08.09.2022 18:00:00;08.09.2022 19:00:00;4672.04;800;252.82;997.39;997.39
08.09.2022 19:00:00;08.09.2022 20:00:00;4768.1;901.23;268.22;967.69;967.69
08.09.2022 20:00:00;08.09.2022 21:00:00;4579.26;948.91;666.68;948.91;948.91
08.09.2022 21:00:00;08.09.2022 22:00:00;3327.25;916.73;726.19;916.73;916.73
08.09.2022 22:00:00;08.09.2022 23:00:00;1628.31;862.88;663.11;862.88;862.88
08.09.2022 23:00:00;09.09.2022 00:00:00;852.45;734.04;312.13;734.04;734.04
09.09.2022 00:00:00;09.09.2022 01:00:00;2017.06;801.47;801.47;801.47;801.47
09.09.2022 01:00:00;09.09.2022 02:00:00;1203.25;782.3;732.83;782.3;782.3
09.09.2022 02:00:00;09.09.2022 03:00:00;1029.45;802.47;289.3;802.47;802.47
09.09.2022 03:00:00;09.09.2022 04:00:00;1018.61;786.71;284.98;786.71;786.71
09.09.2022 04:00:00;09.09.2022 05:00:00;1204.15;780.59;286.59;780.59;780.59
09.09.2022 05:00:00;09.09.2022 06:00:00;2768.35;858.16;342.78;858.16;858.16
09.09.2022 06:00:00;09.09.2022 07:00:00;3049.42;924.19;924.19;952.39;952.39
09.09.2022 07:00:00;09.09.2022 08:00:00;3807.24;903.12;823.44;951.58;951.58
09.09.2022 08:00:00;09.09.2022 09:00:00;3934.57;990.52;990.52;990.52;990.52
09.09.2022 09:00:00;09.09.2022 10:00:00;3682.4;1004.37;1004.37;1004.37;1004.37
09.09.2022 10:00:00;09.09.2022 11:00:00;3457.93;1012.39;1012.39;1012.39;1012.39
09.09.2022 11:00:00;09.09.2022 12:00:00;3230.65;1005.27;1005.27;1005.27;1005.27
09.09.2022 12:00:00;09.09.2022 13:00:00;2975.47;992.83;992.83;992.83;992.83
09.09.2022 13:00:00;09.09.2022 14:00:00;2800.26;1001.15;1001.15;1001.15;1001.15
09.09.2022 14:00:00;09.09.2022 15:00:00;2511.36;962.42;823.04;991.72;991.72
09.09.2022 15:00:00;09.09.2022 16:00:00;2591.84;964.03;353.52;986;986
09.09.2022 16:00:00;09.09.2022 17:00:00;2636.9;952.59;299.93;969.44;969.44
09.09.2022 17:00:00;09.09.2022 18:00:00;3165.52;953.39;283.58;960.51;960.51
09.09.2022 18:00:00;09.09.2022 19:00:00;4213.84;970.05;266.62;970.05;970.05
09.09.2022 19:00:00;09.09.2022 20:00:00;4514.98;938.54;269.93;938.54;938.54
09.09.2022 20:00:00;09.09.2022 21:00:00;3902.87;897.4;327.63;897.4;897.4
09.09.2022 21:00:00;09.09.2022 22:00:00;3010.49;902.41;315.39;902.41;902.41
09.09.2022 22:00:00;09.09.2022 23:00:00;1618.18;906.83;279.26;906.83;906.83
09.09.2022 23:00:00;10.09.2022 00:00:00;823.74;823.74;252.07;823.74;823.74
10.09.2022 00:00:00;10.09.2022 01:00:00;908.58;908.58;270.3;908.58;908.58
10.09.2022 01:00:00;10.09.2022 02:00:00;900.79;900.79;251.04;900.79;900.79
10.09.2022 02:00:00;10.09.2022 03:00:00;909.77;909.77;241.66;909.77;909.77
10.09.2022 03:00:00;10.09.2022 04:00:00;930.33;930.33;230.49;930.33;930.33
10.09.2022 04:00:00;10.09.2022 05:00:00;948.49;948.49;211.43;948.49;948.49
10.09.2022 05:00:00;10.09.2022 06:00:00;985.3;985.3;211.23;985.3;985.3
10.09.2022 06:00:00;10.09.2022 07:00:00;851.3;851.3;187.98;851.3;851.3
10.09.2022 07:00:00;10.09.2022 08:00:00;1006.16;1006.16;159.44;1006.16;1006.16
10.09.2022 08:00:00;10.09.2022 09:00:00;1904.16;1081.49;303.52;1081.49;1081.49
10.09.2022 09:00:00;10.09.2022 10:00:00;2394.66;1246.82;777.37;1246.82;1246.82
10.09.2022 10:00:00;10.09.2022 11:00:00;2589.73;1122;818.28;1122;1122
10.09.2022 11:00:00;10.09.2022 12:00:00;2710.76;1011.05;756.12;1011.05;1011.05
10.09.2022 12:00:00;10.09.2022 13:00:00;2792.98;997.08;611.24;997.08;997.08
10.09.2022 13:00:00;10.09.2022 14:00:00;2793.48;997.08;521.04;997.08;997.08
10.09.2022 14:00:00;10.09.2022 15:00:00;2793.48;999.47;401.11;999.47;999.47
10.09.2022 15:00:00;10.09.2022 16:00:00;2987.74;1008.75;551.97;1008.75;1008.75
10.09.2022 16:00:00;10.09.2022 17:00:00;2893.65;1006.06;776.77;1006.06;1006.06
10.09.2022 17:00:00;10.09.2022 18:00:00;3360.51;1003.76;818.38;1003.76;1003.76
10.09.2022 18:00:00;10.09.2022 19:00:00;3461.09;1875.92;228.09;1875.92;1875.92
10.09.2022 19:00:00;10.09.2022 20:00:00;3491.62;1801.29;231.48;1801.29;1801.29
10.09.2022 20:00:00;10.09.2022 21:00:00;3583.42;1336.92;288.06;1336.92;1336.92
10.09.2022 21:00:00;10.09.2022 22:00:00;3320.3;1301.9;318.89;1301.9;1301.9
10.09.2022 22:00:00;10.09.2022 23:00:00;2841.77;1107.53;341.94;1107.53;1107.53
10.09.2022 23:00:00;11.09.2022 00:00:00;2045.44;1125.19;288.76;1125.19;1125.19
11.09.2022 00:00:00;11.09.2022 01:00:00;2597.79;2597.79;250.99;2597.79;2597.79
11.09.2022 01:00:00;11.09.2022 02:00:00;2602.99;2602.99;250.99;2602.99;2602.99
11.09.2022 02:00:00;11.09.2022 03:00:00;2507.27;2507.27;250.89;2507.27;2507.27
11.09.2022 03:00:00;11.09.2022 04:00:00;2449.32;2449.32;250.89;2449.32;2449.32
11.09.2022 04:00:00;11.09.2022 05:00:00;2369.49;2369.49;250.99;2369.49;2369.49
11.09.2022 05:00:00;11.09.2022 06:00:00;2374.38;2374.38;257.18;2374.38;2374.38
11.09.2022 06:00:00;11.09.2022 07:00:00;2503.87;1229.76;266.87;1229.76;1229.76
11.09.2022 07:00:00;11.09.2022 08:00:00;2700.9;1248.74;299.15;1248.74;1248.74
11.09.2022 08:00:00;11.09.2022 09:00:00;2902.03;1406.21;299.45;1406.21;1406.21
11.09.2022 09:00:00;11.09.2022 10:00:00;2677.33;1332.17;549.53;1332.17;1332.17
11.09.2022 10:00:00;11.09.2022 11:00:00;2706.9;1305.19;765.25;1305.19;1305.19
11.09.2022 11:00:00;11.09.2022 12:00:00;2712;1098.17;760.85;1098.17;1098.17
11.09.2022 12:00:00;11.09.2022 13:00:00;2661.74;1078.48;315.73;1078.48;1078.48
11.09.2022 13:00:00;11.09.2022 14:00:00;2605.59;1048.91;299.05;1048.91;1048.91
11.09.2022 14:00:00;11.09.2022 15:00:00;2515.86;1094.87;283.06;1094.87;1094.87
11.09.2022 15:00:00;11.09.2022 16:00:00;2896.24;1299.4;287.66;1299.4;1299.4
11.09.2022 16:00:00;11.09.2022 17:00:00;2755.06;1891.59;250.99;1891.59;1891.59
11.09.2022 17:00:00;11.09.2022 18:00:00;3077.68;1997.2;250.59;1997.2;1997.2
11.09.2022 18:00:00;11.09.2022 19:00:00;3463.26;2189.44;250.09;2189.44;2189.44
11.09.2022 19:00:00;11.09.2022 20:00:00;3995.8;2497.38;242.09;2497.38;2497.38
11.09.2022 20:00:00;11.09.2022 21:00:00;3695.06;2650.65;272.27;2650.65;2650.65
11.09.2022 21:00:00;11.09.2022 22:00:00;3391.12;2150.97;281.36;2150.97;2150.97
11.09.2022 22:00:00;11.09.2022 23:00:00;2897.04;2048.16;279.36;2048.16;2048.16
11.09.2022 23:00:00;12.09.2022 00:00:00;2576.91;1467.15;254.38;1467.15;1467.15
12.09.2022 00:00:00;12.09.2022 01:00:00;2385.67;1033.12;272.37;1033.12;1033.12
12.09.2022 01:00:00;12.09.2022 02:00:00;2013.99;1016.14;261.18;1016.14;1016.14
12.09.2022 02:00:00;12.09.2022 03:00:00;1998.3;1011.94;259.88;1011.94;1011.94
12.09.2022 03:00:00;12.09.2022 04:00:00;2047.96;1013.74;263.98;1013.74;1013.74
12.09.2022 04:00:00;12.09.2022 05:00:00;2268.67;1017.84;280.86;1017.84;1017.84
12.09.2022 05:00:00;12.09.2022 06:00:00;2502.07;1219.86;819.4;1219.86;1219.86
12.09.2022 06:00:00;12.09.2022 07:00:00;2750.06;1019.63;308.04;1019.63;1019.63
12.09.2022 07:00:00;12.09.2022 08:00:00;2458.41;2458.41;2458.41;2458.41;2458.41
12.09.2022 08:00:00;12.09.2022 09:00:00;2811.61;2811.61;2811.61;2811.61;2811.61
12.09.2022 09:00:00;12.09.2022 10:00:00;4585.8;4585.8;4585.8;4585.8;4585.8
12.09.2022 10:00:00;12.09.2022 11:00:00;4046.76;4046.76;4046.76;4046.76;4046.76
12.09.2022 11:00:00;12.09.2022 12:00:00;3590.45;3590.45;3590.45;3590.45;3590.45
12.09.2022 12:00:00;12.09.2022 13:00:00;3510.32;3510.32;3510.32;3510.32;3510.32
12.09.2022 13:00:00;12.09.2022 14:00:00;2831.69;2831.69;2831.69;2831.69;2831.69
12.09.2022 14:00:00;12.09.2022 15:00:00;2728.48;2728.48;2728.48;2728.48;2728.48
12.09.2022 15:00:00;12.09.2022 16:00:00;2672.03;2672.03;2672.03;2672.03;2672.03
12.09.2022 16:00:00;12.09.2022 17:00:00;2769.35;2769.35;2769.35;2769.35;2769.35
12.09.2022 17:00:00;12.09.2022 18:00:00;2697.91;2697.91;2697.91;2697.91;2697.91
12.09.2022 18:00:00;12.09.2022 19:00:00;2498.58;1532.9;1532.9;1532.9;1532.9
12.09.2022 19:00:00;12.09.2022 20:00:00;2497.88;1046.91;1046.91;1046.91;1046.91
12.09.2022 20:00:00;12.09.2022 21:00:00;2505.87;1005.65;1005.65;1005.65;1005.65
12.09.2022 21:00:00;12.09.2022 22:00:00;2192.54;998.05;998.05;998.05;998.05
12.09.2022 22:00:00;12.09.2022 23:00:00;882.95;882.95;882.95;882.95;882.95
12.09.2022 23:00:00;13.09.2022 00:00:00;699.31;699.31;699.31;699.31;699.31
13.09.2022 00:00:00;13.09.2022 01:00:00;486.02;486.02;486.02;486.02;486.02
13.09.2022 01:00:00;13.09.2022 02:00:00;366.26;366.26;366.26;366.26;366.26
13.09.2022 02:00:00;13.09.2022 03:00:00;298.55;298.55;298.55;298.55;298.55
13.09.2022 03:00:00;13.09.2022 04:00:00;279.11;279.11;279.11;279.11;279.11
13.09.2022 04:00:00;13.09.2022 05:00:00;284.79;284.79;284.79;284.79;284.79
13.09.2022 05:00:00;13.09.2022 06:00:00;448.23;448.23;448.23;448.23;448.23
13.09.2022 06:00:00;13.09.2022 07:00:00;655.14;655.14;349.81;655.14;655.14
13.09.2022 07:00:00;13.09.2022 08:00:00;747.28;747.28;747.28;747.28;747.28
13.09.2022 08:00:00;13.09.2022 09:00:00;1019.81;837.62;837.62;837.62;837.62
13.09.2022 09:00:00;13.09.2022 10:00:00;1399.73;822.47;822.47;822.47;822.47
13.09.2022 10:00:00;13.09.2022 11:00:00;1741.46;897.45;897.45;897.45;897.45
13.09.2022 11:00:00;13.09.2022 12:00:00;1299.61;947.81;818.28;947.81;947.81
13.09.2022 12:00:00;13.09.2022 13:00:00;903.84;903.84;817.88;903.84;903.84
13.09.2022 13:00:00;13.09.2022 14:00:00;867.44;867.44;817.68;867.44;867.44
13.09.2022 14:00:00;13.09.2022 15:00:00;794.45;794.45;728.43;794.45;794.45
13.09.2022 15:00:00;13.09.2022 16:00:00;794.65;794.65;794.65;794.65;794.65
13.09.2022 16:00:00;13.09.2022 17:00:00;713.38;713.38;350.31;713.38;713.38
13.09.2022 17:00:00;13.09.2022 18:00:00;688.65;688.65;350.31;688.65;688.65
13.09.2022 18:00:00;13.09.2022 19:00:00;692.64;692.64;692.64;692.64;692.64
13.09.2022 19:00:00;13.09.2022 20:00:00;1195.71;689.84;689.84;689.84;689.84
13.09.2022 20:00:00;13.09.2022 21:00:00;672.59;672.59;672.59;672.59;672.59
13.09.2022 21:00:00;13.09.2022 22:00:00;646.47;646.47;646.47;646.47;646.47
13.09.2022 22:00:00;13.09.2022 23:00:00;480.94;480.94;480.94;480.94;480.94
13.09.2022 23:00:00;14.09.2022 00:00:00;286.69;286.69;286.69;286.69;286.69
14.09.2022 00:00:00;14.09.2022 01:00:00;333.14;333.14;333.14;333.14;333.14
14.09.2022 01:00:00;14.09.2022 02:00:00;300.31;300.31;300.31;300.31;300.31
14.09.2022 02:00:00;14.09.2022 03:00:00;291.8;291.8;291.8;291.8;291.8
14.09.2022 03:00:00;14.09.2022 04:00:00;285.19;285.19;285.19;285.19;285.19
14.09.2022 04:00:00;14.09.2022 05:00:00;346.95;346.95;309.82;346.95;346.95
14.09.2022 05:00:00;14.09.2022 06:00:00;500.61;500.61;500.61;500.61;500.61
14.09.2022 06:00:00;14.09.2022 07:00:00;715.93;651.16;295.9;715.93;715.93
14.09.2022 07:00:00;14.09.2022 08:00:00;1832.57;731.74;501.91;780.19;780.19
14.09.2022 08:00:00;14.09.2022 09:00:00;1847.28;820.54;501.01;820.54;820.54
14.09.2022 09:00:00;14.09.2022 10:00:00;1882.42;879.9;501.31;879.9;879.9
14.09.2022 10:00:00;14.09.2022 11:00:00;1542.47;928.55;921.04;928.55;928.55
14.09.2022 11:00:00;14.09.2022 12:00:00;1200.42;950.77;821.54;950.77;950.77
14.09.2022 12:00:00;14.09.2022 13:00:00;924.04;924.04;821.14;924.04;924.04
14.09.2022 13:00:00;14.09.2022 14:00:00;901.22;901.22;501.71;901.22;901.22
14.09.2022 14:00:00;14.09.2022 15:00:00;901.82;901.82;501.61;901.82;901.82
14.09.2022 15:00:00;14.09.2022 16:00:00;875.29;667.08;667.08;875.29;875.29
14.09.2022 16:00:00;14.09.2022 17:00:00;854.57;680.69;680.69;854.57;854.57
14.09.2022 17:00:00;14.09.2022 18:00:00;843.16;660.97;660.97;800.51;800.51
14.09.2022 18:00:00;14.09.2022 19:00:00;1132.85;674.49;674.49;800.01;800.01
14.09.2022 19:00:00;14.09.2022 20:00:00;1179;681.39;681.39;779.09;779.09
14.09.2022 20:00:00;14.09.2022 21:00:00;763.58;700.61;700.61;763.58;763.58
14.09.2022 21:00:00;14.09.2022 22:00:00;651.26;651.26;651.26;651.26;651.26
14.09.2022 22:00:00;14.09.2022 23:00:00;531.24;531.24;531.24;531.24;531.24
14.09.2022 23:00:00;15.09.2022 00:00:00;341.95;341.95;341.95;341.95;341.95
15.09.2022 00:00:00;15.09.2022 01:00:00;151.84;151.84;151.84;151.84;151.84
15.09.2022 01:00:00;15.09.2022 02:00:00;148.41;148.41;148.41;148.41;148.41
15.09.2022 02:00:00;15.09.2022 03:00:00;145.88;145.88;145.88;145.88;145.88
15.09.2022 03:00:00;15.09.2022 04:00:00;146.59;146.59;146.59;146.59;146.59
15.09.2022 04:00:00;15.09.2022 05:00:00;151.74;151.74;151.74;151.74;151.74
15.09.2022 05:00:00;15.09.2022 06:00:00;276.11;276.11;276.11;276.11;276.11
15.09.2022 06:00:00;15.09.2022 07:00:00;522.81;522.81;522.81;522.81;522.81
15.09.2022 07:00:00;15.09.2022 08:00:00;1515.1;657.38;657.38;657.38;657.38
15.09.2022 08:00:00;15.09.2022 09:00:00;1929.21;732.34;732.34;732.34;732.34
15.09.2022 09:00:00;15.09.2022 10:00:00;1798.07;685.67;685.67;685.67;685.67
15.09.2022 10:00:00;15.09.2022 11:00:00;2018.11;668.39;668.39;668.39;668.39
15.09.2022 11:00:00;15.09.2022 12:00:00;2051.25;617.58;617.58;617.58;617.58
15.09.2022 12:00:00;15.09.2022 13:00:00;1956.38;611.92;611.92;611.92;611.92
15.09.2022 13:00:00;15.09.2022 14:00:00;1799.18;616.97;616.97;616.97;616.97
15.09.2022 14:00:00;15.09.2022 15:00:00;1713.51;616.97;616.97;616.97;616.97
15.09.2022 15:00:00;15.09.2022 16:00:00;1526.72;630.81;630.81;630.81;630.81
15.09.2022 16:00:00;15.09.2022 17:00:00;876.51;605.96;605.96;605.96;605.96
15.09.2022 17:00:00;15.09.2022 18:00:00;1776.05;617.68;617.68;617.68;617.68
15.09.2022 18:00:00;15.09.2022 19:00:00;1964.16;652.94;652.94;652.94;652.94
15.09.2022 19:00:00;15.09.2022 20:00:00;2019.52;662.33;282.87;662.33;662.33
15.09.2022 20:00:00;15.09.2022 21:00:00;1987.4;619.29;619.29;660.92;660.92
15.09.2022 21:00:00;15.09.2022 22:00:00;1398.01;603.53;603.53;656.88;656.88
15.09.2022 22:00:00;15.09.2022 23:00:00;561.61;561.61;556.05;561.61;561.61
15.09.2022 23:00:00;16.09.2022 00:00:00;358.14;358.14;344.91;358.14;358.14
16.09.2022 00:00:00;16.09.2022 01:00:00;343.56;343.56;271.59;343.56;343.56
16.09.2022 01:00:00;16.09.2022 02:00:00;315.15;315.15;259.46;315.15;315.15
16.09.2022 02:00:00;16.09.2022 03:00:00;295.24;295.24;254.41;295.24;295.24
16.09.2022 03:00:00;16.09.2022 04:00:00;294.64;294.64;251.98;294.64;294.64
16.09.2022 04:00:00;16.09.2022 05:00:00;338.91;295.55;252.49;338.91;338.91
16.09.2022 05:00:00;16.09.2022 06:00:00;392.78;302.92;257.64;392.78;392.78
16.09.2022 06:00:00;16.09.2022 07:00:00;873.9;283.52;283.52;520.24;520.24
16.09.2022 07:00:00;16.09.2022 08:00:00;1907.6;390.25;390.25;564;564
16.09.2022 08:00:00;16.09.2022 09:00:00;2485.25;454.34;454.34;566.23;566.23
16.09.2022 09:00:00;16.09.2022 10:00:00;2654.35;537.72;537.72;537.72;537.72
16.09.2022 10:00:00;16.09.2022 11:00:00;1877.48;501.44;501.44;531.05;531.05
16.09.2022 11:00:00;16.09.2022 12:00:00;1130.63;454.03;454.03;532.47;532.47
16.09.2022 12:00:00;16.09.2022 13:00:00;818.21;453.93;453.93;524.68;524.68
16.09.2022 13:00:00;16.09.2022 14:00:00;1077.27;426.14;426.14;488.7;488.7
16.09.2022 14:00:00;16.09.2022 15:00:00;386.01;368.32;255.01;386.01;386.01
16.09.2022 15:00:00;16.09.2022 16:00:00;444.43;341.54;241.47;444.43;444.43
16.09.2022 16:00:00;16.09.2022 17:00:00;1819.36;336.08;227.52;473.54;473.54
16.09.2022 17:00:00;16.09.2022 18:00:00;1759.12;339.51;214.18;456.36;456.36
16.09.2022 18:00:00;16.09.2022 19:00:00;2108.85;307.88;209.02;400.66;400.66
16.09.2022 19:00:00;16.09.2022 20:00:00;1989.98;320.01;212.36;390.96;390.96
16.09.2022 20:00:00;16.09.2022 21:00:00;1617.01;334.97;211.75;387.12;387.12
16.09.2022 21:00:00;16.09.2022 22:00:00;1156.11;372.97;199.83;372.97;372.97
16.09.2022 22:00:00;16.09.2022 23:00:00;889.67;299.59;184.36;299.59;299.59
16.09.2022 23:00:00;17.09.2022 00:00:00;149.9;149.9;149.9;149.9;149.9
17.09.2022 00:00:00;17.09.2022 01:00:00;236.94;236.94;199.35;236.94;236.94
17.09.2022 01:00:00;17.09.2022 02:00:00;160.34;160.34;160.34;160.34;160.34
17.09.2022 02:00:00;17.09.2022 03:00:00;152.78;152.78;152.78;152.78;152.78
17.09.2022 03:00:00;17.09.2022 04:00:00;152.89;152.89;152.89;152.89;152.89
17.09.2022 04:00:00;17.09.2022 05:00:00;161.06;161.06;161.06;161.06;161.06
17.09.2022 05:00:00;17.09.2022 06:00:00;209.77;209.77;162.69;209.77;209.77
17.09.2022 06:00:00;17.09.2022 07:00:00;245.31;245.31;180.15;245.31;245.31
17.09.2022 07:00:00;17.09.2022 08:00:00;311.9;311.9;181.28;311.9;311.9
17.09.2022 08:00:00;17.09.2022 09:00:00;1143.63;383.59;383.59;383.59;383.59
17.09.2022 09:00:00;17.09.2022 10:00:00;1339.71;399.01;399.01;399.01;399.01
17.09.2022 10:00:00;17.09.2022 11:00:00;1810.93;429.55;429.55;429.55;429.55
17.09.2022 11:00:00;17.09.2022 12:00:00;1830.64;457.02;457.02;457.02;457.02
17.09.2022 12:00:00;17.09.2022 13:00:00;1937.47;368.68;368.68;368.68;368.68
17.09.2022 13:00:00;17.09.2022 14:00:00;1408.24;225.6;225.6;225.6;225.6
17.09.2022 14:00:00;17.09.2022 15:00:00;1848.1;223.15;223.15;223.15;223.15
17.09.2022 15:00:00;17.09.2022 16:00:00;1810.42;255.12;255.12;255.12;255.12
17.09.2022 16:00:00;17.09.2022 17:00:00;1863.32;359.29;359.29;359.29;359.29
17.09.2022 17:00:00;17.09.2022 18:00:00;1956.16;476.02;476.02;476.02;476.02
17.09.2022 18:00:00;17.09.2022 19:00:00;1900.8;431.9;243.78;431.9;431.9
17.09.2022 19:00:00;17.09.2022 20:00:00;1796.84;432.82;268.8;432.82;432.82
17.09.2022 20:00:00;17.09.2022 21:00:00;1086.23;434.96;275.34;434.96;434.96
17.09.2022 21:00:00;17.09.2022 22:00:00;1498.32;457.02;274.83;457.02;457.02
17.09.2022 22:00:00;17.09.2022 23:00:00;1479.01;456.51;267.27;456.51;456.51
17.09.2022 23:00:00;18.09.2022 00:00:00;441.29;441.29;250.72;441.29;441.29
18.09.2022 00:00:00;18.09.2022 01:00:00;281.32;281.32;196.11;281.32;281.32
18.09.2022 01:00:00;18.09.2022 02:00:00;277.12;277.12;181.16;277.12;277.12
18.09.2022 02:00:00;18.09.2022 03:00:00;227.25;227.25;180.65;227.25;227.25
18.09.2022 03:00:00;18.09.2022 04:00:00;278.24;278.24;174.3;278.24;278.24
18.09.2022 04:00:00;18.09.2022 05:00:00;348.39;348.39;169.9;348.39;348.39
18.09.2022 05:00:00;18.09.2022 06:00:00;323.51;323.51;165.49;323.51;323.51
18.09.2022 06:00:00;18.09.2022 07:00:00;252.34;252.34;180.55;252.34;252.34
18.09.2022 07:00:00;18.09.2022 08:00:00;587.93;358.64;181.37;511.12;511.12
18.09.2022 08:00:00;18.09.2022 09:00:00;1068.64;389.05;200.82;547.68;547.68
18.09.2022 09:00:00;18.09.2022 10:00:00;1159.27;400.62;224.79;552.39;552.39
18.09.2022 10:00:00;18.09.2022 11:00:00;1003.81;359.35;234.11;570.21;570.21
18.09.2022 11:00:00;18.09.2022 12:00:00;1077.85;346.14;231.75;565.19;565.19
18.09.2022 12:00:00;18.09.2022 13:00:00;1077.85;297.4;225.91;557.92;557.92
18.09.2022 13:00:00;18.09.2022 14:00:00;935.4;255;220.38;362.22;362.22
18.09.2022 14:00:00;18.09.2022 15:00:00;1077.75;249.47;217.82;330.17;330.17
18.09.2022 15:00:00;18.09.2022 16:00:00;1078.36;245.88;220.38;347.88;347.88
18.09.2022 16:00:00;18.09.2022 17:00:00;1078.36;246.91;221;490.85;490.85
18.09.2022 17:00:00;18.09.2022 18:00:00;1404.02;211.99;211.99;419.06;419.06
18.09.2022 18:00:00;18.09.2022 19:00:00;1868.96;226.22;226.22;373.59;373.59
18.09.2022 19:00:00;18.09.2022 20:00:00;2067.84;248.75;245.78;357.41;357.41
18.09.2022 20:00:00;18.09.2022 21:00:00;2151.3;256.74;254.9;350.03;350.03
18.09.2022 21:00:00;18.09.2022 22:00:00;1871.52;270.56;245.47;342.05;342.05
18.09.2022 22:00:00;18.09.2022 23:00:00;1536.13;260.02;222.74;339.69;339.69
18.09.2022 23:00:00;19.09.2022 00:00:00;1092.7;250.08;199.9;338.87;338.87
19.09.2022 00:00:00;19.09.2022 01:00:00;326.07;162.11;162.11;326.07;326.07
19.09.2022 01:00:00;19.09.2022 02:00:00;304.26;153.31;153.31;304.26;304.26
19.09.2022 02:00:00;19.09.2022 03:00:00;284.39;153;153;284.39;284.39
19.09.2022 03:00:00;19.09.2022 04:00:00;260.94;153;153;260.94;260.94
19.09.2022 04:00:00;19.09.2022 05:00:00;286.23;153.1;153.1;286.23;286.23
19.09.2022 05:00:00;19.09.2022 06:00:00;331.7;163.34;163.34;331.7;331.7
19.09.2022 06:00:00;19.09.2022 07:00:00;1218.87;386.18;146.34;386.18;386.18
19.09.2022 07:00:00;19.09.2022 08:00:00;2709.22;440.15;150.13;440.15;440.15
19.09.2022 08:00:00;19.09.2022 09:00:00;2456.48;449.37;151.26;449.37;449.37
19.09.2022 09:00:00;19.09.2022 10:00:00;2373.32;448.96;151.16;448.96;448.96
19.09.2022 10:00:00;19.09.2022 11:00:00;2379.47;444.66;150.75;444.66;444.66
19.09.2022 11:00:00;19.09.2022 12:00:00;2305.73;449.16;150.34;449.16;449.16
19.09.2022 12:00:00;19.09.2022 13:00:00;1906.85;448.96;148.6;448.96;448.96
19.09.2022 13:00:00;19.09.2022 14:00:00;1532.75;451.42;148.08;451.42;451.42
19.09.2022 14:00:00;19.09.2022 15:00:00;1399.83;449.27;149.21;449.27;449.27
19.09.2022 15:00:00;19.09.2022 16:00:00;1228.6;447.22;149.21;447.22;447.22
19.09.2022 16:00:00;19.09.2022 17:00:00;1146.57;379.73;379.73;379.73;379.73
19.09.2022 17:00:00;19.09.2022 18:00:00;409.53;388.33;388.33;388.33;388.33
19.09.2022 18:00:00;19.09.2022 19:00:00;377.58;377.58;377.58;377.58;377.58
19.09.2022 19:00:00;19.09.2022 20:00:00;422.44;389.05;389.05;389.05;389.05
19.09.2022 20:00:00;19.09.2022 21:00:00;367.55;367.55;367.55;367.55;367.55
19.09.2022 21:00:00;19.09.2022 22:00:00;333.03;333.03;333.03;333.03;333.03
19.09.2022 22:00:00;19.09.2022 23:00:00;249.16;249.16;249.16;249.16;249.16
19.09.2022 23:00:00;20.09.2022 00:00:00;150.03;150.03;150.03;150.03;150.03
20.09.2022 00:00:00;20.09.2022 01:00:00;131.69;248.09;153.86;131.69;248.09
20.09.2022 01:00:00;20.09.2022 02:00:00;95.77;281.55;153.66;95.77;281.55
20.09.2022 02:00:00;20.09.2022 03:00:00;89.71;275.81;153.56;89.71;275.81
20.09.2022 03:00:00;20.09.2022 04:00:00;101.72;257.33;153.56;101.72;257.33
20.09.2022 04:00:00;20.09.2022 05:00:00;199.13;292.33;199.13;199.13;292.33
20.09.2022 05:00:00;20.09.2022 06:00:00;256.61;256.61;256.61;256.61;256.61
20.09.2022 06:00:00;20.09.2022 07:00:00;319.12;451.53;174.19;319.12;451.53
20.09.2022 07:00:00;20.09.2022 08:00:00;393.23;577.58;219.76;393.23;577.58
20.09.2022 08:00:00;20.09.2022 09:00:00;467.44;693.26;227.36;467.44;693.26
20.09.2022 09:00:00;20.09.2022 10:00:00;642.45;863.65;225.41;642.45;863.65
20.09.2022 10:00:00;20.09.2022 11:00:00;953.46;953.46;221.61;953.46;953.46
20.09.2022 11:00:00;20.09.2022 12:00:00;1061.24;901.83;219.66;594.21;901.83
20.09.2022 12:00:00;20.09.2022 13:00:00;1060.83;852.26;217.09;617.1;852.26
20.09.2022 13:00:00;20.09.2022 14:00:00;1124.16;837.37;215.76;820.85;837.37
20.09.2022 14:00:00;20.09.2022 15:00:00;1176.2;979.02;215.45;979.02;979.02
20.09.2022 15:00:00;20.09.2022 16:00:00;1582.26;1000.17;164.23;1000.17;1000.17
20.09.2022 16:00:00;20.09.2022 17:00:00;1852.53;794.26;794.26;794.26;794.26
20.09.2022 17:00:00;20.09.2022 18:00:00;2012.65;841.68;841.68;841.68;841.68
20.09.2022 18:00:00;20.09.2022 19:00:00;2121.76;888.59;888.59;888.59;888.59
20.09.2022 19:00:00;20.09.2022 20:00:00;2235.08;954.7;954.7;1391.65;1391.65
20.09.2022 20:00:00;20.09.2022 21:00:00;2096.31;954.59;954.59;1419.68;1419.68
20.09.2022 21:00:00;20.09.2022 22:00:00;2118.58;777.53;603.24;1510.93;1510.93
20.09.2022 22:00:00;20.09.2022 23:00:00;2052.79;595.03;441.58;1475.93;1475.93
20.09.2022 23:00:00;21.09.2022 00:00:00;1597.66;501.21;415.71;1558.25;1558.25
21.09.2022 00:00:00;21.09.2022 01:00:00;2105.12;479.14;381.97;1040.44;1040.44
21.09.2022 01:00:00;21.09.2022 02:00:00;1980.64;416.69;334.83;1201.59;1201.59
21.09.2022 02:00:00;21.09.2022 03:00:00;2253.43;409.19;300.42;1121.27;1121.27
21.09.2022 03:00:00;21.09.2022 04:00:00;2310.85;415.15;289.13;1016.82;1016.82
21.09.2022 04:00:00;21.09.2022 05:00:00;2643.11;418.13;283.58;941.12;941.12
21.09.2022 05:00:00;21.09.2022 06:00:00;3501.75;446.37;281.73;963.2;963.2
21.09.2022 06:00:00;21.09.2022 07:00:00;4280.49;470.51;300.42;809.45;809.45
21.09.2022 07:00:00;21.09.2022 08:00:00;5407.52;486.84;331.85;834.51;834.51
21.09.2022 08:00:00;21.09.2022 09:00:00;5419.53;496.7;312.44;846.94;846.94
21.09.2022 09:00:00;21.09.2022 10:00:00;4386.69;482.53;307.1;892.95;892.95
21.09.2022 10:00:00;21.09.2022 11:00:00;3698.75;476.67;331.13;938.96;938.96
21.09.2022 11:00:00;21.09.2022 12:00:00;3303.32;454.69;326.1;914.11;914.11
21.09.2022 12:00:00;21.09.2022 13:00:00;3064.52;431.79;320.96;949.65;949.65
21.09.2022 13:00:00;21.09.2022 14:00:00;3104.48;431.58;307.51;929.72;929.72
21.09.2022 14:00:00;21.09.2022 15:00:00;3198.15;437.33;300.01;910.21;910.21
21.09.2022 15:00:00;21.09.2022 16:00:00;3388.36;472.87;292.41;859.78;859.78
21.09.2022 16:00:00;21.09.2022 17:00:00;3121.83;481.6;288;847.35;847.35
21.09.2022 17:00:00;21.09.2022 18:00:00;3053.53;500.09;283.99;822.7;822.7
21.09.2022 18:00:00;21.09.2022 19:00:00;4677.67;501.32;294.67;755.01;755.01
21.09.2022 19:00:00;21.09.2022 20:00:00;4195.76;502.76;304.43;754.4;754.4
21.09.2022 20:00:00;21.09.2022 21:00:00;2773.45;498.55;312.75;724.1;724.1
21.09.2022 21:00:00;21.09.2022 22:00:00;4138.55;473.38;302.27;709;709
21.09.2022 22:00:00;21.09.2022 23:00:00;3081.26;408.16;295.29;685.48;685.48
21.09.2022 23:00:00;22.09.2022 00:00:00;2165.2;364.92;284.81;645.42;645.42
22.09.2022 00:00:00;22.09.2022 01:00:00;1527.62;415.06;278.42;729.52;729.52
22.09.2022 01:00:00;22.09.2022 02:00:00;732.7;410.34;277.19;732.7;732.7
22.09.2022 02:00:00;22.09.2022 03:00:00;698.41;444.73;275.34;698.41;698.41
22.09.2022 03:00:00;22.09.2022 04:00:00;677.78;494.53;272.06;677.78;677.78
22.09.2022 04:00:00;22.09.2022 05:00:00;1361;512.7;271.03;703.34;703.34
22.09.2022 05:00:00;22.09.2022 06:00:00;2360.52;553.56;277.7;730.44;730.44
22.09.2022 06:00:00;22.09.2022 07:00:00;3784.86;521.12;285.61;731.47;731.47
22.09.2022 07:00:00;22.09.2022 08:00:00;4821.45;522.66;312.81;777.36;777.36
22.09.2022 08:00:00;22.09.2022 09:00:00;4877.09;529.23;321.44;818.22;818.22
22.09.2022 09:00:00;22.09.2022 10:00:00;3982.08;635.58;488.78;804.16;804.16
22.09.2022 10:00:00;22.09.2022 11:00:00;3427.9;646.36;313.22;1347.65;1347.65
22.09.2022 11:00:00;22.09.2022 12:00:00;3090.14;650.78;307.99;1760.97;1760.97
22.09.2022 12:00:00;22.09.2022 13:00:00;3021.98;650.78;299.36;882.8;882.8
22.09.2022 13:00:00;22.09.2022 14:00:00;2831.85;792.76;313.02;792.76;792.76
22.09.2022 14:00:00;22.09.2022 15:00:00;2957.4;776.44;325.34;776.44;776.44
22.09.2022 15:00:00;22.09.2022 16:00:00;3192.19;615.98;311.27;708.99;708.99
22.09.2022 16:00:00;22.09.2022 17:00:00;3776.65;611.87;390.12;654.06;654.06
22.09.2022 17:00:00;22.09.2022 18:00:00;4197.57;512.8;326.26;633.12;633.12
22.09.2022 18:00:00;22.09.2022 19:00:00;4199.11;512.7;300.6;670.59;670.59
22.09.2022 19:00:00;22.09.2022 20:00:00;3387.87;511.67;288.28;605.5;605.5
22.09.2022 20:00:00;22.09.2022 21:00:00;2269.36;510.44;283.86;558.07;558.07
22.09.2022 21:00:00;22.09.2022 22:00:00;2063.31;512.7;277.7;552.74;552.74
22.09.2022 22:00:00;22.09.2022 23:00:00;1395.18;518.04;255.84;555.82;555.82
22.09.2022 23:00:00;23.09.2022 00:00:00;500.07;500.07;209.23;500.07;500.07
23.09.2022 00:00:00;23.09.2022 01:00:00;511.48;511.48;198.93;511.48;511.48
23.09.2022 01:00:00;23.09.2022 02:00:00;479.19;479.19;180.03;479.19;479.19
23.09.2022 02:00:00;23.09.2022 03:00:00;481.74;481.74;179.82;481.74;481.74
23.09.2022 03:00:00;23.09.2022 04:00:00;507.8;507.8;180.03;507.8;507.8
23.09.2022 04:00:00;23.09.2022 05:00:00;529.15;529.15;183.2;529.15;529.15
23.09.2022 05:00:00;23.09.2022 06:00:00;697.12;697.12;209.45;697.12;697.12
23.09.2022 06:00:00;23.09.2022 07:00:00;2554.31;730.64;249.2;746.98;746.98
23.09.2022 07:00:00;23.09.2022 08:00:00;2519.47;801.13;258.5;763.02;801.13
23.09.2022 08:00:00;23.09.2022 09:00:00;2868.08;800.01;264.93;800.01;800.01
23.09.2022 09:00:00;23.09.2022 10:00:00;3698.34;764.66;264.93;775.18;775.18
23.09.2022 10:00:00;23.09.2022 11:00:00;3585.44;751.89;264.83;806.14;806.14
23.09.2022 11:00:00;23.09.2022 12:00:00;3459.15;740.44;264.52;800.73;800.73
23.09.2022 12:00:00;23.09.2022 13:00:00;3250.72;739.83;264.83;761.9;761.9
23.09.2022 13:00:00;23.09.2022 14:00:00;3017.15;746.57;267.79;760.78;760.78
23.09.2022 14:00:00;23.09.2022 15:00:00;3240.09;737.17;252.67;737.17;737.17
23.09.2022 15:00:00;23.09.2022 16:00:00;3218.13;723.48;249.71;723.48;723.48
23.09.2022 16:00:00;23.09.2022 17:00:00;2898.33;708.97;249.61;708.97;708.97
23.09.2022 17:00:00;23.09.2022 18:00:00;2774.9;682.51;249.71;682.51;682.51
23.09.2022 18:00:00;23.09.2022 19:00:00;2468.08;716.54;249.81;716.54;716.54
23.09.2022 19:00:00;23.09.2022 20:00:00;2252.09;710.2;250.02;710.2;710.2
23.09.2022 20:00:00;23.09.2022 21:00:00;1894.58;720.32;249.91;720.32;720.32
23.09.2022 21:00:00;23.09.2022 22:00:00;1636.8;712.24;249.61;712.24;712.24
23.09.2022 22:00:00;23.09.2022 23:00:00;720.42;720.42;249.51;720.42;720.42
23.09.2022 23:00:00;24.09.2022 00:00:00;584.84;584.84;246.13;584.84;584.84
24.09.2022 00:00:00;24.09.2022 01:00:00;628.6;628.6;240.09;628.6;628.6
24.09.2022 01:00:00;24.09.2022 02:00:00;613.29;613.29;231.56;613.29;613.29
24.09.2022 02:00:00;24.09.2022 03:00:00;617.3;617.3;225.09;617.3;617.3
24.09.2022 03:00:00;24.09.2022 04:00:00;623.46;623.46;222.11;623.46;623.46
24.09.2022 04:00:00;24.09.2022 05:00:00;658.51;658.51;222.72;658.51;658.51
24.09.2022 05:00:00;24.09.2022 06:00:00;675.06;675.06;223.03;675.06;675.06
24.09.2022 06:00:00;24.09.2022 07:00:00;689.96;640.63;233.93;689.96;689.96
24.09.2022 07:00:00;24.09.2022 08:00:00;720.59;659.85;241.23;720.59;720.59
24.09.2022 08:00:00;24.09.2022 09:00:00;1804.1;667.04;249.96;764.48;828.41
24.09.2022 09:00:00;24.09.2022 10:00:00;2456.34;694.79;250.48;768.28;831.7
24.09.2022 10:00:00;24.09.2022 11:00:00;2620.38;802.82;251.5;770.54;831.9
24.09.2022 11:00:00;24.09.2022 12:00:00;2415.85;790.07;250.78;790.07;790.07
24.09.2022 12:00:00;24.09.2022 13:00:00;2424.17;757.9;250.68;757.9;757.9
24.09.2022 13:00:00;24.09.2022 14:00:00;2506.19;703.02;250.78;745.88;745.88
24.09.2022 14:00:00;24.09.2022 15:00:00;2558.71;703.53;253.46;750.91;750.91
24.09.2022 15:00:00;24.09.2022 16:00:00;2582.76;699.21;257.36;761.5;761.5
24.09.2022 16:00:00;24.09.2022 17:00:00;3177.66;710.21;262.19;763.14;763.14
24.09.2022 17:00:00;24.09.2022 18:00:00;3696.39;681.74;267.33;763.55;763.55
24.09.2022 18:00:00;24.09.2022 19:00:00;3897.22;703.32;268.87;766.12;766.12
24.09.2022 19:00:00;24.09.2022 20:00:00;4036.18;719.67;270.11;766.74;766.74
24.09.2022 20:00:00;24.09.2022 21:00:00;2827.07;770.03;268.87;770.03;770.03
24.09.2022 21:00:00;24.09.2022 22:00:00;2588.52;719.56;265.38;766.74;766.74
24.09.2022 22:00:00;24.09.2022 23:00:00;2048.41;766.12;261.06;766.12;766.12
24.09.2022 23:00:00;25.09.2022 00:00:00;1334.91;764.99;250.78;764.99;764.99
25.09.2022 00:00:00;25.09.2022 01:00:00;920.09;828.8;232.3;828.8;828.8
25.09.2022 01:00:00;25.09.2022 02:00:00;832.73;832.73;209.86;832.73;832.73
25.09.2022 02:00:00;25.09.2022 03:00:00;813.71;813.71;200.46;813.71;813.71
25.09.2022 03:00:00;25.09.2022 04:00:00;801.61;801.61;198.7;801.61;801.61
25.09.2022 04:00:00;25.09.2022 05:00:00;836.76;567.66;195.8;836.76;836.76
25.09.2022 05:00:00;25.09.2022 06:00:00;1209.25;514.94;189.5;836.97;836.97
25.09.2022 06:00:00;25.09.2022 07:00:00;1263;438.75;182.78;754.27;754.27
25.09.2022 07:00:00;25.09.2022 08:00:00;1411.35;415.07;181.23;785.18;785.18
25.09.2022 08:00:00;25.09.2022 09:00:00;2018.1;413.11;181.33;754.78;754.78
25.09.2022 09:00:00;25.09.2022 10:00:00;2215.66;413.83;184.22;751.99;751.99
25.09.2022 10:00:00;25.09.2022 11:00:00;2514.94;413.94;181.12;746.72;746.72
25.09.2022 11:00:00;25.09.2022 12:00:00;2621.84;414.35;180.19;732.56;732.56
25.09.2022 12:00:00;25.09.2022 13:00:00;2228.27;417.76;177.81;743.82;743.82
25.09.2022 13:00:00;25.09.2022 14:00:00;2355.01;414.35;170.99;703.71;703.71
25.09.2022 14:00:00;25.09.2022 15:00:00;2132.44;414.35;169.13;662.98;662.98
25.09.2022 15:00:00;25.09.2022 16:00:00;2205.53;416.73;167.89;598.06;598.06
25.09.2022 16:00:00;25.09.2022 17:00:00;2371.35;424.27;167.17;576.35;576.35
25.09.2022 17:00:00;25.09.2022 18:00:00;3310.77;413.73;166.75;565.39;565.39
25.09.2022 18:00:00;25.09.2022 19:00:00;3630.11;412.49;166.34;604.36;604.36
25.09.2022 19:00:00;25.09.2022 20:00:00;3696.69;403.19;166.34;558.57;558.57
25.09.2022 20:00:00;25.09.2022 21:00:00;3316.97;392.85;166.03;527.55;527.55
25.09.2022 21:00:00;25.09.2022 22:00:00;2208.42;366.9;165.93;461.29;461.29
25.09.2022 22:00:00;25.09.2022 23:00:00;1262.8;350.36;165.41;457.05;457.05
25.09.2022 23:00:00;26.09.2022 00:00:00;443.61;309.52;165.2;443.61;443.61
26.09.2022 00:00:00;26.09.2022 01:00:00;1292.47;309.32;163.65;582.96;582.96
26.09.2022 01:00:00;26.09.2022 02:00:00;626.38;257.42;163.13;605.91;605.91
26.09.2022 02:00:00;26.09.2022 03:00:00;551.74;250.49;162.93;551.74;551.74
26.09.2022 03:00:00;26.09.2022 04:00:00;579.76;263.72;162.62;579.76;579.76
26.09.2022 04:00:00;26.09.2022 05:00:00;817.43;296.19;162.51;659.57;659.57
26.09.2022 05:00:00;26.09.2022 06:00:00;1240.36;312.11;163.24;660.29;660.29
26.09.2022 06:00:00;26.09.2022 07:00:00;2920.92;356.97;162.93;608.29;608.29
26.09.2022 07:00:00;26.09.2022 08:00:00;3368.97;501.5;151.14;703.4;703.4
26.09.2022 08:00:00;26.09.2022 09:00:00;3411.46;561.05;151.66;691.41;691.41
26.09.2022 09:00:00;26.09.2022 10:00:00;3054.8;677.35;151.56;677.35;677.35
26.09.2022 10:00:00;26.09.2022 11:00:00;2942.73;644.68;151.87;644.68;644.68
26.09.2022 11:00:00;26.09.2022 12:00:00;2821.26;644.48;151.76;644.48;644.48
26.09.2022 12:00:00;26.09.2022 13:00:00;2850.73;675.7;151.56;675.7;675.7
26.09.2022 13:00:00;26.09.2022 14:00:00;2935.19;599.4;151.45;661.02;661.02
26.09.2022 14:00:00;26.09.2022 15:00:00;2935.7;567.66;151.45;644.58;644.58
26.09.2022 15:00:00;26.09.2022 16:00:00;2528.07;558.77;151.56;638.79;638.79
26.09.2022 16:00:00;26.09.2022 17:00:00;2061.1;413.42;193.74;532.41;532.41
26.09.2022 17:00:00;26.09.2022 18:00:00;1860.96;354.91;200.46;581.93;581.93
26.09.2022 18:00:00;26.09.2022 19:00:00;1942.01;311.28;201.08;660.29;660.29
26.09.2022 19:00:00;26.09.2022 20:00:00;1945.42;309.52;203.97;657.19;657.19
26.09.2022 20:00:00;26.09.2022 21:00:00;1687.28;356.77;205.21;552.88;552.88
26.09.2022 21:00:00;26.09.2022 22:00:00;1073.2;334.75;203.14;438.23;438.23
26.09.2022 22:00:00;26.09.2022 23:00:00;1137.4;326.58;199.63;326.58;326.58
26.09.2022 23:00:00;27.09.2022 00:00:00;194.05;194.05;194.05;194.05;194.05
27.09.2022 00:00:00;27.09.2022 01:00:00;144.18;144.18;144.18;144.18;144.18
27.09.2022 01:00:00;27.09.2022 02:00:00;134.56;134.56;134.56;134.56;134.56
27.09.2022 02:00:00;27.09.2022 03:00:00;131.04;131.04;131.04;131.04;131.04
27.09.2022 03:00:00;27.09.2022 04:00:00;134.25;134.25;134.25;134.25;134.25
27.09.2022 04:00:00;27.09.2022 05:00:00;148.22;148.22;148.22;148.22;148.22
27.09.2022 05:00:00;27.09.2022 06:00:00;494.55;167.68;167.68;167.68;167.68
27.09.2022 06:00:00;27.09.2022 07:00:00;1765.28;255.87;192.11;255.87;255.87
27.09.2022 07:00:00;27.09.2022 08:00:00;930.72;366.1;234.85;614.92;614.92
27.09.2022 08:00:00;27.09.2022 09:00:00;1371.45;402.84;250.79;745.34;745.34
27.09.2022 09:00:00;27.09.2022 10:00:00;1684.86;433.27;260.63;724.02;724.02
27.09.2022 10:00:00;27.09.2022 11:00:00;1943.52;433.07;263.01;717.19;717.19
27.09.2022 11:00:00;27.09.2022 12:00:00;2080.56;416.82;267.98;711.7;711.7
27.09.2022 12:00:00;27.09.2022 13:00:00;2173.71;414.95;266.94;642.35;642.35
27.09.2022 13:00:00;27.09.2022 14:00:00;2070.21;414.02;267.77;629.93;629.93
27.09.2022 14:00:00;27.09.2022 15:00:00;2223.91;397.46;270.05;605.3;605.3
27.09.2022 15:00:00;27.09.2022 16:00:00;2070.21;398.91;273.05;594.33;594.33
27.09.2022 16:00:00;27.09.2022 17:00:00;2223.5;400.25;277.7;600.85;600.85
27.09.2022 17:00:00;27.09.2022 18:00:00;2110.58;367.03;268.6;642.25;642.25
27.09.2022 18:00:00;27.09.2022 19:00:00;2223.6;366.62;266.11;686.55;686.55
27.09.2022 19:00:00;27.09.2022 20:00:00;2064.83;366.51;267.35;674.44;674.44
27.09.2022 20:00:00;27.09.2022 21:00:00;1833.29;383.9;267.35;625.07;625.07
27.09.2022 21:00:00;27.09.2022 22:00:00;1535.5;369.31;264.35;542.06;542.06
27.09.2022 22:00:00;27.09.2022 23:00:00;1241.86;383.59;258.97;477.16;477.16
27.09.2022 23:00:00;28.09.2022 00:00:00;892.84;359.47;249.34;359.47;359.47
28.09.2022 00:00:00;28.09.2022 01:00:00;1004.66;371.46;274.05;471.26;471.26
28.09.2022 01:00:00;28.09.2022 02:00:00;883.98;368.46;268.25;467.12;467.12
28.09.2022 02:00:00;28.09.2022 03:00:00;807.04;365.98;271.56;473.74;473.74
28.09.2022 03:00:00;28.09.2022 04:00:00;831.96;365.67;280.66;482.94;482.94
28.09.2022 04:00:00;28.09.2022 05:00:00;1248.72;367.63;285.52;486.46;486.46
28.09.2022 05:00:00;28.09.2022 06:00:00;2410.36;371.77;300.31;523.58;523.58
28.09.2022 06:00:00;28.09.2022 07:00:00;3337.15;370.53;370.53;584.08;584.08
28.09.2022 07:00:00;28.09.2022 08:00:00;3240.57;413.24;413.24;713.76;713.76
28.09.2022 08:00:00;28.09.2022 09:00:00;3619.47;427.72;427.72;788.63;788.63
28.09.2022 09:00:00;28.09.2022 10:00:00;3866.73;568.67;169.7;798.77;798.77
28.09.2022 10:00:00;28.09.2022 11:00:00;3708.61;591.11;170.12;791.01;791.01
28.09.2022 11:00:00;28.09.2022 12:00:00;3945.12;568.57;169.8;789.46;789.46
28.09.2022 12:00:00;28.09.2022 13:00:00;3742.33;568.26;169.49;786.87;786.87
28.09.2022 13:00:00;28.09.2022 14:00:00;3609.54;602.38;169.29;790.39;790.39
28.09.2022 14:00:00;28.09.2022 15:00:00;3327.02;607.97;169.7;794.32;794.32
28.09.2022 15:00:00;28.09.2022 16:00:00;3691.03;795.04;169.6;795.04;795.04
28.09.2022 16:00:00;28.09.2022 17:00:00;3579.87;518.21;518.21;746.85;746.85
28.09.2022 17:00:00;28.09.2022 18:00:00;3135.39;503.31;503.31;785.12;785.12
28.09.2022 18:00:00;28.09.2022 19:00:00;3815.96;448.5;395.56;783.05;783.05
28.09.2022 19:00:00;28.09.2022 20:00:00;2591.23;435.99;379.32;781.91;781.91
28.09.2022 20:00:00;28.09.2022 21:00:00;1961.34;450.57;372.5;793.8;793.8
28.09.2022 21:00:00;28.09.2022 22:00:00;1729.69;432.27;300.31;726.48;726.48
28.09.2022 22:00:00;28.09.2022 23:00:00;1240.24;449.33;282.32;723.89;723.89
28.09.2022 23:00:00;29.09.2022 00:00:00;622.24;428.96;262.46;622.24;622.24
29.09.2022 00:00:00;29.09.2022 01:00:00;530.3;475.55;340.73;530.3;530.3
29.09.2022 01:00:00;29.09.2022 02:00:00;542.23;471.78;318.95;542.23;542.23
29.09.2022 02:00:00;29.09.2022 03:00:00;554.17;475.87;318.85;554.17;554.17
29.09.2022 03:00:00;29.09.2022 04:00:00;528.31;481.52;319.37;528.31;528.31
29.09.2022 04:00:00;29.09.2022 05:00:00;591.33;487.91;348.79;591.33;591.33
29.09.2022 05:00:00;29.09.2022 06:00:00;1849.87;523.18;356.85;662.93;662.93
29.09.2022 06:00:00;29.09.2022 07:00:00;2501.7;524.44;524.44;774.41;774.41
29.09.2022 07:00:00;29.09.2022 08:00:00;3388.22;590.07;535.22;970.37;970.37
29.09.2022 08:00:00;29.09.2022 09:00:00;3453.33;601.48;535.32;1900.22;1900.22
29.09.2022 09:00:00;29.09.2022 10:00:00;3085.81;611.01;535.22;1586.82;1586.82
29.09.2022 10:00:00;29.09.2022 11:00:00;3355.77;613.94;354.65;1496.37;1496.37
29.09.2022 11:00:00;29.09.2022 12:00:00;3267.22;627.02;349.73;1920.01;1920.01
29.09.2022 12:00:00;29.09.2022 13:00:00;3045.4;689.62;535.22;1797.32;1797.32
29.09.2022 13:00:00;29.09.2022 14:00:00;2822.75;978.64;535.32;1753.99;1753.99
29.09.2022 14:00:00;29.09.2022 15:00:00;1949.95;1523.17;348.58;1857.2;1857.2
29.09.2022 15:00:00;29.09.2022 16:00:00;2197.82;1973.08;352.77;1973.08;1973.08
29.09.2022 16:00:00;29.09.2022 17:00:00;2542.01;2542.01;535.53;2542.01;2542.01
29.09.2022 17:00:00;29.09.2022 18:00:00;3271.3;1567.24;535.43;2262.41;2262.41
29.09.2022 18:00:00;29.09.2022 19:00:00;3826.51;1009.2;347.32;1676.32;1676.32
29.09.2022 19:00:00;29.09.2022 20:00:00;3767.79;964.82;319.16;1172.92;1172.92
29.09.2022 20:00:00;29.09.2022 21:00:00;3081.2;979.37;349.83;1017.47;1017.47
29.09.2022 21:00:00;29.09.2022 22:00:00;2574.77;835.54;348.68;1045;1045
29.09.2022 22:00:00;29.09.2022 23:00:00;2071.69;836.38;319.37;933.73;933.73
29.09.2022 23:00:00;30.09.2022 00:00:00;1712.33;808.74;289.23;818.48;818.48
30.09.2022 00:00:00;30.09.2022 01:00:00;1594.2;1001.55;287.64;1001.55;1001.55
30.09.2022 01:00:00;30.09.2022 02:00:00;1588.65;951.81;279.99;951.81;951.81
30.09.2022 02:00:00;30.09.2022 03:00:00;1654.83;891.5;287.53;891.5;891.5
30.09.2022 03:00:00;30.09.2022 04:00:00;1809.48;889.93;319.99;889.93;889.93
30.09.2022 04:00:00;30.09.2022 05:00:00;2232.51;924.69;461.77;924.69;924.69
30.09.2022 05:00:00;30.09.2022 06:00:00;3449.44;1308.97;474.12;1308.97;1308.97
30.09.2022 06:00:00;30.09.2022 07:00:00;4544.91;1599.85;507.63;3276.99;3276.99
30.09.2022 07:00:00;30.09.2022 08:00:00;5486.77;1857.23;484.07;3555.3;3555.3
30.09.2022 08:00:00;30.09.2022 09:00:00;5678.39;2346.54;486.9;3708.81;3708.81
30.09.2022 09:00:00;30.09.2022 10:00:00;4653.6;1797.44;500.2;3652.58;3652.58
30.09.2022 10:00:00;30.09.2022 11:00:00;4285.44;962.49;500.41;3543.58;3543.58
30.09.2022 11:00:00;30.09.2022 12:00:00;3586.51;756.63;500.51;3312.9;3312.9
30.09.2022 12:00:00;30.09.2022 13:00:00;3414.89;836.94;500.2;2921.5;2921.5
30.09.2022 13:00:00;30.09.2022 14:00:00;3734.04;662.71;500.3;2640.77;2640.77
30.09.2022 14:00:00;30.09.2022 15:00:00;4397.79;626.9;499.88;2094.5;2094.5
30.09.2022 15:00:00;30.09.2022 16:00:00;5063.75;610.46;500.51;1996.49;1996.49
30.09.2022 16:00:00;30.09.2022 17:00:00;4773.7;590.04;501.87;2230.21;2230.21
30.09.2022 17:00:00;30.09.2022 18:00:00;4773.7;575.17;513.08;3077.62;3077.62
30.09.2022 18:00:00;30.09.2022 19:00:00;5489.18;523.13;523.13;2764.33;2764.33
30.09.2022 19:00:00;30.09.2022 20:00:00;6208.74;522.92;522.92;1160.18;1160.18
30.09.2022 20:00:00;30.09.2022 21:00:00;5236.2;523.13;523.13;854.74;854.74
30.09.2022 21:00:00;30.09.2022 22:00:00;4526.48;513.49;500.2;731.29;731.29
30.09.2022 22:00:00;30.09.2022 23:00:00;3732.58;517.89;475.28;517.89;517.89
30.09.2022 23:00:00;01.10.2022 00:00:00;2685.69;473.71;450.36;473.71;473.71
01.10.2022 00:00:00;01.10.2022 01:00:00;2259.66;526.98;423.63;663.02;663.02
01.10.2022 01:00:00;01.10.2022 02:00:00;1982.62;526.66;319.43;654.48;654.48
01.10.2022 02:00:00;01.10.2022 03:00:00;1999.5;526.66;299.5;527.29;527.29
01.10.2022 03:00:00;01.10.2022 04:00:00;1839.94;233.8;233.8;233.8;233.8
01.10.2022 04:00:00;01.10.2022 05:00:00;2094.73;184.03;184.03;184.03;184.03
01.10.2022 05:00:00;01.10.2022 06:00:00;2445.69;174.22;174.22;174.22;174.22
01.10.2022 06:00:00;01.10.2022 07:00:00;3945.32;170.32;170.32;170.32;170.32
01.10.2022 07:00:00;01.10.2022 08:00:00;3343.25;257.64;257.64;257.64;257.64
01.10.2022 08:00:00;01.10.2022 09:00:00;3559.76;474.78;299.61;474.78;474.78
01.10.2022 09:00:00;01.10.2022 10:00:00;3657.41;547.01;349.7;679.26;679.26
01.10.2022 10:00:00;01.10.2022 11:00:00;3445.65;564.63;414.87;677.36;677.36
01.10.2022 11:00:00;01.10.2022 12:00:00;3344.31;579.6;350.44;657.75;657.75
01.10.2022 12:00:00;01.10.2022 13:00:00;2987.22;579.28;319.33;579.28;579.28
01.10.2022 13:00:00;01.10.2022 14:00:00;2307.44;617.04;299.71;617.04;617.04
01.10.2022 14:00:00;01.10.2022 15:00:00;2151.88;640.24;299.61;640.24;640.24
01.10.2022 15:00:00;01.10.2022 16:00:00;2772.72;677.78;319.01;677.78;677.78
01.10.2022 16:00:00;01.10.2022 17:00:00;3344.52;718.7;349.49;718.7;718.7
01.10.2022 17:00:00;01.10.2022 18:00:00;3296.01;786.3;477.2;786.3;786.3
01.10.2022 18:00:00;01.10.2022 19:00:00;3294.95;851.79;319.75;851.79;851.79
01.10.2022 19:00:00;01.10.2022 20:00:00;2988.91;820.57;448.62;820.57;820.57
01.10.2022 20:00:00;01.10.2022 21:00:00;2094.94;714.38;399.69;714.38;714.38
01.10.2022 21:00:00;01.10.2022 22:00:00;2170.02;679.89;350.54;679.89;679.89
01.10.2022 22:00:00;01.10.2022 23:00:00;1867.04;704.04;349.91;704.04;704.04
01.10.2022 23:00:00;02.10.2022 00:00:00;1024.32;697.4;319.54;697.4;697.4
02.10.2022 00:00:00;02.10.2022 01:00:00;765.46;703.53;321.02;686.72;686.72
02.10.2022 01:00:00;02.10.2022 02:00:00;1619.76;681.4;321.12;681.4;681.4
02.10.2022 02:00:00;02.10.2022 03:00:00;1649.34;619.69;321.02;619.69;619.69
02.10.2022 03:00:00;02.10.2022 04:00:00;1885.13;659.16;321.23;659.16;659.16
02.10.2022 04:00:00;02.10.2022 05:00:00;1308.32;629.79;351.23;629.79;629.79
02.10.2022 05:00:00;02.10.2022 06:00:00;1276.93;633.41;401.03;633.41;633.41
02.10.2022 06:00:00;02.10.2022 07:00:00;1096.79;631.82;401.14;631.82;631.82
02.10.2022 07:00:00;02.10.2022 08:00:00;1782.87;638.73;501.47;638.73;638.73
02.10.2022 08:00:00;02.10.2022 09:00:00;2719.74;904.74;320.8;904.74;904.74
02.10.2022 09:00:00;02.10.2022 10:00:00;3312.72;978.9;458.17;978.9;978.9
02.10.2022 10:00:00;02.10.2022 11:00:00;3409.23;788.97;501.79;788.97;788.97
02.10.2022 11:00:00;02.10.2022 12:00:00;3247.18;676.82;501.79;676.82;676.82
02.10.2022 12:00:00;02.10.2022 13:00:00;3208.24;626.6;501.69;626.6;626.6
02.10.2022 13:00:00;02.10.2022 14:00:00;3222.6;614.58;501.15;614.58;614.58
02.10.2022 14:00:00;02.10.2022 15:00:00;3510.52;686.83;501.26;686.83;686.83
02.10.2022 15:00:00;02.10.2022 16:00:00;3554.36;713;501.69;713;713
02.10.2022 16:00:00;02.10.2022 17:00:00;3708.22;972.09;502.11;972.09;972.09
02.10.2022 17:00:00;02.10.2022 18:00:00;4735.53;1994.4;525.84;1994.4;1994.4
02.10.2022 18:00:00;02.10.2022 19:00:00;5320.1;2125.17;531.69;2125.17;2125.17
02.10.2022 19:00:00;02.10.2022 20:00:00;5646.44;1772.87;538.82;1804.05;1804.05
02.10.2022 20:00:00;02.10.2022 21:00:00;3578.09;1032.85;538.61;1577.3;1577.3
02.10.2022 21:00:00;02.10.2022 22:00:00;2596.42;954.11;531.58;1972.8;1972.8
02.10.2022 22:00:00;02.10.2022 23:00:00;1930.24;871.11;525.73;1689.67;1689.67
02.10.2022 23:00:00;03.10.2022 00:00:00;1720.2;685.66;501.37;1567.3;1567.3
03.10.2022 00:00:00;03.10.2022 01:00:00;860.15;565.95;501.79;860.15;860.15
03.10.2022 01:00:00;03.10.2022 02:00:00;1000.61;537.44;492.54;1000.61;1000.61
03.10.2022 02:00:00;03.10.2022 03:00:00;1004.22;534.88;400.82;882.29;882.29
03.10.2022 03:00:00;03.10.2022 04:00:00;971.45;536.69;320.27;896.65;896.65
03.10.2022 04:00:00;03.10.2022 05:00:00;1081.36;536.8;320.16;1013.05;1013.05
03.10.2022 05:00:00;03.10.2022 06:00:00;2729.11;564.78;400.82;1350.77;1350.77
03.10.2022 06:00:00;03.10.2022 07:00:00;3534.25;603.19;501.15;2050.16;2050.16
03.10.2022 07:00:00;03.10.2022 08:00:00;3542.87;720.02;501.79;3051.83;3051.83
03.10.2022 08:00:00;03.10.2022 09:00:00;3912.41;764.39;501.58;3235.69;3235.69
03.10.2022 09:00:00;03.10.2022 10:00:00;3618.31;764.71;683.1;2759.64;2759.64
03.10.2022 10:00:00;03.10.2022 11:00:00;2995.22;726.83;558.61;2127.3;2127.3
03.10.2022 11:00:00;03.10.2022 12:00:00;3496.8;638.2;520.09;1567.62;1567.62
03.10.2022 12:00:00;03.10.2022 13:00:00;3807.6;603.09;516.79;1267.14;1267.14
03.10.2022 13:00:00;03.10.2022 14:00:00;3127.48;602.66;512.86;1375.89;1375.89
03.10.2022 14:00:00;03.10.2022 15:00:00;2788.69;585.42;512.01;1543.68;1543.68
03.10.2022 15:00:00;03.10.2022 16:00:00;2757.52;584.79;516.16;1672.43;1672.43
03.10.2022 16:00:00;03.10.2022 17:00:00;2426.29;564.14;518.82;2171.35;2171.35
03.10.2022 17:00:00;03.10.2022 18:00:00;3433.38;564.25;530.73;2097.82;2097.82
03.10.2022 18:00:00;03.10.2022 19:00:00;4090.1;584.25;557.76;1707.22;1707.22
03.10.2022 19:00:00;03.10.2022 20:00:00;4007.1;593.4;563.29;1595.5;1595.5
03.10.2022 20:00:00;03.10.2022 21:00:00;3648.63;603.3;561.48;1595.5;1595.5
03.10.2022 21:00:00;03.10.2022 22:00:00;3418.7;619.05;557.44;1559.96;1559.96
03.10.2022 22:00:00;03.10.2022 23:00:00;2284.77;680.02;536.59;1960.67;1960.67
03.10.2022 23:00:00;04.10.2022 00:00:00;1596.78;722.68;513.5;1510.8;1510.8
04.10.2022 00:00:00;04.10.2022 01:00:00;1386.49;599.71;498.43;849.61;849.61
04.10.2022 01:00:00;04.10.2022 02:00:00;1040.4;625.02;473.96;846.75;846.75
04.10.2022 02:00:00;04.10.2022 03:00:00;846.96;690.81;450.97;846.96;846.96
04.10.2022 03:00:00;04.10.2022 04:00:00;846.85;789.44;446.2;846.85;846.85
04.10.2022 04:00:00;04.10.2022 05:00:00;1434.8;813.7;444.51;899.93;899.93
04.10.2022 05:00:00;04.10.2022 06:00:00;2086.1;782.45;451.61;1411.5;1411.5
04.10.2022 06:00:00;04.10.2022 07:00:00;2522.87;795.58;578.41;2522.87;2522.87
04.10.2022 07:00:00;04.10.2022 08:00:00;2992.91;813.7;578.62;2992.91;2992.91
04.10.2022 08:00:00;04.10.2022 09:00:00;3635.73;660.09;660.09;3635.73;3635.73
04.10.2022 09:00:00;04.10.2022 10:00:00;3278.52;540.8;540.8;3278.52;3278.52
04.10.2022 10:00:00;04.10.2022 11:00:00;2807.31;523.22;498.96;2676.9;2676.9
04.10.2022 11:00:00;04.10.2022 12:00:00;2579.87;515.91;498.85;2246.17;2246.17
04.10.2022 12:00:00;04.10.2022 13:00:00;2425.09;519.94;429.15;1715.21;1715.21
04.10.2022 13:00:00;04.10.2022 14:00:00;2225.4;522.8;348.85;1596.35;1596.35
04.10.2022 14:00:00;04.10.2022 15:00:00;2232.71;527.88;299.38;1483.85;1483.85
04.10.2022 15:00:00;04.10.2022 16:00:00;2565.67;529.05;329.46;1526.33;1526.33
04.10.2022 16:00:00;04.10.2022 17:00:00;2635.91;524.6;309.76;1581.31;1581.31
04.10.2022 17:00:00;04.10.2022 18:00:00;3290.7;516.23;298.1;1190.41;1190.41
04.10.2022 18:00:00;04.10.2022 19:00:00;4445.62;508.6;259.01;900.46;900.46
04.10.2022 19:00:00;04.10.2022 20:00:00;5126.58;513.79;249.48;778.31;778.31
04.10.2022 20:00:00;04.10.2022 21:00:00;2697.46;517.92;269.61;709.56;709.56
04.10.2022 21:00:00;04.10.2022 22:00:00;2958.38;528.83;260.82;649.5;649.5
04.10.2022 22:00:00;04.10.2022 23:00:00;2699.57;430.63;248.95;430.63;430.63
04.10.2022 23:00:00;05.10.2022 00:00:00;1385.75;297.05;247.47;297.05;297.05
05.10.2022 00:00:00;05.10.2022 01:00:00;418.97;188.76;188.76;188.76;188.76
05.10.2022 01:00:00;05.10.2022 02:00:00;178.16;178.16;178.16;178.16;178.16
05.10.2022 02:00:00;05.10.2022 03:00:00;173.55;173.55;173.55;173.55;173.55
05.10.2022 03:00:00;05.10.2022 04:00:00;177.53;177.53;177.53;177.53;177.53
05.10.2022 04:00:00;05.10.2022 05:00:00;197.68;197.68;197.68;197.68;197.68
05.10.2022 05:00:00;05.10.2022 06:00:00;304.28;304.28;304.28;304.28;304.28
05.10.2022 06:00:00;05.10.2022 07:00:00;1153.65;490;441.95;490;490
05.10.2022 07:00:00;05.10.2022 08:00:00;660.29;660.29;416.24;660.29;660.29
05.10.2022 08:00:00;05.10.2022 09:00:00;749.38;749.38;401.02;749.38;749.38
05.10.2022 09:00:00;05.10.2022 10:00:00;768.68;768.68;401.23;768.68;768.68
05.10.2022 10:00:00;05.10.2022 11:00:00;806.98;806.98;416.34;806.98;806.98
05.10.2022 11:00:00;05.10.2022 12:00:00;575.41;575.41;436.8;575.41;575.41
05.10.2022 12:00:00;05.10.2022 13:00:00;408.58;408.58;408.58;408.58;408.58
05.10.2022 13:00:00;05.10.2022 14:00:00;246.99;246.99;246.99;246.99;246.99
05.10.2022 14:00:00;05.10.2022 15:00:00;180.16;180.16;180.16;180.16;180.16
05.10.2022 15:00:00;05.10.2022 16:00:00;204.39;204.39;204.39;204.39;204.39
05.10.2022 16:00:00;05.10.2022 17:00:00;376.89;320.76;320.76;376.89;376.89
05.10.2022 17:00:00;05.10.2022 18:00:00;269.55;269.55;269.55;269.55;269.55
05.10.2022 18:00:00;05.10.2022 19:00:00;211.84;211.84;211.84;211.84;211.84
05.10.2022 19:00:00;05.10.2022 20:00:00;167.78;167.78;167.78;167.78;167.78
05.10.2022 20:00:00;05.10.2022 21:00:00;105.97;105.97;105.97;105.97;105.97
05.10.2022 21:00:00;05.10.2022 22:00:00;46.69;46.69;46.69;46.69;46.69
05.10.2022 22:00:00;05.10.2022 23:00:00;0.84;13.12;13.12;0.84;0.84
05.10.2022 23:00:00;06.10.2022 00:00:00;-1.99;4.83;4.83;-1.99;-1.99
06.10.2022 00:00:00;06.10.2022 01:00:00;-4.08;0.94;0.94;-4.08;-4.08
06.10.2022 01:00:00;06.10.2022 02:00:00;-9.95;0.73;0.73;-9.95;-9.95
06.10.2022 02:00:00;06.10.2022 03:00:00;-10.37;0.31;0.31;-10.37;-10.37
06.10.2022 03:00:00;06.10.2022 04:00:00;-5.45;0.42;0.42;-5.45;-5.45
06.10.2022 04:00:00;06.10.2022 05:00:00;-0.94;0.63;0.63;-0.94;-0.94
06.10.2022 05:00:00;06.10.2022 06:00:00;6.07;6.07;6.07;6.07;6.07
06.10.2022 06:00:00;06.10.2022 07:00:00;44.72;44.72;44.72;44.72;44.72
06.10.2022 07:00:00;06.10.2022 08:00:00;106.72;106.72;106.72;106.72;106.72
06.10.2022 08:00:00;06.10.2022 09:00:00;137.3;137.3;137.3;137.3;137.3
06.10.2022 09:00:00;06.10.2022 10:00:00;136.25;136.25;136.25;136.25;136.25
06.10.2022 10:00:00;06.10.2022 11:00:00;116.46;116.46;116.46;116.46;116.46
06.10.2022 11:00:00;06.10.2022 12:00:00;93.63;93.63;93.63;93.63;93.63
06.10.2022 12:00:00;06.10.2022 13:00:00;59.49;59.49;59.49;59.49;59.49
06.10.2022 13:00:00;06.10.2022 14:00:00;45.98;45.98;45.98;45.98;45.98
06.10.2022 14:00:00;06.10.2022 15:00:00;41.37;41.37;41.37;41.37;41.37
06.10.2022 15:00:00;06.10.2022 16:00:00;45.56;45.56;45.56;45.56;45.56
06.10.2022 16:00:00;06.10.2022 17:00:00;43.57;43.57;43.57;43.57;43.57
06.10.2022 17:00:00;06.10.2022 18:00:00;69.65;69.65;69.65;69.65;69.65
06.10.2022 18:00:00;06.10.2022 19:00:00;57.39;57.39;57.39;57.39;57.39
06.10.2022 19:00:00;06.10.2022 20:00:00;53.2;53.2;53.2;53.2;53.2
06.10.2022 20:00:00;06.10.2022 21:00:00;34.56;34.56;34.56;34.56;34.56
06.10.2022 21:00:00;06.10.2022 22:00:00;15.4;15.4;15.4;15.4;15.4
06.10.2022 22:00:00;06.10.2022 23:00:00;0.94;0.94;0.94;0.94;0.94
06.10.2022 23:00:00;07.10.2022 00:00:00;-0.52;0.21;0.21;-0.52;-0.52
07.10.2022 00:00:00;07.10.2022 01:00:00;-9.59;0.94;0.94;-9.59;-9.59
07.10.2022 01:00:00;07.10.2022 02:00:00;-10.01;-10.01;-10.01;-10.01;-10.01
07.10.2022 02:00:00;07.10.2022 03:00:00;-10.01;-10.01;-10.01;-10.01;-10.01
07.10.2022 03:00:00;07.10.2022 04:00:00;-6.15;-6.15;-6.15;-6.15;-6.15
07.10.2022 04:00:00;07.10.2022 05:00:00;-0.52;0.52;0.52;-0.52;-0.52
07.10.2022 05:00:00;07.10.2022 06:00:00;8.45;8.45;8.45;8.45;8.45
07.10.2022 06:00:00;07.10.2022 07:00:00;62.05;62.05;62.05;62.05;62.05
07.10.2022 07:00:00;07.10.2022 08:00:00;139.13;139.13;139.13;139.13;139.13
07.10.2022 08:00:00;07.10.2022 09:00:00;155.71;155.71;155.71;155.71;155.71
07.10.2022 09:00:00;07.10.2022 10:00:00;155.81;155.81;155.81;155.81;155.81
07.10.2022 10:00:00;07.10.2022 11:00:00;155.5;155.5;155.5;155.5;155.5
07.10.2022 11:00:00;07.10.2022 12:00:00;151.43;151.43;151.43;151.43;151.43
07.10.2022 12:00:00;07.10.2022 13:00:00;146.64;146.64;146.64;146.64;146.64
07.10.2022 13:00:00;07.10.2022 14:00:00;143.3;143.3;143.3;143.3;143.3
07.10.2022 14:00:00;07.10.2022 15:00:00;125.99;125.99;125.99;125.99;125.99
07.10.2022 15:00:00;07.10.2022 16:00:00;109.72;109.72;109.72;109.72;109.72
07.10.2022 16:00:00;07.10.2022 17:00:00;79.16;79.16;79.16;79.16;79.16
07.10.2022 17:00:00;07.10.2022 18:00:00;108.26;108.26;108.26;108.26;108.26
07.10.2022 18:00:00;07.10.2022 19:00:00;118.16;118.16;118.16;118.16;118.16
07.10.2022 19:00:00;07.10.2022 20:00:00;110.97;110.97;110.97;110.97;110.97
07.10.2022 20:00:00;07.10.2022 21:00:00;84.27;84.27;84.27;84.27;84.27
07.10.2022 21:00:00;07.10.2022 22:00:00;59.86;59.86;59.86;59.86;59.86
07.10.2022 22:00:00;07.10.2022 23:00:00;39.42;39.42;39.42;39.42;39.42
07.10.2022 23:00:00;08.10.2022 00:00:00;13.56;13.56;13.56;13.56;13.56
08.10.2022 00:00:00;08.10.2022 01:00:00;0.1;0.1;0.1;0.1;0.1
08.10.2022 01:00:00;08.10.2022 02:00:00;0;0;0;0;0
08.10.2022 02:00:00;08.10.2022 03:00:00;-0.31;0;0;-0.31;-0.31
08.10.2022 03:00:00;08.10.2022 04:00:00;0;0.21;0.21;0;0
08.10.2022 04:00:00;08.10.2022 05:00:00;0.73;0.73;0.73;0.73;0.73
08.10.2022 05:00:00;08.10.2022 06:00:00;21.28;21.28;21.28;21.28;21.28
08.10.2022 06:00:00;08.10.2022 07:00:00;39.83;39.83;39.83;39.83;39.83
08.10.2022 07:00:00;08.10.2022 08:00:00;78.39;78.39;78.39;78.39;78.39
08.10.2022 08:00:00;08.10.2022 09:00:00;106.17;106.17;106.17;106.17;106.17
08.10.2022 09:00:00;08.10.2022 10:00:00;125.77;125.77;125.77;125.77;125.77
08.10.2022 10:00:00;08.10.2022 11:00:00;134.88;134.88;134.88;134.88;134.88
08.10.2022 11:00:00;08.10.2022 12:00:00;121.26;121.26;121.26;121.26;121.26
08.10.2022 12:00:00;08.10.2022 13:00:00;110.78;110.78;110.78;110.78;110.78
08.10.2022 13:00:00;08.10.2022 14:00:00;98.41;98.41;98.41;98.41;98.41
08.10.2022 14:00:00;08.10.2022 15:00:00;94.53;94.53;94.53;94.53;94.53
08.10.2022 15:00:00;08.10.2022 16:00:00;101.35;101.35;101.35;101.35;101.35
08.10.2022 16:00:00;08.10.2022 17:00:00;108.68;108.68;108.68;108.68;108.68
08.10.2022 17:00:00;08.10.2022 18:00:00;113.92;113.92;113.92;113.92;113.92
08.10.2022 18:00:00;08.10.2022 19:00:00;122.73;122.73;122.73;122.73;122.73
08.10.2022 19:00:00;08.10.2022 20:00:00;137.09;137.09;137.09;137.09;137.09
08.10.2022 20:00:00;08.10.2022 21:00:00;112.04;112.04;112.04;112.04;112.04
08.10.2022 21:00:00;08.10.2022 22:00:00;104.07;104.07;104.07;104.07;104.07
08.10.2022 22:00:00;08.10.2022 23:00:00;88.56;88.56;88.56;88.56;88.56
08.10.2022 23:00:00;09.10.2022 00:00:00;55.44;55.44;55.44;55.44;55.44
09.10.2022 00:00:00;09.10.2022 01:00:00;21.52;21.52;21.52;21.52;21.52
09.10.2022 01:00:00;09.10.2022 02:00:00;17.34;17.34;17.34;17.34;17.34
09.10.2022 02:00:00;09.10.2022 03:00:00;20.99;20.99;20.99;20.99;20.99
09.10.2022 03:00:00;09.10.2022 04:00:00;23.19;23.19;23.19;23.19;23.19
09.10.2022 04:00:00;09.10.2022 05:00:00;47.21;47.21;47.21;47.21;47.21
09.10.2022 05:00:00;09.10.2022 06:00:00;80.53;80.53;80.53;80.53;80.53
09.10.2022 06:00:00;09.10.2022 07:00:00;105.49;105.49;105.49;105.49;105.49
09.10.2022 07:00:00;09.10.2022 08:00:00;118.76;118.76;118.76;118.76;118.76
09.10.2022 08:00:00;09.10.2022 09:00:00;145.6;145.6;145.6;145.6;145.6
09.10.2022 09:00:00;09.10.2022 10:00:00;175.68;152.6;152.6;175.68;175.68
09.10.2022 10:00:00;09.10.2022 11:00:00;179.13;153.33;153.33;179.13;179.13
09.10.2022 11:00:00;09.10.2022 12:00:00;162.31;154.69;154.69;162.31;162.31
09.10.2022 12:00:00;09.10.2022 13:00:00;153.23;153.23;153.23;153.23;153.23
09.10.2022 13:00:00;09.10.2022 14:00:00;148.74;148.74;148.74;148.74;148.74
09.10.2022 14:00:00;09.10.2022 15:00:00;151.56;151.56;151.56;151.56;151.56
09.10.2022 15:00:00;09.10.2022 16:00:00;150.62;150.62;150.62;150.62;150.62
09.10.2022 16:00:00;09.10.2022 17:00:00;153.33;153.33;153.33;153.33;153.33
09.10.2022 17:00:00;09.10.2022 18:00:00;157.09;157.09;157.09;157.09;157.09
09.10.2022 18:00:00;09.10.2022 19:00:00;161.27;161.27;161.27;161.27;161.27
09.10.2022 19:00:00;09.10.2022 20:00:00;157.4;157.4;157.4;157.4;157.4
09.10.2022 20:00:00;09.10.2022 21:00:00;149.26;149.26;149.26;149.26;149.26
09.10.2022 21:00:00;09.10.2022 22:00:00;149.36;149.36;149.36;149.36;149.36
09.10.2022 22:00:00;09.10.2022 23:00:00;132.75;132.75;132.75;132.75;132.75
09.10.2022 23:00:00;10.10.2022 00:00:00;112.07;112.07;112.07;112.07;112.07
10.10.2022 00:00:00;10.10.2022 01:00:00;117.19;117.19;117.19;117.19;117.19
10.10.2022 01:00:00;10.10.2022 02:00:00;108.42;108.42;108.42;108.42;108.42
10.10.2022 02:00:00;10.10.2022 03:00:00;102.15;102.15;102.15;102.15;102.15
10.10.2022 03:00:00;10.10.2022 04:00:00;94.32;94.32;94.32;94.32;94.32
10.10.2022 04:00:00;10.10.2022 05:00:00;99.54;99.54;99.54;99.54;99.54
10.10.2022 05:00:00;10.10.2022 06:00:00;118.13;118.13;118.13;118.13;118.13
10.10.2022 06:00:00;10.10.2022 07:00:00;130.98;130.98;130.98;130.98;130.98
10.10.2022 07:00:00;10.10.2022 08:00:00;127.01;127.01;127.01;127.01;127.01
10.10.2022 08:00:00;10.10.2022 09:00:00;135.37;135.37;135.37;135.37;135.37
10.10.2022 09:00:00;10.10.2022 10:00:00;141.42;141.42;141.42;141.42;141.42
10.10.2022 10:00:00;10.10.2022 11:00:00;136.62;136.62;136.62;136.62;136.62
10.10.2022 11:00:00;10.10.2022 12:00:00;133.07;133.07;133.07;133.07;133.07
10.10.2022 12:00:00;10.10.2022 13:00:00;122.21;122.21;122.21;122.21;122.21
10.10.2022 13:00:00;10.10.2022 14:00:00;110.72;132.02;132.02;110.72;110.72
10.10.2022 14:00:00;10.10.2022 15:00:00;97.14;139.13;139.13;97.14;97.14
10.10.2022 15:00:00;10.10.2022 16:00:00;111.24;135.57;135.57;111.24;111.24
10.10.2022 16:00:00;10.10.2022 17:00:00;115.42;131.19;131.19;115.42;115.42
10.10.2022 17:00:00;10.10.2022 18:00:00;135.47;135.47;135.47;135.47;135.47
10.10.2022 18:00:00;10.10.2022 19:00:00;139.65;139.65;139.65;139.65;139.65
10.10.2022 19:00:00;10.10.2022 20:00:00;134.74;134.74;134.74;134.74;134.74
10.10.2022 20:00:00;10.10.2022 21:00:00;111.34;111.34;111.34;111.34;111.34
10.10.2022 21:00:00;10.10.2022 22:00:00;100.17;100.17;106.64;100.17;100.17
10.10.2022 22:00:00;10.10.2022 23:00:00;71.65;71.65;105.18;71.65;71.65
10.10.2022 23:00:00;11.10.2022 00:00:00;21.1;21.1;80.32;21.1;21.1
11.10.2022 00:00:00;11.10.2022 01:00:00;0.72;13.24;13.24;0.72;0.72
11.10.2022 01:00:00;11.10.2022 02:00:00;0.62;12.52;12.52;0.62;0.62
11.10.2022 02:00:00;11.10.2022 03:00:00;4.24;9.52;9.52;4.24;4.24
11.10.2022 03:00:00;11.10.2022 04:00:00;10.86;10.86;10.86;10.86;10.86
11.10.2022 04:00:00;11.10.2022 05:00:00;21.42;21.42;21.42;21.42;21.42
11.10.2022 05:00:00;11.10.2022 06:00:00;80.39;80.39;80.39;80.39;80.39
11.10.2022 06:00:00;11.10.2022 07:00:00;113.5;113.5;113.5;113.5;113.5
11.10.2022 07:00:00;11.10.2022 08:00:00;130.57;130.57;130.57;130.57;130.57
11.10.2022 08:00:00;11.10.2022 09:00:00;135.85;135.85;135.85;135.85;135.85
11.10.2022 09:00:00;11.10.2022 10:00:00;134.19;134.19;134.19;134.19;134.19
11.10.2022 10:00:00;11.10.2022 11:00:00;132.95;132.95;132.95;132.95;132.95
11.10.2022 11:00:00;11.10.2022 12:00:00;130.78;130.78;130.78;130.78;130.78
11.10.2022 12:00:00;11.10.2022 13:00:00;130.37;130.37;130.37;130.37;130.37
11.10.2022 13:00:00;11.10.2022 14:00:00;258.56;126.43;126.43;126.43;126.43
11.10.2022 14:00:00;11.10.2022 15:00:00;115.26;115.26;115.26;115.26;115.26
11.10.2022 15:00:00;11.10.2022 16:00:00;113.4;113.4;113.4;113.4;113.4
11.10.2022 16:00:00;11.10.2022 17:00:00;118.05;118.05;118.05;118.05;118.05
11.10.2022 17:00:00;11.10.2022 18:00:00;131.19;131.19;131.19;131.19;131.19
11.10.2022 18:00:00;11.10.2022 19:00:00;135.23;135.23;135.23;135.23;135.23
11.10.2022 19:00:00;11.10.2022 20:00:00;132.23;132.23;132.23;132.23;132.23
11.10.2022 20:00:00;11.10.2022 21:00:00;113.81;113.81;113.81;113.81;113.81
11.10.2022 21:00:00;11.10.2022 22:00:00;109.47;109.47;109.47;109.47;109.47
11.10.2022 22:00:00;11.10.2022 23:00:00;86.91;86.91;86.91;86.91;86.91
11.10.2022 23:00:00;12.10.2022 00:00:00;32.59;50.9;50.9;32.59;32.59
12.10.2022 00:00:00;12.10.2022 01:00:00;108.79;108.79;108.79;108.79;108.79
12.10.2022 01:00:00;12.10.2022 02:00:00;107.53;107.53;107.53;107.53;107.53
12.10.2022 02:00:00;12.10.2022 03:00:00;109.93;109.93;109.93;109.93;109.93
12.10.2022 03:00:00;12.10.2022 04:00:00;117.35;117.35;117.35;117.35;117.35
12.10.2022 04:00:00;12.10.2022 05:00:00;128.62;128.62;128.62;128.62;128.62
12.10.2022 05:00:00;12.10.2022 06:00:00;142.4;151.17;151.17;142.4;151.17
12.10.2022 06:00:00;12.10.2022 07:00:00;545.08;165.89;165.89;165.89;165.89
12.10.2022 07:00:00;12.10.2022 08:00:00;701.68;183.22;178.94;173.1;183.22
12.10.2022 08:00:00;12.10.2022 09:00:00;871.33;190.64;179.46;190.64;190.64
12.10.2022 09:00:00;12.10.2022 10:00:00;2189.8;193.25;179.15;193.25;193.25
12.10.2022 10:00:00;12.10.2022 11:00:00;2818.09;206.82;179.46;206.82;206.82
12.10.2022 11:00:00;12.10.2022 12:00:00;2110.56;219.03;179.36;219.03;219.03
12.10.2022 12:00:00;12.10.2022 13:00:00;2012.74;186.25;186.25;203.06;203.06
12.10.2022 13:00:00;12.10.2022 14:00:00;2056.9;179.46;179.46;228.22;228.22
12.10.2022 14:00:00;12.10.2022 15:00:00;1983.82;176.33;171.84;284.18;284.18
12.10.2022 15:00:00;12.10.2022 16:00:00;1953.23;166.83;158.06;329.7;329.7
12.10.2022 16:00:00;12.10.2022 17:00:00;1935.17;186.46;159.32;375.53;375.53
12.10.2022 17:00:00;12.10.2022 18:00:00;2122.57;166.52;160.15;305.37;305.37
12.10.2022 18:00:00;12.10.2022 19:00:00;2139.59;171.43;171.43;271.65;271.65
12.10.2022 19:00:00;12.10.2022 20:00:00;2109.62;171.43;171.43;193.45;193.45
12.10.2022 20:00:00;12.10.2022 21:00:00;1919.51;167.35;167.35;167.35;167.35
12.10.2022 21:00:00;12.10.2022 22:00:00;1844.55;164.64;164.64;164.74;164.74
12.10.2022 22:00:00;12.10.2022 23:00:00;1300.31;161.72;161.72;162.55;162.55
12.10.2022 23:00:00;13.10.2022 00:00:00;835.2;156.39;156.39;156.39;156.39
13.10.2022 00:00:00;13.10.2022 01:00:00;158.56;158.56;158.56;158.56;158.56
13.10.2022 01:00:00;13.10.2022 02:00:00;153.97;153.97;153.97;153.97;153.97
13.10.2022 02:00:00;13.10.2022 03:00:00;148.44;148.44;148.44;148.44;148.44
13.10.2022 03:00:00;13.10.2022 04:00:00;146.98;146.98;146.98;146.98;146.98
13.10.2022 04:00:00;13.10.2022 05:00:00;151.37;151.37;151.37;151.37;151.37
13.10.2022 05:00:00;13.10.2022 06:00:00;163.26;163.26;163.26;163.26;163.26
13.10.2022 06:00:00;13.10.2022 07:00:00;261.32;189.65;157.73;216.46;216.46
13.10.2022 07:00:00;13.10.2022 08:00:00;1250.77;192.57;175.78;217.71;217.71
13.10.2022 08:00:00;13.10.2022 09:00:00;1617.87;196.64;179.64;245.77;245.77
13.10.2022 09:00:00;13.10.2022 10:00:00;1616.93;205.09;201.02;289.17;289.17
13.10.2022 10:00:00;13.10.2022 11:00:00;1617.24;229.4;229.4;309.41;309.41
13.10.2022 11:00:00;13.10.2022 12:00:00;1617.45;220.53;165.66;316.61;316.61
13.10.2022 12:00:00;13.10.2022 13:00:00;1417.68;237.22;160.44;320.36;320.36
13.10.2022 13:00:00;13.10.2022 14:00:00;1251.3;282.91;172.65;346.54;346.54
13.10.2022 14:00:00;13.10.2022 15:00:00;1251.19;291.26;179.32;379.51;379.51
13.10.2022 15:00:00;13.10.2022 16:00:00;1189.64;291.88;179.43;373.15;373.15
13.10.2022 16:00:00;13.10.2022 17:00:00;1251.3;316.29;179.53;351.03;351.03
13.10.2022 17:00:00;13.10.2022 18:00:00;1565.4;321.4;179.74;331.42;331.42
13.10.2022 18:00:00;13.10.2022 19:00:00;2004.37;312.12;179.95;312.12;312.12
13.10.2022 19:00:00;13.10.2022 20:00:00;1826.3;324.12;179.84;324.12;324.12
13.10.2022 20:00:00;13.10.2022 21:00:00;615.79;341.02;179.74;381.39;381.39
13.10.2022 21:00:00;13.10.2022 22:00:00;418;324.01;179.43;418;418
13.10.2022 22:00:00;13.10.2022 23:00:00;363.76;260.07;177.34;363.76;363.76
13.10.2022 23:00:00;14.10.2022 00:00:00;309.93;208.11;163.26;309.93;309.93
14.10.2022 00:00:00;14.10.2022 01:00:00;335.63;191.91;191.91;335.63;335.63
14.10.2022 01:00:00;14.10.2022 02:00:00;355.98;179.86;179.86;355.98;355.98
14.10.2022 02:00:00;14.10.2022 03:00:00;377.58;171.45;171.45;377.58;377.58
14.10.2022 03:00:00;14.10.2022 04:00:00;480.18;166.67;166.67;480.18;480.18
14.10.2022 04:00:00;14.10.2022 05:00:00;623.49;160.03;160.03;623.49;623.49
14.10.2022 05:00:00;14.10.2022 06:00:00;1823.84;161.48;161.48;736.89;736.89
14.10.2022 06:00:00;14.10.2022 07:00:00;2292.91;153.07;153.07;1100.76;1100.76
14.10.2022 07:00:00;14.10.2022 08:00:00;2531.76;169.27;169.27;2282.94;2282.94
14.10.2022 08:00:00;14.10.2022 09:00:00;2314.82;179.13;179.13;2314.82;2314.82
14.10.2022 09:00:00;14.10.2022 10:00:00;2671.43;174.77;174.77;2671.43;2671.43
14.10.2022 10:00:00;14.10.2022 11:00:00;3086.92;170.31;170.31;2682.96;2682.96
14.10.2022 11:00:00;14.10.2022 12:00:00;2698.12;168.54;168.54;2585.97;2585.97
14.10.2022 12:00:00;14.10.2022 13:00:00;2720.86;170.2;170.2;871.58;871.58
14.10.2022 13:00:00;14.10.2022 14:00:00;2475.37;171.14;171.14;696.39;696.39
14.10.2022 14:00:00;14.10.2022 15:00:00;2299.35;171.86;171.86;581.74;581.74
14.10.2022 15:00:00;14.10.2022 16:00:00;2520.23;166.05;165.63;554.74;554.74
14.10.2022 16:00:00;14.10.2022 17:00:00;2685.45;177.16;158.16;509.78;509.78
14.10.2022 17:00:00;14.10.2022 18:00:00;2855.76;179.86;179.86;327.84;327.84
14.10.2022 18:00:00;14.10.2022 19:00:00;3011.53;178.72;178.72;385.06;385.06
14.10.2022 19:00:00;14.10.2022 20:00:00;3165.32;182.35;172.38;307.9;307.9
14.10.2022 20:00:00;14.10.2022 21:00:00;2325;197.1;169.27;345.81;345.81
14.10.2022 21:00:00;14.10.2022 22:00:00;2263.21;214.96;168.23;339.68;339.68
14.10.2022 22:00:00;14.10.2022 23:00:00;1869.12;214.96;164.7;304.99;304.99
14.10.2022 23:00:00;15.10.2022 00:00:00;1209.08;204.99;161.48;212.47;212.47
15.10.2022 00:00:00;15.10.2022 01:00:00;237.81;186.04;179.65;208.21;208.21
15.10.2022 01:00:00;15.10.2022 02:00:00;237.5;182.64;179.23;214.09;214.09
15.10.2022 02:00:00;15.10.2022 03:00:00;205.22;177.79;177.79;205.22;205.22
15.10.2022 03:00:00;15.10.2022 04:00:00;194.29;169.02;169.02;194.29;194.29
15.10.2022 04:00:00;15.10.2022 05:00:00;188.21;164.69;164.69;188.21;188.21
15.10.2022 05:00:00;15.10.2022 06:00:00;256.06;159.85;159.85;181.5;181.5
15.10.2022 06:00:00;15.10.2022 07:00:00;237.29;175.93;159.02;195.63;195.63
15.10.2022 07:00:00;15.10.2022 08:00:00;189.65;189.65;160.26;189.65;189.65
15.10.2022 08:00:00;15.10.2022 09:00:00;206.56;202.95;163.66;206.56;206.56
15.10.2022 09:00:00;15.10.2022 10:00:00;237.6;210.38;178.72;220.79;220.79
15.10.2022 10:00:00;15.10.2022 11:00:00;660.73;219.76;178.92;226.88;226.88
15.10.2022 11:00:00;15.10.2022 12:00:00;565.65;193.36;178.72;220.28;220.28
15.10.2022 12:00:00;15.10.2022 13:00:00;475.62;186.56;178.82;205.84;205.84
15.10.2022 13:00:00;15.10.2022 14:00:00;515.84;179.65;178.82;196.46;196.46
15.10.2022 14:00:00;15.10.2022 15:00:00;412.5;182.53;178.72;182.53;182.53
15.10.2022 15:00:00;15.10.2022 16:00:00;237.71;181.09;178.72;181.09;181.09
15.10.2022 16:00:00;15.10.2022 17:00:00;511.81;182.22;178.82;182.22;182.22
15.10.2022 17:00:00;15.10.2022 18:00:00;976.09;194.08;178.92;194.08;194.08
15.10.2022 18:00:00;15.10.2022 19:00:00;1392.92;217.49;178.82;217.49;217.49
15.10.2022 19:00:00;15.10.2022 20:00:00;254.93;229.76;173.25;229.76;229.76
15.10.2022 20:00:00;15.10.2022 21:00:00;199.55;199.55;165.93;199.55;199.55
15.10.2022 21:00:00;15.10.2022 22:00:00;193.16;193.16;159.64;193.16;193.16
15.10.2022 22:00:00;15.10.2022 23:00:00;170.98;170.98;158.71;170.98;170.98
15.10.2022 23:00:00;16.10.2022 00:00:00;149.43;149.43;149.43;149.43;149.43
16.10.2022 00:00:00;16.10.2022 01:00:00;157.99;157.99;157.99;157.99;157.99
16.10.2022 01:00:00;16.10.2022 02:00:00;161.83;156.65;156.65;161.83;161.83
16.10.2022 02:00:00;16.10.2022 03:00:00;161.21;154.78;154.78;161.21;161.21
16.10.2022 03:00:00;16.10.2022 04:00:00;165.87;154.58;154.58;165.87;165.87
16.10.2022 04:00:00;16.10.2022 05:00:00;175.3;157.06;157.06;175.3;175.3
16.10.2022 05:00:00;16.10.2022 06:00:00;182.03;161.41;161.41;182.03;182.03
16.10.2022 06:00:00;16.10.2022 07:00:00;188.56;152.09;152.09;188.56;188.56
16.10.2022 07:00:00;16.10.2022 08:00:00;195.81;159.65;159.65;195.81;195.81
16.10.2022 08:00:00;16.10.2022 09:00:00;217.36;180.06;178.72;217.36;217.36
16.10.2022 09:00:00;16.10.2022 10:00:00;222.33;215.91;178.92;222.33;222.33
16.10.2022 10:00:00;16.10.2022 11:00:00;217.15;217.15;179.34;217.15;217.15
16.10.2022 11:00:00;16.10.2022 12:00:00;206.58;206.58;179.65;206.58;206.58
16.10.2022 12:00:00;16.10.2022 13:00:00;188.97;188.97;179.75;188.97;188.97
16.10.2022 13:00:00;16.10.2022 14:00:00;138.62;138.62;138.62;138.62;138.62
16.10.2022 14:00:00;16.10.2022 15:00:00;169.29;169.29;169.29;169.29;169.29
16.10.2022 15:00:00;16.10.2022 16:00:00;178.09;178.09;178.09;178.09;178.09
16.10.2022 16:00:00;16.10.2022 17:00:00;180.17;180.17;180.17;180.17;180.17
16.10.2022 17:00:00;16.10.2022 18:00:00;196.22;196.22;196.22;196.22;196.22
16.10.2022 18:00:00;16.10.2022 19:00:00;212.9;212.9;179.96;212.9;212.9
16.10.2022 19:00:00;16.10.2022 20:00:00;202.44;202.44;182.55;202.44;202.44
16.10.2022 20:00:00;16.10.2022 21:00:00;190.11;190.11;181.93;190.11;190.11
16.10.2022 21:00:00;16.10.2022 22:00:00;194.88;194.88;180.89;194.88;194.88
16.10.2022 22:00:00;16.10.2022 23:00:00;183.27;183.27;179.96;183.27;183.27
16.10.2022 23:00:00;17.10.2022 00:00:00;173.74;173.74;173.74;173.74;173.74
17.10.2022 00:00:00;17.10.2022 01:00:00;209.38;209.38;185.35;209.38;209.38
17.10.2022 01:00:00;17.10.2022 02:00:00;414.31;206.79;179.54;206.79;206.79
17.10.2022 02:00:00;17.10.2022 03:00:00;414.31;202.75;178.92;202.75;202.75
17.10.2022 03:00:00;17.10.2022 04:00:00;639.96;198.81;178.61;198.81;198.81
17.10.2022 04:00:00;17.10.2022 05:00:00;980.71;193.53;178.61;193.53;193.53
17.10.2022 05:00:00;17.10.2022 06:00:00;1347.56;189.08;178.82;189.08;189.08
17.10.2022 06:00:00;17.10.2022 07:00:00;1432.41;193.63;179.54;193.63;193.63
17.10.2022 07:00:00;17.10.2022 08:00:00;1301.25;220.67;220.67;220.67;220.67
17.10.2022 08:00:00;17.10.2022 09:00:00;1753.38;222.54;222.54;222.54;222.54
17.10.2022 09:00:00;17.10.2022 10:00:00;1618.9;222.23;210.62;222.23;222.23
17.10.2022 10:00:00;17.10.2022 11:00:00;1297.52;262.94;180.06;262.94;262.94
17.10.2022 11:00:00;17.10.2022 12:00:00;1335.65;290.92;179.13;290.92;290.92
17.10.2022 12:00:00;17.10.2022 13:00:00;1217.23;275.27;172.4;275.27;275.27
17.10.2022 13:00:00;17.10.2022 14:00:00;1191.74;277.24;178.3;277.24;277.24
17.10.2022 14:00:00;17.10.2022 15:00:00;1246.45;287.5;178.09;287.5;287.5
17.10.2022 15:00:00;17.10.2022 16:00:00;1409.31;283.56;178.4;283.56;283.56
17.10.2022 16:00:00;17.10.2022 17:00:00;1537.16;284.6;178.51;284.6;284.6
17.10.2022 17:00:00;17.10.2022 18:00:00;1426.51;280.25;178.72;280.25;280.25
17.10.2022 18:00:00;17.10.2022 19:00:00;1603.98;302.31;178.92;302.31;302.31
17.10.2022 19:00:00;17.10.2022 20:00:00;1257.95;305.73;179.34;305.73;305.73
17.10.2022 20:00:00;17.10.2022 21:00:00;414.31;293.3;179.75;293.3;293.3
17.10.2022 21:00:00;17.10.2022 22:00:00;621.72;272.16;179.44;272.16;272.16
17.10.2022 22:00:00;17.10.2022 23:00:00;898.34;235.18;178.82;235.18;235.18
17.10.2022 23:00:00;18.10.2022 00:00:00;518.12;210.94;178.2;210.94;210.94
18.10.2022 00:00:00;18.10.2022 01:00:00;250.63;250.63;169.46;250.63;250.63
18.10.2022 01:00:00;18.10.2022 02:00:00;648.29;247.01;169.26;247.01;247.01
18.10.2022 02:00:00;18.10.2022 03:00:00;988.35;245.87;169.46;245.87;245.87
18.10.2022 03:00:00;18.10.2022 04:00:00;1012.03;247.42;169.88;247.42;247.42
18.10.2022 04:00:00;18.10.2022 05:00:00;1193.59;244.12;170.5;244.12;244.12
18.10.2022 05:00:00;18.10.2022 06:00:00;1672.83;253.83;179.08;253.83;253.83
18.10.2022 06:00:00;18.10.2022 07:00:00;1885.61;301.19;179.7;301.19;301.19
18.10.2022 07:00:00;18.10.2022 08:00:00;2151.65;330.24;229.12;330.24;330.24
18.10.2022 08:00:00;18.10.2022 09:00:00;2341.58;382.46;249.6;382.46;382.46
18.10.2022 09:00:00;18.10.2022 10:00:00;2126.21;372.74;239.67;372.74;372.74
18.10.2022 10:00:00;18.10.2022 11:00:00;2092.51;388.45;241.53;388.45;388.45
18.10.2022 11:00:00;18.10.2022 12:00:00;1864.83;404.79;239.88;404.79;404.79
18.10.2022 12:00:00;18.10.2022 13:00:00;1736.21;329.42;239.88;329.42;329.42
18.10.2022 13:00:00;18.10.2022 14:00:00;1592.8;286.2;239.88;286.2;286.2
18.10.2022 14:00:00;18.10.2022 15:00:00;1577.29;268;236.46;268;268
18.10.2022 15:00:00;18.10.2022 16:00:00;1821.82;256.01;238.95;256.01;256.01
18.10.2022 16:00:00;18.10.2022 17:00:00;1344.13;270.27;234.19;270.27;270.27
18.10.2022 17:00:00;18.10.2022 18:00:00;1239.81;249.8;238.95;249.8;249.8
18.10.2022 18:00:00;18.10.2022 19:00:00;1555.06;233.78;233.78;233.78;233.78
18.10.2022 19:00:00;18.10.2022 20:00:00;1287.37;229.85;229.85;229.85;229.85
18.10.2022 20:00:00;18.10.2022 21:00:00;723.76;222.09;222.09;222.09;222.09
18.10.2022 21:00:00;18.10.2022 22:00:00;845.15;212.89;212.89;212.89;212.89
18.10.2022 22:00:00;18.10.2022 23:00:00;628.95;180.22;180.22;180.22;180.22
18.10.2022 23:00:00;19.10.2022 00:00:00;165.33;165.33;165.33;165.33;165.33
19.10.2022 00:00:00;19.10.2022 01:00:00;166.19;166.19;166.19;166.19;166.19
19.10.2022 01:00:00;19.10.2022 02:00:00;163.18;163.18;163.18;163.18;163.18
19.10.2022 02:00:00;19.10.2022 03:00:00;163.7;163.7;163.7;163.7;163.7
19.10.2022 03:00:00;19.10.2022 04:00:00;166.61;166.61;166.61;166.61;166.61
19.10.2022 04:00:00;19.10.2022 05:00:00;656.35;189.56;168.68;189.56;189.56
19.10.2022 05:00:00;19.10.2022 06:00:00;1067.88;200.47;168.68;200.47;200.47
19.10.2022 06:00:00;19.10.2022 07:00:00;1629.29;213.14;168.79;213.14;213.14
19.10.2022 07:00:00;19.10.2022 08:00:00;1925.73;223.11;169.51;223.11;223.11
19.10.2022 08:00:00;19.10.2022 09:00:00;2073.23;236.3;169.93;236.3;236.3
19.10.2022 09:00:00;19.10.2022 10:00:00;2025.97;235.37;168.79;235.37;235.37
19.10.2022 10:00:00;19.10.2022 11:00:00;1902.47;244.2;168.06;244.2;244.2
19.10.2022 11:00:00;19.10.2022 12:00:00;1809.82;236.61;167.33;236.61;236.61
19.10.2022 12:00:00;19.10.2022 13:00:00;1647.99;234.85;167.44;234.85;234.85
19.10.2022 13:00:00;19.10.2022 14:00:00;1543.08;217.09;167.54;217.09;217.09
19.10.2022 14:00:00;19.10.2022 15:00:00;1489.79;205.35;167.75;205.35;205.35
19.10.2022 15:00:00;19.10.2022 16:00:00;1533.42;206.28;168.48;206.28;206.28
19.10.2022 16:00:00;19.10.2022 17:00:00;1712.49;203.38;169.72;203.38;203.38
19.10.2022 17:00:00;19.10.2022 18:00:00;1869.54;202.75;170.35;202.75;202.75
19.10.2022 18:00:00;19.10.2022 19:00:00;1835.57;197.35;170.76;197.35;197.35
19.10.2022 19:00:00;19.10.2022 20:00:00;1752.89;197.25;171.18;197.25;197.25
19.10.2022 20:00:00;19.10.2022 21:00:00;1633.55;198.81;171.28;198.81;198.81
19.10.2022 21:00:00;19.10.2022 22:00:00;1484.7;201.4;171.38;201.4;201.4
19.10.2022 22:00:00;19.10.2022 23:00:00;901.06;204.31;171.28;204.31;204.31
19.10.2022 23:00:00;20.10.2022 00:00:00;204.83;204.83;170.86;204.83;204.83
20.10.2022 00:00:00;20.10.2022 01:00:00;239.87;239.87;181.26;239.87;239.87
20.10.2022 01:00:00;20.10.2022 02:00:00;238.42;238.42;180.84;238.42;238.42
20.10.2022 02:00:00;20.10.2022 03:00:00;257.33;257.33;180.74;257.33;257.33
20.10.2022 03:00:00;20.10.2022 04:00:00;273.03;273.03;180.74;273.03;273.03
20.10.2022 04:00:00;20.10.2022 05:00:00;848.7;293.61;180.94;293.61;293.61
20.10.2022 05:00:00;20.10.2022 06:00:00;1557.93;340.37;181.98;340.37;340.37
20.10.2022 06:00:00;20.10.2022 07:00:00;1989.04;356.28;184.06;356.28;356.28
20.10.2022 07:00:00;20.10.2022 08:00:00;3027.83;378.93;188.22;378.93;378.93
20.10.2022 08:00:00;20.10.2022 09:00:00;3251.49;503.23;225.22;503.23;503.23
20.10.2022 09:00:00;20.10.2022 10:00:00;3429.31;536.91;191.96;536.91;536.91
20.10.2022 10:00:00;20.10.2022 11:00:00;2910.8;617.14;188.22;617.14;617.14
20.10.2022 11:00:00;20.10.2022 12:00:00;2571.88;664.54;189.05;664.54;664.54
20.10.2022 12:00:00;20.10.2022 13:00:00;2590.69;677.94;189.26;677.94;677.94
20.10.2022 13:00:00;20.10.2022 14:00:00;2405.9;716.71;192.69;716.71;716.71
20.10.2022 14:00:00;20.10.2022 15:00:00;2297.19;715.25;194.14;715.25;715.25
20.10.2022 15:00:00;20.10.2022 16:00:00;2232.44;664.33;200.38;664.33;664.33
20.10.2022 16:00:00;20.10.2022 17:00:00;2060.64;664.33;229.17;664.33;664.33
20.10.2022 17:00:00;20.10.2022 18:00:00;2797;617.14;229.17;617.14;617.14
20.10.2022 18:00:00;20.10.2022 19:00:00;3117.83;633.46;229.38;633.46;633.46
20.10.2022 19:00:00;20.10.2022 20:00:00;2169.15;680.13;229.27;680.13;680.13
20.10.2022 20:00:00;20.10.2022 21:00:00;1857.25;717.13;229.17;717.13;717.13
20.10.2022 21:00:00;20.10.2022 22:00:00;2026.87;801.93;200.07;801.93;801.93
20.10.2022 22:00:00;20.10.2022 23:00:00;2072.39;675.45;193.94;675.45;675.45
20.10.2022 23:00:00;21.10.2022 00:00:00;1745.94;518.72;187.39;518.72;518.72
21.10.2022 00:00:00;21.10.2022 01:00:00;1703.76;587.07;180.38;587.07;587.07
21.10.2022 01:00:00;21.10.2022 02:00:00;1515.79;554.13;179.76;554.13;554.13
21.10.2022 02:00:00;21.10.2022 03:00:00;1386.32;536.89;179.45;536.89;536.89
21.10.2022 03:00:00;21.10.2022 04:00:00;1350.68;537.4;179.24;537.4;537.4
21.10.2022 04:00:00;21.10.2022 05:00:00;1399.83;575.12;179.65;575.12;575.12
21.10.2022 05:00:00;21.10.2022 06:00:00;1991.79;589.25;180.8;616.58;616.58
21.10.2022 06:00:00;21.10.2022 07:00:00;2803.4;597.88;240.13;1489.4;1489.4
21.10.2022 07:00:00;21.10.2022 08:00:00;3449.91;550.29;242.31;736.7;736.7
21.10.2022 08:00:00;21.10.2022 09:00:00;3439.52;597.46;319.82;831.77;831.77
21.10.2022 09:00:00;21.10.2022 10:00:00;2836.44;507.38;300.71;1133.83;1133.83
21.10.2022 10:00:00;21.10.2022 11:00:00;3450.32;470.18;267.46;1486.7;1486.7
21.10.2022 11:00:00;21.10.2022 12:00:00;3496.77;482.33;290;1791.77;1791.77
21.10.2022 12:00:00;21.10.2022 13:00:00;3496.46;503.84;249.38;900.66;900.66
21.10.2022 13:00:00;21.10.2022 14:00:00;3450.11;539.07;229.63;1658.76;1658.76
21.10.2022 14:00:00;21.10.2022 15:00:00;3496.66;576.37;225.89;867.83;867.83
21.10.2022 15:00:00;21.10.2022 16:00:00;3450.11;597.98;262.78;738.98;738.98
21.10.2022 16:00:00;21.10.2022 17:00:00;3428.4;597.98;230.26;831.46;831.46
21.10.2022 17:00:00;21.10.2022 18:00:00;2802.88;676.33;230.15;743.97;743.97
21.10.2022 18:00:00;21.10.2022 19:00:00;3015.47;1762.88;204.18;1762.88;1762.88
21.10.2022 19:00:00;21.10.2022 20:00:00;2866.26;1561.82;183.6;1561.82;1561.82
21.10.2022 20:00:00;21.10.2022 21:00:00;2457.08;1009.35;180.17;1009.35;1009.35
21.10.2022 21:00:00;21.10.2022 22:00:00;2161.36;708.23;176.64;708.23;708.23
21.10.2022 22:00:00;21.10.2022 23:00:00;1843.82;597.46;176.23;597.46;597.46
21.10.2022 23:00:00;22.10.2022 00:00:00;1350.68;533.14;175.71;533.14;533.14
22.10.2022 00:00:00;22.10.2022 01:00:00;1184.5;721.16;186.25;721.16;721.16
22.10.2022 01:00:00;22.10.2022 02:00:00;1041.58;666.68;185.52;666.68;666.68
22.10.2022 02:00:00;22.10.2022 03:00:00;1093.56;649.49;185.32;649.49;649.49
22.10.2022 03:00:00;22.10.2022 04:00:00;1050.96;656.68;185.32;656.68;656.68
22.10.2022 04:00:00;22.10.2022 05:00:00;985.23;658.66;185.42;658.66;658.66
22.10.2022 05:00:00;22.10.2022 06:00:00;888.66;655.33;185.73;655.33;655.33
22.10.2022 06:00:00;22.10.2022 07:00:00;937.93;937.93;186.57;937.93;937.93
22.10.2022 07:00:00;22.10.2022 08:00:00;1042.73;1033.46;187.5;1033.46;1033.46
22.10.2022 08:00:00;22.10.2022 09:00:00;1467.01;1467.01;187.19;1032;1467.01
22.10.2022 09:00:00;22.10.2022 10:00:00;1480.34;1480.34;187.4;893.87;1480.34
22.10.2022 10:00:00;22.10.2022 11:00:00;1458.47;1458.47;187.3;704.49;1458.47
22.10.2022 11:00:00;22.10.2022 12:00:00;1330.13;1378.67;186.46;699.49;1378.67
22.10.2022 12:00:00;22.10.2022 13:00:00;1041.48;1345.23;186.46;697.31;1345.23
22.10.2022 13:00:00;22.10.2022 14:00:00;1040.85;1262.21;185.52;893.35;1262.21
22.10.2022 14:00:00;22.10.2022 15:00:00;868.56;1167.73;185;868.56;1167.73
22.10.2022 15:00:00;22.10.2022 16:00:00;611.57;1187.52;185;611.57;1187.52
22.10.2022 16:00:00;22.10.2022 17:00:00;529.8;865.33;184.69;529.8;865.33
22.10.2022 17:00:00;22.10.2022 18:00:00;1040.75;832.31;184.38;524.07;832.31
22.10.2022 18:00:00;22.10.2022 19:00:00;1458.36;468.76;183.86;468.76;468.76
22.10.2022 19:00:00;22.10.2022 20:00:00;1249.71;456.88;183.34;456.88;456.88
22.10.2022 20:00:00;22.10.2022 21:00:00;833.45;446.47;183.02;446.47;446.47
22.10.2022 21:00:00;22.10.2022 22:00:00;913.35;445.43;182.82;445.43;445.43
22.10.2022 22:00:00;22.10.2022 23:00:00;470.63;423.03;182.71;423.03;423.03
22.10.2022 23:00:00;23.10.2022 00:00:00;302.09;302.09;182.4;302.09;302.09
23.10.2022 00:00:00;23.10.2022 01:00:00;345.46;345.46;180.98;345.46;345.46
23.10.2022 01:00:00;23.10.2022 02:00:00;320.97;320.97;180.87;320.97;320.97
23.10.2022 02:00:00;23.10.2022 03:00:00;309.24;309.24;181.19;309.24;309.24
23.10.2022 03:00:00;23.10.2022 04:00:00;297.51;297.51;181.29;297.51;297.51
23.10.2022 04:00:00;23.10.2022 05:00:00;318.99;318.99;181.5;285.79;318.99
23.10.2022 05:00:00;23.10.2022 06:00:00;391.53;391.53;182.02;269.91;391.53
23.10.2022 06:00:00;23.10.2022 07:00:00;318.48;318.48;182.33;318.48;318.48
23.10.2022 07:00:00;23.10.2022 08:00:00;357.6;357.6;182.74;338.81;357.6
23.10.2022 08:00:00;23.10.2022 09:00:00;492.71;492.71;183.26;400.77;492.71
23.10.2022 09:00:00;23.10.2022 10:00:00;618.48;618.48;183.88;488.45;618.48
23.10.2022 10:00:00;23.10.2022 11:00:00;890.36;672.55;184.19;585.38;672.55
23.10.2022 11:00:00;23.10.2022 12:00:00;944.22;710.42;184.09;608.83;710.42
23.10.2022 12:00:00;23.10.2022 13:00:00;781.71;674;183.99;608.73;674
23.10.2022 13:00:00;23.10.2022 14:00:00;669.22;669.22;183.88;608.31;669.22
23.10.2022 14:00:00;23.10.2022 15:00:00;638.3;638.3;184.3;608.21;638.3
23.10.2022 15:00:00;23.10.2022 16:00:00;639.55;639.55;184.82;608.41;639.55
23.10.2022 16:00:00;23.10.2022 17:00:00;863.07;648.89;185.44;608.41;648.89
23.10.2022 17:00:00;23.10.2022 18:00:00;958.54;632.49;186.27;609.04;632.49
23.10.2022 18:00:00;23.10.2022 19:00:00;1000.46;608.31;191.15;608.31;608.31
23.10.2022 19:00:00;23.10.2022 20:00:00;850.82;601.15;226.95;601.15;601.15
23.10.2022 20:00:00;23.10.2022 21:00:00;736.68;606.34;227.57;606.34;606.34
23.10.2022 21:00:00;23.10.2022 22:00:00;884.45;535.46;227.88;631.04;631.04
23.10.2022 22:00:00;23.10.2022 23:00:00;634.25;466.56;245.73;634.25;634.25
23.10.2022 23:00:00;24.10.2022 00:00:00;637.06;397.65;235.56;637.06;637.06
24.10.2022 00:00:00;24.10.2022 01:00:00;515.43;404.09;185.03;515.43;515.43
24.10.2022 01:00:00;24.10.2022 02:00:00;502.05;399;185.34;502.05;502.05
24.10.2022 02:00:00;24.10.2022 03:00:00;385.72;385.72;185.75;385.72;385.72
24.10.2022 03:00:00;24.10.2022 04:00:00;436.78;260.26;186.17;260.26;260.26
24.10.2022 04:00:00;24.10.2022 05:00:00;918.48;395.06;190.94;395.06;395.06
24.10.2022 05:00:00;24.10.2022 06:00:00;1820.47;539.3;227.26;539.3;539.3
24.10.2022 06:00:00;24.10.2022 07:00:00;3042.9;708.66;227.26;708.66;708.66
24.10.2022 07:00:00;24.10.2022 08:00:00;3102.98;615.57;227.57;932.8;932.8
24.10.2022 08:00:00;24.10.2022 09:00:00;3113.67;1267.05;284.54;1267.05;1267.05
24.10.2022 09:00:00;24.10.2022 10:00:00;2897.83;973.59;296.79;973.59;973.59
24.10.2022 10:00:00;24.10.2022 11:00:00;2553.82;1087.01;395.79;1087.01;1087.01
24.10.2022 11:00:00;24.10.2022 12:00:00;2543.03;845.64;324.18;845.64;845.64
24.10.2022 12:00:00;24.10.2022 13:00:00;2829.96;616.51;321.07;706.69;706.69
24.10.2022 13:00:00;24.10.2022 14:00:00;2494.36;563.07;316.92;703.78;703.78
24.10.2022 14:00:00;24.10.2022 15:00:00;2214.08;472.47;334.25;707.62;707.62
24.10.2022 15:00:00;24.10.2022 16:00:00;2542.82;410.94;330.41;790.33;790.33
24.10.2022 16:00:00;24.10.2022 17:00:00;2335.28;385.72;323.15;856.12;856.12
24.10.2022 17:00:00;24.10.2022 18:00:00;3113.15;314.43;306.96;926.68;926.68
24.10.2022 18:00:00;24.10.2022 19:00:00;3394.17;312.15;297.41;833.81;833.81
24.10.2022 19:00:00;24.10.2022 20:00:00;3103.19;313.49;287.14;669.12;669.12
24.10.2022 20:00:00;24.10.2022 21:00:00;2273.33;312.15;297.2;619.73;619.73
24.10.2022 21:00:00;24.10.2022 22:00:00;2002.48;307.37;247.5;524.05;524.05
24.10.2022 22:00:00;24.10.2022 23:00:00;1494.94;294.3;227.47;301.77;301.77
24.10.2022 23:00:00;25.10.2022 00:00:00;1089.4;246.35;188.24;246.35;246.35
25.10.2022 00:00:00;25.10.2022 01:00:00;1754.05;264.69;238.51;264.69;264.69
25.10.2022 01:00:00;25.10.2022 02:00:00;1137.82;260.23;199.04;260.23;260.23
25.10.2022 02:00:00;25.10.2022 03:00:00;1009.94;253.27;186.88;253.27;253.27
25.10.2022 03:00:00;25.10.2022 04:00:00;976.49;248.38;186.36;248.38;248.38
25.10.2022 04:00:00;25.10.2022 05:00:00;1350.47;249.94;186.36;249.94;249.94
25.10.2022 05:00:00;25.10.2022 06:00:00;1403.14;288.38;189.48;288.38;288.38
25.10.2022 06:00:00;25.10.2022 07:00:00;1881.1;348.84;229.06;348.84;348.84
25.10.2022 07:00:00;25.10.2022 08:00:00;1875.39;531.15;228.75;544.65;544.65
25.10.2022 08:00:00;25.10.2022 09:00:00;1940.52;525.33;229.06;525.33;525.33
25.10.2022 09:00:00;25.10.2022 10:00:00;1989.87;580.7;247.66;580.7;580.7
25.10.2022 10:00:00;25.10.2022 11:00:00;2076.81;609.69;289.73;609.69;609.69
25.10.2022 11:00:00;25.10.2022 12:00:00;1975.53;613.01;248.9;613.01;613.01
25.10.2022 12:00:00;25.10.2022 13:00:00;1980.41;639.08;248.59;639.08;639.08
25.10.2022 13:00:00;25.10.2022 14:00:00;1856.38;665.05;238.41;665.05;665.05
25.10.2022 14:00:00;25.10.2022 15:00:00;1566.23;705.98;229.16;705.98;705.98
25.10.2022 15:00:00;25.10.2022 16:00:00;1534.96;832.72;248.59;832.72;832.72
25.10.2022 16:00:00;25.10.2022 17:00:00;1350.37;766.96;238.72;766.96;766.96
25.10.2022 17:00:00;25.10.2022 18:00:00;1547.85;928.5;248.38;928.5;928.5
25.10.2022 18:00:00;25.10.2022 19:00:00;1776.7;932.03;248.9;932.03;932.03
25.10.2022 19:00:00;25.10.2022 20:00:00;1465.99;930.68;248.59;930.68;930.68
25.10.2022 20:00:00;25.10.2022 21:00:00;801.76;801.76;248.8;801.76;801.76
25.10.2022 21:00:00;25.10.2022 22:00:00;904.81;669.94;241.53;669.94;669.94
25.10.2022 22:00:00;25.10.2022 23:00:00;886.43;618.83;248.8;618.83;618.83
25.10.2022 23:00:00;26.10.2022 00:00:00;580.08;563.77;239.24;580.08;580.08
26.10.2022 00:00:00;26.10.2022 01:00:00;607.1;607.1;225.97;607.1;607.1
26.10.2022 01:00:00;26.10.2022 02:00:00;574.72;574.72;221.7;574.72;574.72
26.10.2022 02:00:00;26.10.2022 03:00:00;579.92;579.92;223.06;579.92;579.92
26.10.2022 03:00:00;26.10.2022 04:00:00;604.81;604.81;225.14;604.81;604.81
26.10.2022 04:00:00;26.10.2022 05:00:00;1019.06;624.29;229.2;627.62;627.62
26.10.2022 05:00:00;26.10.2022 06:00:00;1348.75;727.69;233.47;727.69;727.69
26.10.2022 06:00:00;26.10.2022 07:00:00;1879.42;608.67;245.55;1292;1292
26.10.2022 07:00:00;26.10.2022 08:00:00;1863.28;922.94;300.22;1575.14;1575.14
26.10.2022 08:00:00;26.10.2022 09:00:00;1872.65;1249.2;289.49;1647.51;1647.51
26.10.2022 09:00:00;26.10.2022 10:00:00;1864.42;838.18;289.7;1525.15;1525.15
26.10.2022 10:00:00;26.10.2022 11:00:00;1874.32;626.06;346.77;1388.22;1388.22
26.10.2022 11:00:00;26.10.2022 12:00:00;1874.42;614.08;341.46;1234.83;1234.83
26.10.2022 12:00:00;26.10.2022 13:00:00;1817.25;623.24;343.12;1171.41;1171.41
26.10.2022 13:00:00;26.10.2022 14:00:00;1707.8;624.29;300.53;1207.23;1207.23
26.10.2022 14:00:00;26.10.2022 15:00:00;1853.07;937.21;296.47;937.21;937.21
26.10.2022 15:00:00;26.10.2022 16:00:00;1867.03;930.54;324.38;930.54;930.54
26.10.2022 16:00:00;26.10.2022 17:00:00;1858.59;826.62;323.55;826.62;826.62
26.10.2022 17:00:00;26.10.2022 18:00:00;1849.53;733.73;306.57;733.73;733.73
26.10.2022 18:00:00;26.10.2022 19:00:00;1895.98;799.34;250.65;799.34;799.34
26.10.2022 19:00:00;26.10.2022 20:00:00;1880.56;783.72;247.74;783.72;783.72
26.10.2022 20:00:00;26.10.2022 21:00:00;1760.91;842.66;249.4;842.66;842.66
26.10.2022 21:00:00;26.10.2022 22:00:00;1686.35;575.24;247.94;853.9;853.9
26.10.2022 22:00:00;26.10.2022 23:00:00;1525.46;465.27;239.4;739.25;739.25
26.10.2022 23:00:00;27.10.2022 00:00:00;1353.64;365.2;223.68;574.61;574.61
27.10.2022 00:00:00;27.10.2022 01:00:00;1346.64;329.28;221.35;658.77;658.77
27.10.2022 01:00:00;27.10.2022 02:00:00;1180.19;299.35;213.79;567.72;567.72
27.10.2022 02:00:00;27.10.2022 03:00:00;1089.56;309.7;209.02;448.09;448.09
27.10.2022 03:00:00;27.10.2022 04:00:00;1158.03;336.64;206.95;362.32;362.32
27.10.2022 04:00:00;27.10.2022 05:00:00;1274.76;351.65;209.44;351.65;351.65
27.10.2022 05:00:00;27.10.2022 06:00:00;1864.44;408.11;215.14;408.11;408.11
27.10.2022 06:00:00;27.10.2022 07:00:00;2058.65;442.8;229.02;572.69;572.69
27.10.2022 07:00:00;27.10.2022 08:00:00;2101.43;412.77;249.73;922.38;922.38
27.10.2022 08:00:00;27.10.2022 09:00:00;2223.04;353.42;282.57;922.59;922.59
27.10.2022 09:00:00;27.10.2022 10:00:00;2020.64;323.27;259.26;908.4;908.4
27.10.2022 10:00:00;27.10.2022 11:00:00;2227.18;311.26;249.73;735.21;735.21
27.10.2022 11:00:00;27.10.2022 12:00:00;1947.62;318.51;239.79;736.66;736.66
27.10.2022 12:00:00;27.10.2022 13:00:00;2151.77;329.9;220.21;655.56;655.56
27.10.2022 13:00:00;27.10.2022 14:00:00;2053.37;349.27;220.73;615.06;615.06
27.10.2022 14:00:00;27.10.2022 15:00:00;1886.92;350.2;213.17;632.98;632.98
27.10.2022 15:00:00;27.10.2022 16:00:00;1744.91;365.84;215.65;675.86;675.86
27.10.2022 16:00:00;27.10.2022 17:00:00;1658.42;389.46;213.17;633.29;633.29
27.10.2022 17:00:00;27.10.2022 18:00:00;1704.62;401.79;204.47;734.59;734.59
27.10.2022 18:00:00;27.10.2022 19:00:00;1727.82;423.02;193.9;735.11;735.11
27.10.2022 19:00:00;27.10.2022 20:00:00;1653.66;409.35;186.96;803.78;803.78
27.10.2022 20:00:00;27.10.2022 21:00:00;1450.22;363.05;185.82;645.1;645.1
27.10.2022 21:00:00;27.10.2022 22:00:00;1496.73;343.06;185.51;574.14;574.14
27.10.2022 22:00:00;27.10.2022 23:00:00;1443.91;335.6;183.85;398.16;398.16
27.10.2022 23:00:00;28.10.2022 00:00:00;1242.65;281.53;181.78;281.53;281.53
28.10.2022 00:00:00;28.10.2022 01:00:00;916.72;262.64;180.47;267.6;267.6
28.10.2022 01:00:00;28.10.2022 02:00:00;1027;202.18;180.06;245.07;245.07
28.10.2022 02:00:00;28.10.2022 03:00:00;931.81;199.9;179.85;231.01;231.01
28.10.2022 03:00:00;28.10.2022 04:00:00;847.26;205.07;179.85;209.1;209.1
28.10.2022 04:00:00;28.10.2022 05:00:00;1051.5;197.01;180.16;197.01;197.01
28.10.2022 05:00:00;28.10.2022 06:00:00;1240.03;236.49;180.57;236.49;236.49
28.10.2022 06:00:00;28.10.2022 07:00:00;1260.91;282.7;180.78;298.61;298.61
28.10.2022 07:00:00;28.10.2022 08:00:00;1034.03;347.5;182.43;347.5;347.5
28.10.2022 08:00:00;28.10.2022 09:00:00;1221.12;353.5;183.57;353.5;353.5
28.10.2022 09:00:00;28.10.2022 10:00:00;1235.8;350.09;184.19;350.09;350.09
28.10.2022 10:00:00;28.10.2022 11:00:00;1116;351.02;185.12;351.02;351.02
28.10.2022 11:00:00;28.10.2022 12:00:00;1100.5;351.64;185.53;351.64;351.64
28.10.2022 12:00:00;28.10.2022 13:00:00;1037.34;359.29;185.84;359.29;359.29
28.10.2022 13:00:00;28.10.2022 14:00:00;750.41;357.74;185.95;361.66;361.66
28.10.2022 14:00:00;28.10.2022 15:00:00;361.56;360.32;186.26;361.56;361.56
28.10.2022 15:00:00;28.10.2022 16:00:00;370.14;370.14;185.84;370.14;370.14
28.10.2022 16:00:00;28.10.2022 17:00:00;864.62;372.41;185.84;372.41;372.41
28.10.2022 17:00:00;28.10.2022 18:00:00;1343.6;357.74;185.95;357.74;357.74
28.10.2022 18:00:00;28.10.2022 19:00:00;1569.76;367.04;185.74;367.04;367.04
28.10.2022 19:00:00;28.10.2022 20:00:00;1416.37;361.15;185.43;361.15;361.15
28.10.2022 20:00:00;28.10.2022 21:00:00;1117.76;355.77;184.91;355.77;355.77
28.10.2022 21:00:00;28.10.2022 22:00:00;1155.69;351.74;185.02;351.74;351.74
28.10.2022 22:00:00;28.10.2022 23:00:00;539.55;338.41;184.29;338.41;338.41
28.10.2022 23:00:00;29.10.2022 00:00:00;287.04;287.04;183.78;287.04;287.04
29.10.2022 00:00:00;29.10.2022 01:00:00;313.51;313.51;181.85;313.51;313.51
29.10.2022 01:00:00;29.10.2022 02:00:00;235.83;235.83;181.95;235.83;235.83
29.10.2022 02:00:00;29.10.2022 03:00:00;196.73;196.73;181.85;196.73;196.73
29.10.2022 03:00:00;29.10.2022 04:00:00;169.02;169.02;169.02;169.02;169.02
29.10.2022 04:00:00;29.10.2022 05:00:00;150.14;150.14;150.14;150.14;150.14
29.10.2022 05:00:00;29.10.2022 06:00:00;142.64;142.64;142.64;142.64;142.64
29.10.2022 06:00:00;29.10.2022 07:00:00;130.33;130.33;130.33;130.33;130.33
29.10.2022 07:00:00;29.10.2022 08:00:00;130.54;130.54;130.54;130.54;130.54
29.10.2022 08:00:00;29.10.2022 09:00:00;134.95;134.95;134.95;134.95;134.95
29.10.2022 09:00:00;29.10.2022 10:00:00;156.29;156.29;156.29;156.29;156.29
29.10.2022 10:00:00;29.10.2022 11:00:00;133.1;133.1;133.1;133.1;133.1
29.10.2022 11:00:00;29.10.2022 12:00:00;125.51;125.51;125.51;125.51;125.51
29.10.2022 12:00:00;29.10.2022 13:00:00;84.15;84.15;84.15;84.15;84.15
29.10.2022 13:00:00;29.10.2022 14:00:00;50.49;50.49;50.49;50.49;50.49
29.10.2022 14:00:00;29.10.2022 15:00:00;44.23;44.23;44.23;44.23;44.23
29.10.2022 15:00:00;29.10.2022 16:00:00;50.39;50.39;50.39;50.39;50.39
29.10.2022 16:00:00;29.10.2022 17:00:00;119.14;119.14;119.14;119.14;119.14
29.10.2022 17:00:00;29.10.2022 18:00:00;166.25;166.25;166.25;166.25;166.25
29.10.2022 18:00:00;29.10.2022 19:00:00;172.51;172.51;172.51;172.51;172.51
29.10.2022 19:00:00;29.10.2022 20:00:00;170.87;170.87;170.87;170.87;170.87
29.10.2022 20:00:00;29.10.2022 21:00:00;159.99;159.99;159.99;159.99;159.99
29.10.2022 21:00:00;29.10.2022 22:00:00;168.61;168.61;168.61;168.61;168.61
29.10.2022 22:00:00;29.10.2022 23:00:00;169.63;169.63;169.63;169.63;169.63
29.10.2022 23:00:00;30.10.2022 00:00:00;159.68;159.68;159.68;159.68;159.68
30.10.2022 00:00:00;30.10.2022 01:00:00;122.08;122.08;122.08;122.08;122.08
30.10.2022 01:00:00;30.10.2022 02:00:00;127.02;127.02;127.02;127.02;127.02
30.10.2022 02:00:00;30.10.2022 02:00:00;159.5;159.5;159.5;159.5;159.5
30.10.2022 02:00:00;30.10.2022 03:00:00;167.85;167.85;167.85;167.85;167.85
30.10.2022 03:00:00;30.10.2022 04:00:00;169.5;169.5;169.5;169.5;169.5
30.10.2022 04:00:00;30.10.2022 05:00:00;193.42;193.42;174.45;193.42;193.42
30.10.2022 05:00:00;30.10.2022 06:00:00;221.26;221.26;175.17;221.26;221.26
30.10.2022 06:00:00;30.10.2022 07:00:00;235.39;235.39;176.82;235.39;235.39
30.10.2022 07:00:00;30.10.2022 08:00:00;284.57;284.57;178.16;284.57;284.57
30.10.2022 08:00:00;30.10.2022 09:00:00;358.29;358.29;179.3;358.29;358.29
30.10.2022 09:00:00;30.10.2022 10:00:00;384.79;384.79;179.92;384.79;384.79
30.10.2022 10:00:00;30.10.2022 11:00:00;821.13;400.66;180.74;400.66;400.66
30.10.2022 11:00:00;30.10.2022 12:00:00;1006.61;407.26;181.36;407.26;407.26
30.10.2022 12:00:00;30.10.2022 13:00:00;1006.3;416.96;181.98;416.96;416.96
30.10.2022 13:00:00;30.10.2022 14:00:00;1006.3;414.17;182.29;414.17;414.17
30.10.2022 14:00:00;30.10.2022 15:00:00;1101.16;418.3;182.8;418.3;418.3
30.10.2022 15:00:00;30.10.2022 16:00:00;1253.96;428.81;183.22;428.81;428.81
30.10.2022 16:00:00;30.10.2022 17:00:00;1397.58;476.96;183.94;476.96;476.96
30.10.2022 17:00:00;30.10.2022 18:00:00;1558.53;517.59;183.94;542.64;542.64
30.10.2022 18:00:00;30.10.2022 19:00:00;1700.51;431.08;183.42;541.61;541.61
30.10.2022 19:00:00;30.10.2022 20:00:00;1646.79;411.9;182.6;541.92;541.92
30.10.2022 20:00:00;30.10.2022 21:00:00;1472.34;400.56;182.29;575.32;575.32
30.10.2022 21:00:00;30.10.2022 22:00:00;1466.66;400.87;181.98;579.35;579.35
30.10.2022 22:00:00;30.10.2022 23:00:00;1309.43;401.18;181.26;587.39;587.39
30.10.2022 23:00:00;31.10.2022 00:00:00;1126.52;1091.57;180.33;1091.57;1091.57
31.10.2022 00:00:00;31.10.2022 01:00:00;1337.27;407.78;184.56;571.92;571.92
31.10.2022 01:00:00;31.10.2022 02:00:00;1227.87;401.39;184.25;538.62;538.62
31.10.2022 02:00:00;31.10.2022 03:00:00;1199.31;400.46;184.25;457.68;457.68
31.10.2022 03:00:00;31.10.2022 04:00:00;1181.58;400.46;184.14;416.03;416.03
31.10.2022 04:00:00;31.10.2022 05:00:00;1237.05;400.97;184.25;412.01;412.01
31.10.2022 05:00:00;31.10.2022 06:00:00;1579.25;408.19;184.87;408.19;408.19
31.10.2022 06:00:00;31.10.2022 07:00:00;1527.7;376.85;200.13;407.16;407.16
31.10.2022 07:00:00;31.10.2022 08:00:00;1701.43;402.42;300.24;405.61;405.61
31.10.2022 08:00:00;31.10.2022 09:00:00;1732.16;411.08;249.72;411.08;411.08
31.10.2022 09:00:00;31.10.2022 10:00:00;1580.6;414.27;199.71;414.27;414.27
31.10.2022 10:00:00;31.10.2022 11:00:00;1478.01;410.67;216.52;423.24;423.24
31.10.2022 11:00:00;31.10.2022 12:00:00;1463.57;400.15;212.5;429.43;429.43
31.10.2022 12:00:00;31.10.2022 13:00:00;1463.67;392.21;218.48;431.8;431.8
31.10.2022 13:00:00;31.10.2022 14:00:00;1468.83;389.94;223.12;489.33;489.33
31.10.2022 14:00:00;31.10.2022 15:00:00;1559.77;392.93;229.51;504.39;504.39
31.10.2022 15:00:00;31.10.2022 16:00:00;1686.79;400.87;267.66;439.23;439.23
31.10.2022 16:00:00;31.10.2022 17:00:00;1722.05;411.8;278.69;469.44;469.44
31.10.2022 17:00:00;31.10.2022 18:00:00;1813.92;410.46;249.93;435.1;435.1
31.10.2022 18:00:00;31.10.2022 19:00:00;1821.34;410.46;229.41;422.52;422.52
31.10.2022 19:00:00;31.10.2022 20:00:00;1680.09;407.37;200.85;447.17;447.17
31.10.2022 20:00:00;31.10.2022 21:00:00;1471.51;403.86;200.64;431.49;431.49
31.10.2022 21:00:00;31.10.2022 22:00:00;1369.33;400.56;199.71;509.54;509.54
31.10.2022 22:00:00;31.10.2022 23:00:00;1385.62;384.89;187.75;517.28;517.28
31.10.2022 23:00:00;01.11.2022 00:00:00;1183.02;364.58;183.94;456.14;456.14
01.11.2022 00:00:00;01.11.2022 01:00:00;893.84;345.06;180.11;359.91;359.91
01.11.2022 01:00:00;01.11.2022 02:00:00;927.96;333.93;179.8;359.91;359.91
01.11.2022 02:00:00;01.11.2022 03:00:00;927.86;315.47;179.8;364.03;364.03
01.11.2022 03:00:00;01.11.2022 04:00:00;927.86;309.18;179.7;372.28;372.28
01.11.2022 04:00:00;01.11.2022 05:00:00;1010.33;323.41;179.8;390.01;390.01
01.11.2022 05:00:00;01.11.2022 06:00:00;1236.73;340.42;179.9;503.31;503.31
01.11.2022 06:00:00;01.11.2022 07:00:00;3207.19;362.17;197.32;518.26;518.26
01.11.2022 07:00:00;01.11.2022 08:00:00;3207.19;451.66;199.7;641.56;641.56
01.11.2022 08:00:00;01.11.2022 09:00:00;3227.2;461.46;200.52;870.13;870.13
01.11.2022 09:00:00;01.11.2022 10:00:00;3239.05;456.3;199.7;697.44;697.44
01.11.2022 10:00:00;01.11.2022 11:00:00;3555.35;413.31;195.16;589.5;589.5
01.11.2022 11:00:00;01.11.2022 12:00:00;3562.56;354.03;183.61;504.24;504.24
01.11.2022 12:00:00;01.11.2022 13:00:00;3206.78;344.34;179.9;400.42;400.42
01.11.2022 13:00:00;01.11.2022 14:00:00;3132.97;317.22;179.7;425.17;425.17
01.11.2022 14:00:00;01.11.2022 15:00:00;2774.19;281.86;179.39;710.22;710.22
01.11.2022 15:00:00;01.11.2022 16:00:00;3402.05;258.77;177.63;824.76;824.76
01.11.2022 16:00:00;01.11.2022 17:00:00;3562.26;265.68;177.43;665.89;665.89
01.11.2022 17:00:00;01.11.2022 18:00:00;3093.27;217.22;177.22;514.55;514.55
01.11.2022 18:00:00;01.11.2022 19:00:00;3155.54;227.22;175.06;475.68;475.68
01.11.2022 19:00:00;01.11.2022 20:00:00;3458.34;196.19;174.54;410.11;410.11
01.11.2022 20:00:00;01.11.2022 21:00:00;2258;173.72;173.72;400.73;400.73
01.11.2022 21:00:00;01.11.2022 22:00:00;1912.73;172.79;172.79;360.83;360.83
01.11.2022 22:00:00;01.11.2022 23:00:00;1456.02;171.65;171.65;323.2;323.2
01.11.2022 23:00:00;02.11.2022 00:00:00;1020.34;170.62;170.62;248.56;248.56
02.11.2022 00:00:00;02.11.2022 01:00:00;1083.74;162.79;162.79;266.81;266.81
02.11.2022 01:00:00;02.11.2022 02:00:00;1028.42;164.22;164.22;242.05;242.05
02.11.2022 02:00:00;02.11.2022 03:00:00;1027.91;171.15;171.15;177.06;177.06
02.11.2022 03:00:00;02.11.2022 04:00:00;1028.72;159.53;159.53;159.53;159.53
02.11.2022 04:00:00;02.11.2022 05:00:00;1092.29;205.79;172.88;205.79;205.79
02.11.2022 05:00:00;02.11.2022 06:00:00;1833.73;285.04;170.13;298.39;298.39
02.11.2022 06:00:00;02.11.2022 07:00:00;1757.23;344.74;172.07;355.54;355.54
02.11.2022 07:00:00;02.11.2022 08:00:00;1833.63;390.18;174.31;403.83;403.83
02.11.2022 08:00:00;02.11.2022 09:00:00;1671.75;427.57;177.77;427.57;427.57
02.11.2022 09:00:00;02.11.2022 10:00:00;1833.73;465.67;178.28;465.67;465.67
02.11.2022 10:00:00;02.11.2022 11:00:00;1735.22;468.11;178.59;468.11;468.11
02.11.2022 11:00:00;02.11.2022 12:00:00;1833.53;433.78;177.57;433.78;433.78
02.11.2022 12:00:00;02.11.2022 13:00:00;1527.3;406.89;178.69;406.89;406.89
02.11.2022 13:00:00;02.11.2022 14:00:00;1470.04;523.63;178.89;523.63;523.63
02.11.2022 14:00:00;02.11.2022 15:00:00;1324.36;553.99;179.3;553.99;553.99
02.11.2022 15:00:00;02.11.2022 16:00:00;1607.27;509.57;180.01;509.57;509.57
02.11.2022 16:00:00;02.11.2022 17:00:00;1761.2;535.14;180.83;535.14;535.14
02.11.2022 17:00:00;02.11.2022 18:00:00;1626.42;499.9;180.83;499.9;499.9
02.11.2022 18:00:00;02.11.2022 19:00:00;1605.84;498.37;180.93;498.37;498.37
02.11.2022 19:00:00;02.11.2022 20:00:00;1493.47;505.4;180.72;505.4;505.4
02.11.2022 20:00:00;02.11.2022 21:00:00;1182.35;496.02;178.89;496.02;496.02
02.11.2022 21:00:00;02.11.2022 22:00:00;1222.49;460.57;178.89;460.57;460.57
02.11.2022 22:00:00;02.11.2022 23:00:00;1096.27;404.54;178.79;404.54;404.54
02.11.2022 23:00:00;03.11.2022 00:00:00;491.54;388.34;178.28;388.34;388.34
03.11.2022 00:00:00;03.11.2022 01:00:00;335.95;335.95;184.98;335.95;335.95
03.11.2022 01:00:00;03.11.2022 02:00:00;311.57;311.57;184.57;311.57;311.57
03.11.2022 02:00:00;03.11.2022 03:00:00;299.49;299.49;184.26;299.49;299.49
03.11.2022 03:00:00;03.11.2022 04:00:00;307.89;307.89;183.95;307.89;307.89
03.11.2022 04:00:00;03.11.2022 05:00:00;318.64;229.63;184.26;318.64;318.64
03.11.2022 05:00:00;03.11.2022 06:00:00;921.81;184.06;184.06;349.98;349.98
03.11.2022 06:00:00;03.11.2022 07:00:00;1331.51;185.39;185.39;374.87;374.87
03.11.2022 07:00:00;03.11.2022 08:00:00;1350.76;220.42;186.41;393.51;393.51
03.11.2022 08:00:00;03.11.2022 09:00:00;1361.11;290.68;187.13;374.87;374.87
03.11.2022 09:00:00;03.11.2022 10:00:00;1228.88;292.11;186.82;367.19;367.19
03.11.2022 10:00:00;03.11.2022 11:00:00;1331.51;267.74;186.62;359.4;359.4
03.11.2022 11:00:00;03.11.2022 12:00:00;1361;294.78;186.92;358.18;358.18
03.11.2022 12:00:00;03.11.2022 13:00:00;1420.41;240.39;185.59;348.75;348.75
03.11.2022 13:00:00;03.11.2022 14:00:00;1228.47;269.27;186.31;355.82;355.82
03.11.2022 14:00:00;03.11.2022 15:00:00;945.98;310.65;186.72;350.6;350.6
03.11.2022 15:00:00;03.11.2022 16:00:00;1031.92;328.37;187.03;351.62;351.62
03.11.2022 16:00:00;03.11.2022 17:00:00;1228.57;350.7;186.82;352.85;352.85
03.11.2022 17:00:00;03.11.2022 18:00:00;1252.13;357.77;186.62;357.77;357.77
03.11.2022 18:00:00;03.11.2022 19:00:00;1228.88;362.48;186.62;362.48;362.48
03.11.2022 19:00:00;03.11.2022 20:00:00;1194.26;358.59;186.21;358.59;358.59
03.11.2022 20:00:00;03.11.2022 21:00:00;720.55;344.86;186.1;344.86;344.86
03.11.2022 21:00:00;03.11.2022 22:00:00;864.25;338.2;186.21;338.2;338.2
03.11.2022 22:00:00;03.11.2022 23:00:00;681.12;320.59;185.9;320.59;320.59
03.11.2022 23:00:00;04.11.2022 00:00:00;260.26;260.26;185.18;260.26;260.26
04.11.2022 00:00:00;04.11.2022 01:00:00;189.38;184.31;183.58;189.38;189.38
04.11.2022 01:00:00;04.11.2022 02:00:00;181.62;181.62;181.62;181.62;181.62
04.11.2022 02:00:00;04.11.2022 03:00:00;179.76;179.76;179.76;179.76;179.76
04.11.2022 03:00:00;04.11.2022 04:00:00;181.1;181.1;181.1;181.1;181.1
04.11.2022 04:00:00;04.11.2022 05:00:00;185.14;185.14;185.14;185.14;185.14
04.11.2022 05:00:00;04.11.2022 06:00:00;221.36;221.36;187.93;221.36;221.36
04.11.2022 06:00:00;04.11.2022 07:00:00;781.22;293.07;189.28;293.07;293.07
04.11.2022 07:00:00;04.11.2022 08:00:00;527.06;324.22;190.83;324.22;324.22
04.11.2022 08:00:00;04.11.2022 09:00:00;340.57;340.57;193.93;340.57;340.57
04.11.2022 09:00:00;04.11.2022 10:00:00;637.68;356.2;187.41;356.2;356.2
04.11.2022 10:00:00;04.11.2022 11:00:00;962.84;354.96;187.62;354.96;354.96
04.11.2022 11:00:00;04.11.2022 12:00:00;851.69;350.09;187.62;350.09;350.09
04.11.2022 12:00:00;04.11.2022 13:00:00;827.99;324.53;187.72;324.53;324.53
04.11.2022 13:00:00;04.11.2022 14:00:00;773.04;310.77;187.93;310.77;310.77
04.11.2022 14:00:00;04.11.2022 15:00:00;812.37;302.7;188.14;302.7;302.7
04.11.2022 15:00:00;04.11.2022 16:00:00;780.39;274.65;187.72;274.65;274.65
04.11.2022 16:00:00;04.11.2022 17:00:00;1034.97;294.11;187.41;294.11;294.11
04.11.2022 17:00:00;04.11.2022 18:00:00;1146.11;286.04;191.55;286.04;286.04
04.11.2022 18:00:00;04.11.2022 19:00:00;1112.79;262.86;191.14;262.86;262.86
04.11.2022 19:00:00;04.11.2022 20:00:00;941.83;267.41;190.93;267.41;267.41
04.11.2022 20:00:00;04.11.2022 21:00:00;631.06;274.03;190.52;274.03;274.03
04.11.2022 21:00:00;04.11.2022 22:00:00;703.91;270.41;190.1;270.41;270.41
04.11.2022 22:00:00;04.11.2022 23:00:00;321.43;258.1;189.28;258.1;258.1
04.11.2022 23:00:00;05.11.2022 00:00:00;227.67;227.67;188.35;227.67;227.67
05.11.2022 00:00:00;05.11.2022 01:00:00;241.36;241.36;180.3;241.36;241.36
05.11.2022 01:00:00;05.11.2022 02:00:00;228.02;228.02;179.79;228.02;228.02
05.11.2022 02:00:00;05.11.2022 03:00:00;226.48;226.48;179.59;226.48;226.48
05.11.2022 03:00:00;05.11.2022 04:00:00;229.26;229.26;179.48;229.26;229.26
05.11.2022 04:00:00;05.11.2022 05:00:00;240.44;240.44;179.38;240.44;240.44
05.11.2022 05:00:00;05.11.2022 06:00:00;629.27;232.85;179.28;232.85;232.85
05.11.2022 06:00:00;05.11.2022 07:00:00;671.86;251.22;179.28;251.22;251.22
05.11.2022 07:00:00;05.11.2022 08:00:00;630.61;255.42;179.48;255.42;255.42
05.11.2022 08:00:00;05.11.2022 09:00:00;781.97;272.56;179.69;272.56;272.56
05.11.2022 09:00:00;05.11.2022 10:00:00;946.47;274.61;179.89;274.61;274.61
05.11.2022 10:00:00;05.11.2022 11:00:00;1149.25;271.12;180.3;271.12;271.12
05.11.2022 11:00:00;05.11.2022 12:00:00;974.59;265.58;180.61;265.58;265.58
05.11.2022 12:00:00;05.11.2022 13:00:00;875.66;276.05;180.61;276.05;276.05
05.11.2022 13:00:00;05.11.2022 14:00:00;805.98;281.08;180.72;281.08;281.08
05.11.2022 14:00:00;05.11.2022 15:00:00;953.04;284.36;180.92;284.36;284.36
05.11.2022 15:00:00;05.11.2022 16:00:00;1178.29;285.9;181.33;285.9;285.9
05.11.2022 16:00:00;05.11.2022 17:00:00;1231.45;298.52;181.54;298.52;298.52
05.11.2022 17:00:00;05.11.2022 18:00:00;1334.17;307.55;181.33;307.55;307.55
05.11.2022 18:00:00;05.11.2022 19:00:00;1219.55;317.2;181.23;317.2;317.2
05.11.2022 19:00:00;05.11.2022 20:00:00;946.47;317.82;181.02;317.82;317.82
05.11.2022 20:00:00;05.11.2022 21:00:00;509.62;317.82;180.61;317.82;317.82
05.11.2022 21:00:00;05.11.2022 22:00:00;602.18;321.82;180.3;321.82;321.82
05.11.2022 22:00:00;05.11.2022 23:00:00;447.32;307.04;180.1;307.04;307.04
05.11.2022 23:00:00;06.11.2022 00:00:00;272.66;272.66;179.79;272.66;272.66
06.11.2022 00:00:00;06.11.2022 01:00:00;267.07;267.07;181.6;267.07;267.07
06.11.2022 01:00:00;06.11.2022 02:00:00;235.4;235.4;181.5;235.4;235.4
06.11.2022 02:00:00;06.11.2022 03:00:00;239.81;239.81;181.5;239.81;239.81
06.11.2022 03:00:00;06.11.2022 04:00:00;215.11;215.11;181.6;215.11;215.11
06.11.2022 04:00:00;06.11.2022 05:00:00;246.16;246.16;181.7;246.16;246.16
06.11.2022 05:00:00;06.11.2022 06:00:00;269.53;269.53;181.8;269.53;269.53
06.11.2022 06:00:00;06.11.2022 07:00:00;306.73;306.73;182.32;306.73;306.73
06.11.2022 07:00:00;06.11.2022 08:00:00;292.38;292.38;182.73;292.38;292.38
06.11.2022 08:00:00;06.11.2022 09:00:00;313.7;313.7;183.55;313.7;313.7
06.11.2022 09:00:00;06.11.2022 10:00:00;344.85;344.85;184.16;344.85;344.85
06.11.2022 10:00:00;06.11.2022 11:00:00;360.74;360.74;184.78;360.74;360.74
06.11.2022 11:00:00;06.11.2022 12:00:00;368.53;368.53;187.13;368.53;368.53
06.11.2022 12:00:00;06.11.2022 13:00:00;386.56;386.56;188.88;386.56;386.56
06.11.2022 13:00:00;06.11.2022 14:00:00;376.11;376.11;193.38;376.11;376.11
06.11.2022 14:00:00;06.11.2022 15:00:00;373.45;373.45;199.94;373.45;373.45
06.11.2022 15:00:00;06.11.2022 16:00:00;378.26;378.26;200.46;378.26;378.26
06.11.2022 16:00:00;06.11.2022 17:00:00;401.42;401.42;200.15;401.42;401.42
06.11.2022 17:00:00;06.11.2022 18:00:00;513.13;513.13;200.56;513.13;513.13
06.11.2022 18:00:00;06.11.2022 19:00:00;510.98;510.98;200.35;510.98;510.98
06.11.2022 19:00:00;06.11.2022 20:00:00;427.05;427.05;200.35;427.05;427.05
06.11.2022 20:00:00;06.11.2022 21:00:00;425.41;367.09;200.76;367.09;367.09
06.11.2022 21:00:00;06.11.2022 22:00:00;733.88;278.24;200.15;278.24;278.24
06.11.2022 22:00:00;06.11.2022 23:00:00;679.36;282.75;189.39;282.75;282.75
06.11.2022 23:00:00;07.11.2022 00:00:00;203.43;203.43;184.47;203.43;203.43
07.11.2022 00:00:00;07.11.2022 01:00:00;156.59;156.59;156.59;156.59;156.59
07.11.2022 01:00:00;07.11.2022 02:00:00;130.97;130.97;130.97;130.97;130.97
07.11.2022 02:00:00;07.11.2022 03:00:00;93.98;128.62;128.62;93.98;93.98
07.11.2022 03:00:00;07.11.2022 04:00:00;110.99;123.8;123.8;110.99;110.99
07.11.2022 04:00:00;07.11.2022 05:00:00;131.59;131.59;131.59;131.59;131.59
07.11.2022 05:00:00;07.11.2022 06:00:00;1229.28;209.78;187.34;209.78;209.78
07.11.2022 06:00:00;07.11.2022 07:00:00;1918.99;373.04;188.26;373.04;373.04
07.11.2022 07:00:00;07.11.2022 08:00:00;2183.8;470.5;188.77;470.5;470.5
07.11.2022 08:00:00;07.11.2022 09:00:00;2050.37;512.21;188.77;512.21;512.21
07.11.2022 09:00:00;07.11.2022 10:00:00;2050.17;554.12;189.08;554.12;554.12
07.11.2022 10:00:00;07.11.2022 11:00:00;2173.45;526.45;189.18;578.51;578.51
07.11.2022 11:00:00;07.11.2022 12:00:00;2133.07;512.62;188.98;542.44;542.44
07.11.2022 12:00:00;07.11.2022 13:00:00;2162.59;511.49;188.77;511.49;511.49
07.11.2022 13:00:00;07.11.2022 14:00:00;2153.06;495.71;188.67;495.71;495.71
07.11.2022 14:00:00;07.11.2022 15:00:00;2162.9;532.4;188.88;532.4;532.4
07.11.2022 15:00:00;07.11.2022 16:00:00;2261.08;575.44;189.08;575.44;575.44
07.11.2022 16:00:00;07.11.2022 17:00:00;2163.31;615.2;189.49;615.2;615.2
07.11.2022 17:00:00;07.11.2022 18:00:00;2162.49;631.5;199.64;631.5;631.5
07.11.2022 18:00:00;07.11.2022 19:00:00;2254;512.21;189.59;512.21;512.21
07.11.2022 19:00:00;07.11.2022 20:00:00;2049.96;446.41;192.26;446.41;446.41
07.11.2022 20:00:00;07.11.2022 21:00:00;1503.52;393.53;193.49;393.53;393.53
07.11.2022 21:00:00;07.11.2022 22:00:00;1537.34;371.29;193.18;371.29;371.29
07.11.2022 22:00:00;07.11.2022 23:00:00;1331.46;327.84;189.59;327.84;327.84
07.11.2022 23:00:00;08.11.2022 00:00:00;1005.05;303.76;189.18;303.76;303.76
08.11.2022 00:00:00;08.11.2022 01:00:00;1023.02;316.52;191.2;316.52;316.52
08.11.2022 01:00:00;08.11.2022 02:00:00;976.78;297.6;189.77;297.6;297.6
08.11.2022 02:00:00;08.11.2022 03:00:00;876.42;283.38;200.51;283.38;283.38
08.11.2022 03:00:00;08.11.2022 04:00:00;884.5;268.13;200.41;268.13;268.13
08.11.2022 04:00:00;08.11.2022 05:00:00;934.43;307.62;200.41;307.62;307.62
08.11.2022 05:00:00;08.11.2022 06:00:00;1379.44;350.39;200.61;350.39;350.39
08.11.2022 06:00:00;08.11.2022 07:00:00;1832.54;476.32;206.04;476.32;476.32
08.11.2022 07:00:00;08.11.2022 08:00:00;1997.04;685.42;685.42;685.42;685.42
08.11.2022 08:00:00;08.11.2022 09:00:00;1474.07;787.52;787.52;787.52;787.52
08.11.2022 09:00:00;08.11.2022 10:00:00;1489.62;685.83;685.83;685.83;685.83
08.11.2022 10:00:00;08.11.2022 11:00:00;1744.35;654.02;654.02;665.99;665.99
08.11.2022 11:00:00;08.11.2022 12:00:00;1565.12;470.39;470.39;643.99;643.99
08.11.2022 12:00:00;08.11.2022 13:00:00;1636.12;399.18;399.18;626.91;626.91
08.11.2022 13:00:00;08.11.2022 14:00:00;1712.33;379.03;379.03;621.08;621.08
08.11.2022 14:00:00;08.11.2022 15:00:00;1844.51;350.39;350.39;619.03;619.03
08.11.2022 15:00:00;08.11.2022 16:00:00;2138.22;320.41;222.61;622.92;622.92
08.11.2022 16:00:00;08.11.2022 17:00:00;2325.12;316.73;209.31;673.25;673.25
08.11.2022 17:00:00;08.11.2022 18:00:00;2500.78;313.86;203.58;671.41;671.41
08.11.2022 18:00:00;08.11.2022 19:00:00;2325.02;311;200;612.99;612.99
08.11.2022 19:00:00;08.11.2022 20:00:00;2214.64;309.26;199.28;452.07;452.07
08.11.2022 20:00:00;08.11.2022 21:00:00;2150.19;310.18;193.86;402.25;402.25
08.11.2022 21:00:00;08.11.2022 22:00:00;1957.76;307.73;190.08;349.67;349.67
08.11.2022 22:00:00;08.11.2022 23:00:00;1514.69;307.11;184.04;340.26;340.26
08.11.2022 23:00:00;09.11.2022 00:00:00;1091.77;276.32;183.22;276.32;276.32
09.11.2022 00:00:00;09.11.2022 01:00:00;1369.38;201.01;178.71;201.01;201.01
09.11.2022 01:00:00;09.11.2022 02:00:00;1369.17;192.89;178.3;192.89;192.89
09.11.2022 02:00:00;09.11.2022 03:00:00;1368.97;187.24;178.1;187.24;187.24
09.11.2022 03:00:00;09.11.2022 04:00:00;1369.79;179.64;177.99;179.64;179.64
09.11.2022 04:00:00;09.11.2022 05:00:00;1369.58;189.5;177.89;189.5;189.5
09.11.2022 05:00:00;09.11.2022 06:00:00;1482.22;203.89;177.99;203.89;203.89
09.11.2022 06:00:00;09.11.2022 07:00:00;1891.13;235.23;178.82;235.23;235.23
09.11.2022 07:00:00;09.11.2022 08:00:00;1717.24;302.65;182.1;302.65;302.65
09.11.2022 08:00:00;09.11.2022 09:00:00;1699.88;339.85;184.26;339.85;339.85
09.11.2022 09:00:00;09.11.2022 10:00:00;1936.24;353.83;183.95;359.99;359.99
09.11.2022 10:00:00;09.11.2022 11:00:00;1937.48;352.29;186.32;410.04;410.04
09.11.2022 11:00:00;09.11.2022 12:00:00;2054.84;350.33;185.5;393.09;393.09
09.11.2022 12:00:00;09.11.2022 13:00:00;2055.25;339.75;188.99;339.75;339.75
09.11.2022 13:00:00;09.11.2022 14:00:00;2055.04;340.06;190.74;340.06;340.06
09.11.2022 14:00:00;09.11.2022 15:00:00;2054.63;339.54;198.86;339.54;339.54
09.11.2022 15:00:00;09.11.2022 16:00:00;2054.43;350.23;182.82;350.23;350.23
09.11.2022 16:00:00;09.11.2022 17:00:00;2061.21;362.26;183.23;362.26;362.26
09.11.2022 17:00:00;09.11.2022 18:00:00;2055.25;365.13;182.62;365.13;365.13
09.11.2022 18:00:00;09.11.2022 19:00:00;2054.53;369.14;180.97;369.14;369.14
09.11.2022 19:00:00;09.11.2022 20:00:00;1657.33;360.41;180.56;360.41;360.41
09.11.2022 20:00:00;09.11.2022 21:00:00;1791.96;339.85;180.15;339.85;339.85
09.11.2022 21:00:00;09.11.2022 22:00:00;1703.47;318.07;179.84;318.07;318.07
09.11.2022 22:00:00;09.11.2022 23:00:00;1426.62;303.68;179.74;303.68;303.68
09.11.2022 23:00:00;10.11.2022 00:00:00;1032.61;275.73;179.53;275.73;275.73
10.11.2022 00:00:00;10.11.2022 01:00:00;284.94;284.94;179.81;284.94;284.94
10.11.2022 01:00:00;10.11.2022 02:00:00;268.52;268.52;179.81;268.52;268.52
10.11.2022 02:00:00;10.11.2022 03:00:00;396.27;266.04;179.81;266.04;266.04
10.11.2022 03:00:00;10.11.2022 04:00:00;665.1;244.56;179.81;244.56;244.56
10.11.2022 04:00:00;10.11.2022 05:00:00;1073.56;229.07;180.12;229.07;229.07
10.11.2022 05:00:00;10.11.2022 06:00:00;1377.2;246.73;180.63;246.73;246.73
10.11.2022 06:00:00;10.11.2022 07:00:00;1589.64;285.15;193.02;445.85;445.85
10.11.2022 07:00:00;10.11.2022 08:00:00;1785.56;350.21;231.34;924.02;924.02
10.11.2022 08:00:00;10.11.2022 09:00:00;1422.33;454.63;454.63;925.98;925.98
10.11.2022 09:00:00;10.11.2022 10:00:00;1412.62;383.36;383.36;888.7;888.7
10.11.2022 10:00:00;10.11.2022 11:00:00;1519.2;364.77;364.77;780.46;780.46
10.11.2022 11:00:00;10.11.2022 12:00:00;1690.64;343.81;343.81;668.1;668.1
10.11.2022 12:00:00;10.11.2022 13:00:00;1807.24;311.69;249.72;449.36;449.36
10.11.2022 13:00:00;10.11.2022 14:00:00;1817.26;299.61;299.61;424.37;424.37
10.11.2022 14:00:00;10.11.2022 15:00:00;1856.09;229.48;229.48;364.46;364.46
10.11.2022 15:00:00;10.11.2022 16:00:00;2522.95;195.4;192.92;317.68;317.68
10.11.2022 16:00:00;10.11.2022 17:00:00;2647.92;196.02;196.02;321.6;321.6
10.11.2022 17:00:00;10.11.2022 18:00:00;2648.02;190.86;190.86;309.52;309.52
10.11.2022 18:00:00;10.11.2022 19:00:00;2282.42;185.38;185.38;231.96;231.96
10.11.2022 19:00:00;10.11.2022 20:00:00;2027.43;179.81;179.81;179.91;179.91
10.11.2022 20:00:00;10.11.2022 21:00:00;1870.24;169.37;169.37;169.37;169.37
10.11.2022 21:00:00;10.11.2022 22:00:00;1909.59;145.93;145.93;145.93;145.93
10.11.2022 22:00:00;10.11.2022 23:00:00;1484.5;120.63;120.63;120.63;120.63
10.11.2022 23:00:00;11.11.2022 00:00:00;1065.82;77.66;77.66;77.66;77.66
11.11.2022 00:00:00;11.11.2022 01:00:00;9.85;9.85;9.85;9.85;9.85
11.11.2022 01:00:00;11.11.2022 02:00:00;3.01;3.01;3.01;3.01;3.01
11.11.2022 02:00:00;11.11.2022 03:00:00;0;0;0;0;0
11.11.2022 03:00:00;11.11.2022 04:00:00;-0.62;-0.62;-0.62;-0.62;-0.62
11.11.2022 04:00:00;11.11.2022 05:00:00;-0.73;-0.73;-0.73;-0.73;-0.73
11.11.2022 05:00:00;11.11.2022 06:00:00;0.1;0.1;0.1;0.1;0.1
11.11.2022 06:00:00;11.11.2022 07:00:00;8.61;8.61;8.61;8.61;8.61
11.11.2022 07:00:00;11.11.2022 08:00:00;20.84;20.84;20.84;20.84;20.84
11.11.2022 08:00:00;11.11.2022 09:00:00;31.62;31.62;31.62;31.62;31.62
11.11.2022 09:00:00;11.11.2022 10:00:00;31.21;31.21;31.21;31.21;31.21
11.11.2022 10:00:00;11.11.2022 11:00:00;31.42;31.42;31.42;31.42;31.42
11.11.2022 11:00:00;11.11.2022 12:00:00;31.31;31.31;31.31;31.31;31.31
11.11.2022 12:00:00;11.11.2022 13:00:00;25.92;25.92;25.92;25.92;25.92
11.11.2022 13:00:00;11.11.2022 14:00:00;22.08;22.08;22.08;22.08;22.08
11.11.2022 14:00:00;11.11.2022 15:00:00;26.96;26.02;26.02;26.02;26.02
11.11.2022 15:00:00;11.11.2022 16:00:00;105.86;29.45;29.45;29.45;29.45
11.11.2022 16:00:00;11.11.2022 17:00:00;107;52.26;52.26;52.26;52.26
11.11.2022 17:00:00;11.11.2022 18:00:00;65.84;65.84;65.84;65.84;65.84
11.11.2022 18:00:00;11.11.2022 19:00:00;48.83;48.83;48.83;48.83;48.83
11.11.2022 19:00:00;11.11.2022 20:00:00;24.47;24.47;24.47;24.47;24.47
11.11.2022 20:00:00;11.11.2022 21:00:00;10.58;10.58;10.58;10.58;10.58
11.11.2022 21:00:00;11.11.2022 22:00:00;9.43;9.43;9.43;9.43;9.43
11.11.2022 22:00:00;11.11.2022 23:00:00;3.94;3.94;3.94;3.94;3.94
11.11.2022 23:00:00;12.11.2022 00:00:00;-0.1;-0.1;-0.1;-0.1;-0.1
12.11.2022 00:00:00;12.11.2022 01:00:00;-10.69;-10.69;9.25;-10.69;-10.69
12.11.2022 01:00:00;12.11.2022 02:00:00;-20.34;-20.34;9.04;-20.34;-20.34
12.11.2022 02:00:00;12.11.2022 03:00:00;-21.06;-21.06;0.21;-21.06;-21.06
12.11.2022 03:00:00;12.11.2022 04:00:00;-21.37;-21.37;-0.21;-21.37;-21.37
12.11.2022 04:00:00;12.11.2022 05:00:00;-21.37;-21.37;-0.72;-21.37;-21.37
12.11.2022 05:00:00;12.11.2022 06:00:00;-20.86;-20.86;-10.58;-20.86;-20.86
12.11.2022 06:00:00;12.11.2022 07:00:00;-11.41;-11.41;-10.48;-11.41;-11.41
12.11.2022 07:00:00;12.11.2022 08:00:00;-3.9;-3.9;-3.9;-3.9;-3.9
12.11.2022 08:00:00;12.11.2022 09:00:00;0;0;0;0;0
12.11.2022 09:00:00;12.11.2022 10:00:00;5.86;5.86;5.86;5.86;5.86
12.11.2022 10:00:00;12.11.2022 11:00:00;10.17;10.17;10.17;10.17;10.17
12.11.2022 11:00:00;12.11.2022 12:00:00;16.95;16.95;16.95;16.95;16.95
12.11.2022 12:00:00;12.11.2022 13:00:00;15.21;15.21;15.21;15.21;15.21
12.11.2022 13:00:00;12.11.2022 14:00:00;17.57;17.57;17.57;17.57;17.57
12.11.2022 14:00:00;12.11.2022 15:00:00;19.83;19.83;19.83;19.83;19.83
12.11.2022 15:00:00;12.11.2022 16:00:00;21.06;21.06;21.06;21.06;21.06
12.11.2022 16:00:00;12.11.2022 17:00:00;46.03;46.03;46.03;46.03;46.03
12.11.2022 17:00:00;12.11.2022 18:00:00;76.96;76.96;76.96;76.96;76.96
12.11.2022 18:00:00;12.11.2022 19:00:00;62.37;62.37;62.37;62.37;62.37
12.11.2022 19:00:00;12.11.2022 20:00:00;97.61;97.61;97.61;97.61;97.61
12.11.2022 20:00:00;12.11.2022 21:00:00;60.83;60.83;60.83;60.83;60.83
12.11.2022 21:00:00;12.11.2022 22:00:00;52.09;52.09;52.09;52.09;52.09
12.11.2022 22:00:00;12.11.2022 23:00:00;55.9;55.9;55.9;55.9;55.9
12.11.2022 23:00:00;13.11.2022 00:00:00;52.2;52.2;52.2;52.2;52.2
13.11.2022 00:00:00;13.11.2022 01:00:00;106.27;106.27;106.27;106.27;106.27
13.11.2022 01:00:00;13.11.2022 02:00:00;119.6;119.6;119.6;119.6;119.6
13.11.2022 02:00:00;13.11.2022 03:00:00;134.05;134.05;134.05;134.05;134.05
13.11.2022 03:00:00;13.11.2022 04:00:00;149.83;149.83;149.83;149.83;149.83
13.11.2022 04:00:00;13.11.2022 05:00:00;167.35;167.35;167.35;167.35;167.35
13.11.2022 05:00:00;13.11.2022 06:00:00;177.19;177.19;177.19;177.19;177.19
13.11.2022 06:00:00;13.11.2022 07:00:00;401.83;200.87;179.45;200.87;200.87
13.11.2022 07:00:00;13.11.2022 08:00:00;1049.01;229.05;178.83;229.05;229.05
13.11.2022 08:00:00;13.11.2022 09:00:00;1138.17;263.18;178.11;263.18;263.18
13.11.2022 09:00:00;13.11.2022 10:00:00;1323.05;309.29;178.32;332.76;332.76
13.11.2022 10:00:00;13.11.2022 11:00:00;1287.39;313.39;178.42;372.01;372.01
13.11.2022 11:00:00;13.11.2022 12:00:00;1449.61;313.39;178.32;399.17;399.17
13.11.2022 12:00:00;13.11.2022 13:00:00;1452.89;315.85;178.22;431.25;431.25
13.11.2022 13:00:00;13.11.2022 14:00:00;1510.28;319.95;178.32;397.43;397.43
13.11.2022 14:00:00;13.11.2022 15:00:00;1457.71;329.99;178.63;362.48;362.48
13.11.2022 15:00:00;13.11.2022 16:00:00;1524.22;338.5;179.04;392.41;392.41
13.11.2022 16:00:00;13.11.2022 17:00:00;1745.07;357.15;179.04;397.53;397.53
13.11.2022 17:00:00;13.11.2022 18:00:00;1922.67;363.51;178.73;435.55;435.55
13.11.2022 18:00:00;13.11.2022 19:00:00;1793.03;319.95;178.63;435.55;435.55
13.11.2022 19:00:00;13.11.2022 20:00:00;1470.21;309.39;178.73;409.62;409.62
13.11.2022 20:00:00;13.11.2022 21:00:00;1354.61;261.33;178.73;372.22;372.22
13.11.2022 21:00:00;13.11.2022 22:00:00;1565.73;307.14;178.63;317.59;317.59
13.11.2022 22:00:00;13.11.2022 23:00:00;1414.26;288.28;178.32;288.28;288.28
13.11.2022 23:00:00;14.11.2022 00:00:00;1228.97;204.45;177.91;277.63;277.63
14.11.2022 00:00:00;14.11.2022 01:00:00;1184.49;271.78;174.22;358.07;358.07
14.11.2022 01:00:00;14.11.2022 02:00:00;1123.93;262.36;173.81;362.48;362.48
14.11.2022 02:00:00;14.11.2022 03:00:00;1024.93;257.03;173.81;380.72;380.72
14.11.2022 03:00:00;14.11.2022 04:00:00;1000.13;256.82;173.81;372.93;372.93
14.11.2022 04:00:00;14.11.2022 05:00:00;1229.18;258.15;179.96;380.82;380.82
14.11.2022 05:00:00;14.11.2022 06:00:00;1659.6;256.82;181.29;469.98;469.98
14.11.2022 06:00:00;14.11.2022 07:00:00;2059.69;332.45;183.85;1022.98;1022.98
14.11.2022 07:00:00;14.11.2022 08:00:00;2237.71;368.53;205.37;1149.96;1149.96
14.11.2022 08:00:00;14.11.2022 09:00:00;2131.43;388.61;208.24;1767.72;1767.72
14.11.2022 09:00:00;14.11.2022 10:00:00;2124.67;382.26;186.01;1705.82;1705.82
14.11.2022 10:00:00;14.11.2022 11:00:00;1805.02;397.22;185.08;1459.35;1459.35
14.11.2022 11:00:00;14.11.2022 12:00:00;1772.13;503.09;188.47;1331.25;1331.25
14.11.2022 12:00:00;14.11.2022 13:00:00;2254.31;502.98;190;1079.45;1079.45
14.11.2022 13:00:00;14.11.2022 14:00:00;1845.71;787.48;194.41;1090.93;1090.93
14.11.2022 14:00:00;14.11.2022 15:00:00;2073.63;790.65;198.41;1024.11;1024.11
14.11.2022 15:00:00;14.11.2022 16:00:00;2175.5;770.98;198.71;931.57;931.57
14.11.2022 16:00:00;14.11.2022 17:00:00;2177.14;787.48;198.41;922.55;922.55
14.11.2022 17:00:00;14.11.2022 18:00:00;2604.9;613.15;197.89;613.15;613.15
14.11.2022 18:00:00;14.11.2022 19:00:00;2232.89;416.28;194.72;416.28;416.28
14.11.2022 19:00:00;14.11.2022 20:00:00;1920.93;338.7;189.8;338.7;338.7
14.11.2022 20:00:00;14.11.2022 21:00:00;1605.29;290.44;184.16;290.44;290.44
14.11.2022 21:00:00;14.11.2022 22:00:00;1601.9;258.46;183.44;258.46;258.46
14.11.2022 22:00:00;14.11.2022 23:00:00;1456.28;219.11;182.42;219.11;219.11
14.11.2022 23:00:00;15.11.2022 00:00:00;1115.21;177.29;177.29;177.29;177.29
15.11.2022 00:00:00;15.11.2022 01:00:00;319.89;187.58;187.58;287.09;287.09
15.11.2022 01:00:00;15.11.2022 02:00:00;260.9;181.5;181.5;260.9;260.9
15.11.2022 02:00:00;15.11.2022 03:00:00;222.85;179.23;179.23;222.85;222.85
15.11.2022 03:00:00;15.11.2022 04:00:00;195.52;178.09;178.09;195.52;195.52
15.11.2022 04:00:00;15.11.2022 05:00:00;208.41;177.68;177.68;208.41;208.41
15.11.2022 05:00:00;15.11.2022 06:00:00;1237.16;178.5;178.5;245.02;245.02
15.11.2022 06:00:00;15.11.2022 07:00:00;1647.07;179.85;179.85;281.42;281.42
15.11.2022 07:00:00;15.11.2022 08:00:00;1579.11;185.41;185.41;738.36;738.36
15.11.2022 08:00:00;15.11.2022 09:00:00;1610.67;199.03;190.05;916.96;916.96
15.11.2022 09:00:00;15.11.2022 10:00:00;1861.36;190.16;190.16;981.41;981.41
15.11.2022 10:00:00;15.11.2022 11:00:00;1955.82;189.23;189.23;1030.29;1030.29
15.11.2022 11:00:00;15.11.2022 12:00:00;1844.75;188.61;188.61;980.69;980.69
15.11.2022 12:00:00;15.11.2022 13:00:00;2033.16;188.82;188.82;922.33;922.33
15.11.2022 13:00:00;15.11.2022 14:00:00;2075.23;189.44;189.44;865.92;865.92
15.11.2022 14:00:00;15.11.2022 15:00:00;2435.85;189.02;189.02;854.06;854.06
15.11.2022 15:00:00;15.11.2022 16:00:00;2150.51;189.85;189.85;720.31;720.31
15.11.2022 16:00:00;15.11.2022 17:00:00;2277.77;193.15;193.15;579.13;579.13
15.11.2022 17:00:00;15.11.2022 18:00:00;2435.95;192.32;192.32;824.77;824.77
15.11.2022 18:00:00;15.11.2022 19:00:00;2158.97;190.98;190.98;447.96;447.96
15.11.2022 19:00:00;15.11.2022 20:00:00;2179.59;190.36;190.36;287.09;287.09
15.11.2022 20:00:00;15.11.2022 21:00:00;1911.58;190.78;190.78;241.51;241.51
15.11.2022 21:00:00;15.11.2022 22:00:00;1915.91;188.61;188.61;194.18;194.18
15.11.2022 22:00:00;15.11.2022 23:00:00;1649.85;183.97;183.97;183.97;183.97
15.11.2022 23:00:00;16.11.2022 00:00:00;1483.1;160.97;160.97;160.97;160.97
16.11.2022 00:00:00;16.11.2022 01:00:00;1827.43;184.16;184.16;196.07;196.07
16.11.2022 01:00:00;16.11.2022 02:00:00;1717.95;182.82;182.82;185.09;185.09
16.11.2022 02:00:00;16.11.2022 03:00:00;1585.57;178.26;178.26;178.26;178.26
16.11.2022 03:00:00;16.11.2022 04:00:00;1558.23;177.12;177.12;177.12;177.12
16.11.2022 04:00:00;16.11.2022 05:00:00;1716.19;179.09;179.09;179.09;179.09
16.11.2022 05:00:00;16.11.2022 06:00:00;2284.62;185.2;185.2;191;191
16.11.2022 06:00:00;16.11.2022 07:00:00;2713.02;199.59;192.45;234.4;234.4
16.11.2022 07:00:00;16.11.2022 08:00:00;2981.7;250.14;194.83;296.75;296.75
16.11.2022 08:00:00;16.11.2022 09:00:00;2950.22;296.23;195.45;354.55;354.55
16.11.2022 09:00:00;16.11.2022 10:00:00;3105.27;299.44;195.87;299.44;299.44
16.11.2022 10:00:00;16.11.2022 11:00:00;4218.63;303.07;195.24;323.79;323.79
16.11.2022 11:00:00;16.11.2022 12:00:00;4054.56;295.09;195.35;338.91;338.91
16.11.2022 12:00:00;16.11.2022 13:00:00;3718.87;292.92;196.07;305.14;305.14
16.11.2022 13:00:00;16.11.2022 14:00:00;4116.19;291.47;196.07;292.3;292.3
16.11.2022 14:00:00;16.11.2022 15:00:00;5695.86;293.13;196.38;306.28;306.28
16.11.2022 15:00:00;16.11.2022 16:00:00;3541.34;289.6;199.8;304.62;304.62
16.11.2022 16:00:00;16.11.2022 17:00:00;3540.4;288.57;200.01;325.13;325.13
16.11.2022 17:00:00;16.11.2022 18:00:00;3532.01;294.78;294.78;517.37;517.37
16.11.2022 18:00:00;16.11.2022 19:00:00;3356.24;286.6;286.6;414.62;414.62
16.11.2022 19:00:00;16.11.2022 20:00:00;4494.77;258.53;258.53;258.53;258.53
16.11.2022 20:00:00;16.11.2022 21:00:00;3540.61;250.04;209.23;263.61;263.61
16.11.2022 21:00:00;16.11.2022 22:00:00;3466.14;203.32;203.32;251.59;251.59
16.11.2022 22:00:00;16.11.2022 23:00:00;3107.34;200.73;200.73;244.24;244.24
16.11.2022 23:00:00;17.11.2022 00:00:00;1657.35;195.14;195.14;208.3;208.3
17.11.2022 00:00:00;17.11.2022 01:00:00;2179.53;299.25;183.16;376.99;376.99
17.11.2022 01:00:00;17.11.2022 02:00:00;1858.51;247.94;182.85;247.94;247.94
17.11.2022 02:00:00;17.11.2022 03:00:00;1658.56;175.9;175.9;175.9;175.9
17.11.2022 03:00:00;17.11.2022 04:00:00;1658.77;151.96;151.96;151.96;151.96
17.11.2022 04:00:00;17.11.2022 05:00:00;2034.2;152.58;152.58;152.58;152.58
17.11.2022 05:00:00;17.11.2022 06:00:00;2736.77;182.85;182.85;182.85;182.85
17.11.2022 06:00:00;17.11.2022 07:00:00;3299.4;351.59;184.92;438.04;438.04
17.11.2022 07:00:00;17.11.2022 08:00:00;3726.87;391.29;185.44;636.54;636.54
17.11.2022 08:00:00;17.11.2022 09:00:00;4414.2;408.19;190.83;889.97;889.97
17.11.2022 09:00:00;17.11.2022 10:00:00;3709.45;401.24;193.73;749.21;749.21
17.11.2022 10:00:00;17.11.2022 11:00:00;3299.92;399.17;193.73;627.73;627.73
17.11.2022 11:00:00;17.11.2022 12:00:00;3300.02;398.55;193.31;615.81;615.81
17.11.2022 12:00:00;17.11.2022 13:00:00;3300.02;395.65;190.41;594.14;594.14
17.11.2022 13:00:00;17.11.2022 14:00:00;3300.13;394.2;189.69;597.15;597.15
17.11.2022 14:00:00;17.11.2022 15:00:00;3396.11;377.2;192.69;600.57;600.57
17.11.2022 15:00:00;17.11.2022 16:00:00;3770.09;395.54;195.91;641.2;641.2
17.11.2022 16:00:00;17.11.2022 17:00:00;3541.74;397.93;195.49;664.11;664.11
17.11.2022 17:00:00;17.11.2022 18:00:00;3254.73;395.65;194.04;775.12;775.12
17.11.2022 18:00:00;17.11.2022 19:00:00;3239.9;376.78;193.11;627.73;627.73
17.11.2022 19:00:00;17.11.2022 20:00:00;3029.59;373.15;200.47;516.61;516.61
17.11.2022 20:00:00;17.11.2022 21:00:00;2760.82;372.74;200.26;458.36;458.36
17.11.2022 21:00:00;17.11.2022 22:00:00;2540.66;372.53;197.98;390.05;390.05
17.11.2022 22:00:00;17.11.2022 23:00:00;2590.82;363.31;193.94;413.58;413.58
17.11.2022 23:00:00;18.11.2022 00:00:00;1711.22;332.11;186.99;332.11;332.11
18.11.2022 00:00:00;18.11.2022 01:00:00;2391.82;395.35;188.5;826.47;826.47
18.11.2022 01:00:00;18.11.2022 02:00:00;1888.12;379.62;188.08;786.09;786.09
18.11.2022 02:00:00;18.11.2022 03:00:00;1777.66;381.4;187.76;750.63;750.63
18.11.2022 03:00:00;18.11.2022 04:00:00;1777.03;368.29;187.66;731.64;731.64
18.11.2022 04:00:00;18.11.2022 05:00:00;2088.05;364.3;187.76;830.98;830.98
18.11.2022 05:00:00;18.11.2022 06:00:00;2908.22;370.07;188.08;895.18;895.18
18.11.2022 06:00:00;18.11.2022 07:00:00;4030.18;398.71;194.48;1059.86;1059.86
18.11.2022 07:00:00;18.11.2022 08:00:00;3562.45;398.71;202.97;1274.06;1274.06
18.11.2022 08:00:00;18.11.2022 09:00:00;2949.34;412.03;208.95;1447.14;1447.14
18.11.2022 09:00:00;18.11.2022 10:00:00;2949.34;427.03;206.12;1411.05;1411.05
18.11.2022 10:00:00;18.11.2022 11:00:00;3544.94;472.97;201.08;1251.19;1251.19
18.11.2022 11:00:00;18.11.2022 12:00:00;3146.86;476.96;200.56;1158.25;1158.25
18.11.2022 12:00:00;18.11.2022 13:00:00;2948.61;448.22;199.09;1129.51;1129.51
18.11.2022 13:00:00;18.11.2022 14:00:00;2948.82;449.37;196.15;1112.52;1112.52
18.11.2022 14:00:00;18.11.2022 15:00:00;2949.45;461.33;196.89;1129.2;1129.2
18.11.2022 15:00:00;18.11.2022 16:00:00;3693.26;489.55;194.9;1231.89;1231.89
18.11.2022 16:00:00;18.11.2022 17:00:00;3951.2;513.57;195.21;1393.43;1393.43
18.11.2022 17:00:00;18.11.2022 18:00:00;2949.55;519.23;194.79;1460.56;1460.56
18.11.2022 18:00:00;18.11.2022 19:00:00;3147.49;520.18;195.94;1362.8;1362.8
18.11.2022 19:00:00;18.11.2022 20:00:00;3690.22;519.86;192.9;1258.53;1258.53
18.11.2022 20:00:00;18.11.2022 21:00:00;2949.34;517.24;188.6;1148.29;1148.29
18.11.2022 21:00:00;18.11.2022 22:00:00;2948.61;509.06;188.18;1152.8;1152.8
18.11.2022 22:00:00;18.11.2022 23:00:00;2176.47;473.92;187.76;1130.88;1130.88
18.11.2022 23:00:00;19.11.2022 00:00:00;1771.05;461.33;187.24;877.97;877.97
19.11.2022 00:00:00;19.11.2022 01:00:00;1990.89;455.17;187.21;1280.03;1280.03
19.11.2022 01:00:00;19.11.2022 02:00:00;1838.29;474.99;186.79;1222.03;1222.03
19.11.2022 02:00:00;19.11.2022 03:00:00;1856.12;523.86;186.58;1258;1258
19.11.2022 03:00:00;19.11.2022 04:00:00;1848.46;525.12;186.47;1257.69;1257.69
19.11.2022 04:00:00;19.11.2022 05:00:00;1560.16;543.79;186.58;1258.11;1258.11
19.11.2022 05:00:00;19.11.2022 06:00:00;1880.35;564.87;187;1275.1;1275.1
19.11.2022 06:00:00;19.11.2022 07:00:00;2050.35;579.45;187.63;1293.45;1293.45
19.11.2022 07:00:00;19.11.2022 08:00:00;2026.34;555.43;188.15;1526.28;1526.28
19.11.2022 08:00:00;19.11.2022 09:00:00;2157.33;661.46;188.67;1632.52;1632.52
19.11.2022 09:00:00;19.11.2022 10:00:00;2255.6;1041.43;197.38;1908.56;1908.56
19.11.2022 10:00:00;19.11.2022 11:00:00;2181.55;1796.76;200.84;1850.46;1850.46
19.11.2022 11:00:00;19.11.2022 12:00:00;2231.06;1886.64;201.15;2084.54;2084.54
19.11.2022 12:00:00;19.11.2022 13:00:00;2248.47;1885.28;201.47;1911.5;1911.5
19.11.2022 13:00:00;19.11.2022 14:00:00;2192.15;923.03;203.99;1965.61;1965.61
19.11.2022 14:00:00;19.11.2022 15:00:00;2237.45;794.55;208.39;2183.76;2183.76
19.11.2022 15:00:00;19.11.2022 16:00:00;2726.92;733.2;210.07;2381.87;2381.87
19.11.2022 16:00:00;19.11.2022 17:00:00;2957.75;709.92;214.89;2552.61;2552.61
19.11.2022 17:00:00;19.11.2022 18:00:00;3670.6;650.55;217.1;2957.33;2957.33
19.11.2022 18:00:00;19.11.2022 19:00:00;3013.02;529.53;214.89;3013.02;3013.02
19.11.2022 19:00:00;19.11.2022 20:00:00;2734.15;491.35;207.55;2734.15;2734.15
19.11.2022 20:00:00;19.11.2022 21:00:00;2517.06;478.45;201.15;2517.06;2517.06
19.11.2022 21:00:00;19.11.2022 22:00:00;2439.34;419.09;200.42;2434.1;2434.1
19.11.2022 22:00:00;19.11.2022 23:00:00;2307.3;409.34;197.48;2242.17;2242.17
19.11.2022 23:00:00;20.11.2022 00:00:00;2142.12;402.31;192.55;2096.6;2096.6
20.11.2022 00:00:00;20.11.2022 01:00:00;2112.84;420.17;201.14;2112.84;2112.84
20.11.2022 01:00:00;20.11.2022 02:00:00;1889.39;406.91;200.19;1889.39;1889.39
20.11.2022 02:00:00;20.11.2022 03:00:00;1925.28;396.8;199.56;1925.28;1925.28
20.11.2022 03:00:00;20.11.2022 04:00:00;1926.75;395.12;199.14;1857.92;1857.92
20.11.2022 04:00:00;20.11.2022 05:00:00;1946.86;395.54;199.14;1791.82;1791.82
20.11.2022 05:00:00;20.11.2022 06:00:00;2087.68;396.91;199.66;1851.18;1851.18
20.11.2022 06:00:00;20.11.2022 07:00:00;1895.39;394.07;197.77;1895.39;1895.39
20.11.2022 07:00:00;20.11.2022 08:00:00;2043.9;398.06;198.61;2043.9;2043.9
20.11.2022 08:00:00;20.11.2022 09:00:00;2105.37;417.75;199.77;2105.37;2105.37
20.11.2022 09:00:00;20.11.2022 10:00:00;2263.24;446.06;203.03;2263.24;2263.24
20.11.2022 10:00:00;20.11.2022 11:00:00;2368.39;470.9;209.24;2231.67;2231.67
20.11.2022 11:00:00;20.11.2022 12:00:00;2420.91;512.47;210.5;2294.4;2294.4
20.11.2022 12:00:00;20.11.2022 13:00:00;2384.07;496.79;248.92;2210.83;2210.83
20.11.2022 13:00:00;20.11.2022 14:00:00;2155.68;511.42;249.24;2092.95;2092.95
20.11.2022 14:00:00;20.11.2022 15:00:00;2369.13;518.68;297.65;2159.26;2159.26
20.11.2022 15:00:00;20.11.2022 16:00:00;2637.63;549.52;313.76;2363.97;2363.97
20.11.2022 16:00:00;20.11.2022 17:00:00;3157.47;598.78;315.23;2546.58;2546.58
20.11.2022 17:00:00;20.11.2022 18:00:00;2814.14;578.47;249.76;2814.14;2814.14
20.11.2022 18:00:00;20.11.2022 19:00:00;2873.39;594.36;249.87;2873.39;2873.39
20.11.2022 19:00:00;20.11.2022 20:00:00;2804.35;534.37;249.66;2804.35;2804.35
20.11.2022 20:00:00;20.11.2022 21:00:00;2577.63;527;249.55;2577.63;2577.63
20.11.2022 21:00:00;20.11.2022 22:00:00;2263.98;516.37;249.03;2263.98;2263.98
20.11.2022 22:00:00;20.11.2022 23:00:00;2231.67;507.95;213.35;1643.1;1643.1
20.11.2022 23:00:00;21.11.2022 00:00:00;1705.72;498.05;209.03;1705.72;1705.72
21.11.2022 00:00:00;21.11.2022 01:00:00;1443.54;1431.54;1431.54;1431.54;1431.54
21.11.2022 01:00:00;21.11.2022 02:00:00;1680.15;617.83;617.83;1431.75;1431.75
21.11.2022 02:00:00;21.11.2022 03:00:00;1593.63;645.2;645.2;1524.69;1524.69
21.11.2022 03:00:00;21.11.2022 04:00:00;1727.51;557.42;557.42;1478.59;1478.59
21.11.2022 04:00:00;21.11.2022 05:00:00;1894.54;531.21;531.21;1578.79;1578.79
21.11.2022 05:00:00;21.11.2022 06:00:00;2926.65;547.94;547.94;1732.35;1732.35
21.11.2022 06:00:00;21.11.2022 07:00:00;3472.81;979.37;979.37;2846.03;2846.03
21.11.2022 07:00:00;21.11.2022 08:00:00;3335.87;2199.46;2199.46;3335.87;3335.87
21.11.2022 08:00:00;21.11.2022 09:00:00;3410.71;3069.16;3069.16;3410.71;3410.71
21.11.2022 09:00:00;21.11.2022 10:00:00;3249.04;3142.84;3142.84;3243.36;3243.36
21.11.2022 10:00:00;21.11.2022 11:00:00;3117.37;2827.08;2827.08;3117.37;3117.37
21.11.2022 11:00:00;21.11.2022 12:00:00;3257.88;2530.8;2530.8;3236.83;3236.83
21.11.2022 12:00:00;21.11.2022 13:00:00;3181.57;2220.72;2220.72;3155.68;3155.68
21.11.2022 13:00:00;21.11.2022 14:00:00;3195.26;2217.25;2217.25;3181.99;3181.99
21.11.2022 14:00:00;21.11.2022 15:00:00;3494.59;2203.15;2203.15;3494.59;3494.59
21.11.2022 15:00:00;21.11.2022 16:00:00;3512.17;2182.2;2182.2;3512.17;3512.17
21.11.2022 16:00:00;21.11.2022 17:00:00;3522.59;2308.71;2308.71;3522.59;3522.59
21.11.2022 17:00:00;21.11.2022 18:00:00;3530.06;2625.73;2625.73;3530.06;3530.06
21.11.2022 18:00:00;21.11.2022 19:00:00;3319.77;2718.46;2718.46;3319.77;3319.77
21.11.2022 19:00:00;21.11.2022 20:00:00;3067.37;2099.58;2099.58;3067.37;3067.37
21.11.2022 20:00:00;21.11.2022 21:00:00;2654.15;2094.84;2094.84;2654.15;2654.15
21.11.2022 21:00:00;21.11.2022 22:00:00;2315.56;1842.97;1842.97;2315.56;2315.56
21.11.2022 22:00:00;21.11.2022 23:00:00;2104.31;740.56;740.56;2104.31;2104.31
21.11.2022 23:00:00;22.11.2022 00:00:00;1729.72;525;525;1631.73;1631.73
22.11.2022 00:00:00;22.11.2022 01:00:00;2127;976.94;976.94;1282.75;1282.75
22.11.2022 01:00:00;22.11.2022 02:00:00;1956.2;739.06;739.06;1180.5;1180.5
22.11.2022 02:00:00;22.11.2022 03:00:00;1929.85;619.17;281.03;1049.48;1049.48
22.11.2022 03:00:00;22.11.2022 04:00:00;2106.21;541.38;249.64;888.13;888.13
22.11.2022 04:00:00;22.11.2022 05:00:00;2309.66;513.98;249.12;952.27;952.27
22.11.2022 05:00:00;22.11.2022 06:00:00;3054.6;527.52;249.54;1099.77;1099.77
22.11.2022 06:00:00;22.11.2022 07:00:00;3612.78;555.97;555.97;1597.58;1597.58
22.11.2022 07:00:00;22.11.2022 08:00:00;3150.34;566.68;566.68;2355.75;2355.75
22.11.2022 08:00:00;22.11.2022 09:00:00;3149.82;748.61;748.61;2550.91;2550.91
22.11.2022 09:00:00;22.11.2022 10:00:00;3149.61;684.26;684.26;2197.44;2197.44
22.11.2022 10:00:00;22.11.2022 11:00:00;3612.46;629.46;629.46;2246.99;2246.99
22.11.2022 11:00:00;22.11.2022 12:00:00;3150.03;617.7;617.7;2352.91;2352.91
22.11.2022 12:00:00;22.11.2022 13:00:00;3149.29;597.55;597.55;2235.34;2235.34
22.11.2022 13:00:00;22.11.2022 14:00:00;3463.5;564.69;564.69;2224.21;2224.21
22.11.2022 14:00:00;22.11.2022 15:00:00;3612.46;561.85;561.85;2194.81;2194.81
22.11.2022 15:00:00;22.11.2022 16:00:00;3149.92;595.03;595.03;2358.69;2358.69
22.11.2022 16:00:00;22.11.2022 17:00:00;3307.18;606.36;606.36;2226.1;2226.1
22.11.2022 17:00:00;22.11.2022 18:00:00;3149.61;553.24;553.24;2299.69;2299.69
22.11.2022 18:00:00;22.11.2022 19:00:00;3095.86;572.56;572.56;2034.41;2034.41
22.11.2022 19:00:00;22.11.2022 20:00:00;3017.23;562.59;380.13;1902.13;1902.13
22.11.2022 20:00:00;22.11.2022 21:00:00;2630.06;614.13;614.13;1639.58;1639.58
22.11.2022 21:00:00;22.11.2022 22:00:00;2466.92;568.68;342.13;1607.98;1607.98
22.11.2022 22:00:00;22.11.2022 23:00:00;2028.42;538.97;249.22;1573.86;1573.86
22.11.2022 23:00:00;23.11.2022 00:00:00;1680.2;500.54;209.85;1443.68;1443.68
23.11.2022 00:00:00;23.11.2022 01:00:00;1878.84;463;248.62;1330.84;1330.84
23.11.2022 01:00:00;23.11.2022 02:00:00;1670.41;448.8;248.21;1292.72;1292.72
23.11.2022 02:00:00;23.11.2022 03:00:00;1457.4;445.56;248.21;1144.34;1144.34
23.11.2022 03:00:00;23.11.2022 04:00:00;1616.74;432.82;248.21;1118.03;1118.03
23.11.2022 04:00:00;23.11.2022 05:00:00;1879.57;431.47;248.42;1189.14;1189.14
23.11.2022 05:00:00;23.11.2022 06:00:00;2503.58;444.94;248.31;1255.86;1255.86
23.11.2022 06:00:00;23.11.2022 07:00:00;3058.26;465.09;465.09;1461.78;1461.78
23.11.2022 07:00:00;23.11.2022 08:00:00;2896.41;505.5;505.5;1565.26;1565.26
23.11.2022 08:00:00;23.11.2022 09:00:00;2923.77;567.63;567.63;1731.19;1731.19
23.11.2022 09:00:00;23.11.2022 10:00:00;2923.88;606.16;606.16;1781.62;1781.62
23.11.2022 10:00:00;23.11.2022 11:00:00;2945.91;597.39;597.39;1803.76;1803.76
23.11.2022 11:00:00;23.11.2022 12:00:00;2898.29;620.99;620.99;1741.42;1741.42
23.11.2022 12:00:00;23.11.2022 13:00:00;2928.78;760.28;760.28;1698.29;1698.29
23.11.2022 13:00:00;23.11.2022 14:00:00;2771.53;583.5;583.5;1682.63;1682.63
23.11.2022 14:00:00;23.11.2022 15:00:00;2779.36;652.84;652.84;1835.29;1835.29
23.11.2022 15:00:00;23.11.2022 16:00:00;2906.75;535.36;535.36;1878.63;1878.63
23.11.2022 16:00:00;23.11.2022 17:00:00;3128.02;578.28;578.28;1943.89;1943.89
23.11.2022 17:00:00;23.11.2022 18:00:00;3029.97;539.44;248.62;2277.72;2277.72
23.11.2022 18:00:00;23.11.2022 19:00:00;3132.51;521.37;248.62;1731.39;1731.39
23.11.2022 19:00:00;23.11.2022 20:00:00;2941.63;586.22;214.79;1616.43;1616.43
23.11.2022 20:00:00;23.11.2022 21:00:00;2714.93;589.66;248.42;1461.57;1461.57
23.11.2022 21:00:00;23.11.2022 22:00:00;3062.34;551.86;223.15;1306.4;1306.4
23.11.2022 22:00:00;23.11.2022 23:00:00;2297.25;517.19;208.42;1309.22;1309.22
23.11.2022 23:00:00;24.11.2022 00:00:00;1615.8;503.41;199.55;1188.1;1188.1
24.11.2022 00:00:00;24.11.2022 01:00:00;1963.14;549.63;224.69;1434.58;1434.58
24.11.2022 01:00:00;24.11.2022 02:00:00;1867.66;534.58;223.55;1290.11;1290.11
24.11.2022 02:00:00;24.11.2022 03:00:00;1833;526.07;221.06;1265.31;1265.31
24.11.2022 03:00:00;24.11.2022 04:00:00;1867.97;529.6;220.43;1219.33;1219.33
24.11.2022 04:00:00;24.11.2022 05:00:00;2295.04;536.14;221.57;1306.82;1306.82
24.11.2022 05:00:00;24.11.2022 06:00:00;2567.46;568;224.17;1555.48;1555.48
24.11.2022 06:00:00;24.11.2022 07:00:00;4066.7;622.38;228.01;2152.33;2152.33
24.11.2022 07:00:00;24.11.2022 08:00:00;3424.7;679.98;249.49;3042.47;3042.47
24.11.2022 08:00:00;24.11.2022 09:00:00;3297.88;850.29;299.31;3207.8;3207.8
24.11.2022 09:00:00;24.11.2022 10:00:00;3060.95;844.16;300.03;3060.95;3060.95
24.11.2022 10:00:00;24.11.2022 11:00:00;3113.46;840.22;302.01;3061.78;3061.78
24.11.2022 11:00:00;24.11.2022 12:00:00;3008.64;791.03;294.95;3008.64;3008.64
24.11.2022 12:00:00;24.11.2022 13:00:00;2899.98;753.77;294.84;2832.52;2832.52
24.11.2022 13:00:00;24.11.2022 14:00:00;2905.48;743.29;300.03;2801.28;2801.28
24.11.2022 14:00:00;24.11.2022 15:00:00;3631.44;701.15;499.81;2825.36;2825.36
24.11.2022 15:00:00;24.11.2022 16:00:00;3301.41;724.61;600.28;3117.2;3117.2
24.11.2022 16:00:00;24.11.2022 17:00:00;3353.92;734.67;600.28;3269.65;3269.65
24.11.2022 17:00:00;24.11.2022 18:00:00;3419.41;737.68;675;3349.25;3349.25
24.11.2022 18:00:00;24.11.2022 19:00:00;3213.4;725.85;499.3;3109.2;3109.2
24.11.2022 19:00:00;24.11.2022 20:00:00;2988.61;709.45;591.56;2967.23;2967.23
24.11.2022 20:00:00;24.11.2022 21:00:00;2714.52;718.9;675.21;2714.52;2714.52
24.11.2022 21:00:00;24.11.2022 22:00:00;2629.52;706.34;592.49;2386.36;2386.36
24.11.2022 22:00:00;24.11.2022 23:00:00;2253.11;686.93;591.56;2253.11;2253.11
24.11.2022 23:00:00;25.11.2022 00:00:00;1956.5;608.37;294.84;1802.07;1802.07
25.11.2022 00:00:00;25.11.2022 01:00:00;2443.67;620.19;590.36;1939.46;1939.46
25.11.2022 01:00:00;25.11.2022 02:00:00;2070.98;613.45;499.54;1814.16;1814.16
25.11.2022 02:00:00;25.11.2022 03:00:00;1863.87;606.93;349.81;1688.66;1688.66
25.11.2022 03:00:00;25.11.2022 04:00:00;2070.46;603.93;347.11;1572.16;1572.16
25.11.2022 04:00:00;25.11.2022 05:00:00;2630.27;598.54;414.22;1648.06;1648.06
25.11.2022 05:00:00;25.11.2022 06:00:00;3117.39;609.52;599.79;1835.81;1835.81
25.11.2022 06:00:00;25.11.2022 07:00:00;3634.54;662.44;662.44;2330.59;2330.59
25.11.2022 07:00:00;25.11.2022 08:00:00;3139.35;669.58;549.98;3076.28;3076.28
25.11.2022 08:00:00;25.11.2022 09:00:00;3360.64;693.61;591.09;3185.84;3185.84
25.11.2022 09:00:00;25.11.2022 10:00:00;3298.51;708.31;673.21;2929.55;2929.55
25.11.2022 10:00:00;25.11.2022 11:00:00;3416.56;712.76;673.83;2904.17;2904.17
25.11.2022 11:00:00;25.11.2022 12:00:00;3175.8;659.85;659.85;2728.34;2728.34
25.11.2022 12:00:00;25.11.2022 13:00:00;2949.63;645.14;645.14;2651.3;2651.3
25.11.2022 13:00:00;25.11.2022 14:00:00;2960.72;631.58;631.58;2821.12;2821.12
25.11.2022 14:00:00;25.11.2022 15:00:00;3013.32;646.9;646.9;3004.83;3004.83
25.11.2022 15:00:00;25.11.2022 16:00:00;3296.75;665.44;665.44;3296.75;3296.75
25.11.2022 16:00:00;25.11.2022 17:00:00;3389.95;677.35;677.35;3389.95;3389.95
25.11.2022 17:00:00;25.11.2022 18:00:00;3623.36;692.26;692.26;2564.83;2564.83
25.11.2022 18:00:00;25.11.2022 19:00:00;3499.61;667.92;667.92;2272.29;2272.29
25.11.2022 19:00:00;25.11.2022 20:00:00;3293.33;620.91;620.91;2347.36;2347.36
25.11.2022 20:00:00;25.11.2022 21:00:00;2838.94;602.68;602.68;2250.75;2250.75
25.11.2022 21:00:00;25.11.2022 22:00:00;2853.43;596.26;596.26;2691.68;2691.68
25.11.2022 22:00:00;25.11.2022 23:00:00;2795.13;590.78;590.78;2587.92;2587.92
25.11.2022 23:00:00;26.11.2022 00:00:00;2340.63;578.56;499.54;2070.77;2070.77
26.11.2022 00:00:00;26.11.2022 01:00:00;2192.32;596.69;596.69;2139.77;2139.77
26.11.2022 01:00:00;26.11.2022 02:00:00;2170.99;586.18;586.18;2118.85;2118.85
26.11.2022 02:00:00;26.11.2022 03:00:00;2057.96;582.67;578.86;2002.63;2002.63
26.11.2022 03:00:00;26.11.2022 04:00:00;2060.74;584.01;548.98;2011.28;2011.28
26.11.2022 04:00:00;26.11.2022 05:00:00;2040.03;584.43;549.08;1991.09;1991.09
26.11.2022 05:00:00;26.11.2022 06:00:00;2183.77;586.08;549.08;2091.14;2091.14
26.11.2022 06:00:00;26.11.2022 07:00:00;2214.68;599.78;411.32;2025.71;2025.71
26.11.2022 07:00:00;26.11.2022 08:00:00;2431.37;615.13;587.52;1957.29;1957.29
26.11.2022 08:00:00;26.11.2022 09:00:00;3153.04;617.81;617.81;1674.87;1674.87
26.11.2022 09:00:00;26.11.2022 10:00:00;3091.01;648.31;648.31;1814.38;1814.38
26.11.2022 10:00:00;26.11.2022 11:00:00;2988.18;720.74;720.74;1773.58;1773.58
26.11.2022 11:00:00;26.11.2022 12:00:00;3091.01;733.73;733.73;1729.48;1729.48
26.11.2022 12:00:00;26.11.2022 13:00:00;2885.14;762.27;762.27;1522.58;1522.58
26.11.2022 13:00:00;26.11.2022 14:00:00;2782.1;764.84;764.84;1519.28;1519.28
26.11.2022 14:00:00;26.11.2022 15:00:00;3091.01;812.65;812.65;1577.6;1577.6
26.11.2022 15:00:00;26.11.2022 16:00:00;3174.47;866.75;866.75;1582.03;1582.03
26.11.2022 16:00:00;26.11.2022 17:00:00;3324.29;874.06;874.06;1798.51;1798.51
26.11.2022 17:00:00;26.11.2022 18:00:00;3399.4;831.61;748.67;1758.95;1758.95
26.11.2022 18:00:00;26.11.2022 19:00:00;3153.97;844.39;688.6;1506.3;1506.3
26.11.2022 19:00:00;26.11.2022 20:00:00;2928.52;849.44;588.24;1490.95;1490.95
26.11.2022 20:00:00;26.11.2022 21:00:00;2881.74;786.28;669.95;1491.05;1491.05
26.11.2022 21:00:00;26.11.2022 22:00:00;3091.11;750.21;549.08;1526.19;1526.19
26.11.2022 22:00:00;26.11.2022 23:00:00;2542.23;726.21;389.27;2011.28;2011.28
26.11.2022 23:00:00;27.11.2022 00:00:00;1789.65;632.44;303.55;1746.68;1746.68
27.11.2022 00:00:00;27.11.2022 01:00:00;1904.05;620.98;350.78;1461.1;1461.1
27.11.2022 01:00:00;27.11.2022 02:00:00;1540.46;602.9;338.39;1368.01;1368.01
27.11.2022 02:00:00;27.11.2022 03:00:00;1478.88;587.19;301.29;1260.66;1260.66
27.11.2022 03:00:00;27.11.2022 04:00:00;1478.57;580.06;290.65;1027.04;1027.04
27.11.2022 04:00:00;27.11.2022 05:00:00;1539.84;565.39;287.86;1027.04;1027.04
27.11.2022 05:00:00;27.11.2022 06:00:00;1858.8;550.51;287.65;1091.51;1091.51
27.11.2022 06:00:00;27.11.2022 07:00:00;1858.8;546.38;288.69;1291.55;1291.55
27.11.2022 07:00:00;27.11.2022 08:00:00;1841.75;552.06;295.82;1369.25;1369.25
27.11.2022 08:00:00;27.11.2022 09:00:00;2322.83;543.79;297.16;1399.83;1399.83
27.11.2022 09:00:00;27.11.2022 10:00:00;2640.24;562.91;332.91;1394.36;1394.36
27.11.2022 10:00:00;27.11.2022 11:00:00;2722.48;561.15;341.18;1343.11;1343.11
27.11.2022 11:00:00;27.11.2022 12:00:00;2611;547.72;350.68;1289.9;1289.9
27.11.2022 12:00:00;27.11.2022 13:00:00;2634.66;538.63;350.78;1223.46;1223.46
27.11.2022 13:00:00;27.11.2022 14:00:00;2583.1;538.52;350.78;1172;1172
27.11.2022 14:00:00;27.11.2022 15:00:00;2883.57;559.71;350.99;1228.01;1228.01
27.11.2022 15:00:00;27.11.2022 16:00:00;3327.76;581.3;350.78;1260.45;1260.45
27.11.2022 16:00:00;27.11.2022 17:00:00;3049.09;592.15;350.58;1281.32;1281.32
27.11.2022 17:00:00;27.11.2022 18:00:00;3304.51;600.73;350.58;1277.29;1277.29
27.11.2022 18:00:00;27.11.2022 19:00:00;3099.72;603;350.48;1222.63;1222.63
27.11.2022 19:00:00;27.11.2022 20:00:00;2798.43;626.04;331.98;1201.24;1201.24
27.11.2022 20:00:00;27.11.2022 21:00:00;2867.76;615.19;323.92;1201.55;1201.55
27.11.2022 21:00:00;27.11.2022 22:00:00;2682.39;611.57;303.36;1242.68;1242.68
27.11.2022 22:00:00;27.11.2022 23:00:00;2066.07;613.33;291.17;1016.19;1016.19
27.11.2022 23:00:00;28.11.2022 00:00:00;1614.75;604.34;288.69;865.65;865.65
28.11.2022 00:00:00;28.11.2022 01:00:00;1303.12;614.57;288.38;1303.12;1303.12
28.11.2022 01:00:00;28.11.2022 02:00:00;1344.45;624.59;287.76;1306.12;1306.12
28.11.2022 02:00:00;28.11.2022 03:00:00;1283.18;645.05;287.86;1265.31;1265.31
28.11.2022 03:00:00;28.11.2022 04:00:00;1223.05;656.83;289.41;1192.88;1192.88
28.11.2022 04:00:00;28.11.2022 05:00:00;1479.39;674.71;300.05;1202.17;1202.17
28.11.2022 05:00:00;28.11.2022 06:00:00;2587.85;703.64;303.57;1240.71;1240.71
28.11.2022 06:00:00;28.11.2022 07:00:00;3410.42;726.47;314.93;1519.07;1519.07
28.11.2022 07:00:00;28.11.2022 08:00:00;3346.87;857.8;412.26;1880.5;1880.5
28.11.2022 08:00:00;28.11.2022 09:00:00;3410;1048.74;589.98;2108.64;2108.64
28.11.2022 09:00:00;28.11.2022 10:00:00;3266.07;1033.14;671.81;2136.64;2136.64
28.11.2022 10:00:00;28.11.2022 11:00:00;3306.47;939.22;589.98;2355.37;2355.37
28.11.2022 11:00:00;28.11.2022 12:00:00;3372.29;805.2;589.77;2409.41;2409.41
28.11.2022 12:00:00;28.11.2022 13:00:00;3100.75;796.73;589.46;2400.94;2400.94
28.11.2022 13:00:00;28.11.2022 14:00:00;3409.8;791.05;671.92;2400.63;2400.63
28.11.2022 14:00:00;28.11.2022 15:00:00;3410.11;791.36;791.36;2400.32;2400.32
28.11.2022 15:00:00;28.11.2022 16:00:00;3857.81;808.61;808.61;2406.42;2406.42
28.11.2022 16:00:00;28.11.2022 17:00:00;3409.59;806.44;806.44;2536.29;2536.29
28.11.2022 17:00:00;28.11.2022 18:00:00;3409.28;774.72;589.26;2416.03;2416.03
28.11.2022 18:00:00;28.11.2022 19:00:00;3248.71;776.38;412.47;2457.04;2457.04
28.11.2022 19:00:00;28.11.2022 20:00:00;3100.44;773.48;401.1;2270.75;2270.75
28.11.2022 20:00:00;28.11.2022 21:00:00;2686.42;775.24;501.64;2090.24;2090.24
28.11.2022 21:00:00;28.11.2022 22:00:00;3223.71;751.99;401.21;1964.5;1964.5
28.11.2022 22:00:00;28.11.2022 23:00:00;2883.46;734.53;391.8;1835.34;1835.34
28.11.2022 23:00:00;29.11.2022 00:00:00;2561.4;710.56;319.99;1461.1;1461.1
29.11.2022 00:00:00;29.11.2022 01:00:00;2890.65;717.73;674.86;2176.13;2176.13
29.11.2022 01:00:00;29.11.2022 02:00:00;2764.54;708.91;500.6;2127.04;2127.04
29.11.2022 02:00:00;29.11.2022 03:00:00;2420.46;707.56;450.88;2178.93;2178.93
29.11.2022 03:00:00;29.11.2022 04:00:00;2594;715.55;400.12;2177.27;2177.27
29.11.2022 04:00:00;29.11.2022 05:00:00;2504.12;736;400.23;2178.83;2178.83
29.11.2022 05:00:00;29.11.2022 06:00:00;2910.06;844.98;450.98;2304.42;2304.42
29.11.2022 06:00:00;29.11.2022 07:00:00;3613.98;883.39;591.73;2695.2;2695.2
29.11.2022 07:00:00;29.11.2022 08:00:00;4112.5;981.57;646.63;3576.72;3576.72
29.11.2022 08:00:00;29.11.2022 09:00:00;4603.76;1128.55;1128.55;3778.29;3778.29
29.11.2022 09:00:00;29.11.2022 10:00:00;4622.13;1556.38;1556.38;3588.24;3588.24
29.11.2022 10:00:00;29.11.2022 11:00:00;4628.25;1555.97;1555.97;3774.76;3774.76
29.11.2022 11:00:00;29.11.2022 12:00:00;4521.24;2074.93;2074.93;3981.83;3981.83
29.11.2022 12:00:00;29.11.2022 13:00:00;4339.08;2529.34;2529.34;4128.8;4128.8
29.11.2022 13:00:00;29.11.2022 14:00:00;4403.54;3116.81;3116.81;4403.54;4403.54
29.11.2022 14:00:00;29.11.2022 15:00:00;4633.13;3510.09;3510.09;4633.13;4633.13
29.11.2022 15:00:00;29.11.2022 16:00:00;4677.97;4528.3;4528.3;4677.97;4677.97
29.11.2022 16:00:00;29.11.2022 17:00:00;4774.91;4626.9;4626.9;4774.91;4774.91
29.11.2022 17:00:00;29.11.2022 18:00:00;5201.09;5039.9;5039.9;5201.09;5201.09
29.11.2022 18:00:00;29.11.2022 19:00:00;5053.29;4886.39;4886.39;5053.29;5053.29
29.11.2022 19:00:00;29.11.2022 20:00:00;4698.62;4660.12;4150.91;4660.12;4660.12
29.11.2022 20:00:00;29.11.2022 21:00:00;4052.09;4018.88;3632.56;4018.88;4018.88
29.11.2022 21:00:00;29.11.2022 22:00:00;3476.04;3364.77;2075.66;3419.78;3419.78
29.11.2022 22:00:00;29.11.2022 23:00:00;3089.51;2990.6;2074.93;3015.3;3015.3
29.11.2022 23:00:00;30.11.2022 00:00:00;2839.06;2560.69;592.04;2722.81;2722.81
30.11.2022 00:00:00;30.11.2022 01:00:00;2772.72;2772.72;999.57;2772.72;2772.72
30.11.2022 01:00:00;30.11.2022 02:00:00;2680.14;2680.14;672.13;2680.14;2680.14
30.11.2022 02:00:00;30.11.2022 03:00:00;2645.84;2645.84;671.72;2645.84;2645.84
30.11.2022 03:00:00;30.11.2022 04:00:00;2629.93;2611.12;672.34;2629.93;2629.93
30.11.2022 04:00:00;30.11.2022 05:00:00;2765.28;2676.73;999.67;2698.85;2698.85
30.11.2022 05:00:00;30.11.2022 06:00:00;2996.42;2716.82;399.35;2924.51;2924.51
30.11.2022 06:00:00;30.11.2022 07:00:00;3659.25;3282.22;399.35;3433.28;3433.28
30.11.2022 07:00:00;30.11.2022 08:00:00;4488.74;4488.74;589.78;4488.74;4488.74
30.11.2022 08:00:00;30.11.2022 09:00:00;4939.96;4939.96;589.78;4939.96;4939.96
30.11.2022 09:00:00;30.11.2022 10:00:00;4945.13;4945.13;923.1;4945.13;4945.13
30.11.2022 10:00:00;30.11.2022 11:00:00;4904.94;4904.94;999.36;4904.94;4904.94
30.11.2022 11:00:00;30.11.2022 12:00:00;4985.63;4985.63;999.46;4985.63;4985.63
30.11.2022 12:00:00;30.11.2022 13:00:00;4649.52;4649.52;3616.06;4649.52;4649.52
30.11.2022 13:00:00;30.11.2022 14:00:00;4654.48;4654.48;3927.17;4654.48;4654.48
30.11.2022 14:00:00;30.11.2022 15:00:00;4796.76;4796.76;4347.81;4796.76;4796.76
30.11.2022 15:00:00;30.11.2022 16:00:00;4740.13;4740.13;4740.13;4740.13;4740.13
30.11.2022 16:00:00;30.11.2022 17:00:00;4943.06;4943.06;4943.06;4943.06;4943.06
30.11.2022 17:00:00;30.11.2022 18:00:00;5202.93;5202.93;5165.83;5202.93;5202.93
30.11.2022 18:00:00;30.11.2022 19:00:00;5116.65;5116.65;4617.18;5116.65;5116.65
30.11.2022 19:00:00;30.11.2022 20:00:00;4806.05;4806.05;4500.32;4806.05;4806.05
30.11.2022 20:00:00;30.11.2022 21:00:00;4276.62;4276.62;4276.62;4276.62;4276.62
30.11.2022 21:00:00;30.11.2022 22:00:00;3556.44;3556.44;3556.44;3556.44;3556.44
30.11.2022 22:00:00;30.11.2022 23:00:00;3195.32;3195.32;3195.32;3195.32;3195.32
30.11.2022 23:00:00;01.12.2022 00:00:00;2744;2744;2744;2744;2744
01.12.2022 00:00:00;01.12.2022 01:00:00;2927.18;2789.17;798.52;2927.18;2927.18
01.12.2022 01:00:00;01.12.2022 02:00:00;2920.82;2749.74;798.21;2920.82;2920.82
01.12.2022 02:00:00;01.12.2022 03:00:00;2853.97;2593.44;697.88;2853.97;2853.97
01.12.2022 03:00:00;01.12.2022 04:00:00;2754.25;2565;697.88;2754.25;2754.25
01.12.2022 04:00:00;01.12.2022 05:00:00;2846.37;2562.12;698.29;2792.25;2792.25
01.12.2022 05:00:00;01.12.2022 06:00:00;2911.16;2808.06;798.42;2911.16;2911.16
01.12.2022 06:00:00;01.12.2022 07:00:00;3657.41;2893.6;798.42;3626.81;3626.81
01.12.2022 07:00:00;01.12.2022 08:00:00;4649.5;3731.15;1995.48;4629.68;4629.68
01.12.2022 08:00:00;01.12.2022 09:00:00;4758.15;4127.53;2053.09;4758.15;4758.15
01.12.2022 09:00:00;01.12.2022 10:00:00;4725.19;4294.3;2053.7;4725.19;4725.19
01.12.2022 10:00:00;01.12.2022 11:00:00;4652.58;3787.32;3593.34;4652.58;4652.58
01.12.2022 11:00:00;01.12.2022 12:00:00;4584.4;3616.95;3077.32;4584.4;4584.4
01.12.2022 12:00:00;01.12.2022 13:00:00;4496.6;3613.87;2053.29;4496.6;4496.6
01.12.2022 13:00:00;01.12.2022 14:00:00;4597.44;3677.85;2053.7;4585.53;4585.53
01.12.2022 14:00:00;01.12.2022 15:00:00;4765.54;3791.22;3196.75;4765.54;4765.54
01.12.2022 15:00:00;01.12.2022 16:00:00;4755.58;4095.49;3593.34;4755.58;4755.58
01.12.2022 16:00:00;01.12.2022 17:00:00;4703.62;4113.36;2560.37;4703.62;4703.62
01.12.2022 17:00:00;01.12.2022 18:00:00;4970.92;4811.86;1995.99;4811.86;4811.86
01.12.2022 18:00:00;01.12.2022 19:00:00;4824.28;3823.77;1995.37;4532.64;4532.64
01.12.2022 19:00:00;01.12.2022 20:00:00;4702.08;3737.82;916.82;4702.08;4702.08
01.12.2022 20:00:00;01.12.2022 21:00:00;4423.89;3770.27;1996.09;4423.89;4423.89
01.12.2022 21:00:00;01.12.2022 22:00:00;3896.99;3407.36;1196.85;3896.99;3896.99
01.12.2022 22:00:00;01.12.2022 23:00:00;3414.04;2558.63;798.93;3414.04;3414.04
01.12.2022 23:00:00;02.12.2022 00:00:00;3052.36;2192.23;798.52;3052.36;3052.36
02.12.2022 00:00:00;02.12.2022 01:00:00;3136.88;2048.76;799.45;3136.88;3136.88
02.12.2022 01:00:00;02.12.2022 02:00:00;3012.57;1759.37;600.18;3012.57;3012.57
02.12.2022 02:00:00;02.12.2022 03:00:00;2989.32;1499.68;599.67;2989.32;2989.32
02.12.2022 03:00:00;02.12.2022 04:00:00;2988.09;1439.77;599.46;2988.09;2988.09
02.12.2022 04:00:00;02.12.2022 05:00:00;3079.44;1436.91;599.46;3005.5;3005.5
02.12.2022 05:00:00;02.12.2022 06:00:00;3263.86;1576.58;599.87;3136.37;3136.37
02.12.2022 06:00:00;02.12.2022 07:00:00;3875.61;1845.49;799.56;3613.46;3613.46
02.12.2022 07:00:00;02.12.2022 08:00:00;4313.79;3045.34;1998.38;4235.35;4235.35
02.12.2022 08:00:00;02.12.2022 09:00:00;4532.93;4309.08;1998.58;4532.93;4532.93
02.12.2022 09:00:00;02.12.2022 10:00:00;4435.96;4004.64;991.87;4435.96;4435.96
02.12.2022 10:00:00;02.12.2022 11:00:00;4387.32;3752.73;799.86;4376.05;4376.05
02.12.2022 11:00:00;02.12.2022 12:00:00;4293.21;3583.87;736.48;4195;4195
02.12.2022 12:00:00;02.12.2022 13:00:00;4226.95;3583.56;666.23;4136.64;4136.64
02.12.2022 13:00:00;02.12.2022 14:00:00;4521.46;3722.42;665.61;3935.31;3935.31
02.12.2022 14:00:00;02.12.2022 15:00:00;3693.13;3142.93;696.03;3149.68;3149.68
02.12.2022 15:00:00;02.12.2022 16:00:00;4024.4;2863.67;991.05;2949.18;2949.18
02.12.2022 16:00:00;02.12.2022 17:00:00;3747.4;2885.9;799.97;2885.9;2885.9
02.12.2022 17:00:00;02.12.2022 18:00:00;4632.26;3589.71;800.07;3789.29;3789.29
02.12.2022 18:00:00;02.12.2022 19:00:00;4258.19;3225.67;799.35;3338.31;3338.31
02.12.2022 19:00:00;02.12.2022 20:00:00;4221.53;3045.34;740.88;3119.99;3119.99
02.12.2022 20:00:00;02.12.2022 21:00:00;2585.24;2585.24;600.28;2585.24;2585.24
02.12.2022 21:00:00;02.12.2022 22:00:00;3616.53;2845.04;599.77;2845.04;2845.04
02.12.2022 22:00:00;02.12.2022 23:00:00;3711.46;2764.65;584.2;2764.65;2764.65
02.12.2022 23:00:00;03.12.2022 00:00:00;2649.96;2542.64;584.51;2542.64;2542.64
03.12.2022 00:00:00;03.12.2022 01:00:00;2736.3;2384.61;715.91;2384.61;2384.61
03.12.2022 01:00:00;03.12.2022 02:00:00;2656.28;2359.17;585.61;2359.17;2359.17
03.12.2022 02:00:00;03.12.2022 03:00:00;2319.15;2319.15;584.79;2319.15;2319.15
03.12.2022 03:00:00;03.12.2022 04:00:00;2265.19;2257.8;517.18;2257.8;2257.8
03.12.2022 04:00:00;03.12.2022 05:00:00;2361.52;2309.41;500.56;2309.41;2309.41
03.12.2022 05:00:00;03.12.2022 06:00:00;2968.48;2435.7;500.35;2435.7;2435.7
03.12.2022 06:00:00;03.12.2022 07:00:00;2810.38;2505.77;500.76;2505.77;2505.77
03.12.2022 07:00:00;03.12.2022 08:00:00;3077.84;2515.72;499.94;2515.72;2515.72
03.12.2022 08:00:00;03.12.2022 09:00:00;3180.44;2554.3;799.01;2554.3;2554.3
03.12.2022 09:00:00;03.12.2022 10:00:00;3077.84;2748.61;799.52;2748.61;2748.61
03.12.2022 10:00:00;03.12.2022 11:00:00;3385.01;2964.47;800.65;2964.47;2964.47
03.12.2022 11:00:00;03.12.2022 12:00:00;3385.63;3009.92;914.63;3009.92;3009.92
03.12.2022 12:00:00;03.12.2022 13:00:00;3385.32;2880.86;999.68;2880.86;2880.86
03.12.2022 13:00:00;03.12.2022 14:00:00;3452.11;2854.08;1199.43;2854.08;2854.08
03.12.2022 14:00:00;03.12.2022 15:00:00;3991.34;2870.29;1499.83;2870.29;2870.29
03.12.2022 15:00:00;03.12.2022 16:00:00;4095.27;2997.3;799.11;2997.3;2997.3
03.12.2022 16:00:00;03.12.2022 17:00:00;4616.76;3077.53;799.21;3077.53;3077.53
03.12.2022 17:00:00;03.12.2022 18:00:00;4094.96;3107.18;798.9;3107.18;3107.18
03.12.2022 18:00:00;03.12.2022 19:00:00;4192.53;3016.59;799.93;3016.59;3016.59
03.12.2022 19:00:00;03.12.2022 20:00:00;3696.69;2821.87;799.52;2821.87;2821.87
03.12.2022 20:00:00;03.12.2022 21:00:00;3037.11;2714.35;799.21;2714.35;2714.35
03.12.2022 21:00:00;03.12.2022 22:00:00;3936.87;2700.09;667.07;2700.09;2700.09
03.12.2022 22:00:00;03.12.2022 23:00:00;2975.35;2637.4;563.14;2637.4;2637.4
03.12.2022 23:00:00;04.12.2022 00:00:00;2475.3;2475.3;499.94;2475.3;2475.3
04.12.2022 00:00:00;04.12.2022 01:00:00;2574.32;2376.43;587.77;2376.43;2376.43
04.12.2022 01:00:00;04.12.2022 02:00:00;2634.27;2265.39;576.34;2265.39;2265.39
04.12.2022 02:00:00;04.12.2022 03:00:00;2569.06;2381.48;501.66;2381.48;2381.48
04.12.2022 03:00:00;04.12.2022 04:00:00;2422.38;2170.31;501.66;2170.31;2170.31
04.12.2022 04:00:00;04.12.2022 05:00:00;3087.3;2157.13;501.35;2157.13;2157.13
04.12.2022 05:00:00;04.12.2022 06:00:00;3090.29;2200.8;501.45;2200.8;2200.8
04.12.2022 06:00:00;04.12.2022 07:00:00;2764.78;2182.78;536.47;2182.78;2182.78
04.12.2022 07:00:00;04.12.2022 08:00:00;2523.53;2304.43;587.46;2304.43;2304.43
04.12.2022 08:00:00;04.12.2022 09:00:00;3090.29;2629.84;587.67;2629.84;2629.84
04.12.2022 09:00:00;04.12.2022 10:00:00;3605.44;2903.74;700.05;2903.74;2903.74
04.12.2022 10:00:00;04.12.2022 11:00:00;3193.4;3023.54;800.39;3023.54;3023.54
04.12.2022 11:00:00;04.12.2022 12:00:00;3296.41;3082.15;800.8;3082.15;3082.15
04.12.2022 12:00:00;04.12.2022 13:00:00;3143.75;3064.85;843.96;3064.85;3064.85
04.12.2022 13:00:00;04.12.2022 14:00:00;3398.6;3031.47;1001.46;3031.47;3031.47
04.12.2022 14:00:00;04.12.2022 15:00:00;3399.32;3055.06;1001.87;3055.06;3055.06
04.12.2022 15:00:00;04.12.2022 16:00:00;3547.76;3073.6;1002.28;3073.6;3073.6
04.12.2022 16:00:00;04.12.2022 17:00:00;3722.98;3243.05;1001.98;3243.05;3243.05
04.12.2022 17:00:00;04.12.2022 18:00:00;3708.35;3467.82;1001.46;3467.82;3467.82
04.12.2022 18:00:00;04.12.2022 19:00:00;3708.45;3043.01;843.24;3043.01;3043.01
04.12.2022 19:00:00;04.12.2022 20:00:00;3502.33;3014.48;800.69;3014.48;3014.48
04.12.2022 20:00:00;04.12.2022 21:00:00;3198.35;2689.27;800.49;2689.27;2689.27
04.12.2022 21:00:00;04.12.2022 22:00:00;3708.45;2780.85;669.87;2780.85;2780.85
04.12.2022 22:00:00;04.12.2022 23:00:00;3090.29;2654.04;536.47;2654.04;2654.04
04.12.2022 23:00:00;05.12.2022 00:00:00;2473.78;2473.78;500.83;2473.78;2473.78
05.12.2022 00:00:00;05.12.2022 01:00:00;2113.35;2113.35;493.31;2113.35;2113.35
05.12.2022 01:00:00;05.12.2022 02:00:00;1969.44;1969.44;410.6;1969.44;1969.44
05.12.2022 02:00:00;05.12.2022 03:00:00;1854.07;1854.07;400.09;1854.07;1854.07
05.12.2022 03:00:00;05.12.2022 04:00:00;1826.57;1826.57;390.1;1826.57;1826.57
05.12.2022 04:00:00;05.12.2022 05:00:00;1685.86;1660.83;388.66;1685.86;1685.86
05.12.2022 05:00:00;05.12.2022 06:00:00;2546.5;1599.84;410.91;2517.35;2517.35
05.12.2022 06:00:00;05.12.2022 07:00:00;3123.87;1657.84;501.45;2716.16;2716.16
05.12.2022 07:00:00;05.12.2022 08:00:00;3060.11;2001.07;800.49;3060.11;3060.11
05.12.2022 08:00:00;05.12.2022 09:00:00;2973.07;2449.98;801.42;2973.07;2973.07
05.12.2022 09:00:00;05.12.2022 10:00:00;3090.39;2698.44;801.31;3090.39;3090.39
05.12.2022 10:00:00;05.12.2022 11:00:00;3224.51;3043.73;800.9;3043.73;3043.73
05.12.2022 11:00:00;05.12.2022 12:00:00;3387.99;3082.98;800.59;3082.98;3082.98
05.12.2022 12:00:00;05.12.2022 13:00:00;3334.42;3021.79;800.59;3021.79;3021.79
05.12.2022 13:00:00;05.12.2022 14:00:00;3296.31;3077.31;800.8;3077.31;3077.31
05.12.2022 14:00:00;05.12.2022 15:00:00;3460.4;2735.22;800.9;2971.01;2971.01
05.12.2022 15:00:00;05.12.2022 16:00:00;4224.32;2221.2;800.49;2960.91;2960.91
05.12.2022 16:00:00;05.12.2022 17:00:00;4120.9;2055.04;800.18;2917.23;2917.23
05.12.2022 17:00:00;05.12.2022 18:00:00;3976.48;1704.71;800.18;2854.81;2854.81
05.12.2022 18:00:00;05.12.2022 19:00:00;4078.57;1535.87;670.59;2846.88;2846.88
05.12.2022 19:00:00;05.12.2022 20:00:00;3399.01;1619.42;800.08;2919.81;2919.81
05.12.2022 20:00:00;05.12.2022 21:00:00;2864.7;1671.95;800.28;2864.7;2864.7
05.12.2022 21:00:00;05.12.2022 22:00:00;3120.58;1574.3;588.08;2800.94;2800.94
05.12.2022 22:00:00;05.12.2022 23:00:00;2970.18;1446.46;500.73;2780.75;2780.75
05.12.2022 23:00:00;06.12.2022 00:00:00;2699.27;1241.37;356.31;2699.27;2699.27
06.12.2022 00:00:00;06.12.2022 01:00:00;1011.67;1011.67;325.32;1011.67;1011.67
06.12.2022 01:00:00;06.12.2022 02:00:00;940.66;940.66;323.46;940.66;940.66
06.12.2022 02:00:00;06.12.2022 03:00:00;918.47;918.47;322.53;918.47;918.47
06.12.2022 03:00:00;06.12.2022 04:00:00;938.49;938.49;325.32;938.49;938.49
06.12.2022 04:00:00;06.12.2022 05:00:00;1026.11;963.78;333.37;1026.11;1026.11
06.12.2022 05:00:00;06.12.2022 06:00:00;1075.55;1031.79;345.03;1075.55;1075.55
06.12.2022 06:00:00;06.12.2022 07:00:00;1099.29;1018.58;363.71;1099.29;1099.29
06.12.2022 07:00:00;06.12.2022 08:00:00;1466.2;1466.2;391.27;1466.2;1466.2
06.12.2022 08:00:00;06.12.2022 09:00:00;2014.87;1679.74;500.26;2014.87;2014.87
06.12.2022 09:00:00;06.12.2022 10:00:00;2474.87;1782.44;500.98;2091.24;2091.24
06.12.2022 10:00:00;06.12.2022 11:00:00;2889.99;1805.66;551.25;2225.52;2225.52
06.12.2022 11:00:00;06.12.2022 12:00:00;2961.2;1834.04;590.05;2232.64;2232.64
06.12.2022 12:00:00;06.12.2022 13:00:00;2769.64;2028.08;728.46;2094.75;2094.75
06.12.2022 13:00:00;06.12.2022 14:00:00;2963.47;2104.14;805.55;2201.78;2201.78
06.12.2022 14:00:00;06.12.2022 15:00:00;3302.83;2270.42;1000.73;2270.42;2270.42
06.12.2022 15:00:00;06.12.2022 16:00:00;4128.2;2351.64;1000.31;2351.64;2351.64
06.12.2022 16:00:00;06.12.2022 17:00:00;4127.68;2546.71;853.13;2546.71;2546.71
06.12.2022 17:00:00;06.12.2022 18:00:00;4232.44;2632.48;999.59;2632.48;2632.48
06.12.2022 18:00:00;06.12.2022 19:00:00;4128.2;2696.67;800.5;2696.67;2696.67
06.12.2022 19:00:00;06.12.2022 20:00:00;3641.87;2713.19;800.39;2713.19;2713.19
06.12.2022 20:00:00;06.12.2022 21:00:00;3121.49;2765.51;801.32;2765.51;2765.51
06.12.2022 21:00:00;06.12.2022 22:00:00;3292.4;2845.92;801.01;2845.92;2845.92
06.12.2022 22:00:00;06.12.2022 23:00:00;3096.2;2862.12;799.78;2862.12;2862.12
06.12.2022 23:00:00;07.12.2022 00:00:00;2757.15;2757.15;588.71;2757.15;2757.15
07.12.2022 00:00:00;07.12.2022 01:00:00;2766.19;2766.19;884.36;2766.19;2766.19
07.12.2022 01:00:00;07.12.2022 02:00:00;2464.37;2464.37;800.3;2464.37;2464.37
07.12.2022 02:00:00;07.12.2022 03:00:00;2131.81;2131.81;799.68;2131.81;2131.81
07.12.2022 03:00:00;07.12.2022 04:00:00;2090.51;2090.51;799.57;2090.51;2090.51
07.12.2022 04:00:00;07.12.2022 05:00:00;2406.45;2406.45;799.78;2406.45;2406.45
07.12.2022 05:00:00;07.12.2022 06:00:00;2718.21;2392.96;801.24;2711.93;2711.93
07.12.2022 06:00:00;07.12.2022 07:00:00;3024.42;2127.52;1001.35;2947.37;2947.37
07.12.2022 07:00:00;07.12.2022 08:00:00;3971.82;2033.43;799.88;3971.82;3971.82
07.12.2022 08:00:00;07.12.2022 09:00:00;4235.49;2006.45;799.57;4235.49;4235.49
07.12.2022 09:00:00;07.12.2022 10:00:00;4122.16;1840.12;801.03;4122.16;4122.16
07.12.2022 10:00:00;07.12.2022 11:00:00;3956.87;1691.14;938.41;3956.87;3956.87
07.12.2022 11:00:00;07.12.2022 12:00:00;3717.25;1502.65;834.91;3717.25;3717.25
07.12.2022 12:00:00;07.12.2022 13:00:00;3972.55;1453.09;852.78;3972.55;3972.55
07.12.2022 13:00:00;07.12.2022 14:00:00;3594.41;1382.31;1000.09;3594.41;3594.41
07.12.2022 14:00:00;07.12.2022 15:00:00;4266.12;1402.59;1199.77;4266.12;4266.12
07.12.2022 15:00:00;07.12.2022 16:00:00;4565.96;1479.85;1200.09;4565.96;4565.96
07.12.2022 16:00:00;07.12.2022 17:00:00;4747.14;1819.53;1819.53;4747.14;4747.14
07.12.2022 17:00:00;07.12.2022 18:00:00;4383.21;1937.24;1937.24;4383.21;4383.21
07.12.2022 18:00:00;07.12.2022 19:00:00;4181.86;2013.67;2013.67;4181.86;4181.86
07.12.2022 19:00:00;07.12.2022 20:00:00;4060.37;2100.13;1799.98;4060.37;4060.37
07.12.2022 20:00:00;07.12.2022 21:00:00;4274.07;2253.29;1199.98;4274.07;4274.07
07.12.2022 21:00:00;07.12.2022 22:00:00;3420.24;2748.11;822.78;3420.24;3420.24
07.12.2022 22:00:00;07.12.2022 23:00:00;3068.54;2529.4;799.88;3068.54;3068.54
07.12.2022 23:00:00;08.12.2022 00:00:00;2848.05;2368.6;569.26;2848.05;2848.05
08.12.2022 00:00:00;08.12.2022 01:00:00;3123.09;3123.09;850.37;3123.09;3123.09
08.12.2022 01:00:00;08.12.2022 02:00:00;2965.31;2965.31;799.04;2965.31;2965.31
08.12.2022 02:00:00;08.12.2022 03:00:00;2847.97;2847.97;743.7;2847.97;2847.97
08.12.2022 03:00:00;08.12.2022 04:00:00;2850.51;2850.51;721.74;2850.51;2850.51
08.12.2022 04:00:00;08.12.2022 05:00:00;2909.44;2909.44;728.71;2909.44;2909.44
08.12.2022 05:00:00;08.12.2022 06:00:00;3166.07;3149.38;746.98;3166.07;3166.07
08.12.2022 06:00:00;08.12.2022 07:00:00;3468.54;3267.98;800.42;3468.54;3468.54
08.12.2022 07:00:00;08.12.2022 08:00:00;4291.87;3897.31;800.42;3975.25;3975.25
08.12.2022 08:00:00;08.12.2022 09:00:00;4223.43;3660.75;999.49;3764.77;3764.77
08.12.2022 09:00:00;08.12.2022 10:00:00;3696.34;2850.09;1331;3379.4;3379.4
08.12.2022 10:00:00;08.12.2022 11:00:00;3658.84;2536.32;893.77;3017.9;3017.9
08.12.2022 11:00:00;08.12.2022 12:00:00;4712.51;2508.12;990.83;2649.43;2649.43
08.12.2022 12:00:00;08.12.2022 13:00:00;4736.27;2247.79;951.86;2247.79;2247.79
08.12.2022 13:00:00;08.12.2022 14:00:00;4734.06;2091.49;1000.23;2091.49;2091.49
08.12.2022 14:00:00;08.12.2022 15:00:00;4427.47;2345.91;1198.77;2345.91;2345.91
08.12.2022 15:00:00;08.12.2022 16:00:00;4098.07;2404.84;1198.99;2404.84;2404.84
08.12.2022 16:00:00;08.12.2022 17:00:00;4147.39;2498.41;967.81;2498.41;2498.41
08.12.2022 17:00:00;08.12.2022 18:00:00;4223.43;2538.33;878.88;2538.33;2538.33
08.12.2022 18:00:00;08.12.2022 19:00:00;4850.33;2877.65;1000.12;2877.65;2877.65
08.12.2022 19:00:00;08.12.2022 20:00:00;4752.43;2959.81;1000.02;2959.81;2959.81
08.12.2022 20:00:00;08.12.2022 21:00:00;4129.65;2927.29;950.49;2927.29;2927.29
08.12.2022 21:00:00;08.12.2022 22:00:00;3727.17;2885.36;829.25;2977.13;2977.13
08.12.2022 22:00:00;08.12.2022 23:00:00;3384.05;3045.89;800.42;3045.89;3045.89
08.12.2022 23:00:00;09.12.2022 00:00:00;3023.18;2552.27;799.15;3018.01;3018.01
09.12.2022 00:00:00;09.12.2022 01:00:00;3433.17;2717.35;695.71;3433.17;3433.17
09.12.2022 01:00:00;09.12.2022 02:00:00;3149.66;2513.98;685.08;3149.66;3149.66
09.12.2022 02:00:00;09.12.2022 03:00:00;3085.84;2504.82;678.55;3085.84;3085.84
09.12.2022 03:00:00;09.12.2022 04:00:00;3046.03;2479.02;683.92;3046.03;3046.03
09.12.2022 04:00:00;09.12.2022 05:00:00;3102.69;2496.92;690.55;3102.69;3102.69
09.12.2022 05:00:00;09.12.2022 06:00:00;3270.99;2501.34;701.82;3270.99;3270.99
09.12.2022 06:00:00;09.12.2022 07:00:00;3797.35;2492.29;800.29;3369.04;3369.04
09.12.2022 07:00:00;09.12.2022 08:00:00;4795.85;2804.02;691.29;3127.76;3127.76
09.12.2022 08:00:00;09.12.2022 09:00:00;4995;3288.47;800.19;3288.47;3288.47
09.12.2022 09:00:00;09.12.2022 10:00:00;4999.32;3369.56;852.11;3369.56;3369.56
09.12.2022 10:00:00;09.12.2022 11:00:00;4963.83;3371.35;1500.64;3371.35;3371.35
09.12.2022 11:00:00;09.12.2022 12:00:00;5098.95;3378.83;1601.21;3378.83;3378.83
09.12.2022 12:00:00;09.12.2022 13:00:00;5066.72;3499.84;1650.08;3499.84;3499.84
09.12.2022 13:00:00;09.12.2022 14:00:00;4949.82;3382.41;1517.8;3382.41;3382.41
09.12.2022 14:00:00;09.12.2022 15:00:00;5017.64;3244.24;1654.29;3244.24;3244.24
09.12.2022 15:00:00;09.12.2022 16:00:00;4991;3145.14;1600.79;3145.14;3145.14
09.12.2022 16:00:00;09.12.2022 17:00:00;4881.15;3054.67;1583.84;3054.67;3054.67
09.12.2022 17:00:00;09.12.2022 18:00:00;5349.07;3082.89;1526.23;3082.89;3082.89
09.12.2022 18:00:00;09.12.2022 19:00:00;4986.05;3331.65;1251.25;3331.65;3331.65
09.12.2022 19:00:00;09.12.2022 20:00:00;4755.09;3369.35;1078.85;3369.35;3369.35
09.12.2022 20:00:00;09.12.2022 21:00:00;4633.87;3313.43;1201.12;3313.43;3313.43
09.12.2022 21:00:00;09.12.2022 22:00:00;3959.86;2753.89;850.84;2753.89;2753.89
09.12.2022 22:00:00;09.12.2022 23:00:00;3474.56;2901.96;828.09;2901.96;2901.96
09.12.2022 23:00:00;10.12.2022 00:00:00;3250.35;2821.29;801.13;2821.29;2821.29
10.12.2022 00:00:00;10.12.2022 01:00:00;3191.09;2690.17;1599.07;2690.17;2690.17
10.12.2022 01:00:00;10.12.2022 02:00:00;3124.9;2634.31;1599.18;2634.31;2634.31
10.12.2022 02:00:00;10.12.2022 03:00:00;2975.78;2627.15;1526.35;2627.15;2627.15
10.12.2022 03:00:00;10.12.2022 04:00:00;2938.57;2502.89;1499.16;2502.89;2502.89
10.12.2022 04:00:00;10.12.2022 05:00:00;2916.44;2559.7;1499.59;2559.7;2559.7
10.12.2022 05:00:00;10.12.2022 06:00:00;2953.64;2579.62;1199.23;2579.62;2579.62
10.12.2022 06:00:00;10.12.2022 07:00:00;3044.59;2424.8;1199.02;2424.8;2424.8
10.12.2022 07:00:00;10.12.2022 08:00:00;3225.44;2212.44;845.86;2212.44;2212.44
10.12.2022 08:00:00;10.12.2022 09:00:00;3626.45;2317.3;1599.18;2317.3;2317.3
10.12.2022 09:00:00;10.12.2022 10:00:00;3477.32;2372.95;1799.42;2372.95;2372.95
10.12.2022 10:00:00;10.12.2022 11:00:00;3468.79;2373.37;2106.84;2373.37;2373.37
10.12.2022 11:00:00;10.12.2022 12:00:00;3431.37;2375.16;2107.05;2375.16;2375.16
10.12.2022 12:00:00;10.12.2022 13:00:00;4039.15;2377.48;2107.37;2377.48;2377.48
10.12.2022 13:00:00;10.12.2022 14:00:00;3961.59;2353.03;2107.47;2353.03;2353.03
10.12.2022 14:00:00;10.12.2022 15:00:00;3973.92;2350.39;2107.47;2350.39;2350.39
10.12.2022 15:00:00;10.12.2022 16:00:00;4078.57;2412.47;2183.77;2412.47;2412.47
10.12.2022 16:00:00;10.12.2022 17:00:00;4300.73;2472.86;2120.96;2472.86;2472.86
10.12.2022 17:00:00;10.12.2022 18:00:00;4002.16;2498.15;2107.58;2498.15;2498.15
10.12.2022 18:00:00;10.12.2022 19:00:00;3899.51;2436.29;2106.73;2436.29;2436.29
10.12.2022 19:00:00;10.12.2022 20:00:00;3454.03;2530.19;2106.94;2530.19;2530.19
10.12.2022 20:00:00;10.12.2022 21:00:00;3161.58;2600.69;1999.97;2600.69;2600.69
10.12.2022 21:00:00;10.12.2022 22:00:00;3413.35;2530.08;1199.54;2530.08;2530.08
10.12.2022 22:00:00;10.12.2022 23:00:00;3242.3;2777.64;849.65;2777.64;2777.64
10.12.2022 23:00:00;11.12.2022 00:00:00;2970.72;2654.76;800.33;2654.76;2654.76
11.12.2022 00:00:00;11.12.2022 01:00:00;3127.14;3085.56;832.71;3085.56;3085.56
11.12.2022 01:00:00;11.12.2022 02:00:00;3047.05;2679.26;833.23;2679.26;2679.26
11.12.2022 02:00:00;11.12.2022 03:00:00;3048.11;2547.42;826.89;2547.42;2547.42
11.12.2022 03:00:00;11.12.2022 04:00:00;2883.47;2427.65;812.81;2427.65;2427.65
11.12.2022 04:00:00;11.12.2022 05:00:00;2840.09;2386.49;828.47;2386.49;2386.49
11.12.2022 05:00:00;11.12.2022 06:00:00;2848.76;2460.98;826.04;2460.98;2460.98
11.12.2022 06:00:00;11.12.2022 07:00:00;2972.98;2398.76;836.09;2398.76;2398.76
11.12.2022 07:00:00;11.12.2022 08:00:00;2959.76;2167.79;802.76;2167.79;2167.79
11.12.2022 08:00:00;11.12.2022 09:00:00;3101.11;2179.32;804.35;2179.32;2179.32
11.12.2022 09:00:00;11.12.2022 10:00:00;3386.8;2376.65;825.83;2376.65;2376.65
11.12.2022 10:00:00;11.12.2022 11:00:00;3455.15;2513.78;1091.3;2513.78;2513.78
11.12.2022 11:00:00;11.12.2022 12:00:00;3652.37;2566.47;1204.41;2566.47;2566.47
11.12.2022 12:00:00;11.12.2022 13:00:00;3679.04;2646.14;1506.07;2646.14;2646.14
11.12.2022 13:00:00;11.12.2022 14:00:00;3436;2663.07;2008.44;2663.07;2663.07
11.12.2022 14:00:00;11.12.2022 15:00:00;3473.77;2680.42;2115.62;2680.42;2680.42
11.12.2022 15:00:00;11.12.2022 16:00:00;3560.53;2606.25;2509.54;2606.25;2606.25
11.12.2022 16:00:00;11.12.2022 17:00:00;3826;2663.71;2509.65;2663.71;2663.71
11.12.2022 17:00:00;11.12.2022 18:00:00;4379.8;2656.09;2509.97;2656.09;2656.09
11.12.2022 18:00:00;11.12.2022 19:00:00;4550.26;2662.97;2509.76;2662.97;2662.97
11.12.2022 19:00:00;11.12.2022 20:00:00;4367.1;2543.51;2116.05;2543.51;2543.51
11.12.2022 20:00:00;11.12.2022 21:00:00;4062.8;2506.79;2115.2;2506.79;2506.79
11.12.2022 21:00:00;11.12.2022 22:00:00;3548.26;2477.06;2008.55;2477.06;2477.06
11.12.2022 22:00:00;11.12.2022 23:00:00;3426.58;2644.13;2115.2;2644.13;2644.13
11.12.2022 23:00:00;12.12.2022 00:00:00;3240.36;2537.58;1606.05;2537.58;2537.58
12.12.2022 00:00:00;12.12.2022 01:00:00;2964.52;2534.94;1505.75;2534.94;2534.94
12.12.2022 01:00:00;12.12.2022 02:00:00;2564.88;2549.54;1506.17;2549.54;2549.54
12.12.2022 02:00:00;12.12.2022 03:00:00;2539.38;2539.38;1204.83;2539.38;2539.38
12.12.2022 03:00:00;12.12.2022 04:00:00;2539.38;2539.38;1204.51;2539.38;2539.38
12.12.2022 04:00:00;12.12.2022 05:00:00;2539.38;2539.38;1506.17;2539.38;2539.38
12.12.2022 05:00:00;12.12.2022 06:00:00;2929.81;2648.89;2008.76;2804.96;2804.96
12.12.2022 06:00:00;12.12.2022 07:00:00;4050.53;2731.21;2731.21;2826.12;2826.12
12.12.2022 07:00:00;12.12.2022 08:00:00;5343.28;3506.99;3506.99;3506.99;3506.99
12.12.2022 08:00:00;12.12.2022 09:00:00;5630.34;4166.17;4166.17;4166.17;4166.17
12.12.2022 09:00:00;12.12.2022 10:00:00;5307.84;3769.08;3769.08;3769.08;3769.08
12.12.2022 10:00:00;12.12.2022 11:00:00;5348.26;3704.11;3704.11;3735.96;3735.96
12.12.2022 11:00:00;12.12.2022 12:00:00;5262.34;3346.8;3346.8;3346.8;3346.8
12.12.2022 12:00:00;12.12.2022 13:00:00;5184.04;3341.3;3341.3;3341.3;3341.3
12.12.2022 13:00:00;12.12.2022 14:00:00;5017.08;3354.63;3354.63;3354.63;3354.63
12.12.2022 14:00:00;12.12.2022 15:00:00;4761.34;3337.91;3337.91;3337.91;3337.91
12.12.2022 15:00:00;12.12.2022 16:00:00;4761.24;3334.95;3334.95;3334.95;3334.95
12.12.2022 16:00:00;12.12.2022 17:00:00;4761.34;3119.1;3119.1;3119.1;3119.1
12.12.2022 17:00:00;12.12.2022 18:00:00;5619.97;3141.85;2009.39;3141.85;3141.85
12.12.2022 18:00:00;12.12.2022 19:00:00;5040.25;3089.58;2008.86;3089.58;3089.58
12.12.2022 19:00:00;12.12.2022 20:00:00;4180.35;3071.7;2009.39;3071.7;3071.7
12.12.2022 20:00:00;12.12.2022 21:00:00;3385.95;3284.06;3272.52;3284.06;3284.06
12.12.2022 21:00:00;12.12.2022 22:00:00;3438.75;2546.37;2413.79;2546.37;2546.37
12.12.2022 22:00:00;12.12.2022 23:00:00;2673.02;2673.02;1606.58;2673.02;2673.02
12.12.2022 23:00:00;13.12.2022 00:00:00;2116.05;2116.05;1155.21;2116.05;2116.05
13.12.2022 00:00:00;13.12.2022 01:00:00;2906.5;2906.5;875.2;2906.5;2906.5
13.12.2022 01:00:00;13.12.2022 02:00:00;2753.47;2753.47;845.6;2753.47;2753.47
13.12.2022 02:00:00;13.12.2022 03:00:00;2585;2585;847.61;2585;2585
13.12.2022 03:00:00;13.12.2022 04:00:00;2569.15;2569.15;897.92;2569.15;2569.15
13.12.2022 04:00:00;13.12.2022 05:00:00;2876.28;2876.28;980.04;2876.28;2876.28
13.12.2022 05:00:00;13.12.2022 06:00:00;3243.65;3243.65;1062.58;3243.65;3243.65
13.12.2022 06:00:00;13.12.2022 07:00:00;3170.62;3170.62;1600;3170.62;3170.62
13.12.2022 07:00:00;13.12.2022 08:00:00;5281.19;4392.36;2773.23;4392.36;4392.36
13.12.2022 08:00:00;13.12.2022 09:00:00;5812.06;4689.76;3001.52;4689.76;4689.76
13.12.2022 09:00:00;13.12.2022 10:00:00;5847.57;4722.42;3699.58;4722.42;4722.42
13.12.2022 10:00:00;13.12.2022 11:00:00;5475.44;4752.54;4752.54;4752.54;4752.54
13.12.2022 11:00:00;13.12.2022 12:00:00;5338.89;4874.72;4874.72;4874.72;4874.72
13.12.2022 12:00:00;13.12.2022 13:00:00;5102.37;4954.4;4954.4;4954.4;4954.4
13.12.2022 13:00:00;13.12.2022 14:00:00;5348.09;5284.15;5284.15;5284.15;5284.15
13.12.2022 14:00:00;13.12.2022 15:00:00;5841.44;5284.25;5284.25;5284.25;5284.25
13.12.2022 15:00:00;13.12.2022 16:00:00;6026.81;5335.09;5335.09;5335.09;5335.09
13.12.2022 16:00:00;13.12.2022 17:00:00;6235.54;4866.79;4866.79;4866.79;4866.79
13.12.2022 17:00:00;13.12.2022 18:00:00;7028.3;4555.01;4555.01;4555.01;4555.01
13.12.2022 18:00:00;13.12.2022 19:00:00;6298.32;4537.05;4537.05;4537.05;4537.05
13.12.2022 19:00:00;13.12.2022 20:00:00;5523;4465.6;4465.6;4465.6;4465.6
13.12.2022 20:00:00;13.12.2022 21:00:00;4782.03;4443.62;4443.62;4443.62;4443.62
13.12.2022 21:00:00;13.12.2022 22:00:00;3739.11;3739.11;3000.88;3739.11;3739.11
13.12.2022 22:00:00;13.12.2022 23:00:00;3392.88;3392.88;2995.39;3392.88;3392.88
13.12.2022 23:00:00;14.12.2022 00:00:00;2991.79;2991.79;1525.7;2991.79;2991.79
14.12.2022 00:00:00;14.12.2022 01:00:00;2845.97;2845.97;1197.15;2845.97;2845.97
14.12.2022 01:00:00;14.12.2022 02:00:00;2831.11;2831.11;997.64;2831.11;2831.11
14.12.2022 02:00:00;14.12.2022 03:00:00;2812.47;2812.47;997.12;2812.47;2812.47
14.12.2022 03:00:00;14.12.2022 04:00:00;2909.93;2909.93;997.12;2909.93;2909.93
14.12.2022 04:00:00;14.12.2022 05:00:00;3140.1;2927.62;997.64;2927.62;2927.62
14.12.2022 05:00:00;14.12.2022 06:00:00;3257.55;3256.5;1197.15;3256.5;3256.5
14.12.2022 06:00:00;14.12.2022 07:00:00;3860.57;3860.57;1496.94;3860.57;3860.57
14.12.2022 07:00:00;14.12.2022 08:00:00;5181.03;5181.03;3663.68;5181.03;5181.03
14.12.2022 08:00:00;14.12.2022 09:00:00;5652.27;5652.27;1197.47;5652.27;5652.27
14.12.2022 09:00:00;14.12.2022 10:00:00;5963.46;5963.46;1995.5;5963.46;5963.46
14.12.2022 10:00:00;14.12.2022 11:00:00;5915.94;5915.94;1497.15;5915.94;5915.94
14.12.2022 11:00:00;14.12.2022 12:00:00;5945.57;5945.57;1196.84;5945.57;5945.57
14.12.2022 12:00:00;14.12.2022 13:00:00;5506.88;5506.88;1197.26;5506.88;5506.88
14.12.2022 13:00:00;14.12.2022 14:00:00;5398.33;5398.33;1496.94;5398.33;5398.33
14.12.2022 14:00:00;14.12.2022 15:00:00;5390.17;5390.17;1569.69;5390.17;5390.17
14.12.2022 15:00:00;14.12.2022 16:00:00;5532.31;5532.31;1496.31;5532.31;5532.31
14.12.2022 16:00:00;14.12.2022 17:00:00;5704.71;5704.71;1197.05;5704.71;5704.71
14.12.2022 17:00:00;14.12.2022 18:00:00;6175.74;6175.74;1127.44;6175.74;6175.74
14.12.2022 18:00:00;14.12.2022 19:00:00;5830.32;5830.32;1007.27;5830.32;5830.32
14.12.2022 19:00:00;14.12.2022 20:00:00;5448.99;5448.99;997.85;5448.99;5448.99
14.12.2022 20:00:00;14.12.2022 21:00:00;5107.02;5107.02;1496.31;5107.02;5107.02
14.12.2022 21:00:00;14.12.2022 22:00:00;4152.09;4152.09;1196.84;4152.09;4152.09
14.12.2022 22:00:00;14.12.2022 23:00:00;3681.58;3681.58;1508.97;3681.58;3681.58
14.12.2022 23:00:00;15.12.2022 00:00:00;3443.13;3443.13;1096.77;3443.13;3443.13
15.12.2022 00:00:00;15.12.2022 01:00:00;3114.24;3114.24;2072.32;3114.24;3114.24
15.12.2022 01:00:00;15.12.2022 02:00:00;3018.12;3018.12;2068.9;3018.12;3018.12
15.12.2022 02:00:00;15.12.2022 03:00:00;2901.02;2901.02;1498.78;2901.02;2901.02
15.12.2022 03:00:00;15.12.2022 04:00:00;2804.79;2804.79;1198.88;2804.79;2804.79
15.12.2022 04:00:00;15.12.2022 05:00:00;2845.8;2823.06;999.26;2823.06;2823.06
15.12.2022 05:00:00;15.12.2022 06:00:00;3009.09;2867.91;1039.95;2867.91;2867.91
15.12.2022 06:00:00;15.12.2022 07:00:00;3514.32;2185.58;1556.81;2185.58;2185.58
15.12.2022 07:00:00;15.12.2022 08:00:00;4557.69;2594.27;2594.27;2594.27;2594.27
15.12.2022 08:00:00;15.12.2022 09:00:00;5086.91;2768.46;2768.46;2768.46;2768.46
15.12.2022 09:00:00;15.12.2022 10:00:00;5083.07;2728.6;2595.31;2728.6;2728.6
15.12.2022 10:00:00;15.12.2022 11:00:00;4926.21;2714.58;1556.71;2714.58;2714.58
15.12.2022 11:00:00;15.12.2022 12:00:00;4699.91;2702.64;999.05;2702.64;2702.64
15.12.2022 12:00:00;15.12.2022 13:00:00;4258.1;2419.04;998.74;2419.04;2419.04
15.12.2022 13:00:00;15.12.2022 14:00:00;4116.3;2484.23;981.19;2484.23;2484.23
15.12.2022 14:00:00;15.12.2022 15:00:00;4723.79;2368.07;981.71;2368.07;2368.07
15.12.2022 15:00:00;15.12.2022 16:00:00;4878.25;2218.59;998.53;2218.59;2218.59
15.12.2022 16:00:00;15.12.2022 17:00:00;5035;2081.66;998.32;2081.66;2081.66
15.12.2022 17:00:00;15.12.2022 18:00:00;5190.4;1830.66;981.51;1830.66;1830.66
15.12.2022 18:00:00;15.12.2022 19:00:00;5189.47;1868.23;981.82;1868.23;1868.23
15.12.2022 19:00:00;15.12.2022 20:00:00;5040.19;1867.51;981.09;1867.51;1867.51
15.12.2022 20:00:00;15.12.2022 21:00:00;4566.52;1737.54;944.24;1737.54;1737.54
15.12.2022 21:00:00;15.12.2022 22:00:00;3817.23;1722.9;906.04;1722.9;1722.9
15.12.2022 22:00:00;15.12.2022 23:00:00;3497.81;1803.56;905.83;1803.56;1803.56
15.12.2022 23:00:00;16.12.2022 00:00:00;3170.2;1610.06;899.08;1610.06;1610.06
16.12.2022 00:00:00;16.12.2022 01:00:00;3081.29;1339.84;777.65;1339.84;1339.84
16.12.2022 01:00:00;16.12.2022 02:00:00;2996.23;1190.4;741.47;1190.4;1190.4
16.12.2022 02:00:00;16.12.2022 03:00:00;2913.76;1279.42;693.21;1279.42;1279.42
16.12.2022 03:00:00;16.12.2022 04:00:00;2811.22;1495.93;688.95;1495.93;1495.93
16.12.2022 04:00:00;16.12.2022 05:00:00;2938.3;1558.74;691.65;1558.74;1558.74
16.12.2022 05:00:00;16.12.2022 06:00:00;3081.81;1558.95;690.2;1558.95;1558.95
16.12.2022 06:00:00;16.12.2022 07:00:00;3614.67;1105.13;697.48;1105.13;1105.13
16.12.2022 07:00:00;16.12.2022 08:00:00;4889.93;1570.7;777.13;1570.7;1570.7
16.12.2022 08:00:00;16.12.2022 09:00:00;5651.88;1618.02;778.07;1618.02;1618.02
16.12.2022 09:00:00;16.12.2022 10:00:00;5875.67;1617.7;797.83;1617.7;1617.7
16.12.2022 10:00:00;16.12.2022 11:00:00;5686.3;1561.55;896.83;1561.55;1561.55
16.12.2022 11:00:00;16.12.2022 12:00:00;5692.75;1546.57;897.66;1546.57;1546.57
16.12.2022 12:00:00;16.12.2022 13:00:00;5180.17;1486.78;996.56;1486.78;1486.78
16.12.2022 13:00:00;16.12.2022 14:00:00;4932.67;1430.31;897.77;1430.31;1430.31
16.12.2022 14:00:00;16.12.2022 15:00:00;4863.82;1403.38;1038.05;1403.38;1403.38
16.12.2022 15:00:00;16.12.2022 16:00:00;4837.1;1344.62;1049.59;1344.62;1344.62
16.12.2022 16:00:00;16.12.2022 17:00:00;4976.55;1298.76;1050.11;1298.76;1298.76
16.12.2022 17:00:00;16.12.2022 18:00:00;4677.78;1136.95;1050.01;1136.95;1136.95
16.12.2022 18:00:00;16.12.2022 19:00:00;4462.31;1139.65;1043.46;1139.65;1139.65
16.12.2022 19:00:00;16.12.2022 20:00:00;4864.76;1078.3;997.08;1078.3;1078.3
16.12.2022 20:00:00;16.12.2022 21:00:00;3174.99;1031.6;897.45;1031.6;1031.6
16.12.2022 21:00:00;16.12.2022 22:00:00;3118.83;1057.19;797.72;1057.19;1057.19
16.12.2022 22:00:00;16.12.2022 23:00:00;2495.82;1088.9;785.97;1088.9;1088.9
16.12.2022 23:00:00;17.12.2022 00:00:00;1090.15;1090.15;748.12;1090.15;1090.15
17.12.2022 00:00:00;17.12.2022 01:00:00;2100.59;1175.49;779.64;1175.49;1175.49
17.12.2022 01:00:00;17.12.2022 02:00:00;1785.5;1182.11;749.49;1182.11;1182.11
17.12.2022 02:00:00;17.12.2022 03:00:00;1319.07;1162.26;683.22;1162.26;1162.26
17.12.2022 03:00:00;17.12.2022 04:00:00;1351.94;1218.34;656.44;1218.34;1218.34
17.12.2022 04:00:00;17.12.2022 05:00:00;1785.61;1259.73;662.84;1259.73;1259.73
17.12.2022 05:00:00;17.12.2022 06:00:00;2099.23;1230.84;679.65;1230.84;1230.84
17.12.2022 06:00:00;17.12.2022 07:00:00;1785.5;1045.68;707.59;1045.68;1045.68
17.12.2022 07:00:00;17.12.2022 08:00:00;2205.73;1133.38;899.89;1133.38;1133.38
17.12.2022 08:00:00;17.12.2022 09:00:00;2095.66;1161.84;999.67;1161.84;1161.84
17.12.2022 09:00:00;17.12.2022 10:00:00;2114.46;1329.26;1060.38;1329.26;1329.26
17.12.2022 10:00:00;17.12.2022 11:00:00;1936.33;1362.24;1142.72;1362.24;1362.24
17.12.2022 11:00:00;17.12.2022 12:00:00;1785.61;1322.22;1143.46;1322.22;1322.22
17.12.2022 12:00:00;17.12.2022 13:00:00;2153.21;1211.73;1199.65;1211.73;1211.73
17.12.2022 13:00:00;17.12.2022 14:00:00;2520.61;1220.02;1199.86;1220.02;1220.02
17.12.2022 14:00:00;17.12.2022 15:00:00;2625.43;1363.29;1363.29;1363.29;1363.29
17.12.2022 15:00:00;17.12.2022 16:00:00;2656.73;1336.92;1336.92;1336.92;1336.92
17.12.2022 16:00:00;17.12.2022 17:00:00;2802.82;1349;1349;1349;1349
17.12.2022 17:00:00;17.12.2022 18:00:00;2765.75;1362.13;1362.13;1362.13;1362.13
17.12.2022 18:00:00;17.12.2022 19:00:00;2638.45;1200.59;1200.59;1200.59;1200.59
17.12.2022 19:00:00;17.12.2022 20:00:00;2541.72;1258.89;1199.54;1258.89;1258.89
17.12.2022 20:00:00;17.12.2022 21:00:00;2427.34;1254.37;1143.67;1254.37;1254.37
17.12.2022 21:00:00;17.12.2022 22:00:00;2415.58;1302.47;1060.06;1302.47;1302.47
17.12.2022 22:00:00;17.12.2022 23:00:00;2076.65;1259.73;1022.25;1438.8;1438.8
17.12.2022 23:00:00;18.12.2022 00:00:00;1933.18;1127.39;907.56;1456.24;1456.24
18.12.2022 00:00:00;18.12.2022 01:00:00;1780.93;1042.42;779.74;1387.23;1387.23
18.12.2022 01:00:00;18.12.2022 02:00:00;1684.53;1032.77;693.83;1072.84;1072.84
18.12.2022 02:00:00;18.12.2022 03:00:00;1635.43;951.78;620.92;951.78;951.78
18.12.2022 03:00:00;18.12.2022 04:00:00;1394.16;884.96;598.15;884.96;884.96
18.12.2022 04:00:00;18.12.2022 05:00:00;1411.36;817.72;591.23;817.72;817.72
18.12.2022 05:00:00;18.12.2022 06:00:00;1629.66;734.74;585.25;734.74;734.74
18.12.2022 06:00:00;18.12.2022 07:00:00;1332.89;843;597.53;843;843
18.12.2022 07:00:00;18.12.2022 08:00:00;1799.39;826.21;600.04;826.21;826.21
18.12.2022 08:00:00;18.12.2022 09:00:00;2098.05;823.17;619.97;823.17;823.17
18.12.2022 09:00:00;18.12.2022 10:00:00;1819.64;843.84;653.23;843.84;843.84
18.12.2022 10:00:00;18.12.2022 11:00:00;2116.83;889.47;680.92;889.47;889.47
18.12.2022 11:00:00;18.12.2022 12:00:00;2048.54;948.11;691.83;948.11;948.11
18.12.2022 12:00:00;18.12.2022 13:00:00;1949.09;966.57;693.09;966.57;966.57
18.12.2022 13:00:00;18.12.2022 14:00:00;2297.79;962.9;696.87;962.9;962.9
18.12.2022 14:00:00;18.12.2022 15:00:00;2196.35;909.72;742.4;909.72;909.72
18.12.2022 15:00:00;18.12.2022 16:00:00;1911.43;817.61;779.53;817.61;817.61
18.12.2022 16:00:00;18.12.2022 17:00:00;1806;763.06;763.06;763.06;763.06
18.12.2022 17:00:00;18.12.2022 18:00:00;2142.95;692.25;692.25;692.25;692.25
18.12.2022 18:00:00;18.12.2022 19:00:00;2314.68;683.55;683.55;683.55;683.55
18.12.2022 19:00:00;18.12.2022 20:00:00;2185.02;641.9;641.9;641.9;641.9
18.12.2022 20:00:00;18.12.2022 21:00:00;1363.94;629.52;629.52;629.52;629.52
18.12.2022 21:00:00;18.12.2022 22:00:00;1710.75;597.11;597.11;597.11;597.11
18.12.2022 22:00:00;18.12.2022 23:00:00;1371.71;565.74;565.74;565.74;565.74
18.12.2022 23:00:00;19.12.2022 00:00:00;1082.8;535.11;535.11;535.11;535.11
19.12.2022 00:00:00;19.12.2022 01:00:00;583.68;583.68;583.68;583.68;583.68
19.12.2022 01:00:00;19.12.2022 02:00:00;631.51;631.51;608.02;631.51;631.51
19.12.2022 02:00:00;19.12.2022 03:00:00;614.83;628.58;614.83;614.83;614.83
19.12.2022 03:00:00;19.12.2022 04:00:00;623.86;694.14;623.86;623.86;623.86
19.12.2022 04:00:00;19.12.2022 05:00:00;761.38;799.78;700.02;761.38;761.38
19.12.2022 05:00:00;19.12.2022 06:00:00;1144.59;842.16;805.44;805.44;805.44
19.12.2022 06:00:00;19.12.2022 07:00:00;1839.57;794.43;794.43;794.43;794.43
19.12.2022 07:00:00;19.12.2022 08:00:00;2517.98;833.14;833.14;833.14;833.14
19.12.2022 08:00:00;19.12.2022 09:00:00;2618.05;929.54;929.54;929.54;929.54
19.12.2022 09:00:00;19.12.2022 10:00:00;2482.62;991.22;991.22;991.22;991.22
19.12.2022 10:00:00;19.12.2022 11:00:00;2077.39;1031.19;1031.19;1031.19;1031.19
19.12.2022 11:00:00;19.12.2022 12:00:00;2517.56;1058.68;1058.68;1058.68;1058.68
19.12.2022 12:00:00;19.12.2022 13:00:00;2608.93;1058.99;1058.99;1058.99;1058.99
19.12.2022 13:00:00;19.12.2022 14:00:00;2578.51;1162.11;1162.11;1162.11;1162.11
19.12.2022 14:00:00;19.12.2022 15:00:00;2616.59;1199.46;1199.46;1199.46;1199.46
19.12.2022 15:00:00;19.12.2022 16:00:00;2610.08;1184.14;1184.14;1225.26;1225.26
19.12.2022 16:00:00;19.12.2022 17:00:00;2612.28;1161.9;1161.9;1403.7;1403.7
19.12.2022 17:00:00;19.12.2022 18:00:00;2610.5;1063.4;1063.4;1410.1;1410.1
19.12.2022 18:00:00;19.12.2022 19:00:00;2610.5;1045.25;1045.25;1236.28;1236.28
19.12.2022 19:00:00;19.12.2022 20:00:00;2474.55;1034.97;1034.97;1185.08;1185.08
19.12.2022 20:00:00;19.12.2022 21:00:00;2517.56;1005.18;1005.18;1192.74;1192.74
19.12.2022 21:00:00;19.12.2022 22:00:00;2604.52;989.76;989.76;1363;1363
19.12.2022 22:00:00;19.12.2022 23:00:00;1795.41;1029.51;829.46;1407.16;1407.16
19.12.2022 23:00:00;20.12.2022 00:00:00;1259.46;998.99;682.92;1259.46;1259.46
20.12.2022 00:00:00;20.12.2022 01:00:00;1665.63;1136.22;691.77;1136.22;1136.22
20.12.2022 01:00:00;20.12.2022 02:00:00;1506.73;970.5;657.64;970.5;970.5
20.12.2022 02:00:00;20.12.2022 03:00:00;1462.2;970.92;626.55;970.92;970.92
20.12.2022 03:00:00;20.12.2022 04:00:00;1271.69;801.83;626.87;801.83;801.83
20.12.2022 04:00:00;20.12.2022 05:00:00;1271.69;860.54;635.48;860.54;860.54
20.12.2022 05:00:00;20.12.2022 06:00:00;1349.51;1041.91;635.69;1041.91;1041.91
20.12.2022 06:00:00;20.12.2022 07:00:00;2389.74;938.04;683.05;1575.2;1575.2
20.12.2022 07:00:00;20.12.2022 08:00:00;2097.05;1020.07;800.57;1707;1707
20.12.2022 08:00:00;20.12.2022 09:00:00;2346.16;1054.09;969.87;1439.94;1439.94
20.12.2022 09:00:00;20.12.2022 10:00:00;2364.43;1038.44;847.83;1574.57;1574.57
20.12.2022 10:00:00;20.12.2022 11:00:00;2314.34;1018.17;801.2;1547.27;1547.27
20.12.2022 11:00:00;20.12.2022 12:00:00;2387.54;945.29;850.67;1556.41;1556.41
20.12.2022 12:00:00;20.12.2022 13:00:00;2302.37;943.72;822;1173.19;1173.19
20.12.2022 13:00:00;20.12.2022 14:00:00;2270.76;998.12;840.58;1461.05;1461.05
20.12.2022 14:00:00;20.12.2022 15:00:00;2396.36;1025.42;991.29;1666.47;1666.47
20.12.2022 15:00:00;20.12.2022 16:00:00;2363.07;1076.04;991.39;2327.99;2327.99
20.12.2022 16:00:00;20.12.2022 17:00:00;2390.79;1215.3;990.87;2390.79;2390.79
20.12.2022 17:00:00;20.12.2022 18:00:00;2404.87;1349.51;834.49;2404.87;2404.87
20.12.2022 18:00:00;20.12.2022 19:00:00;2462;1374.19;824.83;2462;2462
20.12.2022 19:00:00;20.12.2022 20:00:00;2415.47;1605.13;801.2;2415.47;2415.47
20.12.2022 20:00:00;20.12.2022 21:00:00;2396.99;1378.29;800.89;2396.99;2396.99
20.12.2022 21:00:00;20.12.2022 22:00:00;2352.25;1295.95;790.6;2352.25;2352.25
20.12.2022 22:00:00;20.12.2022 23:00:00;2149.56;1960.1;760.45;2149.56;2149.56
20.12.2022 23:00:00;21.12.2022 00:00:00;1789.24;1789.24;699.12;1789.24;1789.24
21.12.2022 00:00:00;21.12.2022 01:00:00;1865.5;1865.5;621.66;1865.5;1865.5
21.12.2022 01:00:00;21.12.2022 02:00:00;1834.22;1834.22;614;1834.22;1834.22
21.12.2022 02:00:00;21.12.2022 03:00:00;1832.96;1832.96;602.03;1832.96;1832.96
21.12.2022 03:00:00;21.12.2022 04:00:00;1762.54;1762.54;601.4;1762.54;1762.54
21.12.2022 04:00:00;21.12.2022 05:00:00;1773.35;1773.35;615.26;1773.35;1773.35
21.12.2022 05:00:00;21.12.2022 06:00:00;1889.22;1889.01;682.64;1889.01;1889.01
21.12.2022 06:00:00;21.12.2022 07:00:00;2871.93;1264.94;807.43;2258.56;2258.56
21.12.2022 07:00:00;21.12.2022 08:00:00;3192.68;1631.03;1001.29;2539.01;2539.01
21.12.2022 08:00:00;21.12.2022 09:00:00;3141.04;1889.54;1097.74;2414;2414
21.12.2022 09:00:00;21.12.2022 10:00:00;3148.6;1962.69;1200.49;2382.1;2382.1
21.12.2022 10:00:00;21.12.2022 11:00:00;3148.7;1894.47;1200.7;2422.82;2422.82
21.12.2022 11:00:00;21.12.2022 12:00:00;3148.7;1647.19;1573.41;2525.89;2525.89
21.12.2022 12:00:00;21.12.2022 13:00:00;3149.65;1564.48;1501.41;2430.27;2430.27
21.12.2022 13:00:00;21.12.2022 14:00:00;3148.6;1445.57;1445.57;2342.32;2342.32
21.12.2022 14:00:00;21.12.2022 15:00:00;3148.6;1383.75;1383.75;2366.88;2366.88
21.12.2022 15:00:00;21.12.2022 16:00:00;3166.54;1361.71;1361.71;2379.79;2379.79
21.12.2022 16:00:00;21.12.2022 17:00:00;3148.7;1360.24;1360.24;2359.32;2359.32
21.12.2022 17:00:00;21.12.2022 18:00:00;3025.06;1284.98;1200.28;2365.83;2365.83
21.12.2022 18:00:00;21.12.2022 19:00:00;2555.91;1260.53;1097.64;2428.91;2428.91
21.12.2022 19:00:00;21.12.2022 20:00:00;2440.03;1246.26;1097.32;2370.03;2370.03
21.12.2022 20:00:00;21.12.2022 21:00:00;2216.58;1260.22;1097.22;2216.58;2216.58
21.12.2022 21:00:00;21.12.2022 22:00:00;1981.48;1260.74;1021.12;1972.24;1972.24
21.12.2022 22:00:00;21.12.2022 23:00:00;1794.76;1790.35;991.63;1790.35;1790.35
21.12.2022 23:00:00;22.12.2022 00:00:00;1470.34;1470.34;989.95;1470.34;1470.34
22.12.2022 00:00:00;22.12.2022 01:00:00;1659.81;1617.67;1018.75;1617.67;1617.67
22.12.2022 01:00:00;22.12.2022 02:00:00;1529.64;1518.69;998.93;1518.69;1518.69
22.12.2022 02:00:00;22.12.2022 03:00:00;1462.26;1462.26;997.06;1462.26;1462.26
22.12.2022 03:00:00;22.12.2022 04:00:00;1420.43;1381.11;986.94;1381.11;1381.11
22.12.2022 04:00:00;22.12.2022 05:00:00;1389.77;1337.41;986.83;1337.41;1337.41
22.12.2022 05:00:00;22.12.2022 06:00:00;1891.37;1626.33;986.63;1626.33;1626.33
22.12.2022 06:00:00;22.12.2022 07:00:00;2503.23;1917.76;997.06;1917.76;1917.76
22.12.2022 07:00:00;22.12.2022 08:00:00;2407.89;2287.73;1058.49;2287.73;2287.73
22.12.2022 08:00:00;22.12.2022 09:00:00;2419.89;2296.18;1078.1;2296.18;2296.18
22.12.2022 09:00:00;22.12.2022 10:00:00;2312.35;2069.11;1078.41;2069.11;2069.11
22.12.2022 10:00:00;22.12.2022 11:00:00;2346.14;1928.4;1730.95;1928.4;1928.4
22.12.2022 11:00:00;22.12.2022 12:00:00;2393.81;1840.99;1831.08;1840.99;1840.99
22.12.2022 12:00:00;22.12.2022 13:00:00;2357.93;1793.53;1077.68;1793.53;1793.53
22.12.2022 13:00:00;22.12.2022 14:00:00;2331.65;1702.79;1078.41;1702.79;1702.79
22.12.2022 14:00:00;22.12.2022 15:00:00;2337.8;1663.36;1081.34;1663.36;1663.36
22.12.2022 15:00:00;22.12.2022 16:00:00;2295.45;1644.17;1078.1;1644.17;1644.17
22.12.2022 16:00:00;22.12.2022 17:00:00;2359.49;1566.25;1018.44;1566.25;1566.25
22.12.2022 17:00:00;22.12.2022 18:00:00;2243.4;1497.51;998.2;1497.51;1497.51
22.12.2022 18:00:00;22.12.2022 19:00:00;2396.63;1480.41;996.74;1480.41;1480.41
22.12.2022 19:00:00;22.12.2022 20:00:00;2315.69;1456.63;986.94;1456.63;1456.63
22.12.2022 20:00:00;22.12.2022 21:00:00;2111.25;1618.09;996.22;1618.09;1618.09
22.12.2022 21:00:00;22.12.2022 22:00:00;1923.6;1572.09;986.73;1572.09;1572.09
22.12.2022 22:00:00;22.12.2022 23:00:00;1793.12;1450.06;987.04;1450.06;1450.06
22.12.2022 23:00:00;23.12.2022 00:00:00;1356.08;1110.75;854.37;1110.75;1110.75
23.12.2022 00:00:00;23.12.2022 01:00:00;1557.24;838.29;801.18;838.29;838.29
23.12.2022 01:00:00;23.12.2022 02:00:00;1546.02;789.12;789.12;789.12;789.12
23.12.2022 02:00:00;23.12.2022 03:00:00;1521.8;761.57;760.01;761.57;761.57
23.12.2022 03:00:00;23.12.2022 04:00:00;1433.23;761.47;699.51;761.47;761.47
23.12.2022 04:00:00;23.12.2022 05:00:00;1465.76;801.08;695.35;801.08;801.08
23.12.2022 05:00:00;23.12.2022 06:00:00;1762.76;878.31;693.17;878.31;878.31
23.12.2022 06:00:00;23.12.2022 07:00:00;2243.87;873.22;800.87;873.22;873.22
23.12.2022 07:00:00;23.12.2022 08:00:00;2737.55;918.23;918.23;918.23;918.23
23.12.2022 08:00:00;23.12.2022 09:00:00;2494.92;905.55;905.55;905.55;905.55
23.12.2022 09:00:00;23.12.2022 10:00:00;2494.81;913.24;913.24;913.24;913.24
23.12.2022 10:00:00;23.12.2022 11:00:00;2339.92;885.07;885.07;885.07;885.07
23.12.2022 11:00:00;23.12.2022 12:00:00;2494.81;870.73;870.73;870.73;870.73
23.12.2022 12:00:00;23.12.2022 13:00:00;2316.43;867.61;867.61;867.61;867.61
23.12.2022 13:00:00;23.12.2022 14:00:00;2349.38;854.51;854.51;854.51;854.51
23.12.2022 14:00:00;23.12.2022 15:00:00;2327.55;844.43;844.43;844.43;844.43
23.12.2022 15:00:00;23.12.2022 16:00:00;2262.16;840.58;840.58;840.58;840.58
23.12.2022 16:00:00;23.12.2022 17:00:00;2308.42;829.87;829.87;829.87;829.87
23.12.2022 17:00:00;23.12.2022 18:00:00;2224.84;777.37;777.37;777.37;777.37
23.12.2022 18:00:00;23.12.2022 19:00:00;2182.33;756.17;756.17;756.17;756.17
23.12.2022 19:00:00;23.12.2022 20:00:00;2062.88;728.2;728.2;728.2;728.2
23.12.2022 20:00:00;23.12.2022 21:00:00;1885.12;731.63;730.91;731.63;731.63
23.12.2022 21:00:00;23.12.2022 22:00:00;1618.99;793.07;692.03;793.07;793.07
23.12.2022 22:00:00;23.12.2022 23:00:00;1546.23;823.74;676.12;823.74;823.74
23.12.2022 23:00:00;24.12.2022 00:00:00;1246.42;800.87;611.36;800.87;800.87
24.12.2022 00:00:00;24.12.2022 01:00:00;836.62;713.41;695.71;713.41;713.41
24.12.2022 01:00:00;24.12.2022 02:00:00;527.6;527.6;527.6;527.6;527.6
24.12.2022 02:00:00;24.12.2022 03:00:00;523.41;523.41;523.41;523.41;523.41
24.12.2022 03:00:00;24.12.2022 04:00:00;348.8;348.8;348.8;348.8;348.8
24.12.2022 04:00:00;24.12.2022 05:00:00;386.17;386.17;386.17;386.17;386.17
24.12.2022 05:00:00;24.12.2022 06:00:00;507.5;507.5;507.5;507.5;507.5
24.12.2022 06:00:00;24.12.2022 07:00:00;602.23;602.23;602.23;602.23;602.23
24.12.2022 07:00:00;24.12.2022 08:00:00;1027.97;682.73;682.73;682.73;682.73
24.12.2022 08:00:00;24.12.2022 09:00:00;1279.21;710.27;710.27;710.27;710.27
24.12.2022 09:00:00;24.12.2022 10:00:00;1164.37;733.61;733.61;733.61;733.61
24.12.2022 10:00:00;24.12.2022 11:00:00;1131.71;746.8;746.8;746.8;746.8
24.12.2022 11:00:00;24.12.2022 12:00:00;1146.79;753.71;753.71;753.71;753.71
24.12.2022 12:00:00;24.12.2022 13:00:00;1164.48;754.13;754.13;754.13;754.13
24.12.2022 13:00:00;24.12.2022 14:00:00;1143.23;756.43;756.43;756.43;756.43
24.12.2022 14:00:00;24.12.2022 15:00:00;1150.24;773.39;773.39;773.39;773.39
24.12.2022 15:00:00;24.12.2022 16:00:00;920.99;775.8;775.8;775.8;775.8
24.12.2022 16:00:00;24.12.2022 17:00:00;778.31;778.31;778.31;778.31;778.31
24.12.2022 17:00:00;24.12.2022 18:00:00;753.18;753.18;753.18;753.18;753.18
24.12.2022 18:00:00;24.12.2022 19:00:00;732.77;732.77;732.77;732.77;732.77
24.12.2022 19:00:00;24.12.2022 20:00:00;756.12;756.12;756.12;756.12;756.12
24.12.2022 20:00:00;24.12.2022 21:00:00;756.74;756.74;756.74;756.74;756.74
24.12.2022 21:00:00;24.12.2022 22:00:00;1057.18;793.59;793.59;793.59;793.59
24.12.2022 22:00:00;24.12.2022 23:00:00;1118;802.59;802.59;802.59;802.59
24.12.2022 23:00:00;25.12.2022 00:00:00;826.99;806.78;806.78;806.78;806.78
25.12.2022 00:00:00;25.12.2022 01:00:00;712.01;793.98;712.01;712.01;793.98
25.12.2022 01:00:00;25.12.2022 02:00:00;683.01;801.52;643.75;683.01;801.52
25.12.2022 02:00:00;25.12.2022 03:00:00;682.9;815.02;596.95;682.9;815.02
25.12.2022 03:00:00;25.12.2022 04:00:00;705.31;825.28;563.66;705.31;825.28
25.12.2022 04:00:00;25.12.2022 05:00:00;740.06;825.07;551.3;740.06;825.07
25.12.2022 05:00:00;25.12.2022 06:00:00;839.63;839.63;534.03;839.63;839.63
25.12.2022 06:00:00;25.12.2022 07:00:00;801.62;801.62;571.93;801.62;801.62
25.12.2022 07:00:00;25.12.2022 08:00:00;803.3;803.3;591.4;803.3;803.3
25.12.2022 08:00:00;25.12.2022 09:00:00;1152.65;793.14;597.37;793.14;793.14
25.12.2022 09:00:00;25.12.2022 10:00:00;1185.94;784.77;601.98;784.77;784.77
25.12.2022 10:00:00;25.12.2022 11:00:00;1252.11;772.94;623.65;772.94;772.94
25.12.2022 11:00:00;25.12.2022 12:00:00;1270.53;775.76;612.65;775.76;775.76
25.12.2022 12:00:00;25.12.2022 13:00:00;1057.49;775.34;597.79;775.34;775.34
25.12.2022 13:00:00;25.12.2022 14:00:00;1000.85;769.69;597.68;769.69;769.69
25.12.2022 14:00:00;25.12.2022 15:00:00;972.48;759.75;576.01;759.75;759.75
25.12.2022 15:00:00;25.12.2022 16:00:00;1152.44;758.07;562.3;758.07;758.07
25.12.2022 16:00:00;25.12.2022 17:00:00;1182.07;750.74;597.16;750.74;750.74
25.12.2022 17:00:00;25.12.2022 18:00:00;1365.39;742.89;597.37;742.89;742.89
25.12.2022 18:00:00;25.12.2022 19:00:00;1260.28;736.82;597.26;736.82;736.82
25.12.2022 19:00:00;25.12.2022 20:00:00;1124.91;719.86;597.16;719.86;719.86
25.12.2022 20:00:00;25.12.2022 21:00:00;656;656;596.85;656;656
25.12.2022 21:00:00;25.12.2022 22:00:00;643.54;643.54;571.2;643.54;643.54
25.12.2022 22:00:00;25.12.2022 23:00:00;532.88;532.88;532.88;532.88;532.88
25.12.2022 23:00:00;26.12.2022 00:00:00;336.16;336.16;336.16;336.16;336.16
26.12.2022 00:00:00;26.12.2022 01:00:00;298.16;298.16;298.16;298.16;298.16
26.12.2022 01:00:00;26.12.2022 02:00:00;309.78;309.78;309.78;309.78;309.78
26.12.2022 02:00:00;26.12.2022 03:00:00;276.07;276.07;276.07;276.07;276.07
26.12.2022 03:00:00;26.12.2022 04:00:00;222.99;248.12;248.12;222.99;222.99
26.12.2022 04:00:00;26.12.2022 05:00:00;187.4;253.35;253.35;187.4;187.4
26.12.2022 05:00:00;26.12.2022 06:00:00;170.96;258.27;258.27;170.96;170.96
26.12.2022 06:00:00;26.12.2022 07:00:00;189.6;260.68;260.68;189.6;189.6
26.12.2022 07:00:00;26.12.2022 08:00:00;243.83;263.61;263.61;243.83;243.83
26.12.2022 08:00:00;26.12.2022 09:00:00;395.21;395.21;395.21;395.21;395.21
26.12.2022 09:00:00;26.12.2022 10:00:00;499.8;499.8;495.61;499.8;499.8
26.12.2022 10:00:00;26.12.2022 11:00:00;556.75;556.75;498.54;556.75;556.75
26.12.2022 11:00:00;26.12.2022 12:00:00;498.65;499.06;498.65;498.65;499.06
26.12.2022 12:00:00;26.12.2022 13:00:00;488.7;488.7;488.7;488.7;488.7
26.12.2022 13:00:00;26.12.2022 14:00:00;313.97;313.97;313.97;313.97;313.97
26.12.2022 14:00:00;26.12.2022 15:00:00;341.71;341.71;341.71;341.71;341.71
26.12.2022 15:00:00;26.12.2022 16:00:00;355.85;355.85;355.85;355.85;355.85
26.12.2022 16:00:00;26.12.2022 17:00:00;498.65;498.65;498.65;498.65;498.65
26.12.2022 17:00:00;26.12.2022 18:00:00;518.12;518.12;498.85;518.12;518.12
26.12.2022 18:00:00;26.12.2022 19:00:00;533.4;533.4;498.85;533.4;533.4
26.12.2022 19:00:00;26.12.2022 20:00:00;498.96;498.96;498.85;498.96;498.96
26.12.2022 20:00:00;26.12.2022 21:00:00;498.54;498.54;498.54;498.54;498.54
26.12.2022 21:00:00;26.12.2022 22:00:00;461.06;461.06;461.06;461.06;461.06
26.12.2022 22:00:00;26.12.2022 23:00:00;310.72;310.72;310.72;310.72;310.72
26.12.2022 23:00:00;27.12.2022 00:00:00;203.94;255.66;255.66;203.94;203.94
27.12.2022 00:00:00;27.12.2022 01:00:00;208.75;268.64;268.64;208.75;208.75
27.12.2022 01:00:00;27.12.2022 02:00:00;104.48;258.59;258.59;104.48;104.48
27.12.2022 02:00:00;27.12.2022 03:00:00;59.57;252.31;252.31;59.57;59.57
27.12.2022 03:00:00;27.12.2022 04:00:00;52.35;240.89;240.89;52.35;52.35
27.12.2022 04:00:00;27.12.2022 05:00:00;119.98;207.18;207.18;119.98;119.98
27.12.2022 05:00:00;27.12.2022 06:00:00;205.09;232.1;232.1;205.09;205.09
27.12.2022 06:00:00;27.12.2022 07:00:00;318.47;318.47;318.47;318.47;318.47
27.12.2022 07:00:00;27.12.2022 08:00:00;733.15;701.75;464.62;733.15;733.15
27.12.2022 08:00:00;27.12.2022 09:00:00;851.98;704.36;469.12;851.98;851.98
27.12.2022 09:00:00;27.12.2022 10:00:00;996.66;713.16;472.47;996.66;996.66
27.12.2022 10:00:00;27.12.2022 11:00:00;980.23;712.01;475.61;980.23;980.23
27.12.2022 11:00:00;27.12.2022 12:00:00;1151.5;709.7;475.82;1107.84;1107.84
27.12.2022 12:00:00;27.12.2022 13:00:00;1312.52;714.52;476.97;1127.84;1127.84
27.12.2022 13:00:00;27.12.2022 14:00:00;1245.41;722.48;477.5;1134.85;1134.85
27.12.2022 14:00:00;27.12.2022 15:00:00;1456.05;766.45;476.97;1140.61;1140.61
27.12.2022 15:00:00;27.12.2022 16:00:00;1558.33;825.91;475.3;1327.7;1327.7
27.12.2022 16:00:00;27.12.2022 17:00:00;1547.44;841.93;474.36;1203.32;1203.32
27.12.2022 17:00:00;27.12.2022 18:00:00;1661.35;825.49;472.05;1015.72;1015.72
27.12.2022 18:00:00;27.12.2022 19:00:00;1682.7;791.15;470.06;791.15;791.15
27.12.2022 19:00:00;27.12.2022 20:00:00;1640.62;760.37;470.06;760.37;760.37
27.12.2022 20:00:00;27.12.2022 21:00:00;1544.83;739.44;467.87;739.44;739.44
27.12.2022 21:00:00;27.12.2022 22:00:00;1348.43;717.97;463.36;717.97;717.97
27.12.2022 22:00:00;27.12.2022 23:00:00;1131.3;697.35;446.51;697.35;697.35
27.12.2022 23:00:00;28.12.2022 00:00:00;888.52;663.01;425.99;663.01;663.01
28.12.2022 00:00:00;28.12.2022 01:00:00;524.63;524.63;350.59;524.63;524.63
28.12.2022 01:00:00;28.12.2022 02:00:00;486.45;382.8;347.55;347.55;347.55
28.12.2022 02:00:00;28.12.2022 03:00:00;423.08;527.57;360.98;360.98;360.98
28.12.2022 03:00:00;28.12.2022 04:00:00;680.63;683.35;354.89;354.89;354.89
28.12.2022 04:00:00;28.12.2022 05:00:00;1076.22;787.52;467.35;467.35;467.35
28.12.2022 05:00:00;28.12.2022 06:00:00;1111.37;819.52;473.02;548.66;548.66
28.12.2022 06:00:00;28.12.2022 07:00:00;1364.61;830.54;500.08;653.04;653.04
28.12.2022 07:00:00;28.12.2022 08:00:00;1468.15;811.76;522.43;682.93;682.93
28.12.2022 08:00:00;28.12.2022 09:00:00;1783.39;773.78;606.14;732.24;732.24
28.12.2022 09:00:00;28.12.2022 10:00:00;1513.26;730.35;682.41;730.35;730.35
28.12.2022 10:00:00;28.12.2022 11:00:00;920.13;734.97;734.97;734.97;734.97
28.12.2022 11:00:00;28.12.2022 12:00:00;937.33;737.28;737.28;737.28;737.28
28.12.2022 12:00:00;28.12.2022 13:00:00;1112.84;758.47;758.47;758.47;758.47
28.12.2022 13:00:00;28.12.2022 14:00:00;1306.49;796.97;796.97;796.97;796.97
28.12.2022 14:00:00;28.12.2022 15:00:00;1453.57;823.3;823.3;823.3;823.3
28.12.2022 15:00:00;28.12.2022 16:00:00;1573.69;1039.19;947.51;1039.19;1039.19
28.12.2022 16:00:00;28.12.2022 17:00:00;1646.49;1198.65;629.33;1198.65;1198.65
28.12.2022 17:00:00;28.12.2022 18:00:00;1493.43;1263.69;522.64;1263.69;1263.69
28.12.2022 18:00:00;28.12.2022 19:00:00;1573.58;1257.82;502.08;1257.82;1257.82
28.12.2022 19:00:00;28.12.2022 20:00:00;1389.68;998.07;494;998.07;998.07
28.12.2022 20:00:00;28.12.2022 21:00:00;1404.58;855.5;496.94;855.5;855.5
28.12.2022 21:00:00;28.12.2022 22:00:00;1404.58;723.85;498.3;723.85;723.85
28.12.2022 22:00:00;28.12.2022 23:00:00;1431.54;634.15;490.54;634.15;634.15
28.12.2022 23:00:00;29.12.2022 00:00:00;2101.67;460.22;460.22;460.22;460.22
29.12.2022 00:00:00;29.12.2022 01:00:00;1168.86;275.88;275.88;275.88;275.88
29.12.2022 01:00:00;29.12.2022 02:00:00;963.23;259.26;259.26;259.26;259.26
29.12.2022 02:00:00;29.12.2022 03:00:00;365.79;241.91;241.91;241.91;241.91
29.12.2022 03:00:00;29.12.2022 04:00:00;202.49;224.24;224.24;202.49;202.49
29.12.2022 04:00:00;29.12.2022 05:00:00;203.64;221.83;221.83;203.64;203.64
29.12.2022 05:00:00;29.12.2022 06:00:00;731.78;236.78;236.78;236.78;236.78
29.12.2022 06:00:00;29.12.2022 07:00:00;1017.28;274.94;274.94;274.94;274.94
29.12.2022 07:00:00;29.12.2022 08:00:00;1150.04;327.21;327.21;327.21;327.21
29.12.2022 08:00:00;29.12.2022 09:00:00;953.19;334.21;334.21;334.21;334.21
29.12.2022 09:00:00;29.12.2022 10:00:00;486.63;331.29;331.29;331.29;331.29
29.12.2022 10:00:00;29.12.2022 11:00:00;1113.66;321.15;321.15;321.15;321.15
29.12.2022 11:00:00;29.12.2022 12:00:00;309.65;314.14;309.65;309.65;309.65
29.12.2022 12:00:00;29.12.2022 13:00:00;273.37;314.14;273.37;273.37;273.37
29.12.2022 13:00:00;29.12.2022 14:00:00;263.96;315.29;263.96;263.96;263.96
29.12.2022 14:00:00;29.12.2022 15:00:00;259.99;317.17;259.99;259.99;259.99
29.12.2022 15:00:00;29.12.2022 16:00:00;262.81;318.64;262.81;262.81;262.81
29.12.2022 16:00:00;29.12.2022 17:00:00;278.08;322.19;278.08;278.08;278.08
29.12.2022 17:00:00;29.12.2022 18:00:00;348.12;348.12;348.12;348.12;348.12
29.12.2022 18:00:00;29.12.2022 19:00:00;284.45;318.85;284.45;284.45;284.45
29.12.2022 19:00:00;29.12.2022 20:00:00;276.61;321.36;276.61;276.61;276.61
29.12.2022 20:00:00;29.12.2022 21:00:00;263.34;322.92;263.34;263.34;263.34
29.12.2022 21:00:00;29.12.2022 22:00:00;261.45;320.73;261.45;261.45;261.45
29.12.2022 22:00:00;29.12.2022 23:00:00;275.04;319.26;275.04;275.04;275.04
29.12.2022 23:00:00;30.12.2022 00:00:00;220.27;318.85;234.06;220.27;220.27
30.12.2022 00:00:00;30.12.2022 01:00:00;108.17;232.58;223.3;108.17;108.17
30.12.2022 01:00:00;30.12.2022 02:00:00;53.66;215.39;215.39;53.66;53.66
30.12.2022 02:00:00;30.12.2022 03:00:00;32.58;187.03;187.03;32.58;32.58
30.12.2022 03:00:00;30.12.2022 04:00:00;6.85;181.13;181.13;6.85;6.85
30.12.2022 04:00:00;30.12.2022 05:00:00;6.01;187.14;187.14;6.01;6.01
30.12.2022 05:00:00;30.12.2022 06:00:00;50.18;223.2;223.2;50.18;50.18
30.12.2022 06:00:00;30.12.2022 07:00:00;117.98;291.62;229.52;117.98;117.98
30.12.2022 07:00:00;30.12.2022 08:00:00;254.4;309.65;254.4;254.4;254.4
30.12.2022 08:00:00;30.12.2022 09:00:00;291.94;355.62;291.94;291.94;291.94
30.12.2022 09:00:00;30.12.2022 10:00:00;306.59;348.03;306.59;306.59;306.59
30.12.2022 10:00:00;30.12.2022 11:00:00;275.07;359.73;275.07;275.07;275.07
30.12.2022 11:00:00;30.12.2022 12:00:00;260.62;398.53;260.62;260.62;260.62
30.12.2022 12:00:00;30.12.2022 13:00:00;254.4;503.11;254.4;254.4;254.4
30.12.2022 13:00:00;30.12.2022 14:00:00;257.25;557.94;257.25;257.25;257.25
30.12.2022 14:00:00;30.12.2022 15:00:00;276.97;536.32;276.97;276.97;276.97
30.12.2022 15:00:00;30.12.2022 16:00:00;302.16;528.1;302.16;302.16;302.16
30.12.2022 16:00:00;30.12.2022 17:00:00;309.97;356.14;309.97;309.97;309.97
30.12.2022 17:00:00;30.12.2022 18:00:00;324.51;324.51;324.51;324.51;324.51
30.12.2022 18:00:00;30.12.2022 19:00:00;294.36;294.36;294.36;294.36;294.36
30.12.2022 19:00:00;30.12.2022 20:00:00;263.26;263.26;263.26;263.26;263.26
30.12.2022 20:00:00;30.12.2022 21:00:00;209.6;253.14;253.14;209.6;209.6
30.12.2022 21:00:00;30.12.2022 22:00:00;193.46;247.66;247.66;193.46;193.46
30.12.2022 22:00:00;30.12.2022 23:00:00;45.02;246.6;246.6;45.02;45.02
30.12.2022 23:00:00;31.12.2022 00:00:00;0.11;244.7;236.8;0.11;0.11
31.12.2022 00:00:00;31.12.2022 01:00:00;21.02;209.57;209.57;21.02;21.02
31.12.2022 01:00:00;31.12.2022 02:00:00;0.53;191.91;191.91;0.53;0.53
31.12.2022 02:00:00;31.12.2022 03:00:00;0;198.11;198.11;0;0
31.12.2022 03:00:00;31.12.2022 04:00:00;-0.42;211.14;211.14;-0.42;-0.42
31.12.2022 04:00:00;31.12.2022 05:00:00;-0.32;232.27;232.27;-0.32;-0.32
31.12.2022 05:00:00;31.12.2022 06:00:00;-0.21;245.72;245.72;-0.21;-0.21
31.12.2022 06:00:00;31.12.2022 07:00:00;0;248.03;248.03;0;0
31.12.2022 07:00:00;31.12.2022 08:00:00;0;252.97;252.97;0;0
31.12.2022 08:00:00;31.12.2022 09:00:00;6.62;251.92;251.92;6.62;6.62
31.12.2022 09:00:00;31.12.2022 10:00:00;21.55;257.39;257.39;21.55;21.55
31.12.2022 10:00:00;31.12.2022 11:00:00;34.58;257.28;257.28;34.58;34.58
31.12.2022 11:00:00;31.12.2022 12:00:00;42.67;251.61;251.61;42.67;42.67
31.12.2022 12:00:00;31.12.2022 13:00:00;105.83;251.29;251.29;105.83;105.83
31.12.2022 13:00:00;31.12.2022 14:00:00;111.3;250.56;250.56;111.3;111.3
31.12.2022 14:00:00;31.12.2022 15:00:00;165.85;252.13;252.13;165.85;165.85
31.12.2022 15:00:00;31.12.2022 16:00:00;275.67;275.67;275.67;275.67;275.67
31.12.2022 16:00:00;31.12.2022 17:00:00;280.09;280.09;280.09;280.09;280.09
31.12.2022 17:00:00;31.12.2022 18:00:00;268.84;268.84;268.84;268.84;268.84
31.12.2022 18:00:00;31.12.2022 19:00:00;275.04;275.04;275.04;275.04;275.04
31.12.2022 19:00:00;31.12.2022 20:00:00;158.49;250.87;250.87;158.49;158.49
31.12.2022 20:00:00;31.12.2022 21:00:00;121.6;250.35;250.35;121.6;121.6
31.12.2022 21:00:00;31.12.2022 22:00:00;156.49;251.5;251.5;156.49;156.49
31.12.2022 22:00:00;31.12.2022 23:00:00;104.47;249.61;249.61;104.47;104.47
31.12.2022 23:00:00;01.01.2023 00:00:00;50.87;247.61;247.61;50.87;50.87