Delivery Start (CET);Delivery End (CET);Price (NOK)
01.01.2025 00:00:00;01.01.2025 01:00:00;71.28
01.01.2025 01:00:00;01.01.2025 02:00:00;51.61
01.01.2025 02:00:00;01.01.2025 03:00:00;50.43
01.01.2025 03:00:00;01.01.2025 04:00:00;46.78
01.01.2025 04:00:00;01.01.2025 05:00:00;49.13
01.01.2025 05:00:00;01.01.2025 06:00:00;49.25
01.01.2025 06:00:00;01.01.2025 07:00:00;48.31
01.01.2025 07:00:00;01.01.2025 08:00:00;58.21
01.01.2025 08:00:00;01.01.2025 09:00:00;69.99
01.01.2025 09:00:00;01.01.2025 10:00:00;101.09
01.01.2025 10:00:00;01.01.2025 11:00:00;167.19
01.01.2025 11:00:00;01.01.2025 12:00:00;236.01
01.01.2025 12:00:00;01.01.2025 13:00:00;256.15
01.01.2025 13:00:00;01.01.2025 14:00:00;260.16
01.01.2025 14:00:00;01.01.2025 15:00:00;271.94
01.01.2025 15:00:00;01.01.2025 16:00:00;293.03
01.01.2025 16:00:00;01.01.2025 17:00:00;318.01
01.01.2025 17:00:00;01.01.2025 18:00:00;319.66
01.01.2025 18:00:00;01.01.2025 19:00:00;294.56
01.01.2025 19:00:00;01.01.2025 20:00:00;276.65
01.01.2025 20:00:00;01.01.2025 21:00:00;269.23
01.01.2025 21:00:00;01.01.2025 22:00:00;263.34
01.01.2025 22:00:00;01.01.2025 23:00:00;267.82
01.01.2025 23:00:00;02.01.2025 00:00:00;242.96
02.01.2025 00:00:00;02.01.2025 01:00:00;153.41
02.01.2025 01:00:00;02.01.2025 02:00:00;141.27
02.01.2025 02:00:00;02.01.2025 03:00:00;153.88
02.01.2025 03:00:00;02.01.2025 04:00:00;193.59
02.01.2025 04:00:00;02.01.2025 05:00:00;251.21
02.01.2025 05:00:00;02.01.2025 06:00:00;347
02.01.2025 06:00:00;02.01.2025 07:00:00;404.61
02.01.2025 07:00:00;02.01.2025 08:00:00;635.67
02.01.2025 08:00:00;02.01.2025 09:00:00;920.57
02.01.2025 09:00:00;02.01.2025 10:00:00;962.17
02.01.2025 10:00:00;02.01.2025 11:00:00;835.39
02.01.2025 11:00:00;02.01.2025 12:00:00;706.48
02.01.2025 12:00:00;02.01.2025 13:00:00;646.28
02.01.2025 13:00:00;02.01.2025 14:00:00;635.67
02.01.2025 14:00:00;02.01.2025 15:00:00;709.31
02.01.2025 15:00:00;02.01.2025 16:00:00;762.33
02.01.2025 16:00:00;02.01.2025 17:00:00;917.04
02.01.2025 17:00:00;02.01.2025 18:00:00;1023.91
02.01.2025 18:00:00;02.01.2025 19:00:00;979.72
02.01.2025 19:00:00;02.01.2025 20:00:00;659.59
02.01.2025 20:00:00;02.01.2025 21:00:00;625.07
02.01.2025 21:00:00;02.01.2025 22:00:00;562.38
02.01.2025 22:00:00;02.01.2025 23:00:00;481.91
02.01.2025 23:00:00;03.01.2025 00:00:00;410.15
03.01.2025 00:00:00;03.01.2025 01:00:00;370.55
03.01.2025 01:00:00;03.01.2025 02:00:00;363.62
03.01.2025 02:00:00;03.01.2025 03:00:00;340.16
03.01.2025 03:00:00;03.01.2025 04:00:00;332.88
03.01.2025 04:00:00;03.01.2025 05:00:00;333.12
03.01.2025 05:00:00;03.01.2025 06:00:00;363.86
03.01.2025 06:00:00;03.01.2025 07:00:00;409.62
03.01.2025 07:00:00;03.01.2025 08:00:00;539.27
03.01.2025 08:00:00;03.01.2025 09:00:00;700.02
03.01.2025 09:00:00;03.01.2025 10:00:00;680.9
03.01.2025 10:00:00;03.01.2025 11:00:00;706.59
03.01.2025 11:00:00;03.01.2025 12:00:00;632.67
03.01.2025 12:00:00;03.01.2025 13:00:00;562.62
03.01.2025 13:00:00;03.01.2025 14:00:00;566.97
03.01.2025 14:00:00;03.01.2025 15:00:00;548.19
03.01.2025 15:00:00;03.01.2025 16:00:00;676.2
03.01.2025 16:00:00;03.01.2025 17:00:00;857.96
03.01.2025 17:00:00;03.01.2025 18:00:00;798.7
03.01.2025 18:00:00;03.01.2025 19:00:00;740.74
03.01.2025 19:00:00;03.01.2025 20:00:00;586.68
03.01.2025 20:00:00;03.01.2025 21:00:00;527.31
03.01.2025 21:00:00;03.01.2025 22:00:00;475.44
03.01.2025 22:00:00;03.01.2025 23:00:00;432.85
03.01.2025 23:00:00;04.01.2025 00:00:00;402.11
04.01.2025 00:00:00;04.01.2025 01:00:00;396.91
04.01.2025 01:00:00;04.01.2025 02:00:00;397.14
04.01.2025 02:00:00;04.01.2025 03:00:00;391.75
04.01.2025 03:00:00;04.01.2025 04:00:00;390.82
04.01.2025 04:00:00;04.01.2025 05:00:00;390.35
04.01.2025 05:00:00;04.01.2025 06:00:00;397.26
04.01.2025 06:00:00;04.01.2025 07:00:00;409.8
04.01.2025 07:00:00;04.01.2025 08:00:00;425.14
04.01.2025 08:00:00;04.01.2025 09:00:00;471.18
04.01.2025 09:00:00;04.01.2025 10:00:00;526.71
04.01.2025 10:00:00;04.01.2025 11:00:00;602.04
04.01.2025 11:00:00;04.01.2025 12:00:00;631.56
04.01.2025 12:00:00;04.01.2025 13:00:00;604.97
04.01.2025 13:00:00;04.01.2025 14:00:00;598.64
04.01.2025 14:00:00;04.01.2025 15:00:00;687.8
04.01.2025 15:00:00;04.01.2025 16:00:00;877.47
04.01.2025 16:00:00;04.01.2025 17:00:00;973.3
04.01.2025 17:00:00;04.01.2025 18:00:00;1057.64
04.01.2025 18:00:00;04.01.2025 19:00:00;1052.96
04.01.2025 19:00:00;04.01.2025 20:00:00;985.13
04.01.2025 20:00:00;04.01.2025 21:00:00;786.09
04.01.2025 21:00:00;04.01.2025 22:00:00;702.79
04.01.2025 22:00:00;04.01.2025 23:00:00;561.86
04.01.2025 23:00:00;05.01.2025 00:00:00;466.61
05.01.2025 00:00:00;05.01.2025 01:00:00;527.29
05.01.2025 01:00:00;05.01.2025 02:00:00;486.28
05.01.2025 02:00:00;05.01.2025 03:00:00;485.22
05.01.2025 03:00:00;05.01.2025 04:00:00;496.94
05.01.2025 04:00:00;05.01.2025 05:00:00;546.39
05.01.2025 05:00:00;05.01.2025 06:00:00;563.5
05.01.2025 06:00:00;05.01.2025 07:00:00;648.56
05.01.2025 07:00:00;05.01.2025 08:00:00;644.46
05.01.2025 08:00:00;05.01.2025 09:00:00;609.55
05.01.2025 09:00:00;05.01.2025 10:00:00;758.48
05.01.2025 10:00:00;05.01.2025 11:00:00;761.64
05.01.2025 11:00:00;05.01.2025 12:00:00;786.25
05.01.2025 12:00:00;05.01.2025 13:00:00;762.93
05.01.2025 13:00:00;05.01.2025 14:00:00;733.17
05.01.2025 14:00:00;05.01.2025 15:00:00;673.41
05.01.2025 15:00:00;05.01.2025 16:00:00;585.99
05.01.2025 16:00:00;05.01.2025 17:00:00;628.41
05.01.2025 17:00:00;05.01.2025 18:00:00;719.69
05.01.2025 18:00:00;05.01.2025 19:00:00;705.63
05.01.2025 19:00:00;05.01.2025 20:00:00;574.16
05.01.2025 20:00:00;05.01.2025 21:00:00;421.13
05.01.2025 21:00:00;05.01.2025 22:00:00;411.05
05.01.2025 22:00:00;05.01.2025 23:00:00;386.91
05.01.2025 23:00:00;06.01.2025 00:00:00;336.29
06.01.2025 00:00:00;06.01.2025 01:00:00;346.49
06.01.2025 01:00:00;06.01.2025 02:00:00;289.07
06.01.2025 02:00:00;06.01.2025 03:00:00;261.42
06.01.2025 03:00:00;06.01.2025 04:00:00;252.28
06.01.2025 04:00:00;06.01.2025 05:00:00;234.35
06.01.2025 05:00:00;06.01.2025 06:00:00;244.08
06.01.2025 06:00:00;06.01.2025 07:00:00;314.62
06.01.2025 07:00:00;06.01.2025 08:00:00;408.94
06.01.2025 08:00:00;06.01.2025 09:00:00;506.43
06.01.2025 09:00:00;06.01.2025 10:00:00;456.51
06.01.2025 10:00:00;06.01.2025 11:00:00;437.53
06.01.2025 11:00:00;06.01.2025 12:00:00;409.18
06.01.2025 12:00:00;06.01.2025 13:00:00;383.28
06.01.2025 13:00:00;06.01.2025 14:00:00;368.87
06.01.2025 14:00:00;06.01.2025 15:00:00;352.23
06.01.2025 15:00:00;06.01.2025 16:00:00;363.01
06.01.2025 16:00:00;06.01.2025 17:00:00;372.03
06.01.2025 17:00:00;06.01.2025 18:00:00;384.69
06.01.2025 18:00:00;06.01.2025 19:00:00;375.43
06.01.2025 19:00:00;06.01.2025 20:00:00;350.47
06.01.2025 20:00:00;06.01.2025 21:00:00;296.22
06.01.2025 21:00:00;06.01.2025 22:00:00;234.12
06.01.2025 22:00:00;06.01.2025 23:00:00;238.33
06.01.2025 23:00:00;07.01.2025 00:00:00;149.98
07.01.2025 00:00:00;07.01.2025 01:00:00;165.82
07.01.2025 01:00:00;07.01.2025 02:00:00;123.14
07.01.2025 02:00:00;07.01.2025 03:00:00;99.33
07.01.2025 03:00:00;07.01.2025 04:00:00;78.22
07.01.2025 04:00:00;07.01.2025 05:00:00;104.49
07.01.2025 05:00:00;07.01.2025 06:00:00;151.16
07.01.2025 06:00:00;07.01.2025 07:00:00;290.95
07.01.2025 07:00:00;07.01.2025 08:00:00;338.92
07.01.2025 08:00:00;07.01.2025 09:00:00;348.41
07.01.2025 09:00:00;07.01.2025 10:00:00;347.59
07.01.2025 10:00:00;07.01.2025 11:00:00;347.36
07.01.2025 11:00:00;07.01.2025 12:00:00;344.19
07.01.2025 12:00:00;07.01.2025 13:00:00;343.02
07.01.2025 13:00:00;07.01.2025 14:00:00;338.8
07.01.2025 14:00:00;07.01.2025 15:00:00;336.45
07.01.2025 15:00:00;07.01.2025 16:00:00;339.85
07.01.2025 16:00:00;07.01.2025 17:00:00;340.09
07.01.2025 17:00:00;07.01.2025 18:00:00;345.72
07.01.2025 18:00:00;07.01.2025 19:00:00;337.16
07.01.2025 19:00:00;07.01.2025 20:00:00;322.26
07.01.2025 20:00:00;07.01.2025 21:00:00;294.12
07.01.2025 21:00:00;07.01.2025 22:00:00;284.03
07.01.2025 22:00:00;07.01.2025 23:00:00;259.87
07.01.2025 23:00:00;08.01.2025 00:00:00;245.45
08.01.2025 00:00:00;08.01.2025 01:00:00;240.82
08.01.2025 01:00:00;08.01.2025 02:00:00;241.06
08.01.2025 02:00:00;08.01.2025 03:00:00;251.03
08.01.2025 03:00:00;08.01.2025 04:00:00;246.81
08.01.2025 04:00:00;08.01.2025 05:00:00;269.1
08.01.2025 05:00:00;08.01.2025 06:00:00;300.67
08.01.2025 06:00:00;08.01.2025 07:00:00;364.28
08.01.2025 07:00:00;08.01.2025 08:00:00;407.71
08.01.2025 08:00:00;08.01.2025 09:00:00;463.45
08.01.2025 09:00:00;08.01.2025 10:00:00;511.45
08.01.2025 10:00:00;08.01.2025 11:00:00;563.32
08.01.2025 11:00:00;08.01.2025 12:00:00;550.3
08.01.2025 12:00:00;08.01.2025 13:00:00;597.94
08.01.2025 13:00:00;08.01.2025 14:00:00;644.3
08.01.2025 14:00:00;08.01.2025 15:00:00;668.71
08.01.2025 15:00:00;08.01.2025 16:00:00;873.62
08.01.2025 16:00:00;08.01.2025 17:00:00;1038.75
08.01.2025 17:00:00;08.01.2025 18:00:00;1043.56
08.01.2025 18:00:00;08.01.2025 19:00:00;933.94
08.01.2025 19:00:00;08.01.2025 20:00:00;1020.32
08.01.2025 20:00:00;08.01.2025 21:00:00;873.39
08.01.2025 21:00:00;08.01.2025 22:00:00;709.08
08.01.2025 22:00:00;08.01.2025 23:00:00;562.5
08.01.2025 23:00:00;09.01.2025 00:00:00;463.22
09.01.2025 00:00:00;09.01.2025 01:00:00;440.14
09.01.2025 01:00:00;09.01.2025 02:00:00;431.46
09.01.2025 02:00:00;09.01.2025 03:00:00;429.58
09.01.2025 03:00:00;09.01.2025 04:00:00;432.63
09.01.2025 04:00:00;09.01.2025 05:00:00;443.78
09.01.2025 05:00:00;09.01.2025 06:00:00;585.8
09.01.2025 06:00:00;09.01.2025 07:00:00;939.44
09.01.2025 07:00:00;09.01.2025 08:00:00;1361.27
09.01.2025 08:00:00;09.01.2025 09:00:00;1694.96
09.01.2025 09:00:00;09.01.2025 10:00:00;1701.06
09.01.2025 10:00:00;09.01.2025 11:00:00;1594.73
09.01.2025 11:00:00;09.01.2025 12:00:00;1501.77
09.01.2025 12:00:00;09.01.2025 13:00:00;1457.28
09.01.2025 13:00:00;09.01.2025 14:00:00;1381.23
09.01.2025 14:00:00;09.01.2025 15:00:00;1375.01
09.01.2025 15:00:00;09.01.2025 16:00:00;1396.72
09.01.2025 16:00:00;09.01.2025 17:00:00;1444.26
09.01.2025 17:00:00;09.01.2025 18:00:00;1491.79
09.01.2025 18:00:00;09.01.2025 19:00:00;1575.59
09.01.2025 19:00:00;09.01.2025 20:00:00;1408.69
09.01.2025 20:00:00;09.01.2025 21:00:00;1290.97
09.01.2025 21:00:00;09.01.2025 22:00:00;1103.17
09.01.2025 22:00:00;09.01.2025 23:00:00;1056.23
09.01.2025 23:00:00;10.01.2025 00:00:00;753.29
10.01.2025 00:00:00;10.01.2025 01:00:00;811.2
10.01.2025 01:00:00;10.01.2025 02:00:00;660.89
10.01.2025 02:00:00;10.01.2025 03:00:00;618.97
10.01.2025 03:00:00;10.01.2025 04:00:00;563.19
10.01.2025 04:00:00;10.01.2025 05:00:00;586.68
10.01.2025 05:00:00;10.01.2025 06:00:00;704.34
10.01.2025 06:00:00;10.01.2025 07:00:00;1005.9
10.01.2025 07:00:00;10.01.2025 08:00:00;1409.15
10.01.2025 08:00:00;10.01.2025 09:00:00;1559.93
10.01.2025 09:00:00;10.01.2025 10:00:00;1536.44
10.01.2025 10:00:00;10.01.2025 11:00:00;1362.06
10.01.2025 11:00:00;10.01.2025 12:00:00;1291.6
10.01.2025 12:00:00;10.01.2025 13:00:00;1226.66
10.01.2025 13:00:00;10.01.2025 14:00:00;1200.24
10.01.2025 14:00:00;10.01.2025 15:00:00;1233
10.01.2025 15:00:00;10.01.2025 16:00:00;1397.05
10.01.2025 16:00:00;10.01.2025 17:00:00;1450.95
10.01.2025 17:00:00;10.01.2025 18:00:00;1526.58
10.01.2025 18:00:00;10.01.2025 19:00:00;1526.46
10.01.2025 19:00:00;10.01.2025 20:00:00;1243.1
10.01.2025 20:00:00;10.01.2025 21:00:00;787.95
10.01.2025 21:00:00;10.01.2025 22:00:00;587.26
10.01.2025 22:00:00;10.01.2025 23:00:00;473.47
10.01.2025 23:00:00;11.01.2025 00:00:00;440.48
11.01.2025 00:00:00;11.01.2025 01:00:00;388.23
11.01.2025 01:00:00;11.01.2025 02:00:00;364.37
11.01.2025 02:00:00;11.01.2025 03:00:00;352.37
11.01.2025 03:00:00;11.01.2025 04:00:00;345.2
11.01.2025 04:00:00;11.01.2025 05:00:00;342.14
11.01.2025 05:00:00;11.01.2025 06:00:00;342.5
11.01.2025 06:00:00;11.01.2025 07:00:00;356.25
11.01.2025 07:00:00;11.01.2025 08:00:00;376.24
11.01.2025 08:00:00;11.01.2025 09:00:00;394.23
11.01.2025 09:00:00;11.01.2025 10:00:00;409.51
11.01.2025 10:00:00;11.01.2025 11:00:00;422.21
11.01.2025 11:00:00;11.01.2025 12:00:00;411.63
11.01.2025 12:00:00;11.01.2025 13:00:00;402.93
11.01.2025 13:00:00;11.01.2025 14:00:00;402.22
11.01.2025 14:00:00;11.01.2025 15:00:00;407.87
11.01.2025 15:00:00;11.01.2025 16:00:00;427.86
11.01.2025 16:00:00;11.01.2025 17:00:00;445.37
11.01.2025 17:00:00;11.01.2025 18:00:00;502.4
11.01.2025 18:00:00;11.01.2025 19:00:00;483.82
11.01.2025 19:00:00;11.01.2025 20:00:00;439.38
11.01.2025 20:00:00;11.01.2025 21:00:00;430.8
11.01.2025 21:00:00;11.01.2025 22:00:00;418.68
11.01.2025 22:00:00;11.01.2025 23:00:00;400.46
11.01.2025 23:00:00;12.01.2025 00:00:00;382.59
12.01.2025 00:00:00;12.01.2025 01:00:00;349.53
12.01.2025 01:00:00;12.01.2025 02:00:00;327.37
12.01.2025 02:00:00;12.01.2025 03:00:00;313.06
12.01.2025 03:00:00;12.01.2025 04:00:00;305.43
12.01.2025 04:00:00;12.01.2025 05:00:00;303.79
12.01.2025 05:00:00;12.01.2025 06:00:00;316.22
12.01.2025 06:00:00;12.01.2025 07:00:00;332.06
12.01.2025 07:00:00;12.01.2025 08:00:00;354.7
12.01.2025 08:00:00;12.01.2025 09:00:00;373.23
12.01.2025 09:00:00;12.01.2025 10:00:00;388.95
12.01.2025 10:00:00;12.01.2025 11:00:00;394.22
12.01.2025 11:00:00;12.01.2025 12:00:00;402.67
12.01.2025 12:00:00;12.01.2025 13:00:00;397.98
12.01.2025 13:00:00;12.01.2025 14:00:00;396.45
12.01.2025 14:00:00;12.01.2025 15:00:00;395.87
12.01.2025 15:00:00;12.01.2025 16:00:00;406.89
12.01.2025 16:00:00;12.01.2025 17:00:00;413.58
12.01.2025 17:00:00;12.01.2025 18:00:00;413.81
12.01.2025 18:00:00;12.01.2025 19:00:00;411.94
12.01.2025 19:00:00;12.01.2025 20:00:00;409.71
12.01.2025 20:00:00;12.01.2025 21:00:00;415.69
12.01.2025 21:00:00;12.01.2025 22:00:00;420.61
12.01.2025 22:00:00;12.01.2025 23:00:00;409.12
12.01.2025 23:00:00;13.01.2025 00:00:00;379.91
13.01.2025 00:00:00;13.01.2025 01:00:00;351.76
13.01.2025 01:00:00;13.01.2025 02:00:00;337.92
13.01.2025 02:00:00;13.01.2025 03:00:00;327.84
13.01.2025 03:00:00;13.01.2025 04:00:00;319.63
13.01.2025 04:00:00;13.01.2025 05:00:00;301.68
13.01.2025 05:00:00;13.01.2025 06:00:00;292.3
13.01.2025 06:00:00;13.01.2025 07:00:00;320.33
13.01.2025 07:00:00;13.01.2025 08:00:00;349.65
13.01.2025 08:00:00;13.01.2025 09:00:00;375.22
13.01.2025 09:00:00;13.01.2025 10:00:00;351.65
13.01.2025 10:00:00;13.01.2025 11:00:00;327.37
13.01.2025 11:00:00;13.01.2025 12:00:00;315.99
13.01.2025 12:00:00;13.01.2025 13:00:00;293
13.01.2025 13:00:00;13.01.2025 14:00:00;274.12
13.01.2025 14:00:00;13.01.2025 15:00:00;246.08
13.01.2025 15:00:00;13.01.2025 16:00:00;234.24
13.01.2025 16:00:00;13.01.2025 17:00:00;233.41
13.01.2025 17:00:00;13.01.2025 18:00:00;218.28
13.01.2025 18:00:00;13.01.2025 19:00:00;176.06
13.01.2025 19:00:00;13.01.2025 20:00:00;118.94
13.01.2025 20:00:00;13.01.2025 21:00:00;81.64
13.01.2025 21:00:00;13.01.2025 22:00:00;61.81
13.01.2025 22:00:00;13.01.2025 23:00:00;50.55
13.01.2025 23:00:00;14.01.2025 00:00:00;42.58
14.01.2025 00:00:00;14.01.2025 01:00:00;45.48
14.01.2025 01:00:00;14.01.2025 02:00:00;43.48
14.01.2025 02:00:00;14.01.2025 03:00:00;42.78
14.01.2025 03:00:00;14.01.2025 04:00:00;42.19
14.01.2025 04:00:00;14.01.2025 05:00:00;42.78
14.01.2025 05:00:00;14.01.2025 06:00:00;47.47
14.01.2025 06:00:00;14.01.2025 07:00:00;70.67
14.01.2025 07:00:00;14.01.2025 08:00:00;149.32
14.01.2025 08:00:00;14.01.2025 09:00:00;202.18
14.01.2025 09:00:00;14.01.2025 10:00:00;212.14
14.01.2025 10:00:00;14.01.2025 11:00:00;220.7
14.01.2025 11:00:00;14.01.2025 12:00:00;233.82
14.01.2025 12:00:00;14.01.2025 13:00:00;243.55
14.01.2025 13:00:00;14.01.2025 14:00:00;247.07
14.01.2025 14:00:00;14.01.2025 15:00:00;275.43
14.01.2025 15:00:00;14.01.2025 16:00:00;292.42
14.01.2025 16:00:00;14.01.2025 17:00:00;337.55
14.01.2025 17:00:00;14.01.2025 18:00:00;346.1
14.01.2025 18:00:00;14.01.2025 19:00:00;343.41
14.01.2025 19:00:00;14.01.2025 20:00:00;344.46
14.01.2025 20:00:00;14.01.2025 21:00:00;340.24
14.01.2025 21:00:00;14.01.2025 22:00:00;345.28
14.01.2025 22:00:00;14.01.2025 23:00:00;339.66
14.01.2025 23:00:00;15.01.2025 00:00:00;333.91
15.01.2025 00:00:00;15.01.2025 01:00:00;361.69
15.01.2025 01:00:00;15.01.2025 02:00:00;366.72
15.01.2025 02:00:00;15.01.2025 03:00:00;376.09
15.01.2025 03:00:00;15.01.2025 04:00:00;375.27
15.01.2025 04:00:00;15.01.2025 05:00:00;373.28
15.01.2025 05:00:00;15.01.2025 06:00:00;388.51
15.01.2025 06:00:00;15.01.2025 07:00:00;427.75
15.01.2025 07:00:00;15.01.2025 08:00:00;437
15.01.2025 08:00:00;15.01.2025 09:00:00;443.09
15.01.2025 09:00:00;15.01.2025 10:00:00;432.43
15.01.2025 10:00:00;15.01.2025 11:00:00;410.65
15.01.2025 11:00:00;15.01.2025 12:00:00;384.88
15.01.2025 12:00:00;15.01.2025 13:00:00;382.07
15.01.2025 13:00:00;15.01.2025 14:00:00;375.27
15.01.2025 14:00:00;15.01.2025 15:00:00;372.58
15.01.2025 15:00:00;15.01.2025 16:00:00;369.42
15.01.2025 16:00:00;15.01.2025 17:00:00;364.03
15.01.2025 17:00:00;15.01.2025 18:00:00;361.57
15.01.2025 18:00:00;15.01.2025 19:00:00;342.59
15.01.2025 19:00:00;15.01.2025 20:00:00;292.11
15.01.2025 20:00:00;15.01.2025 21:00:00;242.92
15.01.2025 21:00:00;15.01.2025 22:00:00;175.81
15.01.2025 22:00:00;15.01.2025 23:00:00;128.96
15.01.2025 23:00:00;16.01.2025 00:00:00;78.47
16.01.2025 00:00:00;16.01.2025 01:00:00;66.49
16.01.2025 01:00:00;16.01.2025 02:00:00;58.41
16.01.2025 02:00:00;16.01.2025 03:00:00;56.19
16.01.2025 03:00:00;16.01.2025 04:00:00;54.55
16.01.2025 04:00:00;16.01.2025 05:00:00;55.48
16.01.2025 05:00:00;16.01.2025 06:00:00;61.92
16.01.2025 06:00:00;16.01.2025 07:00:00;123.02
16.01.2025 07:00:00;16.01.2025 08:00:00;237.03
16.01.2025 08:00:00;16.01.2025 09:00:00;323.3
16.01.2025 09:00:00;16.01.2025 10:00:00;305.98
16.01.2025 10:00:00;16.01.2025 11:00:00;291.7
16.01.2025 11:00:00;16.01.2025 12:00:00;249.68
16.01.2025 12:00:00;16.01.2025 13:00:00;226.15
16.01.2025 13:00:00;16.01.2025 14:00:00;222.52
16.01.2025 14:00:00;16.01.2025 15:00:00;208.82
16.01.2025 15:00:00;16.01.2025 16:00:00;239.02
16.01.2025 16:00:00;16.01.2025 17:00:00;298.84
16.01.2025 17:00:00;16.01.2025 18:00:00;323.77
16.01.2025 18:00:00;16.01.2025 19:00:00;313.71
16.01.2025 19:00:00;16.01.2025 20:00:00;248.15
16.01.2025 20:00:00;16.01.2025 21:00:00;198.64
16.01.2025 21:00:00;16.01.2025 22:00:00;166.22
16.01.2025 22:00:00;16.01.2025 23:00:00;130.63
16.01.2025 23:00:00;17.01.2025 00:00:00;105.35
17.01.2025 00:00:00;17.01.2025 01:00:00;60.18
17.01.2025 01:00:00;17.01.2025 02:00:00;57.61
17.01.2025 02:00:00;17.01.2025 03:00:00;57.14
17.01.2025 03:00:00;17.01.2025 04:00:00;57.26
17.01.2025 04:00:00;17.01.2025 05:00:00;60.3
17.01.2025 05:00:00;17.01.2025 06:00:00;85.71
17.01.2025 06:00:00;17.01.2025 07:00:00;191.67
17.01.2025 07:00:00;17.01.2025 08:00:00;341.43
17.01.2025 08:00:00;17.01.2025 09:00:00;364.38
17.01.2025 09:00:00;17.01.2025 10:00:00;359.34
17.01.2025 10:00:00;17.01.2025 11:00:00;343.3
17.01.2025 11:00:00;17.01.2025 12:00:00;310.98
17.01.2025 12:00:00;17.01.2025 13:00:00;278.78
17.01.2025 13:00:00;17.01.2025 14:00:00;213.92
17.01.2025 14:00:00;17.01.2025 15:00:00;199.52
17.01.2025 15:00:00;17.01.2025 16:00:00;199.52
17.01.2025 16:00:00;17.01.2025 17:00:00;222.23
17.01.2025 17:00:00;17.01.2025 18:00:00;224.92
17.01.2025 18:00:00;17.01.2025 19:00:00;169.31
17.01.2025 19:00:00;17.01.2025 20:00:00;143.2
17.01.2025 20:00:00;17.01.2025 21:00:00;116.97
17.01.2025 21:00:00;17.01.2025 22:00:00;86.29
17.01.2025 22:00:00;17.01.2025 23:00:00;69.43
17.01.2025 23:00:00;18.01.2025 00:00:00;57.14
18.01.2025 00:00:00;18.01.2025 01:00:00;70.8
18.01.2025 01:00:00;18.01.2025 02:00:00;61.53
18.01.2025 02:00:00;18.01.2025 03:00:00;59.18
18.01.2025 03:00:00;18.01.2025 04:00:00;60.7
18.01.2025 04:00:00;18.01.2025 05:00:00;70.33
18.01.2025 05:00:00;18.01.2025 06:00:00;75.5
18.01.2025 06:00:00;18.01.2025 07:00:00;92.88
18.01.2025 07:00:00;18.01.2025 08:00:00;145.25
18.01.2025 08:00:00;18.01.2025 09:00:00;268.89
18.01.2025 09:00:00;18.01.2025 10:00:00;328.3
18.01.2025 10:00:00;18.01.2025 11:00:00;346.97
18.01.2025 11:00:00;18.01.2025 12:00:00;352.25
18.01.2025 12:00:00;18.01.2025 13:00:00;352.84
18.01.2025 13:00:00;18.01.2025 14:00:00;351.9
18.01.2025 14:00:00;18.01.2025 15:00:00;351.43
18.01.2025 15:00:00;18.01.2025 16:00:00;365.17
18.01.2025 16:00:00;18.01.2025 17:00:00;393.82
18.01.2025 17:00:00;18.01.2025 18:00:00;402.39
18.01.2025 18:00:00;18.01.2025 19:00:00;381.14
18.01.2025 19:00:00;18.01.2025 20:00:00;375.15
18.01.2025 20:00:00;18.01.2025 21:00:00;365.4
18.01.2025 21:00:00;18.01.2025 22:00:00;362.7
18.01.2025 22:00:00;18.01.2025 23:00:00;352.25
18.01.2025 23:00:00;19.01.2025 00:00:00;323.72
19.01.2025 00:00:00;19.01.2025 01:00:00;347.06
19.01.2025 01:00:00;19.01.2025 02:00:00;279.3
19.01.2025 02:00:00;19.01.2025 03:00:00;196.82
19.01.2025 03:00:00;19.01.2025 04:00:00;179.41
19.01.2025 04:00:00;19.01.2025 05:00:00;158.94
19.01.2025 05:00:00;19.01.2025 06:00:00;161.06
19.01.2025 06:00:00;19.01.2025 07:00:00;169.3
19.01.2025 07:00:00;19.01.2025 08:00:00;231.18
19.01.2025 08:00:00;19.01.2025 09:00:00;295.65
19.01.2025 09:00:00;19.01.2025 10:00:00;292.24
19.01.2025 10:00:00;19.01.2025 11:00:00;267.41
19.01.2025 11:00:00;19.01.2025 12:00:00;240.35
19.01.2025 12:00:00;19.01.2025 13:00:00;260.83
19.01.2025 13:00:00;19.01.2025 14:00:00;288.24
19.01.2025 14:00:00;19.01.2025 15:00:00;313.88
19.01.2025 15:00:00;19.01.2025 16:00:00;346.47
19.01.2025 16:00:00;19.01.2025 17:00:00;380.36
19.01.2025 17:00:00;19.01.2025 18:00:00;411.06
19.01.2025 18:00:00;19.01.2025 19:00:00;411.65
19.01.2025 19:00:00;19.01.2025 20:00:00;424.71
19.01.2025 20:00:00;19.01.2025 21:00:00;418.71
19.01.2025 21:00:00;19.01.2025 22:00:00;426.12
19.01.2025 22:00:00;19.01.2025 23:00:00;414
19.01.2025 23:00:00;20.01.2025 00:00:00;401.65
20.01.2025 00:00:00;20.01.2025 01:00:00;430.94
20.01.2025 01:00:00;20.01.2025 02:00:00;426.59
20.01.2025 02:00:00;20.01.2025 03:00:00;429.06
20.01.2025 03:00:00;20.01.2025 04:00:00;431.3
20.01.2025 04:00:00;20.01.2025 05:00:00;438.12
20.01.2025 05:00:00;20.01.2025 06:00:00;494.36
20.01.2025 06:00:00;20.01.2025 07:00:00;789.42
20.01.2025 07:00:00;20.01.2025 08:00:00;1426.71
20.01.2025 08:00:00;20.01.2025 09:00:00;2436.72
20.01.2025 09:00:00;20.01.2025 10:00:00;1566.13
20.01.2025 10:00:00;20.01.2025 11:00:00;1177.89
20.01.2025 11:00:00;20.01.2025 12:00:00;823.3
20.01.2025 12:00:00;20.01.2025 13:00:00;789.53
20.01.2025 13:00:00;20.01.2025 14:00:00;760
20.01.2025 14:00:00;20.01.2025 15:00:00;789.42
20.01.2025 15:00:00;20.01.2025 16:00:00;963.42
20.01.2025 16:00:00;20.01.2025 17:00:00;1764.72
20.01.2025 17:00:00;20.01.2025 18:00:00;1847.78
20.01.2025 18:00:00;20.01.2025 19:00:00;1258.01
20.01.2025 19:00:00;20.01.2025 20:00:00;1035.65
20.01.2025 20:00:00;20.01.2025 21:00:00;692.36
20.01.2025 21:00:00;20.01.2025 22:00:00;654.24
20.01.2025 22:00:00;20.01.2025 23:00:00;470.71
20.01.2025 23:00:00;21.01.2025 00:00:00;441.06
21.01.2025 00:00:00;21.01.2025 01:00:00;414.36
21.01.2025 01:00:00;21.01.2025 02:00:00;405.52
21.01.2025 02:00:00;21.01.2025 03:00:00;395.15
21.01.2025 03:00:00;21.01.2025 04:00:00;386.08
21.01.2025 04:00:00;21.01.2025 05:00:00;398.92
21.01.2025 05:00:00;21.01.2025 06:00:00;416.48
21.01.2025 06:00:00;21.01.2025 07:00:00;461.03
21.01.2025 07:00:00;21.01.2025 08:00:00;600.21
21.01.2025 08:00:00;21.01.2025 09:00:00;928.66
21.01.2025 09:00:00;21.01.2025 10:00:00;684.71
21.01.2025 10:00:00;21.01.2025 11:00:00;581.71
21.01.2025 11:00:00;21.01.2025 12:00:00;541.4
21.01.2025 12:00:00;21.01.2025 13:00:00;499.8
21.01.2025 13:00:00;21.01.2025 14:00:00;511
21.01.2025 14:00:00;21.01.2025 15:00:00;518.19
21.01.2025 15:00:00;21.01.2025 16:00:00;545.76
21.01.2025 16:00:00;21.01.2025 17:00:00;576.52
21.01.2025 17:00:00;21.01.2025 18:00:00;659.02
21.01.2025 18:00:00;21.01.2025 19:00:00;559.43
21.01.2025 19:00:00;21.01.2025 20:00:00;508.76
21.01.2025 20:00:00;21.01.2025 21:00:00;466.1
21.01.2025 21:00:00;21.01.2025 22:00:00;444.18
21.01.2025 22:00:00;21.01.2025 23:00:00;438.28
21.01.2025 23:00:00;22.01.2025 00:00:00;425.67
22.01.2025 00:00:00;22.01.2025 01:00:00;441.24
22.01.2025 01:00:00;22.01.2025 02:00:00;433.08
22.01.2025 02:00:00;22.01.2025 03:00:00;434.5
22.01.2025 03:00:00;22.01.2025 04:00:00;436.28
22.01.2025 04:00:00;22.01.2025 05:00:00;440.06
22.01.2025 05:00:00;22.01.2025 06:00:00;490.78
22.01.2025 06:00:00;22.01.2025 07:00:00;1170.85
22.01.2025 07:00:00;22.01.2025 08:00:00;2187.18
22.01.2025 08:00:00;22.01.2025 09:00:00;2211.53
22.01.2025 09:00:00;22.01.2025 10:00:00;2203.14
22.01.2025 10:00:00;22.01.2025 11:00:00;2058.78
22.01.2025 11:00:00;22.01.2025 12:00:00;2127.47
22.01.2025 12:00:00;22.01.2025 13:00:00;1927.54
22.01.2025 13:00:00;22.01.2025 14:00:00;1959.22
22.01.2025 14:00:00;22.01.2025 15:00:00;2068.94
22.01.2025 15:00:00;22.01.2025 16:00:00;2284.13
22.01.2025 16:00:00;22.01.2025 17:00:00;2297.6
22.01.2025 17:00:00;22.01.2025 18:00:00;2428.37
22.01.2025 18:00:00;22.01.2025 19:00:00;2069.06
22.01.2025 19:00:00;22.01.2025 20:00:00;1947.99
22.01.2025 20:00:00;22.01.2025 21:00:00;1522.24
22.01.2025 21:00:00;22.01.2025 22:00:00;1335.43
22.01.2025 22:00:00;22.01.2025 23:00:00;1270.17
22.01.2025 23:00:00;23.01.2025 00:00:00;899.27
23.01.2025 00:00:00;23.01.2025 01:00:00;904.64
23.01.2025 01:00:00;23.01.2025 02:00:00;696.64
23.01.2025 02:00:00;23.01.2025 03:00:00;564.72
23.01.2025 03:00:00;23.01.2025 04:00:00;549.79
23.01.2025 04:00:00;23.01.2025 05:00:00;532.62
23.01.2025 05:00:00;23.01.2025 06:00:00;587.77
23.01.2025 06:00:00;23.01.2025 07:00:00;1170.01
23.01.2025 07:00:00;23.01.2025 08:00:00;1464.18
23.01.2025 08:00:00;23.01.2025 09:00:00;1774.35
23.01.2025 09:00:00;23.01.2025 10:00:00;1660.18
23.01.2025 10:00:00;23.01.2025 11:00:00;1291.58
23.01.2025 11:00:00;23.01.2025 12:00:00;1240.43
23.01.2025 12:00:00;23.01.2025 13:00:00;1094.17
23.01.2025 13:00:00;23.01.2025 14:00:00;933.91
23.01.2025 14:00:00;23.01.2025 15:00:00;822.92
23.01.2025 15:00:00;23.01.2025 16:00:00;705.34
23.01.2025 16:00:00;23.01.2025 17:00:00;883
23.01.2025 17:00:00;23.01.2025 18:00:00;943.67
23.01.2025 18:00:00;23.01.2025 19:00:00;835.97
23.01.2025 19:00:00;23.01.2025 20:00:00;694.41
23.01.2025 20:00:00;23.01.2025 21:00:00;505.34
23.01.2025 21:00:00;23.01.2025 22:00:00;445.62
23.01.2025 22:00:00;23.01.2025 23:00:00;415.16
23.01.2025 23:00:00;24.01.2025 00:00:00;392.47
24.01.2025 00:00:00;24.01.2025 01:00:00;382.12
24.01.2025 01:00:00;24.01.2025 02:00:00;373.08
24.01.2025 02:00:00;24.01.2025 03:00:00;365.21
24.01.2025 03:00:00;24.01.2025 04:00:00;360.16
24.01.2025 04:00:00;24.01.2025 05:00:00;362.16
24.01.2025 05:00:00;24.01.2025 06:00:00;382.12
24.01.2025 06:00:00;24.01.2025 07:00:00;415.83
24.01.2025 07:00:00;24.01.2025 08:00:00;535.14
24.01.2025 08:00:00;24.01.2025 09:00:00;660.67
24.01.2025 09:00:00;24.01.2025 10:00:00;578.12
24.01.2025 10:00:00;24.01.2025 11:00:00;469.73
24.01.2025 11:00:00;24.01.2025 12:00:00;441.43
24.01.2025 12:00:00;24.01.2025 13:00:00;420.17
24.01.2025 13:00:00;24.01.2025 14:00:00;409.37
24.01.2025 14:00:00;24.01.2025 15:00:00;397.16
24.01.2025 15:00:00;24.01.2025 16:00:00;386.82
24.01.2025 16:00:00;24.01.2025 17:00:00;384.94
24.01.2025 17:00:00;24.01.2025 18:00:00;382.24
24.01.2025 18:00:00;24.01.2025 19:00:00;368.74
24.01.2025 19:00:00;24.01.2025 20:00:00;343.37
24.01.2025 20:00:00;24.01.2025 21:00:00;328.46
24.01.2025 21:00:00;24.01.2025 22:00:00;280.66
24.01.2025 22:00:00;24.01.2025 23:00:00;214.2
24.01.2025 23:00:00;25.01.2025 00:00:00;138.69
25.01.2025 00:00:00;25.01.2025 01:00:00;84.45
25.01.2025 01:00:00;25.01.2025 02:00:00;63.04
25.01.2025 02:00:00;25.01.2025 03:00:00;56.1
25.01.2025 03:00:00;25.01.2025 04:00:00;55.05
25.01.2025 04:00:00;25.01.2025 05:00:00;56.46
25.01.2025 05:00:00;25.01.2025 06:00:00;57.75
25.01.2025 06:00:00;25.01.2025 07:00:00;67.75
25.01.2025 07:00:00;25.01.2025 08:00:00;106.56
25.01.2025 08:00:00;25.01.2025 09:00:00;137.85
25.01.2025 09:00:00;25.01.2025 10:00:00;154.31
25.01.2025 10:00:00;25.01.2025 11:00:00;171.96
25.01.2025 11:00:00;25.01.2025 12:00:00;156.08
25.01.2025 12:00:00;25.01.2025 13:00:00;146.55
25.01.2025 13:00:00;25.01.2025 14:00:00;147.26
25.01.2025 14:00:00;25.01.2025 15:00:00;148.32
25.01.2025 15:00:00;25.01.2025 16:00:00;164.31
25.01.2025 16:00:00;25.01.2025 17:00:00;268.76
25.01.2025 17:00:00;25.01.2025 18:00:00;278.28
25.01.2025 18:00:00;25.01.2025 19:00:00;247.94
25.01.2025 19:00:00;25.01.2025 20:00:00;181.84
25.01.2025 20:00:00;25.01.2025 21:00:00;140.91
25.01.2025 21:00:00;25.01.2025 22:00:00;126.32
25.01.2025 22:00:00;25.01.2025 23:00:00;115.15
25.01.2025 23:00:00;26.01.2025 00:00:00;97.15
26.01.2025 00:00:00;26.01.2025 01:00:00;84
26.01.2025 01:00:00;26.01.2025 02:00:00;70.81
26.01.2025 02:00:00;26.01.2025 03:00:00;78.46
26.01.2025 03:00:00;26.01.2025 04:00:00;95.19
26.01.2025 04:00:00;26.01.2025 05:00:00;112.51
26.01.2025 05:00:00;26.01.2025 06:00:00;124.53
26.01.2025 06:00:00;26.01.2025 07:00:00;138.67
26.01.2025 07:00:00;26.01.2025 08:00:00;161.05
26.01.2025 08:00:00;26.01.2025 09:00:00;222.43
26.01.2025 09:00:00;26.01.2025 10:00:00;259.9
26.01.2025 10:00:00;26.01.2025 11:00:00;265.08
26.01.2025 11:00:00;26.01.2025 12:00:00;274.74
26.01.2025 12:00:00;26.01.2025 13:00:00;292.53
26.01.2025 13:00:00;26.01.2025 14:00:00;318.45
26.01.2025 14:00:00;26.01.2025 15:00:00;340.72
26.01.2025 15:00:00;26.01.2025 16:00:00;360.04
26.01.2025 16:00:00;26.01.2025 17:00:00;383.6
26.01.2025 17:00:00;26.01.2025 18:00:00;392.91
26.01.2025 18:00:00;26.01.2025 19:00:00;394.2
26.01.2025 19:00:00;26.01.2025 20:00:00;385.6
26.01.2025 20:00:00;26.01.2025 21:00:00;372.29
26.01.2025 21:00:00;26.01.2025 22:00:00;358.98
26.01.2025 22:00:00;26.01.2025 23:00:00;336.36
26.01.2025 23:00:00;27.01.2025 00:00:00;152.69
27.01.2025 00:00:00;27.01.2025 01:00:00;344.84
27.01.2025 01:00:00;27.01.2025 02:00:00;270.97
27.01.2025 02:00:00;27.01.2025 03:00:00;126.77
27.01.2025 03:00:00;27.01.2025 04:00:00;78.23
27.01.2025 04:00:00;27.01.2025 05:00:00;96.61
27.01.2025 05:00:00;27.01.2025 06:00:00;165.06
27.01.2025 06:00:00;27.01.2025 07:00:00;343.66
27.01.2025 07:00:00;27.01.2025 08:00:00;421.42
27.01.2025 08:00:00;27.01.2025 09:00:00;448.75
27.01.2025 09:00:00;27.01.2025 10:00:00;422.95
27.01.2025 10:00:00;27.01.2025 11:00:00;402.57
27.01.2025 11:00:00;27.01.2025 12:00:00;388.67
27.01.2025 12:00:00;27.01.2025 13:00:00;370.29
27.01.2025 13:00:00;27.01.2025 14:00:00;365.81
27.01.2025 14:00:00;27.01.2025 15:00:00;383.01
27.01.2025 15:00:00;27.01.2025 16:00:00;397.97
27.01.2025 16:00:00;27.01.2025 17:00:00;404.81
27.01.2025 17:00:00;27.01.2025 18:00:00;414
27.01.2025 18:00:00;27.01.2025 19:00:00;405.51
27.01.2025 19:00:00;27.01.2025 20:00:00;386.55
27.01.2025 20:00:00;27.01.2025 21:00:00;363.45
27.01.2025 21:00:00;27.01.2025 22:00:00;352.5
27.01.2025 22:00:00;27.01.2025 23:00:00;335.89
27.01.2025 23:00:00;28.01.2025 00:00:00;298.54
28.01.2025 00:00:00;28.01.2025 01:00:00;344.32
28.01.2025 01:00:00;28.01.2025 02:00:00;340.19
28.01.2025 02:00:00;28.01.2025 03:00:00;333.58
28.01.2025 03:00:00;28.01.2025 04:00:00;343.02
28.01.2025 04:00:00;28.01.2025 05:00:00;351.05
28.01.2025 05:00:00;28.01.2025 06:00:00;389.66
28.01.2025 06:00:00;28.01.2025 07:00:00;435.01
28.01.2025 07:00:00;28.01.2025 08:00:00;649.44
28.01.2025 08:00:00;28.01.2025 09:00:00;968.85
28.01.2025 09:00:00;28.01.2025 10:00:00;1078.78
28.01.2025 10:00:00;28.01.2025 11:00:00;1133.45
28.01.2025 11:00:00;28.01.2025 12:00:00;1113.38
28.01.2025 12:00:00;28.01.2025 13:00:00;1106.41
28.01.2025 13:00:00;28.01.2025 14:00:00;1162.85
28.01.2025 14:00:00;28.01.2025 15:00:00;1263.81
28.01.2025 15:00:00;28.01.2025 16:00:00;1302.66
28.01.2025 16:00:00;28.01.2025 17:00:00;1448.85
28.01.2025 17:00:00;28.01.2025 18:00:00;1468.68
28.01.2025 18:00:00;28.01.2025 19:00:00;1334.31
28.01.2025 19:00:00;28.01.2025 20:00:00;1254.49
28.01.2025 20:00:00;28.01.2025 21:00:00;944.05
28.01.2025 21:00:00;28.01.2025 22:00:00;721.59
28.01.2025 22:00:00;28.01.2025 23:00:00;531.6
28.01.2025 23:00:00;29.01.2025 00:00:00;443.86
29.01.2025 00:00:00;29.01.2025 01:00:00;482.09
29.01.2025 01:00:00;29.01.2025 02:00:00;446.07
29.01.2025 02:00:00;29.01.2025 03:00:00;440.19
29.01.2025 03:00:00;29.01.2025 04:00:00;440.07
29.01.2025 04:00:00;29.01.2025 05:00:00;443.72
29.01.2025 05:00:00;29.01.2025 06:00:00;475.02
29.01.2025 06:00:00;29.01.2025 07:00:00;809.52
29.01.2025 07:00:00;29.01.2025 08:00:00;1465.32
29.01.2025 08:00:00;29.01.2025 09:00:00;1631.51
29.01.2025 09:00:00;29.01.2025 10:00:00;1463.91
29.01.2025 10:00:00;29.01.2025 11:00:00;962.64
29.01.2025 11:00:00;29.01.2025 12:00:00;796.69
29.01.2025 12:00:00;29.01.2025 13:00:00;820.46
29.01.2025 13:00:00;29.01.2025 14:00:00;789.86
29.01.2025 14:00:00;29.01.2025 15:00:00;668.99
29.01.2025 15:00:00;29.01.2025 16:00:00;645.45
29.01.2025 16:00:00;29.01.2025 17:00:00;701.47
29.01.2025 17:00:00;29.01.2025 18:00:00;647.1
29.01.2025 18:00:00;29.01.2025 19:00:00;633.91
29.01.2025 19:00:00;29.01.2025 20:00:00;522.34
29.01.2025 20:00:00;29.01.2025 21:00:00;447.25
29.01.2025 21:00:00;29.01.2025 22:00:00;439.48
29.01.2025 22:00:00;29.01.2025 23:00:00;427.36
29.01.2025 23:00:00;30.01.2025 00:00:00;394.52
30.01.2025 00:00:00;30.01.2025 01:00:00;368.03
30.01.2025 01:00:00;30.01.2025 02:00:00;353.3
30.01.2025 02:00:00;30.01.2025 03:00:00;349.77
30.01.2025 03:00:00;30.01.2025 04:00:00;348.35
30.01.2025 04:00:00;30.01.2025 05:00:00;364.02
30.01.2025 05:00:00;30.01.2025 06:00:00;409.26
30.01.2025 06:00:00;30.01.2025 07:00:00;442.71
30.01.2025 07:00:00;30.01.2025 08:00:00;601.99
30.01.2025 08:00:00;30.01.2025 09:00:00;704.48
30.01.2025 09:00:00;30.01.2025 10:00:00;767.15
30.01.2025 10:00:00;30.01.2025 11:00:00;704.48
30.01.2025 11:00:00;30.01.2025 12:00:00;602.11
30.01.2025 12:00:00;30.01.2025 13:00:00;604.34
30.01.2025 13:00:00;30.01.2025 14:00:00;593.98
30.01.2025 14:00:00;30.01.2025 15:00:00;657.83
30.01.2025 15:00:00;30.01.2025 16:00:00;637.33
30.01.2025 16:00:00;30.01.2025 17:00:00;791.07
30.01.2025 17:00:00;30.01.2025 18:00:00;817.46
30.01.2025 18:00:00;30.01.2025 19:00:00;604.34
30.01.2025 19:00:00;30.01.2025 20:00:00;582.32
30.01.2025 20:00:00;30.01.2025 21:00:00;477
30.01.2025 21:00:00;30.01.2025 22:00:00;450.37
30.01.2025 22:00:00;30.01.2025 23:00:00;434.35
30.01.2025 23:00:00;31.01.2025 00:00:00;423.75
31.01.2025 00:00:00;31.01.2025 01:00:00;416.64
31.01.2025 01:00:00;31.01.2025 02:00:00;406.4
31.01.2025 02:00:00;31.01.2025 03:00:00;404.17
31.01.2025 03:00:00;31.01.2025 04:00:00;400.88
31.01.2025 04:00:00;31.01.2025 05:00:00;404.76
31.01.2025 05:00:00;31.01.2025 06:00:00;428.87
31.01.2025 06:00:00;31.01.2025 07:00:00;472.28
31.01.2025 07:00:00;31.01.2025 08:00:00;717.65
31.01.2025 08:00:00;31.01.2025 09:00:00;718.82
31.01.2025 09:00:00;31.01.2025 10:00:00;647.31
31.01.2025 10:00:00;31.01.2025 11:00:00;572.26
31.01.2025 11:00:00;31.01.2025 12:00:00;525.21
31.01.2025 12:00:00;31.01.2025 13:00:00;513.68
31.01.2025 13:00:00;31.01.2025 14:00:00;517.09
31.01.2025 14:00:00;31.01.2025 15:00:00;490.27
31.01.2025 15:00:00;31.01.2025 16:00:00;491.92
31.01.2025 16:00:00;31.01.2025 17:00:00;494.74
31.01.2025 17:00:00;31.01.2025 18:00:00;490.04
31.01.2025 18:00:00;31.01.2025 19:00:00;484.63
31.01.2025 19:00:00;31.01.2025 20:00:00;474.27
31.01.2025 20:00:00;31.01.2025 21:00:00;459.69
31.01.2025 21:00:00;31.01.2025 22:00:00;456.75
31.01.2025 22:00:00;31.01.2025 23:00:00;427.34
31.01.2025 23:00:00;01.02.2025 00:00:00;399.23
01.02.2025 00:00:00;01.02.2025 01:00:00;415.17
01.02.2025 01:00:00;01.02.2025 02:00:00;394.95
01.02.2025 02:00:00;01.02.2025 03:00:00;390.37
01.02.2025 03:00:00;01.02.2025 04:00:00;379.79
01.02.2025 04:00:00;01.02.2025 05:00:00;380.61
01.02.2025 05:00:00;01.02.2025 06:00:00;385.31
01.02.2025 06:00:00;01.02.2025 07:00:00;412.47
01.02.2025 07:00:00;01.02.2025 08:00:00;443.62
01.02.2025 08:00:00;01.02.2025 09:00:00;464.54
01.02.2025 09:00:00;01.02.2025 10:00:00;472.06
01.02.2025 10:00:00;01.02.2025 11:00:00;469.01
01.02.2025 11:00:00;01.02.2025 12:00:00;476.41
01.02.2025 12:00:00;01.02.2025 13:00:00;478.06
01.02.2025 13:00:00;01.02.2025 14:00:00;475.82
01.02.2025 14:00:00;01.02.2025 15:00:00;480.88
01.02.2025 15:00:00;01.02.2025 16:00:00;491.46
01.02.2025 16:00:00;01.02.2025 17:00:00;541.77
01.02.2025 17:00:00;01.02.2025 18:00:00;587.73
01.02.2025 18:00:00;01.02.2025 19:00:00;587.73
01.02.2025 19:00:00;01.02.2025 20:00:00;536.01
01.02.2025 20:00:00;01.02.2025 21:00:00;527.9
01.02.2025 21:00:00;01.02.2025 22:00:00;521.9
01.02.2025 22:00:00;01.02.2025 23:00:00;503.45
01.02.2025 23:00:00;02.02.2025 00:00:00;491.34
02.02.2025 00:00:00;02.02.2025 01:00:00;500.95
02.02.2025 01:00:00;02.02.2025 02:00:00;496.04
02.02.2025 02:00:00;02.02.2025 03:00:00;491.12
02.02.2025 03:00:00;02.02.2025 04:00:00;487.61
02.02.2025 04:00:00;02.02.2025 05:00:00;483.52
02.02.2025 05:00:00;02.02.2025 06:00:00;488.08
02.02.2025 06:00:00;02.02.2025 07:00:00;495.34
02.02.2025 07:00:00;02.02.2025 08:00:00;509.26
02.02.2025 08:00:00;02.02.2025 09:00:00;510.78
02.02.2025 09:00:00;02.02.2025 10:00:00;531.72
02.02.2025 10:00:00;02.02.2025 11:00:00;521.89
02.02.2025 11:00:00;02.02.2025 12:00:00;525.29
02.02.2025 12:00:00;02.02.2025 13:00:00;518.73
02.02.2025 13:00:00;02.02.2025 14:00:00;517.21
02.02.2025 14:00:00;02.02.2025 15:00:00;519.9
02.02.2025 15:00:00;02.02.2025 16:00:00;537.45
02.02.2025 16:00:00;02.02.2025 17:00:00;621.33
02.02.2025 17:00:00;02.02.2025 18:00:00;717.27
02.02.2025 18:00:00;02.02.2025 19:00:00;701.82
02.02.2025 19:00:00;02.02.2025 20:00:00;696.68
02.02.2025 20:00:00;02.02.2025 21:00:00;599.46
02.02.2025 21:00:00;02.02.2025 22:00:00;632.21
02.02.2025 22:00:00;02.02.2025 23:00:00;547.98
02.02.2025 23:00:00;03.02.2025 00:00:00;526.22
03.02.2025 00:00:00;03.02.2025 01:00:00;510.9
03.02.2025 01:00:00;03.02.2025 02:00:00;505.4
03.02.2025 02:00:00;03.02.2025 03:00:00;503.76
03.02.2025 03:00:00;03.02.2025 04:00:00;504.23
03.02.2025 04:00:00;03.02.2025 05:00:00;509.73
03.02.2025 05:00:00;03.02.2025 06:00:00;518.27
03.02.2025 06:00:00;03.02.2025 07:00:00;876.14
03.02.2025 07:00:00;03.02.2025 08:00:00;1357.32
03.02.2025 08:00:00;03.02.2025 09:00:00;1667.81
03.02.2025 09:00:00;03.02.2025 10:00:00;1403.88
03.02.2025 10:00:00;03.02.2025 11:00:00;1283.03
03.02.2025 11:00:00;03.02.2025 12:00:00;1216.11
03.02.2025 12:00:00;03.02.2025 13:00:00;1157.73
03.02.2025 13:00:00;03.02.2025 14:00:00;1182.42
03.02.2025 14:00:00;03.02.2025 15:00:00;1183.94
03.02.2025 15:00:00;03.02.2025 16:00:00;1229.1
03.02.2025 16:00:00;03.02.2025 17:00:00;1403.53
03.02.2025 17:00:00;03.02.2025 18:00:00;1579.48
03.02.2025 18:00:00;03.02.2025 19:00:00;1511.74
03.02.2025 19:00:00;03.02.2025 20:00:00;1496.89
03.02.2025 20:00:00;03.02.2025 21:00:00;1229.21
03.02.2025 21:00:00;03.02.2025 22:00:00;1165.22
03.02.2025 22:00:00;03.02.2025 23:00:00;739.38
03.02.2025 23:00:00;04.02.2025 00:00:00;511.71
04.02.2025 00:00:00;04.02.2025 01:00:00;549.47
04.02.2025 01:00:00;04.02.2025 02:00:00;534.95
04.02.2025 02:00:00;04.02.2025 03:00:00;525
04.02.2025 03:00:00;04.02.2025 04:00:00;517.04
04.02.2025 04:00:00;04.02.2025 05:00:00;515.76
04.02.2025 05:00:00;04.02.2025 06:00:00;528.28
04.02.2025 06:00:00;04.02.2025 07:00:00;701.99
04.02.2025 07:00:00;04.02.2025 08:00:00;1292.55
04.02.2025 08:00:00;04.02.2025 09:00:00;1696.4
04.02.2025 09:00:00;04.02.2025 10:00:00;1009.39
04.02.2025 10:00:00;04.02.2025 11:00:00;792.48
04.02.2025 11:00:00;04.02.2025 12:00:00;717.56
04.02.2025 12:00:00;04.02.2025 13:00:00;611.39
04.02.2025 13:00:00;04.02.2025 14:00:00;552.39
04.02.2025 14:00:00;04.02.2025 15:00:00;535.77
04.02.2025 15:00:00;04.02.2025 16:00:00;527.81
04.02.2025 16:00:00;04.02.2025 17:00:00;516.81
04.02.2025 17:00:00;04.02.2025 18:00:00;503
04.02.2025 18:00:00;04.02.2025 19:00:00;490.71
04.02.2025 19:00:00;04.02.2025 20:00:00;460.04
04.02.2025 20:00:00;04.02.2025 21:00:00;409.58
04.02.2025 21:00:00;04.02.2025 22:00:00;367.56
04.02.2025 22:00:00;04.02.2025 23:00:00;244.53
04.02.2025 23:00:00;05.02.2025 00:00:00;139.65
05.02.2025 00:00:00;05.02.2025 01:00:00;155.94
05.02.2025 01:00:00;05.02.2025 02:00:00;129.68
05.02.2025 02:00:00;05.02.2025 03:00:00;117.6
05.02.2025 03:00:00;05.02.2025 04:00:00;118.07
05.02.2025 04:00:00;05.02.2025 05:00:00;128.62
05.02.2025 05:00:00;05.02.2025 06:00:00;163.1
05.02.2025 06:00:00;05.02.2025 07:00:00;308.25
05.02.2025 07:00:00;05.02.2025 08:00:00;459.04
05.02.2025 08:00:00;05.02.2025 09:00:00;491.28
05.02.2025 09:00:00;05.02.2025 10:00:00;492.33
05.02.2025 10:00:00;05.02.2025 11:00:00;495.5
05.02.2025 11:00:00;05.02.2025 12:00:00;480.37
05.02.2025 12:00:00;05.02.2025 13:00:00;465.02
05.02.2025 13:00:00;05.02.2025 14:00:00;459.74
05.02.2025 14:00:00;05.02.2025 15:00:00;452.7
05.02.2025 15:00:00;05.02.2025 16:00:00;468.88
05.02.2025 16:00:00;05.02.2025 17:00:00;491.51
05.02.2025 17:00:00;05.02.2025 18:00:00;513.67
05.02.2025 18:00:00;05.02.2025 19:00:00;515.67
05.02.2025 19:00:00;05.02.2025 20:00:00;510.98
05.02.2025 20:00:00;05.02.2025 21:00:00;495.03
05.02.2025 21:00:00;05.02.2025 22:00:00;495.15
05.02.2025 22:00:00;05.02.2025 23:00:00;469
05.02.2025 23:00:00;06.02.2025 00:00:00;438.99
06.02.2025 00:00:00;06.02.2025 01:00:00;437.7
06.02.2025 01:00:00;06.02.2025 02:00:00;426.37
06.02.2025 02:00:00;06.02.2025 03:00:00;434.55
06.02.2025 03:00:00;06.02.2025 04:00:00;441.21
06.02.2025 04:00:00;06.02.2025 05:00:00;471.81
06.02.2025 05:00:00;06.02.2025 06:00:00;521.11
06.02.2025 06:00:00;06.02.2025 07:00:00;558.14
06.02.2025 07:00:00;06.02.2025 08:00:00;633.6
06.02.2025 08:00:00;06.02.2025 09:00:00;876.34
06.02.2025 09:00:00;06.02.2025 10:00:00;702.17
06.02.2025 10:00:00;06.02.2025 11:00:00;641.19
06.02.2025 11:00:00;06.02.2025 12:00:00;608.95
06.02.2025 12:00:00;06.02.2025 13:00:00;576.36
06.02.2025 13:00:00;06.02.2025 14:00:00;569.7
06.02.2025 14:00:00;06.02.2025 15:00:00;555.57
06.02.2025 15:00:00;06.02.2025 16:00:00;557.32
06.02.2025 16:00:00;06.02.2025 17:00:00;563.04
06.02.2025 17:00:00;06.02.2025 18:00:00;563.74
06.02.2025 18:00:00;06.02.2025 19:00:00;552.18
06.02.2025 19:00:00;06.02.2025 20:00:00;548.44
06.02.2025 20:00:00;06.02.2025 21:00:00;543.19
06.02.2025 21:00:00;06.02.2025 22:00:00;539.56
06.02.2025 22:00:00;06.02.2025 23:00:00;535.59
06.02.2025 23:00:00;07.02.2025 00:00:00;505.45
07.02.2025 00:00:00;07.02.2025 01:00:00;519.16
07.02.2025 01:00:00;07.02.2025 02:00:00;499.69
07.02.2025 02:00:00;07.02.2025 03:00:00;496.31
07.02.2025 03:00:00;07.02.2025 04:00:00;495.84
07.02.2025 04:00:00;07.02.2025 05:00:00;502.26
07.02.2025 05:00:00;07.02.2025 06:00:00;536.52
07.02.2025 06:00:00;07.02.2025 07:00:00;577.32
07.02.2025 07:00:00;07.02.2025 08:00:00;615.2
07.02.2025 08:00:00;07.02.2025 09:00:00;639.91
07.02.2025 09:00:00;07.02.2025 10:00:00;637.35
07.02.2025 10:00:00;07.02.2025 11:00:00;640.03
07.02.2025 11:00:00;07.02.2025 12:00:00;605.18
07.02.2025 12:00:00;07.02.2025 13:00:00;601.91
07.02.2025 13:00:00;07.02.2025 14:00:00;602.96
07.02.2025 14:00:00;07.02.2025 15:00:00;605.76
07.02.2025 15:00:00;07.02.2025 16:00:00;588.39
07.02.2025 16:00:00;07.02.2025 17:00:00;615.67
07.02.2025 17:00:00;07.02.2025 18:00:00;629.19
07.02.2025 18:00:00;07.02.2025 19:00:00;626.62
07.02.2025 19:00:00;07.02.2025 20:00:00;601.56
07.02.2025 20:00:00;07.02.2025 21:00:00;570.68
07.02.2025 21:00:00;07.02.2025 22:00:00;556.46
07.02.2025 22:00:00;07.02.2025 23:00:00;528.36
07.02.2025 23:00:00;08.02.2025 00:00:00;501.21
08.02.2025 00:00:00;08.02.2025 01:00:00;430.47
08.02.2025 01:00:00;08.02.2025 02:00:00;318.46
08.02.2025 02:00:00;08.02.2025 03:00:00;264.9
08.02.2025 03:00:00;08.02.2025 04:00:00;235.79
08.02.2025 04:00:00;08.02.2025 05:00:00;241.49
08.02.2025 05:00:00;08.02.2025 06:00:00;255.47
08.02.2025 06:00:00;08.02.2025 07:00:00;319.62
08.02.2025 07:00:00;08.02.2025 08:00:00;423.26
08.02.2025 08:00:00;08.02.2025 09:00:00;489.16
08.02.2025 09:00:00;08.02.2025 10:00:00;523.51
08.02.2025 10:00:00;08.02.2025 11:00:00;538.3
08.02.2025 11:00:00;08.02.2025 12:00:00;541.79
08.02.2025 12:00:00;08.02.2025 13:00:00;542.84
08.02.2025 13:00:00;08.02.2025 14:00:00;555.18
08.02.2025 14:00:00;08.02.2025 15:00:00;565.31
08.02.2025 15:00:00;08.02.2025 16:00:00;579.28
08.02.2025 16:00:00;08.02.2025 17:00:00;616.54
08.02.2025 17:00:00;08.02.2025 18:00:00;678.02
08.02.2025 18:00:00;08.02.2025 19:00:00;658.69
08.02.2025 19:00:00;08.02.2025 20:00:00;627.26
08.02.2025 20:00:00;08.02.2025 21:00:00;612.47
08.02.2025 21:00:00;08.02.2025 22:00:00;608.63
08.02.2025 22:00:00;08.02.2025 23:00:00;598.03
08.02.2025 23:00:00;09.02.2025 00:00:00;580.22
09.02.2025 00:00:00;09.02.2025 01:00:00;582.35
09.02.2025 01:00:00;09.02.2025 02:00:00;569.7
09.02.2025 02:00:00;09.02.2025 03:00:00;560.99
09.02.2025 03:00:00;09.02.2025 04:00:00;557.39
09.02.2025 04:00:00;09.02.2025 05:00:00;558.79
09.02.2025 05:00:00;09.02.2025 06:00:00;561.92
09.02.2025 06:00:00;09.02.2025 07:00:00;570.4
09.02.2025 07:00:00;09.02.2025 08:00:00;575.85
09.02.2025 08:00:00;09.02.2025 09:00:00;574.92
09.02.2025 09:00:00;09.02.2025 10:00:00;582.24
09.02.2025 10:00:00;09.02.2025 11:00:00;576.2
09.02.2025 11:00:00;09.02.2025 12:00:00;570.98
09.02.2025 12:00:00;09.02.2025 13:00:00;562.04
09.02.2025 13:00:00;09.02.2025 14:00:00;558.32
09.02.2025 14:00:00;09.02.2025 15:00:00;547.99
09.02.2025 15:00:00;09.02.2025 16:00:00;549.61
09.02.2025 16:00:00;09.02.2025 17:00:00;560.76
09.02.2025 17:00:00;09.02.2025 18:00:00;571.56
09.02.2025 18:00:00;09.02.2025 19:00:00;565.52
09.02.2025 19:00:00;09.02.2025 20:00:00;550.2
09.02.2025 20:00:00;09.02.2025 21:00:00;521.98
09.02.2025 21:00:00;09.02.2025 22:00:00;511.19
09.02.2025 22:00:00;09.02.2025 23:00:00;468.11
09.02.2025 23:00:00;10.02.2025 00:00:00;406.23
10.02.2025 00:00:00;10.02.2025 01:00:00;419.93
10.02.2025 01:00:00;10.02.2025 02:00:00;359.91
10.02.2025 02:00:00;10.02.2025 03:00:00;344.82
10.02.2025 03:00:00;10.02.2025 04:00:00;353.06
10.02.2025 04:00:00;10.02.2025 05:00:00;417.96
10.02.2025 05:00:00;10.02.2025 06:00:00;524.19
10.02.2025 06:00:00;10.02.2025 07:00:00;601.39
10.02.2025 07:00:00;10.02.2025 08:00:00;696.6
10.02.2025 08:00:00;10.02.2025 09:00:00;870.75
10.02.2025 09:00:00;10.02.2025 10:00:00;816.29
10.02.2025 10:00:00;10.02.2025 11:00:00;779.03
10.02.2025 11:00:00;10.02.2025 12:00:00;779.03
10.02.2025 12:00:00;10.02.2025 13:00:00;700.54
10.02.2025 13:00:00;10.02.2025 14:00:00;663.62
10.02.2025 14:00:00;10.02.2025 15:00:00;662.35
10.02.2025 15:00:00;10.02.2025 16:00:00;652.36
10.02.2025 16:00:00;10.02.2025 17:00:00;673.96
10.02.2025 17:00:00;10.02.2025 18:00:00;691.49
10.02.2025 18:00:00;10.02.2025 19:00:00;662.35
10.02.2025 19:00:00;10.02.2025 20:00:00;620.78
10.02.2025 20:00:00;10.02.2025 21:00:00;590.48
10.02.2025 21:00:00;10.02.2025 22:00:00;575.85
10.02.2025 22:00:00;10.02.2025 23:00:00;550.31
10.02.2025 23:00:00;11.02.2025 00:00:00;512
11.02.2025 00:00:00;11.02.2025 01:00:00;519.83
11.02.2025 01:00:00;11.02.2025 02:00:00;505.24
11.02.2025 02:00:00;11.02.2025 03:00:00;486.96
11.02.2025 03:00:00;11.02.2025 04:00:00;479.32
11.02.2025 04:00:00;11.02.2025 05:00:00;489.85
11.02.2025 05:00:00;11.02.2025 06:00:00;528.62
11.02.2025 06:00:00;11.02.2025 07:00:00;589.62
11.02.2025 07:00:00;11.02.2025 08:00:00;634.77
11.02.2025 08:00:00;11.02.2025 09:00:00;667.75
11.02.2025 09:00:00;11.02.2025 10:00:00;645.88
11.02.2025 10:00:00;11.02.2025 11:00:00;636.39
11.02.2025 11:00:00;11.02.2025 12:00:00;634.77
11.02.2025 12:00:00;11.02.2025 13:00:00;627.13
11.02.2025 13:00:00;11.02.2025 14:00:00;614.16
11.02.2025 14:00:00;11.02.2025 15:00:00;610.11
11.02.2025 15:00:00;11.02.2025 16:00:00;607.68
11.02.2025 16:00:00;11.02.2025 17:00:00;622.15
11.02.2025 17:00:00;11.02.2025 18:00:00;640.21
11.02.2025 18:00:00;11.02.2025 19:00:00;639.16
11.02.2025 19:00:00;11.02.2025 20:00:00;617.4
11.02.2025 20:00:00;11.02.2025 21:00:00;594.72
11.02.2025 21:00:00;11.02.2025 22:00:00;586.96
11.02.2025 22:00:00;11.02.2025 23:00:00;563
11.02.2025 23:00:00;12.02.2025 00:00:00;540.32
12.02.2025 00:00:00;12.02.2025 01:00:00;566.17
12.02.2025 01:00:00;12.02.2025 02:00:00;554.58
12.02.2025 02:00:00;12.02.2025 03:00:00;546.01
12.02.2025 03:00:00;12.02.2025 04:00:00;549.25
12.02.2025 04:00:00;12.02.2025 05:00:00;572.77
12.02.2025 05:00:00;12.02.2025 06:00:00;613.43
12.02.2025 06:00:00;12.02.2025 07:00:00;664.99
12.02.2025 07:00:00;12.02.2025 08:00:00;938.98
12.02.2025 08:00:00;12.02.2025 09:00:00;1274.13
12.02.2025 09:00:00;12.02.2025 10:00:00;1275.53
12.02.2025 10:00:00;12.02.2025 11:00:00;1218.29
12.02.2025 11:00:00;12.02.2025 12:00:00;1182.61
12.02.2025 12:00:00;12.02.2025 13:00:00;1193.04
12.02.2025 13:00:00;12.02.2025 14:00:00;1210.07
12.02.2025 14:00:00;12.02.2025 15:00:00;1239.61
12.02.2025 15:00:00;12.02.2025 16:00:00;1244.71
12.02.2025 16:00:00;12.02.2025 17:00:00;1430.07
12.02.2025 17:00:00;12.02.2025 18:00:00;1491.82
12.02.2025 18:00:00;12.02.2025 19:00:00;1447.8
12.02.2025 19:00:00;12.02.2025 20:00:00;1252.01
12.02.2025 20:00:00;12.02.2025 21:00:00;1192.69
12.02.2025 21:00:00;12.02.2025 22:00:00;1114.84
12.02.2025 22:00:00;12.02.2025 23:00:00;1045.21
12.02.2025 23:00:00;13.02.2025 00:00:00;731.72
13.02.2025 00:00:00;13.02.2025 01:00:00;992.91
13.02.2025 01:00:00;13.02.2025 02:00:00;810.67
13.02.2025 02:00:00;13.02.2025 03:00:00;783.24
13.02.2025 03:00:00;13.02.2025 04:00:00;772.38
13.02.2025 04:00:00;13.02.2025 05:00:00;779.74
13.02.2025 05:00:00;13.02.2025 06:00:00;814.76
13.02.2025 06:00:00;13.02.2025 07:00:00;1193.71
13.02.2025 07:00:00;13.02.2025 08:00:00;1562.62
13.02.2025 08:00:00;13.02.2025 09:00:00;1881.8
13.02.2025 09:00:00;13.02.2025 10:00:00;1867.91
13.02.2025 10:00:00;13.02.2025 11:00:00;1848.53
13.02.2025 11:00:00;13.02.2025 12:00:00;1709.14
13.02.2025 12:00:00;13.02.2025 13:00:00;1637.92
13.02.2025 13:00:00;13.02.2025 14:00:00;1430.7
13.02.2025 14:00:00;13.02.2025 15:00:00;1445.18
13.02.2025 15:00:00;13.02.2025 16:00:00;1335.67
13.02.2025 16:00:00;13.02.2025 17:00:00;1517.91
13.02.2025 17:00:00;13.02.2025 18:00:00;1849.35
13.02.2025 18:00:00;13.02.2025 19:00:00;1898.38
13.02.2025 19:00:00;13.02.2025 20:00:00;1868.03
13.02.2025 20:00:00;13.02.2025 21:00:00;1534.49
13.02.2025 21:00:00;13.02.2025 22:00:00;1465.14
13.02.2025 22:00:00;13.02.2025 23:00:00;1304.27
13.02.2025 23:00:00;14.02.2025 00:00:00;1196.75
14.02.2025 00:00:00;14.02.2025 01:00:00;1314.18
14.02.2025 01:00:00;14.02.2025 02:00:00;1264.08
14.02.2025 02:00:00;14.02.2025 03:00:00;1234.16
14.02.2025 03:00:00;14.02.2025 04:00:00;1204.6
14.02.2025 04:00:00;14.02.2025 05:00:00;1204.36
14.02.2025 05:00:00;14.02.2025 06:00:00;1217.86
14.02.2025 06:00:00;14.02.2025 07:00:00;1610.78
14.02.2025 07:00:00;14.02.2025 08:00:00;2346.66
14.02.2025 08:00:00;14.02.2025 09:00:00;2582.02
14.02.2025 09:00:00;14.02.2025 10:00:00;2346.66
14.02.2025 10:00:00;14.02.2025 11:00:00;2080.21
14.02.2025 11:00:00;14.02.2025 12:00:00;1888.38
14.02.2025 12:00:00;14.02.2025 13:00:00;1759.79
14.02.2025 13:00:00;14.02.2025 14:00:00;1701.24
14.02.2025 14:00:00;14.02.2025 15:00:00;1682.59
14.02.2025 15:00:00;14.02.2025 16:00:00;1759.79
14.02.2025 16:00:00;14.02.2025 17:00:00;1900.82
14.02.2025 17:00:00;14.02.2025 18:00:00;2309.23
14.02.2025 18:00:00;14.02.2025 19:00:00;2260.66
14.02.2025 19:00:00;14.02.2025 20:00:00;1887.44
14.02.2025 20:00:00;14.02.2025 21:00:00;1294.12
14.02.2025 21:00:00;14.02.2025 22:00:00;1231.82
14.02.2025 22:00:00;14.02.2025 23:00:00;1043.98
14.02.2025 23:00:00;15.02.2025 00:00:00;859.66
15.02.2025 00:00:00;15.02.2025 01:00:00;893.46
15.02.2025 01:00:00;15.02.2025 02:00:00;782.47
15.02.2025 02:00:00;15.02.2025 03:00:00;698.89
15.02.2025 03:00:00;15.02.2025 04:00:00;688.75
15.02.2025 04:00:00;15.02.2025 05:00:00;681.75
15.02.2025 05:00:00;15.02.2025 06:00:00;687.35
15.02.2025 06:00:00;15.02.2025 07:00:00;693.41
15.02.2025 07:00:00;15.02.2025 08:00:00;759.39
15.02.2025 08:00:00;15.02.2025 09:00:00;887.28
15.02.2025 09:00:00;15.02.2025 10:00:00;890.19
15.02.2025 10:00:00;15.02.2025 11:00:00;888.44
15.02.2025 11:00:00;15.02.2025 12:00:00;888.1
15.02.2025 12:00:00;15.02.2025 13:00:00;888.1
15.02.2025 13:00:00;15.02.2025 14:00:00;891.83
15.02.2025 14:00:00;15.02.2025 15:00:00;890.43
15.02.2025 15:00:00;15.02.2025 16:00:00;971.33
15.02.2025 16:00:00;15.02.2025 17:00:00;1048.16
15.02.2025 17:00:00;15.02.2025 18:00:00;1201.34
15.02.2025 18:00:00;15.02.2025 19:00:00;1192.83
15.02.2025 19:00:00;15.02.2025 20:00:00;1017.26
15.02.2025 20:00:00;15.02.2025 21:00:00;956.76
15.02.2025 21:00:00;15.02.2025 22:00:00;917.59
15.02.2025 22:00:00;15.02.2025 23:00:00;889.38
15.02.2025 23:00:00;16.02.2025 00:00:00;857.09
16.02.2025 00:00:00;16.02.2025 01:00:00;818.87
16.02.2025 01:00:00;16.02.2025 02:00:00;831.23
16.02.2025 02:00:00;16.02.2025 03:00:00;775.25
16.02.2025 03:00:00;16.02.2025 04:00:00;746.45
16.02.2025 04:00:00;16.02.2025 05:00:00;782.48
16.02.2025 05:00:00;16.02.2025 06:00:00;820.38
16.02.2025 06:00:00;16.02.2025 07:00:00;935.02
16.02.2025 07:00:00;16.02.2025 08:00:00;979.68
16.02.2025 08:00:00;16.02.2025 09:00:00;1020.5
16.02.2025 09:00:00;16.02.2025 10:00:00;1112.85
16.02.2025 10:00:00;16.02.2025 11:00:00;1109.12
16.02.2025 11:00:00;16.02.2025 12:00:00;1150.17
16.02.2025 12:00:00;16.02.2025 13:00:00;1126.96
16.02.2025 13:00:00;16.02.2025 14:00:00;1133.96
16.02.2025 14:00:00;16.02.2025 15:00:00;1156.23
16.02.2025 15:00:00;16.02.2025 16:00:00;1189
16.02.2025 16:00:00;16.02.2025 17:00:00;1341.3
16.02.2025 17:00:00;16.02.2025 18:00:00;1399.38
16.02.2025 18:00:00;16.02.2025 19:00:00;1498.62
16.02.2025 19:00:00;16.02.2025 20:00:00;1429.11
16.02.2025 20:00:00;16.02.2025 21:00:00;1283.58
16.02.2025 21:00:00;16.02.2025 22:00:00;1197.63
16.02.2025 22:00:00;16.02.2025 23:00:00;1185.97
16.02.2025 23:00:00;17.02.2025 00:00:00;1133.96
17.02.2025 00:00:00;17.02.2025 01:00:00;1101.78
17.02.2025 01:00:00;17.02.2025 02:00:00;1072.16
17.02.2025 02:00:00;17.02.2025 03:00:00;1034.14
17.02.2025 03:00:00;17.02.2025 04:00:00;1051.4
17.02.2025 04:00:00;17.02.2025 05:00:00;1061.89
17.02.2025 05:00:00;17.02.2025 06:00:00;1025.16
17.02.2025 06:00:00;17.02.2025 07:00:00;1158.33
17.02.2025 07:00:00;17.02.2025 08:00:00;1558.56
17.02.2025 08:00:00;17.02.2025 09:00:00;1827.35
17.02.2025 09:00:00;17.02.2025 10:00:00;1601.12
17.02.2025 10:00:00;17.02.2025 11:00:00;1412.2
17.02.2025 11:00:00;17.02.2025 12:00:00;1246.84
17.02.2025 12:00:00;17.02.2025 13:00:00;1241.6
17.02.2025 13:00:00;17.02.2025 14:00:00;1193.2
17.02.2025 14:00:00;17.02.2025 15:00:00;1193.32
17.02.2025 15:00:00;17.02.2025 16:00:00;1193.32
17.02.2025 16:00:00;17.02.2025 17:00:00;1334.19
17.02.2025 17:00:00;17.02.2025 18:00:00;1454.65
17.02.2025 18:00:00;17.02.2025 19:00:00;1497.22
17.02.2025 19:00:00;17.02.2025 20:00:00;1328.24
17.02.2025 20:00:00;17.02.2025 21:00:00;1162.65
17.02.2025 21:00:00;17.02.2025 22:00:00;1103.29
17.02.2025 22:00:00;17.02.2025 23:00:00;971.75
17.02.2025 23:00:00;18.02.2025 00:00:00;858.05
18.02.2025 00:00:00;18.02.2025 01:00:00;690.33
18.02.2025 01:00:00;18.02.2025 02:00:00;655.96
18.02.2025 02:00:00;18.02.2025 03:00:00;609.47
18.02.2025 03:00:00;18.02.2025 04:00:00;602.13
18.02.2025 04:00:00;18.02.2025 05:00:00;606.33
18.02.2025 05:00:00;18.02.2025 06:00:00;613.2
18.02.2025 06:00:00;18.02.2025 07:00:00;680.31
18.02.2025 07:00:00;18.02.2025 08:00:00;815.58
18.02.2025 08:00:00;18.02.2025 09:00:00;840.28
18.02.2025 09:00:00;18.02.2025 10:00:00;816.52
18.02.2025 10:00:00;18.02.2025 11:00:00;819.31
18.02.2025 11:00:00;18.02.2025 12:00:00;759.08
18.02.2025 12:00:00;18.02.2025 13:00:00;693.6
18.02.2025 13:00:00;18.02.2025 14:00:00;685.91
18.02.2025 14:00:00;18.02.2025 15:00:00;696.16
18.02.2025 15:00:00;18.02.2025 16:00:00;789.25
18.02.2025 16:00:00;18.02.2025 17:00:00;866.85
18.02.2025 17:00:00;18.02.2025 18:00:00;1016.8
18.02.2025 18:00:00;18.02.2025 19:00:00;1016.45
18.02.2025 19:00:00;18.02.2025 20:00:00;958.08
18.02.2025 20:00:00;18.02.2025 21:00:00;854.27
18.02.2025 21:00:00;18.02.2025 22:00:00;864.05
18.02.2025 22:00:00;18.02.2025 23:00:00;863
18.02.2025 23:00:00;19.02.2025 00:00:00;857.41
19.02.2025 00:00:00;19.02.2025 01:00:00;823.75
19.02.2025 01:00:00;19.02.2025 02:00:00;804.51
19.02.2025 02:00:00;19.02.2025 03:00:00;848.24
19.02.2025 03:00:00;19.02.2025 04:00:00;842.64
19.02.2025 04:00:00;19.02.2025 05:00:00;897.21
19.02.2025 05:00:00;19.02.2025 06:00:00;933.47
19.02.2025 06:00:00;19.02.2025 07:00:00;1208.75
19.02.2025 07:00:00;19.02.2025 08:00:00;1500.94
19.02.2025 08:00:00;19.02.2025 09:00:00;1797.09
19.02.2025 09:00:00;19.02.2025 10:00:00;1281.62
19.02.2025 10:00:00;19.02.2025 11:00:00;1051.35
19.02.2025 11:00:00;19.02.2025 12:00:00;875.64
19.02.2025 12:00:00;19.02.2025 13:00:00;820.95
19.02.2025 13:00:00;19.02.2025 14:00:00;817.34
19.02.2025 14:00:00;19.02.2025 15:00:00;815.12
19.02.2025 15:00:00;19.02.2025 16:00:00;843.92
19.02.2025 16:00:00;19.02.2025 17:00:00;935.57
19.02.2025 17:00:00;19.02.2025 18:00:00;1195.23
19.02.2025 18:00:00;19.02.2025 19:00:00;1183.45
19.02.2025 19:00:00;19.02.2025 20:00:00;1017.77
19.02.2025 20:00:00;19.02.2025 21:00:00;811.74
19.02.2025 21:00:00;19.02.2025 22:00:00;721.61
19.02.2025 22:00:00;19.02.2025 23:00:00;666.23
19.02.2025 23:00:00;20.02.2025 00:00:00;634.75
20.02.2025 00:00:00;20.02.2025 01:00:00;591.47
20.02.2025 01:00:00;20.02.2025 02:00:00;566.23
20.02.2025 02:00:00;20.02.2025 03:00:00;562.74
20.02.2025 03:00:00;20.02.2025 04:00:00;558.32
20.02.2025 04:00:00;20.02.2025 05:00:00;561.81
20.02.2025 05:00:00;20.02.2025 06:00:00;568.09
20.02.2025 06:00:00;20.02.2025 07:00:00;659.98
20.02.2025 07:00:00;20.02.2025 08:00:00;755.71
20.02.2025 08:00:00;20.02.2025 09:00:00;767.22
20.02.2025 09:00:00;20.02.2025 10:00:00;663
20.02.2025 10:00:00;20.02.2025 11:00:00;637.99
20.02.2025 11:00:00;20.02.2025 12:00:00;586
20.02.2025 12:00:00;20.02.2025 13:00:00;566.23
20.02.2025 13:00:00;20.02.2025 14:00:00;551.69
20.02.2025 14:00:00;20.02.2025 15:00:00;540.99
20.02.2025 15:00:00;20.02.2025 16:00:00;539.01
20.02.2025 16:00:00;20.02.2025 17:00:00;518.07
20.02.2025 17:00:00;20.02.2025 18:00:00;510.16
20.02.2025 18:00:00;20.02.2025 19:00:00;488.76
20.02.2025 19:00:00;20.02.2025 20:00:00;453.75
20.02.2025 20:00:00;20.02.2025 21:00:00;386.17
20.02.2025 21:00:00;20.02.2025 22:00:00;339.99
20.02.2025 22:00:00;20.02.2025 23:00:00;221.93
20.02.2025 23:00:00;21.02.2025 00:00:00;134.11
21.02.2025 00:00:00;21.02.2025 01:00:00;121.64
21.02.2025 01:00:00;21.02.2025 02:00:00;116.07
21.02.2025 02:00:00;21.02.2025 03:00:00;115.72
21.02.2025 03:00:00;21.02.2025 04:00:00;116.19
21.02.2025 04:00:00;21.02.2025 05:00:00;125.24
21.02.2025 05:00:00;21.02.2025 06:00:00;233.42
21.02.2025 06:00:00;21.02.2025 07:00:00;441.07
21.02.2025 07:00:00;21.02.2025 08:00:00;567.59
21.02.2025 08:00:00;21.02.2025 09:00:00;610.77
21.02.2025 09:00:00;21.02.2025 10:00:00;602.53
21.02.2025 10:00:00;21.02.2025 11:00:00;568.64
21.02.2025 11:00:00;21.02.2025 12:00:00;557.03
21.02.2025 12:00:00;21.02.2025 13:00:00;558.54
21.02.2025 13:00:00;21.02.2025 14:00:00;550.53
21.02.2025 14:00:00;21.02.2025 15:00:00;540.43
21.02.2025 15:00:00;21.02.2025 16:00:00;542.64
21.02.2025 16:00:00;21.02.2025 17:00:00;522.32
21.02.2025 17:00:00;21.02.2025 18:00:00;522.21
21.02.2025 18:00:00;21.02.2025 19:00:00;512.11
21.02.2025 19:00:00;21.02.2025 20:00:00;456.74
21.02.2025 20:00:00;21.02.2025 21:00:00;373.17
21.02.2025 21:00:00;21.02.2025 22:00:00;334.29
21.02.2025 22:00:00;21.02.2025 23:00:00;190.94
21.02.2025 23:00:00;22.02.2025 00:00:00;120.25
22.02.2025 00:00:00;22.02.2025 01:00:00;89.64
22.02.2025 01:00:00;22.02.2025 02:00:00;73.02
22.02.2025 02:00:00;22.02.2025 03:00:00;59.99
22.02.2025 03:00:00;22.02.2025 04:00:00;57.2
22.02.2025 04:00:00;22.02.2025 05:00:00;53.95
22.02.2025 05:00:00;22.02.2025 06:00:00;59.18
22.02.2025 06:00:00;22.02.2025 07:00:00;78.25
22.02.2025 07:00:00;22.02.2025 08:00:00;104.41
22.02.2025 08:00:00;22.02.2025 09:00:00;123.36
22.02.2025 09:00:00;22.02.2025 10:00:00;147.31
22.02.2025 10:00:00;22.02.2025 11:00:00;135.45
22.02.2025 11:00:00;22.02.2025 12:00:00;118.83
22.02.2025 12:00:00;22.02.2025 13:00:00;116.27
22.02.2025 13:00:00;22.02.2025 14:00:00;135.8
22.02.2025 14:00:00;22.02.2025 15:00:00;188.47
22.02.2025 15:00:00;22.02.2025 16:00:00;215.8
22.02.2025 16:00:00;22.02.2025 17:00:00;317.3
22.02.2025 17:00:00;22.02.2025 18:00:00;420.2
22.02.2025 18:00:00;22.02.2025 19:00:00;417.52
22.02.2025 19:00:00;22.02.2025 20:00:00;370.2
22.02.2025 20:00:00;22.02.2025 21:00:00;302.07
22.02.2025 21:00:00;22.02.2025 22:00:00;274.63
22.02.2025 22:00:00;22.02.2025 23:00:00;214.52
22.02.2025 23:00:00;23.02.2025 00:00:00;130.57
23.02.2025 00:00:00;23.02.2025 01:00:00;90.06
23.02.2025 01:00:00;23.02.2025 02:00:00;74.31
23.02.2025 02:00:00;23.02.2025 03:00:00;74.66
23.02.2025 03:00:00;23.02.2025 04:00:00;78.51
23.02.2025 04:00:00;23.02.2025 05:00:00;78.51
23.02.2025 05:00:00;23.02.2025 06:00:00;100.79
23.02.2025 06:00:00;23.02.2025 07:00:00;120.04
23.02.2025 07:00:00;23.02.2025 08:00:00;192.13
23.02.2025 08:00:00;23.02.2025 09:00:00;349.97
23.02.2025 09:00:00;23.02.2025 10:00:00;443.87
23.02.2025 10:00:00;23.02.2025 11:00:00;450.52
23.02.2025 11:00:00;23.02.2025 12:00:00;424.16
23.02.2025 12:00:00;23.02.2025 13:00:00;349.03
23.02.2025 13:00:00;23.02.2025 14:00:00;313.92
23.02.2025 14:00:00;23.02.2025 15:00:00;301.79
23.02.2025 15:00:00;23.02.2025 16:00:00;385.08
23.02.2025 16:00:00;23.02.2025 17:00:00;475.02
23.02.2025 17:00:00;23.02.2025 18:00:00;554.35
23.02.2025 18:00:00;23.02.2025 19:00:00;556.33
23.02.2025 19:00:00;23.02.2025 20:00:00;492.4
23.02.2025 20:00:00;23.02.2025 21:00:00;466.74
23.02.2025 21:00:00;23.02.2025 22:00:00;382.51
23.02.2025 22:00:00;23.02.2025 23:00:00;325.7
23.02.2025 23:00:00;24.02.2025 00:00:00;191.9
24.02.2025 00:00:00;24.02.2025 01:00:00;60.78
24.02.2025 01:00:00;24.02.2025 02:00:00;50.86
24.02.2025 02:00:00;24.02.2025 03:00:00;40.95
24.02.2025 03:00:00;24.02.2025 04:00:00;35.11
24.02.2025 04:00:00;24.02.2025 05:00:00;34.88
24.02.2025 05:00:00;24.02.2025 06:00:00;43.28
24.02.2025 06:00:00;24.02.2025 07:00:00;63.81
24.02.2025 07:00:00;24.02.2025 08:00:00;138
24.02.2025 08:00:00;24.02.2025 09:00:00;225.73
24.02.2025 09:00:00;24.02.2025 10:00:00;193.53
24.02.2025 10:00:00;24.02.2025 11:00:00;176.03
24.02.2025 11:00:00;24.02.2025 12:00:00;140.22
24.02.2025 12:00:00;24.02.2025 13:00:00;131.24
24.02.2025 13:00:00;24.02.2025 14:00:00;126.22
24.02.2025 14:00:00;24.02.2025 15:00:00;122.72
24.02.2025 15:00:00;24.02.2025 16:00:00;116.31
24.02.2025 16:00:00;24.02.2025 17:00:00;128.79
24.02.2025 17:00:00;24.02.2025 18:00:00;188.98
24.02.2025 18:00:00;24.02.2025 19:00:00;257.69
24.02.2025 19:00:00;24.02.2025 20:00:00;211.26
24.02.2025 20:00:00;24.02.2025 21:00:00;151.54
24.02.2025 21:00:00;24.02.2025 22:00:00;139.99
24.02.2025 22:00:00;24.02.2025 23:00:00;132.87
24.02.2025 23:00:00;25.02.2025 00:00:00;116.66
25.02.2025 00:00:00;25.02.2025 01:00:00;121.95
25.02.2025 01:00:00;25.02.2025 02:00:00;121.95
25.02.2025 02:00:00;25.02.2025 03:00:00;126.72
25.02.2025 03:00:00;25.02.2025 04:00:00;137.76
25.02.2025 04:00:00;25.02.2025 05:00:00;174.38
25.02.2025 05:00:00;25.02.2025 06:00:00;360.85
25.02.2025 06:00:00;25.02.2025 07:00:00;521.29
25.02.2025 07:00:00;25.02.2025 08:00:00;567.32
25.02.2025 08:00:00;25.02.2025 09:00:00;581.39
25.02.2025 09:00:00;25.02.2025 10:00:00;586.27
25.02.2025 10:00:00;25.02.2025 11:00:00;580.58
25.02.2025 11:00:00;25.02.2025 12:00:00;576.16
25.02.2025 12:00:00;25.02.2025 13:00:00;576.39
25.02.2025 13:00:00;25.02.2025 14:00:00;572.9
25.02.2025 14:00:00;25.02.2025 15:00:00;572.09
25.02.2025 15:00:00;25.02.2025 16:00:00;576.04
25.02.2025 16:00:00;25.02.2025 17:00:00;581.85
25.02.2025 17:00:00;25.02.2025 18:00:00;603.13
25.02.2025 18:00:00;25.02.2025 19:00:00;611.73
25.02.2025 19:00:00;25.02.2025 20:00:00;590.81
25.02.2025 20:00:00;25.02.2025 21:00:00;576.74
25.02.2025 21:00:00;25.02.2025 22:00:00;569.07
25.02.2025 22:00:00;25.02.2025 23:00:00;529.66
25.02.2025 23:00:00;26.02.2025 00:00:00;505.59
26.02.2025 00:00:00;26.02.2025 01:00:00;546.11
26.02.2025 01:00:00;26.02.2025 02:00:00;512.17
26.02.2025 02:00:00;26.02.2025 03:00:00;493.62
26.02.2025 03:00:00;26.02.2025 04:00:00;491.06
26.02.2025 04:00:00;26.02.2025 05:00:00;514.97
26.02.2025 05:00:00;26.02.2025 06:00:00;557.54
26.02.2025 06:00:00;26.02.2025 07:00:00;593.7
26.02.2025 07:00:00;26.02.2025 08:00:00;932.66
26.02.2025 08:00:00;26.02.2025 09:00:00;1158.71
26.02.2025 09:00:00;26.02.2025 10:00:00;1049.65
26.02.2025 10:00:00;26.02.2025 11:00:00;797.24
26.02.2025 11:00:00;26.02.2025 12:00:00;745.1
26.02.2025 12:00:00;26.02.2025 13:00:00;661.94
26.02.2025 13:00:00;26.02.2025 14:00:00;627.88
26.02.2025 14:00:00;26.02.2025 15:00:00;626.13
26.02.2025 15:00:00;26.02.2025 16:00:00;639.42
26.02.2025 16:00:00;26.02.2025 17:00:00;699.96
26.02.2025 17:00:00;26.02.2025 18:00:00;1017.11
26.02.2025 18:00:00;26.02.2025 19:00:00;1017.57
26.02.2025 19:00:00;26.02.2025 20:00:00;627.99
26.02.2025 20:00:00;26.02.2025 21:00:00;603.73
26.02.2025 21:00:00;26.02.2025 22:00:00;592.54
26.02.2025 22:00:00;26.02.2025 23:00:00;571.42
26.02.2025 23:00:00;27.02.2025 00:00:00;559.76
27.02.2025 00:00:00;27.02.2025 01:00:00;503.91
27.02.2025 01:00:00;27.02.2025 02:00:00;493.4
27.02.2025 02:00:00;27.02.2025 03:00:00;492.58
27.02.2025 03:00:00;27.02.2025 04:00:00;492.23
27.02.2025 04:00:00;27.02.2025 05:00:00;508.24
27.02.2025 05:00:00;27.02.2025 06:00:00;534.3
27.02.2025 06:00:00;27.02.2025 07:00:00;578.12
27.02.2025 07:00:00;27.02.2025 08:00:00;1167
27.02.2025 08:00:00;27.02.2025 09:00:00;1377.12
27.02.2025 09:00:00;27.02.2025 10:00:00;1355.5
27.02.2025 10:00:00;27.02.2025 11:00:00;1146.66
27.02.2025 11:00:00;27.02.2025 12:00:00;839.43
27.02.2025 12:00:00;27.02.2025 13:00:00;795.61
27.02.2025 13:00:00;27.02.2025 14:00:00;692.18
27.02.2025 14:00:00;27.02.2025 15:00:00;771.42
27.02.2025 15:00:00;27.02.2025 16:00:00;701.3
27.02.2025 16:00:00;27.02.2025 17:00:00;749.21
27.02.2025 17:00:00;27.02.2025 18:00:00;1006.19
27.02.2025 18:00:00;27.02.2025 19:00:00;1019.98
27.02.2025 19:00:00;27.02.2025 20:00:00;867.36
27.02.2025 20:00:00;27.02.2025 21:00:00;584.43
27.02.2025 21:00:00;27.02.2025 22:00:00;578.71
27.02.2025 22:00:00;27.02.2025 23:00:00;543.06
27.02.2025 23:00:00;28.02.2025 00:00:00;523.08
28.02.2025 00:00:00;28.02.2025 01:00:00;479.51
28.02.2025 01:00:00;28.02.2025 02:00:00;463.48
28.02.2025 02:00:00;28.02.2025 03:00:00;452.37
28.02.2025 03:00:00;28.02.2025 04:00:00;449.09
28.02.2025 04:00:00;28.02.2025 05:00:00;467.69
28.02.2025 05:00:00;28.02.2025 06:00:00;487.7
28.02.2025 06:00:00;28.02.2025 07:00:00;530.16
28.02.2025 07:00:00;28.02.2025 08:00:00;939.13
28.02.2025 08:00:00;28.02.2025 09:00:00;1263.76
28.02.2025 09:00:00;28.02.2025 10:00:00;1128.41
28.02.2025 10:00:00;28.02.2025 11:00:00;937.38
28.02.2025 11:00:00;28.02.2025 12:00:00;683.41
28.02.2025 12:00:00;28.02.2025 13:00:00;579.18
28.02.2025 13:00:00;28.02.2025 14:00:00;553.91
28.02.2025 14:00:00;28.02.2025 15:00:00;547.01
28.02.2025 15:00:00;28.02.2025 16:00:00;550.52
28.02.2025 16:00:00;28.02.2025 17:00:00;572.86
28.02.2025 17:00:00;28.02.2025 18:00:00;818.99
28.02.2025 18:00:00;28.02.2025 19:00:00;904.27
28.02.2025 19:00:00;28.02.2025 20:00:00;651.24
28.02.2025 20:00:00;28.02.2025 21:00:00;548.88
28.02.2025 21:00:00;28.02.2025 22:00:00;521.16
28.02.2025 22:00:00;28.02.2025 23:00:00;503.26
28.02.2025 23:00:00;01.03.2025 00:00:00;490.16
01.03.2025 00:00:00;01.03.2025 01:00:00;470.25
01.03.2025 01:00:00;01.03.2025 02:00:00;469.07
01.03.2025 02:00:00;01.03.2025 03:00:00;472.83
01.03.2025 03:00:00;01.03.2025 04:00:00;463.91
01.03.2025 04:00:00;01.03.2025 05:00:00;468.37
01.03.2025 05:00:00;01.03.2025 06:00:00;490.77
01.03.2025 06:00:00;01.03.2025 07:00:00;502.61
01.03.2025 07:00:00;01.03.2025 08:00:00;522.67
01.03.2025 08:00:00;01.03.2025 09:00:00;549.99
01.03.2025 09:00:00;01.03.2025 10:00:00;550.46
01.03.2025 10:00:00;01.03.2025 11:00:00;531.7
01.03.2025 11:00:00;01.03.2025 12:00:00;509.42
01.03.2025 12:00:00;01.03.2025 13:00:00;499.56
01.03.2025 13:00:00;01.03.2025 14:00:00;489.13
01.03.2025 14:00:00;01.03.2025 15:00:00;479.75
01.03.2025 15:00:00;01.03.2025 16:00:00;473.65
01.03.2025 16:00:00;01.03.2025 17:00:00;477.99
01.03.2025 17:00:00;01.03.2025 18:00:00;491.94
01.03.2025 18:00:00;01.03.2025 19:00:00;469.19
01.03.2025 19:00:00;01.03.2025 20:00:00;436.59
01.03.2025 20:00:00;01.03.2025 21:00:00;397.42
01.03.2025 21:00:00;01.03.2025 22:00:00;367.87
01.03.2025 22:00:00;01.03.2025 23:00:00;303.73
01.03.2025 23:00:00;02.03.2025 00:00:00;218.71
02.03.2025 00:00:00;02.03.2025 01:00:00;91.06
02.03.2025 01:00:00;02.03.2025 02:00:00;69.46
02.03.2025 02:00:00;02.03.2025 03:00:00;58.37
02.03.2025 03:00:00;02.03.2025 04:00:00;53.35
02.03.2025 04:00:00;02.03.2025 05:00:00;50.08
02.03.2025 05:00:00;02.03.2025 06:00:00;51.25
02.03.2025 06:00:00;02.03.2025 07:00:00;53.35
02.03.2025 07:00:00;02.03.2025 08:00:00;58.37
02.03.2025 08:00:00;02.03.2025 09:00:00;63.86
02.03.2025 09:00:00;02.03.2025 10:00:00;64.44
02.03.2025 10:00:00;02.03.2025 11:00:00;55.8
02.03.2025 11:00:00;02.03.2025 12:00:00;47.16
02.03.2025 12:00:00;02.03.2025 13:00:00;41.91
02.03.2025 13:00:00;02.03.2025 14:00:00;30.35
02.03.2025 14:00:00;02.03.2025 15:00:00;34.32
02.03.2025 15:00:00;02.03.2025 16:00:00;50.43
02.03.2025 16:00:00;02.03.2025 17:00:00;99.7
02.03.2025 17:00:00;02.03.2025 18:00:00;230.79
02.03.2025 18:00:00;02.03.2025 19:00:00;281.46
02.03.2025 19:00:00;02.03.2025 20:00:00;245.15
02.03.2025 20:00:00;02.03.2025 21:00:00;171.26
02.03.2025 21:00:00;02.03.2025 22:00:00;127.95
02.03.2025 22:00:00;02.03.2025 23:00:00;81.6
02.03.2025 23:00:00;03.03.2025 00:00:00;56.04
03.03.2025 00:00:00;03.03.2025 01:00:00;60.82
03.03.2025 01:00:00;03.03.2025 02:00:00;56.39
03.03.2025 02:00:00;03.03.2025 03:00:00;51.13
03.03.2025 03:00:00;03.03.2025 04:00:00;46.46
03.03.2025 04:00:00;03.03.2025 05:00:00;45.65
03.03.2025 05:00:00;03.03.2025 06:00:00;47.16
03.03.2025 06:00:00;03.03.2025 07:00:00;62.92
03.03.2025 07:00:00;03.03.2025 08:00:00;144.76
03.03.2025 08:00:00;03.03.2025 09:00:00;238.15
03.03.2025 09:00:00;03.03.2025 10:00:00;195.07
03.03.2025 10:00:00;03.03.2025 11:00:00;71.56
03.03.2025 11:00:00;03.03.2025 12:00:00;50.67
03.03.2025 12:00:00;03.03.2025 13:00:00;34.67
03.03.2025 13:00:00;03.03.2025 14:00:00;34.55
03.03.2025 14:00:00;03.03.2025 15:00:00;46.93
03.03.2025 15:00:00;03.03.2025 16:00:00;57.55
03.03.2025 16:00:00;03.03.2025 17:00:00;72.38
03.03.2025 17:00:00;03.03.2025 18:00:00;138.22
03.03.2025 18:00:00;03.03.2025 19:00:00;155.15
03.03.2025 19:00:00;03.03.2025 20:00:00;105.53
03.03.2025 20:00:00;03.03.2025 21:00:00;64.67
03.03.2025 21:00:00;03.03.2025 22:00:00;53.58
03.03.2025 22:00:00;03.03.2025 23:00:00;46.58
03.03.2025 23:00:00;04.03.2025 00:00:00;42.49
04.03.2025 00:00:00;04.03.2025 01:00:00;36.61
04.03.2025 01:00:00;04.03.2025 02:00:00;35.09
04.03.2025 02:00:00;04.03.2025 03:00:00;35.09
04.03.2025 03:00:00;04.03.2025 04:00:00;35.2
04.03.2025 04:00:00;04.03.2025 05:00:00;36.49
04.03.2025 05:00:00;04.03.2025 06:00:00;42.45
04.03.2025 06:00:00;04.03.2025 07:00:00;55.67
04.03.2025 07:00:00;04.03.2025 08:00:00;138.24
04.03.2025 08:00:00;04.03.2025 09:00:00;236.36
04.03.2025 09:00:00;04.03.2025 10:00:00;186.42
04.03.2025 10:00:00;04.03.2025 11:00:00;116.95
04.03.2025 11:00:00;04.03.2025 12:00:00;67.13
04.03.2025 12:00:00;04.03.2025 13:00:00;56.72
04.03.2025 13:00:00;04.03.2025 14:00:00;58.36
04.03.2025 14:00:00;04.03.2025 15:00:00;159.05
04.03.2025 15:00:00;04.03.2025 16:00:00;279.74
04.03.2025 16:00:00;04.03.2025 17:00:00;348.51
04.03.2025 17:00:00;04.03.2025 18:00:00;403.71
04.03.2025 18:00:00;04.03.2025 19:00:00;397.05
04.03.2025 19:00:00;04.03.2025 20:00:00;338.34
04.03.2025 20:00:00;04.03.2025 21:00:00;218.11
04.03.2025 21:00:00;04.03.2025 22:00:00;86.78
04.03.2025 22:00:00;04.03.2025 23:00:00;50.05
04.03.2025 23:00:00;05.03.2025 00:00:00;42.57
05.03.2025 00:00:00;05.03.2025 01:00:00;33.49
05.03.2025 01:00:00;05.03.2025 02:00:00;26.54
05.03.2025 02:00:00;05.03.2025 03:00:00;21.23
05.03.2025 03:00:00;05.03.2025 04:00:00;19.34
05.03.2025 04:00:00;05.03.2025 05:00:00;20.17
05.03.2025 05:00:00;05.03.2025 06:00:00;26.89
05.03.2025 06:00:00;05.03.2025 07:00:00;37.86
05.03.2025 07:00:00;05.03.2025 08:00:00;50.6
05.03.2025 08:00:00;05.03.2025 09:00:00;58.5
05.03.2025 09:00:00;05.03.2025 10:00:00;46.11
05.03.2025 10:00:00;05.03.2025 11:00:00;17.57
05.03.2025 11:00:00;05.03.2025 12:00:00;4.72
05.03.2025 12:00:00;05.03.2025 13:00:00;-0.24
05.03.2025 13:00:00;05.03.2025 14:00:00;0
05.03.2025 14:00:00;05.03.2025 15:00:00;17.22
05.03.2025 15:00:00;05.03.2025 16:00:00;37.62
05.03.2025 16:00:00;05.03.2025 17:00:00;52.13
05.03.2025 17:00:00;05.03.2025 18:00:00;126.07
05.03.2025 18:00:00;05.03.2025 19:00:00;158.51
05.03.2025 19:00:00;05.03.2025 20:00:00;117.82
05.03.2025 20:00:00;05.03.2025 21:00:00;68.64
05.03.2025 21:00:00;05.03.2025 22:00:00;66.04
05.03.2025 22:00:00;05.03.2025 23:00:00;55.08
05.03.2025 23:00:00;06.03.2025 00:00:00;47.88
06.03.2025 00:00:00;06.03.2025 01:00:00;68.15
06.03.2025 01:00:00;06.03.2025 02:00:00;67.91
06.03.2025 02:00:00;06.03.2025 03:00:00;68.26
06.03.2025 03:00:00;06.03.2025 04:00:00;66.14
06.03.2025 04:00:00;06.03.2025 05:00:00;93.07
06.03.2025 05:00:00;06.03.2025 06:00:00;164.64
06.03.2025 06:00:00;06.03.2025 07:00:00;350.66
06.03.2025 07:00:00;06.03.2025 08:00:00;443.96
06.03.2025 08:00:00;06.03.2025 09:00:00;438.88
06.03.2025 09:00:00;06.03.2025 10:00:00;346.17
06.03.2025 10:00:00;06.03.2025 11:00:00;202.67
06.03.2025 11:00:00;06.03.2025 12:00:00;58.93
06.03.2025 12:00:00;06.03.2025 13:00:00;29.29
06.03.2025 13:00:00;06.03.2025 14:00:00;30.59
06.03.2025 14:00:00;06.03.2025 15:00:00;53.97
06.03.2025 15:00:00;06.03.2025 16:00:00;127.67
06.03.2025 16:00:00;06.03.2025 17:00:00;268.81
06.03.2025 17:00:00;06.03.2025 18:00:00;417.5
06.03.2025 18:00:00;06.03.2025 19:00:00;436.4
06.03.2025 19:00:00;06.03.2025 20:00:00;414.31
06.03.2025 20:00:00;06.03.2025 21:00:00;383.49
06.03.2025 21:00:00;06.03.2025 22:00:00;405.57
06.03.2025 22:00:00;06.03.2025 23:00:00;333.88
06.03.2025 23:00:00;07.03.2025 00:00:00;273.06
07.03.2025 00:00:00;07.03.2025 01:00:00;324.71
07.03.2025 01:00:00;07.03.2025 02:00:00;324.59
07.03.2025 02:00:00;07.03.2025 03:00:00;342.64
07.03.2025 03:00:00;07.03.2025 04:00:00;365.02
07.03.2025 04:00:00;07.03.2025 05:00:00;403.22
07.03.2025 05:00:00;07.03.2025 06:00:00;453.73
07.03.2025 06:00:00;07.03.2025 07:00:00;474.47
07.03.2025 07:00:00;07.03.2025 08:00:00;644.38
07.03.2025 08:00:00;07.03.2025 09:00:00;537.98
07.03.2025 09:00:00;07.03.2025 10:00:00;462.52
07.03.2025 10:00:00;07.03.2025 11:00:00;453.14
07.03.2025 11:00:00;07.03.2025 12:00:00;436.27
07.03.2025 12:00:00;07.03.2025 13:00:00;293.07
07.03.2025 13:00:00;07.03.2025 14:00:00;291.78
07.03.2025 14:00:00;07.03.2025 15:00:00;391.97
07.03.2025 15:00:00;07.03.2025 16:00:00;440.84
07.03.2025 16:00:00;07.03.2025 17:00:00;455.95
07.03.2025 17:00:00;07.03.2025 18:00:00;468.14
07.03.2025 18:00:00;07.03.2025 19:00:00;466.03
07.03.2025 19:00:00;07.03.2025 20:00:00;452.67
07.03.2025 20:00:00;07.03.2025 21:00:00;414.35
07.03.2025 21:00:00;07.03.2025 22:00:00;371.58
07.03.2025 22:00:00;07.03.2025 23:00:00;293.54
07.03.2025 23:00:00;08.03.2025 00:00:00;212.1
08.03.2025 00:00:00;08.03.2025 01:00:00;117.68
08.03.2025 01:00:00;08.03.2025 02:00:00;76.14
08.03.2025 02:00:00;08.03.2025 03:00:00;59.67
08.03.2025 03:00:00;08.03.2025 04:00:00;58.84
08.03.2025 04:00:00;08.03.2025 05:00:00;58.72
08.03.2025 05:00:00;08.03.2025 06:00:00;69.9
08.03.2025 06:00:00;08.03.2025 07:00:00;86.14
08.03.2025 07:00:00;08.03.2025 08:00:00;94.97
08.03.2025 08:00:00;08.03.2025 09:00:00;58.96
08.03.2025 09:00:00;08.03.2025 10:00:00;52.96
08.03.2025 10:00:00;08.03.2025 11:00:00;35.66
08.03.2025 11:00:00;08.03.2025 12:00:00;26.83
08.03.2025 12:00:00;08.03.2025 13:00:00;20.59
08.03.2025 13:00:00;08.03.2025 14:00:00;23.54
08.03.2025 14:00:00;08.03.2025 15:00:00;29.77
08.03.2025 15:00:00;08.03.2025 16:00:00;69.67
08.03.2025 16:00:00;08.03.2025 17:00:00;187.82
08.03.2025 17:00:00;08.03.2025 18:00:00;353.17
08.03.2025 18:00:00;08.03.2025 19:00:00;404.95
08.03.2025 19:00:00;08.03.2025 20:00:00;377.06
08.03.2025 20:00:00;08.03.2025 21:00:00;332.93
08.03.2025 21:00:00;08.03.2025 22:00:00;286.44
08.03.2025 22:00:00;08.03.2025 23:00:00;238.07
08.03.2025 23:00:00;09.03.2025 00:00:00;190.88
09.03.2025 00:00:00;09.03.2025 01:00:00;230.74
09.03.2025 01:00:00;09.03.2025 02:00:00;214.29
09.03.2025 02:00:00;09.03.2025 03:00:00;213.94
09.03.2025 03:00:00;09.03.2025 04:00:00;244.5
09.03.2025 04:00:00;09.03.2025 05:00:00;316.13
09.03.2025 05:00:00;09.03.2025 06:00:00;373.52
09.03.2025 06:00:00;09.03.2025 07:00:00;382.62
09.03.2025 07:00:00;09.03.2025 08:00:00;408.17
09.03.2025 08:00:00;09.03.2025 09:00:00;419.72
09.03.2025 09:00:00;09.03.2025 10:00:00;373.06
09.03.2025 10:00:00;09.03.2025 11:00:00;314.73
09.03.2025 11:00:00;09.03.2025 12:00:00;133.57
09.03.2025 12:00:00;09.03.2025 13:00:00;68.71
09.03.2025 13:00:00;09.03.2025 14:00:00;101.84
09.03.2025 14:00:00;09.03.2025 15:00:00;271.8
09.03.2025 15:00:00;09.03.2025 16:00:00;410.73
09.03.2025 16:00:00;09.03.2025 17:00:00;475.59
09.03.2025 17:00:00;09.03.2025 18:00:00;641.12
09.03.2025 18:00:00;09.03.2025 19:00:00;874.54
09.03.2025 19:00:00;09.03.2025 20:00:00;680.43
09.03.2025 20:00:00;09.03.2025 21:00:00;547.8
09.03.2025 21:00:00;09.03.2025 22:00:00;536.84
09.03.2025 22:00:00;09.03.2025 23:00:00;501.61
09.03.2025 23:00:00;10.03.2025 00:00:00;484.22
10.03.2025 00:00:00;10.03.2025 01:00:00;481.89
10.03.2025 01:00:00;10.03.2025 02:00:00;466.73
10.03.2025 02:00:00;10.03.2025 03:00:00;463.81
10.03.2025 03:00:00;10.03.2025 04:00:00;463.69
10.03.2025 04:00:00;10.03.2025 05:00:00;471.63
10.03.2025 05:00:00;10.03.2025 06:00:00;507.44
10.03.2025 06:00:00;10.03.2025 07:00:00;664.1
10.03.2025 07:00:00;10.03.2025 08:00:00;1042.87
10.03.2025 08:00:00;10.03.2025 09:00:00;1104.23
10.03.2025 09:00:00;10.03.2025 10:00:00;654.3
10.03.2025 10:00:00;10.03.2025 11:00:00;594.93
10.03.2025 11:00:00;10.03.2025 12:00:00;568.45
10.03.2025 12:00:00;10.03.2025 13:00:00;548.15
10.03.2025 13:00:00;10.03.2025 14:00:00;547.45
10.03.2025 14:00:00;10.03.2025 15:00:00;559.82
10.03.2025 15:00:00;10.03.2025 16:00:00;663.17
10.03.2025 16:00:00;10.03.2025 17:00:00;960.28
10.03.2025 17:00:00;10.03.2025 18:00:00;1112.52
10.03.2025 18:00:00;10.03.2025 19:00:00;1116.48
10.03.2025 19:00:00;10.03.2025 20:00:00;1116.02
10.03.2025 20:00:00;10.03.2025 21:00:00;631.91
10.03.2025 21:00:00;10.03.2025 22:00:00;551.77
10.03.2025 22:00:00;10.03.2025 23:00:00;493.56
10.03.2025 23:00:00;11.03.2025 00:00:00;454.71
11.03.2025 00:00:00;11.03.2025 01:00:00;488.87
11.03.2025 01:00:00;11.03.2025 02:00:00;472.34
11.03.2025 02:00:00;11.03.2025 03:00:00;464.07
11.03.2025 03:00:00;11.03.2025 04:00:00;463.95
11.03.2025 04:00:00;11.03.2025 05:00:00;478.16
11.03.2025 05:00:00;11.03.2025 06:00:00;525.09
11.03.2025 06:00:00;11.03.2025 07:00:00;855.58
11.03.2025 07:00:00;11.03.2025 08:00:00;1389.17
11.03.2025 08:00:00;11.03.2025 09:00:00;1476.63
11.03.2025 09:00:00;11.03.2025 10:00:00;1277.5
11.03.2025 10:00:00;11.03.2025 11:00:00;1138.45
11.03.2025 11:00:00;11.03.2025 12:00:00;998.59
11.03.2025 12:00:00;11.03.2025 13:00:00;1096.64
11.03.2025 13:00:00;11.03.2025 14:00:00;1105.96
11.03.2025 14:00:00;11.03.2025 15:00:00;1009.3
11.03.2025 15:00:00;11.03.2025 16:00:00;1174.2
11.03.2025 16:00:00;11.03.2025 17:00:00;1198.42
11.03.2025 17:00:00;11.03.2025 18:00:00;1313.01
11.03.2025 18:00:00;11.03.2025 19:00:00;1596.11
11.03.2025 19:00:00;11.03.2025 20:00:00;1594.72
11.03.2025 20:00:00;11.03.2025 21:00:00;1349.93
11.03.2025 21:00:00;11.03.2025 22:00:00;1208.9
11.03.2025 22:00:00;11.03.2025 23:00:00;1069.74
11.03.2025 23:00:00;12.03.2025 00:00:00;855.58
12.03.2025 00:00:00;12.03.2025 01:00:00;872.85
12.03.2025 01:00:00;12.03.2025 02:00:00;778.44
12.03.2025 02:00:00;12.03.2025 03:00:00;734.37
12.03.2025 03:00:00;12.03.2025 04:00:00;747.28
12.03.2025 04:00:00;12.03.2025 05:00:00;814.02
12.03.2025 05:00:00;12.03.2025 06:00:00;979.01
12.03.2025 06:00:00;12.03.2025 07:00:00;1169.35
12.03.2025 07:00:00;12.03.2025 08:00:00;1401.89
12.03.2025 08:00:00;12.03.2025 09:00:00;1447.01
12.03.2025 09:00:00;12.03.2025 10:00:00;1372.13
12.03.2025 10:00:00;12.03.2025 11:00:00;1162.84
12.03.2025 11:00:00;12.03.2025 12:00:00;1064.12
12.03.2025 12:00:00;12.03.2025 13:00:00;1089
12.03.2025 13:00:00;12.03.2025 14:00:00;1027.15
12.03.2025 14:00:00;12.03.2025 15:00:00;1072.26
12.03.2025 15:00:00;12.03.2025 16:00:00;1177.72
12.03.2025 16:00:00;12.03.2025 17:00:00;1279.22
12.03.2025 17:00:00;12.03.2025 18:00:00;1310.39
12.03.2025 18:00:00;12.03.2025 19:00:00;1759.66
12.03.2025 19:00:00;12.03.2025 20:00:00;1823.38
12.03.2025 20:00:00;12.03.2025 21:00:00;1475.26
12.03.2025 21:00:00;12.03.2025 22:00:00;1279.11
12.03.2025 22:00:00;12.03.2025 23:00:00;1176.67
12.03.2025 23:00:00;13.03.2025 00:00:00;1073.19
13.03.2025 00:00:00;13.03.2025 01:00:00;1110.97
13.03.2025 01:00:00;13.03.2025 02:00:00;1014.2
13.03.2025 02:00:00;13.03.2025 03:00:00;967.63
13.03.2025 03:00:00;13.03.2025 04:00:00;959.01
13.03.2025 04:00:00;13.03.2025 05:00:00;991.85
13.03.2025 05:00:00;13.03.2025 06:00:00;1118.77
13.03.2025 06:00:00;13.03.2025 07:00:00;1324.64
13.03.2025 07:00:00;13.03.2025 08:00:00;1726.36
13.03.2025 08:00:00;13.03.2025 09:00:00;1754.07
13.03.2025 09:00:00;13.03.2025 10:00:00;1567.18
13.03.2025 10:00:00;13.03.2025 11:00:00;1378.43
13.03.2025 11:00:00;13.03.2025 12:00:00;1261.99
13.03.2025 12:00:00;13.03.2025 13:00:00;1168.84
13.03.2025 13:00:00;13.03.2025 14:00:00;1191.66
13.03.2025 14:00:00;13.03.2025 15:00:00;1185.02
13.03.2025 15:00:00;13.03.2025 16:00:00;1161.85
13.03.2025 16:00:00;13.03.2025 17:00:00;1263.15
13.03.2025 17:00:00;13.03.2025 18:00:00;1455.63
13.03.2025 18:00:00;13.03.2025 19:00:00;1696.2
13.03.2025 19:00:00;13.03.2025 20:00:00;1375.05
13.03.2025 20:00:00;13.03.2025 21:00:00;1012.46
13.03.2025 21:00:00;13.03.2025 22:00:00;988.47
13.03.2025 22:00:00;13.03.2025 23:00:00;775.15
13.03.2025 23:00:00;14.03.2025 00:00:00;566.14
14.03.2025 00:00:00;14.03.2025 01:00:00;564.78
14.03.2025 01:00:00;14.03.2025 02:00:00;554.68
14.03.2025 02:00:00;14.03.2025 03:00:00;540.98
14.03.2025 03:00:00;14.03.2025 04:00:00;518.22
14.03.2025 04:00:00;14.03.2025 05:00:00;516.01
14.03.2025 05:00:00;14.03.2025 06:00:00;542.95
14.03.2025 06:00:00;14.03.2025 07:00:00;733.84
14.03.2025 07:00:00;14.03.2025 08:00:00;1003.81
14.03.2025 08:00:00;14.03.2025 09:00:00;1193.08
14.03.2025 09:00:00;14.03.2025 10:00:00;1110.75
14.03.2025 10:00:00;14.03.2025 11:00:00;967.23
14.03.2025 11:00:00;14.03.2025 12:00:00;742.55
14.03.2025 12:00:00;14.03.2025 13:00:00;678.92
14.03.2025 13:00:00;14.03.2025 14:00:00;570.24
14.03.2025 14:00:00;14.03.2025 15:00:00;570.82
14.03.2025 15:00:00;14.03.2025 16:00:00;572.56
14.03.2025 16:00:00;14.03.2025 17:00:00;711.67
14.03.2025 17:00:00;14.03.2025 18:00:00;890.13
14.03.2025 18:00:00;14.03.2025 19:00:00;630.73
14.03.2025 19:00:00;14.03.2025 20:00:00;544.69
14.03.2025 20:00:00;14.03.2025 21:00:00;494.3
14.03.2025 21:00:00;14.03.2025 22:00:00;464.57
14.03.2025 22:00:00;14.03.2025 23:00:00;426.72
14.03.2025 23:00:00;15.03.2025 00:00:00;381.09
15.03.2025 00:00:00;15.03.2025 01:00:00;317.89
15.03.2025 01:00:00;15.03.2025 02:00:00;270.98
15.03.2025 02:00:00;15.03.2025 03:00:00;224.42
15.03.2025 03:00:00;15.03.2025 04:00:00;168.08
15.03.2025 04:00:00;15.03.2025 05:00:00;160.63
15.03.2025 05:00:00;15.03.2025 06:00:00;191.01
15.03.2025 06:00:00;15.03.2025 07:00:00;232.68
15.03.2025 07:00:00;15.03.2025 08:00:00;251.31
15.03.2025 08:00:00;15.03.2025 09:00:00;249.33
15.03.2025 09:00:00;15.03.2025 10:00:00;206.84
15.03.2025 10:00:00;15.03.2025 11:00:00;173.9
15.03.2025 11:00:00;15.03.2025 12:00:00;136.07
15.03.2025 12:00:00;15.03.2025 13:00:00;116.4
15.03.2025 13:00:00;15.03.2025 14:00:00;105.69
15.03.2025 14:00:00;15.03.2025 15:00:00;120.01
15.03.2025 15:00:00;15.03.2025 16:00:00;203.23
15.03.2025 16:00:00;15.03.2025 17:00:00;285.88
15.03.2025 17:00:00;15.03.2025 18:00:00;407.28
15.03.2025 18:00:00;15.03.2025 19:00:00;430.91
15.03.2025 19:00:00;15.03.2025 20:00:00;417.76
15.03.2025 20:00:00;15.03.2025 21:00:00;355.83
15.03.2025 21:00:00;15.03.2025 22:00:00;317.54
15.03.2025 22:00:00;15.03.2025 23:00:00;233.73
15.03.2025 23:00:00;16.03.2025 00:00:00;165.05
16.03.2025 00:00:00;16.03.2025 01:00:00;80.04
16.03.2025 01:00:00;16.03.2025 02:00:00;72.67
16.03.2025 02:00:00;16.03.2025 03:00:00;69.44
16.03.2025 03:00:00;16.03.2025 04:00:00;69.21
16.03.2025 04:00:00;16.03.2025 05:00:00;74.85
16.03.2025 05:00:00;16.03.2025 06:00:00;104.22
16.03.2025 06:00:00;16.03.2025 07:00:00;126.68
16.03.2025 07:00:00;16.03.2025 08:00:00;173.78
16.03.2025 08:00:00;16.03.2025 09:00:00;155.35
16.03.2025 09:00:00;16.03.2025 10:00:00;101.23
16.03.2025 10:00:00;16.03.2025 11:00:00;53.43
16.03.2025 11:00:00;16.03.2025 12:00:00;34.32
16.03.2025 12:00:00;16.03.2025 13:00:00;26.14
16.03.2025 13:00:00;16.03.2025 14:00:00;29.25
16.03.2025 14:00:00;16.03.2025 15:00:00;36.97
16.03.2025 15:00:00;16.03.2025 16:00:00;121.49
16.03.2025 16:00:00;16.03.2025 17:00:00;302.64
16.03.2025 17:00:00;16.03.2025 18:00:00;416.53
16.03.2025 18:00:00;16.03.2025 19:00:00;433.23
16.03.2025 19:00:00;16.03.2025 20:00:00;423.21
16.03.2025 20:00:00;16.03.2025 21:00:00;397.19
16.03.2025 21:00:00;16.03.2025 22:00:00;373
16.03.2025 22:00:00;16.03.2025 23:00:00;334.77
16.03.2025 23:00:00;17.03.2025 00:00:00;299.3
17.03.2025 00:00:00;17.03.2025 01:00:00;365.86
17.03.2025 01:00:00;17.03.2025 02:00:00;349.05
17.03.2025 02:00:00;17.03.2025 03:00:00;364.36
17.03.2025 03:00:00;17.03.2025 04:00:00;378.18
17.03.2025 04:00:00;17.03.2025 05:00:00;415.73
17.03.2025 05:00:00;17.03.2025 06:00:00;463.4
17.03.2025 06:00:00;17.03.2025 07:00:00;497.14
17.03.2025 07:00:00;17.03.2025 08:00:00;522.94
17.03.2025 08:00:00;17.03.2025 09:00:00;514.65
17.03.2025 09:00:00;17.03.2025 10:00:00;493.23
17.03.2025 10:00:00;17.03.2025 11:00:00;458.1
17.03.2025 11:00:00;17.03.2025 12:00:00;394.54
17.03.2025 12:00:00;17.03.2025 13:00:00;292.39
17.03.2025 13:00:00;17.03.2025 14:00:00;299.41
17.03.2025 14:00:00;17.03.2025 15:00:00;375.77
17.03.2025 15:00:00;17.03.2025 16:00:00;425.74
17.03.2025 16:00:00;17.03.2025 17:00:00;465.36
17.03.2025 17:00:00;17.03.2025 18:00:00;492.88
17.03.2025 18:00:00;17.03.2025 19:00:00;503.94
17.03.2025 19:00:00;17.03.2025 20:00:00;504.63
17.03.2025 20:00:00;17.03.2025 21:00:00;478.6
17.03.2025 21:00:00;17.03.2025 22:00:00;466.17
17.03.2025 22:00:00;17.03.2025 23:00:00;443.59
17.03.2025 23:00:00;18.03.2025 00:00:00;418.49
18.03.2025 00:00:00;18.03.2025 01:00:00;426.3
18.03.2025 01:00:00;18.03.2025 02:00:00;400.25
18.03.2025 02:00:00;18.03.2025 03:00:00;391.6
18.03.2025 03:00:00;18.03.2025 04:00:00;402.9
18.03.2025 04:00:00;18.03.2025 05:00:00;424.45
18.03.2025 05:00:00;18.03.2025 06:00:00;456.85
18.03.2025 06:00:00;18.03.2025 07:00:00;488.09
18.03.2025 07:00:00;18.03.2025 08:00:00;507.45
18.03.2025 08:00:00;18.03.2025 09:00:00;466.65
18.03.2025 09:00:00;18.03.2025 10:00:00;393.33
18.03.2025 10:00:00;18.03.2025 11:00:00;129.92
18.03.2025 11:00:00;18.03.2025 12:00:00;45.65
18.03.2025 12:00:00;18.03.2025 13:00:00;26.28
18.03.2025 13:00:00;18.03.2025 14:00:00;29.97
18.03.2025 14:00:00;18.03.2025 15:00:00;46.23
18.03.2025 15:00:00;18.03.2025 16:00:00;97.53
18.03.2025 16:00:00;18.03.2025 17:00:00;225.71
18.03.2025 17:00:00;18.03.2025 18:00:00;414.19
18.03.2025 18:00:00;18.03.2025 19:00:00;435.06
18.03.2025 19:00:00;18.03.2025 20:00:00;408.89
18.03.2025 20:00:00;18.03.2025 21:00:00;315.06
18.03.2025 21:00:00;18.03.2025 22:00:00;231.48
18.03.2025 22:00:00;18.03.2025 23:00:00;168.88
18.03.2025 23:00:00;19.03.2025 00:00:00;101.68
19.03.2025 00:00:00;19.03.2025 01:00:00;69.43
19.03.2025 01:00:00;19.03.2025 02:00:00;61.37
19.03.2025 02:00:00;19.03.2025 03:00:00;61.03
19.03.2025 03:00:00;19.03.2025 04:00:00;75.07
19.03.2025 04:00:00;19.03.2025 05:00:00;128.5
19.03.2025 05:00:00;19.03.2025 06:00:00;297.07
19.03.2025 06:00:00;19.03.2025 07:00:00;473.24
19.03.2025 07:00:00;19.03.2025 08:00:00;496.38
19.03.2025 08:00:00;19.03.2025 09:00:00;485.79
19.03.2025 09:00:00;19.03.2025 10:00:00;431.21
19.03.2025 10:00:00;19.03.2025 11:00:00;172.6
19.03.2025 11:00:00;19.03.2025 12:00:00;57
19.03.2025 12:00:00;19.03.2025 13:00:00;39.15
19.03.2025 13:00:00;19.03.2025 14:00:00;43.52
19.03.2025 14:00:00;19.03.2025 15:00:00;89.81
19.03.2025 15:00:00;19.03.2025 16:00:00;385.38
19.03.2025 16:00:00;19.03.2025 17:00:00;495.12
19.03.2025 17:00:00;19.03.2025 18:00:00;554.3
19.03.2025 18:00:00;19.03.2025 19:00:00;593.68
19.03.2025 19:00:00;19.03.2025 20:00:00;574.57
19.03.2025 20:00:00;19.03.2025 21:00:00;534.03
19.03.2025 21:00:00;19.03.2025 22:00:00;519.53
19.03.2025 22:00:00;19.03.2025 23:00:00;493.73
19.03.2025 23:00:00;20.03.2025 00:00:00;481.76
20.03.2025 00:00:00;20.03.2025 01:00:00;484
20.03.2025 01:00:00;20.03.2025 02:00:00;480.89
20.03.2025 02:00:00;20.03.2025 03:00:00;487.34
20.03.2025 03:00:00;20.03.2025 04:00:00;492.41
20.03.2025 04:00:00;20.03.2025 05:00:00;504.05
20.03.2025 05:00:00;20.03.2025 06:00:00;542.77
20.03.2025 06:00:00;20.03.2025 07:00:00;611.69
20.03.2025 07:00:00;20.03.2025 08:00:00;926.4
20.03.2025 08:00:00;20.03.2025 09:00:00;597.63
20.03.2025 09:00:00;20.03.2025 10:00:00;555.57
20.03.2025 10:00:00;20.03.2025 11:00:00;516.15
20.03.2025 11:00:00;20.03.2025 12:00:00;422
20.03.2025 12:00:00;20.03.2025 13:00:00;304.92
20.03.2025 13:00:00;20.03.2025 14:00:00;321.75
20.03.2025 14:00:00;20.03.2025 15:00:00;448.62
20.03.2025 15:00:00;20.03.2025 16:00:00;523.18
20.03.2025 16:00:00;20.03.2025 17:00:00;580.92
20.03.2025 17:00:00;20.03.2025 18:00:00;1037.49
20.03.2025 18:00:00;20.03.2025 19:00:00;1524.03
20.03.2025 19:00:00;20.03.2025 20:00:00;1497.99
20.03.2025 20:00:00;20.03.2025 21:00:00;1037.15
20.03.2025 21:00:00;20.03.2025 22:00:00;818.08
20.03.2025 22:00:00;20.03.2025 23:00:00;610.88
20.03.2025 23:00:00;21.03.2025 00:00:00;571.47
21.03.2025 00:00:00;21.03.2025 01:00:00;617.34
21.03.2025 01:00:00;21.03.2025 02:00:00;597.44
21.03.2025 02:00:00;21.03.2025 03:00:00;597.32
21.03.2025 03:00:00;21.03.2025 04:00:00;597.9
21.03.2025 04:00:00;21.03.2025 05:00:00;618.03
21.03.2025 05:00:00;21.03.2025 06:00:00;806.32
21.03.2025 06:00:00;21.03.2025 07:00:00;1089.28
21.03.2025 07:00:00;21.03.2025 08:00:00;1805.54
21.03.2025 08:00:00;21.03.2025 09:00:00;1115.62
21.03.2025 09:00:00;21.03.2025 10:00:00;595.48
21.03.2025 10:00:00;21.03.2025 11:00:00;523.36
21.03.2025 11:00:00;21.03.2025 12:00:00;420.76
21.03.2025 12:00:00;21.03.2025 13:00:00;189.22
21.03.2025 13:00:00;21.03.2025 14:00:00;126.3
21.03.2025 14:00:00;21.03.2025 15:00:00;172.65
21.03.2025 15:00:00;21.03.2025 16:00:00;324.37
21.03.2025 16:00:00;21.03.2025 17:00:00;479.77
21.03.2025 17:00:00;21.03.2025 18:00:00;556.03
21.03.2025 18:00:00;21.03.2025 19:00:00;544.99
21.03.2025 19:00:00;21.03.2025 20:00:00;480.11
21.03.2025 20:00:00;21.03.2025 21:00:00;360.49
21.03.2025 21:00:00;21.03.2025 22:00:00;206.93
21.03.2025 22:00:00;21.03.2025 23:00:00;84.31
21.03.2025 23:00:00;22.03.2025 00:00:00;44.97
22.03.2025 00:00:00;22.03.2025 01:00:00;40.01
22.03.2025 01:00:00;22.03.2025 02:00:00;33.29
22.03.2025 02:00:00;22.03.2025 03:00:00;26.11
22.03.2025 03:00:00;22.03.2025 04:00:00;25.19
22.03.2025 04:00:00;22.03.2025 05:00:00;26.79
22.03.2025 05:00:00;22.03.2025 06:00:00;29.75
22.03.2025 06:00:00;22.03.2025 07:00:00;30.44
22.03.2025 07:00:00;22.03.2025 08:00:00;30.67
22.03.2025 08:00:00;22.03.2025 09:00:00;22.91
22.03.2025 09:00:00;22.03.2025 10:00:00;17.1
22.03.2025 10:00:00;22.03.2025 11:00:00;2.62
22.03.2025 11:00:00;22.03.2025 12:00:00;-1.14
22.03.2025 12:00:00;22.03.2025 13:00:00;-8.32
22.03.2025 13:00:00;22.03.2025 14:00:00;-6.73
22.03.2025 14:00:00;22.03.2025 15:00:00;-1.25
22.03.2025 15:00:00;22.03.2025 16:00:00;0.23
22.03.2025 16:00:00;22.03.2025 17:00:00;18.7
22.03.2025 17:00:00;22.03.2025 18:00:00;56.54
22.03.2025 18:00:00;22.03.2025 19:00:00;57
22.03.2025 19:00:00;22.03.2025 20:00:00;56.2
22.03.2025 20:00:00;22.03.2025 21:00:00;45.6
22.03.2025 21:00:00;22.03.2025 22:00:00;44.12
22.03.2025 22:00:00;22.03.2025 23:00:00;36.14
22.03.2025 23:00:00;23.03.2025 00:00:00;33.86
23.03.2025 00:00:00;23.03.2025 01:00:00;22.3
23.03.2025 01:00:00;23.03.2025 02:00:00;22.19
23.03.2025 02:00:00;23.03.2025 03:00:00;23.33
23.03.2025 03:00:00;23.03.2025 04:00:00;25.94
23.03.2025 04:00:00;23.03.2025 05:00:00;33.23
23.03.2025 05:00:00;23.03.2025 06:00:00;34.59
23.03.2025 06:00:00;23.03.2025 07:00:00;37.67
23.03.2025 07:00:00;23.03.2025 08:00:00;39.26
23.03.2025 08:00:00;23.03.2025 09:00:00;43.24
23.03.2025 09:00:00;23.03.2025 10:00:00;44.49
23.03.2025 10:00:00;23.03.2025 11:00:00;44.49
23.03.2025 11:00:00;23.03.2025 12:00:00;39.94
23.03.2025 12:00:00;23.03.2025 13:00:00;41.08
23.03.2025 13:00:00;23.03.2025 14:00:00;44.61
23.03.2025 14:00:00;23.03.2025 15:00:00;46.43
23.03.2025 15:00:00;23.03.2025 16:00:00;56.67
23.03.2025 16:00:00;23.03.2025 17:00:00;109.24
23.03.2025 17:00:00;23.03.2025 18:00:00;277.54
23.03.2025 18:00:00;23.03.2025 19:00:00;341.27
23.03.2025 19:00:00;23.03.2025 20:00:00;359.02
23.03.2025 20:00:00;23.03.2025 21:00:00;341.27
23.03.2025 21:00:00;23.03.2025 22:00:00;341.04
23.03.2025 22:00:00;23.03.2025 23:00:00;276.29
23.03.2025 23:00:00;24.03.2025 00:00:00;228.72
24.03.2025 00:00:00;24.03.2025 01:00:00;271.06
24.03.2025 01:00:00;24.03.2025 02:00:00;269.46
24.03.2025 02:00:00;24.03.2025 03:00:00;279.59
24.03.2025 03:00:00;24.03.2025 04:00:00;295.86
24.03.2025 04:00:00;24.03.2025 05:00:00;369.14
24.03.2025 05:00:00;24.03.2025 06:00:00;465.53
24.03.2025 06:00:00;24.03.2025 07:00:00;507.06
24.03.2025 07:00:00;24.03.2025 08:00:00;547.34
24.03.2025 08:00:00;24.03.2025 09:00:00;545.64
24.03.2025 09:00:00;24.03.2025 10:00:00;507.63
24.03.2025 10:00:00;24.03.2025 11:00:00;481.57
24.03.2025 11:00:00;24.03.2025 12:00:00;430.71
24.03.2025 12:00:00;24.03.2025 13:00:00;412.73
24.03.2025 13:00:00;24.03.2025 14:00:00;396.8
24.03.2025 14:00:00;24.03.2025 15:00:00;360.27
24.03.2025 15:00:00;24.03.2025 16:00:00;363.11
24.03.2025 16:00:00;24.03.2025 17:00:00;420.69
24.03.2025 17:00:00;24.03.2025 18:00:00;454.72
24.03.2025 18:00:00;24.03.2025 19:00:00;474.52
24.03.2025 19:00:00;24.03.2025 20:00:00;457.33
24.03.2025 20:00:00;24.03.2025 21:00:00;408.63
24.03.2025 21:00:00;24.03.2025 22:00:00;295.75
24.03.2025 22:00:00;24.03.2025 23:00:00;196.07
24.03.2025 23:00:00;25.03.2025 00:00:00;122.9
25.03.2025 00:00:00;25.03.2025 01:00:00;104.69
25.03.2025 01:00:00;25.03.2025 02:00:00;92.97
25.03.2025 02:00:00;25.03.2025 03:00:00;91.03
25.03.2025 03:00:00;25.03.2025 04:00:00;99.11
25.03.2025 04:00:00;25.03.2025 05:00:00;130.86
25.03.2025 05:00:00;25.03.2025 06:00:00;243.73
25.03.2025 06:00:00;25.03.2025 07:00:00;454.47
25.03.2025 07:00:00;25.03.2025 08:00:00;524
25.03.2025 08:00:00;25.03.2025 09:00:00;536.74
25.03.2025 09:00:00;25.03.2025 10:00:00;527.75
25.03.2025 10:00:00;25.03.2025 11:00:00;512.73
25.03.2025 11:00:00;25.03.2025 12:00:00;498.05
25.03.2025 12:00:00;25.03.2025 13:00:00;511.02
25.03.2025 13:00:00;25.03.2025 14:00:00;498.73
25.03.2025 14:00:00;25.03.2025 15:00:00;529.91
25.03.2025 15:00:00;25.03.2025 16:00:00;540.72
25.03.2025 16:00:00;25.03.2025 17:00:00;565.19
25.03.2025 17:00:00;25.03.2025 18:00:00;587.72
25.03.2025 18:00:00;25.03.2025 19:00:00;592.15
25.03.2025 19:00:00;25.03.2025 20:00:00;582.03
25.03.2025 20:00:00;25.03.2025 21:00:00;567.24
25.03.2025 21:00:00;25.03.2025 22:00:00;561.55
25.03.2025 22:00:00;25.03.2025 23:00:00;527.75
25.03.2025 23:00:00;26.03.2025 00:00:00;517.51
26.03.2025 00:00:00;26.03.2025 01:00:00;509.7
26.03.2025 01:00:00;26.03.2025 02:00:00;500.53
26.03.2025 02:00:00;26.03.2025 03:00:00;502.34
26.03.2025 03:00:00;26.03.2025 04:00:00;501.32
26.03.2025 04:00:00;26.03.2025 05:00:00;515.58
26.03.2025 05:00:00;26.03.2025 06:00:00;542.98
26.03.2025 06:00:00;26.03.2025 07:00:00;574.8
26.03.2025 07:00:00;26.03.2025 08:00:00;610.68
26.03.2025 08:00:00;26.03.2025 09:00:00;643.52
26.03.2025 09:00:00;26.03.2025 10:00:00;586.68
26.03.2025 10:00:00;26.03.2025 11:00:00;560.98
26.03.2025 11:00:00;26.03.2025 12:00:00;544.68
26.03.2025 12:00:00;26.03.2025 13:00:00;518.75
26.03.2025 13:00:00;26.03.2025 14:00:00;515.92
26.03.2025 14:00:00;26.03.2025 15:00:00;485.92
26.03.2025 15:00:00;26.03.2025 16:00:00;526.9
26.03.2025 16:00:00;26.03.2025 17:00:00;513.43
26.03.2025 17:00:00;26.03.2025 18:00:00;549.55
26.03.2025 18:00:00;26.03.2025 19:00:00;533.13
26.03.2025 19:00:00;26.03.2025 20:00:00;505.05
26.03.2025 20:00:00;26.03.2025 21:00:00;440.07
26.03.2025 21:00:00;26.03.2025 22:00:00;397.5
26.03.2025 22:00:00;26.03.2025 23:00:00;328.66
26.03.2025 23:00:00;27.03.2025 00:00:00;196.43
27.03.2025 00:00:00;27.03.2025 01:00:00;152.13
27.03.2025 01:00:00;27.03.2025 02:00:00;113.22
27.03.2025 02:00:00;27.03.2025 03:00:00;102.44
27.03.2025 03:00:00;27.03.2025 04:00:00;98.36
27.03.2025 04:00:00;27.03.2025 05:00:00;103.46
27.03.2025 05:00:00;27.03.2025 06:00:00;137.04
27.03.2025 06:00:00;27.03.2025 07:00:00;357.81
27.03.2025 07:00:00;27.03.2025 08:00:00;467.51
27.03.2025 08:00:00;27.03.2025 09:00:00;478.28
27.03.2025 09:00:00;27.03.2025 10:00:00;427.8
27.03.2025 10:00:00;27.03.2025 11:00:00;287.24
27.03.2025 11:00:00;27.03.2025 12:00:00;137.5
27.03.2025 12:00:00;27.03.2025 13:00:00;72.49
27.03.2025 13:00:00;27.03.2025 14:00:00;54.79
27.03.2025 14:00:00;27.03.2025 15:00:00;84.06
27.03.2025 15:00:00;27.03.2025 16:00:00;157.35
27.03.2025 16:00:00;27.03.2025 17:00:00;289.51
27.03.2025 17:00:00;27.03.2025 18:00:00;449.81
27.03.2025 18:00:00;27.03.2025 19:00:00;475.9
27.03.2025 19:00:00;27.03.2025 20:00:00;453.78
27.03.2025 20:00:00;27.03.2025 21:00:00;397.06
27.03.2025 21:00:00;27.03.2025 22:00:00;292.91
27.03.2025 22:00:00;27.03.2025 23:00:00;207.38
27.03.2025 23:00:00;28.03.2025 00:00:00;130.8
28.03.2025 00:00:00;28.03.2025 01:00:00;111.51
28.03.2025 01:00:00;28.03.2025 02:00:00;92.54
28.03.2025 02:00:00;28.03.2025 03:00:00;75.96
28.03.2025 03:00:00;28.03.2025 04:00:00;69.95
28.03.2025 04:00:00;28.03.2025 05:00:00;64.38
28.03.2025 05:00:00;28.03.2025 06:00:00;79.26
28.03.2025 06:00:00;28.03.2025 07:00:00;131.04
28.03.2025 07:00:00;28.03.2025 08:00:00;199.85
28.03.2025 08:00:00;28.03.2025 09:00:00;207.91
28.03.2025 09:00:00;28.03.2025 10:00:00;100.72
28.03.2025 10:00:00;28.03.2025 11:00:00;55.75
28.03.2025 11:00:00;28.03.2025 12:00:00;38.72
28.03.2025 12:00:00;28.03.2025 13:00:00;22.94
28.03.2025 13:00:00;28.03.2025 14:00:00;22.37
28.03.2025 14:00:00;28.03.2025 15:00:00;34.07
28.03.2025 15:00:00;28.03.2025 16:00:00;44.85
28.03.2025 16:00:00;28.03.2025 17:00:00;54.73
28.03.2025 17:00:00;28.03.2025 18:00:00;112.3
28.03.2025 18:00:00;28.03.2025 19:00:00;167.94
28.03.2025 19:00:00;28.03.2025 20:00:00;168.28
28.03.2025 20:00:00;28.03.2025 21:00:00;119.23
28.03.2025 21:00:00;28.03.2025 22:00:00;110.03
28.03.2025 22:00:00;28.03.2025 23:00:00;88.91
28.03.2025 23:00:00;29.03.2025 00:00:00;59.05
29.03.2025 00:00:00;29.03.2025 01:00:00;63.2
29.03.2025 01:00:00;29.03.2025 02:00:00;56.08
29.03.2025 02:00:00;29.03.2025 03:00:00;55.85
29.03.2025 03:00:00;29.03.2025 04:00:00;55.74
29.03.2025 04:00:00;29.03.2025 05:00:00;55.85
29.03.2025 05:00:00;29.03.2025 06:00:00;56.3
29.03.2025 06:00:00;29.03.2025 07:00:00;61.5
29.03.2025 07:00:00;29.03.2025 08:00:00;82.08
29.03.2025 08:00:00;29.03.2025 09:00:00;91.12
29.03.2025 09:00:00;29.03.2025 10:00:00;88.64
29.03.2025 10:00:00;29.03.2025 11:00:00;66.48
29.03.2025 11:00:00;29.03.2025 12:00:00;56.3
29.03.2025 12:00:00;29.03.2025 13:00:00;49.74
29.03.2025 13:00:00;29.03.2025 14:00:00;22.84
29.03.2025 14:00:00;29.03.2025 15:00:00;26.12
29.03.2025 15:00:00;29.03.2025 16:00:00;50.54
29.03.2025 16:00:00;29.03.2025 17:00:00;114.75
29.03.2025 17:00:00;29.03.2025 18:00:00;394.9
29.03.2025 18:00:00;29.03.2025 19:00:00;485.8
29.03.2025 19:00:00;29.03.2025 20:00:00;478
29.03.2025 20:00:00;29.03.2025 21:00:00;424.52
29.03.2025 21:00:00;29.03.2025 22:00:00;339.17
29.03.2025 22:00:00;29.03.2025 23:00:00;204.29
29.03.2025 23:00:00;30.03.2025 00:00:00;142
30.03.2025 00:00:00;30.03.2025 01:00:00;104.65
30.03.2025 01:00:00;30.03.2025 03:00:00;67.57
30.03.2025 03:00:00;30.03.2025 04:00:00;45.5
30.03.2025 04:00:00;30.03.2025 05:00:00;35.15
30.03.2025 05:00:00;30.03.2025 06:00:00;39.81
30.03.2025 06:00:00;30.03.2025 07:00:00;35.38
30.03.2025 07:00:00;30.03.2025 08:00:00;39.81
30.03.2025 08:00:00;30.03.2025 09:00:00;44.82
30.03.2025 09:00:00;30.03.2025 10:00:00;52.78
30.03.2025 10:00:00;30.03.2025 11:00:00;55.39
30.03.2025 11:00:00;30.03.2025 12:00:00;46.07
30.03.2025 12:00:00;30.03.2025 13:00:00;44.36
30.03.2025 13:00:00;30.03.2025 14:00:00;39.93
30.03.2025 14:00:00;30.03.2025 15:00:00;40.49
30.03.2025 15:00:00;30.03.2025 16:00:00;44.93
30.03.2025 16:00:00;30.03.2025 17:00:00;68.59
30.03.2025 17:00:00;30.03.2025 18:00:00;139.45
30.03.2025 18:00:00;30.03.2025 19:00:00;398
30.03.2025 19:00:00;30.03.2025 20:00:00;495.71
30.03.2025 20:00:00;30.03.2025 21:00:00;524.49
30.03.2025 21:00:00;30.03.2025 22:00:00;520.05
30.03.2025 22:00:00;30.03.2025 23:00:00;525.06
30.03.2025 23:00:00;31.03.2025 00:00:00;511.18
31.03.2025 00:00:00;31.03.2025 01:00:00;547.58
31.03.2025 01:00:00;31.03.2025 02:00:00;534.95
31.03.2025 02:00:00;31.03.2025 03:00:00;521.99
31.03.2025 03:00:00;31.03.2025 04:00:00;518.35
31.03.2025 04:00:00;31.03.2025 05:00:00;526.42
31.03.2025 05:00:00;31.03.2025 06:00:00;547.69
31.03.2025 06:00:00;31.03.2025 07:00:00;561.57
31.03.2025 07:00:00;31.03.2025 08:00:00;793.73
31.03.2025 08:00:00;31.03.2025 09:00:00;1231.88
31.03.2025 09:00:00;31.03.2025 10:00:00;980.27
31.03.2025 10:00:00;31.03.2025 11:00:00;659.28
31.03.2025 11:00:00;31.03.2025 12:00:00;636.98
31.03.2025 12:00:00;31.03.2025 13:00:00;601.27
31.03.2025 13:00:00;31.03.2025 14:00:00;584.89
31.03.2025 14:00:00;31.03.2025 15:00:00;575.22
31.03.2025 15:00:00;31.03.2025 16:00:00;577.84
31.03.2025 16:00:00;31.03.2025 17:00:00;579.09
31.03.2025 17:00:00;31.03.2025 18:00:00;633.46
31.03.2025 18:00:00;31.03.2025 19:00:00;980.16
31.03.2025 19:00:00;31.03.2025 20:00:00;1238.71
31.03.2025 20:00:00;31.03.2025 21:00:00;981.87
31.03.2025 21:00:00;31.03.2025 22:00:00;686.35
31.03.2025 22:00:00;31.03.2025 23:00:00;601.61
31.03.2025 23:00:00;01.04.2025 00:00:00;556.34
01.04.2025 00:00:00;01.04.2025 01:00:00;561.69
01.04.2025 01:00:00;01.04.2025 02:00:00;529.49
01.04.2025 02:00:00;01.04.2025 03:00:00;513.51
01.04.2025 03:00:00;01.04.2025 04:00:00;514.76
01.04.2025 04:00:00;01.04.2025 05:00:00;509.51
01.04.2025 05:00:00;01.04.2025 06:00:00;543.19
01.04.2025 06:00:00;01.04.2025 07:00:00;582.36
01.04.2025 07:00:00;01.04.2025 08:00:00;660.58
01.04.2025 08:00:00;01.04.2025 09:00:00;794.87
01.04.2025 09:00:00;01.04.2025 10:00:00;593.67
01.04.2025 10:00:00;01.04.2025 11:00:00;588.41
01.04.2025 11:00:00;01.04.2025 12:00:00;554.16
01.04.2025 12:00:00;01.04.2025 13:00:00;406.63
01.04.2025 13:00:00;01.04.2025 14:00:00;116.02
01.04.2025 14:00:00;01.04.2025 15:00:00;97.06
01.04.2025 15:00:00;01.04.2025 16:00:00;142.51
01.04.2025 16:00:00;01.04.2025 17:00:00;398.63
01.04.2025 17:00:00;01.04.2025 18:00:00;489.18
01.04.2025 18:00:00;01.04.2025 19:00:00;524.92
01.04.2025 19:00:00;01.04.2025 20:00:00;479.59
01.04.2025 20:00:00;01.04.2025 21:00:00;409.59
01.04.2025 21:00:00;01.04.2025 22:00:00;335.94
01.04.2025 22:00:00;01.04.2025 23:00:00;175.51
01.04.2025 23:00:00;02.04.2025 00:00:00;99.69
02.04.2025 00:00:00;02.04.2025 01:00:00;59.94
02.04.2025 01:00:00;02.04.2025 02:00:00;55.98
02.04.2025 02:00:00;02.04.2025 03:00:00;52.58
02.04.2025 03:00:00;02.04.2025 04:00:00;56.09
02.04.2025 04:00:00;02.04.2025 05:00:00;60.28
02.04.2025 05:00:00;02.04.2025 06:00:00;108.55
02.04.2025 06:00:00;02.04.2025 07:00:00;257.9
02.04.2025 07:00:00;02.04.2025 08:00:00;458.01
02.04.2025 08:00:00;02.04.2025 09:00:00;474.21
02.04.2025 09:00:00;02.04.2025 10:00:00;307.42
02.04.2025 10:00:00;02.04.2025 11:00:00;107.08
02.04.2025 11:00:00;02.04.2025 12:00:00;35.47
02.04.2025 12:00:00;02.04.2025 13:00:00;22.55
02.04.2025 13:00:00;02.04.2025 14:00:00;11.9
02.04.2025 14:00:00;02.04.2025 15:00:00;11.1
02.04.2025 15:00:00;02.04.2025 16:00:00;15.98
02.04.2025 16:00:00;02.04.2025 17:00:00;34.22
02.04.2025 17:00:00;02.04.2025 18:00:00;99.15
02.04.2025 18:00:00;02.04.2025 19:00:00;323.05
02.04.2025 19:00:00;02.04.2025 20:00:00;493.02
02.04.2025 20:00:00;02.04.2025 21:00:00;478.97
02.04.2025 21:00:00;02.04.2025 22:00:00;435.23
02.04.2025 22:00:00;02.04.2025 23:00:00;283.05
02.04.2025 23:00:00;03.04.2025 00:00:00;157.05
03.04.2025 00:00:00;03.04.2025 01:00:00;169.77
03.04.2025 01:00:00;03.04.2025 02:00:00;123.67
03.04.2025 02:00:00;03.04.2025 03:00:00;102.92
03.04.2025 03:00:00;03.04.2025 04:00:00;97.4
03.04.2025 04:00:00;03.04.2025 05:00:00;106.98
03.04.2025 05:00:00;03.04.2025 06:00:00;131.67
03.04.2025 06:00:00;03.04.2025 07:00:00;378.55
03.04.2025 07:00:00;03.04.2025 08:00:00;451.04
03.04.2025 08:00:00;03.04.2025 09:00:00;241.36
03.04.2025 09:00:00;03.04.2025 10:00:00;69.33
03.04.2025 10:00:00;03.04.2025 11:00:00;36.07
03.04.2025 11:00:00;03.04.2025 12:00:00;10.82
03.04.2025 12:00:00;03.04.2025 13:00:00;0.11
03.04.2025 13:00:00;03.04.2025 14:00:00;-3.38
03.04.2025 14:00:00;03.04.2025 15:00:00;-3.61
03.04.2025 15:00:00;03.04.2025 16:00:00;-0.11
03.04.2025 16:00:00;03.04.2025 17:00:00;6.88
03.04.2025 17:00:00;03.04.2025 18:00:00;29.31
03.04.2025 18:00:00;03.04.2025 19:00:00;55.35
03.04.2025 19:00:00;03.04.2025 20:00:00;56.37
03.04.2025 20:00:00;03.04.2025 21:00:00;55.35
03.04.2025 21:00:00;03.04.2025 22:00:00;46.78
03.04.2025 22:00:00;03.04.2025 23:00:00;36.19
03.04.2025 23:00:00;04.04.2025 00:00:00;26.15
04.04.2025 00:00:00;04.04.2025 01:00:00;26.26
04.04.2025 01:00:00;04.04.2025 02:00:00;22.62
04.04.2025 02:00:00;04.04.2025 03:00:00;21.37
04.04.2025 03:00:00;04.04.2025 04:00:00;23.3
04.04.2025 04:00:00;04.04.2025 05:00:00;26.82
04.04.2025 05:00:00;04.04.2025 06:00:00;42.51
04.04.2025 06:00:00;04.04.2025 07:00:00;87.52
04.04.2025 07:00:00;04.04.2025 08:00:00;202.09
04.04.2025 08:00:00;04.04.2025 09:00:00;136.73
04.04.2025 09:00:00;04.04.2025 10:00:00;57.29
04.04.2025 10:00:00;04.04.2025 11:00:00;42.51
04.04.2025 11:00:00;04.04.2025 12:00:00;22.73
04.04.2025 12:00:00;04.04.2025 13:00:00;14.89
04.04.2025 13:00:00;04.04.2025 14:00:00;7.16
04.04.2025 14:00:00;04.04.2025 15:00:00;9.21
04.04.2025 15:00:00;04.04.2025 16:00:00;14.09
04.04.2025 16:00:00;04.04.2025 17:00:00;40.8
04.04.2025 17:00:00;04.04.2025 18:00:00;104.34
04.04.2025 18:00:00;04.04.2025 19:00:00;340.19
04.04.2025 19:00:00;04.04.2025 20:00:00;454.42
04.04.2025 20:00:00;04.04.2025 21:00:00;454.53
04.04.2025 21:00:00;04.04.2025 22:00:00;349.17
04.04.2025 22:00:00;04.04.2025 23:00:00;227.44
04.04.2025 23:00:00;05.04.2025 00:00:00;197.66
05.04.2025 00:00:00;05.04.2025 01:00:00;187.01
05.04.2025 01:00:00;05.04.2025 02:00:00;185.96
05.04.2025 02:00:00;05.04.2025 03:00:00;169.83
05.04.2025 03:00:00;05.04.2025 04:00:00;186.54
05.04.2025 04:00:00;05.04.2025 05:00:00;236.68
05.04.2025 05:00:00;05.04.2025 06:00:00;295.59
05.04.2025 06:00:00;05.04.2025 07:00:00;415.63
05.04.2025 07:00:00;05.04.2025 08:00:00;470.33
05.04.2025 08:00:00;05.04.2025 09:00:00;467.29
05.04.2025 09:00:00;05.04.2025 10:00:00;251.3
05.04.2025 10:00:00;05.04.2025 11:00:00;67.56
05.04.2025 11:00:00;05.04.2025 12:00:00;30.16
05.04.2025 12:00:00;05.04.2025 13:00:00;12.74
05.04.2025 13:00:00;05.04.2025 14:00:00;2.34
05.04.2025 14:00:00;05.04.2025 15:00:00;0
05.04.2025 15:00:00;05.04.2025 16:00:00;0.12
05.04.2025 16:00:00;05.04.2025 17:00:00;26.77
05.04.2025 17:00:00;05.04.2025 18:00:00;85.56
05.04.2025 18:00:00;05.04.2025 19:00:00;470.8
05.04.2025 19:00:00;05.04.2025 20:00:00;574.36
05.04.2025 20:00:00;05.04.2025 21:00:00;588.85
05.04.2025 21:00:00;05.04.2025 22:00:00;564.77
05.04.2025 22:00:00;05.04.2025 23:00:00;542.21
05.04.2025 23:00:00;06.04.2025 00:00:00;510.77
06.04.2025 00:00:00;06.04.2025 01:00:00;524.41
06.04.2025 01:00:00;06.04.2025 02:00:00;505.87
06.04.2025 02:00:00;06.04.2025 03:00:00;480.94
06.04.2025 03:00:00;06.04.2025 04:00:00;449.51
06.04.2025 04:00:00;06.04.2025 05:00:00;443.73
06.04.2025 05:00:00;06.04.2025 06:00:00;457.1
06.04.2025 06:00:00;06.04.2025 07:00:00;480.7
06.04.2025 07:00:00;06.04.2025 08:00:00;469.14
06.04.2025 08:00:00;06.04.2025 09:00:00;237.82
06.04.2025 09:00:00;06.04.2025 10:00:00;80.8
06.04.2025 10:00:00;06.04.2025 11:00:00;48.65
06.04.2025 11:00:00;06.04.2025 12:00:00;27.45
06.04.2025 12:00:00;06.04.2025 13:00:00;25.05
06.04.2025 13:00:00;06.04.2025 14:00:00;18.91
06.04.2025 14:00:00;06.04.2025 15:00:00;12.76
06.04.2025 15:00:00;06.04.2025 16:00:00;16.74
06.04.2025 16:00:00;06.04.2025 17:00:00;40.34
06.04.2025 17:00:00;06.04.2025 18:00:00;103.56
06.04.2025 18:00:00;06.04.2025 19:00:00;490.34
06.04.2025 19:00:00;06.04.2025 20:00:00;557.05
06.04.2025 20:00:00;06.04.2025 21:00:00;558.01
06.04.2025 21:00:00;06.04.2025 22:00:00;557.89
06.04.2025 22:00:00;06.04.2025 23:00:00;547.17
06.04.2025 23:00:00;07.04.2025 00:00:00;486.84
07.04.2025 00:00:00;07.04.2025 01:00:00;536.34
07.04.2025 01:00:00;07.04.2025 02:00:00;536.58
07.04.2025 02:00:00;07.04.2025 03:00:00;537.54
07.04.2025 03:00:00;07.04.2025 04:00:00;537.06
07.04.2025 04:00:00;07.04.2025 05:00:00;557.77
07.04.2025 05:00:00;07.04.2025 06:00:00;584.02
07.04.2025 06:00:00;07.04.2025 07:00:00;710.46
07.04.2025 07:00:00;07.04.2025 08:00:00;1328.8
07.04.2025 08:00:00;07.04.2025 09:00:00;1444.76
07.04.2025 09:00:00;07.04.2025 10:00:00;978.62
07.04.2025 10:00:00;07.04.2025 11:00:00;732.25
07.04.2025 11:00:00;07.04.2025 12:00:00;604.61
07.04.2025 12:00:00;07.04.2025 13:00:00;473
07.04.2025 13:00:00;07.04.2025 14:00:00;344.87
07.04.2025 14:00:00;07.04.2025 15:00:00;407.25
07.04.2025 15:00:00;07.04.2025 16:00:00;573.18
07.04.2025 16:00:00;07.04.2025 17:00:00;613.4
07.04.2025 17:00:00;07.04.2025 18:00:00;744.66
07.04.2025 18:00:00;07.04.2025 19:00:00;1131.31
07.04.2025 19:00:00;07.04.2025 20:00:00;1594.92
07.04.2025 20:00:00;07.04.2025 21:00:00;1563.85
07.04.2025 21:00:00;07.04.2025 22:00:00;1265.22
07.04.2025 22:00:00;07.04.2025 23:00:00;1194.29
07.04.2025 23:00:00;08.04.2025 00:00:00;914.2
08.04.2025 00:00:00;08.04.2025 01:00:00;684.94
08.04.2025 01:00:00;08.04.2025 02:00:00;649.84
08.04.2025 02:00:00;08.04.2025 03:00:00;645.3
08.04.2025 03:00:00;08.04.2025 04:00:00;642.56
08.04.2025 04:00:00;08.04.2025 05:00:00;650.44
08.04.2025 05:00:00;08.04.2025 06:00:00;730.07
08.04.2025 06:00:00;08.04.2025 07:00:00;1032.72
08.04.2025 07:00:00;08.04.2025 08:00:00;1586.69
08.04.2025 08:00:00;08.04.2025 09:00:00;1404.62
08.04.2025 09:00:00;08.04.2025 10:00:00;740.22
08.04.2025 10:00:00;08.04.2025 11:00:00;643.99
08.04.2025 11:00:00;08.04.2025 12:00:00;560.42
08.04.2025 12:00:00;08.04.2025 13:00:00;257.88
08.04.2025 13:00:00;08.04.2025 14:00:00;113.18
08.04.2025 14:00:00;08.04.2025 15:00:00;110.2
08.04.2025 15:00:00;08.04.2025 16:00:00;333.69
08.04.2025 16:00:00;08.04.2025 17:00:00;439.47
08.04.2025 17:00:00;08.04.2025 18:00:00;509.68
08.04.2025 18:00:00;08.04.2025 19:00:00;510.03
08.04.2025 19:00:00;08.04.2025 20:00:00;505.5
08.04.2025 20:00:00;08.04.2025 21:00:00;474.69
08.04.2025 21:00:00;08.04.2025 22:00:00;433.15
08.04.2025 22:00:00;08.04.2025 23:00:00;222.54
08.04.2025 23:00:00;09.04.2025 00:00:00;86.32
09.04.2025 00:00:00;09.04.2025 01:00:00;68.34
09.04.2025 01:00:00;09.04.2025 02:00:00;51.4
09.04.2025 02:00:00;09.04.2025 03:00:00;47.32
09.04.2025 03:00:00;09.04.2025 04:00:00;43.84
09.04.2025 04:00:00;09.04.2025 05:00:00;44.56
09.04.2025 05:00:00;09.04.2025 06:00:00;58.85
09.04.2025 06:00:00;09.04.2025 07:00:00;101.61
09.04.2025 07:00:00;09.04.2025 08:00:00;295.7
09.04.2025 08:00:00;09.04.2025 09:00:00;253.3
09.04.2025 09:00:00;09.04.2025 10:00:00;105.81
09.04.2025 10:00:00;09.04.2025 11:00:00;59.09
09.04.2025 11:00:00;09.04.2025 12:00:00;46.96
09.04.2025 12:00:00;09.04.2025 13:00:00;20.18
09.04.2025 13:00:00;09.04.2025 14:00:00;12.85
09.04.2025 14:00:00;09.04.2025 15:00:00;15.13
09.04.2025 15:00:00;09.04.2025 16:00:00;24.02
09.04.2025 16:00:00;09.04.2025 17:00:00;32.55
09.04.2025 17:00:00;09.04.2025 18:00:00;47.68
09.04.2025 18:00:00;09.04.2025 19:00:00;84.31
09.04.2025 19:00:00;09.04.2025 20:00:00;174.27
09.04.2025 20:00:00;09.04.2025 21:00:00;240.09
09.04.2025 21:00:00;09.04.2025 22:00:00;239.49
09.04.2025 22:00:00;09.04.2025 23:00:00;240.21
09.04.2025 23:00:00;10.04.2025 00:00:00;225.2
10.04.2025 00:00:00;10.04.2025 01:00:00;200.95
10.04.2025 01:00:00;10.04.2025 02:00:00;242.87
10.04.2025 02:00:00;10.04.2025 03:00:00;338.37
10.04.2025 03:00:00;10.04.2025 04:00:00;449.41
10.04.2025 04:00:00;10.04.2025 05:00:00;537.86
10.04.2025 05:00:00;10.04.2025 06:00:00;631.66
10.04.2025 06:00:00;10.04.2025 07:00:00;1029.43
10.04.2025 07:00:00;10.04.2025 08:00:00;1506.55
10.04.2025 08:00:00;10.04.2025 09:00:00;1463.66
10.04.2025 09:00:00;10.04.2025 10:00:00;831.88
10.04.2025 10:00:00;10.04.2025 11:00:00;605.17
10.04.2025 11:00:00;10.04.2025 12:00:00;452.09
10.04.2025 12:00:00;10.04.2025 13:00:00;243.11
10.04.2025 13:00:00;10.04.2025 14:00:00;51.76
10.04.2025 14:00:00;10.04.2025 15:00:00;31.59
10.04.2025 15:00:00;10.04.2025 16:00:00;38.64
10.04.2025 16:00:00;10.04.2025 17:00:00;60.63
10.04.2025 17:00:00;10.04.2025 18:00:00;114.33
10.04.2025 18:00:00;10.04.2025 19:00:00;172.89
10.04.2025 19:00:00;10.04.2025 20:00:00;137.29
10.04.2025 20:00:00;10.04.2025 21:00:00;108.37
10.04.2025 21:00:00;10.04.2025 22:00:00;84.2
10.04.2025 22:00:00;10.04.2025 23:00:00;60.63
10.04.2025 23:00:00;11.04.2025 00:00:00;54.67
11.04.2025 00:00:00;11.04.2025 01:00:00;46.81
11.04.2025 01:00:00;11.04.2025 02:00:00;44.77
11.04.2025 02:00:00;11.04.2025 03:00:00;44.05
11.04.2025 03:00:00;11.04.2025 04:00:00;46.69
11.04.2025 04:00:00;11.04.2025 05:00:00;48.48
11.04.2025 05:00:00;11.04.2025 06:00:00;78.89
11.04.2025 06:00:00;11.04.2025 07:00:00;271.49
11.04.2025 07:00:00;11.04.2025 08:00:00;526.35
11.04.2025 08:00:00;11.04.2025 09:00:00;598.29
11.04.2025 09:00:00;11.04.2025 10:00:00;498.34
11.04.2025 10:00:00;11.04.2025 11:00:00;311.12
11.04.2025 11:00:00;11.04.2025 12:00:00;79.96
11.04.2025 12:00:00;11.04.2025 13:00:00;47.88
11.04.2025 13:00:00;11.04.2025 14:00:00;36.03
11.04.2025 14:00:00;11.04.2025 15:00:00;41.3
11.04.2025 15:00:00;11.04.2025 16:00:00;69.43
11.04.2025 16:00:00;11.04.2025 17:00:00;139.94
11.04.2025 17:00:00;11.04.2025 18:00:00;486.37
11.04.2025 18:00:00;11.04.2025 19:00:00;587.04
11.04.2025 19:00:00;11.04.2025 20:00:00;601.05
11.04.2025 20:00:00;11.04.2025 21:00:00;574.47
11.04.2025 21:00:00;11.04.2025 22:00:00;503.01
11.04.2025 22:00:00;11.04.2025 23:00:00;405.92
11.04.2025 23:00:00;12.04.2025 00:00:00;161.12
12.04.2025 00:00:00;12.04.2025 01:00:00;241.54
12.04.2025 01:00:00;12.04.2025 02:00:00;97.2
12.04.2025 02:00:00;12.04.2025 03:00:00;82.9
12.04.2025 03:00:00;12.04.2025 04:00:00;78.78
12.04.2025 04:00:00;12.04.2025 05:00:00;81.81
12.04.2025 05:00:00;12.04.2025 06:00:00;83.5
12.04.2025 06:00:00;12.04.2025 07:00:00;87.5
12.04.2025 07:00:00;12.04.2025 08:00:00;87.5
12.04.2025 08:00:00;12.04.2025 09:00:00;87.5
12.04.2025 09:00:00;12.04.2025 10:00:00;74.17
12.04.2025 10:00:00;12.04.2025 11:00:00;51.87
12.04.2025 11:00:00;12.04.2025 12:00:00;27.15
12.04.2025 12:00:00;12.04.2025 13:00:00;0.12
12.04.2025 13:00:00;12.04.2025 14:00:00;-1.7
12.04.2025 14:00:00;12.04.2025 15:00:00;-1.58
12.04.2025 15:00:00;12.04.2025 16:00:00;0.97
12.04.2025 16:00:00;12.04.2025 17:00:00;35.39
12.04.2025 17:00:00;12.04.2025 18:00:00;117.19
12.04.2025 18:00:00;12.04.2025 19:00:00;442.84
12.04.2025 19:00:00;12.04.2025 20:00:00;487.8
12.04.2025 20:00:00;12.04.2025 21:00:00;483.8
12.04.2025 21:00:00;12.04.2025 22:00:00;461.99
12.04.2025 22:00:00;12.04.2025 23:00:00;405.39
12.04.2025 23:00:00;13.04.2025 00:00:00;309.04
13.04.2025 00:00:00;13.04.2025 01:00:00;240.75
13.04.2025 01:00:00;13.04.2025 02:00:00;135.04
13.04.2025 02:00:00;13.04.2025 03:00:00;75.64
13.04.2025 03:00:00;13.04.2025 04:00:00;59.52
13.04.2025 04:00:00;13.04.2025 05:00:00;60.49
13.04.2025 05:00:00;13.04.2025 06:00:00;71.16
13.04.2025 06:00:00;13.04.2025 07:00:00;67.89
13.04.2025 07:00:00;13.04.2025 08:00:00;72.37
13.04.2025 08:00:00;13.04.2025 09:00:00;63.28
13.04.2025 09:00:00;13.04.2025 10:00:00;51.76
13.04.2025 10:00:00;13.04.2025 11:00:00;20.61
13.04.2025 11:00:00;13.04.2025 12:00:00;4.36
13.04.2025 12:00:00;13.04.2025 13:00:00;-0.12
13.04.2025 13:00:00;13.04.2025 14:00:00;-0.97
13.04.2025 14:00:00;13.04.2025 15:00:00;-0.85
13.04.2025 15:00:00;13.04.2025 16:00:00;0.12
13.04.2025 16:00:00;13.04.2025 17:00:00;28
13.04.2025 17:00:00;13.04.2025 18:00:00;81.1
13.04.2025 18:00:00;13.04.2025 19:00:00;152.74
13.04.2025 19:00:00;13.04.2025 20:00:00;194.81
13.04.2025 20:00:00;13.04.2025 21:00:00;136.01
13.04.2025 21:00:00;13.04.2025 22:00:00;93.34
13.04.2025 22:00:00;13.04.2025 23:00:00;83.4
13.04.2025 23:00:00;14.04.2025 00:00:00;71.64
14.04.2025 00:00:00;14.04.2025 01:00:00;56.85
14.04.2025 01:00:00;14.04.2025 02:00:00;49.34
14.04.2025 02:00:00;14.04.2025 03:00:00;49.22
14.04.2025 03:00:00;14.04.2025 04:00:00;52.85
14.04.2025 04:00:00;14.04.2025 05:00:00;54.31
14.04.2025 05:00:00;14.04.2025 06:00:00;82.8
14.04.2025 06:00:00;14.04.2025 07:00:00;200.02
14.04.2025 07:00:00;14.04.2025 08:00:00;407.19
14.04.2025 08:00:00;14.04.2025 09:00:00;434.35
14.04.2025 09:00:00;14.04.2025 10:00:00;373.01
14.04.2025 10:00:00;14.04.2025 11:00:00;254.94
14.04.2025 11:00:00;14.04.2025 12:00:00;121.22
14.04.2025 12:00:00;14.04.2025 13:00:00;97.1
14.04.2025 13:00:00;14.04.2025 14:00:00;79.28
14.04.2025 14:00:00;14.04.2025 15:00:00;74.19
14.04.2025 15:00:00;14.04.2025 16:00:00;78.43
14.04.2025 16:00:00;14.04.2025 17:00:00;95.04
14.04.2025 17:00:00;14.04.2025 18:00:00;157.96
14.04.2025 18:00:00;14.04.2025 19:00:00;290.21
14.04.2025 19:00:00;14.04.2025 20:00:00;397.62
14.04.2025 20:00:00;14.04.2025 21:00:00;395.19
14.04.2025 21:00:00;14.04.2025 22:00:00;332.16
14.04.2025 22:00:00;14.04.2025 23:00:00;240.87
14.04.2025 23:00:00;15.04.2025 00:00:00;138.32
15.04.2025 00:00:00;15.04.2025 01:00:00;134.83
15.04.2025 01:00:00;15.04.2025 02:00:00;116.35
15.04.2025 02:00:00;15.04.2025 03:00:00;114.08
15.04.2025 03:00:00;15.04.2025 04:00:00;114.67
15.04.2025 04:00:00;15.04.2025 05:00:00;118.51
15.04.2025 05:00:00;15.04.2025 06:00:00;190.25
15.04.2025 06:00:00;15.04.2025 07:00:00;335.99
15.04.2025 07:00:00;15.04.2025 08:00:00;439.99
15.04.2025 08:00:00;15.04.2025 09:00:00;423.67
15.04.2025 09:00:00;15.04.2025 10:00:00;348.7
15.04.2025 10:00:00;15.04.2025 11:00:00;215.32
15.04.2025 11:00:00;15.04.2025 12:00:00;53.5
15.04.2025 12:00:00;15.04.2025 13:00:00;28.67
15.04.2025 13:00:00;15.04.2025 14:00:00;28.55
15.04.2025 14:00:00;15.04.2025 15:00:00;35.87
15.04.2025 15:00:00;15.04.2025 16:00:00;53.98
15.04.2025 16:00:00;15.04.2025 17:00:00;79.65
15.04.2025 17:00:00;15.04.2025 18:00:00;131.71
15.04.2025 18:00:00;15.04.2025 19:00:00;170.45
15.04.2025 19:00:00;15.04.2025 20:00:00;189.29
15.04.2025 20:00:00;15.04.2025 21:00:00;154.86
15.04.2025 21:00:00;15.04.2025 22:00:00;114.67
15.04.2025 22:00:00;15.04.2025 23:00:00;64.77
15.04.2025 23:00:00;16.04.2025 00:00:00;46.18
16.04.2025 00:00:00;16.04.2025 01:00:00;44.74
16.04.2025 01:00:00;16.04.2025 02:00:00;43.42
16.04.2025 02:00:00;16.04.2025 03:00:00;45.46
16.04.2025 03:00:00;16.04.2025 04:00:00;47.5
16.04.2025 04:00:00;16.04.2025 05:00:00;49.17
16.04.2025 05:00:00;16.04.2025 06:00:00;73.16
16.04.2025 06:00:00;16.04.2025 07:00:00;132.53
16.04.2025 07:00:00;16.04.2025 08:00:00;383.68
16.04.2025 08:00:00;16.04.2025 09:00:00;443.29
16.04.2025 09:00:00;16.04.2025 10:00:00;443.65
16.04.2025 10:00:00;16.04.2025 11:00:00;411.39
16.04.2025 11:00:00;16.04.2025 12:00:00;359.81
16.04.2025 12:00:00;16.04.2025 13:00:00;228.48
16.04.2025 13:00:00;16.04.2025 14:00:00;95.95
16.04.2025 14:00:00;16.04.2025 15:00:00;98.71
16.04.2025 15:00:00;16.04.2025 16:00:00;362.33
16.04.2025 16:00:00;16.04.2025 17:00:00;409.95
16.04.2025 17:00:00;16.04.2025 18:00:00;456.72
16.04.2025 18:00:00;16.04.2025 19:00:00;465.72
16.04.2025 19:00:00;16.04.2025 20:00:00;459.96
16.04.2025 20:00:00;16.04.2025 21:00:00;426.74
16.04.2025 21:00:00;16.04.2025 22:00:00;361.01
16.04.2025 22:00:00;16.04.2025 23:00:00;304.64
16.04.2025 23:00:00;17.04.2025 00:00:00;198.5
17.04.2025 00:00:00;17.04.2025 01:00:00;183.61
17.04.2025 01:00:00;17.04.2025 02:00:00;169.97
17.04.2025 02:00:00;17.04.2025 03:00:00;205.94
17.04.2025 03:00:00;17.04.2025 04:00:00;241.19
17.04.2025 04:00:00;17.04.2025 05:00:00;292.25
17.04.2025 05:00:00;17.04.2025 06:00:00;404.03
17.04.2025 06:00:00;17.04.2025 07:00:00;451.47
17.04.2025 07:00:00;17.04.2025 08:00:00;551.78
17.04.2025 08:00:00;17.04.2025 09:00:00;597.53
17.04.2025 09:00:00;17.04.2025 10:00:00;595.72
17.04.2025 10:00:00;17.04.2025 11:00:00;542.37
17.04.2025 11:00:00;17.04.2025 12:00:00;434.45
17.04.2025 12:00:00;17.04.2025 13:00:00;411.03
17.04.2025 13:00:00;17.04.2025 14:00:00;358.52
17.04.2025 14:00:00;17.04.2025 15:00:00;362.14
17.04.2025 15:00:00;17.04.2025 16:00:00;413.93
17.04.2025 16:00:00;17.04.2025 17:00:00;439.16
17.04.2025 17:00:00;17.04.2025 18:00:00;482.86
17.04.2025 18:00:00;17.04.2025 19:00:00;475.73
17.04.2025 19:00:00;17.04.2025 20:00:00;428.29
17.04.2025 20:00:00;17.04.2025 21:00:00;412.96
17.04.2025 21:00:00;17.04.2025 22:00:00;362.26
17.04.2025 22:00:00;17.04.2025 23:00:00;261.95
17.04.2025 23:00:00;18.04.2025 00:00:00;148.72
18.04.2025 00:00:00;18.04.2025 01:00:00;111.42
18.04.2025 01:00:00;18.04.2025 02:00:00;113.92
18.04.2025 02:00:00;18.04.2025 03:00:00;111.07
18.04.2025 03:00:00;18.04.2025 04:00:00;118.92
18.04.2025 04:00:00;18.04.2025 05:00:00;129.52
18.04.2025 05:00:00;18.04.2025 06:00:00;198.68
18.04.2025 06:00:00;18.04.2025 07:00:00;276.54
18.04.2025 07:00:00;18.04.2025 08:00:00;379.39
18.04.2025 08:00:00;18.04.2025 09:00:00;402.37
18.04.2025 09:00:00;18.04.2025 10:00:00;408.68
18.04.2025 10:00:00;18.04.2025 11:00:00;376.18
18.04.2025 11:00:00;18.04.2025 12:00:00;326.89
18.04.2025 12:00:00;18.04.2025 13:00:00;320.82
18.04.2025 13:00:00;18.04.2025 14:00:00;268.68
18.04.2025 14:00:00;18.04.2025 15:00:00;241.42
18.04.2025 15:00:00;18.04.2025 16:00:00;324.63
18.04.2025 16:00:00;18.04.2025 17:00:00;397.37
18.04.2025 17:00:00;18.04.2025 18:00:00;467.96
18.04.2025 18:00:00;18.04.2025 19:00:00;504.39
18.04.2025 19:00:00;18.04.2025 20:00:00;522.84
18.04.2025 20:00:00;18.04.2025 21:00:00;517.96
18.04.2025 21:00:00;18.04.2025 22:00:00;465.46
18.04.2025 22:00:00;18.04.2025 23:00:00;399.99
18.04.2025 23:00:00;19.04.2025 00:00:00;336.3
19.04.2025 00:00:00;19.04.2025 01:00:00;382.13
19.04.2025 01:00:00;19.04.2025 02:00:00;343.92
19.04.2025 02:00:00;19.04.2025 03:00:00;297.97
19.04.2025 03:00:00;19.04.2025 04:00:00;250.82
19.04.2025 04:00:00;19.04.2025 05:00:00;241.54
19.04.2025 05:00:00;19.04.2025 06:00:00;279.16
19.04.2025 06:00:00;19.04.2025 07:00:00;362.25
19.04.2025 07:00:00;19.04.2025 08:00:00;404.63
19.04.2025 08:00:00;19.04.2025 09:00:00;435.82
19.04.2025 09:00:00;19.04.2025 10:00:00;407.72
19.04.2025 10:00:00;19.04.2025 11:00:00;238.09
19.04.2025 11:00:00;19.04.2025 12:00:00;93.33
19.04.2025 12:00:00;19.04.2025 13:00:00;47.02
19.04.2025 13:00:00;19.04.2025 14:00:00;30.83
19.04.2025 14:00:00;19.04.2025 15:00:00;35.83
19.04.2025 15:00:00;19.04.2025 16:00:00;45.36
19.04.2025 16:00:00;19.04.2025 17:00:00;84.52
19.04.2025 17:00:00;19.04.2025 18:00:00;296.89
19.04.2025 18:00:00;19.04.2025 19:00:00;400.46
19.04.2025 19:00:00;19.04.2025 20:00:00;436.53
19.04.2025 20:00:00;19.04.2025 21:00:00;477.01
19.04.2025 21:00:00;19.04.2025 22:00:00;399.75
19.04.2025 22:00:00;19.04.2025 23:00:00;347.73
19.04.2025 23:00:00;20.04.2025 00:00:00;236.54
20.04.2025 00:00:00;20.04.2025 01:00:00;212.73
20.04.2025 01:00:00;20.04.2025 02:00:00;127.38
20.04.2025 02:00:00;20.04.2025 03:00:00;114.28
20.04.2025 03:00:00;20.04.2025 04:00:00;126.9
20.04.2025 04:00:00;20.04.2025 05:00:00;183.09
20.04.2025 05:00:00;20.04.2025 06:00:00;260.47
20.04.2025 06:00:00;20.04.2025 07:00:00;354.39
20.04.2025 07:00:00;20.04.2025 08:00:00;384.27
20.04.2025 08:00:00;20.04.2025 09:00:00;376.77
20.04.2025 09:00:00;20.04.2025 10:00:00;215.11
20.04.2025 10:00:00;20.04.2025 11:00:00;84.4
20.04.2025 11:00:00;20.04.2025 12:00:00;52.02
20.04.2025 12:00:00;20.04.2025 13:00:00;45.36
20.04.2025 13:00:00;20.04.2025 14:00:00;46.55
20.04.2025 14:00:00;20.04.2025 15:00:00;47.74
20.04.2025 15:00:00;20.04.2025 16:00:00;72.38
20.04.2025 16:00:00;20.04.2025 17:00:00;160.71
20.04.2025 17:00:00;20.04.2025 18:00:00;401.06
20.04.2025 18:00:00;20.04.2025 19:00:00;574.74
20.04.2025 19:00:00;20.04.2025 20:00:00;606.41
20.04.2025 20:00:00;20.04.2025 21:00:00;624.03
20.04.2025 21:00:00;20.04.2025 22:00:00;594.27
20.04.2025 22:00:00;20.04.2025 23:00:00;534.74
20.04.2025 23:00:00;21.04.2025 00:00:00;497.96
21.04.2025 00:00:00;21.04.2025 01:00:00;527.96
21.04.2025 01:00:00;21.04.2025 02:00:00;498.55
21.04.2025 02:00:00;21.04.2025 03:00:00;481.41
21.04.2025 03:00:00;21.04.2025 04:00:00;456.53
21.04.2025 04:00:00;21.04.2025 05:00:00;440.22
21.04.2025 05:00:00;21.04.2025 06:00:00;447.96
21.04.2025 06:00:00;21.04.2025 07:00:00;508.55
21.04.2025 07:00:00;21.04.2025 08:00:00;556.41
21.04.2025 08:00:00;21.04.2025 09:00:00;564.98
21.04.2025 09:00:00;21.04.2025 10:00:00;527.36
21.04.2025 10:00:00;21.04.2025 11:00:00;438.44
21.04.2025 11:00:00;21.04.2025 12:00:00;362.13
21.04.2025 12:00:00;21.04.2025 13:00:00;241.42
21.04.2025 13:00:00;21.04.2025 14:00:00;150.11
21.04.2025 14:00:00;21.04.2025 15:00:00;189.87
21.04.2025 15:00:00;21.04.2025 16:00:00;256.66
21.04.2025 16:00:00;21.04.2025 17:00:00;432.37
21.04.2025 17:00:00;21.04.2025 18:00:00;592.72
21.04.2025 18:00:00;21.04.2025 19:00:00;638.07
21.04.2025 19:00:00;21.04.2025 20:00:00;656.88
21.04.2025 20:00:00;21.04.2025 21:00:00;645.33
21.04.2025 21:00:00;21.04.2025 22:00:00;631.76
21.04.2025 22:00:00;21.04.2025 23:00:00;595.34
21.04.2025 23:00:00;22.04.2025 00:00:00;534.86
22.04.2025 00:00:00;22.04.2025 01:00:00;559.15
22.04.2025 01:00:00;22.04.2025 02:00:00;540.46
22.04.2025 02:00:00;22.04.2025 03:00:00;523.67
22.04.2025 03:00:00;22.04.2025 04:00:00;535.46
22.04.2025 04:00:00;22.04.2025 05:00:00;595.34
22.04.2025 05:00:00;22.04.2025 06:00:00;647.36
22.04.2025 06:00:00;22.04.2025 07:00:00;988.66
22.04.2025 07:00:00;22.04.2025 08:00:00;1390.19
22.04.2025 08:00:00;22.04.2025 09:00:00;1163.29
22.04.2025 09:00:00;22.04.2025 10:00:00;988.66
22.04.2025 10:00:00;22.04.2025 11:00:00;794.38
22.04.2025 11:00:00;22.04.2025 12:00:00;776.04
22.04.2025 12:00:00;22.04.2025 13:00:00;727.12
22.04.2025 13:00:00;22.04.2025 14:00:00;793.66
22.04.2025 14:00:00;22.04.2025 15:00:00;810.69
22.04.2025 15:00:00;22.04.2025 16:00:00;842.35
22.04.2025 16:00:00;22.04.2025 17:00:00;916.28
22.04.2025 17:00:00;22.04.2025 18:00:00;1125.56
22.04.2025 18:00:00;22.04.2025 19:00:00;1227.34
22.04.2025 19:00:00;22.04.2025 20:00:00;1427.93
22.04.2025 20:00:00;22.04.2025 21:00:00;1262.81
22.04.2025 21:00:00;22.04.2025 22:00:00;1071.15
22.04.2025 22:00:00;22.04.2025 23:00:00;1125.79
22.04.2025 23:00:00;23.04.2025 00:00:00;988.3
23.04.2025 00:00:00;23.04.2025 01:00:00;875.42
23.04.2025 01:00:00;23.04.2025 02:00:00;730.35
23.04.2025 02:00:00;23.04.2025 03:00:00;675.09
23.04.2025 03:00:00;23.04.2025 04:00:00;656.51
23.04.2025 04:00:00;23.04.2025 05:00:00;630.07
23.04.2025 05:00:00;23.04.2025 06:00:00;656.27
23.04.2025 06:00:00;23.04.2025 07:00:00;690.57
23.04.2025 07:00:00;23.04.2025 08:00:00;822.06
23.04.2025 08:00:00;23.04.2025 09:00:00;862.2
23.04.2025 09:00:00;23.04.2025 10:00:00;729.4
23.04.2025 10:00:00;23.04.2025 11:00:00;670.68
23.04.2025 11:00:00;23.04.2025 12:00:00;646.15
23.04.2025 12:00:00;23.04.2025 13:00:00;499.53
23.04.2025 13:00:00;23.04.2025 14:00:00;468.08
23.04.2025 14:00:00;23.04.2025 15:00:00;502.15
23.04.2025 15:00:00;23.04.2025 16:00:00;528.95
23.04.2025 16:00:00;23.04.2025 17:00:00;606.37
23.04.2025 17:00:00;23.04.2025 18:00:00;667.11
23.04.2025 18:00:00;23.04.2025 19:00:00;738.69
23.04.2025 19:00:00;23.04.2025 20:00:00;948.91
23.04.2025 20:00:00;23.04.2025 21:00:00;872.8
23.04.2025 21:00:00;23.04.2025 22:00:00;750.6
23.04.2025 22:00:00;23.04.2025 23:00:00;736.43
23.04.2025 23:00:00;24.04.2025 00:00:00;682
24.04.2025 00:00:00;24.04.2025 01:00:00;751.81
24.04.2025 01:00:00;24.04.2025 02:00:00;711.35
24.04.2025 02:00:00;24.04.2025 03:00:00;700.9
24.04.2025 03:00:00;24.04.2025 04:00:00;713.25
24.04.2025 04:00:00;24.04.2025 05:00:00;793.59
24.04.2025 05:00:00;24.04.2025 06:00:00;954.4
24.04.2025 06:00:00;24.04.2025 07:00:00;1211.21
24.04.2025 07:00:00;24.04.2025 08:00:00;1675.59
24.04.2025 08:00:00;24.04.2025 09:00:00;1540.42
24.04.2025 09:00:00;24.04.2025 10:00:00;1319.68
24.04.2025 10:00:00;24.04.2025 11:00:00;1153.3
24.04.2025 11:00:00;24.04.2025 12:00:00;1071.65
24.04.2025 12:00:00;24.04.2025 13:00:00;867.52
24.04.2025 13:00:00;24.04.2025 14:00:00;774.96
24.04.2025 14:00:00;24.04.2025 15:00:00;735.44
24.04.2025 15:00:00;24.04.2025 16:00:00;737.57
24.04.2025 16:00:00;24.04.2025 17:00:00;814.71
24.04.2025 17:00:00;24.04.2025 18:00:00;886.16
24.04.2025 18:00:00;24.04.2025 19:00:00;1008.27
24.04.2025 19:00:00;24.04.2025 20:00:00;1155.08
24.04.2025 20:00:00;24.04.2025 21:00:00;1160.66
24.04.2025 21:00:00;24.04.2025 22:00:00;1149.5
24.04.2025 22:00:00;24.04.2025 23:00:00;877.61
24.04.2025 23:00:00;25.04.2025 00:00:00;686.07
25.04.2025 00:00:00;25.04.2025 01:00:00;479.45
25.04.2025 01:00:00;25.04.2025 02:00:00;455.04
25.04.2025 02:00:00;25.04.2025 03:00:00;445.33
25.04.2025 03:00:00;25.04.2025 04:00:00;462.74
25.04.2025 04:00:00;25.04.2025 05:00:00;532.88
25.04.2025 05:00:00;25.04.2025 06:00:00;683.93
25.04.2025 06:00:00;25.04.2025 07:00:00;887.58
25.04.2025 07:00:00;25.04.2025 08:00:00;1198.8
25.04.2025 08:00:00;25.04.2025 09:00:00;1308.62
25.04.2025 09:00:00;25.04.2025 10:00:00;1068.24
25.04.2025 10:00:00;25.04.2025 11:00:00;765.91
25.04.2025 11:00:00;25.04.2025 12:00:00;684.16
25.04.2025 12:00:00;25.04.2025 13:00:00;590.34
25.04.2025 13:00:00;25.04.2025 14:00:00;435.26
25.04.2025 14:00:00;25.04.2025 15:00:00;341.67
25.04.2025 15:00:00;25.04.2025 16:00:00;415.24
25.04.2025 16:00:00;25.04.2025 17:00:00;461.91
25.04.2025 17:00:00;25.04.2025 18:00:00;635.24
25.04.2025 18:00:00;25.04.2025 19:00:00;734.75
25.04.2025 19:00:00;25.04.2025 20:00:00;759.27
25.04.2025 20:00:00;25.04.2025 21:00:00;735.82
25.04.2025 21:00:00;25.04.2025 22:00:00;702.05
25.04.2025 22:00:00;25.04.2025 23:00:00;645.07
25.04.2025 23:00:00;26.04.2025 00:00:00;532.88
26.04.2025 00:00:00;26.04.2025 01:00:00;467.49
26.04.2025 01:00:00;26.04.2025 02:00:00;424.44
26.04.2025 02:00:00;26.04.2025 03:00:00;389.93
26.04.2025 03:00:00;26.04.2025 04:00:00;384.83
26.04.2025 04:00:00;26.04.2025 05:00:00;440.1
26.04.2025 05:00:00;26.04.2025 06:00:00;473.42
26.04.2025 06:00:00;26.04.2025 07:00:00;553.47
26.04.2025 07:00:00;26.04.2025 08:00:00;604.82
26.04.2025 08:00:00;26.04.2025 09:00:00;480.06
26.04.2025 09:00:00;26.04.2025 10:00:00;415.07
26.04.2025 10:00:00;26.04.2025 11:00:00;122.03
26.04.2025 11:00:00;26.04.2025 12:00:00;48.03
26.04.2025 12:00:00;26.04.2025 13:00:00;16.96
26.04.2025 13:00:00;26.04.2025 14:00:00;14.23
26.04.2025 14:00:00;26.04.2025 15:00:00;13.52
26.04.2025 15:00:00;26.04.2025 16:00:00;24.19
26.04.2025 16:00:00;26.04.2025 17:00:00;60.13
26.04.2025 17:00:00;26.04.2025 18:00:00;401.79
26.04.2025 18:00:00;26.04.2025 19:00:00;636.01
26.04.2025 19:00:00;26.04.2025 20:00:00;710.49
26.04.2025 20:00:00;26.04.2025 21:00:00;772.04
26.04.2025 21:00:00;26.04.2025 22:00:00;670.64
26.04.2025 22:00:00;26.04.2025 23:00:00;639.69
26.04.2025 23:00:00;27.04.2025 00:00:00;532.48
27.04.2025 00:00:00;27.04.2025 01:00:00;549.91
27.04.2025 01:00:00;27.04.2025 02:00:00;488.53
27.04.2025 02:00:00;27.04.2025 03:00:00;455.19
27.04.2025 03:00:00;27.04.2025 04:00:00;460.98
27.04.2025 04:00:00;27.04.2025 05:00:00;461.69
27.04.2025 05:00:00;27.04.2025 06:00:00;459.8
27.04.2025 06:00:00;27.04.2025 07:00:00;417.22
27.04.2025 07:00:00;27.04.2025 08:00:00;383.4
27.04.2025 08:00:00;27.04.2025 09:00:00;160.95
27.04.2025 09:00:00;27.04.2025 10:00:00;36.31
27.04.2025 10:00:00;27.04.2025 11:00:00;12.06
27.04.2025 11:00:00;27.04.2025 12:00:00;-0.12
27.04.2025 12:00:00;27.04.2025 13:00:00;-8.04
27.04.2025 13:00:00;27.04.2025 14:00:00;-23.42
27.04.2025 14:00:00;27.04.2025 15:00:00;-24.72
27.04.2025 15:00:00;27.04.2025 16:00:00;-5.91
27.04.2025 16:00:00;27.04.2025 17:00:00;15.37
27.04.2025 17:00:00;27.04.2025 18:00:00;118.26
27.04.2025 18:00:00;27.04.2025 19:00:00;547.55
27.04.2025 19:00:00;27.04.2025 20:00:00;688.51
27.04.2025 20:00:00;27.04.2025 21:00:00;709.56
27.04.2025 21:00:00;27.04.2025 22:00:00;676.57
27.04.2025 22:00:00;27.04.2025 23:00:00;578.53
27.04.2025 23:00:00;28.04.2025 00:00:00;531.11
28.04.2025 00:00:00;28.04.2025 01:00:00;363.65
28.04.2025 01:00:00;28.04.2025 02:00:00;275.19
28.04.2025 02:00:00;28.04.2025 03:00:00;189.81
28.04.2025 03:00:00;28.04.2025 04:00:00;171.83
28.04.2025 04:00:00;28.04.2025 05:00:00;152.67
28.04.2025 05:00:00;28.04.2025 06:00:00;259.11
28.04.2025 06:00:00;28.04.2025 07:00:00;466.66
28.04.2025 07:00:00;28.04.2025 08:00:00;641.33
28.04.2025 08:00:00;28.04.2025 09:00:00;671.6
28.04.2025 09:00:00;28.04.2025 10:00:00;605.61
28.04.2025 10:00:00;28.04.2025 11:00:00;386.48
28.04.2025 11:00:00;28.04.2025 12:00:00;52.27
28.04.2025 12:00:00;28.04.2025 13:00:00;22.59
28.04.2025 13:00:00;28.04.2025 14:00:00;4.38
28.04.2025 14:00:00;28.04.2025 15:00:00;11.71
28.04.2025 15:00:00;28.04.2025 16:00:00;28.03
28.04.2025 16:00:00;28.04.2025 17:00:00;46.59
28.04.2025 17:00:00;28.04.2025 18:00:00;295.06
28.04.2025 18:00:00;28.04.2025 19:00:00;415.21
28.04.2025 19:00:00;28.04.2025 20:00:00;478.6
28.04.2025 20:00:00;28.04.2025 21:00:00;467.96
28.04.2025 21:00:00;28.04.2025 22:00:00;360.34
28.04.2025 22:00:00;28.04.2025 23:00:00;157.17
28.04.2025 23:00:00;29.04.2025 00:00:00;74.5
29.04.2025 00:00:00;29.04.2025 01:00:00;65.76
29.04.2025 01:00:00;29.04.2025 02:00:00;57.12
29.04.2025 02:00:00;29.04.2025 03:00:00;48.37
29.04.2025 03:00:00;29.04.2025 04:00:00;47.54
29.04.2025 04:00:00;29.04.2025 05:00:00;52.86
29.04.2025 05:00:00;29.04.2025 06:00:00;93.55
29.04.2025 06:00:00;29.04.2025 07:00:00;414.4
29.04.2025 07:00:00;29.04.2025 08:00:00;631.42
29.04.2025 08:00:00;29.04.2025 09:00:00;603.74
29.04.2025 09:00:00;29.04.2025 10:00:00;471.99
29.04.2025 10:00:00;29.04.2025 11:00:00;117.32
29.04.2025 11:00:00;29.04.2025 12:00:00;46.12
29.04.2025 12:00:00;29.04.2025 13:00:00;27.91
29.04.2025 13:00:00;29.04.2025 14:00:00;22.23
29.04.2025 14:00:00;29.04.2025 15:00:00;26.96
29.04.2025 15:00:00;29.04.2025 16:00:00;39.86
29.04.2025 16:00:00;29.04.2025 17:00:00;295.07
29.04.2025 17:00:00;29.04.2025 18:00:00;591.32
29.04.2025 18:00:00;29.04.2025 19:00:00;695.75
29.04.2025 19:00:00;29.04.2025 20:00:00;945.29
29.04.2025 20:00:00;29.04.2025 21:00:00;1155.56
29.04.2025 21:00:00;29.04.2025 22:00:00;984.44
29.04.2025 22:00:00;29.04.2025 23:00:00;753.11
29.04.2025 23:00:00;30.04.2025 00:00:00;688.18
30.04.2025 00:00:00;30.04.2025 01:00:00;677.31
30.04.2025 01:00:00;30.04.2025 02:00:00;634.78
30.04.2025 02:00:00;30.04.2025 03:00:00;584.45
30.04.2025 03:00:00;30.04.2025 04:00:00;555.15
30.04.2025 04:00:00;30.04.2025 05:00:00;559.29
30.04.2025 05:00:00;30.04.2025 06:00:00;631.23
30.04.2025 06:00:00;30.04.2025 07:00:00;767.69
30.04.2025 07:00:00;30.04.2025 08:00:00;1152.48
30.04.2025 08:00:00;30.04.2025 09:00:00;827.94
30.04.2025 09:00:00;30.04.2025 10:00:00;667.74
30.04.2025 10:00:00;30.04.2025 11:00:00;436.18
30.04.2025 11:00:00;30.04.2025 12:00:00;112
30.04.2025 12:00:00;30.04.2025 13:00:00;59.19
30.04.2025 13:00:00;30.04.2025 14:00:00;47.14
30.04.2025 14:00:00;30.04.2025 15:00:00;47.02
30.04.2025 15:00:00;30.04.2025 16:00:00;64.86
30.04.2025 16:00:00;30.04.2025 17:00:00;333.99
30.04.2025 17:00:00;30.04.2025 18:00:00;622.96
30.04.2025 18:00:00;30.04.2025 19:00:00;743.82
30.04.2025 19:00:00;30.04.2025 20:00:00;936.28
30.04.2025 20:00:00;30.04.2025 21:00:00;1188.27
30.04.2025 21:00:00;30.04.2025 22:00:00;1012.24
30.04.2025 22:00:00;30.04.2025 23:00:00;773.48
30.04.2025 23:00:00;01.05.2025 00:00:00;700.23
01.05.2025 00:00:00;01.05.2025 01:00:00;613.69
01.05.2025 01:00:00;01.05.2025 02:00:00;592.95
01.05.2025 02:00:00;01.05.2025 03:00:00;583.05
01.05.2025 03:00:00;01.05.2025 04:00:00;537.55
01.05.2025 04:00:00;01.05.2025 05:00:00;501.72
01.05.2025 05:00:00;01.05.2025 06:00:00;490.29
01.05.2025 06:00:00;01.05.2025 07:00:00;505.49
01.05.2025 07:00:00;01.05.2025 08:00:00;483.45
01.05.2025 08:00:00;01.05.2025 09:00:00;423.58
01.05.2025 09:00:00;01.05.2025 10:00:00;81.56
01.05.2025 10:00:00;01.05.2025 11:00:00;31.47
01.05.2025 11:00:00;01.05.2025 12:00:00;18.86
01.05.2025 12:00:00;01.05.2025 13:00:00;11.79
01.05.2025 13:00:00;01.05.2025 14:00:00;4.95
01.05.2025 14:00:00;01.05.2025 15:00:00;0.12
01.05.2025 15:00:00;01.05.2025 16:00:00;2
01.05.2025 16:00:00;01.05.2025 17:00:00;21.92
01.05.2025 17:00:00;01.05.2025 18:00:00;71.07
01.05.2025 18:00:00;01.05.2025 19:00:00;341.32
01.05.2025 19:00:00;01.05.2025 20:00:00;471.32
01.05.2025 20:00:00;01.05.2025 21:00:00;425.11
01.05.2025 21:00:00;01.05.2025 22:00:00;158.17
01.05.2025 22:00:00;01.05.2025 23:00:00;74.72
01.05.2025 23:00:00;02.05.2025 00:00:00;46.79
02.05.2025 00:00:00;02.05.2025 01:00:00;50.26
02.05.2025 01:00:00;02.05.2025 02:00:00;43.44
02.05.2025 02:00:00;02.05.2025 03:00:00;36.37
02.05.2025 03:00:00;02.05.2025 04:00:00;36.61
02.05.2025 04:00:00;02.05.2025 05:00:00;40.96
02.05.2025 05:00:00;02.05.2025 06:00:00;49.44
02.05.2025 06:00:00;02.05.2025 07:00:00;74.51
02.05.2025 07:00:00;02.05.2025 08:00:00;103.59
02.05.2025 08:00:00;02.05.2025 09:00:00;91.81
02.05.2025 09:00:00;02.05.2025 10:00:00;62.62
02.05.2025 10:00:00;02.05.2025 11:00:00;34.49
02.05.2025 11:00:00;02.05.2025 12:00:00;23.9
02.05.2025 12:00:00;02.05.2025 13:00:00;5.3
02.05.2025 13:00:00;02.05.2025 14:00:00;-0.12
02.05.2025 14:00:00;02.05.2025 15:00:00;-0.12
02.05.2025 15:00:00;02.05.2025 16:00:00;14.71
02.05.2025 16:00:00;02.05.2025 17:00:00;32.14
02.05.2025 17:00:00;02.05.2025 18:00:00;58.38
02.05.2025 18:00:00;02.05.2025 19:00:00;86.4
02.05.2025 19:00:00;02.05.2025 20:00:00;135.72
02.05.2025 20:00:00;02.05.2025 21:00:00;148.67
02.05.2025 21:00:00;02.05.2025 22:00:00;128.31
02.05.2025 22:00:00;02.05.2025 23:00:00;82.52
02.05.2025 23:00:00;03.05.2025 00:00:00;62.98
03.05.2025 00:00:00;03.05.2025 01:00:00;62.2
03.05.2025 01:00:00;03.05.2025 02:00:00;58.56
03.05.2025 02:00:00;03.05.2025 03:00:00;58.32
03.05.2025 03:00:00;03.05.2025 04:00:00;58.67
03.05.2025 04:00:00;03.05.2025 05:00:00;58.44
03.05.2025 05:00:00;03.05.2025 06:00:00;64.2
03.05.2025 06:00:00;03.05.2025 07:00:00;66.91
03.05.2025 07:00:00;03.05.2025 08:00:00;64.67
03.05.2025 08:00:00;03.05.2025 09:00:00;55.26
03.05.2025 09:00:00;03.05.2025 10:00:00;35.16
03.05.2025 10:00:00;03.05.2025 11:00:00;20.81
03.05.2025 11:00:00;03.05.2025 12:00:00;11.29
03.05.2025 12:00:00;03.05.2025 13:00:00;4.35
03.05.2025 13:00:00;03.05.2025 14:00:00;0
03.05.2025 14:00:00;03.05.2025 15:00:00;0
03.05.2025 15:00:00;03.05.2025 16:00:00;5.06
03.05.2025 16:00:00;03.05.2025 17:00:00;8.23
03.05.2025 17:00:00;03.05.2025 18:00:00;45.98
03.05.2025 18:00:00;03.05.2025 19:00:00;139.81
03.05.2025 19:00:00;03.05.2025 20:00:00;379.21
03.05.2025 20:00:00;03.05.2025 21:00:00;436.12
03.05.2025 21:00:00;03.05.2025 22:00:00;426.83
03.05.2025 22:00:00;03.05.2025 23:00:00;236.23
03.05.2025 23:00:00;04.05.2025 00:00:00;111.94
04.05.2025 00:00:00;04.05.2025 01:00:00;58.83
04.05.2025 01:00:00;04.05.2025 02:00:00;40.32
04.05.2025 02:00:00;04.05.2025 03:00:00;34.31
04.05.2025 03:00:00;04.05.2025 04:00:00;33.48
04.05.2025 04:00:00;04.05.2025 05:00:00;32.54
04.05.2025 05:00:00;04.05.2025 06:00:00;32.9
04.05.2025 06:00:00;04.05.2025 07:00:00;32.78
04.05.2025 07:00:00;04.05.2025 08:00:00;32.42
04.05.2025 08:00:00;04.05.2025 09:00:00;23.46
04.05.2025 09:00:00;04.05.2025 10:00:00;0.12
04.05.2025 10:00:00;04.05.2025 11:00:00;0
04.05.2025 11:00:00;04.05.2025 12:00:00;-0.12
04.05.2025 12:00:00;04.05.2025 13:00:00;0
04.05.2025 13:00:00;04.05.2025 14:00:00;-0.12
04.05.2025 14:00:00;04.05.2025 15:00:00;-1.3
04.05.2025 15:00:00;04.05.2025 16:00:00;-0.12
04.05.2025 16:00:00;04.05.2025 17:00:00;13.68
04.05.2025 17:00:00;04.05.2025 18:00:00;44.1
04.05.2025 18:00:00;04.05.2025 19:00:00;138.66
04.05.2025 19:00:00;04.05.2025 20:00:00;455.46
04.05.2025 20:00:00;04.05.2025 21:00:00;529.39
04.05.2025 21:00:00;04.05.2025 22:00:00;530.92
04.05.2025 22:00:00;04.05.2025 23:00:00;517.83
04.05.2025 23:00:00;05.05.2025 00:00:00;471.38
05.05.2025 00:00:00;05.05.2025 01:00:00;442.73
05.05.2025 01:00:00;05.05.2025 02:00:00;457.23
05.05.2025 02:00:00;05.05.2025 03:00:00;454.17
05.05.2025 03:00:00;05.05.2025 04:00:00;489.77
05.05.2025 04:00:00;05.05.2025 05:00:00;523.73
05.05.2025 05:00:00;05.05.2025 06:00:00;641.63
05.05.2025 06:00:00;05.05.2025 07:00:00;759.66
05.05.2025 07:00:00;05.05.2025 08:00:00;985.09
05.05.2025 08:00:00;05.05.2025 09:00:00;942.41
05.05.2025 09:00:00;05.05.2025 10:00:00;797.97
05.05.2025 10:00:00;05.05.2025 11:00:00;647.88
05.05.2025 11:00:00;05.05.2025 12:00:00;531.63
05.05.2025 12:00:00;05.05.2025 13:00:00;354.07
05.05.2025 13:00:00;05.05.2025 14:00:00;294.17
05.05.2025 14:00:00;05.05.2025 15:00:00;354.07
05.05.2025 15:00:00;05.05.2025 16:00:00;413.14
05.05.2025 16:00:00;05.05.2025 17:00:00;515.71
05.05.2025 17:00:00;05.05.2025 18:00:00;572.07
05.05.2025 18:00:00;05.05.2025 19:00:00;700.11
05.05.2025 19:00:00;05.05.2025 20:00:00;774.87
05.05.2025 20:00:00;05.05.2025 21:00:00;729.59
05.05.2025 21:00:00;05.05.2025 22:00:00;729.24
05.05.2025 22:00:00;05.05.2025 23:00:00;647.29
05.05.2025 23:00:00;06.05.2025 00:00:00;571.13
06.05.2025 00:00:00;06.05.2025 01:00:00;524.89
06.05.2025 01:00:00;06.05.2025 02:00:00;514.88
06.05.2025 02:00:00;06.05.2025 03:00:00;514.05
06.05.2025 03:00:00;06.05.2025 04:00:00;513.35
06.05.2025 04:00:00;06.05.2025 05:00:00;537.37
06.05.2025 05:00:00;06.05.2025 06:00:00;766.78
06.05.2025 06:00:00;06.05.2025 07:00:00;983.36
06.05.2025 07:00:00;06.05.2025 08:00:00;1339.72
06.05.2025 08:00:00;06.05.2025 09:00:00;1059.08
06.05.2025 09:00:00;06.05.2025 10:00:00;851.22
06.05.2025 10:00:00;06.05.2025 11:00:00;766.67
06.05.2025 11:00:00;06.05.2025 12:00:00;640.3
06.05.2025 12:00:00;06.05.2025 13:00:00;497.8
06.05.2025 13:00:00;06.05.2025 14:00:00;353.42
06.05.2025 14:00:00;06.05.2025 15:00:00;496.51
06.05.2025 15:00:00;06.05.2025 16:00:00;529.25
06.05.2025 16:00:00;06.05.2025 17:00:00;640.42
06.05.2025 17:00:00;06.05.2025 18:00:00;720.27
06.05.2025 18:00:00;06.05.2025 19:00:00;883.49
06.05.2025 19:00:00;06.05.2025 20:00:00;1177.2
06.05.2025 20:00:00;06.05.2025 21:00:00;1356.56
06.05.2025 21:00:00;06.05.2025 22:00:00;1287.79
06.05.2025 22:00:00;06.05.2025 23:00:00;1016.57
06.05.2025 23:00:00;07.05.2025 00:00:00;880.9
07.05.2025 00:00:00;07.05.2025 01:00:00;870.87
07.05.2025 01:00:00;07.05.2025 02:00:00;802.79
07.05.2025 02:00:00;07.05.2025 03:00:00;791.88
07.05.2025 03:00:00;07.05.2025 04:00:00;798.57
07.05.2025 04:00:00;07.05.2025 05:00:00;825.09
07.05.2025 05:00:00;07.05.2025 06:00:00;1027.79
07.05.2025 06:00:00;07.05.2025 07:00:00;1362.75
07.05.2025 07:00:00;07.05.2025 08:00:00;1678.35
07.05.2025 08:00:00;07.05.2025 09:00:00;1454.06
07.05.2025 09:00:00;07.05.2025 10:00:00;1114.75
07.05.2025 10:00:00;07.05.2025 11:00:00;938.7
07.05.2025 11:00:00;07.05.2025 12:00:00;871.8
07.05.2025 12:00:00;07.05.2025 13:00:00;759.13
07.05.2025 13:00:00;07.05.2025 14:00:00;715
07.05.2025 14:00:00;07.05.2025 15:00:00;737.65
07.05.2025 15:00:00;07.05.2025 16:00:00;789.76
07.05.2025 16:00:00;07.05.2025 17:00:00;794.46
07.05.2025 17:00:00;07.05.2025 18:00:00;1020.74
07.05.2025 18:00:00;07.05.2025 19:00:00;1235.88
07.05.2025 19:00:00;07.05.2025 20:00:00;1425.66
07.05.2025 20:00:00;07.05.2025 21:00:00;1551.71
07.05.2025 21:00:00;07.05.2025 22:00:00;1299.73
07.05.2025 22:00:00;07.05.2025 23:00:00;1173.09
07.05.2025 23:00:00;08.05.2025 00:00:00;1014.76
08.05.2025 00:00:00;08.05.2025 01:00:00;933.46
08.05.2025 01:00:00;08.05.2025 02:00:00;868.88
08.05.2025 02:00:00;08.05.2025 03:00:00;856.62
08.05.2025 03:00:00;08.05.2025 04:00:00;894.93
08.05.2025 04:00:00;08.05.2025 05:00:00;933.58
08.05.2025 05:00:00;08.05.2025 06:00:00;1149.05
08.05.2025 06:00:00;08.05.2025 07:00:00;1312.67
08.05.2025 07:00:00;08.05.2025 08:00:00;1683.34
08.05.2025 08:00:00;08.05.2025 09:00:00;1475
08.05.2025 09:00:00;08.05.2025 10:00:00;1263.03
08.05.2025 10:00:00;08.05.2025 11:00:00;1076.64
08.05.2025 11:00:00;08.05.2025 12:00:00;934.87
08.05.2025 12:00:00;08.05.2025 13:00:00;793.32
08.05.2025 13:00:00;08.05.2025 14:00:00;782.11
08.05.2025 14:00:00;08.05.2025 15:00:00;834.55
08.05.2025 15:00:00;08.05.2025 16:00:00;869.7
08.05.2025 16:00:00;08.05.2025 17:00:00;965.93
08.05.2025 17:00:00;08.05.2025 18:00:00;1020.7
08.05.2025 18:00:00;08.05.2025 19:00:00;1118.92
08.05.2025 19:00:00;08.05.2025 20:00:00;1250.65
08.05.2025 20:00:00;08.05.2025 21:00:00;1351.32
08.05.2025 21:00:00;08.05.2025 22:00:00;1222.51
08.05.2025 22:00:00;08.05.2025 23:00:00;1057.37
08.05.2025 23:00:00;09.05.2025 00:00:00;994.78
09.05.2025 00:00:00;09.05.2025 01:00:00;973.75
09.05.2025 01:00:00;09.05.2025 02:00:00;889.88
09.05.2025 02:00:00;09.05.2025 03:00:00;877.6
09.05.2025 03:00:00;09.05.2025 04:00:00;868.59
09.05.2025 04:00:00;09.05.2025 05:00:00;867.31
09.05.2025 05:00:00;09.05.2025 06:00:00;891.99
09.05.2025 06:00:00;09.05.2025 07:00:00;1070.24
09.05.2025 07:00:00;09.05.2025 08:00:00;1297.98
09.05.2025 08:00:00;09.05.2025 09:00:00;1010.01
09.05.2025 09:00:00;09.05.2025 10:00:00;900.06
09.05.2025 10:00:00;09.05.2025 11:00:00;736.77
09.05.2025 11:00:00;09.05.2025 12:00:00;527.28
09.05.2025 12:00:00;09.05.2025 13:00:00;456.05
09.05.2025 13:00:00;09.05.2025 14:00:00;327.27
09.05.2025 14:00:00;09.05.2025 15:00:00;308.79
09.05.2025 15:00:00;09.05.2025 16:00:00;496.41
09.05.2025 16:00:00;09.05.2025 17:00:00;591.03
09.05.2025 17:00:00;09.05.2025 18:00:00;733.15
09.05.2025 18:00:00;09.05.2025 19:00:00;829.64
09.05.2025 19:00:00;09.05.2025 20:00:00;943.92
09.05.2025 20:00:00;09.05.2025 21:00:00;1065.33
09.05.2025 21:00:00;09.05.2025 22:00:00;1004.86
09.05.2025 22:00:00;09.05.2025 23:00:00;888.48
09.05.2025 23:00:00;10.05.2025 00:00:00;782.97
10.05.2025 00:00:00;10.05.2025 01:00:00;759.89
10.05.2025 01:00:00;10.05.2025 02:00:00;762.23
10.05.2025 02:00:00;10.05.2025 03:00:00;750.89
10.05.2025 03:00:00;10.05.2025 04:00:00;739.1
10.05.2025 04:00:00;10.05.2025 05:00:00;735.59
10.05.2025 05:00:00;10.05.2025 06:00:00;770.75
10.05.2025 06:00:00;10.05.2025 07:00:00;752.06
10.05.2025 07:00:00;10.05.2025 08:00:00;700.9
10.05.2025 08:00:00;10.05.2025 09:00:00;544.71
10.05.2025 09:00:00;10.05.2025 10:00:00;230.36
10.05.2025 10:00:00;10.05.2025 11:00:00;145.09
10.05.2025 11:00:00;10.05.2025 12:00:00;131.3
10.05.2025 12:00:00;10.05.2025 13:00:00;118.33
10.05.2025 13:00:00;10.05.2025 14:00:00;109.34
10.05.2025 14:00:00;10.05.2025 15:00:00;48.83
10.05.2025 15:00:00;10.05.2025 16:00:00;81.3
10.05.2025 16:00:00;10.05.2025 17:00:00;104.78
10.05.2025 17:00:00;10.05.2025 18:00:00;497.87
10.05.2025 18:00:00;10.05.2025 19:00:00;700.43
10.05.2025 19:00:00;10.05.2025 20:00:00;866.31
10.05.2025 20:00:00;10.05.2025 21:00:00;913.03
10.05.2025 21:00:00;10.05.2025 22:00:00;864.09
10.05.2025 22:00:00;10.05.2025 23:00:00;791.66
10.05.2025 23:00:00;11.05.2025 00:00:00;711.76
11.05.2025 00:00:00;11.05.2025 01:00:00;687.49
11.05.2025 01:00:00;11.05.2025 02:00:00;655.36
11.05.2025 02:00:00;11.05.2025 03:00:00;635.52
11.05.2025 03:00:00;11.05.2025 04:00:00;638.77
11.05.2025 04:00:00;11.05.2025 05:00:00;623.34
11.05.2025 05:00:00;11.05.2025 06:00:00;599.09
11.05.2025 06:00:00;11.05.2025 07:00:00;599.9
11.05.2025 07:00:00;11.05.2025 08:00:00;511.27
11.05.2025 08:00:00;11.05.2025 09:00:00;110.44
11.05.2025 09:00:00;11.05.2025 10:00:00;97.1
11.05.2025 10:00:00;11.05.2025 11:00:00;79.47
11.05.2025 11:00:00;11.05.2025 12:00:00;35.96
11.05.2025 12:00:00;11.05.2025 13:00:00;23.78
11.05.2025 13:00:00;11.05.2025 14:00:00;27.96
11.05.2025 14:00:00;11.05.2025 15:00:00;21.69
11.05.2025 15:00:00;11.05.2025 16:00:00;23.78
11.05.2025 16:00:00;11.05.2025 17:00:00;40.6
11.05.2025 17:00:00;11.05.2025 18:00:00;125.87
11.05.2025 18:00:00;11.05.2025 19:00:00;583.78
11.05.2025 19:00:00;11.05.2025 20:00:00;771.14
11.05.2025 20:00:00;11.05.2025 21:00:00;775.43
11.05.2025 21:00:00;11.05.2025 22:00:00;749.91
11.05.2025 22:00:00;11.05.2025 23:00:00;630.53
11.05.2025 23:00:00;12.05.2025 00:00:00;596.19
12.05.2025 00:00:00;12.05.2025 01:00:00;636.8
12.05.2025 01:00:00;12.05.2025 02:00:00;670.32
12.05.2025 02:00:00;12.05.2025 03:00:00;660.58
12.05.2025 03:00:00;12.05.2025 04:00:00;670.32
12.05.2025 04:00:00;12.05.2025 05:00:00;672.64
12.05.2025 05:00:00;12.05.2025 06:00:00;823.23
12.05.2025 06:00:00;12.05.2025 07:00:00;789.59
12.05.2025 07:00:00;12.05.2025 08:00:00;887.15
12.05.2025 08:00:00;12.05.2025 09:00:00;910.24
12.05.2025 09:00:00;12.05.2025 10:00:00;670.32
12.05.2025 10:00:00;12.05.2025 11:00:00;447.35
12.05.2025 11:00:00;12.05.2025 12:00:00;232.14
12.05.2025 12:00:00;12.05.2025 13:00:00;143.62
12.05.2025 13:00:00;12.05.2025 14:00:00;124.95
12.05.2025 14:00:00;12.05.2025 15:00:00;118.33
12.05.2025 15:00:00;12.05.2025 16:00:00;168.45
12.05.2025 16:00:00;12.05.2025 17:00:00;233.65
12.05.2025 17:00:00;12.05.2025 18:00:00;591.67
12.05.2025 18:00:00;12.05.2025 19:00:00;779.72
12.05.2025 19:00:00;12.05.2025 20:00:00;830.07
12.05.2025 20:00:00;12.05.2025 21:00:00;879.61
12.05.2025 21:00:00;12.05.2025 22:00:00;844.92
12.05.2025 22:00:00;12.05.2025 23:00:00;810.35
12.05.2025 23:00:00;13.05.2025 00:00:00;695.27
13.05.2025 00:00:00;13.05.2025 01:00:00;600.82
13.05.2025 01:00:00;13.05.2025 02:00:00;553.76
13.05.2025 02:00:00;13.05.2025 03:00:00;516.55
13.05.2025 03:00:00;13.05.2025 04:00:00;495.68
13.05.2025 04:00:00;13.05.2025 05:00:00;418.25
13.05.2025 05:00:00;13.05.2025 06:00:00;532.66
13.05.2025 06:00:00;13.05.2025 07:00:00;753.15
13.05.2025 07:00:00;13.05.2025 08:00:00;817.95
13.05.2025 08:00:00;13.05.2025 09:00:00;783.4
13.05.2025 09:00:00;13.05.2025 10:00:00;464.73
13.05.2025 10:00:00;13.05.2025 11:00:00;111.86
13.05.2025 11:00:00;13.05.2025 12:00:00;35.94
13.05.2025 12:00:00;13.05.2025 13:00:00;31.99
13.05.2025 13:00:00;13.05.2025 14:00:00;26.78
13.05.2025 14:00:00;13.05.2025 15:00:00;26.43
13.05.2025 15:00:00;13.05.2025 16:00:00;27.71
13.05.2025 16:00:00;13.05.2025 17:00:00;35.94
13.05.2025 17:00:00;13.05.2025 18:00:00;85.32
13.05.2025 18:00:00;13.05.2025 19:00:00;198.34
13.05.2025 19:00:00;13.05.2025 20:00:00;403.76
13.05.2025 20:00:00;13.05.2025 21:00:00;366.2
13.05.2025 21:00:00;13.05.2025 22:00:00;252.71
13.05.2025 22:00:00;13.05.2025 23:00:00;108.62
13.05.2025 23:00:00;14.05.2025 00:00:00;79.41
14.05.2025 00:00:00;14.05.2025 01:00:00;57.87
14.05.2025 01:00:00;14.05.2025 02:00:00;49.77
14.05.2025 02:00:00;14.05.2025 03:00:00;46.18
14.05.2025 03:00:00;14.05.2025 04:00:00;43.63
14.05.2025 04:00:00;14.05.2025 05:00:00;40.05
14.05.2025 05:00:00;14.05.2025 06:00:00;46.3
14.05.2025 06:00:00;14.05.2025 07:00:00;75.69
14.05.2025 07:00:00;14.05.2025 08:00:00;116.67
14.05.2025 08:00:00;14.05.2025 09:00:00;105.32
14.05.2025 09:00:00;14.05.2025 10:00:00;65.74
14.05.2025 10:00:00;14.05.2025 11:00:00;30.09
14.05.2025 11:00:00;14.05.2025 12:00:00;12.96
14.05.2025 12:00:00;14.05.2025 13:00:00;0.12
14.05.2025 13:00:00;14.05.2025 14:00:00;0
14.05.2025 14:00:00;14.05.2025 15:00:00;0
14.05.2025 15:00:00;14.05.2025 16:00:00;0.81
14.05.2025 16:00:00;14.05.2025 17:00:00;11.11
14.05.2025 17:00:00;14.05.2025 18:00:00;35.76
14.05.2025 18:00:00;14.05.2025 19:00:00;67.71
14.05.2025 19:00:00;14.05.2025 20:00:00;93.87
14.05.2025 20:00:00;14.05.2025 21:00:00;111.11
14.05.2025 21:00:00;14.05.2025 22:00:00;111.11
14.05.2025 22:00:00;14.05.2025 23:00:00;92.59
14.05.2025 23:00:00;15.05.2025 00:00:00;62.96
15.05.2025 00:00:00;15.05.2025 01:00:00;49.86
15.05.2025 01:00:00;15.05.2025 02:00:00;47.43
15.05.2025 02:00:00;15.05.2025 03:00:00;36.9
15.05.2025 03:00:00;15.05.2025 04:00:00;39.91
15.05.2025 04:00:00;15.05.2025 05:00:00;42.92
15.05.2025 05:00:00;15.05.2025 06:00:00;48.7
15.05.2025 06:00:00;15.05.2025 07:00:00;82.71
15.05.2025 07:00:00;15.05.2025 08:00:00;115.68
15.05.2025 08:00:00;15.05.2025 09:00:00;102.95
15.05.2025 09:00:00;15.05.2025 10:00:00;75.65
15.05.2025 10:00:00;15.05.2025 11:00:00;45.92
15.05.2025 11:00:00;15.05.2025 12:00:00;23.37
15.05.2025 12:00:00;15.05.2025 13:00:00;4.16
15.05.2025 13:00:00;15.05.2025 14:00:00;1.16
15.05.2025 14:00:00;15.05.2025 15:00:00;1.04
15.05.2025 15:00:00;15.05.2025 16:00:00;7.52
15.05.2025 16:00:00;15.05.2025 17:00:00;19.2
15.05.2025 17:00:00;15.05.2025 18:00:00;46.16
15.05.2025 18:00:00;15.05.2025 19:00:00;104.46
15.05.2025 19:00:00;15.05.2025 20:00:00;506.32
15.05.2025 20:00:00;15.05.2025 21:00:00;552.6
15.05.2025 21:00:00;15.05.2025 22:00:00;497.88
15.05.2025 22:00:00;15.05.2025 23:00:00;346.92
15.05.2025 23:00:00;16.05.2025 00:00:00;104.23
16.05.2025 00:00:00;16.05.2025 01:00:00;116.78
16.05.2025 01:00:00;16.05.2025 02:00:00;110.72
16.05.2025 02:00:00;16.05.2025 03:00:00;104.65
16.05.2025 03:00:00;16.05.2025 04:00:00;103.95
16.05.2025 04:00:00;16.05.2025 05:00:00;110.48
16.05.2025 05:00:00;16.05.2025 06:00:00;223.77
16.05.2025 06:00:00;16.05.2025 07:00:00;556.85
16.05.2025 07:00:00;16.05.2025 08:00:00;822.39
16.05.2025 08:00:00;16.05.2025 09:00:00;700.01
16.05.2025 09:00:00;16.05.2025 10:00:00;583.34
16.05.2025 10:00:00;16.05.2025 11:00:00;248.97
16.05.2025 11:00:00;16.05.2025 12:00:00;53.9
16.05.2025 12:00:00;16.05.2025 13:00:00;31.97
16.05.2025 13:00:00;16.05.2025 14:00:00;29.05
16.05.2025 14:00:00;16.05.2025 15:00:00;27.53
16.05.2025 15:00:00;16.05.2025 16:00:00;33.83
16.05.2025 16:00:00;16.05.2025 17:00:00;61.48
16.05.2025 17:00:00;16.05.2025 18:00:00;255.15
16.05.2025 18:00:00;16.05.2025 19:00:00;504.35
16.05.2025 19:00:00;16.05.2025 20:00:00;597.69
16.05.2025 20:00:00;16.05.2025 21:00:00;615.42
16.05.2025 21:00:00;16.05.2025 22:00:00;599.09
16.05.2025 22:00:00;16.05.2025 23:00:00;520.1
16.05.2025 23:00:00;17.05.2025 00:00:00;202.88
17.05.2025 00:00:00;17.05.2025 01:00:00;109.37
17.05.2025 01:00:00;17.05.2025 02:00:00;97.85
17.05.2025 02:00:00;17.05.2025 03:00:00;84.01
17.05.2025 03:00:00;17.05.2025 04:00:00;75.51
17.05.2025 04:00:00;17.05.2025 05:00:00;73.53
17.05.2025 05:00:00;17.05.2025 06:00:00;87.26
17.05.2025 06:00:00;17.05.2025 07:00:00;108.67
17.05.2025 07:00:00;17.05.2025 08:00:00;143.34
17.05.2025 08:00:00;17.05.2025 09:00:00;140.55
17.05.2025 09:00:00;17.05.2025 10:00:00;49.8
17.05.2025 10:00:00;17.05.2025 11:00:00;26.64
17.05.2025 11:00:00;17.05.2025 12:00:00;0.12
17.05.2025 12:00:00;17.05.2025 13:00:00;0
17.05.2025 13:00:00;17.05.2025 14:00:00;0
17.05.2025 14:00:00;17.05.2025 15:00:00;0
17.05.2025 15:00:00;17.05.2025 16:00:00;13.61
17.05.2025 16:00:00;17.05.2025 17:00:00;27.69
17.05.2025 17:00:00;17.05.2025 18:00:00;104.6
17.05.2025 18:00:00;17.05.2025 19:00:00;507.17
17.05.2025 19:00:00;17.05.2025 20:00:00;607.12
17.05.2025 20:00:00;17.05.2025 21:00:00;614.68
17.05.2025 21:00:00;17.05.2025 22:00:00;596.65
17.05.2025 22:00:00;17.05.2025 23:00:00;555.92
17.05.2025 23:00:00;18.05.2025 00:00:00;407.11
18.05.2025 00:00:00;18.05.2025 01:00:00;173.53
18.05.2025 01:00:00;18.05.2025 02:00:00;121.15
18.05.2025 02:00:00;18.05.2025 03:00:00;109.18
18.05.2025 03:00:00;18.05.2025 04:00:00;99.43
18.05.2025 04:00:00;18.05.2025 05:00:00;98.03
18.05.2025 05:00:00;18.05.2025 06:00:00;98.03
18.05.2025 06:00:00;18.05.2025 07:00:00;136.6
18.05.2025 07:00:00;18.05.2025 08:00:00;113.83
18.05.2025 08:00:00;18.05.2025 09:00:00;103.49
18.05.2025 09:00:00;18.05.2025 10:00:00;83.4
18.05.2025 10:00:00;18.05.2025 11:00:00;27.06
18.05.2025 11:00:00;18.05.2025 12:00:00;18.82
18.05.2025 12:00:00;18.05.2025 13:00:00;3.72
18.05.2025 13:00:00;18.05.2025 14:00:00;-0.35
18.05.2025 14:00:00;18.05.2025 15:00:00;-0.7
18.05.2025 15:00:00;18.05.2025 16:00:00;0
18.05.2025 16:00:00;18.05.2025 17:00:00;23.7
18.05.2025 17:00:00;18.05.2025 18:00:00;99.31
18.05.2025 18:00:00;18.05.2025 19:00:00;276.56
18.05.2025 19:00:00;18.05.2025 20:00:00;583.2
18.05.2025 20:00:00;18.05.2025 21:00:00;604
18.05.2025 21:00:00;18.05.2025 22:00:00;615.15
18.05.2025 22:00:00;18.05.2025 23:00:00;590.29
18.05.2025 23:00:00;19.05.2025 00:00:00;419.08
19.05.2025 00:00:00;19.05.2025 01:00:00;303.51
19.05.2025 01:00:00;19.05.2025 02:00:00;208.96
19.05.2025 02:00:00;19.05.2025 03:00:00;194.09
19.05.2025 03:00:00;19.05.2025 04:00:00;134.51
19.05.2025 04:00:00;19.05.2025 05:00:00;173.07
19.05.2025 05:00:00;19.05.2025 06:00:00;369.37
19.05.2025 06:00:00;19.05.2025 07:00:00;677.98
19.05.2025 07:00:00;19.05.2025 08:00:00;835.84
19.05.2025 08:00:00;19.05.2025 09:00:00;854.3
19.05.2025 09:00:00;19.05.2025 10:00:00;614.1
19.05.2025 10:00:00;19.05.2025 11:00:00;509.56
19.05.2025 11:00:00;19.05.2025 12:00:00;119.06
19.05.2025 12:00:00;19.05.2025 13:00:00;99.54
19.05.2025 13:00:00;19.05.2025 14:00:00;85.02
19.05.2025 14:00:00;19.05.2025 15:00:00;83.4
19.05.2025 15:00:00;19.05.2025 16:00:00;89.9
19.05.2025 16:00:00;19.05.2025 17:00:00;191.88
19.05.2025 17:00:00;19.05.2025 18:00:00;431.97
19.05.2025 18:00:00;19.05.2025 19:00:00;590.41
19.05.2025 19:00:00;19.05.2025 20:00:00;698.31
19.05.2025 20:00:00;19.05.2025 21:00:00;718.52
19.05.2025 21:00:00;19.05.2025 22:00:00;638.61
19.05.2025 22:00:00;19.05.2025 23:00:00;554.86
19.05.2025 23:00:00;20.05.2025 00:00:00;255.07
20.05.2025 00:00:00;20.05.2025 01:00:00;126.03
20.05.2025 01:00:00;20.05.2025 02:00:00;82.36
20.05.2025 02:00:00;20.05.2025 03:00:00;64.35
20.05.2025 03:00:00;20.05.2025 04:00:00;57.73
20.05.2025 04:00:00;20.05.2025 05:00:00;55.52
20.05.2025 05:00:00;20.05.2025 06:00:00;80.15
20.05.2025 06:00:00;20.05.2025 07:00:00;232.09
20.05.2025 07:00:00;20.05.2025 08:00:00;512.04
20.05.2025 08:00:00;20.05.2025 09:00:00;405.98
20.05.2025 09:00:00;20.05.2025 10:00:00;120.23
20.05.2025 10:00:00;20.05.2025 11:00:00;69.58
20.05.2025 11:00:00;20.05.2025 12:00:00;43.44
20.05.2025 12:00:00;20.05.2025 13:00:00;24.05
20.05.2025 13:00:00;20.05.2025 14:00:00;24.39
20.05.2025 14:00:00;20.05.2025 15:00:00;26.6
20.05.2025 15:00:00;20.05.2025 16:00:00;45.42
20.05.2025 16:00:00;20.05.2025 17:00:00;58.08
20.05.2025 17:00:00;20.05.2025 18:00:00;128.71
20.05.2025 18:00:00;20.05.2025 19:00:00;359.98
20.05.2025 19:00:00;20.05.2025 20:00:00;566.05
20.05.2025 20:00:00;20.05.2025 21:00:00;586.5
20.05.2025 21:00:00;20.05.2025 22:00:00;584.75
20.05.2025 22:00:00;20.05.2025 23:00:00;553.86
20.05.2025 23:00:00;21.05.2025 00:00:00;400.29
21.05.2025 00:00:00;21.05.2025 01:00:00;258.04
21.05.2025 01:00:00;21.05.2025 02:00:00;159.25
21.05.2025 02:00:00;21.05.2025 03:00:00;109.91
21.05.2025 03:00:00;21.05.2025 04:00:00;103.77
21.05.2025 04:00:00;21.05.2025 05:00:00;109.79
21.05.2025 05:00:00;21.05.2025 06:00:00;234.07
21.05.2025 06:00:00;21.05.2025 07:00:00;468.71
21.05.2025 07:00:00;21.05.2025 08:00:00;578.97
21.05.2025 08:00:00;21.05.2025 09:00:00;567.27
21.05.2025 09:00:00;21.05.2025 10:00:00;468.71
21.05.2025 10:00:00;21.05.2025 11:00:00;231.63
21.05.2025 11:00:00;21.05.2025 12:00:00;52.7
21.05.2025 12:00:00;21.05.2025 13:00:00;41.46
21.05.2025 13:00:00;21.05.2025 14:00:00;33.7
21.05.2025 14:00:00;21.05.2025 15:00:00;33.7
21.05.2025 15:00:00;21.05.2025 16:00:00;40.3
21.05.2025 16:00:00;21.05.2025 17:00:00;54.2
21.05.2025 17:00:00;21.05.2025 18:00:00;215.07
21.05.2025 18:00:00;21.05.2025 19:00:00;374.67
21.05.2025 19:00:00;21.05.2025 20:00:00;426.32
21.05.2025 20:00:00;21.05.2025 21:00:00;428.29
21.05.2025 21:00:00;21.05.2025 22:00:00;405.36
21.05.2025 22:00:00;21.05.2025 23:00:00;290.7
21.05.2025 23:00:00;22.05.2025 00:00:00;109.45
22.05.2025 00:00:00;22.05.2025 01:00:00;57.61
22.05.2025 01:00:00;22.05.2025 02:00:00;49.54
22.05.2025 02:00:00;22.05.2025 03:00:00;47.58
22.05.2025 03:00:00;22.05.2025 04:00:00;40.67
22.05.2025 04:00:00;22.05.2025 05:00:00;36.41
22.05.2025 05:00:00;22.05.2025 06:00:00;47.47
22.05.2025 06:00:00;22.05.2025 07:00:00;57.26
22.05.2025 07:00:00;22.05.2025 08:00:00;92.52
22.05.2025 08:00:00;22.05.2025 09:00:00;92.29
22.05.2025 09:00:00;22.05.2025 10:00:00;56.11
22.05.2025 10:00:00;22.05.2025 11:00:00;34.68
22.05.2025 11:00:00;22.05.2025 12:00:00;24.43
22.05.2025 12:00:00;22.05.2025 13:00:00;22.12
22.05.2025 13:00:00;22.05.2025 14:00:00;22.93
22.05.2025 14:00:00;22.05.2025 15:00:00;21.31
22.05.2025 15:00:00;22.05.2025 16:00:00;23.96
22.05.2025 16:00:00;22.05.2025 17:00:00;26.61
22.05.2025 17:00:00;22.05.2025 18:00:00;35.14
22.05.2025 18:00:00;22.05.2025 19:00:00;76.85
22.05.2025 19:00:00;22.05.2025 20:00:00;180.31
22.05.2025 20:00:00;22.05.2025 21:00:00;264.07
22.05.2025 21:00:00;22.05.2025 22:00:00;345.07
22.05.2025 22:00:00;22.05.2025 23:00:00;219.02
22.05.2025 23:00:00;23.05.2025 00:00:00;107.15
23.05.2025 00:00:00;23.05.2025 01:00:00;371.49
23.05.2025 01:00:00;23.05.2025 02:00:00;345.67
23.05.2025 02:00:00;23.05.2025 03:00:00;305.45
23.05.2025 03:00:00;23.05.2025 04:00:00;302.22
23.05.2025 04:00:00;23.05.2025 05:00:00;288.16
23.05.2025 05:00:00;23.05.2025 06:00:00;461.05
23.05.2025 06:00:00;23.05.2025 07:00:00;577.46
23.05.2025 07:00:00;23.05.2025 08:00:00;793.58
23.05.2025 08:00:00;23.05.2025 09:00:00;805.91
23.05.2025 09:00:00;23.05.2025 10:00:00;649.73
23.05.2025 10:00:00;23.05.2025 11:00:00;491.71
23.05.2025 11:00:00;23.05.2025 12:00:00;253.46
23.05.2025 12:00:00;23.05.2025 13:00:00;83.33
23.05.2025 13:00:00;23.05.2025 14:00:00;50.14
23.05.2025 14:00:00;23.05.2025 15:00:00;47.49
23.05.2025 15:00:00;23.05.2025 16:00:00;47.95
23.05.2025 16:00:00;23.05.2025 17:00:00;61.43
23.05.2025 17:00:00;23.05.2025 18:00:00;122.64
23.05.2025 18:00:00;23.05.2025 19:00:00;416.79
23.05.2025 19:00:00;23.05.2025 20:00:00;528.02
23.05.2025 20:00:00;23.05.2025 21:00:00;544.73
23.05.2025 21:00:00;23.05.2025 22:00:00;566.28
23.05.2025 22:00:00;23.05.2025 23:00:00;551.3
23.05.2025 23:00:00;24.05.2025 00:00:00;500.82
24.05.2025 00:00:00;24.05.2025 01:00:00;433.56
24.05.2025 01:00:00;24.05.2025 02:00:00;251.85
24.05.2025 02:00:00;24.05.2025 03:00:00;130.97
24.05.2025 03:00:00;24.05.2025 04:00:00;101.93
24.05.2025 04:00:00;24.05.2025 05:00:00;91.72
24.05.2025 05:00:00;24.05.2025 06:00:00;68.64
24.05.2025 06:00:00;24.05.2025 07:00:00;68.76
24.05.2025 07:00:00;24.05.2025 08:00:00;69.1
24.05.2025 08:00:00;24.05.2025 09:00:00;57.16
24.05.2025 09:00:00;24.05.2025 10:00:00;33.86
24.05.2025 10:00:00;24.05.2025 11:00:00;12.63
24.05.2025 11:00:00;24.05.2025 12:00:00;7.58
24.05.2025 12:00:00;24.05.2025 13:00:00;10.68
24.05.2025 13:00:00;24.05.2025 14:00:00;0
24.05.2025 14:00:00;24.05.2025 15:00:00;0
24.05.2025 15:00:00;24.05.2025 16:00:00;2.41
24.05.2025 16:00:00;24.05.2025 17:00:00;12.17
24.05.2025 17:00:00;24.05.2025 18:00:00;49.36
24.05.2025 18:00:00;24.05.2025 19:00:00;105.72
24.05.2025 19:00:00;24.05.2025 20:00:00;319.69
24.05.2025 20:00:00;24.05.2025 21:00:00;343.79
24.05.2025 21:00:00;24.05.2025 22:00:00;356.65
24.05.2025 22:00:00;24.05.2025 23:00:00;296.16
24.05.2025 23:00:00;25.05.2025 00:00:00;148.88
25.05.2025 00:00:00;25.05.2025 01:00:00;60.41
25.05.2025 01:00:00;25.05.2025 02:00:00;48.03
25.05.2025 02:00:00;25.05.2025 03:00:00;39.09
25.05.2025 03:00:00;25.05.2025 04:00:00;35.42
25.05.2025 04:00:00;25.05.2025 05:00:00;30.61
25.05.2025 05:00:00;25.05.2025 06:00:00;22.93
25.05.2025 06:00:00;25.05.2025 07:00:00;20.06
25.05.2025 07:00:00;25.05.2025 08:00:00;26.25
25.05.2025 08:00:00;25.05.2025 09:00:00;22.47
25.05.2025 09:00:00;25.05.2025 10:00:00;20.06
25.05.2025 10:00:00;25.05.2025 11:00:00;12.27
25.05.2025 11:00:00;25.05.2025 12:00:00;13.07
25.05.2025 12:00:00;25.05.2025 13:00:00;11.69
25.05.2025 13:00:00;25.05.2025 14:00:00;9.51
25.05.2025 14:00:00;25.05.2025 15:00:00;3.78
25.05.2025 15:00:00;25.05.2025 16:00:00;6.88
25.05.2025 16:00:00;25.05.2025 17:00:00;19.03
25.05.2025 17:00:00;25.05.2025 18:00:00;29.58
25.05.2025 18:00:00;25.05.2025 19:00:00;55.02
25.05.2025 19:00:00;25.05.2025 20:00:00;95.83
25.05.2025 20:00:00;25.05.2025 21:00:00;148.56
25.05.2025 21:00:00;25.05.2025 22:00:00;147.76
25.05.2025 22:00:00;25.05.2025 23:00:00;98.24
25.05.2025 23:00:00;26.05.2025 00:00:00;53.08
26.05.2025 00:00:00;26.05.2025 01:00:00;47.46
26.05.2025 01:00:00;26.05.2025 02:00:00;32.44
26.05.2025 02:00:00;26.05.2025 03:00:00;32.67
26.05.2025 03:00:00;26.05.2025 04:00:00;35.42
26.05.2025 04:00:00;26.05.2025 05:00:00;40.01
26.05.2025 05:00:00;26.05.2025 06:00:00;55.02
26.05.2025 06:00:00;26.05.2025 07:00:00;85.4
26.05.2025 07:00:00;26.05.2025 08:00:00;166.91
26.05.2025 08:00:00;26.05.2025 09:00:00;171.84
26.05.2025 09:00:00;26.05.2025 10:00:00;81.73
26.05.2025 10:00:00;26.05.2025 11:00:00;47.8
26.05.2025 11:00:00;26.05.2025 12:00:00;16.74
26.05.2025 12:00:00;26.05.2025 13:00:00;0
26.05.2025 13:00:00;26.05.2025 14:00:00;0
26.05.2025 14:00:00;26.05.2025 15:00:00;0
26.05.2025 15:00:00;26.05.2025 16:00:00;5.16
26.05.2025 16:00:00;26.05.2025 17:00:00;24.42
26.05.2025 17:00:00;26.05.2025 18:00:00;55.6
26.05.2025 18:00:00;26.05.2025 19:00:00;103.63
26.05.2025 19:00:00;26.05.2025 20:00:00;400.99
26.05.2025 20:00:00;26.05.2025 21:00:00;539.69
26.05.2025 21:00:00;26.05.2025 22:00:00;550.81
26.05.2025 22:00:00;26.05.2025 23:00:00;515.51
26.05.2025 23:00:00;27.05.2025 00:00:00;309.28
27.05.2025 00:00:00;27.05.2025 01:00:00;111.85
27.05.2025 01:00:00;27.05.2025 02:00:00;74.76
27.05.2025 02:00:00;27.05.2025 03:00:00;59.37
27.05.2025 03:00:00;27.05.2025 04:00:00;51.45
27.05.2025 04:00:00;27.05.2025 05:00:00;43.29
27.05.2025 05:00:00;27.05.2025 06:00:00;47.43
27.05.2025 06:00:00;27.05.2025 07:00:00;86.01
27.05.2025 07:00:00;27.05.2025 08:00:00;155.71
27.05.2025 08:00:00;27.05.2025 09:00:00;131.37
27.05.2025 09:00:00;27.05.2025 10:00:00;80.73
27.05.2025 10:00:00;27.05.2025 11:00:00;43.29
27.05.2025 11:00:00;27.05.2025 12:00:00;24.34
27.05.2025 12:00:00;27.05.2025 13:00:00;9.99
27.05.2025 13:00:00;27.05.2025 14:00:00;11.48
27.05.2025 14:00:00;27.05.2025 15:00:00;11.25
27.05.2025 15:00:00;27.05.2025 16:00:00;20.1
27.05.2025 16:00:00;27.05.2025 17:00:00;29.86
27.05.2025 17:00:00;27.05.2025 18:00:00;49.49
27.05.2025 18:00:00;27.05.2025 19:00:00;91.18
27.05.2025 19:00:00;27.05.2025 20:00:00;223.92
27.05.2025 20:00:00;27.05.2025 21:00:00;319.23
27.05.2025 21:00:00;27.05.2025 22:00:00;206.47
27.05.2025 22:00:00;27.05.2025 23:00:00;119.77
27.05.2025 23:00:00;28.05.2025 00:00:00;90.83
28.05.2025 00:00:00;28.05.2025 01:00:00;65.9
28.05.2025 01:00:00;28.05.2025 02:00:00;49.69
28.05.2025 02:00:00;28.05.2025 03:00:00;45.89
28.05.2025 03:00:00;28.05.2025 04:00:00;44.97
28.05.2025 04:00:00;28.05.2025 05:00:00;60.27
28.05.2025 05:00:00;28.05.2025 06:00:00;94.89
28.05.2025 06:00:00;28.05.2025 07:00:00;387.25
28.05.2025 07:00:00;28.05.2025 08:00:00;517.45
28.05.2025 08:00:00;28.05.2025 09:00:00;516.53
28.05.2025 09:00:00;28.05.2025 10:00:00;470.07
28.05.2025 10:00:00;28.05.2025 11:00:00;265.11
28.05.2025 11:00:00;28.05.2025 12:00:00;230.37
28.05.2025 12:00:00;28.05.2025 13:00:00;111.68
28.05.2025 13:00:00;28.05.2025 14:00:00;91.32
28.05.2025 14:00:00;28.05.2025 15:00:00;80.51
28.05.2025 15:00:00;28.05.2025 16:00:00;91.9
28.05.2025 16:00:00;28.05.2025 17:00:00;199.09
28.05.2025 17:00:00;28.05.2025 18:00:00;447.75
28.05.2025 18:00:00;28.05.2025 19:00:00;543.67
28.05.2025 19:00:00;28.05.2025 20:00:00;630.51
28.05.2025 20:00:00;28.05.2025 21:00:00;641.32
28.05.2025 21:00:00;28.05.2025 22:00:00;615.21
28.05.2025 22:00:00;28.05.2025 23:00:00;569.32
28.05.2025 23:00:00;29.05.2025 00:00:00;511.82
29.05.2025 00:00:00;29.05.2025 01:00:00;454.09
29.05.2025 01:00:00;29.05.2025 02:00:00;437.66
29.05.2025 02:00:00;29.05.2025 03:00:00;432.14
29.05.2025 03:00:00;29.05.2025 04:00:00;437.54
29.05.2025 04:00:00;29.05.2025 05:00:00;452.02
29.05.2025 05:00:00;29.05.2025 06:00:00;454.43
29.05.2025 06:00:00;29.05.2025 07:00:00;521.88
29.05.2025 07:00:00;29.05.2025 08:00:00;544.52
29.05.2025 08:00:00;29.05.2025 09:00:00;459.6
29.05.2025 09:00:00;29.05.2025 10:00:00;363.55
29.05.2025 10:00:00;29.05.2025 11:00:00;78.48
29.05.2025 11:00:00;29.05.2025 12:00:00;34.47
29.05.2025 12:00:00;29.05.2025 13:00:00;29.87
29.05.2025 13:00:00;29.05.2025 14:00:00;27.12
29.05.2025 14:00:00;29.05.2025 15:00:00;18.5
29.05.2025 15:00:00;29.05.2025 16:00:00;27.46
29.05.2025 16:00:00;29.05.2025 17:00:00;23.78
29.05.2025 17:00:00;29.05.2025 18:00:00;206.82
29.05.2025 18:00:00;29.05.2025 19:00:00;505.33
29.05.2025 19:00:00;29.05.2025 20:00:00;574.16
29.05.2025 20:00:00;29.05.2025 21:00:00;570.02
29.05.2025 21:00:00;29.05.2025 22:00:00;564.97
29.05.2025 22:00:00;29.05.2025 23:00:00;521.42
29.05.2025 23:00:00;30.05.2025 00:00:00;459.14
30.05.2025 00:00:00;30.05.2025 01:00:00;214.31
30.05.2025 01:00:00;30.05.2025 02:00:00;105.72
30.05.2025 02:00:00;30.05.2025 03:00:00;87.96
30.05.2025 03:00:00;30.05.2025 04:00:00;79.89
30.05.2025 04:00:00;30.05.2025 05:00:00;74.01
30.05.2025 05:00:00;30.05.2025 06:00:00;82.77
30.05.2025 06:00:00;30.05.2025 07:00:00;237.49
30.05.2025 07:00:00;30.05.2025 08:00:00;454.8
30.05.2025 08:00:00;30.05.2025 09:00:00;474.97
30.05.2025 09:00:00;30.05.2025 10:00:00;244.4
30.05.2025 10:00:00;30.05.2025 11:00:00;49.57
30.05.2025 11:00:00;30.05.2025 12:00:00;33.43
30.05.2025 12:00:00;30.05.2025 13:00:00;23.4
30.05.2025 13:00:00;30.05.2025 14:00:00;13.83
30.05.2025 14:00:00;30.05.2025 15:00:00;11.99
30.05.2025 15:00:00;30.05.2025 16:00:00;13.6
30.05.2025 16:00:00;30.05.2025 17:00:00;26.75
30.05.2025 17:00:00;30.05.2025 18:00:00;79.78
30.05.2025 18:00:00;30.05.2025 19:00:00;480.5
30.05.2025 19:00:00;30.05.2025 20:00:00;551.98
30.05.2025 20:00:00;30.05.2025 21:00:00;585.3
30.05.2025 21:00:00;30.05.2025 22:00:00;576.42
30.05.2025 22:00:00;30.05.2025 23:00:00;531.57
30.05.2025 23:00:00;31.05.2025 00:00:00;294.2
31.05.2025 00:00:00;31.05.2025 01:00:00;70.14
31.05.2025 01:00:00;31.05.2025 02:00:00;60.47
31.05.2025 02:00:00;31.05.2025 03:00:00;64.04
31.05.2025 03:00:00;31.05.2025 04:00:00;65.99
31.05.2025 04:00:00;31.05.2025 05:00:00;67.26
31.05.2025 05:00:00;31.05.2025 06:00:00;69.68
31.05.2025 06:00:00;31.05.2025 07:00:00;65.76
31.05.2025 07:00:00;31.05.2025 08:00:00;56.67
31.05.2025 08:00:00;31.05.2025 09:00:00;56.78
31.05.2025 09:00:00;31.05.2025 10:00:00;26.37
31.05.2025 10:00:00;31.05.2025 11:00:00;6.1
31.05.2025 11:00:00;31.05.2025 12:00:00;-0.12
31.05.2025 12:00:00;31.05.2025 13:00:00;-13.82
31.05.2025 13:00:00;31.05.2025 14:00:00;-31.21
31.05.2025 14:00:00;31.05.2025 15:00:00;-30.98
31.05.2025 15:00:00;31.05.2025 16:00:00;-0.12
31.05.2025 16:00:00;31.05.2025 17:00:00;2.3
31.05.2025 17:00:00;31.05.2025 18:00:00;43.42
31.05.2025 18:00:00;31.05.2025 19:00:00;82.23
31.05.2025 19:00:00;31.05.2025 20:00:00;409.67
31.05.2025 20:00:00;31.05.2025 21:00:00;471.98
31.05.2025 21:00:00;31.05.2025 22:00:00;499.05
31.05.2025 22:00:00;31.05.2025 23:00:00;449.75
31.05.2025 23:00:00;01.06.2025 00:00:00;173.11
01.06.2025 00:00:00;01.06.2025 01:00:00;128.99
01.06.2025 01:00:00;01.06.2025 02:00:00;87.84
01.06.2025 02:00:00;01.06.2025 03:00:00;64.49
01.06.2025 03:00:00;01.06.2025 04:00:00;57.1
01.06.2025 04:00:00;01.06.2025 05:00:00;54.32
01.06.2025 05:00:00;01.06.2025 06:00:00;48.2
01.06.2025 06:00:00;01.06.2025 07:00:00;36.75
01.06.2025 07:00:00;01.06.2025 08:00:00;33.63
01.06.2025 08:00:00;01.06.2025 09:00:00;26.47
01.06.2025 09:00:00;01.06.2025 10:00:00;0.12
01.06.2025 10:00:00;01.06.2025 11:00:00;0.92
01.06.2025 11:00:00;01.06.2025 12:00:00;-1.04
01.06.2025 12:00:00;01.06.2025 13:00:00;-2.31
01.06.2025 13:00:00;01.06.2025 14:00:00;-23.23
01.06.2025 14:00:00;01.06.2025 15:00:00;-24.39
01.06.2025 15:00:00;01.06.2025 16:00:00;-3.12
01.06.2025 16:00:00;01.06.2025 17:00:00;0.12
01.06.2025 17:00:00;01.06.2025 18:00:00;21.61
01.06.2025 18:00:00;01.06.2025 19:00:00;66.81
01.06.2025 19:00:00;01.06.2025 20:00:00;288.14
01.06.2025 20:00:00;01.06.2025 21:00:00;422.22
01.06.2025 21:00:00;01.06.2025 22:00:00;406.5
01.06.2025 22:00:00;01.06.2025 23:00:00;172.91
01.06.2025 23:00:00;02.06.2025 00:00:00;57.33
02.06.2025 00:00:00;02.06.2025 01:00:00;62.76
02.06.2025 01:00:00;02.06.2025 02:00:00;45.65
02.06.2025 02:00:00;02.06.2025 03:00:00;35.71
02.06.2025 03:00:00;02.06.2025 04:00:00;34.44
02.06.2025 04:00:00;02.06.2025 05:00:00;35.95
02.06.2025 05:00:00;02.06.2025 06:00:00;50.86
02.06.2025 06:00:00;02.06.2025 07:00:00;110.38
02.06.2025 07:00:00;02.06.2025 08:00:00;346.63
02.06.2025 08:00:00;02.06.2025 09:00:00;459.55
02.06.2025 09:00:00;02.06.2025 10:00:00;185.05
02.06.2025 10:00:00;02.06.2025 11:00:00;75.47
02.06.2025 11:00:00;02.06.2025 12:00:00;52.01
02.06.2025 12:00:00;02.06.2025 13:00:00;48.08
02.06.2025 13:00:00;02.06.2025 14:00:00;34.67
02.06.2025 14:00:00;02.06.2025 15:00:00;35.25
02.06.2025 15:00:00;02.06.2025 16:00:00;47.62
02.06.2025 16:00:00;02.06.2025 17:00:00;66.69
02.06.2025 17:00:00;02.06.2025 18:00:00;145.17
02.06.2025 18:00:00;02.06.2025 19:00:00;516.88
02.06.2025 19:00:00;02.06.2025 20:00:00;586.92
02.06.2025 20:00:00;02.06.2025 21:00:00;629.11
02.06.2025 21:00:00;02.06.2025 22:00:00;624.25
02.06.2025 22:00:00;02.06.2025 23:00:00;555.48
02.06.2025 23:00:00;03.06.2025 00:00:00;289.07
03.06.2025 00:00:00;03.06.2025 01:00:00;139.58
03.06.2025 01:00:00;03.06.2025 02:00:00;79.53
03.06.2025 02:00:00;03.06.2025 03:00:00;72.15
03.06.2025 03:00:00;03.06.2025 04:00:00;68.58
03.06.2025 04:00:00;03.06.2025 05:00:00;79.07
03.06.2025 05:00:00;03.06.2025 06:00:00;186.72
03.06.2025 06:00:00;03.06.2025 07:00:00;553.25
03.06.2025 07:00:00;03.06.2025 08:00:00;605.11
03.06.2025 08:00:00;03.06.2025 09:00:00;556.24
03.06.2025 09:00:00;03.06.2025 10:00:00;353.96
03.06.2025 10:00:00;03.06.2025 11:00:00;58.67
03.06.2025 11:00:00;03.06.2025 12:00:00;29.28
03.06.2025 12:00:00;03.06.2025 13:00:00;16.02
03.06.2025 13:00:00;03.06.2025 14:00:00;10.49
03.06.2025 14:00:00;03.06.2025 15:00:00;10.14
03.06.2025 15:00:00;03.06.2025 16:00:00;23.97
03.06.2025 16:00:00;03.06.2025 17:00:00;35.96
03.06.2025 17:00:00;03.06.2025 18:00:00;107.31
03.06.2025 18:00:00;03.06.2025 19:00:00;452.62
03.06.2025 19:00:00;03.06.2025 20:00:00;558.78
03.06.2025 20:00:00;03.06.2025 21:00:00;593.24
03.06.2025 21:00:00;03.06.2025 22:00:00;558.2
03.06.2025 22:00:00;03.06.2025 23:00:00;461.15
03.06.2025 23:00:00;04.06.2025 00:00:00;265.33
04.06.2025 00:00:00;04.06.2025 01:00:00;56.67
04.06.2025 01:00:00;04.06.2025 02:00:00;46.05
04.06.2025 02:00:00;04.06.2025 03:00:00;40.05
04.06.2025 03:00:00;04.06.2025 04:00:00;36.82
04.06.2025 04:00:00;04.06.2025 05:00:00;41.67
04.06.2025 05:00:00;04.06.2025 06:00:00;56.56
04.06.2025 06:00:00;04.06.2025 07:00:00;150.05
04.06.2025 07:00:00;04.06.2025 08:00:00;567.2
04.06.2025 08:00:00;04.06.2025 09:00:00;577.01
04.06.2025 09:00:00;04.06.2025 10:00:00;315.46
04.06.2025 10:00:00;04.06.2025 11:00:00;139.67
04.06.2025 11:00:00;04.06.2025 12:00:00;61.06
04.06.2025 12:00:00;04.06.2025 13:00:00;35.55
04.06.2025 13:00:00;04.06.2025 14:00:00;26.43
04.06.2025 14:00:00;04.06.2025 15:00:00;27.59
04.06.2025 15:00:00;04.06.2025 16:00:00;50.21
04.06.2025 16:00:00;04.06.2025 17:00:00;57.6
04.06.2025 17:00:00;04.06.2025 18:00:00;105.61
04.06.2025 18:00:00;04.06.2025 19:00:00;356.9
04.06.2025 19:00:00;04.06.2025 20:00:00;484.79
04.06.2025 20:00:00;04.06.2025 21:00:00;435.96
04.06.2025 21:00:00;04.06.2025 22:00:00;272.75
04.06.2025 22:00:00;04.06.2025 23:00:00;102.96
04.06.2025 23:00:00;05.06.2025 00:00:00;66.02
05.06.2025 00:00:00;05.06.2025 01:00:00;36.17
05.06.2025 01:00:00;05.06.2025 02:00:00;29.83
05.06.2025 02:00:00;05.06.2025 03:00:00;29.03
05.06.2025 03:00:00;05.06.2025 04:00:00;29.95
05.06.2025 04:00:00;05.06.2025 05:00:00;32.6
05.06.2025 05:00:00;05.06.2025 06:00:00;59.66
05.06.2025 06:00:00;05.06.2025 07:00:00;135.8
05.06.2025 07:00:00;05.06.2025 08:00:00;440.45
05.06.2025 08:00:00;05.06.2025 09:00:00;518.19
05.06.2025 09:00:00;05.06.2025 10:00:00;292.79
05.06.2025 10:00:00;05.06.2025 11:00:00;111.03
05.06.2025 11:00:00;05.06.2025 12:00:00;57.59
05.06.2025 12:00:00;05.06.2025 13:00:00;35.59
05.06.2025 13:00:00;05.06.2025 14:00:00;26.49
05.06.2025 14:00:00;05.06.2025 15:00:00;31.44
05.06.2025 15:00:00;05.06.2025 16:00:00;36.86
05.06.2025 16:00:00;05.06.2025 17:00:00;85.12
05.06.2025 17:00:00;05.06.2025 18:00:00;287.37
05.06.2025 18:00:00;05.06.2025 19:00:00;534.78
05.06.2025 19:00:00;05.06.2025 20:00:00;558.51
05.06.2025 20:00:00;05.06.2025 21:00:00;569.33
05.06.2025 21:00:00;05.06.2025 22:00:00;540.65
05.06.2025 22:00:00;05.06.2025 23:00:00;399.56
05.06.2025 23:00:00;06.06.2025 00:00:00;177.49
06.06.2025 00:00:00;06.06.2025 01:00:00;80.09
06.06.2025 01:00:00;06.06.2025 02:00:00;60.16
06.06.2025 02:00:00;06.06.2025 03:00:00;51.51
06.06.2025 03:00:00;06.06.2025 04:00:00;57.04
06.06.2025 04:00:00;06.06.2025 05:00:00;65.92
06.06.2025 05:00:00;06.06.2025 06:00:00;132.87
06.06.2025 06:00:00;06.06.2025 07:00:00;322.68
06.06.2025 07:00:00;06.06.2025 08:00:00;461.08
06.06.2025 08:00:00;06.06.2025 09:00:00;318.41
06.06.2025 09:00:00;06.06.2025 10:00:00;92.08
06.06.2025 10:00:00;06.06.2025 11:00:00;59.58
06.06.2025 11:00:00;06.06.2025 12:00:00;47.71
06.06.2025 12:00:00;06.06.2025 13:00:00;36.65
06.06.2025 13:00:00;06.06.2025 14:00:00;29.62
06.06.2025 14:00:00;06.06.2025 15:00:00;26.28
06.06.2025 15:00:00;06.06.2025 16:00:00;27.54
06.06.2025 16:00:00;06.06.2025 17:00:00;43.56
06.06.2025 17:00:00;06.06.2025 18:00:00;49.78
06.06.2025 18:00:00;06.06.2025 19:00:00;213.54
06.06.2025 19:00:00;06.06.2025 20:00:00;540.49
06.06.2025 20:00:00;06.06.2025 21:00:00;563.19
06.06.2025 21:00:00;06.06.2025 22:00:00;575.63
06.06.2025 22:00:00;06.06.2025 23:00:00;550.86
06.06.2025 23:00:00;07.06.2025 00:00:00;401.73
07.06.2025 00:00:00;07.06.2025 01:00:00;115.33
07.06.2025 01:00:00;07.06.2025 02:00:00;87.91
07.06.2025 02:00:00;07.06.2025 03:00:00;59.1
07.06.2025 03:00:00;07.06.2025 04:00:00;49.31
07.06.2025 04:00:00;07.06.2025 05:00:00;46.31
07.06.2025 05:00:00;07.06.2025 06:00:00;47.81
07.06.2025 06:00:00;07.06.2025 07:00:00;51.84
07.06.2025 07:00:00;07.06.2025 08:00:00;57.14
07.06.2025 08:00:00;07.06.2025 09:00:00;55.42
07.06.2025 09:00:00;07.06.2025 10:00:00;48.27
07.06.2025 10:00:00;07.06.2025 11:00:00;46.08
07.06.2025 11:00:00;07.06.2025 12:00:00;31.11
07.06.2025 12:00:00;07.06.2025 13:00:00;19.93
07.06.2025 13:00:00;07.06.2025 14:00:00;13.48
07.06.2025 14:00:00;07.06.2025 15:00:00;11.18
07.06.2025 15:00:00;07.06.2025 16:00:00;19.93
07.06.2025 16:00:00;07.06.2025 17:00:00;22.47
07.06.2025 17:00:00;07.06.2025 18:00:00;48.16
07.06.2025 18:00:00;07.06.2025 19:00:00;91.36
07.06.2025 19:00:00;07.06.2025 20:00:00;172.7
07.06.2025 20:00:00;07.06.2025 21:00:00;345.63
07.06.2025 21:00:00;07.06.2025 22:00:00;411.76
07.06.2025 22:00:00;07.06.2025 23:00:00;345.63
07.06.2025 23:00:00;08.06.2025 00:00:00;186.87
08.06.2025 00:00:00;08.06.2025 01:00:00;262.68
08.06.2025 01:00:00;08.06.2025 02:00:00;264.63
08.06.2025 02:00:00;08.06.2025 03:00:00;137.49
08.06.2025 03:00:00;08.06.2025 04:00:00;94.35
08.06.2025 04:00:00;08.06.2025 05:00:00;102.86
08.06.2025 05:00:00;08.06.2025 06:00:00;77.09
08.06.2025 06:00:00;08.06.2025 07:00:00;61.67
08.06.2025 07:00:00;08.06.2025 08:00:00;35.67
08.06.2025 08:00:00;08.06.2025 09:00:00;13.69
08.06.2025 09:00:00;08.06.2025 10:00:00;6.44
08.06.2025 10:00:00;08.06.2025 11:00:00;10.7
08.06.2025 11:00:00;08.06.2025 12:00:00;10.01
08.06.2025 12:00:00;08.06.2025 13:00:00;12.08
08.06.2025 13:00:00;08.06.2025 14:00:00;12.66
08.06.2025 14:00:00;08.06.2025 15:00:00;12.43
08.06.2025 15:00:00;08.06.2025 16:00:00;18.06
08.06.2025 16:00:00;08.06.2025 17:00:00;23.01
08.06.2025 17:00:00;08.06.2025 18:00:00;42.92
08.06.2025 18:00:00;08.06.2025 19:00:00;59.25
08.06.2025 19:00:00;08.06.2025 20:00:00;167.41
08.06.2025 20:00:00;08.06.2025 21:00:00;402.81
08.06.2025 21:00:00;08.06.2025 22:00:00;486.46
08.06.2025 22:00:00;08.06.2025 23:00:00;448.49
08.06.2025 23:00:00;09.06.2025 00:00:00;266.7
09.06.2025 00:00:00;09.06.2025 01:00:00;68.92
09.06.2025 01:00:00;09.06.2025 02:00:00;49.01
09.06.2025 02:00:00;09.06.2025 03:00:00;47.98
09.06.2025 03:00:00;09.06.2025 04:00:00;48.9
09.06.2025 04:00:00;09.06.2025 05:00:00;74.79
09.06.2025 05:00:00;09.06.2025 06:00:00;154.06
09.06.2025 06:00:00;09.06.2025 07:00:00;373.82
09.06.2025 07:00:00;09.06.2025 08:00:00;392.11
09.06.2025 08:00:00;09.06.2025 09:00:00;138.18
09.06.2025 09:00:00;09.06.2025 10:00:00;56.84
09.06.2025 10:00:00;09.06.2025 11:00:00;46.02
09.06.2025 11:00:00;09.06.2025 12:00:00;34.52
09.06.2025 12:00:00;09.06.2025 13:00:00;27.15
09.06.2025 13:00:00;09.06.2025 14:00:00;19.9
09.06.2025 14:00:00;09.06.2025 15:00:00;17.26
09.06.2025 15:00:00;09.06.2025 16:00:00;26.46
09.06.2025 16:00:00;09.06.2025 17:00:00;47.29
09.06.2025 17:00:00;09.06.2025 18:00:00;114.94
09.06.2025 18:00:00;09.06.2025 19:00:00;534.78
09.06.2025 19:00:00;09.06.2025 20:00:00;594.61
09.06.2025 20:00:00;09.06.2025 21:00:00;620.62
09.06.2025 21:00:00;09.06.2025 22:00:00;693.33
09.06.2025 22:00:00;09.06.2025 23:00:00;575.05
09.06.2025 23:00:00;10.06.2025 00:00:00;528.34
10.06.2025 00:00:00;10.06.2025 01:00:00;423.41
10.06.2025 01:00:00;10.06.2025 02:00:00;314.45
10.06.2025 02:00:00;10.06.2025 03:00:00;253.93
10.06.2025 03:00:00;10.06.2025 04:00:00;166.6
10.06.2025 04:00:00;10.06.2025 05:00:00;149.23
10.06.2025 05:00:00;10.06.2025 06:00:00;460.23
10.06.2025 06:00:00;10.06.2025 07:00:00;617.05
10.06.2025 07:00:00;10.06.2025 08:00:00;773.18
10.06.2025 08:00:00;10.06.2025 09:00:00;781.81
10.06.2025 09:00:00;10.06.2025 10:00:00;633.62
10.06.2025 10:00:00;10.06.2025 11:00:00;519.02
10.06.2025 11:00:00;10.06.2025 12:00:00;437.1
10.06.2025 12:00:00;10.06.2025 13:00:00;349.54
10.06.2025 13:00:00;10.06.2025 14:00:00;347.36
10.06.2025 14:00:00;10.06.2025 15:00:00;437.1
10.06.2025 15:00:00;10.06.2025 16:00:00;495.21
10.06.2025 16:00:00;10.06.2025 17:00:00;550.09
10.06.2025 17:00:00;10.06.2025 18:00:00;585.29
10.06.2025 18:00:00;10.06.2025 19:00:00;621.31
10.06.2025 19:00:00;10.06.2025 20:00:00;676.31
10.06.2025 20:00:00;10.06.2025 21:00:00;717.84
10.06.2025 21:00:00;10.06.2025 22:00:00;783.65
10.06.2025 22:00:00;10.06.2025 23:00:00;804.59
10.06.2025 23:00:00;11.06.2025 00:00:00;791.59
11.06.2025 00:00:00;11.06.2025 01:00:00;689.65
11.06.2025 01:00:00;11.06.2025 02:00:00;642.4
11.06.2025 02:00:00;11.06.2025 03:00:00;619.41
11.06.2025 03:00:00;11.06.2025 04:00:00;612.74
11.06.2025 04:00:00;11.06.2025 05:00:00;633.09
11.06.2025 05:00:00;11.06.2025 06:00:00;771.85
11.06.2025 06:00:00;11.06.2025 07:00:00;807.72
11.06.2025 07:00:00;11.06.2025 08:00:00;839.22
11.06.2025 08:00:00;11.06.2025 09:00:00;812.2
11.06.2025 09:00:00;11.06.2025 10:00:00;781.16
11.06.2025 10:00:00;11.06.2025 11:00:00;608.83
11.06.2025 11:00:00;11.06.2025 12:00:00;199.57
11.06.2025 12:00:00;11.06.2025 13:00:00;55.64
11.06.2025 13:00:00;11.06.2025 14:00:00;46.44
11.06.2025 14:00:00;11.06.2025 15:00:00;39.2
11.06.2025 15:00:00;11.06.2025 16:00:00;48.17
11.06.2025 16:00:00;11.06.2025 17:00:00;81.74
11.06.2025 17:00:00;11.06.2025 18:00:00;548.02
11.06.2025 18:00:00;11.06.2025 19:00:00;643.55
11.06.2025 19:00:00;11.06.2025 20:00:00;777.02
11.06.2025 20:00:00;11.06.2025 21:00:00;804.73
11.06.2025 21:00:00;11.06.2025 22:00:00;785.87
11.06.2025 22:00:00;11.06.2025 23:00:00;687.01
11.06.2025 23:00:00;12.06.2025 00:00:00;569.17
12.06.2025 00:00:00;12.06.2025 01:00:00;578.85
12.06.2025 01:00:00;12.06.2025 02:00:00;549.7
12.06.2025 02:00:00;12.06.2025 03:00:00;405.22
12.06.2025 03:00:00;12.06.2025 04:00:00;280.86
12.06.2025 04:00:00;12.06.2025 05:00:00;167.73
12.06.2025 05:00:00;12.06.2025 06:00:00;212.04
12.06.2025 06:00:00;12.06.2025 07:00:00;510.72
12.06.2025 07:00:00;12.06.2025 08:00:00;628.59
12.06.2025 08:00:00;12.06.2025 09:00:00;597.24
12.06.2025 09:00:00;12.06.2025 10:00:00;404.75
12.06.2025 10:00:00;12.06.2025 11:00:00;59.57
12.06.2025 11:00:00;12.06.2025 12:00:00;34.12
12.06.2025 12:00:00;12.06.2025 13:00:00;23.83
12.06.2025 13:00:00;12.06.2025 14:00:00;33.78
12.06.2025 14:00:00;12.06.2025 15:00:00;39.45
12.06.2025 15:00:00;12.06.2025 16:00:00;51.94
12.06.2025 16:00:00;12.06.2025 17:00:00;68.6
12.06.2025 17:00:00;12.06.2025 18:00:00;289.19
12.06.2025 18:00:00;12.06.2025 19:00:00;622.46
12.06.2025 19:00:00;12.06.2025 20:00:00;757.92
12.06.2025 20:00:00;12.06.2025 21:00:00;793.08
12.06.2025 21:00:00;12.06.2025 22:00:00;787.76
12.06.2025 22:00:00;12.06.2025 23:00:00;747.97
12.06.2025 23:00:00;13.06.2025 00:00:00;647.79
13.06.2025 00:00:00;13.06.2025 01:00:00;585.83
13.06.2025 01:00:00;13.06.2025 02:00:00;477.77
13.06.2025 02:00:00;13.06.2025 03:00:00;374.68
13.06.2025 03:00:00;13.06.2025 04:00:00;393.06
13.06.2025 04:00:00;13.06.2025 05:00:00;439.06
13.06.2025 05:00:00;13.06.2025 06:00:00;561.45
13.06.2025 06:00:00;13.06.2025 07:00:00;675.63
13.06.2025 07:00:00;13.06.2025 08:00:00;727.64
13.06.2025 08:00:00;13.06.2025 09:00:00;694.7
13.06.2025 09:00:00;13.06.2025 10:00:00;523.42
13.06.2025 10:00:00;13.06.2025 11:00:00;80.9
13.06.2025 11:00:00;13.06.2025 12:00:00;34.56
13.06.2025 12:00:00;13.06.2025 13:00:00;18.84
13.06.2025 13:00:00;13.06.2025 14:00:00;13.18
13.06.2025 14:00:00;13.06.2025 15:00:00;18.95
13.06.2025 15:00:00;13.06.2025 16:00:00;23.58
13.06.2025 16:00:00;13.06.2025 17:00:00;49
13.06.2025 17:00:00;13.06.2025 18:00:00;219.01
13.06.2025 18:00:00;13.06.2025 19:00:00;591.26
13.06.2025 19:00:00;13.06.2025 20:00:00;683.6
13.06.2025 20:00:00;13.06.2025 21:00:00;685.92
13.06.2025 21:00:00;13.06.2025 22:00:00;630.21
13.06.2025 22:00:00;13.06.2025 23:00:00;555.44
13.06.2025 23:00:00;14.06.2025 00:00:00;277.37
14.06.2025 00:00:00;14.06.2025 01:00:00;185.52
14.06.2025 01:00:00;14.06.2025 02:00:00;134.18
14.06.2025 02:00:00;14.06.2025 03:00:00;74.94
14.06.2025 03:00:00;14.06.2025 04:00:00;73.22
14.06.2025 04:00:00;14.06.2025 05:00:00;66.12
14.06.2025 05:00:00;14.06.2025 06:00:00;57.06
14.06.2025 06:00:00;14.06.2025 07:00:00;62.56
14.06.2025 07:00:00;14.06.2025 08:00:00;61.76
14.06.2025 08:00:00;14.06.2025 09:00:00;53.97
14.06.2025 09:00:00;14.06.2025 10:00:00;15.81
14.06.2025 10:00:00;14.06.2025 11:00:00;-0.11
14.06.2025 11:00:00;14.06.2025 12:00:00;-1.15
14.06.2025 12:00:00;14.06.2025 13:00:00;-25.09
14.06.2025 13:00:00;14.06.2025 14:00:00;-36.44
14.06.2025 14:00:00;14.06.2025 15:00:00;-56.61
14.06.2025 15:00:00;14.06.2025 16:00:00;-9.17
14.06.2025 16:00:00;14.06.2025 17:00:00;9.85
14.06.2025 17:00:00;14.06.2025 18:00:00;67.03
14.06.2025 18:00:00;14.06.2025 19:00:00;179.44
14.06.2025 19:00:00;14.06.2025 20:00:00;548.64
14.06.2025 20:00:00;14.06.2025 21:00:00;562.62
14.06.2025 21:00:00;14.06.2025 22:00:00;561.93
14.06.2025 22:00:00;14.06.2025 23:00:00;489.4
14.06.2025 23:00:00;15.06.2025 00:00:00;260.68
15.06.2025 00:00:00;15.06.2025 01:00:00;78.43
15.06.2025 01:00:00;15.06.2025 02:00:00;71.8
15.06.2025 02:00:00;15.06.2025 03:00:00;78.43
15.06.2025 03:00:00;15.06.2025 04:00:00;78.43
15.06.2025 04:00:00;15.06.2025 05:00:00;87.69
15.06.2025 05:00:00;15.06.2025 06:00:00;90.2
15.06.2025 06:00:00;15.06.2025 07:00:00;116.38
15.06.2025 07:00:00;15.06.2025 08:00:00;111.24
15.06.2025 08:00:00;15.06.2025 09:00:00;76.94
15.06.2025 09:00:00;15.06.2025 10:00:00;56.59
15.06.2025 10:00:00;15.06.2025 11:00:00;13.49
15.06.2025 11:00:00;15.06.2025 12:00:00;0
15.06.2025 12:00:00;15.06.2025 13:00:00;-1.26
15.06.2025 13:00:00;15.06.2025 14:00:00;-30.87
15.06.2025 14:00:00;15.06.2025 15:00:00;-21.38
15.06.2025 15:00:00;15.06.2025 16:00:00;-0.91
15.06.2025 16:00:00;15.06.2025 17:00:00;31.67
15.06.2025 17:00:00;15.06.2025 18:00:00;169.2
15.06.2025 18:00:00;15.06.2025 19:00:00;503.83
15.06.2025 19:00:00;15.06.2025 20:00:00;573.46
15.06.2025 20:00:00;15.06.2025 21:00:00;571.63
15.06.2025 21:00:00;15.06.2025 22:00:00;574.14
15.06.2025 22:00:00;15.06.2025 23:00:00;474.34
15.06.2025 23:00:00;16.06.2025 00:00:00;184.64
16.06.2025 00:00:00;16.06.2025 01:00:00;182.81
16.06.2025 01:00:00;16.06.2025 02:00:00;95.12
16.06.2025 02:00:00;16.06.2025 03:00:00;78.31
16.06.2025 03:00:00;16.06.2025 04:00:00;79.8
16.06.2025 04:00:00;16.06.2025 05:00:00;78.66
16.06.2025 05:00:00;16.06.2025 06:00:00;182.92
16.06.2025 06:00:00;16.06.2025 07:00:00;511.04
16.06.2025 07:00:00;16.06.2025 08:00:00;686.07
16.06.2025 08:00:00;16.06.2025 09:00:00;671.09
16.06.2025 09:00:00;16.06.2025 10:00:00;561.11
16.06.2025 10:00:00;16.06.2025 11:00:00;377.85
16.06.2025 11:00:00;16.06.2025 12:00:00;103.46
16.06.2025 12:00:00;16.06.2025 13:00:00;47.79
16.06.2025 13:00:00;16.06.2025 14:00:00;32.35
16.06.2025 14:00:00;16.06.2025 15:00:00;33.27
16.06.2025 15:00:00;16.06.2025 16:00:00;47.33
16.06.2025 16:00:00;16.06.2025 17:00:00;74.2
16.06.2025 17:00:00;16.06.2025 18:00:00;171.26
16.06.2025 18:00:00;16.06.2025 19:00:00;389.39
16.06.2025 19:00:00;16.06.2025 20:00:00;526.59
16.06.2025 20:00:00;16.06.2025 21:00:00;502.92
16.06.2025 21:00:00;16.06.2025 22:00:00;499.26
16.06.2025 22:00:00;16.06.2025 23:00:00;270.95
16.06.2025 23:00:00;17.06.2025 00:00:00;90.77
17.06.2025 00:00:00;17.06.2025 01:00:00;88.59
17.06.2025 01:00:00;17.06.2025 02:00:00;70.6
17.06.2025 02:00:00;17.06.2025 03:00:00;58.79
17.06.2025 03:00:00;17.06.2025 04:00:00;56.85
17.06.2025 04:00:00;17.06.2025 05:00:00;60.74
17.06.2025 05:00:00;17.06.2025 06:00:00;79.31
17.06.2025 06:00:00;17.06.2025 07:00:00;490.07
17.06.2025 07:00:00;17.06.2025 08:00:00;591.16
17.06.2025 08:00:00;17.06.2025 09:00:00;573.51
17.06.2025 09:00:00;17.06.2025 10:00:00;459.47
17.06.2025 10:00:00;17.06.2025 11:00:00;74.15
17.06.2025 11:00:00;17.06.2025 12:00:00;35.87
17.06.2025 12:00:00;17.06.2025 13:00:00;23.15
17.06.2025 13:00:00;17.06.2025 14:00:00;11.35
17.06.2025 14:00:00;17.06.2025 15:00:00;16.62
17.06.2025 15:00:00;17.06.2025 16:00:00;22.92
17.06.2025 16:00:00;17.06.2025 17:00:00;65.21
17.06.2025 17:00:00;17.06.2025 18:00:00;143.72
17.06.2025 18:00:00;17.06.2025 19:00:00;397.47
17.06.2025 19:00:00;17.06.2025 20:00:00;569.61
17.06.2025 20:00:00;17.06.2025 21:00:00;578.78
17.06.2025 21:00:00;17.06.2025 22:00:00;576.26
17.06.2025 22:00:00;17.06.2025 23:00:00;539.7
17.06.2025 23:00:00;18.06.2025 00:00:00;228.19
18.06.2025 00:00:00;18.06.2025 01:00:00;106.83
18.06.2025 01:00:00;18.06.2025 02:00:00;79.18
18.06.2025 02:00:00;18.06.2025 03:00:00;74.84
18.06.2025 03:00:00;18.06.2025 04:00:00;78.84
18.06.2025 04:00:00;18.06.2025 05:00:00;99.29
18.06.2025 05:00:00;18.06.2025 06:00:00;347.12
18.06.2025 06:00:00;18.06.2025 07:00:00;540.11
18.06.2025 07:00:00;18.06.2025 08:00:00;565.36
18.06.2025 08:00:00;18.06.2025 09:00:00;544.34
18.06.2025 09:00:00;18.06.2025 10:00:00;399.34
18.06.2025 10:00:00;18.06.2025 11:00:00;73.93
18.06.2025 11:00:00;18.06.2025 12:00:00;35.42
18.06.2025 12:00:00;18.06.2025 13:00:00;25.82
18.06.2025 13:00:00;18.06.2025 14:00:00;9.83
18.06.2025 14:00:00;18.06.2025 15:00:00;7.88
18.06.2025 15:00:00;18.06.2025 16:00:00;16.91
18.06.2025 16:00:00;18.06.2025 17:00:00;35.99
18.06.2025 17:00:00;18.06.2025 18:00:00;93.47
18.06.2025 18:00:00;18.06.2025 19:00:00;325.87
18.06.2025 19:00:00;18.06.2025 20:00:00;458.07
18.06.2025 20:00:00;18.06.2025 21:00:00;545.94
18.06.2025 21:00:00;18.06.2025 22:00:00;537.14
18.06.2025 22:00:00;18.06.2025 23:00:00;440.48
18.06.2025 23:00:00;19.06.2025 00:00:00;173.56
19.06.2025 00:00:00;19.06.2025 01:00:00;90.65
19.06.2025 01:00:00;19.06.2025 02:00:00;58.95
19.06.2025 02:00:00;19.06.2025 03:00:00;50.02
19.06.2025 03:00:00;19.06.2025 04:00:00;47.04
19.06.2025 04:00:00;19.06.2025 05:00:00;44.3
19.06.2025 05:00:00;19.06.2025 06:00:00;51.05
19.06.2025 06:00:00;19.06.2025 07:00:00;65.47
19.06.2025 07:00:00;19.06.2025 08:00:00;80.81
19.06.2025 08:00:00;19.06.2025 09:00:00;63.07
19.06.2025 09:00:00;19.06.2025 10:00:00;28.96
19.06.2025 10:00:00;19.06.2025 11:00:00;7.67
19.06.2025 11:00:00;19.06.2025 12:00:00;-0.11
19.06.2025 12:00:00;19.06.2025 13:00:00;-0.8
19.06.2025 13:00:00;19.06.2025 14:00:00;-1.26
19.06.2025 14:00:00;19.06.2025 15:00:00;-1.26
19.06.2025 15:00:00;19.06.2025 16:00:00;-0.34
19.06.2025 16:00:00;19.06.2025 17:00:00;0
19.06.2025 17:00:00;19.06.2025 18:00:00;26.21
19.06.2025 18:00:00;19.06.2025 19:00:00;54.6
19.06.2025 19:00:00;19.06.2025 20:00:00;95.12
19.06.2025 20:00:00;19.06.2025 21:00:00;290.51
19.06.2025 21:00:00;19.06.2025 22:00:00;424.43
19.06.2025 22:00:00;19.06.2025 23:00:00;297.72
19.06.2025 23:00:00;20.06.2025 00:00:00;149.6
20.06.2025 00:00:00;20.06.2025 01:00:00;109.88
20.06.2025 01:00:00;20.06.2025 02:00:00;88.62
20.06.2025 02:00:00;20.06.2025 03:00:00;87.12
20.06.2025 03:00:00;20.06.2025 04:00:00;80.53
20.06.2025 04:00:00;20.06.2025 05:00:00;88.62
20.06.2025 05:00:00;20.06.2025 06:00:00;216.63
20.06.2025 06:00:00;20.06.2025 07:00:00;407.39
20.06.2025 07:00:00;20.06.2025 08:00:00;443.67
20.06.2025 08:00:00;20.06.2025 09:00:00;336.68
20.06.2025 09:00:00;20.06.2025 10:00:00;145.35
20.06.2025 10:00:00;20.06.2025 11:00:00;68.28
20.06.2025 11:00:00;20.06.2025 12:00:00;36.86
20.06.2025 12:00:00;20.06.2025 13:00:00;14.56
20.06.2025 13:00:00;20.06.2025 14:00:00;8.67
20.06.2025 14:00:00;20.06.2025 15:00:00;14.56
20.06.2025 15:00:00;20.06.2025 16:00:00;31.31
20.06.2025 16:00:00;20.06.2025 17:00:00;88.27
20.06.2025 17:00:00;20.06.2025 18:00:00;266.43
20.06.2025 18:00:00;20.06.2025 19:00:00;577.69
20.06.2025 19:00:00;20.06.2025 20:00:00;716.92
20.06.2025 20:00:00;20.06.2025 21:00:00;739.33
20.06.2025 21:00:00;20.06.2025 22:00:00;739.21
20.06.2025 22:00:00;20.06.2025 23:00:00;661.46
20.06.2025 23:00:00;21.06.2025 00:00:00;480.52
21.06.2025 00:00:00;21.06.2025 01:00:00;432.61
21.06.2025 01:00:00;21.06.2025 02:00:00;324.77
21.06.2025 02:00:00;21.06.2025 03:00:00;238.72
21.06.2025 03:00:00;21.06.2025 04:00:00;155.44
21.06.2025 04:00:00;21.06.2025 05:00:00;81.19
21.06.2025 05:00:00;21.06.2025 06:00:00;69.26
21.06.2025 06:00:00;21.06.2025 07:00:00;67.06
21.06.2025 07:00:00;21.06.2025 08:00:00;58.49
21.06.2025 08:00:00;21.06.2025 09:00:00;46.33
21.06.2025 09:00:00;21.06.2025 10:00:00;30.23
21.06.2025 10:00:00;21.06.2025 11:00:00;14.59
21.06.2025 11:00:00;21.06.2025 12:00:00;0
21.06.2025 12:00:00;21.06.2025 13:00:00;-13.09
21.06.2025 13:00:00;21.06.2025 14:00:00;-30
21.06.2025 14:00:00;21.06.2025 15:00:00;-23.17
21.06.2025 15:00:00;21.06.2025 16:00:00;0
21.06.2025 16:00:00;21.06.2025 17:00:00;23.74
21.06.2025 17:00:00;21.06.2025 18:00:00;75.75
21.06.2025 18:00:00;21.06.2025 19:00:00;378.86
21.06.2025 19:00:00;21.06.2025 20:00:00;579.13
21.06.2025 20:00:00;21.06.2025 21:00:00;690.09
21.06.2025 21:00:00;21.06.2025 22:00:00;737
21.06.2025 22:00:00;21.06.2025 23:00:00;693.91
21.06.2025 23:00:00;22.06.2025 00:00:00;609.24
22.06.2025 00:00:00;22.06.2025 01:00:00;440.21
22.06.2025 01:00:00;22.06.2025 02:00:00;422.52
22.06.2025 02:00:00;22.06.2025 03:00:00;420.89
22.06.2025 03:00:00;22.06.2025 04:00:00;413.32
22.06.2025 04:00:00;22.06.2025 05:00:00;371.87
22.06.2025 05:00:00;22.06.2025 06:00:00;334.73
22.06.2025 06:00:00;22.06.2025 07:00:00;200.37
22.06.2025 07:00:00;22.06.2025 08:00:00;83.36
22.06.2025 08:00:00;22.06.2025 09:00:00;27.48
22.06.2025 09:00:00;22.06.2025 10:00:00;1.16
22.06.2025 10:00:00;22.06.2025 11:00:00;-23.29
22.06.2025 11:00:00;22.06.2025 12:00:00;-30.04
22.06.2025 12:00:00;22.06.2025 13:00:00;-10.83
22.06.2025 13:00:00;22.06.2025 14:00:00;-17.46
22.06.2025 14:00:00;22.06.2025 15:00:00;-23.4
22.06.2025 15:00:00;22.06.2025 16:00:00;-6.4
22.06.2025 16:00:00;22.06.2025 17:00:00;7.22
22.06.2025 17:00:00;22.06.2025 18:00:00;42.96
22.06.2025 18:00:00;22.06.2025 19:00:00;164.28
22.06.2025 19:00:00;22.06.2025 20:00:00;433.46
22.06.2025 20:00:00;22.06.2025 21:00:00;433.58
22.06.2025 21:00:00;22.06.2025 22:00:00;422.4
22.06.2025 22:00:00;22.06.2025 23:00:00;275.7
22.06.2025 23:00:00;23.06.2025 00:00:00;100.36
23.06.2025 00:00:00;23.06.2025 01:00:00;65.55
23.06.2025 01:00:00;23.06.2025 02:00:00;46.57
23.06.2025 02:00:00;23.06.2025 03:00:00;36.09
23.06.2025 03:00:00;23.06.2025 04:00:00;33.3
23.06.2025 04:00:00;23.06.2025 05:00:00;32.95
23.06.2025 05:00:00;23.06.2025 06:00:00;34.93
23.06.2025 06:00:00;23.06.2025 07:00:00;57.4
23.06.2025 07:00:00;23.06.2025 08:00:00;88.72
23.06.2025 08:00:00;23.06.2025 09:00:00;116.54
23.06.2025 09:00:00;23.06.2025 10:00:00;58.56
23.06.2025 10:00:00;23.06.2025 11:00:00;26.89
23.06.2025 11:00:00;23.06.2025 12:00:00;10.01
23.06.2025 12:00:00;23.06.2025 13:00:00;5.47
23.06.2025 13:00:00;23.06.2025 14:00:00;0
23.06.2025 14:00:00;23.06.2025 15:00:00;-0.12
23.06.2025 15:00:00;23.06.2025 16:00:00;-0.12
23.06.2025 16:00:00;23.06.2025 17:00:00;0
23.06.2025 17:00:00;23.06.2025 18:00:00;0.12
23.06.2025 18:00:00;23.06.2025 19:00:00;16.88
23.06.2025 19:00:00;23.06.2025 20:00:00;63.69
23.06.2025 20:00:00;23.06.2025 21:00:00;85.69
23.06.2025 21:00:00;23.06.2025 22:00:00;163.81
23.06.2025 22:00:00;23.06.2025 23:00:00;109.68
23.06.2025 23:00:00;24.06.2025 00:00:00;69.62
24.06.2025 00:00:00;24.06.2025 01:00:00;50.09
24.06.2025 01:00:00;24.06.2025 02:00:00;48.11
24.06.2025 02:00:00;24.06.2025 03:00:00;41.8
24.06.2025 03:00:00;24.06.2025 04:00:00;39.7
24.06.2025 04:00:00;24.06.2025 05:00:00;37.25
24.06.2025 05:00:00;24.06.2025 06:00:00;48.81
24.06.2025 06:00:00;24.06.2025 07:00:00;67.02
24.06.2025 07:00:00;24.06.2025 08:00:00;199.79
24.06.2025 08:00:00;24.06.2025 09:00:00;172.46
24.06.2025 09:00:00;24.06.2025 10:00:00;34.91
24.06.2025 10:00:00;24.06.2025 11:00:00;26.16
24.06.2025 11:00:00;24.06.2025 12:00:00;10.51
24.06.2025 12:00:00;24.06.2025 13:00:00;7.36
24.06.2025 13:00:00;24.06.2025 14:00:00;8.64
24.06.2025 14:00:00;24.06.2025 15:00:00;9.46
24.06.2025 15:00:00;24.06.2025 16:00:00;6.77
24.06.2025 16:00:00;24.06.2025 17:00:00;22.65
24.06.2025 17:00:00;24.06.2025 18:00:00;48.81
24.06.2025 18:00:00;24.06.2025 19:00:00;234.93
24.06.2025 19:00:00;24.06.2025 20:00:00;378.44
24.06.2025 20:00:00;24.06.2025 21:00:00;391.75
24.06.2025 21:00:00;24.06.2025 22:00:00;384.75
24.06.2025 22:00:00;24.06.2025 23:00:00;306.75
24.06.2025 23:00:00;25.06.2025 00:00:00;224.19
25.06.2025 00:00:00;25.06.2025 01:00:00;105.3
25.06.2025 01:00:00;25.06.2025 02:00:00;72.66
25.06.2025 02:00:00;25.06.2025 03:00:00;58.97
25.06.2025 03:00:00;25.06.2025 04:00:00;52.53
25.06.2025 04:00:00;25.06.2025 05:00:00;50.31
25.06.2025 05:00:00;25.06.2025 06:00:00;71.84
25.06.2025 06:00:00;25.06.2025 07:00:00;150.81
25.06.2025 07:00:00;25.06.2025 08:00:00;282.91
25.06.2025 08:00:00;25.06.2025 09:00:00;290.51
25.06.2025 09:00:00;25.06.2025 10:00:00;175.5
25.06.2025 10:00:00;25.06.2025 11:00:00;76.99
25.06.2025 11:00:00;25.06.2025 12:00:00;43.29
25.06.2025 12:00:00;25.06.2025 13:00:00;27.85
25.06.2025 13:00:00;25.06.2025 14:00:00;25.39
25.06.2025 14:00:00;25.06.2025 15:00:00;26.79
25.06.2025 15:00:00;25.06.2025 16:00:00;34.4
25.06.2025 16:00:00;25.06.2025 17:00:00;65.64
25.06.2025 17:00:00;25.06.2025 18:00:00;177.14
25.06.2025 18:00:00;25.06.2025 19:00:00;468.12
25.06.2025 19:00:00;25.06.2025 20:00:00;696.15
25.06.2025 20:00:00;25.06.2025 21:00:00;721.78
25.06.2025 21:00:00;25.06.2025 22:00:00;746.58
25.06.2025 22:00:00;25.06.2025 23:00:00;670.18
25.06.2025 23:00:00;26.06.2025 00:00:00;562.19
26.06.2025 00:00:00;26.06.2025 01:00:00;388.58
26.06.2025 01:00:00;26.06.2025 02:00:00;380.92
26.06.2025 02:00:00;26.06.2025 03:00:00;379.86
26.06.2025 03:00:00;26.06.2025 04:00:00;388.46
26.06.2025 04:00:00;26.06.2025 05:00:00;457.86
26.06.2025 05:00:00;26.06.2025 06:00:00;595.36
26.06.2025 06:00:00;26.06.2025 07:00:00;717.9
26.06.2025 07:00:00;26.06.2025 08:00:00;827.59
26.06.2025 08:00:00;26.06.2025 09:00:00;796.96
26.06.2025 09:00:00;26.06.2025 10:00:00;706.82
26.06.2025 10:00:00;26.06.2025 11:00:00;668.29
26.06.2025 11:00:00;26.06.2025 12:00:00;629.18
26.06.2025 12:00:00;26.06.2025 13:00:00;544.93
26.06.2025 13:00:00;26.06.2025 14:00:00;518.31
26.06.2025 14:00:00;26.06.2025 15:00:00;375.62
26.06.2025 15:00:00;26.06.2025 16:00:00;378.92
26.06.2025 16:00:00;26.06.2025 17:00:00;408.26
26.06.2025 17:00:00;26.06.2025 18:00:00;611.39
26.06.2025 18:00:00;26.06.2025 19:00:00;755.6
26.06.2025 19:00:00;26.06.2025 20:00:00;750.3
26.06.2025 20:00:00;26.06.2025 21:00:00;728.62
26.06.2025 21:00:00;26.06.2025 22:00:00;709.3
26.06.2025 22:00:00;26.06.2025 23:00:00;683.38
26.06.2025 23:00:00;27.06.2025 00:00:00;589.12
27.06.2025 00:00:00;27.06.2025 01:00:00;491.63
27.06.2025 01:00:00;27.06.2025 02:00:00;371.5
27.06.2025 02:00:00;27.06.2025 03:00:00;330.31
27.06.2025 03:00:00;27.06.2025 04:00:00;282.52
27.06.2025 04:00:00;27.06.2025 05:00:00;231.65
27.06.2025 05:00:00;27.06.2025 06:00:00;258.8
27.06.2025 06:00:00;27.06.2025 07:00:00;343.29
27.06.2025 07:00:00;27.06.2025 08:00:00;536.59
27.06.2025 08:00:00;27.06.2025 09:00:00;574.83
27.06.2025 09:00:00;27.06.2025 10:00:00;368.78
27.06.2025 10:00:00;27.06.2025 11:00:00;338.92
27.06.2025 11:00:00;27.06.2025 12:00:00;303.17
27.06.2025 12:00:00;27.06.2025 13:00:00;146.8
27.06.2025 13:00:00;27.06.2025 14:00:00;59
27.06.2025 14:00:00;27.06.2025 15:00:00;48.86
27.06.2025 15:00:00;27.06.2025 16:00:00;47.56
27.06.2025 16:00:00;27.06.2025 17:00:00;58.18
27.06.2025 17:00:00;27.06.2025 18:00:00;80.36
27.06.2025 18:00:00;27.06.2025 19:00:00;99.01
27.06.2025 19:00:00;27.06.2025 20:00:00;235.55
27.06.2025 20:00:00;27.06.2025 21:00:00;302.7
27.06.2025 21:00:00;27.06.2025 22:00:00;307.18
27.06.2025 22:00:00;27.06.2025 23:00:00;295.38
27.06.2025 23:00:00;28.06.2025 00:00:00;249.71
28.06.2025 00:00:00;28.06.2025 01:00:00;163.22
28.06.2025 01:00:00;28.06.2025 02:00:00;88.63
28.06.2025 02:00:00;28.06.2025 03:00:00;69.51
28.06.2025 03:00:00;28.06.2025 04:00:00;58.3
28.06.2025 04:00:00;28.06.2025 05:00:00;50.63
28.06.2025 05:00:00;28.06.2025 06:00:00;52.99
28.06.2025 06:00:00;28.06.2025 07:00:00;59.36
28.06.2025 07:00:00;28.06.2025 08:00:00;79.19
28.06.2025 08:00:00;28.06.2025 09:00:00;84.38
28.06.2025 09:00:00;28.06.2025 10:00:00;30.69
28.06.2025 10:00:00;28.06.2025 11:00:00;0.83
28.06.2025 11:00:00;28.06.2025 12:00:00;0
28.06.2025 12:00:00;28.06.2025 13:00:00;-5.19
28.06.2025 13:00:00;28.06.2025 14:00:00;-20.06
28.06.2025 14:00:00;28.06.2025 15:00:00;-10.62
28.06.2025 15:00:00;28.06.2025 16:00:00;-0.59
28.06.2025 16:00:00;28.06.2025 17:00:00;2.95
28.06.2025 17:00:00;28.06.2025 18:00:00;28.21
28.06.2025 18:00:00;28.06.2025 19:00:00;68.81
28.06.2025 19:00:00;28.06.2025 20:00:00;80.02
28.06.2025 20:00:00;28.06.2025 21:00:00;82.02
28.06.2025 21:00:00;28.06.2025 22:00:00;70.46
28.06.2025 22:00:00;28.06.2025 23:00:00;54.41
28.06.2025 23:00:00;29.06.2025 00:00:00;48.51
29.06.2025 00:00:00;29.06.2025 01:00:00;45.91
29.06.2025 01:00:00;29.06.2025 02:00:00;37.65
29.06.2025 02:00:00;29.06.2025 03:00:00;34.23
29.06.2025 03:00:00;29.06.2025 04:00:00;32.22
29.06.2025 04:00:00;29.06.2025 05:00:00;30.69
29.06.2025 05:00:00;29.06.2025 06:00:00;31.16
29.06.2025 06:00:00;29.06.2025 07:00:00;31.87
29.06.2025 07:00:00;29.06.2025 08:00:00;28.09
29.06.2025 08:00:00;29.06.2025 09:00:00;25.14
29.06.2025 09:00:00;29.06.2025 10:00:00;0
29.06.2025 10:00:00;29.06.2025 11:00:00;-0.24
29.06.2025 11:00:00;29.06.2025 12:00:00;-8.03
29.06.2025 12:00:00;29.06.2025 13:00:00;-58.54
29.06.2025 13:00:00;29.06.2025 14:00:00;-117.78
29.06.2025 14:00:00;29.06.2025 15:00:00;-117.19
29.06.2025 15:00:00;29.06.2025 16:00:00;-58.89
29.06.2025 16:00:00;29.06.2025 17:00:00;-1.18
29.06.2025 17:00:00;29.06.2025 18:00:00;10.03
29.06.2025 18:00:00;29.06.2025 19:00:00;32.34
29.06.2025 19:00:00;29.06.2025 20:00:00;44.73
29.06.2025 20:00:00;29.06.2025 21:00:00;50.28
29.06.2025 21:00:00;29.06.2025 22:00:00;55.47
29.06.2025 22:00:00;29.06.2025 23:00:00;49.45
29.06.2025 23:00:00;30.06.2025 00:00:00;47.21
30.06.2025 00:00:00;30.06.2025 01:00:00;39.3
30.06.2025 01:00:00;30.06.2025 02:00:00;37.06
30.06.2025 02:00:00;30.06.2025 03:00:00;36.7
30.06.2025 03:00:00;30.06.2025 04:00:00;38.95
30.06.2025 04:00:00;30.06.2025 05:00:00;44.02
30.06.2025 05:00:00;30.06.2025 06:00:00;53.11
30.06.2025 06:00:00;30.06.2025 07:00:00;71.28
30.06.2025 07:00:00;30.06.2025 08:00:00;106.1
30.06.2025 08:00:00;30.06.2025 09:00:00;137.49
30.06.2025 09:00:00;30.06.2025 10:00:00;78.25
30.06.2025 10:00:00;30.06.2025 11:00:00;63.26
30.06.2025 11:00:00;30.06.2025 12:00:00;46.03
30.06.2025 12:00:00;30.06.2025 13:00:00;33.64
30.06.2025 13:00:00;30.06.2025 14:00:00;24.43
30.06.2025 14:00:00;30.06.2025 15:00:00;30.57
30.06.2025 15:00:00;30.06.2025 16:00:00;44.85
30.06.2025 16:00:00;30.06.2025 17:00:00;72.58
30.06.2025 17:00:00;30.06.2025 18:00:00;192.96
30.06.2025 18:00:00;30.06.2025 19:00:00;505.71
30.06.2025 19:00:00;30.06.2025 20:00:00;659.85
30.06.2025 20:00:00;30.06.2025 21:00:00;693.37
30.06.2025 21:00:00;30.06.2025 22:00:00;662.09
30.06.2025 22:00:00;30.06.2025 23:00:00;400.09
30.06.2025 23:00:00;01.07.2025 00:00:00;282.19
01.07.2025 00:00:00;01.07.2025 01:00:00;267.55
01.07.2025 01:00:00;01.07.2025 02:00:00;154.66
01.07.2025 02:00:00;01.07.2025 03:00:00;145.19
01.07.2025 03:00:00;01.07.2025 04:00:00;126.97
01.07.2025 04:00:00;01.07.2025 05:00:00;152.41
01.07.2025 05:00:00;01.07.2025 06:00:00;265.66
01.07.2025 06:00:00;01.07.2025 07:00:00;414.16
01.07.2025 07:00:00;01.07.2025 08:00:00;665.5
01.07.2025 08:00:00;01.07.2025 09:00:00;591.78
01.07.2025 09:00:00;01.07.2025 10:00:00;303.29
01.07.2025 10:00:00;01.07.2025 11:00:00;272.52
01.07.2025 11:00:00;01.07.2025 12:00:00;180.34
01.07.2025 12:00:00;01.07.2025 13:00:00;90.17
01.07.2025 13:00:00;01.07.2025 14:00:00;69.22
01.07.2025 14:00:00;01.07.2025 15:00:00;92.65
01.07.2025 15:00:00;01.07.2025 16:00:00;193
01.07.2025 16:00:00;01.07.2025 17:00:00;275.36
01.07.2025 17:00:00;01.07.2025 18:00:00;347.66
01.07.2025 18:00:00;01.07.2025 19:00:00;673.67
01.07.2025 19:00:00;01.07.2025 20:00:00;725.14
01.07.2025 20:00:00;01.07.2025 21:00:00;731.18
01.07.2025 21:00:00;01.07.2025 22:00:00;713.31
01.07.2025 22:00:00;01.07.2025 23:00:00;670.95
01.07.2025 23:00:00;02.07.2025 00:00:00;327.07
02.07.2025 00:00:00;02.07.2025 01:00:00;274.92
02.07.2025 01:00:00;02.07.2025 02:00:00;239.67
02.07.2025 02:00:00;02.07.2025 03:00:00;231.51
02.07.2025 03:00:00;02.07.2025 04:00:00;232.57
02.07.2025 04:00:00;02.07.2025 05:00:00;240.26
02.07.2025 05:00:00;02.07.2025 06:00:00;349.1
02.07.2025 06:00:00;02.07.2025 07:00:00;578.71
02.07.2025 07:00:00;02.07.2025 08:00:00;668.62
02.07.2025 08:00:00;02.07.2025 09:00:00;663.3
02.07.2025 09:00:00;02.07.2025 10:00:00;583.68
02.07.2025 10:00:00;02.07.2025 11:00:00;519.56
02.07.2025 11:00:00;02.07.2025 12:00:00;311.24
02.07.2025 12:00:00;02.07.2025 13:00:00;207.73
02.07.2025 13:00:00;02.07.2025 14:00:00;151.89
02.07.2025 14:00:00;02.07.2025 15:00:00;223.7
02.07.2025 15:00:00;02.07.2025 16:00:00;309.35
02.07.2025 16:00:00;02.07.2025 17:00:00;531.04
02.07.2025 17:00:00;02.07.2025 18:00:00;663.89
02.07.2025 18:00:00;02.07.2025 19:00:00;709.79
02.07.2025 19:00:00;02.07.2025 20:00:00;745.16
02.07.2025 20:00:00;02.07.2025 21:00:00;742.79
02.07.2025 21:00:00;02.07.2025 22:00:00;709.79
02.07.2025 22:00:00;02.07.2025 23:00:00;678.91
02.07.2025 23:00:00;03.07.2025 00:00:00;565.58
03.07.2025 00:00:00;03.07.2025 01:00:00;480.42
03.07.2025 01:00:00;03.07.2025 02:00:00;366.85
03.07.2025 02:00:00;03.07.2025 03:00:00;290.94
03.07.2025 03:00:00;03.07.2025 04:00:00;238.31
03.07.2025 04:00:00;03.07.2025 05:00:00;124.15
03.07.2025 05:00:00;03.07.2025 06:00:00;110.13
03.07.2025 06:00:00;03.07.2025 07:00:00;177.96
03.07.2025 07:00:00;03.07.2025 08:00:00;189.84
03.07.2025 08:00:00;03.07.2025 09:00:00;171.9
03.07.2025 09:00:00;03.07.2025 10:00:00;61.54
03.07.2025 10:00:00;03.07.2025 11:00:00;47.88
03.07.2025 11:00:00;03.07.2025 12:00:00;38.25
03.07.2025 12:00:00;03.07.2025 13:00:00;27.32
03.07.2025 13:00:00;03.07.2025 14:00:00;23.64
03.07.2025 14:00:00;03.07.2025 15:00:00;21.74
03.07.2025 15:00:00;03.07.2025 16:00:00;23.88
03.07.2025 16:00:00;03.07.2025 17:00:00;28.63
03.07.2025 17:00:00;03.07.2025 18:00:00;45.02
03.07.2025 18:00:00;03.07.2025 19:00:00;49.54
03.07.2025 19:00:00;03.07.2025 20:00:00;58.33
03.07.2025 20:00:00;03.07.2025 21:00:00;79
03.07.2025 21:00:00;03.07.2025 22:00:00;79.36
03.07.2025 22:00:00;03.07.2025 23:00:00;59.28
03.07.2025 23:00:00;04.07.2025 00:00:00;50.96
04.07.2025 00:00:00;04.07.2025 01:00:00;44.06
04.07.2025 01:00:00;04.07.2025 02:00:00;38.72
04.07.2025 02:00:00;04.07.2025 03:00:00;36.82
04.07.2025 03:00:00;04.07.2025 04:00:00;36.34
04.07.2025 04:00:00;04.07.2025 05:00:00;37.77
04.07.2025 05:00:00;04.07.2025 06:00:00;43.82
04.07.2025 06:00:00;04.07.2025 07:00:00;53.32
04.07.2025 07:00:00;04.07.2025 08:00:00;81.35
04.07.2025 08:00:00;04.07.2025 09:00:00;65.56
04.07.2025 09:00:00;04.07.2025 10:00:00;53.44
04.07.2025 10:00:00;04.07.2025 11:00:00;47.5
04.07.2025 11:00:00;04.07.2025 12:00:00;34.68
04.07.2025 12:00:00;04.07.2025 13:00:00;6.53
04.07.2025 13:00:00;04.07.2025 14:00:00;-0.12
04.07.2025 14:00:00;04.07.2025 15:00:00;-0.95
04.07.2025 15:00:00;04.07.2025 16:00:00;0
04.07.2025 16:00:00;04.07.2025 17:00:00;37.65
04.07.2025 17:00:00;04.07.2025 18:00:00;164.6
04.07.2025 18:00:00;04.07.2025 19:00:00;303.32
04.07.2025 19:00:00;04.07.2025 20:00:00;558.06
04.07.2025 20:00:00;04.07.2025 21:00:00;593.81
04.07.2025 21:00:00;04.07.2025 22:00:00;572.67
04.07.2025 22:00:00;04.07.2025 23:00:00;487.75
04.07.2025 23:00:00;05.07.2025 00:00:00;348.09
05.07.2025 00:00:00;05.07.2025 01:00:00;296.63
05.07.2025 01:00:00;05.07.2025 02:00:00;215.47
05.07.2025 02:00:00;05.07.2025 03:00:00;111.77
05.07.2025 03:00:00;05.07.2025 04:00:00;86.26
05.07.2025 04:00:00;05.07.2025 05:00:00;59.33
05.07.2025 05:00:00;05.07.2025 06:00:00;58.02
05.07.2025 06:00:00;05.07.2025 07:00:00;53.16
05.07.2025 07:00:00;05.07.2025 08:00:00;59.21
05.07.2025 08:00:00;05.07.2025 09:00:00;60.28
05.07.2025 09:00:00;05.07.2025 10:00:00;44.14
05.07.2025 10:00:00;05.07.2025 11:00:00;25.63
05.07.2025 11:00:00;05.07.2025 12:00:00;15.66
05.07.2025 12:00:00;05.07.2025 13:00:00;0.12
05.07.2025 13:00:00;05.07.2025 14:00:00;0
05.07.2025 14:00:00;05.07.2025 15:00:00;0
05.07.2025 15:00:00;05.07.2025 16:00:00;10.68
05.07.2025 16:00:00;05.07.2025 17:00:00;23.85
05.07.2025 17:00:00;05.07.2025 18:00:00;47.58
05.07.2025 18:00:00;05.07.2025 19:00:00;200.52
05.07.2025 19:00:00;05.07.2025 20:00:00;313.01
05.07.2025 20:00:00;05.07.2025 21:00:00;326.06
05.07.2025 21:00:00;05.07.2025 22:00:00;408.52
05.07.2025 22:00:00;05.07.2025 23:00:00;341.37
05.07.2025 23:00:00;06.07.2025 00:00:00;318.7
06.07.2025 00:00:00;06.07.2025 01:00:00;211.73
06.07.2025 01:00:00;06.07.2025 02:00:00;170
06.07.2025 02:00:00;06.07.2025 03:00:00;131.01
06.07.2025 03:00:00;06.07.2025 04:00:00;131.13
06.07.2025 04:00:00;06.07.2025 05:00:00;148.48
06.07.2025 05:00:00;06.07.2025 06:00:00;166.43
06.07.2025 06:00:00;06.07.2025 07:00:00;165.48
06.07.2025 07:00:00;06.07.2025 08:00:00;186.64
06.07.2025 08:00:00;06.07.2025 09:00:00;150.03
06.07.2025 09:00:00;06.07.2025 10:00:00;70.38
06.07.2025 10:00:00;06.07.2025 11:00:00;66.81
06.07.2025 11:00:00;06.07.2025 12:00:00;65.38
06.07.2025 12:00:00;06.07.2025 13:00:00;61.1
06.07.2025 13:00:00;06.07.2025 14:00:00;63.96
06.07.2025 14:00:00;06.07.2025 15:00:00;77.27
06.07.2025 15:00:00;06.07.2025 16:00:00;150.86
06.07.2025 16:00:00;06.07.2025 17:00:00;257.14
06.07.2025 17:00:00;06.07.2025 18:00:00;361.16
06.07.2025 18:00:00;06.07.2025 19:00:00;654.2
06.07.2025 19:00:00;06.07.2025 20:00:00;691.65
06.07.2025 20:00:00;06.07.2025 21:00:00;695.22
06.07.2025 21:00:00;06.07.2025 22:00:00;659.43
06.07.2025 22:00:00;06.07.2025 23:00:00;562.78
06.07.2025 23:00:00;07.07.2025 00:00:00;479.33
07.07.2025 00:00:00;07.07.2025 01:00:00;391.83
07.07.2025 01:00:00;07.07.2025 02:00:00;312.42
07.07.2025 02:00:00;07.07.2025 03:00:00;296.61
07.07.2025 03:00:00;07.07.2025 04:00:00;285.91
07.07.2025 04:00:00;07.07.2025 05:00:00;293.28
07.07.2025 05:00:00;07.07.2025 06:00:00;300.06
07.07.2025 06:00:00;07.07.2025 07:00:00;333.1
07.07.2025 07:00:00;07.07.2025 08:00:00;666.92
07.07.2025 08:00:00;07.07.2025 09:00:00;703.78
07.07.2025 09:00:00;07.07.2025 10:00:00;705.44
07.07.2025 10:00:00;07.07.2025 11:00:00;701.76
07.07.2025 11:00:00;07.07.2025 12:00:00;664.66
07.07.2025 12:00:00;07.07.2025 13:00:00;551.85
07.07.2025 13:00:00;07.07.2025 14:00:00;299.7
07.07.2025 14:00:00;07.07.2025 15:00:00;246.8
07.07.2025 15:00:00;07.07.2025 16:00:00;232.29
07.07.2025 16:00:00;07.07.2025 17:00:00;261.3
07.07.2025 17:00:00;07.07.2025 18:00:00;454.48
07.07.2025 18:00:00;07.07.2025 19:00:00;489.55
07.07.2025 19:00:00;07.07.2025 20:00:00;670.96
07.07.2025 20:00:00;07.07.2025 21:00:00;691.77
07.07.2025 21:00:00;07.07.2025 22:00:00;706.75
07.07.2025 22:00:00;07.07.2025 23:00:00;702.11
07.07.2025 23:00:00;08.07.2025 00:00:00;559.69
08.07.2025 00:00:00;08.07.2025 01:00:00;485.73
08.07.2025 01:00:00;08.07.2025 02:00:00;337.41
08.07.2025 02:00:00;08.07.2025 03:00:00;303.54
08.07.2025 03:00:00;08.07.2025 04:00:00;295.57
08.07.2025 04:00:00;08.07.2025 05:00:00;288.8
08.07.2025 05:00:00;08.07.2025 06:00:00;308.77
08.07.2025 06:00:00;08.07.2025 07:00:00;487.75
08.07.2025 07:00:00;08.07.2025 08:00:00;703.22
08.07.2025 08:00:00;08.07.2025 09:00:00;707.97
08.07.2025 09:00:00;08.07.2025 10:00:00;692.4
08.07.2025 10:00:00;08.07.2025 11:00:00;594.36
08.07.2025 11:00:00;08.07.2025 12:00:00;473.84
08.07.2025 12:00:00;08.07.2025 13:00:00;302.7
08.07.2025 13:00:00;08.07.2025 14:00:00;286.9
08.07.2025 14:00:00;08.07.2025 15:00:00;254.93
08.07.2025 15:00:00;08.07.2025 16:00:00;288.2
08.07.2025 16:00:00;08.07.2025 17:00:00;415.97
08.07.2025 17:00:00;08.07.2025 18:00:00;594
08.07.2025 18:00:00;08.07.2025 19:00:00;689.31
08.07.2025 19:00:00;08.07.2025 20:00:00;704.29
08.07.2025 20:00:00;08.07.2025 21:00:00;708.81
08.07.2025 21:00:00;08.07.2025 22:00:00;702.03
08.07.2025 22:00:00;08.07.2025 23:00:00;688.6
08.07.2025 23:00:00;09.07.2025 00:00:00;567.62
09.07.2025 00:00:00;09.07.2025 01:00:00;561.55
09.07.2025 01:00:00;09.07.2025 02:00:00;477.56
09.07.2025 02:00:00;09.07.2025 03:00:00;508.08
09.07.2025 03:00:00;09.07.2025 04:00:00;519.79
09.07.2025 04:00:00;09.07.2025 05:00:00;560.84
09.07.2025 05:00:00;09.07.2025 06:00:00;688.59
09.07.2025 06:00:00;09.07.2025 07:00:00;715.8
09.07.2025 07:00:00;09.07.2025 08:00:00;745.97
09.07.2025 08:00:00;09.07.2025 09:00:00;729.41
09.07.2025 09:00:00;09.07.2025 10:00:00;710.01
09.07.2025 10:00:00;09.07.2025 11:00:00;703.74
09.07.2025 11:00:00;09.07.2025 12:00:00;700.07
09.07.2025 12:00:00;09.07.2025 13:00:00;623.18
09.07.2025 13:00:00;09.07.2025 14:00:00;327.09
09.07.2025 14:00:00;09.07.2025 15:00:00;257.41
09.07.2025 15:00:00;09.07.2025 16:00:00;343.76
09.07.2025 16:00:00;09.07.2025 17:00:00;591.59
09.07.2025 17:00:00;09.07.2025 18:00:00;694.15
09.07.2025 18:00:00;09.07.2025 19:00:00;709.41
09.07.2025 19:00:00;09.07.2025 20:00:00;719.71
09.07.2025 20:00:00;09.07.2025 21:00:00;730.71
09.07.2025 21:00:00;09.07.2025 22:00:00;720.77
09.07.2025 22:00:00;09.07.2025 23:00:00;704.68
09.07.2025 23:00:00;10.07.2025 00:00:00;665.88
10.07.2025 00:00:00;10.07.2025 01:00:00;506.3
10.07.2025 01:00:00;10.07.2025 02:00:00;401.68
10.07.2025 02:00:00;10.07.2025 03:00:00;354.99
10.07.2025 03:00:00;10.07.2025 04:00:00;354.64
10.07.2025 04:00:00;10.07.2025 05:00:00;367.52
10.07.2025 05:00:00;10.07.2025 06:00:00;473.67
10.07.2025 06:00:00;10.07.2025 07:00:00;653.12
10.07.2025 07:00:00;10.07.2025 08:00:00;699.22
10.07.2025 08:00:00;10.07.2025 09:00:00;695.2
10.07.2025 09:00:00;10.07.2025 10:00:00;650.87
10.07.2025 10:00:00;10.07.2025 11:00:00;506.89
10.07.2025 11:00:00;10.07.2025 12:00:00;433.25
10.07.2025 12:00:00;10.07.2025 13:00:00;297.42
10.07.2025 13:00:00;10.07.2025 14:00:00;258.29
10.07.2025 14:00:00;10.07.2025 15:00:00;248.24
10.07.2025 15:00:00;10.07.2025 16:00:00;316.93
10.07.2025 16:00:00;10.07.2025 17:00:00;425.56
10.07.2025 17:00:00;10.07.2025 18:00:00;588.69
10.07.2025 18:00:00;10.07.2025 19:00:00;653.59
10.07.2025 19:00:00;10.07.2025 20:00:00;692.96
10.07.2025 20:00:00;10.07.2025 21:00:00;700.29
10.07.2025 21:00:00;10.07.2025 22:00:00;683.15
10.07.2025 22:00:00;10.07.2025 23:00:00;448.26
10.07.2025 23:00:00;11.07.2025 00:00:00;355.7
11.07.2025 00:00:00;11.07.2025 01:00:00;337.04
11.07.2025 01:00:00;11.07.2025 02:00:00;295.64
11.07.2025 02:00:00;11.07.2025 03:00:00;289.63
11.07.2025 03:00:00;11.07.2025 04:00:00;268.64
11.07.2025 04:00:00;11.07.2025 05:00:00;269.11
11.07.2025 05:00:00;11.07.2025 06:00:00;314.63
11.07.2025 06:00:00;11.07.2025 07:00:00;424.66
11.07.2025 07:00:00;11.07.2025 08:00:00;644.83
11.07.2025 08:00:00;11.07.2025 09:00:00;645.18
11.07.2025 09:00:00;11.07.2025 10:00:00;471.59
11.07.2025 10:00:00;11.07.2025 11:00:00;325.24
11.07.2025 11:00:00;11.07.2025 12:00:00;176.66
11.07.2025 12:00:00;11.07.2025 13:00:00;110.73
11.07.2025 13:00:00;11.07.2025 14:00:00;75.36
11.07.2025 14:00:00;11.07.2025 15:00:00;70.76
11.07.2025 15:00:00;11.07.2025 16:00:00;83.85
11.07.2025 16:00:00;11.07.2025 17:00:00;138.56
11.07.2025 17:00:00;11.07.2025 18:00:00;280.79
11.07.2025 18:00:00;11.07.2025 19:00:00;331.26
11.07.2025 19:00:00;11.07.2025 20:00:00;424.66
11.07.2025 20:00:00;11.07.2025 21:00:00;339.4
11.07.2025 21:00:00;11.07.2025 22:00:00;320.05
11.07.2025 22:00:00;11.07.2025 23:00:00;289.63
11.07.2025 23:00:00;12.07.2025 00:00:00;233.14
12.07.2025 00:00:00;12.07.2025 01:00:00;272.94
12.07.2025 01:00:00;12.07.2025 02:00:00;224.14
12.07.2025 02:00:00;12.07.2025 03:00:00;177.24
12.07.2025 03:00:00;12.07.2025 04:00:00;123.83
12.07.2025 04:00:00;12.07.2025 05:00:00;105.4
12.07.2025 05:00:00;12.07.2025 06:00:00;105.75
12.07.2025 06:00:00;12.07.2025 07:00:00;120.4
12.07.2025 07:00:00;12.07.2025 08:00:00;121.94
12.07.2025 08:00:00;12.07.2025 09:00:00;127.26
12.07.2025 09:00:00;12.07.2025 10:00:00;79.17
12.07.2025 10:00:00;12.07.2025 11:00:00;73.49
12.07.2025 11:00:00;12.07.2025 12:00:00;42.3
12.07.2025 12:00:00;12.07.2025 13:00:00;20.56
12.07.2025 13:00:00;12.07.2025 14:00:00;15.71
12.07.2025 14:00:00;12.07.2025 15:00:00;24.69
12.07.2025 15:00:00;12.07.2025 16:00:00;39.7
12.07.2025 16:00:00;12.07.2025 17:00:00;113.67
12.07.2025 17:00:00;12.07.2025 18:00:00;246.83
12.07.2025 18:00:00;12.07.2025 19:00:00;354.23
12.07.2025 19:00:00;12.07.2025 20:00:00;601.3
12.07.2025 20:00:00;12.07.2025 21:00:00;590.67
12.07.2025 21:00:00;12.07.2025 22:00:00;537.38
12.07.2025 22:00:00;12.07.2025 23:00:00;432.81
12.07.2025 23:00:00;13.07.2025 00:00:00;319.26
13.07.2025 00:00:00;13.07.2025 01:00:00;247.94
13.07.2025 01:00:00;13.07.2025 02:00:00;205.97
13.07.2025 02:00:00;13.07.2025 03:00:00;205.14
13.07.2025 03:00:00;13.07.2025 04:00:00;190.31
13.07.2025 04:00:00;13.07.2025 05:00:00;180.95
13.07.2025 05:00:00;13.07.2025 06:00:00;154.86
13.07.2025 06:00:00;13.07.2025 07:00:00;177.03
13.07.2025 07:00:00;13.07.2025 08:00:00;165.89
13.07.2025 08:00:00;13.07.2025 09:00:00;118.46
13.07.2025 09:00:00;13.07.2025 10:00:00;79.45
13.07.2025 10:00:00;13.07.2025 11:00:00;44.11
13.07.2025 11:00:00;13.07.2025 12:00:00;24.66
13.07.2025 12:00:00;13.07.2025 13:00:00;13.4
13.07.2025 13:00:00;13.07.2025 14:00:00;4.74
13.07.2025 14:00:00;13.07.2025 15:00:00;17.43
13.07.2025 15:00:00;13.07.2025 16:00:00;28.81
13.07.2025 16:00:00;13.07.2025 17:00:00;50.87
13.07.2025 17:00:00;13.07.2025 18:00:00;208.46
13.07.2025 18:00:00;13.07.2025 19:00:00;349.21
13.07.2025 19:00:00;13.07.2025 20:00:00;540.83
13.07.2025 20:00:00;13.07.2025 21:00:00;484.86
13.07.2025 21:00:00;13.07.2025 22:00:00;498.26
13.07.2025 22:00:00;13.07.2025 23:00:00;492.21
13.07.2025 23:00:00;14.07.2025 00:00:00;349.8
14.07.2025 00:00:00;14.07.2025 01:00:00;298.69
14.07.2025 01:00:00;14.07.2025 02:00:00;272.37
14.07.2025 02:00:00;14.07.2025 03:00:00;249.37
14.07.2025 03:00:00;14.07.2025 04:00:00;210.47
14.07.2025 04:00:00;14.07.2025 05:00:00;228.14
14.07.2025 05:00:00;14.07.2025 06:00:00;279.84
14.07.2025 06:00:00;14.07.2025 07:00:00;409.21
14.07.2025 07:00:00;14.07.2025 08:00:00;613.99
14.07.2025 08:00:00;14.07.2025 09:00:00;626.2
14.07.2025 09:00:00;14.07.2025 10:00:00;475.85
14.07.2025 10:00:00;14.07.2025 11:00:00;374.11
14.07.2025 11:00:00;14.07.2025 12:00:00;329.29
14.07.2025 12:00:00;14.07.2025 13:00:00;267.63
14.07.2025 13:00:00;14.07.2025 14:00:00;170.16
14.07.2025 14:00:00;14.07.2025 15:00:00;164.94
14.07.2025 15:00:00;14.07.2025 16:00:00;171.22
14.07.2025 16:00:00;14.07.2025 17:00:00;275.33
14.07.2025 17:00:00;14.07.2025 18:00:00;417.39
14.07.2025 18:00:00;14.07.2025 19:00:00;540.71
14.07.2025 19:00:00;14.07.2025 20:00:00;655.25
14.07.2025 20:00:00;14.07.2025 21:00:00;641.26
14.07.2025 21:00:00;14.07.2025 22:00:00;593
14.07.2025 22:00:00;14.07.2025 23:00:00;557.19
14.07.2025 23:00:00;15.07.2025 00:00:00;456.4
15.07.2025 00:00:00;15.07.2025 01:00:00;519.08
15.07.2025 01:00:00;15.07.2025 02:00:00;463.57
15.07.2025 02:00:00;15.07.2025 03:00:00;434.4
15.07.2025 03:00:00;15.07.2025 04:00:00;373.81
15.07.2025 04:00:00;15.07.2025 05:00:00;354.08
15.07.2025 05:00:00;15.07.2025 06:00:00;407.47
15.07.2025 06:00:00;15.07.2025 07:00:00;531.01
15.07.2025 07:00:00;15.07.2025 08:00:00;637.3
15.07.2025 08:00:00;15.07.2025 09:00:00;625.85
15.07.2025 09:00:00;15.07.2025 10:00:00;510.22
15.07.2025 10:00:00;15.07.2025 11:00:00;458.37
15.07.2025 11:00:00;15.07.2025 12:00:00;353.97
15.07.2025 12:00:00;15.07.2025 13:00:00;269.76
15.07.2025 13:00:00;15.07.2025 14:00:00;191.33
15.07.2025 14:00:00;15.07.2025 15:00:00;169.6
15.07.2025 15:00:00;15.07.2025 16:00:00;188.62
15.07.2025 16:00:00;15.07.2025 17:00:00;337.67
15.07.2025 17:00:00;15.07.2025 18:00:00;469.36
15.07.2025 18:00:00;15.07.2025 19:00:00;625.14
15.07.2025 19:00:00;15.07.2025 20:00:00;657.74
15.07.2025 20:00:00;15.07.2025 21:00:00;655.14
15.07.2025 21:00:00;15.07.2025 22:00:00;655.37
15.07.2025 22:00:00;15.07.2025 23:00:00;613.68
15.07.2025 23:00:00;16.07.2025 00:00:00;504.91
16.07.2025 00:00:00;16.07.2025 01:00:00;508.54
16.07.2025 01:00:00;16.07.2025 02:00:00;416.52
16.07.2025 02:00:00;16.07.2025 03:00:00;355.84
16.07.2025 03:00:00;16.07.2025 04:00:00;335.54
16.07.2025 04:00:00;16.07.2025 05:00:00;296.24
16.07.2025 05:00:00;16.07.2025 06:00:00;347.41
16.07.2025 06:00:00;16.07.2025 07:00:00;472.8
16.07.2025 07:00:00;16.07.2025 08:00:00;630.36
16.07.2025 08:00:00;16.07.2025 09:00:00;653.27
16.07.2025 09:00:00;16.07.2025 10:00:00;597.47
16.07.2025 10:00:00;16.07.2025 11:00:00;460.33
16.07.2025 11:00:00;16.07.2025 12:00:00;443.71
16.07.2025 12:00:00;16.07.2025 13:00:00;415.33
16.07.2025 13:00:00;16.07.2025 14:00:00;327.35
16.07.2025 14:00:00;16.07.2025 15:00:00;228.09
16.07.2025 15:00:00;16.07.2025 16:00:00;234.26
16.07.2025 16:00:00;16.07.2025 17:00:00;333.52
16.07.2025 17:00:00;16.07.2025 18:00:00;421.74
16.07.2025 18:00:00;16.07.2025 19:00:00;521.24
16.07.2025 19:00:00;16.07.2025 20:00:00;510.91
16.07.2025 20:00:00;16.07.2025 21:00:00;452.14
16.07.2025 21:00:00;16.07.2025 22:00:00;420.67
16.07.2025 22:00:00;16.07.2025 23:00:00;343.14
16.07.2025 23:00:00;17.07.2025 00:00:00;261.57
17.07.2025 00:00:00;17.07.2025 01:00:00;209.64
17.07.2025 01:00:00;17.07.2025 02:00:00;141.23
17.07.2025 02:00:00;17.07.2025 03:00:00;110.98
17.07.2025 03:00:00;17.07.2025 04:00:00;106.08
17.07.2025 04:00:00;17.07.2025 05:00:00;107.39
17.07.2025 05:00:00;17.07.2025 06:00:00;149.73
17.07.2025 06:00:00;17.07.2025 07:00:00;320.74
17.07.2025 07:00:00;17.07.2025 08:00:00;490.44
17.07.2025 08:00:00;17.07.2025 09:00:00;486.85
17.07.2025 09:00:00;17.07.2025 10:00:00;430.16
17.07.2025 10:00:00;17.07.2025 11:00:00;358.41
17.07.2025 11:00:00;17.07.2025 12:00:00;285.46
17.07.2025 12:00:00;17.07.2025 13:00:00;163.84
17.07.2025 13:00:00;17.07.2025 14:00:00;110.74
17.07.2025 14:00:00;17.07.2025 15:00:00;96.63
17.07.2025 15:00:00;17.07.2025 16:00:00;125.33
17.07.2025 16:00:00;17.07.2025 17:00:00;259.51
17.07.2025 17:00:00;17.07.2025 18:00:00;478.36
17.07.2025 18:00:00;17.07.2025 19:00:00;572.47
17.07.2025 19:00:00;17.07.2025 20:00:00;609.67
17.07.2025 20:00:00;17.07.2025 21:00:00;585.63
17.07.2025 21:00:00;17.07.2025 22:00:00;553.7
17.07.2025 22:00:00;17.07.2025 23:00:00;470.58
17.07.2025 23:00:00;18.07.2025 00:00:00;359.61
18.07.2025 00:00:00;18.07.2025 01:00:00;453.26
18.07.2025 01:00:00;18.07.2025 02:00:00;369.48
18.07.2025 02:00:00;18.07.2025 03:00:00;352.72
18.07.2025 03:00:00;18.07.2025 04:00:00;358.71
18.07.2025 04:00:00;18.07.2025 05:00:00;352.72
18.07.2025 05:00:00;18.07.2025 06:00:00;475.88
18.07.2025 06:00:00;18.07.2025 07:00:00;621.43
18.07.2025 07:00:00;18.07.2025 08:00:00;675.17
18.07.2025 08:00:00;18.07.2025 09:00:00;667.98
18.07.2025 09:00:00;18.07.2025 10:00:00;538.36
18.07.2025 10:00:00;18.07.2025 11:00:00;478.52
18.07.2025 11:00:00;18.07.2025 12:00:00;447.4
18.07.2025 12:00:00;18.07.2025 13:00:00;339.8
18.07.2025 13:00:00;18.07.2025 14:00:00;239.14
18.07.2025 14:00:00;18.07.2025 15:00:00;185.28
18.07.2025 15:00:00;18.07.2025 16:00:00;239.14
18.07.2025 16:00:00;18.07.2025 17:00:00;419.27
18.07.2025 17:00:00;18.07.2025 18:00:00;597.61
18.07.2025 18:00:00;18.07.2025 19:00:00;676.24
18.07.2025 19:00:00;18.07.2025 20:00:00;708.68
18.07.2025 20:00:00;18.07.2025 21:00:00;704.97
18.07.2025 21:00:00;18.07.2025 22:00:00;610.05
18.07.2025 22:00:00;18.07.2025 23:00:00;476.12
18.07.2025 23:00:00;19.07.2025 00:00:00;366.13
19.07.2025 00:00:00;19.07.2025 01:00:00;467.46
19.07.2025 01:00:00;19.07.2025 02:00:00;402.39
19.07.2025 02:00:00;19.07.2025 03:00:00;359.65
19.07.2025 03:00:00;19.07.2025 04:00:00;342.31
19.07.2025 04:00:00;19.07.2025 05:00:00;355.97
19.07.2025 05:00:00;19.07.2025 06:00:00;333.41
19.07.2025 06:00:00;19.07.2025 07:00:00;366.65
19.07.2025 07:00:00;19.07.2025 08:00:00;355.85
19.07.2025 08:00:00;19.07.2025 09:00:00;249.7
19.07.2025 09:00:00;19.07.2025 10:00:00;149.25
19.07.2025 10:00:00;19.07.2025 11:00:00;56.4
19.07.2025 11:00:00;19.07.2025 12:00:00;29.8
19.07.2025 12:00:00;19.07.2025 13:00:00;23.15
19.07.2025 13:00:00;19.07.2025 14:00:00;15.91
19.07.2025 14:00:00;19.07.2025 15:00:00;26.24
19.07.2025 15:00:00;19.07.2025 16:00:00;47.97
19.07.2025 16:00:00;19.07.2025 17:00:00;104.61
19.07.2025 17:00:00;19.07.2025 18:00:00;414.98
19.07.2025 18:00:00;19.07.2025 19:00:00;664.91
19.07.2025 19:00:00;19.07.2025 20:00:00;733.31
19.07.2025 20:00:00;19.07.2025 21:00:00;769.99
19.07.2025 21:00:00;19.07.2025 22:00:00;733.31
19.07.2025 22:00:00;19.07.2025 23:00:00;715.38
19.07.2025 23:00:00;20.07.2025 00:00:00;678.45
20.07.2025 00:00:00;20.07.2025 01:00:00;671.11
20.07.2025 01:00:00;20.07.2025 02:00:00;603.08
20.07.2025 02:00:00;20.07.2025 03:00:00;486.59
20.07.2025 03:00:00;20.07.2025 04:00:00;461.7
20.07.2025 04:00:00;20.07.2025 05:00:00;471.78
20.07.2025 05:00:00;20.07.2025 06:00:00;446.3
20.07.2025 06:00:00;20.07.2025 07:00:00;425.08
20.07.2025 07:00:00;20.07.2025 08:00:00;349.71
20.07.2025 08:00:00;20.07.2025 09:00:00;250.29
20.07.2025 09:00:00;20.07.2025 10:00:00;136.4
20.07.2025 10:00:00;20.07.2025 11:00:00;79.04
20.07.2025 11:00:00;20.07.2025 12:00:00;43.02
20.07.2025 12:00:00;20.07.2025 13:00:00;24.65
20.07.2025 13:00:00;20.07.2025 14:00:00;25.36
20.07.2025 14:00:00;20.07.2025 15:00:00;40.06
20.07.2025 15:00:00;20.07.2025 16:00:00;75.73
20.07.2025 16:00:00;20.07.2025 17:00:00;190.56
20.07.2025 17:00:00;20.07.2025 18:00:00;411.34
20.07.2025 18:00:00;20.07.2025 19:00:00;585.9
20.07.2025 19:00:00;20.07.2025 20:00:00;632
20.07.2025 20:00:00;20.07.2025 21:00:00;637.33
20.07.2025 21:00:00;20.07.2025 22:00:00;563.74
20.07.2025 22:00:00;20.07.2025 23:00:00;485.88
20.07.2025 23:00:00;21.07.2025 00:00:00;420.46
21.07.2025 00:00:00;21.07.2025 01:00:00;429.23
21.07.2025 01:00:00;21.07.2025 02:00:00;331.46
21.07.2025 02:00:00;21.07.2025 03:00:00;303.26
21.07.2025 03:00:00;21.07.2025 04:00:00;284.18
21.07.2025 04:00:00;21.07.2025 05:00:00;298.16
21.07.2025 05:00:00;21.07.2025 06:00:00;414.42
21.07.2025 06:00:00;21.07.2025 07:00:00;592.65
21.07.2025 07:00:00;21.07.2025 08:00:00;665.18
21.07.2025 08:00:00;21.07.2025 09:00:00;684.5
21.07.2025 09:00:00;21.07.2025 10:00:00;665.77
21.07.2025 10:00:00;21.07.2025 11:00:00;543.12
21.07.2025 11:00:00;21.07.2025 12:00:00;539.33
21.07.2025 12:00:00;21.07.2025 13:00:00;454.59
21.07.2025 13:00:00;21.07.2025 14:00:00;445.82
21.07.2025 14:00:00;21.07.2025 15:00:00;435.04
21.07.2025 15:00:00;21.07.2025 16:00:00;478.29
21.07.2025 16:00:00;21.07.2025 17:00:00;592.54
21.07.2025 17:00:00;21.07.2025 18:00:00;663.88
21.07.2025 18:00:00;21.07.2025 19:00:00;710.92
21.07.2025 19:00:00;21.07.2025 20:00:00;730.36
21.07.2025 20:00:00;21.07.2025 21:00:00;660.56
21.07.2025 21:00:00;21.07.2025 22:00:00;599.05
21.07.2025 22:00:00;21.07.2025 23:00:00;592.65
21.07.2025 23:00:00;22.07.2025 00:00:00;586.37
22.07.2025 00:00:00;22.07.2025 01:00:00;546.03
22.07.2025 01:00:00;22.07.2025 02:00:00;462.94
22.07.2025 02:00:00;22.07.2025 03:00:00;415.81
22.07.2025 03:00:00;22.07.2025 04:00:00;322.04
22.07.2025 04:00:00;22.07.2025 05:00:00;279.66
22.07.2025 05:00:00;22.07.2025 06:00:00;419.38
22.07.2025 06:00:00;22.07.2025 07:00:00;509.59
22.07.2025 07:00:00;22.07.2025 08:00:00;639.09
22.07.2025 08:00:00;22.07.2025 09:00:00;580.93
22.07.2025 09:00:00;22.07.2025 10:00:00;448.81
22.07.2025 10:00:00;22.07.2025 11:00:00;416.29
22.07.2025 11:00:00;22.07.2025 12:00:00;325.48
22.07.2025 12:00:00;22.07.2025 13:00:00;237.64
22.07.2025 13:00:00;22.07.2025 14:00:00;116.45
22.07.2025 14:00:00;22.07.2025 15:00:00;105.88
22.07.2025 15:00:00;22.07.2025 16:00:00;120.25
22.07.2025 16:00:00;22.07.2025 17:00:00;223.16
22.07.2025 17:00:00;22.07.2025 18:00:00;463.06
22.07.2025 18:00:00;22.07.2025 19:00:00;574.16
22.07.2025 19:00:00;22.07.2025 20:00:00;648.83
22.07.2025 20:00:00;22.07.2025 21:00:00;662.71
22.07.2025 21:00:00;22.07.2025 22:00:00;685.74
22.07.2025 22:00:00;22.07.2025 23:00:00;652.03
22.07.2025 23:00:00;23.07.2025 00:00:00;611.67
23.07.2025 00:00:00;23.07.2025 01:00:00;398.54
23.07.2025 01:00:00;23.07.2025 02:00:00;249.07
23.07.2025 02:00:00;23.07.2025 03:00:00;168.63
23.07.2025 03:00:00;23.07.2025 04:00:00;141.61
23.07.2025 04:00:00;23.07.2025 05:00:00;154.82
23.07.2025 05:00:00;23.07.2025 06:00:00;238
23.07.2025 06:00:00;23.07.2025 07:00:00;476.01
23.07.2025 07:00:00;23.07.2025 08:00:00;676.05
23.07.2025 08:00:00;23.07.2025 09:00:00;595.01
23.07.2025 09:00:00;23.07.2025 10:00:00;448.04
23.07.2025 10:00:00;23.07.2025 11:00:00;296.67
23.07.2025 11:00:00;23.07.2025 12:00:00;298.81
23.07.2025 12:00:00;23.07.2025 13:00:00;185.4
23.07.2025 13:00:00;23.07.2025 14:00:00;140.54
23.07.2025 14:00:00;23.07.2025 15:00:00;139.95
23.07.2025 15:00:00;23.07.2025 16:00:00;206.47
23.07.2025 16:00:00;23.07.2025 17:00:00;258.35
23.07.2025 17:00:00;23.07.2025 18:00:00;476.01
23.07.2025 18:00:00;23.07.2025 19:00:00;595.13
23.07.2025 19:00:00;23.07.2025 20:00:00;751.02
23.07.2025 20:00:00;23.07.2025 21:00:00;757.21
23.07.2025 21:00:00;23.07.2025 22:00:00;769.58
23.07.2025 22:00:00;23.07.2025 23:00:00;721.63
23.07.2025 23:00:00;24.07.2025 00:00:00;664.5
24.07.2025 00:00:00;24.07.2025 01:00:00;691.42
24.07.2025 01:00:00;24.07.2025 02:00:00;591.05
24.07.2025 02:00:00;24.07.2025 03:00:00;554.17
24.07.2025 03:00:00;24.07.2025 04:00:00;540.46
24.07.2025 04:00:00;24.07.2025 05:00:00;583.73
24.07.2025 05:00:00;24.07.2025 06:00:00;604.65
24.07.2025 06:00:00;24.07.2025 07:00:00;721.2
24.07.2025 07:00:00;24.07.2025 08:00:00;784.57
24.07.2025 08:00:00;24.07.2025 09:00:00;788.58
24.07.2025 09:00:00;24.07.2025 10:00:00;750.28
24.07.2025 10:00:00;24.07.2025 11:00:00;681.13
24.07.2025 11:00:00;24.07.2025 12:00:00;643.42
24.07.2025 12:00:00;24.07.2025 13:00:00;588.45
24.07.2025 13:00:00;24.07.2025 14:00:00;484.19
24.07.2025 14:00:00;24.07.2025 15:00:00;441.87
24.07.2025 15:00:00;24.07.2025 16:00:00;508.31
24.07.2025 16:00:00;24.07.2025 17:00:00;693.19
24.07.2025 17:00:00;24.07.2025 18:00:00;771.92
24.07.2025 18:00:00;24.07.2025 19:00:00;779.6
24.07.2025 19:00:00;24.07.2025 20:00:00;800.29
24.07.2025 20:00:00;24.07.2025 21:00:00;788.23
24.07.2025 21:00:00;24.07.2025 22:00:00;766.95
24.07.2025 22:00:00;24.07.2025 23:00:00;618.12
24.07.2025 23:00:00;25.07.2025 00:00:00;583.96
25.07.2025 00:00:00;25.07.2025 01:00:00;611.88
25.07.2025 01:00:00;25.07.2025 02:00:00;519.09
25.07.2025 02:00:00;25.07.2025 03:00:00;460.75
25.07.2025 03:00:00;25.07.2025 04:00:00;423.09
25.07.2025 04:00:00;25.07.2025 05:00:00;416.31
25.07.2025 05:00:00;25.07.2025 06:00:00;477.38
25.07.2025 06:00:00;25.07.2025 07:00:00;582.77
25.07.2025 07:00:00;25.07.2025 08:00:00;727.84
25.07.2025 08:00:00;25.07.2025 09:00:00;718.21
25.07.2025 09:00:00;25.07.2025 10:00:00;660.83
25.07.2025 10:00:00;25.07.2025 11:00:00;506.85
25.07.2025 11:00:00;25.07.2025 12:00:00;453.5
25.07.2025 12:00:00;25.07.2025 13:00:00;249.27
25.07.2025 13:00:00;25.07.2025 14:00:00;170.37
25.07.2025 14:00:00;25.07.2025 15:00:00;158.49
25.07.2025 15:00:00;25.07.2025 16:00:00;171.21
25.07.2025 16:00:00;25.07.2025 17:00:00;239.76
25.07.2025 17:00:00;25.07.2025 18:00:00;469.42
25.07.2025 18:00:00;25.07.2025 19:00:00;606.65
25.07.2025 19:00:00;25.07.2025 20:00:00;675.08
25.07.2025 20:00:00;25.07.2025 21:00:00;728.55
25.07.2025 21:00:00;25.07.2025 22:00:00;682.09
25.07.2025 22:00:00;25.07.2025 23:00:00;547.36
25.07.2025 23:00:00;26.07.2025 00:00:00;419.64
26.07.2025 00:00:00;26.07.2025 01:00:00;418.6
26.07.2025 01:00:00;26.07.2025 02:00:00;297.96
26.07.2025 02:00:00;26.07.2025 03:00:00;263.43
26.07.2025 03:00:00;26.07.2025 04:00:00;229.96
26.07.2025 04:00:00;26.07.2025 05:00:00;227.82
26.07.2025 05:00:00;26.07.2025 06:00:00;267.24
26.07.2025 06:00:00;26.07.2025 07:00:00;344.41
26.07.2025 07:00:00;26.07.2025 08:00:00;416.93
26.07.2025 08:00:00;26.07.2025 09:00:00;351.79
26.07.2025 09:00:00;26.07.2025 10:00:00;232.7
26.07.2025 10:00:00;26.07.2025 11:00:00;171.85
26.07.2025 11:00:00;26.07.2025 12:00:00;161.01
26.07.2025 12:00:00;26.07.2025 13:00:00;151.84
26.07.2025 13:00:00;26.07.2025 14:00:00;117.42
26.07.2025 14:00:00;26.07.2025 15:00:00;124.21
26.07.2025 15:00:00;26.07.2025 16:00:00;163.27
26.07.2025 16:00:00;26.07.2025 17:00:00;237.47
26.07.2025 17:00:00;26.07.2025 18:00:00;417.05
26.07.2025 18:00:00;26.07.2025 19:00:00;579.85
26.07.2025 19:00:00;26.07.2025 20:00:00;734.67
26.07.2025 20:00:00;26.07.2025 21:00:00;777.66
26.07.2025 21:00:00;26.07.2025 22:00:00;781.59
26.07.2025 22:00:00;26.07.2025 23:00:00;728.36
26.07.2025 23:00:00;27.07.2025 00:00:00;650.23
27.07.2025 00:00:00;27.07.2025 01:00:00;575.21
27.07.2025 01:00:00;27.07.2025 02:00:00;527.66
27.07.2025 02:00:00;27.07.2025 03:00:00;489.17
27.07.2025 03:00:00;27.07.2025 04:00:00;445.32
27.07.2025 04:00:00;27.07.2025 05:00:00;414.1
27.07.2025 05:00:00;27.07.2025 06:00:00;410.52
27.07.2025 06:00:00;27.07.2025 07:00:00;420.89
27.07.2025 07:00:00;27.07.2025 08:00:00;417.79
27.07.2025 08:00:00;27.07.2025 09:00:00;412.31
27.07.2025 09:00:00;27.07.2025 10:00:00;265.86
27.07.2025 10:00:00;27.07.2025 11:00:00;207.23
27.07.2025 11:00:00;27.07.2025 12:00:00;211.76
27.07.2025 12:00:00;27.07.2025 13:00:00;192.93
27.07.2025 13:00:00;27.07.2025 14:00:00;110.58
27.07.2025 14:00:00;27.07.2025 15:00:00;95.69
27.07.2025 15:00:00;27.07.2025 16:00:00;110.23
27.07.2025 16:00:00;27.07.2025 17:00:00;197.81
27.07.2025 17:00:00;27.07.2025 18:00:00;345.46
27.07.2025 18:00:00;27.07.2025 19:00:00;578.9
27.07.2025 19:00:00;27.07.2025 20:00:00;667.44
27.07.2025 20:00:00;27.07.2025 21:00:00;724.64
27.07.2025 21:00:00;27.07.2025 22:00:00;736.2
27.07.2025 22:00:00;27.07.2025 23:00:00;645.63
27.07.2025 23:00:00;28.07.2025 00:00:00;498.94
28.07.2025 00:00:00;28.07.2025 01:00:00;453.42
28.07.2025 01:00:00;28.07.2025 02:00:00;343.79
28.07.2025 02:00:00;28.07.2025 03:00:00;269.91
28.07.2025 03:00:00;28.07.2025 04:00:00;229.63
28.07.2025 04:00:00;28.07.2025 05:00:00;232.37
28.07.2025 05:00:00;28.07.2025 06:00:00;297.67
28.07.2025 06:00:00;28.07.2025 07:00:00;489.05
28.07.2025 07:00:00;28.07.2025 08:00:00;655.17
28.07.2025 08:00:00;28.07.2025 09:00:00;728.69
28.07.2025 09:00:00;28.07.2025 10:00:00;592.13
28.07.2025 10:00:00;28.07.2025 11:00:00;570.92
28.07.2025 11:00:00;28.07.2025 12:00:00;382.4
28.07.2025 12:00:00;28.07.2025 13:00:00;280.75
28.07.2025 13:00:00;28.07.2025 14:00:00;249.53
28.07.2025 14:00:00;28.07.2025 15:00:00;226.53
28.07.2025 15:00:00;28.07.2025 16:00:00;240.83
28.07.2025 16:00:00;28.07.2025 17:00:00;280.51
28.07.2025 17:00:00;28.07.2025 18:00:00;500.37
28.07.2025 18:00:00;28.07.2025 19:00:00;607.86
28.07.2025 19:00:00;28.07.2025 20:00:00;717.01
28.07.2025 20:00:00;28.07.2025 21:00:00;749.55
28.07.2025 21:00:00;28.07.2025 22:00:00;655.17
28.07.2025 22:00:00;28.07.2025 23:00:00;594.99
28.07.2025 23:00:00;29.07.2025 00:00:00;432.57
29.07.2025 00:00:00;29.07.2025 01:00:00;372.52
29.07.2025 01:00:00;29.07.2025 02:00:00;266.12
29.07.2025 02:00:00;29.07.2025 03:00:00;231.56
29.07.2025 03:00:00;29.07.2025 04:00:00;198.67
29.07.2025 04:00:00;29.07.2025 05:00:00;180.02
29.07.2025 05:00:00;29.07.2025 06:00:00;191.54
29.07.2025 06:00:00;29.07.2025 07:00:00;234.17
29.07.2025 07:00:00;29.07.2025 08:00:00;257.21
29.07.2025 08:00:00;29.07.2025 09:00:00;237.38
29.07.2025 09:00:00;29.07.2025 10:00:00;146.66
29.07.2025 10:00:00;29.07.2025 11:00:00;94.29
29.07.2025 11:00:00;29.07.2025 12:00:00;64.12
29.07.2025 12:00:00;29.07.2025 13:00:00;63.77
29.07.2025 13:00:00;29.07.2025 14:00:00;47.86
29.07.2025 14:00:00;29.07.2025 15:00:00;35.74
29.07.2025 15:00:00;29.07.2025 16:00:00;68.52
29.07.2025 16:00:00;29.07.2025 17:00:00;122.55
29.07.2025 17:00:00;29.07.2025 18:00:00;226.69
29.07.2025 18:00:00;29.07.2025 19:00:00;301.74
29.07.2025 19:00:00;29.07.2025 20:00:00;419.9
29.07.2025 20:00:00;29.07.2025 21:00:00;435.1
29.07.2025 21:00:00;29.07.2025 22:00:00;448.52
29.07.2025 22:00:00;29.07.2025 23:00:00;361.95
29.07.2025 23:00:00;30.07.2025 00:00:00;321.34
30.07.2025 00:00:00;30.07.2025 01:00:00;225.05
30.07.2025 01:00:00;30.07.2025 02:00:00;204.01
30.07.2025 02:00:00;30.07.2025 03:00:00;204.84
30.07.2025 03:00:00;30.07.2025 04:00:00;189.59
30.07.2025 04:00:00;30.07.2025 05:00:00;197.98
30.07.2025 05:00:00;30.07.2025 06:00:00;249.87
30.07.2025 06:00:00;30.07.2025 07:00:00;303.65
30.07.2025 07:00:00;30.07.2025 08:00:00;416.41
30.07.2025 08:00:00;30.07.2025 09:00:00;422.91
30.07.2025 09:00:00;30.07.2025 10:00:00;339.46
30.07.2025 10:00:00;30.07.2025 11:00:00;295.37
30.07.2025 11:00:00;30.07.2025 12:00:00;251.88
30.07.2025 12:00:00;30.07.2025 13:00:00;153.42
30.07.2025 13:00:00;30.07.2025 14:00:00;128.83
30.07.2025 14:00:00;30.07.2025 15:00:00;129.19
30.07.2025 15:00:00;30.07.2025 16:00:00;215.59
30.07.2025 16:00:00;30.07.2025 17:00:00;294.43
30.07.2025 17:00:00;30.07.2025 18:00:00;459.31
30.07.2025 18:00:00;30.07.2025 19:00:00;670.29
30.07.2025 19:00:00;30.07.2025 20:00:00;780.81
30.07.2025 20:00:00;30.07.2025 21:00:00;778.92
30.07.2025 21:00:00;30.07.2025 22:00:00;744.17
30.07.2025 22:00:00;30.07.2025 23:00:00;608.12
30.07.2025 23:00:00;31.07.2025 00:00:00;527.28
31.07.2025 00:00:00;31.07.2025 01:00:00;545.06
31.07.2025 01:00:00;31.07.2025 02:00:00;470.99
31.07.2025 02:00:00;31.07.2025 03:00:00;367.26
31.07.2025 03:00:00;31.07.2025 04:00:00;343.94
31.07.2025 04:00:00;31.07.2025 05:00:00;397.4
31.07.2025 05:00:00;31.07.2025 06:00:00;482.77
31.07.2025 06:00:00;31.07.2025 07:00:00;611.7
31.07.2025 07:00:00;31.07.2025 08:00:00;721.21
31.07.2025 08:00:00;31.07.2025 09:00:00;696.13
31.07.2025 09:00:00;31.07.2025 10:00:00;633.49
31.07.2025 10:00:00;31.07.2025 11:00:00;546.94
31.07.2025 11:00:00;31.07.2025 12:00:00;407.18
31.07.2025 12:00:00;31.07.2025 13:00:00;342.18
31.07.2025 13:00:00;31.07.2025 14:00:00;276.12
31.07.2025 14:00:00;31.07.2025 15:00:00;275.06
31.07.2025 15:00:00;31.07.2025 16:00:00;346.65
31.07.2025 16:00:00;31.07.2025 17:00:00;412.12
31.07.2025 17:00:00;31.07.2025 18:00:00;628.78
31.07.2025 18:00:00;31.07.2025 19:00:00;765.37
31.07.2025 19:00:00;31.07.2025 20:00:00;821.06
31.07.2025 20:00:00;31.07.2025 21:00:00;837.43
31.07.2025 21:00:00;31.07.2025 22:00:00;795.16
31.07.2025 22:00:00;31.07.2025 23:00:00;658.45
31.07.2025 23:00:00;01.08.2025 00:00:00;588.86
01.08.2025 00:00:00;01.08.2025 01:00:00;584.19
01.08.2025 01:00:00;01.08.2025 02:00:00;471.89
01.08.2025 02:00:00;01.08.2025 03:00:00;471.89
01.08.2025 03:00:00;01.08.2025 04:00:00;395.09
01.08.2025 04:00:00;01.08.2025 05:00:00;393.67
01.08.2025 05:00:00;01.08.2025 06:00:00;443.22
01.08.2025 06:00:00;01.08.2025 07:00:00;600.71
01.08.2025 07:00:00;01.08.2025 08:00:00;668.07
01.08.2025 08:00:00;01.08.2025 09:00:00;723.16
01.08.2025 09:00:00;01.08.2025 10:00:00;694.62
01.08.2025 10:00:00;01.08.2025 11:00:00;633.39
01.08.2025 11:00:00;01.08.2025 12:00:00;532.17
01.08.2025 12:00:00;01.08.2025 13:00:00;472
01.08.2025 13:00:00;01.08.2025 14:00:00;343.06
01.08.2025 14:00:00;01.08.2025 15:00:00;249.51
01.08.2025 15:00:00;01.08.2025 16:00:00;207.28
01.08.2025 16:00:00;01.08.2025 17:00:00;306.73
01.08.2025 17:00:00;01.08.2025 18:00:00;577.94
01.08.2025 18:00:00;01.08.2025 19:00:00;634.8
01.08.2025 19:00:00;01.08.2025 20:00:00;721.04
01.08.2025 20:00:00;01.08.2025 21:00:00;722.1
01.08.2025 21:00:00;01.08.2025 22:00:00;632.8
01.08.2025 22:00:00;01.08.2025 23:00:00;587.38
01.08.2025 23:00:00;02.08.2025 00:00:00;472
02.08.2025 00:00:00;02.08.2025 01:00:00;479.19
02.08.2025 01:00:00;02.08.2025 02:00:00;378.27
02.08.2025 02:00:00;02.08.2025 03:00:00;346.48
02.08.2025 03:00:00;02.08.2025 04:00:00;309.14
02.08.2025 04:00:00;02.08.2025 05:00:00;308.55
02.08.2025 05:00:00;02.08.2025 06:00:00;272.74
02.08.2025 06:00:00;02.08.2025 07:00:00;309.25
02.08.2025 07:00:00;02.08.2025 08:00:00;317.05
02.08.2025 08:00:00;02.08.2025 09:00:00;235.4
02.08.2025 09:00:00;02.08.2025 10:00:00;116.52
02.08.2025 10:00:00;02.08.2025 11:00:00;73.62
02.08.2025 11:00:00;02.08.2025 12:00:00;54.48
02.08.2025 12:00:00;02.08.2025 13:00:00;35.33
02.08.2025 13:00:00;02.08.2025 14:00:00;24.23
02.08.2025 14:00:00;02.08.2025 15:00:00;24.46
02.08.2025 15:00:00;02.08.2025 16:00:00;36.99
02.08.2025 16:00:00;02.08.2025 17:00:00;68.18
02.08.2025 17:00:00;02.08.2025 18:00:00;237.64
02.08.2025 18:00:00;02.08.2025 19:00:00;452.48
02.08.2025 19:00:00;02.08.2025 20:00:00;570.3
02.08.2025 20:00:00;02.08.2025 21:00:00;573.25
02.08.2025 21:00:00;02.08.2025 22:00:00;586.01
02.08.2025 22:00:00;02.08.2025 23:00:00;579.39
02.08.2025 23:00:00;03.08.2025 00:00:00;558.48
03.08.2025 00:00:00;03.08.2025 01:00:00;265.19
03.08.2025 01:00:00;03.08.2025 02:00:00;130.23
03.08.2025 02:00:00;03.08.2025 03:00:00;79.51
03.08.2025 03:00:00;03.08.2025 04:00:00;71.33
03.08.2025 04:00:00;03.08.2025 05:00:00;58.3
03.08.2025 05:00:00;03.08.2025 06:00:00;57.59
03.08.2025 06:00:00;03.08.2025 07:00:00;54.74
03.08.2025 07:00:00;03.08.2025 08:00:00;54.15
03.08.2025 08:00:00;03.08.2025 09:00:00;42.9
03.08.2025 09:00:00;03.08.2025 10:00:00;25.95
03.08.2025 10:00:00;03.08.2025 11:00:00;19.43
03.08.2025 11:00:00;03.08.2025 12:00:00;17.77
03.08.2025 12:00:00;03.08.2025 13:00:00;19.08
03.08.2025 13:00:00;03.08.2025 14:00:00;12.8
03.08.2025 14:00:00;03.08.2025 15:00:00;12.32
03.08.2025 15:00:00;03.08.2025 16:00:00;18.49
03.08.2025 16:00:00;03.08.2025 17:00:00;28.08
03.08.2025 17:00:00;03.08.2025 18:00:00;53.92
03.08.2025 18:00:00;03.08.2025 19:00:00;114.11
03.08.2025 19:00:00;03.08.2025 20:00:00;243.27
03.08.2025 20:00:00;03.08.2025 21:00:00;245.4
03.08.2025 21:00:00;03.08.2025 22:00:00;235.69
03.08.2025 22:00:00;03.08.2025 23:00:00;198.95
03.08.2025 23:00:00;04.08.2025 00:00:00;98.35
04.08.2025 00:00:00;04.08.2025 01:00:00;83.54
04.08.2025 01:00:00;04.08.2025 02:00:00;56.29
04.08.2025 02:00:00;04.08.2025 03:00:00;48.82
04.08.2025 03:00:00;04.08.2025 04:00:00;53.44
04.08.2025 04:00:00;04.08.2025 05:00:00;72.76
04.08.2025 05:00:00;04.08.2025 06:00:00;118.5
04.08.2025 06:00:00;04.08.2025 07:00:00;278.11
04.08.2025 07:00:00;04.08.2025 08:00:00;502.54
04.08.2025 08:00:00;04.08.2025 09:00:00;569.01
04.08.2025 09:00:00;04.08.2025 10:00:00;415.92
04.08.2025 10:00:00;04.08.2025 11:00:00;185.56
04.08.2025 11:00:00;04.08.2025 12:00:00;90.65
04.08.2025 12:00:00;04.08.2025 13:00:00;64.58
04.08.2025 13:00:00;04.08.2025 14:00:00;42.78
04.08.2025 14:00:00;04.08.2025 15:00:00;31.28
04.08.2025 15:00:00;04.08.2025 16:00:00;36.62
04.08.2025 16:00:00;04.08.2025 17:00:00;58.66
04.08.2025 17:00:00;04.08.2025 18:00:00;86.62
04.08.2025 18:00:00;04.08.2025 19:00:00;94.8
04.08.2025 19:00:00;04.08.2025 20:00:00;115.65
04.08.2025 20:00:00;04.08.2025 21:00:00;75.01
04.08.2025 21:00:00;04.08.2025 22:00:00;46.57
04.08.2025 22:00:00;04.08.2025 23:00:00;29.98
04.08.2025 23:00:00;05.08.2025 00:00:00;22.87
05.08.2025 00:00:00;05.08.2025 01:00:00;13.43
05.08.2025 01:00:00;05.08.2025 02:00:00;12.48
05.08.2025 02:00:00;05.08.2025 03:00:00;10.1
05.08.2025 03:00:00;05.08.2025 04:00:00;1.9
05.08.2025 04:00:00;05.08.2025 05:00:00;0.12
05.08.2025 05:00:00;05.08.2025 06:00:00;7.84
05.08.2025 06:00:00;05.08.2025 07:00:00;23.77
05.08.2025 07:00:00;05.08.2025 08:00:00;30.66
05.08.2025 08:00:00;05.08.2025 09:00:00;34.1
05.08.2025 09:00:00;05.08.2025 10:00:00;18.78
05.08.2025 10:00:00;05.08.2025 11:00:00;0
05.08.2025 11:00:00;05.08.2025 12:00:00;-0.24
05.08.2025 12:00:00;05.08.2025 13:00:00;-8.91
05.08.2025 13:00:00;05.08.2025 14:00:00;-24.24
05.08.2025 14:00:00;05.08.2025 15:00:00;-23.77
05.08.2025 15:00:00;05.08.2025 16:00:00;-23.65
05.08.2025 16:00:00;05.08.2025 17:00:00;-0.24
05.08.2025 17:00:00;05.08.2025 18:00:00;2.97
05.08.2025 18:00:00;05.08.2025 19:00:00;20.91
05.08.2025 19:00:00;05.08.2025 20:00:00;33.99
05.08.2025 20:00:00;05.08.2025 21:00:00;40.28
05.08.2025 21:00:00;05.08.2025 22:00:00;36.24
05.08.2025 22:00:00;05.08.2025 23:00:00;28.4
05.08.2025 23:00:00;06.08.2025 00:00:00;27.21
06.08.2025 00:00:00;06.08.2025 01:00:00;18.98
06.08.2025 01:00:00;06.08.2025 02:00:00;15.42
06.08.2025 02:00:00;06.08.2025 03:00:00;12.69
06.08.2025 03:00:00;06.08.2025 04:00:00;7.95
06.08.2025 04:00:00;06.08.2025 05:00:00;9.49
06.08.2025 05:00:00;06.08.2025 06:00:00;16.61
06.08.2025 06:00:00;06.08.2025 07:00:00;26.22
06.08.2025 07:00:00;06.08.2025 08:00:00;29.66
06.08.2025 08:00:00;06.08.2025 09:00:00;33.21
06.08.2025 09:00:00;06.08.2025 10:00:00;23.61
06.08.2025 10:00:00;06.08.2025 11:00:00;0
06.08.2025 11:00:00;06.08.2025 12:00:00;-0.36
06.08.2025 12:00:00;06.08.2025 13:00:00;-4.86
06.08.2025 13:00:00;06.08.2025 14:00:00;-16.37
06.08.2025 14:00:00;06.08.2025 15:00:00;-5.1
06.08.2025 15:00:00;06.08.2025 16:00:00;-0.36
06.08.2025 16:00:00;06.08.2025 17:00:00;0.12
06.08.2025 17:00:00;06.08.2025 18:00:00;28.35
06.08.2025 18:00:00;06.08.2025 19:00:00;39.74
06.08.2025 19:00:00;06.08.2025 20:00:00;49.11
06.08.2025 20:00:00;06.08.2025 21:00:00;56.82
06.08.2025 21:00:00;06.08.2025 22:00:00;52.08
06.08.2025 22:00:00;06.08.2025 23:00:00;44.13
06.08.2025 23:00:00;07.08.2025 00:00:00;42.47
07.08.2025 00:00:00;07.08.2025 01:00:00;43.36
07.08.2025 01:00:00;07.08.2025 02:00:00;40.4
07.08.2025 02:00:00;07.08.2025 03:00:00;35.9
07.08.2025 03:00:00;07.08.2025 04:00:00;29.97
07.08.2025 04:00:00;07.08.2025 05:00:00;28.31
07.08.2025 05:00:00;07.08.2025 06:00:00;36.13
07.08.2025 06:00:00;07.08.2025 07:00:00;48.34
07.08.2025 07:00:00;07.08.2025 08:00:00;69.9
07.08.2025 08:00:00;07.08.2025 09:00:00;78.66
07.08.2025 09:00:00;07.08.2025 10:00:00;49.76
07.08.2025 10:00:00;07.08.2025 11:00:00;42.41
07.08.2025 11:00:00;07.08.2025 12:00:00;24.29
07.08.2025 12:00:00;07.08.2025 13:00:00;14.81
07.08.2025 13:00:00;07.08.2025 14:00:00;11.73
07.08.2025 14:00:00;07.08.2025 15:00:00;20.14
07.08.2025 15:00:00;07.08.2025 16:00:00;27.72
07.08.2025 16:00:00;07.08.2025 17:00:00;39.69
07.08.2025 17:00:00;07.08.2025 18:00:00;104.02
07.08.2025 18:00:00;07.08.2025 19:00:00;256.02
07.08.2025 19:00:00;07.08.2025 20:00:00;306.37
07.08.2025 20:00:00;07.08.2025 21:00:00;355.77
07.08.2025 21:00:00;07.08.2025 22:00:00;295.82
07.08.2025 22:00:00;07.08.2025 23:00:00;141.69
07.08.2025 23:00:00;08.08.2025 00:00:00;102.6
08.08.2025 00:00:00;08.08.2025 01:00:00;86.56
08.08.2025 01:00:00;08.08.2025 02:00:00;83.59
08.08.2025 02:00:00;08.08.2025 03:00:00;82.99
08.08.2025 03:00:00;08.08.2025 04:00:00;71.93
08.08.2025 04:00:00;08.08.2025 05:00:00;83.23
08.08.2025 05:00:00;08.08.2025 06:00:00;106.53
08.08.2025 06:00:00;08.08.2025 07:00:00;251.71
08.08.2025 07:00:00;08.08.2025 08:00:00;558.83
08.08.2025 08:00:00;08.08.2025 09:00:00;599.14
08.08.2025 09:00:00;08.08.2025 10:00:00;279.77
08.08.2025 10:00:00;08.08.2025 11:00:00;101.42
08.08.2025 11:00:00;08.08.2025 12:00:00;58.5
08.08.2025 12:00:00;08.08.2025 13:00:00;28.66
08.08.2025 13:00:00;08.08.2025 14:00:00;22.35
08.08.2025 14:00:00;08.08.2025 15:00:00;23.3
08.08.2025 15:00:00;08.08.2025 16:00:00;35.67
08.08.2025 16:00:00;08.08.2025 17:00:00;62.07
08.08.2025 17:00:00;08.08.2025 18:00:00;156.83
08.08.2025 18:00:00;08.08.2025 19:00:00;291.07
08.08.2025 19:00:00;08.08.2025 20:00:00;413.06
08.08.2025 20:00:00;08.08.2025 21:00:00;415.56
08.08.2025 21:00:00;08.08.2025 22:00:00;309.97
08.08.2025 22:00:00;08.08.2025 23:00:00;152.91
08.08.2025 23:00:00;09.08.2025 00:00:00;82.75
09.08.2025 00:00:00;09.08.2025 01:00:00;104.47
09.08.2025 01:00:00;09.08.2025 02:00:00;71.2
09.08.2025 02:00:00;09.08.2025 03:00:00;61.54
09.08.2025 03:00:00;09.08.2025 04:00:00;58.44
09.08.2025 04:00:00;09.08.2025 05:00:00;59.15
09.08.2025 05:00:00;09.08.2025 06:00:00;62.01
09.08.2025 06:00:00;09.08.2025 07:00:00;72.03
09.08.2025 07:00:00;09.08.2025 08:00:00;95.05
09.08.2025 08:00:00;09.08.2025 09:00:00;122.12
09.08.2025 09:00:00;09.08.2025 10:00:00;58.67
09.08.2025 10:00:00;09.08.2025 11:00:00;23.61
09.08.2025 11:00:00;09.08.2025 12:00:00;0.36
09.08.2025 12:00:00;09.08.2025 13:00:00;-0.24
09.08.2025 13:00:00;09.08.2025 14:00:00;-12.76
09.08.2025 14:00:00;09.08.2025 15:00:00;-4.89
09.08.2025 15:00:00;09.08.2025 16:00:00;0
09.08.2025 16:00:00;09.08.2025 17:00:00;22.9
09.08.2025 17:00:00;09.08.2025 18:00:00;58.79
09.08.2025 18:00:00;09.08.2025 19:00:00;152.89
09.08.2025 19:00:00;09.08.2025 20:00:00;328.79
09.08.2025 20:00:00;09.08.2025 21:00:00;329.63
09.08.2025 21:00:00;09.08.2025 22:00:00;298.03
09.08.2025 22:00:00;09.08.2025 23:00:00;139.89
09.08.2025 23:00:00;10.08.2025 00:00:00;100.53
10.08.2025 00:00:00;10.08.2025 01:00:00;98.77
10.08.2025 01:00:00;10.08.2025 02:00:00;83.07
10.08.2025 02:00:00;10.08.2025 03:00:00;72.64
10.08.2025 03:00:00;10.08.2025 04:00:00;64.97
10.08.2025 04:00:00;10.08.2025 05:00:00;60.05
10.08.2025 05:00:00;10.08.2025 06:00:00;55.74
10.08.2025 06:00:00;10.08.2025 07:00:00;56.7
10.08.2025 07:00:00;10.08.2025 08:00:00;54.18
10.08.2025 08:00:00;10.08.2025 09:00:00;50.22
10.08.2025 09:00:00;10.08.2025 10:00:00;23.25
10.08.2025 10:00:00;10.08.2025 11:00:00;-0.12
10.08.2025 11:00:00;10.08.2025 12:00:00;-9.95
10.08.2025 12:00:00;10.08.2025 13:00:00;-32.48
10.08.2025 13:00:00;10.08.2025 14:00:00;-59.81
10.08.2025 14:00:00;10.08.2025 15:00:00;-47.95
10.08.2025 15:00:00;10.08.2025 16:00:00;-16.78
10.08.2025 16:00:00;10.08.2025 17:00:00;0.24
10.08.2025 17:00:00;10.08.2025 18:00:00;30.93
10.08.2025 18:00:00;10.08.2025 19:00:00;74.08
10.08.2025 19:00:00;10.08.2025 20:00:00;185.31
10.08.2025 20:00:00;10.08.2025 21:00:00;209.76
10.08.2025 21:00:00;10.08.2025 22:00:00;234.46
10.08.2025 22:00:00;10.08.2025 23:00:00;197.18
10.08.2025 23:00:00;11.08.2025 00:00:00;149.47
11.08.2025 00:00:00;11.08.2025 01:00:00;106.92
11.08.2025 01:00:00;11.08.2025 02:00:00;72.28
11.08.2025 02:00:00;11.08.2025 03:00:00;70.12
11.08.2025 03:00:00;11.08.2025 04:00:00;72.28
11.08.2025 04:00:00;11.08.2025 05:00:00;86.66
11.08.2025 05:00:00;11.08.2025 06:00:00;131.01
11.08.2025 06:00:00;11.08.2025 07:00:00;242.01
11.08.2025 07:00:00;11.08.2025 08:00:00;653.15
11.08.2025 08:00:00;11.08.2025 09:00:00;676.28
11.08.2025 09:00:00;11.08.2025 10:00:00;353.36
11.08.2025 10:00:00;11.08.2025 11:00:00;165.05
11.08.2025 11:00:00;11.08.2025 12:00:00;50.22
11.08.2025 12:00:00;11.08.2025 13:00:00;29.85
11.08.2025 13:00:00;11.08.2025 14:00:00;25.65
11.08.2025 14:00:00;11.08.2025 15:00:00;33.68
11.08.2025 15:00:00;11.08.2025 16:00:00;65.09
11.08.2025 16:00:00;11.08.2025 17:00:00;148.39
11.08.2025 17:00:00;11.08.2025 18:00:00;325.79
11.08.2025 18:00:00;11.08.2025 19:00:00;746.4
11.08.2025 19:00:00;11.08.2025 20:00:00;900.79
11.08.2025 20:00:00;11.08.2025 21:00:00;905.82
11.08.2025 21:00:00;11.08.2025 22:00:00;861.83
11.08.2025 22:00:00;11.08.2025 23:00:00;609.88
11.08.2025 23:00:00;12.08.2025 00:00:00;257.59
12.08.2025 00:00:00;12.08.2025 01:00:00;357.08
12.08.2025 01:00:00;12.08.2025 02:00:00;252.4
12.08.2025 02:00:00;12.08.2025 03:00:00;149.15
12.08.2025 03:00:00;12.08.2025 04:00:00;137.71
12.08.2025 04:00:00;12.08.2025 05:00:00;133.77
12.08.2025 05:00:00;12.08.2025 06:00:00;190.52
12.08.2025 06:00:00;12.08.2025 07:00:00;524.48
12.08.2025 07:00:00;12.08.2025 08:00:00;745.17
12.08.2025 08:00:00;12.08.2025 09:00:00;702.72
12.08.2025 09:00:00;12.08.2025 10:00:00;482.27
12.08.2025 10:00:00;12.08.2025 11:00:00;176.57
12.08.2025 11:00:00;12.08.2025 12:00:00;98.24
12.08.2025 12:00:00;12.08.2025 13:00:00;70.82
12.08.2025 13:00:00;12.08.2025 14:00:00;48.64
12.08.2025 14:00:00;12.08.2025 15:00:00;59.73
12.08.2025 15:00:00;12.08.2025 16:00:00;113.15
12.08.2025 16:00:00;12.08.2025 17:00:00;167.28
12.08.2025 17:00:00;12.08.2025 18:00:00;507.31
12.08.2025 18:00:00;12.08.2025 19:00:00;829.46
12.08.2025 19:00:00;12.08.2025 20:00:00;961.8
12.08.2025 20:00:00;12.08.2025 21:00:00;960.61
12.08.2025 21:00:00;12.08.2025 22:00:00;911.85
12.08.2025 22:00:00;12.08.2025 23:00:00;829.22
12.08.2025 23:00:00;13.08.2025 00:00:00;685.08
13.08.2025 00:00:00;13.08.2025 01:00:00;799.94
13.08.2025 01:00:00;13.08.2025 02:00:00;645
13.08.2025 02:00:00;13.08.2025 03:00:00;477.56
13.08.2025 03:00:00;13.08.2025 04:00:00;478.99
13.08.2025 04:00:00;13.08.2025 05:00:00;577.28
13.08.2025 05:00:00;13.08.2025 06:00:00;853.13
13.08.2025 06:00:00;13.08.2025 07:00:00;940.72
13.08.2025 07:00:00;13.08.2025 08:00:00;988.8
13.08.2025 08:00:00;13.08.2025 09:00:00;965.47
13.08.2025 09:00:00;13.08.2025 10:00:00;873.01
13.08.2025 10:00:00;13.08.2025 11:00:00;773.4
13.08.2025 11:00:00;13.08.2025 12:00:00;595.02
13.08.2025 12:00:00;13.08.2025 13:00:00;255.14
13.08.2025 13:00:00;13.08.2025 14:00:00;221.46
13.08.2025 14:00:00;13.08.2025 15:00:00;286.68
13.08.2025 15:00:00;13.08.2025 16:00:00;595.14
13.08.2025 16:00:00;13.08.2025 17:00:00;737.58
13.08.2025 17:00:00;13.08.2025 18:00:00;872.06
13.08.2025 18:00:00;13.08.2025 19:00:00;989.99
13.08.2025 19:00:00;13.08.2025 20:00:00;1129.46
13.08.2025 20:00:00;13.08.2025 21:00:00;1153.5
13.08.2025 21:00:00;13.08.2025 22:00:00;1087.33
13.08.2025 22:00:00;13.08.2025 23:00:00;974.76
13.08.2025 23:00:00;14.08.2025 00:00:00;881.34
14.08.2025 00:00:00;14.08.2025 01:00:00;703.25
14.08.2025 01:00:00;14.08.2025 02:00:00;456.85
14.08.2025 02:00:00;14.08.2025 03:00:00;275.04
14.08.2025 03:00:00;14.08.2025 04:00:00;248.78
14.08.2025 04:00:00;14.08.2025 05:00:00;280.18
14.08.2025 05:00:00;14.08.2025 06:00:00;620.04
14.08.2025 06:00:00;14.08.2025 07:00:00;890.55
14.08.2025 07:00:00;14.08.2025 08:00:00;958.59
14.08.2025 08:00:00;14.08.2025 09:00:00;968.26
14.08.2025 09:00:00;14.08.2025 10:00:00;851.63
14.08.2025 10:00:00;14.08.2025 11:00:00;724.85
14.08.2025 11:00:00;14.08.2025 12:00:00;268.6
14.08.2025 12:00:00;14.08.2025 13:00:00;187.42
14.08.2025 13:00:00;14.08.2025 14:00:00;135.01
14.08.2025 14:00:00;14.08.2025 15:00:00;183.24
14.08.2025 15:00:00;14.08.2025 16:00:00;208.91
14.08.2025 16:00:00;14.08.2025 17:00:00;310.14
14.08.2025 17:00:00;14.08.2025 18:00:00;741.8
14.08.2025 18:00:00;14.08.2025 19:00:00;1004.55
14.08.2025 19:00:00;14.08.2025 20:00:00;1040.72
14.08.2025 20:00:00;14.08.2025 21:00:00;1012.07
14.08.2025 21:00:00;14.08.2025 22:00:00;719.96
14.08.2025 22:00:00;14.08.2025 23:00:00;319.45
14.08.2025 23:00:00;15.08.2025 00:00:00;183.84
15.08.2025 00:00:00;15.08.2025 01:00:00;201.83
15.08.2025 01:00:00;15.08.2025 02:00:00;134.59
15.08.2025 02:00:00;15.08.2025 03:00:00;104.79
15.08.2025 03:00:00;15.08.2025 04:00:00;95.37
15.08.2025 04:00:00;15.08.2025 05:00:00;93.94
15.08.2025 05:00:00;15.08.2025 06:00:00;112.9
15.08.2025 06:00:00;15.08.2025 07:00:00;185.02
15.08.2025 07:00:00;15.08.2025 08:00:00;314.85
15.08.2025 08:00:00;15.08.2025 09:00:00;294.7
15.08.2025 09:00:00;15.08.2025 10:00:00;170.24
15.08.2025 10:00:00;15.08.2025 11:00:00;86.07
15.08.2025 11:00:00;15.08.2025 12:00:00;39.46
15.08.2025 12:00:00;15.08.2025 13:00:00;20.15
15.08.2025 13:00:00;15.08.2025 14:00:00;13.35
15.08.2025 14:00:00;15.08.2025 15:00:00;12.52
15.08.2025 15:00:00;15.08.2025 16:00:00;21.34
15.08.2025 16:00:00;15.08.2025 17:00:00;35.76
15.08.2025 17:00:00;15.08.2025 18:00:00;43.75
15.08.2025 18:00:00;15.08.2025 19:00:00;56.39
15.08.2025 19:00:00;15.08.2025 20:00:00;59.01
15.08.2025 20:00:00;15.08.2025 21:00:00;61.4
15.08.2025 21:00:00;15.08.2025 22:00:00;58.65
15.08.2025 22:00:00;15.08.2025 23:00:00;48.88
15.08.2025 23:00:00;16.08.2025 00:00:00;44.47
16.08.2025 00:00:00;16.08.2025 01:00:00;56.72
16.08.2025 01:00:00;16.08.2025 02:00:00;51.37
16.08.2025 02:00:00;16.08.2025 03:00:00;51.01
16.08.2025 03:00:00;16.08.2025 04:00:00;50.78
16.08.2025 04:00:00;16.08.2025 05:00:00;51.01
16.08.2025 05:00:00;16.08.2025 06:00:00;58.86
16.08.2025 06:00:00;16.08.2025 07:00:00;66.23
16.08.2025 07:00:00;16.08.2025 08:00:00;64.21
16.08.2025 08:00:00;16.08.2025 09:00:00;61.36
16.08.2025 09:00:00;16.08.2025 10:00:00;49.47
16.08.2025 10:00:00;16.08.2025 11:00:00;43.64
16.08.2025 11:00:00;16.08.2025 12:00:00;29.01
16.08.2025 12:00:00;16.08.2025 13:00:00;13.56
16.08.2025 13:00:00;16.08.2025 14:00:00;4.76
16.08.2025 14:00:00;16.08.2025 15:00:00;6.42
16.08.2025 15:00:00;16.08.2025 16:00:00;11.89
16.08.2025 16:00:00;16.08.2025 17:00:00;23.9
16.08.2025 17:00:00;16.08.2025 18:00:00;44
16.08.2025 18:00:00;16.08.2025 19:00:00;70.28
16.08.2025 19:00:00;16.08.2025 20:00:00;86.21
16.08.2025 20:00:00;16.08.2025 21:00:00;102.38
16.08.2025 21:00:00;16.08.2025 22:00:00;115.34
16.08.2025 22:00:00;16.08.2025 23:00:00;102.98
16.08.2025 23:00:00;17.08.2025 00:00:00;82.88
17.08.2025 00:00:00;17.08.2025 01:00:00;61.47
17.08.2025 01:00:00;17.08.2025 02:00:00;50.49
17.08.2025 02:00:00;17.08.2025 03:00:00;45.24
17.08.2025 03:00:00;17.08.2025 04:00:00;43.8
17.08.2025 04:00:00;17.08.2025 05:00:00;42.97
17.08.2025 05:00:00;17.08.2025 06:00:00;41.42
17.08.2025 06:00:00;17.08.2025 07:00:00;43.8
17.08.2025 07:00:00;17.08.2025 08:00:00;44.04
17.08.2025 08:00:00;17.08.2025 09:00:00;43.8
17.08.2025 09:00:00;17.08.2025 10:00:00;36.4
17.08.2025 10:00:00;17.08.2025 11:00:00;27.33
17.08.2025 11:00:00;17.08.2025 12:00:00;16.23
17.08.2025 12:00:00;17.08.2025 13:00:00;12.29
17.08.2025 13:00:00;17.08.2025 14:00:00;9.67
17.08.2025 14:00:00;17.08.2025 15:00:00;14.56
17.08.2025 15:00:00;17.08.2025 16:00:00;23.87
17.08.2025 16:00:00;17.08.2025 17:00:00;49.18
17.08.2025 17:00:00;17.08.2025 18:00:00;101.1
17.08.2025 18:00:00;17.08.2025 19:00:00;327.88
17.08.2025 19:00:00;17.08.2025 20:00:00;503.45
17.08.2025 20:00:00;17.08.2025 21:00:00;486.74
17.08.2025 21:00:00;17.08.2025 22:00:00;489.61
17.08.2025 22:00:00;17.08.2025 23:00:00;435.3
17.08.2025 23:00:00;18.08.2025 00:00:00;412.15
18.08.2025 00:00:00;18.08.2025 01:00:00;417.76
18.08.2025 01:00:00;18.08.2025 02:00:00;351.87
18.08.2025 02:00:00;18.08.2025 03:00:00;317.14
18.08.2025 03:00:00;18.08.2025 04:00:00;333.85
18.08.2025 04:00:00;18.08.2025 05:00:00;474.93
18.08.2025 05:00:00;18.08.2025 06:00:00;647.16
18.08.2025 06:00:00;18.08.2025 07:00:00;822.38
18.08.2025 07:00:00;18.08.2025 08:00:00;989.01
18.08.2025 08:00:00;18.08.2025 09:00:00;1017.17
18.08.2025 09:00:00;18.08.2025 10:00:00;815.94
18.08.2025 10:00:00;18.08.2025 11:00:00;775.59
18.08.2025 11:00:00;18.08.2025 12:00:00;403.67
18.08.2025 12:00:00;18.08.2025 13:00:00;183.1
18.08.2025 13:00:00;18.08.2025 14:00:00;104.8
18.08.2025 14:00:00;18.08.2025 15:00:00;119.36
18.08.2025 15:00:00;18.08.2025 16:00:00;238.6
18.08.2025 16:00:00;18.08.2025 17:00:00;280.25
18.08.2025 17:00:00;18.08.2025 18:00:00;476.36
18.08.2025 18:00:00;18.08.2025 19:00:00;678.2
18.08.2025 19:00:00;18.08.2025 20:00:00;810.56
18.08.2025 20:00:00;18.08.2025 21:00:00;739.43
18.08.2025 21:00:00;18.08.2025 22:00:00;467.29
18.08.2025 22:00:00;18.08.2025 23:00:00;257.46
18.08.2025 23:00:00;19.08.2025 00:00:00;182.38
19.08.2025 00:00:00;19.08.2025 01:00:00;95.06
19.08.2025 01:00:00;19.08.2025 02:00:00;71.62
19.08.2025 02:00:00;19.08.2025 03:00:00;65.32
19.08.2025 03:00:00;19.08.2025 04:00:00;59.37
19.08.2025 04:00:00;19.08.2025 05:00:00;63.41
19.08.2025 05:00:00;19.08.2025 06:00:00;88.99
19.08.2025 06:00:00;19.08.2025 07:00:00;221.52
19.08.2025 07:00:00;19.08.2025 08:00:00;515.62
19.08.2025 08:00:00;19.08.2025 09:00:00;342.04
19.08.2025 09:00:00;19.08.2025 10:00:00;209.98
19.08.2025 10:00:00;19.08.2025 11:00:00;135.03
19.08.2025 11:00:00;19.08.2025 12:00:00;66.27
19.08.2025 12:00:00;19.08.2025 13:00:00;59.25
19.08.2025 13:00:00;19.08.2025 14:00:00;50.8
19.08.2025 14:00:00;19.08.2025 15:00:00;58.18
19.08.2025 15:00:00;19.08.2025 16:00:00;67.93
19.08.2025 16:00:00;19.08.2025 17:00:00;129.8
19.08.2025 17:00:00;19.08.2025 18:00:00;362.86
19.08.2025 18:00:00;19.08.2025 19:00:00;594.98
19.08.2025 19:00:00;19.08.2025 20:00:00;797.35
19.08.2025 20:00:00;19.08.2025 21:00:00;809.36
19.08.2025 21:00:00;19.08.2025 22:00:00;807.22
19.08.2025 22:00:00;19.08.2025 23:00:00;698.01
19.08.2025 23:00:00;20.08.2025 00:00:00;438.89
20.08.2025 00:00:00;20.08.2025 01:00:00;371.16
20.08.2025 01:00:00;20.08.2025 02:00:00;190.77
20.08.2025 02:00:00;20.08.2025 03:00:00;183.5
20.08.2025 03:00:00;20.08.2025 04:00:00;178.01
20.08.2025 04:00:00;20.08.2025 05:00:00;183.38
20.08.2025 05:00:00;20.08.2025 06:00:00;288.42
20.08.2025 06:00:00;20.08.2025 07:00:00;696.3
20.08.2025 07:00:00;20.08.2025 08:00:00;967.08
20.08.2025 08:00:00;20.08.2025 09:00:00;956.23
20.08.2025 09:00:00;20.08.2025 10:00:00;926.3
20.08.2025 10:00:00;20.08.2025 11:00:00;833.54
20.08.2025 11:00:00;20.08.2025 12:00:00;645.15
20.08.2025 12:00:00;20.08.2025 13:00:00;476.92
20.08.2025 13:00:00;20.08.2025 14:00:00;416.95
20.08.2025 14:00:00;20.08.2025 15:00:00;474.77
20.08.2025 15:00:00;20.08.2025 16:00:00;742.68
20.08.2025 16:00:00;20.08.2025 17:00:00;930
20.08.2025 17:00:00;20.08.2025 18:00:00;992.83
20.08.2025 18:00:00;20.08.2025 19:00:00;1016.68
20.08.2025 19:00:00;20.08.2025 20:00:00;1108.36
20.08.2025 20:00:00;20.08.2025 21:00:00;1126.73
20.08.2025 21:00:00;20.08.2025 22:00:00;1058.29
20.08.2025 22:00:00;20.08.2025 23:00:00;965.88
20.08.2025 23:00:00;21.08.2025 00:00:00;900.07
21.08.2025 00:00:00;21.08.2025 01:00:00;926.71
21.08.2025 01:00:00;21.08.2025 02:00:00;809.35
21.08.2025 02:00:00;21.08.2025 03:00:00;687.68
21.08.2025 03:00:00;21.08.2025 04:00:00;728.92
21.08.2025 04:00:00;21.08.2025 05:00:00;771.94
21.08.2025 05:00:00;21.08.2025 06:00:00;842.34
21.08.2025 06:00:00;21.08.2025 07:00:00;955.4
21.08.2025 07:00:00;21.08.2025 08:00:00;1136.22
21.08.2025 08:00:00;21.08.2025 09:00:00;1127.98
21.08.2025 09:00:00;21.08.2025 10:00:00;1025.43
21.08.2025 10:00:00;21.08.2025 11:00:00;928.27
21.08.2025 11:00:00;21.08.2025 12:00:00;817.48
21.08.2025 12:00:00;21.08.2025 13:00:00;626.37
21.08.2025 13:00:00;21.08.2025 14:00:00;610.48
21.08.2025 14:00:00;21.08.2025 15:00:00;597.57
21.08.2025 15:00:00;21.08.2025 16:00:00;639.04
21.08.2025 16:00:00;21.08.2025 17:00:00;770.51
21.08.2025 17:00:00;21.08.2025 18:00:00;925.4
21.08.2025 18:00:00;21.08.2025 19:00:00;1029.26
21.08.2025 19:00:00;21.08.2025 20:00:00;1093.55
21.08.2025 20:00:00;21.08.2025 21:00:00;1099.65
21.08.2025 21:00:00;21.08.2025 22:00:00;1093.55
21.08.2025 22:00:00;21.08.2025 23:00:00;1068.22
21.08.2025 23:00:00;22.08.2025 00:00:00;967.95
22.08.2025 00:00:00;22.08.2025 01:00:00;964.97
22.08.2025 01:00:00;22.08.2025 02:00:00;803.89
22.08.2025 02:00:00;22.08.2025 03:00:00;741.02
22.08.2025 03:00:00;22.08.2025 04:00:00;676.25
22.08.2025 04:00:00;22.08.2025 05:00:00;685.5
22.08.2025 05:00:00;22.08.2025 06:00:00;990.36
22.08.2025 06:00:00;22.08.2025 07:00:00;1066.87
22.08.2025 07:00:00;22.08.2025 08:00:00;1143.61
22.08.2025 08:00:00;22.08.2025 09:00:00;1120.84
22.08.2025 09:00:00;22.08.2025 10:00:00;948.72
22.08.2025 10:00:00;22.08.2025 11:00:00;567
22.08.2025 11:00:00;22.08.2025 12:00:00;483.14
22.08.2025 12:00:00;22.08.2025 13:00:00;325.02
22.08.2025 13:00:00;22.08.2025 14:00:00;160.02
22.08.2025 14:00:00;22.08.2025 15:00:00;136.89
22.08.2025 15:00:00;22.08.2025 16:00:00;237.24
22.08.2025 16:00:00;22.08.2025 17:00:00;455.03
22.08.2025 17:00:00;22.08.2025 18:00:00;622.16
22.08.2025 18:00:00;22.08.2025 19:00:00;961.41
22.08.2025 19:00:00;22.08.2025 20:00:00;1053.82
22.08.2025 20:00:00;22.08.2025 21:00:00;1091.54
22.08.2025 21:00:00;22.08.2025 22:00:00;1040.53
22.08.2025 22:00:00;22.08.2025 23:00:00;972.68
22.08.2025 23:00:00;23.08.2025 00:00:00;830.81
23.08.2025 00:00:00;23.08.2025 01:00:00;657.65
23.08.2025 01:00:00;23.08.2025 02:00:00;520.65
23.08.2025 02:00:00;23.08.2025 03:00:00;469.5
23.08.2025 03:00:00;23.08.2025 04:00:00;372.17
23.08.2025 04:00:00;23.08.2025 05:00:00;369.8
23.08.2025 05:00:00;23.08.2025 06:00:00;355
23.08.2025 06:00:00;23.08.2025 07:00:00;431.96
23.08.2025 07:00:00;23.08.2025 08:00:00;460.26
23.08.2025 08:00:00;23.08.2025 09:00:00;486.2
23.08.2025 09:00:00;23.08.2025 10:00:00;308.82
23.08.2025 10:00:00;23.08.2025 11:00:00;81.59
23.08.2025 11:00:00;23.08.2025 12:00:00;45
23.08.2025 12:00:00;23.08.2025 13:00:00;37.89
23.08.2025 13:00:00;23.08.2025 14:00:00;26.52
23.08.2025 14:00:00;23.08.2025 15:00:00;27.12
23.08.2025 15:00:00;23.08.2025 16:00:00;45.59
23.08.2025 16:00:00;23.08.2025 17:00:00;94.61
23.08.2025 17:00:00;23.08.2025 18:00:00;296.38
23.08.2025 18:00:00;23.08.2025 19:00:00;579.86
23.08.2025 19:00:00;23.08.2025 20:00:00;697.68
23.08.2025 20:00:00;23.08.2025 21:00:00;720.89
23.08.2025 21:00:00;23.08.2025 22:00:00;703.72
23.08.2025 22:00:00;23.08.2025 23:00:00;625.56
23.08.2025 23:00:00;24.08.2025 00:00:00;535.34
24.08.2025 00:00:00;24.08.2025 01:00:00;390.53
24.08.2025 01:00:00;24.08.2025 02:00:00;276.79
24.08.2025 02:00:00;24.08.2025 03:00:00;192.13
24.08.2025 03:00:00;24.08.2025 04:00:00;164.58
24.08.2025 04:00:00;24.08.2025 05:00:00;149.69
24.08.2025 05:00:00;24.08.2025 06:00:00;118.12
24.08.2025 06:00:00;24.08.2025 07:00:00;152.64
24.08.2025 07:00:00;24.08.2025 08:00:00;176.17
24.08.2025 08:00:00;24.08.2025 09:00:00;87.73
24.08.2025 09:00:00;24.08.2025 10:00:00;49.3
24.08.2025 10:00:00;24.08.2025 11:00:00;33.22
24.08.2025 11:00:00;24.08.2025 12:00:00;24.47
24.08.2025 12:00:00;24.08.2025 13:00:00;23.88
24.08.2025 13:00:00;24.08.2025 14:00:00;19.51
24.08.2025 14:00:00;24.08.2025 15:00:00;21.28
24.08.2025 15:00:00;24.08.2025 16:00:00;26.72
24.08.2025 16:00:00;24.08.2025 17:00:00;43.75
24.08.2025 17:00:00;24.08.2025 18:00:00;238.6
24.08.2025 18:00:00;24.08.2025 19:00:00;551.1
24.08.2025 19:00:00;24.08.2025 20:00:00;676.43
24.08.2025 20:00:00;24.08.2025 21:00:00;701.14
24.08.2025 21:00:00;24.08.2025 22:00:00;719.47
24.08.2025 22:00:00;24.08.2025 23:00:00;603.36
24.08.2025 23:00:00;25.08.2025 00:00:00;507.47
25.08.2025 00:00:00;25.08.2025 01:00:00;367.48
25.08.2025 01:00:00;25.08.2025 02:00:00;218.97
25.08.2025 02:00:00;25.08.2025 03:00:00;188.11
25.08.2025 03:00:00;25.08.2025 04:00:00;145.31
25.08.2025 04:00:00;25.08.2025 05:00:00;188.11
25.08.2025 05:00:00;25.08.2025 06:00:00;478.5
25.08.2025 06:00:00;25.08.2025 07:00:00;861.59
25.08.2025 07:00:00;25.08.2025 08:00:00;1064.24
25.08.2025 08:00:00;25.08.2025 09:00:00;1027.83
25.08.2025 09:00:00;25.08.2025 10:00:00;811.1
25.08.2025 10:00:00;25.08.2025 11:00:00;691.56
25.08.2025 11:00:00;25.08.2025 12:00:00;519.88
25.08.2025 12:00:00;25.08.2025 13:00:00;257.75
25.08.2025 13:00:00;25.08.2025 14:00:00;131.6
25.08.2025 14:00:00;25.08.2025 15:00:00;128.52
25.08.2025 15:00:00;25.08.2025 16:00:00;346.08
25.08.2025 16:00:00;25.08.2025 17:00:00;472.94
25.08.2025 17:00:00;25.08.2025 18:00:00;818.67
25.08.2025 18:00:00;25.08.2025 19:00:00;1094.75
25.08.2025 19:00:00;25.08.2025 20:00:00;1140.86
25.08.2025 20:00:00;25.08.2025 21:00:00;1147.84
25.08.2025 21:00:00;25.08.2025 22:00:00;1122.65
25.08.2025 22:00:00;25.08.2025 23:00:00;1019.08
25.08.2025 23:00:00;26.08.2025 00:00:00;945.77
26.08.2025 00:00:00;26.08.2025 01:00:00;1000.06
26.08.2025 01:00:00;26.08.2025 02:00:00;942.64
26.08.2025 02:00:00;26.08.2025 03:00:00;817.27
26.08.2025 03:00:00;26.08.2025 04:00:00;773.67
26.08.2025 04:00:00;26.08.2025 05:00:00;831.22
26.08.2025 05:00:00;26.08.2025 06:00:00;998.64
26.08.2025 06:00:00;26.08.2025 07:00:00;1109.94
26.08.2025 07:00:00;26.08.2025 08:00:00;1194.19
26.08.2025 08:00:00;26.08.2025 09:00:00;1142.08
26.08.2025 09:00:00;26.08.2025 10:00:00;1028.42
26.08.2025 10:00:00;26.08.2025 11:00:00;947.24
26.08.2025 11:00:00;26.08.2025 12:00:00;851.77
26.08.2025 12:00:00;26.08.2025 13:00:00;696.05
26.08.2025 13:00:00;26.08.2025 14:00:00;590.77
26.08.2025 14:00:00;26.08.2025 15:00:00;754.65
26.08.2025 15:00:00;26.08.2025 16:00:00;884.27
26.08.2025 16:00:00;26.08.2025 17:00:00;1031.49
26.08.2025 17:00:00;26.08.2025 18:00:00;1148.7
26.08.2025 18:00:00;26.08.2025 19:00:00;1184.38
26.08.2025 19:00:00;26.08.2025 20:00:00;1631.24
26.08.2025 20:00:00;26.08.2025 21:00:00;1583.39
26.08.2025 21:00:00;26.08.2025 22:00:00;1240.74
26.08.2025 22:00:00;26.08.2025 23:00:00;1154.6
26.08.2025 23:00:00;27.08.2025 00:00:00;1099.54
27.08.2025 00:00:00;27.08.2025 01:00:00;1006.19
27.08.2025 01:00:00;27.08.2025 02:00:00;899.89
27.08.2025 02:00:00;27.08.2025 03:00:00;804.01
27.08.2025 03:00:00;27.08.2025 04:00:00;823.78
27.08.2025 04:00:00;27.08.2025 05:00:00;852.31
27.08.2025 05:00:00;27.08.2025 06:00:00;1009.98
27.08.2025 06:00:00;27.08.2025 07:00:00;1106.7
27.08.2025 07:00:00;27.08.2025 08:00:00;1230.04
27.08.2025 08:00:00;27.08.2025 09:00:00;1182.57
27.08.2025 09:00:00;27.08.2025 10:00:00;1096.04
27.08.2025 10:00:00;27.08.2025 11:00:00;995.42
27.08.2025 11:00:00;27.08.2025 12:00:00;940.61
27.08.2025 12:00:00;27.08.2025 13:00:00;719.72
27.08.2025 13:00:00;27.08.2025 14:00:00;660.18
27.08.2025 14:00:00;27.08.2025 15:00:00;766.6
27.08.2025 15:00:00;27.08.2025 16:00:00;911.85
27.08.2025 16:00:00;27.08.2025 17:00:00;946.18
27.08.2025 17:00:00;27.08.2025 18:00:00;1128.12
27.08.2025 18:00:00;27.08.2025 19:00:00;1221.05
27.08.2025 19:00:00;27.08.2025 20:00:00;1516.39
27.08.2025 20:00:00;27.08.2025 21:00:00;1461.23
27.08.2025 21:00:00;27.08.2025 22:00:00;1283.19
27.08.2025 22:00:00;27.08.2025 23:00:00;1171.92
27.08.2025 23:00:00;28.08.2025 00:00:00;1061.36
28.08.2025 00:00:00;28.08.2025 01:00:00;1079.94
28.08.2025 01:00:00;28.08.2025 02:00:00;1021.78
28.08.2025 02:00:00;28.08.2025 03:00:00;932.12
28.08.2025 03:00:00;28.08.2025 04:00:00;884.57
28.08.2025 04:00:00;28.08.2025 05:00:00;973.53
28.08.2025 05:00:00;28.08.2025 06:00:00;1074.75
28.08.2025 06:00:00;28.08.2025 07:00:00;1179.16
28.08.2025 07:00:00;28.08.2025 08:00:00;1415.7
28.08.2025 08:00:00;28.08.2025 09:00:00;1459.35
28.08.2025 09:00:00;28.08.2025 10:00:00;1334.06
28.08.2025 10:00:00;28.08.2025 11:00:00;1193.67
28.08.2025 11:00:00;28.08.2025 12:00:00;1179.16
28.08.2025 12:00:00;28.08.2025 13:00:00;1140.34
28.08.2025 13:00:00;28.08.2025 14:00:00;1110.5
28.08.2025 14:00:00;28.08.2025 15:00:00;1113.45
28.08.2025 15:00:00;28.08.2025 16:00:00;1152.26
28.08.2025 16:00:00;28.08.2025 17:00:00;1098.23
28.08.2025 17:00:00;28.08.2025 18:00:00;1206.65
28.08.2025 18:00:00;28.08.2025 19:00:00;1326.04
28.08.2025 19:00:00;28.08.2025 20:00:00;1422.19
28.08.2025 20:00:00;28.08.2025 21:00:00;1294.18
28.08.2025 21:00:00;28.08.2025 22:00:00;1196.26
28.08.2025 22:00:00;28.08.2025 23:00:00;1095.04
28.08.2025 23:00:00;29.08.2025 00:00:00;997.59
29.08.2025 00:00:00;29.08.2025 01:00:00;897.19
29.08.2025 01:00:00;29.08.2025 02:00:00;862.76
29.08.2025 02:00:00;29.08.2025 03:00:00;846.19
29.08.2025 03:00:00;29.08.2025 04:00:00;798.71
29.08.2025 04:00:00;29.08.2025 05:00:00;807.41
29.08.2025 05:00:00;29.08.2025 06:00:00;921.16
29.08.2025 06:00:00;29.08.2025 07:00:00;1037.61
29.08.2025 07:00:00;29.08.2025 08:00:00;1148.31
29.08.2025 08:00:00;29.08.2025 09:00:00;1184.15
29.08.2025 09:00:00;29.08.2025 10:00:00;1085.91
29.08.2025 10:00:00;29.08.2025 11:00:00;964.64
29.08.2025 11:00:00;29.08.2025 12:00:00;944.66
29.08.2025 12:00:00;29.08.2025 13:00:00;825.98
29.08.2025 13:00:00;29.08.2025 14:00:00;635.61
29.08.2025 14:00:00;29.08.2025 15:00:00;704.82
29.08.2025 15:00:00;29.08.2025 16:00:00;807.18
29.08.2025 16:00:00;29.08.2025 17:00:00;985.32
29.08.2025 17:00:00;29.08.2025 18:00:00;1056.41
29.08.2025 18:00:00;29.08.2025 19:00:00;1121.98
29.08.2025 19:00:00;29.08.2025 20:00:00;1184.15
29.08.2025 20:00:00;29.08.2025 21:00:00;1039.96
29.08.2025 21:00:00;29.08.2025 22:00:00;1026.33
29.08.2025 22:00:00;29.08.2025 23:00:00;874.04
29.08.2025 23:00:00;30.08.2025 00:00:00;614.11
30.08.2025 00:00:00;30.08.2025 01:00:00;853.95
30.08.2025 01:00:00;30.08.2025 02:00:00;728.22
30.08.2025 02:00:00;30.08.2025 03:00:00;645.92
30.08.2025 03:00:00;30.08.2025 04:00:00;593.8
30.08.2025 04:00:00;30.08.2025 05:00:00;598.38
30.08.2025 05:00:00;30.08.2025 06:00:00;701.45
30.08.2025 06:00:00;30.08.2025 07:00:00;720.71
30.08.2025 07:00:00;30.08.2025 08:00:00;751.11
30.08.2025 08:00:00;30.08.2025 09:00:00;762.5
30.08.2025 09:00:00;30.08.2025 10:00:00;646.04
30.08.2025 10:00:00;30.08.2025 11:00:00;357.24
30.08.2025 11:00:00;30.08.2025 12:00:00;102.02
30.08.2025 12:00:00;30.08.2025 13:00:00;78.66
30.08.2025 13:00:00;30.08.2025 14:00:00;70.79
30.08.2025 14:00:00;30.08.2025 15:00:00;99.44
30.08.2025 15:00:00;30.08.2025 16:00:00;189.01
30.08.2025 16:00:00;30.08.2025 17:00:00;267.08
30.08.2025 17:00:00;30.08.2025 18:00:00;668.11
30.08.2025 18:00:00;30.08.2025 19:00:00;893.4
30.08.2025 19:00:00;30.08.2025 20:00:00;930.15
30.08.2025 20:00:00;30.08.2025 21:00:00;939.07
30.08.2025 21:00:00;30.08.2025 22:00:00;931.2
30.08.2025 22:00:00;30.08.2025 23:00:00;893.05
30.08.2025 23:00:00;31.08.2025 00:00:00;762.03
31.08.2025 00:00:00;31.08.2025 01:00:00;624.45
31.08.2025 01:00:00;31.08.2025 02:00:00;479.84
31.08.2025 02:00:00;31.08.2025 03:00:00;460.9
31.08.2025 03:00:00;31.08.2025 04:00:00;438.07
31.08.2025 04:00:00;31.08.2025 05:00:00;452.19
31.08.2025 05:00:00;31.08.2025 06:00:00;424.54
31.08.2025 06:00:00;31.08.2025 07:00:00;552.68
31.08.2025 07:00:00;31.08.2025 08:00:00;469.25
31.08.2025 08:00:00;31.08.2025 09:00:00;226.39
31.08.2025 09:00:00;31.08.2025 10:00:00;125.9
31.08.2025 10:00:00;31.08.2025 11:00:00;69.42
31.08.2025 11:00:00;31.08.2025 12:00:00;76.13
31.08.2025 12:00:00;31.08.2025 13:00:00;63.42
31.08.2025 13:00:00;31.08.2025 14:00:00;71.07
31.08.2025 14:00:00;31.08.2025 15:00:00;87.54
31.08.2025 15:00:00;31.08.2025 16:00:00;129.31
31.08.2025 16:00:00;31.08.2025 17:00:00;353.7
31.08.2025 17:00:00;31.08.2025 18:00:00;713.41
31.08.2025 18:00:00;31.08.2025 19:00:00;909.2
31.08.2025 19:00:00;31.08.2025 20:00:00;940.15
31.08.2025 20:00:00;31.08.2025 21:00:00;933.56
31.08.2025 21:00:00;31.08.2025 22:00:00;902.85
31.08.2025 22:00:00;31.08.2025 23:00:00;807.19
31.08.2025 23:00:00;01.09.2025 00:00:00;649.52
01.09.2025 00:00:00;01.09.2025 01:00:00;597.63
01.09.2025 01:00:00;01.09.2025 02:00:00;574.33
01.09.2025 02:00:00;01.09.2025 03:00:00;531.5
01.09.2025 03:00:00;01.09.2025 04:00:00;455.13
01.09.2025 04:00:00;01.09.2025 05:00:00;471.6
01.09.2025 05:00:00;01.09.2025 06:00:00;665.17
01.09.2025 06:00:00;01.09.2025 07:00:00;888.5
01.09.2025 07:00:00;01.09.2025 08:00:00;1036.87
01.09.2025 08:00:00;01.09.2025 09:00:00;1060.76
01.09.2025 09:00:00;01.09.2025 10:00:00;952.03
01.09.2025 10:00:00;01.09.2025 11:00:00;897.08
01.09.2025 11:00:00;01.09.2025 12:00:00;736.47
01.09.2025 12:00:00;01.09.2025 13:00:00;576.21
01.09.2025 13:00:00;01.09.2025 14:00:00;471.6
01.09.2025 14:00:00;01.09.2025 15:00:00;549.74
01.09.2025 15:00:00;01.09.2025 16:00:00;663.4
01.09.2025 16:00:00;01.09.2025 17:00:00;766.71
01.09.2025 17:00:00;01.09.2025 18:00:00;905.09
01.09.2025 18:00:00;01.09.2025 19:00:00;982.51
01.09.2025 19:00:00;01.09.2025 20:00:00;982.51
01.09.2025 20:00:00;01.09.2025 21:00:00;936.27
01.09.2025 21:00:00;01.09.2025 22:00:00;888.85
01.09.2025 22:00:00;01.09.2025 23:00:00;722.12
01.09.2025 23:00:00;02.09.2025 00:00:00;600.8
02.09.2025 00:00:00;02.09.2025 01:00:00;570.36
02.09.2025 01:00:00;02.09.2025 02:00:00;470.78
02.09.2025 02:00:00;02.09.2025 03:00:00;390.93
02.09.2025 03:00:00;02.09.2025 04:00:00;372.96
02.09.2025 04:00:00;02.09.2025 05:00:00;470.66
02.09.2025 05:00:00;02.09.2025 06:00:00;611.93
02.09.2025 06:00:00;02.09.2025 07:00:00;749.44
02.09.2025 07:00:00;02.09.2025 08:00:00;932.16
02.09.2025 08:00:00;02.09.2025 09:00:00;996.87
02.09.2025 09:00:00;02.09.2025 10:00:00;936.27
02.09.2025 10:00:00;02.09.2025 11:00:00;880.61
02.09.2025 11:00:00;02.09.2025 12:00:00;727.6
02.09.2025 12:00:00;02.09.2025 13:00:00;649.63
02.09.2025 13:00:00;02.09.2025 14:00:00;704.58
02.09.2025 14:00:00;02.09.2025 15:00:00;746.74
02.09.2025 15:00:00;02.09.2025 16:00:00;732.18
02.09.2025 16:00:00;02.09.2025 17:00:00;866.76
02.09.2025 17:00:00;02.09.2025 18:00:00;962.23
02.09.2025 18:00:00;02.09.2025 19:00:00;1065.68
02.09.2025 19:00:00;02.09.2025 20:00:00;1138.02
02.09.2025 20:00:00;02.09.2025 21:00:00;1018.95
02.09.2025 21:00:00;02.09.2025 22:00:00;938.98
02.09.2025 22:00:00;02.09.2025 23:00:00;817.79
02.09.2025 23:00:00;03.09.2025 00:00:00;632.25
03.09.2025 00:00:00;03.09.2025 01:00:00;439.71
03.09.2025 01:00:00;03.09.2025 02:00:00;278.85
03.09.2025 02:00:00;03.09.2025 03:00:00;232.96
03.09.2025 03:00:00;03.09.2025 04:00:00;179.84
03.09.2025 04:00:00;03.09.2025 05:00:00;234.01
03.09.2025 05:00:00;03.09.2025 06:00:00;459.51
03.09.2025 06:00:00;03.09.2025 07:00:00;681.52
03.09.2025 07:00:00;03.09.2025 08:00:00;798.58
03.09.2025 08:00:00;03.09.2025 09:00:00;821.52
03.09.2025 09:00:00;03.09.2025 10:00:00;672.08
03.09.2025 10:00:00;03.09.2025 11:00:00;357.12
03.09.2025 11:00:00;03.09.2025 12:00:00;80.02
03.09.2025 12:00:00;03.09.2025 13:00:00;52.53
03.09.2025 13:00:00;03.09.2025 14:00:00;45.31
03.09.2025 14:00:00;03.09.2025 15:00:00;48.46
03.09.2025 15:00:00;03.09.2025 16:00:00;58.24
03.09.2025 16:00:00;03.09.2025 17:00:00;147.35
03.09.2025 17:00:00;03.09.2025 18:00:00;461.84
03.09.2025 18:00:00;03.09.2025 19:00:00;593.23
03.09.2025 19:00:00;03.09.2025 20:00:00;639.47
03.09.2025 20:00:00;03.09.2025 21:00:00;606.97
03.09.2025 21:00:00;03.09.2025 22:00:00;466.85
03.09.2025 22:00:00;03.09.2025 23:00:00;160.27
03.09.2025 23:00:00;04.09.2025 00:00:00;76.41
04.09.2025 00:00:00;04.09.2025 01:00:00;50.26
04.09.2025 01:00:00;04.09.2025 02:00:00;45.94
04.09.2025 02:00:00;04.09.2025 03:00:00;45.47
04.09.2025 03:00:00;04.09.2025 04:00:00;47.81
04.09.2025 04:00:00;04.09.2025 05:00:00;51.43
04.09.2025 05:00:00;04.09.2025 06:00:00;78.2
04.09.2025 06:00:00;04.09.2025 07:00:00;140.16
04.09.2025 07:00:00;04.09.2025 08:00:00;430.64
04.09.2025 08:00:00;04.09.2025 09:00:00;542.39
04.09.2025 09:00:00;04.09.2025 10:00:00;335.84
04.09.2025 10:00:00;04.09.2025 11:00:00;114.09
04.09.2025 11:00:00;04.09.2025 12:00:00;59.62
04.09.2025 12:00:00;04.09.2025 13:00:00;45.24
04.09.2025 13:00:00;04.09.2025 14:00:00;50.15
04.09.2025 14:00:00;04.09.2025 15:00:00;79.25
04.09.2025 15:00:00;04.09.2025 16:00:00;109.76
04.09.2025 16:00:00;04.09.2025 17:00:00;211.46
04.09.2025 17:00:00;04.09.2025 18:00:00;582.95
04.09.2025 18:00:00;04.09.2025 19:00:00;631.11
04.09.2025 19:00:00;04.09.2025 20:00:00;630.06
04.09.2025 20:00:00;04.09.2025 21:00:00;569.63
04.09.2025 21:00:00;04.09.2025 22:00:00;464.65
04.09.2025 22:00:00;04.09.2025 23:00:00;292.94
04.09.2025 23:00:00;05.09.2025 00:00:00;197.55
05.09.2025 00:00:00;05.09.2025 01:00:00;164.14
05.09.2025 01:00:00;05.09.2025 02:00:00;149.44
05.09.2025 02:00:00;05.09.2025 03:00:00;150.97
05.09.2025 03:00:00;05.09.2025 04:00:00;173.9
05.09.2025 04:00:00;05.09.2025 05:00:00;219.99
05.09.2025 05:00:00;05.09.2025 06:00:00;421.05
05.09.2025 06:00:00;05.09.2025 07:00:00;587.67
05.09.2025 07:00:00;05.09.2025 08:00:00;799.9
05.09.2025 08:00:00;05.09.2025 09:00:00;908.66
05.09.2025 09:00:00;05.09.2025 10:00:00;863.63
05.09.2025 10:00:00;05.09.2025 11:00:00;844.46
05.09.2025 11:00:00;05.09.2025 12:00:00;829.41
05.09.2025 12:00:00;05.09.2025 13:00:00;725.94
05.09.2025 13:00:00;05.09.2025 14:00:00;638.93
05.09.2025 14:00:00;05.09.2025 15:00:00;610.12
05.09.2025 15:00:00;05.09.2025 16:00:00;705.95
05.09.2025 16:00:00;05.09.2025 17:00:00;817.3
05.09.2025 17:00:00;05.09.2025 18:00:00;853.4
05.09.2025 18:00:00;05.09.2025 19:00:00;916.54
05.09.2025 19:00:00;05.09.2025 20:00:00;981.32
05.09.2025 20:00:00;05.09.2025 21:00:00;897.14
05.09.2025 21:00:00;05.09.2025 22:00:00;822.12
05.09.2025 22:00:00;05.09.2025 23:00:00;752.63
05.09.2025 23:00:00;06.09.2025 00:00:00;645.99
06.09.2025 00:00:00;06.09.2025 01:00:00;557.57
06.09.2025 01:00:00;06.09.2025 02:00:00;557.81
06.09.2025 02:00:00;06.09.2025 03:00:00;546.88
06.09.2025 03:00:00;06.09.2025 04:00:00;529.25
06.09.2025 04:00:00;06.09.2025 05:00:00;549.82
06.09.2025 05:00:00;06.09.2025 06:00:00;593.18
06.09.2025 06:00:00;06.09.2025 07:00:00;662.74
06.09.2025 07:00:00;06.09.2025 08:00:00;689.06
06.09.2025 08:00:00;06.09.2025 09:00:00;730.54
06.09.2025 09:00:00;06.09.2025 10:00:00;655.69
06.09.2025 10:00:00;06.09.2025 11:00:00;315.62
06.09.2025 11:00:00;06.09.2025 12:00:00;109.4
06.09.2025 12:00:00;06.09.2025 13:00:00;71.8
06.09.2025 13:00:00;06.09.2025 14:00:00;65.45
06.09.2025 14:00:00;06.09.2025 15:00:00;62.75
06.09.2025 15:00:00;06.09.2025 16:00:00;94.36
06.09.2025 16:00:00;06.09.2025 17:00:00;422.44
06.09.2025 17:00:00;06.09.2025 18:00:00;707.39
06.09.2025 18:00:00;06.09.2025 19:00:00;838.76
06.09.2025 19:00:00;06.09.2025 20:00:00;907.15
06.09.2025 20:00:00;06.09.2025 21:00:00;847.7
06.09.2025 21:00:00;06.09.2025 22:00:00;769.55
06.09.2025 22:00:00;06.09.2025 23:00:00;645.11
06.09.2025 23:00:00;07.09.2025 00:00:00;481.19
07.09.2025 00:00:00;07.09.2025 01:00:00;375.58
07.09.2025 01:00:00;07.09.2025 02:00:00;293.35
07.09.2025 02:00:00;07.09.2025 03:00:00;267.78
07.09.2025 03:00:00;07.09.2025 04:00:00;265.08
07.09.2025 04:00:00;07.09.2025 05:00:00;263.79
07.09.2025 05:00:00;07.09.2025 06:00:00;252.77
07.09.2025 06:00:00;07.09.2025 07:00:00;260.28
07.09.2025 07:00:00;07.09.2025 08:00:00;223.21
07.09.2025 08:00:00;07.09.2025 09:00:00;78.35
07.09.2025 09:00:00;07.09.2025 10:00:00;55.48
07.09.2025 10:00:00;07.09.2025 11:00:00;60.99
07.09.2025 11:00:00;07.09.2025 12:00:00;48.09
07.09.2025 12:00:00;07.09.2025 13:00:00;35.89
07.09.2025 13:00:00;07.09.2025 14:00:00;30.73
07.09.2025 14:00:00;07.09.2025 15:00:00;37.42
07.09.2025 15:00:00;07.09.2025 16:00:00;49.73
07.09.2025 16:00:00;07.09.2025 17:00:00;123.16
07.09.2025 17:00:00;07.09.2025 18:00:00;253.82
07.09.2025 18:00:00;07.09.2025 19:00:00;678.9
07.09.2025 19:00:00;07.09.2025 20:00:00;792.09
07.09.2025 20:00:00;07.09.2025 21:00:00;780.94
07.09.2025 21:00:00;07.09.2025 22:00:00;762.41
07.09.2025 22:00:00;07.09.2025 23:00:00;746.23
07.09.2025 23:00:00;08.09.2025 00:00:00;674.56
08.09.2025 00:00:00;08.09.2025 01:00:00;716.43
08.09.2025 01:00:00;08.09.2025 02:00:00;703.53
08.09.2025 02:00:00;08.09.2025 03:00:00;705.76
08.09.2025 03:00:00;08.09.2025 04:00:00;732.97
08.09.2025 04:00:00;08.09.2025 05:00:00;755.14
08.09.2025 05:00:00;08.09.2025 06:00:00;789.04
08.09.2025 06:00:00;08.09.2025 07:00:00;903.87
08.09.2025 07:00:00;08.09.2025 08:00:00;1033.13
08.09.2025 08:00:00;08.09.2025 09:00:00;1171.89
08.09.2025 09:00:00;08.09.2025 10:00:00;1013.07
08.09.2025 10:00:00;08.09.2025 11:00:00;914.31
08.09.2025 11:00:00;08.09.2025 12:00:00;820.71
08.09.2025 12:00:00;08.09.2025 13:00:00;720.65
08.09.2025 13:00:00;08.09.2025 14:00:00;651.57
08.09.2025 14:00:00;08.09.2025 15:00:00;733.56
08.09.2025 15:00:00;08.09.2025 16:00:00;834.66
08.09.2025 16:00:00;08.09.2025 17:00:00;1006.5
08.09.2025 17:00:00;08.09.2025 18:00:00;1360.96
08.09.2025 18:00:00;08.09.2025 19:00:00;2108.36
08.09.2025 19:00:00;08.09.2025 20:00:00;2932
08.09.2025 20:00:00;08.09.2025 21:00:00;2289.82
08.09.2025 21:00:00;08.09.2025 22:00:00;1454.09
08.09.2025 22:00:00;08.09.2025 23:00:00;1057.52
08.09.2025 23:00:00;09.09.2025 00:00:00;922.28
09.09.2025 00:00:00;09.09.2025 01:00:00;865.1
09.09.2025 01:00:00;09.09.2025 02:00:00;810.8
09.09.2025 02:00:00;09.09.2025 03:00:00;815.6
09.09.2025 03:00:00;09.09.2025 04:00:00;803.19
09.09.2025 04:00:00;09.09.2025 05:00:00;843.8
09.09.2025 05:00:00;09.09.2025 06:00:00;907.7
09.09.2025 06:00:00;09.09.2025 07:00:00;1063.24
09.09.2025 07:00:00;09.09.2025 08:00:00;1965.91
09.09.2025 08:00:00;09.09.2025 09:00:00;1697.78
09.09.2025 09:00:00;09.09.2025 10:00:00;1359.56
09.09.2025 10:00:00;09.09.2025 11:00:00;1132.75
09.09.2025 11:00:00;09.09.2025 12:00:00;1005.19
09.09.2025 12:00:00;09.09.2025 13:00:00;921.74
09.09.2025 13:00:00;09.09.2025 14:00:00;861.82
09.09.2025 14:00:00;09.09.2025 15:00:00;806.82
09.09.2025 15:00:00;09.09.2025 16:00:00;866.04
09.09.2025 16:00:00;09.09.2025 17:00:00;924.44
09.09.2025 17:00:00;09.09.2025 18:00:00;1022.04
09.09.2025 18:00:00;09.09.2025 19:00:00;1298.47
09.09.2025 19:00:00;09.09.2025 20:00:00;1508.43
09.09.2025 20:00:00;09.09.2025 21:00:00;1316.96
09.09.2025 21:00:00;09.09.2025 22:00:00;1066.16
09.09.2025 22:00:00;09.09.2025 23:00:00;921.86
09.09.2025 23:00:00;10.09.2025 00:00:00;762.58
10.09.2025 00:00:00;10.09.2025 01:00:00;723.56
10.09.2025 01:00:00;10.09.2025 02:00:00;666.96
10.09.2025 02:00:00;10.09.2025 03:00:00;618.1
10.09.2025 03:00:00;10.09.2025 04:00:00;613.29
10.09.2025 04:00:00;10.09.2025 05:00:00;623.37
10.09.2025 05:00:00;10.09.2025 06:00:00;665.32
10.09.2025 06:00:00;10.09.2025 07:00:00;768.2
10.09.2025 07:00:00;10.09.2025 08:00:00;891.12
10.09.2025 08:00:00;10.09.2025 09:00:00;983.68
10.09.2025 09:00:00;10.09.2025 10:00:00;891.12
10.09.2025 10:00:00;10.09.2025 11:00:00;817.65
10.09.2025 11:00:00;10.09.2025 12:00:00;776.4
10.09.2025 12:00:00;10.09.2025 13:00:00;702.7
10.09.2025 13:00:00;10.09.2025 14:00:00;669.07
10.09.2025 14:00:00;10.09.2025 15:00:00;654.89
10.09.2025 15:00:00;10.09.2025 16:00:00;682.31
10.09.2025 16:00:00;10.09.2025 17:00:00;726.02
10.09.2025 17:00:00;10.09.2025 18:00:00;782.03
10.09.2025 18:00:00;10.09.2025 19:00:00;803.82
10.09.2025 19:00:00;10.09.2025 20:00:00;799.95
10.09.2025 20:00:00;10.09.2025 21:00:00;742.3
10.09.2025 21:00:00;10.09.2025 22:00:00;665.2
10.09.2025 22:00:00;10.09.2025 23:00:00;485.1
10.09.2025 23:00:00;11.09.2025 00:00:00;271.38
11.09.2025 00:00:00;11.09.2025 01:00:00;116.08
11.09.2025 01:00:00;11.09.2025 02:00:00;66.86
11.09.2025 02:00:00;11.09.2025 03:00:00;61.52
11.09.2025 03:00:00;11.09.2025 04:00:00;56.88
11.09.2025 04:00:00;11.09.2025 05:00:00;56.07
11.09.2025 05:00:00;11.09.2025 06:00:00;74.41
11.09.2025 06:00:00;11.09.2025 07:00:00;151.37
11.09.2025 07:00:00;11.09.2025 08:00:00;341.27
11.09.2025 08:00:00;11.09.2025 09:00:00;417.53
11.09.2025 09:00:00;11.09.2025 10:00:00;260.94
11.09.2025 10:00:00;11.09.2025 11:00:00;101.68
11.09.2025 11:00:00;11.09.2025 12:00:00;56.18
11.09.2025 12:00:00;11.09.2025 13:00:00;46.43
11.09.2025 13:00:00;11.09.2025 14:00:00;43.99
11.09.2025 14:00:00;11.09.2025 15:00:00;43.53
11.09.2025 15:00:00;11.09.2025 16:00:00;45.04
11.09.2025 16:00:00;11.09.2025 17:00:00;57.92
11.09.2025 17:00:00;11.09.2025 18:00:00;116.08
11.09.2025 18:00:00;11.09.2025 19:00:00;328.85
11.09.2025 19:00:00;11.09.2025 20:00:00;347.89
11.09.2025 20:00:00;11.09.2025 21:00:00;232.04
11.09.2025 21:00:00;11.09.2025 22:00:00;143.01
11.09.2025 22:00:00;11.09.2025 23:00:00;68.14
11.09.2025 23:00:00;12.09.2025 00:00:00;46.55
12.09.2025 00:00:00;12.09.2025 01:00:00;42.82
12.09.2025 01:00:00;12.09.2025 02:00:00;38.52
12.09.2025 02:00:00;12.09.2025 03:00:00;33.19
12.09.2025 03:00:00;12.09.2025 04:00:00;32.95
12.09.2025 04:00:00;12.09.2025 05:00:00;41.77
12.09.2025 05:00:00;12.09.2025 06:00:00;44.21
12.09.2025 06:00:00;12.09.2025 07:00:00;57.21
12.09.2025 07:00:00;12.09.2025 08:00:00;149.69
12.09.2025 08:00:00;12.09.2025 09:00:00;317.13
12.09.2025 09:00:00;12.09.2025 10:00:00;166.63
12.09.2025 10:00:00;12.09.2025 11:00:00;49.66
12.09.2025 11:00:00;12.09.2025 12:00:00;33.88
12.09.2025 12:00:00;12.09.2025 13:00:00;25.3
12.09.2025 13:00:00;12.09.2025 14:00:00;23.21
12.09.2025 14:00:00;12.09.2025 15:00:00;17.41
12.09.2025 15:00:00;12.09.2025 16:00:00;24.95
12.09.2025 16:00:00;12.09.2025 17:00:00;45.14
12.09.2025 17:00:00;12.09.2025 18:00:00;139.25
12.09.2025 18:00:00;12.09.2025 19:00:00;291.14
12.09.2025 19:00:00;12.09.2025 20:00:00;450.57
12.09.2025 20:00:00;12.09.2025 21:00:00;423.77
12.09.2025 21:00:00;12.09.2025 22:00:00;326.07
12.09.2025 22:00:00;12.09.2025 23:00:00;194.6
12.09.2025 23:00:00;13.09.2025 00:00:00;128.57
13.09.2025 00:00:00;13.09.2025 01:00:00;126.95
13.09.2025 01:00:00;13.09.2025 02:00:00;111.66
13.09.2025 02:00:00;13.09.2025 03:00:00;101.7
13.09.2025 03:00:00;13.09.2025 04:00:00;96.83
13.09.2025 04:00:00;13.09.2025 05:00:00;101.47
13.09.2025 05:00:00;13.09.2025 06:00:00;104.01
13.09.2025 06:00:00;13.09.2025 07:00:00;116.41
13.09.2025 07:00:00;13.09.2025 08:00:00;181.85
13.09.2025 08:00:00;13.09.2025 09:00:00;231.66
13.09.2025 09:00:00;13.09.2025 10:00:00;224.36
13.09.2025 10:00:00;13.09.2025 11:00:00;118.96
13.09.2025 11:00:00;13.09.2025 12:00:00;45.52
13.09.2025 12:00:00;13.09.2025 13:00:00;32.66
13.09.2025 13:00:00;13.09.2025 14:00:00;27.45
13.09.2025 14:00:00;13.09.2025 15:00:00;27.68
13.09.2025 15:00:00;13.09.2025 16:00:00;44.02
13.09.2025 16:00:00;13.09.2025 17:00:00;115.71
13.09.2025 17:00:00;13.09.2025 18:00:00;479.42
13.09.2025 18:00:00;13.09.2025 19:00:00;632.08
13.09.2025 19:00:00;13.09.2025 20:00:00;622.81
13.09.2025 20:00:00;13.09.2025 21:00:00;559.34
13.09.2025 21:00:00;13.09.2025 22:00:00;440.61
13.09.2025 22:00:00;13.09.2025 23:00:00;370.65
13.09.2025 23:00:00;14.09.2025 00:00:00;232.01
14.09.2025 00:00:00;14.09.2025 01:00:00;220.13
14.09.2025 01:00:00;14.09.2025 02:00:00;154.27
14.09.2025 02:00:00;14.09.2025 03:00:00;183.96
14.09.2025 03:00:00;14.09.2025 04:00:00;212.85
14.09.2025 04:00:00;14.09.2025 05:00:00;249.83
14.09.2025 05:00:00;14.09.2025 06:00:00;335.11
14.09.2025 06:00:00;14.09.2025 07:00:00;447.66
14.09.2025 07:00:00;14.09.2025 08:00:00;602.5
14.09.2025 08:00:00;14.09.2025 09:00:00;665.02
14.09.2025 09:00:00;14.09.2025 10:00:00;617.76
14.09.2025 10:00:00;14.09.2025 11:00:00;529.47
14.09.2025 11:00:00;14.09.2025 12:00:00;207.19
14.09.2025 12:00:00;14.09.2025 13:00:00;112.43
14.09.2025 13:00:00;14.09.2025 14:00:00;79.16
14.09.2025 14:00:00;14.09.2025 15:00:00;101.69
14.09.2025 15:00:00;14.09.2025 16:00:00;159.12
14.09.2025 16:00:00;14.09.2025 17:00:00;257.22
14.09.2025 17:00:00;14.09.2025 18:00:00;645.72
14.09.2025 18:00:00;14.09.2025 19:00:00;729.73
14.09.2025 19:00:00;14.09.2025 20:00:00;734.81
14.09.2025 20:00:00;14.09.2025 21:00:00;650.8
14.09.2025 21:00:00;14.09.2025 22:00:00;578.24
14.09.2025 22:00:00;14.09.2025 23:00:00;385.26
14.09.2025 23:00:00;15.09.2025 00:00:00;122.26
15.09.2025 00:00:00;15.09.2025 01:00:00;150.34
15.09.2025 01:00:00;15.09.2025 02:00:00;68.76
15.09.2025 02:00:00;15.09.2025 03:00:00;42.64
15.09.2025 03:00:00;15.09.2025 04:00:00;29.93
15.09.2025 04:00:00;15.09.2025 05:00:00;26.69
15.09.2025 05:00:00;15.09.2025 06:00:00;32.82
15.09.2025 06:00:00;15.09.2025 07:00:00;44.72
15.09.2025 07:00:00;15.09.2025 08:00:00;73.96
15.09.2025 08:00:00;15.09.2025 09:00:00;107.58
15.09.2025 09:00:00;15.09.2025 10:00:00;77.31
15.09.2025 10:00:00;15.09.2025 11:00:00;77.31
15.09.2025 11:00:00;15.09.2025 12:00:00;44.95
15.09.2025 12:00:00;15.09.2025 13:00:00;42.76
15.09.2025 13:00:00;15.09.2025 14:00:00;34.67
15.09.2025 14:00:00;15.09.2025 15:00:00;31.55
15.09.2025 15:00:00;15.09.2025 16:00:00;33.4
15.09.2025 16:00:00;15.09.2025 17:00:00;43.91
15.09.2025 17:00:00;15.09.2025 18:00:00;46.22
15.09.2025 18:00:00;15.09.2025 19:00:00;105.5
15.09.2025 19:00:00;15.09.2025 20:00:00;163.51
15.09.2025 20:00:00;15.09.2025 21:00:00;113.59
15.09.2025 21:00:00;15.09.2025 22:00:00;53.62
15.09.2025 22:00:00;15.09.2025 23:00:00;34.55
15.09.2025 23:00:00;16.09.2025 00:00:00;11.67
16.09.2025 00:00:00;16.09.2025 01:00:00;14.33
16.09.2025 01:00:00;16.09.2025 02:00:00;11.21
16.09.2025 02:00:00;16.09.2025 03:00:00;2.31
16.09.2025 03:00:00;16.09.2025 04:00:00;3.35
16.09.2025 04:00:00;16.09.2025 05:00:00;11.44
16.09.2025 05:00:00;16.09.2025 06:00:00;23
16.09.2025 06:00:00;16.09.2025 07:00:00;43.91
16.09.2025 07:00:00;16.09.2025 08:00:00;133.7
16.09.2025 08:00:00;16.09.2025 09:00:00;161.55
16.09.2025 09:00:00;16.09.2025 10:00:00;146.99
16.09.2025 10:00:00;16.09.2025 11:00:00;113.94
16.09.2025 11:00:00;16.09.2025 12:00:00;92.33
16.09.2025 12:00:00;16.09.2025 13:00:00;65.75
16.09.2025 13:00:00;16.09.2025 14:00:00;66.68
16.09.2025 14:00:00;16.09.2025 15:00:00;58.7
16.09.2025 15:00:00;16.09.2025 16:00:00;65.64
16.09.2025 16:00:00;16.09.2025 17:00:00;93.02
16.09.2025 17:00:00;16.09.2025 18:00:00;150
16.09.2025 18:00:00;16.09.2025 19:00:00;379.5
16.09.2025 19:00:00;16.09.2025 20:00:00;520.01
16.09.2025 20:00:00;16.09.2025 21:00:00;484.42
16.09.2025 21:00:00;16.09.2025 22:00:00;312.12
16.09.2025 22:00:00;16.09.2025 23:00:00;214.01
16.09.2025 23:00:00;17.09.2025 00:00:00;166.75
17.09.2025 00:00:00;17.09.2025 01:00:00;122.43
17.09.2025 01:00:00;17.09.2025 02:00:00;116.05
17.09.2025 02:00:00;17.09.2025 03:00:00;107.59
17.09.2025 03:00:00;17.09.2025 04:00:00;107.94
17.09.2025 04:00:00;17.09.2025 05:00:00;121.27
17.09.2025 05:00:00;17.09.2025 06:00:00;171.47
17.09.2025 06:00:00;17.09.2025 07:00:00;585.36
17.09.2025 07:00:00;17.09.2025 08:00:00;764.71
17.09.2025 08:00:00;17.09.2025 09:00:00;770.27
17.09.2025 09:00:00;17.09.2025 10:00:00;656.77
17.09.2025 10:00:00;17.09.2025 11:00:00;557.65
17.09.2025 11:00:00;17.09.2025 12:00:00;266.19
17.09.2025 12:00:00;17.09.2025 13:00:00;219.7
17.09.2025 13:00:00;17.09.2025 14:00:00;204.28
17.09.2025 14:00:00;17.09.2025 15:00:00;231.75
17.09.2025 15:00:00;17.09.2025 16:00:00;458.29
17.09.2025 16:00:00;17.09.2025 17:00:00;562.05
17.09.2025 17:00:00;17.09.2025 18:00:00;737.35
17.09.2025 18:00:00;17.09.2025 19:00:00;927.48
17.09.2025 19:00:00;17.09.2025 20:00:00;1054.43
17.09.2025 20:00:00;17.09.2025 21:00:00;883.89
17.09.2025 21:00:00;17.09.2025 22:00:00;770.27
17.09.2025 22:00:00;17.09.2025 23:00:00;710.91
17.09.2025 23:00:00;18.09.2025 00:00:00;532.03
18.09.2025 00:00:00;18.09.2025 01:00:00;249.98
18.09.2025 01:00:00;18.09.2025 02:00:00;115.69
18.09.2025 02:00:00;18.09.2025 03:00:00;97.32
18.09.2025 03:00:00;18.09.2025 04:00:00;84.29
18.09.2025 04:00:00;18.09.2025 05:00:00;102.9
18.09.2025 05:00:00;18.09.2025 06:00:00;169.98
18.09.2025 06:00:00;18.09.2025 07:00:00;581.34
18.09.2025 07:00:00;18.09.2025 08:00:00;802.14
18.09.2025 08:00:00;18.09.2025 09:00:00;898.76
18.09.2025 09:00:00;18.09.2025 10:00:00;790.39
18.09.2025 10:00:00;18.09.2025 11:00:00;702.03
18.09.2025 11:00:00;18.09.2025 12:00:00;245.21
18.09.2025 12:00:00;18.09.2025 13:00:00;95.11
18.09.2025 13:00:00;18.09.2025 14:00:00;63.95
18.09.2025 14:00:00;18.09.2025 15:00:00;66.74
18.09.2025 15:00:00;18.09.2025 16:00:00;89.99
18.09.2025 16:00:00;18.09.2025 17:00:00;285.9
18.09.2025 17:00:00;18.09.2025 18:00:00;627.5
18.09.2025 18:00:00;18.09.2025 19:00:00;764.23
18.09.2025 19:00:00;18.09.2025 20:00:00;807.72
18.09.2025 20:00:00;18.09.2025 21:00:00;727.73
18.09.2025 21:00:00;18.09.2025 22:00:00;626.8
18.09.2025 22:00:00;18.09.2025 23:00:00;492.51
18.09.2025 23:00:00;19.09.2025 00:00:00;318.34
19.09.2025 00:00:00;19.09.2025 01:00:00;178.18
19.09.2025 01:00:00;19.09.2025 02:00:00;174.48
19.09.2025 02:00:00;19.09.2025 03:00:00;183.38
19.09.2025 03:00:00;19.09.2025 04:00:00;219.83
19.09.2025 04:00:00;19.09.2025 05:00:00;242.97
19.09.2025 05:00:00;19.09.2025 06:00:00;382.04
19.09.2025 06:00:00;19.09.2025 07:00:00;635.43
19.09.2025 07:00:00;19.09.2025 08:00:00;775.08
19.09.2025 08:00:00;19.09.2025 09:00:00;791.97
19.09.2025 09:00:00;19.09.2025 10:00:00;753.79
19.09.2025 10:00:00;19.09.2025 11:00:00;627.67
19.09.2025 11:00:00;19.09.2025 12:00:00;346.87
19.09.2025 12:00:00;19.09.2025 13:00:00;115.58
19.09.2025 13:00:00;19.09.2025 14:00:00;88.63
19.09.2025 14:00:00;19.09.2025 15:00:00;104.48
19.09.2025 15:00:00;19.09.2025 16:00:00;248.99
19.09.2025 16:00:00;19.09.2025 17:00:00;550.39
19.09.2025 17:00:00;19.09.2025 18:00:00;701.26
19.09.2025 18:00:00;19.09.2025 19:00:00;716.88
19.09.2025 19:00:00;19.09.2025 20:00:00;699.52
19.09.2025 20:00:00;19.09.2025 21:00:00;640.4
19.09.2025 21:00:00;19.09.2025 22:00:00;423.69
19.09.2025 22:00:00;19.09.2025 23:00:00;248.99
19.09.2025 23:00:00;20.09.2025 00:00:00;145.2
20.09.2025 00:00:00;20.09.2025 01:00:00;139.97
20.09.2025 01:00:00;20.09.2025 02:00:00;89.55
20.09.2025 02:00:00;20.09.2025 03:00:00;67.65
20.09.2025 03:00:00;20.09.2025 04:00:00;63.69
20.09.2025 04:00:00;20.09.2025 05:00:00;62.88
20.09.2025 05:00:00;20.09.2025 06:00:00;69.17
20.09.2025 06:00:00;20.09.2025 07:00:00;81.51
20.09.2025 07:00:00;20.09.2025 08:00:00;81.63
20.09.2025 08:00:00;20.09.2025 09:00:00;102.35
20.09.2025 09:00:00;20.09.2025 10:00:00;78.95
20.09.2025 10:00:00;20.09.2025 11:00:00;52.17
20.09.2025 11:00:00;20.09.2025 12:00:00;25.38
20.09.2025 12:00:00;20.09.2025 13:00:00;13.62
20.09.2025 13:00:00;20.09.2025 14:00:00;11.99
20.09.2025 14:00:00;20.09.2025 15:00:00;24.45
20.09.2025 15:00:00;20.09.2025 16:00:00;40.64
20.09.2025 16:00:00;20.09.2025 17:00:00;103.4
20.09.2025 17:00:00;20.09.2025 18:00:00;474.04
20.09.2025 18:00:00;20.09.2025 19:00:00;707.98
20.09.2025 19:00:00;20.09.2025 20:00:00;716.36
20.09.2025 20:00:00;20.09.2025 21:00:00;659.42
20.09.2025 21:00:00;20.09.2025 22:00:00;579.31
20.09.2025 22:00:00;20.09.2025 23:00:00;478.58
20.09.2025 23:00:00;21.09.2025 00:00:00;275.97
21.09.2025 00:00:00;21.09.2025 01:00:00;81.27
21.09.2025 01:00:00;21.09.2025 02:00:00;43.2
21.09.2025 02:00:00;21.09.2025 03:00:00;39.93
21.09.2025 03:00:00;21.09.2025 04:00:00;20.08
21.09.2025 04:00:00;21.09.2025 05:00:00;23.7
21.09.2025 05:00:00;21.09.2025 06:00:00;24.52
21.09.2025 06:00:00;21.09.2025 07:00:00;34.33
21.09.2025 07:00:00;21.09.2025 08:00:00;39.7
21.09.2025 08:00:00;21.09.2025 09:00:00;35.61
21.09.2025 09:00:00;21.09.2025 10:00:00;22.18
21.09.2025 10:00:00;21.09.2025 11:00:00;10.98
21.09.2025 11:00:00;21.09.2025 12:00:00;0.12
21.09.2025 12:00:00;21.09.2025 13:00:00;-0.35
21.09.2025 13:00:00;21.09.2025 14:00:00;-0.23
21.09.2025 14:00:00;21.09.2025 15:00:00;0
21.09.2025 15:00:00;21.09.2025 16:00:00;11.44
21.09.2025 16:00:00;21.09.2025 17:00:00;26.86
21.09.2025 17:00:00;21.09.2025 18:00:00;38.88
21.09.2025 18:00:00;21.09.2025 19:00:00;46.7
21.09.2025 19:00:00;21.09.2025 20:00:00;58.26
21.09.2025 20:00:00;21.09.2025 21:00:00;50.09
21.09.2025 21:00:00;21.09.2025 22:00:00;46.7
21.09.2025 22:00:00;21.09.2025 23:00:00;37.25
21.09.2025 23:00:00;22.09.2025 00:00:00;29.31
22.09.2025 00:00:00;22.09.2025 01:00:00;41.57
22.09.2025 01:00:00;22.09.2025 02:00:00;36.08
22.09.2025 02:00:00;22.09.2025 03:00:00;32.46
22.09.2025 03:00:00;22.09.2025 04:00:00;34.8
22.09.2025 04:00:00;22.09.2025 05:00:00;35.96
22.09.2025 05:00:00;22.09.2025 06:00:00;46.7
22.09.2025 06:00:00;22.09.2025 07:00:00;60.37
22.09.2025 07:00:00;22.09.2025 08:00:00;136.85
22.09.2025 08:00:00;22.09.2025 09:00:00;266.57
22.09.2025 09:00:00;22.09.2025 10:00:00;121.67
22.09.2025 10:00:00;22.09.2025 11:00:00;69.24
22.09.2025 11:00:00;22.09.2025 12:00:00;47.87
22.09.2025 12:00:00;22.09.2025 13:00:00;43.9
22.09.2025 13:00:00;22.09.2025 14:00:00;39.82
22.09.2025 14:00:00;22.09.2025 15:00:00;43.32
22.09.2025 15:00:00;22.09.2025 16:00:00;47.87
22.09.2025 16:00:00;22.09.2025 17:00:00;71.69
22.09.2025 17:00:00;22.09.2025 18:00:00;286.07
22.09.2025 18:00:00;22.09.2025 19:00:00;405.75
22.09.2025 19:00:00;22.09.2025 20:00:00;475.81
22.09.2025 20:00:00;22.09.2025 21:00:00;445.68
22.09.2025 21:00:00;22.09.2025 22:00:00;349.82
22.09.2025 22:00:00;22.09.2025 23:00:00;250.92
22.09.2025 23:00:00;23.09.2025 00:00:00;110.34
23.09.2025 00:00:00;23.09.2025 01:00:00;111.04
23.09.2025 01:00:00;23.09.2025 02:00:00;70.01
23.09.2025 02:00:00;23.09.2025 03:00:00;65.8
23.09.2025 03:00:00;23.09.2025 04:00:00;64.17
23.09.2025 04:00:00;23.09.2025 05:00:00;72
23.09.2025 05:00:00;23.09.2025 06:00:00;226.63
23.09.2025 06:00:00;23.09.2025 07:00:00;479.2
23.09.2025 07:00:00;23.09.2025 08:00:00;644.59
23.09.2025 08:00:00;23.09.2025 09:00:00;748.85
23.09.2025 09:00:00;23.09.2025 10:00:00;685.85
23.09.2025 10:00:00;23.09.2025 11:00:00;522.92
23.09.2025 11:00:00;23.09.2025 12:00:00;473.36
23.09.2025 12:00:00;23.09.2025 13:00:00;373.31
23.09.2025 13:00:00;23.09.2025 14:00:00;325.51
23.09.2025 14:00:00;23.09.2025 15:00:00;257.95
23.09.2025 15:00:00;23.09.2025 16:00:00;335.33
23.09.2025 16:00:00;23.09.2025 17:00:00;428.48
23.09.2025 17:00:00;23.09.2025 18:00:00;566.63
23.09.2025 18:00:00;23.09.2025 19:00:00;631.03
23.09.2025 19:00:00;23.09.2025 20:00:00;588.95
23.09.2025 20:00:00;23.09.2025 21:00:00;491.83
23.09.2025 21:00:00;23.09.2025 22:00:00;441.34
23.09.2025 22:00:00;23.09.2025 23:00:00;313.7
23.09.2025 23:00:00;24.09.2025 00:00:00;256.43
24.09.2025 00:00:00;24.09.2025 01:00:00;174.96
24.09.2025 01:00:00;24.09.2025 02:00:00;187.44
24.09.2025 02:00:00;24.09.2025 03:00:00;162.71
24.09.2025 03:00:00;24.09.2025 04:00:00;167.26
24.09.2025 04:00:00;24.09.2025 05:00:00;174.96
24.09.2025 05:00:00;24.09.2025 06:00:00;439.38
24.09.2025 06:00:00;24.09.2025 07:00:00;668.22
24.09.2025 07:00:00;24.09.2025 08:00:00;768.06
24.09.2025 08:00:00;24.09.2025 09:00:00;763.63
24.09.2025 09:00:00;24.09.2025 10:00:00;749.52
24.09.2025 10:00:00;24.09.2025 11:00:00;666.59
24.09.2025 11:00:00;24.09.2025 12:00:00;646.76
24.09.2025 12:00:00;24.09.2025 13:00:00;395.75
24.09.2025 13:00:00;24.09.2025 14:00:00;150
24.09.2025 14:00:00;24.09.2025 15:00:00;139.27
24.09.2025 15:00:00;24.09.2025 16:00:00;320.17
24.09.2025 16:00:00;24.09.2025 17:00:00;562.66
24.09.2025 17:00:00;24.09.2025 18:00:00;679.89
24.09.2025 18:00:00;24.09.2025 19:00:00;752.2
24.09.2025 19:00:00;24.09.2025 20:00:00;754.77
24.09.2025 20:00:00;24.09.2025 21:00:00;756.28
24.09.2025 21:00:00;24.09.2025 22:00:00;712.08
24.09.2025 22:00:00;24.09.2025 23:00:00;663.79
24.09.2025 23:00:00;25.09.2025 00:00:00;580.39
25.09.2025 00:00:00;25.09.2025 01:00:00;427.81
25.09.2025 01:00:00;25.09.2025 02:00:00;372.1
25.09.2025 02:00:00;25.09.2025 03:00:00;333.21
25.09.2025 03:00:00;25.09.2025 04:00:00;363.7
25.09.2025 04:00:00;25.09.2025 05:00:00;432.02
25.09.2025 05:00:00;25.09.2025 06:00:00;474.42
25.09.2025 06:00:00;25.09.2025 07:00:00;720.97
25.09.2025 07:00:00;25.09.2025 08:00:00;773.17
25.09.2025 08:00:00;25.09.2025 09:00:00;767.57
25.09.2025 09:00:00;25.09.2025 10:00:00;742.34
25.09.2025 10:00:00;25.09.2025 11:00:00;661.75
25.09.2025 11:00:00;25.09.2025 12:00:00;642.25
25.09.2025 12:00:00;25.09.2025 13:00:00;441.01
25.09.2025 13:00:00;25.09.2025 14:00:00;151.13
25.09.2025 14:00:00;25.09.2025 15:00:00;150.08
25.09.2025 15:00:00;25.09.2025 16:00:00;464.49
25.09.2025 16:00:00;25.09.2025 17:00:00;665.49
25.09.2025 17:00:00;25.09.2025 18:00:00;714.43
25.09.2025 18:00:00;25.09.2025 19:00:00;750.05
25.09.2025 19:00:00;25.09.2025 20:00:00;754.95
25.09.2025 20:00:00;25.09.2025 21:00:00;761.38
25.09.2025 21:00:00;25.09.2025 22:00:00;747.6
25.09.2025 22:00:00;25.09.2025 23:00:00;688.26
25.09.2025 23:00:00;26.09.2025 00:00:00;641.31
26.09.2025 00:00:00;26.09.2025 01:00:00;609.93
26.09.2025 01:00:00;26.09.2025 02:00:00;571.74
26.09.2025 02:00:00;26.09.2025 03:00:00;576.65
26.09.2025 03:00:00;26.09.2025 04:00:00;607.36
26.09.2025 04:00:00;26.09.2025 05:00:00;638.07
26.09.2025 05:00:00;26.09.2025 06:00:00;741.54
26.09.2025 06:00:00;26.09.2025 07:00:00;798.52
26.09.2025 07:00:00;26.09.2025 08:00:00;933.17
26.09.2025 08:00:00;26.09.2025 09:00:00;982.45
26.09.2025 09:00:00;26.09.2025 10:00:00;888.79
26.09.2025 10:00:00;26.09.2025 11:00:00;803.55
26.09.2025 11:00:00;26.09.2025 12:00:00;708.96
26.09.2025 12:00:00;26.09.2025 13:00:00;636.2
26.09.2025 13:00:00;26.09.2025 14:00:00;606.78
26.09.2025 14:00:00;26.09.2025 15:00:00;583.19
26.09.2025 15:00:00;26.09.2025 16:00:00;619.97
26.09.2025 16:00:00;26.09.2025 17:00:00;700.08
26.09.2025 17:00:00;26.09.2025 18:00:00;741.42
26.09.2025 18:00:00;26.09.2025 19:00:00;779.37
26.09.2025 19:00:00;26.09.2025 20:00:00;782.53
26.09.2025 20:00:00;26.09.2025 21:00:00;763.61
26.09.2025 21:00:00;26.09.2025 22:00:00;749.36
26.09.2025 22:00:00;26.09.2025 23:00:00;690.97
26.09.2025 23:00:00;27.09.2025 00:00:00;644.14
27.09.2025 00:00:00;27.09.2025 01:00:00;660.35
27.09.2025 01:00:00;27.09.2025 02:00:00;653.32
27.09.2025 02:00:00;27.09.2025 03:00:00;667.02
27.09.2025 03:00:00;27.09.2025 04:00:00;675.56
27.09.2025 04:00:00;27.09.2025 05:00:00;672.64
27.09.2025 05:00:00;27.09.2025 06:00:00;696.28
27.09.2025 06:00:00;27.09.2025 07:00:00;708.22
27.09.2025 07:00:00;27.09.2025 08:00:00;756.67
27.09.2025 08:00:00;27.09.2025 09:00:00;759.25
27.09.2025 09:00:00;27.09.2025 10:00:00;749.06
27.09.2025 10:00:00;27.09.2025 11:00:00;670.29
27.09.2025 11:00:00;27.09.2025 12:00:00;507.96
27.09.2025 12:00:00;27.09.2025 13:00:00;359.43
27.09.2025 13:00:00;27.09.2025 14:00:00;233.61
27.09.2025 14:00:00;27.09.2025 15:00:00;329
27.09.2025 15:00:00;27.09.2025 16:00:00;567.42
27.09.2025 16:00:00;27.09.2025 17:00:00;708.1
27.09.2025 17:00:00;27.09.2025 18:00:00;768.73
27.09.2025 18:00:00;27.09.2025 19:00:00;807.35
27.09.2025 19:00:00;27.09.2025 20:00:00;819.17
27.09.2025 20:00:00;27.09.2025 21:00:00;750.59
27.09.2025 21:00:00;27.09.2025 22:00:00;703.42
27.09.2025 22:00:00;27.09.2025 23:00:00;655.2
27.09.2025 23:00:00;28.09.2025 00:00:00;567.3
28.09.2025 00:00:00;28.09.2025 01:00:00;467.88
28.09.2025 01:00:00;28.09.2025 02:00:00;424.02
28.09.2025 02:00:00;28.09.2025 03:00:00;427.53
28.09.2025 03:00:00;28.09.2025 04:00:00;426.48
28.09.2025 04:00:00;28.09.2025 05:00:00;420.52
28.09.2025 05:00:00;28.09.2025 06:00:00;446.71
28.09.2025 06:00:00;28.09.2025 07:00:00;467.17
28.09.2025 07:00:00;28.09.2025 08:00:00;514.07
28.09.2025 08:00:00;28.09.2025 09:00:00;525.64
28.09.2025 09:00:00;28.09.2025 10:00:00;474.54
28.09.2025 10:00:00;28.09.2025 11:00:00;431.98
28.09.2025 11:00:00;28.09.2025 12:00:00;250.49
28.09.2025 12:00:00;28.09.2025 13:00:00;114.6
28.09.2025 13:00:00;28.09.2025 14:00:00;98.23
28.09.2025 14:00:00;28.09.2025 15:00:00;135.3
28.09.2025 15:00:00;28.09.2025 16:00:00;415.84
28.09.2025 16:00:00;28.09.2025 17:00:00;594.17
28.09.2025 17:00:00;28.09.2025 18:00:00;701.64
28.09.2025 18:00:00;28.09.2025 19:00:00;691.93
28.09.2025 19:00:00;28.09.2025 20:00:00;660.24
28.09.2025 20:00:00;28.09.2025 21:00:00;520.38
28.09.2025 21:00:00;28.09.2025 22:00:00;410.11
28.09.2025 22:00:00;28.09.2025 23:00:00;274.57
28.09.2025 23:00:00;29.09.2025 00:00:00;154.83
29.09.2025 00:00:00;29.09.2025 01:00:00;113.9
29.09.2025 01:00:00;29.09.2025 02:00:00;113.08
29.09.2025 02:00:00;29.09.2025 03:00:00;116.71
29.09.2025 03:00:00;29.09.2025 04:00:00;132.14
29.09.2025 04:00:00;29.09.2025 05:00:00;174.36
29.09.2025 05:00:00;29.09.2025 06:00:00;363.68
29.09.2025 06:00:00;29.09.2025 07:00:00;566.92
29.09.2025 07:00:00;29.09.2025 08:00:00;751.22
29.09.2025 08:00:00;29.09.2025 09:00:00;759.99
29.09.2025 09:00:00;29.09.2025 10:00:00;733.91
29.09.2025 10:00:00;29.09.2025 11:00:00;675.09
29.09.2025 11:00:00;29.09.2025 12:00:00;656.73
29.09.2025 12:00:00;29.09.2025 13:00:00;604.81
29.09.2025 13:00:00;29.09.2025 14:00:00;560.49
29.09.2025 14:00:00;29.09.2025 15:00:00;620.48
29.09.2025 15:00:00;29.09.2025 16:00:00;689.36
29.09.2025 16:00:00;29.09.2025 17:00:00;783.26
29.09.2025 17:00:00;29.09.2025 18:00:00;851.21
29.09.2025 18:00:00;29.09.2025 19:00:00;898.22
29.09.2025 19:00:00;29.09.2025 20:00:00;909.44
29.09.2025 20:00:00;29.09.2025 21:00:00;785.13
29.09.2025 21:00:00;29.09.2025 22:00:00;702.57
29.09.2025 22:00:00;29.09.2025 23:00:00;584.7
29.09.2025 23:00:00;30.09.2025 00:00:00;510.56
30.09.2025 00:00:00;30.09.2025 01:00:00;532.77
30.09.2025 01:00:00;30.09.2025 02:00:00;513.49
30.09.2025 02:00:00;30.09.2025 03:00:00;512.33
30.09.2025 03:00:00;30.09.2025 04:00:00;518.87
30.09.2025 04:00:00;30.09.2025 05:00:00;537.09
30.09.2025 05:00:00;30.09.2025 06:00:00;675.74
30.09.2025 06:00:00;30.09.2025 07:00:00;768.37
30.09.2025 07:00:00;30.09.2025 08:00:00;898.97
30.09.2025 08:00:00;30.09.2025 09:00:00;992.76
30.09.2025 09:00:00;30.09.2025 10:00:00;991.6
30.09.2025 10:00:00;30.09.2025 11:00:00;858.32
30.09.2025 11:00:00;30.09.2025 12:00:00;836.94
30.09.2025 12:00:00;30.09.2025 13:00:00;791.73
30.09.2025 13:00:00;30.09.2025 14:00:00;768.26
30.09.2025 14:00:00;30.09.2025 15:00:00;782.97
30.09.2025 15:00:00;30.09.2025 16:00:00;817.55
30.09.2025 16:00:00;30.09.2025 17:00:00;868.13
30.09.2025 17:00:00;30.09.2025 18:00:00;962.04
30.09.2025 18:00:00;30.09.2025 19:00:00;1086.68
30.09.2025 19:00:00;30.09.2025 20:00:00;1090.07
30.09.2025 20:00:00;30.09.2025 21:00:00;905.04
30.09.2025 21:00:00;30.09.2025 22:00:00;843.48
30.09.2025 22:00:00;30.09.2025 23:00:00;769.19
30.09.2025 23:00:00;01.10.2025 00:00:00;725.74
01.10.2025 00:00:00;01.10.2025 00:15:00;668.27
01.10.2025 00:15:00;01.10.2025 00:30:00;657.47
01.10.2025 00:30:00;01.10.2025 00:45:00;647.27
01.10.2025 00:45:00;01.10.2025 01:00:00;644.45
01.10.2025 01:00:00;01.10.2025 01:15:00;648.91
01.10.2025 01:15:00;01.10.2025 01:30:00;644.45
01.10.2025 01:30:00;01.10.2025 01:45:00;640.46
01.10.2025 01:45:00;01.10.2025 02:00:00;636.24
01.10.2025 02:00:00;01.10.2025 02:15:00;642.22
01.10.2025 02:15:00;01.10.2025 02:30:00;641.4
01.10.2025 02:30:00;01.10.2025 02:45:00;640.81
01.10.2025 02:45:00;01.10.2025 03:00:00;638
01.10.2025 03:00:00;01.10.2025 03:15:00;642.69
01.10.2025 03:15:00;01.10.2025 03:30:00;642.1
01.10.2025 03:30:00;01.10.2025 03:45:00;642.69
01.10.2025 03:45:00;01.10.2025 04:00:00;643.51
01.10.2025 04:00:00;01.10.2025 04:15:00;634.95
01.10.2025 04:15:00;01.10.2025 04:30:00;640.7
01.10.2025 04:30:00;01.10.2025 04:45:00;644.57
01.10.2025 04:45:00;01.10.2025 05:00:00;645.27
01.10.2025 05:00:00;01.10.2025 05:15:00;652.66
01.10.2025 05:15:00;01.10.2025 05:30:00;684.34
01.10.2025 05:30:00;01.10.2025 05:45:00;715.31
01.10.2025 05:45:00;01.10.2025 06:00:00;737.84
01.10.2025 06:00:00;01.10.2025 06:15:00;747.69
01.10.2025 06:15:00;01.10.2025 06:30:00;787.7
01.10.2025 06:30:00;01.10.2025 06:45:00;806.36
01.10.2025 06:45:00;01.10.2025 07:00:00;829
01.10.2025 07:00:00;01.10.2025 07:15:00;1009.21
01.10.2025 07:15:00;01.10.2025 07:30:00;1057.31
01.10.2025 07:30:00;01.10.2025 07:45:00;1068.69
01.10.2025 07:45:00;01.10.2025 08:00:00;1074.32
01.10.2025 08:00:00;01.10.2025 08:15:00;1441.54
01.10.2025 08:15:00;01.10.2025 08:30:00;1173.46
01.10.2025 08:30:00;01.10.2025 08:45:00;1068.81
01.10.2025 08:45:00;01.10.2025 09:00:00;1008.97
01.10.2025 09:00:00;01.10.2025 09:15:00;982.93
01.10.2025 09:15:00;01.10.2025 09:30:00;881.21
01.10.2025 09:30:00;01.10.2025 09:45:00;847.77
01.10.2025 09:45:00;01.10.2025 10:00:00;807.76
01.10.2025 10:00:00;01.10.2025 10:15:00;819.38
01.10.2025 10:15:00;01.10.2025 10:30:00;809.29
01.10.2025 10:30:00;01.10.2025 10:45:00;754.97
01.10.2025 10:45:00;01.10.2025 11:00:00;730.21
01.10.2025 11:00:00;01.10.2025 11:15:00;738.54
01.10.2025 11:15:00;01.10.2025 11:30:00;731.5
01.10.2025 11:30:00;01.10.2025 11:45:00;691.26
01.10.2025 11:45:00;01.10.2025 12:00:00;661.23
01.10.2025 12:00:00;01.10.2025 12:15:00;691.26
01.10.2025 12:15:00;01.10.2025 12:30:00;680.12
01.10.2025 12:30:00;01.10.2025 12:45:00;680.47
01.10.2025 12:45:00;01.10.2025 13:00:00;668.85
01.10.2025 13:00:00;01.10.2025 13:15:00;671.32
01.10.2025 13:15:00;01.10.2025 13:30:00;672.26
01.10.2025 13:30:00;01.10.2025 13:45:00;671.67
01.10.2025 13:45:00;01.10.2025 14:00:00;672.96
01.10.2025 14:00:00;01.10.2025 14:15:00;667.45
01.10.2025 14:15:00;01.10.2025 14:30:00;685.4
01.10.2025 14:30:00;01.10.2025 14:45:00;707.1
01.10.2025 14:45:00;01.10.2025 15:00:00;731.15
01.10.2025 15:00:00;01.10.2025 15:15:00;713.91
01.10.2025 15:15:00;01.10.2025 15:30:00;738.43
01.10.2025 15:30:00;01.10.2025 15:45:00;754.62
01.10.2025 15:45:00;01.10.2025 16:00:00;785
01.10.2025 16:00:00;01.10.2025 16:15:00;737.37
01.10.2025 16:15:00;01.10.2025 16:30:00;790.99
01.10.2025 16:30:00;01.10.2025 16:45:00;817.97
01.10.2025 16:45:00;01.10.2025 17:00:00;859.27
01.10.2025 17:00:00;01.10.2025 17:15:00;806.82
01.10.2025 17:15:00;01.10.2025 17:30:00;922.86
01.10.2025 17:30:00;01.10.2025 17:45:00;982.81
01.10.2025 17:45:00;01.10.2025 18:00:00;1009.79
01.10.2025 18:00:00;01.10.2025 18:15:00;1030.09
01.10.2025 18:15:00;01.10.2025 18:30:00;1144.95
01.10.2025 18:30:00;01.10.2025 18:45:00;1173.46
01.10.2025 18:45:00;01.10.2025 19:00:00;1395.08
01.10.2025 19:00:00;01.10.2025 19:15:00;1331.26
01.10.2025 19:15:00;01.10.2025 19:30:00;1259.1
01.10.2025 19:30:00;01.10.2025 19:45:00;1106.58
01.10.2025 19:45:00;01.10.2025 20:00:00;1009.91
01.10.2025 20:00:00;01.10.2025 20:15:00;912.41
01.10.2025 20:15:00;01.10.2025 20:30:00;841.32
01.10.2025 20:30:00;01.10.2025 20:45:00;809.41
01.10.2025 20:45:00;01.10.2025 21:00:00;789.11
01.10.2025 21:00:00;01.10.2025 21:15:00;741.36
01.10.2025 21:15:00;01.10.2025 21:30:00;733.5
01.10.2025 21:30:00;01.10.2025 21:45:00;717.78
01.10.2025 21:45:00;01.10.2025 22:00:00;700.88
01.10.2025 22:00:00;01.10.2025 22:15:00;690.32
01.10.2025 22:15:00;01.10.2025 22:30:00;671.79
01.10.2025 22:30:00;01.10.2025 22:45:00;661.46
01.10.2025 22:45:00;01.10.2025 23:00:00;638.58
01.10.2025 23:00:00;01.10.2025 23:15:00;644.69
01.10.2025 23:15:00;01.10.2025 23:30:00;634.13
01.10.2025 23:30:00;01.10.2025 23:45:00;603.39
01.10.2025 23:45:00;02.10.2025 00:00:00;514.93
02.10.2025 00:00:00;02.10.2025 00:15:00;587.62
02.10.2025 00:15:00;02.10.2025 00:30:00;574.33
02.10.2025 00:30:00;02.10.2025 00:45:00;524.65
02.10.2025 00:45:00;02.10.2025 01:00:00;507.86
02.10.2025 01:00:00;02.10.2025 01:15:00;562.32
02.10.2025 01:15:00;02.10.2025 01:30:00;524.77
02.10.2025 01:30:00;02.10.2025 01:45:00;492.35
02.10.2025 01:45:00;02.10.2025 02:00:00;470.89
02.10.2025 02:00:00;02.10.2025 02:15:00;485.12
02.10.2025 02:15:00;02.10.2025 02:30:00;448.62
02.10.2025 02:30:00;02.10.2025 02:45:00;434.51
02.10.2025 02:45:00;02.10.2025 03:00:00;422.85
02.10.2025 03:00:00;02.10.2025 03:15:00;447.1
02.10.2025 03:15:00;02.10.2025 03:30:00;422.61
02.10.2025 03:30:00;02.10.2025 03:45:00;419.58
02.10.2025 03:45:00;02.10.2025 04:00:00;415.15
02.10.2025 04:00:00;02.10.2025 04:15:00;415.15
02.10.2025 04:15:00;02.10.2025 04:30:00;419.58
02.10.2025 04:30:00;02.10.2025 04:45:00;466.46
02.10.2025 04:45:00;02.10.2025 05:00:00;500.63
02.10.2025 05:00:00;02.10.2025 05:15:00;448.62
02.10.2025 05:15:00;02.10.2025 05:30:00;524.65
02.10.2025 05:30:00;02.10.2025 05:45:00;576.78
02.10.2025 05:45:00;02.10.2025 06:00:00;594.04
02.10.2025 06:00:00;02.10.2025 06:15:00;623.89
02.10.2025 06:15:00;02.10.2025 06:30:00;645.23
02.10.2025 06:30:00;02.10.2025 06:45:00;652
02.10.2025 06:45:00;02.10.2025 07:00:00;663.31
02.10.2025 07:00:00;02.10.2025 07:15:00;726.28
02.10.2025 07:15:00;02.10.2025 07:30:00;731.53
02.10.2025 07:30:00;02.10.2025 07:45:00;733.63
02.10.2025 07:45:00;02.10.2025 08:00:00;734.33
02.10.2025 08:00:00;02.10.2025 08:15:00;736.43
02.10.2025 08:15:00;02.10.2025 08:30:00;735.84
02.10.2025 08:30:00;02.10.2025 08:45:00;731.64
02.10.2025 08:45:00;02.10.2025 09:00:00;699.69
02.10.2025 09:00:00;02.10.2025 09:15:00;700.04
02.10.2025 09:15:00;02.10.2025 09:30:00;698.88
02.10.2025 09:30:00;02.10.2025 09:45:00;675.44
02.10.2025 09:45:00;02.10.2025 10:00:00;646.63
02.10.2025 10:00:00;02.10.2025 10:15:00;644.88
02.10.2025 10:15:00;02.10.2025 10:30:00;644.53
02.10.2025 10:30:00;02.10.2025 10:45:00;635.9
02.10.2025 10:45:00;02.10.2025 11:00:00;629.14
02.10.2025 11:00:00;02.10.2025 11:15:00;624.82
02.10.2025 11:15:00;02.10.2025 11:30:00;594.04
02.10.2025 11:30:00;02.10.2025 11:45:00;547.74
02.10.2025 11:45:00;02.10.2025 12:00:00;466.46
02.10.2025 12:00:00;02.10.2025 12:15:00;545.64
02.10.2025 12:15:00;02.10.2025 12:30:00;461.8
02.10.2025 12:30:00;02.10.2025 12:45:00;389.73
02.10.2025 12:45:00;02.10.2025 13:00:00;361.39
02.10.2025 13:00:00;02.10.2025 13:15:00;288.27
02.10.2025 13:15:00;02.10.2025 13:30:00;301.92
02.10.2025 13:30:00;02.10.2025 13:45:00;311.25
02.10.2025 13:45:00;02.10.2025 14:00:00;326.41
02.10.2025 14:00:00;02.10.2025 14:15:00;314.74
02.10.2025 14:15:00;02.10.2025 14:30:00;417.95
02.10.2025 14:30:00;02.10.2025 14:45:00;524.65
02.10.2025 14:45:00;02.10.2025 15:00:00;564.53
02.10.2025 15:00:00;02.10.2025 15:15:00;496.43
02.10.2025 15:15:00;02.10.2025 15:30:00;584.01
02.10.2025 15:30:00;02.10.2025 15:45:00;623.66
02.10.2025 15:45:00;02.10.2025 16:00:00;635.67
02.10.2025 16:00:00;02.10.2025 16:15:00;606.28
02.10.2025 16:15:00;02.10.2025 16:30:00;630.89
02.10.2025 16:30:00;02.10.2025 16:45:00;644.07
02.10.2025 16:45:00;02.10.2025 17:00:00;652
02.10.2025 17:00:00;02.10.2025 17:15:00;652.23
02.10.2025 17:15:00;02.10.2025 17:30:00;685.11
02.10.2025 17:30:00;02.10.2025 17:45:00;729.2
02.10.2025 17:45:00;02.10.2025 18:00:00;733.04
02.10.2025 18:00:00;02.10.2025 18:15:00;733.86
02.10.2025 18:15:00;02.10.2025 18:30:00;732.46
02.10.2025 18:30:00;02.10.2025 18:45:00;730.48
02.10.2025 18:45:00;02.10.2025 19:00:00;729.66
02.10.2025 19:00:00;02.10.2025 19:15:00;724.65
02.10.2025 19:15:00;02.10.2025 19:30:00;700.86
02.10.2025 19:30:00;02.10.2025 19:45:00;699.11
02.10.2025 19:45:00;02.10.2025 20:00:00;678.7
02.10.2025 20:00:00;02.10.2025 20:15:00;647.56
02.10.2025 20:15:00;02.10.2025 20:30:00;641.62
02.10.2025 20:30:00;02.10.2025 20:45:00;597.54
02.10.2025 20:45:00;02.10.2025 21:00:00;576.08
02.10.2025 21:00:00;02.10.2025 21:15:00;582.61
02.10.2025 21:15:00;02.10.2025 21:30:00;574.56
02.10.2025 21:30:00;02.10.2025 21:45:00;497.83
02.10.2025 21:45:00;02.10.2025 22:00:00;504.71
02.10.2025 22:00:00;02.10.2025 22:15:00;470.54
02.10.2025 22:15:00;02.10.2025 22:30:00;434.51
02.10.2025 22:30:00;02.10.2025 22:45:00;411.89
02.10.2025 22:45:00;02.10.2025 23:00:00;343.32
02.10.2025 23:00:00;02.10.2025 23:15:00;265.3
02.10.2025 23:15:00;02.10.2025 23:30:00;233.7
02.10.2025 23:30:00;02.10.2025 23:45:00;173.17
02.10.2025 23:45:00;03.10.2025 00:00:00;116.03
03.10.2025 00:00:00;03.10.2025 00:15:00;103.12
03.10.2025 00:15:00;03.10.2025 00:30:00;99.97
03.10.2025 00:30:00;03.10.2025 00:45:00;93.43
03.10.2025 00:45:00;03.10.2025 01:00:00;82.1
03.10.2025 01:00:00;03.10.2025 01:15:00;69.84
03.10.2025 01:15:00;03.10.2025 01:30:00;69.14
03.10.2025 01:30:00;03.10.2025 01:45:00;58.63
03.10.2025 01:45:00;03.10.2025 02:00:00;58.28
03.10.2025 02:00:00;03.10.2025 02:15:00;58.39
03.10.2025 02:15:00;03.10.2025 02:30:00;58.16
03.10.2025 02:30:00;03.10.2025 02:45:00;56.06
03.10.2025 02:45:00;03.10.2025 03:00:00;51.74
03.10.2025 03:00:00;03.10.2025 03:15:00;58.16
03.10.2025 03:15:00;03.10.2025 03:30:00;58.04
03.10.2025 03:30:00;03.10.2025 03:45:00;57.92
03.10.2025 03:45:00;03.10.2025 04:00:00;57.92
03.10.2025 04:00:00;03.10.2025 04:15:00;57.57
03.10.2025 04:15:00;03.10.2025 04:30:00;58.16
03.10.2025 04:30:00;03.10.2025 04:45:00;59.33
03.10.2025 04:45:00;03.10.2025 05:00:00;58.39
03.10.2025 05:00:00;03.10.2025 05:15:00;58.28
03.10.2025 05:15:00;03.10.2025 05:30:00;66.57
03.10.2025 05:30:00;03.10.2025 05:45:00;88.64
03.10.2025 05:45:00;03.10.2025 06:00:00;95.53
03.10.2025 06:00:00;03.10.2025 06:15:00;133.6
03.10.2025 06:15:00;03.10.2025 06:30:00;149.95
03.10.2025 06:30:00;03.10.2025 06:45:00;175.18
03.10.2025 06:45:00;03.10.2025 07:00:00;193.98
03.10.2025 07:00:00;03.10.2025 07:15:00;312.63
03.10.2025 07:15:00;03.10.2025 07:30:00;331.78
03.10.2025 07:30:00;03.10.2025 07:45:00;361.91
03.10.2025 07:45:00;03.10.2025 08:00:00;385.27
03.10.2025 08:00:00;03.10.2025 08:15:00;493.41
03.10.2025 08:15:00;03.10.2025 08:30:00;490.38
03.10.2025 08:30:00;03.10.2025 08:45:00;467.14
03.10.2025 08:45:00;03.10.2025 09:00:00;436.77
03.10.2025 09:00:00;03.10.2025 09:15:00;435.95
03.10.2025 09:15:00;03.10.2025 09:30:00;420.07
03.10.2025 09:30:00;03.10.2025 09:45:00;362.03
03.10.2025 09:45:00;03.10.2025 10:00:00;266.03
03.10.2025 10:00:00;03.10.2025 10:15:00;328.28
03.10.2025 10:15:00;03.10.2025 10:30:00;264.98
03.10.2025 10:30:00;03.10.2025 10:45:00;175.06
03.10.2025 10:45:00;03.10.2025 11:00:00;119.24
03.10.2025 11:00:00;03.10.2025 11:15:00;136.52
03.10.2025 11:15:00;03.10.2025 11:30:00;94.95
03.10.2025 11:30:00;03.10.2025 11:45:00;70.07
03.10.2025 11:45:00;03.10.2025 12:00:00;58.16
03.10.2025 12:00:00;03.10.2025 12:15:00;60.14
03.10.2025 12:15:00;03.10.2025 12:30:00;57.81
03.10.2025 12:30:00;03.10.2025 12:45:00;52.09
03.10.2025 12:45:00;03.10.2025 13:00:00;49.98
03.10.2025 13:00:00;03.10.2025 13:15:00;51.38
03.10.2025 13:15:00;03.10.2025 13:30:00;50.22
03.10.2025 13:30:00;03.10.2025 13:45:00;50.22
03.10.2025 13:45:00;03.10.2025 14:00:00;50.22
03.10.2025 14:00:00;03.10.2025 14:15:00;46.83
03.10.2025 14:15:00;03.10.2025 14:30:00;50.22
03.10.2025 14:30:00;03.10.2025 14:45:00;57.57
03.10.2025 14:45:00;03.10.2025 15:00:00;58.39
03.10.2025 15:00:00;03.10.2025 15:15:00;50.22
03.10.2025 15:15:00;03.10.2025 15:30:00;58.28
03.10.2025 15:30:00;03.10.2025 15:45:00;104.99
03.10.2025 15:45:00;03.10.2025 16:00:00;137.45
03.10.2025 16:00:00;03.10.2025 16:15:00;70.19
03.10.2025 16:15:00;03.10.2025 16:30:00;108.84
03.10.2025 16:30:00;03.10.2025 16:45:00;189.31
03.10.2025 16:45:00;03.10.2025 17:00:00;215.58
03.10.2025 17:00:00;03.10.2025 17:15:00;139.67
03.10.2025 17:15:00;03.10.2025 17:30:00;233.8
03.10.2025 17:30:00;03.10.2025 17:45:00;254.47
03.10.2025 17:45:00;03.10.2025 18:00:00;264.87
03.10.2025 18:00:00;03.10.2025 18:15:00;261.36
03.10.2025 18:15:00;03.10.2025 18:30:00;264.87
03.10.2025 18:30:00;03.10.2025 18:45:00;271.06
03.10.2025 18:45:00;03.10.2025 19:00:00;257.63
03.10.2025 19:00:00;03.10.2025 19:15:00;258.44
03.10.2025 19:15:00;03.10.2025 19:30:00;233.8
03.10.2025 19:30:00;03.10.2025 19:45:00;187.44
03.10.2025 19:45:00;03.10.2025 20:00:00;146.68
03.10.2025 20:00:00;03.10.2025 20:15:00;169.45
03.10.2025 20:15:00;03.10.2025 20:30:00;133.83
03.10.2025 20:30:00;03.10.2025 20:45:00;76.38
03.10.2025 20:45:00;03.10.2025 21:00:00;58.04
03.10.2025 21:00:00;03.10.2025 21:15:00;66.68
03.10.2025 21:15:00;03.10.2025 21:30:00;51.97
03.10.2025 21:30:00;03.10.2025 21:45:00;47.53
03.10.2025 21:45:00;03.10.2025 22:00:00;43.68
03.10.2025 22:00:00;03.10.2025 22:15:00;44.26
03.10.2025 22:15:00;03.10.2025 22:30:00;39.71
03.10.2025 22:30:00;03.10.2025 22:45:00;37.6
03.10.2025 22:45:00;03.10.2025 23:00:00;35.97
03.10.2025 23:00:00;03.10.2025 23:15:00;35.27
03.10.2025 23:15:00;03.10.2025 23:30:00;29.78
03.10.2025 23:30:00;03.10.2025 23:45:00;27.91
03.10.2025 23:45:00;04.10.2025 00:00:00;20.2
04.10.2025 00:00:00;04.10.2025 00:15:00;29.8
04.10.2025 00:15:00;04.10.2025 00:30:00;24.31
04.10.2025 00:30:00;04.10.2025 00:45:00;17.65
04.10.2025 00:45:00;04.10.2025 01:00:00;16.48
04.10.2025 01:00:00;04.10.2025 01:15:00;23.26
04.10.2025 01:15:00;04.10.2025 01:30:00;22.44
04.10.2025 01:30:00;04.10.2025 01:45:00;21.27
04.10.2025 01:45:00;04.10.2025 02:00:00;20.92
04.10.2025 02:00:00;04.10.2025 02:15:00;20.1
04.10.2025 02:15:00;04.10.2025 02:30:00;20.1
04.10.2025 02:30:00;04.10.2025 02:45:00;19.05
04.10.2025 02:45:00;04.10.2025 03:00:00;16.71
04.10.2025 03:00:00;04.10.2025 03:15:00;16.71
04.10.2025 03:15:00;04.10.2025 03:30:00;14.72
04.10.2025 03:30:00;04.10.2025 03:45:00;14.26
04.10.2025 03:45:00;04.10.2025 04:00:00;6.08
04.10.2025 04:00:00;04.10.2025 04:15:00;0.12
04.10.2025 04:15:00;04.10.2025 04:30:00;0
04.10.2025 04:30:00;04.10.2025 04:45:00;0
04.10.2025 04:45:00;04.10.2025 05:00:00;0
04.10.2025 05:00:00;04.10.2025 05:15:00;0
04.10.2025 05:15:00;04.10.2025 05:30:00;0
04.10.2025 05:30:00;04.10.2025 05:45:00;0
04.10.2025 05:45:00;04.10.2025 06:00:00;0
04.10.2025 06:00:00;04.10.2025 06:15:00;0
04.10.2025 06:15:00;04.10.2025 06:30:00;0.12
04.10.2025 06:30:00;04.10.2025 06:45:00;0.12
04.10.2025 06:45:00;04.10.2025 07:00:00;0.12
04.10.2025 07:00:00;04.10.2025 07:15:00;0.82
04.10.2025 07:15:00;04.10.2025 07:30:00;6.08
04.10.2025 07:30:00;04.10.2025 07:45:00;8.65
04.10.2025 07:45:00;04.10.2025 08:00:00;13.32
04.10.2025 08:00:00;04.10.2025 08:15:00;20.1
04.10.2025 08:15:00;04.10.2025 08:30:00;23.61
04.10.2025 08:30:00;04.10.2025 08:45:00;23.96
04.10.2025 08:45:00;04.10.2025 09:00:00;21.27
04.10.2025 09:00:00;04.10.2025 09:15:00;17.65
04.10.2025 09:15:00;04.10.2025 09:30:00;17.65
04.10.2025 09:30:00;04.10.2025 09:45:00;16.83
04.10.2025 09:45:00;04.10.2025 10:00:00;17.65
04.10.2025 10:00:00;04.10.2025 10:15:00;20.22
04.10.2025 10:15:00;04.10.2025 10:30:00;19.75
04.10.2025 10:30:00;04.10.2025 10:45:00;19.28
04.10.2025 10:45:00;04.10.2025 11:00:00;18.93
04.10.2025 11:00:00;04.10.2025 11:15:00;19.52
04.10.2025 11:15:00;04.10.2025 11:30:00;19.05
04.10.2025 11:30:00;04.10.2025 11:45:00;17.3
04.10.2025 11:45:00;04.10.2025 12:00:00;17.06
04.10.2025 12:00:00;04.10.2025 12:15:00;13.32
04.10.2025 12:15:00;04.10.2025 12:30:00;9.82
04.10.2025 12:30:00;04.10.2025 12:45:00;7.83
04.10.2025 12:45:00;04.10.2025 13:00:00;7.36
04.10.2025 13:00:00;04.10.2025 13:15:00;11.69
04.10.2025 13:15:00;04.10.2025 13:30:00;11.69
04.10.2025 13:30:00;04.10.2025 13:45:00;11.69
04.10.2025 13:45:00;04.10.2025 14:00:00;14.72
04.10.2025 14:00:00;04.10.2025 14:15:00;12.39
04.10.2025 14:15:00;04.10.2025 14:30:00;11.45
04.10.2025 14:30:00;04.10.2025 14:45:00;11.69
04.10.2025 14:45:00;04.10.2025 15:00:00;10.28
04.10.2025 15:00:00;04.10.2025 15:15:00;6.19
04.10.2025 15:15:00;04.10.2025 15:30:00;10.52
04.10.2025 15:30:00;04.10.2025 15:45:00;14.61
04.10.2025 15:45:00;04.10.2025 16:00:00;16.48
04.10.2025 16:00:00;04.10.2025 16:15:00;6.78
04.10.2025 16:15:00;04.10.2025 16:30:00;14.61
04.10.2025 16:30:00;04.10.2025 16:45:00;16.59
04.10.2025 16:45:00;04.10.2025 17:00:00;17.65
04.10.2025 17:00:00;04.10.2025 17:15:00;19.28
04.10.2025 17:15:00;04.10.2025 17:30:00;23.61
04.10.2025 17:30:00;04.10.2025 17:45:00;23.84
04.10.2025 17:45:00;04.10.2025 18:00:00;24.42
04.10.2025 18:00:00;04.10.2025 18:15:00;23.84
04.10.2025 18:15:00;04.10.2025 18:30:00;23.84
04.10.2025 18:30:00;04.10.2025 18:45:00;25.24
04.10.2025 18:45:00;04.10.2025 19:00:00;27.11
04.10.2025 19:00:00;04.10.2025 19:15:00;34.01
04.10.2025 19:15:00;04.10.2025 19:30:00;35.18
04.10.2025 19:30:00;04.10.2025 19:45:00;35.88
04.10.2025 19:45:00;04.10.2025 20:00:00;35.29
04.10.2025 20:00:00;04.10.2025 20:15:00;27.23
04.10.2025 20:15:00;04.10.2025 20:30:00;26.53
04.10.2025 20:30:00;04.10.2025 20:45:00;25.01
04.10.2025 20:45:00;04.10.2025 21:00:00;24.42
04.10.2025 21:00:00;04.10.2025 21:15:00;23.37
04.10.2025 21:15:00;04.10.2025 21:30:00;23.02
04.10.2025 21:30:00;04.10.2025 21:45:00;21.27
04.10.2025 21:45:00;04.10.2025 22:00:00;20.22
04.10.2025 22:00:00;04.10.2025 22:15:00;17.65
04.10.2025 22:15:00;04.10.2025 22:30:00;17.65
04.10.2025 22:30:00;04.10.2025 22:45:00;17.53
04.10.2025 22:45:00;04.10.2025 23:00:00;17.53
04.10.2025 23:00:00;04.10.2025 23:15:00;14.61
04.10.2025 23:15:00;04.10.2025 23:30:00;14.14
04.10.2025 23:30:00;04.10.2025 23:45:00;6.08
04.10.2025 23:45:00;05.10.2025 00:00:00;0.12
05.10.2025 00:00:00;05.10.2025 00:15:00;17.43
05.10.2025 00:15:00;05.10.2025 00:30:00;13.25
05.10.2025 00:30:00;05.10.2025 00:45:00;0.93
05.10.2025 00:45:00;05.10.2025 01:00:00;0.12
05.10.2025 01:00:00;05.10.2025 01:15:00;0
05.10.2025 01:15:00;05.10.2025 01:30:00;0
05.10.2025 01:30:00;05.10.2025 01:45:00;0
05.10.2025 01:45:00;05.10.2025 02:00:00;0
05.10.2025 02:00:00;05.10.2025 02:15:00;0
05.10.2025 02:15:00;05.10.2025 02:30:00;-0.12
05.10.2025 02:30:00;05.10.2025 02:45:00;-0.12
05.10.2025 02:45:00;05.10.2025 03:00:00;-0.12
05.10.2025 03:00:00;05.10.2025 03:15:00;-0.23
05.10.2025 03:15:00;05.10.2025 03:30:00;-0.35
05.10.2025 03:30:00;05.10.2025 03:45:00;-0.46
05.10.2025 03:45:00;05.10.2025 04:00:00;-0.46
05.10.2025 04:00:00;05.10.2025 04:15:00;-0.35
05.10.2025 04:15:00;05.10.2025 04:30:00;-0.35
05.10.2025 04:30:00;05.10.2025 04:45:00;-0.35
05.10.2025 04:45:00;05.10.2025 05:00:00;-0.35
05.10.2025 05:00:00;05.10.2025 05:15:00;-0.12
05.10.2025 05:15:00;05.10.2025 05:30:00;-0.12
05.10.2025 05:30:00;05.10.2025 05:45:00;-0.12
05.10.2025 05:45:00;05.10.2025 06:00:00;-0.12
05.10.2025 06:00:00;05.10.2025 06:15:00;-0.12
05.10.2025 06:15:00;05.10.2025 06:30:00;-0.12
05.10.2025 06:30:00;05.10.2025 06:45:00;0
05.10.2025 06:45:00;05.10.2025 07:00:00;0
05.10.2025 07:00:00;05.10.2025 07:15:00;0
05.10.2025 07:15:00;05.10.2025 07:30:00;0
05.10.2025 07:30:00;05.10.2025 07:45:00;0.12
05.10.2025 07:45:00;05.10.2025 08:00:00;0.23
05.10.2025 08:00:00;05.10.2025 08:15:00;0.7
05.10.2025 08:15:00;05.10.2025 08:30:00;14.06
05.10.2025 08:30:00;05.10.2025 08:45:00;17.43
05.10.2025 08:45:00;05.10.2025 09:00:00;18.24
05.10.2025 09:00:00;05.10.2025 09:15:00;23.82
05.10.2025 09:15:00;05.10.2025 09:30:00;24.17
05.10.2025 09:30:00;05.10.2025 09:45:00;19.99
05.10.2025 09:45:00;05.10.2025 10:00:00;19.99
05.10.2025 10:00:00;05.10.2025 10:15:00;20.45
05.10.2025 10:15:00;05.10.2025 10:30:00;19.99
05.10.2025 10:30:00;05.10.2025 10:45:00;19.99
05.10.2025 10:45:00;05.10.2025 11:00:00;20.68
05.10.2025 11:00:00;05.10.2025 11:15:00;23.82
05.10.2025 11:15:00;05.10.2025 11:30:00;23.71
05.10.2025 11:30:00;05.10.2025 11:45:00;24.05
05.10.2025 11:45:00;05.10.2025 12:00:00;23.59
05.10.2025 12:00:00;05.10.2025 12:15:00;20.92
05.10.2025 12:15:00;05.10.2025 12:30:00;23.24
05.10.2025 12:30:00;05.10.2025 12:45:00;23.47
05.10.2025 12:45:00;05.10.2025 13:00:00;23.01
05.10.2025 13:00:00;05.10.2025 13:15:00;16.62
05.10.2025 13:15:00;05.10.2025 13:30:00;16.97
05.10.2025 13:30:00;05.10.2025 13:45:00;17.43
05.10.2025 13:45:00;05.10.2025 14:00:00;17.55
05.10.2025 14:00:00;05.10.2025 14:15:00;22.31
05.10.2025 14:15:00;05.10.2025 14:30:00;23.36
05.10.2025 14:30:00;05.10.2025 14:45:00;24.17
05.10.2025 14:45:00;05.10.2025 15:00:00;24.4
05.10.2025 15:00:00;05.10.2025 15:15:00;24.52
05.10.2025 15:15:00;05.10.2025 15:30:00;24.29
05.10.2025 15:30:00;05.10.2025 15:45:00;24.63
05.10.2025 15:45:00;05.10.2025 16:00:00;26.15
05.10.2025 16:00:00;05.10.2025 16:15:00;24.52
05.10.2025 16:15:00;05.10.2025 16:30:00;26.73
05.10.2025 16:30:00;05.10.2025 16:45:00;30.68
05.10.2025 16:45:00;05.10.2025 17:00:00;35.09
05.10.2025 17:00:00;05.10.2025 17:15:00;31.37
05.10.2025 17:15:00;05.10.2025 17:30:00;37.42
05.10.2025 17:30:00;05.10.2025 17:45:00;46.48
05.10.2025 17:45:00;05.10.2025 18:00:00;66.35
05.10.2025 18:00:00;05.10.2025 18:15:00;47.06
05.10.2025 18:15:00;05.10.2025 18:30:00;57.64
05.10.2025 18:30:00;05.10.2025 18:45:00;77.85
05.10.2025 18:45:00;05.10.2025 19:00:00;103.77
05.10.2025 19:00:00;05.10.2025 19:15:00;64.84
05.10.2025 19:15:00;05.10.2025 19:30:00;77.85
05.10.2025 19:30:00;05.10.2025 19:45:00;135.61
05.10.2025 19:45:00;05.10.2025 20:00:00;168.14
05.10.2025 20:00:00;05.10.2025 20:15:00;135.61
05.10.2025 20:15:00;05.10.2025 20:30:00;103.42
05.10.2025 20:30:00;05.10.2025 20:45:00;73.09
05.10.2025 20:45:00;05.10.2025 21:00:00;58.1
05.10.2025 21:00:00;05.10.2025 21:15:00;73.09
05.10.2025 21:15:00;05.10.2025 21:30:00;56.24
05.10.2025 21:30:00;05.10.2025 21:45:00;52.41
05.10.2025 21:45:00;05.10.2025 22:00:00;47.87
05.10.2025 22:00:00;05.10.2025 22:15:00;61.35
05.10.2025 22:15:00;05.10.2025 22:30:00;53.22
05.10.2025 22:30:00;05.10.2025 22:45:00;65.89
05.10.2025 22:45:00;05.10.2025 23:00:00;49.73
05.10.2025 23:00:00;05.10.2025 23:15:00;57.98
05.10.2025 23:15:00;05.10.2025 23:30:00;47.64
05.10.2025 23:30:00;05.10.2025 23:45:00;46.48
05.10.2025 23:45:00;06.10.2025 00:00:00;37.65
06.10.2025 00:00:00;06.10.2025 00:15:00;111.09
06.10.2025 00:15:00;06.10.2025 00:30:00;137.12
06.10.2025 00:30:00;06.10.2025 00:45:00;136.07
06.10.2025 00:45:00;06.10.2025 01:00:00;82.5
06.10.2025 01:00:00;06.10.2025 01:15:00;122.24
06.10.2025 01:15:00;06.10.2025 01:30:00;96.33
06.10.2025 01:30:00;06.10.2025 01:45:00;77.97
06.10.2025 01:45:00;06.10.2025 02:00:00;72.63
06.10.2025 02:00:00;06.10.2025 02:15:00;77.74
06.10.2025 02:15:00;06.10.2025 02:30:00;84.71
06.10.2025 02:30:00;06.10.2025 02:45:00;113.41
06.10.2025 02:45:00;06.10.2025 03:00:00;102.14
06.10.2025 03:00:00;06.10.2025 03:15:00;99.82
06.10.2025 03:15:00;06.10.2025 03:30:00;99.24
06.10.2025 03:30:00;06.10.2025 03:45:00;112.95
06.10.2025 03:45:00;06.10.2025 04:00:00;114.81
06.10.2025 04:00:00;06.10.2025 04:15:00;92.96
06.10.2025 04:15:00;06.10.2025 04:30:00;118.87
06.10.2025 04:30:00;06.10.2025 04:45:00;131.42
06.10.2025 04:45:00;06.10.2025 05:00:00;168.72
06.10.2025 05:00:00;06.10.2025 05:15:00;69.14
06.10.2025 05:15:00;06.10.2025 05:30:00;89.13
06.10.2025 05:30:00;06.10.2025 05:45:00;220.08
06.10.2025 05:45:00;06.10.2025 06:00:00;422.74
06.10.2025 06:00:00;06.10.2025 06:15:00;280.86
06.10.2025 06:15:00;06.10.2025 06:30:00;523.83
06.10.2025 06:30:00;06.10.2025 06:45:00;654.33
06.10.2025 06:45:00;06.10.2025 07:00:00;689.77
06.10.2025 07:00:00;06.10.2025 07:15:00;699.18
06.10.2025 07:15:00;06.10.2025 07:30:00;753.56
06.10.2025 07:30:00;06.10.2025 07:45:00;789.35
06.10.2025 07:45:00;06.10.2025 08:00:00;830.02
06.10.2025 08:00:00;06.10.2025 08:15:00;859.42
06.10.2025 08:15:00;06.10.2025 08:30:00;898.7
06.10.2025 08:30:00;06.10.2025 08:45:00;885.22
06.10.2025 08:45:00;06.10.2025 09:00:00;870.93
06.10.2025 09:00:00;06.10.2025 09:15:00;857.56
06.10.2025 09:15:00;06.10.2025 09:30:00;834.21
06.10.2025 09:30:00;06.10.2025 09:45:00;821.08
06.10.2025 09:45:00;06.10.2025 10:00:00;789.7
06.10.2025 10:00:00;06.10.2025 10:15:00;812.83
06.10.2025 10:15:00;06.10.2025 10:30:00;766.35
06.10.2025 10:30:00;06.10.2025 10:45:00;745.89
06.10.2025 10:45:00;06.10.2025 11:00:00;714.98
06.10.2025 11:00:00;06.10.2025 11:15:00;755.19
06.10.2025 11:15:00;06.10.2025 11:30:00;745.2
06.10.2025 11:30:00;06.10.2025 11:45:00;738.81
06.10.2025 11:45:00;06.10.2025 12:00:00;737.18
06.10.2025 12:00:00;06.10.2025 12:15:00;708.13
06.10.2025 12:15:00;06.10.2025 12:30:00;721.84
06.10.2025 12:30:00;06.10.2025 12:45:00;724.75
06.10.2025 12:45:00;06.10.2025 13:00:00;730.67
06.10.2025 13:00:00;06.10.2025 13:15:00;724.4
06.10.2025 13:15:00;06.10.2025 13:30:00;733.46
06.10.2025 13:30:00;06.10.2025 13:45:00;733.81
06.10.2025 13:45:00;06.10.2025 14:00:00;736.83
06.10.2025 14:00:00;06.10.2025 14:15:00;717.31
06.10.2025 14:15:00;06.10.2025 14:30:00;734.51
06.10.2025 14:30:00;06.10.2025 14:45:00;754.96
06.10.2025 14:45:00;06.10.2025 15:00:00;754.61
06.10.2025 15:00:00;06.10.2025 15:15:00;732.3
06.10.2025 15:15:00;06.10.2025 15:30:00;748.68
06.10.2025 15:30:00;06.10.2025 15:45:00;759.72
06.10.2025 15:45:00;06.10.2025 16:00:00;794.58
06.10.2025 16:00:00;06.10.2025 16:15:00;795.63
06.10.2025 16:15:00;06.10.2025 16:30:00;833.51
06.10.2025 16:30:00;06.10.2025 16:45:00;871.74
06.10.2025 16:45:00;06.10.2025 17:00:00;920.89
06.10.2025 17:00:00;06.10.2025 17:15:00;836.3
06.10.2025 17:15:00;06.10.2025 17:30:00;893.35
06.10.2025 17:30:00;06.10.2025 17:45:00;905.79
06.10.2025 17:45:00;06.10.2025 18:00:00;925.77
06.10.2025 18:00:00;06.10.2025 18:15:00;921.71
06.10.2025 18:15:00;06.10.2025 18:30:00;945.18
06.10.2025 18:30:00;06.10.2025 18:45:00;1010.25
06.10.2025 18:45:00;06.10.2025 19:00:00;1045.69
06.10.2025 19:00:00;06.10.2025 19:15:00;1046.04
06.10.2025 19:15:00;06.10.2025 19:30:00;1068.47
06.10.2025 19:30:00;06.10.2025 19:45:00;1045.93
06.10.2025 19:45:00;06.10.2025 20:00:00;988.64
06.10.2025 20:00:00;06.10.2025 20:15:00;854.77
06.10.2025 20:15:00;06.10.2025 20:30:00;831.77
06.10.2025 20:30:00;06.10.2025 20:45:00;813.41
06.10.2025 20:45:00;06.10.2025 21:00:00;789.93
06.10.2025 21:00:00;06.10.2025 21:15:00;766.93
06.10.2025 21:15:00;06.10.2025 21:30:00;757.17
06.10.2025 21:30:00;06.10.2025 21:45:00;735.55
06.10.2025 21:45:00;06.10.2025 22:00:00;708.25
06.10.2025 22:00:00;06.10.2025 22:15:00;716.03
06.10.2025 22:15:00;06.10.2025 22:30:00;694.07
06.10.2025 22:30:00;06.10.2025 22:45:00;690.23
06.10.2025 22:45:00;06.10.2025 23:00:00;680.24
06.10.2025 23:00:00;06.10.2025 23:15:00;685.82
06.10.2025 23:15:00;06.10.2025 23:30:00;654.68
06.10.2025 23:30:00;06.10.2025 23:45:00;615.75
06.10.2025 23:45:00;07.10.2025 00:00:00;597.51
07.10.2025 00:00:00;07.10.2025 00:15:00;629.19
07.10.2025 00:15:00;07.10.2025 00:30:00;605.94
07.10.2025 00:30:00;07.10.2025 00:45:00;562.34
07.10.2025 00:45:00;07.10.2025 01:00:00;523.16
07.10.2025 01:00:00;07.10.2025 01:15:00;561.06
07.10.2025 01:15:00;07.10.2025 01:30:00;509.09
07.10.2025 01:30:00;07.10.2025 01:45:00;498.4
07.10.2025 01:45:00;07.10.2025 02:00:00;475.49
07.10.2025 02:00:00;07.10.2025 02:15:00;488.4
07.10.2025 02:15:00;07.10.2025 02:30:00;465.03
07.10.2025 02:30:00;07.10.2025 02:45:00;465.03
07.10.2025 02:45:00;07.10.2025 03:00:00;460.73
07.10.2025 03:00:00;07.10.2025 03:15:00;464.1
07.10.2025 03:15:00;07.10.2025 03:30:00;459.33
07.10.2025 03:30:00;07.10.2025 03:45:00;456.2
07.10.2025 03:45:00;07.10.2025 04:00:00;452.82
07.10.2025 04:00:00;07.10.2025 04:15:00;452.82
07.10.2025 04:15:00;07.10.2025 04:30:00;459.22
07.10.2025 04:30:00;07.10.2025 04:45:00;465.15
07.10.2025 04:45:00;07.10.2025 05:00:00;501.54
07.10.2025 05:00:00;07.10.2025 05:15:00;454.8
07.10.2025 05:15:00;07.10.2025 05:30:00;489.68
07.10.2025 05:30:00;07.10.2025 05:45:00;523.16
07.10.2025 05:45:00;07.10.2025 06:00:00;604.08
07.10.2025 06:00:00;07.10.2025 06:15:00;621.4
07.10.2025 06:15:00;07.10.2025 06:30:00;661.74
07.10.2025 06:30:00;07.10.2025 06:45:00;669.06
07.10.2025 06:45:00;07.10.2025 07:00:00;682.08
07.10.2025 07:00:00;07.10.2025 07:15:00;719.17
07.10.2025 07:15:00;07.10.2025 07:30:00;743.82
07.10.2025 07:30:00;07.10.2025 07:45:00;766.6
07.10.2025 07:45:00;07.10.2025 08:00:00;774.28
07.10.2025 08:00:00;07.10.2025 08:15:00;851.47
07.10.2025 08:15:00;07.10.2025 08:30:00;836.94
07.10.2025 08:30:00;07.10.2025 08:45:00;829.15
07.10.2025 08:45:00;07.10.2025 09:00:00;819.97
07.10.2025 09:00:00;07.10.2025 09:15:00;781.14
07.10.2025 09:15:00;07.10.2025 09:30:00;764.05
07.10.2025 09:30:00;07.10.2025 09:45:00;736.49
07.10.2025 09:45:00;07.10.2025 10:00:00;720.8
07.10.2025 10:00:00;07.10.2025 10:15:00;715.1
07.10.2025 10:15:00;07.10.2025 10:30:00;710.1
07.10.2025 10:30:00;07.10.2025 10:45:00;697.31
07.10.2025 10:45:00;07.10.2025 11:00:00;685.92
07.10.2025 11:00:00;07.10.2025 11:15:00;685.92
07.10.2025 11:15:00;07.10.2025 11:30:00;682.78
07.10.2025 11:30:00;07.10.2025 11:45:00;676.39
07.10.2025 11:45:00;07.10.2025 12:00:00;668.02
07.10.2025 12:00:00;07.10.2025 12:15:00;674.64
07.10.2025 12:15:00;07.10.2025 12:30:00;668.13
07.10.2025 12:30:00;07.10.2025 12:45:00;662.2
07.10.2025 12:45:00;07.10.2025 13:00:00;659.18
07.10.2025 13:00:00;07.10.2025 13:15:00;656.51
07.10.2025 13:15:00;07.10.2025 13:30:00;651.04
07.10.2025 13:30:00;07.10.2025 13:45:00;645.81
07.10.2025 13:45:00;07.10.2025 14:00:00;627.56
07.10.2025 14:00:00;07.10.2025 14:15:00;638.84
07.10.2025 14:15:00;07.10.2025 14:30:00;645.35
07.10.2025 14:30:00;07.10.2025 14:45:00;642.09
07.10.2025 14:45:00;07.10.2025 15:00:00;639.77
07.10.2025 15:00:00;07.10.2025 15:15:00;635.47
07.10.2025 15:15:00;07.10.2025 15:30:00;653.95
07.10.2025 15:30:00;07.10.2025 15:45:00;658.48
07.10.2025 15:45:00;07.10.2025 16:00:00;663.37
07.10.2025 16:00:00;07.10.2025 16:15:00;660.11
07.10.2025 16:15:00;07.10.2025 16:30:00;666.97
07.10.2025 16:30:00;07.10.2025 16:45:00;671.97
07.10.2025 16:45:00;07.10.2025 17:00:00;672.44
07.10.2025 17:00:00;07.10.2025 17:15:00;671.74
07.10.2025 17:15:00;07.10.2025 17:30:00;673.71
07.10.2025 17:30:00;07.10.2025 17:45:00;674.99
07.10.2025 17:45:00;07.10.2025 18:00:00;677.78
07.10.2025 18:00:00;07.10.2025 18:15:00;676.85
07.10.2025 18:15:00;07.10.2025 18:30:00;674.3
07.10.2025 18:30:00;07.10.2025 18:45:00;676.5
07.10.2025 18:45:00;07.10.2025 19:00:00;678.13
07.10.2025 19:00:00;07.10.2025 19:15:00;679.76
07.10.2025 19:15:00;07.10.2025 19:30:00;678.95
07.10.2025 19:30:00;07.10.2025 19:45:00;674.3
07.10.2025 19:45:00;07.10.2025 20:00:00;665.92
07.10.2025 20:00:00;07.10.2025 20:15:00;615.59
07.10.2025 20:15:00;07.10.2025 20:30:00;602.68
07.10.2025 20:30:00;07.10.2025 20:45:00;569.55
07.10.2025 20:45:00;07.10.2025 21:00:00;537.34
07.10.2025 21:00:00;07.10.2025 21:15:00;569.55
07.10.2025 21:15:00;07.10.2025 21:30:00;537.46
07.10.2025 21:30:00;07.10.2025 21:45:00;511.19
07.10.2025 21:45:00;07.10.2025 22:00:00;478.63
07.10.2025 22:00:00;07.10.2025 22:15:00;472.01
07.10.2025 22:15:00;07.10.2025 22:30:00;461.54
07.10.2025 22:30:00;07.10.2025 22:45:00;405.86
07.10.2025 22:45:00;07.10.2025 23:00:00;302.15
07.10.2025 23:00:00;07.10.2025 23:15:00;326.92
07.10.2025 23:15:00;07.10.2025 23:30:00;258.44
07.10.2025 23:30:00;07.10.2025 23:45:00;243.68
07.10.2025 23:45:00;08.10.2025 00:00:00;232.52
08.10.2025 00:00:00;08.10.2025 00:15:00;163.33
08.10.2025 00:15:00;08.10.2025 00:30:00;166.58
08.10.2025 00:30:00;08.10.2025 00:45:00;168.2
08.10.2025 00:45:00;08.10.2025 01:00:00;161.24
08.10.2025 01:00:00;08.10.2025 01:15:00;150.92
08.10.2025 01:15:00;08.10.2025 01:30:00;135.26
08.10.2025 01:30:00;08.10.2025 01:45:00;116
08.10.2025 01:45:00;08.10.2025 02:00:00;102.55
08.10.2025 02:00:00;08.10.2025 02:15:00;135.14
08.10.2025 02:15:00;08.10.2025 02:30:00;127.83
08.10.2025 02:30:00;08.10.2025 02:45:00;119.6
08.10.2025 02:45:00;08.10.2025 03:00:00;106.72
08.10.2025 03:00:00;08.10.2025 03:15:00;116
08.10.2025 03:15:00;08.10.2025 03:30:00;115.89
08.10.2025 03:30:00;08.10.2025 03:45:00;134.1
08.10.2025 03:45:00;08.10.2025 04:00:00;144.42
08.10.2025 04:00:00;08.10.2025 04:15:00;102.55
08.10.2025 04:15:00;08.10.2025 04:30:00;129.92
08.10.2025 04:30:00;08.10.2025 04:45:00;149.99
08.10.2025 04:45:00;08.10.2025 05:00:00;168.67
08.10.2025 05:00:00;08.10.2025 05:15:00;194.88
08.10.2025 05:15:00;08.10.2025 05:30:00;262.51
08.10.2025 05:30:00;08.10.2025 05:45:00;356.82
08.10.2025 05:45:00;08.10.2025 06:00:00;406.01
08.10.2025 06:00:00;08.10.2025 06:15:00;545.32
08.10.2025 06:15:00;08.10.2025 06:30:00;580.01
08.10.2025 06:30:00;08.10.2025 06:45:00;618.29
08.10.2025 06:45:00;08.10.2025 07:00:00;661.79
08.10.2025 07:00:00;08.10.2025 07:15:00;705.64
08.10.2025 07:15:00;08.10.2025 07:30:00;715.27
08.10.2025 07:30:00;08.10.2025 07:45:00;728.26
08.10.2025 07:45:00;08.10.2025 08:00:00;741.25
08.10.2025 08:00:00;08.10.2025 08:15:00;786.84
08.10.2025 08:15:00;08.10.2025 08:30:00;787.3
08.10.2025 08:30:00;08.10.2025 08:45:00;787.42
08.10.2025 08:45:00;08.10.2025 09:00:00;787.42
08.10.2025 09:00:00;08.10.2025 09:15:00;771.18
08.10.2025 09:15:00;08.10.2025 09:30:00;766.89
08.10.2025 09:30:00;08.10.2025 09:45:00;768.16
08.10.2025 09:45:00;08.10.2025 10:00:00;764.57
08.10.2025 10:00:00;08.10.2025 10:15:00;746.94
08.10.2025 10:15:00;08.10.2025 10:30:00;745.2
08.10.2025 10:30:00;08.10.2025 10:45:00;744.96
08.10.2025 10:45:00;08.10.2025 11:00:00;739.4
08.10.2025 11:00:00;08.10.2025 11:15:00;723.62
08.10.2025 11:15:00;08.10.2025 11:30:00;713.41
08.10.2025 11:30:00;08.10.2025 11:45:00;705.64
08.10.2025 11:45:00;08.10.2025 12:00:00;698.68
08.10.2025 12:00:00;08.10.2025 12:15:00;692.53
08.10.2025 12:15:00;08.10.2025 12:30:00;685.22
08.10.2025 12:30:00;08.10.2025 12:45:00;682.44
08.10.2025 12:45:00;08.10.2025 13:00:00;679.89
08.10.2025 13:00:00;08.10.2025 13:15:00;682.32
08.10.2025 13:15:00;08.10.2025 13:30:00;680.47
08.10.2025 13:30:00;08.10.2025 13:45:00;678.26
08.10.2025 13:45:00;08.10.2025 14:00:00;672.7
08.10.2025 14:00:00;08.10.2025 14:15:00;612.84
08.10.2025 14:15:00;08.10.2025 14:30:00;629.31
08.10.2025 14:30:00;08.10.2025 14:45:00;625.02
08.10.2025 14:45:00;08.10.2025 15:00:00;645.78
08.10.2025 15:00:00;08.10.2025 15:15:00;612.37
08.10.2025 15:15:00;08.10.2025 15:30:00;647.29
08.10.2025 15:30:00;08.10.2025 15:45:00;664.69
08.10.2025 15:45:00;08.10.2025 16:00:00;676.52
08.10.2025 16:00:00;08.10.2025 16:15:00;663.18
08.10.2025 16:15:00;08.10.2025 16:30:00;676.76
08.10.2025 16:30:00;08.10.2025 16:45:00;683.83
08.10.2025 16:45:00;08.10.2025 17:00:00;689.63
08.10.2025 17:00:00;08.10.2025 17:15:00;700.07
08.10.2025 17:15:00;08.10.2025 17:30:00;708.89
08.10.2025 17:30:00;08.10.2025 17:45:00;711.56
08.10.2025 17:45:00;08.10.2025 18:00:00;715.27
08.10.2025 18:00:00;08.10.2025 18:15:00;710.28
08.10.2025 18:15:00;08.10.2025 18:30:00;712.14
08.10.2025 18:30:00;08.10.2025 18:45:00;717.7
08.10.2025 18:45:00;08.10.2025 19:00:00;721.07
08.10.2025 19:00:00;08.10.2025 19:15:00;730.46
08.10.2025 19:15:00;08.10.2025 19:30:00;726.06
08.10.2025 19:30:00;08.10.2025 19:45:00;721.3
08.10.2025 19:45:00;08.10.2025 20:00:00;715.04
08.10.2025 20:00:00;08.10.2025 20:15:00;699.14
08.10.2025 20:15:00;08.10.2025 20:30:00;695.55
08.10.2025 20:30:00;08.10.2025 20:45:00;671.65
08.10.2025 20:45:00;08.10.2025 21:00:00;651.12
08.10.2025 21:00:00;08.10.2025 21:15:00;663.07
08.10.2025 21:15:00;08.10.2025 21:30:00;649.15
08.10.2025 21:30:00;08.10.2025 21:45:00;639.17
08.10.2025 21:45:00;08.10.2025 22:00:00;625.71
08.10.2025 22:00:00;08.10.2025 22:15:00;638.01
08.10.2025 22:15:00;08.10.2025 22:30:00;622
08.10.2025 22:30:00;08.10.2025 22:45:00;601.24
08.10.2025 22:45:00;08.10.2025 23:00:00;579.89
08.10.2025 23:00:00;08.10.2025 23:15:00;578.97
08.10.2025 23:15:00;08.10.2025 23:30:00;556.23
08.10.2025 23:30:00;08.10.2025 23:45:00;543.35
08.10.2025 23:45:00;09.10.2025 00:00:00;487.32
09.10.2025 00:00:00;09.10.2025 00:15:00;497.82
09.10.2025 00:15:00;09.10.2025 00:30:00;492.01
09.10.2025 00:30:00;09.10.2025 00:45:00;455.05
09.10.2025 00:45:00;09.10.2025 01:00:00;419.03
09.10.2025 01:00:00;09.10.2025 01:15:00;453.19
09.10.2025 01:15:00;09.10.2025 01:30:00;460.05
09.10.2025 01:30:00;09.10.2025 01:45:00;445.06
09.10.2025 01:45:00;09.10.2025 02:00:00;453.19
09.10.2025 02:00:00;09.10.2025 02:15:00;464.7
09.10.2025 02:15:00;09.10.2025 02:30:00;454.36
09.10.2025 02:30:00;09.10.2025 02:45:00;448.66
09.10.2025 02:45:00;09.10.2025 03:00:00;454.82
09.10.2025 03:00:00;09.10.2025 03:15:00;454.36
09.10.2025 03:15:00;09.10.2025 03:30:00;403.58
09.10.2025 03:30:00;09.10.2025 03:45:00;398
09.10.2025 03:45:00;09.10.2025 04:00:00;384.17
09.10.2025 04:00:00;09.10.2025 04:15:00;348.61
09.10.2025 04:15:00;09.10.2025 04:30:00;360
09.10.2025 04:30:00;09.10.2025 04:45:00;357.67
09.10.2025 04:45:00;09.10.2025 05:00:00;351.52
09.10.2025 05:00:00;09.10.2025 05:15:00;345.36
09.10.2025 05:15:00;09.10.2025 05:30:00;394.4
09.10.2025 05:30:00;09.10.2025 05:45:00;398.35
09.10.2025 05:45:00;09.10.2025 06:00:00;423.33
09.10.2025 06:00:00;09.10.2025 06:15:00;498.75
09.10.2025 06:15:00;09.10.2025 06:30:00;548.36
09.10.2025 06:30:00;09.10.2025 06:45:00;580.9
09.10.2025 06:45:00;09.10.2025 07:00:00;586.13
09.10.2025 07:00:00;09.10.2025 07:15:00;597.17
09.10.2025 07:15:00;09.10.2025 07:30:00;605.07
09.10.2025 07:30:00;09.10.2025 07:45:00;611.93
09.10.2025 07:45:00;09.10.2025 08:00:00;600.89
09.10.2025 08:00:00;09.10.2025 08:15:00;627.38
09.10.2025 08:15:00;09.10.2025 08:30:00;626.57
09.10.2025 08:30:00;09.10.2025 08:45:00;615.18
09.10.2025 08:45:00;09.10.2025 09:00:00;608.79
09.10.2025 09:00:00;09.10.2025 09:15:00;594.61
09.10.2025 09:15:00;09.10.2025 09:30:00;578.69
09.10.2025 09:30:00;09.10.2025 09:45:00;538.02
09.10.2025 09:45:00;09.10.2025 10:00:00;487.24
09.10.2025 10:00:00;09.10.2025 10:15:00;511.18
09.10.2025 10:15:00;09.10.2025 10:30:00;464.93
09.10.2025 10:30:00;09.10.2025 10:45:00;454.7
09.10.2025 10:45:00;09.10.2025 11:00:00;447.15
09.10.2025 11:00:00;09.10.2025 11:15:00;476.43
09.10.2025 11:15:00;09.10.2025 11:30:00;497.12
09.10.2025 11:30:00;09.10.2025 11:45:00;476.32
09.10.2025 11:45:00;09.10.2025 12:00:00;453.19
09.10.2025 12:00:00;09.10.2025 12:15:00;453.08
09.10.2025 12:15:00;09.10.2025 12:30:00;417.87
09.10.2025 12:30:00;09.10.2025 12:45:00;399.16
09.10.2025 12:45:00;09.10.2025 13:00:00;394.98
09.10.2025 13:00:00;09.10.2025 13:15:00;407.18
09.10.2025 13:15:00;09.10.2025 13:30:00;417.29
09.10.2025 13:30:00;09.10.2025 13:45:00;417.17
09.10.2025 13:45:00;09.10.2025 14:00:00;334.55
09.10.2025 14:00:00;09.10.2025 14:15:00;321.07
09.10.2025 14:15:00;09.10.2025 14:30:00;321.65
09.10.2025 14:30:00;09.10.2025 14:45:00;321.65
09.10.2025 14:45:00;09.10.2025 15:00:00;350.35
09.10.2025 15:00:00;09.10.2025 15:15:00;263.9
09.10.2025 15:15:00;09.10.2025 15:30:00;241.82
09.10.2025 15:30:00;09.10.2025 15:45:00;241.59
09.10.2025 15:45:00;09.10.2025 16:00:00;261.23
09.10.2025 16:00:00;09.10.2025 16:15:00;241.59
09.10.2025 16:15:00;09.10.2025 16:30:00;232.29
09.10.2025 16:30:00;09.10.2025 16:45:00;231.13
09.10.2025 16:45:00;09.10.2025 17:00:00;222.88
09.10.2025 17:00:00;09.10.2025 17:15:00;222.76
09.10.2025 17:15:00;09.10.2025 17:30:00;222.65
09.10.2025 17:30:00;09.10.2025 17:45:00;195.11
09.10.2025 17:45:00;09.10.2025 18:00:00;195.11
09.10.2025 18:00:00;09.10.2025 18:15:00;232.41
09.10.2025 18:15:00;09.10.2025 18:30:00;204.4
09.10.2025 18:30:00;09.10.2025 18:45:00;195.11
09.10.2025 18:45:00;09.10.2025 19:00:00;167.45
09.10.2025 19:00:00;09.10.2025 19:15:00;195.11
09.10.2025 19:15:00;09.10.2025 19:30:00;156.87
09.10.2025 19:30:00;09.10.2025 19:45:00;135.49
09.10.2025 19:45:00;09.10.2025 20:00:00;116.09
09.10.2025 20:00:00;09.10.2025 20:15:00;125.5
09.10.2025 20:15:00;09.10.2025 20:30:00;116.09
09.10.2025 20:30:00;09.10.2025 20:45:00;102.96
09.10.2025 20:45:00;09.10.2025 21:00:00;100.98
09.10.2025 21:00:00;09.10.2025 21:15:00;92.96
09.10.2025 21:15:00;09.10.2025 21:30:00;86.46
09.10.2025 21:30:00;09.10.2025 21:45:00;72.98
09.10.2025 21:45:00;09.10.2025 22:00:00;68.91
09.10.2025 22:00:00;09.10.2025 22:15:00;74.37
09.10.2025 22:15:00;09.10.2025 22:30:00;68.1
09.10.2025 22:30:00;09.10.2025 22:45:00;58.1
09.10.2025 22:45:00;09.10.2025 23:00:00;50.08
09.10.2025 23:00:00;09.10.2025 23:15:00;55.66
09.10.2025 23:15:00;09.10.2025 23:30:00;49.97
09.10.2025 23:30:00;09.10.2025 23:45:00;49.27
09.10.2025 23:45:00;10.10.2025 00:00:00;47.18
10.10.2025 00:00:00;10.10.2025 00:15:00;46.63
10.10.2025 00:15:00;10.10.2025 00:30:00;46.51
10.10.2025 00:30:00;10.10.2025 00:45:00;44.19
10.10.2025 00:45:00;10.10.2025 01:00:00;44.07
10.10.2025 01:00:00;10.10.2025 01:15:00;43.02
10.10.2025 01:15:00;10.10.2025 01:30:00;42.33
10.10.2025 01:30:00;10.10.2025 01:45:00;40.35
10.10.2025 01:45:00;10.10.2025 02:00:00;39.42
10.10.2025 02:00:00;10.10.2025 02:15:00;40.47
10.10.2025 02:15:00;10.10.2025 02:30:00;39.54
10.10.2025 02:30:00;10.10.2025 02:45:00;39.19
10.10.2025 02:45:00;10.10.2025 03:00:00;37.44
10.10.2025 03:00:00;10.10.2025 03:15:00;37.44
10.10.2025 03:15:00;10.10.2025 03:30:00;37.21
10.10.2025 03:30:00;10.10.2025 03:45:00;37.21
10.10.2025 03:45:00;10.10.2025 04:00:00;37.21
10.10.2025 04:00:00;10.10.2025 04:15:00;36.98
10.10.2025 04:15:00;10.10.2025 04:30:00;37.44
10.10.2025 04:30:00;10.10.2025 04:45:00;39.19
10.10.2025 04:45:00;10.10.2025 05:00:00;40.35
10.10.2025 05:00:00;10.10.2025 05:15:00;43.61
10.10.2025 05:15:00;10.10.2025 05:30:00;45
10.10.2025 05:30:00;10.10.2025 05:45:00;46.98
10.10.2025 05:45:00;10.10.2025 06:00:00;49.77
10.10.2025 06:00:00;10.10.2025 06:15:00;58.03
10.10.2025 06:15:00;10.10.2025 06:30:00;69.42
10.10.2025 06:30:00;10.10.2025 06:45:00;93.03
10.10.2025 06:45:00;10.10.2025 07:00:00;112.91
10.10.2025 07:00:00;10.10.2025 07:15:00;104.54
10.10.2025 07:15:00;10.10.2025 07:30:00;138.38
10.10.2025 07:30:00;10.10.2025 07:45:00;174.89
10.10.2025 07:45:00;10.10.2025 08:00:00;228.61
10.10.2025 08:00:00;10.10.2025 08:15:00;253.5
10.10.2025 08:15:00;10.10.2025 08:30:00;260.13
10.10.2025 08:30:00;10.10.2025 08:45:00;260.13
10.10.2025 08:45:00;10.10.2025 09:00:00;260.13
10.10.2025 09:00:00;10.10.2025 09:15:00;213.73
10.10.2025 09:15:00;10.10.2025 09:30:00;208.03
10.10.2025 09:30:00;10.10.2025 09:45:00;203.38
10.10.2025 09:45:00;10.10.2025 10:00:00;200.7
10.10.2025 10:00:00;10.10.2025 10:15:00;159.77
10.10.2025 10:15:00;10.10.2025 10:30:00;135.7
10.10.2025 10:30:00;10.10.2025 10:45:00;116.4
10.10.2025 10:45:00;10.10.2025 11:00:00;104.54
10.10.2025 11:00:00;10.10.2025 11:15:00;117.1
10.10.2025 11:15:00;10.10.2025 11:30:00;109.54
10.10.2025 11:30:00;10.10.2025 11:45:00;104.07
10.10.2025 11:45:00;10.10.2025 12:00:00;94.65
10.10.2025 12:00:00;10.10.2025 12:15:00;104.65
10.10.2025 12:15:00;10.10.2025 12:30:00;104.07
10.10.2025 12:30:00;10.10.2025 12:45:00;96.4
10.10.2025 12:45:00;10.10.2025 13:00:00;92.91
10.10.2025 13:00:00;10.10.2025 13:15:00;100.47
10.10.2025 13:15:00;10.10.2025 13:30:00;81.4
10.10.2025 13:30:00;10.10.2025 13:45:00;76.05
10.10.2025 13:45:00;10.10.2025 14:00:00;69.42
10.10.2025 14:00:00;10.10.2025 14:15:00;67.1
10.10.2025 14:15:00;10.10.2025 14:30:00;62.91
10.10.2025 14:30:00;10.10.2025 14:45:00;59.89
10.10.2025 14:45:00;10.10.2025 15:00:00;58.14
10.10.2025 15:00:00;10.10.2025 15:15:00;58.14
10.10.2025 15:15:00;10.10.2025 15:30:00;59.42
10.10.2025 15:30:00;10.10.2025 15:45:00;60.58
10.10.2025 15:45:00;10.10.2025 16:00:00;61.51
10.10.2025 16:00:00;10.10.2025 16:15:00;69.77
10.10.2025 16:15:00;10.10.2025 16:30:00;76.05
10.10.2025 16:30:00;10.10.2025 16:45:00;74.31
10.10.2025 16:45:00;10.10.2025 17:00:00;76.05
10.10.2025 17:00:00;10.10.2025 17:15:00;92.91
10.10.2025 17:15:00;10.10.2025 17:30:00;92.91
10.10.2025 17:30:00;10.10.2025 17:45:00;83.96
10.10.2025 17:45:00;10.10.2025 18:00:00;80.82
10.10.2025 18:00:00;10.10.2025 18:15:00;93.14
10.10.2025 18:15:00;10.10.2025 18:30:00;93.03
10.10.2025 18:30:00;10.10.2025 18:45:00;92.91
10.10.2025 18:45:00;10.10.2025 19:00:00;77.79
10.10.2025 19:00:00;10.10.2025 19:15:00;93.03
10.10.2025 19:15:00;10.10.2025 19:30:00;79.89
10.10.2025 19:30:00;10.10.2025 19:45:00;74.54
10.10.2025 19:45:00;10.10.2025 20:00:00;68.96
10.10.2025 20:00:00;10.10.2025 20:15:00;76.05
10.10.2025 20:15:00;10.10.2025 20:30:00;67.91
10.10.2025 20:30:00;10.10.2025 20:45:00;58.14
10.10.2025 20:45:00;10.10.2025 21:00:00;58.03
10.10.2025 21:00:00;10.10.2025 21:15:00;58.03
10.10.2025 21:15:00;10.10.2025 21:30:00;55
10.10.2025 21:30:00;10.10.2025 21:45:00;51.16
10.10.2025 21:45:00;10.10.2025 22:00:00;49.77
10.10.2025 22:00:00;10.10.2025 22:15:00;46.75
10.10.2025 22:15:00;10.10.2025 22:30:00;44.19
10.10.2025 22:30:00;10.10.2025 22:45:00;43.61
10.10.2025 22:45:00;10.10.2025 23:00:00;42.91
10.10.2025 23:00:00;10.10.2025 23:15:00;40.82
10.10.2025 23:15:00;10.10.2025 23:30:00;39.42
10.10.2025 23:30:00;10.10.2025 23:45:00;35.93
10.10.2025 23:45:00;11.10.2025 00:00:00;35.23
11.10.2025 00:00:00;11.10.2025 00:15:00;39.73
11.10.2025 00:15:00;11.10.2025 00:30:00;40.9
11.10.2025 00:30:00;11.10.2025 00:45:00;39.61
11.10.2025 00:45:00;11.10.2025 01:00:00;35.99
11.10.2025 01:00:00;11.10.2025 01:15:00;35.29
11.10.2025 01:15:00;11.10.2025 01:30:00;34.7
11.10.2025 01:30:00;11.10.2025 01:45:00;33.18
11.10.2025 01:45:00;11.10.2025 02:00:00;30.26
11.10.2025 02:00:00;11.10.2025 02:15:00;29.33
11.10.2025 02:15:00;11.10.2025 02:30:00;28.74
11.10.2025 02:30:00;11.10.2025 02:45:00;28.04
11.10.2025 02:45:00;11.10.2025 03:00:00;27.69
11.10.2025 03:00:00;11.10.2025 03:15:00;27.46
11.10.2025 03:15:00;11.10.2025 03:30:00;27.34
11.10.2025 03:30:00;11.10.2025 03:45:00;27.34
11.10.2025 03:45:00;11.10.2025 04:00:00;27.11
11.10.2025 04:00:00;11.10.2025 04:15:00;27.34
11.10.2025 04:15:00;11.10.2025 04:30:00;27.34
11.10.2025 04:30:00;11.10.2025 04:45:00;27.46
11.10.2025 04:45:00;11.10.2025 05:00:00;27.58
11.10.2025 05:00:00;11.10.2025 05:15:00;28.74
11.10.2025 05:15:00;11.10.2025 05:30:00;29.21
11.10.2025 05:30:00;11.10.2025 05:45:00;30.26
11.10.2025 05:45:00;11.10.2025 06:00:00;33.77
11.10.2025 06:00:00;11.10.2025 06:15:00;34
11.10.2025 06:15:00;11.10.2025 06:30:00;35.29
11.10.2025 06:30:00;11.10.2025 06:45:00;35.52
11.10.2025 06:45:00;11.10.2025 07:00:00;36.22
11.10.2025 07:00:00;11.10.2025 07:15:00;43.23
11.10.2025 07:15:00;11.10.2025 07:30:00;44.28
11.10.2025 07:30:00;11.10.2025 07:45:00;46.62
11.10.2025 07:45:00;11.10.2025 08:00:00;47.21
11.10.2025 08:00:00;11.10.2025 08:15:00;49.43
11.10.2025 08:15:00;11.10.2025 08:30:00;50.24
11.10.2025 08:30:00;11.10.2025 08:45:00;52.58
11.10.2025 08:45:00;11.10.2025 09:00:00;57.25
11.10.2025 09:00:00;11.10.2025 09:15:00;54.33
11.10.2025 09:15:00;11.10.2025 09:30:00;55.97
11.10.2025 09:30:00;11.10.2025 09:45:00;57.25
11.10.2025 09:45:00;11.10.2025 10:00:00;57.84
11.10.2025 10:00:00;11.10.2025 10:15:00;58.31
11.10.2025 10:15:00;11.10.2025 10:30:00;58.31
11.10.2025 10:30:00;11.10.2025 10:45:00;57.6
11.10.2025 10:45:00;11.10.2025 11:00:00;54.1
11.10.2025 11:00:00;11.10.2025 11:15:00;52.23
11.10.2025 11:15:00;11.10.2025 11:30:00;51.41
11.10.2025 11:30:00;11.10.2025 11:45:00;50.24
11.10.2025 11:45:00;11.10.2025 12:00:00;47.56
11.10.2025 12:00:00;11.10.2025 12:15:00;46.85
11.10.2025 12:15:00;11.10.2025 12:30:00;46.62
11.10.2025 12:30:00;11.10.2025 12:45:00;43.47
11.10.2025 12:45:00;11.10.2025 13:00:00;43.12
11.10.2025 13:00:00;11.10.2025 13:15:00;43.23
11.10.2025 13:15:00;11.10.2025 13:30:00;43.12
11.10.2025 13:30:00;11.10.2025 13:45:00;40.55
11.10.2025 13:45:00;11.10.2025 14:00:00;43.12
11.10.2025 14:00:00;11.10.2025 14:15:00;38.21
11.10.2025 14:15:00;11.10.2025 14:30:00;43.12
11.10.2025 14:30:00;11.10.2025 14:45:00;44.4
11.10.2025 14:45:00;11.10.2025 15:00:00;47.91
11.10.2025 15:00:00;11.10.2025 15:15:00;46.85
11.10.2025 15:15:00;11.10.2025 15:30:00;53.05
11.10.2025 15:30:00;11.10.2025 15:45:00;58.42
11.10.2025 15:45:00;11.10.2025 16:00:00;72.09
11.10.2025 16:00:00;11.10.2025 16:15:00;54.1
11.10.2025 16:15:00;11.10.2025 16:30:00;69.76
11.10.2025 16:30:00;11.10.2025 16:45:00;93.36
11.10.2025 16:45:00;11.10.2025 17:00:00;117.08
11.10.2025 17:00:00;11.10.2025 17:15:00;93.48
11.10.2025 17:15:00;11.10.2025 17:30:00;111.24
11.10.2025 17:30:00;11.10.2025 17:45:00;175.27
11.10.2025 17:45:00;11.10.2025 18:00:00;233.57
11.10.2025 18:00:00;11.10.2025 18:15:00;132.85
11.10.2025 18:15:00;11.10.2025 18:30:00;156.57
11.10.2025 18:30:00;11.10.2025 18:45:00;172.46
11.10.2025 18:45:00;11.10.2025 19:00:00;182.04
11.10.2025 19:00:00;11.10.2025 19:15:00;180.76
11.10.2025 19:15:00;11.10.2025 19:30:00;168.72
11.10.2025 19:30:00;11.10.2025 19:45:00;149.91
11.10.2025 19:45:00;11.10.2025 20:00:00;119.42
11.10.2025 20:00:00;11.10.2025 20:15:00;141.03
11.10.2025 20:15:00;11.10.2025 20:30:00;116.84
11.10.2025 20:30:00;11.10.2025 20:45:00;103.29
11.10.2025 20:45:00;11.10.2025 21:00:00;93.48
11.10.2025 21:00:00;11.10.2025 21:15:00;115.91
11.10.2025 21:15:00;11.10.2025 21:30:00;99.67
11.10.2025 21:30:00;11.10.2025 21:45:00;93.48
11.10.2025 21:45:00;11.10.2025 22:00:00;81.67
11.10.2025 22:00:00;11.10.2025 22:15:00;93.59
11.10.2025 22:15:00;11.10.2025 22:30:00;78.29
11.10.2025 22:30:00;11.10.2025 22:45:00;69.87
11.10.2025 22:45:00;11.10.2025 23:00:00;58.42
11.10.2025 23:00:00;11.10.2025 23:15:00;69.76
11.10.2025 23:15:00;11.10.2025 23:30:00;61.93
11.10.2025 23:30:00;11.10.2025 23:45:00;58.42
11.10.2025 23:45:00;12.10.2025 00:00:00;57.6
12.10.2025 00:00:00;12.10.2025 00:15:00;75.89
12.10.2025 00:15:00;12.10.2025 00:30:00;70.15
12.10.2025 00:30:00;12.10.2025 00:45:00;58.65
12.10.2025 00:45:00;12.10.2025 01:00:00;54.9
12.10.2025 01:00:00;12.10.2025 01:15:00;58.65
12.10.2025 01:15:00;12.10.2025 01:30:00;55.25
12.10.2025 01:30:00;12.10.2025 01:45:00;50.32
12.10.2025 01:45:00;12.10.2025 02:00:00;48.09
12.10.2025 02:00:00;12.10.2025 02:15:00;47.98
12.10.2025 02:15:00;12.10.2025 02:30:00;47.51
12.10.2025 02:30:00;12.10.2025 02:45:00;47.04
12.10.2025 02:45:00;12.10.2025 03:00:00;46.8
12.10.2025 03:00:00;12.10.2025 03:15:00;45.75
12.10.2025 03:15:00;12.10.2025 03:30:00;44.57
12.10.2025 03:30:00;12.10.2025 03:45:00;44.57
12.10.2025 03:45:00;12.10.2025 04:00:00;43.75
12.10.2025 04:00:00;12.10.2025 04:15:00;43.75
12.10.2025 04:15:00;12.10.2025 04:30:00;43.52
12.10.2025 04:30:00;12.10.2025 04:45:00;43.4
12.10.2025 04:45:00;12.10.2025 05:00:00;43.4
12.10.2025 05:00:00;12.10.2025 05:15:00;42.93
12.10.2025 05:15:00;12.10.2025 05:30:00;43.28
12.10.2025 05:30:00;12.10.2025 05:45:00;43.28
12.10.2025 05:45:00;12.10.2025 06:00:00;43.28
12.10.2025 06:00:00;12.10.2025 06:15:00;44.34
12.10.2025 06:15:00;12.10.2025 06:30:00;44.57
12.10.2025 06:30:00;12.10.2025 06:45:00;44.57
12.10.2025 06:45:00;12.10.2025 07:00:00;46.8
12.10.2025 07:00:00;12.10.2025 07:15:00;47.39
12.10.2025 07:15:00;12.10.2025 07:30:00;47.86
12.10.2025 07:30:00;12.10.2025 07:45:00;50.32
12.10.2025 07:45:00;12.10.2025 08:00:00;52.43
12.10.2025 08:00:00;12.10.2025 08:15:00;53.02
12.10.2025 08:15:00;12.10.2025 08:30:00;58.53
12.10.2025 08:30:00;12.10.2025 08:45:00;60.06
12.10.2025 08:45:00;12.10.2025 09:00:00;69.79
12.10.2025 09:00:00;12.10.2025 09:15:00;68.97
12.10.2025 09:15:00;12.10.2025 09:30:00;69.79
12.10.2025 09:30:00;12.10.2025 09:45:00;69.91
12.10.2025 09:45:00;12.10.2025 10:00:00;70.03
12.10.2025 10:00:00;12.10.2025 10:15:00;77.18
12.10.2025 10:15:00;12.10.2025 10:30:00;74.25
12.10.2025 10:30:00;12.10.2025 10:45:00;68.86
12.10.2025 10:45:00;12.10.2025 11:00:00;58.53
12.10.2025 11:00:00;12.10.2025 11:15:00;78.24
12.10.2025 11:15:00;12.10.2025 11:30:00;70.03
12.10.2025 11:30:00;12.10.2025 11:45:00;61.93
12.10.2025 11:45:00;12.10.2025 12:00:00;58.42
12.10.2025 12:00:00;12.10.2025 12:15:00;58.65
12.10.2025 12:15:00;12.10.2025 12:30:00;58.53
12.10.2025 12:30:00;12.10.2025 12:45:00;51.73
12.10.2025 12:45:00;12.10.2025 13:00:00;47.39
12.10.2025 13:00:00;12.10.2025 13:15:00;46.8
12.10.2025 13:15:00;12.10.2025 13:30:00;44.57
12.10.2025 13:30:00;12.10.2025 13:45:00;44.57
12.10.2025 13:45:00;12.10.2025 14:00:00;44.57
12.10.2025 14:00:00;12.10.2025 14:15:00;43.4
12.10.2025 14:15:00;12.10.2025 14:30:00;44.57
12.10.2025 14:30:00;12.10.2025 14:45:00;48.09
12.10.2025 14:45:00;12.10.2025 15:00:00;61.35
12.10.2025 15:00:00;12.10.2025 15:15:00;55.25
12.10.2025 15:15:00;12.10.2025 15:30:00;60.64
12.10.2025 15:30:00;12.10.2025 15:45:00;79.76
12.10.2025 15:45:00;12.10.2025 16:00:00;95.25
12.10.2025 16:00:00;12.10.2025 16:15:00;58.65
12.10.2025 16:15:00;12.10.2025 16:30:00;78.59
12.10.2025 16:30:00;12.10.2025 16:45:00;116.95
12.10.2025 16:45:00;12.10.2025 17:00:00;146.63
12.10.2025 17:00:00;12.10.2025 17:15:00;93.84
12.10.2025 17:15:00;12.10.2025 17:30:00;117.3
12.10.2025 17:30:00;12.10.2025 17:45:00;146.63
12.10.2025 17:45:00;12.10.2025 18:00:00;206.33
12.10.2025 18:00:00;12.10.2025 18:15:00;163.63
12.10.2025 18:15:00;12.10.2025 18:30:00;183.69
12.10.2025 18:30:00;12.10.2025 18:45:00;171.85
12.10.2025 18:45:00;12.10.2025 19:00:00;171.14
12.10.2025 19:00:00;12.10.2025 19:15:00;164.46
12.10.2025 19:15:00;12.10.2025 19:30:00;154.25
12.10.2025 19:30:00;12.10.2025 19:45:00;146.63
12.10.2025 19:45:00;12.10.2025 20:00:00;136.77
12.10.2025 20:00:00;12.10.2025 20:15:00;148.97
12.10.2025 20:15:00;12.10.2025 20:30:00;141.93
12.10.2025 20:30:00;12.10.2025 20:45:00;117.89
12.10.2025 20:45:00;12.10.2025 21:00:00;116.36
12.10.2025 21:00:00;12.10.2025 21:15:00;117.3
12.10.2025 21:15:00;12.10.2025 21:30:00;117.18
12.10.2025 21:30:00;12.10.2025 21:45:00;104.98
12.10.2025 21:45:00;12.10.2025 22:00:00;97.36
12.10.2025 22:00:00;12.10.2025 22:15:00;116.48
12.10.2025 22:15:00;12.10.2025 22:30:00;95.6
12.10.2025 22:30:00;12.10.2025 22:45:00;89.97
12.10.2025 22:45:00;12.10.2025 23:00:00;75.54
12.10.2025 23:00:00;12.10.2025 23:15:00;105.45
12.10.2025 23:15:00;12.10.2025 23:30:00;93.96
12.10.2025 23:30:00;12.10.2025 23:45:00;76.83
12.10.2025 23:45:00;13.10.2025 00:00:00;62.05
13.10.2025 00:00:00;13.10.2025 00:15:00;93.84
13.10.2025 00:15:00;13.10.2025 00:30:00;93.96
13.10.2025 00:30:00;13.10.2025 00:45:00;93.84
13.10.2025 00:45:00;13.10.2025 01:00:00;78.59
13.10.2025 01:00:00;13.10.2025 01:15:00;87.98
13.10.2025 01:15:00;13.10.2025 01:30:00;81.05
13.10.2025 01:30:00;13.10.2025 01:45:00;93.37
13.10.2025 01:45:00;13.10.2025 02:00:00;93.84
13.10.2025 02:00:00;13.10.2025 02:15:00;89.62
13.10.2025 02:15:00;13.10.2025 02:30:00;89.62
13.10.2025 02:30:00;13.10.2025 02:45:00;86.22
13.10.2025 02:45:00;13.10.2025 03:00:00;93.84
13.10.2025 03:00:00;13.10.2025 03:15:00;93.49
13.10.2025 03:15:00;13.10.2025 03:30:00;93.84
13.10.2025 03:30:00;13.10.2025 03:45:00;93.84
13.10.2025 03:45:00;13.10.2025 04:00:00;93.96
13.10.2025 04:00:00;13.10.2025 04:15:00;93.96
13.10.2025 04:15:00;13.10.2025 04:30:00;104.98
13.10.2025 04:30:00;13.10.2025 04:45:00;127.39
13.10.2025 04:45:00;13.10.2025 05:00:00;156.48
13.10.2025 05:00:00;13.10.2025 05:15:00;146.51
13.10.2025 05:15:00;13.10.2025 05:30:00;293.37
13.10.2025 05:30:00;13.10.2025 05:45:00;454.54
13.10.2025 05:45:00;13.10.2025 06:00:00;518.12
13.10.2025 06:00:00;13.10.2025 06:15:00;527.74
13.10.2025 06:15:00;13.10.2025 06:30:00;592.84
13.10.2025 06:30:00;13.10.2025 06:45:00;624.28
13.10.2025 06:45:00;13.10.2025 07:00:00;644.8
13.10.2025 07:00:00;13.10.2025 07:15:00;737
13.10.2025 07:15:00;13.10.2025 07:30:00;756.59
13.10.2025 07:30:00;13.10.2025 07:45:00;776.77
13.10.2025 07:45:00;13.10.2025 08:00:00;800.34
13.10.2025 08:00:00;13.10.2025 08:15:00;837.06
13.10.2025 08:15:00;13.10.2025 08:30:00;839.17
13.10.2025 08:30:00;13.10.2025 08:45:00;832.48
13.10.2025 08:45:00;13.10.2025 09:00:00;833.42
13.10.2025 09:00:00;13.10.2025 09:15:00;817.12
13.10.2025 09:15:00;13.10.2025 09:30:00;806.33
13.10.2025 09:30:00;13.10.2025 09:45:00;818.29
13.10.2025 09:45:00;13.10.2025 10:00:00;813.01
13.10.2025 10:00:00;13.10.2025 10:15:00;778.88
13.10.2025 10:15:00;13.10.2025 10:30:00;780.4
13.10.2025 10:30:00;13.10.2025 10:45:00;779.82
13.10.2025 10:45:00;13.10.2025 11:00:00;777.82
13.10.2025 11:00:00;13.10.2025 11:15:00;773.48
13.10.2025 11:15:00;13.10.2025 11:30:00;767.85
13.10.2025 11:30:00;13.10.2025 11:45:00;764.92
13.10.2025 11:45:00;13.10.2025 12:00:00;765.51
13.10.2025 12:00:00;13.10.2025 12:15:00;766.33
13.10.2025 12:15:00;13.10.2025 12:30:00;763.39
13.10.2025 12:30:00;13.10.2025 12:45:00;763.16
13.10.2025 12:45:00;13.10.2025 13:00:00;763.98
13.10.2025 13:00:00;13.10.2025 13:15:00;762.34
13.10.2025 13:15:00;13.10.2025 13:30:00;762.46
13.10.2025 13:30:00;13.10.2025 13:45:00;761.75
13.10.2025 13:45:00;13.10.2025 14:00:00;754.71
13.10.2025 14:00:00;13.10.2025 14:15:00;755.77
13.10.2025 14:15:00;13.10.2025 14:30:00;763.51
13.10.2025 14:30:00;13.10.2025 14:45:00;768.44
13.10.2025 14:45:00;13.10.2025 15:00:00;772.54
13.10.2025 15:00:00;13.10.2025 15:15:00;773.6
13.10.2025 15:15:00;13.10.2025 15:30:00;778.76
13.10.2025 15:30:00;13.10.2025 15:45:00;791.08
13.10.2025 15:45:00;13.10.2025 16:00:00;808.79
13.10.2025 16:00:00;13.10.2025 16:15:00;781.93
13.10.2025 16:15:00;13.10.2025 16:30:00;801.63
13.10.2025 16:30:00;13.10.2025 16:45:00;820.4
13.10.2025 16:45:00;13.10.2025 17:00:00;828.73
13.10.2025 17:00:00;13.10.2025 17:15:00;838.47
13.10.2025 17:15:00;13.10.2025 17:30:00;857.7
13.10.2025 17:30:00;13.10.2025 17:45:00;882.45
13.10.2025 17:45:00;13.10.2025 18:00:00;925.15
13.10.2025 18:00:00;13.10.2025 18:15:00;986.27
13.10.2025 18:15:00;13.10.2025 18:30:00;1007.15
13.10.2025 18:30:00;13.10.2025 18:45:00;1037.64
13.10.2025 18:45:00;13.10.2025 19:00:00;1069.43
13.10.2025 19:00:00;13.10.2025 19:15:00;1027.44
13.10.2025 19:15:00;13.10.2025 19:30:00;1027.44
13.10.2025 19:30:00;13.10.2025 19:45:00;1026.97
13.10.2025 19:45:00;13.10.2025 20:00:00;1025.8
13.10.2025 20:00:00;13.10.2025 20:15:00;909.2
13.10.2025 20:15:00;13.10.2025 20:30:00;891.25
13.10.2025 20:30:00;13.10.2025 20:45:00;876.94
13.10.2025 20:45:00;13.10.2025 21:00:00;871.31
13.10.2025 21:00:00;13.10.2025 21:15:00;846.33
13.10.2025 21:15:00;13.10.2025 21:30:00;832.6
13.10.2025 21:30:00;13.10.2025 21:45:00;831.9
13.10.2025 21:45:00;13.10.2025 22:00:00;829.9
13.10.2025 22:00:00;13.10.2025 22:15:00;820.99
13.10.2025 22:15:00;13.10.2025 22:30:00;812.78
13.10.2025 22:30:00;13.10.2025 22:45:00;796.36
13.10.2025 22:45:00;13.10.2025 23:00:00;785.56
13.10.2025 23:00:00;13.10.2025 23:15:00;757.65
13.10.2025 23:15:00;13.10.2025 23:30:00;752.25
13.10.2025 23:30:00;13.10.2025 23:45:00;745.8
13.10.2025 23:45:00;14.10.2025 00:00:00;739
14.10.2025 00:00:00;14.10.2025 00:15:00;798.64
14.10.2025 00:15:00;14.10.2025 00:30:00;798.29
14.10.2025 00:30:00;14.10.2025 00:45:00;795.95
14.10.2025 00:45:00;14.10.2025 01:00:00;790.22
14.10.2025 01:00:00;14.10.2025 01:15:00;782.28
14.10.2025 01:15:00;14.10.2025 01:30:00;774.56
14.10.2025 01:30:00;14.10.2025 01:45:00;770.36
14.10.2025 01:45:00;14.10.2025 02:00:00;759.96
14.10.2025 02:00:00;14.10.2025 02:15:00;744.65
14.10.2025 02:15:00;14.10.2025 02:30:00;742.31
14.10.2025 02:30:00;14.10.2025 02:45:00;740.67
14.10.2025 02:45:00;14.10.2025 03:00:00;739.27
14.10.2025 03:00:00;14.10.2025 03:15:00;741.96
14.10.2025 03:15:00;14.10.2025 03:30:00;741.26
14.10.2025 03:30:00;14.10.2025 03:45:00;741.26
14.10.2025 03:45:00;14.10.2025 04:00:00;741.61
14.10.2025 04:00:00;14.10.2025 04:15:00;733.78
14.10.2025 04:15:00;14.10.2025 04:30:00;735.18
14.10.2025 04:30:00;14.10.2025 04:45:00;737.29
14.10.2025 04:45:00;14.10.2025 05:00:00;741.84
14.10.2025 05:00:00;14.10.2025 05:15:00;773.75
14.10.2025 05:15:00;14.10.2025 05:30:00;791.39
14.10.2025 05:30:00;14.10.2025 05:45:00;795.13
14.10.2025 05:45:00;14.10.2025 06:00:00;797.82
14.10.2025 06:00:00;14.10.2025 06:15:00;817.8
14.10.2025 06:15:00;14.10.2025 06:30:00;849.94
14.10.2025 06:30:00;14.10.2025 06:45:00;873.78
14.10.2025 06:45:00;14.10.2025 07:00:00;888.51
14.10.2025 07:00:00;14.10.2025 07:15:00;971.01
14.10.2025 07:15:00;14.10.2025 07:30:00;1023.6
14.10.2025 07:30:00;14.10.2025 07:45:00;1082.38
14.10.2025 07:45:00;14.10.2025 08:00:00;1110.19
14.10.2025 08:00:00;14.10.2025 08:15:00;1635.96
14.10.2025 08:15:00;14.10.2025 08:30:00;1401.3
14.10.2025 08:30:00;14.10.2025 08:45:00;1308.04
14.10.2025 08:45:00;14.10.2025 09:00:00;1264.1
14.10.2025 09:00:00;14.10.2025 09:15:00;1367.41
14.10.2025 09:15:00;14.10.2025 09:30:00;1112.3
14.10.2025 09:30:00;14.10.2025 09:45:00;1089.16
14.10.2025 09:45:00;14.10.2025 10:00:00;1098.39
14.10.2025 10:00:00;14.10.2025 10:15:00;1135.44
14.10.2025 10:15:00;14.10.2025 10:30:00;1108.56
14.10.2025 10:30:00;14.10.2025 10:45:00;1082.61
14.10.2025 10:45:00;14.10.2025 11:00:00;1023.6
14.10.2025 11:00:00;14.10.2025 11:15:00;987.49
14.10.2025 11:15:00;14.10.2025 11:30:00;958.04
14.10.2025 11:30:00;14.10.2025 11:45:00;946.82
14.10.2025 11:45:00;14.10.2025 12:00:00;933.97
14.10.2025 12:00:00;14.10.2025 12:15:00;946.94
14.10.2025 12:15:00;14.10.2025 12:30:00;933.97
14.10.2025 12:30:00;14.10.2025 12:45:00;899.37
14.10.2025 12:45:00;14.10.2025 13:00:00;882.66
14.10.2025 13:00:00;14.10.2025 13:15:00;856.6
14.10.2025 13:15:00;14.10.2025 13:30:00;853.1
14.10.2025 13:30:00;14.10.2025 13:45:00;852.04
14.10.2025 13:45:00;14.10.2025 14:00:00;846.08
14.10.2025 14:00:00;14.10.2025 14:15:00;832.88
14.10.2025 14:15:00;14.10.2025 14:30:00;831.13
14.10.2025 14:30:00;14.10.2025 14:45:00;827.15
14.10.2025 14:45:00;14.10.2025 15:00:00;833.93
14.10.2025 15:00:00;14.10.2025 15:15:00;845.5
14.10.2025 15:15:00;14.10.2025 15:30:00;849.94
14.10.2025 15:30:00;14.10.2025 15:45:00;852.04
14.10.2025 15:45:00;14.10.2025 16:00:00;865.6
14.10.2025 16:00:00;14.10.2025 16:15:00;876.59
14.10.2025 16:15:00;14.10.2025 16:30:00;884.88
14.10.2025 16:30:00;14.10.2025 16:45:00;897.74
14.10.2025 16:45:00;14.10.2025 17:00:00;916.55
14.10.2025 17:00:00;14.10.2025 17:15:00;915.85
14.10.2025 17:15:00;14.10.2025 17:30:00;906.97
14.10.2025 17:30:00;14.10.2025 17:45:00;911.06
14.10.2025 17:45:00;14.10.2025 18:00:00;934.9
14.10.2025 18:00:00;14.10.2025 18:15:00;917.84
14.10.2025 18:15:00;14.10.2025 18:30:00;946.7
14.10.2025 18:30:00;14.10.2025 18:45:00;947.64
14.10.2025 18:45:00;14.10.2025 19:00:00;957.1
14.10.2025 19:00:00;14.10.2025 19:15:00;958.51
14.10.2025 19:15:00;14.10.2025 19:30:00;934.78
14.10.2025 19:30:00;14.10.2025 19:45:00;910.01
14.10.2025 19:45:00;14.10.2025 20:00:00;863.03
14.10.2025 20:00:00;14.10.2025 20:15:00;832.65
14.10.2025 20:15:00;14.10.2025 20:30:00;813.36
14.10.2025 20:30:00;14.10.2025 20:45:00;800.51
14.10.2025 20:45:00;14.10.2025 21:00:00;759.72
14.10.2025 21:00:00;14.10.2025 21:15:00;776.08
14.10.2025 21:15:00;14.10.2025 21:30:00;747.57
14.10.2025 21:30:00;14.10.2025 21:45:00;729.34
14.10.2025 21:45:00;14.10.2025 22:00:00;711.58
14.10.2025 22:00:00;14.10.2025 22:15:00;660.62
14.10.2025 22:15:00;14.10.2025 22:30:00;648.35
14.10.2025 22:30:00;14.10.2025 22:45:00;641.69
14.10.2025 22:45:00;14.10.2025 23:00:00;637.13
14.10.2025 23:00:00;14.10.2025 23:15:00;632.46
14.10.2025 23:15:00;14.10.2025 23:30:00;619.6
14.10.2025 23:30:00;14.10.2025 23:45:00;607.33
14.10.2025 23:45:00;15.10.2025 00:00:00;584.31
15.10.2025 00:00:00;15.10.2025 00:15:00;571.68
15.10.2025 00:15:00;15.10.2025 00:30:00;559.9
15.10.2025 00:30:00;15.10.2025 00:45:00;546.95
15.10.2025 00:45:00;15.10.2025 01:00:00;524.92
15.10.2025 01:00:00;15.10.2025 01:15:00;552.37
15.10.2025 01:15:00;15.10.2025 01:30:00;541.65
15.10.2025 01:30:00;15.10.2025 01:45:00;522.92
15.10.2025 01:45:00;15.10.2025 02:00:00;506.55
15.10.2025 02:00:00;15.10.2025 02:15:00;488.18
15.10.2025 02:15:00;15.10.2025 02:30:00;471.69
15.10.2025 02:30:00;15.10.2025 02:45:00;469.57
15.10.2025 02:45:00;15.10.2025 03:00:00;453.79
15.10.2025 03:00:00;15.10.2025 03:15:00;453.91
15.10.2025 03:15:00;15.10.2025 03:30:00;428.47
15.10.2025 03:30:00;15.10.2025 03:45:00;416.69
15.10.2025 03:45:00;15.10.2025 04:00:00;413.16
15.10.2025 04:00:00;15.10.2025 04:15:00;413.04
15.10.2025 04:15:00;15.10.2025 04:30:00;423.76
15.10.2025 04:30:00;15.10.2025 04:45:00;462.27
15.10.2025 04:45:00;15.10.2025 05:00:00;471.22
15.10.2025 05:00:00;15.10.2025 05:15:00;518.45
15.10.2025 05:15:00;15.10.2025 05:30:00;552.13
15.10.2025 05:30:00;15.10.2025 05:45:00;570.39
15.10.2025 05:45:00;15.10.2025 06:00:00;588.88
15.10.2025 06:00:00;15.10.2025 06:15:00;603.83
15.10.2025 06:15:00;15.10.2025 06:30:00;636.93
15.10.2025 06:30:00;15.10.2025 06:45:00;661.31
15.10.2025 06:45:00;15.10.2025 07:00:00;682.51
15.10.2025 07:00:00;15.10.2025 07:15:00;739.16
15.10.2025 07:15:00;15.10.2025 07:30:00;756.59
15.10.2025 07:30:00;15.10.2025 07:45:00;765.42
15.10.2025 07:45:00;15.10.2025 08:00:00;770.72
15.10.2025 08:00:00;15.10.2025 08:15:00;814.77
15.10.2025 08:15:00;15.10.2025 08:30:00;812.3
15.10.2025 08:30:00;15.10.2025 08:45:00;810.29
15.10.2025 08:45:00;15.10.2025 09:00:00;782.03
15.10.2025 09:00:00;15.10.2025 09:15:00;804.99
15.10.2025 09:15:00;15.10.2025 09:30:00;771.19
15.10.2025 09:30:00;15.10.2025 09:45:00;757.41
15.10.2025 09:45:00;15.10.2025 10:00:00;754.35
15.10.2025 10:00:00;15.10.2025 10:15:00;759.65
15.10.2025 10:15:00;15.10.2025 10:30:00;749.17
15.10.2025 10:30:00;15.10.2025 10:45:00;746.81
15.10.2025 10:45:00;15.10.2025 11:00:00;739.75
15.10.2025 11:00:00;15.10.2025 11:15:00;730.91
15.10.2025 11:15:00;15.10.2025 11:30:00;714.07
15.10.2025 11:30:00;15.10.2025 11:45:00;706.77
15.10.2025 11:45:00;15.10.2025 12:00:00;694.52
15.10.2025 12:00:00;15.10.2025 12:15:00;690.87
15.10.2025 12:15:00;15.10.2025 12:30:00;676.38
15.10.2025 12:30:00;15.10.2025 12:45:00;664.37
15.10.2025 12:45:00;15.10.2025 13:00:00;647.65
15.10.2025 13:00:00;15.10.2025 13:15:00;641.05
15.10.2025 13:15:00;15.10.2025 13:30:00;633.04
15.10.2025 13:30:00;15.10.2025 13:45:00;622.09
15.10.2025 13:45:00;15.10.2025 14:00:00;612.08
15.10.2025 14:00:00;15.10.2025 14:15:00;596.18
15.10.2025 14:15:00;15.10.2025 14:30:00;592.41
15.10.2025 14:30:00;15.10.2025 14:45:00;593.59
15.10.2025 14:45:00;15.10.2025 15:00:00;593.59
15.10.2025 15:00:00;15.10.2025 15:15:00;613.02
15.10.2025 15:15:00;15.10.2025 15:30:00;617.85
15.10.2025 15:30:00;15.10.2025 15:45:00;624.33
15.10.2025 15:45:00;15.10.2025 16:00:00;639.87
15.10.2025 16:00:00;15.10.2025 16:15:00;631.28
15.10.2025 16:15:00;15.10.2025 16:30:00;631.75
15.10.2025 16:30:00;15.10.2025 16:45:00;644.58
15.10.2025 16:45:00;15.10.2025 17:00:00;647.06
15.10.2025 17:00:00;15.10.2025 17:15:00;635.87
15.10.2025 17:15:00;15.10.2025 17:30:00;638.11
15.10.2025 17:30:00;15.10.2025 17:45:00;649.77
15.10.2025 17:45:00;15.10.2025 18:00:00;647.53
15.10.2025 18:00:00;15.10.2025 18:15:00;693.93
15.10.2025 18:15:00;15.10.2025 18:30:00;696.52
15.10.2025 18:30:00;15.10.2025 18:45:00;694.4
15.10.2025 18:45:00;15.10.2025 19:00:00;662.49
15.10.2025 19:00:00;15.10.2025 19:15:00;599.36
15.10.2025 19:15:00;15.10.2025 19:30:00;563.2
15.10.2025 19:30:00;15.10.2025 19:45:00;546.01
15.10.2025 19:45:00;15.10.2025 20:00:00;496.78
15.10.2025 20:00:00;15.10.2025 20:15:00;485.35
15.10.2025 20:15:00;15.10.2025 20:30:00;461.33
15.10.2025 20:30:00;15.10.2025 20:45:00;365.46
15.10.2025 20:45:00;15.10.2025 21:00:00;244.85
15.10.2025 21:00:00;15.10.2025 21:15:00;377.12
15.10.2025 21:15:00;15.10.2025 21:30:00;255.1
15.10.2025 21:30:00;15.10.2025 21:45:00;185.26
15.10.2025 21:45:00;15.10.2025 22:00:00;137.33
15.10.2025 22:00:00;15.10.2025 22:15:00;137.33
15.10.2025 22:15:00;15.10.2025 22:30:00;107.88
15.10.2025 22:30:00;15.10.2025 22:45:00;104.94
15.10.2025 22:45:00;15.10.2025 23:00:00;58.89
15.10.2025 23:00:00;15.10.2025 23:15:00;105.53
15.10.2025 23:15:00;15.10.2025 23:30:00;71.73
15.10.2025 23:30:00;15.10.2025 23:45:00;62.42
15.10.2025 23:45:00;16.10.2025 00:00:00;56.41
16.10.2025 00:00:00;16.10.2025 00:15:00;69.78
16.10.2025 00:15:00;16.10.2025 00:30:00;69.78
16.10.2025 00:30:00;16.10.2025 00:45:00;58.64
16.10.2025 00:45:00;16.10.2025 01:00:00;58.52
16.10.2025 01:00:00;16.10.2025 01:15:00;58.64
16.10.2025 01:15:00;16.10.2025 01:30:00;58.52
16.10.2025 01:30:00;16.10.2025 01:45:00;58.52
16.10.2025 01:45:00;16.10.2025 02:00:00;56.18
16.10.2025 02:00:00;16.10.2025 02:15:00;58.64
16.10.2025 02:15:00;16.10.2025 02:30:00;58.52
16.10.2025 02:30:00;16.10.2025 02:45:00;58.52
16.10.2025 02:45:00;16.10.2025 03:00:00;58.05
16.10.2025 03:00:00;16.10.2025 03:15:00;55.71
16.10.2025 03:15:00;16.10.2025 03:30:00;54.65
16.10.2025 03:30:00;16.10.2025 03:45:00;54.77
16.10.2025 03:45:00;16.10.2025 04:00:00;54.3
16.10.2025 04:00:00;16.10.2025 04:15:00;52.19
16.10.2025 04:15:00;16.10.2025 04:30:00;54.3
16.10.2025 04:30:00;16.10.2025 04:45:00;57.94
16.10.2025 04:45:00;16.10.2025 05:00:00;58.52
16.10.2025 05:00:00;16.10.2025 05:15:00;58.52
16.10.2025 05:15:00;16.10.2025 05:30:00;69.55
16.10.2025 05:30:00;16.10.2025 05:45:00;78.58
16.10.2025 05:45:00;16.10.2025 06:00:00;93.83
16.10.2025 06:00:00;16.10.2025 06:15:00;78.23
16.10.2025 06:15:00;16.10.2025 06:30:00;105.2
16.10.2025 06:30:00;16.10.2025 06:45:00;146.6
16.10.2025 06:45:00;16.10.2025 07:00:00;186.01
16.10.2025 07:00:00;16.10.2025 07:15:00;194.69
16.10.2025 07:15:00;16.10.2025 07:30:00;237.03
16.10.2025 07:30:00;16.10.2025 07:45:00;304.93
16.10.2025 07:45:00;16.10.2025 08:00:00;410.95
16.10.2025 08:00:00;16.10.2025 08:15:00;513.34
16.10.2025 08:15:00;16.10.2025 08:30:00;527.77
16.10.2025 08:30:00;16.10.2025 08:45:00;504.19
16.10.2025 08:45:00;16.10.2025 09:00:00;469.01
16.10.2025 09:00:00;16.10.2025 09:15:00;540.2
16.10.2025 09:15:00;16.10.2025 09:30:00;483.43
16.10.2025 09:30:00;16.10.2025 09:45:00;421.98
16.10.2025 09:45:00;16.10.2025 10:00:00;394.54
16.10.2025 10:00:00;16.10.2025 10:15:00;417.17
16.10.2025 10:15:00;16.10.2025 10:30:00;410.72
16.10.2025 10:30:00;16.10.2025 10:45:00;293.2
16.10.2025 10:45:00;16.10.2025 11:00:00;285.35
16.10.2025 11:00:00;16.10.2025 11:15:00;392.42
16.10.2025 11:15:00;16.10.2025 11:30:00;291.91
16.10.2025 11:30:00;16.10.2025 11:45:00;286.87
16.10.2025 11:45:00;16.10.2025 12:00:00;261.3
16.10.2025 12:00:00;16.10.2025 12:15:00;286.17
16.10.2025 12:15:00;16.10.2025 12:30:00;281.01
16.10.2025 12:30:00;16.10.2025 12:45:00;276.67
16.10.2025 12:45:00;16.10.2025 13:00:00;277.14
16.10.2025 13:00:00;16.10.2025 13:15:00;234.56
16.10.2025 13:15:00;16.10.2025 13:30:00;243.95
16.10.2025 13:30:00;16.10.2025 13:45:00;259.66
16.10.2025 13:45:00;16.10.2025 14:00:00;280.65
16.10.2025 14:00:00;16.10.2025 14:15:00;234.45
16.10.2025 14:15:00;16.10.2025 14:30:00;250.75
16.10.2025 14:30:00;16.10.2025 14:45:00;283.82
16.10.2025 14:45:00;16.10.2025 15:00:00;354.89
16.10.2025 15:00:00;16.10.2025 15:15:00;271.74
16.10.2025 15:15:00;16.10.2025 15:30:00;323.35
16.10.2025 15:30:00;16.10.2025 15:45:00;397
16.10.2025 15:45:00;16.10.2025 16:00:00;412.83
16.10.2025 16:00:00;16.10.2025 16:15:00;296.72
16.10.2025 16:15:00;16.10.2025 16:30:00;413.65
16.10.2025 16:30:00;16.10.2025 16:45:00;457.75
16.10.2025 16:45:00;16.10.2025 17:00:00;474.05
16.10.2025 17:00:00;16.10.2025 17:15:00;441.8
16.10.2025 17:15:00;16.10.2025 17:30:00;469.83
16.10.2025 17:30:00;16.10.2025 17:45:00;539.5
16.10.2025 17:45:00;16.10.2025 18:00:00;566.24
16.10.2025 18:00:00;16.10.2025 18:15:00;527.65
16.10.2025 18:15:00;16.10.2025 18:30:00;539.5
16.10.2025 18:30:00;16.10.2025 18:45:00;565.41
16.10.2025 18:45:00;16.10.2025 19:00:00;585.82
16.10.2025 19:00:00;16.10.2025 19:15:00;572.33
16.10.2025 19:15:00;16.10.2025 19:30:00;585.94
16.10.2025 19:30:00;16.10.2025 19:45:00;586.29
16.10.2025 19:45:00;16.10.2025 20:00:00;572.1
16.10.2025 20:00:00;16.10.2025 20:15:00;565.3
16.10.2025 20:15:00;16.10.2025 20:30:00;538.32
16.10.2025 20:30:00;16.10.2025 20:45:00;546.53
16.10.2025 20:45:00;16.10.2025 21:00:00;526.48
16.10.2025 21:00:00;16.10.2025 21:15:00;526.01
16.10.2025 21:15:00;16.10.2025 21:30:00;490.94
16.10.2025 21:30:00;16.10.2025 21:45:00;468.31
16.10.2025 21:45:00;16.10.2025 22:00:00;424.21
16.10.2025 22:00:00;16.10.2025 22:15:00;469.24
16.10.2025 22:15:00;16.10.2025 22:30:00;480.62
16.10.2025 22:30:00;16.10.2025 22:45:00;499.39
16.10.2025 22:45:00;16.10.2025 23:00:00;469.13
16.10.2025 23:00:00;16.10.2025 23:15:00;490.47
16.10.2025 23:15:00;16.10.2025 23:30:00;469.36
16.10.2025 23:30:00;16.10.2025 23:45:00;469.01
16.10.2025 23:45:00;17.10.2025 00:00:00;417.52
17.10.2025 00:00:00;17.10.2025 00:15:00;414.17
17.10.2025 00:15:00;17.10.2025 00:30:00;411.59
17.10.2025 00:30:00;17.10.2025 00:45:00;411.47
17.10.2025 00:45:00;17.10.2025 01:00:00;393.98
17.10.2025 01:00:00;17.10.2025 01:15:00;410.65
17.10.2025 01:15:00;17.10.2025 01:30:00;410.89
17.10.2025 01:30:00;17.10.2025 01:45:00;411.59
17.10.2025 01:45:00;17.10.2025 02:00:00;425.09
17.10.2025 02:00:00;17.10.2025 02:15:00;443.16
17.10.2025 02:15:00;17.10.2025 02:30:00;425.09
17.10.2025 02:30:00;17.10.2025 02:45:00;452.78
17.10.2025 02:45:00;17.10.2025 03:00:00;469.45
17.10.2025 03:00:00;17.10.2025 03:15:00;469.8
17.10.2025 03:15:00;17.10.2025 03:30:00;469.68
17.10.2025 03:30:00;17.10.2025 03:45:00;501.72
17.10.2025 03:45:00;17.10.2025 04:00:00;496.32
17.10.2025 04:00:00;17.10.2025 04:15:00;513.46
17.10.2025 04:15:00;17.10.2025 04:30:00;539.87
17.10.2025 04:30:00;17.10.2025 04:45:00;564.39
17.10.2025 04:45:00;17.10.2025 05:00:00;575.66
17.10.2025 05:00:00;17.10.2025 05:15:00;599.49
17.10.2025 05:15:00;17.10.2025 05:30:00;622.02
17.10.2025 05:30:00;17.10.2025 05:45:00;645.49
17.10.2025 05:45:00;17.10.2025 06:00:00;662.16
17.10.2025 06:00:00;17.10.2025 06:15:00;689.74
17.10.2025 06:15:00;17.10.2025 06:30:00;732.81
17.10.2025 06:30:00;17.10.2025 06:45:00;744.78
17.10.2025 06:45:00;17.10.2025 07:00:00;752.41
17.10.2025 07:00:00;17.10.2025 07:15:00;782.1
17.10.2025 07:15:00;17.10.2025 07:30:00;789.26
17.10.2025 07:30:00;17.10.2025 07:45:00;799
17.10.2025 07:45:00;17.10.2025 08:00:00;812.03
17.10.2025 08:00:00;17.10.2025 08:15:00;823.41
17.10.2025 08:15:00;17.10.2025 08:30:00;830.81
17.10.2025 08:30:00;17.10.2025 08:45:00;834.09
17.10.2025 08:45:00;17.10.2025 09:00:00;833.62
17.10.2025 09:00:00;17.10.2025 09:15:00;821.54
17.10.2025 09:15:00;17.10.2025 09:30:00;821.54
17.10.2025 09:30:00;17.10.2025 09:45:00;823.3
17.10.2025 09:45:00;17.10.2025 10:00:00;825.64
17.10.2025 10:00:00;17.10.2025 10:15:00;821.54
17.10.2025 10:15:00;17.10.2025 10:30:00;823.18
17.10.2025 10:30:00;17.10.2025 10:45:00;825.29
17.10.2025 10:45:00;17.10.2025 11:00:00;829.75
17.10.2025 11:00:00;17.10.2025 11:15:00;814.02
17.10.2025 11:15:00;17.10.2025 11:30:00;813.79
17.10.2025 11:30:00;17.10.2025 11:45:00;807.45
17.10.2025 11:45:00;17.10.2025 12:00:00;799.24
17.10.2025 12:00:00;17.10.2025 12:15:00;795.25
17.10.2025 12:15:00;17.10.2025 12:30:00;785.74
17.10.2025 12:30:00;17.10.2025 12:45:00;783.63
17.10.2025 12:45:00;17.10.2025 13:00:00;782.22
17.10.2025 13:00:00;17.10.2025 13:15:00;770.48
17.10.2025 13:15:00;17.10.2025 13:30:00;768.37
17.10.2025 13:30:00;17.10.2025 13:45:00;767.31
17.10.2025 13:45:00;17.10.2025 14:00:00;766.84
17.10.2025 14:00:00;17.10.2025 14:15:00;762.27
17.10.2025 14:15:00;17.10.2025 14:30:00;762.5
17.10.2025 14:30:00;17.10.2025 14:45:00;760.39
17.10.2025 14:45:00;17.10.2025 15:00:00;759.69
17.10.2025 15:00:00;17.10.2025 15:15:00;744.9
17.10.2025 15:15:00;17.10.2025 15:30:00;748.18
17.10.2025 15:30:00;17.10.2025 15:45:00;749.71
17.10.2025 15:45:00;17.10.2025 16:00:00;759.45
17.10.2025 16:00:00;17.10.2025 16:15:00;766.38
17.10.2025 16:15:00;17.10.2025 16:30:00;767.2
17.10.2025 16:30:00;17.10.2025 16:45:00;780.46
17.10.2025 16:45:00;17.10.2025 17:00:00;789.03
17.10.2025 17:00:00;17.10.2025 17:15:00;795.25
17.10.2025 17:15:00;17.10.2025 17:30:00;799.71
17.10.2025 17:30:00;17.10.2025 17:45:00;799
17.10.2025 17:45:00;17.10.2025 18:00:00;798.65
17.10.2025 18:00:00;17.10.2025 18:15:00;781.75
17.10.2025 18:15:00;17.10.2025 18:30:00;779.52
17.10.2025 18:30:00;17.10.2025 18:45:00;776.12
17.10.2025 18:45:00;17.10.2025 19:00:00;772.95
17.10.2025 19:00:00;17.10.2025 19:15:00;764.03
17.10.2025 19:15:00;17.10.2025 19:30:00;759.33
17.10.2025 19:30:00;17.10.2025 19:45:00;750.88
17.10.2025 19:45:00;17.10.2025 20:00:00;746.66
17.10.2025 20:00:00;17.10.2025 20:15:00;743.84
17.10.2025 20:15:00;17.10.2025 20:30:00;736.45
17.10.2025 20:30:00;17.10.2025 20:45:00;732.93
17.10.2025 20:45:00;17.10.2025 21:00:00;722.95
17.10.2025 21:00:00;17.10.2025 21:15:00;715.79
17.10.2025 21:15:00;17.10.2025 21:30:00;700.77
17.10.2025 21:30:00;17.10.2025 21:45:00;684.46
17.10.2025 21:45:00;17.10.2025 22:00:00;671.08
17.10.2025 22:00:00;17.10.2025 22:15:00;676.36
17.10.2025 22:15:00;17.10.2025 22:30:00;669.9
17.10.2025 22:30:00;17.10.2025 22:45:00;658.64
17.10.2025 22:45:00;17.10.2025 23:00:00;645.37
17.10.2025 23:00:00;17.10.2025 23:15:00;645.26
17.10.2025 23:15:00;17.10.2025 23:30:00;639.27
17.10.2025 23:30:00;17.10.2025 23:45:00;621.67
17.10.2025 23:45:00;18.10.2025 00:00:00;591.51
18.10.2025 00:00:00;18.10.2025 00:15:00;623.39
18.10.2025 00:15:00;18.10.2025 00:30:00;621.98
18.10.2025 00:30:00;18.10.2025 00:45:00;611.05
18.10.2025 00:45:00;18.10.2025 01:00:00;599.29
18.10.2025 01:00:00;18.10.2025 01:15:00;602.7
18.10.2025 01:15:00;18.10.2025 01:30:00;598.7
18.10.2025 01:30:00;18.10.2025 01:45:00;587.41
18.10.2025 01:45:00;18.10.2025 02:00:00;576.6
18.10.2025 02:00:00;18.10.2025 02:15:00;587.88
18.10.2025 02:15:00;18.10.2025 02:30:00;585.18
18.10.2025 02:30:00;18.10.2025 02:45:00;576.71
18.10.2025 02:45:00;18.10.2025 03:00:00;565.43
18.10.2025 03:00:00;18.10.2025 03:15:00;569.31
18.10.2025 03:15:00;18.10.2025 03:30:00;568.84
18.10.2025 03:30:00;18.10.2025 03:45:00;575.07
18.10.2025 03:45:00;18.10.2025 04:00:00;566.72
18.10.2025 04:00:00;18.10.2025 04:15:00;564.96
18.10.2025 04:15:00;18.10.2025 04:30:00;564.96
18.10.2025 04:30:00;18.10.2025 04:45:00;572.83
18.10.2025 04:45:00;18.10.2025 05:00:00;574.95
18.10.2025 05:00:00;18.10.2025 05:15:00;565.43
18.10.2025 05:15:00;18.10.2025 05:30:00;570.48
18.10.2025 05:30:00;18.10.2025 05:45:00;586.59
18.10.2025 05:45:00;18.10.2025 06:00:00;587.29
18.10.2025 06:00:00;18.10.2025 06:15:00;596.82
18.10.2025 06:15:00;18.10.2025 06:30:00;599.17
18.10.2025 06:30:00;18.10.2025 06:45:00;611.16
18.10.2025 06:45:00;18.10.2025 07:00:00;612.93
18.10.2025 07:00:00;18.10.2025 07:15:00;623.39
18.10.2025 07:15:00;18.10.2025 07:30:00;642.79
18.10.2025 07:30:00;18.10.2025 07:45:00;647.96
18.10.2025 07:45:00;18.10.2025 08:00:00;646.67
18.10.2025 08:00:00;18.10.2025 08:15:00;654.67
18.10.2025 08:15:00;18.10.2025 08:30:00;660.78
18.10.2025 08:30:00;18.10.2025 08:45:00;661.72
18.10.2025 08:45:00;18.10.2025 09:00:00;658.43
18.10.2025 09:00:00;18.10.2025 09:15:00;623.04
18.10.2025 09:15:00;18.10.2025 09:30:00;623.04
18.10.2025 09:30:00;18.10.2025 09:45:00;622.21
18.10.2025 09:45:00;18.10.2025 10:00:00;587.88
18.10.2025 10:00:00;18.10.2025 10:15:00;598.93
18.10.2025 10:15:00;18.10.2025 10:30:00;599.29
18.10.2025 10:30:00;18.10.2025 10:45:00;593.64
18.10.2025 10:45:00;18.10.2025 11:00:00;573.42
18.10.2025 11:00:00;18.10.2025 11:15:00;587.88
18.10.2025 11:15:00;18.10.2025 11:30:00;577.42
18.10.2025 11:30:00;18.10.2025 11:45:00;575.07
18.10.2025 11:45:00;18.10.2025 12:00:00;545.08
18.10.2025 12:00:00;18.10.2025 12:15:00;575.18
18.10.2025 12:15:00;18.10.2025 12:30:00;553.79
18.10.2025 12:30:00;18.10.2025 12:45:00;530.03
18.10.2025 12:45:00;18.10.2025 13:00:00;465.13
18.10.2025 13:00:00;18.10.2025 13:15:00;445.14
18.10.2025 13:15:00;18.10.2025 13:30:00;388.59
18.10.2025 13:30:00;18.10.2025 13:45:00;357.67
18.10.2025 13:45:00;18.10.2025 14:00:00;402.93
18.10.2025 14:00:00;18.10.2025 14:15:00;385.3
18.10.2025 14:15:00;18.10.2025 14:30:00;466.19
18.10.2025 14:30:00;18.10.2025 14:45:00;528.86
18.10.2025 14:45:00;18.10.2025 15:00:00;560.25
18.10.2025 15:00:00;18.10.2025 15:15:00;540.73
18.10.2025 15:15:00;18.10.2025 15:30:00;575.18
18.10.2025 15:30:00;18.10.2025 15:45:00;587.18
18.10.2025 15:45:00;18.10.2025 16:00:00;597.88
18.10.2025 16:00:00;18.10.2025 16:15:00;588.47
18.10.2025 16:15:00;18.10.2025 16:30:00;623.27
18.10.2025 16:30:00;18.10.2025 16:45:00;647.61
18.10.2025 16:45:00;18.10.2025 17:00:00;675.95
18.10.2025 17:00:00;18.10.2025 17:15:00;623.39
18.10.2025 17:15:00;18.10.2025 17:30:00;646.91
18.10.2025 17:30:00;18.10.2025 17:45:00;660.31
18.10.2025 17:45:00;18.10.2025 18:00:00;680.42
18.10.2025 18:00:00;18.10.2025 18:15:00;659.96
18.10.2025 18:15:00;18.10.2025 18:30:00;658.19
18.10.2025 18:30:00;18.10.2025 18:45:00;655.72
18.10.2025 18:45:00;18.10.2025 19:00:00;646.55
18.10.2025 19:00:00;18.10.2025 19:15:00;646.55
18.10.2025 19:15:00;18.10.2025 19:30:00;623.27
18.10.2025 19:30:00;18.10.2025 19:45:00;611.16
18.10.2025 19:45:00;18.10.2025 20:00:00;602.93
18.10.2025 20:00:00;18.10.2025 20:15:00;599.52
18.10.2025 20:15:00;18.10.2025 20:30:00;596.58
18.10.2025 20:30:00;18.10.2025 20:45:00;587.88
18.10.2025 20:45:00;18.10.2025 21:00:00;575.65
18.10.2025 21:00:00;18.10.2025 21:15:00;558.84
18.10.2025 21:15:00;18.10.2025 21:30:00;553.67
18.10.2025 21:30:00;18.10.2025 21:45:00;545.2
18.10.2025 21:45:00;18.10.2025 22:00:00;497.82
18.10.2025 22:00:00;18.10.2025 22:15:00;535.8
18.10.2025 22:15:00;18.10.2025 22:30:00;518.87
18.10.2025 22:30:00;18.10.2025 22:45:00;472.66
18.10.2025 22:45:00;18.10.2025 23:00:00;462.19
18.10.2025 23:00:00;18.10.2025 23:15:00;470.19
18.10.2025 23:15:00;18.10.2025 23:30:00;462.43
18.10.2025 23:30:00;18.10.2025 23:45:00;412.34
18.10.2025 23:45:00;19.10.2025 00:00:00;351.44
19.10.2025 00:00:00;19.10.2025 00:15:00;375.29
19.10.2025 00:15:00;19.10.2025 00:30:00;339.52
19.10.2025 00:30:00;19.10.2025 00:45:00;280.53
19.10.2025 00:45:00;19.10.2025 01:00:00;236.67
19.10.2025 01:00:00;19.10.2025 01:15:00;274.19
19.10.2025 01:15:00;19.10.2025 01:30:00;234.55
19.10.2025 01:30:00;19.10.2025 01:45:00;169.35
19.10.2025 01:45:00;19.10.2025 02:00:00;148.24
19.10.2025 02:00:00;19.10.2025 02:15:00;172.05
19.10.2025 02:15:00;19.10.2025 02:30:00;154.81
19.10.2025 02:30:00;19.10.2025 02:45:00;149.06
19.10.2025 02:45:00;19.10.2025 03:00:00;146.48
19.10.2025 03:00:00;19.10.2025 03:15:00;117.16
19.10.2025 03:15:00;19.10.2025 03:30:00;117.16
19.10.2025 03:30:00;19.10.2025 03:45:00;116.1
19.10.2025 03:45:00;19.10.2025 04:00:00;115.75
19.10.2025 04:00:00;19.10.2025 04:15:00;117.39
19.10.2025 04:15:00;19.10.2025 04:30:00;130.06
19.10.2025 04:30:00;19.10.2025 04:45:00;136.75
19.10.2025 04:45:00;19.10.2025 05:00:00;136.86
19.10.2025 05:00:00;19.10.2025 05:15:00;115.64
19.10.2025 05:15:00;19.10.2025 05:30:00;125.49
19.10.2025 05:30:00;19.10.2025 05:45:00;136.86
19.10.2025 05:45:00;19.10.2025 06:00:00;146.6
19.10.2025 06:00:00;19.10.2025 06:15:00;127.95
19.10.2025 06:15:00;19.10.2025 06:30:00;146.6
19.10.2025 06:30:00;19.10.2025 06:45:00;158.68
19.10.2025 06:45:00;19.10.2025 07:00:00;184.24
19.10.2025 07:00:00;19.10.2025 07:15:00;187.64
19.10.2025 07:15:00;19.10.2025 07:30:00;234.55
19.10.2025 07:30:00;19.10.2025 07:45:00;246.28
19.10.2025 07:45:00;19.10.2025 08:00:00;280.41
19.10.2025 08:00:00;19.10.2025 08:15:00;320.28
19.10.2025 08:15:00;19.10.2025 08:30:00;343.97
19.10.2025 08:30:00;19.10.2025 08:45:00;340.1
19.10.2025 08:45:00;19.10.2025 09:00:00;309.73
19.10.2025 09:00:00;19.10.2025 09:15:00;469.23
19.10.2025 09:15:00;19.10.2025 09:30:00;422.55
19.10.2025 09:30:00;19.10.2025 09:45:00;358.16
19.10.2025 09:45:00;19.10.2025 10:00:00;267.63
19.10.2025 10:00:00;19.10.2025 10:15:00;402.03
19.10.2025 10:15:00;19.10.2025 10:30:00;351.71
19.10.2025 10:30:00;19.10.2025 10:45:00;313.72
19.10.2025 10:45:00;19.10.2025 11:00:00;228.81
19.10.2025 11:00:00;19.10.2025 11:15:00;398.62
19.10.2025 11:15:00;19.10.2025 11:30:00;271.26
19.10.2025 11:30:00;19.10.2025 11:45:00;149.53
19.10.2025 11:45:00;19.10.2025 12:00:00;103.79
19.10.2025 12:00:00;19.10.2025 12:15:00;151.17
19.10.2025 12:15:00;19.10.2025 12:30:00;103.56
19.10.2025 12:30:00;19.10.2025 12:45:00;69.55
19.10.2025 12:45:00;19.10.2025 13:00:00;58.52
19.10.2025 13:00:00;19.10.2025 13:15:00;69.55
19.10.2025 13:15:00;19.10.2025 13:30:00;64.74
19.10.2025 13:30:00;19.10.2025 13:45:00;69.19
19.10.2025 13:45:00;19.10.2025 14:00:00;87.25
19.10.2025 14:00:00;19.10.2025 14:15:00;58.52
19.10.2025 14:15:00;19.10.2025 14:30:00;69.78
19.10.2025 14:30:00;19.10.2025 14:45:00;134.05
19.10.2025 14:45:00;19.10.2025 15:00:00;259.3
19.10.2025 15:00:00;19.10.2025 15:15:00;149.06
19.10.2025 15:15:00;19.10.2025 15:30:00;327.44
19.10.2025 15:30:00;19.10.2025 15:45:00;469.34
19.10.2025 15:45:00;19.10.2025 16:00:00;532.79
19.10.2025 16:00:00;19.10.2025 16:15:00;469.23
19.10.2025 16:15:00;19.10.2025 16:30:00;561.41
19.10.2025 16:30:00;19.10.2025 16:45:00;586.27
19.10.2025 16:45:00;19.10.2025 17:00:00;609.49
19.10.2025 17:00:00;19.10.2025 17:15:00;622.04
19.10.2025 17:15:00;19.10.2025 17:30:00;640.68
19.10.2025 17:30:00;19.10.2025 17:45:00;653.94
19.10.2025 17:45:00;19.10.2025 18:00:00;663.44
19.10.2025 18:00:00;19.10.2025 18:15:00;668.36
19.10.2025 18:15:00;19.10.2025 18:30:00;675.4
19.10.2025 18:30:00;19.10.2025 18:45:00;668.01
19.10.2025 18:45:00;19.10.2025 19:00:00;657.57
19.10.2025 19:00:00;19.10.2025 19:15:00;661.09
19.10.2025 19:15:00;19.10.2025 19:30:00;643.5
19.10.2025 19:30:00;19.10.2025 19:45:00;636.46
19.10.2025 19:45:00;19.10.2025 20:00:00;606.44
19.10.2025 20:00:00;19.10.2025 20:15:00;589.08
19.10.2025 20:15:00;19.10.2025 20:30:00;586.03
19.10.2025 20:30:00;19.10.2025 20:45:00;575.01
19.10.2025 20:45:00;19.10.2025 21:00:00;557.3
19.10.2025 21:00:00;19.10.2025 21:15:00;570.55
19.10.2025 21:15:00;19.10.2025 21:30:00;563.87
19.10.2025 21:30:00;19.10.2025 21:45:00;550.85
19.10.2025 21:45:00;19.10.2025 22:00:00;524.93
19.10.2025 22:00:00;19.10.2025 22:15:00;560.7
19.10.2025 22:15:00;19.10.2025 22:30:00;544.4
19.10.2025 22:30:00;19.10.2025 22:45:00;530.56
19.10.2025 22:45:00;19.10.2025 23:00:00;474.27
19.10.2025 23:00:00;19.10.2025 23:15:00;505.58
19.10.2025 23:15:00;19.10.2025 23:30:00;434.28
19.10.2025 23:30:00;19.10.2025 23:45:00;402.14
19.10.2025 23:45:00;20.10.2025 00:00:00;285.45
20.10.2025 00:00:00;20.10.2025 00:15:00;433.34
20.10.2025 00:15:00;20.10.2025 00:30:00;504.06
20.10.2025 00:30:00;20.10.2025 00:45:00;493.15
20.10.2025 00:45:00;20.10.2025 01:00:00;463.13
20.10.2025 01:00:00;20.10.2025 01:15:00;492.92
20.10.2025 01:15:00;20.10.2025 01:30:00;469.23
20.10.2025 01:30:00;20.10.2025 01:45:00;458.67
20.10.2025 01:45:00;20.10.2025 02:00:00;459.96
20.10.2025 02:00:00;20.10.2025 02:15:00;482.48
20.10.2025 02:15:00;20.10.2025 02:30:00;468.99
20.10.2025 02:30:00;20.10.2025 02:45:00;454.21
20.10.2025 02:45:00;20.10.2025 03:00:00;442.96
20.10.2025 03:00:00;20.10.2025 03:15:00;469.11
20.10.2025 03:15:00;20.10.2025 03:30:00;458.79
20.10.2025 03:30:00;20.10.2025 03:45:00;466.41
20.10.2025 03:45:00;20.10.2025 04:00:00;468.76
20.10.2025 04:00:00;20.10.2025 04:15:00;410.47
20.10.2025 04:15:00;20.10.2025 04:30:00;471.92
20.10.2025 04:30:00;20.10.2025 04:45:00;513.67
20.10.2025 04:45:00;20.10.2025 05:00:00;547.33
20.10.2025 05:00:00;20.10.2025 05:15:00;524.82
20.10.2025 05:15:00;20.10.2025 05:30:00;562.7
20.10.2025 05:30:00;20.10.2025 05:45:00;588.97
20.10.2025 05:45:00;20.10.2025 06:00:00;597.64
20.10.2025 06:00:00;20.10.2025 06:15:00;632.83
20.10.2025 06:15:00;20.10.2025 06:30:00;698.39
20.10.2025 06:30:00;20.10.2025 06:45:00;708.12
20.10.2025 06:45:00;20.10.2025 07:00:00;716.8
20.10.2025 07:00:00;20.10.2025 07:15:00;783.41
20.10.2025 07:15:00;20.10.2025 07:30:00;800.53
20.10.2025 07:30:00;20.10.2025 07:45:00;822.23
20.10.2025 07:45:00;20.10.2025 08:00:00;839.59
20.10.2025 08:00:00;20.10.2025 08:15:00;979.15
20.10.2025 08:15:00;20.10.2025 08:30:00;978.33
20.10.2025 08:30:00;20.10.2025 08:45:00;954.52
20.10.2025 08:45:00;20.10.2025 09:00:00;924.85
20.10.2025 09:00:00;20.10.2025 09:15:00;875.94
20.10.2025 09:15:00;20.10.2025 09:30:00;851.31
20.10.2025 09:30:00;20.10.2025 09:45:00;819.3
20.10.2025 09:45:00;20.10.2025 10:00:00;783.88
20.10.2025 10:00:00;20.10.2025 10:15:00;793.85
20.10.2025 10:15:00;20.10.2025 10:30:00;777.9
20.10.2025 10:30:00;20.10.2025 10:45:00;728.41
20.10.2025 10:45:00;20.10.2025 11:00:00;701.79
20.10.2025 11:00:00;20.10.2025 11:15:00;714.57
20.10.2025 11:15:00;20.10.2025 11:30:00;705.89
20.10.2025 11:30:00;20.10.2025 11:45:00;700.38
20.10.2025 11:45:00;20.10.2025 12:00:00;667.07
20.10.2025 12:00:00;20.10.2025 12:15:00;675.99
20.10.2025 12:15:00;20.10.2025 12:30:00;621.57
20.10.2025 12:30:00;20.10.2025 12:45:00;604.92
20.10.2025 12:45:00;20.10.2025 13:00:00;621.57
20.10.2025 13:00:00;20.10.2025 13:15:00;623.21
20.10.2025 13:15:00;20.10.2025 13:30:00;656.99
20.10.2025 13:30:00;20.10.2025 13:45:00;662.38
20.10.2025 13:45:00;20.10.2025 14:00:00;660.5
20.10.2025 14:00:00;20.10.2025 14:15:00;632.83
20.10.2025 14:15:00;20.10.2025 14:30:00;691.11
20.10.2025 14:30:00;20.10.2025 14:45:00;716.45
20.10.2025 14:45:00;20.10.2025 15:00:00;744.83
20.10.2025 15:00:00;20.10.2025 15:15:00;737.67
20.10.2025 15:15:00;20.10.2025 15:30:00;773.44
20.10.2025 15:30:00;20.10.2025 15:45:00;777.31
20.10.2025 15:45:00;20.10.2025 16:00:00;778.49
20.10.2025 16:00:00;20.10.2025 16:15:00;795.61
20.10.2025 16:15:00;20.10.2025 16:30:00;797.48
20.10.2025 16:30:00;20.10.2025 16:45:00;804.52
20.10.2025 16:45:00;20.10.2025 17:00:00;809.33
20.10.2025 17:00:00;20.10.2025 17:15:00;834.66
20.10.2025 17:15:00;20.10.2025 17:30:00;843.46
20.10.2025 17:30:00;20.10.2025 17:45:00;843.81
20.10.2025 17:45:00;20.10.2025 18:00:00;841.58
20.10.2025 18:00:00;20.10.2025 18:15:00;855.18
20.10.2025 18:15:00;20.10.2025 18:30:00;842.64
20.10.2025 18:30:00;20.10.2025 18:45:00;835.25
20.10.2025 18:45:00;20.10.2025 19:00:00;820.71
20.10.2025 19:00:00;20.10.2025 19:15:00;793.73
20.10.2025 19:15:00;20.10.2025 19:30:00;778.37
20.10.2025 19:30:00;20.10.2025 19:45:00;762.3
20.10.2025 19:45:00;20.10.2025 20:00:00;734.62
20.10.2025 20:00:00;20.10.2025 20:15:00;699.32
20.10.2025 20:15:00;20.10.2025 20:30:00;677.16
20.10.2025 20:30:00;20.10.2025 20:45:00;653.23
20.10.2025 20:45:00;20.10.2025 21:00:00;625.32
20.10.2025 21:00:00;20.10.2025 21:15:00;644.09
20.10.2025 21:15:00;20.10.2025 21:30:00;625.2
20.10.2025 21:30:00;20.10.2025 21:45:00;598
20.10.2025 21:45:00;20.10.2025 22:00:00;560.7
20.10.2025 22:00:00;20.10.2025 22:15:00;609.72
20.10.2025 22:15:00;20.10.2025 22:30:00;596.35
20.10.2025 22:30:00;20.10.2025 22:45:00;552.38
20.10.2025 22:45:00;20.10.2025 23:00:00;469.11
20.10.2025 23:00:00;20.10.2025 23:15:00;477.9
20.10.2025 23:15:00;20.10.2025 23:30:00;469.11
20.10.2025 23:30:00;20.10.2025 23:45:00;350.66
20.10.2025 23:45:00;21.10.2025 00:00:00;193.51
21.10.2025 00:00:00;21.10.2025 00:15:00;154.79
21.10.2025 00:15:00;21.10.2025 00:30:00;315.44
21.10.2025 00:30:00;21.10.2025 00:45:00;222.8
21.10.2025 00:45:00;21.10.2025 01:00:00;106.36
21.10.2025 01:00:00;21.10.2025 01:15:00;213.3
21.10.2025 01:15:00;21.10.2025 01:30:00;112.69
21.10.2025 01:30:00;21.10.2025 01:45:00;89.82
21.10.2025 01:45:00;21.10.2025 02:00:00;59.92
21.10.2025 02:00:00;21.10.2025 02:15:00;104.01
21.10.2025 02:15:00;21.10.2025 02:30:00;78.45
21.10.2025 02:30:00;21.10.2025 02:45:00;69.77
21.10.2025 02:45:00;21.10.2025 03:00:00;58.63
21.10.2025 03:00:00;21.10.2025 03:15:00;78.57
21.10.2025 03:15:00;21.10.2025 03:30:00;62.74
21.10.2025 03:30:00;21.10.2025 03:45:00;58.63
21.10.2025 03:45:00;21.10.2025 04:00:00;58.63
21.10.2025 04:00:00;21.10.2025 04:15:00;58.63
21.10.2025 04:15:00;21.10.2025 04:30:00;58.63
21.10.2025 04:30:00;21.10.2025 04:45:00;69.77
21.10.2025 04:45:00;21.10.2025 05:00:00;103.19
21.10.2025 05:00:00;21.10.2025 05:15:00;58.63
21.10.2025 05:15:00;21.10.2025 05:30:00;103.54
21.10.2025 05:30:00;21.10.2025 05:45:00;205.8
21.10.2025 05:45:00;21.10.2025 06:00:00;433.05
21.10.2025 06:00:00;21.10.2025 06:15:00;208.26
21.10.2025 06:15:00;21.10.2025 06:30:00;503.18
21.10.2025 06:30:00;21.10.2025 06:45:00;567.09
21.10.2025 06:45:00;21.10.2025 07:00:00;586.2
21.10.2025 07:00:00;21.10.2025 07:15:00;595.23
21.10.2025 07:15:00;21.10.2025 07:30:00;634.16
21.10.2025 07:30:00;21.10.2025 07:45:00;640.14
21.10.2025 07:45:00;21.10.2025 08:00:00;644.71
21.10.2025 08:00:00;21.10.2025 08:15:00;672.97
21.10.2025 08:15:00;21.10.2025 08:30:00;671.57
21.10.2025 08:30:00;21.10.2025 08:45:00;664.53
21.10.2025 08:45:00;21.10.2025 09:00:00;648.58
21.10.2025 09:00:00;21.10.2025 09:15:00;648.35
21.10.2025 09:15:00;21.10.2025 09:30:00;643.54
21.10.2025 09:30:00;21.10.2025 09:45:00;640.38
21.10.2025 09:45:00;21.10.2025 10:00:00;593.24
21.10.2025 10:00:00;21.10.2025 10:15:00;631.23
21.10.2025 10:15:00;21.10.2025 10:30:00;592.18
21.10.2025 10:30:00;21.10.2025 10:45:00;584.56
21.10.2025 10:45:00;21.10.2025 11:00:00;539.65
21.10.2025 11:00:00;21.10.2025 11:15:00;608.95
21.10.2025 11:15:00;21.10.2025 11:30:00;586.08
21.10.2025 11:30:00;21.10.2025 11:45:00;527.57
21.10.2025 11:45:00;21.10.2025 12:00:00;357.54
21.10.2025 12:00:00;21.10.2025 12:15:00;467.53
21.10.2025 12:15:00;21.10.2025 12:30:00;351.67
21.10.2025 12:30:00;21.10.2025 12:45:00;234.53
21.10.2025 12:45:00;21.10.2025 13:00:00;198.18
21.10.2025 13:00:00;21.10.2025 13:15:00;198.53
21.10.2025 13:15:00;21.10.2025 13:30:00;175.9
21.10.2025 13:30:00;21.10.2025 13:45:00;175.66
21.10.2025 13:45:00;21.10.2025 14:00:00;175.78
21.10.2025 14:00:00;21.10.2025 14:15:00;140.72
21.10.2025 14:15:00;21.10.2025 14:30:00;175.78
21.10.2025 14:30:00;21.10.2025 14:45:00;175.9
21.10.2025 14:45:00;21.10.2025 15:00:00;348.39
21.10.2025 15:00:00;21.10.2025 15:15:00;260.91
21.10.2025 15:15:00;21.10.2025 15:30:00;398.58
21.10.2025 15:30:00;21.10.2025 15:45:00;536.71
21.10.2025 15:45:00;21.10.2025 16:00:00;586.2
21.10.2025 16:00:00;21.10.2025 16:15:00;446.07
21.10.2025 16:15:00;21.10.2025 16:30:00;579.4
21.10.2025 16:30:00;21.10.2025 16:45:00;604.73
21.10.2025 16:45:00;21.10.2025 17:00:00;620.68
21.10.2025 17:00:00;21.10.2025 17:15:00;586.32
21.10.2025 17:15:00;21.10.2025 17:30:00;632.64
21.10.2025 17:30:00;21.10.2025 17:45:00;644.83
21.10.2025 17:45:00;21.10.2025 18:00:00;633.11
21.10.2025 18:00:00;21.10.2025 18:15:00;622.79
21.10.2025 18:15:00;21.10.2025 18:30:00;622.55
21.10.2025 18:30:00;21.10.2025 18:45:00;605.67
21.10.2025 18:45:00;21.10.2025 19:00:00;587.26
21.10.2025 19:00:00;21.10.2025 19:15:00;586.32
21.10.2025 19:15:00;21.10.2025 19:30:00;585.5
21.10.2025 19:30:00;21.10.2025 19:45:00;562.75
21.10.2025 19:45:00;21.10.2025 20:00:00;539.41
21.10.2025 20:00:00;21.10.2025 20:15:00;511.39
21.10.2025 20:15:00;21.10.2025 20:30:00;468.94
21.10.2025 20:30:00;21.10.2025 20:45:00;401.39
21.10.2025 20:45:00;21.10.2025 21:00:00;357.18
21.10.2025 21:00:00;21.10.2025 21:15:00;375.59
21.10.2025 21:15:00;21.10.2025 21:30:00;351.79
21.10.2025 21:30:00;21.10.2025 21:45:00;310.16
21.10.2025 21:45:00;21.10.2025 22:00:00;269.12
21.10.2025 22:00:00;21.10.2025 22:15:00;338.3
21.10.2025 22:15:00;21.10.2025 22:30:00;287.88
21.10.2025 22:30:00;21.10.2025 22:45:00;224.44
21.10.2025 22:45:00;21.10.2025 23:00:00;175.54
21.10.2025 23:00:00;21.10.2025 23:15:00;266.89
21.10.2025 23:15:00;21.10.2025 23:30:00;193.84
21.10.2025 23:30:00;21.10.2025 23:45:00;155.26
21.10.2025 23:45:00;22.10.2025 00:00:00;104.13
22.10.2025 00:00:00;22.10.2025 00:15:00;217.1
22.10.2025 00:15:00;22.10.2025 00:30:00;214.65
22.10.2025 00:30:00;22.10.2025 00:45:00;186.75
22.10.2025 00:45:00;22.10.2025 01:00:00;174.96
22.10.2025 01:00:00;22.10.2025 01:15:00;145.9
22.10.2025 01:15:00;22.10.2025 01:30:00;144.62
22.10.2025 01:30:00;22.10.2025 01:45:00;136.21
22.10.2025 01:45:00;22.10.2025 02:00:00;125.01
22.10.2025 02:00:00;22.10.2025 02:15:00;131.31
22.10.2025 02:15:00;22.10.2025 02:30:00;122.56
22.10.2025 02:30:00;22.10.2025 02:45:00;119.64
22.10.2025 02:45:00;22.10.2025 03:00:00;116.72
22.10.2025 03:00:00;22.10.2025 03:15:00;136.1
22.10.2025 03:15:00;22.10.2025 03:30:00;126.41
22.10.2025 03:30:00;22.10.2025 03:45:00;127.93
22.10.2025 03:45:00;22.10.2025 04:00:00;128.16
22.10.2025 04:00:00;22.10.2025 04:15:00;144.85
22.10.2025 04:15:00;22.10.2025 04:30:00;149.05
22.10.2025 04:30:00;22.10.2025 04:45:00;158.51
22.10.2025 04:45:00;22.10.2025 05:00:00;175.08
22.10.2025 05:00:00;22.10.2025 05:15:00;149.52
22.10.2025 05:15:00;22.10.2025 05:30:00;199.59
22.10.2025 05:30:00;22.10.2025 05:45:00;246.16
22.10.2025 05:45:00;22.10.2025 06:00:00;338.37
22.10.2025 06:00:00;22.10.2025 06:15:00;385.18
22.10.2025 06:15:00;22.10.2025 06:30:00;473.65
22.10.2025 06:30:00;22.10.2025 06:45:00;530.38
22.10.2025 06:45:00;22.10.2025 07:00:00;557.11
22.10.2025 07:00:00;22.10.2025 07:15:00;591.54
22.10.2025 07:15:00;22.10.2025 07:30:00;627.6
22.10.2025 07:30:00;22.10.2025 07:45:00;643.83
22.10.2025 07:45:00;22.10.2025 08:00:00;656.2
22.10.2025 08:00:00;22.10.2025 08:15:00;671.96
22.10.2025 08:15:00;22.10.2025 08:30:00;676.16
22.10.2025 08:30:00;22.10.2025 08:45:00;676.51
22.10.2025 08:45:00;22.10.2025 09:00:00;675.23
22.10.2025 09:00:00;22.10.2025 09:15:00;693.43
22.10.2025 09:15:00;22.10.2025 09:30:00;689.93
22.10.2025 09:30:00;22.10.2025 09:45:00;682.23
22.10.2025 09:45:00;22.10.2025 10:00:00;680.71
22.10.2025 10:00:00;22.10.2025 10:15:00;676.63
22.10.2025 10:15:00;22.10.2025 10:30:00;675.23
22.10.2025 10:30:00;22.10.2025 10:45:00;673.01
22.10.2025 10:45:00;22.10.2025 11:00:00;665.77
22.10.2025 11:00:00;22.10.2025 11:15:00;659.35
22.10.2025 11:15:00;22.10.2025 11:30:00;653.28
22.10.2025 11:30:00;22.10.2025 11:45:00;646.86
22.10.2025 11:45:00;22.10.2025 12:00:00;642.19
22.10.2025 12:00:00;22.10.2025 12:15:00;627.14
22.10.2025 12:15:00;22.10.2025 12:30:00;620.37
22.10.2025 12:30:00;22.10.2025 12:45:00;619.55
22.10.2025 12:45:00;22.10.2025 13:00:00;619.67
22.10.2025 13:00:00;22.10.2025 13:15:00;613.6
22.10.2025 13:15:00;22.10.2025 13:30:00;615.58
22.10.2025 13:30:00;22.10.2025 13:45:00;618.5
22.10.2025 13:45:00;22.10.2025 14:00:00;614.06
22.10.2025 14:00:00;22.10.2025 14:15:00;639.28
22.10.2025 14:15:00;22.10.2025 14:30:00;642.19
22.10.2025 14:30:00;22.10.2025 14:45:00;644.41
22.10.2025 14:45:00;22.10.2025 15:00:00;649.43
22.10.2025 15:00:00;22.10.2025 15:15:00;642.31
22.10.2025 15:15:00;22.10.2025 15:30:00;657.48
22.10.2025 15:30:00;22.10.2025 15:45:00;659.94
22.10.2025 15:45:00;22.10.2025 16:00:00;661.34
22.10.2025 16:00:00;22.10.2025 16:15:00;659.94
22.10.2025 16:15:00;22.10.2025 16:30:00;670.32
22.10.2025 16:30:00;22.10.2025 16:45:00;673.83
22.10.2025 16:45:00;22.10.2025 17:00:00;678.96
22.10.2025 17:00:00;22.10.2025 17:15:00;705.11
22.10.2025 17:15:00;22.10.2025 17:30:00;709.54
22.10.2025 17:30:00;22.10.2025 17:45:00;720.63
22.10.2025 17:45:00;22.10.2025 18:00:00;734.52
22.10.2025 18:00:00;22.10.2025 18:15:00;745.49
22.10.2025 18:15:00;22.10.2025 18:30:00;749.81
22.10.2025 18:30:00;22.10.2025 18:45:00;754.13
22.10.2025 18:45:00;22.10.2025 19:00:00;757.05
22.10.2025 19:00:00;22.10.2025 19:15:00;747.01
22.10.2025 19:15:00;22.10.2025 19:30:00;736.85
22.10.2025 19:30:00;22.10.2025 19:45:00;734.87
22.10.2025 19:45:00;22.10.2025 20:00:00;734.29
22.10.2025 20:00:00;22.10.2025 20:15:00;683.28
22.10.2025 20:15:00;22.10.2025 20:30:00;671.61
22.10.2025 20:30:00;22.10.2025 20:45:00;664.95
22.10.2025 20:45:00;22.10.2025 21:00:00;661.69
22.10.2025 21:00:00;22.10.2025 21:15:00;642.31
22.10.2025 21:15:00;22.10.2025 21:30:00;639.74
22.10.2025 21:30:00;22.10.2025 21:45:00;629.71
22.10.2025 21:45:00;22.10.2025 22:00:00;618.5
22.10.2025 22:00:00;22.10.2025 22:15:00;584.53
22.10.2025 22:15:00;22.10.2025 22:30:00;583.48
22.10.2025 22:30:00;22.10.2025 22:45:00;573.68
22.10.2025 22:45:00;22.10.2025 23:00:00;555
22.10.2025 23:00:00;22.10.2025 23:15:00;526.99
22.10.2025 23:15:00;22.10.2025 23:30:00;513.92
22.10.2025 23:30:00;22.10.2025 23:45:00;508.9
22.10.2025 23:45:00;23.10.2025 00:00:00;479.02
23.10.2025 00:00:00;23.10.2025 00:15:00;583.27
23.10.2025 00:15:00;23.10.2025 00:30:00;582.57
23.10.2025 00:30:00;23.10.2025 00:45:00;582.57
23.10.2025 00:45:00;23.10.2025 01:00:00;582.57
23.10.2025 01:00:00;23.10.2025 01:15:00;524.19
23.10.2025 01:15:00;23.10.2025 01:30:00;524.31
23.10.2025 01:30:00;23.10.2025 01:45:00;531.18
23.10.2025 01:45:00;23.10.2025 02:00:00;524.19
23.10.2025 02:00:00;23.10.2025 02:15:00;543.3
23.10.2025 02:15:00;23.10.2025 02:30:00;547.96
23.10.2025 02:30:00;23.10.2025 02:45:00;524.19
23.10.2025 02:45:00;23.10.2025 03:00:00;466.05
23.10.2025 03:00:00;23.10.2025 03:15:00;524.31
23.10.2025 03:15:00;23.10.2025 03:30:00;491.34
23.10.2025 03:30:00;23.10.2025 03:45:00;465.59
23.10.2025 03:45:00;23.10.2025 04:00:00;359.33
23.10.2025 04:00:00;23.10.2025 04:15:00;497.63
23.10.2025 04:15:00;23.10.2025 04:30:00;474.33
23.10.2025 04:30:00;23.10.2025 04:45:00;474.44
23.10.2025 04:45:00;23.10.2025 05:00:00;466.05
23.10.2025 05:00:00;23.10.2025 05:15:00;474.33
23.10.2025 05:15:00;23.10.2025 05:30:00;524.31
23.10.2025 05:30:00;23.10.2025 05:45:00;564.74
23.10.2025 05:45:00;23.10.2025 06:00:00;584.2
23.10.2025 06:00:00;23.10.2025 06:15:00;601.09
23.10.2025 06:15:00;23.10.2025 06:30:00;681.72
23.10.2025 06:30:00;23.10.2025 06:45:00;716.21
23.10.2025 06:45:00;23.10.2025 07:00:00;757.34
23.10.2025 07:00:00;23.10.2025 07:15:00;783.67
23.10.2025 07:15:00;23.10.2025 07:30:00;815.48
23.10.2025 07:30:00;23.10.2025 07:45:00;830.62
23.10.2025 07:45:00;23.10.2025 08:00:00;816.29
23.10.2025 08:00:00;23.10.2025 08:15:00;888.53
23.10.2025 08:15:00;23.10.2025 08:30:00;906.36
23.10.2025 08:30:00;23.10.2025 08:45:00;866.63
23.10.2025 08:45:00;23.10.2025 09:00:00;840.18
23.10.2025 09:00:00;23.10.2025 09:15:00;919.64
23.10.2025 09:15:00;23.10.2025 09:30:00;911.83
23.10.2025 09:30:00;23.10.2025 09:45:00;872.22
23.10.2025 09:45:00;23.10.2025 10:00:00;834.82
23.10.2025 10:00:00;23.10.2025 10:15:00;925.47
23.10.2025 10:15:00;23.10.2025 10:30:00;859.05
23.10.2025 10:30:00;23.10.2025 10:45:00;821.19
23.10.2025 10:45:00;23.10.2025 11:00:00;768.87
23.10.2025 11:00:00;23.10.2025 11:15:00;814.78
23.10.2025 11:15:00;23.10.2025 11:30:00;783.09
23.10.2025 11:30:00;23.10.2025 11:45:00;765.96
23.10.2025 11:45:00;23.10.2025 12:00:00;757.22
23.10.2025 12:00:00;23.10.2025 12:15:00;763.51
23.10.2025 12:15:00;23.10.2025 12:30:00;752.09
23.10.2025 12:30:00;23.10.2025 12:45:00;747.2
23.10.2025 12:45:00;23.10.2025 13:00:00;733.8
23.10.2025 13:00:00;23.10.2025 13:15:00;749.3
23.10.2025 13:15:00;23.10.2025 13:30:00;745.34
23.10.2025 13:30:00;23.10.2025 13:45:00;739.16
23.10.2025 13:45:00;23.10.2025 14:00:00;730.89
23.10.2025 14:00:00;23.10.2025 14:15:00;686.38
23.10.2025 14:15:00;23.10.2025 14:30:00;718.77
23.10.2025 14:30:00;23.10.2025 14:45:00;742.42
23.10.2025 14:45:00;23.10.2025 15:00:00;757.34
23.10.2025 15:00:00;23.10.2025 15:15:00;755.59
23.10.2025 15:15:00;23.10.2025 15:30:00;783.9
23.10.2025 15:30:00;23.10.2025 15:45:00;813.5
23.10.2025 15:45:00;23.10.2025 16:00:00;816.88
23.10.2025 16:00:00;23.10.2025 16:15:00;782.74
23.10.2025 16:15:00;23.10.2025 16:30:00;811.28
23.10.2025 16:30:00;23.10.2025 16:45:00;815.94
23.10.2025 16:45:00;23.10.2025 17:00:00;816.88
23.10.2025 17:00:00;23.10.2025 17:15:00;828.41
23.10.2025 17:15:00;23.10.2025 17:30:00;838.66
23.10.2025 17:30:00;23.10.2025 17:45:00;842.97
23.10.2025 17:45:00;23.10.2025 18:00:00;845.65
23.10.2025 18:00:00;23.10.2025 18:15:00;853.11
23.10.2025 18:15:00;23.10.2025 18:30:00;854.51
23.10.2025 18:30:00;23.10.2025 18:45:00;854.51
23.10.2025 18:45:00;23.10.2025 19:00:00;848.57
23.10.2025 19:00:00;23.10.2025 19:15:00;825.85
23.10.2025 19:15:00;23.10.2025 19:30:00;820.49
23.10.2025 19:30:00;23.10.2025 19:45:00;816.64
23.10.2025 19:45:00;23.10.2025 20:00:00;815.13
23.10.2025 20:00:00;23.10.2025 20:15:00;795.9
23.10.2025 20:15:00;23.10.2025 20:30:00;787.63
23.10.2025 20:30:00;23.10.2025 20:45:00;788.21
23.10.2025 20:45:00;23.10.2025 21:00:00;772.6
23.10.2025 21:00:00;23.10.2025 21:15:00;766.54
23.10.2025 21:15:00;23.10.2025 21:30:00;759.32
23.10.2025 21:30:00;23.10.2025 21:45:00;757.34
23.10.2025 21:45:00;23.10.2025 22:00:00;750.81
23.10.2025 22:00:00;23.10.2025 22:15:00;756.64
23.10.2025 22:15:00;23.10.2025 22:30:00;745.69
23.10.2025 22:30:00;23.10.2025 22:45:00;697.92
23.10.2025 22:45:00;23.10.2025 23:00:00;656.09
23.10.2025 23:00:00;23.10.2025 23:15:00;650.03
23.10.2025 23:15:00;23.10.2025 23:30:00;596.78
23.10.2025 23:30:00;23.10.2025 23:45:00;568.93
23.10.2025 23:45:00;24.10.2025 00:00:00;524.19
24.10.2025 00:00:00;24.10.2025 00:15:00;267.5
24.10.2025 00:15:00;24.10.2025 00:30:00;188.71
24.10.2025 00:30:00;24.10.2025 00:45:00;126.23
24.10.2025 00:45:00;24.10.2025 01:00:00;62.02
24.10.2025 01:00:00;24.10.2025 01:15:00;144.16
24.10.2025 01:15:00;24.10.2025 01:30:00;98.92
24.10.2025 01:30:00;24.10.2025 01:45:00;81.34
24.10.2025 01:45:00;24.10.2025 02:00:00;63.87
24.10.2025 02:00:00;24.10.2025 02:15:00;101.35
24.10.2025 02:15:00;24.10.2025 02:30:00;63.87
24.10.2025 02:30:00;24.10.2025 02:45:00;51.49
24.10.2025 02:45:00;24.10.2025 03:00:00;49.06
24.10.2025 03:00:00;24.10.2025 03:15:00;57.85
24.10.2025 03:15:00;24.10.2025 03:30:00;56.35
24.10.2025 03:30:00;24.10.2025 03:45:00;53.69
24.10.2025 03:45:00;24.10.2025 04:00:00;50.91
24.10.2025 04:00:00;24.10.2025 04:15:00;49.29
24.10.2025 04:15:00;24.10.2025 04:30:00;49.17
24.10.2025 04:30:00;24.10.2025 04:45:00;49.4
24.10.2025 04:45:00;24.10.2025 05:00:00;49.64
24.10.2025 05:00:00;24.10.2025 05:15:00;39.34
24.10.2025 05:15:00;24.10.2025 05:30:00;49.17
24.10.2025 05:30:00;24.10.2025 05:45:00;88.28
24.10.2025 05:45:00;24.10.2025 06:00:00;202.71
24.10.2025 06:00:00;24.10.2025 06:15:00;102.51
24.10.2025 06:15:00;24.10.2025 06:30:00;258.71
24.10.2025 06:30:00;24.10.2025 06:45:00;393.38
24.10.2025 06:45:00;24.10.2025 07:00:00;522.51
24.10.2025 07:00:00;24.10.2025 07:15:00;583.6
24.10.2025 07:15:00;24.10.2025 07:30:00;671.07
24.10.2025 07:30:00;24.10.2025 07:45:00;707.86
24.10.2025 07:45:00;24.10.2025 08:00:00;740.14
24.10.2025 08:00:00;24.10.2025 08:15:00;804.01
24.10.2025 08:15:00;24.10.2025 08:30:00;809.91
24.10.2025 08:30:00;24.10.2025 08:45:00;809.79
24.10.2025 08:45:00;24.10.2025 09:00:00;791.28
24.10.2025 09:00:00;24.10.2025 09:15:00;796.95
24.10.2025 09:15:00;24.10.2025 09:30:00;780.17
24.10.2025 09:30:00;24.10.2025 09:45:00;748.36
24.10.2025 09:45:00;24.10.2025 10:00:00;702.88
24.10.2025 10:00:00;24.10.2025 10:15:00;698.49
24.10.2025 10:15:00;24.10.2025 10:30:00;677.08
24.10.2025 10:30:00;24.10.2025 10:45:00;624.32
24.10.2025 10:45:00;24.10.2025 11:00:00;578.16
24.10.2025 11:00:00;24.10.2025 11:15:00;579.55
24.10.2025 11:15:00;24.10.2025 11:30:00;536.28
24.10.2025 11:30:00;24.10.2025 11:45:00;413.75
24.10.2025 11:45:00;24.10.2025 12:00:00;300.82
24.10.2025 12:00:00;24.10.2025 12:15:00;462.8
24.10.2025 12:15:00;24.10.2025 12:30:00;440.82
24.10.2025 12:30:00;24.10.2025 12:45:00;431.45
24.10.2025 12:45:00;24.10.2025 13:00:00;411.9
24.10.2025 13:00:00;24.10.2025 13:15:00;420.34
24.10.2025 13:15:00;24.10.2025 13:30:00;404.95
24.10.2025 13:30:00;24.10.2025 13:45:00;383.32
24.10.2025 13:45:00;24.10.2025 14:00:00;365.38
24.10.2025 14:00:00;24.10.2025 14:15:00;356.01
24.10.2025 14:15:00;24.10.2025 14:30:00;350.92
24.10.2025 14:30:00;24.10.2025 14:45:00;328.36
24.10.2025 14:45:00;24.10.2025 15:00:00;323.85
24.10.2025 15:00:00;24.10.2025 15:15:00;300.71
24.10.2025 15:15:00;24.10.2025 15:30:00;295.73
24.10.2025 15:30:00;24.10.2025 15:45:00;313.67
24.10.2025 15:45:00;24.10.2025 16:00:00;365.38
24.10.2025 16:00:00;24.10.2025 16:15:00;300.71
24.10.2025 16:15:00;24.10.2025 16:30:00;399.98
24.10.2025 16:30:00;24.10.2025 16:45:00;536.97
24.10.2025 16:45:00;24.10.2025 17:00:00;609.98
24.10.2025 17:00:00;24.10.2025 17:15:00;590.77
24.10.2025 17:15:00;24.10.2025 17:30:00;670.26
24.10.2025 17:30:00;24.10.2025 17:45:00;684.6
24.10.2025 17:45:00;24.10.2025 18:00:00;701.03
24.10.2025 18:00:00;24.10.2025 18:15:00;713.41
24.10.2025 18:15:00;24.10.2025 18:30:00;725.79
24.10.2025 18:30:00;24.10.2025 18:45:00;740.14
24.10.2025 18:45:00;24.10.2025 19:00:00;746.16
24.10.2025 19:00:00;24.10.2025 19:15:00;709.36
24.10.2025 19:15:00;24.10.2025 19:30:00;693.98
24.10.2025 19:30:00;24.10.2025 19:45:00;687.5
24.10.2025 19:45:00;24.10.2025 20:00:00;666.21
24.10.2025 20:00:00;24.10.2025 20:15:00;627.1
24.10.2025 20:15:00;24.10.2025 20:30:00;578.16
24.10.2025 20:30:00;24.10.2025 20:45:00;541.02
24.10.2025 20:45:00;24.10.2025 21:00:00;463.15
24.10.2025 21:00:00;24.10.2025 21:15:00;524.59
24.10.2025 21:15:00;24.10.2025 21:30:00;435.38
24.10.2025 21:30:00;24.10.2025 21:45:00;277.8
24.10.2025 21:45:00;24.10.2025 22:00:00;140.92
24.10.2025 22:00:00;24.10.2025 22:15:00;232.44
24.10.2025 22:15:00;24.10.2025 22:30:00;172.51
24.10.2025 22:30:00;24.10.2025 22:45:00;161.63
24.10.2025 22:45:00;24.10.2025 23:00:00;79.02
24.10.2025 23:00:00;24.10.2025 23:15:00;159.32
24.10.2025 23:15:00;24.10.2025 23:30:00;59.82
24.10.2025 23:30:00;24.10.2025 23:45:00;57.16
24.10.2025 23:45:00;25.10.2025 00:00:00;43.97
25.10.2025 00:00:00;25.10.2025 00:15:00;49.97
25.10.2025 00:15:00;25.10.2025 00:30:00;60.2
25.10.2025 00:30:00;25.10.2025 00:45:00;55.67
25.10.2025 00:45:00;25.10.2025 01:00:00;48.93
25.10.2025 01:00:00;25.10.2025 01:15:00;49.86
25.10.2025 01:15:00;25.10.2025 01:30:00;49.28
25.10.2025 01:30:00;25.10.2025 01:45:00;43.23
25.10.2025 01:45:00;25.10.2025 02:00:00;39.4
25.10.2025 02:00:00;25.10.2025 02:15:00;42.54
25.10.2025 02:15:00;25.10.2025 02:30:00;37.42
25.10.2025 02:30:00;25.10.2025 02:45:00;32.66
25.10.2025 02:45:00;25.10.2025 03:00:00;28.82
25.10.2025 03:00:00;25.10.2025 03:15:00;24.52
25.10.2025 03:15:00;25.10.2025 03:30:00;23.82
25.10.2025 03:30:00;25.10.2025 03:45:00;23.48
25.10.2025 03:45:00;25.10.2025 04:00:00;23.01
25.10.2025 04:00:00;25.10.2025 04:15:00;23.59
25.10.2025 04:15:00;25.10.2025 04:30:00;23.48
25.10.2025 04:30:00;25.10.2025 04:45:00;23.24
25.10.2025 04:45:00;25.10.2025 05:00:00;23.01
25.10.2025 05:00:00;25.10.2025 05:15:00;23.13
25.10.2025 05:15:00;25.10.2025 05:30:00;23.36
25.10.2025 05:30:00;25.10.2025 05:45:00;23.48
25.10.2025 05:45:00;25.10.2025 06:00:00;23.82
25.10.2025 06:00:00;25.10.2025 06:15:00;23.71
25.10.2025 06:15:00;25.10.2025 06:30:00;24.52
25.10.2025 06:30:00;25.10.2025 06:45:00;25.8
25.10.2025 06:45:00;25.10.2025 07:00:00;27.31
25.10.2025 07:00:00;25.10.2025 07:15:00;36.26
25.10.2025 07:15:00;25.10.2025 07:30:00;38.12
25.10.2025 07:30:00;25.10.2025 07:45:00;36.26
25.10.2025 07:45:00;25.10.2025 08:00:00;36.26
25.10.2025 08:00:00;25.10.2025 08:15:00;47.65
25.10.2025 08:15:00;25.10.2025 08:30:00;47.65
25.10.2025 08:30:00;25.10.2025 08:45:00;49.74
25.10.2025 08:45:00;25.10.2025 09:00:00;57.99
25.10.2025 09:00:00;25.10.2025 09:15:00;62.53
25.10.2025 09:15:00;25.10.2025 09:30:00;58.69
25.10.2025 09:30:00;25.10.2025 09:45:00;58.69
25.10.2025 09:45:00;25.10.2025 10:00:00;60.09
25.10.2025 10:00:00;25.10.2025 10:15:00;62.87
25.10.2025 10:15:00;25.10.2025 10:30:00;58.69
25.10.2025 10:30:00;25.10.2025 10:45:00;58.11
25.10.2025 10:45:00;25.10.2025 11:00:00;57.99
25.10.2025 11:00:00;25.10.2025 11:15:00;56.13
25.10.2025 11:15:00;25.10.2025 11:30:00;49.97
25.10.2025 11:30:00;25.10.2025 11:45:00;54.04
25.10.2025 11:45:00;25.10.2025 12:00:00;54.04
25.10.2025 12:00:00;25.10.2025 12:15:00;49.97
25.10.2025 12:15:00;25.10.2025 12:30:00;57.18
25.10.2025 12:30:00;25.10.2025 12:45:00;58.69
25.10.2025 12:45:00;25.10.2025 13:00:00;55.67
25.10.2025 13:00:00;25.10.2025 13:15:00;57.99
25.10.2025 13:15:00;25.10.2025 13:30:00;52.3
25.10.2025 13:30:00;25.10.2025 13:45:00;50.09
25.10.2025 13:45:00;25.10.2025 14:00:00;53.69
25.10.2025 14:00:00;25.10.2025 14:15:00;52.76
25.10.2025 14:15:00;25.10.2025 14:30:00;53.69
25.10.2025 14:30:00;25.10.2025 14:45:00;57.99
25.10.2025 14:45:00;25.10.2025 15:00:00;58.69
25.10.2025 15:00:00;25.10.2025 15:15:00;55.67
25.10.2025 15:15:00;25.10.2025 15:30:00;65.66
25.10.2025 15:30:00;25.10.2025 15:45:00;74.61
25.10.2025 15:45:00;25.10.2025 16:00:00;59.62
25.10.2025 16:00:00;25.10.2025 16:15:00;57.99
25.10.2025 16:15:00;25.10.2025 16:30:00;70.43
25.10.2025 16:30:00;25.10.2025 16:45:00;74.96
25.10.2025 16:45:00;25.10.2025 17:00:00;105.53
25.10.2025 17:00:00;25.10.2025 17:15:00;90.77
25.10.2025 17:15:00;25.10.2025 17:30:00;135.51
25.10.2025 17:30:00;25.10.2025 17:45:00;198.85
25.10.2025 17:45:00;25.10.2025 18:00:00;242.32
25.10.2025 18:00:00;25.10.2025 18:15:00;174.21
25.10.2025 18:15:00;25.10.2025 18:30:00;242.67
25.10.2025 18:30:00;25.10.2025 18:45:00;343.89
25.10.2025 18:45:00;25.10.2025 19:00:00;358.88
25.10.2025 19:00:00;25.10.2025 19:15:00;464.88
25.10.2025 19:15:00;25.10.2025 19:30:00;339.71
25.10.2025 19:30:00;25.10.2025 19:45:00;242.43
25.10.2025 19:45:00;25.10.2025 20:00:00;171.31
25.10.2025 20:00:00;25.10.2025 20:15:00;196.64
25.10.2025 20:15:00;25.10.2025 20:30:00;126.68
25.10.2025 20:30:00;25.10.2025 20:45:00;82.05
25.10.2025 20:45:00;25.10.2025 21:00:00;58.11
25.10.2025 21:00:00;25.10.2025 21:15:00;98.32
25.10.2025 21:15:00;25.10.2025 21:30:00;69.15
25.10.2025 21:30:00;25.10.2025 21:45:00;58.69
25.10.2025 21:45:00;25.10.2025 22:00:00;54.39
25.10.2025 22:00:00;25.10.2025 22:15:00;68.92
25.10.2025 22:15:00;25.10.2025 22:30:00;57.99
25.10.2025 22:30:00;25.10.2025 22:45:00;58.11
25.10.2025 22:45:00;25.10.2025 23:00:00;54.16
25.10.2025 23:00:00;25.10.2025 23:15:00;49.28
25.10.2025 23:15:00;25.10.2025 23:30:00;46.49
25.10.2025 23:30:00;25.10.2025 23:45:00;45.67
25.10.2025 23:45:00;26.10.2025 00:00:00;39.75
26.10.2025 00:00:00;26.10.2025 00:15:00;49.93
26.10.2025 00:15:00;26.10.2025 00:30:00;49.46
26.10.2025 00:30:00;26.10.2025 00:45:00;46.55
26.10.2025 00:45:00;26.10.2025 01:00:00;44.46
26.10.2025 01:00:00;26.10.2025 01:15:00;40.85
26.10.2025 01:15:00;26.10.2025 01:30:00;38.06
26.10.2025 01:30:00;26.10.2025 01:45:00;37.94
26.10.2025 01:45:00;26.10.2025 02:00:00;36.31
26.10.2025 02:00:00;26.10.2025 02:15:00;38.06
26.10.2025 02:15:00;26.10.2025 02:30:00;36.31
26.10.2025 02:30:00;26.10.2025 02:45:00;29.68
26.10.2025 02:45:00;26.10.2025 02:00:00;26.53
26.10.2025 02:00:00;26.10.2025 02:15:00;27.93
26.10.2025 02:15:00;26.10.2025 02:30:00;27
26.10.2025 02:30:00;26.10.2025 02:45:00;23.97
26.10.2025 02:45:00;26.10.2025 03:00:00;20.48
26.10.2025 03:00:00;26.10.2025 03:15:00;21.18
26.10.2025 03:15:00;26.10.2025 03:30:00;19.78
26.10.2025 03:30:00;26.10.2025 03:45:00;19.55
26.10.2025 03:45:00;26.10.2025 04:00:00;19.2
26.10.2025 04:00:00;26.10.2025 04:15:00;16.29
26.10.2025 04:15:00;26.10.2025 04:30:00;14.66
26.10.2025 04:30:00;26.10.2025 04:45:00;14.66
26.10.2025 04:45:00;26.10.2025 05:00:00;14.9
26.10.2025 05:00:00;26.10.2025 05:15:00;15.71
26.10.2025 05:15:00;26.10.2025 05:30:00;16.64
26.10.2025 05:30:00;26.10.2025 05:45:00;17.46
26.10.2025 05:45:00;26.10.2025 06:00:00;17.57
26.10.2025 06:00:00;26.10.2025 06:15:00;18.62
26.10.2025 06:15:00;26.10.2025 06:30:00;19.55
26.10.2025 06:30:00;26.10.2025 06:45:00;20.13
26.10.2025 06:45:00;26.10.2025 07:00:00;22.58
26.10.2025 07:00:00;26.10.2025 07:15:00;26.77
26.10.2025 07:15:00;26.10.2025 07:30:00;27.47
26.10.2025 07:30:00;26.10.2025 07:45:00;30.03
26.10.2025 07:45:00;26.10.2025 08:00:00;34.1
26.10.2025 08:00:00;26.10.2025 08:15:00;40.03
26.10.2025 08:15:00;26.10.2025 08:30:00;42.94
26.10.2025 08:30:00;26.10.2025 08:45:00;43.64
26.10.2025 08:45:00;26.10.2025 09:00:00;44.22
26.10.2025 09:00:00;26.10.2025 09:15:00;49.69
26.10.2025 09:15:00;26.10.2025 09:30:00;49.34
26.10.2025 09:30:00;26.10.2025 09:45:00;49.34
26.10.2025 09:45:00;26.10.2025 10:00:00;49.46
26.10.2025 10:00:00;26.10.2025 10:15:00;55.28
26.10.2025 10:15:00;26.10.2025 10:30:00;52.95
26.10.2025 10:30:00;26.10.2025 10:45:00;51.21
26.10.2025 10:45:00;26.10.2025 11:00:00;51.56
26.10.2025 11:00:00;26.10.2025 11:15:00;54.93
26.10.2025 11:15:00;26.10.2025 11:30:00;53.19
26.10.2025 11:30:00;26.10.2025 11:45:00;56.79
26.10.2025 11:45:00;26.10.2025 12:00:00;59.59
26.10.2025 12:00:00;26.10.2025 12:15:00;58.07
26.10.2025 12:15:00;26.10.2025 12:30:00;58.54
26.10.2025 12:30:00;26.10.2025 12:45:00;59.7
26.10.2025 12:45:00;26.10.2025 13:00:00;62.85
26.10.2025 13:00:00;26.10.2025 13:15:00;59.24
26.10.2025 13:15:00;26.10.2025 13:30:00;59.94
26.10.2025 13:30:00;26.10.2025 13:45:00;65.41
26.10.2025 13:45:00;26.10.2025 14:00:00;72.97
26.10.2025 14:00:00;26.10.2025 14:15:00;59.82
26.10.2025 14:15:00;26.10.2025 14:30:00;64.36
26.10.2025 14:30:00;26.10.2025 14:45:00;69.01
26.10.2025 14:45:00;26.10.2025 15:00:00;82.63
26.10.2025 15:00:00;26.10.2025 15:15:00;61.56
26.10.2025 15:15:00;26.10.2025 15:30:00;72.97
26.10.2025 15:30:00;26.10.2025 15:45:00;99.27
26.10.2025 15:45:00;26.10.2025 16:00:00;138.61
26.10.2025 16:00:00;26.10.2025 16:15:00;96.25
26.10.2025 16:15:00;26.10.2025 16:30:00;162.58
26.10.2025 16:30:00;26.10.2025 16:45:00;279.43
26.10.2025 16:45:00;26.10.2025 17:00:00;406.4
26.10.2025 17:00:00;26.10.2025 17:15:00;194.35
26.10.2025 17:15:00;26.10.2025 17:30:00;302.47
26.10.2025 17:30:00;26.10.2025 17:45:00;391.15
26.10.2025 17:45:00;26.10.2025 18:00:00;485.3
26.10.2025 18:00:00;26.10.2025 18:15:00;370.79
26.10.2025 18:15:00;26.10.2025 18:30:00;368.34
26.10.2025 18:30:00;26.10.2025 18:45:00;384.4
26.10.2025 18:45:00;26.10.2025 19:00:00;321.44
26.10.2025 19:00:00;26.10.2025 19:15:00;335.17
26.10.2025 19:15:00;26.10.2025 19:30:00;308.29
26.10.2025 19:30:00;26.10.2025 19:45:00;279.43
26.10.2025 19:45:00;26.10.2025 20:00:00;233.81
26.10.2025 20:00:00;26.10.2025 20:15:00;334.59
26.10.2025 20:15:00;26.10.2025 20:30:00;264.65
26.10.2025 20:30:00;26.10.2025 20:45:00;192.26
26.10.2025 20:45:00;26.10.2025 21:00:00;140.47
26.10.2025 21:00:00;26.10.2025 21:15:00;279.31
26.10.2025 21:15:00;26.10.2025 21:30:00;259.41
26.10.2025 21:30:00;26.10.2025 21:45:00;220.19
26.10.2025 21:45:00;26.10.2025 22:00:00;191.79
26.10.2025 22:00:00;26.10.2025 22:15:00;197.85
26.10.2025 22:15:00;26.10.2025 22:30:00;163.75
26.10.2025 22:30:00;26.10.2025 22:45:00;141.75
26.10.2025 22:45:00;26.10.2025 23:00:00;103
26.10.2025 23:00:00;26.10.2025 23:15:00;100.67
26.10.2025 23:15:00;26.10.2025 23:30:00;116.38
26.10.2025 23:30:00;26.10.2025 23:45:00;72.85
26.10.2025 23:45:00;27.10.2025 00:00:00;50.04
27.10.2025 00:00:00;27.10.2025 00:15:00;71.34
27.10.2025 00:15:00;27.10.2025 00:30:00;62.15
27.10.2025 00:30:00;27.10.2025 00:45:00;58.19
27.10.2025 00:45:00;27.10.2025 01:00:00;55.16
27.10.2025 01:00:00;27.10.2025 01:15:00;57.03
27.10.2025 01:15:00;27.10.2025 01:30:00;49.93
27.10.2025 01:30:00;27.10.2025 01:45:00;49.93
27.10.2025 01:45:00;27.10.2025 02:00:00;49.81
27.10.2025 02:00:00;27.10.2025 02:15:00;49.69
27.10.2025 02:15:00;27.10.2025 02:30:00;49.69
27.10.2025 02:30:00;27.10.2025 02:45:00;49.58
27.10.2025 02:45:00;27.10.2025 03:00:00;49.69
27.10.2025 03:00:00;27.10.2025 03:15:00;50.51
27.10.2025 03:15:00;27.10.2025 03:30:00;51.32
27.10.2025 03:30:00;27.10.2025 03:45:00;52.14
27.10.2025 03:45:00;27.10.2025 04:00:00;54.7
27.10.2025 04:00:00;27.10.2025 04:15:00;49.58
27.10.2025 04:15:00;27.10.2025 04:30:00;49.93
27.10.2025 04:30:00;27.10.2025 04:45:00;52.14
27.10.2025 04:45:00;27.10.2025 05:00:00;76.23
27.10.2025 05:00:00;27.10.2025 05:15:00;49.81
27.10.2025 05:15:00;27.10.2025 05:30:00;62.15
27.10.2025 05:30:00;27.10.2025 05:45:00;145.36
27.10.2025 05:45:00;27.10.2025 06:00:00;241.02
27.10.2025 06:00:00;27.10.2025 06:15:00;119.87
27.10.2025 06:15:00;27.10.2025 06:30:00;512.07
27.10.2025 06:30:00;27.10.2025 06:45:00;591.79
27.10.2025 06:45:00;27.10.2025 07:00:00;641.14
27.10.2025 07:00:00;27.10.2025 07:15:00;705.73
27.10.2025 07:15:00;27.10.2025 07:30:00;744.95
27.10.2025 07:30:00;27.10.2025 07:45:00;756.35
27.10.2025 07:45:00;27.10.2025 08:00:00;756.47
27.10.2025 08:00:00;27.10.2025 08:15:00;833.86
27.10.2025 08:15:00;27.10.2025 08:30:00;827.34
27.10.2025 08:30:00;27.10.2025 08:45:00;826.88
27.10.2025 08:45:00;27.10.2025 09:00:00;821.76
27.10.2025 09:00:00;27.10.2025 09:15:00;885.88
27.10.2025 09:15:00;27.10.2025 09:30:00;857.25
27.10.2025 09:30:00;27.10.2025 09:45:00;842.36
27.10.2025 09:45:00;27.10.2025 10:00:00;846.43
27.10.2025 10:00:00;27.10.2025 10:15:00;908.93
27.10.2025 10:15:00;27.10.2025 10:30:00;891.82
27.10.2025 10:30:00;27.10.2025 10:45:00;862.96
27.10.2025 10:45:00;27.10.2025 11:00:00;827.69
27.10.2025 11:00:00;27.10.2025 11:15:00;867.49
27.10.2025 11:15:00;27.10.2025 11:30:00;863.3
27.10.2025 11:30:00;27.10.2025 11:45:00;844.33
27.10.2025 11:45:00;27.10.2025 12:00:00;827.81
27.10.2025 12:00:00;27.10.2025 12:15:00;815.59
27.10.2025 12:15:00;27.10.2025 12:30:00;799.41
27.10.2025 12:30:00;27.10.2025 12:45:00;800.11
27.10.2025 12:45:00;27.10.2025 13:00:00;797.78
27.10.2025 13:00:00;27.10.2025 13:15:00;789.05
27.10.2025 13:15:00;27.10.2025 13:30:00;784.05
27.10.2025 13:30:00;27.10.2025 13:45:00;770.2
27.10.2025 13:45:00;27.10.2025 14:00:00;761.59
27.10.2025 14:00:00;27.10.2025 14:15:00;756.47
27.10.2025 14:15:00;27.10.2025 14:30:00;772.06
27.10.2025 14:30:00;27.10.2025 14:45:00;792.89
27.10.2025 14:45:00;27.10.2025 15:00:00;810.93
27.10.2025 15:00:00;27.10.2025 15:15:00;767.06
27.10.2025 15:15:00;27.10.2025 15:30:00;774.97
27.10.2025 15:30:00;27.10.2025 15:45:00;809.07
27.10.2025 15:45:00;27.10.2025 16:00:00;831.18
27.10.2025 16:00:00;27.10.2025 16:15:00;864.82
27.10.2025 16:15:00;27.10.2025 16:30:00;880.99
27.10.2025 16:30:00;27.10.2025 16:45:00;891
27.10.2025 16:45:00;27.10.2025 17:00:00;894.96
27.10.2025 17:00:00;27.10.2025 17:15:00;895.77
27.10.2025 17:15:00;27.10.2025 17:30:00;903.46
27.10.2025 17:30:00;27.10.2025 17:45:00;903.57
27.10.2025 17:45:00;27.10.2025 18:00:00;905.78
27.10.2025 18:00:00;27.10.2025 18:15:00;864.47
27.10.2025 18:15:00;27.10.2025 18:30:00;870.75
27.10.2025 18:30:00;27.10.2025 18:45:00;879.83
27.10.2025 18:45:00;27.10.2025 19:00:00;873.78
27.10.2025 19:00:00;27.10.2025 19:15:00;833.86
27.10.2025 19:15:00;27.10.2025 19:30:00;827.23
27.10.2025 19:30:00;27.10.2025 19:45:00;816.52
27.10.2025 19:45:00;27.10.2025 20:00:00;809.77
27.10.2025 20:00:00;27.10.2025 20:15:00;796.04
27.10.2025 20:15:00;27.10.2025 20:30:00;793.01
27.10.2025 20:30:00;27.10.2025 20:45:00;772.3
27.10.2025 20:45:00;27.10.2025 21:00:00;744.83
27.10.2025 21:00:00;27.10.2025 21:15:00;747.97
27.10.2025 21:15:00;27.10.2025 21:30:00;738.08
27.10.2025 21:30:00;27.10.2025 21:45:00;704.8
27.10.2025 21:45:00;27.10.2025 22:00:00;697.7
27.10.2025 22:00:00;27.10.2025 22:15:00;709.8
27.10.2025 22:15:00;27.10.2025 22:30:00;698.16
27.10.2025 22:30:00;27.10.2025 22:45:00;673.14
27.10.2025 22:45:00;27.10.2025 23:00:00;615.65
27.10.2025 23:00:00;27.10.2025 23:15:00;640.55
27.10.2025 23:15:00;27.10.2025 23:30:00;586.32
27.10.2025 23:30:00;27.10.2025 23:45:00;558.04
27.10.2025 23:45:00;28.10.2025 00:00:00;471.69
28.10.2025 00:00:00;28.10.2025 00:15:00;569.11
28.10.2025 00:15:00;28.10.2025 00:30:00;515.67
28.10.2025 00:30:00;28.10.2025 00:45:00;384.22
28.10.2025 00:45:00;28.10.2025 01:00:00;196.07
28.10.2025 01:00:00;28.10.2025 01:15:00;343.12
28.10.2025 01:15:00;28.10.2025 01:30:00;265.58
28.10.2025 01:30:00;28.10.2025 01:45:00;197.7
28.10.2025 01:45:00;28.10.2025 02:00:00;158
28.10.2025 02:00:00;28.10.2025 02:15:00;165.56
28.10.2025 02:15:00;28.10.2025 02:30:00;117.48
28.10.2025 02:30:00;28.10.2025 02:45:00;116.43
28.10.2025 02:45:00;28.10.2025 03:00:00;115.73
28.10.2025 03:00:00;28.10.2025 03:15:00;110.84
28.10.2025 03:15:00;28.10.2025 03:30:00;103.16
28.10.2025 03:30:00;28.10.2025 03:45:00;98.03
28.10.2025 03:45:00;28.10.2025 04:00:00;91.63
28.10.2025 04:00:00;28.10.2025 04:15:00;59.85
28.10.2025 04:15:00;28.10.2025 04:30:00;77.89
28.10.2025 04:30:00;28.10.2025 04:45:00;112.47
28.10.2025 04:45:00;28.10.2025 05:00:00;151.48
28.10.2025 05:00:00;28.10.2025 05:15:00;102.69
28.10.2025 05:15:00;28.10.2025 05:30:00;107.58
28.10.2025 05:30:00;28.10.2025 05:45:00;346.38
28.10.2025 05:45:00;28.10.2025 06:00:00;541.75
28.10.2025 06:00:00;28.10.2025 06:15:00;408.44
28.10.2025 06:15:00;28.10.2025 06:30:00;572.84
28.10.2025 06:30:00;28.10.2025 06:45:00;642.58
28.10.2025 06:45:00;28.10.2025 07:00:00;681.35
28.10.2025 07:00:00;28.10.2025 07:15:00;745.27
28.10.2025 07:15:00;28.10.2025 07:30:00;782.06
28.10.2025 07:30:00;28.10.2025 07:45:00;772.51
28.10.2025 07:45:00;28.10.2025 08:00:00;775.54
28.10.2025 08:00:00;28.10.2025 08:15:00;852.73
28.10.2025 08:15:00;28.10.2025 08:30:00;853.08
28.10.2025 08:30:00;28.10.2025 08:45:00;848.54
28.10.2025 08:45:00;28.10.2025 09:00:00;846.1
28.10.2025 09:00:00;28.10.2025 09:15:00;861.23
28.10.2025 09:15:00;28.10.2025 09:30:00;858.67
28.10.2025 09:30:00;28.10.2025 09:45:00;853.9
28.10.2025 09:45:00;28.10.2025 10:00:00;846.68
28.10.2025 10:00:00;28.10.2025 10:15:00;848.31
28.10.2025 10:15:00;28.10.2025 10:30:00;835.85
28.10.2025 10:30:00;28.10.2025 10:45:00;825.49
28.10.2025 10:45:00;28.10.2025 11:00:00;797.08
28.10.2025 11:00:00;28.10.2025 11:15:00;830.96
28.10.2025 11:15:00;28.10.2025 11:30:00;815.71
28.10.2025 11:30:00;28.10.2025 11:45:00;800.57
28.10.2025 11:45:00;28.10.2025 12:00:00;798.83
28.10.2025 12:00:00;28.10.2025 12:15:00;791.49
28.10.2025 12:15:00;28.10.2025 12:30:00;760.87
28.10.2025 12:30:00;28.10.2025 12:45:00;716.51
28.10.2025 12:45:00;28.10.2025 13:00:00;697.65
28.10.2025 13:00:00;28.10.2025 13:15:00;711.16
28.10.2025 13:15:00;28.10.2025 13:30:00;686.24
28.10.2025 13:30:00;28.10.2025 13:45:00;676.23
28.10.2025 13:45:00;28.10.2025 14:00:00;663.77
28.10.2025 14:00:00;28.10.2025 14:15:00;656.08
28.10.2025 14:15:00;28.10.2025 14:30:00;680.65
28.10.2025 14:30:00;28.10.2025 14:45:00;718.37
28.10.2025 14:45:00;28.10.2025 15:00:00;756.8
28.10.2025 15:00:00;28.10.2025 15:15:00;760.75
28.10.2025 15:15:00;28.10.2025 15:30:00;796.62
28.10.2025 15:30:00;28.10.2025 15:45:00;841.09
28.10.2025 15:45:00;28.10.2025 16:00:00;855.65
28.10.2025 16:00:00;28.10.2025 16:15:00;842.14
28.10.2025 16:15:00;28.10.2025 16:30:00;862.4
28.10.2025 16:30:00;28.10.2025 16:45:00;890.57
28.10.2025 16:45:00;28.10.2025 17:00:00;946
28.10.2025 17:00:00;28.10.2025 17:15:00;938.89
28.10.2025 17:15:00;28.10.2025 17:30:00;984.65
28.10.2025 17:30:00;28.10.2025 17:45:00;986.51
28.10.2025 17:45:00;28.10.2025 18:00:00;1016.44
28.10.2025 18:00:00;28.10.2025 18:15:00;945.88
28.10.2025 18:15:00;28.10.2025 18:30:00;948.56
28.10.2025 18:30:00;28.10.2025 18:45:00;978.71
28.10.2025 18:45:00;28.10.2025 19:00:00;978.71
28.10.2025 19:00:00;28.10.2025 19:15:00;978.25
28.10.2025 19:15:00;28.10.2025 19:30:00;927.02
28.10.2025 19:30:00;28.10.2025 19:45:00;902.68
28.10.2025 19:45:00;28.10.2025 20:00:00;878.23
28.10.2025 20:00:00;28.10.2025 20:15:00;861.7
28.10.2025 20:15:00;28.10.2025 20:30:00;856.11
28.10.2025 20:30:00;28.10.2025 20:45:00;852.62
28.10.2025 20:45:00;28.10.2025 21:00:00;846.68
28.10.2025 21:00:00;28.10.2025 21:15:00;849.82
28.10.2025 21:15:00;28.10.2025 21:30:00;843.3
28.10.2025 21:30:00;28.10.2025 21:45:00;838.53
28.10.2025 21:45:00;28.10.2025 22:00:00;792.31
28.10.2025 22:00:00;28.10.2025 22:15:00;840.04
28.10.2025 22:15:00;28.10.2025 22:30:00;816.29
28.10.2025 22:30:00;28.10.2025 22:45:00;815.01
28.10.2025 22:45:00;28.10.2025 23:00:00;808.26
28.10.2025 23:00:00;28.10.2025 23:15:00;799.99
28.10.2025 23:15:00;28.10.2025 23:30:00;759.71
28.10.2025 23:30:00;28.10.2025 23:45:00;729.78
28.10.2025 23:45:00;29.10.2025 00:00:00;675.06
29.10.2025 00:00:00;29.10.2025 00:15:00;671.1
29.10.2025 00:15:00;29.10.2025 00:30:00;650.84
29.10.2025 00:30:00;29.10.2025 00:45:00;616.15
29.10.2025 00:45:00;29.10.2025 01:00:00;577.97
29.10.2025 01:00:00;29.10.2025 01:15:00;619.41
29.10.2025 01:15:00;29.10.2025 01:30:00;586.47
29.10.2025 01:30:00;29.10.2025 01:45:00;581.58
29.10.2025 01:45:00;29.10.2025 02:00:00;560.28
29.10.2025 02:00:00;29.10.2025 02:15:00;580.18
29.10.2025 02:15:00;29.10.2025 02:30:00;573.66
29.10.2025 02:30:00;29.10.2025 02:45:00;581
29.10.2025 02:45:00;29.10.2025 03:00:00;579.95
29.10.2025 03:00:00;29.10.2025 03:15:00;587.17
29.10.2025 03:15:00;29.10.2025 03:30:00;591.71
29.10.2025 03:30:00;29.10.2025 03:45:00;581.46
29.10.2025 03:45:00;29.10.2025 04:00:00;570.99
29.10.2025 04:00:00;29.10.2025 04:15:00;523.72
29.10.2025 04:15:00;29.10.2025 04:30:00;565.05
29.10.2025 04:30:00;29.10.2025 04:45:00;606.72
29.10.2025 04:45:00;29.10.2025 05:00:00;636.53
29.10.2025 05:00:00;29.10.2025 05:15:00;614.87
29.10.2025 05:15:00;29.10.2025 05:30:00;651.66
29.10.2025 05:30:00;29.10.2025 05:45:00;735.36
29.10.2025 05:45:00;29.10.2025 06:00:00;789.37
29.10.2025 06:00:00;29.10.2025 06:15:00;795.07
29.10.2025 06:15:00;29.10.2025 06:30:00;842.57
29.10.2025 06:30:00;29.10.2025 06:45:00;852.93
29.10.2025 06:45:00;29.10.2025 07:00:00;858.98
29.10.2025 07:00:00;29.10.2025 07:15:00;967.13
29.10.2025 07:15:00;29.10.2025 07:30:00;997.28
29.10.2025 07:30:00;29.10.2025 07:45:00;1006.71
29.10.2025 07:45:00;29.10.2025 08:00:00;1006.59
29.10.2025 08:00:00;29.10.2025 08:15:00;1104.02
29.10.2025 08:15:00;29.10.2025 08:30:00;1146.63
29.10.2025 08:30:00;29.10.2025 08:45:00;1055.95
29.10.2025 08:45:00;29.10.2025 09:00:00;931.27
29.10.2025 09:00:00;29.10.2025 09:15:00;1017.3
29.10.2025 09:15:00;29.10.2025 09:30:00;989.25
29.10.2025 09:30:00;29.10.2025 09:45:00;868.06
29.10.2025 09:45:00;29.10.2025 10:00:00;823.01
29.10.2025 10:00:00;29.10.2025 10:15:00;854.33
29.10.2025 10:15:00;29.10.2025 10:30:00;829.07
29.10.2025 10:30:00;29.10.2025 10:45:00;803.69
29.10.2025 10:45:00;29.10.2025 11:00:00;790.3
29.10.2025 11:00:00;29.10.2025 11:15:00;806.48
29.10.2025 11:15:00;29.10.2025 11:30:00;791.58
29.10.2025 11:30:00;29.10.2025 11:45:00;796.7
29.10.2025 11:45:00;29.10.2025 12:00:00;799.96
29.10.2025 12:00:00;29.10.2025 12:15:00;772.38
29.10.2025 12:15:00;29.10.2025 12:30:00;785.76
29.10.2025 12:30:00;29.10.2025 12:45:00;804.85
29.10.2025 12:45:00;29.10.2025 13:00:00;836.05
29.10.2025 13:00:00;29.10.2025 13:15:00;821.27
29.10.2025 13:15:00;29.10.2025 13:30:00;846.06
29.10.2025 13:30:00;29.10.2025 13:45:00;854.79
29.10.2025 13:45:00;29.10.2025 14:00:00;877.73
29.10.2025 14:00:00;29.10.2025 14:15:00;836.4
29.10.2025 14:15:00;29.10.2025 14:30:00;914.05
29.10.2025 14:30:00;29.10.2025 14:45:00;988.55
29.10.2025 14:45:00;29.10.2025 15:00:00;1017.42
29.10.2025 15:00:00;29.10.2025 15:15:00;945.59
29.10.2025 15:15:00;29.10.2025 15:30:00;1016.02
29.10.2025 15:30:00;29.10.2025 15:45:00;1054.09
29.10.2025 15:45:00;29.10.2025 16:00:00;1138.71
29.10.2025 16:00:00;29.10.2025 16:15:00;1016.72
29.10.2025 16:15:00;29.10.2025 16:30:00;1072.83
29.10.2025 16:30:00;29.10.2025 16:45:00;1109.03
29.10.2025 16:45:00;29.10.2025 17:00:00;1165.26
29.10.2025 17:00:00;29.10.2025 17:15:00;1198.55
29.10.2025 17:15:00;29.10.2025 17:30:00;1344.41
29.10.2025 17:30:00;29.10.2025 17:45:00;1303.2
29.10.2025 17:45:00;29.10.2025 18:00:00;1200.3
29.10.2025 18:00:00;29.10.2025 18:15:00;1276.89
29.10.2025 18:15:00;29.10.2025 18:30:00;1303.32
29.10.2025 18:30:00;29.10.2025 18:45:00;1303.43
29.10.2025 18:45:00;29.10.2025 19:00:00;1266.42
29.10.2025 19:00:00;29.10.2025 19:15:00;1187.26
29.10.2025 19:15:00;29.10.2025 19:30:00;1186.79
29.10.2025 19:30:00;29.10.2025 19:45:00;1186.21
29.10.2025 19:45:00;29.10.2025 20:00:00;1012.64
29.10.2025 20:00:00;29.10.2025 20:15:00;1023.94
29.10.2025 20:15:00;29.10.2025 20:30:00;1012.64
29.10.2025 20:30:00;29.10.2025 20:45:00;957.81
29.10.2025 20:45:00;29.10.2025 21:00:00;945.71
29.10.2025 21:00:00;29.10.2025 21:15:00;989.48
29.10.2025 21:15:00;29.10.2025 21:30:00;951.76
29.10.2025 21:30:00;29.10.2025 21:45:00;928.71
29.10.2025 21:45:00;29.10.2025 22:00:00;856.42
29.10.2025 22:00:00;29.10.2025 22:15:00;950.36
29.10.2025 22:15:00;29.10.2025 22:30:00;867.71
29.10.2025 22:30:00;29.10.2025 22:45:00;849.67
29.10.2025 22:45:00;29.10.2025 23:00:00;814.86
29.10.2025 23:00:00;29.10.2025 23:15:00;813.12
29.10.2025 23:15:00;29.10.2025 23:30:00;784.83
29.10.2025 23:30:00;29.10.2025 23:45:00;772.38
29.10.2025 23:45:00;30.10.2025 00:00:00;767.72
30.10.2025 00:00:00;30.10.2025 00:15:00;767.63
30.10.2025 00:15:00;30.10.2025 00:30:00;741.54
30.10.2025 00:30:00;30.10.2025 00:45:00;722.09
30.10.2025 00:45:00;30.10.2025 01:00:00;698.68
30.10.2025 01:00:00;30.10.2025 01:15:00;710.68
30.10.2025 01:15:00;30.10.2025 01:30:00;698.8
30.10.2025 01:30:00;30.10.2025 01:45:00;698.1
30.10.2025 01:45:00;30.10.2025 02:00:00;676.44
30.10.2025 02:00:00;30.10.2025 02:15:00;685.29
30.10.2025 02:15:00;30.10.2025 02:30:00;640.33
30.10.2025 02:30:00;30.10.2025 02:45:00;663.28
30.10.2025 02:45:00;30.10.2025 03:00:00;624.61
30.10.2025 03:00:00;30.10.2025 03:15:00;677.72
30.10.2025 03:15:00;30.10.2025 03:30:00;639.87
30.10.2025 03:30:00;30.10.2025 03:45:00;582.22
30.10.2025 03:45:00;30.10.2025 04:00:00;541.57
30.10.2025 04:00:00;30.10.2025 04:15:00;593.51
30.10.2025 04:15:00;30.10.2025 04:30:00;581.28
30.10.2025 04:30:00;30.10.2025 04:45:00;581.75
30.10.2025 04:45:00;30.10.2025 05:00:00;582.33
30.10.2025 05:00:00;30.10.2025 05:15:00;552.52
30.10.2025 05:15:00;30.10.2025 05:30:00;615.41
30.10.2025 05:30:00;30.10.2025 05:45:00;657.34
30.10.2025 05:45:00;30.10.2025 06:00:00;699.26
30.10.2025 06:00:00;30.10.2025 06:15:00;699.03
30.10.2025 06:15:00;30.10.2025 06:30:00;730.94
30.10.2025 06:30:00;30.10.2025 06:45:00;761.57
30.10.2025 06:45:00;30.10.2025 07:00:00;783.94
30.10.2025 07:00:00;30.10.2025 07:15:00;784.75
30.10.2025 07:15:00;30.10.2025 07:30:00;815.61
30.10.2025 07:30:00;30.10.2025 07:45:00;850.55
30.10.2025 07:45:00;30.10.2025 08:00:00;837.74
30.10.2025 08:00:00;30.10.2025 08:15:00;993.57
30.10.2025 08:15:00;30.10.2025 08:30:00;872.33
30.10.2025 08:30:00;30.10.2025 08:45:00;879.2
30.10.2025 08:45:00;30.10.2025 09:00:00;783.59
30.10.2025 09:00:00;30.10.2025 09:15:00;815.26
30.10.2025 09:15:00;30.10.2025 09:30:00;772.41
30.10.2025 09:30:00;30.10.2025 09:45:00;727.22
30.10.2025 09:45:00;30.10.2025 10:00:00;697.75
30.10.2025 10:00:00;30.10.2025 10:15:00;717.08
30.10.2025 10:15:00;30.10.2025 10:30:00;690.41
30.10.2025 10:30:00;30.10.2025 10:45:00;640.1
30.10.2025 10:45:00;30.10.2025 11:00:00;604.23
30.10.2025 11:00:00;30.10.2025 11:15:00;586.87
30.10.2025 11:15:00;30.10.2025 11:30:00;582.33
30.10.2025 11:30:00;30.10.2025 11:45:00;566.96
30.10.2025 11:45:00;30.10.2025 12:00:00;544.71
30.10.2025 12:00:00;30.10.2025 12:15:00;545.41
30.10.2025 12:15:00;30.10.2025 12:30:00;529.57
30.10.2025 12:30:00;30.10.2025 12:45:00;524.1
30.10.2025 12:45:00;30.10.2025 13:00:00;507.91
30.10.2025 13:00:00;30.10.2025 13:15:00;502.67
30.10.2025 13:15:00;30.10.2025 13:30:00;494.63
30.10.2025 13:30:00;30.10.2025 13:45:00;492.19
30.10.2025 13:45:00;30.10.2025 14:00:00;523.98
30.10.2025 14:00:00;30.10.2025 14:15:00;412.06
30.10.2025 14:15:00;30.10.2025 14:30:00;430.93
30.10.2025 14:30:00;30.10.2025 14:45:00;551.93
30.10.2025 14:45:00;30.10.2025 15:00:00;640.22
30.10.2025 15:00:00;30.10.2025 15:15:00;533.18
30.10.2025 15:15:00;30.10.2025 15:30:00;620.88
30.10.2025 15:30:00;30.10.2025 15:45:00;697.28
30.10.2025 15:45:00;30.10.2025 16:00:00;710.79
30.10.2025 16:00:00;30.10.2025 16:15:00;698.8
30.10.2025 16:15:00;30.10.2025 16:30:00;724.42
30.10.2025 16:30:00;30.10.2025 16:45:00;758.66
30.10.2025 16:45:00;30.10.2025 17:00:00;767.28
30.10.2025 17:00:00;30.10.2025 17:15:00;772.41
30.10.2025 17:15:00;30.10.2025 17:30:00;770.43
30.10.2025 17:30:00;30.10.2025 17:45:00;768.68
30.10.2025 17:45:00;30.10.2025 18:00:00;763.79
30.10.2025 18:00:00;30.10.2025 18:15:00;760.29
30.10.2025 18:15:00;30.10.2025 18:30:00;756.22
30.10.2025 18:30:00;30.10.2025 18:45:00;750.74
30.10.2025 18:45:00;30.10.2025 19:00:00;745.15
30.10.2025 19:00:00;30.10.2025 19:15:00;710.91
30.10.2025 19:15:00;30.10.2025 19:30:00;704.51
30.10.2025 19:30:00;30.10.2025 19:45:00;698.45
30.10.2025 19:45:00;30.10.2025 20:00:00;694.37
30.10.2025 20:00:00;30.10.2025 20:15:00;651.75
30.10.2025 20:15:00;30.10.2025 20:30:00;640.33
30.10.2025 20:30:00;30.10.2025 20:45:00;632.53
30.10.2025 20:45:00;30.10.2025 21:00:00;607.26
30.10.2025 21:00:00;30.10.2025 21:15:00;582.22
30.10.2025 21:15:00;30.10.2025 21:30:00;581.4
30.10.2025 21:30:00;30.10.2025 21:45:00;556.71
30.10.2025 21:45:00;30.10.2025 22:00:00;547.51
30.10.2025 22:00:00;30.10.2025 22:15:00;525.38
30.10.2025 22:15:00;30.10.2025 22:30:00;509.54
30.10.2025 22:30:00;30.10.2025 22:45:00;477.75
30.10.2025 22:45:00;30.10.2025 23:00:00;458.41
30.10.2025 23:00:00;30.10.2025 23:15:00;420.44
30.10.2025 23:15:00;30.10.2025 23:30:00;406.7
30.10.2025 23:30:00;30.10.2025 23:45:00;320.63
30.10.2025 23:45:00;31.10.2025 00:00:00;211.15
31.10.2025 00:00:00;31.10.2025 00:15:00;385.09
31.10.2025 00:15:00;31.10.2025 00:30:00;408.43
31.10.2025 00:30:00;31.10.2025 00:45:00;396.65
31.10.2025 00:45:00;31.10.2025 01:00:00;316.36
31.10.2025 01:00:00;31.10.2025 01:15:00;374.82
31.10.2025 01:15:00;31.10.2025 01:30:00;337.36
31.10.2025 01:30:00;31.10.2025 01:45:00;240.97
31.10.2025 01:45:00;31.10.2025 02:00:00;228.61
31.10.2025 02:00:00;31.10.2025 02:15:00;285.67
31.10.2025 02:15:00;31.10.2025 02:30:00;245.18
31.10.2025 02:30:00;31.10.2025 02:45:00;241.09
31.10.2025 02:45:00;31.10.2025 03:00:00;227.9
31.10.2025 03:00:00;31.10.2025 03:15:00;187.06
31.10.2025 03:15:00;31.10.2025 03:30:00;232.22
31.10.2025 03:30:00;31.10.2025 03:45:00;254.74
31.10.2025 03:45:00;31.10.2025 04:00:00;273.53
31.10.2025 04:00:00;31.10.2025 04:15:00;223.47
31.10.2025 04:15:00;31.10.2025 04:30:00;265.71
31.10.2025 04:30:00;31.10.2025 04:45:00;348.22
31.10.2025 04:45:00;31.10.2025 05:00:00;374.71
31.10.2025 05:00:00;31.10.2025 05:15:00;254.63
31.10.2025 05:15:00;31.10.2025 05:30:00;389.88
31.10.2025 05:30:00;31.10.2025 05:45:00;443.79
31.10.2025 05:45:00;31.10.2025 06:00:00;525.13
31.10.2025 06:00:00;31.10.2025 06:15:00;570.75
31.10.2025 06:15:00;31.10.2025 06:30:00;600.16
31.10.2025 06:30:00;31.10.2025 06:45:00;641.47
31.10.2025 06:45:00;31.10.2025 07:00:00;656.99
31.10.2025 07:00:00;31.10.2025 07:15:00;728.99
31.10.2025 07:15:00;31.10.2025 07:30:00;736.11
31.10.2025 07:30:00;31.10.2025 07:45:00;742.3
31.10.2025 07:45:00;31.10.2025 08:00:00;744.98
31.10.2025 08:00:00;31.10.2025 08:15:00;784.19
31.10.2025 08:15:00;31.10.2025 08:30:00;783.37
31.10.2025 08:30:00;31.10.2025 08:45:00;781.97
31.10.2025 08:45:00;31.10.2025 09:00:00;778.47
31.10.2025 09:00:00;31.10.2025 09:15:00;774.62
31.10.2025 09:15:00;31.10.2025 09:30:00;770.42
31.10.2025 09:30:00;31.10.2025 09:45:00;768.09
31.10.2025 09:45:00;31.10.2025 10:00:00;740.31
31.10.2025 10:00:00;31.10.2025 10:15:00;770.3
31.10.2025 10:15:00;31.10.2025 10:30:00;769.95
31.10.2025 10:30:00;31.10.2025 10:45:00;770.07
31.10.2025 10:45:00;31.10.2025 11:00:00;769.49
31.10.2025 11:00:00;31.10.2025 11:15:00;774.27
31.10.2025 11:15:00;31.10.2025 11:30:00;773.8
31.10.2025 11:30:00;31.10.2025 11:45:00;772.05
31.10.2025 11:45:00;31.10.2025 12:00:00;772.4
31.10.2025 12:00:00;31.10.2025 12:15:00;759.68
31.10.2025 12:15:00;31.10.2025 12:30:00;760.27
31.10.2025 12:30:00;31.10.2025 12:45:00;767.03
31.10.2025 12:45:00;31.10.2025 13:00:00;767.03
31.10.2025 13:00:00;31.10.2025 13:15:00;769.02
31.10.2025 13:15:00;31.10.2025 13:30:00;772.4
31.10.2025 13:30:00;31.10.2025 13:45:00;773.69
31.10.2025 13:45:00;31.10.2025 14:00:00;775.79
31.10.2025 14:00:00;31.10.2025 14:15:00;784.42
31.10.2025 14:15:00;31.10.2025 14:30:00;792.36
31.10.2025 14:30:00;31.10.2025 14:45:00;798.08
31.10.2025 14:45:00;31.10.2025 15:00:00;807.29
31.10.2025 15:00:00;31.10.2025 15:15:00;793.52
31.10.2025 15:15:00;31.10.2025 15:30:00;806.94
31.10.2025 15:30:00;31.10.2025 15:45:00;814.3
31.10.2025 15:45:00;31.10.2025 16:00:00;817.8
31.10.2025 16:00:00;31.10.2025 16:15:00;812.66
31.10.2025 16:15:00;31.10.2025 16:30:00;816.05
31.10.2025 16:30:00;31.10.2025 16:45:00;816.86
31.10.2025 16:45:00;31.10.2025 17:00:00;816.16
31.10.2025 17:00:00;31.10.2025 17:15:00;796.33
31.10.2025 17:15:00;31.10.2025 17:30:00;793.52
31.10.2025 17:30:00;31.10.2025 17:45:00;792.36
31.10.2025 17:45:00;31.10.2025 18:00:00;791.42
31.10.2025 18:00:00;31.10.2025 18:15:00;792.36
31.10.2025 18:15:00;31.10.2025 18:30:00;790.61
31.10.2025 18:30:00;31.10.2025 18:45:00;788.27
31.10.2025 18:45:00;31.10.2025 19:00:00;783.14
31.10.2025 19:00:00;31.10.2025 19:15:00;776.02
31.10.2025 19:15:00;31.10.2025 19:30:00;770.54
31.10.2025 19:30:00;31.10.2025 19:45:00;770.54
31.10.2025 19:45:00;31.10.2025 20:00:00;763.07
31.10.2025 20:00:00;31.10.2025 20:15:00;758.63
31.10.2025 20:15:00;31.10.2025 20:30:00;749.06
31.10.2025 20:30:00;31.10.2025 20:45:00;745.68
31.10.2025 20:45:00;31.10.2025 21:00:00;725.02
31.10.2025 21:00:00;31.10.2025 21:15:00;736.46
31.10.2025 21:15:00;31.10.2025 21:30:00;730.04
31.10.2025 21:30:00;31.10.2025 21:45:00;725.61
31.10.2025 21:45:00;31.10.2025 22:00:00;714.41
31.10.2025 22:00:00;31.10.2025 22:15:00;708.8
31.10.2025 22:15:00;31.10.2025 22:30:00;682.43
31.10.2025 22:30:00;31.10.2025 22:45:00;678.7
31.10.2025 22:45:00;31.10.2025 23:00:00;653.26
31.10.2025 23:00:00;31.10.2025 23:15:00;597.83
31.10.2025 23:15:00;31.10.2025 23:30:00;580.32
31.10.2025 23:30:00;31.10.2025 23:45:00;527.69
31.10.2025 23:45:00;01.11.2025 00:00:00;411.82
01.11.2025 00:00:00;01.11.2025 00:15:00;532.04
01.11.2025 00:15:00;01.11.2025 00:30:00;517.24
01.11.2025 00:30:00;01.11.2025 00:45:00;454.52
01.11.2025 00:45:00;01.11.2025 01:00:00;384.58
01.11.2025 01:00:00;01.11.2025 01:15:00;431.21
01.11.2025 01:15:00;01.11.2025 01:30:00;341.68
01.11.2025 01:30:00;01.11.2025 01:45:00;232.33
01.11.2025 01:45:00;01.11.2025 02:00:00;186.52
01.11.2025 02:00:00;01.11.2025 02:15:00;237.69
01.11.2025 02:15:00;01.11.2025 02:30:00;198.53
01.11.2025 02:30:00;01.11.2025 02:45:00;249.7
01.11.2025 02:45:00;01.11.2025 03:00:00;203.66
01.11.2025 03:00:00;01.11.2025 03:15:00;266.37
01.11.2025 03:15:00;01.11.2025 03:30:00;202.49
01.11.2025 03:30:00;01.11.2025 03:45:00;147.47
01.11.2025 03:45:00;01.11.2025 04:00:00;108.88
01.11.2025 04:00:00;01.11.2025 04:15:00;186.52
01.11.2025 04:15:00;01.11.2025 04:30:00;166
01.11.2025 04:30:00;01.11.2025 04:45:00;130.21
01.11.2025 04:45:00;01.11.2025 05:00:00;104.8
01.11.2025 05:00:00;01.11.2025 05:15:00;131.38
01.11.2025 05:15:00;01.11.2025 05:30:00;132.2
01.11.2025 05:30:00;01.11.2025 05:45:00;108.3
01.11.2025 05:45:00;01.11.2025 06:00:00;103.75
01.11.2025 06:00:00;01.11.2025 06:15:00;135.11
01.11.2025 06:15:00;01.11.2025 06:30:00;104.8
01.11.2025 06:30:00;01.11.2025 06:45:00;105.38
01.11.2025 06:45:00;01.11.2025 07:00:00;101.3
01.11.2025 07:00:00;01.11.2025 07:15:00;212.28
01.11.2025 07:15:00;01.11.2025 07:30:00;199.69
01.11.2025 07:30:00;01.11.2025 07:45:00;169.73
01.11.2025 07:45:00;01.11.2025 08:00:00;207.39
01.11.2025 08:00:00;01.11.2025 08:15:00;384.69
01.11.2025 08:15:00;01.11.2025 08:30:00;259.61
01.11.2025 08:30:00;01.11.2025 08:45:00;185.82
01.11.2025 08:45:00;01.11.2025 09:00:00;158.77
01.11.2025 09:00:00;01.11.2025 09:15:00;401.48
01.11.2025 09:15:00;01.11.2025 09:30:00;214.26
01.11.2025 09:30:00;01.11.2025 09:45:00;171.83
01.11.2025 09:45:00;01.11.2025 10:00:00;141.17
01.11.2025 10:00:00;01.11.2025 10:15:00;263.34
01.11.2025 10:15:00;01.11.2025 10:30:00;202.02
01.11.2025 10:30:00;01.11.2025 10:45:00;172.53
01.11.2025 10:45:00;01.11.2025 11:00:00;155.98
01.11.2025 11:00:00;01.11.2025 11:15:00;161.8
01.11.2025 11:15:00;01.11.2025 11:30:00;155.04
01.11.2025 11:30:00;01.11.2025 11:45:00;134.29
01.11.2025 11:45:00;01.11.2025 12:00:00;131.5
01.11.2025 12:00:00;01.11.2025 12:15:00;138.61
01.11.2025 12:15:00;01.11.2025 12:30:00;174.98
01.11.2025 12:30:00;01.11.2025 12:45:00;199.92
01.11.2025 12:45:00;01.11.2025 13:00:00;213.91
01.11.2025 13:00:00;01.11.2025 13:15:00;174.86
01.11.2025 13:15:00;01.11.2025 13:30:00;179.17
01.11.2025 13:30:00;01.11.2025 13:45:00;275.46
01.11.2025 13:45:00;01.11.2025 14:00:00;303.09
01.11.2025 14:00:00;01.11.2025 14:15:00;201.67
01.11.2025 14:15:00;01.11.2025 14:30:00;369.54
01.11.2025 14:30:00;01.11.2025 14:45:00;431.32
01.11.2025 14:45:00;01.11.2025 15:00:00;428.76
01.11.2025 15:00:00;01.11.2025 15:15:00;344.13
01.11.2025 15:15:00;01.11.2025 15:30:00;431.32
01.11.2025 15:30:00;01.11.2025 15:45:00;479.35
01.11.2025 15:45:00;01.11.2025 16:00:00;513.39
01.11.2025 16:00:00;01.11.2025 16:15:00;536.01
01.11.2025 16:15:00;01.11.2025 16:30:00;573.31
01.11.2025 16:30:00;01.11.2025 16:45:00;599.07
01.11.2025 16:45:00;01.11.2025 17:00:00;594.76
01.11.2025 17:00:00;01.11.2025 17:15:00;594.88
01.11.2025 17:15:00;01.11.2025 17:30:00;598.96
01.11.2025 17:30:00;01.11.2025 17:45:00;589.63
01.11.2025 17:45:00;01.11.2025 18:00:00;575.53
01.11.2025 18:00:00;01.11.2025 18:15:00;559.56
01.11.2025 18:15:00;01.11.2025 18:30:00;540.44
01.11.2025 18:30:00;01.11.2025 18:45:00;526.92
01.11.2025 18:45:00;01.11.2025 19:00:00;500.1
01.11.2025 19:00:00;01.11.2025 19:15:00;466.3
01.11.2025 19:15:00;01.11.2025 19:30:00;431.21
01.11.2025 19:30:00;01.11.2025 19:45:00;386.21
01.11.2025 19:45:00;01.11.2025 20:00:00;346.34
01.11.2025 20:00:00;01.11.2025 20:15:00;384.58
01.11.2025 20:15:00;01.11.2025 20:30:00;303.09
01.11.2025 20:30:00;01.11.2025 20:45:00;210.65
01.11.2025 20:45:00;01.11.2025 21:00:00;163.09
01.11.2025 21:00:00;01.11.2025 21:15:00;260.08
01.11.2025 21:15:00;01.11.2025 21:30:00;231.52
01.11.2025 21:30:00;01.11.2025 21:45:00;186.52
01.11.2025 21:45:00;01.11.2025 22:00:00;153.88
01.11.2025 22:00:00;01.11.2025 22:15:00;235.71
01.11.2025 22:15:00;01.11.2025 22:30:00;197.94
01.11.2025 22:30:00;01.11.2025 22:45:00;166.23
01.11.2025 22:45:00;01.11.2025 23:00:00;145.25
01.11.2025 23:00:00;01.11.2025 23:15:00;120.65
01.11.2025 23:15:00;01.11.2025 23:30:00;116.57
01.11.2025 23:30:00;01.11.2025 23:45:00;111.56
01.11.2025 23:45:00;02.11.2025 00:00:00;102.59
02.11.2025 00:00:00;02.11.2025 00:15:00;103.72
02.11.2025 00:15:00;02.11.2025 00:30:00;113.27
02.11.2025 00:30:00;02.11.2025 00:45:00;103.72
02.11.2025 00:45:00;02.11.2025 01:00:00;78
02.11.2025 01:00:00;02.11.2025 01:15:00;109.55
02.11.2025 01:15:00;02.11.2025 01:30:00;103.72
02.11.2025 01:30:00;02.11.2025 01:45:00;81.84
02.11.2025 01:45:00;02.11.2025 02:00:00;60.07
02.11.2025 02:00:00;02.11.2025 02:15:00;103.61
02.11.2025 02:15:00;02.11.2025 02:30:00;78
02.11.2025 02:30:00;02.11.2025 02:45:00;80.09
02.11.2025 02:45:00;02.11.2025 03:00:00;69.62
02.11.2025 03:00:00;02.11.2025 03:15:00;91.04
02.11.2025 03:15:00;02.11.2025 03:30:00;85.45
02.11.2025 03:30:00;02.11.2025 03:45:00;99.65
02.11.2025 03:45:00;02.11.2025 04:00:00;82.54
02.11.2025 04:00:00;02.11.2025 04:15:00;80.67
02.11.2025 04:15:00;02.11.2025 04:30:00;85.91
02.11.2025 04:30:00;02.11.2025 04:45:00;103.14
02.11.2025 04:45:00;02.11.2025 05:00:00;104.54
02.11.2025 05:00:00;02.11.2025 05:15:00;80.67
02.11.2025 05:15:00;02.11.2025 05:30:00;99.65
02.11.2025 05:30:00;02.11.2025 05:45:00;104.07
02.11.2025 05:45:00;02.11.2025 06:00:00;105.59
02.11.2025 06:00:00;02.11.2025 06:15:00;92.32
02.11.2025 06:15:00;02.11.2025 06:30:00;115.6
02.11.2025 06:30:00;02.11.2025 06:45:00;123.75
02.11.2025 06:45:00;02.11.2025 07:00:00;143.77
02.11.2025 07:00:00;02.11.2025 07:15:00;135.74
02.11.2025 07:15:00;02.11.2025 07:30:00;166.01
02.11.2025 07:30:00;02.11.2025 07:45:00;186.26
02.11.2025 07:45:00;02.11.2025 08:00:00;243.19
02.11.2025 08:00:00;02.11.2025 08:15:00;190.8
02.11.2025 08:15:00;02.11.2025 08:30:00;255.06
02.11.2025 08:30:00;02.11.2025 08:45:00;302.68
02.11.2025 08:45:00;02.11.2025 09:00:00;275.9
02.11.2025 09:00:00;02.11.2025 09:15:00;318.97
02.11.2025 09:15:00;02.11.2025 09:30:00;345.87
02.11.2025 09:30:00;02.11.2025 09:45:00;337.72
02.11.2025 09:45:00;02.11.2025 10:00:00;303.84
02.11.2025 10:00:00;02.11.2025 10:15:00;349.24
02.11.2025 10:15:00;02.11.2025 10:30:00;342.95
02.11.2025 10:30:00;02.11.2025 10:45:00;298.72
02.11.2025 10:45:00;02.11.2025 11:00:00;243.07
02.11.2025 11:00:00;02.11.2025 11:15:00;325.84
02.11.2025 11:15:00;02.11.2025 11:30:00;345.4
02.11.2025 11:30:00;02.11.2025 11:45:00;345.17
02.11.2025 11:45:00;02.11.2025 12:00:00;345.05
02.11.2025 12:00:00;02.11.2025 12:15:00;338.76
02.11.2025 12:15:00;02.11.2025 12:30:00;344.12
02.11.2025 12:30:00;02.11.2025 12:45:00;398.25
02.11.2025 12:45:00;02.11.2025 13:00:00;439.46
02.11.2025 13:00:00;02.11.2025 13:15:00;399.07
02.11.2025 13:15:00;02.11.2025 13:30:00;431.66
02.11.2025 13:30:00;02.11.2025 13:45:00;468.1
02.11.2025 13:45:00;02.11.2025 14:00:00;496.62
02.11.2025 14:00:00;02.11.2025 14:15:00;530.96
02.11.2025 14:15:00;02.11.2025 14:30:00;537.37
02.11.2025 14:30:00;02.11.2025 14:45:00;546.45
02.11.2025 14:45:00;02.11.2025 15:00:00;558.67
02.11.2025 15:00:00;02.11.2025 15:15:00;609.77
02.11.2025 15:15:00;02.11.2025 15:30:00;625.37
02.11.2025 15:30:00;02.11.2025 15:45:00;641.91
02.11.2025 15:45:00;02.11.2025 16:00:00;651.92
02.11.2025 16:00:00;02.11.2025 16:15:00;664.72
02.11.2025 16:15:00;02.11.2025 16:30:00;686.61
02.11.2025 16:30:00;02.11.2025 16:45:00;698.37
02.11.2025 16:45:00;02.11.2025 17:00:00;699.65
02.11.2025 17:00:00;02.11.2025 17:15:00;732.71
02.11.2025 17:15:00;02.11.2025 17:30:00;738.41
02.11.2025 17:30:00;02.11.2025 17:45:00;745.51
02.11.2025 17:45:00;02.11.2025 18:00:00;747.61
02.11.2025 18:00:00;02.11.2025 18:15:00;744.23
02.11.2025 18:15:00;02.11.2025 18:30:00;745.86
02.11.2025 18:30:00;02.11.2025 18:45:00;746.1
02.11.2025 18:45:00;02.11.2025 19:00:00;744.93
02.11.2025 19:00:00;02.11.2025 19:15:00;717.69
02.11.2025 19:15:00;02.11.2025 19:30:00;716.41
02.11.2025 19:30:00;02.11.2025 19:45:00;710.12
02.11.2025 19:45:00;02.11.2025 20:00:00;699.3
02.11.2025 20:00:00;02.11.2025 20:15:00;694.52
02.11.2025 20:15:00;02.11.2025 20:30:00;682.53
02.11.2025 20:30:00;02.11.2025 20:45:00;667.4
02.11.2025 20:45:00;02.11.2025 21:00:00;664.26
02.11.2025 21:00:00;02.11.2025 21:15:00;655.87
02.11.2025 21:15:00;02.11.2025 21:30:00;652.27
02.11.2025 21:30:00;02.11.2025 21:45:00;651.57
02.11.2025 21:45:00;02.11.2025 22:00:00;640.16
02.11.2025 22:00:00;02.11.2025 22:15:00;623.4
02.11.2025 22:15:00;02.11.2025 22:30:00;615.83
02.11.2025 22:30:00;02.11.2025 22:45:00;605
02.11.2025 22:45:00;02.11.2025 23:00:00;585.79
02.11.2025 23:00:00;02.11.2025 23:15:00;523.86
02.11.2025 23:15:00;02.11.2025 23:30:00;505.35
02.11.2025 23:30:00;02.11.2025 23:45:00;471.71
02.11.2025 23:45:00;03.11.2025 00:00:00;453.78
03.11.2025 00:00:00;03.11.2025 00:15:00;516.76
03.11.2025 00:15:00;03.11.2025 00:30:00;519.44
03.11.2025 00:30:00;03.11.2025 00:45:00;507.91
03.11.2025 00:45:00;03.11.2025 01:00:00;480.09
03.11.2025 01:00:00;03.11.2025 01:15:00;410.94
03.11.2025 01:15:00;03.11.2025 01:30:00;398.95
03.11.2025 01:30:00;03.11.2025 01:45:00;384.17
03.11.2025 01:45:00;03.11.2025 02:00:00;362.16
03.11.2025 02:00:00;03.11.2025 02:15:00;345.05
03.11.2025 02:15:00;03.11.2025 02:30:00;302.56
03.11.2025 02:30:00;03.11.2025 02:45:00;288.12
03.11.2025 02:45:00;03.11.2025 03:00:00;260.07
03.11.2025 03:00:00;03.11.2025 03:15:00;263.21
03.11.2025 03:15:00;03.11.2025 03:30:00;235.04
03.11.2025 03:30:00;03.11.2025 03:45:00;232.94
03.11.2025 03:45:00;03.11.2025 04:00:00;231.08
03.11.2025 04:00:00;03.11.2025 04:15:00;231.08
03.11.2025 04:15:00;03.11.2025 04:30:00;233.18
03.11.2025 04:30:00;03.11.2025 04:45:00;243.42
03.11.2025 04:45:00;03.11.2025 05:00:00;267.75
03.11.2025 05:00:00;03.11.2025 05:15:00;247.5
03.11.2025 05:15:00;03.11.2025 05:30:00;325.96
03.11.2025 05:30:00;03.11.2025 05:45:00;369.61
03.11.2025 05:45:00;03.11.2025 06:00:00;407.45
03.11.2025 06:00:00;03.11.2025 06:15:00;522.7
03.11.2025 06:15:00;03.11.2025 06:30:00;536.43
03.11.2025 06:30:00;03.11.2025 06:45:00;554.94
03.11.2025 06:45:00;03.11.2025 07:00:00;554.59
03.11.2025 07:00:00;03.11.2025 07:15:00;610.36
03.11.2025 07:15:00;03.11.2025 07:30:00;624.91
03.11.2025 07:30:00;03.11.2025 07:45:00;639.81
03.11.2025 07:45:00;03.11.2025 08:00:00;639.93
03.11.2025 08:00:00;03.11.2025 08:15:00;686.49
03.11.2025 08:15:00;03.11.2025 08:30:00;685.33
03.11.2025 08:30:00;03.11.2025 08:45:00;670.54
03.11.2025 08:45:00;03.11.2025 09:00:00;662.63
03.11.2025 09:00:00;03.11.2025 09:15:00;681.25
03.11.2025 09:15:00;03.11.2025 09:30:00;665.65
03.11.2025 09:30:00;03.11.2025 09:45:00;655.06
03.11.2025 09:45:00;03.11.2025 10:00:00;628.52
03.11.2025 10:00:00;03.11.2025 10:15:00;691.73
03.11.2025 10:15:00;03.11.2025 10:30:00;674.04
03.11.2025 10:30:00;03.11.2025 10:45:00;657.39
03.11.2025 10:45:00;03.11.2025 11:00:00;623.28
03.11.2025 11:00:00;03.11.2025 11:15:00;666.82
03.11.2025 11:15:00;03.11.2025 11:30:00;658.9
03.11.2025 11:30:00;03.11.2025 11:45:00;640.16
03.11.2025 11:45:00;03.11.2025 12:00:00;639.93
03.11.2025 12:00:00;03.11.2025 12:15:00;641.44
03.11.2025 12:15:00;03.11.2025 12:30:00;616.76
03.11.2025 12:30:00;03.11.2025 12:45:00;616.18
03.11.2025 12:45:00;03.11.2025 13:00:00;616.99
03.11.2025 13:00:00;03.11.2025 13:15:00;613.97
03.11.2025 13:15:00;03.11.2025 13:30:00;640.04
03.11.2025 13:30:00;03.11.2025 13:45:00;651.57
03.11.2025 13:45:00;03.11.2025 14:00:00;642.25
03.11.2025 14:00:00;03.11.2025 14:15:00;595.57
03.11.2025 14:15:00;03.11.2025 14:30:00;616.41
03.11.2025 14:30:00;03.11.2025 14:45:00;649.59
03.11.2025 14:45:00;03.11.2025 15:00:00;658.09
03.11.2025 15:00:00;03.11.2025 15:15:00;639.93
03.11.2025 15:15:00;03.11.2025 15:30:00;663.33
03.11.2025 15:30:00;03.11.2025 15:45:00;663.09
03.11.2025 15:45:00;03.11.2025 16:00:00;661.35
03.11.2025 16:00:00;03.11.2025 16:15:00;663.33
03.11.2025 16:15:00;03.11.2025 16:30:00;662.74
03.11.2025 16:30:00;03.11.2025 16:45:00;661.35
03.11.2025 16:45:00;03.11.2025 17:00:00;661.46
03.11.2025 17:00:00;03.11.2025 17:15:00;685.44
03.11.2025 17:15:00;03.11.2025 17:30:00;698.13
03.11.2025 17:30:00;03.11.2025 17:45:00;693.94
03.11.2025 17:45:00;03.11.2025 18:00:00;683.93
03.11.2025 18:00:00;03.11.2025 18:15:00;663.21
03.11.2025 18:15:00;03.11.2025 18:30:00;658.09
03.11.2025 18:30:00;03.11.2025 18:45:00;651.57
03.11.2025 18:45:00;03.11.2025 19:00:00;621.65
03.11.2025 19:00:00;03.11.2025 19:15:00;592.78
03.11.2025 19:15:00;03.11.2025 19:30:00;581.49
03.11.2025 19:30:00;03.11.2025 19:45:00;558.79
03.11.2025 19:45:00;03.11.2025 20:00:00;534.8
03.11.2025 20:00:00;03.11.2025 20:15:00;473.11
03.11.2025 20:15:00;03.11.2025 20:30:00;427.01
03.11.2025 20:30:00;03.11.2025 20:45:00;360.07
03.11.2025 20:45:00;03.11.2025 21:00:00;197.9
03.11.2025 21:00:00;03.11.2025 21:15:00;368.1
03.11.2025 21:15:00;03.11.2025 21:30:00;233.88
03.11.2025 21:30:00;03.11.2025 21:45:00;257.62
03.11.2025 21:45:00;03.11.2025 22:00:00;142.02
03.11.2025 22:00:00;03.11.2025 22:15:00;201.28
03.11.2025 22:15:00;03.11.2025 22:30:00;125.38
03.11.2025 22:30:00;03.11.2025 22:45:00;83.12
03.11.2025 22:45:00;03.11.2025 23:00:00;67.05
03.11.2025 23:00:00;03.11.2025 23:15:00;81.96
03.11.2025 23:15:00;03.11.2025 23:30:00;66.24
03.11.2025 23:30:00;03.11.2025 23:45:00;59.72
03.11.2025 23:45:00;04.11.2025 00:00:00;50.06
04.11.2025 00:00:00;04.11.2025 00:15:00;52.43
04.11.2025 00:15:00;04.11.2025 00:30:00;55.23
04.11.2025 00:30:00;04.11.2025 00:45:00;49.99
04.11.2025 00:45:00;04.11.2025 01:00:00;49.05
04.11.2025 01:00:00;04.11.2025 01:15:00;47.77
04.11.2025 01:15:00;04.11.2025 01:30:00;43.34
04.11.2025 01:30:00;04.11.2025 01:45:00;43.11
04.11.2025 01:45:00;04.11.2025 02:00:00;39.73
04.11.2025 02:00:00;04.11.2025 02:15:00;34.02
04.11.2025 02:15:00;04.11.2025 02:30:00;31.58
04.11.2025 02:30:00;04.11.2025 02:45:00;31.58
04.11.2025 02:45:00;04.11.2025 03:00:00;32.74
04.11.2025 03:00:00;04.11.2025 03:15:00;31.46
04.11.2025 03:15:00;04.11.2025 03:30:00;32.39
04.11.2025 03:30:00;04.11.2025 03:45:00;34.49
04.11.2025 03:45:00;04.11.2025 04:00:00;34.84
04.11.2025 04:00:00;04.11.2025 04:15:00;34.84
04.11.2025 04:15:00;04.11.2025 04:30:00;34.84
04.11.2025 04:30:00;04.11.2025 04:45:00;37.17
04.11.2025 04:45:00;04.11.2025 05:00:00;38.22
04.11.2025 05:00:00;04.11.2025 05:15:00;43.81
04.11.2025 05:15:00;04.11.2025 05:30:00;46.84
04.11.2025 05:30:00;04.11.2025 05:45:00;49.05
04.11.2025 05:45:00;04.11.2025 06:00:00;49.87
04.11.2025 06:00:00;04.11.2025 06:15:00;58.14
04.11.2025 06:15:00;04.11.2025 06:30:00;62.92
04.11.2025 06:30:00;04.11.2025 06:45:00;72.01
04.11.2025 06:45:00;04.11.2025 07:00:00;70.14
04.11.2025 07:00:00;04.11.2025 07:15:00;74.34
04.11.2025 07:15:00;04.11.2025 07:30:00;80.75
04.11.2025 07:30:00;04.11.2025 07:45:00;80.98
04.11.2025 07:45:00;04.11.2025 08:00:00;80.98
04.11.2025 08:00:00;04.11.2025 08:15:00;116.63
04.11.2025 08:15:00;04.11.2025 08:30:00;116.52
04.11.2025 08:30:00;04.11.2025 08:45:00;106.85
04.11.2025 08:45:00;04.11.2025 09:00:00;104.52
04.11.2025 09:00:00;04.11.2025 09:15:00;129.22
04.11.2025 09:15:00;04.11.2025 09:30:00;116.63
04.11.2025 09:30:00;04.11.2025 09:45:00;109.29
04.11.2025 09:45:00;04.11.2025 10:00:00;80.98
04.11.2025 10:00:00;04.11.2025 10:15:00;121.18
04.11.2025 10:15:00;04.11.2025 10:30:00;104.17
04.11.2025 10:30:00;04.11.2025 10:45:00;80.75
04.11.2025 10:45:00;04.11.2025 11:00:00;67.46
04.11.2025 11:00:00;04.11.2025 11:15:00;80.98
04.11.2025 11:15:00;04.11.2025 11:30:00;77.95
04.11.2025 11:30:00;04.11.2025 11:45:00;67.93
04.11.2025 11:45:00;04.11.2025 12:00:00;60.47
04.11.2025 12:00:00;04.11.2025 12:15:00;58.49
04.11.2025 12:15:00;04.11.2025 12:30:00;60.01
04.11.2025 12:30:00;04.11.2025 12:45:00;70.26
04.11.2025 12:45:00;04.11.2025 13:00:00;80.98
04.11.2025 13:00:00;04.11.2025 13:15:00;70.26
04.11.2025 13:15:00;04.11.2025 13:30:00;87.74
04.11.2025 13:30:00;04.11.2025 13:45:00;116.98
04.11.2025 13:45:00;04.11.2025 14:00:00;121.18
04.11.2025 14:00:00;04.11.2025 14:15:00;87.97
04.11.2025 14:15:00;04.11.2025 14:30:00;119.78
04.11.2025 14:30:00;04.11.2025 14:45:00;129.68
04.11.2025 14:45:00;04.11.2025 15:00:00;141.33
04.11.2025 15:00:00;04.11.2025 15:15:00;143.2
04.11.2025 15:15:00;04.11.2025 15:30:00;165.57
04.11.2025 15:30:00;04.11.2025 15:45:00;184.8
04.11.2025 15:45:00;04.11.2025 16:00:00;210.08
04.11.2025 16:00:00;04.11.2025 16:15:00;176.64
04.11.2025 16:15:00;04.11.2025 16:30:00;205.54
04.11.2025 16:30:00;04.11.2025 16:45:00;250.05
04.11.2025 16:45:00;04.11.2025 17:00:00;278.94
04.11.2025 17:00:00;04.11.2025 17:15:00;297.7
04.11.2025 17:15:00;04.11.2025 17:30:00;357.36
04.11.2025 17:30:00;04.11.2025 17:45:00;362.6
04.11.2025 17:45:00;04.11.2025 18:00:00;332.07
04.11.2025 18:00:00;04.11.2025 18:15:00;349.43
04.11.2025 18:15:00;04.11.2025 18:30:00;317.39
04.11.2025 18:30:00;04.11.2025 18:45:00;295.02
04.11.2025 18:45:00;04.11.2025 19:00:00;274.63
04.11.2025 19:00:00;04.11.2025 19:15:00;282.67
04.11.2025 19:15:00;04.11.2025 19:30:00;249.7
04.11.2025 19:30:00;04.11.2025 19:45:00;199.01
04.11.2025 19:45:00;04.11.2025 20:00:00;174.78
04.11.2025 20:00:00;04.11.2025 20:15:00;158.81
04.11.2025 20:15:00;04.11.2025 20:30:00;135.98
04.11.2025 20:30:00;04.11.2025 20:45:00;121.18
04.11.2025 20:45:00;04.11.2025 21:00:00;116.52
04.11.2025 21:00:00;04.11.2025 21:15:00;122.93
04.11.2025 21:15:00;04.11.2025 21:30:00;117.1
04.11.2025 21:30:00;04.11.2025 21:45:00;116.52
04.11.2025 21:45:00;04.11.2025 22:00:00;88.32
04.11.2025 22:00:00;04.11.2025 22:15:00;104.75
04.11.2025 22:15:00;04.11.2025 22:30:00;101.72
04.11.2025 22:30:00;04.11.2025 22:45:00;80.98
04.11.2025 22:45:00;04.11.2025 23:00:00;76.55
04.11.2025 23:00:00;04.11.2025 23:15:00;78.07
04.11.2025 23:15:00;04.11.2025 23:30:00;73.06
04.11.2025 23:30:00;04.11.2025 23:45:00;70.84
04.11.2025 23:45:00;05.11.2025 00:00:00;58.26
05.11.2025 00:00:00;05.11.2025 00:15:00;58.8
05.11.2025 00:15:00;05.11.2025 00:30:00;52.7
05.11.2025 00:30:00;05.11.2025 00:45:00;54.58
05.11.2025 00:45:00;05.11.2025 01:00:00;50.24
05.11.2025 01:00:00;05.11.2025 01:15:00;54.93
05.11.2025 01:15:00;05.11.2025 01:30:00;51.64
05.11.2025 01:30:00;05.11.2025 01:45:00;51.64
05.11.2025 01:45:00;05.11.2025 02:00:00;50.47
05.11.2025 02:00:00;05.11.2025 02:15:00;50.35
05.11.2025 02:15:00;05.11.2025 02:30:00;50.47
05.11.2025 02:30:00;05.11.2025 02:45:00;51.64
05.11.2025 02:45:00;05.11.2025 03:00:00;52.35
05.11.2025 03:00:00;05.11.2025 03:15:00;50.47
05.11.2025 03:15:00;05.11.2025 03:30:00;51.64
05.11.2025 03:30:00;05.11.2025 03:45:00;55.28
05.11.2025 03:45:00;05.11.2025 04:00:00;57.98
05.11.2025 04:00:00;05.11.2025 04:15:00;50.35
05.11.2025 04:15:00;05.11.2025 04:30:00;52.11
05.11.2025 04:30:00;05.11.2025 04:45:00;58.69
05.11.2025 04:45:00;05.11.2025 05:00:00;58.8
05.11.2025 05:00:00;05.11.2025 05:15:00;53.29
05.11.2025 05:15:00;05.11.2025 05:30:00;60.33
05.11.2025 05:30:00;05.11.2025 05:45:00;73.36
05.11.2025 05:45:00;05.11.2025 06:00:00;81.22
05.11.2025 06:00:00;05.11.2025 06:15:00;81.58
05.11.2025 06:15:00;05.11.2025 06:30:00;117.49
05.11.2025 06:30:00;05.11.2025 06:45:00;181.46
05.11.2025 06:45:00;05.11.2025 07:00:00;181.34
05.11.2025 07:00:00;05.11.2025 07:15:00;127.35
05.11.2025 07:15:00;05.11.2025 07:30:00;169.84
05.11.2025 07:30:00;05.11.2025 07:45:00;196.02
05.11.2025 07:45:00;05.11.2025 08:00:00;211.27
05.11.2025 08:00:00;05.11.2025 08:15:00;215.5
05.11.2025 08:15:00;05.11.2025 08:30:00;222.89
05.11.2025 08:30:00;05.11.2025 08:45:00;223.01
05.11.2025 08:45:00;05.11.2025 09:00:00;210.45
05.11.2025 09:00:00;05.11.2025 09:15:00;234.63
05.11.2025 09:15:00;05.11.2025 09:30:00;227.71
05.11.2025 09:30:00;05.11.2025 09:45:00;188.03
05.11.2025 09:45:00;05.11.2025 10:00:00;137.56
05.11.2025 10:00:00;05.11.2025 10:15:00;207.4
05.11.2025 10:15:00;05.11.2025 10:30:00;136.98
05.11.2025 10:30:00;05.11.2025 10:45:00;129.23
05.11.2025 10:45:00;05.11.2025 11:00:00;117.26
05.11.2025 11:00:00;05.11.2025 11:15:00;117.37
05.11.2025 11:15:00;05.11.2025 11:30:00;105.64
05.11.2025 11:30:00;05.11.2025 11:45:00;117.49
05.11.2025 11:45:00;05.11.2025 12:00:00;121.95
05.11.2025 12:00:00;05.11.2025 12:15:00;80.05
05.11.2025 12:15:00;05.11.2025 12:30:00;99.18
05.11.2025 12:30:00;05.11.2025 12:45:00;118.43
05.11.2025 12:45:00;05.11.2025 13:00:00;178.06
05.11.2025 13:00:00;05.11.2025 13:15:00;129.23
05.11.2025 13:15:00;05.11.2025 13:30:00;203.29
05.11.2025 13:30:00;05.11.2025 13:45:00;308.23
05.11.2025 13:45:00;05.11.2025 14:00:00;334.99
05.11.2025 14:00:00;05.11.2025 14:15:00;270.9
05.11.2025 14:15:00;05.11.2025 14:30:00;333.58
05.11.2025 14:30:00;05.11.2025 14:45:00;375.95
05.11.2025 14:45:00;05.11.2025 15:00:00;410.69
05.11.2025 15:00:00;05.11.2025 15:15:00;322.19
05.11.2025 15:15:00;05.11.2025 15:30:00;382.64
05.11.2025 15:30:00;05.11.2025 15:45:00;445.08
05.11.2025 15:45:00;05.11.2025 16:00:00;493.79
05.11.2025 16:00:00;05.11.2025 16:15:00;515.51
05.11.2025 16:15:00;05.11.2025 16:30:00;534.52
05.11.2025 16:30:00;05.11.2025 16:45:00;547.67
05.11.2025 16:45:00;05.11.2025 17:00:00;559.76
05.11.2025 17:00:00;05.11.2025 17:15:00;567.86
05.11.2025 17:15:00;05.11.2025 17:30:00;580.42
05.11.2025 17:30:00;05.11.2025 17:45:00;577.25
05.11.2025 17:45:00;05.11.2025 18:00:00;573.96
05.11.2025 18:00:00;05.11.2025 18:15:00;553.54
05.11.2025 18:15:00;05.11.2025 18:30:00;551.78
05.11.2025 18:30:00;05.11.2025 18:45:00;535.23
05.11.2025 18:45:00;05.11.2025 19:00:00;518.09
05.11.2025 19:00:00;05.11.2025 19:15:00;502.13
05.11.2025 19:15:00;05.11.2025 19:30:00;478.3
05.11.2025 19:30:00;05.11.2025 19:45:00;446.26
05.11.2025 19:45:00;05.11.2025 20:00:00;399.66
05.11.2025 20:00:00;05.11.2025 20:15:00;417.74
05.11.2025 20:15:00;05.11.2025 20:30:00;372.08
05.11.2025 20:30:00;05.11.2025 20:45:00;327.83
05.11.2025 20:45:00;05.11.2025 21:00:00;273.83
05.11.2025 21:00:00;05.11.2025 21:15:00;368.2
05.11.2025 21:15:00;05.11.2025 21:30:00;293.44
05.11.2025 21:30:00;05.11.2025 21:45:00;232.99
05.11.2025 21:45:00;05.11.2025 22:00:00;175.12
05.11.2025 22:00:00;05.11.2025 22:15:00;293.32
05.11.2025 22:15:00;05.11.2025 22:30:00;243.9
05.11.2025 22:30:00;05.11.2025 22:45:00;175.01
05.11.2025 22:45:00;05.11.2025 23:00:00;146.72
05.11.2025 23:00:00;05.11.2025 23:15:00;199.3
05.11.2025 23:15:00;05.11.2025 23:30:00;173.24
05.11.2025 23:30:00;05.11.2025 23:45:00;140.5
05.11.2025 23:45:00;06.11.2025 00:00:00;121.13
06.11.2025 00:00:00;06.11.2025 00:15:00;136.12
06.11.2025 00:15:00;06.11.2025 00:30:00;129.88
06.11.2025 00:30:00;06.11.2025 00:45:00;122.35
06.11.2025 00:45:00;06.11.2025 01:00:00;122.12
06.11.2025 01:00:00;06.11.2025 01:15:00;138.82
06.11.2025 01:15:00;06.11.2025 01:30:00;137.29
06.11.2025 01:30:00;06.11.2025 01:45:00;136
06.11.2025 01:45:00;06.11.2025 02:00:00;134.7
06.11.2025 02:00:00;06.11.2025 02:15:00;117.65
06.11.2025 02:15:00;06.11.2025 02:30:00;117.65
06.11.2025 02:30:00;06.11.2025 02:45:00;118.47
06.11.2025 02:45:00;06.11.2025 03:00:00;120.23
06.11.2025 03:00:00;06.11.2025 03:15:00;117.53
06.11.2025 03:15:00;06.11.2025 03:30:00;122.23
06.11.2025 03:30:00;06.11.2025 03:45:00;130.59
06.11.2025 03:45:00;06.11.2025 04:00:00;137.41
06.11.2025 04:00:00;06.11.2025 04:15:00;105.88
06.11.2025 04:15:00;06.11.2025 04:30:00;117.65
06.11.2025 04:30:00;06.11.2025 04:45:00;132.23
06.11.2025 04:45:00;06.11.2025 05:00:00;161.65
06.11.2025 05:00:00;06.11.2025 05:15:00;204.23
06.11.2025 05:15:00;06.11.2025 05:30:00;270.59
06.11.2025 05:30:00;06.11.2025 05:45:00;365.29
06.11.2025 05:45:00;06.11.2025 06:00:00;482.47
06.11.2025 06:00:00;06.11.2025 06:15:00;538.58
06.11.2025 06:15:00;06.11.2025 06:30:00;599.05
06.11.2025 06:30:00;06.11.2025 06:45:00;637.05
06.11.2025 06:45:00;06.11.2025 07:00:00;659.05
06.11.2025 07:00:00;06.11.2025 07:15:00;691.52
06.11.2025 07:15:00;06.11.2025 07:30:00;704.35
06.11.2025 07:30:00;06.11.2025 07:45:00;711.99
06.11.2025 07:45:00;06.11.2025 08:00:00;713.76
06.11.2025 08:00:00;06.11.2025 08:15:00;747.52
06.11.2025 08:15:00;06.11.2025 08:30:00;749.99
06.11.2025 08:30:00;06.11.2025 08:45:00;747.05
06.11.2025 08:45:00;06.11.2025 09:00:00;743.41
06.11.2025 09:00:00;06.11.2025 09:15:00;736.58
06.11.2025 09:15:00;06.11.2025 09:30:00;731.64
06.11.2025 09:30:00;06.11.2025 09:45:00;718.82
06.11.2025 09:45:00;06.11.2025 10:00:00;730.58
06.11.2025 10:00:00;06.11.2025 10:15:00;713.76
06.11.2025 10:15:00;06.11.2025 10:30:00;710.93
06.11.2025 10:30:00;06.11.2025 10:45:00;714.46
06.11.2025 10:45:00;06.11.2025 11:00:00;728.7
06.11.2025 11:00:00;06.11.2025 11:15:00;730.35
06.11.2025 11:15:00;06.11.2025 11:30:00;733.76
06.11.2025 11:30:00;06.11.2025 11:45:00;735.88
06.11.2025 11:45:00;06.11.2025 12:00:00;737.41
06.11.2025 12:00:00;06.11.2025 12:15:00;732.82
06.11.2025 12:15:00;06.11.2025 12:30:00;729.52
06.11.2025 12:30:00;06.11.2025 12:45:00;731.52
06.11.2025 12:45:00;06.11.2025 13:00:00;738.46
06.11.2025 13:00:00;06.11.2025 13:15:00;729.99
06.11.2025 13:15:00;06.11.2025 13:30:00;729.88
06.11.2025 13:30:00;06.11.2025 13:45:00;726.35
06.11.2025 13:45:00;06.11.2025 14:00:00;737.64
06.11.2025 14:00:00;06.11.2025 14:15:00;741.05
06.11.2025 14:15:00;06.11.2025 14:30:00;751.17
06.11.2025 14:30:00;06.11.2025 14:45:00;764.82
06.11.2025 14:45:00;06.11.2025 15:00:00;773.05
06.11.2025 15:00:00;06.11.2025 15:15:00;766.58
06.11.2025 15:15:00;06.11.2025 15:30:00;784.46
06.11.2025 15:30:00;06.11.2025 15:45:00;790.58
06.11.2025 15:45:00;06.11.2025 16:00:00;793.05
06.11.2025 16:00:00;06.11.2025 16:15:00;791.88
06.11.2025 16:15:00;06.11.2025 16:30:00;793.17
06.11.2025 16:30:00;06.11.2025 16:45:00;795.29
06.11.2025 16:45:00;06.11.2025 17:00:00;797.29
06.11.2025 17:00:00;06.11.2025 17:15:00;794.35
06.11.2025 17:15:00;06.11.2025 17:30:00;797.99
06.11.2025 17:30:00;06.11.2025 17:45:00;798.23
06.11.2025 17:45:00;06.11.2025 18:00:00;795.17
06.11.2025 18:00:00;06.11.2025 18:15:00;791.17
06.11.2025 18:15:00;06.11.2025 18:30:00;785.76
06.11.2025 18:30:00;06.11.2025 18:45:00;783.29
06.11.2025 18:45:00;06.11.2025 19:00:00;779.76
06.11.2025 19:00:00;06.11.2025 19:15:00;769.29
06.11.2025 19:15:00;06.11.2025 19:30:00;764.58
06.11.2025 19:30:00;06.11.2025 19:45:00;752.35
06.11.2025 19:45:00;06.11.2025 20:00:00;749.05
06.11.2025 20:00:00;06.11.2025 20:15:00;750.46
06.11.2025 20:15:00;06.11.2025 20:30:00;745.29
06.11.2025 20:30:00;06.11.2025 20:45:00;740.58
06.11.2025 20:45:00;06.11.2025 21:00:00;735.76
06.11.2025 21:00:00;06.11.2025 21:15:00;704.46
06.11.2025 21:15:00;06.11.2025 21:30:00;701.41
06.11.2025 21:30:00;06.11.2025 21:45:00;693.17
06.11.2025 21:45:00;06.11.2025 22:00:00;686.46
06.11.2025 22:00:00;06.11.2025 22:15:00;669.17
06.11.2025 22:15:00;06.11.2025 22:30:00;647.05
06.11.2025 22:30:00;06.11.2025 22:45:00;637.05
06.11.2025 22:45:00;06.11.2025 23:00:00;625.64
06.11.2025 23:00:00;06.11.2025 23:15:00;606.94
06.11.2025 23:15:00;06.11.2025 23:30:00;588.23
06.11.2025 23:30:00;06.11.2025 23:45:00;583.64
06.11.2025 23:45:00;07.11.2025 00:00:00;574.94
07.11.2025 00:00:00;07.11.2025 00:15:00;588.57
07.11.2025 00:15:00;07.11.2025 00:30:00;585.64
07.11.2025 00:30:00;07.11.2025 00:45:00;585.64
07.11.2025 00:45:00;07.11.2025 01:00:00;585.64
07.11.2025 01:00:00;07.11.2025 01:15:00;585.64
07.11.2025 01:15:00;07.11.2025 01:30:00;585.06
07.11.2025 01:30:00;07.11.2025 01:45:00;584.94
07.11.2025 01:45:00;07.11.2025 02:00:00;571.82
07.11.2025 02:00:00;07.11.2025 02:15:00;584.24
07.11.2025 02:15:00;07.11.2025 02:30:00;585.64
07.11.2025 02:30:00;07.11.2025 02:45:00;585.64
07.11.2025 02:45:00;07.11.2025 03:00:00;585.64
07.11.2025 03:00:00;07.11.2025 03:15:00;585.76
07.11.2025 03:15:00;07.11.2025 03:30:00;588.46
07.11.2025 03:30:00;07.11.2025 03:45:00;594.78
07.11.2025 03:45:00;07.11.2025 04:00:00;598.88
07.11.2025 04:00:00;07.11.2025 04:15:00;586.58
07.11.2025 04:15:00;07.11.2025 04:30:00;599.47
07.11.2025 04:30:00;07.11.2025 04:45:00;612.47
07.11.2025 04:45:00;07.11.2025 05:00:00;622.2
07.11.2025 05:00:00;07.11.2025 05:15:00;632.51
07.11.2025 05:15:00;07.11.2025 05:30:00;656.99
07.11.2025 05:30:00;07.11.2025 05:45:00;677.26
07.11.2025 05:45:00;07.11.2025 06:00:00;690.96
07.11.2025 06:00:00;07.11.2025 06:15:00;715.33
07.11.2025 06:15:00;07.11.2025 06:30:00;744.39
07.11.2025 06:30:00;07.11.2025 06:45:00;777.19
07.11.2025 06:45:00;07.11.2025 07:00:00;780.47
07.11.2025 07:00:00;07.11.2025 07:15:00;791.48
07.11.2025 07:15:00;07.11.2025 07:30:00;807.06
07.11.2025 07:30:00;07.11.2025 07:45:00;816.32
07.11.2025 07:45:00;07.11.2025 08:00:00;824.52
07.11.2025 08:00:00;07.11.2025 08:15:00;835.53
07.11.2025 08:15:00;07.11.2025 08:30:00;837.76
07.11.2025 08:30:00;07.11.2025 08:45:00;834.01
07.11.2025 08:45:00;07.11.2025 09:00:00;820.07
07.11.2025 09:00:00;07.11.2025 09:15:00;836.47
07.11.2025 09:15:00;07.11.2025 09:30:00;835.77
07.11.2025 09:30:00;07.11.2025 09:45:00;823.82
07.11.2025 09:45:00;07.11.2025 10:00:00;813.86
07.11.2025 10:00:00;07.11.2025 10:15:00;829.2
07.11.2025 10:15:00;07.11.2025 10:30:00;824.17
07.11.2025 10:30:00;07.11.2025 10:45:00;821.24
07.11.2025 10:45:00;07.11.2025 11:00:00;816.08
07.11.2025 11:00:00;07.11.2025 11:15:00;820.07
07.11.2025 11:15:00;07.11.2025 11:30:00;820.3
07.11.2025 11:30:00;07.11.2025 11:45:00;820.54
07.11.2025 11:45:00;07.11.2025 12:00:00;819.95
07.11.2025 12:00:00;07.11.2025 12:15:00;805.42
07.11.2025 12:15:00;07.11.2025 12:30:00;807.18
07.11.2025 12:30:00;07.11.2025 12:45:00;814.09
07.11.2025 12:45:00;07.11.2025 13:00:00;815.73
07.11.2025 13:00:00;07.11.2025 13:15:00;817.14
07.11.2025 13:15:00;07.11.2025 13:30:00;820.42
07.11.2025 13:30:00;07.11.2025 13:45:00;822.06
07.11.2025 13:45:00;07.11.2025 14:00:00;823.93
07.11.2025 14:00:00;07.11.2025 14:15:00;812.69
07.11.2025 14:15:00;07.11.2025 14:30:00;828.38
07.11.2025 14:30:00;07.11.2025 14:45:00;840.57
07.11.2025 14:45:00;07.11.2025 15:00:00;845.25
07.11.2025 15:00:00;07.11.2025 15:15:00;820.89
07.11.2025 15:15:00;07.11.2025 15:30:00;837.41
07.11.2025 15:30:00;07.11.2025 15:45:00;842.56
07.11.2025 15:45:00;07.11.2025 16:00:00;861.66
07.11.2025 16:00:00;07.11.2025 16:15:00;871.26
07.11.2025 16:15:00;07.11.2025 16:30:00;878.41
07.11.2025 16:30:00;07.11.2025 16:45:00;885.32
07.11.2025 16:45:00;07.11.2025 17:00:00;922.22
07.11.2025 17:00:00;07.11.2025 17:15:00;878.06
07.11.2025 17:15:00;07.11.2025 17:30:00;922.81
07.11.2025 17:30:00;07.11.2025 17:45:00;901.84
07.11.2025 17:45:00;07.11.2025 18:00:00;886.61
07.11.2025 18:00:00;07.11.2025 18:15:00;914.37
07.11.2025 18:15:00;07.11.2025 18:30:00;886.14
07.11.2025 18:30:00;07.11.2025 18:45:00;876.18
07.11.2025 18:45:00;07.11.2025 19:00:00;868.8
07.11.2025 19:00:00;07.11.2025 19:15:00;846.66
07.11.2025 19:15:00;07.11.2025 19:30:00;837.05
07.11.2025 19:30:00;07.11.2025 19:45:00;829.44
07.11.2025 19:45:00;07.11.2025 20:00:00;822.53
07.11.2025 20:00:00;07.11.2025 20:15:00;829.32
07.11.2025 20:15:00;07.11.2025 20:30:00;823.11
07.11.2025 20:30:00;07.11.2025 20:45:00;815.15
07.11.2025 20:45:00;07.11.2025 21:00:00;804.49
07.11.2025 21:00:00;07.11.2025 21:15:00;798.16
07.11.2025 21:15:00;07.11.2025 21:30:00;789.37
07.11.2025 21:30:00;07.11.2025 21:45:00;783.98
07.11.2025 21:45:00;07.11.2025 22:00:00;778.83
07.11.2025 22:00:00;07.11.2025 22:15:00;777.31
07.11.2025 22:15:00;07.11.2025 22:30:00;774.61
07.11.2025 22:30:00;07.11.2025 22:45:00;744.27
07.11.2025 22:45:00;07.11.2025 23:00:00;728.22
07.11.2025 23:00:00;07.11.2025 23:15:00;724.12
07.11.2025 23:15:00;07.11.2025 23:30:00;711.94
07.11.2025 23:30:00;07.11.2025 23:45:00;702.21
07.11.2025 23:45:00;08.11.2025 00:00:00;696.24
08.11.2025 00:00:00;08.11.2025 00:15:00;737.96
08.11.2025 00:15:00;08.11.2025 00:30:00;729.23
08.11.2025 00:30:00;08.11.2025 00:45:00;718.27
08.11.2025 00:45:00;08.11.2025 01:00:00;715.44
08.11.2025 01:00:00;08.11.2025 01:15:00;698.34
08.11.2025 01:15:00;08.11.2025 01:30:00;691.74
08.11.2025 01:30:00;08.11.2025 01:45:00;683.61
08.11.2025 01:45:00;08.11.2025 02:00:00;681.01
08.11.2025 02:00:00;08.11.2025 02:15:00;674.41
08.11.2025 02:15:00;08.11.2025 02:30:00;674.05
08.11.2025 02:30:00;08.11.2025 02:45:00;672.76
08.11.2025 02:45:00;08.11.2025 03:00:00;672.05
08.11.2025 03:00:00;08.11.2025 03:15:00;660.38
08.11.2025 03:15:00;08.11.2025 03:30:00;656.13
08.11.2025 03:30:00;08.11.2025 03:45:00;644.81
08.11.2025 03:45:00;08.11.2025 04:00:00;644.7
08.11.2025 04:00:00;08.11.2025 04:15:00;644.93
08.11.2025 04:15:00;08.11.2025 04:30:00;649.77
08.11.2025 04:30:00;08.11.2025 04:45:00;660.26
08.11.2025 04:45:00;08.11.2025 05:00:00;660.38
08.11.2025 05:00:00;08.11.2025 05:15:00;663.92
08.11.2025 05:15:00;08.11.2025 05:30:00;666.04
08.11.2025 05:30:00;08.11.2025 05:45:00;670.64
08.11.2025 05:45:00;08.11.2025 06:00:00;670.87
08.11.2025 06:00:00;08.11.2025 06:15:00;678.42
08.11.2025 06:15:00;08.11.2025 06:30:00;707.42
08.11.2025 06:30:00;08.11.2025 06:45:00;728.64
08.11.2025 06:45:00;08.11.2025 07:00:00;754.94
08.11.2025 07:00:00;08.11.2025 07:15:00;755.64
08.11.2025 07:15:00;08.11.2025 07:30:00;757.06
08.11.2025 07:30:00;08.11.2025 07:45:00;760.12
08.11.2025 07:45:00;08.11.2025 08:00:00;761.42
08.11.2025 08:00:00;08.11.2025 08:15:00;762.36
08.11.2025 08:15:00;08.11.2025 08:30:00;764.02
08.11.2025 08:30:00;08.11.2025 08:45:00;763.43
08.11.2025 08:45:00;08.11.2025 09:00:00;764.6
08.11.2025 09:00:00;08.11.2025 09:15:00;775.92
08.11.2025 09:15:00;08.11.2025 09:30:00;779.81
08.11.2025 09:30:00;08.11.2025 09:45:00;776.04
08.11.2025 09:45:00;08.11.2025 10:00:00;779.7
08.11.2025 10:00:00;08.11.2025 10:15:00;791.02
08.11.2025 10:15:00;08.11.2025 10:30:00;785.71
08.11.2025 10:30:00;08.11.2025 10:45:00;785.24
08.11.2025 10:45:00;08.11.2025 11:00:00;785.95
08.11.2025 11:00:00;08.11.2025 11:15:00;774.27
08.11.2025 11:15:00;08.11.2025 11:30:00;775.57
08.11.2025 11:30:00;08.11.2025 11:45:00;775.57
08.11.2025 11:45:00;08.11.2025 12:00:00;775.92
08.11.2025 12:00:00;08.11.2025 12:15:00;773.33
08.11.2025 12:15:00;08.11.2025 12:30:00;774.63
08.11.2025 12:30:00;08.11.2025 12:45:00;775.33
08.11.2025 12:45:00;08.11.2025 13:00:00;776.4
08.11.2025 13:00:00;08.11.2025 13:15:00;770.97
08.11.2025 13:15:00;08.11.2025 13:30:00;773.68
08.11.2025 13:30:00;08.11.2025 13:45:00;775.69
08.11.2025 13:45:00;08.11.2025 14:00:00;776.04
08.11.2025 14:00:00;08.11.2025 14:15:00;781.11
08.11.2025 14:15:00;08.11.2025 14:30:00;792.19
08.11.2025 14:30:00;08.11.2025 14:45:00;799.15
08.11.2025 14:45:00;08.11.2025 15:00:00;801.27
08.11.2025 15:00:00;08.11.2025 15:15:00;796.09
08.11.2025 15:15:00;08.11.2025 15:30:00;805.52
08.11.2025 15:30:00;08.11.2025 15:45:00;813.06
08.11.2025 15:45:00;08.11.2025 16:00:00;822.73
08.11.2025 16:00:00;08.11.2025 16:15:00;819.08
08.11.2025 16:15:00;08.11.2025 16:30:00;824.5
08.11.2025 16:30:00;08.11.2025 16:45:00;824.97
08.11.2025 16:45:00;08.11.2025 17:00:00;833.58
08.11.2025 17:00:00;08.11.2025 17:15:00;847.84
08.11.2025 17:15:00;08.11.2025 17:30:00;848.91
08.11.2025 17:30:00;08.11.2025 17:45:00;846.78
08.11.2025 17:45:00;08.11.2025 18:00:00;844.78
08.11.2025 18:00:00;08.11.2025 18:15:00;851.74
08.11.2025 18:15:00;08.11.2025 18:30:00;848.08
08.11.2025 18:30:00;08.11.2025 18:45:00;828.27
08.11.2025 18:45:00;08.11.2025 19:00:00;822.38
08.11.2025 19:00:00;08.11.2025 19:15:00;807.76
08.11.2025 19:15:00;08.11.2025 19:30:00;801.27
08.11.2025 19:30:00;08.11.2025 19:45:00;794.67
08.11.2025 19:45:00;08.11.2025 20:00:00;787.24
08.11.2025 20:00:00;08.11.2025 20:15:00;774.86
08.11.2025 20:15:00;08.11.2025 20:30:00;768.14
08.11.2025 20:30:00;08.11.2025 20:45:00;765.31
08.11.2025 20:45:00;08.11.2025 21:00:00;762.25
08.11.2025 21:00:00;08.11.2025 21:15:00;761.07
08.11.2025 21:15:00;08.11.2025 21:30:00;759.89
08.11.2025 21:30:00;08.11.2025 21:45:00;757.18
08.11.2025 21:45:00;08.11.2025 22:00:00;746.8
08.11.2025 22:00:00;08.11.2025 22:15:00;750.34
08.11.2025 22:15:00;08.11.2025 22:30:00;729.82
08.11.2025 22:30:00;08.11.2025 22:45:00;710.37
08.11.2025 22:45:00;08.11.2025 23:00:00;681.72
08.11.2025 23:00:00;08.11.2025 23:15:00;674.05
08.11.2025 23:15:00;08.11.2025 23:30:00;663.92
08.11.2025 23:30:00;08.11.2025 23:45:00;648.35
08.11.2025 23:45:00;09.11.2025 00:00:00;624.42
09.11.2025 00:00:00;09.11.2025 00:15:00;645.35
09.11.2025 00:15:00;09.11.2025 00:30:00;639.39
09.11.2025 00:30:00;09.11.2025 00:45:00;639.74
09.11.2025 00:45:00;09.11.2025 01:00:00;632.38
09.11.2025 01:00:00;09.11.2025 01:15:00;625.25
09.11.2025 01:15:00;09.11.2025 01:30:00;610.64
09.11.2025 01:30:00;09.11.2025 01:45:00;595.1
09.11.2025 01:45:00;09.11.2025 02:00:00;584.23
09.11.2025 02:00:00;09.11.2025 02:15:00;591.71
09.11.2025 02:15:00;09.11.2025 02:30:00;584.12
09.11.2025 02:30:00;09.11.2025 02:45:00;566.59
09.11.2025 02:45:00;09.11.2025 03:00:00;551.52
09.11.2025 03:00:00;09.11.2025 03:15:00;558.06
09.11.2025 03:15:00;09.11.2025 03:30:00;552.1
09.11.2025 03:30:00;09.11.2025 03:45:00;549.18
09.11.2025 03:45:00;09.11.2025 04:00:00;546.03
09.11.2025 04:00:00;09.11.2025 04:15:00;549.18
09.11.2025 04:15:00;09.11.2025 04:30:00;549.06
09.11.2025 04:30:00;09.11.2025 04:45:00;549.06
09.11.2025 04:45:00;09.11.2025 05:00:00;549.3
09.11.2025 05:00:00;09.11.2025 05:15:00;551.98
09.11.2025 05:15:00;09.11.2025 05:30:00;554.09
09.11.2025 05:30:00;09.11.2025 05:45:00;556.42
09.11.2025 05:45:00;09.11.2025 06:00:00;561.8
09.11.2025 06:00:00;09.11.2025 06:15:00;555.84
09.11.2025 06:15:00;09.11.2025 06:30:00;564.72
09.11.2025 06:30:00;09.11.2025 06:45:00;570.21
09.11.2025 06:45:00;09.11.2025 07:00:00;579.21
09.11.2025 07:00:00;09.11.2025 07:15:00;579.33
09.11.2025 07:15:00;09.11.2025 07:30:00;567.64
09.11.2025 07:30:00;09.11.2025 07:45:00;591.36
09.11.2025 07:45:00;09.11.2025 08:00:00;600.13
09.11.2025 08:00:00;09.11.2025 08:15:00;605.62
09.11.2025 08:15:00;09.11.2025 08:30:00;619.64
09.11.2025 08:30:00;09.11.2025 08:45:00;630.16
09.11.2025 08:45:00;09.11.2025 09:00:00;634.24
09.11.2025 09:00:00;09.11.2025 09:15:00;645.81
09.11.2025 09:15:00;09.11.2025 09:30:00;651.07
09.11.2025 09:30:00;09.11.2025 09:45:00;657.5
09.11.2025 09:45:00;09.11.2025 10:00:00;667.2
09.11.2025 10:00:00;09.11.2025 10:15:00;690.68
09.11.2025 10:15:00;09.11.2025 10:30:00;696.41
09.11.2025 10:30:00;09.11.2025 10:45:00;700.73
09.11.2025 10:45:00;09.11.2025 11:00:00;715.34
09.11.2025 11:00:00;09.11.2025 11:15:00;717.21
09.11.2025 11:15:00;09.11.2025 11:30:00;728.19
09.11.2025 11:30:00;09.11.2025 11:45:00;736.49
09.11.2025 11:45:00;09.11.2025 12:00:00;738.24
09.11.2025 12:00:00;09.11.2025 12:15:00;738.01
09.11.2025 12:15:00;09.11.2025 12:30:00;738.36
09.11.2025 12:30:00;09.11.2025 12:45:00;738.59
09.11.2025 12:45:00;09.11.2025 13:00:00;739.06
09.11.2025 13:00:00;09.11.2025 13:15:00;740.46
09.11.2025 13:15:00;09.11.2025 13:30:00;740.46
09.11.2025 13:30:00;09.11.2025 13:45:00;738.94
09.11.2025 13:45:00;09.11.2025 14:00:00;738.47
09.11.2025 14:00:00;09.11.2025 14:15:00;737.3
09.11.2025 14:15:00;09.11.2025 14:30:00;737.54
09.11.2025 14:30:00;09.11.2025 14:45:00;738.01
09.11.2025 14:45:00;09.11.2025 15:00:00;741.51
09.11.2025 15:00:00;09.11.2025 15:15:00;740.11
09.11.2025 15:15:00;09.11.2025 15:30:00;742.91
09.11.2025 15:30:00;09.11.2025 15:45:00;743.73
09.11.2025 15:45:00;09.11.2025 16:00:00;747.12
09.11.2025 16:00:00;09.11.2025 16:15:00;747.82
09.11.2025 16:15:00;09.11.2025 16:30:00;750.98
09.11.2025 16:30:00;09.11.2025 16:45:00;751.21
09.11.2025 16:45:00;09.11.2025 17:00:00;752.03
09.11.2025 17:00:00;09.11.2025 17:15:00;753.9
09.11.2025 17:15:00;09.11.2025 17:30:00;757.87
09.11.2025 17:30:00;09.11.2025 17:45:00;758.45
09.11.2025 17:45:00;09.11.2025 18:00:00;758.45
09.11.2025 18:00:00;09.11.2025 18:15:00;757.17
09.11.2025 18:15:00;09.11.2025 18:30:00;756.93
09.11.2025 18:30:00;09.11.2025 18:45:00;756.23
09.11.2025 18:45:00;09.11.2025 19:00:00;754.71
09.11.2025 19:00:00;09.11.2025 19:15:00;753.08
09.11.2025 19:15:00;09.11.2025 19:30:00;751.44
09.11.2025 19:30:00;09.11.2025 19:45:00;748.75
09.11.2025 19:45:00;09.11.2025 20:00:00;747.94
09.11.2025 20:00:00;09.11.2025 20:15:00;745.02
09.11.2025 20:15:00;09.11.2025 20:30:00;743.5
09.11.2025 20:30:00;09.11.2025 20:45:00;740.11
09.11.2025 20:45:00;09.11.2025 21:00:00;727.84
09.11.2025 21:00:00;09.11.2025 21:15:00;701.08
09.11.2025 21:15:00;09.11.2025 21:30:00;697.46
09.11.2025 21:30:00;09.11.2025 21:45:00;694.42
09.11.2025 21:45:00;09.11.2025 22:00:00;686.36
09.11.2025 22:00:00;09.11.2025 22:15:00;679.46
09.11.2025 22:15:00;09.11.2025 22:30:00;666.85
09.11.2025 22:30:00;09.11.2025 22:45:00;655.04
09.11.2025 22:45:00;09.11.2025 23:00:00;645.46
09.11.2025 23:00:00;09.11.2025 23:15:00;648.03
09.11.2025 23:15:00;09.11.2025 23:30:00;646.05
09.11.2025 23:30:00;09.11.2025 23:45:00;644.53
09.11.2025 23:45:00;10.11.2025 00:00:00;633.78
10.11.2025 00:00:00;10.11.2025 00:15:00;666.85
10.11.2025 00:15:00;10.11.2025 00:30:00;665.44
10.11.2025 00:30:00;10.11.2025 00:45:00;664.39
10.11.2025 00:45:00;10.11.2025 01:00:00;661.94
10.11.2025 01:00:00;10.11.2025 01:15:00;655.04
10.11.2025 01:15:00;10.11.2025 01:30:00;654.93
10.11.2025 01:30:00;10.11.2025 01:45:00;646.98
10.11.2025 01:45:00;10.11.2025 02:00:00;646.75
10.11.2025 02:00:00;10.11.2025 02:15:00;638.92
10.11.2025 02:15:00;10.11.2025 02:30:00;638.92
10.11.2025 02:30:00;10.11.2025 02:45:00;638.92
10.11.2025 02:45:00;10.11.2025 03:00:00;639.04
10.11.2025 03:00:00;10.11.2025 03:15:00;636.58
10.11.2025 03:15:00;10.11.2025 03:30:00;639.5
10.11.2025 03:30:00;10.11.2025 03:45:00;642.66
10.11.2025 03:45:00;10.11.2025 04:00:00;642.54
10.11.2025 04:00:00;10.11.2025 04:15:00;637.63
10.11.2025 04:15:00;10.11.2025 04:30:00;646.4
10.11.2025 04:30:00;10.11.2025 04:45:00;647.1
10.11.2025 04:45:00;10.11.2025 05:00:00;661
10.11.2025 05:00:00;10.11.2025 05:15:00;674.32
10.11.2025 05:15:00;10.11.2025 05:30:00;694.54
10.11.2025 05:30:00;10.11.2025 05:45:00;721.41
10.11.2025 05:45:00;10.11.2025 06:00:00;749.22
10.11.2025 06:00:00;10.11.2025 06:15:00;751.91
10.11.2025 06:15:00;10.11.2025 06:30:00;761.26
10.11.2025 06:30:00;10.11.2025 06:45:00;768.97
10.11.2025 06:45:00;10.11.2025 07:00:00;772.24
10.11.2025 07:00:00;10.11.2025 07:15:00;835.81
10.11.2025 07:15:00;10.11.2025 07:30:00;876.23
10.11.2025 07:30:00;10.11.2025 07:45:00;904.63
10.11.2025 07:45:00;10.11.2025 08:00:00;918.42
10.11.2025 08:00:00;10.11.2025 08:15:00;1006.52
10.11.2025 08:15:00;10.11.2025 08:30:00;1017.85
10.11.2025 08:30:00;10.11.2025 08:45:00;1030.71
10.11.2025 08:45:00;10.11.2025 09:00:00;1019.61
10.11.2025 09:00:00;10.11.2025 09:15:00;1031.29
10.11.2025 09:15:00;10.11.2025 09:30:00;1030.71
10.11.2025 09:30:00;10.11.2025 09:45:00;1030.71
10.11.2025 09:45:00;10.11.2025 10:00:00;993.2
10.11.2025 10:00:00;10.11.2025 10:15:00;1031.64
10.11.2025 10:15:00;10.11.2025 10:30:00;1031.76
10.11.2025 10:30:00;10.11.2025 10:45:00;1041.34
10.11.2025 10:45:00;10.11.2025 11:00:00;1030.71
10.11.2025 11:00:00;10.11.2025 11:15:00;1016.22
10.11.2025 11:15:00;10.11.2025 11:30:00;1023.11
10.11.2025 11:30:00;10.11.2025 11:45:00;1030.59
10.11.2025 11:45:00;10.11.2025 12:00:00;1024.28
10.11.2025 12:00:00;10.11.2025 12:15:00;1016.8
10.11.2025 12:15:00;10.11.2025 12:30:00;1024.75
10.11.2025 12:30:00;10.11.2025 12:45:00;992.85
10.11.2025 12:45:00;10.11.2025 13:00:00;1030.71
10.11.2025 13:00:00;10.11.2025 13:15:00;1031.64
10.11.2025 13:15:00;10.11.2025 13:30:00;1037.25
10.11.2025 13:30:00;10.11.2025 13:45:00;1051.15
10.11.2025 13:45:00;10.11.2025 14:00:00;1092.52
10.11.2025 14:00:00;10.11.2025 14:15:00;1030.71
10.11.2025 14:15:00;10.11.2025 14:30:00;1092.99
10.11.2025 14:30:00;10.11.2025 14:45:00;1166.72
10.11.2025 14:45:00;10.11.2025 15:00:00;1169.75
10.11.2025 15:00:00;10.11.2025 15:15:00;1031.41
10.11.2025 15:15:00;10.11.2025 15:30:00;1092.99
10.11.2025 15:30:00;10.11.2025 15:45:00;1192.66
10.11.2025 15:45:00;10.11.2025 16:00:00;1201.77
10.11.2025 16:00:00;10.11.2025 16:15:00;1182.02
10.11.2025 16:15:00;10.11.2025 16:30:00;1201.54
10.11.2025 16:30:00;10.11.2025 16:45:00;1201.65
10.11.2025 16:45:00;10.11.2025 17:00:00;1201.89
10.11.2025 17:00:00;10.11.2025 17:15:00;1314.53
10.11.2025 17:15:00;10.11.2025 17:30:00;1577.2
10.11.2025 17:30:00;10.11.2025 17:45:00;1427.87
10.11.2025 17:45:00;10.11.2025 18:00:00;1345.84
10.11.2025 18:00:00;10.11.2025 18:15:00;1604.19
10.11.2025 18:15:00;10.11.2025 18:30:00;1345.84
10.11.2025 18:30:00;10.11.2025 18:45:00;1201.77
10.11.2025 18:45:00;10.11.2025 19:00:00;1201.3
10.11.2025 19:00:00;10.11.2025 19:15:00;1191.02
10.11.2025 19:15:00;10.11.2025 19:30:00;1051.51
10.11.2025 19:30:00;10.11.2025 19:45:00;1030.71
10.11.2025 19:45:00;10.11.2025 20:00:00;909.19
10.11.2025 20:00:00;10.11.2025 20:15:00;1030.94
10.11.2025 20:15:00;10.11.2025 20:30:00;987.12
10.11.2025 20:30:00;10.11.2025 20:45:00;907.32
10.11.2025 20:45:00;10.11.2025 21:00:00;857.77
10.11.2025 21:00:00;10.11.2025 21:15:00;946.34
10.11.2025 21:15:00;10.11.2025 21:30:00;878.45
10.11.2025 21:30:00;10.11.2025 21:45:00;857.31
10.11.2025 21:45:00;10.11.2025 22:00:00;849.13
10.11.2025 22:00:00;10.11.2025 22:15:00;834.17
10.11.2025 22:15:00;10.11.2025 22:30:00;798.18
10.11.2025 22:30:00;10.11.2025 22:45:00;784.04
10.11.2025 22:45:00;10.11.2025 23:00:00;777.15
10.11.2025 23:00:00;10.11.2025 23:15:00;761.37
10.11.2025 23:15:00;10.11.2025 23:30:00;758.22
10.11.2025 23:30:00;10.11.2025 23:45:00;755.42
10.11.2025 23:45:00;11.11.2025 00:00:00;751.91
11.11.2025 00:00:00;11.11.2025 00:15:00;759.84
11.11.2025 00:15:00;11.11.2025 00:30:00;757.74
11.11.2025 00:30:00;11.11.2025 00:45:00;755.75
11.11.2025 00:45:00;11.11.2025 01:00:00;751.08
11.11.2025 01:00:00;11.11.2025 01:15:00;753.65
11.11.2025 01:15:00;11.11.2025 01:30:00;751.89
11.11.2025 01:30:00;11.11.2025 01:45:00;750.26
11.11.2025 01:45:00;11.11.2025 02:00:00;727.23
11.11.2025 02:00:00;11.11.2025 02:15:00;738.33
11.11.2025 02:15:00;11.11.2025 02:30:00;727.23
11.11.2025 02:30:00;11.11.2025 02:45:00;722.2
11.11.2025 02:45:00;11.11.2025 03:00:00;704.67
11.11.2025 03:00:00;11.11.2025 03:15:00;703.5
11.11.2025 03:15:00;11.11.2025 03:30:00;699.87
11.11.2025 03:30:00;11.11.2025 03:45:00;698.35
11.11.2025 03:45:00;11.11.2025 04:00:00;665.74
11.11.2025 04:00:00;11.11.2025 04:15:00;656.62
11.11.2025 04:15:00;11.11.2025 04:30:00;664.92
11.11.2025 04:30:00;11.11.2025 04:45:00;696.6
11.11.2025 04:45:00;11.11.2025 05:00:00;701.74
11.11.2025 05:00:00;11.11.2025 05:15:00;676.26
11.11.2025 05:15:00;11.11.2025 05:30:00;710.4
11.11.2025 05:30:00;11.11.2025 05:45:00;750.14
11.11.2025 05:45:00;11.11.2025 06:00:00;753.88
11.11.2025 06:00:00;11.11.2025 06:15:00;759.84
11.11.2025 06:15:00;11.11.2025 06:30:00;779.83
11.11.2025 06:30:00;11.11.2025 06:45:00;777.38
11.11.2025 06:45:00;11.11.2025 07:00:00;778.55
11.11.2025 07:00:00;11.11.2025 07:15:00;780.42
11.11.2025 07:15:00;11.11.2025 07:30:00;785.8
11.11.2025 07:30:00;11.11.2025 07:45:00;796.43
11.11.2025 07:45:00;11.11.2025 08:00:00;794.21
11.11.2025 08:00:00;11.11.2025 08:15:00;854.65
11.11.2025 08:15:00;11.11.2025 08:30:00;829.28
11.11.2025 08:30:00;11.11.2025 08:45:00;817.71
11.11.2025 08:45:00;11.11.2025 09:00:00;807.19
11.11.2025 09:00:00;11.11.2025 09:15:00;859.32
11.11.2025 09:15:00;11.11.2025 09:30:00;809.99
11.11.2025 09:30:00;11.11.2025 09:45:00;806.37
11.11.2025 09:45:00;11.11.2025 10:00:00;799.71
11.11.2025 10:00:00;11.11.2025 10:15:00;807.77
11.11.2025 10:15:00;11.11.2025 10:30:00;788.37
11.11.2025 10:30:00;11.11.2025 10:45:00;781.35
11.11.2025 10:45:00;11.11.2025 11:00:00;780.42
11.11.2025 11:00:00;11.11.2025 11:15:00;784.98
11.11.2025 11:15:00;11.11.2025 11:30:00;780.89
11.11.2025 11:30:00;11.11.2025 11:45:00;780.42
11.11.2025 11:45:00;11.11.2025 12:00:00;780.07
11.11.2025 12:00:00;11.11.2025 12:15:00;779.95
11.11.2025 12:15:00;11.11.2025 12:30:00;778.78
11.11.2025 12:30:00;11.11.2025 12:45:00;779.83
11.11.2025 12:45:00;11.11.2025 13:00:00;779.83
11.11.2025 13:00:00;11.11.2025 13:15:00;777.03
11.11.2025 13:15:00;11.11.2025 13:30:00;779.6
11.11.2025 13:30:00;11.11.2025 13:45:00;779.48
11.11.2025 13:45:00;11.11.2025 14:00:00;779.83
11.11.2025 14:00:00;11.11.2025 14:15:00;791.29
11.11.2025 14:15:00;11.11.2025 14:30:00;800.76
11.11.2025 14:30:00;11.11.2025 14:45:00;807.66
11.11.2025 14:45:00;11.11.2025 15:00:00;814.2
11.11.2025 15:00:00;11.11.2025 15:15:00;787.67
11.11.2025 15:15:00;11.11.2025 15:30:00;792.58
11.11.2025 15:30:00;11.11.2025 15:45:00;810.23
11.11.2025 15:45:00;11.11.2025 16:00:00;812.68
11.11.2025 16:00:00;11.11.2025 16:15:00;818.06
11.11.2025 16:15:00;11.11.2025 16:30:00;825.42
11.11.2025 16:30:00;11.11.2025 16:45:00;825.54
11.11.2025 16:45:00;11.11.2025 17:00:00;817.36
11.11.2025 17:00:00;11.11.2025 17:15:00;824.25
11.11.2025 17:15:00;11.11.2025 17:30:00;843.31
11.11.2025 17:30:00;11.11.2025 17:45:00;826.36
11.11.2025 17:45:00;11.11.2025 18:00:00;811.98
11.11.2025 18:00:00;11.11.2025 18:15:00;788.25
11.11.2025 18:15:00;11.11.2025 18:30:00;780.65
11.11.2025 18:30:00;11.11.2025 18:45:00;771.07
11.11.2025 18:45:00;11.11.2025 19:00:00;756.45
11.11.2025 19:00:00;11.11.2025 19:15:00;753.06
11.11.2025 19:15:00;11.11.2025 19:30:00;736
11.11.2025 19:30:00;11.11.2025 19:45:00;720.8
11.11.2025 19:45:00;11.11.2025 20:00:00;685.85
11.11.2025 20:00:00;11.11.2025 20:15:00;660.6
11.11.2025 20:15:00;11.11.2025 20:30:00;647.15
11.11.2025 20:30:00;11.11.2025 20:45:00;631.49
11.11.2025 20:45:00;11.11.2025 21:00:00;620.73
11.11.2025 21:00:00;11.11.2025 21:15:00;630.09
11.11.2025 21:15:00;11.11.2025 21:30:00;605.07
11.11.2025 21:30:00;11.11.2025 21:45:00;588.82
11.11.2025 21:45:00;11.11.2025 22:00:00;573.51
11.11.2025 22:00:00;11.11.2025 22:15:00;553.98
11.11.2025 22:15:00;11.11.2025 22:30:00;533.88
11.11.2025 22:30:00;11.11.2025 22:45:00;491.09
11.11.2025 22:45:00;11.11.2025 23:00:00;354.79
11.11.2025 23:00:00;11.11.2025 23:15:00;419.32
11.11.2025 23:15:00;11.11.2025 23:30:00;354.91
11.11.2025 23:30:00;11.11.2025 23:45:00;245.37
11.11.2025 23:45:00;12.11.2025 00:00:00;127.65
12.11.2025 00:00:00;12.11.2025 00:15:00;366.1
12.11.2025 00:15:00;12.11.2025 00:30:00;355.02
12.11.2025 00:30:00;12.11.2025 00:45:00;233.22
12.11.2025 00:45:00;12.11.2025 01:00:00;158.2
12.11.2025 01:00:00;12.11.2025 01:15:00;259.12
12.11.2025 01:15:00;12.11.2025 01:30:00;186.55
12.11.2025 01:30:00;12.11.2025 01:45:00;133.47
12.11.2025 01:45:00;12.11.2025 02:00:00;121.22
12.11.2025 02:00:00;12.11.2025 02:15:00;146.3
12.11.2025 02:15:00;12.11.2025 02:30:00;134.52
12.11.2025 02:30:00;12.11.2025 02:45:00;121.22
12.11.2025 02:45:00;12.11.2025 03:00:00;105.93
12.11.2025 03:00:00;12.11.2025 03:15:00;116.32
12.11.2025 03:15:00;12.11.2025 03:30:00;105.7
12.11.2025 03:30:00;12.11.2025 03:45:00;98
12.11.2025 03:45:00;12.11.2025 04:00:00;90.53
12.11.2025 04:00:00;12.11.2025 04:15:00;81.08
12.11.2025 04:15:00;12.11.2025 04:30:00;78.17
12.11.2025 04:30:00;12.11.2025 04:45:00;78.17
12.11.2025 04:45:00;12.11.2025 05:00:00;81.08
12.11.2025 05:00:00;12.11.2025 05:15:00;81.55
12.11.2025 05:15:00;12.11.2025 05:30:00;88.67
12.11.2025 05:30:00;12.11.2025 05:45:00;118.42
12.11.2025 05:45:00;12.11.2025 06:00:00;129.38
12.11.2025 06:00:00;12.11.2025 06:15:00;90.42
12.11.2025 06:15:00;12.11.2025 06:30:00;131.6
12.11.2025 06:30:00;12.11.2025 06:45:00;162.4
12.11.2025 06:45:00;12.11.2025 07:00:00;178.62
12.11.2025 07:00:00;12.11.2025 07:15:00;130.55
12.11.2025 07:15:00;12.11.2025 07:30:00;148.98
12.11.2025 07:30:00;12.11.2025 07:45:00;163.22
12.11.2025 07:45:00;12.11.2025 08:00:00;169.52
12.11.2025 08:00:00;12.11.2025 08:15:00;196.47
12.11.2025 08:15:00;12.11.2025 08:30:00;186.67
12.11.2025 08:30:00;12.11.2025 08:45:00;186.55
12.11.2025 08:45:00;12.11.2025 09:00:00;169.05
12.11.2025 09:00:00;12.11.2025 09:15:00;230.77
12.11.2025 09:15:00;12.11.2025 09:30:00;199.73
12.11.2025 09:30:00;12.11.2025 09:45:00;186.67
12.11.2025 09:45:00;12.11.2025 10:00:00;136.15
12.11.2025 10:00:00;12.11.2025 10:15:00;215.14
12.11.2025 10:15:00;12.11.2025 10:30:00;199.73
12.11.2025 10:30:00;12.11.2025 10:45:00;187.25
12.11.2025 10:45:00;12.11.2025 11:00:00;163.22
12.11.2025 11:00:00;12.11.2025 11:15:00;218.87
12.11.2025 11:15:00;12.11.2025 11:30:00;187.72
12.11.2025 11:30:00;12.11.2025 11:45:00;169.75
12.11.2025 11:45:00;12.11.2025 12:00:00;145.02
12.11.2025 12:00:00;12.11.2025 12:15:00;136.15
12.11.2025 12:15:00;12.11.2025 12:30:00;139.3
12.11.2025 12:30:00;12.11.2025 12:45:00;175.82
12.11.2025 12:45:00;12.11.2025 13:00:00;175
12.11.2025 13:00:00;12.11.2025 13:15:00;129.85
12.11.2025 13:15:00;12.11.2025 13:30:00;155.4
12.11.2025 13:30:00;12.11.2025 13:45:00;156.22
12.11.2025 13:45:00;12.11.2025 14:00:00;158.32
12.11.2025 14:00:00;12.11.2025 14:15:00;177.1
12.11.2025 14:15:00;12.11.2025 14:30:00;173.6
12.11.2025 14:30:00;12.11.2025 14:45:00;186.78
12.11.2025 14:45:00;12.11.2025 15:00:00;202.42
12.11.2025 15:00:00;12.11.2025 15:15:00;187.83
12.11.2025 15:15:00;12.11.2025 15:30:00;224.12
12.11.2025 15:30:00;12.11.2025 15:45:00;244.89
12.11.2025 15:45:00;12.11.2025 16:00:00;271.84
12.11.2025 16:00:00;12.11.2025 16:15:00;216.54
12.11.2025 16:15:00;12.11.2025 16:30:00;242.67
12.11.2025 16:30:00;12.11.2025 16:45:00;245
12.11.2025 16:45:00;12.11.2025 17:00:00;294.82
12.11.2025 17:00:00;12.11.2025 17:15:00;304.39
12.11.2025 17:15:00;12.11.2025 17:30:00;350
12.11.2025 17:30:00;12.11.2025 17:45:00;355.72
12.11.2025 17:45:00;12.11.2025 18:00:00;350
12.11.2025 18:00:00;12.11.2025 18:15:00;349.89
12.11.2025 18:15:00;12.11.2025 18:30:00;326.67
12.11.2025 18:30:00;12.11.2025 18:45:00;303.34
12.11.2025 18:45:00;12.11.2025 19:00:00;299.25
12.11.2025 19:00:00;12.11.2025 19:15:00;348.37
12.11.2025 19:15:00;12.11.2025 19:30:00;303.34
12.11.2025 19:30:00;12.11.2025 19:45:00;284.44
12.11.2025 19:45:00;12.11.2025 20:00:00;233.22
12.11.2025 20:00:00;12.11.2025 20:15:00;233.34
12.11.2025 20:15:00;12.11.2025 20:30:00;191.1
12.11.2025 20:30:00;12.11.2025 20:45:00;169.75
12.11.2025 20:45:00;12.11.2025 21:00:00;137.43
12.11.2025 21:00:00;12.11.2025 21:15:00;186.55
12.11.2025 21:15:00;12.11.2025 21:30:00;150.85
12.11.2025 21:30:00;12.11.2025 21:45:00;110.72
12.11.2025 21:45:00;12.11.2025 22:00:00;88.32
12.11.2025 22:00:00;12.11.2025 22:15:00;116.67
12.11.2025 22:15:00;12.11.2025 22:30:00;98.82
12.11.2025 22:30:00;12.11.2025 22:45:00;70.7
12.11.2025 22:45:00;12.11.2025 23:00:00;58.22
12.11.2025 23:00:00;12.11.2025 23:15:00;77.58
12.11.2025 23:15:00;12.11.2025 23:30:00;58.22
12.11.2025 23:30:00;12.11.2025 23:45:00;49.47
12.11.2025 23:45:00;13.11.2025 00:00:00;40.83
13.11.2025 00:00:00;13.11.2025 00:15:00;47.72
13.11.2025 00:15:00;13.11.2025 00:30:00;46.56
13.11.2025 00:30:00;13.11.2025 00:45:00;43.65
13.11.2025 00:45:00;13.11.2025 01:00:00;37.13
13.11.2025 01:00:00;13.11.2025 01:15:00;34.8
13.11.2025 01:15:00;13.11.2025 01:30:00;30.03
13.11.2025 01:30:00;13.11.2025 01:45:00;29.33
13.11.2025 01:45:00;13.11.2025 02:00:00;27.94
13.11.2025 02:00:00;13.11.2025 02:15:00;27.7
13.11.2025 02:15:00;13.11.2025 02:30:00;27.47
13.11.2025 02:30:00;13.11.2025 02:45:00;27.12
13.11.2025 02:45:00;13.11.2025 03:00:00;26.77
13.11.2025 03:00:00;13.11.2025 03:15:00;26.31
13.11.2025 03:15:00;13.11.2025 03:30:00;24.68
13.11.2025 03:30:00;13.11.2025 03:45:00;24.79
13.11.2025 03:45:00;13.11.2025 04:00:00;23.51
13.11.2025 04:00:00;13.11.2025 04:15:00;24.79
13.11.2025 04:15:00;13.11.2025 04:30:00;26.42
13.11.2025 04:30:00;13.11.2025 04:45:00;27
13.11.2025 04:45:00;13.11.2025 05:00:00;28.28
13.11.2025 05:00:00;13.11.2025 05:15:00;35.15
13.11.2025 05:15:00;13.11.2025 05:30:00;42.6
13.11.2025 05:30:00;13.11.2025 05:45:00;49.24
13.11.2025 05:45:00;13.11.2025 06:00:00;58.08
13.11.2025 06:00:00;13.11.2025 06:15:00;49.82
13.11.2025 06:15:00;13.11.2025 06:30:00;65.41
13.11.2025 06:30:00;13.11.2025 06:45:00;105.22
13.11.2025 06:45:00;13.11.2025 07:00:00;174.59
13.11.2025 07:00:00;13.11.2025 07:15:00;105.11
13.11.2025 07:15:00;13.11.2025 07:30:00;153.64
13.11.2025 07:30:00;13.11.2025 07:45:00;194.85
13.11.2025 07:45:00;13.11.2025 08:00:00;244.08
13.11.2025 08:00:00;13.11.2025 08:15:00;353.38
13.11.2025 08:15:00;13.11.2025 08:30:00;290.87
13.11.2025 08:30:00;13.11.2025 08:45:00;207.3
13.11.2025 08:45:00;13.11.2025 09:00:00;186.23
13.11.2025 09:00:00;13.11.2025 09:15:00;278.65
13.11.2025 09:15:00;13.11.2025 09:30:00;232.68
13.11.2025 09:30:00;13.11.2025 09:45:00;178.67
13.11.2025 09:45:00;13.11.2025 10:00:00;148.52
13.11.2025 10:00:00;13.11.2025 10:15:00;312.29
13.11.2025 10:15:00;13.11.2025 10:30:00;232.79
13.11.2025 10:30:00;13.11.2025 10:45:00;155.5
13.11.2025 10:45:00;13.11.2025 11:00:00;118.14
13.11.2025 11:00:00;13.11.2025 11:15:00;162.95
13.11.2025 11:15:00;13.11.2025 11:30:00;156.32
13.11.2025 11:30:00;13.11.2025 11:45:00;152.25
13.11.2025 11:45:00;13.11.2025 12:00:00;175.53
13.11.2025 12:00:00;13.11.2025 12:15:00;140.02
13.11.2025 12:15:00;13.11.2025 12:30:00;174.59
13.11.2025 12:30:00;13.11.2025 12:45:00;225.23
13.11.2025 12:45:00;13.11.2025 13:00:00;232.79
13.11.2025 13:00:00;13.11.2025 13:15:00;162.14
13.11.2025 13:15:00;13.11.2025 13:30:00;212.77
13.11.2025 13:30:00;13.11.2025 13:45:00;299.95
13.11.2025 13:45:00;13.11.2025 14:00:00;377.12
13.11.2025 14:00:00;13.11.2025 14:15:00;232.68
13.11.2025 14:15:00;13.11.2025 14:30:00;315.55
13.11.2025 14:30:00;13.11.2025 14:45:00;408.67
13.11.2025 14:45:00;13.11.2025 15:00:00;448.12
13.11.2025 15:00:00;13.11.2025 15:15:00;325.91
13.11.2025 15:15:00;13.11.2025 15:30:00;383.87
13.11.2025 15:30:00;13.11.2025 15:45:00;407.27
13.11.2025 15:45:00;13.11.2025 16:00:00;424.73
13.11.2025 16:00:00;13.11.2025 16:15:00;383.06
13.11.2025 16:15:00;13.11.2025 16:30:00;412.51
13.11.2025 16:30:00;13.11.2025 16:45:00;435.2
13.11.2025 16:45:00;13.11.2025 17:00:00;452.43
13.11.2025 17:00:00;13.11.2025 17:15:00;537.17
13.11.2025 17:15:00;13.11.2025 17:30:00;553.35
13.11.2025 17:30:00;13.11.2025 17:45:00;550.2
13.11.2025 17:45:00;13.11.2025 18:00:00;549.27
13.11.2025 18:00:00;13.11.2025 18:15:00;547.29
13.11.2025 18:15:00;13.11.2025 18:30:00;544.27
13.11.2025 18:30:00;13.11.2025 18:45:00;534.72
13.11.2025 18:45:00;13.11.2025 19:00:00;523.78
13.11.2025 19:00:00;13.11.2025 19:15:00;519.59
13.11.2025 19:15:00;13.11.2025 19:30:00;500.62
13.11.2025 19:30:00;13.11.2025 19:45:00;493.05
13.11.2025 19:45:00;13.11.2025 20:00:00;471.64
13.11.2025 20:00:00;13.11.2025 20:15:00;470.01
13.11.2025 20:15:00;13.11.2025 20:30:00;457.44
13.11.2025 20:30:00;13.11.2025 20:45:00;426.47
13.11.2025 20:45:00;13.11.2025 21:00:00;416.81
13.11.2025 21:00:00;13.11.2025 21:15:00;430.66
13.11.2025 21:15:00;13.11.2025 21:30:00;430.55
13.11.2025 21:30:00;13.11.2025 21:45:00;424.96
13.11.2025 21:45:00;13.11.2025 22:00:00;379.45
13.11.2025 22:00:00;13.11.2025 22:15:00;384.57
13.11.2025 22:15:00;13.11.2025 22:30:00;355.94
13.11.2025 22:30:00;13.11.2025 22:45:00;319.74
13.11.2025 22:45:00;13.11.2025 23:00:00;294.6
13.11.2025 23:00:00;13.11.2025 23:15:00;265.15
13.11.2025 23:15:00;13.11.2025 23:30:00;252.35
13.11.2025 23:30:00;13.11.2025 23:45:00;232.79
13.11.2025 23:45:00;14.11.2025 00:00:00;196.01
14.11.2025 00:00:00;14.11.2025 00:15:00;229.6
14.11.2025 00:15:00;14.11.2025 00:30:00;233.34
14.11.2025 00:30:00;14.11.2025 00:45:00;231
14.11.2025 00:45:00;14.11.2025 01:00:00;223.18
14.11.2025 01:00:00;14.11.2025 01:15:00;229.14
14.11.2025 01:15:00;14.11.2025 01:30:00;221.78
14.11.2025 01:30:00;14.11.2025 01:45:00;233.34
14.11.2025 01:45:00;14.11.2025 02:00:00;233.34
14.11.2025 02:00:00;14.11.2025 02:15:00;179.99
14.11.2025 02:15:00;14.11.2025 02:30:00;186.76
14.11.2025 02:30:00;14.11.2025 02:45:00;187.23
14.11.2025 02:45:00;14.11.2025 03:00:00;179.64
14.11.2025 03:00:00;14.11.2025 03:15:00;149.99
14.11.2025 03:15:00;14.11.2025 03:30:00;138.21
14.11.2025 03:30:00;14.11.2025 03:45:00;157.7
14.11.2025 03:45:00;14.11.2025 04:00:00;190.97
14.11.2025 04:00:00;14.11.2025 04:15:00;156.41
14.11.2025 04:15:00;14.11.2025 04:30:00;199.95
14.11.2025 04:30:00;14.11.2025 04:45:00;235.79
14.11.2025 04:45:00;14.11.2025 05:00:00;295.9
14.11.2025 05:00:00;14.11.2025 05:15:00;291.47
14.11.2025 05:15:00;14.11.2025 05:30:00;367.34
14.11.2025 05:30:00;14.11.2025 05:45:00;456.05
14.11.2025 05:45:00;14.11.2025 06:00:00;525.39
14.11.2025 06:00:00;14.11.2025 06:15:00;572.2
14.11.2025 06:15:00;14.11.2025 06:30:00;619.47
14.11.2025 06:30:00;14.11.2025 06:45:00;641.88
14.11.2025 06:45:00;14.11.2025 07:00:00;670.71
14.11.2025 07:00:00;14.11.2025 07:15:00;728.14
14.11.2025 07:15:00;14.11.2025 07:30:00;764.91
14.11.2025 07:30:00;14.11.2025 07:45:00;777.75
14.11.2025 07:45:00;14.11.2025 08:00:00;781.61
14.11.2025 08:00:00;14.11.2025 08:15:00;823.16
14.11.2025 08:15:00;14.11.2025 08:30:00;825.96
14.11.2025 08:30:00;14.11.2025 08:45:00;828.3
14.11.2025 08:45:00;14.11.2025 09:00:00;828.65
14.11.2025 09:00:00;14.11.2025 09:15:00;875.92
14.11.2025 09:15:00;14.11.2025 09:30:00;876.5
14.11.2025 09:30:00;14.11.2025 09:45:00;878.26
14.11.2025 09:45:00;14.11.2025 10:00:00;860.4
14.11.2025 10:00:00;14.11.2025 10:15:00;852.58
14.11.2025 10:15:00;14.11.2025 10:30:00;852.58
14.11.2025 10:30:00;14.11.2025 10:45:00;843.12
14.11.2025 10:45:00;14.11.2025 11:00:00;841.6
14.11.2025 11:00:00;14.11.2025 11:15:00;849.19
14.11.2025 11:15:00;14.11.2025 11:30:00;843.7
14.11.2025 11:30:00;14.11.2025 11:45:00;842.77
14.11.2025 11:45:00;14.11.2025 12:00:00;840.32
14.11.2025 12:00:00;14.11.2025 12:15:00;824.21
14.11.2025 12:15:00;14.11.2025 12:30:00;820.24
14.11.2025 12:30:00;14.11.2025 12:45:00;818.37
14.11.2025 12:45:00;14.11.2025 13:00:00;820.83
14.11.2025 13:00:00;14.11.2025 13:15:00;827.01
14.11.2025 13:15:00;14.11.2025 13:30:00;826.2
14.11.2025 13:30:00;14.11.2025 13:45:00;825.96
14.11.2025 13:45:00;14.11.2025 14:00:00;826.08
14.11.2025 14:00:00;14.11.2025 14:15:00;805.18
14.11.2025 14:15:00;14.11.2025 14:30:00;802.97
14.11.2025 14:30:00;14.11.2025 14:45:00;797.13
14.11.2025 14:45:00;14.11.2025 15:00:00;793.74
14.11.2025 15:00:00;14.11.2025 15:15:00;794.1
14.11.2025 15:15:00;14.11.2025 15:30:00;792.81
14.11.2025 15:30:00;14.11.2025 15:45:00;791.88
14.11.2025 15:45:00;14.11.2025 16:00:00;790.48
14.11.2025 16:00:00;14.11.2025 16:15:00;786.39
14.11.2025 16:15:00;14.11.2025 16:30:00;784.99
14.11.2025 16:30:00;14.11.2025 16:45:00;776.94
14.11.2025 16:45:00;14.11.2025 17:00:00;777.4
14.11.2025 17:00:00;14.11.2025 17:15:00;791.18
14.11.2025 17:15:00;14.11.2025 17:30:00;793.51
14.11.2025 17:30:00;14.11.2025 17:45:00;791.53
14.11.2025 17:45:00;14.11.2025 18:00:00;786.04
14.11.2025 18:00:00;14.11.2025 18:15:00;776.24
14.11.2025 18:15:00;14.11.2025 18:30:00;770.05
14.11.2025 18:30:00;14.11.2025 18:45:00;757.21
14.11.2025 18:45:00;14.11.2025 19:00:00;735.96
14.11.2025 19:00:00;14.11.2025 19:15:00;711.8
14.11.2025 19:15:00;14.11.2025 19:30:00;695.58
14.11.2025 19:30:00;14.11.2025 19:45:00;675.62
14.11.2025 19:45:00;14.11.2025 20:00:00;653.79
14.11.2025 20:00:00;14.11.2025 20:15:00;641.77
14.11.2025 20:15:00;14.11.2025 20:30:00;629.51
14.11.2025 20:30:00;14.11.2025 20:45:00;614.57
14.11.2025 20:45:00;14.11.2025 21:00:00;596.24
14.11.2025 21:00:00;14.11.2025 21:15:00;583.52
14.11.2025 21:15:00;14.11.2025 21:30:00;573.71
14.11.2025 21:30:00;14.11.2025 21:45:00;556.79
14.11.2025 21:45:00;14.11.2025 22:00:00;525.27
14.11.2025 22:00:00;14.11.2025 22:15:00;474.5
14.11.2025 22:15:00;14.11.2025 22:30:00;427.57
14.11.2025 22:30:00;14.11.2025 22:45:00;385.2
14.11.2025 22:45:00;14.11.2025 23:00:00;350.18
14.11.2025 23:00:00;14.11.2025 23:15:00;363.84
14.11.2025 23:15:00;14.11.2025 23:30:00;312.6
14.11.2025 23:30:00;14.11.2025 23:45:00;238.24
14.11.2025 23:45:00;15.11.2025 00:00:00;136.1
15.11.2025 00:00:00;15.11.2025 00:15:00;293.49
15.11.2025 00:15:00;15.11.2025 00:30:00;305.11
15.11.2025 00:30:00;15.11.2025 00:45:00;266.02
15.11.2025 00:45:00;15.11.2025 01:00:00;212.84
15.11.2025 01:00:00;15.11.2025 01:15:00;246.42
15.11.2025 01:15:00;15.11.2025 01:30:00;233.62
15.11.2025 01:30:00;15.11.2025 01:45:00;220.35
15.11.2025 01:45:00;15.11.2025 02:00:00;200.51
15.11.2025 02:00:00;15.11.2025 02:15:00;201.1
15.11.2025 02:15:00;15.11.2025 02:30:00;195.7
15.11.2025 02:30:00;15.11.2025 02:45:00;187.83
15.11.2025 02:45:00;15.11.2025 03:00:00;156.37
15.11.2025 03:00:00;15.11.2025 03:15:00;182.55
15.11.2025 03:15:00;15.11.2025 03:30:00;156.49
15.11.2025 03:30:00;15.11.2025 03:45:00;175.98
15.11.2025 03:45:00;15.11.2025 04:00:00;152.73
15.11.2025 04:00:00;15.11.2025 04:15:00;148.98
15.11.2025 04:15:00;15.11.2025 04:30:00;149.68
15.11.2025 04:30:00;15.11.2025 04:45:00;149.8
15.11.2025 04:45:00;15.11.2025 05:00:00;150.15
15.11.2025 05:00:00;15.11.2025 05:15:00;145.69
15.11.2025 05:15:00;15.11.2025 05:30:00;145.81
15.11.2025 05:30:00;15.11.2025 05:45:00;177.97
15.11.2025 05:45:00;15.11.2025 06:00:00;187.72
15.11.2025 06:00:00;15.11.2025 06:15:00;134.89
15.11.2025 06:15:00;15.11.2025 06:30:00;199.93
15.11.2025 06:30:00;15.11.2025 06:45:00;246.42
15.11.2025 06:45:00;15.11.2025 07:00:00;315.68
15.11.2025 07:00:00;15.11.2025 07:15:00;279.64
15.11.2025 07:15:00;15.11.2025 07:30:00;305.11
15.11.2025 07:30:00;15.11.2025 07:45:00;354.42
15.11.2025 07:45:00;15.11.2025 08:00:00;399.03
15.11.2025 08:00:00;15.11.2025 08:15:00;402.32
15.11.2025 08:15:00;15.11.2025 08:30:00;451.04
15.11.2025 08:30:00;15.11.2025 08:45:00;469.59
15.11.2025 08:45:00;15.11.2025 09:00:00;470.29
15.11.2025 09:00:00;15.11.2025 09:15:00;500.81
15.11.2025 09:15:00;15.11.2025 09:30:00;498.11
15.11.2025 09:30:00;15.11.2025 09:45:00;499.05
15.11.2025 09:45:00;15.11.2025 10:00:00;500.93
15.11.2025 10:00:00;15.11.2025 10:15:00;545.07
15.11.2025 10:15:00;15.11.2025 10:30:00;539.44
15.11.2025 10:30:00;15.11.2025 10:45:00;528.28
15.11.2025 10:45:00;15.11.2025 11:00:00;516.43
15.11.2025 11:00:00;15.11.2025 11:15:00;539.91
15.11.2025 11:15:00;15.11.2025 11:30:00;528.28
15.11.2025 11:30:00;15.11.2025 11:45:00;519.13
15.11.2025 11:45:00;15.11.2025 12:00:00;525.47
15.11.2025 12:00:00;15.11.2025 12:15:00;507.04
15.11.2025 12:15:00;15.11.2025 12:30:00;502.46
15.11.2025 12:30:00;15.11.2025 12:45:00;536.85
15.11.2025 12:45:00;15.11.2025 13:00:00;539.67
15.11.2025 13:00:00;15.11.2025 13:15:00;526.17
15.11.2025 13:15:00;15.11.2025 13:30:00;524.29
15.11.2025 13:30:00;15.11.2025 13:45:00;532.04
15.11.2025 13:45:00;15.11.2025 14:00:00;533.45
15.11.2025 14:00:00;15.11.2025 14:15:00;517.72
15.11.2025 14:15:00;15.11.2025 14:30:00;516.54
15.11.2025 14:30:00;15.11.2025 14:45:00;528.28
15.11.2025 14:45:00;15.11.2025 15:00:00;551.06
15.11.2025 15:00:00;15.11.2025 15:15:00;571.02
15.11.2025 15:15:00;15.11.2025 15:30:00;576.53
15.11.2025 15:30:00;15.11.2025 15:45:00;574.07
15.11.2025 15:45:00;15.11.2025 16:00:00;586.86
15.11.2025 16:00:00;15.11.2025 16:15:00;581.93
15.11.2025 16:15:00;15.11.2025 16:30:00;586.98
15.11.2025 16:30:00;15.11.2025 16:45:00;591.56
15.11.2025 16:45:00;15.11.2025 17:00:00;607.64
15.11.2025 17:00:00;15.11.2025 17:15:00;606.82
15.11.2025 17:15:00;15.11.2025 17:30:00;623.49
15.11.2025 17:30:00;15.11.2025 17:45:00;623.49
15.11.2025 17:45:00;15.11.2025 18:00:00;617.15
15.11.2025 18:00:00;15.11.2025 18:15:00;598.37
15.11.2025 18:15:00;15.11.2025 18:30:00;595.2
15.11.2025 18:30:00;15.11.2025 18:45:00;587.45
15.11.2025 18:45:00;15.11.2025 19:00:00;586.86
15.11.2025 19:00:00;15.11.2025 19:15:00;583.58
15.11.2025 19:15:00;15.11.2025 19:30:00;568.9
15.11.2025 19:30:00;15.11.2025 19:45:00;566.32
15.11.2025 19:45:00;15.11.2025 20:00:00;527.11
15.11.2025 20:00:00;15.11.2025 20:15:00;514.55
15.11.2025 20:15:00;15.11.2025 20:30:00;501.05
15.11.2025 20:30:00;15.11.2025 20:45:00;485.08
15.11.2025 20:45:00;15.11.2025 21:00:00;481.56
15.11.2025 21:00:00;15.11.2025 21:15:00;489.19
15.11.2025 21:15:00;15.11.2025 21:30:00;486.84
15.11.2025 21:30:00;15.11.2025 21:45:00;481.09
15.11.2025 21:45:00;15.11.2025 22:00:00;469.82
15.11.2025 22:00:00;15.11.2025 22:15:00;480.74
15.11.2025 22:15:00;15.11.2025 22:30:00;469.7
15.11.2025 22:30:00;15.11.2025 22:45:00;463.48
15.11.2025 22:45:00;15.11.2025 23:00:00;417.93
15.11.2025 23:00:00;15.11.2025 23:15:00;402.67
15.11.2025 23:15:00;15.11.2025 23:30:00;398.44
15.11.2025 23:30:00;15.11.2025 23:45:00;383.18
15.11.2025 23:45:00;16.11.2025 00:00:00;360.64
16.11.2025 00:00:00;16.11.2025 00:15:00;350.09
16.11.2025 00:15:00;16.11.2025 00:30:00;340.01
16.11.2025 00:30:00;16.11.2025 00:45:00;314.25
16.11.2025 00:45:00;16.11.2025 01:00:00;307.1
16.11.2025 01:00:00;16.11.2025 01:15:00;304.52
16.11.2025 01:15:00;16.11.2025 01:30:00;304.52
16.11.2025 01:30:00;16.11.2025 01:45:00;315.3
16.11.2025 01:45:00;16.11.2025 02:00:00;316
16.11.2025 02:00:00;16.11.2025 02:15:00;317.64
16.11.2025 02:15:00;16.11.2025 02:30:00;348.68
16.11.2025 02:30:00;16.11.2025 02:45:00;364.61
16.11.2025 02:45:00;16.11.2025 03:00:00;374.8
16.11.2025 03:00:00;16.11.2025 03:15:00;339.43
16.11.2025 03:15:00;16.11.2025 03:30:00;352.9
16.11.2025 03:30:00;16.11.2025 03:45:00;382.53
16.11.2025 03:45:00;16.11.2025 04:00:00;398.22
16.11.2025 04:00:00;16.11.2025 04:15:00;397.87
16.11.2025 04:15:00;16.11.2025 04:30:00;409.94
16.11.2025 04:30:00;16.11.2025 04:45:00;456.67
16.11.2025 04:45:00;16.11.2025 05:00:00;479.04
16.11.2025 05:00:00;16.11.2025 05:15:00;451.75
16.11.2025 05:15:00;16.11.2025 05:30:00;473.89
16.11.2025 05:30:00;16.11.2025 05:45:00;498.95
16.11.2025 05:45:00;16.11.2025 06:00:00;526.83
16.11.2025 06:00:00;16.11.2025 06:15:00;521.32
16.11.2025 06:15:00;16.11.2025 06:30:00;565.36
16.11.2025 06:30:00;16.11.2025 06:45:00;584.57
16.11.2025 06:45:00;16.11.2025 07:00:00;589.26
16.11.2025 07:00:00;16.11.2025 07:15:00;597.34
16.11.2025 07:15:00;16.11.2025 07:30:00;632.24
16.11.2025 07:30:00;16.11.2025 07:45:00;643.84
16.11.2025 07:45:00;16.11.2025 08:00:00;656.72
16.11.2025 08:00:00;16.11.2025 08:15:00;702.05
16.11.2025 08:15:00;16.11.2025 08:30:00;713.64
16.11.2025 08:30:00;16.11.2025 08:45:00;726.18
16.11.2025 08:45:00;16.11.2025 09:00:00;737.3
16.11.2025 09:00:00;16.11.2025 09:15:00;740.35
16.11.2025 09:15:00;16.11.2025 09:30:00;745.73
16.11.2025 09:30:00;16.11.2025 09:45:00;761.08
16.11.2025 09:45:00;16.11.2025 10:00:00;778.65
16.11.2025 10:00:00;16.11.2025 10:15:00;790.48
16.11.2025 10:15:00;16.11.2025 10:30:00;799.5
16.11.2025 10:30:00;16.11.2025 10:45:00;803.36
16.11.2025 10:45:00;16.11.2025 11:00:00;807.34
16.11.2025 11:00:00;16.11.2025 11:15:00;808.98
16.11.2025 11:15:00;16.11.2025 11:30:00;813.32
16.11.2025 11:30:00;16.11.2025 11:45:00;817.53
16.11.2025 11:45:00;16.11.2025 12:00:00;822.8
16.11.2025 12:00:00;16.11.2025 12:15:00;828.07
16.11.2025 12:15:00;16.11.2025 12:30:00;829.71
16.11.2025 12:30:00;16.11.2025 12:45:00;838.15
16.11.2025 12:45:00;16.11.2025 13:00:00;842.71
16.11.2025 13:00:00;16.11.2025 13:15:00;836.39
16.11.2025 13:15:00;16.11.2025 13:30:00;829.71
16.11.2025 13:30:00;16.11.2025 13:45:00;829.24
16.11.2025 13:45:00;16.11.2025 14:00:00;830.3
16.11.2025 14:00:00;16.11.2025 14:15:00;829.83
16.11.2025 14:15:00;16.11.2025 14:30:00;842.36
16.11.2025 14:30:00;16.11.2025 14:45:00;842.13
16.11.2025 14:45:00;16.11.2025 15:00:00;843.89
16.11.2025 15:00:00;16.11.2025 15:15:00;871.41
16.11.2025 15:15:00;16.11.2025 15:30:00;904.32
16.11.2025 15:30:00;16.11.2025 15:45:00;905.38
16.11.2025 15:45:00;16.11.2025 16:00:00;926.46
16.11.2025 16:00:00;16.11.2025 16:15:00;905.26
16.11.2025 16:15:00;16.11.2025 16:30:00;921.54
16.11.2025 16:30:00;16.11.2025 16:45:00;938.41
16.11.2025 16:45:00;16.11.2025 17:00:00;951.29
16.11.2025 17:00:00;16.11.2025 17:15:00;999.19
16.11.2025 17:15:00;16.11.2025 17:30:00;1007.04
16.11.2025 17:30:00;16.11.2025 17:45:00;1011.61
16.11.2025 17:45:00;16.11.2025 18:00:00;1015.83
16.11.2025 18:00:00;16.11.2025 18:15:00;951.06
16.11.2025 18:15:00;16.11.2025 18:30:00;951.06
16.11.2025 18:30:00;16.11.2025 18:45:00;951.17
16.11.2025 18:45:00;16.11.2025 19:00:00;950.7
16.11.2025 19:00:00;16.11.2025 19:15:00;941.22
16.11.2025 19:15:00;16.11.2025 19:30:00;947.78
16.11.2025 19:30:00;16.11.2025 19:45:00;941.68
16.11.2025 19:45:00;16.11.2025 20:00:00;921.07
16.11.2025 20:00:00;16.11.2025 20:15:00;905.38
16.11.2025 20:15:00;16.11.2025 20:30:00;895.07
16.11.2025 20:30:00;16.11.2025 20:45:00;869.65
16.11.2025 20:45:00;16.11.2025 21:00:00;845.41
16.11.2025 21:00:00;16.11.2025 21:15:00;851.97
16.11.2025 21:15:00;16.11.2025 21:30:00;851.26
16.11.2025 21:30:00;16.11.2025 21:45:00;842.48
16.11.2025 21:45:00;16.11.2025 22:00:00;824.09
16.11.2025 22:00:00;16.11.2025 22:15:00;819.88
16.11.2025 22:15:00;16.11.2025 22:30:00;817.3
16.11.2025 22:30:00;16.11.2025 22:45:00;809.1
16.11.2025 22:45:00;16.11.2025 23:00:00;804.3
16.11.2025 23:00:00;16.11.2025 23:15:00;761.2
16.11.2025 23:15:00;16.11.2025 23:30:00;747.37
16.11.2025 23:30:00;16.11.2025 23:45:00;738
16.11.2025 23:45:00;17.11.2025 00:00:00;716.22
17.11.2025 00:00:00;17.11.2025 00:15:00;784.15
17.11.2025 00:15:00;17.11.2025 00:30:00;778.53
17.11.2025 00:30:00;17.11.2025 00:45:00;766.35
17.11.2025 00:45:00;17.11.2025 01:00:00;764.01
17.11.2025 01:00:00;17.11.2025 01:15:00;738.59
17.11.2025 01:15:00;17.11.2025 01:30:00;734.49
17.11.2025 01:30:00;17.11.2025 01:45:00;731.45
17.11.2025 01:45:00;17.11.2025 02:00:00;726.76
17.11.2025 02:00:00;17.11.2025 02:15:00;723.13
17.11.2025 02:15:00;17.11.2025 02:30:00;712.12
17.11.2025 02:30:00;17.11.2025 02:45:00;703.8
17.11.2025 02:45:00;17.11.2025 03:00:00;675.46
17.11.2025 03:00:00;17.11.2025 03:15:00;648.87
17.11.2025 03:15:00;17.11.2025 03:30:00;644.66
17.11.2025 03:30:00;17.11.2025 03:45:00;639.74
17.11.2025 03:45:00;17.11.2025 04:00:00;643.48
17.11.2025 04:00:00;17.11.2025 04:15:00;638.1
17.11.2025 04:15:00;17.11.2025 04:30:00;644.07
17.11.2025 04:30:00;17.11.2025 04:45:00;649.46
17.11.2025 04:45:00;17.11.2025 05:00:00;654.49
17.11.2025 05:00:00;17.11.2025 05:15:00;658.24
17.11.2025 05:15:00;17.11.2025 05:30:00;714.11
17.11.2025 05:30:00;17.11.2025 05:45:00;727.7
17.11.2025 05:45:00;17.11.2025 06:00:00;749.48
17.11.2025 06:00:00;17.11.2025 06:15:00;817.42
17.11.2025 06:15:00;17.11.2025 06:30:00;829.48
17.11.2025 06:30:00;17.11.2025 06:45:00;849.39
17.11.2025 06:45:00;17.11.2025 07:00:00;877.38
17.11.2025 07:00:00;17.11.2025 07:15:00;969.09
17.11.2025 07:15:00;17.11.2025 07:30:00;1042.06
17.11.2025 07:30:00;17.11.2025 07:45:00;1108.59
17.11.2025 07:45:00;17.11.2025 08:00:00;1151.22
17.11.2025 08:00:00;17.11.2025 08:15:00;1199.36
17.11.2025 08:15:00;17.11.2025 08:30:00;1236.37
17.11.2025 08:30:00;17.11.2025 08:45:00;1228.52
17.11.2025 08:45:00;17.11.2025 09:00:00;1215.64
17.11.2025 09:00:00;17.11.2025 09:15:00;1260.26
17.11.2025 09:15:00;17.11.2025 09:30:00;1199.13
17.11.2025 09:30:00;17.11.2025 09:45:00;1161.76
17.11.2025 09:45:00;17.11.2025 10:00:00;1104.14
17.11.2025 10:00:00;17.11.2025 10:15:00;1226.65
17.11.2025 10:15:00;17.11.2025 10:30:00;1119.25
17.11.2025 10:30:00;17.11.2025 10:45:00;1059.86
17.11.2025 10:45:00;17.11.2025 11:00:00;1032.46
17.11.2025 11:00:00;17.11.2025 11:15:00;1025.31
17.11.2025 11:15:00;17.11.2025 11:30:00;961.6
17.11.2025 11:30:00;17.11.2025 11:45:00;949.3
17.11.2025 11:45:00;17.11.2025 12:00:00;905.38
17.11.2025 12:00:00;17.11.2025 12:15:00;938.41
17.11.2025 12:15:00;17.11.2025 12:30:00;905.14
17.11.2025 12:30:00;17.11.2025 12:45:00;894.84
17.11.2025 12:45:00;17.11.2025 13:00:00;869.07
17.11.2025 13:00:00;17.11.2025 13:15:00;849.51
17.11.2025 13:15:00;17.11.2025 13:30:00;879.84
17.11.2025 13:30:00;17.11.2025 13:45:00;904.56
17.11.2025 13:45:00;17.11.2025 14:00:00;951.64
17.11.2025 14:00:00;17.11.2025 14:15:00;951.87
17.11.2025 14:15:00;17.11.2025 14:30:00;952.23
17.11.2025 14:30:00;17.11.2025 14:45:00;951.87
17.11.2025 14:45:00;17.11.2025 15:00:00;1083.29
17.11.2025 15:00:00;17.11.2025 15:15:00;949.65
17.11.2025 15:15:00;17.11.2025 15:30:00;1034.21
17.11.2025 15:30:00;17.11.2025 15:45:00;1118.9
17.11.2025 15:45:00;17.11.2025 16:00:00;1199.36
17.11.2025 16:00:00;17.11.2025 16:15:00;1003.18
17.11.2025 16:15:00;17.11.2025 16:30:00;1107.42
17.11.2025 16:30:00;17.11.2025 16:45:00;1143.14
17.11.2025 16:45:00;17.11.2025 17:00:00;1199.36
17.11.2025 17:00:00;17.11.2025 17:15:00;1228.76
17.11.2025 17:15:00;17.11.2025 17:30:00;1336.28
17.11.2025 17:30:00;17.11.2025 17:45:00;1332.77
17.11.2025 17:45:00;17.11.2025 18:00:00;1303.6
17.11.2025 18:00:00;17.11.2025 18:15:00;1235.55
17.11.2025 18:15:00;17.11.2025 18:30:00;1225.71
17.11.2025 18:30:00;17.11.2025 18:45:00;1229.93
17.11.2025 18:45:00;17.11.2025 19:00:00;1229.81
17.11.2025 19:00:00;17.11.2025 19:15:00;1198.31
17.11.2025 19:15:00;17.11.2025 19:30:00;1198.42
17.11.2025 19:30:00;17.11.2025 19:45:00;1198.31
17.11.2025 19:45:00;17.11.2025 20:00:00;1171.25
17.11.2025 20:00:00;17.11.2025 20:15:00;1199.36
17.11.2025 20:15:00;17.11.2025 20:30:00;1185.89
17.11.2025 20:30:00;17.11.2025 20:45:00;1171.13
17.11.2025 20:45:00;17.11.2025 21:00:00;997.44
17.11.2025 21:00:00;17.11.2025 21:15:00;1135.76
17.11.2025 21:15:00;17.11.2025 21:30:00;1099.69
17.11.2025 21:30:00;17.11.2025 21:45:00;983.26
17.11.2025 21:45:00;17.11.2025 22:00:00;951.87
17.11.2025 22:00:00;17.11.2025 22:15:00;999.9
17.11.2025 22:15:00;17.11.2025 22:30:00;971.2
17.11.2025 22:30:00;17.11.2025 22:45:00;994.27
17.11.2025 22:45:00;17.11.2025 23:00:00;951.64
17.11.2025 23:00:00;17.11.2025 23:15:00;989.94
17.11.2025 23:15:00;17.11.2025 23:30:00;920.25
17.11.2025 23:30:00;17.11.2025 23:45:00;865.91
17.11.2025 23:45:00;18.11.2025 00:00:00;816.6
18.11.2025 00:00:00;18.11.2025 00:15:00;988.49
18.11.2025 00:15:00;18.11.2025 00:30:00;949.17
18.11.2025 00:30:00;18.11.2025 00:45:00;959.58
18.11.2025 00:45:00;18.11.2025 01:00:00;916.17
18.11.2025 01:00:00;18.11.2025 01:15:00;978.31
18.11.2025 01:15:00;18.11.2025 01:30:00;939.92
18.11.2025 01:30:00;18.11.2025 01:45:00;912.66
18.11.2025 01:45:00;18.11.2025 02:00:00;892.65
18.11.2025 02:00:00;18.11.2025 02:15:00;878.96
18.11.2025 02:15:00;18.11.2025 02:30:00;874.04
18.11.2025 02:30:00;18.11.2025 02:45:00;872.99
18.11.2025 02:45:00;18.11.2025 03:00:00;862.57
18.11.2025 03:00:00;18.11.2025 03:15:00;873.92
18.11.2025 03:15:00;18.11.2025 03:30:00;871.7
18.11.2025 03:30:00;18.11.2025 03:45:00;867.49
18.11.2025 03:45:00;18.11.2025 04:00:00;867.84
18.11.2025 04:00:00;18.11.2025 04:15:00;869.36
18.11.2025 04:15:00;18.11.2025 04:30:00;876.73
18.11.2025 04:30:00;18.11.2025 04:45:00;893.7
18.11.2025 04:45:00;18.11.2025 05:00:00;959.47
18.11.2025 05:00:00;18.11.2025 05:15:00;876.15
18.11.2025 05:15:00;18.11.2025 05:30:00;938.64
18.11.2025 05:30:00;18.11.2025 05:45:00;968.13
18.11.2025 05:45:00;18.11.2025 06:00:00;988.72
18.11.2025 06:00:00;18.11.2025 06:15:00;988.84
18.11.2025 06:15:00;18.11.2025 06:30:00;1095.21
18.11.2025 06:30:00;18.11.2025 06:45:00;1083.28
18.11.2025 06:45:00;18.11.2025 07:00:00;1045.48
18.11.2025 07:00:00;18.11.2025 07:15:00;1182.98
18.11.2025 07:15:00;18.11.2025 07:30:00;1170.22
18.11.2025 07:30:00;18.11.2025 07:45:00;1261.38
18.11.2025 07:45:00;18.11.2025 08:00:00;1286.08
18.11.2025 08:00:00;18.11.2025 08:15:00;1545.87
18.11.2025 08:15:00;18.11.2025 08:30:00;1482.67
18.11.2025 08:30:00;18.11.2025 08:45:00;1404.27
18.11.2025 08:45:00;18.11.2025 09:00:00;1182.75
18.11.2025 09:00:00;18.11.2025 09:15:00;1642.64
18.11.2025 09:15:00;18.11.2025 09:30:00;1289.35
18.11.2025 09:30:00;18.11.2025 09:45:00;1170.22
18.11.2025 09:45:00;18.11.2025 10:00:00;1040.68
18.11.2025 10:00:00;18.11.2025 10:15:00;1223.59
18.11.2025 10:15:00;18.11.2025 10:30:00;1052.73
18.11.2025 10:30:00;18.11.2025 10:45:00;1050.86
18.11.2025 10:45:00;18.11.2025 11:00:00;1037.75
18.11.2025 11:00:00;18.11.2025 11:15:00;1046.65
18.11.2025 11:15:00;18.11.2025 11:30:00;1037.87
18.11.2025 11:30:00;18.11.2025 11:45:00;1066.43
18.11.2025 11:45:00;18.11.2025 12:00:00;1083.16
18.11.2025 12:00:00;18.11.2025 12:15:00;1050.51
18.11.2025 12:15:00;18.11.2025 12:30:00;1039.86
18.11.2025 12:30:00;18.11.2025 12:45:00;1052.03
18.11.2025 12:45:00;18.11.2025 13:00:00;1099.31
18.11.2025 13:00:00;18.11.2025 13:15:00;1066.19
18.11.2025 13:15:00;18.11.2025 13:30:00;1093.11
18.11.2025 13:30:00;18.11.2025 13:45:00;1111.71
18.11.2025 13:45:00;18.11.2025 14:00:00;1166.48
18.11.2025 14:00:00;18.11.2025 14:15:00;1041.38
18.11.2025 14:15:00;18.11.2025 14:30:00;1180.76
18.11.2025 14:30:00;18.11.2025 14:45:00;1290.41
18.11.2025 14:45:00;18.11.2025 15:00:00;1431.07
18.11.2025 15:00:00;18.11.2025 15:15:00;1222.18
18.11.2025 15:15:00;18.11.2025 15:30:00;1336.04
18.11.2025 15:30:00;18.11.2025 15:45:00;1535.22
18.11.2025 15:45:00;18.11.2025 16:00:00;1715.78
18.11.2025 16:00:00;18.11.2025 16:15:00;1465.71
18.11.2025 16:15:00;18.11.2025 16:30:00;1755.34
18.11.2025 16:30:00;18.11.2025 16:45:00;1797.93
18.11.2025 16:45:00;18.11.2025 17:00:00;2128.87
18.11.2025 17:00:00;18.11.2025 17:15:00;1775.11
18.11.2025 17:15:00;18.11.2025 17:30:00;1845.68
18.11.2025 17:30:00;18.11.2025 17:45:00;1830.46
18.11.2025 17:45:00;18.11.2025 18:00:00;1834.56
18.11.2025 18:00:00;18.11.2025 18:15:00;1937.89
18.11.2025 18:15:00;18.11.2025 18:30:00;1840.06
18.11.2025 18:30:00;18.11.2025 18:45:00;1755.34
18.11.2025 18:45:00;18.11.2025 19:00:00;1754.87
18.11.2025 19:00:00;18.11.2025 19:15:00;1650.13
18.11.2025 19:15:00;18.11.2025 19:30:00;1644.75
18.11.2025 19:30:00;18.11.2025 19:45:00;1573.83
18.11.2025 19:45:00;18.11.2025 20:00:00;1450.49
18.11.2025 20:00:00;18.11.2025 20:15:00;1450.38
18.11.2025 20:15:00;18.11.2025 20:30:00;1217.74
18.11.2025 20:30:00;18.11.2025 20:45:00;1212.7
18.11.2025 20:45:00;18.11.2025 21:00:00;1169.87
18.11.2025 21:00:00;18.11.2025 21:15:00;1170.22
18.11.2025 21:15:00;18.11.2025 21:30:00;1083.04
18.11.2025 21:30:00;18.11.2025 21:45:00;1128.56
18.11.2025 21:45:00;18.11.2025 22:00:00;1052.27
18.11.2025 22:00:00;18.11.2025 22:15:00;1201.47
18.11.2025 22:15:00;18.11.2025 22:30:00;1125.64
18.11.2025 22:30:00;18.11.2025 22:45:00;1170.58
18.11.2025 22:45:00;18.11.2025 23:00:00;1052.62
18.11.2025 23:00:00;18.11.2025 23:15:00;1135.12
18.11.2025 23:15:00;18.11.2025 23:30:00;1029.45
18.11.2025 23:30:00;18.11.2025 23:45:00;1023.13
18.11.2025 23:45:00;19.11.2025 00:00:00;969.53
19.11.2025 00:00:00;19.11.2025 00:15:00;990.9
19.11.2025 00:15:00;19.11.2025 00:30:00;989.02
19.11.2025 00:30:00;19.11.2025 00:45:00;969.41
19.11.2025 00:45:00;19.11.2025 01:00:00;959.91
19.11.2025 01:00:00;19.11.2025 01:15:00;968.12
19.11.2025 01:15:00;19.11.2025 01:30:00;943.82
19.11.2025 01:30:00;19.11.2025 01:45:00;979.51
19.11.2025 01:45:00;19.11.2025 02:00:00;975.17
19.11.2025 02:00:00;19.11.2025 02:15:00;968.36
19.11.2025 02:15:00;19.11.2025 02:30:00;942.77
19.11.2025 02:30:00;19.11.2025 02:45:00;946.88
19.11.2025 02:45:00;19.11.2025 03:00:00;943.82
19.11.2025 03:00:00;19.11.2025 03:15:00;915.53
19.11.2025 03:15:00;19.11.2025 03:30:00;932.2
19.11.2025 03:30:00;19.11.2025 03:45:00;943.24
19.11.2025 03:45:00;19.11.2025 04:00:00;943.47
19.11.2025 04:00:00;19.11.2025 04:15:00;910.6
19.11.2025 04:15:00;19.11.2025 04:30:00;943.12
19.11.2025 04:30:00;19.11.2025 04:45:00;958.97
19.11.2025 04:45:00;19.11.2025 05:00:00;977.4
19.11.2025 05:00:00;19.11.2025 05:15:00;991.13
19.11.2025 05:15:00;19.11.2025 05:30:00;991.95
19.11.2025 05:30:00;19.11.2025 05:45:00;990.78
19.11.2025 05:45:00;19.11.2025 06:00:00;985.38
19.11.2025 06:00:00;19.11.2025 06:15:00;1043.84
19.11.2025 06:15:00;19.11.2025 06:30:00;1173.56
19.11.2025 06:30:00;19.11.2025 06:45:00;1189.05
19.11.2025 06:45:00;19.11.2025 07:00:00;1513.87
19.11.2025 07:00:00;19.11.2025 07:15:00;1414.44
19.11.2025 07:15:00;19.11.2025 07:30:00;1700.06
19.11.2025 07:30:00;19.11.2025 07:45:00;1760.86
19.11.2025 07:45:00;19.11.2025 08:00:00;1772.72
19.11.2025 08:00:00;19.11.2025 08:15:00;1995.76
19.11.2025 08:15:00;19.11.2025 08:30:00;1902.56
19.11.2025 08:30:00;19.11.2025 08:45:00;1838.7
19.11.2025 08:45:00;19.11.2025 09:00:00;1771.43
19.11.2025 09:00:00;19.11.2025 09:15:00;1760.75
19.11.2025 09:15:00;19.11.2025 09:30:00;1696.77
19.11.2025 09:30:00;19.11.2025 09:45:00;1528.55
19.11.2025 09:45:00;19.11.2025 10:00:00;1445.79
19.11.2025 10:00:00;19.11.2025 10:15:00;1480.18
19.11.2025 10:15:00;19.11.2025 10:30:00;1385.33
19.11.2025 10:30:00;19.11.2025 10:45:00;1350.82
19.11.2025 10:45:00;19.11.2025 11:00:00;1230.49
19.11.2025 11:00:00;19.11.2025 11:15:00;1287.31
19.11.2025 11:15:00;19.11.2025 11:30:00;1215.7
19.11.2025 11:30:00;19.11.2025 11:45:00;1198.21
19.11.2025 11:45:00;19.11.2025 12:00:00;1186.12
19.11.2025 12:00:00;19.11.2025 12:15:00;1293.77
19.11.2025 12:15:00;19.11.2025 12:30:00;1226.74
19.11.2025 12:30:00;19.11.2025 12:45:00;1215.7
19.11.2025 12:45:00;19.11.2025 13:00:00;1215.94
19.11.2025 13:00:00;19.11.2025 13:15:00;1297.87
19.11.2025 13:15:00;19.11.2025 13:30:00;1292.83
19.11.2025 13:30:00;19.11.2025 13:45:00;1378.41
19.11.2025 13:45:00;19.11.2025 14:00:00;1408.22
19.11.2025 14:00:00;19.11.2025 14:15:00;1236.6
19.11.2025 14:15:00;19.11.2025 14:30:00;1341.19
19.11.2025 14:30:00;19.11.2025 14:45:00;1539.7
19.11.2025 14:45:00;19.11.2025 15:00:00;1701.23
19.11.2025 15:00:00;19.11.2025 15:15:00;1619.06
19.11.2025 15:15:00;19.11.2025 15:30:00;1760.86
19.11.2025 15:30:00;19.11.2025 15:45:00;1825.66
19.11.2025 15:45:00;19.11.2025 16:00:00;1903.14
19.11.2025 16:00:00;19.11.2025 16:15:00;1778.24
19.11.2025 16:15:00;19.11.2025 16:30:00;1836.11
19.11.2025 16:30:00;19.11.2025 16:45:00;1855.95
19.11.2025 16:45:00;19.11.2025 17:00:00;1911.24
19.11.2025 17:00:00;19.11.2025 17:15:00;1903.61
19.11.2025 17:15:00;19.11.2025 17:30:00;1819.91
19.11.2025 17:30:00;19.11.2025 17:45:00;1787.04
19.11.2025 17:45:00;19.11.2025 18:00:00;1702.17
19.11.2025 18:00:00;19.11.2025 18:15:00;1672.12
19.11.2025 18:15:00;19.11.2025 18:30:00;1661.08
19.11.2025 18:30:00;19.11.2025 18:45:00;1572.34
19.11.2025 18:45:00;19.11.2025 19:00:00;1474.43
19.11.2025 19:00:00;19.11.2025 19:15:00;1587.95
19.11.2025 19:15:00;19.11.2025 19:30:00;1471.14
19.11.2025 19:30:00;19.11.2025 19:45:00;1402.71
19.11.2025 19:45:00;19.11.2025 20:00:00;1407.75
19.11.2025 20:00:00;19.11.2025 20:15:00;1408.69
19.11.2025 20:15:00;19.11.2025 20:30:00;1287.07
19.11.2025 20:30:00;19.11.2025 20:45:00;1215.47
19.11.2025 20:45:00;19.11.2025 21:00:00;1114.74
19.11.2025 21:00:00;19.11.2025 21:15:00;1237.54
19.11.2025 21:15:00;19.11.2025 21:30:00;1205.02
19.11.2025 21:30:00;19.11.2025 21:45:00;1186
19.11.2025 21:45:00;19.11.2025 22:00:00;1086.81
19.11.2025 22:00:00;19.11.2025 22:15:00;1173.09
19.11.2025 22:15:00;19.11.2025 22:30:00;1154.54
19.11.2025 22:30:00;19.11.2025 22:45:00;1173.56
19.11.2025 22:45:00;19.11.2025 23:00:00;1115.21
19.11.2025 23:00:00;19.11.2025 23:15:00;1103.48
19.11.2025 23:15:00;19.11.2025 23:30:00;1068.38
19.11.2025 23:30:00;19.11.2025 23:45:00;1031.16
19.11.2025 23:45:00;20.11.2025 00:00:00;1003.93
20.11.2025 00:00:00;20.11.2025 00:15:00;1111.55
20.11.2025 00:15:00;20.11.2025 00:30:00;1084.06
20.11.2025 00:30:00;20.11.2025 00:45:00;1038.84
20.11.2025 00:45:00;20.11.2025 01:00:00;1023.68
20.11.2025 01:00:00;20.11.2025 01:15:00;1029.67
20.11.2025 01:15:00;20.11.2025 01:30:00;1029.2
20.11.2025 01:30:00;20.11.2025 01:45:00;1025.45
20.11.2025 01:45:00;20.11.2025 02:00:00;1010.06
20.11.2025 02:00:00;20.11.2025 02:15:00;1010.18
20.11.2025 02:15:00;20.11.2025 02:30:00;998.55
20.11.2025 02:30:00;20.11.2025 02:45:00;993.61
20.11.2025 02:45:00;20.11.2025 03:00:00;990.68
20.11.2025 03:00:00;20.11.2025 03:15:00;990.32
20.11.2025 03:15:00;20.11.2025 03:30:00;998.43
20.11.2025 03:30:00;20.11.2025 03:45:00;992.79
20.11.2025 03:45:00;20.11.2025 04:00:00;991.03
20.11.2025 04:00:00;20.11.2025 04:15:00;979.05
20.11.2025 04:15:00;20.11.2025 04:30:00;990.56
20.11.2025 04:30:00;20.11.2025 04:45:00;998.55
20.11.2025 04:45:00;20.11.2025 05:00:00;1025.09
20.11.2025 05:00:00;20.11.2025 05:15:00;1008.06
20.11.2025 05:15:00;20.11.2025 05:30:00;1055.28
20.11.2025 05:30:00;20.11.2025 05:45:00;1028.97
20.11.2025 05:45:00;20.11.2025 06:00:00;1056.57
20.11.2025 06:00:00;20.11.2025 06:15:00;1056.1
20.11.2025 06:15:00;20.11.2025 06:30:00;1144.91
20.11.2025 06:30:00;20.11.2025 06:45:00;1219.14
20.11.2025 06:45:00;20.11.2025 07:00:00;1373.96
20.11.2025 07:00:00;20.11.2025 07:15:00;1605.47
20.11.2025 07:15:00;20.11.2025 07:30:00;1583.63
20.11.2025 07:30:00;20.11.2025 07:45:00;1711.66
20.11.2025 07:45:00;20.11.2025 08:00:00;1835
20.11.2025 08:00:00;20.11.2025 08:15:00;1793.53
20.11.2025 08:15:00;20.11.2025 08:30:00;1901.36
20.11.2025 08:30:00;20.11.2025 08:45:00;1843.69
20.11.2025 08:45:00;20.11.2025 09:00:00;1774.97
20.11.2025 09:00:00;20.11.2025 09:15:00;2031.04
20.11.2025 09:15:00;20.11.2025 09:30:00;1787.19
20.11.2025 09:30:00;20.11.2025 09:45:00;1762.64
20.11.2025 09:45:00;20.11.2025 10:00:00;1577.99
20.11.2025 10:00:00;20.11.2025 10:15:00;1890.67
20.11.2025 10:15:00;20.11.2025 10:30:00;1658.57
20.11.2025 10:30:00;20.11.2025 10:45:00;1591.14
20.11.2025 10:45:00;20.11.2025 11:00:00;1477.79
20.11.2025 11:00:00;20.11.2025 11:15:00;1624.86
20.11.2025 11:15:00;20.11.2025 11:30:00;1533.47
20.11.2025 11:30:00;20.11.2025 11:45:00;1527.13
20.11.2025 11:45:00;20.11.2025 12:00:00;1431.98
20.11.2025 12:00:00;20.11.2025 12:15:00;1532.53
20.11.2025 12:15:00;20.11.2025 12:30:00;1448.55
20.11.2025 12:30:00;20.11.2025 12:45:00;1493.53
20.11.2025 12:45:00;20.11.2025 13:00:00;1480.96
20.11.2025 13:00:00;20.11.2025 13:15:00;1439.97
20.11.2025 13:15:00;20.11.2025 13:30:00;1445.49
20.11.2025 13:30:00;20.11.2025 13:45:00;1500.58
20.11.2025 13:45:00;20.11.2025 14:00:00;1527.13
20.11.2025 14:00:00;20.11.2025 14:15:00;1445.61
20.11.2025 14:15:00;20.11.2025 14:30:00;1561.43
20.11.2025 14:30:00;20.11.2025 14:45:00;1624.97
20.11.2025 14:45:00;20.11.2025 15:00:00;1645.18
20.11.2025 15:00:00;20.11.2025 15:15:00;1538.29
20.11.2025 15:15:00;20.11.2025 15:30:00;1682.88
20.11.2025 15:30:00;20.11.2025 15:45:00;1761.82
20.11.2025 15:45:00;20.11.2025 16:00:00;2009.55
20.11.2025 16:00:00;20.11.2025 16:15:00;1762.87
20.11.2025 16:15:00;20.11.2025 16:30:00;1946.23
20.11.2025 16:30:00;20.11.2025 16:45:00;2152.38
20.11.2025 16:45:00;20.11.2025 17:00:00;2231.78
20.11.2025 17:00:00;20.11.2025 17:15:00;2062.64
20.11.2025 17:15:00;20.11.2025 17:30:00;2075.68
20.11.2025 17:30:00;20.11.2025 17:45:00;2054.65
20.11.2025 17:45:00;20.11.2025 18:00:00;2003.32
20.11.2025 18:00:00;20.11.2025 18:15:00;1996.86
20.11.2025 18:15:00;20.11.2025 18:30:00;1919.33
20.11.2025 18:30:00;20.11.2025 18:45:00;1872.35
20.11.2025 18:45:00;20.11.2025 19:00:00;1855.67
20.11.2025 19:00:00;20.11.2025 19:15:00;1889.26
20.11.2025 19:15:00;20.11.2025 19:30:00;1823.48
20.11.2025 19:30:00;20.11.2025 19:45:00;1761.11
20.11.2025 19:45:00;20.11.2025 20:00:00;1704.85
20.11.2025 20:00:00;20.11.2025 20:15:00;1663.74
20.11.2025 20:15:00;20.11.2025 20:30:00;1687.35
20.11.2025 20:30:00;20.11.2025 20:45:00;1565.07
20.11.2025 20:45:00;20.11.2025 21:00:00;1364.44
20.11.2025 21:00:00;20.11.2025 21:15:00;1524.78
20.11.2025 21:15:00;20.11.2025 21:30:00;1444.2
20.11.2025 21:30:00;20.11.2025 21:45:00;1316.4
20.11.2025 21:45:00;20.11.2025 22:00:00;1185.55
20.11.2025 22:00:00;20.11.2025 22:15:00;1324.04
20.11.2025 22:15:00;20.11.2025 22:30:00;1272.59
20.11.2025 22:30:00;20.11.2025 22:45:00;1203.75
20.11.2025 22:45:00;20.11.2025 23:00:00;1140.68
20.11.2025 23:00:00;20.11.2025 23:15:00;1198.82
20.11.2025 23:15:00;20.11.2025 23:30:00;1066.91
20.11.2025 23:30:00;20.11.2025 23:45:00;1021.8
20.11.2025 23:45:00;21.11.2025 00:00:00;976.7
21.11.2025 00:00:00;21.11.2025 00:15:00;1187.66
21.11.2025 00:15:00;21.11.2025 00:30:00;1174.15
21.11.2025 00:30:00;21.11.2025 00:45:00;1139.05
21.11.2025 00:45:00;21.11.2025 01:00:00;1046.76
21.11.2025 01:00:00;21.11.2025 01:15:00;1167.34
21.11.2025 01:15:00;21.11.2025 01:30:00;1097.95
21.11.2025 01:30:00;21.11.2025 01:45:00;1011.06
21.11.2025 01:45:00;21.11.2025 02:00:00;998.03
21.11.2025 02:00:00;21.11.2025 02:15:00;1079.99
21.11.2025 02:15:00;21.11.2025 02:30:00;1011.53
21.11.2025 02:30:00;21.11.2025 02:45:00;1006.48
21.11.2025 02:45:00;21.11.2025 03:00:00;997.91
21.11.2025 03:00:00;21.11.2025 03:15:00;1025.04
21.11.2025 03:15:00;21.11.2025 03:30:00;1015.17
21.11.2025 03:30:00;21.11.2025 03:45:00;1007.31
21.11.2025 03:45:00;21.11.2025 04:00:00;1006.84
21.11.2025 04:00:00;21.11.2025 04:15:00;1006.48
21.11.2025 04:15:00;21.11.2025 04:30:00;1007.19
21.11.2025 04:30:00;21.11.2025 04:45:00;1043.94
21.11.2025 04:45:00;21.11.2025 05:00:00;1120.85
21.11.2025 05:00:00;21.11.2025 05:15:00;1005.31
21.11.2025 05:15:00;21.11.2025 05:30:00;1100.18
21.11.2025 05:30:00;21.11.2025 05:45:00;1172.16
21.11.2025 05:45:00;21.11.2025 06:00:00;1291.45
21.11.2025 06:00:00;21.11.2025 06:15:00;1173.33
21.11.2025 06:15:00;21.11.2025 06:30:00;1299.32
21.11.2025 06:30:00;21.11.2025 06:45:00;1465.34
21.11.2025 06:45:00;21.11.2025 07:00:00;1878.53
21.11.2025 07:00:00;21.11.2025 07:15:00;1760.06
21.11.2025 07:15:00;21.11.2025 07:30:00;2123.11
21.11.2025 07:30:00;21.11.2025 07:45:00;2223.61
21.11.2025 07:45:00;21.11.2025 08:00:00;2347.25
21.11.2025 08:00:00;21.11.2025 08:15:00;2569.87
21.11.2025 08:15:00;21.11.2025 08:30:00;2515.86
21.11.2025 08:30:00;21.11.2025 08:45:00;2292.65
21.11.2025 08:45:00;21.11.2025 09:00:00;1996.06
21.11.2025 09:00:00;21.11.2025 09:15:00;2488.85
21.11.2025 09:15:00;21.11.2025 09:30:00;2227.14
21.11.2025 09:30:00;21.11.2025 09:45:00;1995.83
21.11.2025 09:45:00;21.11.2025 10:00:00;1760.53
21.11.2025 10:00:00;21.11.2025 10:15:00;2045.49
21.11.2025 10:15:00;21.11.2025 10:30:00;1813.95
21.11.2025 10:30:00;21.11.2025 10:45:00;1685.62
21.11.2025 10:45:00;21.11.2025 11:00:00;1527.34
21.11.2025 11:00:00;21.11.2025 11:15:00;1761.23
21.11.2025 11:15:00;21.11.2025 11:30:00;1654.74
21.11.2025 11:30:00;21.11.2025 11:45:00;1571.84
21.11.2025 11:45:00;21.11.2025 12:00:00;1486.24
21.11.2025 12:00:00;21.11.2025 12:15:00;1570.55
21.11.2025 12:15:00;21.11.2025 12:30:00;1529.57
21.11.2025 12:30:00;21.11.2025 12:45:00;1501.27
21.11.2025 12:45:00;21.11.2025 13:00:00;1501.16
21.11.2025 13:00:00;21.11.2025 13:15:00;1466.28
21.11.2025 13:15:00;21.11.2025 13:30:00;1468.04
21.11.2025 13:30:00;21.11.2025 13:45:00;1559.39
21.11.2025 13:45:00;21.11.2025 14:00:00;1760.88
21.11.2025 14:00:00;21.11.2025 14:15:00;1408.75
21.11.2025 14:15:00;21.11.2025 14:30:00;1745.73
21.11.2025 14:30:00;21.11.2025 14:45:00;1993.95
21.11.2025 14:45:00;21.11.2025 15:00:00;1910.82
21.11.2025 15:00:00;21.11.2025 15:15:00;1722.95
21.11.2025 15:15:00;21.11.2025 15:30:00;2002.75
21.11.2025 15:30:00;21.11.2025 15:45:00;2333.16
21.11.2025 15:45:00;21.11.2025 16:00:00;3005.6
21.11.2025 16:00:00;21.11.2025 16:15:00;2137.2
21.11.2025 16:15:00;21.11.2025 16:30:00;2504.82
21.11.2025 16:30:00;21.11.2025 16:45:00;2817.73
21.11.2025 16:45:00;21.11.2025 17:00:00;3521.29
21.11.2025 17:00:00;21.11.2025 17:15:00;2962.86
21.11.2025 17:15:00;21.11.2025 17:30:00;3028.73
21.11.2025 17:30:00;21.11.2025 17:45:00;2630.1
21.11.2025 17:45:00;21.11.2025 18:00:00;2457.03
21.11.2025 18:00:00;21.11.2025 18:15:00;2458.56
21.11.2025 18:15:00;21.11.2025 18:30:00;2377.31
21.11.2025 18:30:00;21.11.2025 18:45:00;2123.34
21.11.2025 18:45:00;21.11.2025 19:00:00;2105.38
21.11.2025 19:00:00;21.11.2025 19:15:00;1996.06
21.11.2025 19:15:00;21.11.2025 19:30:00;1878.53
21.11.2025 19:30:00;21.11.2025 19:45:00;1878.65
21.11.2025 19:45:00;21.11.2025 20:00:00;1803.03
21.11.2025 20:00:00;21.11.2025 20:15:00;1984.32
21.11.2025 20:15:00;21.11.2025 20:30:00;1730.82
21.11.2025 20:30:00;21.11.2025 20:45:00;1380.69
21.11.2025 20:45:00;21.11.2025 21:00:00;1291.57
21.11.2025 21:00:00;21.11.2025 21:15:00;1354.62
21.11.2025 21:15:00;21.11.2025 21:30:00;1270.67
21.11.2025 21:30:00;21.11.2025 21:45:00;1186.01
21.11.2025 21:45:00;21.11.2025 22:00:00;1068.95
21.11.2025 22:00:00;21.11.2025 22:15:00;1242.02
21.11.2025 22:15:00;21.11.2025 22:30:00;1174.15
21.11.2025 22:30:00;21.11.2025 22:45:00;1056.74
21.11.2025 22:45:00;21.11.2025 23:00:00;996.86
21.11.2025 23:00:00;21.11.2025 23:15:00;1055.8
21.11.2025 23:15:00;21.11.2025 23:30:00;1007.19
21.11.2025 23:30:00;21.11.2025 23:45:00;998.85
21.11.2025 23:45:00;22.11.2025 00:00:00;956.94
22.11.2025 00:00:00;22.11.2025 00:15:00;1053.82
22.11.2025 00:15:00;22.11.2025 00:30:00;1012.94
22.11.2025 00:30:00;22.11.2025 00:45:00;927.97
22.11.2025 00:45:00;22.11.2025 01:00:00;884.02
22.11.2025 01:00:00;22.11.2025 01:15:00;923.6
22.11.2025 01:15:00;22.11.2025 01:30:00;878.23
22.11.2025 01:30:00;22.11.2025 01:45:00;860.38
22.11.2025 01:45:00;22.11.2025 02:00:00;852.94
22.11.2025 02:00:00;22.11.2025 02:15:00;836.28
22.11.2025 02:15:00;22.11.2025 02:30:00;826.82
22.11.2025 02:30:00;22.11.2025 02:45:00;807.8
22.11.2025 02:45:00;22.11.2025 03:00:00;798.46
22.11.2025 03:00:00;22.11.2025 03:15:00;802.01
22.11.2025 03:15:00;22.11.2025 03:30:00;791.14
22.11.2025 03:30:00;22.11.2025 03:45:00;781.92
22.11.2025 03:45:00;22.11.2025 04:00:00;769.27
22.11.2025 04:00:00;22.11.2025 04:15:00;774.24
22.11.2025 04:15:00;22.11.2025 04:30:00;774
22.11.2025 04:30:00;22.11.2025 04:45:00;766.2
22.11.2025 04:45:00;22.11.2025 05:00:00;761.59
22.11.2025 05:00:00;22.11.2025 05:15:00;758.76
22.11.2025 05:15:00;22.11.2025 05:30:00;744.34
22.11.2025 05:30:00;22.11.2025 05:45:00;742.45
22.11.2025 05:45:00;22.11.2025 06:00:00;735.95
22.11.2025 06:00:00;22.11.2025 06:15:00;735.6
22.11.2025 06:15:00;22.11.2025 06:30:00;743.51
22.11.2025 06:30:00;22.11.2025 06:45:00;744.46
22.11.2025 06:45:00;22.11.2025 07:00:00;755.33
22.11.2025 07:00:00;22.11.2025 07:15:00;761.95
22.11.2025 07:15:00;22.11.2025 07:30:00;766.68
22.11.2025 07:30:00;22.11.2025 07:45:00;770.1
22.11.2025 07:45:00;22.11.2025 08:00:00;774.12
22.11.2025 08:00:00;22.11.2025 08:15:00;779.2
22.11.2025 08:15:00;22.11.2025 08:30:00;785.58
22.11.2025 08:30:00;22.11.2025 08:45:00;785.94
22.11.2025 08:45:00;22.11.2025 09:00:00;778.02
22.11.2025 09:00:00;22.11.2025 09:15:00;810.28
22.11.2025 09:15:00;22.11.2025 09:30:00;816.66
22.11.2025 09:30:00;22.11.2025 09:45:00;801.42
22.11.2025 09:45:00;22.11.2025 10:00:00;778.02
22.11.2025 10:00:00;22.11.2025 10:15:00;793.5
22.11.2025 10:15:00;22.11.2025 10:30:00;775.3
22.11.2025 10:30:00;22.11.2025 10:45:00;779.79
22.11.2025 10:45:00;22.11.2025 11:00:00;780.38
22.11.2025 11:00:00;22.11.2025 11:15:00;774.12
22.11.2025 11:15:00;22.11.2025 11:30:00;770.46
22.11.2025 11:30:00;22.11.2025 11:45:00;768.09
22.11.2025 11:45:00;22.11.2025 12:00:00;760.41
22.11.2025 12:00:00;22.11.2025 12:15:00;761.48
22.11.2025 12:15:00;22.11.2025 12:30:00;745.64
22.11.2025 12:30:00;22.11.2025 12:45:00;750.6
22.11.2025 12:45:00;22.11.2025 13:00:00;741.98
22.11.2025 13:00:00;22.11.2025 13:15:00;727.8
22.11.2025 13:15:00;22.11.2025 13:30:00;727.09
22.11.2025 13:30:00;22.11.2025 13:45:00;732.41
22.11.2025 13:45:00;22.11.2025 14:00:00;757.81
22.11.2025 14:00:00;22.11.2025 14:15:00;742.33
22.11.2025 14:15:00;22.11.2025 14:30:00;744.34
22.11.2025 14:30:00;22.11.2025 14:45:00;765.97
22.11.2025 14:45:00;22.11.2025 15:00:00;778.73
22.11.2025 15:00:00;22.11.2025 15:15:00;762.78
22.11.2025 15:15:00;22.11.2025 15:30:00;767.98
22.11.2025 15:30:00;22.11.2025 15:45:00;772.47
22.11.2025 15:45:00;22.11.2025 16:00:00;778.14
22.11.2025 16:00:00;22.11.2025 16:15:00;780.86
22.11.2025 16:15:00;22.11.2025 16:30:00;787.71
22.11.2025 16:30:00;22.11.2025 16:45:00;797.28
22.11.2025 16:45:00;22.11.2025 17:00:00;807.56
22.11.2025 17:00:00;22.11.2025 17:15:00;803.54
22.11.2025 17:15:00;22.11.2025 17:30:00;812.52
22.11.2025 17:30:00;22.11.2025 17:45:00;820.8
22.11.2025 17:45:00;22.11.2025 18:00:00;823.28
22.11.2025 18:00:00;22.11.2025 18:15:00;806.62
22.11.2025 18:15:00;22.11.2025 18:30:00;804.49
22.11.2025 18:30:00;22.11.2025 18:45:00;802.48
22.11.2025 18:45:00;22.11.2025 19:00:00;797.16
22.11.2025 19:00:00;22.11.2025 19:15:00;779.2
22.11.2025 19:15:00;22.11.2025 19:30:00;776.84
22.11.2025 19:30:00;22.11.2025 19:45:00;772.58
22.11.2025 19:45:00;22.11.2025 20:00:00;768.33
22.11.2025 20:00:00;22.11.2025 20:15:00;767.03
22.11.2025 20:15:00;22.11.2025 20:30:00;763.84
22.11.2025 20:30:00;22.11.2025 20:45:00;760.77
22.11.2025 20:45:00;22.11.2025 21:00:00;755.45
22.11.2025 21:00:00;22.11.2025 21:15:00;764.43
22.11.2025 21:15:00;22.11.2025 21:30:00;761.12
22.11.2025 21:30:00;22.11.2025 21:45:00;757.81
22.11.2025 21:45:00;22.11.2025 22:00:00;754.86
22.11.2025 22:00:00;22.11.2025 22:15:00;755.45
22.11.2025 22:15:00;22.11.2025 22:30:00;742.69
22.11.2025 22:30:00;22.11.2025 22:45:00;735.72
22.11.2025 22:45:00;22.11.2025 23:00:00;732.88
22.11.2025 23:00:00;22.11.2025 23:15:00;734.77
22.11.2025 23:15:00;22.11.2025 23:30:00;728.74
22.11.2025 23:30:00;22.11.2025 23:45:00;718.7
22.11.2025 23:45:00;23.11.2025 00:00:00;693.41
23.11.2025 00:00:00;23.11.2025 00:15:00;577.37
23.11.2025 00:15:00;23.11.2025 00:30:00;586.11
23.11.2025 00:30:00;23.11.2025 00:45:00;585.29
23.11.2025 00:45:00;23.11.2025 01:00:00;531.87
23.11.2025 01:00:00;23.11.2025 01:15:00;576.31
23.11.2025 01:15:00;23.11.2025 01:30:00;581.51
23.11.2025 01:30:00;23.11.2025 01:45:00;580.32
23.11.2025 01:45:00;23.11.2025 02:00:00;573
23.11.2025 02:00:00;23.11.2025 02:15:00;590.84
23.11.2025 02:15:00;23.11.2025 02:30:00;588.71
23.11.2025 02:30:00;23.11.2025 02:45:00;548.89
23.11.2025 02:45:00;23.11.2025 03:00:00;508
23.11.2025 03:00:00;23.11.2025 03:15:00;525.38
23.11.2025 03:15:00;23.11.2025 03:30:00;480
23.11.2025 03:30:00;23.11.2025 03:45:00;483.54
23.11.2025 03:45:00;23.11.2025 04:00:00;500.56
23.11.2025 04:00:00;23.11.2025 04:15:00;490.99
23.11.2025 04:15:00;23.11.2025 04:30:00;491.11
23.11.2025 04:30:00;23.11.2025 04:45:00;500.09
23.11.2025 04:45:00;23.11.2025 05:00:00;498.67
23.11.2025 05:00:00;23.11.2025 05:15:00;508
23.11.2025 05:15:00;23.11.2025 05:30:00;538.96
23.11.2025 05:30:00;23.11.2025 05:45:00;590.72
23.11.2025 05:45:00;23.11.2025 06:00:00;584.7
23.11.2025 06:00:00;23.11.2025 06:15:00;542.04
23.11.2025 06:15:00;23.11.2025 06:30:00;583.16
23.11.2025 06:30:00;23.11.2025 06:45:00;597.1
23.11.2025 06:45:00;23.11.2025 07:00:00;632.79
23.11.2025 07:00:00;23.11.2025 07:15:00;616.72
23.11.2025 07:15:00;23.11.2025 07:30:00;661.62
23.11.2025 07:30:00;23.11.2025 07:45:00;686.79
23.11.2025 07:45:00;23.11.2025 08:00:00;728.86
23.11.2025 08:00:00;23.11.2025 08:15:00;735.12
23.11.2025 08:15:00;23.11.2025 08:30:00;737.72
23.11.2025 08:30:00;23.11.2025 08:45:00;735.48
23.11.2025 08:45:00;23.11.2025 09:00:00;728.74
23.11.2025 09:00:00;23.11.2025 09:15:00;779.08
23.11.2025 09:15:00;23.11.2025 09:30:00;754.62
23.11.2025 09:30:00;23.11.2025 09:45:00;751.79
23.11.2025 09:45:00;23.11.2025 10:00:00;739.14
23.11.2025 10:00:00;23.11.2025 10:15:00;794.21
23.11.2025 10:15:00;23.11.2025 10:30:00;795.39
23.11.2025 10:30:00;23.11.2025 10:45:00;763.96
23.11.2025 10:45:00;23.11.2025 11:00:00;766.32
23.11.2025 11:00:00;23.11.2025 11:15:00;767.62
23.11.2025 11:15:00;23.11.2025 11:30:00;787.35
23.11.2025 11:30:00;23.11.2025 11:45:00;791.73
23.11.2025 11:45:00;23.11.2025 12:00:00;805.91
23.11.2025 12:00:00;23.11.2025 12:15:00;791.14
23.11.2025 12:15:00;23.11.2025 12:30:00;796.93
23.11.2025 12:30:00;23.11.2025 12:45:00;809.22
23.11.2025 12:45:00;23.11.2025 13:00:00;811.81
23.11.2025 13:00:00;23.11.2025 13:15:00;800.35
23.11.2025 13:15:00;23.11.2025 13:30:00;778.85
23.11.2025 13:30:00;23.11.2025 13:45:00;771.99
23.11.2025 13:45:00;23.11.2025 14:00:00;769.04
23.11.2025 14:00:00;23.11.2025 14:15:00;788.42
23.11.2025 14:15:00;23.11.2025 14:30:00;804.49
23.11.2025 14:30:00;23.11.2025 14:45:00;826.59
23.11.2025 14:45:00;23.11.2025 15:00:00;864.28
23.11.2025 15:00:00;23.11.2025 15:15:00;843.72
23.11.2025 15:15:00;23.11.2025 15:30:00;880.94
23.11.2025 15:30:00;23.11.2025 15:45:00;948.42
23.11.2025 15:45:00;23.11.2025 16:00:00;988.71
23.11.2025 16:00:00;23.11.2025 16:15:00;951.37
23.11.2025 16:15:00;23.11.2025 16:30:00;917.22
23.11.2025 16:30:00;23.11.2025 16:45:00;895.24
23.11.2025 16:45:00;23.11.2025 17:00:00;923.72
23.11.2025 17:00:00;23.11.2025 17:15:00;932.58
23.11.2025 17:15:00;23.11.2025 17:30:00;970.87
23.11.2025 17:30:00;23.11.2025 17:45:00;959.29
23.11.2025 17:45:00;23.11.2025 18:00:00;965.08
23.11.2025 18:00:00;23.11.2025 18:15:00;975.71
23.11.2025 18:15:00;23.11.2025 18:30:00;961.65
23.11.2025 18:30:00;23.11.2025 18:45:00;952.08
23.11.2025 18:45:00;23.11.2025 19:00:00;1028.54
23.11.2025 19:00:00;23.11.2025 19:15:00;1038.7
23.11.2025 19:15:00;23.11.2025 19:30:00;1018.14
23.11.2025 19:30:00;23.11.2025 19:45:00;970.4
23.11.2025 19:45:00;23.11.2025 20:00:00;940.15
23.11.2025 20:00:00;23.11.2025 20:15:00;970.99
23.11.2025 20:15:00;23.11.2025 20:30:00;934.83
23.11.2025 20:30:00;23.11.2025 20:45:00;908.24
23.11.2025 20:45:00;23.11.2025 21:00:00;859.44
23.11.2025 21:00:00;23.11.2025 21:15:00;917.46
23.11.2025 21:15:00;23.11.2025 21:30:00;876.45
23.11.2025 21:30:00;23.11.2025 21:45:00;857.43
23.11.2025 21:45:00;23.11.2025 22:00:00;841.48
23.11.2025 22:00:00;23.11.2025 22:15:00;886.38
23.11.2025 22:15:00;23.11.2025 22:30:00;877.99
23.11.2025 22:30:00;23.11.2025 22:45:00;861.09
23.11.2025 22:45:00;23.11.2025 23:00:00;834.38
23.11.2025 23:00:00;23.11.2025 23:15:00;829.78
23.11.2025 23:15:00;23.11.2025 23:30:00;822.57
23.11.2025 23:30:00;23.11.2025 23:45:00;821.15
23.11.2025 23:45:00;24.11.2025 00:00:00;801.06
24.11.2025 00:00:00;24.11.2025 00:15:00;800.35
24.11.2025 00:15:00;24.11.2025 00:30:00;816.19
24.11.2025 00:30:00;24.11.2025 00:45:00;801.06
24.11.2025 00:45:00;24.11.2025 01:00:00;796.45
24.11.2025 01:00:00;24.11.2025 01:15:00;805.79
24.11.2025 01:15:00;24.11.2025 01:30:00;797.75
24.11.2025 01:30:00;24.11.2025 01:45:00;805.91
24.11.2025 01:45:00;24.11.2025 02:00:00;808.74
24.11.2025 02:00:00;24.11.2025 02:15:00;796.33
24.11.2025 02:15:00;24.11.2025 02:30:00;817.25
24.11.2025 02:30:00;24.11.2025 02:45:00;817.96
24.11.2025 02:45:00;24.11.2025 03:00:00;816.19
24.11.2025 03:00:00;24.11.2025 03:15:00;815.6
24.11.2025 03:15:00;24.11.2025 03:30:00;813.94
24.11.2025 03:30:00;24.11.2025 03:45:00;825.29
24.11.2025 03:45:00;24.11.2025 04:00:00;816.54
24.11.2025 04:00:00;24.11.2025 04:15:00;799.17
24.11.2025 04:15:00;24.11.2025 04:30:00;808.39
24.11.2025 04:30:00;24.11.2025 04:45:00;812.17
24.11.2025 04:45:00;24.11.2025 05:00:00;841.48
24.11.2025 05:00:00;24.11.2025 05:15:00;815.48
24.11.2025 05:15:00;24.11.2025 05:30:00;838.76
24.11.2025 05:30:00;24.11.2025 05:45:00;923.25
24.11.2025 05:45:00;24.11.2025 06:00:00;996.16
24.11.2025 06:00:00;24.11.2025 06:15:00;885.32
24.11.2025 06:15:00;24.11.2025 06:30:00;1005.73
24.11.2025 06:30:00;24.11.2025 06:45:00;1028.18
24.11.2025 06:45:00;24.11.2025 07:00:00;1098.25
24.11.2025 07:00:00;24.11.2025 07:15:00;1028.54
24.11.2025 07:15:00;24.11.2025 07:30:00;1064.1
24.11.2025 07:30:00;24.11.2025 07:45:00;1095.06
24.11.2025 07:45:00;24.11.2025 08:00:00;1114.68
24.11.2025 08:00:00;24.11.2025 08:15:00;1153.68
24.11.2025 08:15:00;24.11.2025 08:30:00;1098.85
24.11.2025 08:30:00;24.11.2025 08:45:00;1116.57
24.11.2025 08:45:00;24.11.2025 09:00:00;1240.88
24.11.2025 09:00:00;24.11.2025 09:15:00;1126.85
24.11.2025 09:15:00;24.11.2025 09:30:00;1164.66
24.11.2025 09:30:00;24.11.2025 09:45:00;1268.77
24.11.2025 09:45:00;24.11.2025 10:00:00;1240.88
24.11.2025 10:00:00;24.11.2025 10:15:00;1344.75
24.11.2025 10:15:00;24.11.2025 10:30:00;1331.75
24.11.2025 10:30:00;24.11.2025 10:45:00;1377.72
24.11.2025 10:45:00;24.11.2025 11:00:00;1418.02
24.11.2025 11:00:00;24.11.2025 11:15:00;1400.29
24.11.2025 11:15:00;24.11.2025 11:30:00;1405.26
24.11.2025 11:30:00;24.11.2025 11:45:00;1498.25
24.11.2025 11:45:00;24.11.2025 12:00:00;1530.28
24.11.2025 12:00:00;24.11.2025 12:15:00;1389.42
24.11.2025 12:15:00;24.11.2025 12:30:00;1434.44
24.11.2025 12:30:00;24.11.2025 12:45:00;1491.87
24.11.2025 12:45:00;24.11.2025 13:00:00;1617.72
24.11.2025 13:00:00;24.11.2025 13:15:00;1338.49
24.11.2025 13:15:00;24.11.2025 13:30:00;1428.06
24.11.2025 13:30:00;24.11.2025 13:45:00;1427.23
24.11.2025 13:45:00;24.11.2025 14:00:00;1576.01
24.11.2025 14:00:00;24.11.2025 14:15:00;1382.45
24.11.2025 14:15:00;24.11.2025 14:30:00;1495.89
24.11.2025 14:30:00;24.11.2025 14:45:00;1399.23
24.11.2025 14:45:00;24.11.2025 15:00:00;1435.98
24.11.2025 15:00:00;24.11.2025 15:15:00;1607.2
24.11.2025 15:15:00;24.11.2025 15:30:00;1772.4
24.11.2025 15:30:00;24.11.2025 15:45:00;1887.14
24.11.2025 15:45:00;24.11.2025 16:00:00;1976.24
24.11.2025 16:00:00;24.11.2025 16:15:00;2008.86
24.11.2025 16:15:00;24.11.2025 16:30:00;2185.99
24.11.2025 16:30:00;24.11.2025 16:45:00;2200.17
24.11.2025 16:45:00;24.11.2025 17:00:00;2304.51
24.11.2025 17:00:00;24.11.2025 17:15:00;2245.08
24.11.2025 17:15:00;24.11.2025 17:30:00;2245.19
24.11.2025 17:30:00;24.11.2025 17:45:00;2304.51
24.11.2025 17:45:00;24.11.2025 18:00:00;2245.19
24.11.2025 18:00:00;24.11.2025 18:15:00;2017.72
24.11.2025 18:15:00;24.11.2025 18:30:00;1978.25
24.11.2025 18:30:00;24.11.2025 18:45:00;1824.52
24.11.2025 18:45:00;24.11.2025 19:00:00;1711.66
24.11.2025 19:00:00;24.11.2025 19:15:00;1654.35
24.11.2025 19:15:00;24.11.2025 19:30:00;1571.52
24.11.2025 19:30:00;24.11.2025 19:45:00;1654.24
24.11.2025 19:45:00;24.11.2025 20:00:00;1428.53
24.11.2025 20:00:00;24.11.2025 20:15:00;1541.27
24.11.2025 20:15:00;24.11.2025 20:30:00;1263.45
24.11.2025 20:30:00;24.11.2025 20:45:00;1164.66
24.11.2025 20:45:00;24.11.2025 21:00:00;1098.96
24.11.2025 21:00:00;24.11.2025 21:15:00;1250.93
24.11.2025 21:15:00;24.11.2025 21:30:00;1157.46
24.11.2025 21:30:00;24.11.2025 21:45:00;1133.59
24.11.2025 21:45:00;24.11.2025 22:00:00;1090.34
24.11.2025 22:00:00;24.11.2025 22:15:00;1181.56
24.11.2025 22:15:00;24.11.2025 22:30:00;1142.8
24.11.2025 22:30:00;24.11.2025 22:45:00;1082.18
24.11.2025 22:45:00;24.11.2025 23:00:00;1047.91
24.11.2025 23:00:00;24.11.2025 23:15:00;1015.06
24.11.2025 23:15:00;24.11.2025 23:30:00;1004.07
24.11.2025 23:30:00;24.11.2025 23:45:00;987.77
24.11.2025 23:45:00;25.11.2025 00:00:00;970.4
25.11.2025 00:00:00;25.11.2025 00:15:00;911.99
25.11.2025 00:15:00;25.11.2025 00:30:00;909.16
25.11.2025 00:30:00;25.11.2025 00:45:00;884.97
25.11.2025 00:45:00;25.11.2025 01:00:00;879.78
25.11.2025 01:00:00;25.11.2025 01:15:00;879.19
25.11.2025 01:15:00;25.11.2025 01:30:00;876
25.11.2025 01:30:00;25.11.2025 01:45:00;865.97
25.11.2025 01:45:00;25.11.2025 02:00:00;858.18
25.11.2025 02:00:00;25.11.2025 02:15:00;855.59
25.11.2025 02:15:00;25.11.2025 02:30:00;852.4
25.11.2025 02:30:00;25.11.2025 02:45:00;847.21
25.11.2025 02:45:00;25.11.2025 03:00:00;845.2
25.11.2025 03:00:00;25.11.2025 03:15:00;842.96
25.11.2025 03:15:00;25.11.2025 03:30:00;827.39
25.11.2025 03:30:00;25.11.2025 03:45:00;825.85
25.11.2025 03:45:00;25.11.2025 04:00:00;825.5
25.11.2025 04:00:00;25.11.2025 04:15:00;834.23
25.11.2025 04:15:00;25.11.2025 04:30:00;842.37
25.11.2025 04:30:00;25.11.2025 04:45:00;842.14
25.11.2025 04:45:00;25.11.2025 05:00:00;861.37
25.11.2025 05:00:00;25.11.2025 05:15:00;845.44
25.11.2025 05:15:00;25.11.2025 05:30:00;859.95
25.11.2025 05:30:00;25.11.2025 05:45:00;876.12
25.11.2025 05:45:00;25.11.2025 06:00:00;896.65
25.11.2025 06:00:00;25.11.2025 06:15:00;897
25.11.2025 06:15:00;25.11.2025 06:30:00;955.41
25.11.2025 06:30:00;25.11.2025 06:45:00;1061.61
25.11.2025 06:45:00;25.11.2025 07:00:00;1144.91
25.11.2025 07:00:00;25.11.2025 07:15:00;1415.83
25.11.2025 07:15:00;25.11.2025 07:30:00;1592.71
25.11.2025 07:30:00;25.11.2025 07:45:00;1769.94
25.11.2025 07:45:00;25.11.2025 08:00:00;1781.74
25.11.2025 08:00:00;25.11.2025 08:15:00;1769.82
25.11.2025 08:15:00;25.11.2025 08:30:00;1928.05
25.11.2025 08:30:00;25.11.2025 08:45:00;1959.91
25.11.2025 08:45:00;25.11.2025 09:00:00;1888.29
25.11.2025 09:00:00;25.11.2025 09:15:00;1706.69
25.11.2025 09:15:00;25.11.2025 09:30:00;1758.14
25.11.2025 09:30:00;25.11.2025 09:45:00;1651.94
25.11.2025 09:45:00;25.11.2025 10:00:00;1651.82
25.11.2025 10:00:00;25.11.2025 10:15:00;1932.54
25.11.2025 10:15:00;25.11.2025 10:30:00;1710.82
25.11.2025 10:30:00;25.11.2025 10:45:00;1651.82
25.11.2025 10:45:00;25.11.2025 11:00:00;1600.85
25.11.2025 11:00:00;25.11.2025 11:15:00;1651.94
25.11.2025 11:15:00;25.11.2025 11:30:00;1770.05
25.11.2025 11:30:00;25.11.2025 11:45:00;1851.12
25.11.2025 11:45:00;25.11.2025 12:00:00;1802.62
25.11.2025 12:00:00;25.11.2025 12:15:00;1684.27
25.11.2025 12:15:00;25.11.2025 12:30:00;1651.94
25.11.2025 12:30:00;25.11.2025 12:45:00;1651.94
25.11.2025 12:45:00;25.11.2025 13:00:00;1788.58
25.11.2025 13:00:00;25.11.2025 13:15:00;1662.8
25.11.2025 13:15:00;25.11.2025 13:30:00;1651.94
25.11.2025 13:30:00;25.11.2025 13:45:00;1600.02
25.11.2025 13:45:00;25.11.2025 14:00:00;1575.01
25.11.2025 14:00:00;25.11.2025 14:15:00;1600.61
25.11.2025 14:15:00;25.11.2025 14:30:00;1651.94
25.11.2025 14:30:00;25.11.2025 14:45:00;1600.26
25.11.2025 14:45:00;25.11.2025 15:00:00;1689.11
25.11.2025 15:00:00;25.11.2025 15:15:00;1769.82
25.11.2025 15:15:00;25.11.2025 15:30:00;1772.77
25.11.2025 15:30:00;25.11.2025 15:45:00;1769.23
25.11.2025 15:45:00;25.11.2025 16:00:00;1763.21
25.11.2025 16:00:00;25.11.2025 16:15:00;1786.34
25.11.2025 16:15:00;25.11.2025 16:30:00;1828.93
25.11.2025 16:30:00;25.11.2025 16:45:00;1966.75
25.11.2025 16:45:00;25.11.2025 17:00:00;1963.21
25.11.2025 17:00:00;25.11.2025 17:15:00;2359.09
25.11.2025 17:15:00;25.11.2025 17:30:00;2261.74
25.11.2025 17:30:00;25.11.2025 17:45:00;2062.8
25.11.2025 17:45:00;25.11.2025 18:00:00;1769.58
25.11.2025 18:00:00;25.11.2025 18:15:00;2241.92
25.11.2025 18:15:00;25.11.2025 18:30:00;1828.93
25.11.2025 18:30:00;25.11.2025 18:45:00;1684.63
25.11.2025 18:45:00;25.11.2025 19:00:00;1574.89
25.11.2025 19:00:00;25.11.2025 19:15:00;2126.17
25.11.2025 19:15:00;25.11.2025 19:30:00;1651.94
25.11.2025 19:30:00;25.11.2025 19:45:00;1574.77
25.11.2025 19:45:00;25.11.2025 20:00:00;1238.96
25.11.2025 20:00:00;25.11.2025 20:15:00;1543.39
25.11.2025 20:15:00;25.11.2025 20:30:00;1208.28
25.11.2025 20:30:00;25.11.2025 20:45:00;1096.65
25.11.2025 20:45:00;25.11.2025 21:00:00;998.83
25.11.2025 21:00:00;25.11.2025 21:15:00;1004.26
25.11.2025 21:15:00;25.11.2025 21:30:00;956.47
25.11.2025 21:30:00;25.11.2025 21:45:00;909.04
25.11.2025 21:45:00;25.11.2025 22:00:00;884.97
25.11.2025 22:00:00;25.11.2025 22:15:00;884.97
25.11.2025 22:15:00;25.11.2025 22:30:00;876.24
25.11.2025 22:30:00;25.11.2025 22:45:00;861.02
25.11.2025 22:45:00;25.11.2025 23:00:00;844.97
25.11.2025 23:00:00;25.11.2025 23:15:00;825.85
25.11.2025 23:15:00;25.11.2025 23:30:00;821.72
25.11.2025 23:30:00;25.11.2025 23:45:00;815.59
25.11.2025 23:45:00;26.11.2025 00:00:00;807.92
26.11.2025 00:00:00;26.11.2025 00:15:00;840.5
26.11.2025 00:15:00;26.11.2025 00:30:00;832.33
26.11.2025 00:30:00;26.11.2025 00:45:00;828.19
26.11.2025 00:45:00;26.11.2025 01:00:00;822.16
26.11.2025 01:00:00;26.11.2025 01:15:00;783
26.11.2025 01:15:00;26.11.2025 01:30:00;773.77
26.11.2025 01:30:00;26.11.2025 01:45:00;762.53
26.11.2025 01:45:00;26.11.2025 02:00:00;758.27
26.11.2025 02:00:00;26.11.2025 02:15:00;747.03
26.11.2025 02:15:00;26.11.2025 02:30:00;742.77
26.11.2025 02:30:00;26.11.2025 02:45:00;733.42
26.11.2025 02:45:00;26.11.2025 03:00:00;732.83
26.11.2025 03:00:00;26.11.2025 03:15:00;720.88
26.11.2025 03:15:00;26.11.2025 03:30:00;720.76
26.11.2025 03:30:00;26.11.2025 03:45:00;720.88
26.11.2025 03:45:00;26.11.2025 04:00:00;720.88
26.11.2025 04:00:00;26.11.2025 04:15:00;709.88
26.11.2025 04:15:00;26.11.2025 04:30:00;714.49
26.11.2025 04:30:00;26.11.2025 04:45:00;717.81
26.11.2025 04:45:00;26.11.2025 05:00:00;723.6
26.11.2025 05:00:00;26.11.2025 05:15:00;718.63
26.11.2025 05:15:00;26.11.2025 05:30:00;724.79
26.11.2025 05:30:00;26.11.2025 05:45:00;783.47
26.11.2025 05:45:00;26.11.2025 06:00:00;828.19
26.11.2025 06:00:00;26.11.2025 06:15:00;827.25
26.11.2025 06:15:00;26.11.2025 06:30:00;852.68
26.11.2025 06:30:00;26.11.2025 06:45:00;869.96
26.11.2025 06:45:00;26.11.2025 07:00:00;882.62
26.11.2025 07:00:00;26.11.2025 07:15:00;956.56
26.11.2025 07:15:00;26.11.2025 07:30:00;980.93
26.11.2025 07:30:00;26.11.2025 07:45:00;995.84
26.11.2025 07:45:00;26.11.2025 08:00:00;1005.54
26.11.2025 08:00:00;26.11.2025 08:15:00;1059.02
26.11.2025 08:15:00;26.11.2025 08:30:00;1062.93
26.11.2025 08:30:00;26.11.2025 08:45:00;1074.88
26.11.2025 08:45:00;26.11.2025 09:00:00;1054.88
26.11.2025 09:00:00;26.11.2025 09:15:00;1123.74
26.11.2025 09:15:00;26.11.2025 09:30:00;1054.76
26.11.2025 09:30:00;26.11.2025 09:45:00;1027.31
26.11.2025 09:45:00;26.11.2025 10:00:00;1005.54
26.11.2025 10:00:00;26.11.2025 10:15:00;1004.6
26.11.2025 10:15:00;26.11.2025 10:30:00;988.03
26.11.2025 10:30:00;26.11.2025 10:45:00;972.06
26.11.2025 10:45:00;26.11.2025 11:00:00;962.95
26.11.2025 11:00:00;26.11.2025 11:15:00;917.64
26.11.2025 11:15:00;26.11.2025 11:30:00;912.08
26.11.2025 11:30:00;26.11.2025 11:45:00;911.25
26.11.2025 11:45:00;26.11.2025 12:00:00;907.7
26.11.2025 12:00:00;26.11.2025 12:15:00;911.25
26.11.2025 12:15:00;26.11.2025 12:30:00;908.53
26.11.2025 12:30:00;26.11.2025 12:45:00;904.27
26.11.2025 12:45:00;26.11.2025 13:00:00;899.65
26.11.2025 13:00:00;26.11.2025 13:15:00;897.88
26.11.2025 13:15:00;26.11.2025 13:30:00;898.94
26.11.2025 13:30:00;26.11.2025 13:45:00;897.05
26.11.2025 13:45:00;26.11.2025 14:00:00;895.75
26.11.2025 14:00:00;26.11.2025 14:15:00;913.14
26.11.2025 14:15:00;26.11.2025 14:30:00;915.74
26.11.2025 14:30:00;26.11.2025 14:45:00;926.27
26.11.2025 14:45:00;26.11.2025 15:00:00;933.73
26.11.2025 15:00:00;26.11.2025 15:15:00;961.65
26.11.2025 15:15:00;26.11.2025 15:30:00;984.01
26.11.2025 15:30:00;26.11.2025 15:45:00;1000.93
26.11.2025 15:45:00;26.11.2025 16:00:00;1005.54
26.11.2025 16:00:00;26.11.2025 16:15:00;1030.39
26.11.2025 16:15:00;26.11.2025 16:30:00;1052.4
26.11.2025 16:30:00;26.11.2025 16:45:00;1052.28
26.11.2025 16:45:00;26.11.2025 17:00:00;1054.29
26.11.2025 17:00:00;26.11.2025 17:15:00;1054.41
26.11.2025 17:15:00;26.11.2025 17:30:00;1046.24
26.11.2025 17:30:00;26.11.2025 17:45:00;1005.66
26.11.2025 17:45:00;26.11.2025 18:00:00;1001.05
26.11.2025 18:00:00;26.11.2025 18:15:00;979.16
26.11.2025 18:15:00;26.11.2025 18:30:00;965.79
26.11.2025 18:30:00;26.11.2025 18:45:00;955.97
26.11.2025 18:45:00;26.11.2025 19:00:00;943.9
26.11.2025 19:00:00;26.11.2025 19:15:00;918.7
26.11.2025 19:15:00;26.11.2025 19:30:00;904.62
26.11.2025 19:30:00;26.11.2025 19:45:00;889.6
26.11.2025 19:45:00;26.11.2025 20:00:00;884.75
26.11.2025 20:00:00;26.11.2025 20:15:00;851.03
26.11.2025 20:15:00;26.11.2025 20:30:00;840.5
26.11.2025 20:30:00;26.11.2025 20:45:00;827.6
26.11.2025 20:45:00;26.11.2025 21:00:00;802.99
26.11.2025 21:00:00;26.11.2025 21:15:00;828.07
26.11.2025 21:15:00;26.11.2025 21:30:00;798.14
26.11.2025 21:30:00;26.11.2025 21:45:00;764.3
26.11.2025 21:45:00;26.11.2025 22:00:00;719.82
26.11.2025 22:00:00;26.11.2025 22:15:00;745.73
26.11.2025 22:15:00;26.11.2025 22:30:00;718.87
26.11.2025 22:30:00;26.11.2025 22:45:00;665.16
26.11.2025 22:45:00;26.11.2025 23:00:00;599.02
26.11.2025 23:00:00;26.11.2025 23:15:00;685.86
26.11.2025 23:15:00;26.11.2025 23:30:00;594.88
26.11.2025 23:30:00;26.11.2025 23:45:00;555.84
26.11.2025 23:45:00;27.11.2025 00:00:00;474.44
27.11.2025 00:00:00;27.11.2025 00:15:00;650.77
27.11.2025 00:15:00;27.11.2025 00:30:00;614.98
27.11.2025 00:30:00;27.11.2025 00:45:00;585.95
27.11.2025 00:45:00;27.11.2025 01:00:00;550.64
27.11.2025 01:00:00;27.11.2025 01:15:00;588.08
27.11.2025 01:15:00;27.11.2025 01:30:00;562.13
27.11.2025 01:30:00;27.11.2025 01:45:00;518.05
27.11.2025 01:45:00;27.11.2025 02:00:00;474.09
27.11.2025 02:00:00;27.11.2025 02:15:00;532.15
27.11.2025 02:15:00;27.11.2025 02:30:00;474.57
27.11.2025 02:30:00;27.11.2025 02:45:00;458.57
27.11.2025 02:45:00;27.11.2025 03:00:00;411.65
27.11.2025 03:00:00;27.11.2025 03:15:00;386.41
27.11.2025 03:15:00;27.11.2025 03:30:00;366.38
27.11.2025 03:30:00;27.11.2025 03:45:00;349.44
27.11.2025 03:45:00;27.11.2025 04:00:00;321.95
27.11.2025 04:00:00;27.11.2025 04:15:00;309.86
27.11.2025 04:15:00;27.11.2025 04:30:00;275.85
27.11.2025 04:30:00;27.11.2025 04:45:00;257.72
27.11.2025 04:45:00;27.11.2025 05:00:00;254.76
27.11.2025 05:00:00;27.11.2025 05:15:00;296.23
27.11.2025 05:15:00;27.11.2025 05:30:00;324.2
27.11.2025 05:30:00;27.11.2025 05:45:00;346.71
27.11.2025 05:45:00;27.11.2025 06:00:00;386.41
27.11.2025 06:00:00;27.11.2025 06:15:00;349.32
27.11.2025 06:15:00;27.11.2025 06:30:00;421.6
27.11.2025 06:30:00;27.11.2025 06:45:00;484.99
27.11.2025 06:45:00;27.11.2025 07:00:00;565.57
27.11.2025 07:00:00;27.11.2025 07:15:00;592.35
27.11.2025 07:15:00;27.11.2025 07:30:00;636.31
27.11.2025 07:30:00;27.11.2025 07:45:00;669.96
27.11.2025 07:45:00;27.11.2025 08:00:00;677.43
27.11.2025 08:00:00;27.11.2025 08:15:00;710.72
27.11.2025 08:15:00;27.11.2025 08:30:00;706.93
27.11.2025 08:30:00;27.11.2025 08:45:00;700.89
27.11.2025 08:45:00;27.11.2025 09:00:00;694.25
27.11.2025 09:00:00;27.11.2025 09:15:00;687.26
27.11.2025 09:15:00;27.11.2025 09:30:00;668.42
27.11.2025 09:30:00;27.11.2025 09:45:00;663.92
27.11.2025 09:45:00;27.11.2025 10:00:00;662.97
27.11.2025 10:00:00;27.11.2025 10:15:00;660.84
27.11.2025 10:15:00;27.11.2025 10:30:00;651.12
27.11.2025 10:30:00;27.11.2025 10:45:00;638.92
27.11.2025 10:45:00;27.11.2025 11:00:00;632.52
27.11.2025 11:00:00;27.11.2025 11:15:00;647.68
27.11.2025 11:15:00;27.11.2025 11:30:00;636.43
27.11.2025 11:30:00;27.11.2025 11:45:00;629.56
27.11.2025 11:45:00;27.11.2025 12:00:00;626.83
27.11.2025 12:00:00;27.11.2025 12:15:00;664.04
27.11.2025 12:15:00;27.11.2025 12:30:00;651.6
27.11.2025 12:30:00;27.11.2025 12:45:00;651.6
27.11.2025 12:45:00;27.11.2025 13:00:00;651.71
27.11.2025 13:00:00;27.11.2025 13:15:00;636.43
27.11.2025 13:15:00;27.11.2025 13:30:00;631.81
27.11.2025 13:30:00;27.11.2025 13:45:00;635.95
27.11.2025 13:45:00;27.11.2025 14:00:00;636.43
27.11.2025 14:00:00;27.11.2025 14:15:00;606.92
27.11.2025 14:15:00;27.11.2025 14:30:00;604.32
27.11.2025 14:30:00;27.11.2025 14:45:00;614.27
27.11.2025 14:45:00;27.11.2025 15:00:00;624.22
27.11.2025 15:00:00;27.11.2025 15:15:00;614.98
27.11.2025 15:15:00;27.11.2025 15:30:00;616.17
27.11.2025 15:30:00;27.11.2025 15:45:00;636.55
27.11.2025 15:45:00;27.11.2025 16:00:00;651.12
27.11.2025 16:00:00;27.11.2025 16:15:00;667.95
27.11.2025 16:15:00;27.11.2025 16:30:00;688.8
27.11.2025 16:30:00;27.11.2025 16:45:00;697.93
27.11.2025 16:45:00;27.11.2025 17:00:00;702.67
27.11.2025 17:00:00;27.11.2025 17:15:00;697.57
27.11.2025 17:15:00;27.11.2025 17:30:00;697.1
27.11.2025 17:30:00;27.11.2025 17:45:00;695.2
27.11.2025 17:45:00;27.11.2025 18:00:00;684.42
27.11.2025 18:00:00;27.11.2025 18:15:00;651.6
27.11.2025 18:15:00;27.11.2025 18:30:00;636.31
27.11.2025 18:30:00;27.11.2025 18:45:00;610.36
27.11.2025 18:45:00;27.11.2025 19:00:00;592.59
27.11.2025 19:00:00;27.11.2025 19:15:00;597.8
27.11.2025 19:15:00;27.11.2025 19:30:00;592.35
27.11.2025 19:30:00;27.11.2025 19:45:00;578.96
27.11.2025 19:45:00;27.11.2025 20:00:00;538.43
27.11.2025 20:00:00;27.11.2025 20:15:00;532.27
27.11.2025 20:15:00;27.11.2025 20:30:00;483.45
27.11.2025 20:30:00;27.11.2025 20:45:00;437.83
27.11.2025 20:45:00;27.11.2025 21:00:00;376.93
27.11.2025 21:00:00;27.11.2025 21:15:00;473.86
27.11.2025 21:15:00;27.11.2025 21:30:00;434.75
27.11.2025 21:30:00;27.11.2025 21:45:00;387.47
27.11.2025 21:45:00;27.11.2025 22:00:00;355.48
27.11.2025 22:00:00;27.11.2025 22:15:00;363.3
27.11.2025 22:15:00;27.11.2025 22:30:00;345.65
27.11.2025 22:30:00;27.11.2025 22:45:00;266.61
27.11.2025 22:45:00;27.11.2025 23:00:00;232.13
27.11.2025 23:00:00;27.11.2025 23:15:00;240.19
27.11.2025 23:15:00;27.11.2025 23:30:00;198.95
27.11.2025 23:30:00;27.11.2025 23:45:00;169.45
27.11.2025 23:45:00;28.11.2025 00:00:00;138.16
28.11.2025 00:00:00;28.11.2025 00:15:00;235.98
28.11.2025 00:15:00;28.11.2025 00:30:00;240.58
28.11.2025 00:30:00;28.11.2025 00:45:00;199.52
28.11.2025 00:45:00;28.11.2025 01:00:00;196.45
28.11.2025 01:00:00;28.11.2025 01:15:00;206.37
28.11.2025 01:15:00;28.11.2025 01:30:00;195.16
28.11.2025 01:30:00;28.11.2025 01:45:00;183.71
28.11.2025 01:45:00;28.11.2025 02:00:00;153.98
28.11.2025 02:00:00;28.11.2025 02:15:00;184.07
28.11.2025 02:15:00;28.11.2025 02:30:00;165.07
28.11.2025 02:30:00;28.11.2025 02:45:00;146.43
28.11.2025 02:45:00;28.11.2025 03:00:00;129.67
28.11.2025 03:00:00;28.11.2025 03:15:00;118.23
28.11.2025 03:15:00;28.11.2025 03:30:00;110.79
28.11.2025 03:30:00;28.11.2025 03:45:00;110.2
28.11.2025 03:45:00;28.11.2025 04:00:00;103.01
28.11.2025 04:00:00;28.11.2025 04:15:00;117.52
28.11.2025 04:15:00;28.11.2025 04:30:00;110.56
28.11.2025 04:30:00;28.11.2025 04:45:00;117.99
28.11.2025 04:45:00;28.11.2025 05:00:00;126.6
28.11.2025 05:00:00;28.11.2025 05:15:00;121.18
28.11.2025 05:15:00;28.11.2025 05:30:00;145.48
28.11.2025 05:30:00;28.11.2025 05:45:00;162.12
28.11.2025 05:45:00;28.11.2025 06:00:00;185.01
28.11.2025 06:00:00;28.11.2025 06:15:00;148.79
28.11.2025 06:15:00;28.11.2025 06:30:00;184.89
28.11.2025 06:30:00;28.11.2025 06:45:00;235.04
28.11.2025 06:45:00;28.11.2025 07:00:00;271.26
28.11.2025 07:00:00;28.11.2025 07:15:00;286.01
28.11.2025 07:15:00;28.11.2025 07:30:00;346.07
28.11.2025 07:30:00;28.11.2025 07:45:00;380.28
28.11.2025 07:45:00;28.11.2025 08:00:00;429.72
28.11.2025 08:00:00;28.11.2025 08:15:00;453.67
28.11.2025 08:15:00;28.11.2025 08:30:00;446.71
28.11.2025 08:30:00;28.11.2025 08:45:00;446.83
28.11.2025 08:45:00;28.11.2025 09:00:00;436.45
28.11.2025 09:00:00;28.11.2025 09:15:00;462.76
28.11.2025 09:15:00;28.11.2025 09:30:00;436.57
28.11.2025 09:30:00;28.11.2025 09:45:00;420.05
28.11.2025 09:45:00;28.11.2025 10:00:00;403.53
28.11.2025 10:00:00;28.11.2025 10:15:00;471.96
28.11.2025 10:15:00;28.11.2025 10:30:00;435.03
28.11.2025 10:30:00;28.11.2025 10:45:00;416.63
28.11.2025 10:45:00;28.11.2025 11:00:00;384.89
28.11.2025 11:00:00;28.11.2025 11:15:00;420.75
28.11.2025 11:15:00;28.11.2025 11:30:00;412.61
28.11.2025 11:30:00;28.11.2025 11:45:00;353.97
28.11.2025 11:45:00;28.11.2025 12:00:00;343.94
28.11.2025 12:00:00;28.11.2025 12:15:00;353.74
28.11.2025 12:15:00;28.11.2025 12:30:00;342.06
28.11.2025 12:30:00;28.11.2025 12:45:00;353.97
28.11.2025 12:45:00;28.11.2025 13:00:00;346.66
28.11.2025 13:00:00;28.11.2025 13:15:00;332.97
28.11.2025 13:15:00;28.11.2025 13:30:00;329.55
28.11.2025 13:30:00;28.11.2025 13:45:00;326.6
28.11.2025 13:45:00;28.11.2025 14:00:00;327.78
28.11.2025 14:00:00;28.11.2025 14:15:00;326.48
28.11.2025 14:15:00;28.11.2025 14:30:00;330.02
28.11.2025 14:30:00;28.11.2025 14:45:00;315.86
28.11.2025 14:45:00;28.11.2025 15:00:00;330.14
28.11.2025 15:00:00;28.11.2025 15:15:00;330.26
28.11.2025 15:15:00;28.11.2025 15:30:00;344.41
28.11.2025 15:30:00;28.11.2025 15:45:00;353.97
28.11.2025 15:45:00;28.11.2025 16:00:00;384.77
28.11.2025 16:00:00;28.11.2025 16:15:00;353.85
28.11.2025 16:15:00;28.11.2025 16:30:00;356.1
28.11.2025 16:30:00;28.11.2025 16:45:00;375.68
28.11.2025 16:45:00;28.11.2025 17:00:00;386.07
28.11.2025 17:00:00;28.11.2025 17:15:00;363.06
28.11.2025 17:15:00;28.11.2025 17:30:00;360.93
28.11.2025 17:30:00;28.11.2025 17:45:00;353.97
28.11.2025 17:45:00;28.11.2025 18:00:00;347.01
28.11.2025 18:00:00;28.11.2025 18:15:00;357.04
28.11.2025 18:15:00;28.11.2025 18:30:00;342.06
28.11.2025 18:30:00;28.11.2025 18:45:00;327.07
28.11.2025 18:45:00;28.11.2025 19:00:00;294.98
28.11.2025 19:00:00;28.11.2025 19:15:00;301.94
28.11.2025 19:15:00;28.11.2025 19:30:00;271.38
28.11.2025 19:30:00;28.11.2025 19:45:00;235.98
28.11.2025 19:45:00;28.11.2025 20:00:00;209.43
28.11.2025 20:00:00;28.11.2025 20:15:00;223.83
28.11.2025 20:15:00;28.11.2025 20:30:00;191.5
28.11.2025 20:30:00;28.11.2025 20:45:00;180.29
28.11.2025 20:45:00;28.11.2025 21:00:00;155.75
28.11.2025 21:00:00;28.11.2025 21:15:00;172.74
28.11.2025 21:15:00;28.11.2025 21:30:00;156.69
28.11.2025 21:30:00;28.11.2025 21:45:00;148.67
28.11.2025 21:45:00;28.11.2025 22:00:00;137.7
28.11.2025 22:00:00;28.11.2025 22:15:00;143.59
28.11.2025 22:15:00;28.11.2025 22:30:00;122.59
28.11.2025 22:30:00;28.11.2025 22:45:00;100.88
28.11.2025 22:45:00;28.11.2025 23:00:00;82.48
28.11.2025 23:00:00;28.11.2025 23:15:00;109.85
28.11.2025 23:15:00;28.11.2025 23:30:00;82.59
28.11.2025 23:30:00;28.11.2025 23:45:00;79.05
28.11.2025 23:45:00;29.11.2025 00:00:00;59.23
29.11.2025 00:00:00;29.11.2025 00:15:00;65.99
29.11.2025 00:15:00;29.11.2025 00:30:00;58.81
29.11.2025 00:30:00;29.11.2025 00:45:00;56.34
29.11.2025 00:45:00;29.11.2025 01:00:00;51.75
29.11.2025 01:00:00;29.11.2025 01:15:00;52.81
29.11.2025 01:15:00;29.11.2025 01:30:00;51.75
29.11.2025 01:30:00;29.11.2025 01:45:00;51.52
29.11.2025 01:45:00;29.11.2025 02:00:00;51.17
29.11.2025 02:00:00;29.11.2025 02:15:00;51.05
29.11.2025 02:15:00;29.11.2025 02:30:00;51.05
29.11.2025 02:30:00;29.11.2025 02:45:00;50.58
29.11.2025 02:45:00;29.11.2025 03:00:00;50.46
29.11.2025 03:00:00;29.11.2025 03:15:00;50.46
29.11.2025 03:15:00;29.11.2025 03:30:00;50.34
29.11.2025 03:30:00;29.11.2025 03:45:00;50.34
29.11.2025 03:45:00;29.11.2025 04:00:00;50.34
29.11.2025 04:00:00;29.11.2025 04:15:00;50.34
29.11.2025 04:15:00;29.11.2025 04:30:00;50.46
29.11.2025 04:30:00;29.11.2025 04:45:00;50.7
29.11.2025 04:45:00;29.11.2025 05:00:00;50.93
29.11.2025 05:00:00;29.11.2025 05:15:00;50.93
29.11.2025 05:15:00;29.11.2025 05:30:00;51.28
29.11.2025 05:30:00;29.11.2025 05:45:00;51.75
29.11.2025 05:45:00;29.11.2025 06:00:00;54.22
29.11.2025 06:00:00;29.11.2025 06:15:00;51.4
29.11.2025 06:15:00;29.11.2025 06:30:00;51.75
29.11.2025 06:30:00;29.11.2025 06:45:00;58.69
29.11.2025 06:45:00;29.11.2025 07:00:00;66.1
29.11.2025 07:00:00;29.11.2025 07:15:00;58.93
29.11.2025 07:15:00;29.11.2025 07:30:00;76.92
29.11.2025 07:30:00;29.11.2025 07:45:00;81.75
29.11.2025 07:45:00;29.11.2025 08:00:00;107.62
29.11.2025 08:00:00;29.11.2025 08:15:00;82.34
29.11.2025 08:15:00;29.11.2025 08:30:00;109.62
29.11.2025 08:30:00;29.11.2025 08:45:00;117.62
29.11.2025 08:45:00;29.11.2025 09:00:00;137.27
29.11.2025 09:00:00;29.11.2025 09:15:00;144.68
29.11.2025 09:15:00;29.11.2025 09:30:00;149.85
29.11.2025 09:30:00;29.11.2025 09:45:00;159.26
29.11.2025 09:45:00;29.11.2025 10:00:00;176.32
29.11.2025 10:00:00;29.11.2025 10:15:00;158.55
29.11.2025 10:15:00;29.11.2025 10:30:00;176.43
29.11.2025 10:30:00;29.11.2025 10:45:00;202.55
29.11.2025 10:45:00;29.11.2025 11:00:00;213.95
29.11.2025 11:00:00;29.11.2025 11:15:00;192.31
29.11.2025 11:15:00;29.11.2025 11:30:00;211.72
29.11.2025 11:30:00;29.11.2025 11:45:00;216.31
29.11.2025 11:45:00;29.11.2025 12:00:00;219.01
29.11.2025 12:00:00;29.11.2025 12:15:00;222.54
29.11.2025 12:15:00;29.11.2025 12:30:00;231.72
29.11.2025 12:30:00;29.11.2025 12:45:00;235.13
29.11.2025 12:45:00;29.11.2025 13:00:00;243.48
29.11.2025 13:00:00;29.11.2025 13:15:00;235.13
29.11.2025 13:15:00;29.11.2025 13:30:00;237.13
29.11.2025 13:30:00;29.11.2025 13:45:00;255.59
29.11.2025 13:45:00;29.11.2025 14:00:00;270.41
29.11.2025 14:00:00;29.11.2025 14:15:00;255.71
29.11.2025 14:15:00;29.11.2025 14:30:00;270.41
29.11.2025 14:30:00;29.11.2025 14:45:00;281.82
29.11.2025 14:45:00;29.11.2025 15:00:00;306.99
29.11.2025 15:00:00;29.11.2025 15:15:00;328.64
29.11.2025 15:15:00;29.11.2025 15:30:00;349.69
29.11.2025 15:30:00;29.11.2025 15:45:00;370.28
29.11.2025 15:45:00;29.11.2025 16:00:00;386.39
29.11.2025 16:00:00;29.11.2025 16:15:00;371.22
29.11.2025 16:15:00;29.11.2025 16:30:00;404.97
29.11.2025 16:30:00;29.11.2025 16:45:00;427.91
29.11.2025 16:45:00;29.11.2025 17:00:00;470.37
29.11.2025 17:00:00;29.11.2025 17:15:00;433.79
29.11.2025 17:15:00;29.11.2025 17:30:00;460.02
29.11.2025 17:30:00;29.11.2025 17:45:00;469.31
29.11.2025 17:45:00;29.11.2025 18:00:00;466.02
29.11.2025 18:00:00;29.11.2025 18:15:00;471.43
29.11.2025 18:15:00;29.11.2025 18:30:00;458.02
29.11.2025 18:30:00;29.11.2025 18:45:00;435.32
29.11.2025 18:45:00;29.11.2025 19:00:00;427.91
29.11.2025 19:00:00;29.11.2025 19:15:00;451.55
29.11.2025 19:15:00;29.11.2025 19:30:00;427.09
29.11.2025 19:30:00;29.11.2025 19:45:00;388.98
29.11.2025 19:45:00;29.11.2025 20:00:00;389.21
29.11.2025 20:00:00;29.11.2025 20:15:00;406.15
29.11.2025 20:15:00;29.11.2025 20:30:00;362.28
29.11.2025 20:30:00;29.11.2025 20:45:00;340.99
29.11.2025 20:45:00;29.11.2025 21:00:00;294.53
29.11.2025 21:00:00;29.11.2025 21:15:00;389.57
29.11.2025 21:15:00;29.11.2025 21:30:00;387.92
29.11.2025 21:30:00;29.11.2025 21:45:00;383.8
29.11.2025 21:45:00;29.11.2025 22:00:00;358.51
29.11.2025 22:00:00;29.11.2025 22:15:00;397.21
29.11.2025 22:15:00;29.11.2025 22:30:00;380.63
29.11.2025 22:30:00;29.11.2025 22:45:00;370.51
29.11.2025 22:45:00;29.11.2025 23:00:00;353.93
29.11.2025 23:00:00;29.11.2025 23:15:00;367.69
29.11.2025 23:15:00;29.11.2025 23:30:00;353.1
29.11.2025 23:30:00;29.11.2025 23:45:00;339.69
29.11.2025 23:45:00;30.11.2025 00:00:00;272.18
30.11.2025 00:00:00;30.11.2025 00:15:00;292.9
30.11.2025 00:15:00;30.11.2025 00:30:00;270.93
30.11.2025 00:30:00;30.11.2025 00:45:00;222.52
30.11.2025 00:45:00;30.11.2025 01:00:00;210.54
30.11.2025 01:00:00;30.11.2025 01:15:00;243.67
30.11.2025 01:15:00;30.11.2025 01:30:00;219.35
30.11.2025 01:30:00;30.11.2025 01:45:00;218.53
30.11.2025 01:45:00;30.11.2025 02:00:00;217
30.11.2025 02:00:00;30.11.2025 02:15:00;225.34
30.11.2025 02:15:00;30.11.2025 02:30:00;227.93
30.11.2025 02:30:00;30.11.2025 02:45:00;225.46
30.11.2025 02:45:00;30.11.2025 03:00:00;219.82
30.11.2025 03:00:00;30.11.2025 03:15:00;215.47
30.11.2025 03:15:00;30.11.2025 03:30:00;216.18
30.11.2025 03:30:00;30.11.2025 03:45:00;214.53
30.11.2025 03:45:00;30.11.2025 04:00:00;209.72
30.11.2025 04:00:00;30.11.2025 04:15:00;205.49
30.11.2025 04:15:00;30.11.2025 04:30:00;205.72
30.11.2025 04:30:00;30.11.2025 04:45:00;207.49
30.11.2025 04:45:00;30.11.2025 05:00:00;208.07
30.11.2025 05:00:00;30.11.2025 05:15:00;201.49
30.11.2025 05:15:00;30.11.2025 05:30:00;204.55
30.11.2025 05:30:00;30.11.2025 05:45:00;209.6
30.11.2025 05:45:00;30.11.2025 06:00:00;214.18
30.11.2025 06:00:00;30.11.2025 06:15:00;214.18
30.11.2025 06:15:00;30.11.2025 06:30:00;220.76
30.11.2025 06:30:00;30.11.2025 06:45:00;234.98
30.11.2025 06:45:00;30.11.2025 07:00:00;265.99
30.11.2025 07:00:00;30.11.2025 07:15:00;327.09
30.11.2025 07:15:00;30.11.2025 07:30:00;340.6
30.11.2025 07:30:00;30.11.2025 07:45:00;352.35
30.11.2025 07:45:00;30.11.2025 08:00:00;382.66
30.11.2025 08:00:00;30.11.2025 08:15:00;393.23
30.11.2025 08:15:00;30.11.2025 08:30:00;418.14
30.11.2025 08:30:00;30.11.2025 08:45:00;450.57
30.11.2025 08:45:00;30.11.2025 09:00:00;493.45
30.11.2025 09:00:00;30.11.2025 09:15:00;454.09
30.11.2025 09:15:00;30.11.2025 09:30:00;493.45
30.11.2025 09:30:00;30.11.2025 09:45:00;541.74
30.11.2025 09:45:00;30.11.2025 10:00:00;576.52
30.11.2025 10:00:00;30.11.2025 10:15:00;541.39
30.11.2025 10:15:00;30.11.2025 10:30:00;586.15
30.11.2025 10:30:00;30.11.2025 10:45:00;604.83
30.11.2025 10:45:00;30.11.2025 11:00:00;616.7
30.11.2025 11:00:00;30.11.2025 11:15:00;613.06
30.11.2025 11:15:00;30.11.2025 11:30:00;625.86
30.11.2025 11:30:00;30.11.2025 11:45:00;643.49
30.11.2025 11:45:00;30.11.2025 12:00:00;651
30.11.2025 12:00:00;30.11.2025 12:15:00;664.05
30.11.2025 12:15:00;30.11.2025 12:30:00;671.21
30.11.2025 12:30:00;30.11.2025 12:45:00;676.62
30.11.2025 12:45:00;30.11.2025 13:00:00;683.2
30.11.2025 13:00:00;30.11.2025 13:15:00;687.31
30.11.2025 13:15:00;30.11.2025 13:30:00;695.89
30.11.2025 13:30:00;30.11.2025 13:45:00;701.88
30.11.2025 13:45:00;30.11.2025 14:00:00;705.17
30.11.2025 14:00:00;30.11.2025 14:15:00;710.22
30.11.2025 14:15:00;30.11.2025 14:30:00;717.74
30.11.2025 14:30:00;30.11.2025 14:45:00;739.59
30.11.2025 14:45:00;30.11.2025 15:00:00;745.94
30.11.2025 15:00:00;30.11.2025 15:15:00;757.21
30.11.2025 15:15:00;30.11.2025 15:30:00;774.6
30.11.2025 15:30:00;30.11.2025 15:45:00;790.23
30.11.2025 15:45:00;30.11.2025 16:00:00;798.22
30.11.2025 16:00:00;30.11.2025 16:15:00;798.1
30.11.2025 16:15:00;30.11.2025 16:30:00;811.96
30.11.2025 16:30:00;30.11.2025 16:45:00;822.19
30.11.2025 16:45:00;30.11.2025 17:00:00;827.36
30.11.2025 17:00:00;30.11.2025 17:15:00;832.88
30.11.2025 17:15:00;30.11.2025 17:30:00;837.11
30.11.2025 17:30:00;30.11.2025 17:45:00;840.75
30.11.2025 17:45:00;30.11.2025 18:00:00;839.93
30.11.2025 18:00:00;30.11.2025 18:15:00;834.17
30.11.2025 18:15:00;30.11.2025 18:30:00;829.12
30.11.2025 18:30:00;30.11.2025 18:45:00;826.06
30.11.2025 18:45:00;30.11.2025 19:00:00;822.3
30.11.2025 19:00:00;30.11.2025 19:15:00;813.02
30.11.2025 19:15:00;30.11.2025 19:30:00;798.69
30.11.2025 19:30:00;30.11.2025 19:45:00;794.22
30.11.2025 19:45:00;30.11.2025 20:00:00;788.7
30.11.2025 20:00:00;30.11.2025 20:15:00;781.89
30.11.2025 20:15:00;30.11.2025 20:30:00;764.85
30.11.2025 20:30:00;30.11.2025 20:45:00;752.87
30.11.2025 20:45:00;30.11.2025 21:00:00;739.12
30.11.2025 21:00:00;30.11.2025 21:15:00;744.17
30.11.2025 21:15:00;30.11.2025 21:30:00;736.77
30.11.2025 21:30:00;30.11.2025 21:45:00;722.56
30.11.2025 21:45:00;30.11.2025 22:00:00;709.28
30.11.2025 22:00:00;30.11.2025 22:15:00;705.28
30.11.2025 22:15:00;30.11.2025 22:30:00;686.96
30.11.2025 22:30:00;30.11.2025 22:45:00;666.04
30.11.2025 22:45:00;30.11.2025 23:00:00;645.48
30.11.2025 23:00:00;30.11.2025 23:15:00;625.98
30.11.2025 23:15:00;30.11.2025 23:30:00;592.26
30.11.2025 23:30:00;30.11.2025 23:45:00;572.76
30.11.2025 23:45:00;01.12.2025 00:00:00;528.58
01.12.2025 00:00:00;01.12.2025 00:15:00;587.44
01.12.2025 00:15:00;01.12.2025 00:30:00;572.99
01.12.2025 00:30:00;01.12.2025 00:45:00;528.7
01.12.2025 00:45:00;01.12.2025 01:00:00;517.19
01.12.2025 01:00:00;01.12.2025 01:15:00;520.59
01.12.2025 01:15:00;01.12.2025 01:30:00;495.68
01.12.2025 01:30:00;01.12.2025 01:45:00;481.35
01.12.2025 01:45:00;01.12.2025 02:00:00;469.95
01.12.2025 02:00:00;01.12.2025 02:15:00;469.95
01.12.2025 02:15:00;01.12.2025 02:30:00;468.54
01.12.2025 02:30:00;01.12.2025 02:45:00;449.04
01.12.2025 02:45:00;01.12.2025 03:00:00;445.28
01.12.2025 03:00:00;01.12.2025 03:15:00;409.68
01.12.2025 03:15:00;01.12.2025 03:30:00;421.2
01.12.2025 03:30:00;01.12.2025 03:45:00;433.89
01.12.2025 03:45:00;01.12.2025 04:00:00;433.89
01.12.2025 04:00:00;01.12.2025 04:15:00;414.27
01.12.2025 04:15:00;01.12.2025 04:30:00;433.89
01.12.2025 04:30:00;01.12.2025 04:45:00;448.92
01.12.2025 04:45:00;01.12.2025 05:00:00;481.23
01.12.2025 05:00:00;01.12.2025 05:15:00;390.88
01.12.2025 05:15:00;01.12.2025 05:30:00;477.94
01.12.2025 05:30:00;01.12.2025 05:45:00;551.73
01.12.2025 05:45:00;01.12.2025 06:00:00;623.04
01.12.2025 06:00:00;01.12.2025 06:15:00;668.86
01.12.2025 06:15:00;01.12.2025 06:30:00;710.45
01.12.2025 06:30:00;01.12.2025 06:45:00;726.32
01.12.2025 06:45:00;01.12.2025 07:00:00;749.81
01.12.2025 07:00:00;01.12.2025 07:15:00;807.62
01.12.2025 07:15:00;01.12.2025 07:30:00;834.17
01.12.2025 07:30:00;01.12.2025 07:45:00;845.57
01.12.2025 07:45:00;01.12.2025 08:00:00;852.26
01.12.2025 08:00:00;01.12.2025 08:15:00;879.87
01.12.2025 08:15:00;01.12.2025 08:30:00;880.58
01.12.2025 08:30:00;01.12.2025 08:45:00;881.99
01.12.2025 08:45:00;01.12.2025 09:00:00;886.33
01.12.2025 09:00:00;01.12.2025 09:15:00;939.09
01.12.2025 09:15:00;01.12.2025 09:30:00;936.15
01.12.2025 09:30:00;01.12.2025 09:45:00;934.51
01.12.2025 09:45:00;01.12.2025 10:00:00;928.04
01.12.2025 10:00:00;01.12.2025 10:15:00;939.32
01.12.2025 10:15:00;01.12.2025 10:30:00;936.97
01.12.2025 10:30:00;01.12.2025 10:45:00;931.1
01.12.2025 10:45:00;01.12.2025 11:00:00;905.02
01.12.2025 11:00:00;01.12.2025 11:15:00;922.52
01.12.2025 11:15:00;01.12.2025 11:30:00;905.37
01.12.2025 11:30:00;01.12.2025 11:45:00;901.14
01.12.2025 11:45:00;01.12.2025 12:00:00;893.85
01.12.2025 12:00:00;01.12.2025 12:15:00;879.99
01.12.2025 12:15:00;01.12.2025 12:30:00;878.23
01.12.2025 12:30:00;01.12.2025 12:45:00;877.41
01.12.2025 12:45:00;01.12.2025 13:00:00;877.64
01.12.2025 13:00:00;01.12.2025 13:15:00;895.15
01.12.2025 13:15:00;01.12.2025 13:30:00;898.32
01.12.2025 13:30:00;01.12.2025 13:45:00;903.61
01.12.2025 13:45:00;01.12.2025 14:00:00;905.49
01.12.2025 14:00:00;01.12.2025 14:15:00;885.28
01.12.2025 14:15:00;01.12.2025 14:30:00;892.8
01.12.2025 14:30:00;01.12.2025 14:45:00;904.19
01.12.2025 14:45:00;01.12.2025 15:00:00;916.06
01.12.2025 15:00:00;01.12.2025 15:15:00;888.45
01.12.2025 15:15:00;01.12.2025 15:30:00;905.37
01.12.2025 15:30:00;01.12.2025 15:45:00;916.76
01.12.2025 15:45:00;01.12.2025 16:00:00;922.4
01.12.2025 16:00:00;01.12.2025 16:15:00;924.4
01.12.2025 16:15:00;01.12.2025 16:30:00;938.73
01.12.2025 16:30:00;01.12.2025 16:45:00;938.85
01.12.2025 16:45:00;01.12.2025 17:00:00;939.32
01.12.2025 17:00:00;01.12.2025 17:15:00;938.85
01.12.2025 17:15:00;01.12.2025 17:30:00;934.62
01.12.2025 17:30:00;01.12.2025 17:45:00;923.7
01.12.2025 17:45:00;01.12.2025 18:00:00;912.42
01.12.2025 18:00:00;01.12.2025 18:15:00;879.87
01.12.2025 18:15:00;01.12.2025 18:30:00;875.29
01.12.2025 18:30:00;01.12.2025 18:45:00;868.12
01.12.2025 18:45:00;01.12.2025 19:00:00;862.72
01.12.2025 19:00:00;01.12.2025 19:15:00;857.32
01.12.2025 19:15:00;01.12.2025 19:30:00;851.68
01.12.2025 19:30:00;01.12.2025 19:45:00;842.28
01.12.2025 19:45:00;01.12.2025 20:00:00;830.76
01.12.2025 20:00:00;01.12.2025 20:15:00;830.53
01.12.2025 20:15:00;01.12.2025 20:30:00;822.89
01.12.2025 20:30:00;01.12.2025 20:45:00;810.32
01.12.2025 20:45:00;01.12.2025 21:00:00;798.34
01.12.2025 21:00:00;01.12.2025 21:15:00;789.29
01.12.2025 21:15:00;01.12.2025 21:30:00;789.41
01.12.2025 21:30:00;01.12.2025 21:45:00;772.14
01.12.2025 21:45:00;01.12.2025 22:00:00;744.64
01.12.2025 22:00:00;01.12.2025 22:15:00;749.23
01.12.2025 22:15:00;01.12.2025 22:30:00;743.82
01.12.2025 22:30:00;01.12.2025 22:45:00;720.91
01.12.2025 22:45:00;01.12.2025 23:00:00;704.81
01.12.2025 23:00:00;01.12.2025 23:15:00;709.4
01.12.2025 23:15:00;01.12.2025 23:30:00;698.35
01.12.2025 23:30:00;01.12.2025 23:45:00;680.49
01.12.2025 23:45:00;02.12.2025 00:00:00;646.07
02.12.2025 00:00:00;02.12.2025 00:15:00;620.84
02.12.2025 00:15:00;02.12.2025 00:30:00;605.18
02.12.2025 00:30:00;02.12.2025 00:45:00;592.46
02.12.2025 00:45:00;02.12.2025 01:00:00;508.97
02.12.2025 01:00:00;02.12.2025 01:15:00;581.86
02.12.2025 01:15:00;02.12.2025 01:30:00;562.78
02.12.2025 01:30:00;02.12.2025 01:45:00;518.62
02.12.2025 01:45:00;02.12.2025 02:00:00;456.68
02.12.2025 02:00:00;02.12.2025 02:15:00;515.8
02.12.2025 02:15:00;02.12.2025 02:30:00;465.39
02.12.2025 02:30:00;02.12.2025 02:45:00;444.79
02.12.2025 02:45:00;02.12.2025 03:00:00;405.69
02.12.2025 03:00:00;02.12.2025 03:15:00;414.29
02.12.2025 03:15:00;02.12.2025 03:30:00;398.62
02.12.2025 03:30:00;02.12.2025 03:45:00;376.48
02.12.2025 03:45:00;02.12.2025 04:00:00;349.75
02.12.2025 04:00:00;02.12.2025 04:15:00;348.57
02.12.2025 04:15:00;02.12.2025 04:30:00;349.99
02.12.2025 04:30:00;02.12.2025 04:45:00;400.27
02.12.2025 04:45:00;02.12.2025 05:00:00;419.35
02.12.2025 05:00:00;02.12.2025 05:15:00;364.47
02.12.2025 05:15:00;02.12.2025 05:30:00;468.93
02.12.2025 05:30:00;02.12.2025 05:45:00;511.56
02.12.2025 05:45:00;02.12.2025 06:00:00;565.73
02.12.2025 06:00:00;02.12.2025 06:15:00;541.94
02.12.2025 06:15:00;02.12.2025 06:30:00;639.45
02.12.2025 06:30:00;02.12.2025 06:45:00;661.59
02.12.2025 06:45:00;02.12.2025 07:00:00;676.66
02.12.2025 07:00:00;02.12.2025 07:15:00;719.64
02.12.2025 07:15:00;02.12.2025 07:30:00;733.89
02.12.2025 07:30:00;02.12.2025 07:45:00;753.91
02.12.2025 07:45:00;02.12.2025 08:00:00;765.22
02.12.2025 08:00:00;02.12.2025 08:15:00;791.59
02.12.2025 08:15:00;02.12.2025 08:30:00;790.42
02.12.2025 08:30:00;02.12.2025 08:45:00;789.36
02.12.2025 08:45:00;02.12.2025 09:00:00;788.53
02.12.2025 09:00:00;02.12.2025 09:15:00;794.42
02.12.2025 09:15:00;02.12.2025 09:30:00;789.12
02.12.2025 09:30:00;02.12.2025 09:45:00;788.18
02.12.2025 09:45:00;02.12.2025 10:00:00;782.64
02.12.2025 10:00:00;02.12.2025 10:15:00;793.95
02.12.2025 10:15:00;02.12.2025 10:30:00;790.53
02.12.2025 10:30:00;02.12.2025 10:45:00;788.18
02.12.2025 10:45:00;02.12.2025 11:00:00;778.29
02.12.2025 11:00:00;02.12.2025 11:15:00;785.35
02.12.2025 11:15:00;02.12.2025 11:30:00;778.41
02.12.2025 11:30:00;02.12.2025 11:45:00;776.29
02.12.2025 11:45:00;02.12.2025 12:00:00;774.28
02.12.2025 12:00:00;02.12.2025 12:15:00;772.99
02.12.2025 12:15:00;02.12.2025 12:30:00;772.4
02.12.2025 12:30:00;02.12.2025 12:45:00;771.93
02.12.2025 12:45:00;02.12.2025 13:00:00;776.99
02.12.2025 13:00:00;02.12.2025 13:15:00;765.92
02.12.2025 13:15:00;02.12.2025 13:30:00;767.1
02.12.2025 13:30:00;02.12.2025 13:45:00;765.33
02.12.2025 13:45:00;02.12.2025 14:00:00;764.98
02.12.2025 14:00:00;02.12.2025 14:15:00;752.62
02.12.2025 14:15:00;02.12.2025 14:30:00;752.97
02.12.2025 14:30:00;02.12.2025 14:45:00;752.85
02.12.2025 14:45:00;02.12.2025 15:00:00;758.62
02.12.2025 15:00:00;02.12.2025 15:15:00;730.83
02.12.2025 15:15:00;02.12.2025 15:30:00;738.25
02.12.2025 15:30:00;02.12.2025 15:45:00;746.37
02.12.2025 15:45:00;02.12.2025 16:00:00;752.85
02.12.2025 16:00:00;02.12.2025 16:15:00;762.51
02.12.2025 16:15:00;02.12.2025 16:30:00;765.33
02.12.2025 16:30:00;02.12.2025 16:45:00;765.33
02.12.2025 16:45:00;02.12.2025 17:00:00;765.22
02.12.2025 17:00:00;02.12.2025 17:15:00;779.7
02.12.2025 17:15:00;02.12.2025 17:30:00;785.24
02.12.2025 17:30:00;02.12.2025 17:45:00;781.11
02.12.2025 17:45:00;02.12.2025 18:00:00;774.64
02.12.2025 18:00:00;02.12.2025 18:15:00;750.61
02.12.2025 18:15:00;02.12.2025 18:30:00;730.71
02.12.2025 18:30:00;02.12.2025 18:45:00;721.53
02.12.2025 18:45:00;02.12.2025 19:00:00;709.99
02.12.2025 19:00:00;02.12.2025 19:15:00;717.76
02.12.2025 19:15:00;02.12.2025 19:30:00;709.4
02.12.2025 19:30:00;02.12.2025 19:45:00;706.22
02.12.2025 19:45:00;02.12.2025 20:00:00;697.15
02.12.2025 20:00:00;02.12.2025 20:15:00;693.26
02.12.2025 20:15:00;02.12.2025 20:30:00;682.9
02.12.2025 20:30:00;02.12.2025 20:45:00;659.35
02.12.2025 20:45:00;02.12.2025 21:00:00;647.69
02.12.2025 21:00:00;02.12.2025 21:15:00;647.57
02.12.2025 21:15:00;02.12.2025 21:30:00;641.8
02.12.2025 21:30:00;02.12.2025 21:45:00;611.54
02.12.2025 21:45:00;02.12.2025 22:00:00;568.91
02.12.2025 22:00:00;02.12.2025 22:15:00;600.11
02.12.2025 22:15:00;02.12.2025 22:30:00;577.27
02.12.2025 22:30:00;02.12.2025 22:45:00;506.61
02.12.2025 22:45:00;02.12.2025 23:00:00;470.93
02.12.2025 23:00:00;02.12.2025 23:15:00;531.69
02.12.2025 23:15:00;02.12.2025 23:30:00;484.94
02.12.2025 23:30:00;02.12.2025 23:45:00;457.74
02.12.2025 23:45:00;03.12.2025 00:00:00;400.27
03.12.2025 00:00:00;03.12.2025 00:15:00;483.79
03.12.2025 00:15:00;03.12.2025 00:30:00;441.57
03.12.2025 00:30:00;03.12.2025 00:45:00;436.38
03.12.2025 00:45:00;03.12.2025 01:00:00;409.25
03.12.2025 01:00:00;03.12.2025 01:15:00;401
03.12.2025 01:15:00;03.12.2025 01:30:00;400.17
03.12.2025 01:30:00;03.12.2025 01:45:00;410.08
03.12.2025 01:45:00;03.12.2025 02:00:00;401
03.12.2025 02:00:00;03.12.2025 02:15:00;406.89
03.12.2025 02:15:00;03.12.2025 02:30:00;400.88
03.12.2025 02:30:00;03.12.2025 02:45:00;401.7
03.12.2025 02:45:00;03.12.2025 03:00:00;401
03.12.2025 03:00:00;03.12.2025 03:15:00;400.88
03.12.2025 03:15:00;03.12.2025 03:30:00;400.88
03.12.2025 03:30:00;03.12.2025 03:45:00;400.88
03.12.2025 03:45:00;03.12.2025 04:00:00;412.79
03.12.2025 04:00:00;03.12.2025 04:15:00;379.77
03.12.2025 04:15:00;03.12.2025 04:30:00;400.88
03.12.2025 04:30:00;03.12.2025 04:45:00;420.81
03.12.2025 04:45:00;03.12.2025 05:00:00;480.13
03.12.2025 05:00:00;03.12.2025 05:15:00;471.76
03.12.2025 05:15:00;03.12.2025 05:30:00;565.64
03.12.2025 05:30:00;03.12.2025 05:45:00;606.68
03.12.2025 05:45:00;03.12.2025 06:00:00;653.27
03.12.2025 06:00:00;03.12.2025 06:15:00;611.28
03.12.2025 06:15:00;03.12.2025 06:30:00;668.48
03.12.2025 06:30:00;03.12.2025 06:45:00;724.98
03.12.2025 06:45:00;03.12.2025 07:00:00;770.86
03.12.2025 07:00:00;03.12.2025 07:15:00;785.48
03.12.2025 07:15:00;03.12.2025 07:30:00;825.46
03.12.2025 07:30:00;03.12.2025 07:45:00;845.51
03.12.2025 07:45:00;03.12.2025 08:00:00;858.25
03.12.2025 08:00:00;03.12.2025 08:15:00;881.48
03.12.2025 08:15:00;03.12.2025 08:30:00;886.08
03.12.2025 08:30:00;03.12.2025 08:45:00;890.45
03.12.2025 08:45:00;03.12.2025 09:00:00;892.1
03.12.2025 09:00:00;03.12.2025 09:15:00;900
03.12.2025 09:15:00;03.12.2025 09:30:00;898.23
03.12.2025 09:30:00;03.12.2025 09:45:00;899.29
03.12.2025 09:45:00;03.12.2025 10:00:00;900
03.12.2025 10:00:00;03.12.2025 10:15:00;893.87
03.12.2025 10:15:00;03.12.2025 10:30:00;892.92
03.12.2025 10:30:00;03.12.2025 10:45:00;895.4
03.12.2025 10:45:00;03.12.2025 11:00:00;900.12
03.12.2025 11:00:00;03.12.2025 11:15:00;883.49
03.12.2025 11:15:00;03.12.2025 11:30:00;884.55
03.12.2025 11:30:00;03.12.2025 11:45:00;886.32
03.12.2025 11:45:00;03.12.2025 12:00:00;889.38
03.12.2025 12:00:00;03.12.2025 12:15:00;882.31
03.12.2025 12:15:00;03.12.2025 12:30:00;883.49
03.12.2025 12:30:00;03.12.2025 12:45:00;884.79
03.12.2025 12:45:00;03.12.2025 13:00:00;887.62
03.12.2025 13:00:00;03.12.2025 13:15:00;888.21
03.12.2025 13:15:00;03.12.2025 13:30:00;890.68
03.12.2025 13:30:00;03.12.2025 13:45:00;891.98
03.12.2025 13:45:00;03.12.2025 14:00:00;895.52
03.12.2025 14:00:00;03.12.2025 14:15:00;900.12
03.12.2025 14:15:00;03.12.2025 14:30:00;905.78
03.12.2025 14:30:00;03.12.2025 14:45:00;930.43
03.12.2025 14:45:00;03.12.2025 15:00:00;943.4
03.12.2025 15:00:00;03.12.2025 15:15:00;943.52
03.12.2025 15:15:00;03.12.2025 15:30:00;959.44
03.12.2025 15:30:00;03.12.2025 15:45:00;987.63
03.12.2025 15:45:00;03.12.2025 16:00:00;1002.49
03.12.2025 16:00:00;03.12.2025 16:15:00;1049.78
03.12.2025 16:15:00;03.12.2025 16:30:00;1059.22
03.12.2025 16:30:00;03.12.2025 16:45:00;1059.34
03.12.2025 16:45:00;03.12.2025 17:00:00;1164.18
03.12.2025 17:00:00;03.12.2025 17:15:00;1178.93
03.12.2025 17:15:00;03.12.2025 17:30:00;1178.69
03.12.2025 17:30:00;03.12.2025 17:45:00;1174.68
03.12.2025 17:45:00;03.12.2025 18:00:00;1144.13
03.12.2025 18:00:00;03.12.2025 18:15:00;1231.65
03.12.2025 18:15:00;03.12.2025 18:30:00;1231.53
03.12.2025 18:30:00;03.12.2025 18:45:00;1231.41
03.12.2025 18:45:00;03.12.2025 19:00:00;1193.43
03.12.2025 19:00:00;03.12.2025 19:15:00;1179.05
03.12.2025 19:15:00;03.12.2025 19:30:00;1178.57
03.12.2025 19:30:00;03.12.2025 19:45:00;1106.98
03.12.2025 19:45:00;03.12.2025 20:00:00;1059.93
03.12.2025 20:00:00;03.12.2025 20:15:00;1059.81
03.12.2025 20:15:00;03.12.2025 20:30:00;1025.96
03.12.2025 20:30:00;03.12.2025 20:45:00;972.06
03.12.2025 20:45:00;03.12.2025 21:00:00;944.7
03.12.2025 21:00:00;03.12.2025 21:15:00;942.93
03.12.2025 21:15:00;03.12.2025 21:30:00;926.42
03.12.2025 21:30:00;03.12.2025 21:45:00;913.68
03.12.2025 21:45:00;03.12.2025 22:00:00;900
03.12.2025 22:00:00;03.12.2025 22:15:00;896.23
03.12.2025 22:15:00;03.12.2025 22:30:00;889.38
03.12.2025 22:30:00;03.12.2025 22:45:00;880.66
03.12.2025 22:45:00;03.12.2025 23:00:00;867.21
03.12.2025 23:00:00;03.12.2025 23:15:00;863.79
03.12.2025 23:15:00;03.12.2025 23:30:00;849.76
03.12.2025 23:30:00;03.12.2025 23:45:00;840.09
03.12.2025 23:45:00;04.12.2025 00:00:00;817.44
04.12.2025 00:00:00;04.12.2025 00:15:00;823.14
04.12.2025 00:15:00;04.12.2025 00:30:00;827.73
04.12.2025 00:30:00;04.12.2025 00:45:00;823.14
04.12.2025 00:45:00;04.12.2025 01:00:00;821.73
04.12.2025 01:00:00;04.12.2025 01:15:00;820.32
04.12.2025 01:15:00;04.12.2025 01:30:00;817.26
04.12.2025 01:30:00;04.12.2025 01:45:00;812.56
04.12.2025 01:45:00;04.12.2025 02:00:00;811.5
04.12.2025 02:00:00;04.12.2025 02:15:00;811.62
04.12.2025 02:15:00;04.12.2025 02:30:00;811.62
04.12.2025 02:30:00;04.12.2025 02:45:00;812.09
04.12.2025 02:45:00;04.12.2025 03:00:00;815.61
04.12.2025 03:00:00;04.12.2025 03:15:00;799.39
04.12.2025 03:15:00;04.12.2025 03:30:00;799.5
04.12.2025 03:30:00;04.12.2025 03:45:00;807.26
04.12.2025 03:45:00;04.12.2025 04:00:00;811.5
04.12.2025 04:00:00;04.12.2025 04:15:00;797.15
04.12.2025 04:15:00;04.12.2025 04:30:00;799.5
04.12.2025 04:30:00;04.12.2025 04:45:00;811.15
04.12.2025 04:45:00;04.12.2025 05:00:00;821.85
04.12.2025 05:00:00;04.12.2025 05:15:00;821.14
04.12.2025 05:15:00;04.12.2025 05:30:00;833.72
04.12.2025 05:30:00;04.12.2025 05:45:00;857.83
04.12.2025 05:45:00;04.12.2025 06:00:00;870.53
04.12.2025 06:00:00;04.12.2025 06:15:00;896.16
04.12.2025 06:15:00;04.12.2025 06:30:00;904.63
04.12.2025 06:30:00;04.12.2025 06:45:00;931.56
04.12.2025 06:45:00;04.12.2025 07:00:00;968.25
04.12.2025 07:00:00;04.12.2025 07:15:00;1142.05
04.12.2025 07:15:00;04.12.2025 07:30:00;1410.04
04.12.2025 07:30:00;04.12.2025 07:45:00;1381.11
04.12.2025 07:45:00;04.12.2025 08:00:00;1554.68
04.12.2025 08:00:00;04.12.2025 08:15:00;1393.58
04.12.2025 08:15:00;04.12.2025 08:30:00;1506.58
04.12.2025 08:30:00;04.12.2025 08:45:00;1724.13
04.12.2025 08:45:00;04.12.2025 09:00:00;1528.1
04.12.2025 09:00:00;04.12.2025 09:15:00;1403.69
04.12.2025 09:15:00;04.12.2025 09:30:00;1300.56
04.12.2025 09:30:00;04.12.2025 09:45:00;1227.89
04.12.2025 09:45:00;04.12.2025 10:00:00;1119.59
04.12.2025 10:00:00;04.12.2025 10:15:00;1581.49
04.12.2025 10:15:00;04.12.2025 10:30:00;1471.89
04.12.2025 10:30:00;04.12.2025 10:45:00;1310.67
04.12.2025 10:45:00;04.12.2025 11:00:00;1228.71
04.12.2025 11:00:00;04.12.2025 11:15:00;1756.35
04.12.2025 11:15:00;04.12.2025 11:30:00;1579.84
04.12.2025 11:30:00;04.12.2025 11:45:00;1409.92
04.12.2025 11:45:00;04.12.2025 12:00:00;1232.36
04.12.2025 12:00:00;04.12.2025 12:15:00;1471.42
04.12.2025 12:15:00;04.12.2025 12:30:00;1433.79
04.12.2025 12:30:00;04.12.2025 12:45:00;1461.19
04.12.2025 12:45:00;04.12.2025 13:00:00;1528.1
04.12.2025 13:00:00;04.12.2025 13:15:00;1406.04
04.12.2025 13:15:00;04.12.2025 13:30:00;1531.39
04.12.2025 13:30:00;04.12.2025 13:45:00;1587.95
04.12.2025 13:45:00;04.12.2025 14:00:00;1597.36
04.12.2025 14:00:00;04.12.2025 14:15:00;1295.62
04.12.2025 14:15:00;04.12.2025 14:30:00;1562.08
04.12.2025 14:30:00;04.12.2025 14:45:00;1763.28
04.12.2025 14:45:00;04.12.2025 15:00:00;1824.78
04.12.2025 15:00:00;04.12.2025 15:15:00;1227.77
04.12.2025 15:15:00;04.12.2025 15:30:00;1410.16
04.12.2025 15:30:00;04.12.2025 15:45:00;1680.97
04.12.2025 15:45:00;04.12.2025 16:00:00;1762.93
04.12.2025 16:00:00;04.12.2025 16:15:00;1653.69
04.12.2025 16:15:00;04.12.2025 16:30:00;1592.31
04.12.2025 16:30:00;04.12.2025 16:45:00;1547.03
04.12.2025 16:45:00;04.12.2025 17:00:00;1560.2
04.12.2025 17:00:00;04.12.2025 17:15:00;1660.04
04.12.2025 17:15:00;04.12.2025 17:30:00;1547.5
04.12.2025 17:30:00;04.12.2025 17:45:00;1547.03
04.12.2025 17:45:00;04.12.2025 18:00:00;1528.45
04.12.2025 18:00:00;04.12.2025 18:15:00;1589.72
04.12.2025 18:15:00;04.12.2025 18:30:00;1547.27
04.12.2025 18:30:00;04.12.2025 18:45:00;1547.27
04.12.2025 18:45:00;04.12.2025 19:00:00;1611.47
04.12.2025 19:00:00;04.12.2025 19:15:00;1762.7
04.12.2025 19:15:00;04.12.2025 19:30:00;1575.49
04.12.2025 19:30:00;04.12.2025 19:45:00;1462.25
04.12.2025 19:45:00;04.12.2025 20:00:00;1374.17
04.12.2025 20:00:00;04.12.2025 20:15:00;1457.66
04.12.2025 20:15:00;04.12.2025 20:30:00;1381.11
04.12.2025 20:30:00;04.12.2025 20:45:00;1251.53
04.12.2025 20:45:00;04.12.2025 21:00:00;1227.89
04.12.2025 21:00:00;04.12.2025 21:15:00;1228.36
04.12.2025 21:15:00;04.12.2025 21:30:00;1209.19
04.12.2025 21:30:00;04.12.2025 21:45:00;1105.48
04.12.2025 21:45:00;04.12.2025 22:00:00;1056.91
04.12.2025 22:00:00;04.12.2025 22:15:00;1227.65
04.12.2025 22:15:00;04.12.2025 22:30:00;1066.2
04.12.2025 22:30:00;04.12.2025 22:45:00;1023.05
04.12.2025 22:45:00;04.12.2025 23:00:00;950.84
04.12.2025 23:00:00;04.12.2025 23:15:00;933.09
04.12.2025 23:15:00;04.12.2025 23:30:00;923.09
04.12.2025 23:30:00;04.12.2025 23:45:00;913.57
04.12.2025 23:45:00;05.12.2025 00:00:00;906.86
05.12.2025 00:00:00;05.12.2025 00:15:00;915
05.12.2025 00:15:00;05.12.2025 00:30:00;905.46
05.12.2025 00:30:00;05.12.2025 00:45:00;902.52
05.12.2025 00:45:00;05.12.2025 01:00:00;898.75
05.12.2025 01:00:00;05.12.2025 01:15:00;905.46
05.12.2025 01:15:00;05.12.2025 01:30:00;902.4
05.12.2025 01:30:00;05.12.2025 01:45:00;896.86
05.12.2025 01:45:00;05.12.2025 02:00:00;894.98
05.12.2025 02:00:00;05.12.2025 02:15:00;898.27
05.12.2025 02:15:00;05.12.2025 02:30:00;896.15
05.12.2025 02:30:00;05.12.2025 02:45:00;894.03
05.12.2025 02:45:00;05.12.2025 03:00:00;886.26
05.12.2025 03:00:00;05.12.2025 03:15:00;874.95
05.12.2025 03:15:00;05.12.2025 03:30:00;870.71
05.12.2025 03:30:00;05.12.2025 03:45:00;872
05.12.2025 03:45:00;05.12.2025 04:00:00;872.47
05.12.2025 04:00:00;05.12.2025 04:15:00;863.76
05.12.2025 04:15:00;05.12.2025 04:30:00;859.87
05.12.2025 04:30:00;05.12.2025 04:45:00;875.77
05.12.2025 04:45:00;05.12.2025 05:00:00;889.91
05.12.2025 05:00:00;05.12.2025 05:15:00;881.9
05.12.2025 05:15:00;05.12.2025 05:30:00;896.98
05.12.2025 05:30:00;05.12.2025 05:45:00;913.35
05.12.2025 05:45:00;05.12.2025 06:00:00;924.19
05.12.2025 06:00:00;05.12.2025 06:15:00;921.72
05.12.2025 06:15:00;05.12.2025 06:30:00;929.49
05.12.2025 06:30:00;05.12.2025 06:45:00;974.38
05.12.2025 06:45:00;05.12.2025 07:00:00;1062.38
05.12.2025 07:00:00;05.12.2025 07:15:00;1022.56
05.12.2025 07:15:00;05.12.2025 07:30:00;1295.28
05.12.2025 07:30:00;05.12.2025 07:45:00;1879.37
05.12.2025 07:45:00;05.12.2025 08:00:00;2237.38
05.12.2025 08:00:00;05.12.2025 08:15:00;1453.85
05.12.2025 08:15:00;05.12.2025 08:30:00;1766.98
05.12.2025 08:30:00;05.12.2025 08:45:00;1766.98
05.12.2025 08:45:00;05.12.2025 09:00:00;1766.98
05.12.2025 09:00:00;05.12.2025 09:15:00;1779
05.12.2025 09:15:00;05.12.2025 09:30:00;1766.98
05.12.2025 09:30:00;05.12.2025 09:45:00;1728.57
05.12.2025 09:45:00;05.12.2025 10:00:00;1468.34
05.12.2025 10:00:00;05.12.2025 10:15:00;1779
05.12.2025 10:15:00;05.12.2025 10:30:00;1767.1
05.12.2025 10:30:00;05.12.2025 10:45:00;1700.07
05.12.2025 10:45:00;05.12.2025 11:00:00;1468.22
05.12.2025 11:00:00;05.12.2025 11:15:00;1407.32
05.12.2025 11:15:00;05.12.2025 11:30:00;1477.29
05.12.2025 11:30:00;05.12.2025 11:45:00;1376.92
05.12.2025 11:45:00;05.12.2025 12:00:00;1233.43
05.12.2025 12:00:00;05.12.2025 12:15:00;1766.98
05.12.2025 12:15:00;05.12.2025 12:30:00;1394.95
05.12.2025 12:30:00;05.12.2025 12:45:00;1284.09
05.12.2025 12:45:00;05.12.2025 13:00:00;1707.96
05.12.2025 13:00:00;05.12.2025 13:15:00;1766.98
05.12.2025 13:15:00;05.12.2025 13:30:00;1468.81
05.12.2025 13:30:00;05.12.2025 13:45:00;1458.21
05.12.2025 13:45:00;05.12.2025 14:00:00;1379.04
05.12.2025 14:00:00;05.12.2025 14:15:00;1119.16
05.12.2025 14:15:00;05.12.2025 14:30:00;1177.36
05.12.2025 14:30:00;05.12.2025 14:45:00;1177
05.12.2025 14:45:00;05.12.2025 15:00:00;1435.83
05.12.2025 15:00:00;05.12.2025 15:15:00;1225.19
05.12.2025 15:15:00;05.12.2025 15:30:00;1267.6
05.12.2025 15:30:00;05.12.2025 15:45:00;1508.04
05.12.2025 15:45:00;05.12.2025 16:00:00;1473.64
05.12.2025 16:00:00;05.12.2025 16:15:00;1396.83
05.12.2025 16:15:00;05.12.2025 16:30:00;1413.09
05.12.2025 16:30:00;05.12.2025 16:45:00;1468.58
05.12.2025 16:45:00;05.12.2025 17:00:00;1488.13
05.12.2025 17:00:00;05.12.2025 17:15:00;1396.24
05.12.2025 17:15:00;05.12.2025 17:30:00;1237.09
05.12.2025 17:30:00;05.12.2025 17:45:00;1182.9
05.12.2025 17:45:00;05.12.2025 18:00:00;1100.78
05.12.2025 18:00:00;05.12.2025 18:15:00;1732.82
05.12.2025 18:15:00;05.12.2025 18:30:00;1123.05
05.12.2025 18:30:00;05.12.2025 18:45:00;1043.41
05.12.2025 18:45:00;05.12.2025 19:00:00;942.33
05.12.2025 19:00:00;05.12.2025 19:15:00;1177.12
05.12.2025 19:15:00;05.12.2025 19:30:00;1061.44
05.12.2025 19:30:00;05.12.2025 19:45:00;983.21
05.12.2025 19:45:00;05.12.2025 20:00:00;942.69
05.12.2025 20:00:00;05.12.2025 20:15:00;1061.44
05.12.2025 20:15:00;05.12.2025 20:30:00;942.81
05.12.2025 20:30:00;05.12.2025 20:45:00;928.9
05.12.2025 20:45:00;05.12.2025 21:00:00;923.49
05.12.2025 21:00:00;05.12.2025 21:15:00;942.81
05.12.2025 21:15:00;05.12.2025 21:30:00;930.55
05.12.2025 21:30:00;05.12.2025 21:45:00;929.02
05.12.2025 21:45:00;05.12.2025 22:00:00;919.83
05.12.2025 22:00:00;05.12.2025 22:15:00;919.72
05.12.2025 22:15:00;05.12.2025 22:30:00;904.87
05.12.2025 22:30:00;05.12.2025 22:45:00;880.37
05.12.2025 22:45:00;05.12.2025 23:00:00;859.63
05.12.2025 23:00:00;05.12.2025 23:15:00;855.16
05.12.2025 23:15:00;05.12.2025 23:30:00;849.5
05.12.2025 23:30:00;05.12.2025 23:45:00;824.53
05.12.2025 23:45:00;06.12.2025 00:00:00;802.97
06.12.2025 00:00:00;06.12.2025 00:15:00;809.24
06.12.2025 00:15:00;06.12.2025 00:30:00;807
06.12.2025 00:30:00;06.12.2025 00:45:00;782.03
06.12.2025 00:45:00;06.12.2025 01:00:00;762.36
06.12.2025 01:00:00;06.12.2025 01:15:00;780.27
06.12.2025 01:15:00;06.12.2025 01:30:00;747.75
06.12.2025 01:30:00;06.12.2025 01:45:00;741.86
06.12.2025 01:45:00;06.12.2025 02:00:00;707.47
06.12.2025 02:00:00;06.12.2025 02:15:00;730.91
06.12.2025 02:15:00;06.12.2025 02:30:00;720.66
06.12.2025 02:30:00;06.12.2025 02:45:00;705.82
06.12.2025 02:45:00;06.12.2025 03:00:00;697.57
06.12.2025 03:00:00;06.12.2025 03:15:00;705.82
06.12.2025 03:15:00;06.12.2025 03:30:00;687.8
06.12.2025 03:30:00;06.12.2025 03:45:00;677.08
06.12.2025 03:45:00;06.12.2025 04:00:00;647.87
06.12.2025 04:00:00;06.12.2025 04:15:00;676.49
06.12.2025 04:15:00;06.12.2025 04:30:00;647.98
06.12.2025 04:30:00;06.12.2025 04:45:00;644.8
06.12.2025 04:45:00;06.12.2025 05:00:00;641.03
06.12.2025 05:00:00;06.12.2025 05:15:00;642.21
06.12.2025 05:15:00;06.12.2025 05:30:00;615.71
06.12.2025 05:30:00;06.12.2025 05:45:00;599.92
06.12.2025 05:45:00;06.12.2025 06:00:00;588.14
06.12.2025 06:00:00;06.12.2025 06:15:00;591.09
06.12.2025 06:15:00;06.12.2025 06:30:00;588.97
06.12.2025 06:30:00;06.12.2025 06:45:00;624.19
06.12.2025 06:45:00;06.12.2025 07:00:00;624.9
06.12.2025 07:00:00;06.12.2025 07:15:00;649.4
06.12.2025 07:15:00;06.12.2025 07:30:00;670.25
06.12.2025 07:30:00;06.12.2025 07:45:00;670.25
06.12.2025 07:45:00;06.12.2025 08:00:00;687.8
06.12.2025 08:00:00;06.12.2025 08:15:00;716.89
06.12.2025 08:15:00;06.12.2025 08:30:00;738.68
06.12.2025 08:30:00;06.12.2025 08:45:00;742.1
06.12.2025 08:45:00;06.12.2025 09:00:00;770.61
06.12.2025 09:00:00;06.12.2025 09:15:00;794.05
06.12.2025 09:15:00;06.12.2025 09:30:00;795.7
06.12.2025 09:30:00;06.12.2025 09:45:00;799.82
06.12.2025 09:45:00;06.12.2025 10:00:00;800.05
06.12.2025 10:00:00;06.12.2025 10:15:00;811.6
06.12.2025 10:15:00;06.12.2025 10:30:00;810.3
06.12.2025 10:30:00;06.12.2025 10:45:00;802.06
06.12.2025 10:45:00;06.12.2025 11:00:00;803.94
06.12.2025 11:00:00;06.12.2025 11:15:00;814.54
06.12.2025 11:15:00;06.12.2025 11:30:00;812.07
06.12.2025 11:30:00;06.12.2025 11:45:00;810.66
06.12.2025 11:45:00;06.12.2025 12:00:00;808.65
06.12.2025 12:00:00;06.12.2025 12:15:00;807.71
06.12.2025 12:15:00;06.12.2025 12:30:00;804.53
06.12.2025 12:30:00;06.12.2025 12:45:00;802.06
06.12.2025 12:45:00;06.12.2025 13:00:00;802.65
06.12.2025 13:00:00;06.12.2025 13:15:00;805.94
06.12.2025 13:15:00;06.12.2025 13:30:00;802.41
06.12.2025 13:30:00;06.12.2025 13:45:00;801.94
06.12.2025 13:45:00;06.12.2025 14:00:00;801.47
06.12.2025 14:00:00;06.12.2025 14:15:00;787.57
06.12.2025 14:15:00;06.12.2025 14:30:00;788.98
06.12.2025 14:30:00;06.12.2025 14:45:00;804.53
06.12.2025 14:45:00;06.12.2025 15:00:00;813.6
06.12.2025 15:00:00;06.12.2025 15:15:00;811.6
06.12.2025 15:15:00;06.12.2025 15:30:00;824.91
06.12.2025 15:30:00;06.12.2025 15:45:00;828.09
06.12.2025 15:45:00;06.12.2025 16:00:00;828.44
06.12.2025 16:00:00;06.12.2025 16:15:00;827.27
06.12.2025 16:15:00;06.12.2025 16:30:00;827.38
06.12.2025 16:30:00;06.12.2025 16:45:00;826.91
06.12.2025 16:45:00;06.12.2025 17:00:00;829.27
06.12.2025 17:00:00;06.12.2025 17:15:00;838.57
06.12.2025 17:15:00;06.12.2025 17:30:00;839.04
06.12.2025 17:30:00;06.12.2025 17:45:00;835.51
06.12.2025 17:45:00;06.12.2025 18:00:00;831.39
06.12.2025 18:00:00;06.12.2025 18:15:00;834.1
06.12.2025 18:15:00;06.12.2025 18:30:00;830.33
06.12.2025 18:30:00;06.12.2025 18:45:00;822.2
06.12.2025 18:45:00;06.12.2025 19:00:00;811.83
06.12.2025 19:00:00;06.12.2025 19:15:00;810.54
06.12.2025 19:15:00;06.12.2025 19:30:00;802.29
06.12.2025 19:30:00;06.12.2025 19:45:00;769.66
06.12.2025 19:45:00;06.12.2025 20:00:00;752.82
06.12.2025 20:00:00;06.12.2025 20:15:00;765.89
06.12.2025 20:15:00;06.12.2025 20:30:00;729.97
06.12.2025 20:30:00;06.12.2025 20:45:00;724.9
06.12.2025 20:45:00;06.12.2025 21:00:00;705.7
06.12.2025 21:00:00;06.12.2025 21:15:00;730.09
06.12.2025 21:15:00;06.12.2025 21:30:00;706.06
06.12.2025 21:30:00;06.12.2025 21:45:00;681.08
06.12.2025 21:45:00;06.12.2025 22:00:00;652.81
06.12.2025 22:00:00;06.12.2025 22:15:00;699.69
06.12.2025 22:15:00;06.12.2025 22:30:00;672.84
06.12.2025 22:30:00;06.12.2025 22:45:00;603.22
06.12.2025 22:45:00;06.12.2025 23:00:00;542.2
06.12.2025 23:00:00;06.12.2025 23:15:00;643.86
06.12.2025 23:15:00;06.12.2025 23:30:00;588.97
06.12.2025 23:30:00;06.12.2025 23:45:00;525.6
06.12.2025 23:45:00;07.12.2025 00:00:00;424.88
07.12.2025 00:00:00;07.12.2025 00:15:00;493.67
07.12.2025 00:15:00;07.12.2025 00:30:00;552.33
07.12.2025 00:30:00;07.12.2025 00:45:00;542.2
07.12.2025 00:45:00;07.12.2025 01:00:00;478.24
07.12.2025 01:00:00;07.12.2025 01:15:00;500.62
07.12.2025 01:15:00;07.12.2025 01:30:00;468.34
07.12.2025 01:30:00;07.12.2025 01:45:00;467.63
07.12.2025 01:45:00;07.12.2025 02:00:00;430.29
07.12.2025 02:00:00;07.12.2025 02:15:00;412.27
07.12.2025 02:15:00;07.12.2025 02:30:00;400.49
07.12.2025 02:30:00;07.12.2025 02:45:00;376.82
07.12.2025 02:45:00;07.12.2025 03:00:00;376.35
07.12.2025 03:00:00;07.12.2025 03:15:00;364.1
07.12.2025 03:15:00;07.12.2025 03:30:00;365.74
07.12.2025 03:30:00;07.12.2025 03:45:00;376.82
07.12.2025 03:45:00;07.12.2025 04:00:00;383.3
07.12.2025 04:00:00;07.12.2025 04:15:00;412.27
07.12.2025 04:15:00;07.12.2025 04:30:00;424.99
07.12.2025 04:30:00;07.12.2025 04:45:00;470.23
07.12.2025 04:45:00;07.12.2025 05:00:00;471.17
07.12.2025 05:00:00;07.12.2025 05:15:00;413.8
07.12.2025 05:15:00;07.12.2025 05:30:00;420.52
07.12.2025 05:30:00;07.12.2025 05:45:00;473.41
07.12.2025 05:45:00;07.12.2025 06:00:00;451.26
07.12.2025 06:00:00;07.12.2025 06:15:00;413.8
07.12.2025 06:15:00;07.12.2025 06:30:00;494.49
07.12.2025 06:30:00;07.12.2025 06:45:00;529.36
07.12.2025 06:45:00;07.12.2025 07:00:00;577.3
07.12.2025 07:00:00;07.12.2025 07:15:00;588.37
07.12.2025 07:15:00;07.12.2025 07:30:00;588.96
07.12.2025 07:30:00;07.12.2025 07:45:00;670
07.12.2025 07:45:00;07.12.2025 08:00:00;706.75
07.12.2025 08:00:00;07.12.2025 08:15:00;671.06
07.12.2025 08:15:00;07.12.2025 08:30:00;706.4
07.12.2025 08:30:00;07.12.2025 08:45:00;720.53
07.12.2025 08:45:00;07.12.2025 09:00:00;730.19
07.12.2025 09:00:00;07.12.2025 09:15:00;739.03
07.12.2025 09:15:00;07.12.2025 09:30:00;749.63
07.12.2025 09:30:00;07.12.2025 09:45:00;757.52
07.12.2025 09:45:00;07.12.2025 10:00:00;765.53
07.12.2025 10:00:00;07.12.2025 10:15:00;774.13
07.12.2025 10:15:00;07.12.2025 10:30:00;781.9
07.12.2025 10:30:00;07.12.2025 10:45:00;784.26
07.12.2025 10:45:00;07.12.2025 11:00:00;794.74
07.12.2025 11:00:00;07.12.2025 11:15:00;788.97
07.12.2025 11:15:00;07.12.2025 11:30:00;799.22
07.12.2025 11:30:00;07.12.2025 11:45:00;802.4
07.12.2025 11:45:00;07.12.2025 12:00:00;805.93
07.12.2025 12:00:00;07.12.2025 12:15:00;806.05
07.12.2025 12:15:00;07.12.2025 12:30:00;808.52
07.12.2025 12:30:00;07.12.2025 12:45:00;810.88
07.12.2025 12:45:00;07.12.2025 13:00:00;812.53
07.12.2025 13:00:00;07.12.2025 13:15:00;813
07.12.2025 13:15:00;07.12.2025 13:30:00;814.77
07.12.2025 13:30:00;07.12.2025 13:45:00;816.89
07.12.2025 13:45:00;07.12.2025 14:00:00;822.42
07.12.2025 14:00:00;07.12.2025 14:15:00;827.14
07.12.2025 14:15:00;07.12.2025 14:30:00;830.32
07.12.2025 14:30:00;07.12.2025 14:45:00;832.79
07.12.2025 14:45:00;07.12.2025 15:00:00;836.21
07.12.2025 15:00:00;07.12.2025 15:15:00;845.28
07.12.2025 15:15:00;07.12.2025 15:30:00;851.28
07.12.2025 15:30:00;07.12.2025 15:45:00;858.59
07.12.2025 15:45:00;07.12.2025 16:00:00;865.65
07.12.2025 16:00:00;07.12.2025 16:15:00;883.56
07.12.2025 16:15:00;07.12.2025 16:30:00;891.69
07.12.2025 16:30:00;07.12.2025 16:45:00;894.63
07.12.2025 16:45:00;07.12.2025 17:00:00;898.4
07.12.2025 17:00:00;07.12.2025 17:15:00;902.88
07.12.2025 17:15:00;07.12.2025 17:30:00;904.64
07.12.2025 17:30:00;07.12.2025 17:45:00;903.82
07.12.2025 17:45:00;07.12.2025 18:00:00;904.64
07.12.2025 18:00:00;07.12.2025 18:15:00;883.44
07.12.2025 18:15:00;07.12.2025 18:30:00;880.85
07.12.2025 18:30:00;07.12.2025 18:45:00;877.55
07.12.2025 18:45:00;07.12.2025 19:00:00;843.39
07.12.2025 19:00:00;07.12.2025 19:15:00;836.79
07.12.2025 19:15:00;07.12.2025 19:30:00;826.9
07.12.2025 19:30:00;07.12.2025 19:45:00;829.49
07.12.2025 19:45:00;07.12.2025 20:00:00;818.18
07.12.2025 20:00:00;07.12.2025 20:15:00;822.19
07.12.2025 20:15:00;07.12.2025 20:30:00;824.54
07.12.2025 20:30:00;07.12.2025 20:45:00;811.7
07.12.2025 20:45:00;07.12.2025 21:00:00;793.92
07.12.2025 21:00:00;07.12.2025 21:15:00;802.87
07.12.2025 21:15:00;07.12.2025 21:30:00;780.84
07.12.2025 21:30:00;07.12.2025 21:45:00;756.7
07.12.2025 21:45:00;07.12.2025 22:00:00;722.18
07.12.2025 22:00:00;07.12.2025 22:15:00;735.73
07.12.2025 22:15:00;07.12.2025 22:30:00;704.51
07.12.2025 22:30:00;07.12.2025 22:45:00;662.34
07.12.2025 22:45:00;07.12.2025 23:00:00;588.37
07.12.2025 23:00:00;07.12.2025 23:15:00;623.59
07.12.2025 23:15:00;07.12.2025 23:30:00;541.73
07.12.2025 23:30:00;07.12.2025 23:45:00;406.85
07.12.2025 23:45:00;08.12.2025 00:00:00;308.97
08.12.2025 00:00:00;08.12.2025 00:15:00;412.27
08.12.2025 00:15:00;08.12.2025 00:30:00;329.82
08.12.2025 00:30:00;08.12.2025 00:45:00;271.04
08.12.2025 00:45:00;08.12.2025 01:00:00;193.65
08.12.2025 01:00:00;08.12.2025 01:15:00;213.44
08.12.2025 01:15:00;08.12.2025 01:30:00;212.61
08.12.2025 01:30:00;08.12.2025 01:45:00;169.15
08.12.2025 01:45:00;08.12.2025 02:00:00;130.63
08.12.2025 02:00:00;08.12.2025 02:15:00;188.58
08.12.2025 02:15:00;08.12.2025 02:30:00;146.65
08.12.2025 02:30:00;08.12.2025 02:45:00;127.69
08.12.2025 02:45:00;08.12.2025 03:00:00;121.33
08.12.2025 03:00:00;08.12.2025 03:15:00;123.92
08.12.2025 03:15:00;08.12.2025 03:30:00;117.91
08.12.2025 03:30:00;08.12.2025 03:45:00;117.79
08.12.2025 03:45:00;08.12.2025 04:00:00;117.79
08.12.2025 04:00:00;08.12.2025 04:15:00;117.67
08.12.2025 04:15:00;08.12.2025 04:30:00;129.34
08.12.2025 04:30:00;08.12.2025 04:45:00;179.04
08.12.2025 04:45:00;08.12.2025 05:00:00;219.68
08.12.2025 05:00:00;08.12.2025 05:15:00;117.79
08.12.2025 05:15:00;08.12.2025 05:30:00;214.26
08.12.2025 05:30:00;08.12.2025 05:45:00;375.76
08.12.2025 05:45:00;08.12.2025 06:00:00;588.84
08.12.2025 06:00:00;08.12.2025 06:15:00;334.88
08.12.2025 06:15:00;08.12.2025 06:30:00;600.15
08.12.2025 06:30:00;08.12.2025 06:45:00;669.65
08.12.2025 06:45:00;08.12.2025 07:00:00;710.87
08.12.2025 07:00:00;08.12.2025 07:15:00;729.96
08.12.2025 07:15:00;08.12.2025 07:30:00;762
08.12.2025 07:30:00;08.12.2025 07:45:00;773.42
08.12.2025 07:45:00;08.12.2025 08:00:00;781.43
08.12.2025 08:00:00;08.12.2025 08:15:00;798.63
08.12.2025 08:15:00;08.12.2025 08:30:00;803.22
08.12.2025 08:30:00;08.12.2025 08:45:00;800.99
08.12.2025 08:45:00;08.12.2025 09:00:00;802.75
08.12.2025 09:00:00;08.12.2025 09:15:00;809.35
08.12.2025 09:15:00;08.12.2025 09:30:00;809.7
08.12.2025 09:30:00;08.12.2025 09:45:00;810.17
08.12.2025 09:45:00;08.12.2025 10:00:00;806.76
08.12.2025 10:00:00;08.12.2025 10:15:00;797.45
08.12.2025 10:15:00;08.12.2025 10:30:00;796.16
08.12.2025 10:30:00;08.12.2025 10:45:00;797.45
08.12.2025 10:45:00;08.12.2025 11:00:00;795.57
08.12.2025 11:00:00;08.12.2025 11:15:00;795.33
08.12.2025 11:15:00;08.12.2025 11:30:00;795.1
08.12.2025 11:30:00;08.12.2025 11:45:00;795.33
08.12.2025 11:45:00;08.12.2025 12:00:00;794.39
08.12.2025 12:00:00;08.12.2025 12:15:00;804.4
08.12.2025 12:15:00;08.12.2025 12:30:00;796.98
08.12.2025 12:30:00;08.12.2025 12:45:00;804.4
08.12.2025 12:45:00;08.12.2025 13:00:00;805.58
08.12.2025 13:00:00;08.12.2025 13:15:00;797.33
08.12.2025 13:15:00;08.12.2025 13:30:00;797.45
08.12.2025 13:30:00;08.12.2025 13:45:00;796.63
08.12.2025 13:45:00;08.12.2025 14:00:00;798.28
08.12.2025 14:00:00;08.12.2025 14:15:00;787.56
08.12.2025 14:15:00;08.12.2025 14:30:00;791.56
08.12.2025 14:30:00;08.12.2025 14:45:00;795.57
08.12.2025 14:45:00;08.12.2025 15:00:00;798.04
08.12.2025 15:00:00;08.12.2025 15:15:00;799.69
08.12.2025 15:15:00;08.12.2025 15:30:00;802.28
08.12.2025 15:30:00;08.12.2025 15:45:00;804.52
08.12.2025 15:45:00;08.12.2025 16:00:00;808.05
08.12.2025 16:00:00;08.12.2025 16:15:00;809.47
08.12.2025 16:15:00;08.12.2025 16:30:00;810.17
08.12.2025 16:30:00;08.12.2025 16:45:00;811.23
08.12.2025 16:45:00;08.12.2025 17:00:00;811.82
08.12.2025 17:00:00;08.12.2025 17:15:00;823.13
08.12.2025 17:15:00;08.12.2025 17:30:00;821.48
08.12.2025 17:30:00;08.12.2025 17:45:00;820.42
08.12.2025 17:45:00;08.12.2025 18:00:00;818.77
08.12.2025 18:00:00;08.12.2025 18:15:00;811.94
08.12.2025 18:15:00;08.12.2025 18:30:00;809.58
08.12.2025 18:30:00;08.12.2025 18:45:00;802.99
08.12.2025 18:45:00;08.12.2025 19:00:00;800.16
08.12.2025 19:00:00;08.12.2025 19:15:00;787.44
08.12.2025 19:15:00;08.12.2025 19:30:00;783.55
08.12.2025 19:30:00;08.12.2025 19:45:00;778.61
08.12.2025 19:45:00;08.12.2025 20:00:00;771.77
08.12.2025 20:00:00;08.12.2025 20:15:00;770.95
08.12.2025 20:15:00;08.12.2025 20:30:00;765.53
08.12.2025 20:30:00;08.12.2025 20:45:00;745.74
08.12.2025 20:45:00;08.12.2025 21:00:00;741.15
08.12.2025 21:00:00;08.12.2025 21:15:00;733.26
08.12.2025 21:15:00;08.12.2025 21:30:00;730.19
08.12.2025 21:30:00;08.12.2025 21:45:00;725.01
08.12.2025 21:45:00;08.12.2025 22:00:00;706.28
08.12.2025 22:00:00;08.12.2025 22:15:00;712.41
08.12.2025 22:15:00;08.12.2025 22:30:00;699.21
08.12.2025 22:30:00;08.12.2025 22:45:00;687.67
08.12.2025 22:45:00;08.12.2025 23:00:00;647.86
08.12.2025 23:00:00;08.12.2025 23:15:00;659.52
08.12.2025 23:15:00;08.12.2025 23:30:00;649.74
08.12.2025 23:30:00;08.12.2025 23:45:00;634.31
08.12.2025 23:45:00;09.12.2025 00:00:00;602.86
09.12.2025 00:00:00;09.12.2025 00:15:00;648.74
09.12.2025 00:15:00;09.12.2025 00:30:00;651.57
09.12.2025 00:30:00;09.12.2025 00:45:00;647.32
09.12.2025 00:45:00;09.12.2025 01:00:00;639.54
09.12.2025 01:00:00;09.12.2025 01:15:00;652.51
09.12.2025 01:15:00;09.12.2025 01:30:00;648.85
09.12.2025 01:30:00;09.12.2025 01:45:00;654.4
09.12.2025 01:45:00;09.12.2025 02:00:00;654.52
09.12.2025 02:00:00;09.12.2025 02:15:00;630.57
09.12.2025 02:15:00;09.12.2025 02:30:00;632.93
09.12.2025 02:30:00;09.12.2025 02:45:00;654.52
09.12.2025 02:45:00;09.12.2025 03:00:00;661.12
09.12.2025 03:00:00;09.12.2025 03:15:00;627.03
09.12.2025 03:15:00;09.12.2025 03:30:00;632.93
09.12.2025 03:30:00;09.12.2025 03:45:00;652.04
09.12.2025 03:45:00;09.12.2025 04:00:00;654.16
09.12.2025 04:00:00;09.12.2025 04:15:00;597.07
09.12.2025 04:15:00;09.12.2025 04:30:00;606.39
09.12.2025 04:30:00;09.12.2025 04:45:00;631.75
09.12.2025 04:45:00;09.12.2025 05:00:00;652.16
09.12.2025 05:00:00;09.12.2025 05:15:00;612.88
09.12.2025 05:15:00;09.12.2025 05:30:00;659.59
09.12.2025 05:30:00;09.12.2025 05:45:00;707.36
09.12.2025 05:45:00;09.12.2025 06:00:00;744.98
09.12.2025 06:00:00;09.12.2025 06:15:00;757.61
09.12.2025 06:15:00;09.12.2025 06:30:00;788.63
09.12.2025 06:30:00;09.12.2025 06:45:00;828.26
09.12.2025 06:45:00;09.12.2025 07:00:00;856.09
09.12.2025 07:00:00;09.12.2025 07:15:00;874.26
09.12.2025 07:15:00;09.12.2025 07:30:00;943.5
09.12.2025 07:30:00;09.12.2025 07:45:00;1059.92
09.12.2025 07:45:00;09.12.2025 08:00:00;1230.47
09.12.2025 08:00:00;09.12.2025 08:15:00;1063.34
09.12.2025 08:15:00;09.12.2025 08:30:00;1178.81
09.12.2025 08:30:00;09.12.2025 08:45:00;1247.81
09.12.2025 08:45:00;09.12.2025 09:00:00;1344.65
09.12.2025 09:00:00;09.12.2025 09:15:00;1399.5
09.12.2025 09:15:00;09.12.2025 09:30:00;1219.62
09.12.2025 09:30:00;09.12.2025 09:45:00;1178.46
09.12.2025 09:45:00;09.12.2025 10:00:00;1063.69
09.12.2025 10:00:00;09.12.2025 10:15:00;1178.46
09.12.2025 10:15:00;09.12.2025 10:30:00;1139.06
09.12.2025 10:30:00;09.12.2025 10:45:00;1096.01
09.12.2025 10:45:00;09.12.2025 11:00:00;1022.88
09.12.2025 11:00:00;09.12.2025 11:15:00;1134.46
09.12.2025 11:15:00;09.12.2025 11:30:00;1128.92
09.12.2025 11:30:00;09.12.2025 11:45:00;1063.93
09.12.2025 11:45:00;09.12.2025 12:00:00;1049.18
09.12.2025 12:00:00;09.12.2025 12:15:00;1063.1
09.12.2025 12:15:00;09.12.2025 12:30:00;1009.67
09.12.2025 12:30:00;09.12.2025 12:45:00;1049.18
09.12.2025 12:45:00;09.12.2025 13:00:00;1063.57
09.12.2025 13:00:00;09.12.2025 13:15:00;1074.66
09.12.2025 13:15:00;09.12.2025 13:30:00;1076.31
09.12.2025 13:30:00;09.12.2025 13:45:00;1079.97
09.12.2025 13:45:00;09.12.2025 14:00:00;1089.88
09.12.2025 14:00:00;09.12.2025 14:15:00;954.23
09.12.2025 14:15:00;09.12.2025 14:30:00;1049.42
09.12.2025 14:30:00;09.12.2025 14:45:00;1117.95
09.12.2025 14:45:00;09.12.2025 15:00:00;1178.81
09.12.2025 15:00:00;09.12.2025 15:15:00;1142.84
09.12.2025 15:15:00;09.12.2025 15:30:00;1152.39
09.12.2025 15:30:00;09.12.2025 15:45:00;1246.04
09.12.2025 15:45:00;09.12.2025 16:00:00;1235.78
09.12.2025 16:00:00;09.12.2025 16:15:00;1126.32
09.12.2025 16:15:00;09.12.2025 16:30:00;1156.64
09.12.2025 16:30:00;09.12.2025 16:45:00;1178.93
09.12.2025 16:45:00;09.12.2025 17:00:00;1179.4
09.12.2025 17:00:00;09.12.2025 17:15:00;1179.28
09.12.2025 17:15:00;09.12.2025 17:30:00;1179.28
09.12.2025 17:30:00;09.12.2025 17:45:00;1179.4
09.12.2025 17:45:00;09.12.2025 18:00:00;1135.76
09.12.2025 18:00:00;09.12.2025 18:15:00;1132.22
09.12.2025 18:15:00;09.12.2025 18:30:00;1063.22
09.12.2025 18:30:00;09.12.2025 18:45:00;1062.98
09.12.2025 18:45:00;09.12.2025 19:00:00;964.61
09.12.2025 19:00:00;09.12.2025 19:15:00;1063.34
09.12.2025 19:15:00;09.12.2025 19:30:00;943.62
09.12.2025 19:30:00;09.12.2025 19:45:00;895.84
09.12.2025 19:45:00;09.12.2025 20:00:00;873.67
09.12.2025 20:00:00;09.12.2025 20:15:00;959.77
09.12.2025 20:15:00;09.12.2025 20:30:00;878.98
09.12.2025 20:30:00;09.12.2025 20:45:00;855.86
09.12.2025 20:45:00;09.12.2025 21:00:00;846.54
09.12.2025 21:00:00;09.12.2025 21:15:00;854.21
09.12.2025 21:15:00;09.12.2025 21:30:00;826.84
09.12.2025 21:30:00;09.12.2025 21:45:00;779.66
09.12.2025 21:45:00;09.12.2025 22:00:00;767.04
09.12.2025 22:00:00;09.12.2025 22:15:00;766.57
09.12.2025 22:15:00;09.12.2025 22:30:00;753.83
09.12.2025 22:30:00;09.12.2025 22:45:00;721.39
09.12.2025 22:45:00;09.12.2025 23:00:00;679.87
09.12.2025 23:00:00;09.12.2025 23:15:00;654.52
09.12.2025 23:15:00;09.12.2025 23:30:00;604.86
09.12.2025 23:30:00;09.12.2025 23:45:00;581.5
09.12.2025 23:45:00;10.12.2025 00:00:00;423.8
10.12.2025 00:00:00;10.12.2025 00:15:00;638.2
10.12.2025 00:15:00;10.12.2025 00:30:00;560.74
10.12.2025 00:30:00;10.12.2025 00:45:00;447.25
10.12.2025 00:45:00;10.12.2025 01:00:00;331.99
10.12.2025 01:00:00;10.12.2025 01:15:00;470.79
10.12.2025 01:15:00;10.12.2025 01:30:00;400.74
10.12.2025 01:30:00;10.12.2025 01:45:00;388.38
10.12.2025 01:45:00;10.12.2025 02:00:00;316.92
10.12.2025 02:00:00;10.12.2025 02:15:00;353.65
10.12.2025 02:15:00;10.12.2025 02:30:00;319.28
10.12.2025 02:30:00;10.12.2025 02:45:00;308.92
10.12.2025 02:45:00;10.12.2025 03:00:00;303.74
10.12.2025 03:00:00;10.12.2025 03:15:00;351.89
10.12.2025 03:15:00;10.12.2025 03:30:00;345.77
10.12.2025 03:30:00;10.12.2025 03:45:00;293.97
10.12.2025 03:45:00;10.12.2025 04:00:00;293.97
10.12.2025 04:00:00;10.12.2025 04:15:00;299.97
10.12.2025 04:15:00;10.12.2025 04:30:00;310.68
10.12.2025 04:30:00;10.12.2025 04:45:00;315.27
10.12.2025 04:45:00;10.12.2025 05:00:00;307.86
10.12.2025 05:00:00;10.12.2025 05:15:00;299.85
10.12.2025 05:15:00;10.12.2025 05:30:00;315.39
10.12.2025 05:30:00;10.12.2025 05:45:00;360.25
10.12.2025 05:45:00;10.12.2025 06:00:00;411.22
10.12.2025 06:00:00;10.12.2025 06:15:00;346.83
10.12.2025 06:15:00;10.12.2025 06:30:00;541.9
10.12.2025 06:30:00;10.12.2025 06:45:00;617.48
10.12.2025 06:45:00;10.12.2025 07:00:00;653.15
10.12.2025 07:00:00;10.12.2025 07:15:00;692.12
10.12.2025 07:15:00;10.12.2025 07:30:00;704.13
10.12.2025 07:30:00;10.12.2025 07:45:00;711.07
10.12.2025 07:45:00;10.12.2025 08:00:00;716.14
10.12.2025 08:00:00;10.12.2025 08:15:00;772.41
10.12.2025 08:15:00;10.12.2025 08:30:00;769.23
10.12.2025 08:30:00;10.12.2025 08:45:00;769.82
10.12.2025 08:45:00;10.12.2025 09:00:00;767.58
10.12.2025 09:00:00;10.12.2025 09:15:00;779.83
10.12.2025 09:15:00;10.12.2025 09:30:00;775.82
10.12.2025 09:30:00;10.12.2025 09:45:00;770.41
10.12.2025 09:45:00;10.12.2025 10:00:00;766.17
10.12.2025 10:00:00;10.12.2025 10:15:00;773.71
10.12.2025 10:15:00;10.12.2025 10:30:00;766.29
10.12.2025 10:30:00;10.12.2025 10:45:00;765.23
10.12.2025 10:45:00;10.12.2025 11:00:00;760.52
10.12.2025 11:00:00;10.12.2025 11:15:00;741.33
10.12.2025 11:15:00;10.12.2025 11:30:00;734.15
10.12.2025 11:30:00;10.12.2025 11:45:00;725.08
10.12.2025 11:45:00;10.12.2025 12:00:00;717.9
10.12.2025 12:00:00;10.12.2025 12:15:00;716.37
10.12.2025 12:15:00;10.12.2025 12:30:00;707.19
10.12.2025 12:30:00;10.12.2025 12:45:00;703.07
10.12.2025 12:45:00;10.12.2025 13:00:00;698.6
10.12.2025 13:00:00;10.12.2025 13:15:00;693.3
10.12.2025 13:15:00;10.12.2025 13:30:00;690.71
10.12.2025 13:30:00;10.12.2025 13:45:00;690.35
10.12.2025 13:45:00;10.12.2025 14:00:00;692.24
10.12.2025 14:00:00;10.12.2025 14:15:00;688.47
10.12.2025 14:15:00;10.12.2025 14:30:00;689.06
10.12.2025 14:30:00;10.12.2025 14:45:00;689.18
10.12.2025 14:45:00;10.12.2025 15:00:00;690.94
10.12.2025 15:00:00;10.12.2025 15:15:00;706.01
10.12.2025 15:15:00;10.12.2025 15:30:00;704.72
10.12.2025 15:30:00;10.12.2025 15:45:00;705.42
10.12.2025 15:45:00;10.12.2025 16:00:00;707.66
10.12.2025 16:00:00;10.12.2025 16:15:00;716.96
10.12.2025 16:15:00;10.12.2025 16:30:00;717.31
10.12.2025 16:30:00;10.12.2025 16:45:00;712.49
10.12.2025 16:45:00;10.12.2025 17:00:00;710.13
10.12.2025 17:00:00;10.12.2025 17:15:00;702.36
10.12.2025 17:15:00;10.12.2025 17:30:00;698.12
10.12.2025 17:30:00;10.12.2025 17:45:00;689.77
10.12.2025 17:45:00;10.12.2025 18:00:00;687.06
10.12.2025 18:00:00;10.12.2025 18:15:00;673.99
10.12.2025 18:15:00;10.12.2025 18:30:00;664.22
10.12.2025 18:30:00;10.12.2025 18:45:00;653.27
10.12.2025 18:45:00;10.12.2025 19:00:00;646.68
10.12.2025 19:00:00;10.12.2025 19:15:00;630.67
10.12.2025 19:15:00;10.12.2025 19:30:00;599.94
10.12.2025 19:30:00;10.12.2025 19:45:00;585.58
10.12.2025 19:45:00;10.12.2025 20:00:00;549.43
10.12.2025 20:00:00;10.12.2025 20:15:00;588.52
10.12.2025 20:15:00;10.12.2025 20:30:00;557.68
10.12.2025 20:30:00;10.12.2025 20:45:00;520
10.12.2025 20:45:00;10.12.2025 21:00:00;461.85
10.12.2025 21:00:00;10.12.2025 21:15:00;525.89
10.12.2025 21:15:00;10.12.2025 21:30:00;489.39
10.12.2025 21:30:00;10.12.2025 21:45:00;415.46
10.12.2025 21:45:00;10.12.2025 22:00:00;389.33
10.12.2025 22:00:00;10.12.2025 22:15:00;457.61
10.12.2025 22:15:00;10.12.2025 22:30:00;408.4
10.12.2025 22:30:00;10.12.2025 22:45:00;376.73
10.12.2025 22:45:00;10.12.2025 23:00:00;315.51
10.12.2025 23:00:00;10.12.2025 23:15:00;376.49
10.12.2025 23:15:00;10.12.2025 23:30:00;338.35
10.12.2025 23:30:00;10.12.2025 23:45:00;299.97
10.12.2025 23:45:00;11.12.2025 00:00:00;277.84
11.12.2025 00:00:00;11.12.2025 00:15:00;323.6
11.12.2025 00:15:00;11.12.2025 00:30:00;312.86
11.12.2025 00:30:00;11.12.2025 00:45:00;299.88
11.12.2025 00:45:00;11.12.2025 01:00:00;300.58
11.12.2025 01:00:00;11.12.2025 01:15:00;308.49
11.12.2025 01:15:00;11.12.2025 01:30:00;307.9
11.12.2025 01:30:00;11.12.2025 01:45:00;304.36
11.12.2025 01:45:00;11.12.2025 02:00:00;306.72
11.12.2025 02:00:00;11.12.2025 02:15:00;299.88
11.12.2025 02:15:00;11.12.2025 02:30:00;301.41
11.12.2025 02:30:00;11.12.2025 02:45:00;305.66
11.12.2025 02:45:00;11.12.2025 03:00:00;306.72
11.12.2025 03:00:00;11.12.2025 03:15:00;283.24
11.12.2025 03:15:00;11.12.2025 03:30:00;296.1
11.12.2025 03:30:00;11.12.2025 03:45:00;299.52
11.12.2025 03:45:00;11.12.2025 04:00:00;301.29
11.12.2025 04:00:00;11.12.2025 04:15:00;271.91
11.12.2025 04:15:00;11.12.2025 04:30:00;299.64
11.12.2025 04:30:00;11.12.2025 04:45:00;299.29
11.12.2025 04:45:00;11.12.2025 05:00:00;304.24
11.12.2025 05:00:00;11.12.2025 05:15:00;259.87
11.12.2025 05:15:00;11.12.2025 05:30:00;306.84
11.12.2025 05:30:00;11.12.2025 05:45:00;373.75
11.12.2025 05:45:00;11.12.2025 06:00:00;471.94
11.12.2025 06:00:00;11.12.2025 06:15:00;412.46
11.12.2025 06:15:00;11.12.2025 06:30:00;501.44
11.12.2025 06:30:00;11.12.2025 06:45:00;615.45
11.12.2025 06:45:00;11.12.2025 07:00:00;644.95
11.12.2025 07:00:00;11.12.2025 07:15:00;630.32
11.12.2025 07:15:00;11.12.2025 07:30:00;660.76
11.12.2025 07:30:00;11.12.2025 07:45:00;673.16
11.12.2025 07:45:00;11.12.2025 08:00:00;686.96
11.12.2025 08:00:00;11.12.2025 08:15:00;694.16
11.12.2025 08:15:00;11.12.2025 08:30:00;696.88
11.12.2025 08:30:00;11.12.2025 08:45:00;699.95
11.12.2025 08:45:00;11.12.2025 09:00:00;704.67
11.12.2025 09:00:00;11.12.2025 09:15:00;694.75
11.12.2025 09:15:00;11.12.2025 09:30:00;694.99
11.12.2025 09:30:00;11.12.2025 09:45:00;694.16
11.12.2025 09:45:00;11.12.2025 10:00:00;694.52
11.12.2025 10:00:00;11.12.2025 10:15:00;687.32
11.12.2025 10:15:00;11.12.2025 10:30:00;687.44
11.12.2025 10:30:00;11.12.2025 10:45:00;688.38
11.12.2025 10:45:00;11.12.2025 11:00:00;689.21
11.12.2025 11:00:00;11.12.2025 11:15:00;670.56
11.12.2025 11:15:00;11.12.2025 11:30:00;677.29
11.12.2025 11:30:00;11.12.2025 11:45:00;677.64
11.12.2025 11:45:00;11.12.2025 12:00:00;681.06
11.12.2025 12:00:00;11.12.2025 12:15:00;684.72
11.12.2025 12:15:00;11.12.2025 12:30:00;685.78
11.12.2025 12:30:00;11.12.2025 12:45:00;686.73
11.12.2025 12:45:00;11.12.2025 13:00:00;686.37
11.12.2025 13:00:00;11.12.2025 13:15:00;685.55
11.12.2025 13:15:00;11.12.2025 13:30:00;686.73
11.12.2025 13:30:00;11.12.2025 13:45:00;687.67
11.12.2025 13:45:00;11.12.2025 14:00:00;688.38
11.12.2025 14:00:00;11.12.2025 14:15:00;698.41
11.12.2025 14:15:00;11.12.2025 14:30:00;706.55
11.12.2025 14:30:00;11.12.2025 14:45:00;708.8
11.12.2025 14:45:00;11.12.2025 15:00:00;718.71
11.12.2025 15:00:00;11.12.2025 15:15:00;744.2
11.12.2025 15:15:00;11.12.2025 15:30:00;752.58
11.12.2025 15:30:00;11.12.2025 15:45:00;752.93
11.12.2025 15:45:00;11.12.2025 16:00:00;757.66
11.12.2025 16:00:00;11.12.2025 16:15:00;765.09
11.12.2025 16:15:00;11.12.2025 16:30:00;770.99
11.12.2025 16:30:00;11.12.2025 16:45:00;771.7
11.12.2025 16:45:00;11.12.2025 17:00:00;777.84
11.12.2025 17:00:00;11.12.2025 17:15:00;784.09
11.12.2025 17:15:00;11.12.2025 17:30:00;786.57
11.12.2025 17:30:00;11.12.2025 17:45:00;786.21
11.12.2025 17:45:00;11.12.2025 18:00:00;784.8
11.12.2025 18:00:00;11.12.2025 18:15:00;797.43
11.12.2025 18:15:00;11.12.2025 18:30:00;792.82
11.12.2025 18:30:00;11.12.2025 18:45:00;787.87
11.12.2025 18:45:00;11.12.2025 19:00:00;785.15
11.12.2025 19:00:00;11.12.2025 19:15:00;791.76
11.12.2025 19:15:00;11.12.2025 19:30:00;789.76
11.12.2025 19:30:00;11.12.2025 19:45:00;790.7
11.12.2025 19:45:00;11.12.2025 20:00:00;787.04
11.12.2025 20:00:00;11.12.2025 20:15:00;789.16
11.12.2025 20:15:00;11.12.2025 20:30:00;783.5
11.12.2025 20:30:00;11.12.2025 20:45:00;775.12
11.12.2025 20:45:00;11.12.2025 21:00:00;767.21
11.12.2025 21:00:00;11.12.2025 21:15:00;761.55
11.12.2025 21:15:00;11.12.2025 21:30:00;758.72
11.12.2025 21:30:00;11.12.2025 21:45:00;751.87
11.12.2025 21:45:00;11.12.2025 22:00:00;744.44
11.12.2025 22:00:00;11.12.2025 22:15:00;737.47
11.12.2025 22:15:00;11.12.2025 22:30:00;727.33
11.12.2025 22:30:00;11.12.2025 22:45:00;717.29
11.12.2025 22:45:00;11.12.2025 23:00:00;707.85
11.12.2025 23:00:00;11.12.2025 23:15:00;698.41
11.12.2025 23:15:00;11.12.2025 23:30:00;693.57
11.12.2025 23:30:00;11.12.2025 23:45:00;690.03
11.12.2025 23:45:00;12.12.2025 00:00:00;685.78
12.12.2025 00:00:00;12.12.2025 00:15:00;697.67
12.12.2025 00:15:00;12.12.2025 00:30:00;705.48
12.12.2025 00:30:00;12.12.2025 00:45:00;697.67
12.12.2025 00:45:00;12.12.2025 01:00:00;692.11
12.12.2025 01:00:00;12.12.2025 01:15:00;707.02
12.12.2025 01:15:00;12.12.2025 01:30:00;697.67
12.12.2025 01:30:00;12.12.2025 01:45:00;694.24
12.12.2025 01:45:00;12.12.2025 02:00:00;690.81
12.12.2025 02:00:00;12.12.2025 02:15:00;689.03
12.12.2025 02:15:00;12.12.2025 02:30:00;686.9
12.12.2025 02:30:00;12.12.2025 02:45:00;691.52
12.12.2025 02:45:00;12.12.2025 03:00:00;689.39
12.12.2025 03:00:00;12.12.2025 03:15:00;689.74
12.12.2025 03:15:00;12.12.2025 03:30:00;689.86
12.12.2025 03:30:00;12.12.2025 03:45:00;691.28
12.12.2025 03:45:00;12.12.2025 04:00:00;693.88
12.12.2025 04:00:00;12.12.2025 04:15:00;682.52
12.12.2025 04:15:00;12.12.2025 04:30:00;684.65
12.12.2025 04:30:00;12.12.2025 04:45:00;692.46
12.12.2025 04:45:00;12.12.2025 05:00:00;703.71
12.12.2025 05:00:00;12.12.2025 05:15:00;697.91
12.12.2025 05:15:00;12.12.2025 05:30:00;721.81
12.12.2025 05:30:00;12.12.2025 05:45:00;734.59
12.12.2025 05:45:00;12.12.2025 06:00:00;748.56
12.12.2025 06:00:00;12.12.2025 06:15:00;762.64
12.12.2025 06:15:00;12.12.2025 06:30:00;787.73
12.12.2025 06:30:00;12.12.2025 06:45:00;841.58
12.12.2025 06:45:00;12.12.2025 07:00:00;884.54
12.12.2025 07:00:00;12.12.2025 07:15:00;875.67
12.12.2025 07:15:00;12.12.2025 07:30:00;925.02
12.12.2025 07:30:00;12.12.2025 07:45:00;1076.39
12.12.2025 07:45:00;12.12.2025 08:00:00;1083.84
12.12.2025 08:00:00;12.12.2025 08:15:00;1091.65
12.12.2025 08:15:00;12.12.2025 08:30:00;1179.94
12.12.2025 08:30:00;12.12.2025 08:45:00;1203.26
12.12.2025 08:45:00;12.12.2025 09:00:00;1259.12
12.12.2025 09:00:00;12.12.2025 09:15:00;1245.86
12.12.2025 09:15:00;12.12.2025 09:30:00;1242.67
12.12.2025 09:30:00;12.12.2025 09:45:00;1242.67
12.12.2025 09:45:00;12.12.2025 10:00:00;1242.79
12.12.2025 10:00:00;12.12.2025 10:15:00;1183.49
12.12.2025 10:15:00;12.12.2025 10:30:00;1120.89
12.12.2025 10:30:00;12.12.2025 10:45:00;1183.26
12.12.2025 10:45:00;12.12.2025 11:00:00;1242.67
12.12.2025 11:00:00;12.12.2025 11:15:00;1122.66
12.12.2025 11:15:00;12.12.2025 11:30:00;1183.38
12.12.2025 11:30:00;12.12.2025 11:45:00;1183.49
12.12.2025 11:45:00;12.12.2025 12:00:00;1211.66
12.12.2025 12:00:00;12.12.2025 12:15:00;1087.51
12.12.2025 12:15:00;12.12.2025 12:30:00;1130.36
12.12.2025 12:30:00;12.12.2025 12:45:00;1144.08
12.12.2025 12:45:00;12.12.2025 13:00:00;1125.27
12.12.2025 13:00:00;12.12.2025 13:15:00;1084.08
12.12.2025 13:15:00;12.12.2025 13:30:00;1122.54
12.12.2025 13:30:00;12.12.2025 13:45:00;1182.43
12.12.2025 13:45:00;12.12.2025 14:00:00;1150.59
12.12.2025 14:00:00;12.12.2025 14:15:00;1114.38
12.12.2025 14:15:00;12.12.2025 14:30:00;1183.38
12.12.2025 14:30:00;12.12.2025 14:45:00;1205.15
12.12.2025 14:45:00;12.12.2025 15:00:00;1242.79
12.12.2025 15:00:00;12.12.2025 15:15:00;1087.39
12.12.2025 15:15:00;12.12.2025 15:30:00;1182.67
12.12.2025 15:30:00;12.12.2025 15:45:00;1182.9
12.12.2025 15:45:00;12.12.2025 16:00:00;1113.19
12.12.2025 16:00:00;12.12.2025 16:15:00;1183.26
12.12.2025 16:15:00;12.12.2025 16:30:00;1182.43
12.12.2025 16:30:00;12.12.2025 16:45:00;1148.23
12.12.2025 16:45:00;12.12.2025 17:00:00;1182.9
12.12.2025 17:00:00;12.12.2025 17:15:00;1259.24
12.12.2025 17:15:00;12.12.2025 17:30:00;1207.64
12.12.2025 17:30:00;12.12.2025 17:45:00;1183.49
12.12.2025 17:45:00;12.12.2025 18:00:00;1083.73
12.12.2025 18:00:00;12.12.2025 18:15:00;1183.49
12.12.2025 18:15:00;12.12.2025 18:30:00;1118.28
12.12.2025 18:30:00;12.12.2025 18:45:00;1083.25
12.12.2025 18:45:00;12.12.2025 19:00:00;987.39
12.12.2025 19:00:00;12.12.2025 19:15:00;1171.42
12.12.2025 19:15:00;12.12.2025 19:30:00;1084.08
12.12.2025 19:30:00;12.12.2025 19:45:00;1083.49
12.12.2025 19:45:00;12.12.2025 20:00:00;929.16
12.12.2025 20:00:00;12.12.2025 20:15:00;1083.25
12.12.2025 20:15:00;12.12.2025 20:30:00;954.37
12.12.2025 20:30:00;12.12.2025 20:45:00;888.8
12.12.2025 20:45:00;12.12.2025 21:00:00;844.07
12.12.2025 21:00:00;12.12.2025 21:15:00;861.11
12.12.2025 21:15:00;12.12.2025 21:30:00;848.21
12.12.2025 21:30:00;12.12.2025 21:45:00;827.97
12.12.2025 21:45:00;12.12.2025 22:00:00;801.94
12.12.2025 22:00:00;12.12.2025 22:15:00;785.96
12.12.2025 22:15:00;12.12.2025 22:30:00;776.14
12.12.2025 22:30:00;12.12.2025 22:45:00;763
12.12.2025 22:45:00;12.12.2025 23:00:00;754.95
12.12.2025 23:00:00;12.12.2025 23:15:00;744.89
12.12.2025 23:15:00;12.12.2025 23:30:00;738.15
12.12.2025 23:30:00;12.12.2025 23:45:00;731.16
12.12.2025 23:45:00;13.12.2025 00:00:00;723.94
13.12.2025 00:00:00;13.12.2025 00:15:00;744.22
13.12.2025 00:15:00;13.12.2025 00:30:00;741.25
13.12.2025 00:30:00;13.12.2025 00:45:00;736.63
13.12.2025 00:45:00;13.12.2025 01:00:00;733.42
13.12.2025 01:00:00;13.12.2025 01:15:00;732.47
13.12.2025 01:15:00;13.12.2025 01:30:00;729.39
13.12.2025 01:30:00;13.12.2025 01:45:00;721.68
13.12.2025 01:45:00;13.12.2025 02:00:00;716.82
13.12.2025 02:00:00;13.12.2025 02:15:00;716.58
13.12.2025 02:15:00;13.12.2025 02:30:00;712.19
13.12.2025 02:30:00;13.12.2025 02:45:00;708.63
13.12.2025 02:45:00;13.12.2025 03:00:00;707.21
13.12.2025 03:00:00;13.12.2025 03:15:00;707.44
13.12.2025 03:15:00;13.12.2025 03:30:00;704.84
13.12.2025 03:30:00;13.12.2025 03:45:00;702.34
13.12.2025 03:45:00;13.12.2025 04:00:00;702.34
13.12.2025 04:00:00;13.12.2025 04:15:00;707.56
13.12.2025 04:15:00;13.12.2025 04:30:00;707.33
13.12.2025 04:30:00;13.12.2025 04:45:00;707.33
13.12.2025 04:45:00;13.12.2025 05:00:00;707.68
13.12.2025 05:00:00;13.12.2025 05:15:00;712.9
13.12.2025 05:15:00;13.12.2025 05:30:00;715.87
13.12.2025 05:30:00;13.12.2025 05:45:00;715.75
13.12.2025 05:45:00;13.12.2025 06:00:00;717.53
13.12.2025 06:00:00;13.12.2025 06:15:00;725.71
13.12.2025 06:15:00;13.12.2025 06:30:00;729.15
13.12.2025 06:30:00;13.12.2025 06:45:00;732.12
13.12.2025 06:45:00;13.12.2025 07:00:00;732.59
13.12.2025 07:00:00;13.12.2025 07:15:00;732.24
13.12.2025 07:15:00;13.12.2025 07:30:00;734.02
13.12.2025 07:30:00;13.12.2025 07:45:00;736.15
13.12.2025 07:45:00;13.12.2025 08:00:00;738.52
13.12.2025 08:00:00;13.12.2025 08:15:00;751.22
13.12.2025 08:15:00;13.12.2025 08:30:00;753.94
13.12.2025 08:30:00;13.12.2025 08:45:00;760.23
13.12.2025 08:45:00;13.12.2025 09:00:00;764.62
13.12.2025 09:00:00;13.12.2025 09:15:00;765.45
13.12.2025 09:15:00;13.12.2025 09:30:00;770.79
13.12.2025 09:30:00;13.12.2025 09:45:00;772.45
13.12.2025 09:45:00;13.12.2025 10:00:00;775.53
13.12.2025 10:00:00;13.12.2025 10:15:00;778.02
13.12.2025 10:15:00;13.12.2025 10:30:00;781.34
13.12.2025 10:30:00;13.12.2025 10:45:00;781.34
13.12.2025 10:45:00;13.12.2025 11:00:00;781.7
13.12.2025 11:00:00;13.12.2025 11:15:00;770.19
13.12.2025 11:15:00;13.12.2025 11:30:00;771.02
13.12.2025 11:30:00;13.12.2025 11:45:00;770.91
13.12.2025 11:45:00;13.12.2025 12:00:00;768.53
13.12.2025 12:00:00;13.12.2025 12:15:00;755.96
13.12.2025 12:15:00;13.12.2025 12:30:00;756.32
13.12.2025 12:30:00;13.12.2025 12:45:00;756.67
13.12.2025 12:45:00;13.12.2025 13:00:00;757.03
13.12.2025 13:00:00;13.12.2025 13:15:00;755.37
13.12.2025 13:15:00;13.12.2025 13:30:00;756.79
13.12.2025 13:30:00;13.12.2025 13:45:00;758.21
13.12.2025 13:45:00;13.12.2025 14:00:00;759.64
13.12.2025 14:00:00;13.12.2025 14:15:00;756.55
13.12.2025 14:15:00;13.12.2025 14:30:00;759.52
13.12.2025 14:30:00;13.12.2025 14:45:00;761.77
13.12.2025 14:45:00;13.12.2025 15:00:00;764.86
13.12.2025 15:00:00;13.12.2025 15:15:00;769.96
13.12.2025 15:15:00;13.12.2025 15:30:00;775.77
13.12.2025 15:30:00;13.12.2025 15:45:00;779.45
13.12.2025 15:45:00;13.12.2025 16:00:00;786.92
13.12.2025 16:00:00;13.12.2025 16:15:00;798.43
13.12.2025 16:15:00;13.12.2025 16:30:00;804.48
13.12.2025 16:30:00;13.12.2025 16:45:00;805.42
13.12.2025 16:45:00;13.12.2025 17:00:00;805.9
13.12.2025 17:00:00;13.12.2025 17:15:00;812.3
13.12.2025 17:15:00;13.12.2025 17:30:00;814.08
13.12.2025 17:30:00;13.12.2025 17:45:00;805.19
13.12.2025 17:45:00;13.12.2025 18:00:00;795.46
13.12.2025 18:00:00;13.12.2025 18:15:00;812.07
13.12.2025 18:15:00;13.12.2025 18:30:00;800.32
13.12.2025 18:30:00;13.12.2025 18:45:00;794.39
13.12.2025 18:45:00;13.12.2025 19:00:00;782.53
13.12.2025 19:00:00;13.12.2025 19:15:00;771.14
13.12.2025 19:15:00;13.12.2025 19:30:00;769.96
13.12.2025 19:30:00;13.12.2025 19:45:00;759.64
13.12.2025 19:45:00;13.12.2025 20:00:00;753.11
13.12.2025 20:00:00;13.12.2025 20:15:00;746.95
13.12.2025 20:15:00;13.12.2025 20:30:00;741.37
13.12.2025 20:30:00;13.12.2025 20:45:00;738.4
13.12.2025 20:45:00;13.12.2025 21:00:00;732.83
13.12.2025 21:00:00;13.12.2025 21:15:00;721.68
13.12.2025 21:15:00;13.12.2025 21:30:00;714.68
13.12.2025 21:30:00;13.12.2025 21:45:00;707.8
13.12.2025 21:45:00;13.12.2025 22:00:00;694.99
13.12.2025 22:00:00;13.12.2025 22:15:00;666.88
13.12.2025 22:15:00;13.12.2025 22:30:00;651.22
13.12.2025 22:30:00;13.12.2025 22:45:00;640.19
13.12.2025 22:45:00;13.12.2025 23:00:00;621.8
13.12.2025 23:00:00;13.12.2025 23:15:00;596.06
13.12.2025 23:15:00;13.12.2025 23:30:00;592.5
13.12.2025 23:30:00;13.12.2025 23:45:00;577.79
13.12.2025 23:45:00;14.12.2025 00:00:00;555.73
14.12.2025 00:00:00;14.12.2025 00:15:00;582
14.12.2025 00:15:00;14.12.2025 00:30:00;530.57
14.12.2025 00:30:00;14.12.2025 00:45:00;485.08
14.12.2025 00:45:00;14.12.2025 01:00:00;462.98
14.12.2025 01:00:00;14.12.2025 01:15:00;507.05
14.12.2025 01:15:00;14.12.2025 01:30:00;469.52
14.12.2025 01:30:00;14.12.2025 01:45:00;431.75
14.12.2025 01:45:00;14.12.2025 02:00:00;381.98
14.12.2025 02:00:00;14.12.2025 02:15:00;446.71
14.12.2025 02:15:00;14.12.2025 02:30:00;411.08
14.12.2025 02:30:00;14.12.2025 02:45:00;379.84
14.12.2025 02:45:00;14.12.2025 03:00:00;363.69
14.12.2025 03:00:00;14.12.2025 03:15:00;366.42
14.12.2025 03:15:00;14.12.2025 03:30:00;356.32
14.12.2025 03:30:00;14.12.2025 03:45:00;323.19
14.12.2025 03:45:00;14.12.2025 04:00:00;284.82
14.12.2025 04:00:00;14.12.2025 04:15:00;334.35
14.12.2025 04:15:00;14.12.2025 04:30:00;305.13
14.12.2025 04:30:00;14.12.2025 04:45:00;274.96
14.12.2025 04:45:00;14.12.2025 05:00:00;249.55
14.12.2025 05:00:00;14.12.2025 05:15:00;296.94
14.12.2025 05:15:00;14.12.2025 05:30:00;283.99
14.12.2025 05:30:00;14.12.2025 05:45:00;258.57
14.12.2025 05:45:00;14.12.2025 06:00:00;237.55
14.12.2025 06:00:00;14.12.2025 06:15:00;283.75
14.12.2025 06:15:00;14.12.2025 06:30:00;280.55
14.12.2025 06:30:00;14.12.2025 06:45:00;272.47
14.12.2025 06:45:00;14.12.2025 07:00:00;276.39
14.12.2025 07:00:00;14.12.2025 07:15:00;299.31
14.12.2025 07:15:00;14.12.2025 07:30:00;304.3
14.12.2025 07:30:00;14.12.2025 07:45:00;315.47
14.12.2025 07:45:00;14.12.2025 08:00:00;332.57
14.12.2025 08:00:00;14.12.2025 08:15:00;338.39
14.12.2025 08:15:00;14.12.2025 08:30:00;342.9
14.12.2025 08:30:00;14.12.2025 08:45:00;356.21
14.12.2025 08:45:00;14.12.2025 09:00:00;357.75
14.12.2025 09:00:00;14.12.2025 09:15:00;344.33
14.12.2025 09:15:00;14.12.2025 09:30:00;353.47
14.12.2025 09:30:00;14.12.2025 09:45:00;356.32
14.12.2025 09:45:00;14.12.2025 10:00:00;359.65
14.12.2025 10:00:00;14.12.2025 10:15:00;355.85
14.12.2025 10:15:00;14.12.2025 10:30:00;356.32
14.12.2025 10:30:00;14.12.2025 10:45:00;356.44
14.12.2025 10:45:00;14.12.2025 11:00:00;361.67
14.12.2025 11:00:00;14.12.2025 11:15:00;367.13
14.12.2025 11:15:00;14.12.2025 11:30:00;368.32
14.12.2025 11:30:00;14.12.2025 11:45:00;368.44
14.12.2025 11:45:00;14.12.2025 12:00:00;368.44
14.12.2025 12:00:00;14.12.2025 12:15:00;362.03
14.12.2025 12:15:00;14.12.2025 12:30:00;366.9
14.12.2025 12:30:00;14.12.2025 12:45:00;366.3
14.12.2025 12:45:00;14.12.2025 13:00:00;368.8
14.12.2025 13:00:00;14.12.2025 13:15:00;360.96
14.12.2025 13:15:00;14.12.2025 13:30:00;368.32
14.12.2025 13:30:00;14.12.2025 13:45:00;371.53
14.12.2025 13:45:00;14.12.2025 14:00:00;382.1
14.12.2025 14:00:00;14.12.2025 14:15:00;372.36
14.12.2025 14:15:00;14.12.2025 14:30:00;392.55
14.12.2025 14:30:00;14.12.2025 14:45:00;414.29
14.12.2025 14:45:00;14.12.2025 15:00:00;438.28
14.12.2025 15:00:00;14.12.2025 15:15:00;401.46
14.12.2025 15:15:00;14.12.2025 15:30:00;427.59
14.12.2025 15:30:00;14.12.2025 15:45:00;451.11
14.12.2025 15:45:00;14.12.2025 16:00:00;475.22
14.12.2025 16:00:00;14.12.2025 16:15:00;442.67
14.12.2025 16:15:00;14.12.2025 16:30:00;465.48
14.12.2025 16:30:00;14.12.2025 16:45:00;479.02
14.12.2025 16:45:00;14.12.2025 17:00:00;502.54
14.12.2025 17:00:00;14.12.2025 17:15:00;490.06
14.12.2025 17:15:00;14.12.2025 17:30:00;512.99
14.12.2025 17:30:00;14.12.2025 17:45:00;517.62
14.12.2025 17:45:00;14.12.2025 18:00:00;517.38
14.12.2025 18:00:00;14.12.2025 18:15:00;488.28
14.12.2025 18:15:00;14.12.2025 18:30:00;476.88
14.12.2025 18:30:00;14.12.2025 18:45:00;468.57
14.12.2025 18:45:00;14.12.2025 19:00:00;458.95
14.12.2025 19:00:00;14.12.2025 19:15:00;464.29
14.12.2025 19:15:00;14.12.2025 19:30:00;455.74
14.12.2025 19:30:00;14.12.2025 19:45:00;428.3
14.12.2025 19:45:00;14.12.2025 20:00:00;414.4
14.12.2025 20:00:00;14.12.2025 20:15:00;386.14
14.12.2025 20:15:00;14.12.2025 20:30:00;379.84
14.12.2025 20:30:00;14.12.2025 20:45:00;365.35
14.12.2025 20:45:00;14.12.2025 21:00:00;351.69
14.12.2025 21:00:00;14.12.2025 21:15:00;398.49
14.12.2025 21:15:00;14.12.2025 21:30:00;379.96
14.12.2025 21:30:00;14.12.2025 21:45:00;368.68
14.12.2025 21:45:00;14.12.2025 22:00:00;368.32
14.12.2025 22:00:00;14.12.2025 22:15:00;379.96
14.12.2025 22:15:00;14.12.2025 22:30:00;357.39
14.12.2025 22:30:00;14.12.2025 22:45:00;326.16
14.12.2025 22:45:00;14.12.2025 23:00:00;284.47
14.12.2025 23:00:00;14.12.2025 23:15:00;345.52
14.12.2025 23:15:00;14.12.2025 23:30:00;318.32
14.12.2025 23:30:00;14.12.2025 23:45:00;290.52
14.12.2025 23:45:00;15.12.2025 00:00:00;256.79
15.12.2025 00:00:00;15.12.2025 00:15:00;282.8
15.12.2025 00:15:00;15.12.2025 00:30:00;263.68
15.12.2025 00:30:00;15.12.2025 00:45:00;249.55
15.12.2025 00:45:00;15.12.2025 01:00:00;237.43
15.12.2025 01:00:00;15.12.2025 01:15:00;261.9
15.12.2025 01:15:00;15.12.2025 01:30:00;246.58
15.12.2025 01:30:00;15.12.2025 01:45:00;237.43
15.12.2025 01:45:00;15.12.2025 02:00:00;229.47
15.12.2025 02:00:00;15.12.2025 02:15:00;246.22
15.12.2025 02:15:00;15.12.2025 02:30:00;236.96
15.12.2025 02:30:00;15.12.2025 02:45:00;225.08
15.12.2025 02:45:00;15.12.2025 03:00:00;219.02
15.12.2025 03:00:00;15.12.2025 03:15:00;223.42
15.12.2025 03:15:00;15.12.2025 03:30:00;216.17
15.12.2025 03:30:00;15.12.2025 03:45:00;223.53
15.12.2025 03:45:00;15.12.2025 04:00:00;207.86
15.12.2025 04:00:00;15.12.2025 04:15:00;206.19
15.12.2025 04:15:00;15.12.2025 04:30:00;205.72
15.12.2025 04:30:00;15.12.2025 04:45:00;207.74
15.12.2025 04:45:00;15.12.2025 05:00:00;212.13
15.12.2025 05:00:00;15.12.2025 05:15:00;202.27
15.12.2025 05:15:00;15.12.2025 05:30:00;216.65
15.12.2025 05:30:00;15.12.2025 05:45:00;231.97
15.12.2025 05:45:00;15.12.2025 06:00:00;277.1
15.12.2025 06:00:00;15.12.2025 06:15:00;213.68
15.12.2025 06:15:00;15.12.2025 06:30:00;261.3
15.12.2025 06:30:00;15.12.2025 06:45:00;348.37
15.12.2025 06:45:00;15.12.2025 07:00:00;378.53
15.12.2025 07:00:00;15.12.2025 07:15:00;356.44
15.12.2025 07:15:00;15.12.2025 07:30:00;415.71
15.12.2025 07:30:00;15.12.2025 07:45:00;459.9
15.12.2025 07:45:00;15.12.2025 08:00:00;484.36
15.12.2025 08:00:00;15.12.2025 08:15:00;474.86
15.12.2025 08:15:00;15.12.2025 08:30:00;484.84
15.12.2025 08:30:00;15.12.2025 08:45:00;486.62
15.12.2025 08:45:00;15.12.2025 09:00:00;486.62
15.12.2025 09:00:00;15.12.2025 09:15:00;528.19
15.12.2025 09:15:00;15.12.2025 09:30:00;499.92
15.12.2025 09:30:00;15.12.2025 09:45:00;486.74
15.12.2025 09:45:00;15.12.2025 10:00:00;485.91
15.12.2025 10:00:00;15.12.2025 10:15:00;518.57
15.12.2025 10:15:00;15.12.2025 10:30:00;512.99
15.12.2025 10:30:00;15.12.2025 10:45:00;495.53
15.12.2025 10:45:00;15.12.2025 11:00:00;475.34
15.12.2025 11:00:00;15.12.2025 11:15:00;523.56
15.12.2025 11:15:00;15.12.2025 11:30:00;525.58
15.12.2025 11:30:00;15.12.2025 11:45:00;523.92
15.12.2025 11:45:00;15.12.2025 12:00:00;509.42
15.12.2025 12:00:00;15.12.2025 12:15:00;517.5
15.12.2025 12:15:00;15.12.2025 12:30:00;523.56
15.12.2025 12:30:00;15.12.2025 12:45:00;559.55
15.12.2025 12:45:00;15.12.2025 13:00:00;570
15.12.2025 13:00:00;15.12.2025 13:15:00;537.93
15.12.2025 13:15:00;15.12.2025 13:30:00;563.82
15.12.2025 13:30:00;15.12.2025 13:45:00;576.18
15.12.2025 13:45:00;15.12.2025 14:00:00;593.75
15.12.2025 14:00:00;15.12.2025 14:15:00;558.95
15.12.2025 14:15:00;15.12.2025 14:30:00;593.75
15.12.2025 14:30:00;15.12.2025 14:45:00;599.57
15.12.2025 14:45:00;15.12.2025 15:00:00;610.98
15.12.2025 15:00:00;15.12.2025 15:15:00;609.67
15.12.2025 15:15:00;15.12.2025 15:30:00;629.86
15.12.2025 15:30:00;15.12.2025 15:45:00;640.91
15.12.2025 15:45:00;15.12.2025 16:00:00;658.25
15.12.2025 16:00:00;15.12.2025 16:15:00;648.51
15.12.2025 16:15:00;15.12.2025 16:30:00;657.89
15.12.2025 16:30:00;15.12.2025 16:45:00;663.95
15.12.2025 16:45:00;15.12.2025 17:00:00;670.96
15.12.2025 17:00:00;15.12.2025 17:15:00;673.21
15.12.2025 17:15:00;15.12.2025 17:30:00;688.3
15.12.2025 17:30:00;15.12.2025 17:45:00;689.72
15.12.2025 17:45:00;15.12.2025 18:00:00;694
15.12.2025 18:00:00;15.12.2025 18:15:00;694.71
15.12.2025 18:15:00;15.12.2025 18:30:00;695.54
15.12.2025 18:30:00;15.12.2025 18:45:00;697.92
15.12.2025 18:45:00;15.12.2025 19:00:00;699.7
15.12.2025 19:00:00;15.12.2025 19:15:00;689.96
15.12.2025 19:15:00;15.12.2025 19:30:00;687.23
15.12.2025 19:30:00;15.12.2025 19:45:00;687.35
15.12.2025 19:45:00;15.12.2025 20:00:00;685.33
15.12.2025 20:00:00;15.12.2025 20:15:00;685.09
15.12.2025 20:15:00;15.12.2025 20:30:00;680.7
15.12.2025 20:30:00;15.12.2025 20:45:00;677.37
15.12.2025 20:45:00;15.12.2025 21:00:00;664.19
15.12.2025 21:00:00;15.12.2025 21:15:00;677.85
15.12.2025 21:15:00;15.12.2025 21:30:00;676.54
15.12.2025 21:30:00;15.12.2025 21:45:00;671.2
15.12.2025 21:45:00;15.12.2025 22:00:00;664.9
15.12.2025 22:00:00;15.12.2025 22:15:00;653.62
15.12.2025 22:15:00;15.12.2025 22:30:00;647.68
15.12.2025 22:30:00;15.12.2025 22:45:00;640.55
15.12.2025 22:45:00;15.12.2025 23:00:00;626.89
15.12.2025 23:00:00;15.12.2025 23:15:00;600.52
15.12.2025 23:15:00;15.12.2025 23:30:00;593.87
15.12.2025 23:30:00;15.12.2025 23:45:00;582.71
15.12.2025 23:45:00;16.12.2025 00:00:00;568.46
16.12.2025 00:00:00;16.12.2025 00:15:00;599.28
16.12.2025 00:15:00;16.12.2025 00:30:00;596.54
16.12.2025 00:30:00;16.12.2025 00:45:00;591.89
16.12.2025 00:45:00;16.12.2025 01:00:00;574.85
16.12.2025 01:00:00;16.12.2025 01:15:00;596.06
16.12.2025 01:15:00;16.12.2025 01:30:00;595.82
16.12.2025 01:30:00;16.12.2025 01:45:00;595.82
16.12.2025 01:45:00;16.12.2025 02:00:00;594.75
16.12.2025 02:00:00;16.12.2025 02:15:00;580.09
16.12.2025 02:15:00;16.12.2025 02:30:00;569.84
16.12.2025 02:30:00;16.12.2025 02:45:00;582.12
16.12.2025 02:45:00;16.12.2025 03:00:00;586.29
16.12.2025 03:00:00;16.12.2025 03:15:00;593.44
16.12.2025 03:15:00;16.12.2025 03:30:00;594.99
16.12.2025 03:30:00;16.12.2025 03:45:00;595.7
16.12.2025 03:45:00;16.12.2025 04:00:00;599.04
16.12.2025 04:00:00;16.12.2025 04:15:00;581.64
16.12.2025 04:15:00;16.12.2025 04:30:00;594.15
16.12.2025 04:30:00;16.12.2025 04:45:00;600.47
16.12.2025 04:45:00;16.12.2025 05:00:00;618.7
16.12.2025 05:00:00;16.12.2025 05:15:00;629.19
16.12.2025 05:15:00;16.12.2025 05:30:00;643.37
16.12.2025 05:30:00;16.12.2025 05:45:00;666.96
16.12.2025 05:45:00;16.12.2025 06:00:00;702.71
16.12.2025 06:00:00;16.12.2025 06:15:00;719.4
16.12.2025 06:15:00;16.12.2025 06:30:00;731.55
16.12.2025 06:30:00;16.12.2025 06:45:00;741.8
16.12.2025 06:45:00;16.12.2025 07:00:00;758.6
16.12.2025 07:00:00;16.12.2025 07:15:00;770.76
16.12.2025 07:15:00;16.12.2025 07:30:00;778.14
16.12.2025 07:30:00;16.12.2025 07:45:00;783.39
16.12.2025 07:45:00;16.12.2025 08:00:00;796.73
16.12.2025 08:00:00;16.12.2025 08:15:00;893.73
16.12.2025 08:15:00;16.12.2025 08:30:00;894.45
16.12.2025 08:30:00;16.12.2025 08:45:00;885.63
16.12.2025 08:45:00;16.12.2025 09:00:00;871.21
16.12.2025 09:00:00;16.12.2025 09:15:00;852.38
16.12.2025 09:15:00;16.12.2025 09:30:00;846.07
16.12.2025 09:30:00;16.12.2025 09:45:00;833.55
16.12.2025 09:45:00;16.12.2025 10:00:00;810.44
16.12.2025 10:00:00;16.12.2025 10:15:00;782.55
16.12.2025 10:15:00;16.12.2025 10:30:00;778.74
16.12.2025 10:30:00;16.12.2025 10:45:00;774.93
16.12.2025 10:45:00;16.12.2025 11:00:00;773.5
16.12.2025 11:00:00;16.12.2025 11:15:00;780.53
16.12.2025 11:15:00;16.12.2025 11:30:00;778.98
16.12.2025 11:30:00;16.12.2025 11:45:00;776.59
16.12.2025 11:45:00;16.12.2025 12:00:00;775.4
16.12.2025 12:00:00;16.12.2025 12:15:00;780.53
16.12.2025 12:15:00;16.12.2025 12:30:00;778.98
16.12.2025 12:30:00;16.12.2025 12:45:00;778.26
16.12.2025 12:45:00;16.12.2025 13:00:00;779.1
16.12.2025 13:00:00;16.12.2025 13:15:00;778.98
16.12.2025 13:15:00;16.12.2025 13:30:00;779.34
16.12.2025 13:30:00;16.12.2025 13:45:00;782.2
16.12.2025 13:45:00;16.12.2025 14:00:00;783.63
16.12.2025 14:00:00;16.12.2025 14:15:00;852.03
16.12.2025 14:15:00;16.12.2025 14:30:00;857.51
16.12.2025 14:30:00;16.12.2025 14:45:00;868.23
16.12.2025 14:45:00;16.12.2025 15:00:00;893.73
16.12.2025 15:00:00;16.12.2025 15:15:00;883.6
16.12.2025 15:15:00;16.12.2025 15:30:00;893.85
16.12.2025 15:30:00;16.12.2025 15:45:00;906.96
16.12.2025 15:45:00;16.12.2025 16:00:00;937.59
16.12.2025 16:00:00;16.12.2025 16:15:00;855.48
16.12.2025 16:15:00;16.12.2025 16:30:00;852.98
16.12.2025 16:30:00;16.12.2025 16:45:00;852.98
16.12.2025 16:45:00;16.12.2025 17:00:00;852.86
16.12.2025 17:00:00;16.12.2025 17:15:00;893.73
16.12.2025 17:15:00;16.12.2025 17:30:00;892.54
16.12.2025 17:30:00;16.12.2025 17:45:00;861.56
16.12.2025 17:45:00;16.12.2025 18:00:00;852.98
16.12.2025 18:00:00;16.12.2025 18:15:00;798.28
16.12.2025 18:15:00;16.12.2025 18:30:00;789.34
16.12.2025 18:30:00;16.12.2025 18:45:00;785.29
16.12.2025 18:45:00;16.12.2025 19:00:00;782.91
16.12.2025 19:00:00;16.12.2025 19:15:00;775.28
16.12.2025 19:15:00;16.12.2025 19:30:00;771.11
16.12.2025 19:30:00;16.12.2025 19:45:00;764.8
16.12.2025 19:45:00;16.12.2025 20:00:00;761.46
16.12.2025 20:00:00;16.12.2025 20:15:00;763.61
16.12.2025 20:15:00;16.12.2025 20:30:00;760.75
16.12.2025 20:30:00;16.12.2025 20:45:00;754.91
16.12.2025 20:45:00;16.12.2025 21:00:00;750.14
16.12.2025 21:00:00;16.12.2025 21:15:00;740.49
16.12.2025 21:15:00;16.12.2025 21:30:00;738.1
16.12.2025 21:30:00;16.12.2025 21:45:00;732.98
16.12.2025 21:45:00;16.12.2025 22:00:00;726.43
16.12.2025 22:00:00;16.12.2025 22:15:00;719.51
16.12.2025 22:15:00;16.12.2025 22:30:00;714.15
16.12.2025 22:30:00;16.12.2025 22:45:00;688.41
16.12.2025 22:45:00;16.12.2025 23:00:00;673.52
16.12.2025 23:00:00;16.12.2025 23:15:00;628.83
16.12.2025 23:15:00;16.12.2025 23:30:00;616.2
16.12.2025 23:30:00;16.12.2025 23:45:00;604.64
16.12.2025 23:45:00;17.12.2025 00:00:00;594.99
17.12.2025 00:00:00;17.12.2025 00:15:00;707.23
17.12.2025 00:15:00;17.12.2025 00:30:00;705.07
17.12.2025 00:30:00;17.12.2025 00:45:00;696.56
17.12.2025 00:45:00;17.12.2025 01:00:00;691.89
17.12.2025 01:00:00;17.12.2025 01:15:00;679.66
17.12.2025 01:15:00;17.12.2025 01:30:00;676.18
17.12.2025 01:30:00;17.12.2025 01:45:00;673.19
17.12.2025 01:45:00;17.12.2025 02:00:00;670.43
17.12.2025 02:00:00;17.12.2025 02:15:00;659.76
17.12.2025 02:15:00;17.12.2025 02:30:00;647.06
17.12.2025 02:30:00;17.12.2025 02:45:00;646.94
17.12.2025 02:45:00;17.12.2025 03:00:00;644.42
17.12.2025 03:00:00;17.12.2025 03:15:00;634.95
17.12.2025 03:15:00;17.12.2025 03:30:00;635.79
17.12.2025 03:30:00;17.12.2025 03:45:00;637.11
17.12.2025 03:45:00;17.12.2025 04:00:00;642.62
17.12.2025 04:00:00;17.12.2025 04:15:00;656.65
17.12.2025 04:15:00;17.12.2025 04:30:00;662.16
17.12.2025 04:30:00;17.12.2025 04:45:00;671.51
17.12.2025 04:45:00;17.12.2025 05:00:00;676.78
17.12.2025 05:00:00;17.12.2025 05:15:00;696.56
17.12.2025 05:15:00;17.12.2025 05:30:00;706.15
17.12.2025 05:30:00;17.12.2025 05:45:00;728.45
17.12.2025 05:45:00;17.12.2025 06:00:00;746.07
17.12.2025 06:00:00;17.12.2025 06:15:00;752.18
17.12.2025 06:15:00;17.12.2025 06:30:00;767.52
17.12.2025 06:30:00;17.12.2025 06:45:00;778.19
17.12.2025 06:45:00;17.12.2025 07:00:00;788.02
17.12.2025 07:00:00;17.12.2025 07:15:00;806.84
17.12.2025 07:15:00;17.12.2025 07:30:00;839.09
17.12.2025 07:30:00;17.12.2025 07:45:00;857.79
17.12.2025 07:45:00;17.12.2025 08:00:00;864.02
17.12.2025 08:00:00;17.12.2025 08:15:00;887.39
17.12.2025 08:15:00;17.12.2025 08:30:00;902.86
17.12.2025 08:30:00;17.12.2025 08:45:00;911.25
17.12.2025 08:45:00;17.12.2025 09:00:00;903.34
17.12.2025 09:00:00;17.12.2025 09:15:00;897.7
17.12.2025 09:15:00;17.12.2025 09:30:00;895.9
17.12.2025 09:30:00;17.12.2025 09:45:00;889.67
17.12.2025 09:45:00;17.12.2025 10:00:00;889.31
17.12.2025 10:00:00;17.12.2025 10:15:00;892.67
17.12.2025 10:15:00;17.12.2025 10:30:00;874.57
17.12.2025 10:30:00;17.12.2025 10:45:00;872.17
17.12.2025 10:45:00;17.12.2025 11:00:00;869.53
17.12.2025 11:00:00;17.12.2025 11:15:00;861.14
17.12.2025 11:15:00;17.12.2025 11:30:00;856.35
17.12.2025 11:30:00;17.12.2025 11:45:00;847
17.12.2025 11:45:00;17.12.2025 12:00:00;838.37
17.12.2025 12:00:00;17.12.2025 12:15:00;834.53
17.12.2025 12:15:00;17.12.2025 12:30:00;830.58
17.12.2025 12:30:00;17.12.2025 12:45:00;828.54
17.12.2025 12:45:00;17.12.2025 13:00:00;828.54
17.12.2025 13:00:00;17.12.2025 13:15:00;817.63
17.12.2025 13:15:00;17.12.2025 13:30:00;819.55
17.12.2025 13:30:00;17.12.2025 13:45:00;821.35
17.12.2025 13:45:00;17.12.2025 14:00:00;824.22
17.12.2025 14:00:00;17.12.2025 14:15:00;817.39
17.12.2025 14:15:00;17.12.2025 14:30:00;820.63
17.12.2025 14:30:00;17.12.2025 14:45:00;823.5
17.12.2025 14:45:00;17.12.2025 15:00:00;828.54
17.12.2025 15:00:00;17.12.2025 15:15:00;814.99
17.12.2025 15:15:00;17.12.2025 15:30:00;828.3
17.12.2025 15:30:00;17.12.2025 15:45:00;838.97
17.12.2025 15:45:00;17.12.2025 16:00:00;839.09
17.12.2025 16:00:00;17.12.2025 16:15:00;852.63
17.12.2025 16:15:00;17.12.2025 16:30:00;855.51
17.12.2025 16:30:00;17.12.2025 16:45:00;855.99
17.12.2025 16:45:00;17.12.2025 17:00:00;857.19
17.12.2025 17:00:00;17.12.2025 17:15:00;869.89
17.12.2025 17:15:00;17.12.2025 17:30:00;868.21
17.12.2025 17:30:00;17.12.2025 17:45:00;866.54
17.12.2025 17:45:00;17.12.2025 18:00:00;864.14
17.12.2025 18:00:00;17.12.2025 18:15:00;861.14
17.12.2025 18:15:00;17.12.2025 18:30:00;855.63
17.12.2025 18:30:00;17.12.2025 18:45:00;847.36
17.12.2025 18:45:00;17.12.2025 19:00:00;826.62
17.12.2025 19:00:00;17.12.2025 19:15:00;798.45
17.12.2025 19:15:00;17.12.2025 19:30:00;788.14
17.12.2025 19:30:00;17.12.2025 19:45:00;784.67
17.12.2025 19:45:00;17.12.2025 20:00:00;776.99
17.12.2025 20:00:00;17.12.2025 20:15:00;779.87
17.12.2025 20:15:00;17.12.2025 20:30:00;772.56
17.12.2025 20:30:00;17.12.2025 20:45:00;763.09
17.12.2025 20:45:00;17.12.2025 21:00:00;752.78
17.12.2025 21:00:00;17.12.2025 21:15:00;767.04
17.12.2025 21:15:00;17.12.2025 21:30:00;762.13
17.12.2025 21:30:00;17.12.2025 21:45:00;744.87
17.12.2025 21:45:00;17.12.2025 22:00:00;718.98
17.12.2025 22:00:00;17.12.2025 22:15:00;727.13
17.12.2025 22:15:00;17.12.2025 22:30:00;719.82
17.12.2025 22:30:00;17.12.2025 22:45:00;679.78
17.12.2025 22:45:00;17.12.2025 23:00:00;660.96
17.12.2025 23:00:00;17.12.2025 23:15:00;661.92
17.12.2025 23:15:00;17.12.2025 23:30:00;626.68
17.12.2025 23:30:00;17.12.2025 23:45:00;575.25
17.12.2025 23:45:00;18.12.2025 00:00:00;459.94
18.12.2025 00:00:00;18.12.2025 00:15:00;572.94
18.12.2025 00:15:00;18.12.2025 00:30:00;546.12
18.12.2025 00:30:00;18.12.2025 00:45:00;445.18
18.12.2025 00:45:00;18.12.2025 01:00:00;348.31
18.12.2025 01:00:00;18.12.2025 01:15:00;465.9
18.12.2025 01:15:00;18.12.2025 01:30:00;400.16
18.12.2025 01:30:00;18.12.2025 01:45:00;349.39
18.12.2025 01:45:00;18.12.2025 02:00:00;249.77
18.12.2025 02:00:00;18.12.2025 02:15:00;331.79
18.12.2025 02:15:00;18.12.2025 02:30:00;245.46
18.12.2025 02:30:00;18.12.2025 02:45:00;239.35
18.12.2025 02:45:00;18.12.2025 03:00:00;220.08
18.12.2025 03:00:00;18.12.2025 03:15:00;221.87
18.12.2025 03:15:00;18.12.2025 03:30:00;209.54
18.12.2025 03:30:00;18.12.2025 03:45:00;191.22
18.12.2025 03:45:00;18.12.2025 04:00:00;179.72
18.12.2025 04:00:00;18.12.2025 04:15:00;179.37
18.12.2025 04:15:00;18.12.2025 04:30:00;175.65
18.12.2025 04:30:00;18.12.2025 04:45:00;159.13
18.12.2025 04:45:00;18.12.2025 05:00:00;152.3
18.12.2025 05:00:00;18.12.2025 05:15:00;161.17
18.12.2025 05:15:00;18.12.2025 05:30:00;167.63
18.12.2025 05:30:00;18.12.2025 05:45:00;179.37
18.12.2025 05:45:00;18.12.2025 06:00:00;191.22
18.12.2025 06:00:00;18.12.2025 06:15:00;215.29
18.12.2025 06:15:00;18.12.2025 06:30:00;244.74
18.12.2025 06:30:00;18.12.2025 06:45:00;284.85
18.12.2025 06:45:00;18.12.2025 07:00:00;319.22
18.12.2025 07:00:00;18.12.2025 07:15:00;344.6
18.12.2025 07:15:00;18.12.2025 07:30:00;397.41
18.12.2025 07:30:00;18.12.2025 07:45:00;432.37
18.12.2025 07:45:00;18.12.2025 08:00:00;453.8
18.12.2025 08:00:00;18.12.2025 08:15:00;485.41
18.12.2025 08:15:00;18.12.2025 08:30:00;477.15
18.12.2025 08:30:00;18.12.2025 08:45:00;464.46
18.12.2025 08:45:00;18.12.2025 09:00:00;438
18.12.2025 09:00:00;18.12.2025 09:15:00;483.62
18.12.2025 09:15:00;18.12.2025 09:30:00;466.13
18.12.2025 09:30:00;18.12.2025 09:45:00;418.96
18.12.2025 09:45:00;18.12.2025 10:00:00;415.61
18.12.2025 10:00:00;18.12.2025 10:15:00;454.76
18.12.2025 10:15:00;18.12.2025 10:30:00;424.71
18.12.2025 10:30:00;18.12.2025 10:45:00;393.69
18.12.2025 10:45:00;18.12.2025 11:00:00;372.5
18.12.2025 11:00:00;18.12.2025 11:15:00;395.01
18.12.2025 11:15:00;18.12.2025 11:30:00;383.28
18.12.2025 11:30:00;18.12.2025 11:45:00;364.72
18.12.2025 11:45:00;18.12.2025 12:00:00;358.49
18.12.2025 12:00:00;18.12.2025 12:15:00;366.87
18.12.2025 12:15:00;18.12.2025 12:30:00;359.09
18.12.2025 12:30:00;18.12.2025 12:45:00;349.15
18.12.2025 12:45:00;18.12.2025 13:00:00;347.36
18.12.2025 13:00:00;18.12.2025 13:15:00;354.78
18.12.2025 13:15:00;18.12.2025 13:30:00;358.49
18.12.2025 13:30:00;18.12.2025 13:45:00;359.09
18.12.2025 13:45:00;18.12.2025 14:00:00;359.21
18.12.2025 14:00:00;18.12.2025 14:15:00;339.09
18.12.2025 14:15:00;18.12.2025 14:30:00;353.22
18.12.2025 14:30:00;18.12.2025 14:45:00;359.21
18.12.2025 14:45:00;18.12.2025 15:00:00;381.84
18.12.2025 15:00:00;18.12.2025 15:15:00;373.1
18.12.2025 15:15:00;18.12.2025 15:30:00;398.72
18.12.2025 15:30:00;18.12.2025 15:45:00;418.96
18.12.2025 15:45:00;18.12.2025 16:00:00;432.97
18.12.2025 16:00:00;18.12.2025 16:15:00;418.96
18.12.2025 16:15:00;18.12.2025 16:30:00;419.08
18.12.2025 16:30:00;18.12.2025 16:45:00;418.96
18.12.2025 16:45:00;18.12.2025 17:00:00;419.08
18.12.2025 17:00:00;18.12.2025 17:15:00;416.32
18.12.2025 17:15:00;18.12.2025 17:30:00;409.86
18.12.2025 17:30:00;18.12.2025 17:45:00;390.22
18.12.2025 17:45:00;18.12.2025 18:00:00;364.36
18.12.2025 18:00:00;18.12.2025 18:15:00;336.58
18.12.2025 18:15:00;18.12.2025 18:30:00;322.21
18.12.2025 18:30:00;18.12.2025 18:45:00;287.37
18.12.2025 18:45:00;18.12.2025 19:00:00;254.32
18.12.2025 19:00:00;18.12.2025 19:15:00;264.38
18.12.2025 19:15:00;18.12.2025 19:30:00;244.62
18.12.2025 19:30:00;18.12.2025 19:45:00;214.81
18.12.2025 19:45:00;18.12.2025 20:00:00;197.8
18.12.2025 20:00:00;18.12.2025 20:15:00;232.77
18.12.2025 20:15:00;18.12.2025 20:30:00;213.97
18.12.2025 20:30:00;18.12.2025 20:45:00;179.49
18.12.2025 20:45:00;18.12.2025 21:00:00;124.41
18.12.2025 21:00:00;18.12.2025 21:15:00;185.47
18.12.2025 21:15:00;18.12.2025 21:30:00;139.25
18.12.2025 21:30:00;18.12.2025 21:45:00;114.59
18.12.2025 21:45:00;18.12.2025 22:00:00;84.77
18.12.2025 22:00:00;18.12.2025 22:15:00;124.53
18.12.2025 22:15:00;18.12.2025 22:30:00;118.18
18.12.2025 22:30:00;18.12.2025 22:45:00;90.4
18.12.2025 22:45:00;18.12.2025 23:00:00;60.11
18.12.2025 23:00:00;18.12.2025 23:15:00;59.75
18.12.2025 23:15:00;18.12.2025 23:30:00;52.21
18.12.2025 23:30:00;18.12.2025 23:45:00;51.25
18.12.2025 23:45:00;19.12.2025 00:00:00;41.43
19.12.2025 00:00:00;19.12.2025 00:15:00;48.21
19.12.2025 00:15:00;19.12.2025 00:30:00;47.97
19.12.2025 00:30:00;19.12.2025 00:45:00;46.18
19.12.2025 00:45:00;19.12.2025 01:00:00;40.91
19.12.2025 01:00:00;19.12.2025 01:15:00;38.28
19.12.2025 01:15:00;19.12.2025 01:30:00;31.58
19.12.2025 01:30:00;19.12.2025 01:45:00;29.79
19.12.2025 01:45:00;19.12.2025 02:00:00;28.59
19.12.2025 02:00:00;19.12.2025 02:15:00;28.23
19.12.2025 02:15:00;19.12.2025 02:30:00;28.11
19.12.2025 02:30:00;19.12.2025 02:45:00;28.35
19.12.2025 02:45:00;19.12.2025 03:00:00;28.35
19.12.2025 03:00:00;19.12.2025 03:15:00;26.32
19.12.2025 03:15:00;19.12.2025 03:30:00;26.44
19.12.2025 03:30:00;19.12.2025 03:45:00;26.44
19.12.2025 03:45:00;19.12.2025 04:00:00;27.87
19.12.2025 04:00:00;19.12.2025 04:15:00;26.8
19.12.2025 04:15:00;19.12.2025 04:30:00;28.71
19.12.2025 04:30:00;19.12.2025 04:45:00;38.28
19.12.2025 04:45:00;19.12.2025 05:00:00;47.85
19.12.2025 05:00:00;19.12.2025 05:15:00;51.2
19.12.2025 05:15:00;19.12.2025 05:30:00;52.64
19.12.2025 05:30:00;19.12.2025 05:45:00;59.82
19.12.2025 05:45:00;19.12.2025 06:00:00;63.88
19.12.2025 06:00:00;19.12.2025 06:15:00;59.7
19.12.2025 06:15:00;19.12.2025 06:30:00;83.86
19.12.2025 06:30:00;19.12.2025 06:45:00;119.63
19.12.2025 06:45:00;19.12.2025 07:00:00;147.98
19.12.2025 07:00:00;19.12.2025 07:15:00;173.59
19.12.2025 07:15:00;19.12.2025 07:30:00;205.65
19.12.2025 07:30:00;19.12.2025 07:45:00;215.1
19.12.2025 07:45:00;19.12.2025 08:00:00;236.15
19.12.2025 08:00:00;19.12.2025 08:15:00;231.25
19.12.2025 08:15:00;19.12.2025 08:30:00;239.14
19.12.2025 08:30:00;19.12.2025 08:45:00;240.58
19.12.2025 08:45:00;19.12.2025 09:00:00;249.31
19.12.2025 09:00:00;19.12.2025 09:15:00;243.21
19.12.2025 09:15:00;19.12.2025 09:30:00;250.03
19.12.2025 09:30:00;19.12.2025 09:45:00;252.9
19.12.2025 09:45:00;19.12.2025 10:00:00;254.46
19.12.2025 10:00:00;19.12.2025 10:15:00;243.45
19.12.2025 10:15:00;19.12.2025 10:30:00;246.68
19.12.2025 10:30:00;19.12.2025 10:45:00;239.26
19.12.2025 10:45:00;19.12.2025 11:00:00;239.26
19.12.2025 11:00:00;19.12.2025 11:15:00;240.22
19.12.2025 11:15:00;19.12.2025 11:30:00;243.69
19.12.2025 11:30:00;19.12.2025 11:45:00;239.26
19.12.2025 11:45:00;19.12.2025 12:00:00;237.35
19.12.2025 12:00:00;19.12.2025 12:15:00;229.69
19.12.2025 12:15:00;19.12.2025 12:30:00;227.54
19.12.2025 12:30:00;19.12.2025 12:45:00;223.95
19.12.2025 12:45:00;19.12.2025 13:00:00;219.88
19.12.2025 13:00:00;19.12.2025 13:15:00;217.13
19.12.2025 13:15:00;19.12.2025 13:30:00;215.22
19.12.2025 13:30:00;19.12.2025 13:45:00;212.59
19.12.2025 13:45:00;19.12.2025 14:00:00;211.63
19.12.2025 14:00:00;19.12.2025 14:15:00;209.59
19.12.2025 14:15:00;19.12.2025 14:30:00;210.67
19.12.2025 14:30:00;19.12.2025 14:45:00;211.75
19.12.2025 14:45:00;19.12.2025 15:00:00;212.59
19.12.2025 15:00:00;19.12.2025 15:15:00;233.88
19.12.2025 15:15:00;19.12.2025 15:30:00;239.14
19.12.2025 15:30:00;19.12.2025 15:45:00;239.26
19.12.2025 15:45:00;19.12.2025 16:00:00;239.26
19.12.2025 16:00:00;19.12.2025 16:15:00;240.94
19.12.2025 16:15:00;19.12.2025 16:30:00;241.78
19.12.2025 16:30:00;19.12.2025 16:45:00;239.26
19.12.2025 16:45:00;19.12.2025 17:00:00;239.14
19.12.2025 17:00:00;19.12.2025 17:15:00;239.86
19.12.2025 17:15:00;19.12.2025 17:30:00;239.26
19.12.2025 17:30:00;19.12.2025 17:45:00;227.66
19.12.2025 17:45:00;19.12.2025 18:00:00;220
19.12.2025 18:00:00;19.12.2025 18:15:00;228.26
19.12.2025 18:15:00;19.12.2025 18:30:00;211.99
19.12.2025 18:30:00;19.12.2025 18:45:00;205.65
19.12.2025 18:45:00;19.12.2025 19:00:00;193.32
19.12.2025 19:00:00;19.12.2025 19:15:00;191.17
19.12.2025 19:15:00;19.12.2025 19:30:00;177.77
19.12.2025 19:30:00;19.12.2025 19:45:00;156.24
19.12.2025 19:45:00;19.12.2025 20:00:00;139.01
19.12.2025 20:00:00;19.12.2025 20:15:00;139.73
19.12.2025 20:15:00;19.12.2025 20:30:00;125.73
19.12.2025 20:30:00;19.12.2025 20:45:00;119.63
19.12.2025 20:45:00;19.12.2025 21:00:00;112.69
19.12.2025 21:00:00;19.12.2025 21:15:00;113.53
19.12.2025 21:15:00;19.12.2025 21:30:00;112.81
19.12.2025 21:30:00;19.12.2025 21:45:00;90.2
19.12.2025 21:45:00;19.12.2025 22:00:00;83.14
19.12.2025 22:00:00;19.12.2025 22:15:00;84.22
19.12.2025 22:15:00;19.12.2025 22:30:00;83.14
19.12.2025 22:30:00;19.12.2025 22:45:00;64
19.12.2025 22:45:00;19.12.2025 23:00:00;60.29
19.12.2025 23:00:00;19.12.2025 23:15:00;60.29
19.12.2025 23:15:00;19.12.2025 23:30:00;59.82
19.12.2025 23:30:00;19.12.2025 23:45:00;59.7
19.12.2025 23:45:00;20.12.2025 00:00:00;52.64
20.12.2025 00:00:00;20.12.2025 00:15:00;59.62
20.12.2025 00:15:00;20.12.2025 00:30:00;59.62
20.12.2025 00:30:00;20.12.2025 00:45:00;59.5
20.12.2025 00:45:00;20.12.2025 01:00:00;59.5
20.12.2025 01:00:00;20.12.2025 01:15:00;59.5
20.12.2025 01:15:00;20.12.2025 01:30:00;59.5
20.12.2025 01:30:00;20.12.2025 01:45:00;59.5
20.12.2025 01:45:00;20.12.2025 02:00:00;59.02
20.12.2025 02:00:00;20.12.2025 02:15:00;58.54
20.12.2025 02:15:00;20.12.2025 02:30:00;59.02
20.12.2025 02:30:00;20.12.2025 02:45:00;58.3
20.12.2025 02:45:00;20.12.2025 03:00:00;57.11
20.12.2025 03:00:00;20.12.2025 03:15:00;59.5
20.12.2025 03:15:00;20.12.2025 03:30:00;59.5
20.12.2025 03:30:00;20.12.2025 03:45:00;59.5
20.12.2025 03:45:00;20.12.2025 04:00:00;59.5
20.12.2025 04:00:00;20.12.2025 04:15:00;59.5
20.12.2025 04:15:00;20.12.2025 04:30:00;59.62
20.12.2025 04:30:00;20.12.2025 04:45:00;59.62
20.12.2025 04:45:00;20.12.2025 05:00:00;60.09
20.12.2025 05:00:00;20.12.2025 05:15:00;59.62
20.12.2025 05:15:00;20.12.2025 05:30:00;62.95
20.12.2025 05:30:00;20.12.2025 05:45:00;64.62
20.12.2025 05:45:00;20.12.2025 06:00:00;82.87
20.12.2025 06:00:00;20.12.2025 06:15:00;59.62
20.12.2025 06:15:00;20.12.2025 06:30:00;63.55
20.12.2025 06:30:00;20.12.2025 06:45:00;95.86
20.12.2025 06:45:00;20.12.2025 07:00:00;112.55
20.12.2025 07:00:00;20.12.2025 07:15:00;112.79
20.12.2025 07:15:00;20.12.2025 07:30:00;123.88
20.12.2025 07:30:00;20.12.2025 07:45:00;154.52
20.12.2025 07:45:00;20.12.2025 08:00:00;190.05
20.12.2025 08:00:00;20.12.2025 08:15:00;145.94
20.12.2025 08:15:00;20.12.2025 08:30:00;191.6
20.12.2025 08:30:00;20.12.2025 08:45:00;199.83
20.12.2025 08:45:00;20.12.2025 09:00:00;219.62
20.12.2025 09:00:00;20.12.2025 09:15:00;220.46
20.12.2025 09:15:00;20.12.2025 09:30:00;238.34
20.12.2025 09:30:00;20.12.2025 09:45:00;258.61
20.12.2025 09:45:00;20.12.2025 10:00:00;298.08
20.12.2025 10:00:00;20.12.2025 10:15:00;253.48
20.12.2025 10:15:00;20.12.2025 10:30:00;298.19
20.12.2025 10:30:00;20.12.2025 10:45:00;310
20.12.2025 10:45:00;20.12.2025 11:00:00;341.95
20.12.2025 11:00:00;20.12.2025 11:15:00;317.15
20.12.2025 11:15:00;20.12.2025 11:30:00;335.39
20.12.2025 11:30:00;20.12.2025 11:45:00;349.11
20.12.2025 11:45:00;20.12.2025 12:00:00;356.26
20.12.2025 12:00:00;20.12.2025 12:15:00;319.54
20.12.2025 12:15:00;20.12.2025 12:30:00;325.5
20.12.2025 12:30:00;20.12.2025 12:45:00;338.85
20.12.2025 12:45:00;20.12.2025 13:00:00;347.79
20.12.2025 13:00:00;20.12.2025 13:15:00;362.58
20.12.2025 13:15:00;20.12.2025 13:30:00;377.13
20.12.2025 13:30:00;20.12.2025 13:45:00;384.99
20.12.2025 13:45:00;20.12.2025 14:00:00;417.19
20.12.2025 14:00:00;20.12.2025 14:15:00;370.93
20.12.2025 14:15:00;20.12.2025 14:30:00;395.37
20.12.2025 14:30:00;20.12.2025 14:45:00;426.84
20.12.2025 14:45:00;20.12.2025 15:00:00;466.67
20.12.2025 15:00:00;20.12.2025 15:15:00;413.25
20.12.2025 15:15:00;20.12.2025 15:30:00;437.22
20.12.2025 15:30:00;20.12.2025 15:45:00;476.8
20.12.2025 15:45:00;20.12.2025 16:00:00;492.78
20.12.2025 16:00:00;20.12.2025 16:15:00;476.92
20.12.2025 16:15:00;20.12.2025 16:30:00;500.53
20.12.2025 16:30:00;20.12.2025 16:45:00;512.57
20.12.2025 16:45:00;20.12.2025 17:00:00;540.47
20.12.2025 17:00:00;20.12.2025 17:15:00;549.06
20.12.2025 17:15:00;20.12.2025 17:30:00;589.12
20.12.2025 17:30:00;20.12.2025 17:45:00;589.12
20.12.2025 17:45:00;20.12.2025 18:00:00;589.12
20.12.2025 18:00:00;20.12.2025 18:15:00;580.17
20.12.2025 18:15:00;20.12.2025 18:30:00;576.48
20.12.2025 18:30:00;20.12.2025 18:45:00;579.34
20.12.2025 18:45:00;20.12.2025 19:00:00;581.13
20.12.2025 19:00:00;20.12.2025 19:15:00;536.54
20.12.2025 19:15:00;20.12.2025 19:30:00;519.37
20.12.2025 19:30:00;20.12.2025 19:45:00;509.71
20.12.2025 19:45:00;20.12.2025 20:00:00;492.3
20.12.2025 20:00:00;20.12.2025 20:15:00;477.04
20.12.2025 20:15:00;20.12.2025 20:30:00;471.2
20.12.2025 20:30:00;20.12.2025 20:45:00;467.03
20.12.2025 20:45:00;20.12.2025 21:00:00;423.15
20.12.2025 21:00:00;20.12.2025 21:15:00;467.86
20.12.2025 21:15:00;20.12.2025 21:30:00;459.39
20.12.2025 21:30:00;20.12.2025 21:45:00;453.08
20.12.2025 21:45:00;20.12.2025 22:00:00;442.82
20.12.2025 22:00:00;20.12.2025 22:15:00;471.2
20.12.2025 22:15:00;20.12.2025 22:30:00;432.09
20.12.2025 22:30:00;20.12.2025 22:45:00;391.43
20.12.2025 22:45:00;20.12.2025 23:00:00;377.72
20.12.2025 23:00:00;20.12.2025 23:15:00;427.8
20.12.2025 23:15:00;20.12.2025 23:30:00;398.94
20.12.2025 23:30:00;20.12.2025 23:45:00;357.57
20.12.2025 23:45:00;21.12.2025 00:00:00;323.71
21.12.2025 00:00:00;21.12.2025 00:15:00;357.33
21.12.2025 00:15:00;21.12.2025 00:30:00;336.94
21.12.2025 00:30:00;21.12.2025 00:45:00;291.91
21.12.2025 00:45:00;21.12.2025 01:00:00;250.9
21.12.2025 01:00:00;21.12.2025 01:15:00;299.49
21.12.2025 01:15:00;21.12.2025 01:30:00;281.48
21.12.2025 01:30:00;21.12.2025 01:45:00;269.51
21.12.2025 01:45:00;21.12.2025 02:00:00;258.37
21.12.2025 02:00:00;21.12.2025 02:15:00;255.76
21.12.2025 02:15:00;21.12.2025 02:30:00;250.31
21.12.2025 02:30:00;21.12.2025 02:45:00;243.67
21.12.2025 02:45:00;21.12.2025 03:00:00;246.04
21.12.2025 03:00:00;21.12.2025 03:15:00;266.66
21.12.2025 03:15:00;21.12.2025 03:30:00;278.87
21.12.2025 03:30:00;21.12.2025 03:45:00;296.29
21.12.2025 03:45:00;21.12.2025 04:00:00;296.41
21.12.2025 04:00:00;21.12.2025 04:15:00;299.49
21.12.2025 04:15:00;21.12.2025 04:30:00;296.41
21.12.2025 04:30:00;21.12.2025 04:45:00;305.3
21.12.2025 04:45:00;21.12.2025 05:00:00;329.71
21.12.2025 05:00:00;21.12.2025 05:15:00;304.71
21.12.2025 05:15:00;21.12.2025 05:30:00;328.17
21.12.2025 05:30:00;21.12.2025 05:45:00;349.39
21.12.2025 05:45:00;21.12.2025 06:00:00;357.57
21.12.2025 06:00:00;21.12.2025 06:15:00;347.37
21.12.2025 06:15:00;21.12.2025 06:30:00;361.12
21.12.2025 06:30:00;21.12.2025 06:45:00;384.71
21.12.2025 06:45:00;21.12.2025 07:00:00;413.86
21.12.2025 07:00:00;21.12.2025 07:15:00;377.83
21.12.2025 07:15:00;21.12.2025 07:30:00;414.69
21.12.2025 07:30:00;21.12.2025 07:45:00;465.89
21.12.2025 07:45:00;21.12.2025 08:00:00;494.22
21.12.2025 08:00:00;21.12.2025 08:15:00;488.53
21.12.2025 08:15:00;21.12.2025 08:30:00;502.39
21.12.2025 08:30:00;21.12.2025 08:45:00;527.28
21.12.2025 08:45:00;21.12.2025 09:00:00;545.18
21.12.2025 09:00:00;21.12.2025 09:15:00;565.68
21.12.2025 09:15:00;21.12.2025 09:30:00;583.81
21.12.2025 09:30:00;21.12.2025 09:45:00;592.58
21.12.2025 09:45:00;21.12.2025 10:00:00;616.17
21.12.2025 10:00:00;21.12.2025 10:15:00;592.58
21.12.2025 10:15:00;21.12.2025 10:30:00;605.74
21.12.2025 10:30:00;21.12.2025 10:45:00;622.92
21.12.2025 10:45:00;21.12.2025 11:00:00;628.14
21.12.2025 11:00:00;21.12.2025 11:15:00;604.32
21.12.2025 11:15:00;21.12.2025 11:30:00;619.96
21.12.2025 11:30:00;21.12.2025 11:45:00;623.16
21.12.2025 11:45:00;21.12.2025 12:00:00;627.78
21.12.2025 12:00:00;21.12.2025 12:15:00;630.27
21.12.2025 12:15:00;21.12.2025 12:30:00;634.42
21.12.2025 12:30:00;21.12.2025 12:45:00;638.33
21.12.2025 12:45:00;21.12.2025 13:00:00;642.12
21.12.2025 13:00:00;21.12.2025 13:15:00;628.5
21.12.2025 13:15:00;21.12.2025 13:30:00;632.41
21.12.2025 13:30:00;21.12.2025 13:45:00;635.84
21.12.2025 13:45:00;21.12.2025 14:00:00;635.72
21.12.2025 14:00:00;21.12.2025 14:15:00;626.95
21.12.2025 14:15:00;21.12.2025 14:30:00;632.64
21.12.2025 14:30:00;21.12.2025 14:45:00;643.55
21.12.2025 14:45:00;21.12.2025 15:00:00;652.08
21.12.2025 15:00:00;21.12.2025 15:15:00;676.26
21.12.2025 15:15:00;21.12.2025 15:30:00;680.76
21.12.2025 15:30:00;21.12.2025 15:45:00;686.45
21.12.2025 15:45:00;21.12.2025 16:00:00;693.09
21.12.2025 16:00:00;21.12.2025 16:15:00;703.87
21.12.2025 16:15:00;21.12.2025 16:30:00;710.75
21.12.2025 16:30:00;21.12.2025 16:45:00;711.22
21.12.2025 16:45:00;21.12.2025 17:00:00;715.37
21.12.2025 17:00:00;21.12.2025 17:15:00;711.58
21.12.2025 17:15:00;21.12.2025 17:30:00;714.66
21.12.2025 17:30:00;21.12.2025 17:45:00;718.21
21.12.2025 17:45:00;21.12.2025 18:00:00;711.46
21.12.2025 18:00:00;21.12.2025 18:15:00;722.48
21.12.2025 18:15:00;21.12.2025 18:30:00;718.92
21.12.2025 18:30:00;21.12.2025 18:45:00;708.02
21.12.2025 18:45:00;21.12.2025 19:00:00;701.38
21.12.2025 19:00:00;21.12.2025 19:15:00;718.33
21.12.2025 19:15:00;21.12.2025 19:30:00;711.34
21.12.2025 19:30:00;21.12.2025 19:45:00;710.51
21.12.2025 19:45:00;21.12.2025 20:00:00;707.43
21.12.2025 20:00:00;21.12.2025 20:15:00;711.46
21.12.2025 20:15:00;21.12.2025 20:30:00;699.61
21.12.2025 20:30:00;21.12.2025 20:45:00;684.79
21.12.2025 20:45:00;21.12.2025 21:00:00;678.27
21.12.2025 21:00:00;21.12.2025 21:15:00;699.61
21.12.2025 21:15:00;21.12.2025 21:30:00;684.79
21.12.2025 21:30:00;21.12.2025 21:45:00;686.21
21.12.2025 21:45:00;21.12.2025 22:00:00;678.86
21.12.2025 22:00:00;21.12.2025 22:15:00;699.25
21.12.2025 22:15:00;21.12.2025 22:30:00;678.39
21.12.2025 22:30:00;21.12.2025 22:45:00;661.21
21.12.2025 22:45:00;21.12.2025 23:00:00;642.6
21.12.2025 23:00:00;21.12.2025 23:15:00;642.95
21.12.2025 23:15:00;21.12.2025 23:30:00;626.12
21.12.2025 23:30:00;21.12.2025 23:45:00;617.12
21.12.2025 23:45:00;22.12.2025 00:00:00;557.27
22.12.2025 00:00:00;22.12.2025 00:15:00;652.55
22.12.2025 00:15:00;22.12.2025 00:30:00;663.34
22.12.2025 00:30:00;22.12.2025 00:45:00;640.47
22.12.2025 00:45:00;22.12.2025 01:00:00;634.78
22.12.2025 01:00:00;22.12.2025 01:15:00;659.67
22.12.2025 01:15:00;22.12.2025 01:30:00;660.38
22.12.2025 01:30:00;22.12.2025 01:45:00;663.69
22.12.2025 01:45:00;22.12.2025 02:00:00;657.77
22.12.2025 02:00:00;22.12.2025 02:15:00;651.61
22.12.2025 02:15:00;22.12.2025 02:30:00;652.79
22.12.2025 02:30:00;22.12.2025 02:45:00;656.58
22.12.2025 02:45:00;22.12.2025 03:00:00;661.21
22.12.2025 03:00:00;22.12.2025 03:15:00;653.27
22.12.2025 03:15:00;22.12.2025 03:30:00;661.92
22.12.2025 03:30:00;22.12.2025 03:45:00;676.49
22.12.2025 03:45:00;22.12.2025 04:00:00;678.63
22.12.2025 04:00:00;22.12.2025 04:15:00;644.49
22.12.2025 04:15:00;22.12.2025 04:30:00;665
22.12.2025 04:30:00;22.12.2025 04:45:00;673.29
22.12.2025 04:45:00;22.12.2025 05:00:00;694.51
22.12.2025 05:00:00;22.12.2025 05:15:00;683.13
22.12.2025 05:15:00;22.12.2025 05:30:00;721.29
22.12.2025 05:30:00;22.12.2025 05:45:00;743.81
22.12.2025 05:45:00;22.12.2025 06:00:00;746.89
22.12.2025 06:00:00;22.12.2025 06:15:00;739.55
22.12.2025 06:15:00;22.12.2025 06:30:00;749.97
22.12.2025 06:30:00;22.12.2025 06:45:00;770.12
22.12.2025 06:45:00;22.12.2025 07:00:00;792.4
22.12.2025 07:00:00;22.12.2025 07:15:00;803.43
22.12.2025 07:15:00;22.12.2025 07:30:00;835.07
22.12.2025 07:30:00;22.12.2025 07:45:00;860.43
22.12.2025 07:45:00;22.12.2025 08:00:00;868.14
22.12.2025 08:00:00;22.12.2025 08:15:00;866.83
22.12.2025 08:15:00;22.12.2025 08:30:00;869.91
22.12.2025 08:30:00;22.12.2025 08:45:00;871.57
22.12.2025 08:45:00;22.12.2025 09:00:00;873.83
22.12.2025 09:00:00;22.12.2025 09:15:00;888.88
22.12.2025 09:15:00;22.12.2025 09:30:00;884.14
22.12.2025 09:30:00;22.12.2025 09:45:00;888.88
22.12.2025 09:45:00;22.12.2025 10:00:00;897.05
22.12.2025 10:00:00;22.12.2025 10:15:00;932.61
22.12.2025 10:15:00;22.12.2025 10:30:00;902.39
22.12.2025 10:30:00;22.12.2025 10:45:00;905.23
22.12.2025 10:45:00;22.12.2025 11:00:00;909.26
22.12.2025 11:00:00;22.12.2025 11:15:00;900.25
22.12.2025 11:15:00;22.12.2025 11:30:00;908.2
22.12.2025 11:30:00;22.12.2025 11:45:00;900.61
22.12.2025 11:45:00;22.12.2025 12:00:00;916.02
22.12.2025 12:00:00;22.12.2025 12:15:00;922.06
22.12.2025 12:15:00;22.12.2025 12:30:00;916.14
22.12.2025 12:30:00;22.12.2025 12:45:00;915.9
22.12.2025 12:45:00;22.12.2025 13:00:00;921.94
22.12.2025 13:00:00;22.12.2025 13:15:00;908.43
22.12.2025 13:15:00;22.12.2025 13:30:00;920.76
22.12.2025 13:30:00;22.12.2025 13:45:00;924.55
22.12.2025 13:45:00;22.12.2025 14:00:00;938.06
22.12.2025 14:00:00;22.12.2025 14:15:00;945.17
22.12.2025 14:15:00;22.12.2025 14:30:00;957.26
22.12.2025 14:30:00;22.12.2025 14:45:00;1005.26
22.12.2025 14:45:00;22.12.2025 15:00:00;1074.95
22.12.2025 15:00:00;22.12.2025 15:15:00;1065.94
22.12.2025 15:15:00;22.12.2025 15:30:00;1075.3
22.12.2025 15:30:00;22.12.2025 15:45:00;1075.9
22.12.2025 15:45:00;22.12.2025 16:00:00;1099.84
22.12.2025 16:00:00;22.12.2025 16:15:00;1075.66
22.12.2025 16:15:00;22.12.2025 16:30:00;1117.5
22.12.2025 16:30:00;22.12.2025 16:45:00;1105.76
22.12.2025 16:45:00;22.12.2025 17:00:00;1109.91
22.12.2025 17:00:00;22.12.2025 17:15:00;1076.01
22.12.2025 17:15:00;22.12.2025 17:30:00;1075.78
22.12.2025 17:30:00;22.12.2025 17:45:00;1074.95
22.12.2025 17:45:00;22.12.2025 18:00:00;1022.92
22.12.2025 18:00:00;22.12.2025 18:15:00;1065.82
22.12.2025 18:15:00;22.12.2025 18:30:00;969.47
22.12.2025 18:30:00;22.12.2025 18:45:00;946.48
22.12.2025 18:45:00;22.12.2025 19:00:00;932.61
22.12.2025 19:00:00;22.12.2025 19:15:00;911.75
22.12.2025 19:15:00;22.12.2025 19:30:00;893.14
22.12.2025 19:30:00;22.12.2025 19:45:00;881.29
22.12.2025 19:45:00;22.12.2025 20:00:00;875.48
22.12.2025 20:00:00;22.12.2025 20:15:00;874.06
22.12.2025 20:15:00;22.12.2025 20:30:00;870.74
22.12.2025 20:30:00;22.12.2025 20:45:00;868.25
22.12.2025 20:45:00;22.12.2025 21:00:00;865.29
22.12.2025 21:00:00;22.12.2025 21:15:00;858.06
22.12.2025 21:15:00;22.12.2025 21:30:00;852.26
22.12.2025 21:30:00;22.12.2025 21:45:00;835.43
22.12.2025 21:45:00;22.12.2025 22:00:00;828.79
22.12.2025 22:00:00;22.12.2025 22:15:00;827.48
22.12.2025 22:15:00;22.12.2025 22:30:00;806.51
22.12.2025 22:30:00;22.12.2025 22:45:00;794.42
22.12.2025 22:45:00;22.12.2025 23:00:00;784.11
22.12.2025 23:00:00;22.12.2025 23:15:00;776.64
22.12.2025 23:15:00;22.12.2025 23:30:00;770
22.12.2025 23:30:00;22.12.2025 23:45:00;763.6
22.12.2025 23:45:00;23.12.2025 00:00:00;753.29
23.12.2025 00:00:00;23.12.2025 00:15:00;783.91
23.12.2025 00:15:00;23.12.2025 00:30:00;778.08
23.12.2025 00:30:00;23.12.2025 00:45:00;761.91
23.12.2025 00:45:00;23.12.2025 01:00:00;729.09
23.12.2025 01:00:00;23.12.2025 01:15:00;746.33
23.12.2025 01:15:00;23.12.2025 01:30:00;724.33
23.12.2025 01:30:00;23.12.2025 01:45:00;713.51
23.12.2025 01:45:00;23.12.2025 02:00:00;701.02
23.12.2025 02:00:00;23.12.2025 02:15:00;713.51
23.12.2025 02:15:00;23.12.2025 02:30:00;705.66
23.12.2025 02:30:00;23.12.2025 02:45:00;687.82
23.12.2025 02:45:00;23.12.2025 03:00:00;682.11
23.12.2025 03:00:00;23.12.2025 03:15:00;677.83
23.12.2025 03:15:00;23.12.2025 03:30:00;667.13
23.12.2025 03:30:00;23.12.2025 03:45:00;660.59
23.12.2025 03:45:00;23.12.2025 04:00:00;622.89
23.12.2025 04:00:00;23.12.2025 04:15:00;636.81
23.12.2025 04:15:00;23.12.2025 04:30:00;622.54
23.12.2025 04:30:00;23.12.2025 04:45:00;625.63
23.12.2025 04:45:00;23.12.2025 05:00:00;615.28
23.12.2025 05:00:00;23.12.2025 05:15:00;601.01
23.12.2025 05:15:00;23.12.2025 05:30:00;625.75
23.12.2025 05:30:00;23.12.2025 05:45:00;661.3
23.12.2025 05:45:00;23.12.2025 06:00:00;671.41
23.12.2025 06:00:00;23.12.2025 06:15:00;681.4
23.12.2025 06:15:00;23.12.2025 06:30:00;712.68
23.12.2025 06:30:00;23.12.2025 06:45:00;745.02
23.12.2025 06:45:00;23.12.2025 07:00:00;767.62
23.12.2025 07:00:00;23.12.2025 07:15:00;773.68
23.12.2025 07:15:00;23.12.2025 07:30:00;786.29
23.12.2025 07:30:00;23.12.2025 07:45:00;797.7
23.12.2025 07:45:00;23.12.2025 08:00:00;801.51
23.12.2025 08:00:00;23.12.2025 08:15:00;803.65
23.12.2025 08:15:00;23.12.2025 08:30:00;808.29
23.12.2025 08:30:00;23.12.2025 08:45:00;810.07
23.12.2025 08:45:00;23.12.2025 09:00:00;829.57
23.12.2025 09:00:00;23.12.2025 09:15:00;814.35
23.12.2025 09:15:00;23.12.2025 09:30:00;813.76
23.12.2025 09:30:00;23.12.2025 09:45:00;819.23
23.12.2025 09:45:00;23.12.2025 10:00:00;805.31
23.12.2025 10:00:00;23.12.2025 10:15:00;808.29
23.12.2025 10:15:00;23.12.2025 10:30:00;808.41
23.12.2025 10:30:00;23.12.2025 10:45:00;803.17
23.12.2025 10:45:00;23.12.2025 11:00:00;796.99
23.12.2025 11:00:00;23.12.2025 11:15:00;803.17
23.12.2025 11:15:00;23.12.2025 11:30:00;797.11
23.12.2025 11:30:00;23.12.2025 11:45:00;788.66
23.12.2025 11:45:00;23.12.2025 12:00:00;781.77
23.12.2025 12:00:00;23.12.2025 12:15:00;798.18
23.12.2025 12:15:00;23.12.2025 12:30:00;796.39
23.12.2025 12:30:00;23.12.2025 12:45:00;795.8
23.12.2025 12:45:00;23.12.2025 13:00:00;789.02
23.12.2025 13:00:00;23.12.2025 13:15:00;786.52
23.12.2025 13:15:00;23.12.2025 13:30:00;783.91
23.12.2025 13:30:00;23.12.2025 13:45:00;782.24
23.12.2025 13:45:00;23.12.2025 14:00:00;784.62
23.12.2025 14:00:00;23.12.2025 14:15:00;780.22
23.12.2025 14:15:00;23.12.2025 14:30:00;786.52
23.12.2025 14:30:00;23.12.2025 14:45:00;793.18
23.12.2025 14:45:00;23.12.2025 15:00:00;797.35
23.12.2025 15:00:00;23.12.2025 15:15:00;786.64
23.12.2025 15:15:00;23.12.2025 15:30:00;798.54
23.12.2025 15:30:00;23.12.2025 15:45:00;808.41
23.12.2025 15:45:00;23.12.2025 16:00:00;829.57
23.12.2025 16:00:00;23.12.2025 16:15:00;808.17
23.12.2025 16:15:00;23.12.2025 16:30:00;804.12
23.12.2025 16:30:00;23.12.2025 16:45:00;815.66
23.12.2025 16:45:00;23.12.2025 17:00:00;837.66
23.12.2025 17:00:00;23.12.2025 17:15:00;802.34
23.12.2025 17:15:00;23.12.2025 17:30:00;797.46
23.12.2025 17:30:00;23.12.2025 17:45:00;805.31
23.12.2025 17:45:00;23.12.2025 18:00:00;808.29
23.12.2025 18:00:00;23.12.2025 18:15:00;813.88
23.12.2025 18:15:00;23.12.2025 18:30:00;798.3
23.12.2025 18:30:00;23.12.2025 18:45:00;804.84
23.12.2025 18:45:00;23.12.2025 19:00:00;799.25
23.12.2025 19:00:00;23.12.2025 19:15:00;797.35
23.12.2025 19:15:00;23.12.2025 19:30:00;779.27
23.12.2025 19:30:00;23.12.2025 19:45:00;773.8
23.12.2025 19:45:00;23.12.2025 20:00:00;772.73
23.12.2025 20:00:00;23.12.2025 20:15:00;796.63
23.12.2025 20:15:00;23.12.2025 20:30:00;772.73
23.12.2025 20:30:00;23.12.2025 20:45:00;751.32
23.12.2025 20:45:00;23.12.2025 21:00:00;739.43
23.12.2025 21:00:00;23.12.2025 21:15:00;748.59
23.12.2025 21:15:00;23.12.2025 21:30:00;738.01
23.12.2025 21:30:00;23.12.2025 21:45:00;713.03
23.12.2025 21:45:00;23.12.2025 22:00:00;682.11
23.12.2025 22:00:00;23.12.2025 22:15:00;714.1
23.12.2025 22:15:00;23.12.2025 22:30:00;713.39
23.12.2025 22:30:00;23.12.2025 22:45:00;687.58
23.12.2025 22:45:00;23.12.2025 23:00:00;642.04
23.12.2025 23:00:00;23.12.2025 23:15:00;675.69
23.12.2025 23:15:00;23.12.2025 23:30:00;602.91
23.12.2025 23:30:00;23.12.2025 23:45:00;561.53
23.12.2025 23:45:00;24.12.2025 00:00:00;446.54
24.12.2025 00:00:00;24.12.2025 00:15:00;660.92
24.12.2025 00:15:00;24.12.2025 00:30:00;650.36
24.12.2025 00:30:00;24.12.2025 00:45:00;553.84
24.12.2025 00:45:00;24.12.2025 01:00:00;417.78
24.12.2025 01:00:00;24.12.2025 01:15:00;559.89
24.12.2025 01:15:00;24.12.2025 01:30:00;474.89
24.12.2025 01:30:00;24.12.2025 01:45:00;398.43
24.12.2025 01:45:00;24.12.2025 02:00:00;377.18
24.12.2025 02:00:00;24.12.2025 02:15:00;449.95
24.12.2025 02:15:00;24.12.2025 02:30:00;415.52
24.12.2025 02:30:00;24.12.2025 02:45:00;414.1
24.12.2025 02:45:00;24.12.2025 03:00:00;373.73
24.12.2025 03:00:00;24.12.2025 03:15:00;393.09
24.12.2025 03:15:00;24.12.2025 03:30:00;359.01
24.12.2025 03:30:00;24.12.2025 03:45:00;354.62
24.12.2025 03:45:00;24.12.2025 04:00:00;319.48
24.12.2025 04:00:00;24.12.2025 04:15:00;356.16
24.12.2025 04:15:00;24.12.2025 04:30:00;356.16
24.12.2025 04:30:00;24.12.2025 04:45:00;349.99
24.12.2025 04:45:00;24.12.2025 05:00:00;349.75
24.12.2025 05:00:00;24.12.2025 05:15:00;364.95
24.12.2025 05:15:00;24.12.2025 05:30:00;353.67
24.12.2025 05:30:00;24.12.2025 05:45:00;388.69
24.12.2025 05:45:00;24.12.2025 06:00:00;437.61
24.12.2025 06:00:00;24.12.2025 06:15:00;359.96
24.12.2025 06:15:00;24.12.2025 06:30:00;415.52
24.12.2025 06:30:00;24.12.2025 06:45:00;529.26
24.12.2025 06:45:00;24.12.2025 07:00:00;594.32
24.12.2025 07:00:00;24.12.2025 07:15:00;474.89
24.12.2025 07:15:00;24.12.2025 07:30:00;599.07
24.12.2025 07:30:00;24.12.2025 07:45:00;657.95
24.12.2025 07:45:00;24.12.2025 08:00:00;678.73
24.12.2025 08:00:00;24.12.2025 08:15:00;687.28
24.12.2025 08:15:00;24.12.2025 08:30:00;691.43
24.12.2025 08:30:00;24.12.2025 08:45:00;702.71
24.12.2025 08:45:00;24.12.2025 09:00:00;719.81
24.12.2025 09:00:00;24.12.2025 09:15:00;727.64
24.12.2025 09:15:00;24.12.2025 09:30:00;712.33
24.12.2025 09:30:00;24.12.2025 09:45:00;712.21
24.12.2025 09:45:00;24.12.2025 10:00:00;707.82
24.12.2025 10:00:00;24.12.2025 10:15:00;712.45
24.12.2025 10:15:00;24.12.2025 10:30:00;708.53
24.12.2025 10:30:00;24.12.2025 10:45:00;698.32
24.12.2025 10:45:00;24.12.2025 11:00:00;688.58
24.12.2025 11:00:00;24.12.2025 11:15:00;671.49
24.12.2025 11:15:00;24.12.2025 11:30:00;652.61
24.12.2025 11:30:00;24.12.2025 11:45:00;610.94
24.12.2025 11:45:00;24.12.2025 12:00:00;592.66
24.12.2025 12:00:00;24.12.2025 12:15:00;598.47
24.12.2025 12:15:00;24.12.2025 12:30:00;570.81
24.12.2025 12:30:00;24.12.2025 12:45:00;519.88
24.12.2025 12:45:00;24.12.2025 13:00:00;447.82
24.12.2025 13:00:00;24.12.2025 13:15:00;503.02
24.12.2025 13:15:00;24.12.2025 13:30:00;477.62
24.12.2025 13:30:00;24.12.2025 13:45:00;519.76
24.12.2025 13:45:00;24.12.2025 14:00:00;561.31
24.12.2025 14:00:00;24.12.2025 14:15:00;524.04
24.12.2025 14:15:00;24.12.2025 14:30:00;589.1
24.12.2025 14:30:00;24.12.2025 14:45:00;594.08
24.12.2025 14:45:00;24.12.2025 15:00:00;613.67
24.12.2025 15:00:00;24.12.2025 15:15:00;577.1
24.12.2025 15:15:00;24.12.2025 15:30:00;629.58
24.12.2025 15:30:00;24.12.2025 15:45:00;640.26
24.12.2025 15:45:00;24.12.2025 16:00:00;629.22
24.12.2025 16:00:00;24.12.2025 16:15:00;593.49
24.12.2025 16:15:00;24.12.2025 16:30:00;611.42
24.12.2025 16:30:00;24.12.2025 16:45:00;618.66
24.12.2025 16:45:00;24.12.2025 17:00:00;594.91
24.12.2025 17:00:00;24.12.2025 17:15:00;593.61
24.12.2025 17:15:00;24.12.2025 17:30:00;593.37
24.12.2025 17:30:00;24.12.2025 17:45:00;576.04
24.12.2025 17:45:00;24.12.2025 18:00:00;496.85
24.12.2025 18:00:00;24.12.2025 18:15:00;593.49
24.12.2025 18:15:00;24.12.2025 18:30:00;522.02
24.12.2025 18:30:00;24.12.2025 18:45:00;503.14
24.12.2025 18:45:00;24.12.2025 19:00:00;408.76
24.12.2025 19:00:00;24.12.2025 19:15:00;451.5
24.12.2025 19:15:00;24.12.2025 19:30:00;398.31
24.12.2025 19:30:00;24.12.2025 19:45:00;369.22
24.12.2025 19:45:00;24.12.2025 20:00:00;308.08
24.12.2025 20:00:00;24.12.2025 20:15:00;376.35
24.12.2025 20:15:00;24.12.2025 20:30:00;332.42
24.12.2025 20:30:00;24.12.2025 20:45:00;251.69
24.12.2025 20:45:00;24.12.2025 21:00:00;183.9
24.12.2025 21:00:00;24.12.2025 21:15:00;302.74
24.12.2025 21:15:00;24.12.2025 21:30:00;265.7
24.12.2025 21:30:00;24.12.2025 21:45:00;237.32
24.12.2025 21:45:00;24.12.2025 22:00:00;202.06
24.12.2025 22:00:00;24.12.2025 22:15:00;309.98
24.12.2025 22:15:00;24.12.2025 22:30:00;281.96
24.12.2025 22:30:00;24.12.2025 22:45:00;190.43
24.12.2025 22:45:00;24.12.2025 23:00:00;148.76
24.12.2025 23:00:00;24.12.2025 23:15:00;230.44
24.12.2025 23:15:00;24.12.2025 23:30:00;165.85
24.12.2025 23:30:00;24.12.2025 23:45:00;118.6
24.12.2025 23:45:00;25.12.2025 00:00:00;83.22
25.12.2025 00:00:00;25.12.2025 00:15:00;119.66
25.12.2025 00:15:00;25.12.2025 00:30:00;104.42
25.12.2025 00:30:00;25.12.2025 00:45:00;82.92
25.12.2025 00:45:00;25.12.2025 01:00:00;92.49
25.12.2025 01:00:00;25.12.2025 01:15:00;82.92
25.12.2025 01:15:00;25.12.2025 01:30:00;64.5
25.12.2025 01:30:00;25.12.2025 01:45:00;59.06
25.12.2025 01:45:00;25.12.2025 02:00:00;56.11
25.12.2025 02:00:00;25.12.2025 02:15:00;61.31
25.12.2025 02:15:00;25.12.2025 02:30:00;58.94
25.12.2025 02:30:00;25.12.2025 02:45:00;56.11
25.12.2025 02:45:00;25.12.2025 03:00:00;52.8
25.12.2025 03:00:00;25.12.2025 03:15:00;58.94
25.12.2025 03:15:00;25.12.2025 03:30:00;55.4
25.12.2025 03:30:00;25.12.2025 03:45:00;52.8
25.12.2025 03:45:00;25.12.2025 04:00:00;50.56
25.12.2025 04:00:00;25.12.2025 04:15:00;56.82
25.12.2025 04:15:00;25.12.2025 04:30:00;52.8
25.12.2025 04:30:00;25.12.2025 04:45:00;53.39
25.12.2025 04:45:00;25.12.2025 05:00:00;52.8
25.12.2025 05:00:00;25.12.2025 05:15:00;53.75
25.12.2025 05:15:00;25.12.2025 05:30:00;52.33
25.12.2025 05:30:00;25.12.2025 05:45:00;51.38
25.12.2025 05:45:00;25.12.2025 06:00:00;50.56
25.12.2025 06:00:00;25.12.2025 06:15:00;47.13
25.12.2025 06:15:00;25.12.2025 06:30:00;47.37
25.12.2025 06:30:00;25.12.2025 06:45:00;48.31
25.12.2025 06:45:00;25.12.2025 07:00:00;47.25
25.12.2025 07:00:00;25.12.2025 07:15:00;47.25
25.12.2025 07:15:00;25.12.2025 07:30:00;50.56
25.12.2025 07:30:00;25.12.2025 07:45:00;58
25.12.2025 07:45:00;25.12.2025 08:00:00;59.06
25.12.2025 08:00:00;25.12.2025 08:15:00;60.13
25.12.2025 08:15:00;25.12.2025 08:30:00;82.1
25.12.2025 08:30:00;25.12.2025 08:45:00;96.86
25.12.2025 08:45:00;25.12.2025 09:00:00;82.1
25.12.2025 09:00:00;25.12.2025 09:15:00;102.89
25.12.2025 09:15:00;25.12.2025 09:30:00;94.62
25.12.2025 09:30:00;25.12.2025 09:45:00;77.37
25.12.2025 09:45:00;25.12.2025 10:00:00;60.13
25.12.2025 10:00:00;25.12.2025 10:15:00;75.01
25.12.2025 10:15:00;25.12.2025 10:30:00;60.13
25.12.2025 10:30:00;25.12.2025 10:45:00;59.06
25.12.2025 10:45:00;25.12.2025 11:00:00;58.94
25.12.2025 11:00:00;25.12.2025 11:15:00;59.06
25.12.2025 11:15:00;25.12.2025 11:30:00;59.06
25.12.2025 11:30:00;25.12.2025 11:45:00;59.06
25.12.2025 11:45:00;25.12.2025 12:00:00;59.06
25.12.2025 12:00:00;25.12.2025 12:15:00;56.58
25.12.2025 12:15:00;25.12.2025 12:30:00;56.7
25.12.2025 12:30:00;25.12.2025 12:45:00;58.94
25.12.2025 12:45:00;25.12.2025 13:00:00;59.06
25.12.2025 13:00:00;25.12.2025 13:15:00;57.41
25.12.2025 13:15:00;25.12.2025 13:30:00;59.06
25.12.2025 13:30:00;25.12.2025 13:45:00;62.37
25.12.2025 13:45:00;25.12.2025 14:00:00;82.1
25.12.2025 14:00:00;25.12.2025 14:15:00;73.95
25.12.2025 14:15:00;25.12.2025 14:30:00;101.23
25.12.2025 14:30:00;25.12.2025 14:45:00;120.84
25.12.2025 14:45:00;25.12.2025 15:00:00;169.75
25.12.2025 15:00:00;25.12.2025 15:15:00;138.92
25.12.2025 15:15:00;25.12.2025 15:30:00;177.07
25.12.2025 15:30:00;25.12.2025 15:45:00;236.37
25.12.2025 15:45:00;25.12.2025 16:00:00;295.43
25.12.2025 16:00:00;25.12.2025 16:15:00;305.47
25.12.2025 16:15:00;25.12.2025 16:30:00;304.88
25.12.2025 16:30:00;25.12.2025 16:45:00;337.13
25.12.2025 16:45:00;25.12.2025 17:00:00;347.41
25.12.2025 17:00:00;25.12.2025 17:15:00;333.94
25.12.2025 17:15:00;25.12.2025 17:30:00;350.6
25.12.2025 17:30:00;25.12.2025 17:45:00;352.72
25.12.2025 17:45:00;25.12.2025 18:00:00;354.26
25.12.2025 18:00:00;25.12.2025 18:15:00;320.24
25.12.2025 18:15:00;25.12.2025 18:30:00;308.54
25.12.2025 18:30:00;25.12.2025 18:45:00;305.71
25.12.2025 18:45:00;25.12.2025 19:00:00;303.47
25.12.2025 19:00:00;25.12.2025 19:15:00;297.68
25.12.2025 19:15:00;25.12.2025 19:30:00;295.43
25.12.2025 19:30:00;25.12.2025 19:45:00;275.82
25.12.2025 19:45:00;25.12.2025 20:00:00;277.24
25.12.2025 20:00:00;25.12.2025 20:15:00;295.31
25.12.2025 20:15:00;25.12.2025 20:30:00;295.31
25.12.2025 20:30:00;25.12.2025 20:45:00;236.25
25.12.2025 20:45:00;25.12.2025 21:00:00;199.87
25.12.2025 21:00:00;25.12.2025 21:15:00;219.48
25.12.2025 21:15:00;25.12.2025 21:30:00;247.95
25.12.2025 21:30:00;25.12.2025 21:45:00;237.31
25.12.2025 21:45:00;25.12.2025 22:00:00;196.92
25.12.2025 22:00:00;25.12.2025 22:15:00;237.2
25.12.2025 22:15:00;25.12.2025 22:30:00;203.89
25.12.2025 22:30:00;25.12.2025 22:45:00;178.96
25.12.2025 22:45:00;25.12.2025 23:00:00;174.47
25.12.2025 23:00:00;25.12.2025 23:15:00;182.15
25.12.2025 23:15:00;25.12.2025 23:30:00;176.48
25.12.2025 23:30:00;25.12.2025 23:45:00;173.17
25.12.2025 23:45:00;26.12.2025 00:00:00;169.51
26.12.2025 00:00:00;26.12.2025 00:15:00;238.5
26.12.2025 00:15:00;26.12.2025 00:30:00;212.51
26.12.2025 00:30:00;26.12.2025 00:45:00;177.07
26.12.2025 00:45:00;26.12.2025 01:00:00;173.65
26.12.2025 01:00:00;26.12.2025 01:15:00;184.28
26.12.2025 01:15:00;26.12.2025 01:30:00;177.07
26.12.2025 01:30:00;26.12.2025 01:45:00;177.07
26.12.2025 01:45:00;26.12.2025 02:00:00;172.58
26.12.2025 02:00:00;26.12.2025 02:15:00;174.47
26.12.2025 02:15:00;26.12.2025 02:30:00;168.68
26.12.2025 02:30:00;26.12.2025 02:45:00;167.74
26.12.2025 02:45:00;26.12.2025 03:00:00;166.44
26.12.2025 03:00:00;26.12.2025 03:15:00;173.53
26.12.2025 03:15:00;26.12.2025 03:30:00;176.72
26.12.2025 03:30:00;26.12.2025 03:45:00;177.07
26.12.2025 03:45:00;26.12.2025 04:00:00;177.19
26.12.2025 04:00:00;26.12.2025 04:15:00;177.07
26.12.2025 04:15:00;26.12.2025 04:30:00;180.5
26.12.2025 04:30:00;26.12.2025 04:45:00;209.32
26.12.2025 04:45:00;26.12.2025 05:00:00;236.25
26.12.2025 05:00:00;26.12.2025 05:15:00;220.3
26.12.2025 05:15:00;26.12.2025 05:30:00;252.08
26.12.2025 05:30:00;26.12.2025 05:45:00;295.31
26.12.2025 05:45:00;26.12.2025 06:00:00;295.43
26.12.2025 06:00:00;26.12.2025 06:15:00;295.43
26.12.2025 06:15:00;26.12.2025 06:30:00;322.48
26.12.2025 06:30:00;26.12.2025 06:45:00;353.91
26.12.2025 06:45:00;26.12.2025 07:00:00;357.45
26.12.2025 07:00:00;26.12.2025 07:15:00;305.47
26.12.2025 07:15:00;26.12.2025 07:30:00;354.26
26.12.2025 07:30:00;26.12.2025 07:45:00;372.92
26.12.2025 07:45:00;26.12.2025 08:00:00;410.72
26.12.2025 08:00:00;26.12.2025 08:15:00;400.21
26.12.2025 08:15:00;26.12.2025 08:30:00;413.32
26.12.2025 08:30:00;26.12.2025 08:45:00;425.37
26.12.2025 08:45:00;26.12.2025 09:00:00;438.13
26.12.2025 09:00:00;26.12.2025 09:15:00;425.25
26.12.2025 09:15:00;26.12.2025 09:30:00;459.63
26.12.2025 09:30:00;26.12.2025 09:45:00;481.01
26.12.2025 09:45:00;26.12.2025 10:00:00;488.8
26.12.2025 10:00:00;26.12.2025 10:15:00;483.49
26.12.2025 10:15:00;26.12.2025 10:30:00;491.99
26.12.2025 10:30:00;26.12.2025 10:45:00;494.95
26.12.2025 10:45:00;26.12.2025 11:00:00;508.3
26.12.2025 11:00:00;26.12.2025 11:15:00;460.69
26.12.2025 11:15:00;26.12.2025 11:30:00;484.67
26.12.2025 11:30:00;26.12.2025 11:45:00;496.13
26.12.2025 11:45:00;26.12.2025 12:00:00;517.39
26.12.2025 12:00:00;26.12.2025 12:15:00;517.63
26.12.2025 12:15:00;26.12.2025 12:30:00;526.01
26.12.2025 12:30:00;26.12.2025 12:45:00;539.84
26.12.2025 12:45:00;26.12.2025 13:00:00;567
26.12.2025 13:00:00;26.12.2025 13:15:00;529.79
26.12.2025 13:15:00;26.12.2025 13:30:00;546.1
26.12.2025 13:30:00;26.12.2025 13:45:00;569.96
26.12.2025 13:45:00;26.12.2025 14:00:00;570.43
26.12.2025 14:00:00;26.12.2025 14:15:00;507.23
26.12.2025 14:15:00;26.12.2025 14:30:00;569.72
26.12.2025 14:30:00;26.12.2025 14:45:00;649.57
26.12.2025 14:45:00;26.12.2025 15:00:00;665.52
26.12.2025 15:00:00;26.12.2025 15:15:00;674.62
26.12.2025 15:15:00;26.12.2025 15:30:00;698.01
26.12.2025 15:30:00;26.12.2025 15:45:00;705.57
26.12.2025 15:45:00;26.12.2025 16:00:00;708.76
26.12.2025 16:00:00;26.12.2025 16:15:00;716.43
26.12.2025 16:15:00;26.12.2025 16:30:00;721.99
26.12.2025 16:30:00;26.12.2025 16:45:00;726.71
26.12.2025 16:45:00;26.12.2025 17:00:00;729.66
26.12.2025 17:00:00;26.12.2025 17:15:00;720.57
26.12.2025 17:15:00;26.12.2025 17:30:00;723.99
26.12.2025 17:30:00;26.12.2025 17:45:00;723.88
26.12.2025 17:45:00;26.12.2025 18:00:00;726.36
26.12.2025 18:00:00;26.12.2025 18:15:00;719.5
26.12.2025 18:15:00;26.12.2025 18:30:00;716.43
26.12.2025 18:30:00;26.12.2025 18:45:00;716.55
26.12.2025 18:45:00;26.12.2025 19:00:00;710.41
26.12.2025 19:00:00;26.12.2025 19:15:00;715.02
26.12.2025 19:15:00;26.12.2025 19:30:00;708.76
26.12.2025 19:30:00;26.12.2025 19:45:00;707.34
26.12.2025 19:45:00;26.12.2025 20:00:00;700.13
26.12.2025 20:00:00;26.12.2025 20:15:00;698.24
26.12.2025 20:15:00;26.12.2025 20:30:00;686.08
26.12.2025 20:30:00;26.12.2025 20:45:00;672.37
26.12.2025 20:45:00;26.12.2025 21:00:00;650.64
26.12.2025 21:00:00;26.12.2025 21:15:00;650.87
26.12.2025 21:15:00;26.12.2025 21:30:00;611.42
26.12.2025 21:30:00;26.12.2025 21:45:00;572.91
26.12.2025 21:45:00;26.12.2025 22:00:00;537
26.12.2025 22:00:00;26.12.2025 22:15:00;590.39
26.12.2025 22:15:00;26.12.2025 22:30:00;537.12
26.12.2025 22:30:00;26.12.2025 22:45:00;460.57
26.12.2025 22:45:00;26.12.2025 23:00:00;383.55
26.12.2025 23:00:00;26.12.2025 23:15:00;472.39
26.12.2025 23:15:00;26.12.2025 23:30:00;369.38
26.12.2025 23:30:00;26.12.2025 23:45:00;305.12
26.12.2025 23:45:00;27.12.2025 00:00:00;200.11
27.12.2025 00:00:00;27.12.2025 00:15:00;438.13
27.12.2025 00:15:00;27.12.2025 00:30:00;337.49
27.12.2025 00:30:00;27.12.2025 00:45:00;285.16
27.12.2025 00:45:00;27.12.2025 01:00:00;177.19
27.12.2025 01:00:00;27.12.2025 01:15:00;244.52
27.12.2025 01:15:00;27.12.2025 01:30:00;175.89
27.12.2025 01:30:00;27.12.2025 01:45:00;138.21
27.12.2025 01:45:00;27.12.2025 02:00:00;118.01
27.12.2025 02:00:00;27.12.2025 02:15:00;118.13
27.12.2025 02:15:00;27.12.2025 02:30:00;105.25
27.12.2025 02:30:00;27.12.2025 02:45:00;86.35
27.12.2025 02:45:00;27.12.2025 03:00:00;75.01
27.12.2025 03:00:00;27.12.2025 03:15:00;88.95
27.12.2025 03:15:00;27.12.2025 03:30:00;82.1
27.12.2025 03:30:00;27.12.2025 03:45:00;79.03
27.12.2025 03:45:00;27.12.2025 04:00:00;64.97
27.12.2025 04:00:00;27.12.2025 04:15:00;79.14
27.12.2025 04:15:00;27.12.2025 04:30:00;73.12
27.12.2025 04:30:00;27.12.2025 04:45:00;62.49
27.12.2025 04:45:00;27.12.2025 05:00:00;61.78
27.12.2025 05:00:00;27.12.2025 05:15:00;62.49
27.12.2025 05:15:00;27.12.2025 05:30:00;62.37
27.12.2025 05:30:00;27.12.2025 05:45:00;60.13
27.12.2025 05:45:00;27.12.2025 06:00:00;60.13
27.12.2025 06:00:00;27.12.2025 06:15:00;62.37
27.12.2025 06:15:00;27.12.2025 06:30:00;62.37
27.12.2025 06:30:00;27.12.2025 06:45:00;62.49
27.12.2025 06:45:00;27.12.2025 07:00:00;70.88
27.12.2025 07:00:00;27.12.2025 07:15:00;76.66
27.12.2025 07:15:00;27.12.2025 07:30:00;79.14
27.12.2025 07:30:00;27.12.2025 07:45:00;82.1
27.12.2025 07:45:00;27.12.2025 08:00:00;82.1
27.12.2025 08:00:00;27.12.2025 08:15:00;82.92
27.12.2025 08:15:00;27.12.2025 08:30:00;85.64
27.12.2025 08:30:00;27.12.2025 08:45:00;89.19
27.12.2025 08:45:00;27.12.2025 09:00:00;94.62
27.12.2025 09:00:00;27.12.2025 09:15:00;100.41
27.12.2025 09:15:00;27.12.2025 09:30:00;105.25
27.12.2025 09:30:00;27.12.2025 09:45:00;111.27
27.12.2025 09:45:00;27.12.2025 10:00:00;111.87
27.12.2025 10:00:00;27.12.2025 10:15:00;111.39
27.12.2025 10:15:00;27.12.2025 10:30:00;111.87
27.12.2025 10:30:00;27.12.2025 10:45:00;111.87
27.12.2025 10:45:00;27.12.2025 11:00:00;112.22
27.12.2025 11:00:00;27.12.2025 11:15:00;112.1
27.12.2025 11:15:00;27.12.2025 11:30:00;113.64
27.12.2025 11:30:00;27.12.2025 11:45:00;117.54
27.12.2025 11:45:00;27.12.2025 12:00:00;118.01
27.12.2025 12:00:00;27.12.2025 12:15:00;111.39
27.12.2025 12:15:00;27.12.2025 12:30:00;112.1
27.12.2025 12:30:00;27.12.2025 12:45:00;118.01
27.12.2025 12:45:00;27.12.2025 13:00:00;122.14
27.12.2025 13:00:00;27.12.2025 13:15:00;118.13
27.12.2025 13:15:00;27.12.2025 13:30:00;122.73
27.12.2025 13:30:00;27.12.2025 13:45:00;135.14
27.12.2025 13:45:00;27.12.2025 14:00:00;141.16
27.12.2025 14:00:00;27.12.2025 14:15:00;139.27
27.12.2025 14:15:00;27.12.2025 14:30:00;159.35
27.12.2025 14:30:00;27.12.2025 14:45:00;177.07
27.12.2025 14:45:00;27.12.2025 15:00:00;212.51
27.12.2025 15:00:00;27.12.2025 15:15:00;174
27.12.2025 15:15:00;27.12.2025 15:30:00;200.93
27.12.2025 15:30:00;27.12.2025 15:45:00;239.44
27.12.2025 15:45:00;27.12.2025 16:00:00;293.78
27.12.2025 16:00:00;27.12.2025 16:15:00;295.31
27.12.2025 16:15:00;27.12.2025 16:30:00;295.43
27.12.2025 16:30:00;27.12.2025 16:45:00;305.47
27.12.2025 16:45:00;27.12.2025 17:00:00;324.14
27.12.2025 17:00:00;27.12.2025 17:15:00;308.43
27.12.2025 17:15:00;27.12.2025 17:30:00;330.63
27.12.2025 17:30:00;27.12.2025 17:45:00;307.84
27.12.2025 17:45:00;27.12.2025 18:00:00;295.43
27.12.2025 18:00:00;27.12.2025 18:15:00;324.26
27.12.2025 18:15:00;27.12.2025 18:30:00;304.88
27.12.2025 18:30:00;27.12.2025 18:45:00;295.43
27.12.2025 18:45:00;27.12.2025 19:00:00;293.9
27.12.2025 19:00:00;27.12.2025 19:15:00;295.31
27.12.2025 19:15:00;27.12.2025 19:30:00;247.59
27.12.2025 19:30:00;27.12.2025 19:45:00;222.9
27.12.2025 19:45:00;27.12.2025 20:00:00;212.63
27.12.2025 20:00:00;27.12.2025 20:15:00;250.55
27.12.2025 20:15:00;27.12.2025 20:30:00;215.58
27.12.2025 20:30:00;27.12.2025 20:45:00;187.7
27.12.2025 20:45:00;27.12.2025 21:00:00;169.63
27.12.2025 21:00:00;27.12.2025 21:15:00;177.19
27.12.2025 21:15:00;27.12.2025 21:30:00;177.07
27.12.2025 21:30:00;27.12.2025 21:45:00;162.54
27.12.2025 21:45:00;27.12.2025 22:00:00;139.03
27.12.2025 22:00:00;27.12.2025 22:15:00;139.98
27.12.2025 22:15:00;27.12.2025 22:30:00;138.33
27.12.2025 22:30:00;27.12.2025 22:45:00;123.8
27.12.2025 22:45:00;27.12.2025 23:00:00;118.24
27.12.2025 23:00:00;27.12.2025 23:15:00;122.73
27.12.2025 23:15:00;27.12.2025 23:30:00;118.24
27.12.2025 23:30:00;27.12.2025 23:45:00;118.13
27.12.2025 23:45:00;28.12.2025 00:00:00;111.51
28.12.2025 00:00:00;28.12.2025 00:15:00;127.22
28.12.2025 00:15:00;28.12.2025 00:30:00;132.66
28.12.2025 00:30:00;28.12.2025 00:45:00;131.24
28.12.2025 00:45:00;28.12.2025 01:00:00;131
28.12.2025 01:00:00;28.12.2025 01:15:00;139.98
28.12.2025 01:15:00;28.12.2025 01:30:00;140.92
28.12.2025 01:30:00;28.12.2025 01:45:00;144.23
28.12.2025 01:45:00;28.12.2025 02:00:00;145.29
28.12.2025 02:00:00;28.12.2025 02:15:00;142.58
28.12.2025 02:15:00;28.12.2025 02:30:00;144.35
28.12.2025 02:30:00;28.12.2025 02:45:00;146.71
28.12.2025 02:45:00;28.12.2025 03:00:00;148.48
28.12.2025 03:00:00;28.12.2025 03:15:00;148.01
28.12.2025 03:15:00;28.12.2025 03:30:00;154.04
28.12.2025 03:30:00;28.12.2025 03:45:00;157.46
28.12.2025 03:45:00;28.12.2025 04:00:00;162.9
28.12.2025 04:00:00;28.12.2025 04:15:00;158.17
28.12.2025 04:15:00;28.12.2025 04:30:00;163.6
28.12.2025 04:30:00;28.12.2025 04:45:00;170.69
28.12.2025 04:45:00;28.12.2025 05:00:00;177.07
28.12.2025 05:00:00;28.12.2025 05:15:00;175.89
28.12.2025 05:15:00;28.12.2025 05:30:00;189
28.12.2025 05:30:00;28.12.2025 05:45:00;269.68
28.12.2025 05:45:00;28.12.2025 06:00:00;295.31
28.12.2025 06:00:00;28.12.2025 06:15:00;236.25
28.12.2025 06:15:00;28.12.2025 06:30:00;295.43
28.12.2025 06:30:00;28.12.2025 06:45:00;354.26
28.12.2025 06:45:00;28.12.2025 07:00:00;401.51
28.12.2025 07:00:00;28.12.2025 07:15:00;355.68
28.12.2025 07:15:00;28.12.2025 07:30:00;360.99
28.12.2025 07:30:00;28.12.2025 07:45:00;401.51
28.12.2025 07:45:00;28.12.2025 08:00:00;441.44
28.12.2025 08:00:00;28.12.2025 08:15:00;413.44
28.12.2025 08:15:00;28.12.2025 08:30:00;460.69
28.12.2025 08:30:00;28.12.2025 08:45:00;473.92
28.12.2025 08:45:00;28.12.2025 09:00:00;504.16
28.12.2025 09:00:00;28.12.2025 09:15:00;503.1
28.12.2025 09:15:00;28.12.2025 09:30:00;508.18
28.12.2025 09:30:00;28.12.2025 09:45:00;527.55
28.12.2025 09:45:00;28.12.2025 10:00:00;544.56
28.12.2025 10:00:00;28.12.2025 10:15:00;502.51
28.12.2025 10:15:00;28.12.2025 10:30:00;479.24
28.12.2025 10:30:00;28.12.2025 10:45:00;476.17
28.12.2025 10:45:00;28.12.2025 11:00:00;478.29
28.12.2025 11:00:00;28.12.2025 11:15:00;504.63
28.12.2025 11:15:00;28.12.2025 11:30:00;479.47
28.12.2025 11:30:00;28.12.2025 11:45:00;459.98
28.12.2025 11:45:00;28.12.2025 12:00:00;413.44
28.12.2025 12:00:00;28.12.2025 12:15:00;413.44
28.12.2025 12:15:00;28.12.2025 12:30:00;401.51
28.12.2025 12:30:00;28.12.2025 12:45:00;393.71
28.12.2025 12:45:00;28.12.2025 13:00:00;383.55
28.12.2025 13:00:00;28.12.2025 13:15:00;354.38
28.12.2025 13:15:00;28.12.2025 13:30:00;362.06
28.12.2025 13:30:00;28.12.2025 13:45:00;380.96
28.12.2025 13:45:00;28.12.2025 14:00:00;408.01
28.12.2025 14:00:00;28.12.2025 14:15:00;395.37
28.12.2025 14:15:00;28.12.2025 14:30:00;429.51
28.12.2025 14:30:00;28.12.2025 14:45:00;471.56
28.12.2025 14:45:00;28.12.2025 15:00:00;502.04
28.12.2025 15:00:00;28.12.2025 15:15:00;472.03
28.12.2025 15:15:00;28.12.2025 15:30:00;483.96
28.12.2025 15:30:00;28.12.2025 15:45:00;500.85
28.12.2025 15:45:00;28.12.2025 16:00:00;505.34
28.12.2025 16:00:00;28.12.2025 16:15:00;480.77
28.12.2025 16:15:00;28.12.2025 16:30:00;489.87
28.12.2025 16:30:00;28.12.2025 16:45:00;497.55
28.12.2025 16:45:00;28.12.2025 17:00:00;495.54
28.12.2025 17:00:00;28.12.2025 17:15:00;502.04
28.12.2025 17:15:00;28.12.2025 17:30:00;480.06
28.12.2025 17:30:00;28.12.2025 17:45:00;472.5
28.12.2025 17:45:00;28.12.2025 18:00:00;471.91
28.12.2025 18:00:00;28.12.2025 18:15:00;471.56
28.12.2025 18:15:00;28.12.2025 18:30:00;447.46
28.12.2025 18:30:00;28.12.2025 18:45:00;410.96
28.12.2025 18:45:00;28.12.2025 19:00:00;377.88
28.12.2025 19:00:00;28.12.2025 19:15:00;398.08
28.12.2025 19:15:00;28.12.2025 19:30:00;366.19
28.12.2025 19:30:00;28.12.2025 19:45:00;354.26
28.12.2025 19:45:00;28.12.2025 20:00:00;318.11
28.12.2025 20:00:00;28.12.2025 20:15:00;354.38
28.12.2025 20:15:00;28.12.2025 20:30:00;330.63
28.12.2025 20:30:00;28.12.2025 20:45:00;295.43
28.12.2025 20:45:00;28.12.2025 21:00:00;284.92
28.12.2025 21:00:00;28.12.2025 21:15:00;320.83
28.12.2025 21:15:00;28.12.2025 21:30:00;295.43
28.12.2025 21:30:00;28.12.2025 21:45:00;281.49
28.12.2025 21:45:00;28.12.2025 22:00:00;248.06
28.12.2025 22:00:00;28.12.2025 22:15:00;295.43
28.12.2025 22:15:00;28.12.2025 22:30:00;271.69
28.12.2025 22:30:00;28.12.2025 22:45:00;200.46
28.12.2025 22:45:00;28.12.2025 23:00:00;173.41
28.12.2025 23:00:00;28.12.2025 23:15:00;215.11
28.12.2025 23:15:00;28.12.2025 23:30:00;177.07
28.12.2025 23:30:00;28.12.2025 23:45:00;169.51
28.12.2025 23:45:00;29.12.2025 00:00:00;157.34
29.12.2025 00:00:00;29.12.2025 00:15:00;166.2
29.12.2025 00:15:00;29.12.2025 00:30:00;148.48
29.12.2025 00:30:00;29.12.2025 00:45:00;137.38
29.12.2025 00:45:00;29.12.2025 01:00:00;122.85
29.12.2025 01:00:00;29.12.2025 01:15:00;134.78
29.12.2025 01:15:00;29.12.2025 01:30:00;121.43
29.12.2025 01:30:00;29.12.2025 01:45:00;118.13
29.12.2025 01:45:00;29.12.2025 02:00:00;112.22
29.12.2025 02:00:00;29.12.2025 02:15:00;115.76
29.12.2025 02:15:00;29.12.2025 02:30:00;111.98
29.12.2025 02:30:00;29.12.2025 02:45:00;111.51
29.12.2025 02:45:00;29.12.2025 03:00:00;109.98
29.12.2025 03:00:00;29.12.2025 03:15:00;110.68
29.12.2025 03:15:00;29.12.2025 03:30:00;108.79
29.12.2025 03:30:00;29.12.2025 03:45:00;104.31
29.12.2025 03:45:00;29.12.2025 04:00:00;103.71
29.12.2025 04:00:00;29.12.2025 04:15:00;111.04
29.12.2025 04:15:00;29.12.2025 04:30:00;111.39
29.12.2025 04:30:00;29.12.2025 04:45:00;112.1
29.12.2025 04:45:00;29.12.2025 05:00:00;118.01
29.12.2025 05:00:00;29.12.2025 05:15:00;118.24
29.12.2025 05:15:00;29.12.2025 05:30:00;137.5
29.12.2025 05:30:00;29.12.2025 05:45:00;166.09
29.12.2025 05:45:00;29.12.2025 06:00:00;177.19
29.12.2025 06:00:00;29.12.2025 06:15:00;176.48
29.12.2025 06:15:00;29.12.2025 06:30:00;201.05
29.12.2025 06:30:00;29.12.2025 06:45:00;286.46
29.12.2025 06:45:00;29.12.2025 07:00:00;326.15
29.12.2025 07:00:00;29.12.2025 07:15:00;295.31
29.12.2025 07:15:00;29.12.2025 07:30:00;343.75
29.12.2025 07:30:00;29.12.2025 07:45:00;376.23
29.12.2025 07:45:00;29.12.2025 08:00:00;431.04
29.12.2025 08:00:00;29.12.2025 08:15:00;413.44
29.12.2025 08:15:00;29.12.2025 08:30:00;472.39
29.12.2025 08:30:00;29.12.2025 08:45:00;496.6
29.12.2025 08:45:00;29.12.2025 09:00:00;532.28
29.12.2025 09:00:00;29.12.2025 09:15:00;521.17
29.12.2025 09:15:00;29.12.2025 09:30:00;539.84
29.12.2025 09:30:00;29.12.2025 09:45:00;562.63
29.12.2025 09:45:00;29.12.2025 10:00:00;567.24
29.12.2025 10:00:00;29.12.2025 10:15:00;569.72
29.12.2025 10:15:00;29.12.2025 10:30:00;569.72
29.12.2025 10:30:00;29.12.2025 10:45:00;569.37
29.12.2025 10:45:00;29.12.2025 11:00:00;568.66
29.12.2025 11:00:00;29.12.2025 11:15:00;554.01
29.12.2025 11:15:00;29.12.2025 11:30:00;543.38
29.12.2025 11:30:00;29.12.2025 11:45:00;531.45
29.12.2025 11:45:00;29.12.2025 12:00:00;532.87
29.12.2025 12:00:00;29.12.2025 12:15:00;531.57
29.12.2025 12:15:00;29.12.2025 12:30:00;531.57
29.12.2025 12:30:00;29.12.2025 12:45:00;528.38
29.12.2025 12:45:00;29.12.2025 13:00:00;519.28
29.12.2025 13:00:00;29.12.2025 13:15:00;520.7
29.12.2025 13:15:00;29.12.2025 13:30:00;536.65
29.12.2025 13:30:00;29.12.2025 13:45:00;551.53
29.12.2025 13:45:00;29.12.2025 14:00:00;567.24
29.12.2025 14:00:00;29.12.2025 14:15:00;547.63
29.12.2025 14:15:00;29.12.2025 14:30:00;569.6
29.12.2025 14:30:00;29.12.2025 14:45:00;578.82
29.12.2025 14:45:00;29.12.2025 15:00:00;594.65
29.12.2025 15:00:00;29.12.2025 15:15:00;590.63
29.12.2025 15:15:00;29.12.2025 15:30:00;613.31
29.12.2025 15:30:00;29.12.2025 15:45:00;627.25
29.12.2025 15:45:00;29.12.2025 16:00:00;636.82
29.12.2025 16:00:00;29.12.2025 16:15:00;617.33
29.12.2025 16:15:00;29.12.2025 16:30:00;623.47
29.12.2025 16:30:00;29.12.2025 16:45:00;625.12
29.12.2025 16:45:00;29.12.2025 17:00:00;629.02
29.12.2025 17:00:00;29.12.2025 17:15:00;624.41
29.12.2025 17:15:00;29.12.2025 17:30:00;614.14
29.12.2025 17:30:00;29.12.2025 17:45:00;608.23
29.12.2025 17:45:00;29.12.2025 18:00:00;590.63
29.12.2025 18:00:00;29.12.2025 18:15:00;591.69
29.12.2025 18:15:00;29.12.2025 18:30:00;590.51
29.12.2025 18:30:00;29.12.2025 18:45:00;572.2
29.12.2025 18:45:00;29.12.2025 19:00:00;567.95
29.12.2025 19:00:00;29.12.2025 19:15:00;578.7
29.12.2025 19:15:00;29.12.2025 19:30:00;569.48
29.12.2025 19:30:00;29.12.2025 19:45:00;531.33
29.12.2025 19:45:00;29.12.2025 20:00:00;473.8
29.12.2025 20:00:00;29.12.2025 20:15:00;503.57
29.12.2025 20:15:00;29.12.2025 20:30:00;472.39
29.12.2025 20:30:00;29.12.2025 20:45:00;451.6
29.12.2025 20:45:00;29.12.2025 21:00:00;414.15
29.12.2025 21:00:00;29.12.2025 21:15:00;413.44
29.12.2025 21:15:00;29.12.2025 21:30:00;413.32
29.12.2025 21:30:00;29.12.2025 21:45:00;383.79
29.12.2025 21:45:00;29.12.2025 22:00:00;364.42
29.12.2025 22:00:00;29.12.2025 22:15:00;377.88
29.12.2025 22:15:00;29.12.2025 22:30:00;354.26
29.12.2025 22:30:00;29.12.2025 22:45:00;335.71
29.12.2025 22:45:00;29.12.2025 23:00:00;297.2
29.12.2025 23:00:00;29.12.2025 23:15:00;307.13
29.12.2025 23:15:00;29.12.2025 23:30:00;295.31
29.12.2025 23:30:00;29.12.2025 23:45:00;237.31
29.12.2025 23:45:00;30.12.2025 00:00:00;203.29
30.12.2025 00:00:00;30.12.2025 00:15:00;359.56
30.12.2025 00:15:00;30.12.2025 00:30:00;346.45
30.12.2025 00:30:00;30.12.2025 00:45:00;295.4
30.12.2025 00:45:00;30.12.2025 01:00:00;200.99
30.12.2025 01:00:00;30.12.2025 01:15:00;312.06
30.12.2025 01:15:00;30.12.2025 01:30:00;252.86
30.12.2025 01:30:00;30.12.2025 01:45:00;200.76
30.12.2025 01:45:00;30.12.2025 02:00:00;194.97
30.12.2025 02:00:00;30.12.2025 02:15:00;295.52
30.12.2025 02:15:00;30.12.2025 02:30:00;249.91
30.12.2025 02:30:00;30.12.2025 02:45:00;180.43
30.12.2025 02:45:00;30.12.2025 03:00:00;149.12
30.12.2025 03:00:00;30.12.2025 03:15:00;186.69
30.12.2025 03:15:00;30.12.2025 03:30:00;159.04
30.12.2025 03:30:00;30.12.2025 03:45:00;140.97
30.12.2025 03:45:00;30.12.2025 04:00:00;131.87
30.12.2025 04:00:00;30.12.2025 04:15:00;138.72
30.12.2025 04:15:00;30.12.2025 04:30:00;137.42
30.12.2025 04:30:00;30.12.2025 04:45:00;155.85
30.12.2025 04:45:00;30.12.2025 05:00:00;167.32
30.12.2025 05:00:00;30.12.2025 05:15:00;145.93
30.12.2025 05:15:00;30.12.2025 05:30:00;198.98
30.12.2025 05:30:00;30.12.2025 05:45:00;321.52
30.12.2025 05:45:00;30.12.2025 06:00:00;465.79
30.12.2025 06:00:00;30.12.2025 06:15:00;295.4
30.12.2025 06:15:00;30.12.2025 06:30:00;420.42
30.12.2025 06:30:00;30.12.2025 06:45:00;525.7
30.12.2025 06:45:00;30.12.2025 07:00:00;590.92
30.12.2025 07:00:00;30.12.2025 07:15:00;552.4
30.12.2025 07:15:00;30.12.2025 07:30:00;647.05
30.12.2025 07:30:00;30.12.2025 07:45:00;678.95
30.12.2025 07:45:00;30.12.2025 08:00:00;709.32
30.12.2025 08:00:00;30.12.2025 08:15:00;713.81
30.12.2025 08:15:00;30.12.2025 08:30:00;730.23
30.12.2025 08:30:00;30.12.2025 08:45:00;740.28
30.12.2025 08:45:00;30.12.2025 09:00:00;745.36
30.12.2025 09:00:00;30.12.2025 09:15:00;755.4
30.12.2025 09:15:00;30.12.2025 09:30:00;763.79
30.12.2025 09:30:00;30.12.2025 09:45:00;767.93
30.12.2025 09:45:00;30.12.2025 10:00:00;755.52
30.12.2025 10:00:00;30.12.2025 10:15:00;771.59
30.12.2025 10:15:00;30.12.2025 10:30:00;768.75
30.12.2025 10:30:00;30.12.2025 10:45:00;767.93
30.12.2025 10:45:00;30.12.2025 11:00:00;755.76
30.12.2025 11:00:00;30.12.2025 11:15:00;767.57
30.12.2025 11:15:00;30.12.2025 11:30:00;762.37
30.12.2025 11:30:00;30.12.2025 11:45:00;746.89
30.12.2025 11:45:00;30.12.2025 12:00:00;743.82
30.12.2025 12:00:00;30.12.2025 12:15:00;750.2
30.12.2025 12:15:00;30.12.2025 12:30:00;754.34
30.12.2025 12:30:00;30.12.2025 12:45:00;756.58
30.12.2025 12:45:00;30.12.2025 13:00:00;749.61
30.12.2025 13:00:00;30.12.2025 13:15:00;743.11
30.12.2025 13:15:00;30.12.2025 13:30:00;764.26
30.12.2025 13:30:00;30.12.2025 13:45:00;784.71
30.12.2025 13:45:00;30.12.2025 14:00:00;803.26
30.12.2025 14:00:00;30.12.2025 14:15:00;787.07
30.12.2025 14:15:00;30.12.2025 14:30:00;807.63
30.12.2025 14:30:00;30.12.2025 14:45:00;831.26
30.12.2025 14:45:00;30.12.2025 15:00:00;850.52
30.12.2025 15:00:00;30.12.2025 15:15:00;844.61
30.12.2025 15:15:00;30.12.2025 15:30:00;877.46
30.12.2025 15:30:00;30.12.2025 15:45:00;902.28
30.12.2025 15:45:00;30.12.2025 16:00:00;911.02
30.12.2025 16:00:00;30.12.2025 16:15:00;919.29
30.12.2025 16:15:00;30.12.2025 16:30:00;935.6
30.12.2025 16:30:00;30.12.2025 16:45:00;941.86
30.12.2025 16:45:00;30.12.2025 17:00:00;966.67
30.12.2025 17:00:00;30.12.2025 17:15:00;944.34
30.12.2025 17:15:00;30.12.2025 17:30:00;966.2
30.12.2025 17:30:00;30.12.2025 17:45:00;991.01
30.12.2025 17:45:00;30.12.2025 18:00:00;1015.47
30.12.2025 18:00:00;30.12.2025 18:15:00;969.74
30.12.2025 18:15:00;30.12.2025 18:30:00;985.81
30.12.2025 18:30:00;30.12.2025 18:45:00;1018.78
30.12.2025 18:45:00;30.12.2025 19:00:00;1024.34
30.12.2025 19:00:00;30.12.2025 19:15:00;992.08
30.12.2025 19:15:00;30.12.2025 19:30:00;995.86
30.12.2025 19:30:00;30.12.2025 19:45:00;1003.89
30.12.2025 19:45:00;30.12.2025 20:00:00;1000.47
30.12.2025 20:00:00;30.12.2025 20:15:00;946.94
30.12.2025 20:15:00;30.12.2025 20:30:00;947.29
30.12.2025 20:30:00;30.12.2025 20:45:00;946.7
30.12.2025 20:45:00;30.12.2025 21:00:00;940.68
30.12.2025 21:00:00;30.12.2025 21:15:00;919.41
30.12.2025 21:15:00;30.12.2025 21:30:00;919.05
30.12.2025 21:30:00;30.12.2025 21:45:00;917.05
30.12.2025 21:45:00;30.12.2025 22:00:00;914.92
30.12.2025 22:00:00;30.12.2025 22:15:00;920.83
30.12.2025 22:15:00;30.12.2025 22:30:00;918.82
30.12.2025 22:30:00;30.12.2025 22:45:00;917.05
30.12.2025 22:45:00;30.12.2025 23:00:00;911.96
30.12.2025 23:00:00;30.12.2025 23:15:00;915.51
30.12.2025 23:15:00;30.12.2025 23:30:00;913.26
30.12.2025 23:30:00;30.12.2025 23:45:00;909.96
30.12.2025 23:45:00;31.12.2025 00:00:00;849.1
31.12.2025 00:00:00;31.12.2025 00:15:00;940.44
31.12.2025 00:15:00;31.12.2025 00:30:00;938.54
31.12.2025 00:30:00;31.12.2025 00:45:00;929.08
31.12.2025 00:45:00;31.12.2025 01:00:00;892.42
31.12.2025 01:00:00;31.12.2025 01:15:00;920.57
31.12.2025 01:15:00;31.12.2025 01:30:00;898.92
31.12.2025 01:30:00;31.12.2025 01:45:00;869.94
31.12.2025 01:45:00;31.12.2025 02:00:00;851.25
31.12.2025 02:00:00;31.12.2025 02:15:00;871.72
31.12.2025 02:15:00;31.12.2025 02:30:00;849.36
31.12.2025 02:30:00;31.12.2025 02:45:00;839.78
31.12.2025 02:45:00;31.12.2025 03:00:00;827.6
31.12.2025 03:00:00;31.12.2025 03:15:00;832.33
31.12.2025 03:15:00;31.12.2025 03:30:00;820.62
31.12.2025 03:30:00;31.12.2025 03:45:00;820.15
31.12.2025 03:45:00;31.12.2025 04:00:00;818.96
31.12.2025 04:00:00;31.12.2025 04:15:00;817.43
31.12.2025 04:15:00;31.12.2025 04:30:00;819.08
31.12.2025 04:30:00;31.12.2025 04:45:00;817.66
31.12.2025 04:45:00;31.12.2025 05:00:00;819.56
31.12.2025 05:00:00;31.12.2025 05:15:00;820.38
31.12.2025 05:15:00;31.12.2025 05:30:00;821.33
31.12.2025 05:30:00;31.12.2025 05:45:00;839.55
31.12.2025 05:45:00;31.12.2025 06:00:00;851.25
31.12.2025 06:00:00;31.12.2025 06:15:00;845.46
31.12.2025 06:15:00;31.12.2025 06:30:00;869.71
31.12.2025 06:30:00;31.12.2025 06:45:00;913.47
31.12.2025 06:45:00;31.12.2025 07:00:00;936.18
31.12.2025 07:00:00;31.12.2025 07:15:00;906.02
31.12.2025 07:15:00;31.12.2025 07:30:00;937.6
31.12.2025 07:30:00;31.12.2025 07:45:00;944.81
31.12.2025 07:45:00;31.12.2025 08:00:00;988.69
31.12.2025 08:00:00;31.12.2025 08:15:00;990.71
31.12.2025 08:15:00;31.12.2025 08:30:00;1045.47
31.12.2025 08:30:00;31.12.2025 08:45:00;1064.39
31.12.2025 08:45:00;31.12.2025 09:00:00;1070.43
31.12.2025 09:00:00;31.12.2025 09:15:00;1108.16
31.12.2025 09:15:00;31.12.2025 09:30:00;1086.63
31.12.2025 09:30:00;31.12.2025 09:45:00;1082.14
31.12.2025 09:45:00;31.12.2025 10:00:00;1005.25
31.12.2025 10:00:00;31.12.2025 10:15:00;1108.28
31.12.2025 10:15:00;31.12.2025 10:30:00;1048.54
31.12.2025 10:30:00;31.12.2025 10:45:00;1018.38
31.12.2025 10:45:00;31.12.2025 11:00:00;980.53
31.12.2025 11:00:00;31.12.2025 11:15:00;1031.75
31.12.2025 11:15:00;31.12.2025 11:30:00;1005.61
31.12.2025 11:30:00;31.12.2025 11:45:00;977.1
31.12.2025 11:45:00;31.12.2025 12:00:00;944.58
31.12.2025 12:00:00;31.12.2025 12:15:00;994.14
31.12.2025 12:15:00;31.12.2025 12:30:00;973.56
31.12.2025 12:30:00;31.12.2025 12:45:00;971.43
31.12.2025 12:45:00;31.12.2025 13:00:00;1017.91
31.12.2025 13:00:00;31.12.2025 13:15:00;983.37
31.12.2025 13:15:00;31.12.2025 13:30:00;1018.38
31.12.2025 13:30:00;31.12.2025 13:45:00;1047.83
31.12.2025 13:45:00;31.12.2025 14:00:00;1070.31
31.12.2025 14:00:00;31.12.2025 14:15:00;995.56
31.12.2025 14:15:00;31.12.2025 14:30:00;1014.83
31.12.2025 14:30:00;31.12.2025 14:45:00;1049.61
31.12.2025 14:45:00;31.12.2025 15:00:00;1087.93
31.12.2025 15:00:00;31.12.2025 15:15:00;1025.36
31.12.2025 15:15:00;31.12.2025 15:30:00;1079.89
31.12.2025 15:30:00;31.12.2025 15:45:00;1106.26
31.12.2025 15:45:00;31.12.2025 16:00:00;1161.03
31.12.2025 16:00:00;31.12.2025 16:15:00;1146.24
31.12.2025 16:15:00;31.12.2025 16:30:00;1241.93
31.12.2025 16:30:00;31.12.2025 16:45:00;1215.79
31.12.2025 16:45:00;31.12.2025 17:00:00;1242.05
31.12.2025 17:00:00;31.12.2025 17:15:00;1209.52
31.12.2025 17:15:00;31.12.2025 17:30:00;1208.22
31.12.2025 17:30:00;31.12.2025 17:45:00;1250.68
31.12.2025 17:45:00;31.12.2025 18:00:00;1273.75
31.12.2025 18:00:00;31.12.2025 18:15:00;1284.04
31.12.2025 18:15:00;31.12.2025 18:30:00;1260.86
31.12.2025 18:30:00;31.12.2025 18:45:00;1181.96
31.12.2025 18:45:00;31.12.2025 19:00:00;1099.17
31.12.2025 19:00:00;31.12.2025 19:15:00;1100.47
31.12.2025 19:15:00;31.12.2025 19:30:00;1053.63
31.12.2025 19:30:00;31.12.2025 19:45:00;1056.11
31.12.2025 19:45:00;31.12.2025 20:00:00;984.08
31.12.2025 20:00:00;31.12.2025 20:15:00;941.03
31.12.2025 20:15:00;31.12.2025 20:30:00;935.94
31.12.2025 20:30:00;31.12.2025 20:45:00;918.67
31.12.2025 20:45:00;31.12.2025 21:00:00;887.21
31.12.2025 21:00:00;31.12.2025 21:15:00;887.21
31.12.2025 21:15:00;31.12.2025 21:30:00;864.15
31.12.2025 21:30:00;31.12.2025 21:45:00;836
31.12.2025 21:45:00;31.12.2025 22:00:00;822.51
31.12.2025 22:00:00;31.12.2025 22:15:00;842.74
31.12.2025 22:15:00;31.12.2025 22:30:00;827.24
31.12.2025 22:30:00;31.12.2025 22:45:00;820.27
31.12.2025 22:45:00;31.12.2025 23:00:00;811.63
31.12.2025 23:00:00;31.12.2025 23:15:00;811.16
31.12.2025 23:15:00;31.12.2025 23:30:00;794.72
31.12.2025 23:30:00;31.12.2025 23:45:00;763.49
31.12.2025 23:45:00;01.01.2026 00:00:00;724.46